tree
version=v4
num_class=1
num_tree_per_iteration=1
label_index=0
max_feature_idx=24
objective=quantile
feature_names=pm_hari_ini pm_kemarin pm_tren pm_3h_rerata pm_7h_maks pm_7h_rerata hotspot_5km hotspot_10km hotspot_25km nearest_hotspot_km avg_frp max_frp active_fire_days rainfall temperature humidity wind_speed wind_direction pm_hulu_60km pm_hulu_120km blh_rerata blh_min doy_sin doy_cos oni
feature_infos=[0.56000000000000005:1069.3900000000001] [0.5:1069.3900000000001] [-630.92000000000007:599.44000000000005] [0.91999999999999993:836.24000000000012] [2.5499999999999998:1069.3900000000001] [1.8342857142857143:555.27428571428572] [0:91] [0:165] [0:632] [0.10893112421035767:1139.3516845703125] [0:266.80999755859375] [0:954.78997802734375] [0:7] [0:182.30000000000001] [17.899999999999999:37.899999999999999] [23:99] [2.3999999999999999:28.100000000000001] [0:360] [0.5:828.25] [0.5:1069.3900000000001] [17.899999999999999:1061] [10:805] [-0.9999994220246925:0.99998555065071859] [-0.99997919295908233:0.9999907524084426] [-0.96999999999999997:2.0600000000000001]
tree_sizes=2779 2909 2922 2966 2916 2982 2939 2928 2958 2960 2966 2946 2981 2929 2968 2982 2997 2997 2965 2951 3001 2993 3031 3021 2986 3027 2975 3028 3031 3025 3075 3061 3026 3047 3037 3039 3011 3067 3015 3067 3066 3045 3061 3057 3072 3046 3065 3059 3044 3038 3050 3044 3077 3003 3088 3052 3099 3057 3097 3060 3075 3102 3073 3042 3062 3037 3055 3087 3067 3104 3069 3091 3041 3061 3031 3079 3006 3076 3047 3051 3048 3084 3036 3057 3029 3084 3053 3010 3087 3035 3038 3039 3092 3081 3003 3100 3024 3060 3051 2988 3027 3038 3062 3007 3085 3017 3040 3040 3027 3022 3048 2966 3012 3020 3014 2950 3021 3065 3107 3035 3048 2982 3104 3051 3059 3037 3034 3075 3012 3003 3062 3024 3012 3026 3043 3021 2987 2978 2971 2999 3037 2971 3043 2992 3049 3072 2933 3024 2965 2999 3004 2977 2998 2969 2974 2965 3016 2972 3008 2938 3023 3015 2993 2997 2957 2958 2990 3044 2948 2995 3050 3019 2996 3025 3000 3002 3000 3048 2913 3002 2895 3007 3032 2999 2930 2962 2973 3012 2947 2972 2892 2957 3012 2988 2994 2964 2986 2994 3022 3045 2946 3040 3051 3019 3024 3030 2954 2931 2988 2943 2941 2965 2989 2957 2937 2997 2946 2937 2964 2947 2993 2964 2974 2903 3039 2966 2960 2956 3018 3030 3024 3007 2997 2930 3016 2957 2974 2971 2917 2990 3002 2973 2941 3008 2966 2949 2976 2985 2980 3019 2987 3033 2978 3016 2961 3010 2970 2957 2975 2903 2926 3008 2962 2941 2944 2955 2947 2955 2938 2939 3006 2988 2965 2929 2970 2958 2934 2999 3016 3062 2932 2974 3017 2993 2984 2981 2960 3040 3006 2999 3037 2967 2895 2998 2925 2919 3024 2999 3003 3002

Tree=0
num_leaves=31
num_cat=0
split_feature=3 5 3 24 13 5 8 5 5 13 22 24 15 0 0 24 9 22 0 0 24 0 0 24 5 22 0 0 20 22
split_gain=8014.54 874.418 792.788 214.451 165.153 158.218 118.768 90.8316 90.2441 62.5695 68.9575 55.527 54.8793 46.7418 33.4232 33.2734 31.4083 31.0521 28.8258 25.5487 25.3649 24.1458 23.1245 22.28 24.8948 22.251 21.7933 21.2438 19.8101 17.7871
threshold=16.10166666666667 22.296428571428578 11.538333333333336 -0.43999999999999995 0.8500000000000002 13.61214285714286 2.5000000000000004 18.039285714285718 9.4335714285714296 2.2500000000000004 -0.49064630004295678 0.89500000000000013 57.500000000000007 14.735000000000001 15.035000000000002 inf 86.399047851562514 -0.29343379936893921 22.805000000000003 18.035000000000004 1.3150000000000002 20.335000000000004 13.225000000000003 1.1900000000000002 13.907857142857146 -0.50556189049999822 15.365 14.445000000000002 411.35000000000008 -0.99940763397299126
decision_type=2 2 2 10 2 2 2 2 2 2 2 8 2 2 2 8 2 2 2 2 8 2 2 8 2 2 2 2 10 2
left_child=2 4 8 16 11 6 12 15 -1 18 27 21 14 -7 -4 19 -3 23 -5 -6 -15 -2 -8 -10 -25 -16 -9 -11 -21 -29
right_child=1 3 5 9 7 13 22 26 17 10 -12 -13 -14 20 25 -17 -18 -19 -20 28 -22 -23 -24 24 -26 -27 -28 29 -30 -31
leaf_value=2.8511526584625244 2.8882124039301629 2.9776404883862826 2.8740233898162844 2.9217529968447709 2.8789397064389561 2.8789867520332337 2.8854807900998551 2.8876581338494516 2.8658638358116151 2.8899849879081785 2.9114234330538977 2.9125196255643799 2.8688878774642945 2.8813960194587707 2.8923106569828532 2.9255938475667778 2.9324301824138161 2.8619227886199949 2.9336029373765653 2.8842794379989329 2.8986496967468272 2.9020679065645965 2.9019448038710975 2.8717937231063844 2.8873667450789471 2.8786802150985751 2.8954446498669895 2.9186214231240628 2.8979146750946372 2.910315215587616
leaf_weight=178810 1451 5421 3697 771 3331 7775 626 902 14062 305 1229 2389 19825 3175 798 188 851 23992 1949 2470 1273 1263 906 4561 830 961 3604 128 683 2042
leaf_count=178810 1451 5421 3697 771 3331 7775 626 902 14062 305 1229 2389 19825 3175 798 188 851 23992 1949 2470 1273 1263 906 4561 830 961 3604 128 683 2042
internal_value=2.8696 2.89455 2.86683 2.90438 2.88688 2.8734 2.87125 2.88347 2.86568 2.89796 2.89373 2.89433 2.87043 2.87812 2.87488 2.87977 2.91096 2.86772 2.90372 2.87917 2.88221 2.88944 2.88477 2.86921 2.87194 2.88055 2.88896 2.88893 2.88239 2.89066
internal_weight=290268 28977 261291 12696 16281 39036 26813 11178 222255 6424 3704 5103 25281 12223 5456 6672 6272 43445 2720 6484 4448 2714 1532 19453 5391 1759 4506 2475 3153 2170
internal_count=290268 28977 261291 12696 16281 39036 26813 11178 222255 6424 3704 5103 25281 12223 5456 6672 6272 43445 2720 6484 4448 2714 1532 19453 5391 1759 4506 2475 3153 2170
is_linear=0
shrinkage=1


Tree=1
num_leaves=31
num_cat=0
split_feature=3 3 3 24 5 13 5 8 5 13 15 22 24 0 0 24 5 20 0 24 24 0 5 22 5 9 22 0 24 22
split_gain=7270.16 874.299 726.11 217.192 141.965 119.161 114.653 106.618 80.3036 69.7166 49.8986 45.2111 40.9672 37.5872 36.4759 34.871 32.5579 29.8243 27.7937 27.4888 25.1927 23.8113 23.0273 22.865 21.8769 21.849 21.7775 19.4753 18.4879 18.4555
threshold=16.10166666666667 24.52833333333334 11.391666666666667 inf 13.762142857142861 0.35000000000000003 18.039285714285718 2.5000000000000004 8.8692857142857182 3.3500000000000001 56.500000000000007 -0.77245553105869302 inf 14.735000000000001 15.365 0.89500000000000013 11.932142857142859 422.2000000000001 15.035000000000002 inf -0.49499999999999994 14.445000000000002 24.625000000000004 -0.861146256326485 15.610714285714289 80.701728820800795 -0.52032787705993211 13.675000000000002 1.3150000000000002 -0.96689237009891416
decision_type=2 2 2 8 2 2 2 2 2 2 2 2 8 2 2 8 2 10 2 8 10 2 2 2 2 2 2 2 8 2
left_child=2 5 8 9 7 15 12 10 -1 -3 18 29 17 -6 -8 -2 23 24 -4 -18 -16 -9 -13 -10 -7 -5 -20 -12 -15 -11
right_child=1 3 4 25 13 6 14 21 16 11 27 22 -14 28 20 -17 19 -19 26 -21 -22 -23 -24 -25 -26 -27 -28 -29 -30 -31
leaf_value=-0.01881481409072876 0.02472378394587273 0.05589604595230413 0.0044687191994711344 0.10493286113791896 0.0092902582883834794 0.008228833390922766 0.021500113912620484 0.016594591784654635 -0.00062087645750950058 0.038661528994832509 -0.002644025087356572 0.024200890670962785 0.040965775794188988 0.011316241621971136 0.03587964751563049 0.042198553764110906 0.0010212772462744324 0.022690380856160645 0.021689928417539986 0.05698044111496841 0.025638112327784179 0.034995253857213561 0.043076490509768632 -0.0083958879907499537 0.014051962129559774 0.083203002914062268 0.0086550702765944686 0.003035224676132198 0.027387203495265446 0.035805235014790916
leaf_weight=162544 1803 3252 3481 4847 7440 2847 1391 1013 7789 707 14531 426 293 2971 1092 1663 7126 1494 720 120 3706 673 1209 42466 2958 362 878 8315 1224 927
leaf_count=162544 1803 3252 3481 4847 7440 2847 1391 1013 7789 707 14531 426 293 2971 1092 1663 7126 1494 720 120 3706 673 1209 42466 2958 362 878 8315 1224 927
internal_value=-0.000111415 0.0236503 -0.00274657 0.0341816 0.00334141 0.0164878 0.0144035 0.00150265 -0.00388773 0.0281008 0.000765442 0.0229443 0.0102858 0.00802106 0.0194547 0.024775 -0.00228179 0.00954994 0.00524808 0.000851503 0.0215215 0.0137129 0.0288226 -0.00273356 0.00792851 0.041794 0.0107071 -0.000231114 0.0118057 0.0170624
internal_weight=290268 28977 261291 11730 41246 17247 13781 29611 220045 6521 27925 3269 7592 11635 6189 3466 57501 7299 5079 7246 4798 1686 1635 50255 5805 5209 1598 22846 4195 1634
internal_count=290268 28977 261291 11730 41246 17247 13781 29611 220045 6521 27925 3269 7592 11635 6189 3466 57501 7299 5079 7246 4798 1686 1635 50255 5805 5209 1598 22846 4195 1634
is_linear=0
shrinkage=0.05


Tree=2
num_leaves=31
num_cat=0
split_feature=3 0 3 24 4 8 0 4 4 24 0 20 24 0 20 24 8 4 0 22 24 22 22 22 4 15 3 20 15 14
split_gain=6590.14 824.436 710.715 201.791 118.773 113.171 112.161 87.8857 65.8736 53.4522 42.6994 39.1189 38.2882 37.6523 30.8081 31.8767 29.9914 26.8803 26.3209 25.4936 25.4139 24.8159 24.6482 21.5477 20.6315 20.281 19.8059 19.0883 18.0281 17.4294
threshold=16.35166666666667 26.895000000000003 12.101666666666668 inf 12.725000000000003 1.5000000000000002 18.035000000000004 17.505000000000006 30.225000000000005 inf 10.305000000000001 573.90000000000009 inf 13.225000000000003 550.10000000000014 inf 1.5000000000000002 22.255000000000006 14.585000000000003 -0.065535378769913874 1.9550000000000003 -0.83377653105606597 -0.90163369914317015 -0.96689237009891416 32.875000000000007 50.500000000000007 8.1383333333333372 417.60000000000008 56.500000000000007 29.050000000000004
decision_type=2 2 2 8 2 2 2 2 2 8 2 10 8 2 10 8 2 2 2 2 10 2 2 2 2 2 2 10 2 2
left_child=2 6 4 11 26 7 14 28 12 10 -6 20 16 -9 15 -2 -8 27 -7 -12 22 25 23 -3 -24 -10 -1 -15 -4 -5
right_child=1 3 5 29 9 18 8 13 21 -11 19 -13 -14 17 -16 -17 -18 -19 -20 -21 -22 -23 24 -25 -26 -27 -28 -29 -30 -31
leaf_value=-0.020509671568870538 0.015748395736286749 0.039758104400191334 0.0063256862010778962 0.086007312424268567 -0.007819767369621972 0.016805146466725707 0.018074636022185064 0.005452683147435051 0.049730363533860018 0.027384200330891086 0.0032953583343481967 0.069593167695677222 0.037257529050455873 0.0071120308935642253 0.03237349810601918 0.039799319597195251 0.034040926678638408 0.01949198806152861 0.032206235150809649 -0.0035847538709640418 0.0097536012468906266 0.043288491413111793 0.029232281901125031 0.040596377190623083 0.044932406330538584 0.033375238885436954 -0.010022448897361747 0.016189861635458651 -0.00028793877363204602 0.10145352757642075
leaf_weight=127127 6396 1095 2823 340 35717 1768 5435 5928 277 500 10461 836 598 4707 733 330 1195 1876 1549 10075 130 1717 784 516 2014 960 46083 1298 12458 4542
leaf_count=127127 6396 1095 2823 340 35717 1768 5435 5928 277 500 10461 836 598 4707 733 330 1195 1876 1549 10075 130 1717 784 516 2014 960 46083 1298 12458 4542
internal_value=-0.000227515 0.0228765 -0.00268419 0.0341489 -0.00366109 0.004248 0.0163225 0.00325026 0.0197348 -0.00167595 -0.00182062 0.0274651 0.0171638 0.00614128 0.0116644 0.0106036 0.0160709 0.00840566 0.0129982 -3.89679e-06 0.0256345 0.0260257 0.0262769 0.0213501 0.0291137 0.0206265 -0.00431153 0.00677352 0.000637719 0.0415076
internal_weight=290268 27898 262370 10257 229963 32407 17641 29090 10182 56753 56253 5375 7228 13809 7459 6726 6630 7881 3317 20536 4539 2954 4409 1611 2798 1237 173210 6005 15281 4882
internal_count=290268 27898 262370 10257 229963 32407 17641 29090 10182 56753 56253 5375 7228 13809 7459 6726 6630 7881 3317 20536 4539 2954 4409 1611 2798 1237 173210 6005 15281 4882
is_linear=0
shrinkage=0.05


Tree=3
num_leaves=31
num_cat=0
split_feature=3 5 3 24 13 4 5 5 13 24 8 0 24 9 5 13 24 4 5 11 13 3 0 8 2 11 24 24 0 8
split_gain=6009.51 838.161 651.313 165.734 135.104 129.289 86.612 82.7646 72.1646 60.5623 50.8775 47.4697 45.6144 45.2377 33.2371 30.9536 33.313 32.4152 29.4883 26.6031 25.5986 25.2457 25.0332 22.5407 21.3715 20.1084 18.9307 18.7702 16.1342 15.8816
threshold=16.35166666666667 26.162857142857149 11.391666666666667 2.0250000000000004 0.8500000000000002 16.965000000000003 18.039285714285718 8.8692857142857182 0.35000000000000003 1.0350000000000004 2.5000000000000004 19.425000000000004 inf 74.368156433105483 15.365000000000004 1.9500000000000002 1.3150000000000002 59.185000000000009 11.932142857142859 4.4849998950958261 0.25000000000000006 21.558333333333341 13.785000000000002 3.5000000000000004 -1.7599999999999991 3.3549998998641972 1.3150000000000002 -0.29499999999999993 9.2250000000000032 7.5000000000000009
decision_type=2 2 2 8 2 2 2 2 2 8 2 2 8 2 2 2 10 2 2 2 2 2 2 2 2 2 8 10 2 2
left_child=2 4 7 11 9 10 24 28 19 23 20 -3 14 -5 29 -13 17 -17 25 -7 -4 -11 -8 -2 -6 -9 -20 -24 -1 -10
right_child=1 3 5 13 6 8 22 18 12 21 -12 15 -14 -15 -16 16 -18 -19 26 -21 -22 -23 27 -25 -26 -27 -28 -29 -30 -31
leaf_value=-0.018998541265726088 0.018721448368617652 0.037163920371855612 0.0067116026038853589 0.096904489322002907 0.0077792186293645267 0.016593991174316172 0.013294889546101363 -0.0073137731773778251 0.0041875628384353296 0.032473601980596824 0.018759927001992874 0.059583493370780428 0.040487690175836442 0.076533191420494376 0.01137696797578912 0.039374040755204336 0.04252976017885822 0.037710653118717442 -0.0014120952003807688 0.033353935532763855 -0.0016371292144060192 0.04374590810765671 0.026871309440810356 0.043104990443982333 0.015188544159235377 0.0034678592528567631 0.009141133612355223 0.021653767125383149 -0.0087715834677219336 0.035332520546880929
leaf_weight=139727 2352 816 2750 4496 2389 2014 687 47324 11608 1621 1275 1566 422 420 4996 1141 994 213 5315 835 18272 1305 2093 461 3637 2931 1931 3707 22817 153
leaf_count=139727 2352 816 2750 4496 2389 2014 687 47324 11608 1621 1275 1566 422 420 4996 1141 994 213 5315 835 18272 1305 2093 461 3637 2931 1931 3707 22817 153
internal_value=-0.000315365 0.0217474 -0.00266132 0.0336689 0.0154471 0.0030189 0.0125338 -0.00375389 0.00593469 0.0217991 0.000399828 0.0269873 0.00471244 0.0400976 0.00430357 0.0292744 0.0256431 0.0307459 -0.00212353 0.0133047 -0.000188375 0.0268353 0.0165431 0.0165606 0.00821772 -0.00255348 0.000858403 0.0176121 -0.00433064 0.00285222
internal_weight=290268 27898 262370 9646 18252 42325 12513 220045 20028 5739 22297 4730 17179 4916 16757 3914 2348 1354 57501 2849 21022 2926 6487 2813 6026 50255 7246 5800 162544 11761
internal_count=290268 27898 262370 9646 18252 42325 12513 220045 20028 5739 22297 4730 17179 4916 16757 3914 2348 1354 57501 2849 21022 2926 6487 2813 6026 50255 7246 5800 162544 11761
is_linear=0
shrinkage=0.05


Tree=4
num_leaves=31
num_cat=0
split_feature=3 3 24 5 5 4 0 13 0 13 9 22 13 22 5 0 11 0 22 13 5 9 0 24 24 24 8 9 5 24
split_gain=5448.29 841.892 623.757 167.566 128.466 116.645 85.0489 63.7692 56.8087 55.6038 53.1336 53.0468 36.1446 41.6717 34.3624 33.2494 32.5254 31.9253 29.4768 23.4987 22.1697 21.6419 21.3882 19.8957 18.9732 18.7286 17.6991 17.5812 17.2357 16.5363
threshold=17.891666666666669 12.275 inf 21.38571428571429 9.677857142857146 19.215000000000003 44.530000000000008 0.45000000000000007 20.825000000000003 0.35000000000000003 34.920574188232429 -0.8781231054254196 1.2500000000000002 -0.76141707087277943 12.272142857142859 10.775 4.4849998950958261 14.735000000000001 -0.96689237009891416 3.4500000000000006 17.63928571428572 53.555021286010749 13.455000000000002 inf -0.22499999999999995 1.3150000000000002 2.5000000000000004 81.83835601806642 18.039285714285718 1.4950000000000003
decision_type=2 2 8 2 2 2 2 2 2 2 2 2 2 2 2 2 2 2 2 2 2 2 2 8 10 8 2 2 2 8
left_child=1 4 3 10 15 7 11 16 -5 -7 19 -4 -10 18 21 -1 29 -11 -14 -2 -19 -6 -9 -16 -20 -24 -26 -8 -12 -3
right_child=2 5 6 8 14 9 27 22 12 17 28 -13 13 -15 23 -17 -18 20 24 -21 -22 -23 25 -25 26 -27 -28 -29 -30 -31
leaf_value=-0.016016913233697406 0.032774692274120477 0.0051716376960183087 0.031052074425286166 0.028944831264358224 0.00059426629309644629 0.026436315255599314 0.10009888124328137 -0.00098762869782961305 0.051574847738426272 0.0075502359142546605 0.011846788431672297 0.053908959186162647 0.038193518041526334 0.035837613929412621 0.0026711782903885541 -0.0042182083009219993 0.023488544435097788 0.011934132128486994 0.035241622151707321 0.018980062419555233 0.019750015865456383 -0.0057877135709013382 0.0026825870616733918 0.042896107222611238 0.0063409468561537487 0.011841413561850778 0.075839279997917231 0.079474574743573057 0.016943491874708273 0.017937743423988458
leaf_weight=171862 2292 2656 625 2036 9362 2027 3132 8182 1974 5756 2732 2260 840 2066 8745 14468 1076 4016 260 921 1409 27496 7749 186 536 2107 131 215 2515 636
leaf_count=171862 2292 2656 625 2036 9362 2027 3132 8182 1974 5756 2732 2260 840 2066 8745 14468 1076 4016 260 921 1409 27496 7749 186 536 2107 131 215 2515 636
internal_value=-0.000402009 -0.00238938 0.0232095 0.0180663 -0.00348763 0.00476863 0.036664 0.00257163 0.023331 0.00849561 0.0131856 0.0303726 0.0258507 0.0230198 -0.00111479 -0.00407074 0.00799221 0.0071143 0.0173826 0.0182493 0.00986636 -0.00178903 0.00125901 0.00166779 0.0112352 0.00282772 0.00676911 0.0420869 0.0100848 0.00552552
internal_weight=290268 267733 22535 16303 232119 35614 6232 22406 7843 13208 8460 2885 5807 3833 45789 186330 4368 11181 1767 3213 5425 36858 18038 8931 927 9856 667 3347 5247 3292
internal_count=290268 267733 22535 16303 232119 35614 6232 22406 7843 13208 8460 2885 5807 3833 45789 186330 4368 11181 1767 3213 5425 36858 18038 8931 927 9856 667 3347 5247 3292
is_linear=0
shrinkage=0.05


Tree=5
num_leaves=31
num_cat=0
split_feature=3 5 5 0 0 13 13 9 0 22 4 5 0 5 5 8 22 22 22 5 17 22 17 23 0 22 13 13 22 9
split_gain=4943.39 817.734 545.781 153.247 129.686 121.88 79.7758 64.0955 56.9655 51.8347 51.1633 45.2567 42.1601 41.6504 41.0256 27.7196 24.9467 23.3845 23.2526 22.7331 21.2674 21.2217 20.0888 19.1212 20.4607 19.0843 18.546 18.1259 16.8481 16.8016
threshold=18.265000000000004 12.012142857142861 28.063571428571432 11.665000000000001 14.735000000000001 3.3500000000000001 1.1500000000000001 45.405416488647468 30.275000000000002 -0.92923668111203805 20.275000000000002 8.016428571428575 24.485000000000003 20.605000000000008 14.955000000000002 3.5000000000000004 -0.108376950152639 -0.72696319516528884 -0.99866806308218525 52.487142857142864 145.50000000000003 -0.861146256326485 136.50000000000003 -0.091258822863740666 16.305000000000003 -0.96689237009891416 1.0500000000000003 1.0000000180025095e-35 -0.23537230790205757 38.461023330688484
decision_type=2 2 2 2 2 2 2 2 2 2 2 2 2 2 2 2 2 2 2 2 2 2 2 2 2 2 2 2 2 2
left_child=1 3 6 11 14 8 12 16 -4 25 15 -1 28 -8 -3 -6 23 18 -15 -10 -12 29 -16 24 -5 -7 -22 -24 -2 -13
right_child=2 4 5 7 10 9 13 -9 19 -11 20 21 -14 17 22 -17 -18 -19 -20 -21 26 -23 27 -25 -26 -27 -28 -29 -30 -31
leaf_value=-0.01790410627879202 0.028623877667534377 0.0019215162531423199 0.047059795988569811 0.013377067147485926 0.0071154096590254762 0.035832021720221728 0.015703386685816445 -0.0023187283663873588 0.06305057724449474 0.057660410815621059 0.013947911613611495 0.0074498973023901906 0.040341202870145573 0.029891748335015844 0.0037802954017084759 0.02619951394776715 0.00012017189051030142 0.02686102605556618 0.020549346321669271 0.098083140605673608 0.027144246822850444 -0.0084567287030535843 0.028412034973642721 0.0024309044859968567 0.027974075228876783 0.033953893357742765 0.017480687789739883 0.012027449445318437 0.012883382899130805 -0.0047897901080389887
leaf_weight=131215 2105 17671 1052 2368 7230 427 4478 18309 2083 2057 2175 2336 2107 223 2840 538 1775 1905 1501 2446 1088 64669 264 1048 423 439 2184 3762 608 8942
leaf_count=131215 2105 17671 1052 2368 7230 427 4478 18309 2083 2057 2175 2336 2107 223 2840 538 1775 1905 1501 2446 1088 64669 264 1048 423 439 2184 3762 608 8942
internal_value=-0.000477457 -0.00231975 0.0226329 -0.00343434 0.00450281 0.0324706 0.0161611 0.000354678 0.0368025 0.0241995 0.00849603 -0.0038719 0.0212552 0.0131325 0.00235216 0.00589083 0.0050285 0.0171135 0.0128944 0.0392371 0.0122113 -0.00290051 0.0056321 0.00729487 0.00945718 0.0139376 0.0147586 0.00790363 0.0171342 -0.000899097
internal_weight=290268 268837 21431 231085 37752 8504 12927 23923 5581 2923 13215 207162 4820 8107 24537 7768 5614 3629 1724 4529 5447 75947 6866 3839 2791 866 3272 4026 2713 11278
internal_count=290268 268837 21431 231085 37752 8504 12927 23923 5581 2923 13215 207162 4820 8107 24537 7768 5614 3629 1724 4529 5447 75947 6866 3839 2791 866 3272 4026 2713 11278
is_linear=0
shrinkage=0.05


Tree=6
num_leaves=31
num_cat=0
split_feature=0 5 5 0 24 5 4 0 23 9 5 13 8 9 17 17 24 13 0 13 13 8 8 0 5 23 9 24 13 24
split_gain=4481.74 698.806 697.757 140.048 131.272 94.5308 89.6788 63.4872 58.7987 55.9703 49.2387 48.3877 36.4812 35.2248 34.169 30.014 26.7144 25.0199 21.8102 21.764 21.6283 20.8303 19.8236 17.9801 18.8078 17.2862 16.8103 15.8095 15.2711 18.8257
threshold=18.035000000000004 12.464285714285717 26.162857142857149 11.455000000000002 2.0250000000000004 15.843571428571432 24.635000000000002 52.645000000000003 -0.48313741114591585 49.988454818725593 7.889285714285716 1.0500000000000003 3.5000000000000004 46.329690933227546 136.50000000000003 122.50000000000001 1.8150000000000002 0.35000000000000003 11.525 0.35000000000000003 1.0000000180025095e-35 3.5000000000000004 6.5000000000000009 10.715000000000002 18.457142857142859 -0.77243990499604276 70.03787994384767 inf 9.6500000000000004 1.3150000000000002
decision_type=2 2 2 2 8 2 2 2 2 2 2 2 2 2 2 2 8 2 2 2 2 2 2 2 2 2 2 8 2 10
left_child=1 3 6 10 15 12 13 8 -6 17 -1 16 18 19 -7 -4 22 -5 -3 -2 -16 -12 -8 -22 -25 -18 -9 -15 -17 -30
right_child=2 5 4 9 7 14 11 26 -10 -11 21 -13 -14 27 20 28 25 -19 -20 -21 23 -23 -24 24 -26 -27 -28 -29 29 -31
leaf_value=-0.017373459661599224 0.028674090354604571 -9.9464520464441556e-06 0.034248528488232968 0.013786168673071053 0.060305986734826948 0.0093338839916420595 0.024663951253526589 0.093511522614084158 0.02938830408894294 -0.0027865468026535625 -0.0075562480628792832 0.022017976778208173 0.019998610695291005 0.0089765589758083516 0.030976306343909001 0.04597683549541981 0.045703882390490419 0.0030586565668782005 0.0049536165755666595 0.016718509615844902 0.0097140538796081193 0.0088744897317156075 0.055633371553383652 0.011502112652262491 0.022583480139161047 0.029019241436445204 0.074484002197175922 0.025135001920610744 0.031963584690518514 0.022111290926655675
leaf_weight=126470 1126 7250 1148 2301 1375 4346 1647 2659 556 20557 79557 4607 1027 3793 524 2234 377 5118 12743 2074 1167 1282 356 2366 2108 486 211 95 459 249
leaf_count=126470 1126 7250 1148 2301 1375 4346 1647 2659 556 20557 79557 4607 1027 3793 524 2234 377 5118 12743 2074 1167 1282 356 2366 2108 486 211 95 459 249
internal_value=-0.000557383 -0.00239933 0.0203987 -0.00333606 0.0314357 0.00459056 0.0136594 0.0370433 0.0300337 -1.53715e-05 -0.00378418 0.0174809 0.00265461 0.00963036 0.00846209 0.0248533 0.022582 0.00370737 0.00218251 0.0135156 0.0108556 -0.00282036 0.0194134 0.00995302 0.0113947 0.0299363 0.0417596 0.00643261 0.0275289 0.0211299
internal_weight=290268 266816 23452 235285 8891 31531 14561 4801 1931 27976 207309 7473 21020 7088 10511 4090 2866 7419 19993 3200 6165 80839 2003 5641 4474 863 2870 3888 2942 708
internal_count=290268 266816 23452 235285 8891 31531 14561 4801 1931 27976 207309 7473 21020 7088 10511 4090 2866 7419 19993 3200 6165 80839 2003 5641 4474 863 2870 3888 2942 708
is_linear=0
shrinkage=0.05


Tree=7
num_leaves=31
num_cat=0
split_feature=3 3 24 0 5 3 4 13 23 8 0 13 4 24 13 14 0 24 23 24 23 4 5 3 8 23 13 9 4 5
split_gain=4059.31 683.442 573.04 131.347 130.93 113.082 95.6085 57.6897 52.5657 48.207 38.9314 37.8062 37.357 32.0629 28.1013 31.6707 24.6853 24.4189 24.1882 23.941 22.4623 22.4464 21.2919 20.8803 20.8202 20.2001 19.4188 18.4903 18.3218 18.0628
threshold=18.265000000000004 12.101666666666668 inf 52.645000000000003 24.625000000000004 8.9116666666666706 20.275000000000002 0.45000000000000007 -0.48313741114591585 6.5000000000000009 18.035000000000004 0.25000000000000006 14.025 inf 4.7500000000000009 29.750000000000004 14.735000000000001 1.4950000000000003 0.48877522411129348 1.4950000000000003 0.39629089145655322 16.965000000000003 42.062857142857148 6.7516666666666678 2.5000000000000004 -0.42179730054635828 0.75000000000000011 38.461023330688484 59.185000000000009 19.955000000000005
decision_type=2 2 8 2 2 2 2 2 2 2 2 2 2 8 2 2 2 8 2 8 2 2 2 2 2 2 2 2 2 2
left_child=1 5 4 8 9 13 7 19 -4 29 -6 -8 26 23 -12 28 -13 -14 20 24 -19 -9 -10 -1 -3 -24 -7 -5 -16 -2
right_child=2 6 3 27 10 12 11 21 22 -11 14 16 17 -15 15 -17 -18 18 -20 -21 -22 -23 25 -25 -26 -27 -28 -29 -30 -31
leaf_value=-0.01865811175939085 0.014153197051550548 0.0055565747646381418 0.050492954319108656 0.090960274771828886 0.028861003526239295 -0.00033646177962049823 0.025205548406657386 -0.00062574139633484339 0.0091292464976372532 0.042281828931745327 0.042466436091131737 0.0071084588653654336 -0.0012100684771997328 0.02105309354668148 0.031647431364809527 0.028141874861977324 0.014208420290486246 0.010583740011586851 -0.0048015012032047227 0.020302870172564505 0.02574882693491436 0.0042219483278556147 0.010186556503730605 -0.010316884507298353 0.024698245312804692 0.056877272010513513 -0.0075999877384559465 0.069526361664529898 0.019182217990313361 0.018680747955057309
leaf_weight=90786 5577 3550 2559 2336 723 7905 1433 11701 368 741 2613 4906 20397 205 716 1235 4739 2004 1140 1248 154 10713 123 73694 584 232 33678 549 132 3527
leaf_count=90786 5577 3550 2559 2336 723 7905 1433 11701 368 741 2613 4906 20397 205 716 1235 4739 2004 1140 1248 154 10713 123 73694 584 232 33678 549 132 3527
internal_value=-0.00062594 -0.00229539 0.0203161 0.033179 0.0151192 -0.00333191 0.00383624 0.00227083 0.0263376 0.0116836 0.021361 0.00776404 -0.00157082 -0.00402997 0.0230238 0.0186918 0.00663815 1.37148e-05 0.00400546 0.00691936 0.0071177 0.00115463 0.0144329 -0.0040546 0.00508708 0.023169 -0.00247373 0.0409619 0.0261321 0.0106854
internal_weight=290268 268837 21431 6167 15264 229963 38874 27796 3282 9845 5419 11078 65278 164685 4696 2083 9645 23695 3298 5382 2158 22414 723 164480 4134 355 41583 2885 848 9104
internal_count=290268 268837 21431 6167 15264 229963 38874 27796 3282 9845 5419 11078 65278 164685 4696 2083 9645 23695 3298 5382 2158 22414 723 164480 4134 355 41583 2885 848 9104
is_linear=0
shrinkage=0.05


Tree=8
num_leaves=31
num_cat=0
split_feature=0 24 4 4 0 0 0 24 22 22 22 20 22 9 23 4 24 9 8 4 20 22 4 23 4 9 22 24 0 4
split_gain=3690.32 626.724 531.14 172.539 143.6 125.382 106.63 55.9852 54.2344 41.609 40.1098 39.4335 42.8237 37.2901 34.5054 26.6055 26.3356 24.1835 21.8006 21.1016 20.936 20.3263 20.2901 20.0127 18.2316 18.0872 17.8385 27.2997 17.6852 17.457
threshold=18.035000000000004 inf 16.085000000000004 32.875000000000007 52.645000000000003 11.665000000000001 9.3150000000000031 1.3150000000000002 -0.8781231054254196 -0.861146256326485 -0.9905448150984083 573.90000000000009 -0.49064630004295678 38.461023330688484 -0.45273527932988084 24.635000000000002 inf 52.620088577270515 18.500000000000004 10.335000000000003 499.7000000000001 -0.26866367175705824 12.905000000000003 0.38043945030393422 22.255000000000006 37.542234420776374 -0.99940763397299126 -0.27499999999999997 25.575000000000003 24.635000000000002
decision_type=2 8 2 2 2 2 2 8 2 2 2 10 2 2 2 2 8 2 2 2 10 2 2 2 2 2 2 10 2 2
left_child=2 3 6 13 8 16 19 15 -3 17 -9 12 18 20 21 -7 24 -8 26 -1 -2 -12 -11 -17 -4 -6 -5 -28 -10 -15
right_child=1 4 5 11 25 7 9 10 28 22 14 -13 -14 29 -16 23 -18 -19 -20 -21 -22 -23 -24 -25 -26 -27 27 -29 -30 -31
leaf_value=-0.016757139035948533 0.017802209746971279 0.022427687735877954 -0.0026945228616903488 0.033121977547015118 0.086518144382762466 0.0042157706668743107 0.0095169450479735112 0.032929865574507562 0.037385026546650817 -0.0070995239549247252 0.023397909145417624 0.053039066556707516 0.031879855443792245 0.0083196722093852211 0.0069949142334313659 0.0091881967103176598 0.03572778576294932 -0.0013990940955051125 0.063414579097501644 -0.0090907642453913647 0.030042764516268691 0.0069384282337294828 -0.0019078207437828107 0.016738628385648973 0.0054090294952263487 0.065787704328329241 0.027460800697177809 0.023114652497005977 0.052937805936670461 0.014896066735187655
leaf_weight=105551 3226 664 14537 233 2318 14244 3653 637 938 27686 2341 975 1829 4200 2706 1791 272 5689 171 57666 1135 832 23676 928 4607 567 715 2184 1709 2588
leaf_count=105551 3226 664 14537 233 2318 14244 3653 637 938 27686 2341 975 1829 4200 2706 1791 272 5689 171 57666 1135 832 23676 928 4607 567 715 2184 1709 2588
internal_value=-0.000681061 0.0183349 -0.00235248 0.0134371 0.0319755 0.00274449 -0.00332888 0.00520273 0.0248701 -0.00153977 0.00914211 0.0201924 0.0184412 0.00973675 0.00785082 0.0036895 -0.000228164 0.00152965 0.0150424 -0.00399428 0.0133444 0.0113883 -0.00209805 0.00822177 -0.000447661 0.04013 0.0140932 0.0130235 0.0280752 0.00741897
internal_weight=290268 23452 266816 17256 6196 42895 223921 23479 3311 60704 6516 6107 5132 11149 5879 16963 19416 9342 3303 163217 4361 3173 51362 2719 19144 2885 3132 2899 2647 6788
internal_count=290268 23452 266816 17256 6196 42895 223921 23479 3311 60704 6516 6107 5132 11149 5879 16963 19416 9342 3303 163217 4361 3173 51362 2719 19144 2885 3132 2899 2647 6788
is_linear=0
shrinkage=0.05


Tree=9
num_leaves=31
num_cat=0
split_feature=0 24 0 4 0 4 4 22 4 4 8 20 22 8 20 22 4 4 0 22 22 22 22 17 9 8 22 24 0 24
split_gain=3334.41 599.48 488.431 155.397 151.331 126.964 91.8577 46.5903 41.5936 40.9754 37.3813 36.4 36.0261 30.5105 28.6993 23.4836 22.6625 20.7977 20.7443 19.5161 25.6215 27.3061 34.2044 18.5819 18.5221 18.4353 19.7026 23.8097 15.7595 15.179
threshold=18.035000000000004 inf 11.665000000000001 32.875000000000007 52.645000000000003 16.965000000000003 11.535000000000002 -0.86976336936302323 24.635000000000002 22.255000000000006 2.5000000000000004 573.90000000000009 -0.49064630004295678 3.5000000000000004 431.60000000000008 -0.86976336936302323 22.985000000000003 69.360000000000014 8.0850000000000026 -0.63921128368950708 -0.8041866928211282 -0.73866753694953124 -0.67803021058859214 136.50000000000003 39.290842056274421 19.500000000000004 -0.99940763397299126 -0.27499999999999997 7.6450000000000005 1.3150000000000002
decision_type=2 8 2 2 2 2 2 2 2 2 2 10 2 2 10 2 2 2 2 2 2 2 2 2 2 2 2 10 2 8
left_child=2 3 6 13 7 10 28 -3 14 18 15 12 25 16 -7 -4 -2 19 -8 20 -9 -22 -23 -10 -6 26 -5 -28 -1 -11
right_child=1 4 5 11 24 8 9 17 23 29 -12 -13 -14 -15 -16 -17 -18 -19 -20 -21 21 22 -24 -25 -26 -27 27 -29 -30 -31
leaf_value=-0.016572775130715239 0.0092248817321918582 0.022308008235790957 0.0057796617092995299 0.031458207234405781 0.08200233949799382 0.0046596751850034295 -0.008821436948316462 0.064143282790224548 0.011359004976439652 0.0011217344319055746 0.015386410437423391 0.050387113228872155 0.030285862671602631 0.03061919311516674 0.011749859234911082 -0.001701371341727459 0.014970904216760767 0.062456871722850485 -0.0030534340449101952 0.039294448338183588 0.007647404500926127 0.043616058075014591 0.012109143412258001 0.020569890021194217 0.062775256768733786 0.063849048397312119 0.02608776066231891 0.021916947923193632 -0.0088997069314158631 0.013483915645376592
leaf_weight=99458 4796 706 4022 234 2347 11140 30307 345 1998 2986 1400 975 1829 1149 3181 21843 5204 349 39972 813 376 429 293 2827 538 165 715 2189 45920 1762
leaf_count=99458 4796 706 4022 234 2347 11140 30307 345 1998 2986 1400 975 1829 1149 3181 21843 5204 349 39972 813 376 429 293 2827 538 165 715 2189 45920 1762
internal_value=-0.000732221 0.0173435 -0.002321 0.0125533 0.0306843 0.00234093 -0.00330267 0.0233902 0.00546171 -0.00188179 0.000149458 0.0189643 0.0172818 0.00904162 0.004109 -0.000281269 0.008155 0.0264779 -0.0021855 0.0247207 0.0212301 0.0174954 0.0231856 0.00947668 0.0390555 0.0141644 0.0133078 0.0121832 -0.00403596 0.00261373
internal_weight=290268 23452 266816 17256 6196 46411 220405 3311 19146 75027 27265 6107 5132 11149 14321 25865 10000 2605 70279 2256 1443 1098 722 4825 2885 3303 3138 2904 145378 4748
internal_count=290268 23452 266816 17256 6196 46411 220405 3311 19146 75027 27265 6107 5132 11149 14321 25865 10000 2605 70279 2256 1443 1098 722 4825 2885 3303 3138 2904 145378 4748
is_linear=0
shrinkage=0.05


Tree=10
num_leaves=31
num_cat=0
split_feature=3 5 5 0 24 0 0 24 14 13 13 22 5 5 5 5 22 22 24 24 22 22 22 4 20 11 5 0 17 22
split_gain=3043.35 531.342 530.16 96.4832 88.374 85.4358 80.0309 47.0656 46.0861 38.8037 37.6062 34.7167 32.6694 27.3935 24.8541 24.3224 23.8706 24.6814 22.5619 22.5023 20.6036 20.453 32.8922 19.8089 29.0271 19.7703 18.8705 18.5173 18.333 16.6036
threshold=18.265000000000004 11.056428571428574 36.575714285714291 13.455000000000002 2.0250000000000004 24.485000000000003 10.355000000000002 1.3150000000000002 31.350000000000005 1.0500000000000003 1.2500000000000002 -0.98214942551678475 7.0521428571428588 14.056428571428572 20.605000000000008 15.610714285714289 -0.71504373327588355 -0.99763297024448894 inf 1.8150000000000002 -0.29343379936893921 -0.90893996196865023 -0.8041866928211282 59.185000000000009 735.30000000000007 10.765000343322756 52.487142857142864 85.655000000000015 126.50000000000001 -0.861146256326485
decision_type=2 2 2 2 8 2 2 8 2 2 2 2 2 2 2 2 2 2 8 8 2 2 2 2 10 2 2 2 2 2
left_child=1 6 5 13 23 14 12 15 27 19 20 -9 -1 -3 -2 25 17 -16 -12 -7 -8 -13 -23 -4 -25 -5 -10 -6 -11 -14
right_child=2 3 4 7 8 9 10 11 26 28 18 21 29 -15 16 -17 -18 -19 -20 -21 -22 22 -24 24 -26 -27 -28 -29 -30 -31
leaf_value=-0.016529086477797585 0.012073387098557329 -0.00071580438784814889 0.033537901957155183 0.0030798660885573881 0.052020419034442461 0.03131209072737378 0.0081139123532863542 0.029247253180131706 0.05002729313753719 0.018374458498190388 -0.005156871999036563 0.00057434387535740597 -0.0032441634565317959 0.0055777782624165488 0.030368035367961285 0.0093670702648286416 0.023895689555231865 0.014593761121899191 0.02128544368849445 0.037094528575394879 -0.00074422811136021271 0.030510854264394562 0.010370973650296704 0.039360289101842298 0.070488242451079777 0.024184386958438248 0.07802392138728749 0.073220561477091994 0.024320343958660073 -0.0086859904229781276
leaf_weight=94327 5397 23078 424 11128 675 1619 4126 703 639 1311 23197 892 12046 7751 260 3819 1716 1662 132 1292 5462 931 3368 997 150 588 2226 295 2768 77289
leaf_count=94327 5397 23078 424 11128 675 1619 4126 703 639 1311 23197 892 12046 7751 260 3819 1716 1662 132 1292 5462 931 3368 997 150 588 2226 295 2768 77289
internal_value=-0.000777524 -0.00222304 0.0173555 0.00230223 0.0308953 0.0127878 -0.00331493 0.00487913 0.034987 0.0169385 -0.0010446 0.00868341 -0.00372184 0.000511044 0.00957665 0.00343579 0.0127708 0.00894381 -0.00212804 0.0213483 0.00159157 0.00727124 0.00870086 0.0209071 0.0174935 0.00230625 0.0381763 0.025567 0.0137914 -0.0030366
internal_weight=290268 268837 21431 52258 5406 16025 216579 21429 3835 6990 32917 5894 183662 30829 9035 15535 3638 1922 23329 2911 9588 5191 4299 1571 1147 11716 2865 970 4079 89335
internal_count=290268 268837 21431 52258 5406 16025 216579 21429 3835 6990 32917 5894 183662 30829 9035 15535 3638 1922 23329 2911 9588 5191 4299 1571 1147 11716 2865 970 4079 89335
is_linear=0
shrinkage=0.05


Tree=11
num_leaves=31
num_cat=0
split_feature=3 3 3 24 4 4 4 20 14 24 17 24 22 22 20 0 8 8 0 0 17 8 22 24 22 23 24 20 4 24
split_gain=2727.69 501.112 480.139 107.575 107.449 74.0685 65.4971 45.4568 45.0314 35.5169 31.6164 28.6999 27.9871 25.9588 22.7446 22.5313 22.3538 21.903 20.238 19.9332 19.6856 19.601 17.6108 16.3487 15.6769 28.4004 17.0954 15.4405 15.066 12.8552
threshold=18.265000000000004 39.178333333333342 10.748333333333337 2.0250000000000004 17.505000000000006 32.875000000000007 10.335000000000003 473.00000000000006 30.550000000000004 inf 110.50000000000001 inf -0.29343379936893921 -0.861146256326485 604.50000000000011 65.610000000000014 5.5000000000000009 1.5000000000000002 20.335000000000004 13.225000000000003 147.50000000000003 4.5000000000000009 -0.49064630004295678 0.095000000000000015 -0.85227431625818906 -0.14250536273956091 1.1900000000000002 382.2000000000001 24.635000000000002 -0.58499999999999985
decision_type=2 2 2 8 2 2 2 10 2 8 2 8 2 2 10 2 2 2 2 2 2 2 2 8 2 2 10 10 2 10
left_child=2 5 6 14 12 21 -1 9 -5 20 -7 13 19 17 22 -10 18 -8 -12 -4 -6 29 -3 -21 25 -20 -26 -13 -22 -2
right_child=1 3 4 8 7 10 11 -9 15 -11 16 27 -14 -15 -16 -17 -18 -19 24 23 28 -23 -24 -25 26 -27 -28 -29 -30 -31
leaf_value=-0.014022853720864627 0.01692767731396631 0.028895195596075986 0.00020539627253306756 0.05674672617096195 0.0023070397023329929 0.018900398378886931 -0.0025230247854885705 0.016145857103320057 0.051458382198387879 0.03526445581130086 0.018421604124068947 0.041280679353394002 -0.002374571555136372 -0.0067600953516497118 0.058013013208064249 0.076282132809512085 0.044288497752336897 0.013418612055361993 0.012462616427456523 0.0036559476662301818 0.0060535681463307067 0.027600392989069973 0.04101357495203202 0.012328674090988199 0.029647982458024809 0.029894551479380534 0.02692863026496542 0.0030742002119933842 0.013308808865639855 0.011429851324125493
leaf_weight=112453 1252 965 9178 469 9055 1369 13558 3775 1116 456 1132 177 19694 81541 308 2091 988 966 568 3813 10007 876 352 1931 1967 785 299 207 2026 6894
leaf_count=112453 1252 965 9178 469 9055 1369 13558 3775 1116 456 1132 177 19694 81541 308 2091 988 966 568 3813 10007 876 352 1931 1967 785 299 207 2026 6894
internal_value=-0.000821621 0.0163452 -0.00219012 0.0296821 0.00175482 0.0119622 -0.00332194 0.00423022 0.0344178 0.00334339 0.0157794 -0.00236597 -5.57558e-05 -0.0024205 0.0189692 0.0365341 0.0174081 -0.000473011 0.0159851 0.00157754 0.00304486 0.00895478 0.0161086 0.00388753 0.0178102 0.0135514 0.020353 0.011276 0.00437006 0.00819052
internal_weight=290268 21431 268837 5301 59935 16130 208902 25319 3676 21544 7108 96449 34616 96065 1625 3207 5739 14524 4751 14922 21088 9022 1317 5744 3619 1353 2266 384 12033 8146
internal_count=290268 21431 268837 5301 59935 16130 208902 25319 3676 21544 7108 96449 34616 96065 1625 3207 5739 14524 4751 14922 21088 9022 1317 5744 3619 1353 2266 384 12033 8146
is_linear=0
shrinkage=0.05


Tree=12
num_leaves=31
num_cat=0
split_feature=5 3 5 5 9 13 5 5 13 9 13 24 22 18 5 22 24 22 17 23 22 18 18 24 24 22 23 22 24 24
split_gain=2450.33 543.141 427.743 97.0036 85.4557 74.4307 48.5567 48.0071 44.7467 40.9265 38.7311 38.1999 36.52 25.7687 24.4453 23.5368 22.7059 19.8843 19.1619 18.9825 18.6424 17.8857 16.0715 15.9842 15.3593 30.9777 17.5727 15.2583 14.9833 14.9431
threshold=19.397857142857145 11.928333333333336 52.487142857142864 7.889285714285716 35.772695541381843 0.25000000000000006 13.61214285714286 26.162857142857149 0.55000000000000016 35.772695541381843 0.55000000000000016 1.1900000000000002 -0.75015329512557205 20.555000000000003 10.68214285714286 -0.96689237009891416 1.3150000000000002 -0.84315017450793706 139.50000000000003 -0.35846086284744721 -0.92923668111203805 28.755000000000006 14.465000000000002 1.4950000000000003 -0.29499999999999993 -0.99940763397299126 -0.77243990499604276 -0.861146256326485 inf 1.3150000000000002
decision_type=2 2 2 2 2 2 2 2 2 2 2 8 2 2 2 2 8 2 2 2 2 2 2 10 10 2 2 2 8 10
left_child=1 3 5 28 8 11 -6 24 13 -4 17 -2 15 18 27 -9 -10 -5 -3 -11 -17 -13 -18 -20 26 -26 -7 -12 -1 -22
right_child=2 4 9 10 6 7 -8 12 16 19 14 21 -14 -15 -16 20 22 -19 23 -21 29 -23 -24 -25 25 -27 -28 -29 -30 -31
leaf_value=-0.012992295434489926 0.019286274319638495 0.0063880570145842938 0.070225117849559912 0.009298865625041737 -0.00020222507957862813 0.03946196895810531 0.0058513963428357902 0.028017260418202627 0.0031134665448160031 0.051975941685009977 -0.0018255418426791636 0.037223161335927978 0.025903533141687377 0.03065763543532788 -0.0013005379027485932 0.0022734293381773784 0.0072729175339359999 -0.00043118266557182547 0.014791136137477049 0.024944120813620005 0.040115268941959305 0.049044835608848258 0.01987175366915531 0.028365720988967905 0.022580365375282713 0.01094839900815096 0.016266453174557625 -0.006947454954219362 0.010325820520530792 0.0089006780701707949
leaf_weight=128606 753 1225 2463 2480 17958 162 14616 1056 4473 648 9285 1129 2390 817 19444 577 1653 9562 2375 172 906 879 1362 627 139 4119 2051 57783 158 400
leaf_count=128606 753 1225 2463 2480 17958 162 14616 1056 4473 648 9285 1129 2390 817 19444 577 1653 9562 2375 172 906 879 1362 627 139 4119 2051 57783 158 400
internal_value=-0.000858311 -0.00203404 0.0170915 -0.00302853 0.00297787 0.0134156 0.00162798 0.0116864 0.00648659 0.0333948 -0.00184792 0.0208059 0.0152008 0.0101269 -0.00221773 0.0114682 0.00403445 0.000808835 0.00855571 0.0237195 0.00811736 0.0244074 0.00738806 0.0107062 0.0087923 0.00703617 0.0121713 -0.00267028 -0.00393216 0.0114242
internal_weight=290268 272424 17844 227318 45106 14561 32574 11800 12532 3283 98554 2761 5329 5044 86512 2939 7488 12042 4227 820 1883 2008 3015 3002 6471 4258 2213 67068 128764 1306
internal_count=290268 272424 17844 227318 45106 14561 32574 11800 12532 3283 98554 2761 5329 5044 86512 2939 7488 12042 4227 820 1883 2008 3015 3002 6471 4258 2213 67068 128764 1306
is_linear=0
shrinkage=0.05


Tree=13
num_leaves=31
num_cat=0
split_feature=5 5 5 5 8 5 5 23 13 13 8 22 5 24 17 20 24 22 23 20 13 22 24 22 17 23 16 22 24 9
split_gain=2182.79 462.102 422.245 94.2415 78.2065 65.91 55.995 44.1267 43.3452 39.456 34.3442 27.0847 26.1078 24.7172 24.4306 23.6815 26.1058 21.9412 20.7131 21.3065 20.5396 18.6561 18.4167 24.1484 16.4367 15.904 22.8547 15.8116 16.6714 15.1544
threshold=18.039285714285718 52.487142857142864 10.68214285714286 28.063571428571432 4.5000000000000009 7.2907142857142864 13.105000000000002 -0.48313741114591585 1.2500000000000002 1.8500000000000003 6.5000000000000009 -0.73866753694953124 105.33500000000002 inf 120.50000000000001 419.7000000000001 inf -0.84315017450793706 -0.49812626372919411 593.00000000000011 0.45000000000000007 -0.79384350655589164 inf -0.86976336936302323 133.50000000000003 -0.10837475778693638 12.950000000000001 -0.99940763397299126 1.4950000000000003 88.73026275634767
decision_type=2 2 2 2 2 2 2 2 2 2 2 2 2 8 2 10 8 2 2 10 2 2 8 2 2 2 2 2 10 2
left_child=2 3 5 10 6 -1 20 21 17 18 14 -11 -9 -10 -2 16 -8 25 -5 -20 -4 -3 27 -24 -6 26 -7 28 -16 -14
right_child=1 7 4 9 24 8 15 12 13 11 -12 -13 29 -15 22 -17 -18 -19 19 -21 -22 -23 23 -25 -26 -27 -28 -29 -30 -31
leaf_value=-0.013647967683200535 0.0083892846591482467 0.07731098911089998 0.0053515256097809681 0.046308669100822736 0.008922792532902844 0.019537998683897342 0.0031497304651437346 0.033416685708768532 -0.0068066462047402347 0.020918504898567204 0.033477778171513831 0.022820559847488927 0.070826895534152182 0.018034815179393322 0.001351803902255121 0.010237702552968887 0.036785873405826161 -0.0017432713910266716 0.023153219083907956 0.041018114077832984 -0.0011327576840209227 0.056238730518099848 -0.0075271735235271356 0.02920197863537757 0.024790851478769346 -9.1260852309546687e-05 7.2571972396179684e-05 0.01314827828352374 0.020063946455654857 0.036000875711555504
leaf_weight=105660 3266 871 4623 1349 673 1066 18159 919 84158 1677 989 1315 520 160 85 5750 266 16210 757 470 28040 913 151 903 1786 1754 782 6710 226 60
leaf_count=105660 3266 871 4623 1349 673 1066 18159 919 84158 1677 989 1315 520 160 85 5750 266 16210 757 470 28040 913 151 903 1786 1754 782 6710 226 60
internal_value=-0.00088725 0.0145671 -0.00210373 0.0114041 0.00162175 -0.00315673 0.00124406 0.0318108 -0.002264 0.0168032 0.00896594 0.0128977 0.025487 -0.00275849 0.00818667 0.00306825 0.00219403 -0.0001595 0.0213393 0.0166381 -0.000106085 0.0371244 0.00966254 0.0158254 0.0103518 0.00337035 0.00660714 0.00873736 0.0197588 0.0337931
internal_weight=290268 21181 269087 17898 59297 209790 56838 3283 104130 5568 12330 2992 1499 84318 11341 24175 18425 19812 2576 1227 32663 1784 8075 1054 2459 3602 1848 7021 311 580
internal_count=290268 21181 269087 17898 59297 209790 56838 3283 104130 5568 12330 2992 1499 84318 11341 24175 18425 19812 2576 1227 32663 1784 8075 1054 2459 3602 1848 7021 311 580
is_linear=0
shrinkage=0.05


Tree=14
num_leaves=31
num_cat=0
split_feature=0 5 5 4 0 5 22 15 17 0 9 22 20 11 17 15 5 22 22 9 4 15 5 15 5 9 20 4 22 22
split_gain=2000.73 423.907 391.055 102.642 89.2824 63.441 41.2795 36.9276 32.3606 29.4062 25.2968 23.8796 25.5637 22.0974 20.3417 20.1623 19.6393 18.6531 16.6767 16.5719 18.1277 16.3137 14.4567 13.961 13.8479 12.6737 12.6107 12.0041 11.8731 20.485
threshold=19.045000000000005 52.487142857142864 11.467857142857145 36.055000000000007 8.0850000000000026 15.843571428571432 -0.8781231054254196 56.500000000000007 124.50000000000001 126.53000000000002 32.260301589965827 -0.86976336936302323 593.00000000000011 13.275000095367433 136.50000000000003 57.500000000000007 6.8164285714285731 -0.79384350655589164 -0.065535378769913874 78.514175415039077 13.025 53.500000000000007 20.605000000000008 58.500000000000007 72.547142857142873 97.133220672607436 583.65000000000009 13.825000000000001 -0.79384350655589164 -0.75015329512557205
decision_type=2 2 2 2 2 2 2 2 2 2 2 2 10 2 2 2 2 2 2 2 2 2 2 2 2 2 10 2 2 2
left_child=2 3 4 15 16 10 9 19 -5 24 23 12 -10 18 -7 -2 -1 -8 27 20 -6 28 -17 -4 26 -26 -3 -9 -13 -30
right_child=1 6 5 8 7 14 17 13 11 -11 -12 21 -14 -15 -16 22 -18 -19 -20 -21 -22 -23 -24 -25 25 -27 -28 -29 29 -31
leaf_value=-0.015280114780332974 0.018079203319558864 0.010319597670195052 0.012281645820496127 0.019574918035769176 0.00063572383832817081 0.0056283903313903583 0.073415910922672856 -0.0041111726928324691 0.022691638190854554 0.082479214379356514 0.0005258132673291886 0.059616110337497752 0.036057918881606414 0.014623669440141547 0.012079112749656208 0.008320364366627012 -0.0080140780565868108 0.053474157229146918 -0.0065125940797792908 -0.0024571632831230233 0.0085018646687839341 0.027559888332467804 0.014461892723289297 0.0030302882296703772 0.038126216771849124 0.033169555423178267 0.032132179888169236 0.00078135018299236919 0.0026098550517276529 0.039419603101319638
leaf_weight=77721 4209 192 3282 1601 4294 4852 881 23730 1309 317 27743 228 616 857 6966 4964 58379 910 40965 6465 2836 2147 1605 3975 661 79 113 7579 99 693
leaf_count=77721 4209 192 3282 1601 4294 4852 881 23730 1309 317 27743 228 616 857 6966 4964 58379 910 40965 6465 2836 2147 1605 3975 661 79 113 7579 99 693
internal_value=-0.000917912 0.0140918 -0.00206595 0.0110466 -0.00293875 0.00208808 0.0309657 -0.00168496 0.0159099 0.0244053 0.00101857 0.0178594 0.0134675 -0.00212981 0.00525554 0.00802653 -0.00373769 0.0359548 -0.00222445 0.00070798 0.00237027 0.0205289 0.00629548 0.00364682 0.0203589 0.0240541 0.0113934 -0.00135568 0.0257353 0.0228409
internal_weight=290268 20624 269644 17471 222826 46818 3153 86726 6693 1362 35000 5092 1925 73131 11818 10778 136100 1791 72274 13595 7130 3167 6569 7257 1045 740 305 31309 1020 792
internal_count=290268 20624 269644 17471 222826 46818 3153 86726 6693 1362 35000 5092 1925 73131 11818 10778 136100 1791 72274 13595 7130 3167 6569 7257 1045 740 305 31309 1020 792
is_linear=0
shrinkage=0.05


Tree=15
num_leaves=31
num_cat=0
split_feature=0 5 5 0 5 5 23 13 8 0 13 13 24 24 22 22 5 17 22 22 17 22 24 24 22 23 22 24 21 5
split_gain=1803.14 392.211 369.542 86.911 73.2629 63.0552 42.7903 41.9259 35.9757 31.8611 27.0567 25.0565 24.648 24.5226 24.4389 20.9106 20.7275 20.4874 19.5084 16.858 16.1956 16.0928 15.0584 14.1096 20.328 16.7065 16.2199 12.6881 12.6865 12.5401
threshold=19.855000000000004 11.467857142857145 52.487142857142864 8.0850000000000026 30.295000000000005 15.843571428571432 -0.48313741114591585 0.95000000000000007 3.5000000000000004 126.53000000000002 0.25000000000000006 0.55000000000000016 inf inf -0.79384350655589164 -0.91597725483594616 6.8778571428571444 135.50000000000003 -0.62588817255938378 -0.75015329512557205 139.50000000000003 -0.73866753694953124 1.3150000000000002 1.3150000000000002 -0.99940763397299126 -0.45273527932988084 -0.97876850416056738 1.4950000000000003 102.50000000000001 42.062857142857148
decision_type=2 2 2 2 2 2 2 2 2 2 2 2 8 8 2 2 2 2 2 2 2 2 10 8 2 2 2 10 8 2
left_child=1 3 4 16 8 11 14 15 13 -8 -6 20 21 -2 -4 -5 -1 -7 -15 -12 -3 22 -9 -19 -25 -26 -27 -22 -17 -28
right_child=2 5 6 7 10 17 9 12 -10 -11 19 -13 -14 18 -16 28 -18 23 -20 -21 27 -23 -24 24 25 26 29 -29 -30 -31
leaf_value=-0.014395365194114114 0.011554581246926798 0.00073333360876006175 0.069829006447920908 0.0079868837442338154 0.045621426143810477 0.0053798042741487083 0.033180383423529497 -0.0034074810529817843 0.029716616088764403 0.078183520716917532 0.026285477585844458 0.00066702969039558605 0.016525349027252698 0.024639810664752414 0.050874849598846389 0.0011292233327027468 -0.0075311037864234723 0.0074581225786491696 0.023503901255662939 0.024390460736975178 0.0083547820963806863 -0.0058884358301372723 0.0067866284641794929 0.021268570205036738 0.023424756424301033 0.027456444474136466 0.00115073971987068 0.019718567277486634 -0.0050190002539006167 0.041331860177480632
leaf_weight=79445 8850 2015 864 2554 892 5148 1054 10922 1877 320 1629 29567 307 699 908 11812 56655 4621 384 1298 3436 54824 2459 120 1338 393 1059 724 3994 100
leaf_count=79445 8850 2015 864 2554 892 5148 1054 10922 1877 320 1629 29567 307 699 908 11812 56655 4621 384 1298 3436 54824 2459 120 1338 393 1059 724 3994 100
internal_value=-0.000941683 -0.00197801 0.0140439 -0.00286453 0.0108967 0.0020959 0.029679 -0.00162895 0.00895004 0.0230568 0.0169167 0.00101813 -0.00219757 0.00775043 0.0348138 0.000492918 -0.0036532 0.00511034 0.0148523 0.0145934 0.00391498 -0.0022612 -0.0007066 0.00675468 0.0094186 0.00858131 0.00505155 0.00569711 -0.000185374 0.00207506
internal_weight=290268 271493 18775 222972 15629 48521 3146 86872 11810 1374 3819 35742 68512 9933 1772 18360 136100 12779 1083 2927 6175 68205 13381 7631 3010 2890 1552 4160 15806 1159
internal_count=290268 271493 18775 222972 15629 48521 3146 86872 11810 1374 3819 35742 68512 9933 1772 18360 136100 12779 1083 2927 6175 68205 13381 7631 3010 2890 1552 4160 15806 1159
is_linear=0
shrinkage=0.05


Tree=16
num_leaves=31
num_cat=0
split_feature=0 5 5 5 5 4 0 17 11 8 5 0 15 0 24 9 24 17 9 15 24 5 17 20 24 20 2 4 0 19
split_gain=1604.93 378.05 330.596 74.3106 65.8288 60.3249 43.7717 28.5306 28.2867 24.8832 24.8239 21.1167 19.6674 18.8299 18.2096 17.4184 16.7934 15.7936 14.0462 13.6804 13.1854 12.4667 12.2669 12.0959 11.7837 14.1576 11.5523 11.4805 10.7718 10.4977
threshold=20.335000000000004 10.68214285714286 52.487142857142864 14.396428571428574 7.2907142857142864 36.055000000000007 126.53000000000002 137.50000000000003 6.7149999141693124 3.5000000000000004 20.605000000000008 12.555000000000001 53.500000000000007 13.455000000000002 1.3150000000000002 64.925708770751967 1.4950000000000003 127.50000000000001 123.13839721679689 58.500000000000007 -0.43999999999999995 5.6835714285714305 136.50000000000003 550.10000000000014 -0.43999999999999995 303.00000000000006 30.32 134.03500000000003 15.535000000000002 43.655000000000008
decision_type=2 2 2 2 2 2 2 2 2 2 2 2 2 2 8 2 8 2 2 2 10 2 2 10 8 10 2 2 2 2
left_child=1 4 5 9 21 16 15 -7 11 13 17 22 26 -3 -15 29 -2 -5 -13 -18 -8 -1 -6 -19 -24 -26 -9 28 -12 -4
right_child=2 3 6 10 8 7 20 12 -10 -11 27 18 -14 14 -16 -17 19 23 -20 -21 -22 -23 24 -25 25 -27 -28 -29 -30 -31
leaf_value=-0.016941759575678273 0.010045967478199865 -0.0012288054373333676 0.040259015562199935 0.0018712846188587786 -0.0075724458396082637 0.017917578986281473 0.073953592038094526 0.034959118537808254 0.0057692992596779557 0.01401528290874289 0.010789099832515027 0.0036035904811326383 0.02438987143616668 0.0011830839329378135 0.0093113082013442771 0.032288011936454246 0.022179135952372253 0.0060466303357403122 -0.0043272169713544665 0.0098721305661860406 0.035510831717262478 -0.0091155624283088873 -0.0084254858567832224 0.01656600214240973 -0.0053804265996188544 -0.0013170003085555527 0.051658994873133468 0.041328164436953162 0.016493085288330538 0.043520870009074952
leaf_weight=46256 5376 28797 906 5723 33414 2244 810 1446 2928 1640 1872 4481 2624 9428 2662 252 1799 9610 3972 1056 58 59404 12178 1017 25371 21689 120 101 1921 1113
leaf_count=46256 5376 28797 906 5723 33414 2244 810 1446 2928 1640 1872 4481 2624 9428 2662 252 1799 9610 3972 1056 58 59404 12178 1017 25371 21689 120 101 1921 1113
internal_value=-0.000964248 -0.00191464 0.0135801 0.00148946 -0.00293365 0.0104279 0.0283068 0.014055 -0.00204084 0.000302513 0.00398291 -0.00218115 0.0164916 6.02869e-05 0.00171629 0.0246565 0.00759264 0.00312844 0.000211166 0.0106918 0.0378571 -0.0038127 -0.00239941 0.00426884 -0.00196732 -0.00160859 0.0209259 0.00757062 0.0071276 0.0262036
internal_weight=290268 272464 17804 62771 209693 14665 3139 6434 104033 42527 20244 101105 4190 40887 12090 2271 8231 16350 8453 2855 868 105660 92652 10627 59238 47060 1566 3894 3793 2019
internal_count=290268 272464 17804 62771 209693 14665 3139 6434 104033 42527 20244 101105 4190 40887 12090 2271 8231 16350 8453 2855 868 105660 92652 10627 59238 47060 1566 3894 3793 2019
is_linear=0
shrinkage=0.05


Tree=17
num_leaves=31
num_cat=0
split_feature=0 5 5 4 0 3 23 5 13 22 13 22 15 13 14 22 22 22 21 22 19 22 23 16 9 13 5 22 23 20
split_gain=1425.23 421.023 234.606 83.1387 63.0683 55.0848 49.1181 44.7695 37.2132 34.288 26.9012 23.6566 23.6177 22.3354 21.2724 20.9961 29.6858 22.0064 17.9307 17.3645 15.5441 14.4133 13.6623 14.6734 20.4712 13.4586 13.3675 15.6561 12.7274 12.6129
threshold=16.725000000000005 42.062857142857148 10.245000000000003 32.875000000000007 126.53000000000002 6.3816666666666677 -0.48313741114591585 14.396428571428574 2.8500000000000001 -0.79384350655589164 0.75000000000000011 -0.75015329512557205 55.500000000000007 1.0000000180025095e-35 29.050000000000004 0.97696484778429815 0.99274428880883148 -0.84315017450793706 21.900000000000002 -0.70291267844185523 28.615000000000006 -0.091260668982868151 -0.10837475778693638 12.950000000000001 51.784955978393562 5.9500000000000011 72.547142857142873 -0.95754239937548935 -0.78324956448884031 583.65000000000009
decision_type=2 2 2 2 2 2 2 2 2 2 2 2 2 2 2 2 2 2 8 2 2 2 2 2 2 2 2 2 2 10
left_child=2 3 5 12 6 -1 9 13 15 -3 20 -11 29 -4 -12 17 18 22 -17 -13 28 -15 23 24 -7 -6 27 -8 -5 -2
right_child=1 4 7 10 25 8 26 -9 -10 11 14 19 -14 21 -16 16 -18 -19 -20 -21 -22 -23 -24 -25 -26 -27 -28 -29 -30 -31
leaf_value=-0.012825535644898502 0.011672956401672419 0.050462527822481833 0.0076655034169020838 0.031982853399748039 0.070166150289442702 0.020703841083652363 0.030723237647866986 0.0054912284846714747 -0.0069569404768007716 0.017904011353004446 0.02081736771066393 0.050148418708960786 0.0069121529519576667 0.00071838143171199366 0.01542238453108916 0.015370545546131107 -0.0061367233553907543 -0.0040092029573564787 0.0047383702333470903 0.038753928488853742 0.033682246362186842 -0.0023576888962501502 -0.0013813406198874018 -0.00034368984478310122 0.0055253525004401068 0.049341968720197062 0.032626919884974667 0.01055721135015949 0.023924515336607513 0.025641529580764672
leaf_weight=77244 3575 656 2933 457 830 661 312 14092 87561 316 1297 268 12072 23093 3736 661 904 27816 614 552 799 21661 2923 1000 857 50 756 459 1252 861
leaf_count=77244 3575 656 2933 457 830 661 312 14092 87561 316 1297 268 12072 23093 3736 661 904 27816 614 552 799 21661 2923 1000 857 50 756 459 1252 861
internal_value=-0.000986297 0.00968422 -0.00213667 0.00713356 0.0242927 -0.0029677 0.0211374 0.000556903 -0.0023105 0.0267522 0.0114832 0.0214965 0.00514659 -0.000174787 0.00937512 -0.000943392 0.00381138 -0.00125492 0.00872549 0.0259756 0.0157137 -0.000451804 0.00165319 0.00435266 0.00745059 0.0361932 0.0145481 0.00991569 0.0130222 0.00826646
internal_weight=290268 28248 262020 24049 4199 200241 3319 61779 122997 1792 7541 1136 16508 47687 5033 35436 2179 33257 1275 820 2508 44754 5441 2518 1518 880 1527 771 1709 4436
internal_count=290268 28248 262020 24049 4199 200241 3319 61779 122997 1792 7541 1136 16508 47687 5033 35436 2179 33257 1275 820 2508 44754 5441 2518 1518 880 1527 771 1709 4436
is_linear=0
shrinkage=0.05


Tree=18
num_leaves=31
num_cat=0
split_feature=0 0 4 4 4 4 24 24 22 22 22 22 22 0 24 22 15 24 8 24 8 24 8 11 16 17 22 22 24 22
split_gain=1276.14 326.763 252.715 79.2162 60.5893 58.9424 46.1132 40.0864 49.486 32.5697 31.5236 21.0933 20.4361 20.4204 19.2344 18.232 16.6167 16.4806 16.2318 18.9789 16.1345 14.8081 12.753 12.3806 12.0383 13.1799 11.7559 15.8168 11.6336 21.1508
threshold=20.335000000000004 10.835000000000003 102.57500000000002 16.085000000000004 9.8550000000000022 45.485000000000007 1.6100000000000003 0.89500000000000013 -0.9905448150984083 -0.8781231054254196 -0.8781231054254196 -0.065535378769913874 -0.79384350655589164 126.53000000000002 -0.58499999999999985 -0.065535378769913874 54.500000000000007 -0.58499999999999985 1.5000000000000002 0.89500000000000013 6.5000000000000009 1.8150000000000002 7.5000000000000009 10.885000228881838 11.15 171.50000000000003 -0.814291907305839 -0.75015329512557205 inf -0.62588817255938378
decision_type=2 2 2 2 2 2 8 8 2 2 2 2 2 2 8 2 2 10 2 10 2 10 2 2 2 2 2 2 8 2
left_child=1 4 5 15 -1 20 -4 24 21 17 13 14 -12 -8 -6 -3 26 -7 19 -10 28 -9 -19 -16 -5 -26 -11 -28 -2 -30
right_child=2 3 6 7 11 9 10 8 18 16 12 -13 -14 -15 23 -17 -18 22 -20 -21 -22 -23 -24 -25 25 -27 27 -29 29 -31
leaf_value=-0.010892579085807153 0.010844571092997654 0.0013756873038390813 0.0022281967275754534 0.0017438483640327463 -0.0076273754801802832 0.00058431538827520037 0.030593582906673845 0.03030777568451104 0.021662882200085415 0.043352568257924169 0.06307065856519177 -0.0060606957700460318 0.047840941204634724 0.069724440410449562 -0.0018845694707916348 -0.0030034029201803604 0.025448148833890856 0.020142113580044318 0.018694149386725652 0.0049295797184184826 0.027602411779015991 0.016521556799135067 0.058884268532859767 0.0088963315060566258 0.001264821105676582 0.0074916743397035902 0.0088008884141860203 0.034523070563768445 0.014497692990445857 0.019910813040002303
leaf_weight=98658 8389 16495 173 14207 10709 441 802 551 908 309 702 59194 654 293 36938 16945 1587 1111 1893 6396 1073 367 198 1229 3090 4884 184 619 860 409
leaf_count=98658 8389 16495 173 14207 10709 441 802 551 908 309 702 59194 654 293 36938 16945 1587 1111 1893 6396 1073 367 198 1229 3090 4884 184 619 860 409
internal_value=-0.000989914 -0.00183738 0.0119793 0.00123327 -0.0028138 0.00950263 0.0263072 0.00299944 0.00560801 0.0143414 0.0280681 -0.00199593 0.0331637 0.021758 -0.00122719 -0.000472489 0.0177862 0.00902857 0.0045031 0.00343373 0.0074965 0.0166776 0.0118449 -0.000701785 0.00180988 0.00336468 0.022473 0.0192839 0.00685028 0.0113121
internal_weight=290268 272464 17804 65736 206728 15180 2624 32296 10115 4449 2451 108070 1356 1095 48876 33440 2699 1750 9197 7304 10731 918 1309 38167 22181 7974 1112 803 9658 1269
internal_count=290268 272464 17804 65736 206728 15180 2624 32296 10115 4449 2451 108070 1356 1095 48876 33440 2699 1750 9197 7304 10731 918 1309 38167 22181 7974 1112 803 9658 1269
is_linear=0
shrinkage=0.05


Tree=19
num_leaves=31
num_cat=0
split_feature=3 3 4 4 13 9 4 24 4 15 13 23 22 24 4 22 3 20 13 14 22 24 24 23 24 9 20 22 23 23
split_gain=1132.38 368.843 158.174 81.3786 61.5167 45.2381 39.475 33.4539 29.3397 26.1114 23.243 21.7789 24.0685 22.1838 18.985 18.1931 17.7023 17.0113 16.7224 14.6178 14.1171 13.552 12.5541 12.0999 12.0461 11.7007 11.6755 11.0875 10.9226 10.4567
threshold=14.861666666666666 45.39500000000001 11.865 30.225000000000005 0.25000000000000006 49.216623306274421 134.03500000000003 inf 8.7850000000000019 54.500000000000007 0.55000000000000016 -0.52765736634565841 -0.814291907305839 -0.27499999999999997 134.03500000000003 -0.75015329512557205 9.9916666666666689 573.90000000000009 0.65000000000000002 29.050000000000004 -0.99866806308218525 0.89500000000000013 -0.27499999999999997 0.1318557721318592 1.4950000000000003 134.27038574218753 422.2000000000001 -0.29343379936893921 -0.19337245081799007 -0.91595872546125101
decision_type=2 2 2 2 2 2 2 8 2 2 2 2 2 10 2 2 2 10 2 2 2 8 10 2 10 2 10 2 2 2
left_child=2 3 8 9 14 10 -6 16 -1 21 -4 12 13 -5 -3 -14 -7 19 -10 23 24 -2 26 -13 -21 -8 -17 -12 -19 -24
right_child=1 4 5 11 6 7 25 -9 18 -11 27 17 15 -15 -16 22 -18 28 -20 20 -22 -23 29 -25 -26 -27 -28 -29 -30 -31
leaf_value=-0.012401932749247432 0.007030780547175557 0.040210594388807003 0.0074325705872703767 0.05841616721589929 0.022042277068334368 -0.0045608161370994287 0.046646427939367421 0.03171041550501013 -0.0010067507982022498 0.0047745720791034533 0.003046778252589507 0.012442642936125181 0.0067023669314399048 0.011449567304189244 0.062691433889480536 0.031522323431449249 -0.00099165530925437832 0.0074835086125030663 -0.0067011251480788916 0.0015247066495355046 0.0099708602296680188 0.016642610155526524 0.026058392243684128 0.017564173871123797 0.021908087361026476 0.0040759286390439561 0.020426366308823565 -0.0021038644036025255 0.0279020805589721 0.014974794289391191
leaf_weight=67910 1977 860 6478 219 1666 37577 1029 347 9409 16525 9139 608 527 92 620 529 40854 287 76407 117 4002 2170 463 670 252 51 634 6670 750 1429
leaf_count=67910 1977 860 6478 219 1666 37577 1029 347 9409 16525 9139 608 527 92 620 529 40854 287 76407 117 4002 2170 463 670 252 51 634 6670 750 1429
internal_value=-0.000990775 0.00737844 -0.0021561 0.00550366 0.0212423 -0.000619652 0.0168135 -0.00118231 -0.00316622 0.0036784 0.00136918 0.00907033 0.0120434 0.0253859 0.0294595 0.010885 -0.00125085 0.00733922 -0.00255174 0.00625863 0.00488332 0.0072257 0.012365 0.0109624 0.0142412 0.0242593 0.0164531 0.000335567 0.0132256 0.00985201
internal_weight=290268 35477 254791 31251 4226 101065 2746 78778 153726 20672 22287 10579 3893 311 1480 3582 78431 6686 85816 5649 4371 4147 3055 1278 369 1080 1163 15809 1037 1892
internal_count=290268 35477 254791 31251 4226 101065 2746 78778 153726 20672 22287 10579 3893 311 1480 3582 78431 6686 85816 5649 4371 4147 3055 1278 369 1080 1163 15809 1037 1892
is_linear=0
shrinkage=0.05


Tree=20
num_leaves=31
num_cat=0
split_feature=0 5 5 5 0 23 22 4 13 5 23 22 8 24 8 22 20 22 13 22 13 5 24 22 22 22 22 20 22 17
split_gain=1017.11 321.906 165.364 82.1387 55.2547 46.2732 42.0909 41.7077 27.6286 26.0476 23.6725 20.8772 19.8916 18.2929 17.0405 16.9177 20.1131 16.8539 15.4086 14.8154 15.3839 14.3517 13.5141 16.891 23.532 16.2807 14.5049 13.4436 13.3388 12.6869
threshold=15.905000000000003 32.962857142857153 10.245000000000003 105.33500000000002 7.1350000000000007 -0.49065906150552346 -0.8041866928211282 25.145000000000003 0.95000000000000007 13.61214285714286 -0.6652727025667432 -0.70291267844185523 6.5000000000000009 0.89500000000000013 14.500000000000002 -0.95754239937548935 766.10000000000014 -0.44504625642270151 1.0000000180025095e-35 -0.091260668982868151 0.25000000000000006 5.3764285714285736 inf -0.86976336936302323 -0.814291907305839 -0.62588817255938378 -0.99940763397299126 524.50000000000011 -0.92274349529687905 135.50000000000003
decision_type=2 2 2 2 2 2 2 2 2 2 2 2 2 8 2 2 10 2 2 2 2 2 8 2 2 2 2 8 2 2
left_child=2 7 4 5 21 6 -3 13 28 19 11 -8 22 -2 -5 16 -7 -15 -13 20 -4 -1 26 -24 -25 -26 -9 -10 -6 -11
right_child=1 3 9 14 8 15 10 12 27 29 -12 18 -14 17 -16 -17 -18 -19 -20 -21 -22 -23 23 24 25 -27 -28 -29 -30 -31
leaf_value=-0.016195684069698468 0.0037470322115776729 0.04387146607179572 0.0079440678787167218 0.04125789359237346 0.0056845526054989208 0.022041594451914046 0.040234927020738082 0.014748567189212834 -0.0042296023028409188 0.00047919741562563276 0.012969011334908019 0.048234641433360037 0.028966093841290421 0.013706096405176027 0.072914362401267571 0.013336236862595184 0.048298951969689106 0.0026383479695368905 0.020906699026780402 -0.00246155514240547 9.3661679497370354e-05 -0.0080818758796734596 -0.0090900433747166456 0.051778630846339969 0.010603660273515059 0.018991844013267895 0.0097830306592398154 -0.0087730453964003311 -0.0010657799783413558 0.0052864731822150519
leaf_weight=34087 10024 738 2832 713 2048 711 421 422 64775 6616 563 285 1222 3007 349 1550 131 1604 835 20121 18983 71698 178 179 617 414 8147 12116 15097 9785
leaf_count=34087 10024 738 2832 713 2048 711 421 422 64775 6616 563 285 1222 3007 349 1550 131 1604 835 20121 18983 71698 178 179 617 414 8147 12116 15097 9785
internal_value=-0.00099112 0.00740112 -0.00203496 0.0175381 -0.00271871 0.0149656 0.0192787 0.00492872 -0.00183685 0.000307094 0.0156749 0.0188806 0.00722828 0.00317219 0.0302166 0.00984114 0.0155463 0.00577857 0.0153125 -0.000353635 0.000548933 -0.00350262 0.0064894 0.0110663 0.0131818 0.0102764 0.00574804 -0.00224155 -2.18735e-05 0.00199652
internal_weight=290268 32110 258158 6296 199821 5234 2842 25814 94036 58337 2104 1541 11179 14635 1062 2392 842 4611 1120 41936 21815 105785 9957 1388 1210 1031 8569 76891 17145 16401
internal_count=290268 32110 258158 6296 199821 5234 2842 25814 94036 58337 2104 1541 11179 14635 1062 2392 842 4611 1120 41936 21815 105785 9957 1388 1210 1031 8569 76891 17145 16401
is_linear=0
shrinkage=0.05


Tree=21
num_leaves=31
num_cat=0
split_feature=0 5 0 5 4 4 5 23 24 22 22 24 23 4 14 11 22 23 23 22 21 11 22 22 22 14 23 24 22 23
split_gain=908.716 281.889 164.002 56.8798 52.7896 49.4624 40.3389 37.9678 26.5568 29.6477 21.665 20.5461 19.1905 18.0415 16.5954 16.218 14.1276 13.8277 14.5797 13.7175 13.6246 13.7341 13.2932 14.622 12.1995 12.17 12.1332 12.1318 11.498 12.0793
threshold=16.105000000000004 42.062857142857148 9.3150000000000031 105.33500000000002 31.495000000000001 14.025 6.1607142857142874 -0.48313741114591585 1.3150000000000002 -0.98523971305672675 -0.814291907305839 1.4950000000000003 -0.45273527932988084 21.885000000000002 29.250000000000004 25.105000495910648 -0.861146256326485 0.50370931781787065 0.41202506375868281 -0.83377653105606597 262.50000000000006 5.0050001144409189 -0.98803845231459242 -0.90163369914317015 -0.75015329512557205 28.650000000000002 0.011826144619637555 -0.89499999999999991 -0.99866806308218525 -0.5129677127369543
decision_type=2 2 2 2 2 2 2 2 8 2 2 8 2 2 2 2 2 2 2 2 8 2 2 2 2 2 2 10 2 2
left_child=2 4 6 7 11 20 -1 10 -7 -10 -3 -2 13 19 -5 25 -8 18 22 -11 21 -4 26 -24 -12 -6 -13 -18 -27 -30
right_child=1 3 5 14 15 8 16 -9 9 12 24 17 -14 -15 -16 -17 27 -19 -20 -21 -22 -23 23 -25 -26 28 -28 -29 29 -31
leaf_value=-0.012348295086414465 0.0048633062514247954 0.042070889333321829 -0.0022848259482115161 0.0024227664607423018 0.018342485384465805 0.0006097391665489968 -0.0021556135203253599 0.019026516103740329 0.023202860443818425 0.018866725146029214 0.017225810318921765 0.022055744443223127 -8.0072896270272804e-05 0.020475498017769579 0.053922236039169957 0.032877508530034814 0.020253753244122569 -0.00079449704558034323 0.027104288350485992 0.0033038525629253083 -0.0076356995542447813 0.0066410918458603462 -0.0025936081943414395 0.013071152644447123 0.037614662372915032 0.019376651167748418 0.0039173534853400357 -0.0058560457312189194 0.018065378106159588 0.0099605877365715537
leaf_weight=61218 13686 530 35854 50 1194 32077 15955 1298 847 353 511 542 4046 1157 1011 863 160 625 306 3286 5720 1755 773 2433 815 505 185 96718 2383 3412
leaf_count=61218 13686 530 35854 50 1194 32077 15955 1298 847 353 511 542 4046 1157 1011 863 160 625 306 3286 5720 1755 773 2433 815 505 185 96718 2383 3412
internal_value=-0.000991292 0.00708148 -0.00196079 0.0191044 0.00519809 -0.000161879 -0.00284029 0.0157356 0.00106594 0.00335999 0.0203233 0.00371159 0.00250396 0.00464345 0.0291188 0.00849767 -0.00227961 0.00650288 0.00752654 0.00291426 -0.0013454 -0.000999629 0.00670862 0.00532439 0.016908 0.0077502 0.0128129 -0.00250666 0.00687301 0.00624245
internal_weight=290268 31122 259146 4215 26907 85095 174051 3154 41766 9689 1856 18550 8842 4796 1061 8357 112833 4864 4239 3639 43329 37609 3933 3206 1326 7494 727 96878 6300 5795
internal_count=290268 31122 259146 4215 26907 85095 174051 3154 41766 9689 1856 18550 8842 4796 1061 8357 112833 4864 4239 3639 43329 37609 3933 3206 1326 7494 727 96878 6300 5795
is_linear=0
shrinkage=0.05


Tree=22
num_leaves=31
num_cat=0
split_feature=0 5 5 8 5 4 5 22 5 23 22 13 13 8 5 22 15 22 23 13 22 13 22 22 23 23 22 9 24 22
split_gain=805.574 245.916 152.918 55.8297 45.3173 38.2299 28.3438 25.444 23.3915 21.4016 42.8029 19.6595 18.6136 17.1013 15.6293 15.2695 14.3403 14.125 24.8853 12.685 11.2407 11.8206 11.162 10.8382 12.4397 11.7895 11.1032 9.81109 10.1834 13.9913
threshold=16.105000000000004 36.575714285714291 8.4964285714285754 7.5000000000000009 12.563571428571432 24.635000000000002 5.861428571428573 -0.065535378769913874 105.33500000000002 -0.48313741114591585 -0.8041866928211282 0.55000000000000016 4.3500000000000005 8.5000000000000018 105.33500000000002 -0.91597725483594616 55.500000000000007 0.97696484778429815 0.11478523713130605 1.0000000180025095e-35 0.49812943072827093 1.7500000000000002 -0.85227431625818906 -0.92274349529687905 0.3484035575467645 -0.14250536273956091 -0.97876850416056738 673.84381103515636 1.3150000000000002 -0.97876850416056738
decision_type=2 2 2 2 2 2 2 2 2 2 2 2 2 2 2 2 2 2 2 2 2 2 2 2 2 2 2 2 8 2
left_child=2 5 6 9 7 16 -1 11 -5 10 22 -4 17 -7 -11 -16 -2 23 -19 -6 -9 -22 -3 24 25 26 -8 28 -21 -30
right_child=1 3 4 8 19 13 12 20 -10 14 -12 -13 -14 -15 15 -17 -18 18 -20 27 21 -23 -24 -25 -26 -27 -28 -29 29 -31
leaf_value=-0.012550584358871575 0.010131824565785685 0.023416066199025226 0.0046490955146074615 0.037005116920228613 0.011448947942064193 0.011004343544975311 0.01511423574192154 -0.0058904054050446068 0.062272925881502961 0.014565470562553527 0.024248890453733768 -0.0012037393814274119 -0.006865215037080691 0.028040881139404908 0.033523391997412361 0.014060544990197796 0.0033970206461727266 -0.0021858914732006871 0.015012391416253624 0.00026960754775517297 0.0012700491951821654 -0.0036488719400878215 0.04724742783118286 -0.0045859520364860832 0.013154186252472201 -0.0047702478592189304 0.0012396892517243469 0.0068310231932191675 0.01408537014232545 0.0036099606151521859
leaf_weight=52120 3196 238 6788 1063 1520 11447 258 15750 485 1508 1245 33043 67316 1185 143 249 10046 1325 550 15711 5029 22780 317 26608 135 1416 915 1358 759 5765
leaf_count=52120 3196 238 6788 1063 1520 11447 258 15750 485 1508 1245 33043 67316 1185 143 249 10046 1325 550 15711 5029 22780 317 26608 135 1416 915 1358 759 5765
internal_value=-0.000985263 0.00661558 -0.00189808 0.0164844 -0.000466947 0.0046139 -0.00292888 -0.0010277 0.0244574 0.0131486 0.0170556 -0.000114359 -0.00243004 0.0065817 0.00944737 0.0183418 0.00273675 -0.00142068 0.00278667 0.00139509 -0.00186288 -0.00125841 0.0286036 -0.00168962 0.00131424 0.000542679 0.00424979 0.00110986 0.000857881 0.00251839
internal_weight=290268 31122 259146 5248 108503 25874 150643 83390 1548 3700 1800 39831 98523 12632 1900 392 13242 31207 1875 25113 43559 27809 555 29332 2724 2589 1173 23593 22235 6524
internal_count=290268 31122 259146 5248 108503 25874 150643 83390 1548 3700 1800 39831 98523 12632 1900 392 13242 31207 1875 25113 43559 27809 555 29332 2724 2589 1173 23593 22235 6524
is_linear=0
shrinkage=0.05


Tree=23
num_leaves=31
num_cat=0
split_feature=3 5 5 5 13 13 22 3 5 13 13 24 22 24 22 24 22 14 24 20 22 13 24 24 22 24 22 15 22 22
split_gain=719.61 236.184 128.155 55.3176 35.2087 34.7416 34.346 28.3056 23.9765 22.3405 20.1939 17.4947 16.8931 24.4573 30.5136 17.1156 17.2399 16.1371 14.0076 15.8202 13.3595 14.5845 12.2466 35.8574 11.2043 10.8986 13.5833 13.6948 11.5306 10.6821
threshold=14.861666666666666 36.575714285714291 8.4321428571428587 105.33500000000002 0.25000000000000006 0.25000000000000006 -0.065535378769913874 5.205000000000001 20.605000000000008 0.55000000000000016 4.7500000000000009 0.89500000000000013 0.97696484778429815 0.36500000000000005 0.99374995976406788 0.095000000000000015 0.9893236546938301 32.250000000000007 inf 372.2000000000001 0.48314048284850658 1.7500000000000002 -0.43999999999999995 -0.089999999999999983 0.98802474685579866 -0.24999999999999997 -0.97876850416056738 45.500000000000007 -0.97113884758256674 -0.8781231054254196
decision_type=2 2 2 2 2 2 2 2 2 2 2 8 2 10 2 10 2 2 8 10 2 2 8 10 2 8 2 2 2 2
left_child=2 5 7 4 -3 11 9 -1 -7 -4 12 -2 22 14 15 16 -14 -5 -11 -20 -8 -22 -9 25 -17 26 -24 -28 -27 -6
right_child=1 3 6 17 29 8 20 10 -10 18 -12 -13 13 -15 -16 24 -18 -19 19 -21 21 -23 23 -25 -26 28 27 -29 -30 -31
leaf_value=-0.012599091021970477 0.0093243202659243126 0.035831755057444174 0.0050702412454466019 0.035116421287584521 0.014357322864030443 0.0037399719340245803 -0.0048686748336572343 -0.0097395413070244068 0.010483621390751926 -0.00058203590896071112 -0.00711877738422331 0.018612988770269491 -0.0068861898875641663 -0.0099260032899219156 -0.0047782305121596225 0.023203042579325133 0.014252548028726528 0.056071490761758047 0.036123663357029767 0.0017819371566666611 0.0018974465946702838 -0.0029421024092955721 0.013898898924715361 -0.0057107159565803148 0.0049540371331314179 -0.0095956669129244054 0.0056975651811440025 -0.0031739205034251568 0.0054576429936557605 0.023852675123088023
leaf_weight=39520 2512 1327 9281 497 1459 16872 18411 6394 7699 43445 72635 2935 228 869 506 318 170 574 278 502 6465 28000 204 19231 123 496 238 3675 3802 1602
leaf_count=39520 2512 1327 9281 497 1459 16872 18411 6394 7699 43445 72635 2935 228 869 506 318 170 574 278 502 6465 28000 204 19231 123 496 238 3675 3802 1602
internal_value=-0.00098733 0.00568439 -0.0019163 0.015251 0.0127644 0.00394463 -0.000591831 -0.0028657 0.00314375 0.000301273 -0.0024497 0.00755737 -0.00148591 0.00274616 0.00697026 0.0128188 0.00530151 0.0254388 -0.000166762 0.00647436 -0.00149558 -0.000914697 -0.00176116 -0.00130507 0.0196032 0.00141711 -0.000421425 -0.00107718 0.00317822 0.00981542
internal_weight=290268 35477 254791 5459 4388 30018 106382 148409 24571 53506 108889 5447 36254 2214 1345 839 398 1071 44225 780 52876 34465 34040 27646 441 8415 4117 3913 4298 3061
internal_count=290268 35477 254791 5459 4388 30018 106382 148409 24571 53506 108889 5447 36254 2214 1345 839 398 1071 44225 780 52876 34465 34040 27646 441 8415 4117 3913 4298 3061
is_linear=0
shrinkage=0.05


Tree=24
num_leaves=31
num_cat=0
split_feature=0 5 0 0 5 5 8 23 22 13 24 8 23 23 22 22 24 23 23 22 13 22 23 22 22 19 5 21 20 22
split_gain=648.719 191.305 136.377 53.6048 43.968 29.7934 28.0098 25.4563 26.2828 23.3815 21.2189 20.7136 16.1378 15.7213 19.275 13.2199 15.7728 17.7405 12.7608 12.7168 12.4934 12.9303 12.2835 17.3883 26.3448 13.2591 11.6464 11.008 10.9616 10.9157
threshold=15.905000000000003 32.962857142857153 8.5750000000000011 126.53000000000002 12.012142857142861 5.7907142857142864 8.5000000000000018 -0.49065906150552346 -0.8041866928211282 0.75000000000000011 1.4950000000000003 27.500000000000004 0.50370931781787065 -0.6652727025667432 -0.70291267844185523 -0.814291907305839 -0.064999999999999988 -0.48313741114591585 0.42763731121559989 -0.85227431625818906 1.0000000180025095e-35 -0.62588817255938378 0.04621408538533487 -0.98214942551678475 -0.89406062840022227 21.355000000000004 72.547142857142873 177.50000000000003 441.60000000000008 -0.78326540922535159
decision_type=2 2 2 2 2 2 2 2 2 2 8 2 2 2 2 2 8 2 2 2 2 2 2 2 2 2 2 8 10 2
left_child=2 6 5 7 9 -1 10 8 19 27 -2 29 18 14 -10 16 -11 -18 22 -3 21 -16 23 -12 -25 -26 -15 -4 -21 -5
right_child=1 3 4 11 -6 -7 -8 -9 13 15 12 -13 -14 26 20 -17 17 -19 -20 28 -22 -23 -24 24 25 -27 -28 -29 -30 -31
leaf_value=-0.011867080544500776 0.0045853127926455258 0.012001587975672424 0.0022175245990366239 0.041854533772551453 0.0023672697084312338 -0.0053141500577570796 0.025761088400422377 0.016703014662296529 0.033293568919389296 -0.0015387277245917708 0.017548917154670864 0.064931577018347758 -0.0024701842404301656 0.0012857672768814975 0.013109131534992928 -0.003419140870158298 0.017381937806248204 0.0060623544926592951 0.024225203792478209 0.045416552991169111 0.016116206447020588 0.045297329121345126 0.0021216637313433528 -0.0070726525926668006 0.0095400150653229057 0.021684420382450977 0.026437476623842611 -0.0038381539552314208 0.02720009897190169 0.018300987089282149
leaf_weight=48236 16831 230 12401 491 26288 106027 1532 2629 433 8486 1097 249 796 396 85 52114 289 1771 303 235 857 173 976 879 2189 1211 152 2546 221 145
leaf_count=48236 16831 230 12401 491 26288 106027 1532 2629 433 8486 1097 249 796 396 85 52114 289 1771 303 235 857 173 976 879 2189 1211 152 2546 221 145
internal_value=-0.000981301 0.00572096 -0.00181494 0.0135356 -0.000414602 -0.00275805 0.00381498 0.0116697 0.0150036 -0.00101325 0.00340128 0.0249435 0.00562273 0.0122233 0.0147997 -0.00143712 0.000177317 0.00410194 0.0064275 0.0234985 0.0113229 0.020969 0.00594931 0.00688616 0.00544636 0.00744118 0.00494525 0.000763697 0.0283333 0.0201572
internal_weight=290268 32110 258158 6296 103895 154263 25814 5411 2782 77607 24282 885 7451 2096 1548 62660 10546 2060 6655 686 1115 258 6352 5376 4279 3400 548 14947 456 636
internal_count=290268 32110 258158 6296 103895 154263 25814 5411 2782 77607 24282 885 7451 2096 1548 62660 10546 2060 6655 686 1115 258 6352 5376 4279 3400 548 14947 456 636
is_linear=0
shrinkage=0.05


Tree=25
num_leaves=31
num_cat=0
split_feature=0 5 5 8 4 8 5 5 0 5 22 24 17 17 22 23 22 23 22 13 13 22 24 22 22 22 23 22 24 23
split_gain=580.082 200.981 103.137 51.261 31.7411 31.6961 25.617 22.409 19.586 19.4698 16.4089 16.3577 19.3321 15.9521 14.7628 16.5625 16.1076 13.9915 30.4653 12.8121 12.4252 12.2573 12.0315 14.9787 19.7213 16.6667 11.7079 18.613 11.4998 10.7355
threshold=14.305000000000001 32.962857142857153 7.6450000000000022 19.500000000000004 24.635000000000002 3.5000000000000004 12.012142857142861 72.547142857142873 126.53000000000002 5.3764285714285736 -0.065535378769913874 -0.58499999999999985 157.50000000000003 145.50000000000003 -0.29343379936893921 -0.091258822863740666 -0.97876850416056738 -0.5129677127369543 -0.814291907305839 0.15000000000000005 5.0500000000000007 0.49812943072827093 2.0250000000000004 -0.861146256326485 -0.8041866928211282 -0.62588817255938378 -0.48313741114591585 -0.70291267844185523 -0.65999999999999981 -0.6652727025667432
decision_type=2 2 2 2 2 2 2 2 2 2 2 8 2 2 2 2 2 2 2 2 2 2 8 2 2 2 2 2 10 2
left_child=2 4 9 7 14 6 10 17 -5 -1 11 -4 -13 -6 15 16 -2 18 -3 -18 -11 -12 -15 -24 -25 -26 27 -9 -19 -20
right_child=1 3 5 8 13 -7 -8 26 -10 20 21 12 -14 22 -16 -17 19 28 29 -21 -22 -23 23 24 25 -27 -28 -29 -30 -31
leaf_value=-0.01254108901179265 0.016476302510518657 0.036892460681869334 -0.0053964673486509573 0.037337415898121243 0.0057228271967865608 0.0097000924041322056 0.00088069603246727186 0.037352337468888566 0.059277843234672667 -0.0037167025028034049 -0.0055078695142245677 -0.0032935160932870988 0.0015360378649668461 0.01063004006123628 0.00087213023813395942 0.0017100343937745005 0.014960836509983855 -0.0014479799460916814 0.019849204270486972 0.0044958467263638696 -0.0070048374350946511 -0.0028814812521022757 -0.0070813424580916471 0.046030938164002132 0.0090519877727324796 0.025001320407354935 0.019148177026427501 0.0072360288981292544 0.014312379603327693 0.0064557419339842451
leaf_weight=36763 1164 255 9912 639 5167 2931 23199 616 307 27039 20542 16279 19876 6450 10765 4757 1311 507 1200 4663 55577 36210 166 201 512 410 919 133 1370 428
leaf_count=36763 1164 255 9912 639 5167 2931 23199 616 307 27039 20542 16279 19876 6450 10765 4757 1311 507 1200 4663 55577 36210 166 201 512 410 919 133 1370 428
internal_value=-0.000973033 0.0044659 -0.00189161 0.012642 0.00300062 -0.000911175 -0.00103073 0.0107701 0.0233827 -0.00295065 -0.00136935 -0.000668267 -0.000174942 0.00497985 0.00187334 0.00308743 0.00461053 0.00863032 0.0116755 0.0035621 -0.00252469 -0.00193844 0.0064162 0.0108262 0.0128985 0.00980477 0.0155935 0.0202336 0.00557539 0.00915848
internal_weight=290268 41940 248328 6374 35566 128949 126018 5428 946 119379 102819 46067 36155 12906 22660 11895 7138 3760 1883 5974 82616 56752 7739 1289 1123 922 1668 749 1877 1628
internal_count=290268 41940 248328 6374 35566 128949 126018 5428 946 119379 102819 46067 36155 12906 22660 11895 7138 3760 1883 5974 82616 56752 7739 1289 1123 922 1668 749 1877 1628
is_linear=0
shrinkage=0.05


Tree=26
num_leaves=31
num_cat=0
split_feature=4 3 4 8 13 4 8 4 17 22 17 22 24 13 22 24 22 22 22 14 8 22 22 22 24 17 22 22 24 24
split_gain=513.378 145.09 133.007 37.7995 35.9621 35.1737 31.709 27.7212 21.4177 21.0634 20.588 19.3549 16.6878 14.7289 12.0915 11.872 26.5573 33.7119 16.045 12.5937 10.2672 10.1108 13.8807 10.0448 9.27261 13.9985 10.3785 13.7869 10.4748 8.87196
threshold=24.635000000000002 9.071666666666669 102.57500000000002 5.5000000000000009 0.35000000000000003 8.5950000000000006 29.500000000000004 14.615 139.50000000000003 -0.8781231054254196 134.50000000000003 -0.814291907305839 inf 4.1500000000000012 -0.97876850416056738 2.0250000000000004 -0.8781231054254196 -0.8041866928211282 -0.85227431625818906 31.950000000000003 13.500000000000002 0.97875492728876534 0.9916835347852474 -0.62588817255938378 -0.43999999999999995 157.50000000000003 0.97696484778429815 0.99274428880883148 0.36500000000000005 1.4950000000000003
decision_type=2 2 2 2 2 2 2 2 2 2 2 2 8 2 2 8 2 2 2 2 2 2 2 2 10 2 2 2 10 8
left_child=1 5 3 10 8 -1 9 -6 -3 -4 -2 -11 13 24 -10 -12 -17 18 -18 -20 21 -16 -23 -19 -7 -26 -27 28 -28 -9
right_child=2 4 6 -5 7 12 -8 29 14 11 15 -13 -14 -15 20 16 17 23 19 -21 -22 22 -24 -25 25 26 27 -29 -30 -31
leaf_value=-0.0094828673158259269 0.0034559371924720024 -0.0012883292432910379 0.019024217474727767 0.022901322367482463 -0.0028274838414571123 -0.0073796381632616611 0.051863979259027373 0.00017866006334083038 0.018602235465266397 0.038484987252164031 0.0084617455410797623 0.025937608810063364 0.015122781618492266 -0.0051283630598421785 0.0034363238111365779 -0.010855215816058646 0.011471578651085579 0.0099306546120444296 0.055006369660839875 0.020563165521237707 0.023154270244627219 0.016984664528994095 0.00070892542485087671 0.019264211694686111 -0.0039807779888283695 0.00022539742848863965 0.01523586785013286 -0.0026725759901733495 -0.012801115715785414 0.0038301780831789334
leaf_weight=62778 6858 4082 1279 2674 39984 5000 410 36447 1009 456 9781 685 158 74308 7941 381 112 1051 190 102 235 229 199 433 13670 11668 432 360 97 7259
leaf_count=62778 6858 4082 1279 2674 39984 5000 410 36447 1009 456 9781 685 158 74308 7941 381 112 1051 190 102 235 229 199 433 13670 11668 432 360 97 7259
internal_value=-0.000965109 -0.0016023 0.00597411 0.00463766 -6.59764e-05 -0.00249037 0.0161661 -0.000454655 0.00230924 0.0139876 0.00385075 0.0189264 -0.00193357 -0.00195788 0.00359773 0.00509543 0.0083539 0.0107839 0.0235891 0.0297603 0.00299047 0.00270104 0.0101869 0.00729784 -0.00104669 -0.000670493 0.00053476 0.00574241 0.010879 0.000415731
internal_weight=290268 265856 24412 21582 97385 168471 2830 83690 13695 2420 18908 1141 105693 105535 9613 12050 2269 1888 404 292 8604 8369 428 1484 31227 26227 12557 889 529 43706
internal_count=290268 265856 24412 21582 97385 168471 2830 83690 13695 2420 18908 1141 105693 105535 9613 12050 2269 1888 404 292 8604 8369 428 1484 31227 26227 12557 889 529 43706
is_linear=0
shrinkage=0.05


Tree=27
num_leaves=31
num_cat=0
split_feature=0 5 0 5 4 22 24 13 17 24 22 4 22 20 13 17 11 23 16 17 22 23 11 24 20 21 17 22 24 24
split_gain=473.408 168.068 84.5147 46.4692 29.6778 26.5989 33.8456 21.9675 20.2528 17.2351 21.0162 16.4347 14.4512 15.812 13.4437 11.8262 11.3655 11.0875 10.8098 10.4018 10.7136 19.9656 9.85389 9.71648 9.63809 9.27824 9.11732 8.67576 10.2601 9.52346
threshold=13.455000000000002 32.962857142857153 6.8950000000000005 105.33500000000002 25.145000000000003 -0.065535378769913874 -0.58499999999999985 1.0000000180025095e-35 155.50000000000003 0.89500000000000013 -0.98803845231459242 8.7850000000000019 0.12545942051955489 429.10000000000008 1.0000000180025095e-35 147.50000000000003 7.5250000953674325 -0.091258822863740666 7.3500000000000005 145.50000000000003 0.97696484778429815 0.1318557721318592 12.904999732971193 1.3800000000000001 320.50000000000006 207.50000000000003 139.50000000000003 -0.13398594226331254 2.0250000000000004 1.7100000000000002
decision_type=2 2 2 2 2 2 8 2 2 8 2 2 2 10 2 2 2 2 2 2 2 2 2 8 10 8 2 2 10 10
left_child=2 4 11 7 9 6 -4 15 -8 -2 17 -1 -7 25 -5 -3 27 -11 -16 -15 -21 -22 26 -17 -12 -14 -6 -10 29 -29
right_child=1 3 5 14 22 12 8 -9 16 10 24 -13 13 19 18 23 -18 -19 -20 20 21 -23 -24 -25 -26 -27 -28 28 -30 -31
leaf_value=-0.0099830449356225603 0.0013393925326375599 0.017455093331383328 -0.0056827710438025619 0.051425942161299969 0.0037430376822383499 -0.007465355142302137 -0.0017032031142432816 0.014753803723713278 0.0014156168764395318 0.021126741031870445 9.4765507245880869e-05 -0.0052950930531095279 -0.0025724861836167756 -0.0037804929391604654 0.0070058092212522908 -0.0017053603679680113 0.0097081775654664273 0.011360004296874122 0.037723444454613238 0.0019675905705232905 0.0036174517138865257 0.028240792821612432 0.020096997815385563 0.035677408676628074 0.00676927154443039 -0.0056481553466420052 0.0097109373005157904 0.0046372527120924056 -0.01980270575207917 0.012382671681006286
leaf_weight=53306 21250 377 14119 259 4040 8597 22536 4218 24499 381 2389 49427 45643 2075 106 58 1417 347 701 3740 294 132 1679 697 5452 14141 7038 811 228 311
leaf_count=53306 21250 377 14119 259 4040 8597 22536 4218 24499 381 2389 49427 45643 2075 106 58 1417 347 701 3740 294 132 1679 697 5452 14141 7038 811 228 311
internal_value=-0.000948056 0.00353302 -0.00185796 0.011077 0.00239618 -0.00105213 -0.000303579 0.00917757 0.000309023 0.00153275 0.00342572 -0.00294467 -0.00169334 -0.00144226 0.0206098 0.0153622 0.0012257 0.0115522 0.0174287 0.000952571 0.00239318 0.0099061 0.00441444 0.0189735 0.00267121 -0.00169226 0.00387344 0.000986691 0.00488889 0.00685383
internal_weight=290268 48992 241276 6416 42576 138543 63921 5350 49802 29819 8569 102733 74622 66025 1066 1132 27266 728 807 6241 4166 426 12757 755 7841 59784 11078 25849 1350 1122
internal_count=290268 48992 241276 6416 42576 138543 63921 5350 49802 29819 8569 102733 74622 66025 1066 1132 27266 728 807 6241 4166 426 12757 755 7841 59784 11078 25849 1350 1122
is_linear=0
shrinkage=0.05


Tree=28
num_leaves=31
num_cat=0
split_feature=0 4 0 4 8 4 8 23 23 8 3 21 24 24 23 23 17 4 17 23 23 24 14 23 24 8 24 24 17 9
split_gain=427.65 142.612 80.0209 54.1695 32.4977 26.9049 20.0766 18.0454 21.2659 17.1001 16.5381 15.4803 17.1787 14.0771 14.5425 14.0036 12.7774 12.4179 12.2562 15.2733 18.0626 19.1404 13.9647 12.3064 10.4441 10.4538 10.0689 20.4704 14.4683 9.56647
threshold=13.455000000000002 102.57500000000002 6.8950000000000005 30.225000000000005 30.500000000000004 11.865 9.5000000000000018 -0.49812626372919411 -0.58481178939031186 2.5000000000000004 4.8416666666666677 147.50000000000003 -0.43999999999999995 1.3150000000000002 0.50370931781787065 0.41202506375868281 135.50000000000003 22.255000000000006 145.50000000000003 -0.52765736634565841 -0.59867820553660911 -0.27499999999999997 31.950000000000003 -0.67801649466304881 1.8750000000000002 24.500000000000004 0.24500000000000002 -0.43999999999999995 193.50000000000003 998.87963867187511
decision_type=2 2 2 2 2 2 2 2 2 2 2 8 8 8 2 2 2 2 2 2 2 10 2 2 8 2 10 8 2 2
left_child=2 3 10 6 7 11 13 8 -3 16 -1 12 -4 -2 15 -15 -7 -18 -5 20 23 22 -22 -20 25 -21 27 -12 -29 -30
right_child=1 4 5 18 -6 9 -8 -9 -10 -11 26 -13 -14 14 -16 -17 17 -19 19 24 21 -23 -24 -25 -26 -27 -28 28 29 -31
leaf_value=-0.011211574251696308 0.0015218723409458623 0.022992332937233729 -0.0070618347492553248 0.0080372732501959015 0.04859716680721915 -0.0028231018334328875 0.019026465624863053 0.015521681968891069 0.037096410923282142 0.0083899394293990483 -0.0083445080410304868 -0.0066160184791727644 -0.0016246961010939695 0.006870056266227934 -0.0030663134567194853 0.019114099900122833 -0.00036813235474376612 0.0056963075964116035 0.020067717022330098 0.010815875028563337 0.045106663942767161 -0.0024139350838783616 0.029434941087635821 0.0026318514922528584 -0.0016187329459561044 0.042969899092825475 -0.0079070877842245309 -0.0051566890483807385 -0.0013945938661976806 0.0042924746237612979
leaf_weight=29872 24888 670 12354 4708 394 24630 958 1292 362 2599 16043 13368 42337 7177 1356 373 40098 3157 1864 3429 144 80 139 405 618 135 28676 13410 12808 1924
leaf_count=29872 24888 670 12354 4708 394 24630 958 1292 362 2599 16043 13368 42337 7177 1356 373 40098 3157 1864 3429 144 80 139 405 618 135 28676 13410 12808 1924
internal_value=-0.000927041 0.00333197 -0.00179185 0.00267818 0.0144628 -0.00100774 0.00169314 0.0122117 0.0171415 -0.000323053 -0.00284928 -0.00171682 -0.00134401 0.0014908 0.00319672 0.00405298 -0.000475438 4.21905e-05 0.00564919 0.0070047 0.0099886 0.0203444 0.0264488 0.00833186 0.00512673 0.00616723 -0.00244308 -0.00196956 -0.00115699 -7.53474e-05
internal_weight=290268 48992 241276 46274 2718 138543 34752 2324 1032 70484 102733 68059 54691 33794 8906 7550 67885 43255 11522 6814 2632 363 283 2269 4182 3564 72861 44185 28142 14732
internal_count=290268 48992 241276 46274 2718 138543 34752 2324 1032 70484 102733 68059 54691 33794 8906 7550 67885 43255 11522 6814 2632 363 283 2269 4182 3564 72861 44185 28142 14732
is_linear=0
shrinkage=0.05


Tree=29
num_leaves=31
num_cat=0
split_feature=0 5 5 5 11 13 5 13 24 24 4 13 17 21 4 20 13 24 17 17 20 23 17 23 24 12 23 4 23 24
split_gain=383.093 134.293 75.8202 41.4163 22.8425 22.5999 19.8938 19.3478 15.4518 31.3552 14.8663 14.7856 14.4243 13.4152 11.4637 11.1713 10.6953 10.0781 9.59077 8.97404 8.65565 8.63261 8.55506 8.54721 8.57997 8.22058 9.63897 8.19172 7.99984 7.96657
threshold=13.225000000000003 30.295000000000005 6.8778571428571444 105.33500000000002 5.1649999618530282 0.55000000000000016 10.403571428571432 0.45000000000000007 -0.43999999999999995 -0.029999999999999995 20.275000000000002 1.9500000000000002 145.50000000000003 102.50000000000001 31.495000000000001 479.7000000000001 8.4500000000000011 -0.58499999999999985 139.50000000000003 131.50000000000003 93.65000000000002 -0.78324956448884031 147.50000000000003 -0.73865259438682551 1.6100000000000003 1.0000000180025095e-35 -0.71502926860092908 189.73500000000004 0.14888728888808328 inf
decision_type=2 2 2 2 2 2 2 2 8 10 2 2 2 8 2 10 2 8 2 2 10 2 2 2 8 2 2 2 2 8
left_child=2 4 8 7 10 14 13 12 -1 11 -2 -10 -3 16 -4 25 17 -7 -12 -19 -11 -14 -6 -23 -25 -5 -27 -17 -24 -8
right_child=1 3 5 15 22 6 29 -9 9 20 18 -13 21 -15 -16 27 -18 19 -20 -21 -22 23 28 24 -26 26 -28 -29 -30 -31
leaf_value=-0.011245047473594606 0.00093038682620952924 0.012905817642404734 0.00085281555127673459 0.014866409938861494 0.0057497497614245599 -0.0064218240001266309 -0.00067694149606655385 0.011510250060694942 0.0029430346993487046 -0.010412465670444612 0.0018326388514977865 -0.002671134733357301 0.037931150260845883 -0.0059455227243864397 0.024783642476251998 0.021011849733294216 -0.0039582030751704675 -0.0032862807333265799 0.0064097418198492268 0.00022163087868665236 -0.0064882646877251933 0.0047998632667898876 0.014689590475196088 0.015285788881878405 0.028056982107861742 -0.0024236134776523871 0.030076163970924021 0.051949376102010052 0.0017785864317282571 0.019697707782032402
leaf_weight=23915 20910 659 16695 188 2556 4413 34725 4300 3732 19364 6099 14561 219 16787 281 96 43540 11615 10205 21296 27718 151 3259 181 898 57 450 277 614 507
leaf_count=23915 20910 659 16695 188 2556 4413 34725 4300 3732 19364 6099 14561 219 16787 281 96 43540 11615 10205 21296 27718 151 3259 181 898 57 450 277 614 507
internal_value=-0.000922046 0.00300681 -0.00176185 0.00919877 0.00194613 -0.00107464 -0.00129411 0.00767946 -0.00291522 -0.0025174 0.00147068 -0.000760675 0.0116034 -0.00166158 0.00064326 0.0183146 -0.00139456 -0.000773498 0.00260243 -0.00047264 -0.00319995 0.0143927 0.00469824 0.0127642 0.0143234 0.0145683 0.0178797 0.0252949 0.00617996 -0.000275603
internal_weight=290268 51119 239149 7476 43643 149859 132883 6408 89290 65375 37214 18293 2108 97651 16976 1068 80864 37324 16304 32911 47082 1449 6429 1230 1079 695 507 373 3873 35232
internal_count=290268 51119 239149 7476 43643 149859 132883 6408 89290 65375 37214 18293 2108 97651 16976 1068 80864 37324 16304 32911 47082 1449 6429 1230 1079 695 507 373 3873 35232
is_linear=0
shrinkage=0.05


Tree=30
num_leaves=31
num_cat=0
split_feature=0 5 5 5 5 8 8 13 24 13 24 21 24 24 24 8 17 5 17 13 17 24 5 13 24 14 17 13 20 20
split_gain=347.695 116.331 72.0865 35.562 22.5237 22.4899 20.5935 17.5864 17.2996 16.5119 15.0898 14.4364 16.2674 14.2109 26.1598 13.7097 13.265 12.0797 11.0612 10.8809 10.4952 9.89278 8.89537 7.77804 7.52886 7.23227 7.17116 8.05938 6.76793 6.64642
threshold=13.225000000000003 30.295000000000005 6.6350000000000025 105.33500000000002 10.403571428571432 8.5000000000000018 31.500000000000004 7.5500000000000007 1.4950000000000003 0.45000000000000007 1.8750000000000002 102.50000000000001 -0.58499999999999985 -0.43999999999999995 -0.029999999999999995 12.500000000000002 145.50000000000003 15.610714285714289 155.50000000000003 1.9500000000000002 145.50000000000003 -0.27499999999999997 52.487142857142864 1.0000000180025095e-35 1.6100000000000003 32.150000000000013 124.50000000000001 0.95000000000000007 344.30000000000001 93.65000000000002
decision_type=2 2 2 2 2 2 2 2 8 2 10 8 8 8 10 2 2 2 2 2 2 10 2 2 8 2 2 2 10 10
left_child=2 5 13 9 7 8 -5 11 17 16 20 12 -4 -1 19 18 -3 26 -14 -15 25 -19 23 -6 -18 -10 -2 -28 -20 -16
right_child=1 3 4 6 22 -7 -8 -9 10 -11 -12 -13 15 14 29 -17 24 21 28 -21 -22 -23 -24 -25 -26 -27 27 -29 -30 -31
leaf_value=-0.011231050543487876 -0.0019022218677187321 0.012260526760284496 -0.0066976565373412667 0.024698360983676521 0.0052838875259134032 0.018931805456920352 0.049772480506998479 -0.004152568987785917 0.00029256047138621118 0.010934737557660185 -0.0023242903987731266 -0.0044398776781973352 -0.0020932503172436368 0.0027036813975230612 -0.010128210849313103 0.041005188593465497 0.011494302042788644 0.0064379140832207214 -0.0003784013153551593 -0.0026582315853121478 0.010925946699841529 0.0026170754509794924 0.03505038440955343 -0.00048135768875147617 0.027632296874204699 0.0090983766403712595 0.0042610272315844735 0.00019032025985300837 0.0021997939401360192 -0.0065429694805988941
leaf_weight=21913 5914 659 5303 848 2082 1812 220 61233 2217 4300 1454 11564 17312 3180 17746 115 217 4026 12232 12770 5307 6877 60 38486 1232 1297 4812 9927 10779 24374
leaf_count=21913 5914 659 5303 848 2082 1812 220 61233 2217 4300 1454 11564 17312 3180 17746 115 217 4026 12232 12770 5307 6877 60 38486 1232 1297 4812 9927 10779 24374
internal_value=-0.000902409 0.00284053 -0.00170248 0.00860353 -0.00108711 0.00185333 0.0170506 -0.00143532 0.0016171 0.00719569 0.00339903 -0.000805777 -0.000406748 -0.00292706 -0.00251765 -6.52863e-05 0.0108207 0.00103689 -0.000114452 -0.000793105 0.00417696 0.00238329 -7.11344e-05 -9.95871e-05 0.0134955 0.00205748 0.000326102 0.000916275 0.00060384 -0.0031707
internal_weight=290268 51119 239149 7476 159166 43643 1068 118538 41831 6408 10275 57305 45741 79983 58070 40438 2108 31556 40323 15950 8821 10903 40628 40568 1449 3514 20653 14739 23011 42120
internal_count=290268 51119 239149 7476 159166 43643 1068 118538 41831 6408 10275 57305 45741 79983 58070 40438 2108 31556 40323 15950 8821 10903 40628 40568 1449 3514 20653 14739 23011 42120
is_linear=0
shrinkage=0.05


Tree=31
num_leaves=31
num_cat=0
split_feature=0 5 0 8 4 22 23 22 22 5 23 22 22 13 22 23 21 5 22 22 21 22 5 22 15 22 22 9 22 5
split_gain=309.876 103.97 70.4203 27.9413 27.8971 23.8773 30.4611 36.5783 25.0912 17.4796 14.7301 25.6587 14.366 14.3236 14.2556 14.5716 12.6319 11.9632 11.8558 18.5201 13.2798 11.1802 10.9185 10.0996 9.85297 9.35592 14.8746 11.8005 11.4805 11.0873
threshold=13.225000000000003 42.062857142857148 6.6950000000000012 24.500000000000004 28.445000000000004 -0.065535378769913874 -0.056951011027366626 -0.97876850416056738 -0.98803845231459242 5.3764285714285736 -0.49812626372919411 -0.814291907305839 0.10837544681456425 2.3500000000000001 -0.27694604220087021 -0.9292178835113839 52.500000000000007 8.2050000000000036 0.97314989601849466 0.99374995976406788 177.50000000000003 -0.88622299073327826 105.33500000000002 -0.814291907305839 42.500000000000007 -0.39826117949089107 -0.28519255817492867 600.63439941406261 -0.20180236284700911 9.8114285714285732
decision_type=2 2 2 2 2 2 2 2 2 2 2 2 2 2 2 2 10 2 2 2 8 2 2 2 2 2 2 2 2 2
left_child=2 4 9 10 14 6 7 8 -4 -1 11 -3 -7 18 15 -2 21 -8 24 20 -20 -9 -5 -23 -14 -25 27 29 -28 -27
right_child=1 3 5 22 -6 12 17 16 -10 -11 -12 -13 13 -15 -16 -17 -18 -19 19 -21 -22 23 -24 25 -26 26 28 -29 -30 -31
leaf_value=-0.010537978547000559 0.010353740354826231 0.030266509760921569 0.0051107187743992376 0.031651615783083467 0.0090098681948520241 -0.0070676606316035714 -0.005633684097797232 -0.0027775837556633836 0.017823695341983137 -0.0048643062274216697 0.01010497031001165 0.017217964749353359 0.0066203538345857658 -0.0033149117816066993 0.00036812352964449161 0.0036436156131855282 -0.0024348001024337724 -0.00092176223896177931 0.013391850296575436 -0.0039158563947650831 -0.0065254695539335361 0.0091335556626428206 0.04571653648295284 -4.1709316640287676e-05 -0.0012163690507857045 0.012939322995921957 -0.0041640174761957659 -0.0020770967665517245 0.0033837096451728253 0.0071882940109402292
leaf_weight=32773 1017 480 1880 408 11505 8023 13643 4752 1239 63702 1805 1323 201 52044 16636 17683 8466 18694 1024 945 331 2099 262 8390 14786 765 1776 322 2464 830
leaf_count=32773 1017 480 1880 408 11505 8023 13643 4752 1239 63702 1805 1323 201 52044 16636 17683 8466 18694 1024 945 331 2099 262 8390 14786 765 1776 322 2464 830
internal_value=-0.000894485 0.00263904 -0.00164979 0.0101005 0.00195758 -0.000944252 -0.000240356 0.000828759 0.00598108 -0.00269319 0.0083592 0.0115557 -0.00153864 -0.00130685 0.00126132 0.00220855 0.00029065 -0.00133083 -5.98728e-05 0.00328261 0.00702952 0.00093747 0.0194776 0.00154812 -0.000572831 0.00108029 0.0025605 0.00621544 0.000908018 0.00797806
internal_weight=290268 51119 239149 4278 46841 142674 65320 32983 3119 96475 3608 1803 77354 69331 35336 18700 29864 32337 17287 2300 1355 21398 670 16646 14987 14547 6157 1917 4240 1595
internal_count=290268 51119 239149 4278 46841 142674 65320 32983 3119 96475 3608 1803 77354 69331 35336 18700 29864 32337 17287 2300 1355 21398 670 16646 14987 14547 6157 1917 4240 1595
is_linear=0
shrinkage=0.05


Tree=32
num_leaves=31
num_cat=0
split_feature=5 5 5 4 22 17 13 22 22 17 8 22 22 20 20 19 5 11 13 17 4 21 13 22 17 4 15 2 20 22
split_gain=284.964 92.8131 66.8256 30.0327 29.9731 21.3542 18.8967 18.8803 23.8622 18.3681 18.0889 15.8449 38.818 15.9923 14.4032 13.6594 12.8354 11.8479 11.0918 9.50325 9.32663 8.58858 9.03233 8.703 11.4562 7.95426 7.83847 7.56048 7.54662 8.20403
threshold=12.563571428571432 30.295000000000005 6.6350000000000025 134.03500000000003 -0.861146256326485 136.50000000000003 8.2500000000000018 -0.99763297024448894 -0.97876850416056738 139.50000000000003 93.500000000000014 0.97696484778429815 0.99374995976406788 259.30000000000001 583.65000000000009 18.315000000000001 4.7464285714285728 15.565000057220461 0.45000000000000007 145.50000000000003 36.055000000000007 397.50000000000006 7.8500000000000005 0.97112537654464559 243.50000000000003 11.775 70.500000000000014 1.5499999999999998 419.7000000000001 -0.88622299073327826
decision_type=2 2 2 2 2 2 2 2 2 2 2 2 2 10 10 2 2 2 2 2 2 8 2 2 2 2 2 2 10 2
left_child=2 9 16 18 7 -6 11 -4 26 -2 -5 25 13 -13 20 -15 -1 -10 19 -3 -11 22 23 -18 -25 -7 -9 -16 29 -19
right_child=1 3 4 10 5 6 -8 8 17 14 -12 12 -14 15 27 -17 21 28 -20 -21 -22 -23 -24 24 -26 -27 -28 -29 -30 -31
leaf_value=-0.012060596059961291 0.00054972553203678468 0.01103149577688884 -0.0095594690701646876 0.023998828490249372 -0.0042449067915131221 -0.0023883157078864602 -0.0029830959133031565 0.0086489129058477231 -0.00030498658292078666 0.0030784477812943246 0.052450316389565724 -0.0048940794897243019 -0.0067909496778559841 0.011407442321462645 0.0096897205321072669 0.017290563709104853 -0.0035343524378756391 0.025918254614298711 0.0089991781925861415 0.024276820447709707 0.011182490483558245 -0.0083705718759528279 -0.0058508530310061348 -0.0039227977398786406 0.012659802666206116 0.00043224840946428852 0.00097141997283311436 0.022118739964614324 0.0048017536898602945 0.054510678694347781
leaf_weight=20573 17439 613 2840 1762 47404 18882 41730 4706 14074 22747 101 293 1482 1405 1193 124 18809 129 4109 1187 2580 12889 26491 714 559 23054 1273 737 311 58
leaf_count=20573 17439 613 2840 1762 47404 18882 41730 4706 14074 22747 101 293 1482 1405 1193 124 18809 129 4109 1187 2580 12889 26491 714 559 23054 1273 737 311 58
internal_value=-0.000878293 0.00245692 -0.00161417 0.0075 -0.00101718 -0.00130472 -0.000839371 0.000634645 0.00116272 0.00158001 0.0130354 -0.000131522 0.00320218 0.00809001 0.00239076 0.0101406 -0.00279097 7.13686e-05 0.00575478 0.00902778 0.00207348 -0.00241852 -0.0021024 -0.00130266 0.00269835 -0.000394173 0.00382254 0.0065544 0.0076506 0.0155882
internal_weight=290268 52468 237800 7772 157765 134374 86970 23391 20551 44696 1863 45240 3304 1822 27257 1529 80035 14572 5909 1800 25327 59462 46573 20082 1273 41936 5979 1930 498 187
internal_count=290268 52468 237800 7772 157765 134374 86970 23391 20551 44696 1863 45240 3304 1822 27257 1529 80035 14572 5909 1800 25327 59462 46573 20082 1273 41936 5979 1930 498 187
is_linear=0
shrinkage=0.05


Tree=33
num_leaves=31
num_cat=0
split_feature=5 5 0 8 13 0 5 21 21 8 23 23 23 1 23 23 20 4 0 23 23 23 23 23 8 23 15 20 23 23
split_gain=256.061 82.562 62.896 26.098 23.2252 19.2857 17.707 14.0332 12.6956 13.4306 11.4961 36.163 15.1564 11.2507 9.56829 20.0361 13.0669 9.21726 8.66862 8.39034 7.97886 15.4276 7.74012 14.629 13.629 7.27967 7.13201 7.07746 6.34451 8.23859
threshold=12.563571428571432 36.575714285714291 6.8950000000000005 24.500000000000004 0.95000000000000007 20.825000000000003 5.3764285714285736 187.50000000000003 177.50000000000003 13.500000000000002 -0.082691941062253513 -0.21022037796396451 -0.15950993297387572 124.20500000000003 -0.49812626372919411 -0.58481178939031186 456.60000000000008 10.785000000000002 10.055000000000001 0.8511460603353429 0.39629089145655322 -0.8611288361322974 -0.45273527932988084 -0.5129677127369543 3.5000000000000004 -0.52765736634565841 61.500000000000007 363.90000000000003 0.080547328232315238 0.21652257995689161
decision_type=2 2 2 2 2 2 2 8 8 2 2 2 2 2 2 2 10 2 2 2 2 2 2 2 2 2 2 10 2 2
left_child=2 5 6 14 8 18 -1 10 9 20 11 22 17 -5 15 -3 25 -13 -2 27 21 -4 23 -6 -25 -17 -19 -8 -12 -30
right_child=1 3 4 13 7 -7 19 -9 -10 -11 28 12 -14 -15 -16 16 -18 26 -20 -21 -22 -23 -24 24 -26 -27 -28 -29 29 -31
leaf_value=-0.0094844707523350068 -0.001776469883189446 0.015214079000742873 -0.00045379690014203601 0.027007996908348209 -0.0013259326244381823 0.0069925049036152669 -0.0042305046246695951 -0.0047781740592745996 -0.0034554477324718288 0.026109339295874886 -0.0071981190298306755 0.012447819484159524 0.0036424175672777866 0.042448133549540884 0.0095175148995810845 0.034111499389072562 0.011934896162702577 0.016667228987728173 0.0025099510781108857 -0.0066574386203497862 -0.0011283226094603682 0.0045948391041563848 -0.0045033290656748791 0.004906474297325541 0.055545915098384482 0.011511562420709271 0.014450129763162671 -0.00052273748157443192 0.0016530183449480565 -0.0028547323206956918
leaf_weight=33411 5663 1757 6585 477 30362 11439 46891 15131 4637 218 4841 734 2077 251 2498 220 196 299 29846 13943 6096 8563 8373 1928 56 121 629 7358 4116 41552
leaf_count=33411 5663 1757 6585 477 30362 11439 46891 15131 4637 218 4841 734 2077 251 2498 220 196 299 29846 13943 6096 8563 8373 1928 56 121 629 7358 4116 41552
internal_value=-0.000857106 0.00230445 -0.00155467 0.00808877 -0.000852333 0.00162435 -0.00249614 -0.00117023 0.000488715 0.0010013 -0.000944908 -0.000358542 0.00434742 0.0169093 0.00674875 0.00908021 0.0175326 0.00790614 0.00104917 -0.00203411 0.000874599 0.0014893 -0.000790664 -0.000439932 0.00371976 0.0234457 0.0112177 -0.00175294 -0.00146103 -0.00127858
internal_weight=290268 52468 237800 5520 136197 46948 101603 110098 26099 21462 94967 44458 3739 728 4792 2294 537 1662 35509 68192 21244 15148 40719 32346 1984 341 928 54249 50509 45668
internal_count=290268 52468 237800 5520 136197 46948 101603 110098 26099 21462 94967 44458 3739 728 4792 2294 537 1662 35509 68192 21244 15148 40719 32346 1984 341 928 54249 50509 45668
is_linear=0
shrinkage=0.05


Tree=34
num_leaves=31
num_cat=0
split_feature=0 5 5 5 22 24 17 22 9 24 24 22 8 17 24 23 15 15 13 24 22 23 20 5 22 17 23 23 13 22
split_gain=233.78 71.4268 59.2024 30.1847 22.1546 23.4682 22.6736 16.3399 16.0838 15.8219 29.6634 16.973 15.2645 12.4643 12.2547 27.8978 11.7967 10.7175 10.7058 9.9337 9.7541 44.4242 19.9626 12.5484 10.5833 9.75046 13.0379 9.07252 8.77957 10.1647
threshold=13.025 24.625000000000004 6.6350000000000025 105.33500000000002 -0.065535378769913874 -0.58499999999999985 157.50000000000003 0.10837544681456425 41.948736190795906 -0.43999999999999995 -0.029999999999999995 0.98667101781630195 78.500000000000014 145.50000000000003 0.16500000000000004 -0.97874870457683594 42.500000000000007 73.500000000000014 0.45000000000000007 -0.43999999999999995 -0.97876850416056738 -0.14250536273956091 426.60000000000008 11.056428571428574 -0.99630266176052629 169.50000000000003 0.95936279103287792 -0.39036009226888674 8.9500000000000011 0.63920241694561786
decision_type=2 2 2 2 2 8 2 2 2 8 10 2 2 2 10 2 2 2 2 10 2 2 10 2 2 2 2 2 2 2
left_child=2 8 9 18 5 27 -7 -6 13 -1 11 19 -5 -2 15 17 -17 -9 -3 -11 21 22 23 -8 -23 -21 28 -4 29 -27
right_child=1 3 4 12 7 6 20 14 -10 10 -12 -13 -14 -15 -16 16 -18 -19 -20 25 -22 24 -24 -25 -26 26 -28 -29 -30 -31
leaf_value=-0.0097073181350478405 0.0017561058999025882 0.017300496222908801 0.013718259720831094 0.02278647817126421 -0.0067135919123951261 -0.0018687561828929595 0.022774949334036624 0.0076948727577506029 0.00082844685334117381 0.01548521925949083 -0.0066743426076825516 0.011820778070706851 0.047631853616402008 0.007519069955706878 -0.0037745649312301618 0.0070087832403572421 -0.001567390325233003 0.020362602719625918 0.0081622945200691636 -0.0051713431866283188 0.0013367041456506881 -0.0047001646783602809 0.011594734755736892 0.020674623853078816 0.00748440857677256 0.0015089532433741864 -0.0080761360601108913 -0.0042916295405849699 -0.00064312126300647323 0.0081106047108270626
leaf_weight=21911 5895 2844 95 964 9479 25613 273 532 27824 95 42114 366 104 8993 36031 194 38628 111 6611 6520 27160 1408 277 96 1263 2785 1476 15906 3792 908
leaf_count=21911 5895 2844 95 964 9479 25613 273 532 27824 95 42114 366 104 8993 36031 194 38628 111 6611 6520 27160 1408 277 96 1263 2785 1476 15906 3792 908
internal_value=-0.000831612 0.00216258 -0.00150407 0.00585242 -0.000940243 -0.00029553 0.000186307 -0.0014872 0.00125351 -0.00261152 -0.00217945 -0.000342493 0.0138202 0.00257993 -0.00124152 -0.00063284 -0.000803927 0.00969673 0.0049524 -0.00059258 0.00110788 0.00366747 0.0154334 0.0230488 0.000821788 -0.000691494 0.000378863 -0.00198456 0.00122578 0.00296101
internal_weight=290268 53235 237033 10523 157066 72091 56090 84975 42712 79967 58056 15942 1068 14888 75496 39465 38822 643 9455 15576 30477 3317 646 369 2671 15481 8961 16001 7485 3693
internal_count=290268 53235 237033 10523 157066 72091 56090 84975 42712 79967 58056 15942 1068 14888 75496 39465 38822 643 9455 15576 30477 3317 646 369 2671 15481 8961 16001 7485 3693
is_linear=0
shrinkage=0.05


Tree=35
num_leaves=31
num_cat=0
split_feature=5 5 5 4 22 17 17 9 22 13 5 13 22 22 20 22 22 20 11 15 11 21 13 18 13 22 17 22 22 22
split_gain=214.493 69.5833 51.6142 22.8222 22.1001 17.6992 16.9475 16.4043 16.3206 14.9562 14.8295 13.0918 11.5439 30.9015 13.0196 10.5325 9.76178 11.6854 13.1413 8.91937 10.374 8.62371 8.27506 8.25916 7.9785 8.00414 11.5407 8.74193 7.84783 11.747
threshold=12.012142857142861 30.295000000000005 6.6935714285714303 134.03500000000003 -0.861146256326485 136.50000000000003 136.50000000000003 74.368156433105483 -0.99630266176052629 8.2500000000000018 4.6907142857142867 0.45000000000000007 0.97696484778429815 0.99374995976406788 252.40000000000003 -0.97876850416056738 -0.92274349529687905 456.60000000000008 14.215000152587892 48.500000000000007 29.204999923706058 372.50000000000006 0.45000000000000007 16.885000000000002 7.8500000000000005 0.97508442350096236 243.50000000000003 0.99274428880883148 0.97696484778429815 0.99374995976406788
decision_type=2 2 2 2 2 2 2 2 2 2 2 2 2 2 10 2 2 10 2 2 2 8 2 2 2 2 2 2 2 2
left_child=2 6 10 22 7 -6 -2 8 -4 12 -1 28 -7 14 -14 -10 -17 18 -18 20 -5 24 -3 -13 25 -12 -27 -28 -8 -30
right_child=1 3 4 19 5 9 11 -9 15 -11 21 23 13 -15 -16 16 17 -19 -20 -21 -22 -23 -24 -25 -26 26 27 -29 29 -31
leaf_value=-0.010966595829249012 4.062744881578551e-05 0.017689154425000658 -0.0077767966281107369 0.02533534629727174 -0.0038684269205940371 -0.00072713942400194056 0.0077668846384501616 -0.0012866849225966987 0.010592854680004496 -0.0026988623907767254 -0.0029274784579645607 0.0013894988919310517 -0.0044502783458243668 -0.0065176383478246225 0.011584421125028915 -0.00013830801067401803 0.0089117109966678626 -0.0016243396054219329 0.043974085305459543 0.018349688501911845 0.046343962063059317 -0.0073722007192506302 0.0075528487008540554 0.0057856101289501588 -0.0049441905274299758 -0.0039561701772609752 0.014996565776577198 -0.0021785933189523289 0.018211131906731515 -0.0048881320554516536
leaf_weight=19420 19117 1800 1139 349 44799 39479 6676 12949 2295 39695 20099 18679 266 1385 1473 3011 1390 751 124 1369 145 13611 4109 6713 27991 661 388 179 131 75
leaf_count=19420 19117 1800 1139 349 44799 39479 6676 12949 2295 39695 20099 18679 266 1385 1473 3011 1390 751 124 1369 145 13611 4109 6713 27991 661 388 179 131 75
internal_value=-0.000818004 0.00186831 -0.0015057 0.00627766 -0.000949744 -0.00120133 0.00120147 0.00052657 0.00220436 -0.000765998 -0.00250999 0.00190029 -0.000115369 0.0028105 0.00724842 0.00304385 0.00181387 0.0042936 0.00682298 0.0111031 0.0168623 -0.00213725 0.0047563 0.00137602 -0.00182976 -0.00110119 0.00281759 0.00805115 0.00383464 0.0134466
internal_weight=290268 59163 231105 7772 148756 127097 51391 21659 8710 82298 82349 32274 42603 3124 1739 7571 5276 2265 1514 1863 494 62929 5909 25392 49318 21327 1228 567 6882 206
internal_count=290268 59163 231105 7772 148756 127097 51391 21659 8710 82298 82349 32274 42603 3124 1739 7571 5276 2265 1514 1863 494 62929 5909 25392 49318 21327 1228 567 6882 206
is_linear=0
shrinkage=0.05


Tree=36
num_leaves=31
num_cat=0
split_feature=0 4 0 4 21 13 9 8 8 13 23 23 20 19 23 11 23 17 5 5 9 23 20 23 13 23 14 9 18 23
split_gain=192.402 69.2361 44.3526 24.857 19.3933 16.3193 15.7295 14.3503 12.9483 10.125 9.79398 19.9726 18.0072 11.0632 10.9758 10.0208 9.71316 10.1015 9.32209 8.87126 7.8059 7.54878 8.78897 7.47227 7.34176 7.45193 7.04073 6.93886 6.53083 6.32473
threshold=11.525 36.055000000000007 5.3050000000000006 134.03500000000003 187.50000000000003 7.5500000000000007 41.948736190795906 7.5000000000000009 78.500000000000014 0.35000000000000003 -0.52765736634565841 -0.59867820553660911 441.60000000000008 16.755000000000006 -0.6652727025667432 5.7249999046325692 0.9980355542543059 136.50000000000003 15.365000000000004 5.1292857142857144 902.01257324218761 -0.21022037796396451 708.00000000000011 0.097680735332368748 0.15000000000000005 0.81304046271159414 28.650000000000002 654.16970825195324 14.465000000000002 -0.5129677127369543
decision_type=2 2 2 2 8 2 2 2 2 2 2 2 10 2 2 2 2 2 2 2 2 2 10 2 2 2 2 2 2 2
left_child=2 6 19 10 5 7 9 16 29 -2 11 14 13 -13 15 -3 17 -4 -8 -1 24 -12 -23 -24 -19 -26 -15 -20 -11 -5
right_child=1 3 4 8 -6 -7 18 -9 -10 28 21 12 -14 26 -16 -17 -18 20 27 -21 -22 22 23 -25 25 -27 -28 -29 -30 -31
leaf_value=-0.0099062337190381211 0.0072765303048235351 0.007168345405197756 -0.0023545720467883784 0.023922172924716729 -0.0045265860574590575 -0.0027897704218953186 -0.00031849982617009493 0.016208586081796966 0.043248190424521819 0.00033232565844557352 0.00068514912981570064 0.013126985451157203 0.0085582404287215946 0.041181914586619878 -0.0060579709617709677 0.019891046535884152 -0.012439671292723463 0.0026857880746710729 0.0023771091174218332 -0.005079399863281737 0.0051599064071820612 0.0063992693550899557 0.014530681329800411 0.037830006729477977 0.00019772785357362321 -0.0035115643360661866 0.033812334461297659 0.0064682761495013404 0.005339502866673479 0.013376504271920867
leaf_weight=21682 6096 1526 22439 645 26554 70827 32144 417 118 7159 2099 94 275 59 651 1212 1741 4748 8767 32315 1960 3183 255 140 28900 6702 188 819 5487 1066
leaf_count=21682 6096 1526 22439 645 26554 70827 32144 417 118 7159 2099 94 275 59 651 1212 1741 4748 8767 32315 1960 3183 255 140 28900 6702 188 819 5487 1066
internal_value=-0.000805429 0.00143624 -0.00154466 0.00499044 -0.00113605 -0.000897528 0.000759689 -0.000337559 0.0103362 0.00196297 0.00398058 0.00587391 0.0141558 0.0218328 0.00436854 0.00575603 -0.000395549 -0.000296454 0.000219266 -0.00278784 0.000158354 0.00264488 0.00404136 0.0110759 8.67291e-06 -0.000237628 0.0273887 0.00158773 0.0011561 0.00923144
internal_weight=290268 71983 218285 11511 164288 137734 60472 66907 1829 18742 9682 4005 616 341 3389 2738 66490 64749 41730 53997 42310 5677 3578 395 40350 35602 247 9586 12646 1711
internal_count=290268 71983 218285 11511 164288 137734 60472 66907 1829 18742 9682 4005 616 341 3389 2738 66490 64749 41730 53997 42310 5677 3578 395 40350 35602 247 9586 12646 1711
is_linear=0
shrinkage=0.05


Tree=37
num_leaves=31
num_cat=0
split_feature=5 5 5 13 24 9 24 24 24 22 17 24 22 22 24 24 22 17 22 24 4 24 22 22 22 24 20 24 24 22
split_gain=174.898 55.6669 45.6135 23.8049 16.8266 16.3857 16.0509 20.168 18.7671 17.6715 14.9896 15.2372 14.7035 23.6808 22.2612 16.5203 15.742 13.1225 13.1924 23.4035 12.9105 11.5164 11.3877 15.3906 13.9083 12.4282 13.3211 11.054 21.0634 13.792
threshold=12.012142857142861 36.575714285714291 5.6092857142857158 3.3500000000000001 inf 18.529972076416019 -0.58499999999999985 -0.089999999999999983 -0.27499999999999997 -0.97876850416056738 139.50000000000003 1.0350000000000004 0.97696484778429815 0.99053107487289871 0.36500000000000005 0.095000000000000015 -0.84315017450793706 155.50000000000003 -0.065535378769913874 -0.43999999999999995 189.73500000000004 1.4950000000000003 -0.97876850416056738 -0.90893996196865023 -0.814291907305839 1.9550000000000003 316.35000000000008 -0.43999999999999995 -0.029999999999999995 0.98667101781630195
decision_type=2 2 2 2 8 2 8 10 8 2 2 8 2 2 10 10 2 2 2 10 2 10 2 2 2 10 10 8 10 2
left_child=2 10 27 6 17 20 -4 8 9 -8 -2 -12 16 14 15 -14 21 -5 19 -19 -3 -9 -13 -24 25 26 -25 -1 29 -29
right_child=1 5 3 4 -6 -7 7 12 -10 -11 11 22 13 -15 -16 -17 -18 18 -20 -21 -22 -23 23 24 -26 -27 -28 28 -30 -31
leaf_value=-0.01107662776618994 0.00018585856427840114 0.015772587829103898 -0.006217800457099288 -0.0041890128774422931 0.024542186239827377 0.0089381024388921603 0.0079622397775874574 0.023803177663378638 0.0045248325132866774 -0.0022167599189092911 0.0018772899597018285 0.013585203612934192 0.0008538846901587218 -0.0029135239254616521 -0.0061733943313163932 0.016697941031431768 -0.002562322584670291 -0.0038436341484950677 -0.0031478438770959935 0.0011452376797286318 0.027966828818645359 0.0027950132203454158 -0.0072396581851222113 0.039355717112993918 0.0045163341859527457 -0.024323574334186741 0.017402043775784175 -0.00073710018972088047 -0.0076740201127090055 0.013382486799063467
leaf_weight=13713 20833 1979 4952 50276 130 2972 1186 395 9951 7789 21553 1809 299 1960 470 816 28002 14371 44496 20443 569 1688 1439 137 6255 209 1408 7357 22614 197
leaf_count=13713 20833 1979 4952 50276 130 2972 1186 395 9951 7789 21553 1809 299 1960 470 816 28002 14371 44496 20443 569 1688 1439 137 6255 209 1408 7357 22614 197
internal_value=-0.000784759 0.00164097 -0.00140575 -0.00106568 -0.00144107 0.0064221 -0.000218927 3.74826e-05 0.00134312 -0.000314764 0.00114898 0.00181499 -0.000697295 0.00234838 0.00689274 0.0107399 -0.00105618 -0.00145911 -0.00105851 -0.000329466 0.00936421 0.0031373 0.00330594 0.00261008 0.00346548 0.00740023 0.00894822 -0.0028567 -0.00232167 -3.57438e-05
internal_weight=290268 59163 231105 187224 129716 5520 57508 52556 18926 8975 53643 32810 33630 3545 1585 1115 30085 129586 79310 34814 2548 2083 11257 9448 8009 1754 1545 43881 30168 7554
internal_count=290268 59163 231105 187224 129716 5520 57508 52556 18926 8975 53643 32810 33630 3545 1585 1115 30085 129586 79310 34814 2548 2083 11257 9448 8009 1754 1545 43881 30168 7554
is_linear=0
shrinkage=0.05


Tree=38
num_leaves=31
num_cat=0
split_feature=0 8 0 4 4 17 24 24 22 23 20 17 23 22 14 23 23 23 9 17 23 22 23 24 22 23 23 22 22 24
split_gain=158.903 56.439 40.4358 26.4852 20.4633 17.0422 26.3323 21.8169 29.1319 22.0106 11.8862 9.70809 11.461 35.2483 14.0478 9.1733 9.06638 28.9435 14.363 13.0647 10.7663 15.9238 10.6765 10.0645 16.4755 15.1651 48.3904 14.633 15.0576 25.4258
threshold=11.525 5.5000000000000009 5.3050000000000006 23.345000000000002 189.73500000000004 136.50000000000003 -0.43999999999999995 -0.089999999999999983 -0.97876850416056738 -0.10837475778693638 441.60000000000008 135.50000000000003 -0.5129677127369543 -0.8041866928211282 29.550000000000004 0.51849435583340198 0.95436825032516992 0.94066717844141279 998.87963867187511 217.50000000000003 0.89691351184655443 -0.40614700388750385 0.94636490295939868 -0.27499999999999997 -0.96235977360714686 -0.96687281075841669 -0.95242240592625282 -0.92274349529687905 0.79904096188274243 -0.22499999999999995
decision_type=2 2 2 2 2 2 8 10 2 2 10 2 2 2 2 2 2 2 2 2 2 2 2 8 2 2 2 2 2 10
left_child=2 3 -1 -2 -3 15 -7 16 9 10 -9 -5 13 14 -13 -4 17 18 23 -19 -20 -22 -21 -8 -25 -26 -27 -28 -29 -30
right_child=1 4 5 11 -6 6 7 8 -10 -11 -12 12 -14 -15 -16 -17 -18 19 20 22 21 -23 -24 24 25 26 27 28 29 -31
leaf_value=-0.0062183751661228932 0.00036423835546970328 0.013427227867513504 -0.0026620388040252572 0.0018190383166403819 0.03129016756641103 -0.0043748155574927427 -0.0014645035341655152 0.020420116115483694 -0.0017649726034149648 0.00092291132783188946 0.019053408802850523 0.035723973548307711 0.0044582407588184955 0.0073916948353049076 0.021952282758675404 -0.006007303510350245 -0.0022614074683088149 -0.0036305803722759371 0.0052677444931772373 0.010469723776428142 0.017749693458286624 0.00035093147981604629 0.00542784598107467 -0.0057378537649710633 -0.0042611888476360368 0.016721953240628099 0.0069103702653681674 0.0014116051073925027 -0.0086056040282400138 0.011083653879004809
leaf_weight=53997 46967 4949 45290 6914 442 24013 7070 274 54458 532 180 149 8321 3694 547 14456 3561 93 1123 170 112 97 255 1748 1615 346 1213 7033 233 416
leaf_count=53997 46967 4949 45290 6914 442 24013 7070 274 54458 532 180 149 8321 3694 547 14456 3561 93 1123 170 112 97 255 1748 1615 346 1213 7033 233 416
internal_value=-0.000772529 0.00126467 -0.00144433 0.000866319 0.00618531 -0.00105419 -0.000669206 -0.000235879 -0.000789446 0.00772819 0.015815 0.00240892 0.00322909 0.00529613 0.0156178 -0.00172782 0.000987641 0.00137428 0.00108636 0.0130502 0.00611111 0.0165311 0.0167647 0.000746161 0.00159314 0.00231853 0.00309977 0.00238617 0.00158032 0.00886749
internal_weight=290268 71983 218285 66592 5391 164288 104542 80529 55444 986 454 19625 12711 4390 696 59746 25085 21524 21006 518 1332 209 425 19674 12604 10856 9241 8895 7682 649
internal_count=290268 71983 218285 66592 5391 164288 104542 80529 55444 986 454 19625 12711 4390 696 59746 25085 21524 21006 518 1332 209 425 19674 12604 10856 9241 8895 7682 649
is_linear=0
shrinkage=0.05


Tree=39
num_leaves=31
num_cat=0
split_feature=5 5 24 24 22 13 23 24 22 22 20 23 22 20 24 22 4 17 8 24 22 24 18 24 20 22 5 22 22 24
split_gain=145.93 58.3239 35.5418 46.4775 27.8567 21.9047 18.9403 30.7119 21.7588 44.1433 39.5509 19.8001 32.0889 25.4156 39.0622 19.8535 18.4394 16.8215 15.8557 13.3542 12.6079 52.3163 11.8816 11.5689 11.0807 11.0614 10.9774 11.075 11.4989 10.321
threshold=10.095714285714289 24.625000000000004 -0.43999999999999995 -0.089999999999999983 -0.85227431625818906 2.6500000000000008 0.45847758937963173 1.7100000000000002 -0.065535378769913874 -0.13398594226331254 476.35000000000008 0.11478523713130605 0.97696484778429815 169.30000000000004 0.095000000000000015 0.9893236546938301 134.03500000000003 167.50000000000003 8.5000000000000018 -0.029999999999999995 0.79904096188274243 -0.22499999999999995 18.025000000000002 0.095000000000000015 333.00000000000006 0.9893236546938301 4.8992857142857158 -0.9905448150984083 -0.99763297024448894 -0.27499999999999997
decision_type=2 2 8 10 2 2 2 10 2 2 10 2 2 10 10 2 2 2 2 10 2 10 2 10 10 2 2 2 2 8
left_child=2 18 26 5 -5 29 7 11 9 -9 -11 -6 23 -14 19 -16 -3 -7 22 25 -19 -22 -2 -13 -23 -15 -1 28 -28 -4
right_child=1 16 3 4 6 17 -8 8 -10 10 -12 12 13 14 15 -17 -18 20 -20 -21 21 24 -24 -25 -26 -27 27 -29 -30 -31
leaf_value=-0.013252224646684905 0.00010272358261178107 0.007592624287566534 0.00047744938094020892 0.0048102428690900527 -0.0037897325056473739 -0.0039566649574421537 -0.0073007258745342281 0.0028908964275406873 -0.0033103419073240384 0.019537288635180131 -0.002295351135312749 -0.0060817841799932527 -0.0086973561231937779 0.0031373250639975337 0.021848732376928151 -0.00046182108024698626 0.018710238712877494 0.00026679888179307243 0.013718215404871488 -0.0016894467660471047 -0.010355307695151935 0.011325681626191839 0.0037294007745403016 0.00090736129918207091 0.015344847787458857 0.012285311602115712 -0.010244940096108006 -0.005321825610348184 0.0047959558285995954 0.0044975985409376621
leaf_weight=8520 68334 9265 4617 4057 73272 11037 22342 1014 746 372 156 5215 942 612 569 141 1863 15980 1935 927 658 381 11444 4303 152 348 1246 31390 1409 7021
leaf_count=8520 68334 9265 4617 4057 73272 11037 22342 1014 746 372 156 5215 942 612 569 141 1863 15980 1935 927 658 381 11444 4303 152 348 1246 31390 1409 7021
internal_value=-0.000747896 0.000886945 -0.00151669 -0.00116497 -0.00167481 0.00030668 -0.0018236 -0.00149559 0.00422203 0.00761349 0.0193371 -0.00164713 0.000146663 0.00421164 0.00676357 0.0167606 0.00428289 -0.000446328 0.000424472 0.00300212 0.000532583 0.00549538 0.000316001 -0.00136478 0.0171388 0.00713542 -0.00279631 -0.00239463 0.000706213 0.00213181
internal_weight=290268 92841 197427 154862 115016 39846 110959 88617 2288 1542 528 86329 13057 3539 2597 710 11128 28208 81713 1887 17171 1191 79778 9518 533 960 42565 34045 2655 11638
internal_count=290268 92841 197427 154862 115016 39846 110959 88617 2288 1542 528 86329 13057 3539 2597 710 11128 28208 81713 1887 17171 1191 79778 9518 533 960 42565 34045 2655 11638
is_linear=0
shrinkage=0.05


Tree=40
num_leaves=31
num_cat=0
split_feature=0 8 0 24 23 23 21 24 17 1 17 24 0 19 24 24 17 24 13 23 23 9 17 23 23 23 24 23 23 19
split_gain=131.096 45.5406 33.6891 22.6743 19.7081 22.2965 15.3 20.6011 16.0427 14.8153 13.2597 12.2009 9.2656 8.85949 7.78287 13.8097 10.4747 9.22224 9.39651 7.67571 24.2871 12.6555 11.1753 10.2148 9.65774 12.7898 7.59094 8.94358 13.4924 9.94572
threshold=10.835000000000003 5.5000000000000009 5.205000000000001 1.3150000000000002 0.50370931781787065 0.39629089145655322 187.50000000000003 -0.43999999999999995 136.50000000000003 124.20500000000003 145.50000000000003 -0.089999999999999983 24.485000000000003 7.0050000000000008 -0.43999999999999995 -0.029999999999999995 167.50000000000003 -0.27499999999999997 7.8500000000000005 0.95436825032516992 0.94066717844141279 998.87963867187511 217.50000000000003 0.94636490295939868 0.89691351184655443 0.91159213926341531 -0.27499999999999997 0.82293497932636273 0.73136292505298039 7.2750000000000012
decision_type=2 2 2 8 2 2 8 8 2 2 2 10 2 2 8 10 2 8 2 2 2 2 2 2 2 2 8 2 2 2
left_child=2 3 14 12 5 10 7 -4 -9 -3 -5 19 13 -2 -1 16 -16 -18 -19 20 21 26 -22 -24 -23 -26 -10 28 -28 -30
right_child=1 9 6 4 -6 -7 -8 8 11 -11 -12 -13 -14 -15 15 -17 17 18 -20 -21 22 24 23 -25 25 -27 27 -29 29 -31
leaf_value=-0.0083018627218917184 0.0026343385098202233 0.011837341055574704 -0.0040177622959802926 0.0012552380195543086 -0.0030133065513371282 0.016550883885765835 -0.0039835953203918055 -0.0026831790953163411 -0.0014136604412668826 0.030163803705716436 0.0074267323199024259 -0.00091676228848530834 0.0046351458854879957 -0.00054965039618289199 -0.0052353252456175175 -0.0066056410691217697 -0.0023254071373633076 0.0080407266621532972 0.0012446592584570409 -0.0022728839735734561 -0.0035282130977362688 0.0048979157027774179 0.010163816730460237 0.0051362126186410492 0.015931331487345459 0.0004145166734725114 0.0020897248458773836 -0.0082991848381067917 0.012803801952180411 0.003058408232189694
leaf_weight=14596 6574 5117 28906 7174 3207 571 25744 36408 6398 464 10995 41919 3389 46049 4319 25884 2948 1099 2343 3268 86 1061 148 241 107 87 9157 701 539 769
leaf_count=14596 6574 5117 28906 7174 3207 571 25744 36408 6398 464 10995 41919 3389 46049 4319 25884 2948 1099 2343 3268 86 1061 148 241 107 87 9157 701 539 769
internal_value=-0.000731877 0.000939668 -0.00140736 0.000627316 0.00198956 0.00260939 -0.00104119 -0.000820333 -0.000483156 0.00530281 0.00230365 -9.3838e-06 9.35502e-05 -6.96475e-05 -0.00251998 -0.0021306 -0.000620507 0.000665101 0.00242301 0.000928108 0.00130766 0.00102582 0.0124737 0.0160797 0.00587649 0.016134 0.000679229 0.00146606 0.0018323 0.00658257
internal_weight=290268 83540 206728 77959 21947 18740 155539 129795 100889 5581 18169 64481 56012 52623 51189 36593 10709 6390 3442 22562 19294 18819 475 389 1255 194 17564 11166 10465 1308
internal_count=290268 83540 206728 77959 21947 18740 155539 129795 100889 5581 18169 64481 56012 52623 51189 36593 10709 6390 3442 22562 19294 18819 475 389 1255 194 17564 11166 10465 1308
is_linear=0
shrinkage=0.05


Tree=41
num_leaves=31
num_cat=0
split_feature=5 4 5 21 24 17 13 4 17 22 22 24 13 22 22 14 13 22 22 24 22 5 22 22 9 8 9 22 22 22
split_gain=123.128 46.1152 33.6955 19.1394 26.7269 19.8428 19.9116 18.3112 10.757 10.1444 17.2441 14.1217 10.1063 9.8816 10.5269 10.605 9.58292 9.42316 30.7077 13.0379 12.9778 13.7576 12.8899 11.4273 10.7887 9.30433 9.09283 8.8025 8.19111 8.66509
threshold=10.245000000000003 30.225000000000005 4.9978571428571437 132.50000000000003 -0.43999999999999995 135.50000000000003 10.050000000000002 134.03500000000003 147.50000000000003 -0.065535378769913874 0.12545942051955489 0.36500000000000005 0.35000000000000003 -0.9905448150984083 -0.99763297024448894 31.550000000000004 0.25000000000000006 0.97696484778429815 0.99274428880883148 0.095000000000000015 0.98802474685579866 7.6150000000000011 0.9893236546938301 0.89787622492179153 902.01257324218761 66.500000000000014 902.01257324218761 0.80926549319045582 0.97875492728876534 0.99374995976406788
decision_type=2 2 2 8 8 2 2 2 2 2 2 10 2 2 2 2 2 2 2 10 2 2 2 2 2 2 2 2 2 2
left_child=2 8 -1 4 13 -6 9 16 -2 -7 -11 17 28 14 -4 -16 -3 23 19 22 21 -21 -19 24 -12 -9 -14 -26 -10 -30
right_child=1 7 3 -5 5 6 -8 25 12 10 11 -13 26 -15 15 -17 -18 18 -20 20 -22 -23 -24 -25 27 -27 -28 -29 29 -31
leaf_value=-0.0077486838598030119 -0.00077510313542625969 0.012753512133365848 -0.0092596724361433281 -0.004179670211082588 -0.0028894579168239967 0.0025810286447481776 -0.0019068976011923418 0.015050515965446893 0.0044712817090071175 -0.0071143997400601724 0.0015262862698978549 -0.0027935500845138656 0.00054009678419590201 -0.0047343687668844701 0.0029218445919459244 0.009980316994338885 0.0045481875372353044 -0.0044946739353037089 -0.0028439804541292388 0.021324735142666824 0.0050656088511135365 0.012577364595636241 0.01090146601013782 -0.0046586895759987259 0.0038506915429179431 0.033046892480572639 0.0037567999369500708 0.011397083316236078 0.013496705579070451 -0.0047203169762604358
leaf_weight=26365 29913 3079 1197 32114 38041 17601 30805 1717 6540 2696 8918 5791 34072 30045 1197 186 11618 408 1356 252 293 404 232 2433 406 146 2053 98 211 81
leaf_count=26365 29913 3079 1197 32114 38041 17601 30805 1717 6540 2696 8918 5791 34072 30045 1197 186 11618 408 1356 252 293 404 232 2433 406 146 2053 98 211 81
internal_value=-0.000712412 0.000830816 -0.00139959 -0.00114783 -0.000899101 -0.000525545 -3.57787e-05 0.00321256 0.000289556 0.000687487 2.79006e-06 0.000495118 0.000796493 -0.00215556 0.000813952 0.00378525 0.0026206 0.00131419 0.0038455 0.00856199 0.0122813 0.016189 0.00304687 0.000685364 0.00147421 0.00788245 0.000462975 0.00859127 0.00256001 0.0107534
internal_weight=290268 89430 200838 174473 142359 109734 71693 16560 72870 40888 23287 20591 42957 32625 2580 1383 14697 14800 2945 1589 949 656 640 11855 9422 1863 36125 504 6832 292
internal_count=290268 89430 200838 174473 142359 109734 71693 16560 72870 40888 23287 20591 42957 32625 2580 1383 14697 14800 2945 1589 949 656 640 11855 9422 1863 36125 504 6832 292
is_linear=0
shrinkage=0.05


Tree=42
num_leaves=31
num_cat=0
split_feature=5 5 5 22 23 22 24 22 24 22 16 22 24 20 8 23 20 8 22 22 24 24 22 22 9 24 15 22 24 5
split_gain=111.911 42.2824 31.3257 15.2174 32.4088 38.6048 27.9646 20.887 19.7821 18.8259 38.9843 16.9833 40.6375 22.2107 14.3926 14.3397 19.9158 12.2187 11.4392 10.6914 9.66718 18.0595 10.3238 9.59798 9.22474 9.07558 9.01272 8.45468 9.65563 10.7551
threshold=10.095714285714289 24.625000000000004 5.4950000000000019 -0.065535378769913874 -0.056951011027366626 -0.97876850416056738 1.6100000000000003 0.10837544681456425 0.24500000000000002 -0.13398594226331254 9.6500000000000004 -0.98803845231459242 -0.43999999999999995 426.60000000000008 62.500000000000007 -0.97874870457683594 321.60000000000008 1.5000000000000002 0.12545942051955489 0.99552231814189451 -0.43999999999999995 -0.029999999999999995 0.98667101781630195 -0.47558551945199218 719.37036132812511 -0.65999999999999981 42.500000000000007 -0.091260668982868151 2.0250000000000004 7.6750000000000016
decision_type=2 2 2 2 2 2 8 2 10 2 2 2 10 10 2 2 8 2 2 2 8 10 2 2 2 10 2 2 10 2
left_child=2 17 20 4 5 11 -7 -5 15 23 -11 -4 -13 -14 -3 16 18 19 -9 24 -1 22 -22 -8 -2 -6 -17 -27 29 -29
right_child=1 14 3 7 25 6 9 8 -10 10 -12 12 13 -15 -16 26 -18 -19 -20 -21 21 -23 -24 -25 -26 27 -28 28 -30 -31
leaf_value=-0.009493819007523354 0.00021056316743536617 0.0077947751360342588 0.0048103573090232249 -0.0068140152867242846 -0.0054019381411934009 -0.00034342016081660855 0.011540589751825505 -0.016193562581380948 -0.0040021666836486868 0.019940384794546927 0.0042815629273329206 -0.0057065746105603513 0.019427319244785798 0.0045150959449455101 0.028002921276351858 0.0059649321317178424 0.00032076656479070368 0.0052152111850677788 0.012502067913557097 -0.0058417831921383691 -0.00032658577991617711 -0.006594035949960911 0.013628963754053387 0.00053207297494715174 0.0032940018737968009 -0.0021599089736969528 -0.001243595716061138 0.0017981776190015251 -0.020518966978221684 0.013974235307669889
leaf_weight=12835 66527 10779 1458 9499 10156 23868 319 82 38786 191 253 372 511 161 349 261 1202 8452 440 2799 6623 20644 175 846 3935 25937 42135 266 189 218
leaf_count=12835 66527 10779 1458 9499 10156 23868 319 82 38786 191 253 372 511 161 349 261 1202 8452 440 2799 6623 20644 175 846 3935 25937 42135 266 189 218
internal_value=-0.000691741 0.00073992 -0.00136499 -0.00104614 -0.000458338 0.00082401 0.000241982 -0.00145799 -0.00120353 0.00662212 0.0153829 0.0067506 0.0116188 0.0189583 0.00363138 -0.000479376 0.00399072 0.000346149 0.0121456 0.000138476 -0.00260906 -0.0020793 0.000155927 0.00328326 0.000258862 -0.00143421 -0.000661148 -0.000948893 0.00458395 0.00832645
internal_weight=290268 92841 197427 157150 64745 27979 25477 92405 82906 1609 444 2502 1044 672 11128 44120 1724 81713 522 73261 40277 27442 6798 1165 70462 36766 42396 26610 673 484
internal_count=290268 92841 197427 157150 64745 27979 25477 92405 82906 1609 444 2502 1044 672 11128 44120 1724 81713 522 73261 40277 27442 6798 1165 70462 36766 42396 26610 673 484
is_linear=0
shrinkage=0.05


Tree=43
num_leaves=31
num_cat=0
split_feature=5 5 5 22 23 22 22 24 22 16 22 24 20 24 23 20 8 24 22 22 11 16 24 22 24 24 23 5 18 15
split_gain=103.339 36.9207 28.3884 18.2118 30.632 41.8424 20.0086 19.982 19.2374 32.8074 16.5794 36.8719 24.3367 14.1655 13.5893 21.35 13.0393 11.7451 13.1758 64.0135 12.0219 11.9687 11.1641 10.6957 9.96925 16.8343 9.61864 9.481 8.53147 8.15367
threshold=12.012142857142861 5.6092857142857158 36.575714285714291 -0.065535378769913874 -0.056951011027366626 -0.97876850416056738 0.10837544681456425 1.6100000000000003 -0.13398594226331254 9.6500000000000004 -0.98803845231459242 -0.43999999999999995 415.50000000000006 0.24500000000000002 -0.97874870457683594 397.00000000000006 66.500000000000014 -0.089999999999999983 -0.35041564478062465 -0.25205528343633254 17.054999351501468 7.9500000000000011 -0.65999999999999981 0.12545942051955489 -0.43999999999999995 -0.089999999999999983 -0.57077231802681661 9.3550000000000022 17.705000000000002 70.500000000000014
decision_type=2 2 2 2 2 2 2 8 2 2 2 10 10 10 2 8 2 10 2 2 2 2 10 2 8 10 2 2 2 2
left_child=1 24 28 4 5 10 -5 17 -9 27 -3 -12 -13 14 15 23 -4 18 20 21 -7 -20 -6 -8 -1 26 -26 -10 -2 -25
right_child=2 3 16 6 22 7 13 8 9 -11 11 12 -14 -15 -16 -17 -18 -19 19 -21 -22 -23 -24 29 25 -27 -28 -29 -30 -31
leaf_value=-0.0086545569733752735 0.00086295267438592661 0.0054241859399846767 0.0093967321732827125 -0.0060621064279182801 -0.0051853165504662383 -0.00025683594720650541 -0.012727770492636906 0.0042388414146974848 0.019231897806102086 0.002410258637955018 -0.0064739807195740608 0.019191185068522042 0.0093889332642086328 -0.0032925519961097931 -0.00111550552869885 -0.00098746104755204111 0.03028291488031596 -0.0017404672409026462 0.015287031914216865 -0.0023223373818664927 0.018685187494125361 0.013070516951601 -0.0013828233075090406 0.0087512543477228956 0.0089190347186234534 -0.0058603305059790438 -9.4203104827904528e-06 0.0088446513105469894 0.0043935377300977152 0.013345860412655876
leaf_weight=13713 39733 2164 5276 11220 10495 10512 153 2592 148 348 441 627 358 43206 50053 1144 244 17528 207 1787 294 668 32492 463 221 23954 5993 93 13910 231
leaf_count=13713 39733 2164 5276 11220 10495 10512 153 2592 148 348 441 627 358 43206 50053 1144 244 17528 207 1787 294 668 32492 463 221 23954 5993 93 13910 231
internal_value=-0.000677444 -0.00115478 0.00118714 -0.000848824 -0.000282588 0.000756347 -0.0012783 0.000216958 0.00399088 0.0121477 0.00589136 0.0100771 0.0154569 -0.00104305 -0.000487473 0.00356353 0.00460145 -0.000170346 0.000940005 0.00409091 0.000163797 0.0151714 -0.00119536 0.00958087 -0.00246018 -0.00195207 0.000366912 0.0263278 0.000835802 0.012219
internal_weight=290268 231105 59163 187224 80754 37767 106470 34177 3181 589 3590 1426 985 95250 52044 1991 5520 30996 13468 2662 10806 875 42987 847 43881 30168 6214 241 53643 694
internal_count=290268 231105 59163 187224 80754 37767 106470 34177 3181 589 3590 1426 985 95250 52044 1991 5520 30996 13468 2662 10806 875 42987 847 43881 30168 6214 241 53643 694
is_linear=0
shrinkage=0.05


Tree=44
num_leaves=31
num_cat=0
split_feature=5 8 5 24 24 22 13 4 2 4 22 22 23 13 22 9 24 22 22 23 23 22 22 22 24 24 22 23 22 22
split_gain=95.2718 34.0795 29.5407 16.4176 29.5096 21.0505 15.2832 14.7237 11.9221 11.1713 10.7488 16.7758 36.7733 10.0286 8.87398 8.42515 8.33708 9.43615 10.4579 8.77005 16.5875 8.82985 15.9707 8.00959 12.4493 8.94207 14.0657 15.2704 10.6303 13.0186
threshold=10.095714285714289 5.5000000000000009 4.7464285714285728 -0.43999999999999995 -0.089999999999999983 -0.85227431625818906 2.8500000000000001 30.225000000000005 1.9600000000000004 189.73500000000004 -0.90893996196865023 -0.97876850416056738 -0.14250536273956091 1.8500000000000003 0.99552231814189451 616.95419311523449 -0.27499999999999997 -0.97876850416056738 -0.9905448150984083 -0.96687281075841669 -0.94137724084408114 -0.96235977360714686 -0.95754239937548935 0.97875492728876534 0.36500000000000005 0.89500000000000013 -0.98214942551678475 -0.091258822863740666 -0.91597725483594616 -0.82415615971448097
decision_type=2 2 2 8 10 2 2 2 2 2 2 2 2 2 2 2 8 2 2 2 2 2 2 2 10 8 2 2 2 2
left_child=2 7 -1 -4 6 10 16 14 -7 -3 11 12 13 -6 15 23 17 18 -5 -18 -21 -22 -23 25 -25 -2 27 -27 -28 -30
right_child=1 9 3 4 5 8 -8 -9 -10 -11 -12 -13 -14 -15 -16 -17 19 -19 -20 20 21 22 -24 24 -26 26 28 -29 29 -31
leaf_value=-0.0076259686163739435 -0.00066040902364675256 0.010018213984937826 -0.0039326214797585192 -0.0023871149237672559 0.0023749204106551184 -0.0031503409389425849 -0.00060983390323803303 0.0045607940182354565 -0.00061341960412807193 0.024088977099166888 0.0086304624340722159 -0.0073781670621004868 -0.0041206676029860228 0.0174963937440865 -0.005294703844951603 0.0029945872354640891 -0.0052479169784923107 -0.00071748012613553913 0.017581191550577538 0.010308865145849872 -0.0024203687225383408 0.0082030786589443443 0.0047029263109115149 0.010149980643303183 -0.0054101640216581304 0.02104247183854616 -0.005598314680768799 0.0021589051669260073 0.009964909363891522 0.00078066159903156522
leaf_weight=20573 46335 5315 35003 186 70 79615 25792 13280 21055 444 1430 1487 564 281 2759 4632 802 4222 182 360 945 148 4712 1295 624 577 2376 870 1995 12339
leaf_count=20573 46335 5315 35003 186 70 79615 25792 13280 21055 444 1430 1487 564 281 2759 4632 802 4222 182 360 945 148 4712 1295 624 577 2376 870 1995 12339
internal_value=-0.000660735 0.000660214 -0.00128192 -0.00107332 -0.00083401 -0.00126514 0.000372298 0.000413862 -0.0014036 0.00438531 0.00237213 0.000328891 0.00565574 0.0183618 0.000138071 0.000246117 0.00188327 0.000228757 0.00790761 0.0029733 0.00361314 0.00296727 0.00382716 0.000102316 0.00328556 7.59665e-06 0.000948118 0.00567726 0.000538598 0.00105204
internal_weight=290268 92841 197427 176854 141851 104502 37349 87082 100670 5759 3832 2402 915 351 73802 71043 11557 4590 368 6967 6165 5805 4860 66411 1919 64492 18157 1447 16710 14334
internal_count=290268 92841 197427 176854 141851 104502 37349 87082 100670 5759 3832 2402 915 351 73802 71043 11557 4590 368 6967 6165 5805 4860 66411 1919 64492 18157 1447 16710 14334
is_linear=0
shrinkage=0.05


Tree=45
num_leaves=31
num_cat=0
split_feature=5 8 24 24 24 23 23 24 23 13 17 23 23 24 23 23 23 9 17 23 24 14 23 23 23 20 23 23 24 23
split_gain=86.5367 33.4532 26.6474 36.7428 24.1338 40.506 23.7152 15.0916 14.6671 18.2689 14.5712 14.3681 25.6547 13.7326 12.0066 11.4174 21.6898 15.9094 12.0982 11.0541 30.1602 12.508 10.8545 18.2306 27.3275 28.8364 15.855 12.6887 14.6777 10.8172
threshold=9.7207142857142887 5.5000000000000009 -0.43999999999999995 0.16500000000000004 0.095000000000000015 0.2332836900311728 0.14888728888808328 1.3150000000000002 0.19969739736768838 5.3500000000000005 187.50000000000003 0.50370931781787065 0.38043945030393422 -0.029999999999999995 0.2332836900311728 0.95436825032516992 0.94066717844141279 902.01257324218761 264.50000000000006 0.51849435583340198 1.4950000000000003 23.750000000000004 -0.21022037796396451 -0.46800559042974538 -0.58481178939031186 434.10000000000008 0.011826144619637555 -0.5129677127369543 1.3150000000000002 0.18281312110578132
decision_type=2 2 8 10 8 2 2 8 2 2 2 2 2 10 2 2 2 2 2 2 10 2 2 2 2 10 2 2 10 2
left_child=2 7 -1 4 10 6 -6 -2 9 -8 -4 12 14 15 22 16 17 -12 -19 20 29 -22 23 24 -9 27 -24 28 -26 -5
right_child=1 -3 3 19 5 -7 8 11 -10 -11 13 -13 -14 -15 -16 -17 -18 18 -20 -21 21 -23 26 -25 25 -27 -28 -29 -30 -31
leaf_value=-0.0047878413760971145 -0.00012418006690458207 0.01154716261596927 -0.0019135453699235503 -0.0036567120594402404 0.0057228071882555361 -0.0014212439343347827 0.018888371070794562 0.0025065517149388599 0.0086647730274595405 0.02711192231813769 0.0009827111604932394 -0.0024561020659123428 0.014753096902735449 -0.002456572414533429 -0.012734096253455136 -0.0028818618643533258 0.0057409330109030781 0.0087965138117673796 0.0024174149289736429 -0.0060017554987695058 0.015207445388406102 0.0035154374425669863 0.01456919363014555 -0.0050032806207200367 0.037684186457371795 0.0040350939968338282 0.0020531214777104829 0.010616432081974115 0.01585759952224703 0.001817010518872813
leaf_weight=41274 70069 5886 31441 49334 536 1647 295 11004 279 110 19369 4138 636 8742 1250 3870 475 1115 1642 19524 156 5224 1644 3564 323 972 1948 245 222 3334
leaf_count=41274 70069 5886 31441 49334 536 1647 295 11004 279 110 19369 4138 636 8742 1250 3870 475 1115 1642 19524 156 5224 1644 3564 323 972 1948 245 222 3334
internal_value=-0.000641443 0.000532329 -0.00127642 -0.0009614 -0.000126654 0.00436519 0.0112705 0.000308024 0.0174415 0.0235185 -0.000319862 0.00133816 0.0018507 0.000378694 0.00155347 0.000946129 0.00137582 0.00114887 0.00470257 -0.00170951 -0.00136336 0.0022026 0.00185172 0.00130435 0.00218706 0.00796822 0.0043402 0.0150633 0.0193119 -0.00172762
internal_weight=290268 101901 188367 147093 69521 2867 1220 96015 684 405 66654 25946 21808 35213 21172 26471 22601 22126 2757 77572 58048 5380 19922 16330 12766 1762 3592 790 545 52668
internal_count=290268 101901 188367 147093 69521 2867 1220 96015 684 405 66654 25946 21808 35213 21172 26471 22601 22126 2757 77572 58048 5380 19922 16330 12766 1762 3592 790 545 52668
is_linear=0
shrinkage=0.05


Tree=46
num_leaves=31
num_cat=0
split_feature=4 0 4 22 24 17 17 20 22 13 24 23 22 23 22 24 21 17 21 13 22 22 24 22 24 14 3 2 23 17
split_gain=78.6292 33.1167 21.0397 15.9501 14.1854 18.9499 13.1527 15.2933 12.7595 12.6239 10.1093 11.9425 13.3196 17.2474 16.149 11.374 10.2649 12.8174 10.0923 10.0132 9.4126 23.4555 18.5473 9.00906 13.4851 10.3842 8.52627 8.13685 7.98119 8.75762
threshold=17.505000000000006 5.3050000000000006 134.03500000000003 -0.861146256326485 -0.43999999999999995 155.50000000000003 145.50000000000003 583.65000000000009 -0.99763297024448894 7.5500000000000007 -0.18999999999999997 0.38043945030393422 -0.97876850416056738 -0.10837475778693638 -0.88622299073327826 1.4950000000000003 36.900000000000006 118.50000000000001 117.50000000000001 0.8500000000000002 0.97696484778429815 0.99466373373798567 0.36500000000000005 -0.99275805973510278 -0.43999999999999995 31.550000000000004 3.9050000000000007 18.555000000000007 0.86439018870140905 167.50000000000003
decision_type=2 2 2 2 8 2 2 10 2 2 10 2 2 2 2 10 10 2 10 2 2 2 10 2 10 2 2 2 2 2
left_child=1 26 6 8 -5 -6 -2 27 -3 20 23 12 13 15 19 -12 17 -16 -17 -14 -7 22 -22 24 25 -10 -1 -8 29 -28
right_child=2 3 -4 4 5 9 7 -9 10 -11 11 -13 14 -15 16 18 -18 -19 -20 -21 21 -23 -24 -25 -26 -27 28 -29 -30 -31
leaf_value=-0.0083373059830387612 -6.2090303548590977e-05 -0.0076217950303465384 0.014132424578981723 -0.0037949855027774107 -0.002362196406110463 0.00040234433144222442 0.0022442022757575095 0.013176112298639561 0.0070582210551021034 -0.001359111975792025 0.0035221891700883325 0.0093972442057944569 0.0024439554822966118 -0.0047777146272930011 0.034870432045477781 0.016711356105798311 -0.00083057346819249674 0.013936147825390969 -0.0052284962422882164 -0.0073340054843907768 0.010963520261539059 -0.0057309648344078118 -0.0064721357773577584 -0.00050104451362171446 -0.0036662613726678632 0.012000048864358112 -0.0053745225899390322 0.014064416842302044 -0.0063280626858462155 -0.0010602573772464069
leaf_weight=11064 21371 2589 1863 22180 61676 33356 27582 2097 858 37722 409 841 1350 476 97 572 320 401 100 2410 1775 1229 406 14079 644 132 14734 720 10100 17115
leaf_count=11064 21371 2589 1863 22180 61676 33356 27582 2097 858 37722 409 841 1350 476 97 572 320 401 100 2410 1775 1229 406 14079 644 132 14734 720 10100 17115
internal_value=-0.000623184 -0.00101496 0.00110538 -0.00069714 -0.000883331 -0.000692328 0.000917519 0.00158574 0.000469181 -0.000155597 0.000848648 0.00243262 0.00166667 0.00566153 0.000307994 0.00915356 0.00667482 0.0111647 0.0131548 -0.00107713 0.000503725 0.00300586 0.00611875 0.00014542 0.00365973 0.00732323 -0.0021158 0.00128047 -0.00179015 -0.00140177
internal_weight=290268 236635 53633 183622 158344 136164 51770 30399 25278 74488 22689 6976 6135 1557 4578 1081 818 498 672 3760 36766 3410 2181 15713 1634 990 53013 28302 41949 31849
internal_count=290268 236635 53633 183622 158344 136164 51770 30399 25278 74488 22689 6976 6135 1557 4578 1081 818 498 672 3760 36766 3410 2181 15713 1634 990 53013 28302 41949 31849
is_linear=0
shrinkage=0.05


Tree=47
num_leaves=31
num_cat=0
split_feature=5 5 4 21 24 13 11 24 17 22 24 22 22 22 22 24 24 0 4 24 22 24 22 14 22 20 22 9 22 22
split_gain=73.4984 28.9378 21.9261 18.062 20.0361 17.703 11.9526 11.6651 11.1707 15.0419 11.1625 10.2972 16.943 10.2437 12.8694 12.0513 13.2925 9.81753 9.34141 9.27115 19.2558 14.313 27.9898 20.3254 11.0974 8.67138 8.6713 8.65283 9.42633 25.1393
threshold=11.056428571428574 4.7464285714285728 30.225000000000005 187.50000000000003 -0.43999999999999995 2.8500000000000001 0.7150000035762788 -0.43999999999999995 155.50000000000003 -0.065535378769913874 -0.089999999999999983 0.97696484778429815 0.99374995976406788 -0.9905448150984083 -0.99763297024448894 -0.58499999999999985 -0.95499999999999985 8.4050000000000029 189.73500000000004 1.9550000000000003 -0.30983472475487867 1.3150000000000002 -0.13398594226331254 23.850000000000005 -0.159513159777915 318.40000000000003 -0.2102246306142678 744.82418823242199 0.59868201182722736 0.19337368024598436
decision_type=2 2 2 8 8 2 2 10 2 2 10 2 2 2 2 10 10 2 2 10 2 10 2 2 2 10 2 2 2 2
left_child=1 -1 -2 4 13 10 -4 -7 -9 19 -6 -12 -13 14 -3 16 -16 25 -8 21 -21 -10 23 -23 26 -17 -22 -11 29 -29
right_child=2 3 6 -5 5 7 18 8 9 27 11 12 -14 -15 15 17 -18 -19 -20 20 24 22 -24 -25 -26 -27 -28 28 -30 -31
leaf_value=-0.0068611065422531292 0.00054264658519844247 -0.0074101697264659788 0.0030004294747023497 -0.0034574632313641041 0.0024004680187395423 0.017993792965601624 0.0095333700001802978 -0.0028063860063761948 0.00082189530126204743 -0.0023277064614032521 -0.00087115252600985713 0.0088749311466536172 -0.0058625514211104474 -0.0035643181386494308 0.0063811578007146388 0.0091583702481710938 -0.013285876798184264 0.0057865203833556526 0.018332321855934534 -0.0069836173604768586 0.0029279040253222849 0.018716696268751692 0.015743180749438378 0.0047672965037281927 -0.011961785948410724 0.019564974183224445 0.011639437230260657 -0.004800721927751851 -0.00076550478888025883 0.009346633046053961
leaf_weight=20573 57133 1432 9977 32996 12953 130 5946 35720 14085 29773 19935 1461 923 33924 575 133 512 258 632 3156 465 158 163 2857 286 84 306 533 2676 513
leaf_count=20573 57133 1432 9977 32996 12953 130 5946 35720 14085 29773 19935 1461 923 33924 575 133 512 258 632 3156 465 158 163 2857 286 84 306 533 2676 513
internal_value=-0.000605958 -0.00107004 0.00075806 -0.000882801 -0.000666858 -0.000366913 0.00236031 -0.000736119 -0.000757574 -0.000310256 0.000583748 -9.38674e-05 0.00301174 -0.00169132 0.00111222 0.00425096 0.00134774 0.0108947 0.0040149 0.000722666 -0.00138025 0.00123588 0.00426683 0.00317579 0.00446074 0.0187327 0.00758106 -0.000972534 0.00130037 0.00532505
internal_weight=290268 216580 73688 196007 163011 126093 16555 90821 90691 54971 35272 22319 2384 36918 2994 1562 1087 475 6578 21476 4213 17263 3178 3015 1057 217 771 33495 3722 1046
internal_count=290268 216580 73688 196007 163011 126093 16555 90821 90691 54971 35272 22319 2384 36918 2994 1562 1087 475 6578 21476 4213 17263 3178 3015 1057 217 771 33495 3722 1046
is_linear=0
shrinkage=0.05


Tree=48
num_leaves=31
num_cat=0
split_feature=0 8 5 4 17 23 13 24 17 8 23 21 24 24 13 18 24 24 23 23 4 23 23 20 23 23 23 23 24 16
split_gain=67.4874 32.2858 20.6164 18.6899 13.4642 14.379 10.7295 9.04209 8.75305 8.71648 8.18879 8.02783 6.54639 7.13023 6.41286 6.40458 6.12816 10.8378 15.5927 16.4729 10.6813 13.6832 17.7131 13.7995 9.82602 13.0031 9.58052 14.7273 8.34909 5.83108
threshold=8.6550000000000029 5.5000000000000009 4.6907142857142867 20.275000000000002 143.50000000000003 0.99611390731392835 9.3500000000000032 -0.58499999999999985 134.50000000000003 58.500000000000007 0.45847758937963173 207.50000000000003 -0.43999999999999995 0.16500000000000004 0.15000000000000005 7.4350000000000014 -0.029999999999999995 -0.27499999999999997 0.33222858587828868 0.81304046271159414 7.6450000000000005 0.74298546529340237 0.76556758748011056 342.00000000000006 0.60383265664488517 0.57605713708605399 0.75438814418115718 0.53312596302726967 -0.22499999999999995 18.150000000000002
decision_type=2 2 2 2 2 2 2 8 2 2 2 8 8 10 2 2 10 8 2 2 2 2 2 10 2 2 2 2 10 2
left_child=2 3 12 11 10 6 7 -6 -5 29 -4 14 -1 -14 -2 -13 17 -9 -19 20 26 24 23 -23 25 -22 27 -20 -24 -3
right_child=1 9 4 8 5 -7 -8 16 -10 -11 -12 15 13 -15 -16 -17 -18 18 19 -21 21 22 28 -25 -26 -27 -28 -29 -30 -31
leaf_value=-0.010608008278303433 0.0017226154445295718 0.01007948544474882 -0.002442464189820092 -2.5043211603164946e-05 -0.0031239562037781387 -0.0073176908990643221 -0.0019071966886939401 -0.0003847613840298168 0.0036192488974962885 0.023786617951064935 -0.0057083744019824755 0.0021836642613208531 -0.00035570872686158518 -0.0071643565986753742 -0.00044569053429402064 -0.0030956218338643936 -0.00036614504542145816 0.0013950759756998178 0.0090437326170065332 -0.0045997687564231773 0.0050352856741633489 0.0045416799671252634 -0.0033691046077787704 0.016317529868807107 -0.0046610109220187506 0.012445782159294988 -0.00054730269630643899 0.012929969677257017 0.011179397002701442 -0.0045156271444908953
leaf_weight=7219 7749 5074 36697 10451 5740 3828 45190 6665 19387 496 15545 1674 3374 8731 78538 9735 16874 4681 75 390 393 68 172 154 429 79 51 90 140 579
leaf_count=7219 7749 5074 36697 10451 5740 3828 45190 6665 19387 496 15545 1674 3374 8731 78538 9735 16874 4681 75 390 393 68 172 154 429 79 51 90 140 579
internal_value=-0.000598207 0.000226916 -0.00130265 5.62975e-05 -0.00108738 -0.000699198 -0.000558006 8.59686e-05 0.00115155 0.00376565 -0.00171912 -0.000278211 -0.00283171 -0.00212103 -0.000113402 -0.00152467 0.000431082 0.00122992 0.00264653 0.00629348 0.00847668 0.00691638 0.0132584 0.0240541 0.0031576 0.00813559 0.0188426 0.024697 0.00557692 0.00320803
internal_weight=290268 133683 156585 127534 137261 85019 81191 36001 29838 6149 52242 97696 19324 12105 86287 11409 30261 13387 6722 2041 1651 1435 534 222 901 472 216 165 312 5653
internal_count=290268 133683 156585 127534 137261 85019 81191 36001 29838 6149 52242 97696 19324 12105 86287 11409 30261 13387 6722 2041 1651 1435 534 222 901 472 216 165 312 5653
is_linear=0
shrinkage=0.05


Tree=49
num_leaves=31
num_cat=0
split_feature=5 4 0 24 24 24 23 22 22 22 13 22 17 22 22 20 5 11 14 17 24 23 23 22 24 23 20 24 22 16
split_gain=63.057 27.0152 19.908 12.7602 25.2336 22.9318 30.7629 13.8749 13.1141 13.5242 13.548 12.1267 11.227 13.823 15.0124 11.3027 9.74469 9.37659 9.2538 9.19875 11.9616 10.8031 13.2874 9.14105 11.9377 10.0033 9.76923 9.04087 7.86632 8.83814
threshold=8.4321428571428587 30.225000000000005 4.2350000000000012 -0.43999999999999995 0.16500000000000004 0.095000000000000015 0.2332836900311728 -0.814291907305839 0.9893236546938301 0.98049069993378934 5.3500000000000005 0.99374995976406788 147.50000000000003 0.97696484778429815 -0.065535378769913874 247.80000000000004 10.929285714285717 26.865000724792484 31.150000000000002 187.50000000000003 -0.029999999999999995 0.95436825032516992 0.94066717844141279 -0.14250824554987665 2.0250000000000004 -0.99273797715557011 495.50000000000006 0.095000000000000015 0.12545942051955489 21.950000000000003
decision_type=2 2 2 8 10 8 2 2 2 2 2 2 2 2 2 10 2 2 2 2 10 2 2 2 10 2 10 10 2 2
left_child=2 11 -1 -4 5 19 8 -6 9 -7 18 12 -2 14 23 -15 -17 -3 -11 -5 21 22 -21 -14 25 -25 -27 -18 -16 -30
right_child=1 17 3 4 7 6 -8 -9 -10 10 -12 -13 13 15 28 16 27 -19 -20 20 -22 -23 -24 24 -26 26 -28 -29 29 -31
leaf_value=-0.0055072574779494593 -0.001012120881815706 0.0041293410586244672 -0.0037272082360952177 -0.0015574418405587269 0.0034538995139387521 0.0090837702616788814 -0.00010451971011964393 -0.0032490606236346455 -0.006137992115434858 0.010017176587217274 0.025977204121086853 -0.0045731776110597127 0.0013580956144249692 -0.0033832333684178993 -0.0046148990294635484 0.005282973530579829 0.00075246821062111241 0.016001028307801864 0.024996421373160001 0.0021545094055474205 -0.0023470506686693706 -0.00310269328617863 0.0057983198304520853 0.001527529897095266 -0.017519109907700319 0.010106474260678795 -0.0052125962409690137 0.014478446365575277 -0.00042764149501954427 0.014451455609474457
leaf_weight=25658 48610 14847 26670 19590 2430 375 941 49821 83 104 84 5144 38301 617 4662 1072 142 1717 71 13756 5990 2499 337 637 293 760 112 442 24435 68
leaf_count=25658 48610 14847 26670 19590 2430 375 941 49821 83 104 84 5144 38301 617 4662 1072 142 1717 71 13756 5990 2499 337 637 293 760 112 442 24435 68
internal_value=-0.000578914 0.000174856 -0.00129942 -0.00103466 -0.000766074 0.000118639 0.00588661 -0.0015082 0.013689 0.0161356 0.0249228 -7.60218e-05 2.57581e-05 0.000424161 0.000298261 0.00426089 0.00641304 0.00207257 0.017 -0.00010813 0.000579664 0.00127109 0.00180834 0.000925989 0.00440621 0.00619947 0.0096789 0.0116096 -0.000564891 -0.000206711
internal_weight=290268 141859 148409 122751 96081 43830 1658 52251 717 634 259 125295 120151 71541 69268 2273 1656 16564 175 42172 22582 16592 14093 40103 1802 1509 872 584 29165 24503
internal_count=290268 141859 148409 122751 96081 43830 1658 52251 717 634 259 125295 120151 71541 69268 2273 1656 16564 175 42172 22582 16592 14093 40103 1802 1509 872 584 29165 24503
is_linear=0
shrinkage=0.05


Tree=50
num_leaves=31
num_cat=0
split_feature=5 5 4 21 24 24 22 22 24 22 24 22 22 4 22 22 22 22 20 22 0 22 2 24 22 22 22 16 2 22
split_gain=57.9872 22.9995 19.6001 13.6 19.1221 13.1395 11.3172 18.3213 13.5252 10.7257 13.2864 53.1788 15.8564 15.9935 13.488 34.3767 15.9673 14.406 16.2184 13.4166 13.211 14.086 10.6253 10.3093 16.8657 9.84878 9.46757 9.26049 9.4882 9.17999
threshold=9.7207142857142887 4.4650000000000007 36.055000000000007 132.50000000000003 -0.43999999999999995 -0.089999999999999983 -0.97876850416056738 -0.98803845231459242 1.8150000000000002 -0.9905448150984083 -0.27499999999999997 -0.97876850416056738 -0.96235977360714686 7.5250000000000012 -0.25205528343633254 -0.33425342068356556 0.58481550752069722 0.59868201182722736 329.65000000000003 0.62587949062545845 7.0150000000000006 0.66527693225344786 1.0950000000000009 -0.22499999999999995 0.79904096188274243 -0.92274349529687905 0.99374995976406788 11.350000000000003 0.11000000000000078 -0.76141707087277943
decision_type=2 2 2 8 8 10 2 2 10 2 8 2 2 2 2 2 2 2 8 2 2 2 2 10 2 2 2 2 2 2
left_child=1 -1 26 4 -3 9 7 -7 -9 -6 11 -11 -12 -14 15 25 -16 -18 -19 29 21 -20 -8 -23 -25 -15 -2 28 -17 -13
right_child=2 3 -4 -5 5 6 22 8 -10 10 12 19 13 14 16 27 17 18 20 -21 -22 23 -24 24 -26 -27 -28 -29 -30 -31
leaf_value=-0.0071665659427046433 0.00043726361396872169 -0.0031606490094448119 0.0059284122907523407 -0.0031749319579874782 -0.0070274306083069242 -0.0020835460702424194 -0.0023460066981146254 0.015840835143871228 -0.010530477297668626 0.015823584777480935 -0.0054927575072126061 -0.0061983205140988288 0.0084175885082919313 0.0056388143210522089 -0.0040137871635137039 0.014710754656018319 0.010776521136122621 -0.0013509927071923943 0.014250305252817029 -0.0092051421830691271 0.0031853792133541611 -0.006189743501556615 5.6894925444661755e-05 0.0040403939158742755 0.014291620432148065 0.0021410001686288488 -0.0043590761431734808 0.0082383542181324165 0.0096777668699006003 0.00072829587638478788
leaf_weight=14897 85687 34226 12569 33482 1751 446 46743 259 77 377 1629 2939 686 1593 2917 132 248 2735 153 2737 1413 155 24024 129 63 3810 3645 205 143 10398
leaf_count=14897 85687 34226 12569 33482 1751 446 46743 259 77 377 1629 2939 686 1593 2917 132 248 2735 153 2737 1413 155 24024 129 63 3810 3645 205 143 10398
internal_value=-0.000557555 -0.00107734 0.000403282 -0.000915433 -0.000698918 -0.000366484 -0.000751864 0.00523018 0.0140476 0.000439452 0.000645061 -0.000352867 0.00167041 0.00219997 0.00182681 0.00363505 0.000465249 0.00220997 0.00158348 -0.000788231 0.005115 0.0121 -0.000817967 0.00652738 0.0142708 0.00249583 0.000143173 0.0164583 0.0224545 -0.000133839
internal_weight=290268 188367 101901 173470 139988 105762 71549 782 336 34213 32462 16451 16011 14382 13696 5883 7813 4896 4648 16074 1913 500 70767 347 192 5403 89332 480 275 13337
internal_count=290268 188367 101901 173470 139988 105762 71549 782 336 34213 32462 16451 16011 14382 13696 5883 7813 4896 4648 16074 1913 500 70767 347 192 5403 89332 480 275 13337
is_linear=0
shrinkage=0.05


Tree=51
num_leaves=31
num_cat=0
split_feature=0 8 4 23 17 24 24 23 22 23 23 24 20 8 16 16 22 22 22 22 13 13 21 23 24 23 23 23 23 24
split_gain=54.2256 29.7405 14.7658 14.471 15.1192 16.1975 19.3059 10.1928 41.6431 13.1431 17.8284 53.5308 11.8292 10.1721 9.91537 9.58204 8.64816 8.44129 12.355 8.34781 7.78069 7.61374 7.58653 8.49786 8.98957 14.1629 10.2573 8.17651 7.83013 16.6934
threshold=7.5250000000000012 2.5000000000000004 16.965000000000003 0.8511460603353429 187.50000000000003 -0.77999999999999992 -0.029999999999999995 0.74298546529340237 0.63920241694561786 0.60383265664488517 0.57605713708605399 -0.22499999999999995 334.10000000000008 27.500000000000004 11.65 16.050000000000004 0.98667101781630195 -0.98214942551678475 -0.98803845231459242 0.61237135649459018 3.8500000000000001 1.6500000000000001 187.50000000000003 0.45847758937963173 1.4950000000000003 0.41202506375868281 -0.99273797715557011 -0.97874870457683594 -0.8611288361322974 -0.089999999999999983
decision_type=2 2 2 2 2 8 10 2 2 2 2 10 10 2 2 2 2 2 2 2 2 2 8 2 8 2 2 2 2 8
left_child=3 2 22 4 19 -6 7 9 -9 10 16 -12 -13 -3 21 -15 -7 18 -8 -1 -18 -10 23 24 26 -26 -2 -28 29 -29
right_child=1 13 -4 -5 5 6 17 8 14 -11 11 12 -14 15 -16 -17 20 -19 -20 -21 -22 -23 -24 -25 25 -27 27 28 -30 -31
leaf_value=-0.0019267489728730415 -0.0046991361966206152 0.004871100031189895 0.0012104066851919221 -0.0040821158333091447 -0.0050057080337189384 0.0013894768486114096 -0.00052534492454620952 0.0020366287952659017 0.0091478436874018899 -0.0057283613775635407 -0.012300437629149813 0.012030139184299521 0.014558200724119424 0.020338080855269777 0.015439675710463681 -0.00057190722319290727 0.015454837838735228 -0.0017326500588063958 0.018084606228680498 -0.0049571767652173979 0.0041046104292509862 0.0090085206157132763 -0.0021531869848048515 -0.0016405474666865692 0.0028580230783235849 0.011467611578694024 0.0023197120064343949 0.0065822405544756976 0.00034001731304359579 -0.0038763258339512101
leaf_weight=25923 3371 9804 45763 28375 7053 8422 175 2506 59 2572 372 168 102 998 116 371 106 23303 114 22965 267 80 15670 32142 4908 202 3013 1423 41220 8705
leaf_count=25923 3371 9804 45763 28375 7053 8422 175 2506 59 2572 372 168 102 998 116 371 106 23303 114 22965 267 80 15670 32142 4908 202 3013 1423 41220 8705
internal_value=-0.000536368 4.8331e-05 -0.000129687 -0.00133512 -0.00103724 -0.000380382 2.45022e-05 0.00144211 0.00418145 0.000812306 0.00167585 0.00971962 0.0266667 0.0025405 0.0234314 0.00657779 0.00108869 -0.000863006 0.00762976 -0.00164744 0.00853887 0.0144245 -0.0004421 -0.000273942 6.4287e-05 0.00207436 -0.00011363 5.23341e-05 -9.62075e-05 -0.00134183
internal_weight=290268 167590 156417 122678 94303 45415 38362 14770 2761 12009 9437 642 270 11173 255 1369 8795 23592 289 48888 373 139 110654 94984 62842 5110 57732 54361 51348 10128
internal_count=290268 167590 156417 122678 94303 45415 38362 14770 2761 12009 9437 642 270 11173 255 1369 8795 23592 289 48888 373 139 110654 94984 62842 5110 57732 54361 51348 10128
is_linear=0
shrinkage=0.05


Tree=52
num_leaves=31
num_cat=0
split_feature=0 4 0 8 13 22 20 18 21 24 24 22 24 24 22 22 22 22 22 22 22 22 19 22 24 22 24 21 22 24
split_gain=48.536 26.1909 14.4569 10.3172 8.98787 8.91471 7.83591 7.53125 8.33887 7.43721 16.8836 17.0011 6.79891 15.2315 13.8764 8.13402 6.45452 6.37872 6.2984 14.2347 23.1862 7.40265 6.10196 6.04007 5.79993 10.9958 14.9729 10.3759 7.44434 14.22
threshold=7.5250000000000012 22.255000000000006 3.7350000000000008 27.500000000000004 0.15000000000000005 -0.92923668111203805 583.65000000000009 6.9650000000000007 227.50000000000003 1.8750000000000002 1.7100000000000002 -0.91597725483594616 -0.43999999999999995 0.24500000000000002 -0.97876850416056738 -0.98523971305672675 -0.9905448150984083 0.35846314187849709 -0.031173458710879235 -0.13398594226331254 -0.082689790342551819 -0.31799228562170639 7.6250000000000009 -0.92274349529687905 1.1900000000000002 -0.82415615971448097 1.3800000000000001 21.900000000000002 -0.97876850416056738 1.8150000000000002
decision_type=2 2 2 2 2 2 10 2 8 10 8 2 10 10 2 2 2 2 2 2 2 2 2 2 8 2 8 10 2 10
left_child=2 4 -1 5 23 6 -3 -6 24 10 12 -12 -4 16 15 -15 -14 -7 19 21 -21 22 -13 -2 -9 26 27 -26 29 -28
right_child=1 3 9 -5 7 17 -8 8 -10 -11 11 18 13 14 -16 -17 -18 -19 -20 20 -22 -23 -24 -25 25 -27 28 -29 -30 -31
leaf_value=-0.0056640200096884996 0.0061331718490618839 -0.0023380798867531217 -0.0031443796132773344 0.016070092744852656 0.0011455841405276011 0.0049768025087052409 0.008397159622858712 -0.00093080731018998619 -0.002702293326380134 -0.0049343393526986449 -0.0034767356579638456 0.0050815507931680137 -0.0087864080824140087 0.0038447727909248957 -0.0034344088573665717 0.018466960837587622 -9.3046514736547477e-06 2.6947227942406325e-05 -0.0034607573394501733 0.024162461164909107 0.0066230327701469723 -0.014870581594247907 0.015574454821310127 0.00081199127932399359 0.01627139534042496 -0.00061273471411456477 0.012981841456297697 0.0065412671246098085 0.00031554545178152368 -0.0053387519575332446
leaf_weight=16776 1846 6157 24335 1144 13463 16188 1239 84563 13053 9326 866 501 1241 145 30640 118 37895 4214 176 72 160 142 285 10023 231 11035 843 236 2977 378
leaf_count=16776 1846 6157 24335 1144 13463 16188 1239 84563 13053 9326 866 501 1241 145 30640 118 37895 4214 176 72 160 142 285 10023 231 11035 843 236 2977 378
internal_value=-0.000517075 3.60988e-05 -0.00127276 0.00140419 -0.000249482 0.00121268 -0.000274474 -0.000372658 -0.00050549 -0.00105673 -0.000926525 0.00340145 -0.00102751 -0.000777354 -0.00160713 0.0098289 -0.000122139 0.00175179 0.00693862 0.00827586 0.0193534 0.00550646 0.00740458 0.00106622 -0.000350729 0.000531846 0.00256699 0.01106 0.0016222 0.00490991
internal_weight=290268 167590 122678 28942 138648 27798 7396 126779 113316 105902 96576 2202 94374 70039 30903 263 39136 20402 1336 1160 232 928 786 11869 100263 15700 4665 467 4198 1221
internal_count=290268 167590 122678 28942 138648 27798 7396 126779 113316 105902 96576 2202 94374 70039 30903 263 39136 20402 1336 1160 232 928 786 11869 100263 15700 4665 467 4198 1221
is_linear=0
shrinkage=0.05


Tree=53
num_leaves=31
num_cat=0
split_feature=5 9 5 23 4 22 20 9 24 20 22 22 22 20 23 22 24 22 22 24 23 22 22 9 24 0 22 23 24 22
split_gain=45.6749 18.6982 17.8183 13.0029 11.2311 10.5471 10.0211 8.68351 7.74083 11.1233 11.4738 8.10521 24.3395 12.2936 7.46947 18.4799 10.1445 19.4732 10.4055 10.3098 7.99023 7.92671 19.7605 7.44165 7.41683 7.4002 7.37666 25.9161 18.5822 14.6558
threshold=8.4321428571428587 32.260301589965827 4.4650000000000007 0.99748108949426018 134.03500000000003 0.99552231814189451 252.40000000000003 719.37036132812511 inf 253.65000000000003 -0.92923668111203805 -0.861146256326485 -0.814291907305839 450.10000000000008 -0.90161545992537195 -0.33425342068356556 0.05000000000000001 -0.25205528343633254 0.40614137006726808 1.7100000000000002 -0.99273797715557011 -0.065535378769913874 -0.11692013674435776 260.38023376464849 0.83000000000000007 35.57500000000001 0.97696484778429815 0.11478523713130605 0.095000000000000015 0.98667101781630195
decision_type=2 2 2 2 2 2 10 2 8 10 2 2 2 10 2 2 10 2 2 10 2 2 2 2 10 2 2 2 10 2
left_child=2 4 -1 6 -2 7 14 8 -3 10 -10 -11 13 -13 15 -4 17 -17 -19 20 -18 22 -21 -22 -25 -12 -8 -28 29 -29
right_child=1 5 3 -5 -6 -7 26 -9 9 11 25 12 -14 -15 -16 16 19 18 -20 21 23 -23 -24 24 -26 -27 27 28 -30 -31
leaf_value=-0.0064776918563470886 0.0022777404945073039 -0.00043075816086939555 0.014531363847175547 -0.008344479954625169 0.013021553853113089 -0.0048639609237171606 -0.0010457620483643973 0.0020813946969328208 -0.02200239588182137 -0.0051591408733315169 0.032550626035561657 0.034577119761139911 0.0023140226879720086 -0.00057560207804658605 -0.002854213607205636 0.016549349221571762 -0.0081155335161186871 0.0012850322353125613 0.023914925291053456 9.1744554975622608e-05 -0.0025208507565923138 -0.001575270842106923 0.020758272877943074 0.0048425106217174904 -0.0034103339851780851 0.009753460305823889 -0.0025786159013125982 -0.0072181126776255395 0.018674883002786875 0.0083698152314364543
leaf_weight=14897 27827 98067 148 3581 1334 4318 66755 7518 67 833 127 194 1451 73 51159 65 2002 757 65 68 2628 103 55 1069 597 50 3038 459 351 612
leaf_count=14897 27827 98067 148 3581 1334 4318 66755 7518 67 833 127 194 1451 73 51159 65 2002 757 65 68 2628 103 55 1069 597 50 3038 459 351 612
internal_value=-0.00049451 0.000147011 -0.00110772 -0.000924712 0.0012755 -0.00014499 -0.000842795 -4.84419e-05 -0.00017063 0.00242397 0.0126229 0.00144845 0.00341094 0.0172846 -0.00132639 0.000140928 -0.000208531 0.00480834 0.00272506 -0.000890832 -0.00126747 0.00960177 0.0181707 -5.12355e-05 0.00256302 0.0192938 -0.000444079 0.00152466 0.00709564 0.00382353
internal_weight=290268 141859 148409 133512 29161 112698 129931 108380 100862 2795 244 2551 1718 267 58716 7557 7409 887 822 6522 6296 226 123 4294 1666 177 71215 4460 1422 1071
internal_count=290268 141859 148409 133512 29161 112698 129931 108380 100862 2795 244 2551 1718 267 58716 7557 7409 887 822 6522 6296 226 123 4294 1666 177 71215 4460 1422 1071
is_linear=0
shrinkage=0.05


Tree=54
num_leaves=31
num_cat=0
split_feature=5 8 5 22 17 17 24 24 22 24 24 22 4 20 19 24 9 22 22 22 22 22 13 22 24 22 22 20 22 22
split_gain=41.1451 19.9172 16.0661 12.3717 13.2919 11.4132 13.9503 13.7365 11.1823 12.6285 10.7695 22.7169 25.5235 18.7073 16.1733 10.6777 11.5954 10.2744 10.0883 9.86129 13.9074 24.4127 8.75203 8.52135 10.4975 8.35819 8.30984 8.06572 8.03105 7.8937
threshold=8.4321428571428587 13.500000000000002 4.4650000000000007 -0.065535378769913874 151.50000000000003 171.50000000000003 -0.43999999999999995 -0.089999999999999983 -0.14250824554987665 2.0250000000000004 -0.27499999999999997 0.63920241694561786 7.6450000000000005 333.00000000000006 6.9650000000000007 0.095000000000000015 845.66873168945324 0.12545942051955489 0.99552231814189451 -0.96235977360714686 -0.25205528343633254 -0.30163705152652742 9.7500000000000018 0.57077594689671507 -0.22499999999999995 0.94978112945126536 0.58481550752069722 444.30000000000001 0.99552231814189451 0.97696484778429815
decision_type=2 2 2 2 2 2 8 10 2 10 8 2 2 10 2 8 2 2 2 2 2 2 2 2 10 2 2 10 2 2
left_child=2 3 -1 4 -2 -4 -7 10 15 27 -8 19 -13 -14 -15 16 -6 -5 29 -12 21 -21 25 -22 -25 26 -9 -10 -27 -19
right_child=1 -3 5 17 8 6 7 22 9 -11 11 12 13 14 -16 -17 -18 18 -20 20 23 -23 -24 24 -26 28 -28 -29 -30 -31
leaf_value=-0.00615380726352973 -0.00064472728199574544 0.012926407519111852 -0.0026776315009062689 -0.0037767456540929662 -3.1731372424095176e-05 -0.0027082795651273326 1.7290892876351148e-05 0.00080072731148301429 0.0073778771954361826 -0.016279765094040399 -0.0065867938520259885 0.010856876147565413 0.002101731530461495 0.01210896499083321 0.005667171741054188 0.0040058856035705458 0.0042430870594704047 -0.00034524456574576743 -0.0044702668349845577 0.0044466227056192235 -0.007672165375303578 0.015230226190319739 -0.0022484583721785307 -0.001648653010306302 0.0080653758902095776 0.0049386764667158052 -0.0044871633286025642 -0.0019406999644158444 -0.0054860266974426312 0.0029678698374544961
leaf_weight=14897 32373 2856 57954 7703 25516 22101 8488 9830 1280 287 956 160 863 209 348 16584 1443 44338 4604 2184 1178 117 20469 513 389 2723 4395 287 635 4588
leaf_count=14897 32373 2856 57954 7703 25516 22101 8488 9830 1280 287 956 160 863 209 348 16584 1443 44338 4604 2184 1178 117 20469 513 389 2723 4395 287 635 4588
internal_value=-0.000480902 0.000127978 -0.00106291 4.30554e-05 0.000461616 -0.000889135 -0.000484265 -4.74225e-05 0.00101361 0.00481661 0.00121227 0.00267674 0.00794304 0.00580986 0.0129533 0.000851686 0.000237582 -0.000488545 -0.000242856 0.00111767 0.00212166 0.00480009 -0.000557396 -0.000841347 0.00281596 0.000260762 -0.000268894 0.00658264 0.00250447 -3.22949e-05
internal_weight=290268 141859 148409 139003 77770 133512 75558 53457 45397 1854 15405 6917 1580 1420 557 43543 26959 61233 53530 5337 4381 2301 38052 2080 902 17583 14225 1567 3358 48926
internal_count=290268 141859 148409 139003 77770 133512 75558 53457 45397 1854 15405 6917 1580 1420 557 43543 26959 61233 53530 5337 4381 2301 38052 2080 902 17583 14225 1567 3358 48926
is_linear=0
shrinkage=0.05


Tree=55
num_leaves=31
num_cat=0
split_feature=0 0 4 23 17 16 23 23 22 20 19 23 23 22 1 22 22 20 14 23 17 17 14 23 23 19 19 22 22 17
split_gain=38.4571 18.1867 15.7017 12.5922 13.3891 11.78 9.0197 8.47158 30.1011 12.491 10.2313 8.45022 7.99395 19.6267 7.80635 7.31124 9.64324 7.13435 7.09263 7.0056 6.76197 7.73231 6.12644 5.77396 26.9389 5.95541 5.66504 5.50551 8.02546 5.49243
threshold=10.005000000000001 3.9950000000000006 23.345000000000002 0.9980355542543059 163.50000000000003 10.750000000000002 0.50370931781787065 -0.52765736634565841 -0.814291907305839 441.60000000000008 23.045000000000005 -0.67801649466304881 -0.11692317777808843 -0.082689790342551819 85.335000000000022 -0.97876850416056738 -0.88622299073327826 593.00000000000011 32.350000000000001 0.83730377313544024 209.50000000000003 302.50000000000006 23.650000000000002 -0.082691941062253513 -0.21022037796396451 8.8550000000000022 5.5150000000000006 -0.05695216311707673 -0.17647087149565668 231.50000000000003
decision_type=2 2 2 2 2 2 2 2 2 10 2 2 2 2 2 2 2 10 2 2 2 2 2 2 2 2 2 2 2 2
left_child=1 -1 23 4 6 12 -3 8 9 10 -4 -10 13 15 -11 26 -17 19 -12 -9 -7 -22 29 24 -2 -25 -6 28 -21 -18
right_child=2 3 7 -5 5 20 -8 17 11 14 18 -13 -14 -15 -16 16 22 -19 -20 27 21 -23 -24 25 -26 -27 -28 -29 -30 -31
leaf_value=-0.00464599121126764 -5.0781513287153118e-05 -0.0015027055250493926 0.017341702955886076 -0.0076669993219778262 -2.4338018251023834e-05 -0.0020013503467254889 -0.004121176723895067 -0.0002989248044082195 0.0057089728947514982 0.0052093076058483054 0.03291485115460039 -0.0039393181301050515 -0.0020275592377861757 -0.0017344286129937704 0.027451724138754598 -0.0039873018280269009 0.014452105392729698 0.0098782885532969784 0.00649014627629822 0.0045719273406833001 0.0020460885924532823 -0.00086039931844224607 0.0030530981165198152 0.00074482792748175361 0.008049840853310895 -0.0015946290069005168 0.011973404686923428 0.00039529815714235629 0.014801584500284804 0.0022619348145245647
leaf_weight=21636 37397 54070 208 3876 208 5228 17619 11718 6407 341 231 1817 36113 16334 82 2008 207 1886 53 855 19190 7127 6057 10771 3685 23471 464 855 192 162
leaf_count=21636 37397 54070 208 3876 208 5228 17619 11718 6407 341 231 1817 36113 16334 82 2008 207 1886 53 855 19190 7127 6057 10771 3685 23471 464 855 192 162
internal_value=-0.000470394 -0.000887526 0.000323649 -0.000712457 -0.000646199 -0.000250705 -0.0011598 0.00141915 0.00262665 0.0112295 0.0166463 0.0016695 -0.000653341 2.55491e-05 0.00492908 0.00188557 0.00148565 0.000707467 0.0228169 0.000308369 0.000534949 0.000861229 0.00243075 -3.47843e-05 0.000364879 -0.000514282 0.00690476 0.00312303 0.00555396 0.00868564
internal_weight=290268 190299 99969 168663 164787 93098 71689 24645 9139 915 492 8224 61553 25440 423 9106 8434 15506 284 13620 31545 26317 6426 75324 41082 34242 672 1902 1047 369
internal_count=290268 190299 99969 168663 164787 93098 71689 24645 9139 915 492 8224 61553 25440 423 9106 8434 15506 284 13620 31545 26317 6426 75324 41082 34242 672 1902 1047 369
is_linear=0
shrinkage=0.05


Tree=56
num_leaves=31
num_cat=0
split_feature=0 8 5 23 17 17 4 16 14 23 23 23 24 22 17 22 24 22 23 23 8 23 13 0 13 24 23 24 24 16
split_gain=35.6089 18.7711 13.3814 11.4412 12.5666 11.1826 10.2042 8.88338 8.31288 7.16007 6.63688 10.7163 10.7096 6.90901 5.95874 5.95427 13.6147 14.9975 5.81368 7.27144 5.77137 5.38497 5.56553 5.31309 5.04711 7.46531 5.61556 5.13134 8.96251 5.02949
threshold=7.5250000000000012 2.5000000000000004 4.1892857142857158 0.99611390731392835 163.50000000000003 299.50000000000006 16.965000000000003 10.750000000000002 30.850000000000005 -0.80417042486635371 -0.99628250747696534 -0.97507822412530132 0.05000000000000001 -0.15101209918632377 132.50000000000003 0.91248814248966237 1.1900000000000002 0.97696484778429815 -0.99628250747696534 -0.97874870457683594 30.500000000000004 0.9989598388634241 0.15000000000000005 4.9050000000000011 4.2500000000000009 1.7100000000000002 -0.99273797715557011 -0.049999999999999996 0.16500000000000004 13.350000000000003
decision_type=2 2 2 2 2 2 2 2 2 2 2 2 10 2 2 2 10 2 2 2 2 2 2 2 2 10 2 10 10 2
left_child=2 6 -1 4 9 7 18 -6 -3 10 -4 12 13 -12 -8 -7 -17 -18 -2 24 -10 22 -21 -11 -20 26 -26 -28 -29 -16
right_child=1 8 3 -5 5 15 14 -9 20 23 11 -13 -14 -15 29 16 17 -19 19 21 -22 -23 -24 -25 25 -27 27 28 -30 -31
leaf_value=-0.0069322677183480345 -0.0034959792302286376 -0.0012612804323538205 -0.0060645503386367065 -0.0066439947303956678 -0.0007685360339832909 -0.0034076671086172277 -0.00057983525038443368 0.0016712153342818563 0.0057536660153202652 -0.0057240397072512621 -0.0058493185197656464 -0.0011419225162064297 0.0016761636456843422 0.011217949298011398 0.0012257413136163983 -0.0016096785243731697 0.013600740501070078 -0.0097084838206086613 0.00049036502268593862 0.0012563485007255105 0.015862101378499357 -0.0080056833765459832 -0.00083766167706423146 -0.0026694111276266766 -0.0031327046134797449 0.012677251716730294 -0.0028676112732790911 0.0077884696271304371 0.0017916864443182695 0.004116654704857464
leaf_weight=10272 3547 2170 1702 4337 29442 14766 15912 14232 7877 11852 92 5451 1466 393 24739 3113 258 148 3844 6986 1126 1233 93193 25154 416 91 259 442 643 5112
leaf_count=10272 3547 2170 1702 4337 29442 14766 15912 14232 7877 11852 92 5451 1466 393 24739 3113 258 148 3844 6986 1126 1233 93193 25154 416 91 259 442 643 5112
internal_value=-0.000459198 1.46178e-05 -0.00110648 -0.000948616 -0.000847562 -0.000382432 -0.00012681 5.22038e-05 0.00199454 -0.00147257 -0.00021639 0.000430963 0.00361097 0.0100515 0.000501168 -0.00142056 0.000427677 0.00903941 -0.000386521 -0.000320568 0.00266411 -0.000418196 -0.000377775 -0.0017816 0.00141791 0.00356294 0.00284091 0.0044122 0.00592166 0.000917724
internal_weight=290268 167590 122678 112406 108069 61959 156417 43674 11173 46110 9104 7402 1951 485 45763 18285 3519 406 110654 107107 9003 101412 100179 37006 5695 1851 1760 1344 1085 29851
internal_count=290268 167590 122678 112406 108069 61959 156417 43674 11173 46110 9104 7402 1951 485 45763 18285 3519 406 110654 107107 9003 101412 100179 37006 5695 1851 1760 1344 1085 29851
is_linear=0
shrinkage=0.05


Tree=57
num_leaves=31
num_cat=0
split_feature=0 4 23 17 24 24 23 22 20 24 14 23 23 23 22 13 23 23 24 20 23 24 23 17 22 23 24 0 22 13
split_gain=33.2356 18.2577 10.1869 12.6382 14.365 17.8385 9.24861 28.4604 12.0717 23.1438 9.3132 8.54814 8.35437 8.04955 23.9467 20.1507 11.9185 16.6665 43.342 10.2078 7.98328 8.21705 17.7632 8.7932 7.91052 9.65236 7.89058 8.73762 7.77166 10.4282
threshold=6.8950000000000005 21.585000000000004 0.86439018870140905 167.50000000000003 -0.77999999999999992 -0.029999999999999995 -0.52765736634565841 -0.814291907305839 441.60000000000008 -0.27499999999999997 29.050000000000004 -0.6652727025667432 0.9989598388634241 0.73136292505298039 0.63920241694561786 6.2500000000000009 0.60383265664488517 0.57605713708605399 -0.22499999999999995 334.10000000000008 -0.99628250747696534 -0.65999999999999981 -0.39036009226888674 155.50000000000003 -0.98214942551678475 -0.17646730165275518 0.89500000000000013 12.925000000000002 0.17646842360078763 2.3500000000000001
decision_type=2 2 2 2 8 10 2 2 10 10 2 2 2 2 2 2 2 2 10 10 2 8 2 2 2 2 8 2 2 2
left_child=2 12 3 -1 -5 13 7 8 9 10 -3 26 20 16 -15 -16 17 -6 -19 -20 -2 22 -22 -23 25 -7 -9 -28 -25 -30
right_child=1 6 -4 4 5 24 -8 11 -10 -11 -12 -13 -14 14 15 -17 -18 18 19 -21 21 23 -24 28 -26 -27 27 -29 29 -31
leaf_value=-0.0032352356723141583 -0.003174528360102285 0.041998853587040037 -0.0036288993100472345 -0.0049359440602992919 0.0017986916369093983 0.018404648567002163 0.00094167445082008947 8.7917665463426028e-05 0.010122344712055156 0.0062204829500126209 0.026487686220605263 -0.0048458953683753738 -0.0078071286767978174 0.0021580467877029977 0.011910367020533694 0.00098831733382927461 -0.0059179259204921297 -0.010673614478941549 0.01164202582425912 0.013797640513571555 0.029081373677843109 -0.00091176073810345874 -0.0035683703630496528 0.0012516974490890875 -0.0016019117548722235 0.0040748263465527988 0.015500192732532987 0.0063585137672613938 0.0017410222285849778 -0.0012324321136234105
leaf_weight=37214 4927 66 23376 6625 7804 62 19999 3037 473 256 260 1851 1826 2844 201 116 1975 339 164 95 105 60385 8824 41311 21678 240 480 4751 9812 29172
leaf_count=37214 4927 66 23376 6625 7804 62 19999 3037 473 256 260 1851 1826 2844 201 116 1975 339 164 95 105 60385 8824 41311 21678 240 480 4751 9812 29172
internal_value=-0.000444384 -4.83922e-05 -0.00116725 -0.000897024 -0.000304085 9.45987e-05 0.00105652 0.0022087 0.0100237 0.0148454 0.023681 0.00139391 -0.000268673 0.00152238 0.00373141 0.0167666 0.000849474 0.00167103 0.00971572 0.0251158 -0.000228945 -0.000163728 -0.00163456 -7.03737e-05 -0.000784806 0.00725165 0.00208152 0.00325846 0.000272432 -0.000233943
internal_weight=290268 187535 102733 79357 42143 35518 31173 11174 1055 582 326 10119 156362 13538 3161 317 10377 8402 598 259 154536 149609 8929 140680 21980 302 8268 5231 80295 38984
internal_count=290268 187535 102733 79357 42143 35518 31173 11174 1055 582 326 10119 156362 13538 3161 317 10377 8402 598 259 154536 149609 8929 140680 21980 302 8268 5231 80295 38984
is_linear=0
shrinkage=0.05


Tree=58
num_leaves=31
num_cat=0
split_feature=5 18 22 5 22 22 22 20 22 8 17 21 17 22 22 22 9 22 22 22 9 9 22 9 16 22 22 20 22 20
split_gain=31.2343 18.2823 10.0364 8.4945 7.90638 22.8507 8.42837 19.5113 12.9841 7.62757 7.28104 6.32554 8.05709 6.31033 15.1922 15.0509 10.4061 31.8888 9.90292 13.0947 8.21333 7.82001 7.49333 9.02591 7.3099 7.60886 19.2411 8.44794 7.18378 6.99082
threshold=6.1607142857142874 16.655000000000005 0.99552231814189451 4.1892857142857158 -0.99763297024448894 -0.97876850416056738 0.97696484778429815 107.2 0.98802474685579866 31.500000000000004 181.50000000000003 12.500000000000002 255.50000000000003 -0.065535378769913874 0.091259403071267925 -0.40614700388750385 616.95419311523449 -0.43733984355855576 -0.29343379936893921 -0.20180236284700911 654.16970825195324 998.87963867187511 0.22700754078277605 998.87963867187511 22.050000000000004 0.49812943072827093 0.61237135649459018 519.10000000000014 -0.45274443793211405 444.30000000000001
decision_type=2 2 2 2 2 2 2 10 2 2 2 10 2 2 2 2 2 2 2 2 2 2 2 2 2 2 2 8 2 10
left_child=3 2 4 -1 -2 11 13 -8 -9 -3 -5 -6 -13 15 -15 16 28 -18 20 -20 -17 -19 23 -16 25 27 -27 -24 -7 -21
right_child=1 9 -4 10 5 6 7 8 -10 -11 -12 12 -14 14 22 18 17 21 19 29 -22 -23 24 -25 -26 26 -28 -29 -30 -31
leaf_value=-0.0064331445390394528 -0.0052862785396860252 0.0020083120320183666 -0.004026106413767278 -0.0036694047993735498 -0.002325318481084897 -0.0010242586379023103 -0.0060935653751315044 0.0079013012997100011 0.00057665911997049587 0.014944718519929266 -0.0010990703377878781 0.006719712148433938 -0.0013627024740909257 -0.0042071527961875963 0.0007387261330607743 0.0041936644361735484 0.00096882025958516197 0.0060188723959410315 -0.0026864462114687101 0.0024941944321971079 -0.0011475637541654906 0.016376886575896955 -0.0039201845622174923 0.0054784275248787222 0.011478296145002499 0.0023034726391809222 -0.0013532874860865849 0.00019858407859879817 -0.0060018966110758415 -0.0021264621550913087
leaf_weight=10346 4298 25397 6623 23407 1131 53078 2082 2892 2862 798 28838 5921 1237 10567 7809 6630 3462 86 5955 7241 1272 162 13524 620 92 8441 45617 5530 2865 1485
leaf_count=10346 4298 25397 6623 23407 1131 53078 2082 2892 2862 798 28838 5921 1237 10567 7809 6630 3462 86 5955 7241 1272 162 13524 620 92 8441 45617 5530 2865 1485
internal_value=-0.000425608 -0.000153662 -0.000315215 -0.00141482 -0.000250156 -0.000202325 -0.000319085 0.00128509 0.00278589 0.00108895 -0.00115561 0.00236518 0.00291422 -0.000391148 -0.000675164 -7.27187e-05 -0.000488912 0.00207547 0.00102666 0.000258496 0.00245381 0.0193952 -0.000444246 0.000967492 -0.000606799 -0.000624522 -0.000321693 -0.00148368 -0.000658976 0.00149209
internal_weight=290268 227677 201482 62591 194859 190561 182272 7836 5754 26195 52245 8289 7158 174436 92200 82236 59653 3710 22583 14681 7902 248 81633 8429 73204 73112 54058 19054 55943 8726
internal_count=290268 227677 201482 62591 194859 190561 182272 7836 5754 26195 52245 8289 7158 174436 92200 82236 59653 3710 22583 14681 7902 248 81633 8429 73204 73112 54058 19054 55943 8726
is_linear=0
shrinkage=0.05


Tree=59
num_leaves=31
num_cat=0
split_feature=5 24 24 8 23 23 17 22 23 22 21 22 24 22 24 5 22 17 16 17 22 18 19 24 23 24 23 9 16 13
split_gain=29.0309 15.0743 22.0904 13.1869 11.9073 19.3354 10.3864 10.2148 20.6462 12.7924 11.4137 15.3307 45.2049 10.2059 9.8818 9.62059 9.4727 9.12604 8.13929 8.01401 8.14888 7.88033 7.66162 7.50734 13.2491 10.4842 10.3981 9.92299 9.25368 9.67091
threshold=8.4321428571428587 -0.43999999999999995 0.36500000000000005 13.500000000000002 -0.99273797715557011 -0.97874870457683594 187.50000000000003 -0.074117382312902977 0.51849435583340198 -0.30983472475487867 16.900000000000002 -0.11692013674435776 1.7100000000000002 0.99374995976406788 -0.049999999999999996 4.6907142857142867 -0.159513159777915 297.50000000000006 10.450000000000001 52.500000000000007 -0.16799356919963607 20.055000000000003 5.2150000000000007 -0.089999999999999983 0.95436825032516992 1.0000000180025095e-35 0.94066717844141279 902.01257324218761 11.350000000000003 2.0500000000000003
decision_type=2 8 10 2 2 2 2 2 2 2 10 2 10 2 10 2 2 2 2 2 2 2 2 10 2 10 2 2 2 2
left_child=1 15 4 13 -3 14 -7 8 10 -10 11 22 -13 21 -6 -1 18 23 -11 -16 -21 -2 -4 24 26 -25 27 -8 -29 -30
right_child=3 2 7 -5 5 6 17 -9 9 16 -12 12 -14 -15 19 -17 -18 -19 -20 20 -22 -23 -24 25 -26 -27 -28 28 29 -31
leaf_value=-0.007764115045709237 -4.9471691200182066e-05 -0.0061773929245192176 -0.0040437404475460129 0.010693604099467019 -0.0041911110105584013 -0.0013572421017194046 0.0031623371659105712 -0.0031877243394479587 -0.0074310521791403879 0.0025244944460843391 1.5796100492598962e-05 -0.007480149271077422 0.021841086505107011 -0.0036773324174832721 0.021090546259844634 -0.0023449738146435295 -0.011530538256116519 -0.00073575228321550714 0.010488891356614698 0.0072526414094210402 0.0032805750220064982 0.0026839973363502424 0.0066977097323898368 -0.0025164135063347097 -0.0033124630793090908 0.0042563938559580863 0.0053512159206255223 0.0037274066672441371 0.013125528919691674 0.0093893568881315628
leaf_weight=7239 118969 2437 654 2856 462 23509 6755 42961 5368 876 4470 159 144 5345 94 27672 475 10398 312 255 1522 14689 2172 4354 1742 3313 234 557 51 224
leaf_count=7239 118969 2437 654 2856 462 23509 6755 42961 5368 876 4470 159 144 5345 94 27672 475 10398 312 255 1522 14689 2172 4354 1742 3313 234 557 51 224
internal_value=-0.000418718 -0.000907594 -0.000628118 9.27317e-05 7.98636e-05 0.000235645 3.25584e-05 -0.0013154 -0.000174301 -0.00212701 0.00163245 0.00394854 0.014637 2.36314e-05 0.0046871 -0.00181619 0.00170475 0.000689879 0.00409091 0.00630411 0.00555149 0.000109308 0.00280255 0.00139582 0.00233033 0.000230206 0.00320867 0.00288849 0.00804086 0.0155455
internal_weight=290268 148409 113498 141859 55907 53470 51137 57591 14630 7031 7599 3129 303 139003 2333 34911 1663 27628 1188 1871 1777 133658 2826 17230 9563 7667 7821 7587 832 275
internal_count=290268 148409 113498 141859 55907 53470 51137 57591 14630 7031 7599 3129 303 139003 2333 34911 1663 27628 1188 1871 1777 133658 2826 17230 9563 7667 7821 7587 832 275
is_linear=0
shrinkage=0.05


Tree=60
num_leaves=31
num_cat=0
split_feature=5 8 23 22 17 22 24 24 23 24 23 0 23 23 23 22 22 20 23 17 22 24 24 22 22 9 22 23 22 23
split_gain=26.6482 17.3075 13.2295 11.3458 11.1646 11.1312 15.2223 24.4131 19.7846 12.537 14.2298 13.2836 13.0017 17.5962 17.441 12.1811 16.2299 10.9545 10.3332 10.1357 9.8515 9.67097 14.8977 11.8712 9.2536 14.9005 8.87758 20.3102 18.8447 37.4774
threshold=6.1607142857142874 2.5000000000000004 0.9980355542543059 0.99552231814189451 136.50000000000003 0.97696484778429815 0.36500000000000005 0.095000000000000015 0.14888728888808328 1.1900000000000002 0.98486764554468398 8.5750000000000011 0.50370931781787065 0.38043945030393422 0.92843842216862604 0.34235194516023087 -0.159513159777915 382.2000000000001 -0.99273797715557011 296.50000000000006 -0.2102246306142678 -0.43999999999999995 -0.029999999999999995 0.9893236546938301 0.056951373111866731 186.7185974121094 -0.97876850416056738 -0.10837475778693638 -0.88622299073327826 -0.58481178939031186
decision_type=2 2 2 2 2 2 10 10 2 8 2 2 2 2 2 2 2 10 2 2 2 8 10 2 2 2 2 2 2 2
left_child=21 2 3 4 -2 9 7 -7 -9 10 18 -12 13 26 -14 16 20 -15 -6 -20 -16 -1 23 -23 25 -13 27 -11 -28 -30
right_child=1 -3 -4 -5 5 6 -8 8 -10 12 11 24 14 17 15 -17 -18 -19 19 -21 -22 22 -24 -25 -26 -27 28 -29 29 -31
leaf_value=-0.0043224940718778262 -0.0010993966172450202 0.0046057291481172297 -0.0062052267206701966 -0.0037878178544435838 -0.0048060423338659149 6.8611892677847397e-05 -0.0040354316563712958 0.0085497330782444217 0.018028314492122964 0.015118655252571354 7.8625566701950476e-05 0.012879531825668061 -0.0055710002191926228 0.0070094892454874661 0.0023915747849754697 0.0073610259520785247 -0.0029718207561086917 0.018858429961376957 0.00010338497623647088 -0.0020647111556383194 0.010760582763743533 0.00046324689528284791 -0.0029002677289139411 0.0129762353295286 0.0033294309839278884 0.0045332605030901927 -0.0073724824133809767 0.0022910003117832065 0.0010318417435953554 0.011806671414541775
leaf_weight=18048 73559 11819 4000 6958 4086 1997 1159 1417 483 756 2463 341 5361 575 754 125 1491 213 68902 21455 392 11659 32674 210 1002 592 3206 1835 10360 2376
leaf_count=18048 73559 11819 4000 6958 4086 1997 1159 1417 483 756 2463 341 5361 575 754 125 1491 213 68902 21455 392 11659 32674 210 1002 592 3206 1835 10360 2376
internal_value=-0.000400459 -0.00014927 -0.000251277 -0.000197492 -0.000130065 0.000146145 0.0024466 0.00394278 0.008 5.40432e-05 -0.000208467 0.00257162 0.000999489 0.00170514 -0.000678938 0.00254888 0.00182594 0.00902284 -0.00033793 -0.000226713 0.00630017 -0.00131417 -0.000918552 0.000598617 0.00567183 0.00925509 0.001394 0.00410845 0.000952828 0.00181533
internal_weight=290268 227677 215858 211858 204900 131341 5056 3897 1900 126285 98841 4398 27444 19321 8123 2762 2637 788 94443 90357 1146 62591 44543 11869 1935 933 18533 2591 15942 12736
internal_count=290268 227677 215858 211858 204900 131341 5056 3897 1900 126285 98841 4398 27444 19321 8123 2762 2637 788 94443 90357 1146 62591 44543 11869 1935 933 18533 2591 15942 12736
is_linear=0
shrinkage=0.05


Tree=61
num_leaves=31
num_cat=0
split_feature=0 5 23 13 17 24 23 23 23 20 23 24 11 9 24 13 9 23 17 17 22 24 22 22 24 20 24 13 22 24
split_gain=24.6636 17.7138 12.7676 9.81793 10.4292 10.9349 8.0275 8.55832 7.20059 7.77843 7.6551 6.91007 6.86198 6.66274 8.81357 6.55903 6.27919 6.01577 7.68563 7.56667 6.58541 5.8231 8.38002 18.2417 13.2506 13.769 5.68452 5.43962 5.26969 8.9135
threshold=4.8550000000000013 14.056428571428572 0.9989598388634241 10.050000000000002 149.50000000000003 -0.58499999999999985 -0.99273797715557011 -0.99052477729077237 0.47369649395226454 431.60000000000008 0.42763731121559989 -0.77999999999999992 11.154999732971193 902.01257324218761 -0.029999999999999995 1.0000000180025095e-35 673.84381103515636 0.86439018870140905 175.50000000000003 322.50000000000006 -0.074117382312902977 -0.27499999999999997 -0.84315017450793706 -0.814291907305839 -0.34499999999999992 429.10000000000008 1.4950000000000003 1.6500000000000001 -0.83377653105606597 1.3150000000000002
decision_type=2 2 2 2 2 8 2 2 2 8 2 8 2 2 10 2 2 2 2 2 2 10 2 2 10 10 10 2 2 10
left_child=11 2 3 4 8 -6 -7 27 9 10 -2 -1 13 28 -15 26 21 18 -13 -20 -19 22 -17 24 25 -24 -3 -8 29 -9
right_child=1 15 -4 -5 5 6 7 12 -10 -11 -12 17 -14 14 -16 16 -18 20 19 -21 -22 -23 23 -25 -26 -27 -28 -29 -30 -31
leaf_value=-0.0078652137767893978 0.00022718033041450346 0.0043222902435381509 -0.0078612461570139302 -0.0013204342100867318 -0.0021513431018085772 -0.0034762409728701991 0.0025387244021823222 0.00099015603647442966 -0.0031432020502905802 -0.0018074729643358556 0.0058539665536312662 -0.0035493686061618193 0.0073723083017972896 0.0057901139244554188 -0.0020520932278358006 -0.00065870861084532987 0.0038678541678112731 -0.0014376675170867589 0.00086359077125321929 -0.004103769705916264 -0.0064077128017916403 -0.0002132770691548055 0.028168892832462919 0.0032086379916492131 -0.0082808180362562052 0.0021106267968173729 0.015195632943243349 0.0084108879851322749 0.00028171398522425478 0.0075616840820918714
leaf_weight=4739 25412 3622 2887 81373 9395 2934 294 6759 11243 16118 389 13613 1602 2272 853 5055 1612 4413 10016 2552 6339 21038 291 6110 112 108 887 285 45485 2460
leaf_count=4739 25412 3622 2887 81373 9395 2934 294 6759 11243 16118 389 13613 1602 2272 853 5055 1612 4413 10016 2552 6339 21038 291 6110 112 108 887 285 45485 2460
internal_value=-0.000388745 -0.000200045 -0.00038165 -0.000335568 -5.82079e-05 0.00033253 0.000570029 0.000694883 -0.000589896 -0.000288534 0.000249795 -0.00151445 0.000635946 0.000546524 0.002792 0.000780867 0.000545358 -0.00128381 -0.000874872 1.67079e-05 -0.00227958 0.000395242 0.00129068 0.00246111 0.0115362 0.015802 0.00257374 0.00674439 0.00041825 0.0015083
internal_weight=290268 248596 209761 206874 125501 72339 62944 60010 53162 41919 25801 41672 59431 57829 3125 38835 34326 36933 26181 12568 10752 32714 11676 6621 511 399 4509 579 54704 9219
internal_count=290268 248596 209761 206874 125501 72339 62944 60010 53162 41919 25801 41672 59431 57829 3125 38835 34326 36933 26181 12568 10752 32714 11676 6621 511 399 4509 579 54704 9219
is_linear=0
shrinkage=0.05


Tree=62
num_leaves=31
num_cat=0
split_feature=0 5 23 23 23 20 13 24 22 23 0 9 22 22 24 2 24 24 22 22 5 20 23 9 23 20 22 22 22 20
split_gain=23.3469 15.268 11.1616 8.73596 11.521 10.7518 9.04218 8.98704 25.4141 11.872 10.2398 8.65169 8.07994 19.7351 11.5194 9.44105 8.44196 16.5611 32.5968 24.9643 14.0152 12.7585 11.1166 10.6916 9.98754 8.21242 7.333 8.60134 29.6347 11.9489
threshold=5.205000000000001 14.056428571428572 0.9989598388634241 -0.99628250747696534 -0.97874870457683594 391.80000000000001 0.15000000000000005 1.7100000000000002 -0.13398594226331254 -0.99273797715557011 8.3250000000000011 583.67306518554699 -0.99630266176052629 -0.99275805973510278 -0.43999999999999995 -0.49000000000000005 -0.43999999999999995 -0.40499999999999997 -0.97876850416056738 -0.12546116083924153 7.1435714285714305 429.10000000000008 -0.80417042486635371 184.82224273681643 -0.39036009226888674 530.30000000000007 -0.72696319516528884 -0.39826117949089107 -0.28519255817492867 402.00000000000006
decision_type=2 2 2 2 2 8 2 10 2 2 2 2 2 2 10 2 8 10 2 2 2 10 2 2 2 10 2 2 2 10
left_child=-1 2 3 -2 5 7 -6 9 -9 -5 -10 12 -8 14 15 -14 24 18 21 22 -21 -18 -20 -22 -15 -16 -19 -28 29 -29
right_child=1 -3 -4 4 6 -7 11 8 10 -11 -12 -13 13 16 25 -17 17 26 19 20 23 -23 -24 -25 -26 -27 27 28 -30 -31
leaf_value=-0.0025763451563532796 -0.0033821287435345376 0.0015070647681078683 -0.0071671807890808853 -0.0025574490012744686 0.0017400537064840224 -0.00097964495834358982 -0.0073727154702341842 -0.0022126134878579975 0.020982451114837212 0.0033323967493795181 0.0099385094049139616 0.00087465882211056317 0.0089102807683460634 0.017734421128324854 -0.0013116934840986694 0.0070001486329443656 0.018519263931968441 0.00085471104336605854 0.0086407338187509935 -0.0011327759473899379 0.016859973969091807 0.0053389718005164271 -0.0013030013554469373 0.013482842155661409 -0.002580843729024927 0.022682426315131187 -0.0036023035014565753 0.0071334504110333891 -0.0011802947706559309 -0.00057868085218290522
leaf_weight=51189 6148 38778 2689 1457 11127 3420 3553 228 58 3664 138 18654 231 148 797 511 393 17298 524 125 90 165 4928 192 24531 137 13781 2562 81607 1145
leaf_count=51189 6148 38778 2689 1457 11127 3420 3553 228 58 3664 138 18654 231 148 797 511 393 17298 524 125 90 165 4928 192 24531 137 13781 2562 81607 1145
internal_value=-0.000381683 -0.00017419 -0.000349999 -0.00030646 -0.000246888 0.00150307 -0.000332852 0.00286294 0.00985849 0.00228373 0.0230612 -0.000422532 -0.000546695 -0.000490565 0.00490453 0.00955525 -0.000551873 -0.000382299 0.00209054 0.000990782 0.0129361 0.013638 9.9045e-05 0.0191135 -0.00139572 0.00120985 -0.000518632 -0.000684445 -0.000497223 0.0038751
internal_weight=290268 239079 200301 197612 191464 8965 182499 5545 424 5121 196 171372 152718 149165 1676 742 147489 122810 6417 5859 407 558 5452 282 24679 934 116393 99095 85314 3707
internal_count=290268 239079 200301 197612 191464 8965 182499 5545 424 5121 196 171372 152718 149165 1676 742 147489 122810 6417 5859 407 558 5452 282 24679 934 116393 99095 85314 3707
is_linear=0
shrinkage=0.05


Tree=63
num_leaves=31
num_cat=0
split_feature=5 5 8 23 14 24 24 19 0 21 23 23 23 14 23 23 1 20 4 23 1 24 23 14 23 16 21 13 14 24
split_gain=22.7925 12.0349 10.9017 10.1585 8.80033 6.89936 11.6746 7.29368 6.3007 6.18965 13.9883 12.9089 31.5348 21.6425 10.1393 27.9567 9.00532 8.45866 7.90054 7.00678 6.89466 5.84746 5.67663 5.61614 5.66167 5.59993 5.54891 5.28055 6.3835 5.24881
threshold=8.4321428571428587 4.1892857142857158 13.500000000000002 0.99748108949426018 28.850000000000005 1.4950000000000003 1.9550000000000003 6.4050000000000011 8.6550000000000029 52.500000000000007 0.38043945030393422 -0.52765736634565841 -0.58481178939031186 29.150000000000002 -0.21022037796396451 0.011826144619637555 8.7550000000000008 409.30000000000001 21.295000000000005 0.47369649395226454 26.905000000000005 -0.49499999999999994 -0.99465740988130902 32.050000000000004 0.81304046271159414 17.350000000000005 362.50000000000006 0.35000000000000003 31.150000000000002 0.36500000000000005
decision_type=2 2 2 2 2 8 10 2 2 8 2 2 2 2 2 2 2 10 2 2 2 8 2 2 2 2 8 2 2 10
left_child=1 21 5 4 26 7 9 8 -2 10 11 12 16 -14 -13 20 18 -15 -7 27 -16 -1 -9 24 -11 -4 -3 -12 -29 -6
right_child=2 3 25 -5 29 6 -8 22 -10 23 19 14 13 17 15 -17 -18 -19 -20 -21 -22 -23 -24 -25 -26 -27 -28 28 -30 -31
leaf_value=-0.0095951178435404374 -0.00014069175319635167 -0.0015877849679297607 0.01216098771962431 -0.0060678692252409449 3.8532755823040714e-05 0.006915348240312408 -0.0030210439290419737 -0.0036202942034287838 0.0025311844438542308 -0.0040669401359847424 -0.00058573394272502972 -0.0045569528061768514 0.037462136670627776 0.025574649594410161 0.013154529030213523 -0.0021137244044150735 0.0033706908397968371 0.0093286402394131274 0.024007758858210951 0.0024204030680245181 -0.00035654731387584917 -0.0033417336045225518 -0.00046052679613643629 0.0037516523115843485 0.0029534187266995588 -0.0045791404878513528 -0.0045278642265036565 0.0069001226496374704 0.013577569068001394 -0.0014185691265631844
leaf_weight=4036 10910 39618 2383 3726 50501 486 4383 3503 8934 3109 83 3779 91 170 1177 2941 6092 215 69 227 242 6310 88233 2945 958 473 6770 140 316 37448
leaf_count=4036 10910 39618 2383 3726 50501 486 4383 3503 8934 3109 83 3779 91 170 1177 2941 6092 215 69 227 242 6310 88233 2945 958 473 6770 140 316 37448
internal_value=-0.000370314 -0.00080349 8.28628e-05 -0.000680234 -0.000608806 2.00343e-05 0.00073059 -0.000154599 0.000714572 0.00118055 0.00172261 0.00139169 0.00294609 0.0153782 3.13294e-05 0.00167431 0.00205581 0.0101948 0.00815315 0.00831593 0.00743834 -0.00244829 -0.000342615 -5.84724e-05 -0.0012626 0.00314076 -0.00116604 0.0114193 0.0135307 -0.0003149
internal_weight=290268 148409 141859 138063 134337 139003 27423 111580 19844 23040 16028 15262 7123 476 8139 4360 6647 385 555 766 1419 10346 91736 7012 4067 2856 46388 539 456 87949
internal_count=290268 148409 141859 138063 134337 139003 27423 111580 19844 23040 16028 15262 7123 476 8139 4360 6647 385 555 766 1419 10346 91736 7012 4067 2856 46388 539 456 87949
is_linear=0
shrinkage=0.05


Tree=64
num_leaves=31
num_cat=0
split_feature=5 8 23 22 17 24 22 24 24 23 22 22 24 9 19 22 24 24 23 24 22 22 4 23 22 24 22 22 0 24
split_gain=20.5869 13.6393 11.1404 10.4126 8.97184 10.3103 9.12251 13.822 22.3399 17.2729 11.8166 10.0519 15.0017 11.2198 9.5542 8.66444 8.43894 13.4945 9.29255 9.60175 11.8647 28.4633 15.066 8.65157 19.1647 11.5431 8.31721 7.86367 8.66494 7.82991
threshold=6.1607142857142874 3.5000000000000004 0.9980355542543059 0.99552231814189451 136.50000000000003 -0.65999999999999981 0.97696484778429815 0.36500000000000005 0.095000000000000015 0.14888728888808328 -0.065535378769913874 -0.14250824554987665 -0.13999999999999999 239.27376556396487 10.495000000000003 -0.091260668982868151 -0.43999999999999995 -0.089999999999999983 0.44312301391210612 1.7100000000000002 -0.36647417525074694 -0.065535378769913874 9.1350000000000033 0.11478523713130605 0.9916835347852474 0.095000000000000015 0.98049069993378934 0.98049069993378934 9.0850000000000026 -0.27499999999999997
decision_type=2 2 2 2 2 8 2 10 10 2 2 2 10 2 2 2 8 10 2 10 2 2 2 2 2 10 2 2 2 8
left_child=16 2 3 4 -2 -6 10 8 26 -10 11 -7 13 14 -13 -15 -1 29 19 23 -21 22 -22 -19 25 -25 -8 -11 -29 -18
right_child=1 -3 -4 -5 5 6 7 -9 9 27 -12 12 -14 15 -16 -17 17 18 -20 20 21 -23 -24 24 -26 -27 -28 28 -30 -31
leaf_value=-0.00377827592633647 -0.00094842521662457779 0.0046710188076999502 -0.0053677301322644349 -0.0034912894960848597 -0.0022563846160895836 0.00088121382737572874 0.0092006964356485636 -0.0037013168301665332 0.0083352723057221537 0.0048726711836094404 -0.0005714216584629695 0.0090035688546987579 0.0011114202570659023 -0.0010462579809001078 0.013026003922284396 0.0080537611205897287 -0.00046713135831608695 -0.0023727733435163936 -0.0048007755935817282 -0.0016909643429108313 0.021518272658859892 -0.010408698196403721 0.004465373169317108 -0.0039105737543449785 0.014904515743250017 0.0048981522613986729 -0.0016199382208218283 0.021721066368995002 0.016384262646595173 0.0037655151126730884
leaf_weight=18048 74478 9317 4009 6978 8781 60459 310 1161 1433 137 55363 331 2054 420 178 229 5730 20221 10678 461 146 166 57 1948 154 1201 1689 121 229 3781
leaf_count=18048 74478 9317 4009 6978 8781 60459 310 1161 1433 137 55363 331 2054 420 178 229 5730 20221 10678 461 146 166 57 1948 154 1201 1689 121 229 3781
internal_value=-0.00035929 -0.000138509 -0.000218448 -0.000169606 -0.00010568 0.000140523 0.000257665 0.00233268 0.00375223 0.00760417 0.00016911 0.000633647 0.00335928 0.00791019 0.0134676 0.00355162 -0.00116239 -0.000792831 -0.00124629 -0.000707072 0.00457831 0.0112602 0.0238177 -0.000893557 0.00147896 0.000636709 5.25251e-05 0.0157392 0.0197143 0.000877404
internal_weight=290268 227677 218360 214351 207373 132895 124114 5080 3919 1920 119034 63671 3212 1158 509 649 62591 44543 35032 24354 830 369 203 23524 3303 3149 1999 487 350 9511
internal_count=290268 227677 218360 214351 207373 132895 124114 5080 3919 1920 119034 63671 3212 1158 509 649 62591 44543 35032 24354 830 369 203 23524 3303 3149 1999 487 350 9511
is_linear=0
shrinkage=0.05


Tree=65
num_leaves=31
num_cat=0
split_feature=0 9 9 24 23 3 24 17 16 22 23 22 3 13 22 8 24 22 24 22 22 20 9 16 22 24 20 24 23 22
split_gain=19.1538 14.071 10.2968 10.8894 9.02413 8.8848 8.39767 9.84707 12.7563 7.83611 10.4994 10.961 13.1817 7.65401 8.01273 7.43331 6.9406 6.80953 11.1647 6.0626 16.8843 5.86021 5.67113 5.587 5.50993 5.25462 5.9764 5.12552 6.77453 6.3039
threshold=4.8550000000000013 39.290842056274421 673.84381103515636 inf 0.9989598388634241 9.5750000000000028 -0.65999999999999981 163.50000000000003 10.750000000000002 -0.065535378769913874 -0.91595872546125101 -0.31799228562170639 7.9350000000000005 8.5500000000000025 -0.92923668111203805 13.500000000000002 -0.77999999999999992 -0.091260668982868151 2.0250000000000004 -0.861146256326485 -0.8041866928211282 155.90000000000003 85.226921081542983 17.350000000000005 -0.36647417525074694 1.9550000000000003 373.40000000000003 0.47500000000000003 0.86439018870140905 -0.074117382312902977
decision_type=2 2 2 8 2 2 10 2 2 2 2 2 2 2 2 2 8 2 10 2 2 10 2 2 2 10 8 10 2 2
left_child=16 15 3 4 6 22 -3 25 9 10 11 12 -9 19 -15 -2 -1 -12 -19 -7 -21 -13 -5 -17 -14 26 -8 28 -18 -30
right_child=1 2 -4 5 -6 13 7 8 -10 -11 17 21 24 14 -16 23 27 18 -20 20 -22 -23 -24 -25 -26 -27 -28 -29 29 -31
leaf_value=-0.0069711741149146968 0.0008876152616595223 -0.0029994068114612494 0.0010231812429891821 0.0070878946201033549 -0.0073078184092239054 -0.0064546832692322607 -0.0006335336499443809 0.013478157246094538 0.001293964252325716 -0.0015222024745533405 -0.0005646509635635512 0.010022894487044531 -0.0036904665332229795 -0.026457088467838941 0.024945766763954595 0.011319387372210095 0.00010783626098418374 0.0095798580249258185 -0.015946861371359797 0.02127775931129898 0.0017907415964918856 0.00095045132792011754 0.031561234908770414 -0.0047399637385005374 0.0067213536804006328 -0.00670925394176852 -0.0020575427723507167 -0.0038796629793144775 -8.982219214712263e-05 -0.0055013964705717573
leaf_weight=4739 40307 12885 19554 89 2613 674 44471 236 31779 34801 20834 148 303 60 172 2443 13314 235 134 215 1024 2779 53 496 322 2857 29112 15947 3193 4479
leaf_count=4739 40307 12885 19554 89 2613 674 44471 236 31779 34801 20834 148 303 60 172 2443 13314 235 134 215 1024 2779 53 496 322 2857 29112 15947 3193 4479
internal_value=-0.000349644 -0.000183351 -0.000355979 -0.00047084 -0.000513573 0.00295802 -0.000471432 -0.00037709 -2.7357e-05 -0.000457587 0.000217877 0.00264255 0.00760162 0.00215618 0.0107328 0.000636358 -0.00134167 -0.000215301 0.00651761 0.00111605 0.00319209 0.0011838 0.0150704 0.00306397 0.0038 -0.00079605 -0.000714365 -0.00111053 -0.000597066 -0.0017805
internal_weight=290268 248596 205350 185796 183509 2287 180896 168011 91571 59792 24991 3788 861 2145 232 43246 41672 21203 369 1913 1239 2927 142 2939 625 76440 73583 36933 20986 7672
internal_count=290268 248596 205350 185796 183509 2287 180896 168011 91571 59792 24991 3788 861 2145 232 43246 41672 21203 369 1913 1239 2927 142 2939 625 76440 73583 36933 20986 7672
is_linear=0
shrinkage=0.05


Tree=66
num_leaves=31
num_cat=0
split_feature=4 9 17 16 3 4 14 15 20 19 13 20 14 17 17 9 13 15 17 16 13 17 11 14 14 1 4 14 9 9
split_gain=18.6241 13.5933 8.28359 10.2312 6.40742 6.14453 6.10759 6.49331 6.32645 5.19525 5.04002 5.82841 5.02395 4.39127 6.77648 4.29271 4.09766 4.02281 3.89156 3.7382 3.62177 3.63421 3.50284 3.37702 4.19868 4.20848 3.37244 3.28624 3.36598 3.31839
threshold=7.6450000000000005 33.162961959838874 163.50000000000003 10.750000000000002 3.9050000000000007 134.03500000000003 27.850000000000005 77.500000000000014 407.40000000000003 17.645000000000003 0.45000000000000007 441.60000000000008 30.850000000000005 214.50000000000003 299.50000000000006 998.87963867187511 4.1500000000000012 40.500000000000007 286.50000000000006 22.050000000000004 7.1500000000000012 269.50000000000006 14.664999961853029 31.250000000000004 27.050000000000004 8.2250000000000032 134.03500000000003 29.350000000000005 806.39907836914074 298.48324584960943
decision_type=2 2 2 2 2 2 2 2 8 2 2 8 2 2 2 2 2 2 2 2 2 2 2 2 2 2 2 2 2 2
left_child=4 5 6 9 -1 10 7 -3 16 18 11 22 -13 -5 15 19 -8 -7 -4 -15 21 23 -2 24 -17 -26 -18 29 -29 -6
right_child=1 2 3 13 27 17 8 -9 -10 -11 -12 12 -14 14 -16 20 26 -19 -20 -21 -22 -23 -24 -25 25 -27 -28 28 -30 -31
leaf_value=-0.0054234478893867627 0.0041804712013266991 -0.0050336136679529448 -0.00041208387881621912 -0.00068197834450319048 -0.004269735817517167 0.024630966959452012 0.00063920872813429065 -0.00094473723229010714 -0.0018700559467962803 0.002028582494276785 0.00028423262955853252 -0.0045337332447625512 0.0028376334231211726 0.0015237484512970116 -0.00039167128426631227 0.00079453279521354977 -0.0010084873412054248 0.0063427656881233979 -0.0017796500774244384 0.010334471177073257 0.0021847631555802424 0.001656483625977926 0.014030800314436499 -0.004873049579934805 0.011116547362595545 0.0062619318001458264 0.014448912805276107 -0.001296488023318002 0.002358974964564017 -0.00099844822919421664
leaf_weight=8733 2396 7834 47350 8826 9020 137 17954 5981 25907 4841 23184 1265 6977 21965 11088 95 34718 1208 25715 108 2115 313 800 50 209 170 62 13427 1160 6660
leaf_count=8733 2396 7834 47350 8826 9020 137 17954 5981 25907 4841 23184 1265 6977 21965 11088 95 34718 1208 25715 108 2115 313 800 50 209 170 62 13427 1160 6660
internal_value=-0.000339825 -0.000182038 -0.00033235 -6.32923e-05 -0.00135641 0.00071774 -0.000689843 -0.00165943 -0.000519514 -0.000409854 0.000588931 0.0014478 0.000744964 0.000537505 0.00078185 0.00123776 -0.000205182 0.00403346 -0.000514954 0.000998277 0.00302845 0.00581242 0.00326032 0.00835878 0.00966245 0.0120185 -0.000521853 -0.00101216 -0.000471997 -0.00151467
internal_weight=290268 251268 215301 122845 39000 35967 92456 13815 78641 77906 34622 11438 8242 44939 36113 25025 52734 1345 73065 22073 2952 837 3196 524 474 379 34780 30267 14587 15680
internal_count=290268 251268 215301 122845 39000 35967 92456 13815 78641 77906 34622 11438 8242 44939 36113 25025 52734 1345 73065 22073 2952 837 3196 524 474 379 34780 30267 14587 15680
is_linear=0
shrinkage=0.05


Tree=67
num_leaves=31
num_cat=0
split_feature=0 4 22 22 9 21 17 17 8 14 22 22 14 1 14 14 20 20 14 15 17 22 22 2 15 22 22 22 22 22
split_gain=17.4249 11.5682 8.15775 17.2556 7.15856 6.45321 6.93875 6.37435 7.55714 5.47606 5.30133 19.2817 13.784 7.6325 5.73119 5.26113 5.41069 5.00256 4.98991 5.25029 5.26169 5.13505 8.6972 4.54911 4.44982 4.09369 6.88025 6.40649 4.56519 4.01948
threshold=4.8550000000000013 22.255000000000006 -0.99763297024448894 -0.97876850416056738 744.82418823242199 12.500000000000002 251.50000000000003 147.50000000000003 132.50000000000003 28.850000000000005 -0.85227431625818906 -0.814291907305839 28.050000000000004 85.335000000000022 31.950000000000003 31.150000000000002 407.40000000000003 593.00000000000011 27.550000000000004 78.500000000000014 151.50000000000003 -0.861146256326485 -0.96235977360714686 1.3300000000000005 78.500000000000014 -0.42180583328916638 -0.065535378769913874 0.12545942051955489 -0.074117382312902977 -0.95754239937548935
decision_type=2 2 2 2 2 10 2 2 2 2 2 2 2 2 2 2 10 10 2 2 2 2 2 2 2 2 2 2 2 2
left_child=9 2 -2 5 18 -4 -7 -3 10 24 17 12 -12 14 -14 -8 -17 -9 19 20 -5 22 -20 -23 -1 -25 28 -28 -27 -24
right_child=1 7 3 4 -6 6 15 8 -10 -11 11 -13 13 -15 -16 16 -18 -19 21 -21 -22 23 29 25 -26 26 27 -29 -30 -31
leaf_value=-0.0044326267589456358 -0.0056922664929166897 -0.00024182147983645006 -0.0023400359576085353 -0.0058664492723715959 0.00094501488684953835 0.0056375437044511043 -0.0052426972546178374 -0.00091629754604772976 0.025021142176881173 -0.0012049129825767557 0.031532895070579846 0.0025748847715698284 0.014797603422751349 0.024720623764661595 0.00042511386591492941 0.0016960100011162921 0.014687624123093823 0.0087894143641757162 -0.0027874513641790531 -6.5142041408777903e-05 -0.0016105258667821554 -0.0010611505469645677 0.0044846978986279084 -0.0017736079835575071 -0.0012320434375339103 0.0017523583519291073 -0.003281240599828985 0.00016656819554741143 0.012244578208627909 0.0014290337315749596
leaf_weight=14614 3646 12497 1320 5269 15706 5794 1016 5505 81 20979 63 10070 427 110 307 237 66 915 3921 7742 10282 98251 1016 10813 6079 7569 3614 29763 134 12462
leaf_count=14614 3646 12497 1320 5269 15706 5794 1016 5505 81 20979 63 10070 427 110 307 237 66 915 3921 7742 10282 98251 1016 10813 6079 7569 3614 29763 134 12462
internal_value=-0.000328284 -0.000169674 -0.00029597 -0.000256194 -0.00034671 0.00196075 0.00255659 0.000751458 0.001368 -0.00127448 0.00129706 0.00196456 0.00894708 0.00726303 0.00542234 -0.000716453 0.00506601 0.000155762 -0.000431157 -0.00111686 -0.00164652 -0.000335825 0.000477325 -0.000430055 -0.00185159 -5.13569e-05 0.000176484 -0.000134375 0.00152343 0.00108028
internal_weight=290268 248596 218621 214975 206542 8433 7113 29975 17478 41672 17397 10977 907 844 734 1319 303 6420 190836 23293 15551 167543 17399 150144 20693 51893 41080 33377 7703 13478
internal_count=290268 248596 218621 214975 206542 8433 7113 29975 17478 41672 17397 10977 907 844 734 1319 303 6420 190836 23293 15551 167543 17399 150144 20693 51893 41080 33377 7703 13478
is_linear=0
shrinkage=0.05


Tree=68
num_leaves=31
num_cat=0
split_feature=24 22 24 22 22 22 22 24 5 24 9 22 22 9 24 24 24 22 24 22 22 21 5 13 2 22 22 16 24 22
split_gain=17.1303 18.7858 18.0624 17.3121 14.8485 24.8162 14.2468 20.6961 41.7871 15.9095 13.0588 12.4496 21.4631 19.6649 14.3624 13.9753 21.806 12.3908 12.1102 30.7391 21.0185 21.2069 13.6469 10.7669 13.9337 10.6315 23.3741 13.1253 12.4261 11.1841
threshold=-0.65999999999999981 -0.065535378769913874 1.9550000000000003 0.091259403071267925 -0.30983472475487867 -0.159513159777915 -0.14250824554987665 1.7100000000000002 7.4092857142857156 0.05000000000000001 282.13146972656256 -0.29343379936893921 -0.36647417525074694 517.27493286132824 -0.42499999999999993 0.095000000000000015 -0.22499999999999995 -0.39826117949089107 0.05000000000000001 -0.33425342068356556 -0.33425342068356556 16.900000000000002 11.539285714285716 1.0000000180025095e-35 -0.019999999999999903 -0.97876850416056738 -0.92923668111203805 12.850000000000003 1.8150000000000002 -0.44504625642270151
decision_type=8 2 10 2 2 2 2 10 2 10 2 2 2 2 10 8 10 2 10 2 2 10 2 2 2 2 2 2 10 2
left_child=-1 2 6 -3 -4 -6 11 9 -9 10 -8 12 15 14 -14 16 -2 25 19 -16 21 22 -20 -21 -25 28 -27 29 -17 -28
right_child=1 3 4 -5 5 -7 7 8 -10 -11 -12 -13 13 -15 18 17 -18 -19 20 23 -22 -23 -24 24 -26 26 27 -29 -30 -31
leaf_value=-0.0028045788380250403 0.0011927249245204379 -0.0037494167067667269 -0.0058050213553708105 -0.00065342938564859094 0.0057319200170561904 -0.011379189693499258 0.0071046504475817552 0.019337468267602628 0.003776804486802331 -0.003047776236145776 0.00015797739960321205 -0.0019636433456160446 -0.001829250707756227 -0.0029292974645104084 0.0029938539814034267 0.0099632786009184043 -0.002438694570866878 0.013198873630450894 0.017462174286211409 0.0072157865849018666 -0.0012321728539482714 0.0037433882221261437 0.0085273824172588976 0.015209970324287302 0.0099134590521740059 -0.0070428639031601655 0.0051878793392916983 -0.0017438238413647099 0.0009976191261103968 -0.0083514768862065873
leaf_weight=22968 33462 13662 8316 136224 1782 1188 1513 178 614 1584 1259 10692 729 1200 712 2376 21582 792 180 196 1155 662 118 237 355 4554 13372 5381 2376 849
leaf_count=22968 33462 13662 8316 136224 1782 1188 1513 178 614 1584 1259 10692 729 1200 712 2376 21582 792 180 196 1155 662 118 237 355 4554 13372 5381 2376 849
internal_value=-0.000321911 -0.000209317 0.000264277 -0.000580309 -0.00163743 0.00139731 0.000466511 0.00303224 0.0104672 0.00168044 0.00396465 0.000335709 0.000526758 0.00354076 0.00510589 0.00032958 -0.000142069 0.0012037 0.00639696 0.00983333 0.00395981 0.00942708 0.0205034 0.0166371 0.02 0.00103466 0.000609371 0.00135904 0.00319655 0.00215491
internal_weight=290268 267300 117414 149886 11286 2970 106128 5148 792 4356 2772 100980 90288 5544 4344 84744 55044 29700 3615 1500 2115 960 298 788 592 28908 24156 19602 4752 14221
internal_count=290268 267300 117414 149886 11286 2970 106128 5148 792 4356 2772 100980 90288 5544 4344 84744 55044 29700 3615 1500 2115 960 298 788 592 28908 24156 19602 4752 14221
is_linear=0
shrinkage=0.05


Tree=69
num_leaves=31
num_cat=0
split_feature=24 22 24 22 23 24 22 5 23 22 22 22 22 22 22 20 23 23 22 24 22 22 20 24 22 22 23 24 22 22
split_gain=15.7616 16.5031 17.5166 15.9626 15.3697 13.7438 25.0027 41.1121 18.3592 13.9478 12.6317 22.4144 11.9416 25.3687 17.6025 29.9231 13.3734 11.8167 14.6112 12.97 10.7013 10.8384 11.6692 10.1972 11.0047 25.659 15.284 15.3705 22.6532 12.0206
threshold=-0.65999999999999981 -0.065535378769913874 1.9550000000000003 0.091259403071267925 0.99530134160901229 1.1900000000000002 -0.13398594226331254 7.3507142857142878 0.39629089145655322 -0.99630266176052629 -0.30983472475487867 -0.159513159777915 -0.97876850416056738 -0.8781231054254196 -0.814291907305839 409.30000000000001 -0.091258822863740666 -0.97507822412530132 0.12545942051955489 0.16500000000000004 -0.73866753694953124 -0.26866367175705824 473.00000000000006 0.69500000000000006 0.99552231814189451 0.97696484778429815 0.11478523713130605 0.095000000000000015 0.9893236546938301 0.98667101781630195
decision_type=8 2 10 2 2 8 2 2 2 2 2 2 2 2 2 10 2 2 2 10 2 2 10 10 2 2 2 10 2 2
left_child=-1 2 4 -3 5 9 8 -8 12 -2 -4 -12 16 -14 15 -15 -7 18 -5 -20 -16 22 -22 24 25 -19 -27 29 -29 -28
right_child=1 3 10 17 -6 6 7 -9 -10 -11 11 -13 13 14 20 -17 -18 23 19 -21 21 -23 -24 -25 -26 26 27 28 -30 -31
leaf_value=-0.0026643498961237966 -0.0053972000691039218 -0.0035619458714283834 -0.0055147702876022671 -0.0043627662541035894 0.0085991715903397364 0.010656349144133884 0.018280587031467153 0.0035998498801013872 0.0092720511984122258 0.0002908380584754979 0.0054453240162033777 -0.010810230208824288 -0.0051930301230155799 0.016477115100600986 -0.0064785069504358197 0.0023096672781596867 0.0028059715946380419 -0.00054826139619838018 0.007741994971077245 0.0018292915035262826 0.0066751602283159801 -0.0043629701913321271 -0.00092266164439940555 -0.002220504097074492 -0.0036372183538927547 0.0010274114864687026 -0.0020764767489026086 0.016954649350235662 -0.00017008949482788898 0.0062326278533178479
leaf_weight=22968 3960 13662 8316 1584 792 1386 174 618 1386 69696 1782 1188 7722 986 2772 1786 3366 78804 1188 3564 6424 1584 3476 36234 6534 4752 1188 792 396 1188
leaf_count=22968 3960 13662 8316 1584 792 1386 174 618 1386 69696 1782 1188 7722 986 2772 1786 3366 78804 1188 3564 6424 1584 3476 36234 6534 4752 1188 792 396 1188
internal_value=-0.000316571 -0.000208568 0.00023532 -0.000556291 0.000434474 0.000382299 0.00125316 0.0100253 0.00102823 7.73749e-06 -0.00163743 0.00116161 0.000764015 0.000323231 0.00140122 0.0050469 0.00305976 -0.000392884 0.00171559 0.00310185 0.000692339 0.00136538 0.0019798 -0.000495736 -0.000220173 -7.17413e-05 0.00256974 0.00504489 0.00968855 0.00272306
internal_weight=290268 267300 117414 149886 106128 105336 31680 792 30888 73656 11286 2970 29502 24750 17028 2772 4752 136224 6336 4752 14256 11484 9900 129888 93654 87120 8316 3564 1188 2376
internal_count=290268 267300 117414 149886 106128 105336 31680 792 30888 73656 11286 2970 29502 24750 17028 2772 4752 136224 6336 4752 14256 11484 9900 129888 93654 87120 8316 3564 1188 2376
is_linear=0
shrinkage=0.05


Tree=70
num_leaves=31
num_cat=0
split_feature=5 23 8 24 17 16 23 24 22 3 23 24 23 17 17 22 22 23 4 3 17 22 24 22 22 24 23 24 22 20
split_gain=16.0682 11.7937 10.7829 7.96439 7.94164 9.33738 8.73166 11.1276 12.407 11.2622 9.20861 7.54132 7.52742 7.37777 7.85501 7.32944 7.36965 6.76112 6.75061 6.2746 5.99932 5.93939 5.72349 6.05149 11.1996 8.14843 9.17105 17.5334 8.33318 14.6923
threshold=4.9478571428571438 0.9989598388634241 1.5000000000000002 -0.49499999999999994 155.50000000000003 10.750000000000002 -0.091258822863740666 1.6100000000000003 -0.97876850416056738 8.7250000000000032 -0.99273797715557011 1.0000000180025095e-35 0.50370931781787065 214.50000000000003 299.50000000000006 0.9893236546938301 0.99374995976406788 0.99748108949426018 17.505000000000006 2.5283333333333338 235.50000000000003 0.9916835347852474 -0.22499999999999995 -0.99866806308218525 -0.9905448150984083 -0.95499999999999985 0.080547328232315238 -0.58499999999999985 -0.99467753128998015 402.00000000000006
decision_type=2 2 2 8 2 2 2 8 2 2 2 10 2 2 2 2 2 2 2 2 2 2 10 2 2 10 2 10 2 10
left_child=3 2 4 -1 12 6 7 8 18 -9 -10 15 22 17 -15 -5 21 -7 20 -8 -6 -17 23 -2 25 28 -27 -28 29 -25
right_child=1 -3 -4 11 5 13 19 9 10 -11 -12 -13 -14 14 -16 16 -18 -19 -20 -21 -22 -23 -24 24 -26 26 27 -29 -30 -31
leaf_value=-0.0056912261073004955 -0.0067223427769901997 -0.0062896675310684883 0.002354543534502073 0.0002860669383398975 0.0099872653442777889 -0.00090145162550842668 0.0051700051100606699 0.011167684349012608 -0.004059808831062002 0.0033917854797360747 4.3781578852348351e-05 -0.0032856986970471063 -0.0024349139842460782 0.0020759362271490825 -0.00032044577622674102 0.0062749482684154208 -0.0048063733881253028 0.0076120442682519746 -0.00087431395484462843 -0.0013134131794607722 0.0043523874944708133 0.014919785758476457 -0.00090629719526113216 0.026523714645311409 0.00078969825478799509 -0.0014864558378343351 -0.0092317365408386958 0.011315752406419223 0.0014253284269550271 0.0023715932190672652
leaf_weight=7917 1269 3644 16523 5062 541 12883 93 568 3288 2971 34162 12021 22443 27098 12083 66 72 62 507 47998 411 66 67394 150 9683 667 149 229 144 104
leaf_count=7917 1269 3644 16523 5062 541 12883 93 568 3288 2971 34162 12021 22443 27098 12083 66 72 62 507 47998 411 66 67394 150 9683 667 149 229 144 104
internal_value=-0.000313987 -0.000199274 -0.000159897 -0.00152039 -0.000243308 -2.27926e-06 -0.000309205 0.000213436 -3.07139e-05 0.00289771 -0.000206944 -0.0009189 -0.000579663 0.000530828 0.000872743 0.000658943 0.00995098 -0.000504057 0.0044928 -0.00077052 0.00697479 0.0169697 -0.000352117 0.000635336 0.00100845 0.00511781 0.00279904 0.00902116 0.011206 0.0166535
internal_weight=290268 265064 261420 25204 244897 142665 90539 42448 38909 3539 37450 17287 102232 52126 39181 5266 204 12945 1459 48091 952 132 79789 12395 11126 1443 1045 378 398 254
internal_count=290268 265064 261420 25204 244897 142665 90539 42448 38909 3539 37450 17287 102232 52126 39181 5266 204 12945 1459 48091 952 132 79789 12395 11126 1443 1045 378 398 254
is_linear=0
shrinkage=0.05


Tree=71
num_leaves=31
num_cat=0
split_feature=5 23 5 22 22 23 22 24 22 21 24 17 16 23 2 24 24 22 24 22 22 22 19 16 23 22 22 23 22 23
split_gain=14.5231 10.6715 10.1147 9.04236 13.1153 32.338 15.0439 12.5515 7.76341 7.61198 7.28071 7.13011 10.0772 9.48626 8.10212 7.29498 7.52689 20.0555 66.7665 16.4423 14.5809 12.5943 36.4651 13.9912 9.08109 20.7322 13.1479 10.0025 11.6481 8.09484
threshold=4.9978571428571437 0.9989598388634241 14.396428571428574 -0.99763297024448894 -0.97876850416056738 0.1318557721318592 -0.98523971305672675 -0.43999999999999995 0.99939377080793557 52.500000000000007 -0.49499999999999994 187.50000000000003 6.9500000000000011 0.45847758937963173 1.7899999999999998 -0.43999999999999995 -0.089999999999999983 0.79904096188274243 -0.22499999999999995 0.66527693225344786 0.81428061195174062 0.63920241694561786 7.245000000000001 12.250000000000002 0.92843842216862604 0.34235194516023087 -0.159513159777915 0.41202506375868281 -0.85227431625818906 0.99855310097228334
decision_type=2 2 2 2 2 2 2 10 2 10 8 2 2 2 2 8 10 2 10 2 2 2 2 2 2 2 2 2 2 2
left_child=10 2 3 -2 5 6 -5 -8 11 -9 -1 13 -13 14 -6 -14 17 19 -19 21 -20 29 23 -23 27 26 -26 -18 -29 -17
right_child=1 -3 -4 4 8 -7 7 9 -10 -11 -12 12 15 -15 -16 16 24 18 20 -21 -22 22 -24 -25 25 -27 -28 28 -30 -31
leaf_value=-0.0052532166334765765 -0.0061718390219266516 -0.0059739251072232465 0.0011773083443101329 0.003993126524420138 -0.00096050325404426233 -0.0087358450945648741 0.00036128289950606413 0.013893214208697421 -0.0052769566235087474 0.0025226759486619999 -0.0016592813686093133 -0.0017807676051650801 -0.0008366294791122956 -0.0024690410967729099 0.00090255108559786899 0.0014359384711809598 0.00039261330196688925 -0.0091950842684888848 0.012409271412499052 -0.0051736044385092793 0.0084418695259570308 0.0088618964956586263 0.00029536807422245041 0.014291957586785845 0.0053759324280491941 0.0071137325739492191 -0.0021471575434695374 0.010406582559715062 -0.0044294185922379272 0.0072483378427738504
leaf_weight=8194 3826 3618 36423 5231 57850 2082 329 703 2696 169 18171 14971 22857 25315 19623 18406 33457 775 266 3343 549 91 441 115 1199 200 1728 231 7288 121
leaf_count=8194 3826 3618 36423 5231 57850 2082 329 703 2696 169 18171 14971 22857 25315 19623 18406 33457 775 266 3343 549 91 441 115 1199 200 1728 231 7288 121
internal_value=-0.000300551 -0.000188764 -0.000151278 -0.000277002 -0.000235099 0.00168898 0.00344216 0.00848876 -0.000312546 0.0116284 -0.0014195 -0.000278127 9.5237e-06 -0.000574874 -0.000300299 0.000207154 0.000466206 0.00117663 0.00660377 0.000793399 0.0165951 0.00135757 0.00821484 0.0255825 7.78847e-05 0.00267509 0.00161086 -0.000120316 -0.00176819 0.0011181
internal_weight=290268 263903 260285 223862 220036 8514 6432 1201 211522 872 26365 208826 106038 102788 77473 91067 68210 24107 1590 22517 815 19174 647 206 44103 3127 2927 40976 7519 18527
internal_count=290268 263903 260285 223862 220036 8514 6432 1201 211522 872 26365 208826 106038 102788 77473 91067 68210 24107 1590 22517 815 19174 647 206 44103 3127 2927 40976 7519 18527
is_linear=0
shrinkage=0.05


Tree=72
num_leaves=31
num_cat=0
split_feature=0 9 9 22 8 5 14 15 17 19 12 2 14 19 2 15 13 17 8 13 22 20 22 22 22 2 22 17 20 15
split_gain=14.9359 9.88203 10.4699 6.45613 6.20441 4.98983 4.94436 4.54624 6.08276 5.84358 4.40322 4.2065 3.96864 4.05688 6.12275 3.89543 3.50082 3.45508 3.30835 3.24329 3.13129 7.66009 11.566 4.36879 4.0433 5.60439 4.08539 5.34505 4.09993 4.07308
threshold=3.9950000000000006 39.290842056274421 695.77572631835949 0.99939377080793557 55.500000000000007 13.220714285714289 27.850000000000005 78.500000000000014 151.50000000000003 17.325000000000003 6.5000000000000009 4.9450000000000021 28.850000000000005 1.8550000000000002 -0.070000000000000159 75.500000000000014 11.950000000000001 318.50000000000006 152.00000000000003 8.9500000000000011 0.97696484778429815 169.30000000000004 0.99053107487289871 0.9962888416657264 0.99907018497641664 -2.7599999999999989 0.99552231814189451 330.50000000000006 231.75000000000003 64.500000000000014
decision_type=2 2 2 2 2 2 2 2 2 2 2 2 2 2 2 2 2 2 2 2 2 10 2 2 2 2 2 2 10 2
left_child=12 4 3 6 11 -4 7 8 -3 17 18 -2 15 14 -14 -1 20 19 -6 -10 -8 23 -23 -22 26 -26 27 28 -24 -29
right_child=1 2 5 -5 10 -7 16 -9 9 -11 -12 -13 13 -15 -16 -17 -18 -19 -20 -21 21 22 24 -25 25 -27 -28 29 -30 -31
leaf_value=-0.0057687016607677975 0.00045992794283152092 -0.0046757535217733124 0.00064616261064403364 -0.0064012179864505305 0.014111747458386404 0.0031744564523803068 -0.00032057770368805829 -0.00015070795073909393 0.00019697041683196031 0.0049199613267165709 -0.0053393067834211043 0.003958804276219351 0.0020272082348958605 -0.0018877951032720771 0.005080137331665853 -0.0018461970580574015 -0.0010448826982597779 -0.0050703567256430628 0.030541993321858543 -0.0026097426130385869 -0.005315932515619219 0.0069933397066392917 0.0074200486808102028 0.0026397291980627419 0.01418056111224919 0.0022041050604429953 -0.0046472030890247927 0.0016064259364027269 -0.0012124497687544321 0.014937961961743532
leaf_weight=7239 37720 8117 19630 2101 354 1896 105796 11349 6183 886 142 5689 303 9412 82 4600 54037 2219 57 5649 1364 2268 58 397 52 103 1446 72 973 74
leaf_count=7239 37720 8117 19630 2101 354 1896 105796 11349 6183 886 142 5689 303 9412 82 4600 54037 2219 57 5649 1364 2268 58 397 52 103 1446 72 973 74
internal_value=-0.00029056 -0.000188772 -0.000322919 -0.000434028 0.000496791 0.000725633 -0.000405213 -0.000950936 -0.00135421 -0.000755508 0.00575949 0.000429748 -0.00155436 -0.000809943 0.00422078 -0.00217037 -0.000292548 -0.00100384 0.00838199 -0.000664301 -0.00013379 0.000905684 0.00189655 -0.00193356 -0.00026638 0.00758064 -0.000730081 0.00145709 0.000189136 0.010411
internal_weight=290268 268632 224670 203144 43962 21526 201043 34403 23054 14937 553 43409 21636 9797 385 11839 166640 14051 411 11832 112603 6807 5046 1761 2778 155 2623 1177 1031 146
internal_count=290268 268632 224670 203144 43962 21526 201043 34403 23054 14937 553 43409 21636 9797 385 11839 166640 14051 411 11832 112603 6807 5046 1761 2778 155 2623 1177 1031 146
is_linear=0
shrinkage=0.05


Tree=73
num_leaves=31
num_cat=0
split_feature=0 23 13 9 9 16 9 14 17 23 20 17 16 20 23 20 23 17 23 22 0 22 22 9 22 22 22 19 23 19
split_gain=13.5734 10.6577 9.81595 9.5699 8.22523 5.68643 5.64081 5.47502 5.19445 4.84887 4.70571 4.69972 7.21077 5.93963 5.91822 8.19269 12.874 6.67757 5.79866 5.52963 5.26901 5.05481 8.22608 10.4038 11.2214 9.25486 5.23197 5.04437 4.92559 5.45202
threshold=3.9950000000000006 0.9980355542543059 10.850000000000003 845.66873168945324 39.290842056274421 10.550000000000002 472.27819824218756 30.850000000000005 203.50000000000003 0.87709077819680659 495.50000000000006 163.50000000000003 13.750000000000002 766.10000000000014 -0.46800559042974538 405.50000000000006 -0.5129677127369543 52.500000000000007 0.92843842216862604 -0.8041866928211282 7.2150000000000007 0.77244481603295057 0.51297097409535064 517.27493286132824 0.59868201182722736 0.30983042691905771 -0.58482361983252518 7.3150000000000004 -0.99628250747696534 4.2350000000000012
decision_type=2 2 2 2 2 2 2 2 2 2 10 2 2 8 2 8 2 2 2 2 2 2 2 2 2 2 2 2 2 2
left_child=-1 2 3 4 7 6 -4 10 -7 -8 -2 14 -13 -14 15 16 19 20 27 -6 -18 22 25 24 -24 26 -21 -15 -28 -30
right_child=1 -3 5 -5 11 8 9 -9 -10 -11 -12 12 13 18 -16 -17 17 -19 -20 21 -22 -23 23 -25 -26 -27 28 -29 29 -31
leaf_value=-0.0027660951276949329 0.00039554565938636845 -0.0043034340100001379 -0.0017669860107266833 0.002312139899805984 0.011149256071666903 -0.0013327170111158259 0.001141990609499286 0.0021061232429223464 0.00086609757818803643 -0.0027959994610691399 -0.0043302760285213755 -0.00013551978977610542 0.0016517765833964065 0.013675692211483665 -0.0018281920976466538 -0.0016315895029379345 0.0084608209166827653 0.0070269843292233049 0.0069779062438884935 -0.0030949841799509025 0.014683810662407152 -0.0044289960913219848 0.0070443812174750334 0.014110154193890979 0.00026360022458940958 -0.0056281797180793179 -0.0013771721614330799 -0.0032227893178392282 0.0097561812782836956 0.0023442702146187879
leaf_weight=21636 7819 5074 53612 7361 318 11390 8985 27341 17476 2888 2049 57843 7871 98 31859 9934 51 499 149 2055 134 1377 841 85 1721 2247 1606 200 189 5560
leaf_count=21636 7819 5074 53612 7361 318 11390 8985 27341 17476 2888 2049 57843 7871 98 31859 9934 51 499 149 2055 134 1377 841 85 1721 2247 1606 200 189 5560
internal_value=-0.000284876 -0.000187842 -0.000144144 8.37128e-05 3.52067e-06 -0.000552778 -0.000810492 0.000655889 3.18702e-05 0.000175607 -0.00035367 -0.000191237 9.74127e-05 0.00147391 -0.00051782 3.24968e-05 0.000709404 0.0074269 0.00708054 0.000422213 0.0155405 0.00028984 0.000568371 0.00308462 0.00251366 -3.00368e-06 0.00068544 0.00305369 0.00130863 0.00199252
internal_weight=290268 268632 263558 169207 161846 94351 65485 37209 28866 11873 9868 124637 66161 8318 58476 26617 16683 684 447 15999 185 15681 14304 2647 2562 11657 9410 298 7355 5749
internal_count=290268 268632 263558 169207 161846 94351 65485 37209 28866 11873 9868 124637 66161 8318 58476 26617 16683 684 447 15999 185 15681 14304 2647 2562 11657 9410 298 7355 5749
is_linear=0
shrinkage=0.05


Tree=74
num_leaves=31
num_cat=0
split_feature=4 8 22 22 20 22 2 3 15 22 22 21 1 4 22 13 15 14 5 15 14 22 15 14 20 20 14 22 15 20
split_gain=12.2817 7.89566 6.90877 6.23076 19.147 7.89431 5.64141 5.52645 5.43098 5.39085 8.20067 6.69021 5.62207 5.28217 6.11667 4.853 5.21154 4.73662 3.96438 3.95504 8.47412 3.84895 5.14567 4.05279 3.60642 5.65018 3.55132 6.60932 3.5016 3.41588
threshold=7.6450000000000005 3.5000000000000004 0.99552231814189451 0.97696484778429815 137.60000000000002 0.98802474685579866 6.0700000000000021 3.9883333333333337 57.500000000000007 -0.99763297024448894 -0.97876850416056738 12.500000000000002 1.9350000000000003 19.815000000000001 -0.92923668111203805 7.6500000000000012 64.500000000000014 30.850000000000005 16.350714285714293 80.500000000000014 27.850000000000005 0.98667101781630195 65.500000000000014 24.350000000000005 272.40000000000003 362.60000000000008 29.450000000000003 0.99374995976406788 32.500000000000007 338.65000000000003
decision_type=2 2 2 2 10 2 2 2 2 2 2 10 2 2 2 2 2 2 2 2 2 2 2 2 10 10 2 2 2 10
left_child=7 2 3 9 -5 6 8 -1 -6 18 11 -11 -12 19 29 16 -7 -3 -2 20 -14 23 -23 -10 -18 26 -26 -28 -19 -15
right_child=1 17 -4 4 5 15 -8 -9 21 10 12 -13 13 14 -16 -17 24 28 -20 -21 -22 22 -24 -25 25 -27 27 -29 -30 -31
leaf_value=-0.0042366721152216876 -0.0052866643799183554 -0.0022415420841378065 -0.0028688299951373872 -0.0050181906811050531 0.01001140369415353 0.00059161734262174923 0.015266713167330715 -0.001282967053395972 0.016408688360850836 -0.0041986798494130706 0.0043172767146341757 0.0032482442276230736 -0.002313254082671014 -0.0084055304951688933 0.0013936651388437625 -0.002823909343491404 0.0015590939879854353 0.020701288300718917 0.00071223101299196625 0.00068432059083259398 -0.0004303711852526004 0.013929777166658584 0.0033397894129754942 0.0032603116812312881 0.00092908106525148066 0.0008552795287750265 0.014591969457535232 0.0092859505810630513 0.0047884683747029221 3.969212405224501e-05
leaf_weight=9592 4094 1716 7702 2457 573 1125 115 29408 60 1563 436 8709 19875 1732 23264 1679 273 50 1491 13447 148394 104 225 2425 64 161 147 92 7584 1711
leaf_count=9592 4094 1716 7702 2457 573 1125 115 29408 60 1563 436 8709 19875 1732 23264 1679 273 50 1491 13447 148394 104 225 2425 64 161 147 92 7584 1711
internal_value=-0.000275746 -0.000147613 -0.000202715 -0.000154261 0.0011 0.00242581 0.00410908 -0.00110128 0.0037393 -0.000207285 -0.000168188 0.00121106 -0.000236022 -0.000247887 0.000408693 0.000761083 0.0025188 0.00127807 -0.00174127 -0.000344385 -0.000410326 0.00283582 0.00791793 0.00216298 0.00578697 0.00846983 0.0124917 0.0152929 0.00181163 -0.00155824
internal_weight=290268 251268 241918 234216 9500 7043 3502 39000 3387 224716 219131 10272 208859 208423 26707 3541 1862 9350 5585 181716 168269 2814 329 2485 737 464 303 239 7634 3443
internal_count=290268 251268 241918 234216 9500 7043 3502 39000 3387 224716 219131 10272 208859 208423 26707 3541 1862 9350 5585 181716 168269 2814 329 2485 737 464 303 239 7634 3443
is_linear=0
shrinkage=0.05


Tree=75
num_leaves=31
num_cat=0
split_feature=24 24 22 23 22 24 22 9 23 22 22 22 14 22 23 23 22 20 17 22 22 5 23 9 23 23 20 16 17 20
split_gain=13.6642 11.7656 16.8025 13.3983 10.9259 10.4474 22.5177 39.4091 16.9482 11.569 24.5385 24.718 26.4699 11.462 10.5302 10.152 12.4773 11.8434 11.17 9.83961 11.7402 9.57136 9.4858 11.4454 9.15783 18.4686 9.56716 9.21664 12.0449 8.82703
threshold=-0.65999999999999981 1.9550000000000003 -0.065535378769913874 0.99530134160901229 0.091259403071267925 1.3800000000000001 -0.13398594226331254 129.88130950927737 0.39629089145655322 -0.97876850416056738 -0.84315017450793706 -0.814291907305839 29.050000000000004 -0.99630266176052629 0.011826144619637555 -0.97507822412530132 0.12545942051955489 397.00000000000006 120.50000000000001 -0.26866367175705824 -0.62588817255938378 7.6750000000000016 -0.3744658827978154 65.907573699951186 -0.86974577485258975 -0.79382744783423187 198.40000000000003 10.950000000000001 210.50000000000003 441.60000000000008
decision_type=8 10 2 2 2 8 2 2 2 2 2 2 2 2 2 2 2 8 2 2 2 2 2 2 2 2 10 2 2 10
left_child=22 2 3 5 -4 13 8 -8 9 14 -11 12 -12 -2 -7 16 -6 18 -18 20 -13 -5 23 -1 26 -26 -17 -27 -29 -14
right_child=1 -3 4 21 15 6 7 -9 -10 10 11 19 29 -15 -16 24 17 -19 -20 -21 -22 -23 -24 -25 25 27 -28 28 -30 -31
leaf_value=0.024895543061549678 -0.0048009407494984052 -0.0033169800054000985 -0.0028474941166083032 0.0026465633398930015 -0.0039601224560744993 0.0082072899325072706 0.002457944800072004 0.016758087690063119 0.0086684149784136688 -0.0043745411445666417 0.033661444244832528 -0.0014719749854477642 0.021811552683426189 0.00034170465913267029 0.00035632040812559823 0.0002196930429839381 0.0086620321305864913 -9.0819956315519841e-05 0.0032338277045391647 -0.0043563580554478844 0.0074342722136916247 0.011390219262700271 -0.0025630706066058048 0.0015461839775160737 0.0028352537756724415 -0.0012314887088542181 -0.0046951416711673525 -0.0012514030648041953 0.0017483914004081599 0.0083587831493890739
leaf_weight=104 3960 12078 12870 419 1584 2574 594 198 1386 8712 67 3168 201 75834 2178 4704 657 1878 2217 1584 4554 373 22572 292 6336 76262 8760 14347 19479 326
leaf_count=104 3960 12078 12870 419 1584 2574 594 198 1386 8712 67 3168 201 75834 2178 4704 657 1878 2217 1584 4554 373 22572 292 6336 76262 8760 14347 19479 326
internal_value=-0.000263861 -0.000163301 -9.11375e-05 0.000389717 -0.000433419 0.000341003 0.00122112 0.0095202 0.000955554 0.000636876 7.46818e-05 0.00177778 0.0116667 5.92764e-05 0.0028388 -0.000301857 0.00165246 0.0029335 0.00495129 0.00114657 0.00188293 0.00686869 -0.00143417 0.00623737 -0.00039719 -0.000254416 -0.00163176 -0.000405495 0.000281439 0.00790322
internal_weight=290268 267300 255222 106128 149094 105336 25542 792 24750 23364 18612 9900 594 79794 4752 136224 6336 4752 2874 9306 7722 792 22968 396 129888 116424 13464 110088 33826 527
internal_count=290268 267300 255222 106128 149094 105336 25542 792 24750 23364 18612 9900 594 79794 4752 136224 6336 4752 2874 9306 7722 792 22968 396 129888 116424 13464 110088 33826 527
is_linear=0
shrinkage=0.05


Tree=76
num_leaves=31
num_cat=0
split_feature=0 23 17 20 23 23 23 23 16 22 18 19 17 22 22 1 4 23 16 23 23 22 3 22 22 22 20 9 22 4
split_gain=11.216 9.81047 7.75196 9.38736 6.71743 5.93354 6.91213 10.6338 19.9974 12.4693 11.021 7.7556 11.7 7.13736 9.20281 6.69539 6.58942 6.91714 5.70795 6.45829 5.95231 15.5585 12.8915 7.34928 5.83052 11.5058 12.8444 5.89154 5.64756 5.428
threshold=3.7350000000000008 0.9989598388634241 136.50000000000003 314.30000000000001 0.51849435583340198 -0.85225707553516283 0.60383265664488517 0.53312596302726967 10.550000000000002 0.79904096188274243 17.155000000000005 6.2950000000000008 284.50000000000006 -0.82415615971448097 -0.83377653105606597 2.5750000000000006 32.875000000000007 -0.91595872546125101 10.950000000000001 0.89691351184655443 -0.90892157495189674 -0.33425342068356556 9.1950000000000021 0.40614137006726808 0.3744682635859638 0.3261394409934788 169.30000000000004 272.76518249511724 -0.814291907305839 18.685000000000006
decision_type=2 2 2 10 2 2 2 2 2 2 2 2 2 2 2 2 2 2 2 2 2 2 2 2 2 2 10 2 2 2
left_child=-1 2 4 18 -2 16 7 15 -9 13 11 12 -11 14 -10 -7 -5 -18 20 -20 21 22 -4 -23 25 -21 27 -27 -6 -30
right_child=1 -3 3 5 28 6 -8 8 9 10 -12 -13 -14 -15 -16 -17 17 -19 19 24 -22 23 -24 -25 -26 26 -28 -29 29 -31
leaf_value=-0.00286417334718354 -0.00045090135318964119 -0.0055664642226511771 0.011503513744318008 -0.001019323604449035 -0.014260410181221733 0.011141137921236256 -3.0535331317328754e-05 -0.0036274394819283424 -0.010707073042823112 0.012664554854143526 0.016340805720744509 0.0067226325470150054 0.00476444765813988 -0.0010978894802811476 0.019092136823298248 0.0015902729466763415 0.020725653941925628 0.00034739252933338341 -2.2490656629308852e-05 0.0025932498502158853 -0.0011043477726705414 -7.8444506270698713e-05 0.0012839230463028203 0.0078023987513565294 -0.0076126762402401044 0.0049910810075394982 -0.0019582572988356721 0.0084121931121374869 -0.0022863637577592226 0.0027535771222617343
leaf_weight=16776 74381 3796 313 14583 1209 78 23174 672 60 65 58 400 65 350 98 39458 179 260 15247 3557 63101 9821 281 218 383 99 117 113 19816 1540
leaf_count=16776 74381 3796 313 14583 1209 78 23174 672 60 65 58 400 65 350 98 39458 179 260 15247 3557 63101 9821 281 218 383 99 117 113 19816 1540
internal_value=-0.000260932 -0.000183955 -0.000148428 5.23867e-05 -0.000506262 0.000451571 0.000660069 0.00104784 0.00484163 0.00900547 0.0139626 0.0116981 0.0223077 0.00326772 0.0120886 0.000878186 -0.000443351 0.00559225 -0.000287937 0.000472432 -0.000489192 0.00060519 0.00846801 0.000139953 0.00219138 0.00277149 0.0117173 0.0190566 -0.00126191 -0.0010737
internal_weight=290268 273492 269696 172750 96946 79500 64478 41304 1768 1096 588 530 130 508 158 39536 15022 439 93250 19516 73734 10633 594 10039 4269 3886 329 212 22565 21356
internal_count=290268 273492 269696 172750 96946 79500 64478 41304 1768 1096 588 530 130 508 158 39536 15022 439 93250 19516 73734 10633 594 10039 4269 3886 329 212 22565 21356
is_linear=0
shrinkage=0.05


Tree=77
num_leaves=31
num_cat=0
split_feature=24 23 17 16 23 14 14 15 22 22 24 24 23 24 22 19 17 17 22 23 24 22 22 20 4 23 20 23 22 23
split_gain=12.2812 10.6965 9.6598 9.26379 8.34339 10.0208 7.93728 8.15871 7.7534 7.25245 15.0391 14.2334 12.2385 8.98845 8.90916 11.4954 7.8965 7.52557 7.51079 10.189 9.96384 25.2963 15.0397 8.18952 10.0959 7.38381 7.07558 6.83235 6.70877 6.44709
threshold=-0.77999999999999992 0.9980355542543059 147.50000000000003 6.9500000000000011 -0.3744658827978154 29.450000000000003 27.850000000000005 78.500000000000014 0.99552231814189451 0.97696484778429815 0.36500000000000005 0.095000000000000015 0.14888728888808328 -0.029999999999999995 0.98049069993378934 8.9350000000000005 330.50000000000006 300.50000000000006 -0.26866367175705824 -0.91595872546125101 0.05000000000000001 -0.35041564478062465 -0.33425342068356556 255.90000000000003 32.875000000000007 -0.18493013702746822 409.30000000000001 -0.85225707553516283 -0.62588817255938378 -0.46039597980994923
decision_type=8 2 2 2 2 2 2 2 2 2 10 10 2 10 2 2 2 2 2 2 10 2 2 10 2 2 8 2 2 2
left_child=4 2 6 -4 5 -1 7 -2 9 16 11 13 17 -11 -14 -16 18 -13 19 20 21 -5 23 -22 -25 -15 29 -21 -6 -8
right_child=1 -3 3 8 28 -7 26 -9 -10 10 -12 12 14 25 15 -17 -18 -19 -20 27 22 -23 -24 24 -26 -27 -28 -29 -30 -31
leaf_value=-0.0013705179446711765 -0.0043421348129131735 -0.0041433302003073052 -0.0011974980210471273 -0.0096917447082610006 -0.0022592497594265486 0.015834813059232358 0.001114049756312917 -8.254746333257384e-05 -0.0033048711742951114 0.0053563281727380735 -0.0031997722804882941 0.005130387757869199 0.0029180611208959048 0.010768540080871265 0.019324062045529847 0.015266171026509344 -0.0014842025383414764 0.010925417120762096 5.0321921114294426e-05 -0.0040720531510209232 0.010367220913289763 0.012990675264387914 -0.005558914149717124 0.0033233111797441061 0.024466759606821601 -0.0053119084368148852 -0.0014115914290222075 0.0013882040558643484 -0.01058100478590708 -0.00080489325998416592
leaf_weight=214 10375 5742 24754 324 14652 182 23242 5782 3940 887 1456 1075 146 113 139 228 13468 414 60972 2683 172 636 1190 1324 81 1222 35492 44473 1782 33108
leaf_count=214 10375 5742 24754 324 14652 182 23242 5782 3940 887 1456 1075 146 113 139 228 13468 414 60972 2683 172 636 1190 1324 81 1222 35492 44473 1782 33108
internal_value=-0.000254731 -0.000174044 -0.000128244 0.000118755 -0.00156566 0.00560606 -0.000493478 -0.00151544 0.000281859 0.000347586 0.00209507 0.00360559 0.00666334 0.000850584 0.0133236 0.0174796 0.000268385 0.0043687 0.000406105 0.000854606 0.00337134 0.00776042 0.00184857 0.00505073 0.00379003 -0.00174157 -0.000313692 0.000655695 -0.00173847 3.4604e-05
internal_weight=290268 273438 267696 159697 16830 396 107999 16157 134943 131003 5680 4224 2002 2222 513 367 125323 1489 111855 50883 3727 960 2767 1577 1405 1335 91842 47156 16434 56350
internal_count=290268 273438 267696 159697 16830 396 107999 16157 134943 131003 5680 4224 2002 2222 513 367 125323 1489 111855 50883 3727 960 2767 1577 1405 1335 91842 47156 16434 56350
is_linear=0
shrinkage=0.05


Tree=78
num_leaves=31
num_cat=0
split_feature=24 24 22 23 9 22 24 22 5 23 22 22 22 22 14 0 17 22 22 9 24 24 23 22 24 22 22 22 18 22
split_gain=11.679 10.2894 14.016 12.0081 9.43807 9.27434 8.87387 21.0294 35.9604 14.859 10.5225 10.46 22.8329 20.9982 25.4663 9.63273 9.41763 8.79041 10.0573 8.15461 7.72299 9.63406 9.47595 19.7981 41.9879 39.7334 14.879 25.99 20.9369 15.8236
threshold=-0.65999999999999981 1.9550000000000003 -0.065535378769913874 0.99530134160901229 383.06039428710943 0.022575936829235418 1.3800000000000001 -0.13398594226331254 7.0835714285714309 0.39629089145655322 -0.99630266176052629 -0.97509794945709805 -0.84315017450793706 -0.814291907305839 29.050000000000004 85.655000000000015 165.50000000000003 -0.26866367175705824 -0.62588817255938378 66.896167755126967 0.24500000000000002 -0.24999999999999997 0.50370931781787065 0.79904096188274243 -0.22499999999999995 0.84313847884979054 0.67802080537253961 0.57077594689671507 8.4750000000000032 0.63920241694561786
decision_type=8 10 2 2 2 2 8 2 2 2 2 2 2 2 2 2 2 2 2 2 10 10 2 2 10 2 2 2 2 2
left_child=-1 2 3 6 -5 -4 10 9 -9 11 -2 -8 -13 14 -14 -16 -17 18 -15 -10 21 -7 -23 26 -25 -26 27 -24 29 -29
right_child=1 -3 5 4 -6 20 7 8 19 -11 -12 12 13 17 15 16 -18 -19 -20 -21 -22 22 23 24 25 -27 -28 28 -30 -31
leaf_value=-0.0021492792089995174 -0.0045775512207897467 -0.0031449120480764058 -0.0038320687755238297 0.011964035703648908 -0.00047201014979620981 -0.0011920274906017589 0.0050185724519271743 0.017550126682531569 -0.00047252445245587994 0.0082090638849865519 0.00028794428133097674 -0.0047372913821448811 0.031987858281797558 -0.0014850592031071292 0.010211153997910796 0.013025070188812958 0.03167880356856994 -0.0041716975728316565 0.006698048935941241 0.0074705313648542456 -0.0011940158300670469 6.9060844773988168e-05 -0.0061197769843221762 -0.0031875093814524667 0.010815940339405852 0.0018846344758375795 -0.0032993449975337891 0.0047071833257271867 0.0015790183484565242 0.010873258475047384
leaf_weight=22968 3960 12078 6534 492 300 23364 5148 151 406 1386 75834 8316 67 3168 394 77 56 1584 4554 235 65934 41580 1584 1188 990 792 3960 997 1655 516
leaf_count=22968 3960 12078 6534 492 300 23364 5148 151 406 1386 75834 8316 67 3168 394 77 56 1584 4554 235 65934 41580 1584 1188 990 792 3960 997 1655 516
internal_value=-0.000243362 -0.000150394 -8.29094e-05 0.000356267 0.0064899 -0.000395523 0.000310149 0.00112129 0.00914141 0.000864645 5.05039e-05 0.000566255 3.84158e-06 0.00162626 0.0107407 0.00704933 0.0186842 0.00104449 0.00174048 0.00397036 -0.000311098 3.02757e-05 0.000401598 0.00165982 0.00518518 0.0100393 0.000457988 0.00234427 0.00495896 0.00921018
internal_weight=290268 267300 255222 106128 792 149094 105336 25542 792 24750 79794 23364 18216 9900 594 527 133 9306 7722 641 142560 76626 53262 11682 2970 1782 8712 4752 3168 1513
internal_count=290268 267300 255222 106128 792 149094 105336 25542 792 24750 79794 23364 18216 9900 594 527 133 9306 7722 641 142560 76626 53262 11682 2970 1782 8712 4752 3168 1513
is_linear=0
shrinkage=0.05


Tree=79
num_leaves=31
num_cat=0
split_feature=5 23 23 23 13 13 9 14 9 20 22 17 5 23 23 22 23 23 16 22 22 9 17 22 22 20 16 20 17 23
split_gain=11.2163 8.3637 7.54703 11.9018 9.88231 8.86584 7.62004 7.63131 7.14813 5.79457 5.57319 5.31415 6.60336 5.10728 5.10218 14.1433 5.43434 9.72367 5.31544 5.61971 27.0651 11.773 4.88223 4.55833 21.3684 5.15297 4.52389 4.14625 4.11536 4.56188
threshold=4.1892857142857158 0.9989598388634241 -0.99628250747696534 -0.97874870457683594 4.1500000000000012 1.0000000180025095e-35 583.67306518554699 27.850000000000005 998.87963867187511 495.50000000000006 0.99939377080793557 157.50000000000003 14.056428571428572 -0.99273797715557011 -0.62587551141915865 0.72695311118111527 -0.93543596745397617 -0.89404254237865755 11.15 -0.40614700388750385 -0.43733984355855576 998.87963867187511 311.50000000000006 0.79904096188274243 0.81428061195174062 335.10000000000008 6.1500000000000012 198.40000000000003 58.500000000000007 -0.98521978256641018
decision_type=2 2 2 2 2 2 2 2 2 8 2 2 2 2 2 2 2 2 2 2 2 2 2 2 2 10 2 8 2 2
left_child=-1 2 -2 4 9 -5 7 11 13 -4 -9 27 22 -6 15 16 26 -18 -16 20 -20 -22 -13 -21 25 -25 -8 -7 29 -15
right_child=1 -3 3 5 8 6 14 10 -10 -11 -12 12 -14 28 18 -17 17 -19 19 23 21 -23 -24 24 -26 -27 -28 -29 -30 -31
leaf_value=-0.0037148434337894334 -0.002382794683893449 -0.0048744666133926536 0.0010429639535026105 0.0020623673159737349 0.001166765492930217 -0.0008974573205146213 0.0065199896786091189 -0.00030938252235202885 0.0054974301187682003 -0.0035129954326725416 -0.0053233539453134832 -0.000609574187274506 0.0042955239369722011 0.015009376254160794 -0.00026778625335699315 0.011682899808796549 0.018288181743749288 0.0041455550356189483 0.0017978320759590206 -0.00020637011348431157 0.0045238207071607974 0.015500802452941418 -0.0042105092522582597 0.0070172029407578052 0.00073488880439316433 0.0095117979240683104 -0.0016656647440472202 -0.0044431458429183219 0.0034599688333294028 -0.00058816474570447415
leaf_weight=10346 7712 3916 4842 12623 1445 3589 98 181664 110 1394 1889 15608 1450 136 16374 82 56 1388 1825 4649 82 126 3841 108 1512 125 1114 9366 2732 66
leaf_count=10346 7712 3916 4842 12623 1445 3589 98 181664 110 1394 1889 15608 1450 136 16374 82 56 1388 1825 4649 82 126 3841 108 1512 125 1114 9366 2732 66
internal_value=-0.000237161 -0.000177408 -0.000144853 -0.000100525 0.00153147 -0.00016848 -0.000235073 -0.000334328 0.00332034 0.000243745 -0.000207108 -0.0010241 -0.000530888 0.00300411 0.000548494 0.00259678 0.00196536 0.00403739 0.000322365 0.00134271 0.00363256 0.0207212 -0.000773563 0.000614638 0.0027937 0.0168884 -0.000503302 -0.00181976 0.00420245 0.0110891
internal_weight=290268 279922 276006 268294 10725 257569 244946 217407 4489 6236 183553 33854 20899 4379 27539 2738 2656 1444 24801 8427 2033 208 19449 6394 1745 233 1212 12955 2934 202
internal_count=290268 279922 276006 268294 10725 257569 244946 217407 4489 6236 183553 33854 20899 4379 27539 2738 2656 1444 24801 8427 2033 208 19449 6394 1745 233 1212 12955 2934 202
is_linear=0
shrinkage=0.05


Tree=80
num_leaves=31
num_cat=0
split_feature=5 23 13 17 16 23 9 19 20 17 20 22 22 17 9 16 9 23 22 23 13 22 22 23 23 22 9 4 20 18
split_gain=10.4792 7.64931 7.1831 6.88471 6.10074 5.89255 5.80202 5.7067 5.47348 4.93927 4.23961 4.71618 16.7217 5.18024 5.85189 4.15636 3.93359 4.48411 3.77969 8.39977 5.27092 3.74331 6.95848 8.55501 4.90953 6.87915 4.4968 4.48408 7.93147 4.57602
threshold=4.1892857142857158 0.9989598388634241 10.850000000000003 136.50000000000003 10.550000000000002 0.50370931781787065 845.66873168945324 17.645000000000003 429.10000000000008 203.50000000000003 583.65000000000009 -0.84315017450793706 -0.8041866928211282 183.50000000000003 42.891584396362312 14.750000000000002 462.67344665527349 0.87709077819680659 0.97875492728876534 -0.048362832084465616 0.8500000000000002 -0.8781231054254196 -0.99630266176052629 -0.32613736746952143 0.1318557721318592 -0.93545489084327571 49.216623306274421 7.9150000000000009 377.80000000000001 6.5250000000000012
decision_type=2 2 2 2 2 2 2 2 8 2 10 2 2 2 2 2 2 2 2 2 2 2 2 2 2 2 2 2 10 2
left_child=-1 2 3 5 16 8 7 21 -2 -6 11 -9 13 14 -13 -12 -4 -18 -14 20 -20 22 -5 26 -25 -26 -24 28 -27 -30
right_child=1 -3 4 6 9 -7 -8 10 -10 -11 15 12 18 -15 -16 -17 17 -19 19 -21 -22 -23 23 24 25 27 -28 -29 29 -31
leaf_value=-0.0035291012620999596 0.00045788966291889746 -0.0046307432827230105 -0.0015427823136858105 -0.0056470668423896746 -0.0010930785547921527 -0.0022684475742087286 0.002297020604176222 -0.0010382715595506982 -0.0012501825216649747 0.00084207005929519396 0.012316600182657147 0.015057394556961657 0.0014381490868306133 0.0096171595089770134 0.022468465815406489 0.0020144578319576897 0.00085220674815336564 -0.0023997750922784139 0.0048972016336937462 -0.00013697751991077975 0.014112729670132461 -0.00010240617392892624 0.0015465978030299978 0.0046855320283709445 -0.0023160761219671402 0.0019936561979948752 -0.0080142120744431788 0.0024057691103984724 0.017485177878306266 0.013336857290084018
leaf_weight=10346 33024 3916 57075 1842 12007 14014 5937 3891 18238 18718 583 150 5863 235 95 541 10289 3483 68 229 85 76830 1246 5028 2411 210 1093 2706 63 52
leaf_count=10346 33024 3916 57075 1842 12007 14014 5937 3891 18238 18718 583 150 5863 235 95 541 10289 3483 68 229 85 76830 1246 5028 2411 210 1093 2706 63 52
internal_value=-0.000233199 -0.000175443 -0.00014431 5.0333e-05 -0.000478578 -0.000355875 0.000293243 0.000205819 -0.000107488 0.000109844 0.00124361 0.000934437 0.00173606 0.0107292 0.0158163 0.0041637 -0.000733766 2.46866e-05 0.00104483 0.00586387 0.0149346 7.26368e-05 0.000805063 0.00121828 0.00182903 0.000788312 -0.00151561 0.0023738 0.00792308 0.0184783
internal_weight=290268 279922 276006 174434 101572 65276 109158 103221 51262 30725 11740 10616 6725 480 245 1124 70847 13772 6245 382 153 91481 14651 12809 10470 5442 2339 3031 325 115
internal_count=290268 279922 276006 174434 101572 65276 109158 103221 51262 30725 11740 10616 6725 480 245 1124 70847 13772 6245 382 153 91481 14651 12809 10470 5442 2339 3031 325 115
is_linear=0
shrinkage=0.05


Tree=81
num_leaves=31
num_cat=0
split_feature=24 24 22 22 23 20 17 22 22 23 22 20 9 24 24 23 20 22 18 24 22 22 20 17 20 24 18 22 22 15
split_gain=10.8425 9.12534 11.4408 8.5102 18.1235 10.2398 9.91791 9.04961 26.9775 11.4735 11.5859 32.7223 15.4143 10.9824 10.9793 18.1961 10.227 9.94052 21.4483 11.7796 25.8195 9.91933 13.4196 12.5059 10.3352 10.7449 15.8101 12.9997 10.5347 9.75731
threshold=-0.77999999999999992 1.9550000000000003 -0.082689790342551819 0.12545942051955489 -0.97507822412530132 397.00000000000006 120.50000000000001 0.49812943072827093 0.61237135649459018 0.92843842216862604 0.3261394409934788 735.30000000000007 634.89492797851574 1.6100000000000003 -0.27499999999999997 0.11478523713130605 198.40000000000003 0.67802080537253961 8.4750000000000032 -0.22499999999999995 0.63920241694561786 0.97314989601849466 479.7000000000001 229.50000000000003 117.40000000000002 0.095000000000000015 8.8050000000000015 0.98667101781630195 0.98049069993378934 60.500000000000007
decision_type=8 10 2 2 2 8 2 2 2 2 2 8 2 10 8 2 10 2 2 10 2 2 8 2 10 10 2 2 2 2
left_child=-1 2 -2 -4 5 6 -5 9 -9 16 -11 -12 -13 14 -10 -16 -6 18 19 20 -17 22 -19 -24 -23 27 28 -26 -27 -25
right_child=1 -3 3 4 7 -7 -8 8 13 10 11 12 -14 -15 15 17 -18 21 -20 -21 -22 24 23 29 25 26 -28 -29 -30 -31
leaf_value=-0.0024392963410930489 0.00050834951480839541 -0.0028686404378736735 -0.0020089628128278892 0.0080592921832000047 -0.0005832981865751916 -6.0507787847730707e-05 0.0029757590257006817 0.0024454489589420471 -0.0056706858063626624 -0.00090727500840712062 -0.00027898206488762061 0.0049237447186264438 0.011335923777475526 -0.0049044419497860274 -0.0012778533096355236 -0.0071407864528512041 -0.0049102685640646342 -0.00097966072740064323 0.00031459101154020165 0.00067505611643500969 0.011189503106672528 -0.0030577301684891565 1.6531155925266203e-05 0.0027020552758396025 -0.0018166256920434558 0.0080666266224704054 0.0075121853381220592 0.0053835704416240479 0.018768623583023808 0.0084339074436858962
leaf_weight=16830 110088 12078 18216 657 7205 1878 2217 12672 4158 9504 1756 547 73 4356 47520 140 12595 16098 1272 189 379 1463 2291 995 1523 208 958 1172 220 1010
leaf_count=16830 110088 12078 18216 657 7205 1878 2217 12672 4158 9504 1756 547 73 4356 47520 140 12595 16098 1272 189 379 1463 2291 995 1523 208 958 1172 220 1010
internal_value=-0.000229927 -0.000154113 -9.20199e-05 -0.000374228 -0.000235466 0.00279672 0.00467293 -0.000347769 -0.000107324 -0.00108112 0.000147305 0.0032702 0.0131452 -0.000431915 -0.000298132 -0.000160265 -0.00181818 0.000852854 0.00426768 0.0112429 0.0151349 0.00059218 8.2376e-05 0.00256518 0.00246753 0.00376011 0.00733766 0.00192022 0.0153271 0.00544888
internal_weight=290268 273438 261360 151272 133056 4752 2874 128304 96624 31680 11880 2376 620 83952 79596 75438 19800 27918 1980 708 519 25938 20394 4296 5544 4081 1386 2695 428 2005
internal_count=290268 273438 261360 151272 133056 4752 2874 128304 96624 31680 11880 2376 620 83952 79596 75438 19800 27918 1980 708 519 25938 20394 4296 5544 4081 1386 2695 428 2005
is_linear=0
shrinkage=0.05


Tree=82
num_leaves=31
num_cat=0
split_feature=5 22 8 24 24 22 22 22 22 22 3 4 19 24 22 20 9 22 22 22 21 19 9 22 22 3 14 15 22 13
split_gain=10.0096 7.00758 6.04542 6.00099 5.40222 7.22725 27.8115 9.2367 7.79624 22.0187 10.0167 7.89525 7.20543 6.50906 9.14213 15.0053 7.29089 6.55325 20.6847 10.919 6.46264 6.45436 6.36558 6.15578 8.86935 9.77203 5.661 5.3505 5.30736 11.4843
threshold=4.1892857142857158 0.99939377080793557 3.5000000000000004 -0.49499999999999994 1.9550000000000003 -0.35846811432664222 -0.159513159777915 -0.2102246306142678 -0.65234524191686594 -0.69057362043749781 7.5650000000000013 8.7350000000000012 12.125000000000002 1.7100000000000002 -0.92923668111203805 456.60000000000008 719.37036132812511 0.29342972903661901 0.3744682635859638 0.34235194516023087 36.900000000000006 4.9750000000000005 251.68961334228518 0.12545942051955489 0.074116354202380205 6.5183333333333344 27.850000000000005 75.500000000000014 -0.46038400545438724 2.8500000000000001
decision_type=2 2 2 8 10 2 2 2 2 2 2 2 2 8 2 8 2 2 2 2 10 2 2 2 2 2 2 2 2 2
left_child=3 2 4 -1 13 8 7 20 9 -6 11 -11 22 16 -15 28 26 23 19 -19 -7 -13 -9 24 -17 -26 27 -2 29 -16
right_child=1 -3 -4 -5 5 6 -8 12 -10 10 -12 21 -14 14 15 17 -18 18 -20 -21 -22 -23 -24 -25 25 -27 -28 -29 -30 -31
leaf_value=-0.0066990306790345941 -0.0024329696992378257 -0.0040915253849581655 0.0028853276893370202 -0.0016588892440743839 -0.0051825527639594877 0.00091954116930176115 -0.0090807798813211972 0.011325009750721184 -0.0068764973104010543 0.0079811310666548316 -0.00062602558813878734 0.017712555878530229 -0.00024748769075044714 -0.002674951933754987 0.002221007771750627 -0.001771788274321904 0.00084303629579504712 0.0033377015253681069 -0.0024382321529543166 0.0062134780417724507 0.0086255265766510044 0.0082577841071060868 0.002861138106962396 -0.0077613537645339799 0.0014904679466045522 0.0074297976047585507 -0.00029550288381874411 -0.00030885506300833691 0.0019096947709976051 0.0098189334851184282
leaf_weight=4036 19502 3069 9405 6310 2962 1238 1931 316 3623 204 193 57 120 4255 2360 4135 20793 458 1754 331 299 101 114 1813 349 134 178375 15655 3935 2441
leaf_count=4036 19502 3069 9405 6310 2962 1238 1931 316 3623 204 193 57 120 4255 2360 4135 20793 458 1754 331 299 101 114 1813 349 134 178375 15655 3935 2441
internal_value=-0.00022028 -0.000163833 -0.000137493 -0.00174754 -0.000181307 -0.00125829 0.000438028 0.00443939 -0.00221289 -0.000535969 0.0086036 0.0135083 0.01 -0.000134419 0.000688594 0.00118859 -0.000211566 -0.000247383 0.0019013 0.00862484 0.00244958 0.0218987 0.0130233 -0.00109703 -0.000127762 0.00628364 -0.000298598 -0.000878489 0.00266369 0.00377942
internal_weight=290268 279922 276853 10346 267448 11158 4018 2087 7140 3517 555 362 550 256290 21965 17710 234325 8974 2543 789 1537 158 430 6431 4618 483 213532 35157 8736 4801
internal_count=290268 279922 276853 10346 267448 11158 4018 2087 7140 3517 555 362 550 256290 21965 17710 234325 8974 2543 789 1537 158 430 6431 4618 483 213532 35157 8736 4801
is_linear=0
shrinkage=0.05


Tree=83
num_leaves=31
num_cat=0
split_feature=0 24 24 23 23 13 23 3 22 9 23 23 22 9 22 23 22 22 20 3 22 9 24 24 24 20 9 23 22 22
split_gain=9.54499 8.52797 9.27144 12.8353 13.6184 10.2013 8.73489 10.4104 19.219 7.90544 6.69623 17.5981 11.5429 9.5714 7.95519 11.9702 15.0086 13.8694 17.2898 9.64147 9.36062 6.17919 5.82164 5.54194 13.8585 9.44847 7.18334 10.654 5.43906 5.36062
threshold=3.9950000000000006 1.9550000000000003 1.7100000000000002 -0.99273797715557011 -0.97874870457683594 1.6500000000000001 -0.99052477729077237 7.0450000000000008 -0.082689790342551819 583.67306518554699 0.95691861501572195 0.92843842216862604 0.34235194516023087 616.95419311523449 -0.26866367175705824 0.39629089145655322 -0.84315017450793706 -0.814291907305839 431.60000000000008 15.658333333333335 -0.62588817255938378 39.290842056274421 -0.65999999999999981 0.16500000000000004 -0.049999999999999996 330.7000000000001 87.609973907470717 -0.98801846520836312 -0.13398594226331254 0.99939377080793557
decision_type=2 10 8 2 2 2 2 2 2 2 2 2 2 2 2 2 2 2 10 2 2 2 10 10 10 10 2 2 2 2
left_child=-1 2 3 -2 5 -5 7 8 -4 21 11 14 -13 -14 15 16 -8 18 19 -18 -19 -6 -23 24 28 26 -26 -28 -7 -24
right_child=1 -3 6 4 9 23 10 -9 -10 -11 -12 12 13 -15 -16 -17 17 20 -20 -21 -22 22 29 -25 25 -27 27 -29 -30 -31
leaf_value=-0.0021682387198893979 -0.0030367561571939079 -0.0027144793380306734 0.017105019963461827 -0.00036749567155408271 0.00068942743051491088 -0.0033805168124963788 -0.0019047351028498281 0.0022817095546054859 0.002589005725579718 0.00089522940881458428 -0.0028783939034511185 0.0031008372901658709 0.0045801469558841689 0.010745453538001307 -0.0032156707323705465 0.0078469306803487706 0.032433658837076287 -0.0016015836705747613 0.0062837924150927968 0.017742411770986656 0.0062816945760968733 -0.0021719866597034202 -0.00045751079197222798 0.0019208541378722237 0.017285474136779482 0.0011811715515407993 0.00077014768863487091 0.0077407408780175505 0.0051515289855487006 -0.0052290732230906413
leaf_weight=21636 8891 10620 86 2522 29557 512 7404 1379 196 24607 2757 466 322 52 3324 1333 50 3165 339 205 4385 15179 145779 2253 131 308 246 479 128 1957
leaf_count=21636 8891 10620 86 2522 29557 512 7404 1379 196 24607 2757 466 322 52 3324 1333 50 3165 339 205 4385 15179 145779 2253 131 308 246 479 128 1957
internal_value=-0.000218213 -0.000136843 -7.96874e-05 -0.000178867 -0.000104804 0.00213634 0.000826099 0.00433173 0.0130851 -0.000172726 0.000581463 0.000885007 0.00797619 0.0145187 0.000590199 0.00103045 0.000640596 0.00212181 0.00947811 0.0193137 0.00154305 -0.000280613 -0.000401284 0.00368869 0.00575388 0.00900344 0.0117056 0.00975862 -0.000156251 -0.000305479
internal_weight=290268 268632 258012 232549 223658 6579 25463 1661 282 217079 23802 21045 840 374 20205 16881 15548 8144 594 255 7550 192472 162915 4057 1804 1164 856 725 640 147736
internal_count=290268 268632 258012 232549 223658 6579 25463 1661 282 217079 23802 21045 840 374 20205 16881 15548 8144 594 255 7550 192472 162915 4057 1804 1164 856 725 640 147736
is_linear=0
shrinkage=0.05


Tree=84
num_leaves=31
num_cat=0
split_feature=5 22 24 24 22 22 24 22 9 22 9 14 22 22 0 5 24 1 22 20 22 22 20 22 22 0 22 22 14 9
split_gain=9.26148 6.11986 5.84184 6.56412 6.53933 26.3329 5.97792 11.008 29.3108 22.9984 5.84078 5.87321 5.71618 20.4438 10.8174 7.13737 5.65664 5.63812 5.56714 13.8822 5.58195 12.3257 8.3928 7.30913 12.1406 10.1347 10.9474 5.6637 5.38339 5.36974
threshold=4.1892857142857158 0.99939377080793557 1.9550000000000003 1.7100000000000002 -0.14250824554987665 -0.30983472475487867 1.6100000000000003 0.58481550752069722 370.54331970214849 0.54219432480460406 719.37036132812511 27.850000000000005 -0.65234524191686594 -0.69057362043749781 7.4450000000000012 5.6092857142857158 -0.49499999999999994 6.7550000000000008 -0.92923668111203805 431.60000000000008 -0.46038400545438724 -0.62588817255938378 349.30000000000001 -0.16799356919963607 -0.031173458710879235 8.2850000000000019 -0.082689790342551819 -0.69057362043749781 30.850000000000005 167.14442443847659
decision_type=2 2 10 8 2 2 10 2 2 2 2 2 2 2 2 2 8 2 2 8 2 2 10 2 2 2 2 2 2 2
left_child=16 2 3 6 5 12 10 8 9 -8 11 -2 13 -4 15 -15 -1 -17 -5 20 21 27 -23 -22 25 26 -25 -20 -21 -19
right_child=1 -3 4 18 -6 -7 7 -9 -10 -11 -12 -13 -14 14 -16 17 -18 29 19 28 23 22 -24 24 -26 -27 -28 -29 -30 -31
leaf_value=-0.0062939012024294805 -0.0013300752693630347 -0.0037926004008206303 -0.004756924758924439 -0.0016685935041721818 -0.0091508554587971074 0.0054843561372704226 -0.01411294801253748 -0.0047817610576914062 -0.0019263080190440502 0.014247217590412489 0.00086523616148259034 -0.00014522806978476904 -0.0051329730354637473 0.0076050867067105014 -0.0015082660631901435 0.010807137533502832 -0.0015340313588158214 -0.0014541240351949455 0.0057265751011390783 -0.0021778789287345865 -0.0012572676762800364 0.014403139259323641 0.0076541874352131882 0.018056607553080962 -0.0017499368498672082 0.0033937806830450857 0.0041254912892412119 -0.011170440101696755 0.0011316015865829553 0.013439212634608453
leaf_weight=4036 34799 3069 3050 4949 1749 1786 73 4504 768 112 19861 179515 4139 142 178 137 6310 51 3586 4772 2287 506 636 62 653 637 173 388 7290 50
leaf_count=4036 34799 3069 3050 4949 1749 1786 73 4504 768 112 19861 179515 4139 142 178 137 6310 51 3586 4772 2287 506 636 62 653 637 173 388 7290 50
internal_value=-0.000210806 -0.000156509 -0.000131894 -8.45549e-05 -0.00124623 -0.000730621 -0.00016634 -0.00180227 0.00307975 0.0209459 -0.000128217 -0.000204234 -0.00199239 -0.000537695 0.00826165 0.0130263 -0.00167988 0.0183193 0.000670996 0.00102668 0.00252128 0.00360047 0.00817863 0.00107293 0.0037541 0.00761468 0.0164894 0.00228485 -7.959e-05 0.00935643
internal_weight=290268 279922 276853 265571 11282 9533 239632 5457 953 185 234175 214314 7747 3608 558 380 10346 238 25939 20990 8928 5116 1142 3812 1525 872 235 3974 12062 101
internal_count=290268 279922 276853 265571 11282 9533 239632 5457 953 185 234175 214314 7747 3608 558 380 10346 238 25939 20990 8928 5116 1142 3812 1525 872 235 3974 12062 101
is_linear=0
shrinkage=0.05


Tree=85
num_leaves=31
num_cat=0
split_feature=5 23 23 24 23 24 22 17 13 13 22 24 22 22 24 24 23 17 20 23 17 16 24 22 23 5 4 24 23 22
split_gain=8.69567 6.69683 6.07832 11.8368 8.62632 8.59822 12.4559 11.2288 7.2461 5.66226 5.49813 5.49399 5.12519 6.36275 19.8315 11.6593 19.0166 10.597 8.66274 6.45492 6.07794 7.5462 6.52411 9.1013 12.0091 7.63794 6.77662 6.48731 15.8891 27.2882
threshold=4.1892857142857158 0.9989598388634241 -0.99628250747696534 1.3800000000000001 -0.97874870457683594 0.16500000000000004 0.15951094710994371 74.500000000000014 1.0000000180025095e-35 30.550000000000004 0.99939377080793557 -0.49499999999999994 -0.99763297024448894 -0.99275805973510278 -0.43999999999999995 -0.58499999999999985 0.063390085881955341 120.50000000000001 550.10000000000014 -0.10837475778693638 147.50000000000003 12.350000000000003 -0.43999999999999995 -0.97876850416056738 -0.14250536273956091 11.056428571428574 22.985000000000003 -0.089999999999999983 -0.93543596745397617 -0.25205528343633254
decision_type=2 2 2 10 2 10 2 2 2 2 2 8 2 2 10 10 2 2 10 2 2 2 8 2 2 2 2 10 2 2
left_child=11 2 3 -2 5 6 -4 -8 -6 -7 12 -1 -10 14 15 16 17 -14 -16 -20 -15 22 -22 24 25 -24 -26 28 29 -25
right_child=1 -3 4 -5 8 9 7 -9 10 -11 -12 -13 13 20 18 -17 -18 -19 19 -21 21 -23 23 27 26 -27 -28 -29 -30 -31
leaf_value=-0.0059792061423080091 -0.0044076622643355644 -0.0040657341650926875 0.0020385898687420171 0.0017198096795027337 0.0018914448135271341 -1.4487171028179902e-05 0.021492263912724654 0.0059947850144712565 -0.0033797267004740043 0.0067321348029580792 -0.003634620597945839 -0.0014573297908750257 0.011656502741828906 -0.00085605634654702806 -0.0047385698791684427 0.010283963918423586 -0.0093672771760893343 0.0039522346910939787 0.027059066120624361 0.0043203170434318421 -0.001344384120358003 0.0011692600778103891 0.009741048856158405 0.012791383958819442 -0.0066121383922435606 0.0059412500095423412 0.0084802603651356889 -0.00054310271203977486 0.00067401765832911698 -0.0062091828739699682
leaf_weight=4036 5876 3916 3504 1836 12623 6493 51 539 5720 138 3035 6310 152 90996 2355 570 485 387 81 347 24187 29464 501 457 592 395 317 58331 26269 305
leaf_count=4036 5876 3916 3504 1836 12623 6493 51 539 5720 138 3035 6310 152 90996 2355 570 485 387 81 347 24187 29464 501 457 592 395 317 58331 26269 305
internal_value=-0.000203227 -0.000150615 -0.000121484 -0.00150545 -8.17026e-05 0.00130769 0.00310943 0.00983051 -0.000139556 0.000195294 -0.00019976 -0.00162672 -0.000173226 -0.000137411 0.0017512 0.00619824 0.00300781 0.00947124 -0.000795905 0.00574766 -0.000173071 3.27361e-05 -0.000155541 4.60598e-05 0.00355956 0.00766741 -0.00048955 -2.82339e-05 0.000612074 0.00772966
internal_weight=290268 279922 276006 7712 268294 10725 4094 590 257569 6631 244946 10346 241911 236191 4377 1594 1024 539 2783 428 231814 140818 111354 87167 1805 896 909 85362 27031 762
internal_count=290268 279922 276006 7712 268294 10725 4094 590 257569 6631 244946 10346 241911 236191 4377 1594 1024 539 2783 428 231814 140818 111354 87167 1805 896 909 85362 27031 762
is_linear=0
shrinkage=0.05


Tree=86
num_leaves=31
num_cat=0
split_feature=24 22 24 22 23 22 9 23 22 24 22 0 3 22 22 22 4 23 0 0 9 22 23 22 21 24 0 9 22 24
split_gain=8.57754 8.14647 7.64708 8.15618 8.34544 11.617 11.2076 10.1313 9.7836 10.1939 14.85 14.6204 9.16007 8.79081 8.04567 7.54209 7.45494 7.32888 10.0699 6.36785 7.09967 14.3141 14.3793 16.0583 14.0267 9.04716 7.42864 6.68319 6.57691 6.06642
threshold=-0.77999999999999992 -0.62588817255938378 1.9550000000000003 -0.082689790342551819 -0.91595872546125101 -0.28519255817492867 695.77572631835949 -0.89404254237865755 -0.20180236284700911 0.05000000000000001 -0.25205528343633254 6.3750000000000009 7.2716666666666674 -0.33425342068356556 0.022575936829235418 -0.091260668982868151 5.1550000000000011 -0.39036009226888674 8.5750000000000011 3.2350000000000008 744.82418823242199 0.21022171450811275 0.86869874770991873 0.55656748448714433 127.50000000000001 -0.49499999999999994 4.2950000000000008 998.87963867187511 0.49812943072827093 -0.24999999999999997
decision_type=8 2 10 2 2 2 2 2 2 10 2 2 2 2 2 2 2 2 2 2 2 2 2 2 8 10 2 2 2 10
left_child=1 17 3 4 5 6 12 -6 9 10 11 -7 13 -2 -5 -9 -10 18 -1 -16 25 27 23 24 26 -21 -23 -22 -28 -25
right_child=2 -3 -4 14 7 8 -8 15 16 -11 -12 -13 -14 -15 19 -17 -18 -19 -20 20 21 22 -24 29 -26 -27 28 -29 -30 -31
leaf_value=0.0014450111044019016 0.012546632765374592 -0.009501366094351385 -0.0024752482507092934 -0.0027248662656737155 -0.0068369709637006205 0.012841822909617176 -0.0030746324274125571 0.00023768937168305865 0.011366289646131646 -0.005844477596871814 -0.0045702231110734647 0.0074262311989257562 0.0052096001232489475 0.0017530641615546927 -0.0039701979001103135 0.0072378702366029174 0.0017277569551437855 -0.0016154703388997216 0.036671393622459005 -0.004765047192432737 -0.00075747898470183864 0.00091145024772031199 -0.0040209884203127122 -0.0095875942389982444 -0.00015131342037068746 -0.00033085744712880663 0.0018557143335202746 0.0050635303773961171 0.010748411162303743 0.0015746311882849579
leaf_weight=143 395 1782 12078 8712 2376 67 800 92070 60 2970 594 329 4128 221 4910 594 5484 14850 55 3658 402 195 3633 788 470 120613 120 1289 486 5996
leaf_count=143 395 1782 12078 8712 2376 67 800 92070 60 2970 594 329 4128 221 4910 594 5484 14850 55 3658 402 195 3633 788 470 120613 120 1289 486 5996
internal_value=-0.00020271 -0.00129828 -0.000135279 -7.84371e-05 0.000248981 0.00134303 0.00316198 7.57564e-05 0.000281985 -0.00161616 0.00277778 0.0102778 0.00408516 0.00977273 -0.000316715 0.000158421 0.00163781 -0.000919725 0.00863636 -0.000226572 -0.000163459 0.000930935 0.000308863 0.00148665 0.00664437 -0.000281282 0.0106679 0.00523063 0.0133993 0.000520341
internal_weight=290268 16830 273438 261360 110088 15048 5544 95040 9504 3960 990 396 4744 616 151272 92664 5544 15048 198 142560 137650 13379 11688 8055 1271 124271 801 1691 606 6784
internal_count=290268 16830 273438 261360 110088 15048 5544 95040 9504 3960 990 396 4744 616 151272 92664 5544 15048 198 142560 137650 13379 11688 8055 1271 124271 801 1691 606 6784
is_linear=0
shrinkage=0.05


Tree=87
num_leaves=31
num_cat=0
split_feature=14 15 17 23 22 4 23 2 17 2 5 23 14 9 22 22 23 21 9 23 22 22 21 22 22 2 1 22 16 13
split_gain=8.62793 10.0716 7.29062 5.96626 4.72986 4.60863 5.14014 4.50461 4.4736 4.34241 4.32375 3.77682 3.72542 5.28933 3.63865 5.89933 3.31609 3.26839 3.24707 5.60394 5.1232 17.1181 4.78087 4.61799 4.34014 3.53186 3.68182 3.43173 3.58181 3.274
threshold=27.550000000000004 75.500000000000014 157.50000000000003 0.9989598388634241 0.99939377080793557 134.03500000000003 -0.40613878790836594 1.0950000000000009 270.50000000000006 1.6800000000000002 9.7207142857142887 -0.27694043983797384 23.650000000000002 92.283111572265639 -0.85227431625818906 -0.82415615971448097 1.0000000180025095e-35 12.500000000000002 434.05938720703131 -0.056951011027366626 0.9193901325473397 0.92922379131507438 12.500000000000002 -0.082689790342551819 -0.83377653105606597 1.1800000000000006 5.955000000000001 -0.75015329512557205 4.2500000000000009 19.350000000000005
decision_type=2 2 2 2 2 2 2 2 2 2 2 2 2 2 2 2 2 8 2 2 2 2 8 2 2 2 2 2 2 2
left_child=1 2 -1 4 5 7 14 -2 12 11 18 -8 13 -4 -7 -16 -12 -10 19 22 29 -22 -3 24 -24 -23 -27 -26 -29 -20
right_child=3 10 8 -5 -6 6 9 -9 17 -11 16 -13 -14 -15 15 -17 -18 -19 20 -21 21 25 23 -25 27 26 -28 28 -30 -31
leaf_value=-0.0052396447240068613 -0.00035199367360932749 0.0040265687569879466 0.0093768196594467557 -0.0036087557916772957 -0.0032249474678390194 -0.0032428545558971958 0.020870843245166366 0.00038526327459152096 -0.00056894408472451293 0.0035496148776051938 4.3038778792084523e-05 0.0051575481185078056 -0.00076347162618404033 0.0016572195341529553 0.018497945441600563 0.0017908218856537658 0.0040395462723793246 -0.0046856906779186641 0.0014394213543969586 -0.003780631407978029 0.012059084763146075 -0.00054868218695322828 -0.0031185621925110592 -0.0034995355036563577 0.007874363850923537 0.01295139008366156 -0.00013636964687227925 0.010697544854900999 0.0018102451063875978 -0.0022293582870538506
leaf_weight=8732 153434 1166 103 3607 2640 660 210 84631 2446 186 2534 87 7659 923 118 526 2321 4196 3261 4319 70 488 492 2227 142 110 90 53 644 2193
leaf_count=8732 153434 1166 103 3607 2640 660 210 84631 2446 186 2534 87 7659 923 118 526 2321 4196 3261 4319 70 488 492 2227 142 110 90 53 644 2193
internal_value=-0.000199782 -0.00084324 -0.00153352 -8.42965e-05 -5.4271e-05 -3.11037e-05 0.0024986 -5.00926e-05 -0.000876559 0.00690476 -1.74055e-05 0.0106566 -0.000129535 0.0026998 0.000866563 0.00354037 0.00128218 -0.00185336 -0.000431007 -0.00103561 0.00044913 0.00430079 0.000154529 -0.000756044 0.001574 0.00190407 0.0075 0.00376043 0.00231707 -8.61765e-05
internal_weight=290268 44169 24059 246099 242492 239852 1787 238065 15327 483 20110 297 8685 1026 1304 644 4855 6642 15255 9043 6212 758 4724 3558 1331 688 200 839 697 5454
internal_count=290268 44169 24059 246099 242492 239852 1787 238065 15327 483 20110 297 8685 1026 1304 644 4855 6642 15255 9043 6212 758 4724 3558 1331 688 200 839 697 5454
is_linear=0
shrinkage=0.05


Tree=88
num_leaves=31
num_cat=0
split_feature=0 24 24 23 0 23 24 23 13 24 13 23 22 23 22 22 23 5 21 22 22 20 20 24 23 22 24 22 19 22
split_gain=7.87654 6.99019 6.62163 6.75034 9.9944 6.6626 9.59757 5.70016 7.47403 12.291 14.3172 9.27627 6.66666 16.4011 13.4124 14.9022 10.0448 8.41918 7.85564 6.37076 22.5553 10.0335 9.29815 9.05954 15.8505 12.6872 16.9644 14.3578 22.5804 13.5507
threshold=3.6650000000000005 1.9550000000000003 -0.65999999999999981 -0.39036009226888674 8.8350000000000026 -0.99628250747696534 1.3800000000000001 -0.97874870457683594 4.1500000000000012 1.7100000000000002 11.450000000000001 -0.99273797715557011 -0.29343379936893921 -0.91595872546125101 -0.159513159777915 -0.05695216311707673 -0.89404254237865755 7.3507142857142878 16.900000000000002 0.49812943072827093 0.61237135649459018 322.60000000000008 235.70000000000002 -0.24999999999999997 0.50370931781787065 0.79904096188274243 -0.22499999999999995 0.67802080537253961 7.245000000000001 0.84313847884979054
decision_type=2 10 8 2 2 2 10 2 2 10 2 2 2 2 2 2 2 2 10 2 2 10 8 10 2 2 10 2 2 2
left_child=-1 2 3 4 -2 6 -4 8 -7 11 -11 -10 13 18 -14 17 -15 -16 -9 -17 22 -22 -21 -23 -25 27 -27 28 -26 -28
right_child=1 -3 5 -5 -6 7 -8 12 9 10 -12 -13 14 16 15 19 -18 -19 -20 20 21 23 -24 24 25 26 29 -29 -30 -31
leaf_value=-0.002197221875375111 0.001435762527784685 -0.0023883747035322333 -0.0040590812487600681 -0.0015673544893145136 0.035223198923049676 7.853663717792374e-05 0.0015796240961135515 0.0072656644769907332 -0.0015788746510758949 0.0070956996103274583 0.014621886489262352 0.0039185226457078637 -0.0042956490198150328 -0.0064252395246702015 0.0010379176900552995 -0.0011552404039468997 0.00048353142026095564 0.0074093671689274736 0.0022885025362834113 0.0039133960617530076 -0.0010241561556282534 -0.0042011593994012051 0.0017397932840761668 0.00036663521934300852 0.01074687763990086 -0.00055572923060150602 0.01107691986085663 -0.002373497736585327 0.0029561173595012472 0.0041548881316920408
leaf_weight=15629 139 11043 5705 19665 51 6258 1846 2000 1299 120 53 2930 6855 2356 1041 36769 80308 1208 3443 2184 56997 2044 9809 16813 260 411 472 1412 826 322
leaf_count=15629 139 11043 5705 19665 51 6258 1846 2000 1299 120 53 2930 6855 2356 1041 36769 80308 1208 3443 2184 56997 2044 9809 16813 260 411 472 1412 826 322
internal_value=-0.000193925 -0.000131792 -8.01617e-05 -0.000958198 0.00842105 -8.63741e-06 -0.00147067 3.81037e-05 0.00116792 0.00274648 0.0158092 0.00221211 -1.52985e-05 0.000324207 -0.000232968 -0.000119786 0.000149157 0.00391507 0.00298273 -0.000190503 3.27678e-05 -0.000271945 0.00205411 0.000620566 0.000936829 0.00389819 0.00811203 0.00186549 0.00618784 0.0123804
internal_weight=290268 274639 263596 19855 190 243741 7551 236190 10660 4402 173 4229 225530 88107 137423 130568 82664 2249 5443 128319 91550 79557 11993 22560 20516 3703 1205 2498 1086 794
internal_count=290268 274639 263596 19855 190 243741 7551 236190 10660 4402 173 4229 225530 88107 137423 130568 82664 2249 5443 128319 91550 79557 11993 22560 20516 3703 1205 2498 1086 794
is_linear=0
shrinkage=0.05


Tree=89
num_leaves=31
num_cat=0
split_feature=4 24 24 24 22 22 22 18 22 15 23 24 23 22 20 13 24 24 13 13 22 22 24 15 24 23 2 22 24 24
split_gain=7.68319 7.08182 7.97909 6.31055 19.4126 6.19334 6.0619 5.3488 5.25029 5.90636 4.8439 10.353 5.2092 7.88601 8.30127 5.41331 7.57174 5.37321 4.99785 5.42438 4.69377 8.70401 13.4496 6.65446 6.40257 14.0369 7.60922 11.8856 6.36124 4.36987
threshold=7.0850000000000009 -0.49499999999999994 -0.089999999999999983 -0.27499999999999997 0.63920241694561786 0.49812943072827093 -0.97509794945709805 4.3250000000000011 0.67802080537253961 66.500000000000014 -0.99628250747696534 1.3800000000000001 -0.97507822412530132 0.12545942051955489 294.90000000000003 0.25000000000000006 -0.58499999999999985 1.4950000000000003 19.550000000000004 1.7500000000000002 -0.99630266176052629 -0.99275805973510278 -0.43999999999999995 52.500000000000007 -0.58499999999999985 0.080547328232315238 0.26999999999999985 -0.99467753128998015 1.4950000000000003 -0.089999999999999983
decision_type=2 8 10 8 2 2 2 2 2 2 2 10 2 2 8 2 8 10 2 2 2 2 10 2 10 2 2 2 10 10
left_child=1 5 3 6 -5 -1 -3 -7 -6 -10 11 -2 13 -12 18 16 -14 -18 19 -15 -17 22 24 28 25 26 27 -22 -24 -23
right_child=10 2 -4 4 8 7 -8 -9 9 -11 12 -13 15 14 -16 20 17 -19 -20 -21 21 29 23 -25 -26 -27 -28 -29 -30 -31
leaf_value=-0.0045784780737521385 -0.003775812245962417 0.011701447698610683 -0.0017583048453878832 0.0010870067710091243 0.010549824137083601 -0.0012424768513262453 3.7509123513069418e-05 0.0052352223137796432 0.01436364410116346 0.0026580287400881203 -3.6215785746150455e-05 0.0016948193014671047 -0.0052711626963656277 0.00022824359522631172 0.0010364182770130667 -0.0032509219482971217 0.0010436762854701687 0.0065402425003638414 -0.00055633322688726245 0.0073320702814677497 0.0081263471592515051 0.00011682315681605244 -0.0063594200108150816 -0.0024131338630556404 0.010721286976712818 -0.010376421746391879 0.0023360969500537889 0.0034902986925472567 0.020417385389339293 -0.00063214038591520019
leaf_weight=8595 5694 55 15122 763 76 70 2808 69 95 85 7266 1770 1148 221 2974 6561 17236 2654 249 919 67 92776 116 1431 349 267 154 86 189 120403
leaf_count=8595 5694 55 15122 763 76 70 2808 69 95 85 7266 1770 1148 221 2974 6561 17236 2654 249 919 67 92776 116 1431 349 267 154 86 189 120403
internal_value=-0.000190653 -0.000982047 -0.000440435 0.00158166 0.00496074 -0.00216052 0.000378972 0.00830935 0.016875 0.0122222 -0.000107037 -0.00136254 -7.02967e-05 0.000963538 0.00264382 -0.000119683 0.000646923 0.00087481 0.00583513 0.00723684 -0.000192201 -0.000152152 0.00269086 9.79251e-05 0.00756771 0.00432056 0.0116124 0.0195098 0.00680328 -0.000187613
internal_weight=290268 27738 19004 3882 1019 8734 2863 139 256 180 262530 7464 255066 11629 4363 243437 21038 19890 1389 1140 222399 215838 2659 1736 923 574 307 153 305 213179
internal_count=290268 27738 19004 3882 1019 8734 2863 139 256 180 262530 7464 255066 11629 4363 243437 21038 19890 1389 1140 222399 215838 2659 1736 923 574 307 153 305 213179
is_linear=0
shrinkage=0.05


Tree=90
num_leaves=31
num_cat=0
split_feature=14 15 17 23 17 22 8 12 5 15 23 23 22 23 15 22 2 1 5 9 20 22 9 17 5 17 20 23 22 19
split_gain=7.87746 9.01839 6.67945 4.91772 4.37772 4.0958 4.02846 3.88881 3.68087 3.56971 6.23393 5.67307 11.3897 10.7867 7.04826 5.93057 5.89493 5.54822 8.96698 5.72737 5.3477 12.3802 15.2222 6.65319 5.12633 4.8392 4.60701 4.2365 17.6752 5.27353
threshold=27.550000000000004 75.500000000000014 165.50000000000003 0.9989598388634241 270.50000000000006 0.99939377080793557 55.500000000000007 5.5000000000000009 9.7207142857142887 64.500000000000014 0.60383265664488517 0.89691351184655443 -0.37447345805034543 0.86439018870140905 71.500000000000014 0.19337368024598436 -1.0799999999999992 4.8150000000000004 8.4964285714285754 216.40606689453128 604.50000000000011 0.30983042691905771 462.67344665527349 283.50000000000006 52.487142857142864 147.50000000000003 205.90000000000003 0.53312596302726967 0.82899317702918729 15.605000000000002
decision_type=2 2 2 2 2 2 2 2 2 2 2 2 2 2 2 2 2 2 2 2 8 2 2 2 2 2 10 2 2 2
left_child=1 2 -1 5 -4 6 9 -8 -3 10 25 13 14 24 -13 16 -14 -16 -19 -20 -17 -22 -23 -24 -11 -2 -18 -27 -29 -30
right_child=3 8 4 -5 -6 -7 7 -9 -10 11 -12 12 15 -15 17 20 26 18 19 -21 21 22 23 -25 -26 27 -28 28 29 -31
leaf_value=-0.0047751146458159801 -0.00074696346470224143 -0.00057327710813276627 -1.4545302429574831e-06 -0.0033659771106723359 -0.0027613919235436745 -0.0030486675692820808 0.019223209197666208 -0.0017175923522963759 0.001764301628962889 0.00011861558884277348 -0.0013735008729712735 0.0025261537390312994 -0.00050899111188026426 -0.0057030484717094246 0.010724736971259818 -0.003596118390107159 -0.00037765560339793217 0.0018173531232599353 0.00013931268404630752 0.011319475458251281 -0.0039787031547732377 0.002500615104018319 0.0040665767913218524 0.010013680767438254 0.011680852772011072 0.00039277883848835539 0.0029740429634994383 0.00092104468570480759 0.009517939656440752 0.012995180448841874
leaf_weight=9356 38646 15255 8061 3607 6642 2640 320 232 4855 102585 27712 990 4137 3180 150 3402 1604 309 55 157 898 532 83 86 338 46440 6255 1397 281 63
leaf_count=9356 38646 15255 8061 3607 6642 2640 320 232 4855 102585 27712 990 4137 3180 150 3402 1604 309 55 157 898 532 83 86 338 46440 6255 1397 281 63
internal_value=-0.000186518 -0.000801355 -0.00145455 -7.61697e-05 -0.000789976 -4.891e-05 -2.73514e-05 0.00423913 -1.98918e-05 -3.7193e-05 -0.000238741 0.000147841 0.000951869 6.4548e-06 0.00490367 0.000565687 0.00116872 0.00885991 0.00642034 0.0143396 -0.000880825 0.00150406 0.00648359 0.0195562 9.50699e-05 -3.03489e-05 0.0019729 0.000303957 0.00272544 0.0128779
internal_weight=290268 44169 24059 246099 14703 242492 239852 552 20110 239300 114539 124761 18658 106103 1661 16997 11996 671 521 212 5001 1599 701 169 102923 86827 7859 48181 1741 344
internal_count=290268 44169 24059 246099 14703 242492 239852 552 20110 239300 114539 124761 18658 106103 1661 16997 11996 671 521 212 5001 1599 701 169 102923 86827 7859 48181 1741 344
is_linear=0
shrinkage=0.05


Tree=91
num_leaves=31
num_cat=0
split_feature=24 22 23 9 5 1 24 22 22 22 22 22 0 5 23 24 23 13 24 0 23 22 23 24 22 22 20 22 20 5
split_gain=7.11725 8.60015 6.66242 7.47318 6.18198 5.95647 5.94975 6.84922 23.8384 7.14189 6.76609 20.7778 8.97446 8.70975 6.21385 7.78199 6.21994 6.84535 19.9626 17.1402 6.97201 6.55232 10.7335 17.458 30.2896 28.284 12.3414 10.6577 10.1523 10.0048
threshold=-0.77999999999999992 -0.62588817255938378 -0.3744658827978154 65.907573699951186 4.33357142857143 8.8550000000000022 1.9550000000000003 -0.34235669412071207 -0.159513159777915 -0.2102246306142678 -0.65234524191686594 -0.69057362043749781 7.4450000000000012 5.3335714285714309 -0.99628250747696534 1.3800000000000001 -0.97874870457683594 4.1500000000000012 1.7100000000000002 6.6550000000000011 -0.99273797715557011 -0.26037633224328088 -0.91595872546125101 -0.089999999999999983 -0.33425342068356556 -0.33425342068356556 207.80000000000004 -0.17647087149565668 325.7000000000001 18.457142857142859
decision_type=8 2 2 2 2 2 10 2 2 2 2 2 2 2 2 10 2 2 10 2 2 2 2 8 2 2 10 2 10 2
left_child=1 2 3 5 -4 -1 14 10 9 -9 11 -8 13 -13 15 -2 17 -16 20 -20 -19 22 23 24 -18 28 -26 -23 -25 -27
right_child=6 -3 4 -5 -6 -7 7 8 -10 -11 -12 12 -14 -15 16 -17 21 18 19 -21 -22 27 -24 25 26 29 -28 -29 -30 -31
leaf_value=0.003571093892618447 -0.0037222026660948156 -0.0087939907647298868 -0.0079244797943082406 0.0013390175235158818 -0.00074836964588129943 0.033450267039614241 -0.0043583264149359034 0.0027430764179697162 -0.0077197719028216432 0.0086525185068253348 -0.0057924523057630174 0.0039324001608214169 -0.0011561034005925332 0.010478436391572176 6.5535661014960069e-05 0.0013103608331576492 -0.0021303487486890719 -0.0012222561640739442 0.018224102859637378 0.0068106666805812224 0.0032110554051843565 -0.003697465690542294 0.00017873095159881637 0.0084035261326600823 0.012065114178435645 -0.0064796313177125642 0.010739469901860687 -0.00033757681095329239 0.0042485527644348297 0.016845417695301925
leaf_weight=53 5940 1782 2299 292 12353 51 3168 1584 1980 594 4158 149 178 267 6350 1980 792 1425 54 139 3120 5346 88506 708 51 2808 939 141372 1668 162
leaf_count=53 5940 1782 2299 292 12353 51 3168 1584 1980 594 4158 149 178 267 6350 1980 792 1425 54 139 3120 5346 88506 708 51 2808 939 141372 1668 162
internal_value=-0.000184451 -0.00118241 -0.000793462 0.00560606 -0.000966422 0.0171154 -0.000123027 -0.00120798 0.000435304 0.00404499 -0.00207071 -0.000534291 0.00804714 0.0120673 -7.28892e-05 -0.00145202 -2.97913e-05 0.00112825 0.00256648 0.0183161 0.00189769 -8.27734e-05 0.000239244 0.00210578 0.00639169 0.000677141 0.0122222 -0.000292671 0.00474326 -0.00257576
internal_weight=290268 16830 15048 396 14652 104 273438 12078 4158 2178 7920 3762 594 416 261360 7920 253440 11088 4738 193 4545 242352 95634 7128 1782 5346 990 146718 2376 2970
internal_count=290268 16830 15048 396 14652 104 273438 12078 4158 2178 7920 3762 594 416 261360 7920 253440 11088 4738 193 4545 242352 95634 7128 1782 5346 990 146718 2376 2970
is_linear=0
shrinkage=0.05


Tree=92
num_leaves=31
num_cat=0
split_feature=5 23 1 0 23 24 23 13 24 13 23 22 13 9 22 22 24 2 22 13 22 24 24 23 22 2 22 23 22 24
split_gain=6.85102 4.9445 4.73419 4.92184 4.59028 7.55587 5.17758 6.78257 8.18639 12.7938 5.91045 5.3774 5.16853 5.90119 5.73785 9.60847 12.6883 9.79561 9.46798 6.20301 5.14383 4.71368 11.4082 25.1853 21.9212 13.9907 9.96234 8.29655 7.86489 17.4581
threshold=4.0078571428571452 0.9989598388634241 1.9350000000000003 3.3350000000000004 -0.99628250747696534 1.3800000000000001 -0.97507822412530132 4.1500000000000012 1.7100000000000002 8.3500000000000032 -0.99273797715557011 -0.20180236284700911 1.0000000180025095e-35 583.67306518554699 -0.99630266176052629 -0.99275805973510278 -0.95499999999999985 0.029999999999999586 -0.99467753128998015 3.6500000000000008 0.21022171450811275 -0.49499999999999994 -0.089999999999999983 -0.94137724084408114 -0.25205528343633254 0.054999999999997946 -0.97876850416056738 -0.15950993297387572 0.82899317702918729 -0.22499999999999995
decision_type=2 2 2 2 2 10 2 2 10 2 2 2 2 2 2 2 10 2 2 2 2 8 10 2 2 2 2 2 2 10
left_child=-1 2 -2 -4 5 -5 7 20 10 -10 -9 -12 -8 14 -14 16 17 18 -16 -18 -6 -17 23 24 25 -23 27 -24 -25 -30
right_child=1 -3 3 4 6 -7 12 8 9 -11 11 -13 13 -15 15 21 19 -19 -20 -21 -22 22 26 28 -26 -27 -28 -29 29 -31
leaf_value=-0.0031331614045540788 0.0044429194178739655 -0.0033594561831786895 -0.002511712719135693 -0.0034462462429962165 -0.00027920521824830331 0.0013828289300872442 0.0017414684268427906 -0.00119276885536341 0.0020509139419259653 0.014964021298987933 -0.0058701283269989891 0.0035932927850164326 -0.003717546665518311 0.0007578219880201235 0.0084067037996064086 -0.0012122899247797223 0.0063794941549372335 0.0026862906672131758 0.0034340287125802951 -0.0012957254903750901 0.0068977300633873946 0.012934179853218656 0.0089845036539839621 0.00041127918473758825 -0.0033164401258543698 0.0064668892287337524 -0.00077613368550667262 0.0016623358282916473 -0.00065778566110859986 0.0088231971375209405
leaf_weight=8010 601 3973 6914 5763 6682 1802 12532 1303 108 60 300 3535 6499 26357 77 30349 1153 210 80 1378 113 335 566 50673 378 392 117659 1124 851 491
leaf_count=8010 601 3973 6914 5763 6682 1802 12532 1303 108 60 300 3535 6499 26357 77 30349 1153 210 80 1378 113 335 566 50673 378 392 117659 1124 851 491
internal_value=-0.000181006 -0.000140086 -0.000115081 -0.000124675 -9.10379e-05 -0.00130535 -5.61361e-05 0.000954052 0.00229363 0.0131548 0.0019385 0.00292699 -0.000104818 -0.000156809 -0.000244447 -0.000198236 0.00266045 0.0113488 0.0207962 0.00140063 -9.19806e-05 -0.000239083 -0.000137968 0.000471573 0.00794118 0.0130193 -0.000409263 0.00340237 0.000312889 0.00409091
internal_weight=290268 282258 278285 277684 270770 7565 263205 12101 5306 168 5138 3835 251104 238572 212215 205716 2898 367 157 2531 6795 202818 172469 53120 1105 727 119349 1690 52015 1342
internal_count=290268 282258 278285 277684 270770 7565 263205 12101 5306 168 5138 3835 251104 238572 212215 205716 2898 367 157 2531 6795 202818 172469 53120 1105 727 119349 1690 52015 1342
is_linear=0
shrinkage=0.05


Tree=93
num_leaves=31
num_cat=0
split_feature=14 15 17 24 23 11 13 9 15 14 5 23 23 23 9 2 23 19 5 24 1 19 23 23 17 24 23 23 24 24
split_gain=7.18279 8.85073 5.72852 4.65196 4.15567 3.95251 3.81624 4.66998 3.73209 5.2668 5.00444 4.51294 9.98049 5.06911 30.3894 4.25989 5.52511 6.82984 4.25013 4.20472 5.55556 5.35123 4.11675 9.99089 14.7521 5.83623 6.90975 11.3445 5.61367 4.77815
threshold=27.550000000000004 75.500000000000014 165.50000000000003 -0.58499999999999985 0.99958851518450398 17.904999732971195 1.0000000180025095e-35 143.74427795410159 64.500000000000014 30.050000000000004 52.487142857142864 0.89691351184655443 0.86439018870140905 0.90070004940655357 998.87963867187511 -1.1999999999999937 0.99855310097228334 7.1650000000000009 12.183571428571431 -0.60499999999999987 6.5950000000000006 5.1350000000000007 0.56191161272202661 0.5475998096715059 238.50000000000003 1.4950000000000003 -0.85225707553516283 -0.80417042486635371 1.3150000000000002 -0.34499999999999992
decision_type=2 2 2 8 2 2 2 2 2 2 2 2 2 2 2 2 2 2 2 10 2 2 2 2 2 10 2 2 10 10
left_child=1 2 -1 -4 5 8 7 -5 9 -2 11 12 -10 14 -13 16 -15 -18 -14 21 -21 -17 23 25 -25 26 -11 28 -28 -26
right_child=4 -3 3 6 -6 -7 -8 -9 10 22 -12 13 18 15 -16 19 17 -19 -20 20 -22 -23 -24 24 29 -27 27 -29 -30 -31
leaf_value=-0.0044937964404238341 -0.0017982407226658831 1.9081516067394062e-05 -0.0049869095835016163 -0.0018516983845947819 -0.0037579147227321365 0.0033375098495015323 -0.00073558236209514925 0.0094639950169565657 6.8631777413090148e-05 -0.0016889997424149672 0.011509834116191388 -0.0032028452719270644 -0.0066998934746373938 -0.0012583834908524078 0.014236527867851437 0.006446986171639653 -0.00085294153571346422 0.011523041671191496 0.0027811619376714295 -0.00016926843464095507 0.0021974504761862776 0.0025777600340815515 -0.0009714808556615383 -0.013339483636270036 0.019921954891100803 0.0022109333650088439 0.0065343235770918967 -0.00013066676378360495 -0.006046172207879395 0.010133526019410158
leaf_weight=9356 17577 20110 2615 79 2216 5694 11918 91 103540 14220 298 329 2780 5602 125 494 123 108 398 6101 5639 850 24909 137 63 10257 2250 41787 454 148
leaf_count=9356 17577 20110 2615 79 2216 5694 11918 91 103540 14220 298 329 2780 5602 125 494 123 108 398 6101 5639 850 24909 137 63 10257 2250 41787 454 148
internal_value=-0.000174633 -0.000761735 -0.00140883 -0.000793377 -6.92619e-05 -4.96767e-05 -0.000379717 0.00705882 -8.07984e-05 -0.00029123 0.00010535 9.00542e-05 -3.73894e-05 0.000792162 0.00601321 0.000666859 -0.000456884 0.00712121 -0.00279736 0.00116784 0.000864564 0.00381696 -0.00014301 5.51087e-05 0.00850575 1.24684e-05 -0.00017978 0.000126878 0.00326553 0.0168009
internal_weight=290268 44169 24059 14703 246099 243883 12088 170 238189 111802 126387 126089 106718 19371 454 18917 5833 231 3178 13084 11740 1344 94225 69316 348 68968 58711 44491 2704 211
internal_count=290268 44169 24059 14703 246099 243883 12088 170 238189 111802 126387 126089 106718 19371 454 18917 5833 231 3178 13084 11740 1344 94225 69316 348 68968 58711 44491 2704 211
is_linear=0
shrinkage=0.05


Tree=94
num_leaves=31
num_cat=0
split_feature=24 22 24 22 22 22 22 0 14 14 22 0 19 5 3 22 22 9 22 24 9 24 22 9 20 22 24 22 4 15
split_gain=6.95062 8.30199 6.15329 6.16198 20.4313 6.36585 18.6471 7.5358 8.1476 6.09633 6.06958 5.5094 5.42399 5.40776 5.93303 5.20275 7.82257 9.46953 24.3844 16.4502 7.62362 8.02308 20.4228 9.75617 7.54448 10.8304 8.34192 7.52612 7.34281 5.31904
threshold=-0.77999999999999992 -0.62588817255938378 1.9550000000000003 -0.35846811432664222 -0.159513159777915 -0.65234524191686594 -0.69057362043749781 7.4450000000000012 30.950000000000003 28.750000000000004 -0.2102246306142678 4.705000000000001 12.565000000000003 7.8571428571428585 9.4883333333333351 -0.29343379936893921 -0.40614700388750385 569.42919921875011 -0.43733984355855576 -0.42499999999999993 695.77572631835949 -0.42499999999999993 -0.37447345805034543 452.44052124023443 395.30000000000001 -0.36647417525074694 1.0350000000000004 -0.48314718476766422 16.505000000000006 68.500000000000014
decision_type=8 2 10 2 2 2 2 2 2 2 2 2 2 2 2 2 2 2 2 10 2 10 2 2 10 2 10 2 2 2
left_child=1 9 15 5 10 6 -4 8 -8 -1 -5 -10 13 -12 -15 16 17 27 -19 -20 21 22 23 -18 25 26 -23 -2 -26 -28
right_child=2 -3 3 4 -6 -7 7 -9 11 -11 12 -13 -14 14 -16 -17 20 18 19 -21 -22 24 -24 -25 28 -27 29 -29 -30 -31
leaf_value=-0.003539499981317246 0.00018581538229835821 -0.0082626390905192557 -0.0040486785940839487 0.0020866855155006791 -0.0072334912851916879 -0.0059990327132653188 0.0055390970186025646 -0.0010629231351582326 0.015040829884326118 -6.5980683822055989e-05 0.0064539293181461845 0.0069517996079686596 -0.00081898695248612931 0.013664067927403687 0.0052809006920286894 -0.00033196984769797214 0.0052599717123650407 0.001599019558744853 -0.0020913642603164477 0.013003794942663889 -0.0017796823911707096 -0.0058089556079589742 -0.0046161758287243939 0.013952779571287533 -0.0014489563961653663 0.0066950886112674309 0.0092395837880258208 -0.0031683062363516896 0.0097081613777432445 0.01126938085071442
leaf_weight=5219 72119 1782 3168 1782 1980 3960 222 178 76 9829 281 118 115 84 114 168498 487 4349 98 253 1507 733 1930 96 1588 2278 287 6341 732 64
leaf_count=5219 72119 1782 3168 1782 1980 3960 222 178 76 9829 281 118 115 84 114 168498 487 4349 98 253 1507 733 1930 96 1588 2278 287 6341 732 64
internal_value=-0.000169465 -0.00115568 -0.000108764 -0.00121212 0.000291551 -0.00206035 -0.000587455 0.00754209 0.011226 -0.000773526 0.00341751 0.0187113 0.00779461 0.0101357 0.0164646 -5.77759e-05 0.000242725 8.59776e-05 0.00226596 0.014943 0.00158627 0.00218731 -0.000165142 0.00803602 0.00322774 0.00474122 0.000627305 -4.46099e-05 0.00103448 0.00696581
internal_weight=290268 16830 273438 12078 4356 7722 3762 594 416 15048 2376 194 594 479 198 261360 92862 83160 4700 351 9702 8195 2513 583 5682 3362 1084 78460 2320 351
internal_count=290268 16830 273438 12078 4356 7722 3762 594 416 15048 2376 194 594 479 198 261360 92862 83160 4700 351 9702 8195 2513 583 5682 3362 1084 78460 2320 351
is_linear=0
shrinkage=0.05


Tree=95
num_leaves=31
num_cat=0
split_feature=14 15 17 17 23 22 20 22 15 8 15 23 22 22 22 5 23 23 20 22 23 14 9 17 22 22 22 20 9 18
split_gain=6.89607 8.41871 5.14122 5.3054 3.7265 3.52014 3.49872 3.63178 5.3685 3.38199 3.53364 5.2359 4.58807 8.25623 5.26133 4.99658 4.58261 9.17972 7.13129 5.95543 5.61419 6.23158 4.98633 4.88862 4.44009 7.29596 9.28409 6.68765 6.79298 4.93577
threshold=27.550000000000004 78.500000000000014 157.50000000000003 315.50000000000006 0.9989598388634241 0.99939377080793557 205.90000000000003 0.97314989601849466 74.500000000000014 42.500000000000007 64.500000000000014 0.60383265664488517 -0.43733984355855576 -0.26866367175705824 -0.46801505794253101 52.487142857142864 -0.85225707553516283 -0.80417042486635371 429.10000000000008 0.30983042691905771 -0.84313311835787952 31.850000000000005 434.05938720703131 145.50000000000003 0.69056404122701587 0.29342972903661901 0.3744682635859638 369.30000000000001 66.896167755126967 8.8850000000000033
decision_type=2 2 2 2 2 2 8 2 2 2 2 2 2 2 2 2 2 2 10 2 2 2 2 2 2 2 2 8 2 2
left_child=1 2 6 -4 5 9 7 -1 -9 10 11 16 14 -14 15 -12 19 18 20 -2 -18 -22 -21 -19 25 -13 27 -27 -29 -28
right_child=4 -3 3 -5 -6 -7 -8 8 -10 -11 12 24 13 -15 -16 -17 17 23 -20 22 21 -23 -24 -25 -26 26 29 28 -30 -31
leaf_value=-0.0012268267467788095 -0.00043502742867036016 0.00021368196494263281 -0.00049955962110013606 -0.0050615409882299551 -0.0027464079185033955 -0.0028263858967546426 -0.0047260832490246115 -0.0017135492166148872 0.0099240044721566924 0.008075428682735317 -0.00040617231937659722 -0.0017411790041878409 0.0024363162630515536 0.00028810827505731674 -0.0068757543204733792 0.011250873612711817 0.011911058929727079 -0.00092034890935150857 -0.00098399723826338333 -0.0055684126786968262 0.0021493572866638304 0.0097951072707500378 0.0074005394189360918 0.00079732507435494081 -0.0049761758965438281 -0.0046132307502956636 0.0016492173335303846 0.001149569579227596 0.0048671014905113975 -0.0024079358039193967
leaf_weight=1753 18274 16309 14443 3365 3607 2640 8177 71 51 803 36537 17222 6959 79767 1160 323 401 26456 1234 3491 1170 669 120 34777 2997 329 3143 450 733 2837
leaf_count=1753 18274 16309 14443 3365 3607 2640 8177 71 51 803 36537 17222 6959 79767 1160 323 401 26456 1234 3491 1170 669 120 34777 2997 329 3143 450 733 2837
internal_value=-0.000167226 -0.00074249 -0.00127064 -0.000760334 -6.39795e-05 -4.02499e-05 -0.00217469 -0.000226668 0.00811475 -2.02637e-05 -3.11454e-05 -0.000231972 0.000152869 0.000353641 -0.000305104 -0.000200761 -4.05361e-05 0.000171 0.00267127 -0.000665982 0.00435268 0.00318379 -0.00252146 2.91498e-05 -0.000830177 -0.000609777 0.000692738 0.00419312 0.00594674 -0.000192309
internal_weight=290268 44169 27860 17808 246099 242492 10052 1875 122 239852 239049 114303 124746 86726 38020 36860 86592 64707 3474 21885 2240 1839 3611 61233 27711 24714 7492 1512 1183 5980
internal_count=290268 44169 27860 17808 246099 242492 10052 1875 122 239852 239049 114303 124746 86726 38020 36860 86592 64707 3474 21885 2240 1839 3611 61233 27711 24714 7492 1512 1183 5980
is_linear=0
shrinkage=0.05


Tree=96
num_leaves=31
num_cat=0
split_feature=24 22 24 23 14 16 22 22 21 2 0 23 24 23 21 24 0 23 24 24 17 24 9 22 22 22 22 22 9 22
split_gain=6.53464 8.48643 5.96669 5.78049 7.1499 5.22944 7.04748 7.82017 9.24755 6.69572 6.18497 5.17367 6.6 5.92353 5.88784 7.23763 39.7535 8.06646 11.5891 16.4441 13.7719 7.30341 11.6642 6.0586 5.83823 4.99555 4.95262 20.3724 5.30658 4.93004
threshold=-0.77999999999999992 -0.62588817255938378 1.9550000000000003 -0.3744658827978154 29.650000000000002 10.050000000000002 -0.90893996196865023 -0.8781231054254196 62.500000000000007 0.47000000000000158 5.0550000000000006 -0.99628250747696534 1.3800000000000001 -0.97874870457683594 52.500000000000007 1.7100000000000002 7.8050000000000006 -0.98801846520836312 -0.049999999999999996 0.83000000000000007 70.500000000000014 0.05000000000000001 142.12562561035159 -0.16799356919963607 -0.13398594226331254 -0.8041866928211282 -0.14250824554987665 -0.30983472475487867 442.93069458007818 -0.29343379936893921
decision_type=8 2 10 2 2 2 2 2 10 2 2 2 10 2 8 10 2 2 10 10 2 10 2 2 2 2 2 2 2 2
left_child=1 3 11 4 -1 -5 -7 8 9 -8 -10 12 -2 14 15 17 -17 21 -19 20 -20 22 -13 -22 -18 -9 27 -4 -29 -15
right_child=2 -3 26 5 -6 6 7 25 10 -11 -12 13 -14 29 -16 16 24 18 19 -21 23 -23 -24 -25 -26 -27 -28 28 -30 -31
leaf_value=-0.00026542574364057285 -0.0033315354428997018 -0.00781530792597716 -0.0032437055615577334 -0.0034766497729811214 0.011502357989174835 -0.0019419398670461254 -0.00033863289462340656 -0.0049639419940455997 0.017909959278693207 0.0086922411821934147 0.010372787676661853 0.0055720852257230107 0.0012020105799751585 0.0004184968169850776 -0.0008927743033908883 0.016249460536607242 -0.0010311265642493027 -0.0075247501746171959 0.019515130010778998 0.00099750264386735672 0.0066629059122407771 -0.0021401571629155471 -0.0017807287942713627 0.0047303840331196318 0.0043402609340432016 0.0019143066995299296 -0.0070408051288856702 0.0044847856624220519 0.010841328195033849 -0.00038533291051650134
leaf_weight=222 5940 1782 8316 8095 174 3794 332 651 55 140 87 644 1980 92862 3087 101 514 532 57 1441 281 2702 773 642 314 1498 1782 1914 66 149490
leaf_count=222 5940 1782 8316 8095 174 3794 332 651 55 140 87 644 1980 92862 3087 101 514 532 57 1441 281 2702 773 642 314 1498 1782 1914 66 149490
internal_value=-0.000163781 -0.00112002 -0.000104924 -0.000733654 0.00522727 -0.00089476 0.000154795 0.00207564 0.00705212 0.00368644 0.0182394 -5.4715e-05 -0.00131313 -1.53894e-05 0.00111472 0.0018304 0.00597955 0.00128535 0.00327971 0.00474804 0.0097449 -0.000144454 0.00276288 0.00827194 0.00236715 0.000653791 -0.00119142 -0.000770203 0.00378788 -6.70937e-05
internal_weight=290268 16830 273438 15048 396 14652 6557 2763 614 472 142 261360 7920 253440 11088 8001 929 7072 2953 2421 980 4119 1417 923 828 2149 12078 10296 1980 242352
internal_count=290268 16830 273438 15048 396 14652 6557 2763 614 472 142 261360 7920 253440 11088 8001 929 7072 2953 2421 980 4119 1417 923 828 2149 12078 10296 1980 242352
is_linear=0
shrinkage=0.05


Tree=97
num_leaves=31
num_cat=0
split_feature=14 15 4 11 15 14 22 22 22 20 20 15 4 3 22 0 21 4 13 3 3 22 22 1 22 21 22 18 14 15
split_gain=6.45209 7.95436 3.62392 3.53814 3.8351 4.78132 3.80718 7.13539 4.90736 3.83415 4.60257 5.1024 4.19829 4.59788 4.17379 3.55647 3.66897 3.32632 3.11944 3.05721 3.04859 2.91322 5.47715 3.76154 2.88717 2.77373 2.70685 2.7035 2.69438 3.04242
threshold=27.550000000000004 78.500000000000014 26.315000000000001 18.204999923706058 64.500000000000014 30.050000000000004 -0.43733984355855576 -0.26866367175705824 -0.46801505794253101 429.10000000000008 235.70000000000002 72.500000000000014 11.635000000000003 4.9883333333333351 -0.37447345805034543 4.3450000000000006 77.500000000000014 134.03500000000003 37.45000000000001 6.4150000000000018 3.2816666666666672 -0.97876850416056738 -0.99630266176052629 16.535000000000004 -0.42180583328916638 12.500000000000002 0.99939377080793557 5.3150000000000004 24.450000000000003 55.500000000000007
decision_type=2 2 2 2 2 2 2 2 2 10 10 2 2 2 2 2 8 2 2 2 2 2 2 2 2 8 2 2 2 2
left_child=1 2 25 4 5 15 8 9 17 10 14 20 13 -13 24 -2 -17 -6 -3 -11 -12 22 -7 -24 -8 -1 -9 -14 29 -27
right_child=3 18 -4 -5 6 21 7 26 -10 19 11 12 27 -15 -16 16 -18 -19 -20 -21 -22 -23 23 -25 -26 28 -28 -29 -30 -31
leaf_value=-0.00098435522356363149 -0.0050285332281799688 0.00053885994967386487 0.0041980306599483687 0.0031625270899317583 -0.00039407777179745868 -0.0022251197229714993 -0.0034797990127272173 0.00025624272561819515 -0.0065040132829936982 0.0053364563155559076 0.0051772158992493102 0.0076341950758035976 0.0096729881142933651 0.00083750088565822203 -0.0025581942581809083 -0.00074879268652221264 -0.0047102641070532166 0.0097931890291656238 -0.0035015176386187737 -0.0054775587695588919 0.0021524755581175782 -0.00037700890607480575 0.0047815125908270634 -0.0014022942392348358 0.005304095434675242 0.0049168355530867167 -0.0024197750615650594 0.00649745013268081 -0.0032461562951238126 -0.00083275072597236365
leaf_weight=9494 2731 15159 686 5603 36140 3273 143 81503 1156 50 86 129 56 508 1077 13256 1804 201 1150 589 3387 86674 3743 1453 332 86 1641 564 14714 2880
leaf_count=9494 2731 15159 686 5603 36140 3273 143 81503 1156 50 86 129 56 508 1077 13256 1804 201 1150 589 3387 86674 3743 1453 332 86 1641 564 14714 2880
internal_value=-0.000157752 -0.00071419 -0.00122757 -5.78844e-05 -8.68218e-05 -0.000299025 0.000101048 0.000277299 -0.000322294 0.00181982 0.00219516 0.0029704 0.00570008 0.00284929 -0.000167527 -0.00105138 -0.000750333 -0.000220276 0.000162792 -0.00187011 0.00198243 -0.000158342 0.000726767 0.00173595 0.00373684 -0.00131817 0.000148897 0.00862903 -0.00168835 -0.000313555
internal_weight=290268 44169 27860 246099 240496 112934 127562 90065 37497 6921 6282 4730 1257 637 1552 17791 15060 36341 16309 639 3473 95143 8469 5196 475 27174 83144 620 17680 2966
internal_count=290268 44169 27860 246099 240496 112934 127562 90065 37497 6921 6282 4730 1257 637 1552 17791 15060 36341 16309 639 3473 95143 8469 5196 475 27174 83144 620 17680 2966
is_linear=0
shrinkage=0.05


Tree=98
num_leaves=31
num_cat=0
split_feature=4 22 2 1 2 1 18 22 22 20 15 22 22 21 23 22 22 22 22 21 15 22 20 22 20 22 20 23 20 9
split_gain=6.23661 4.85233 4.14427 4.85274 5.21101 3.97066 5.33173 5.93897 5.54469 4.00556 3.73652 3.68161 8.18362 5.07798 3.92249 12.6459 4.85677 5.29414 5.36126 6.10887 3.99171 3.82635 5.8618 5.15822 20.4961 11.1933 4.24039 5.52597 4.12031 4.00351
threshold=5.495000000000001 0.29342972903661901 0.4499999999999999 1.9350000000000003 -0.070000000000000159 8.1850000000000005 6.6850000000000014 0.9053161325100999 0.99053107487289871 306.10000000000008 82.500000000000014 0.61237135649459018 0.52766072109828632 12.500000000000002 -0.091258822863740666 -0.99275805973510278 -0.94705910369513524 -0.88622299073327826 -0.90163369914317015 52.500000000000007 59.500000000000007 0.90892735371523092 558.20000000000016 0.92273069556937592 125.30000000000003 0.9193901325473397 524.50000000000011 0.21652257995689161 169.30000000000004 309.61909484863287
decision_type=2 2 2 2 2 2 2 2 2 8 2 2 2 8 2 2 2 2 2 10 2 2 10 2 10 2 8 2 10 2
left_child=1 -1 3 4 -2 11 7 9 10 -7 -9 12 14 -14 15 -5 -16 18 20 -20 -18 22 28 24 25 29 -25 -28 -13 -23
right_child=2 -3 -4 5 -6 6 -8 8 -10 -11 -12 21 13 -15 16 -17 17 -19 19 -21 -22 23 -24 26 -26 -27 27 -29 -30 -31
leaf_value=-0.004680010583210885 -0.00026806937533615805 0.00028204061932560626 0.00013783159650720855 0.0060311382153762092 0.0055824417818915737 -0.00064914639017547501 -0.00049166032846914315 0.0048448414090751599 -0.00093783111732414061 0.0017861322845045197 0.011814735362109469 -0.0048761427884420798 0.00695281567405754 0.0016996405132687258 -0.0046069006175288143 3.3394316161294159e-05 0.0061680304167669011 -0.0012344583011604958 0.0059930283222705992 0.013287449603337274 -0.00068307673750482838 0.012814701955167873 0.0086606515121496284 8.2286865703215431e-05 -0.0073905849102405986 0.012600126752626445 -0.0055785693353880873 0.0054906338705575722 -0.0020773700658670842 0.006118886219010404
leaf_weight=4658 136 2449 125296 184 124 9015 75107 1954 1006 7581 178 4927 390 1786 3551 13465 179 20747 268 55 968 135 76 5643 387 69 2580 355 6901 98
leaf_count=4658 136 2449 125296 184 124 9015 75107 1954 1006 7581 178 4927 390 1786 3551 13465 179 20747 268 55 968 135 76 5643 387 69 2580 355 6901 98
internal_value=-0.000153101 -0.00161601 -0.000116384 -0.000286797 0.00653846 -0.000298056 -9.38952e-05 0.000637477 0.00263225 0.000260302 0.00407598 -0.000606559 -0.000333351 0.00265165 -0.000498137 0.000187192 -0.000861147 -0.000586714 0.00231292 0.00800309 0.000710548 -0.00114331 -0.00173639 -0.000381462 0.00378084 0.013543 -0.000715786 -0.00225724 -0.00182533 0.00830472
internal_weight=290268 7107 283161 157865 260 157605 94841 19734 3138 16596 2132 62764 41593 2176 39417 13649 25768 22217 1470 323 1147 21171 11904 9267 689 302 8578 2935 11828 233
internal_count=290268 7107 283161 157865 260 157605 94841 19734 3138 16596 2132 62764 41593 2176 39417 13649 25768 22217 1470 323 1147 21171 11904 9267 689 302 8578 2935 11828 233
is_linear=0
shrinkage=0.05


Tree=99
num_leaves=31
num_cat=0
split_feature=14 15 24 23 23 8 5 9 23 23 23 23 13 0 23 23 14 24 5 23 2 23 23 15 0 19 23 23 23 20
split_gain=6.12865 7.34687 4.11609 3.92021 7.5201 3.39395 3.22904 3.19422 4.42899 4.00932 4.41494 3.6051 3.56344 3.49808 3.26648 5.87945 6.4237 5.33028 6.49115 9.71979 4.1642 3.77778 32.5474 4.03512 3.51271 3.50017 3.25474 5.68171 8.28846 10.033
threshold=27.550000000000004 75.500000000000014 inf -0.5129677127369543 -0.59867820553660911 65.500000000000014 9.7207142857142887 744.82418823242199 0.99958851518450398 -0.94703994556331683 -0.62587551141915865 -0.38243420677835349 14.750000000000002 6.6950000000000012 0.97832380634958016 0.9863035000474919 29.450000000000003 -0.42499999999999993 5.1707142857142872 0.14888728888808328 1.3049999999999999 0.91159213926341531 0.89691351184655443 82.500000000000014 7.5650000000000004 17.975000000000005 0.45847758937963173 0.31595530242620651 0.33222858587828868 328.65000000000003
decision_type=2 2 8 2 2 2 2 2 2 2 2 2 2 2 2 2 2 10 2 2 2 2 2 2 2 2 2 2 2 10
left_child=1 2 -1 4 -4 7 -3 8 26 -9 13 -12 14 -11 17 16 -16 25 19 -19 -21 22 23 -20 -18 -13 27 -2 29 -29
right_child=5 6 3 -5 -6 -7 -8 9 -10 10 11 12 -14 -15 15 -17 24 18 21 20 -22 -23 -24 -25 -26 -27 -28 28 -30 -31
leaf_value=-0.0021124069963792862 -7.3491175027837064e-05 -0.00047020614713328215 0.0022138531056320001 -0.010888302135955631 0.016100140412567337 0.010955773936596207 0.0017539922918995013 -0.0038181846315540275 -0.0040547627519428508 -0.0012635797657802924 -0.0039697085897327225 -0.0014430051328949906 -0.00033781217067704145 0.0069369766892913342 0.0019308600583042652 0.001958988068416856 0.015087317223087246 0.014588753982885481 0.00084153225402150303 0.002017439245290133 0.007798272262725778 -0.0030437441922826023 0.013363953723442885 0.0066475865496129927 0.023180099367426335 0.0084368364589357241 -0.000560185040803238 0.0064312578557345762 0.001079974475312676 -0.0010978094355564808
leaf_weight=23691 144799 15255 182 122 64 411 4855 953 1892 286 551 2461 5636 589 110 1332 54 67 3171 400 106 467 118 54 62 69 71431 712 9895 473
leaf_count=23691 144799 15255 182 122 64 411 4855 953 1892 286 551 2461 5636 589 110 1332 54 67 3171 400 106 467 118 54 62 69 71431 712 9895 473
internal_value=-0.000148106 -0.000690418 -0.00127998 0.00396739 0.00760162 -5.07734e-05 1.49168e-05 -5.83679e-05 -0.000106719 0.000613853 0.00080699 0.000601036 0.000756006 0.00425714 0.0014042 0.0034724 0.0109292 0.000938086 0.00199293 0.00695462 0.00458498 0.00124672 0.00183518 0.000891472 0.0191379 -0.000889329 -8.6667e-05 4.14091e-05 0.00113267 0.00508439
internal_weight=290268 44169 24059 368 246 246099 20110 245688 229202 16486 15533 14658 14107 875 8471 1558 226 6913 4383 573 506 3810 3343 3225 116 2530 227310 155879 11080 1185
internal_count=290268 44169 24059 368 246 246099 20110 245688 229202 16486 15533 14658 14107 875 8471 1558 226 6913 4383 573 506 3810 3343 3225 116 2530 227310 155879 11080 1185
is_linear=0
shrinkage=0.05


Tree=100
num_leaves=31
num_cat=0
split_feature=5 5 19 22 22 22 22 20 22 20 20 9 19 23 22 20 20 19 16 20 22 20 1 22 2 14 13 22 23 23
split_gain=5.91288 4.17204 6.09103 5.60143 7.78667 6.8618 10.1877 10.6753 9.41095 11.6681 9.13821 10.1051 6.14545 5.57991 9.04538 19.1508 12.4041 9.33005 9.31612 8.37858 7.61608 7.88927 6.33348 6.02627 7.10326 5.48991 5.33886 5.28264 5.58543 8.55039
threshold=4.0078571428571452 8.4321428571428587 6.9250000000000007 0.91248814248966237 0.70290292807158605 0.52766072109828632 0.61237135649459018 252.40000000000003 0.63920241694561786 469.30000000000001 172.40000000000003 806.39907836914074 6.9250000000000007 0.11478523713130605 0.98667101781630195 125.30000000000003 504.50000000000006 5.7650000000000006 8.4500000000000011 363.90000000000003 0.94138322595482449 207.80000000000004 5.3950000000000005 0.97314989601849466 4.9450000000000021 25.550000000000004 4.4500000000000011 0.3744682635859638 -0.99628250747696534 -0.074115882986646633
decision_type=2 2 2 2 2 2 2 10 2 10 8 2 2 2 2 10 8 2 2 10 2 8 2 2 2 2 2 2 2 2
left_child=-1 3 -3 4 5 27 10 -8 -9 -10 11 -7 -11 20 15 17 19 18 -15 -16 21 -5 -19 -17 25 -25 -20 28 -2 -30
right_child=1 2 -4 13 -6 6 7 8 9 12 -12 -13 -14 14 16 23 -18 22 26 -21 -22 -23 -24 24 -26 -27 -28 -29 29 -31
leaf_value=-0.0026717601535481443 -0.0031216735221435933 0.0010525437760697989 -0.00013937238797984787 0.013069680827879356 -0.0022167267008223863 0.0034004708536136182 -0.0039390244619989506 -0.0031084970695198864 0.0042923583947776294 0.011332939152288212 0.0019043253109160101 0.0073434292710892607 0.0084339156309471298 0.0039083805436369162 0.0053705743533695753 -0.0032056593935659186 -0.0085299303408771024 0.010212313543902963 0.010356051006539843 0.013255272205751886 -0.0011669750570669816 0.0040054319173534721 0.0016925592516356556 0.01451384781781353 0.012128794684393276 0.00070505807105313055 0.012223533644819189 -0.002808661700696654 0.00082533404682753008 -0.00080224250353659338
leaf_weight=8010 3425 29149 112710 183 20141 302 3187 1014 1747 55 5515 140 55 204 674 3869 250 321 50 201 11250 1460 1130 95 58 1321 206 8272 25687 49587
leaf_count=8010 3425 29149 112710 183 20141 302 3187 1014 1747 55 5515 140 55 204 674 3869 250 321 50 201 11250 1460 1130 95 58 1321 206 8272 25687 49587
internal_value=-0.000146039 -0.000108023 8.32152e-05 -0.00030125 -0.000434705 -0.00025236 0.000867664 -0.000576099 0.00163532 0.00375067 0.00233591 0.00925339 0.0195455 0.000446125 0.00145065 0.000803693 0.00562222 0.00509942 0.0113043 0.00842857 -0.000206703 0.00297322 0.00313232 -0.000732736 0.00198779 0.00128531 0.0176562 -0.000407091 -0.000280754 -0.000190904
internal_weight=290268 282258 141859 140399 119127 98986 12015 6058 2871 1857 5957 442 110 21272 8379 7254 1125 1911 460 875 12893 1643 1451 5343 1474 1416 256 86971 78699 75274
internal_count=290268 282258 141859 140399 119127 98986 12015 6058 2871 1857 5957 442 110 21272 8379 7254 1125 1911 460 875 12893 1643 1451 5343 1474 1416 256 86971 78699 75274
is_linear=0
shrinkage=0.05


Tree=101
num_leaves=31
num_cat=0
split_feature=24 22 5 24 20 22 22 9 22 22 5 14 0 4 22 21 5 24 22 22 22 14 22 3 22 22 22 0 22 24
split_gain=6.08205 8.48815 5.85371 5.43317 4.91137 4.67215 18.1121 5.46151 4.88877 18.5659 7.58966 6.81711 6.41097 5.14621 4.33651 4.40484 7.13712 6.50883 8.24389 7.96199 13.9698 13.7022 13.4253 9.25453 12.3602 11.0903 16.4422 10.7022 8.1408 9.38838
threshold=-0.77999999999999992 -0.62588817255938378 4.7464285714285728 1.9550000000000003 262.60000000000008 -0.14250824554987665 -0.30983472475487867 442.93069458007818 -0.65234524191686594 -0.69057362043749781 10.193571428571433 30.950000000000003 4.705000000000001 9.0550000000000015 0.99939377080793557 52.500000000000007 11.056428571428574 1.4950000000000003 -0.99763297024448894 -0.84315017450793706 -0.814291907305839 29.150000000000002 -0.97509794945709805 8.6116666666666699 -0.031173458710879235 -0.13398594226331254 -0.082689790342551819 7.8050000000000006 -0.92923668111203805 1.8150000000000002
decision_type=8 2 2 10 10 2 2 2 2 2 2 2 2 2 2 8 2 8 2 2 2 2 2 2 2 2 2 2 2 10
left_child=1 2 -1 14 -4 6 8 -8 9 -5 11 13 -13 -11 15 17 -17 18 -2 22 21 -21 -19 24 25 -22 27 -27 -24 -30
right_child=3 -3 4 5 -6 -7 7 -9 -10 10 -12 12 -14 -15 -16 16 -18 19 -20 20 23 -23 28 -25 -26 26 -28 -29 29 -31
leaf_value=-0.0047705590474937977 -0.0049348061310819664 -0.0072404214896417997 -0.0022690295927003377 -0.0035950709028336352 0.00077898067582106651 -0.0065846422344522136 0.0043410142181740169 0.010289417363324015 -0.0040995097343670571 -0.00026419181511963102 -0.0051174881172502728 0.01461188528297569 0.0065797065747381219 0.010120665506135501 -0.0029061057917919388 -0.00092424664892944977 0.0009254174572725448 0.0045298875303864125 8.2215995348967986e-05 0.026774681565430631 0.0071276122073731553 0.014817211079601154 -0.0074650151824224298 0.0017355250086465543 -0.0024406944607180819 0.0155471554040895 0.0037149284972451779 0.0080002547521235909 -0.0031949911472269189 0.0047165799989938159
leaf_weight=3252 2830 1782 4185 3168 7611 1782 1914 66 4554 155 134 75 144 86 3168 53067 14702 3819 167220 73 695 355 3314 6997 410 93 229 68 2719 1601
leaf_count=3252 2830 1782 4185 3168 7611 1782 1914 66 4554 155 134 75 144 86 3168 53067 14702 3819 167220 73 695 355 3314 6997 410 93 229 68 2719 1601
internal_value=-0.000141043 -0.00106358 -0.000677168 -8.42616e-05 -0.000159377 -0.00112105 -0.000711928 0.00358586 -0.00173521 -0.000401383 0.00771044 0.0107609 0.0171461 0.00495851 -3.63495e-05 -1.37894e-05 -0.000359974 0.000109413 8.23168e-06 0.000953957 0.00207399 0.0108878 8.16368e-05 0.00162977 0.00520067 0.00799539 0.0147436 0.0269876 -0.00112916 0.000300925
internal_weight=290268 16830 15048 273438 11796 12078 10296 1980 8316 3762 594 460 219 241 261360 258192 67769 190423 170050 20373 8920 428 11453 8492 1495 1085 390 161 7634 4320
internal_count=290268 16830 15048 273438 11796 12078 10296 1980 8316 3762 594 460 219 241 261360 258192 67769 190423 170050 20373 8920 428 11453 8492 1495 1085 390 161 7634 4320
is_linear=0
shrinkage=0.05


Tree=102
num_leaves=31
num_cat=0
split_feature=14 15 17 24 20 14 24 11 15 23 14 21 16 23 24 22 22 24 23 22 17 22 22 24 20 5 17 20 14 9
split_gain=5.85424 6.6793 5.48148 4.51685 3.94115 4.0575 4.46882 3.16917 3.64346 5.27497 4.19411 3.64298 3.62331 3.55423 3.56986 3.3956 6.29296 5.60986 4.98576 10.101 13.0221 5.19615 16.6526 4.67595 4.94074 4.6378 4.25262 4.24414 6.71043 4.27726
threshold=27.550000000000004 75.500000000000014 165.50000000000003 -0.58499999999999985 281.80000000000001 24.350000000000005 1.1900000000000002 18.204999923706058 64.500000000000014 0.96849880583763492 29.850000000000005 16.900000000000002 8.2500000000000018 0.94066717844141279 -1.0000000180025095e-35 -0.43733984355855576 -0.26866367175705824 -0.22499999999999995 -0.056951011027366626 -0.99467753128998015 127.50000000000001 -0.72696319516528884 -0.79384350655589164 -0.65999999999999981 343.2000000000001 42.062857142857148 54.500000000000007 219.10000000000002 28.450000000000003 241.4740905761719
decision_type=2 2 2 8 10 2 8 2 2 2 2 8 2 2 8 2 2 10 2 2 2 2 2 10 10 2 2 10 2 2
left_child=1 2 -1 -4 -5 6 -6 8 9 10 11 12 -2 14 -14 17 -17 18 19 20 -10 22 25 24 -20 -21 -24 -28 -29 -30
right_child=7 -3 3 4 5 -7 -8 -9 15 -11 -12 -13 13 -15 -16 16 -18 -19 23 21 -22 -23 26 -25 -26 -27 27 28 29 -31
leaf_value=-0.0038054293427188554 -0.0021289536519551902 3.8099384944944231e-06 -0.0042079556093918306 -0.0011727120413591715 0.0026193066245449193 0.00034247549849305729 0.009652715563106623 0.0029171335021399283 0.023727546278797126 -0.0023155151246651681 -0.00011311260775873579 -0.0035945495084801862 -0.0010340710780904266 0.0090954013049570261 0.0035193823194261385 0.002114743361317653 0.00020150413302841717 -0.0017468786934054415 -0.0030905809109156705 0.00062439892831244825 0.0038094428650092549 -0.0031308568805553079 -0.0015514962089001698 0.0007936980345512371 0.0016376834288337229 0.013992458536002506 0.0040701539782977275 0.016406301918004171 0.0088036436590771695 -0.00061435831156130016
leaf_weight=9356 5068 20110 2615 7493 636 3841 118 5603 101 7658 91131 5044 2466 135 1432 6921 83144 14151 5705 4671 245 1702 82 8722 1450 192 85 66 263 62
leaf_count=9356 5068 20110 2615 7493 636 3841 118 5603 101 7658 91131 5044 2466 135 1432 6921 83144 14151 5705 4671 245 1702 82 8722 1450 192 85 66 263 62
internal_value=-0.00014001 -0.000670041 -0.00123218 -0.000630145 -0.000222536 0.000930358 0.00428382 -4.48815e-05 -7.22685e-05 -0.000279102 -0.000186938 -0.000987983 -0.000390618 0.000727745 0.000451512 0.000110847 0.000277299 -0.000288958 0.000187183 0.00125251 0.00959537 0.000847254 0.00160395 -0.000313977 -0.00126136 0.000665226 0.00978495 0.0115966 0.013798 0.0108462
internal_weight=290268 44169 24059 14703 12088 4595 754 246099 240496 112934 105276 14145 9101 4033 3898 127562 90065 37497 23346 7469 346 7123 5421 15877 7155 4863 558 476 391 325
internal_count=290268 44169 24059 14703 12088 4595 754 246099 240496 112934 105276 14145 9101 4033 3898 127562 90065 37497 23346 7469 346 7123 5421 15877 7155 4863 558 476 391 325
is_linear=0
shrinkage=0.05


Tree=103
num_leaves=31
num_cat=0
split_feature=24 22 23 9 5 24 2 23 23 22 22 9 2 22 22 21 17 22 22 17 23 24 23 3 24 24 24 24 23 17
split_gain=5.52002 8.18521 5.82568 6.00795 5.31164 5.16422 4.90763 5.12626 7.34127 7.27988 8.2385 8.68371 6.04614 5.41713 9.76476 6.07951 5.83372 4.8333 6.3785 6.10409 4.66013 6.40152 4.84572 5.88963 31.6136 8.84405 4.9743 5.32136 7.98983 12.1479
threshold=-0.77999999999999992 -0.62588817255938378 -0.3744658827978154 65.907573699951186 4.33357142857143 1.9550000000000003 -1.5699999999999987 0.21652257995689161 0.011826144619637555 -0.9905448150984083 -0.99866806308218525 442.93069458007818 1.8500000000000005 -0.8781231054254196 -0.89406062840022227 102.50000000000001 252.50000000000003 -0.8041866928211282 -0.78326540922535159 233.50000000000003 -0.99628250747696534 1.3800000000000001 -0.97874870457683594 5.368333333333335 1.7100000000000002 0.05000000000000001 0.16500000000000004 -0.049999999999999996 -0.98801846520836312 76.500000000000014
decision_type=8 2 2 2 2 10 2 2 2 2 2 2 2 2 2 10 2 2 2 2 2 10 2 2 10 10 10 10 2 2
left_child=1 2 3 -1 -4 20 -6 8 9 10 -8 12 -12 14 15 -9 -16 -15 19 -19 21 -2 23 24 25 -22 27 -25 -29 -30
right_child=5 -3 4 -5 6 -7 7 13 -10 -11 11 -13 -14 17 16 -17 -18 18 -20 -21 22 -23 -24 26 -26 -27 -28 28 29 -31
leaf_value=0.016695368745400157 -0.0030637220445923954 -0.0068902964869676474 -0.0062965074931994021 0.0015362472589530479 -0.0036445832341466984 -0.0016668555625922777 -0.0050835992877012676 0.0012862246306649429 -0.0085315519041713663 -0.0033143167442478104 0.0075655976420538661 0.031428412182065435 -0.0051440704868573519 -0.004887750638617747 0.0049644605956557404 0.017146592446129507 0.019958728607871692 0.0095133126342676032 0.00042686323899356342 0.0015164683877677998 0.0071571351998976993 0.0011807925815698033 -6.9067310782115505e-05 -0.00046278168238330438 0.016426143785372396 0.0007466021522619452 -0.00030272284676396565 0.00082830725044291936 0.017551555891754195 0.0048020978718669267
leaf_weight=104 5940 1782 2299 292 2590 12078 499 1609 1567 1942 468 50 178 997 244 90 54 104 1825 136 258 1980 242352 1319 69 1123 6011 1359 50 899
leaf_count=104 5940 1782 2299 292 2590 12078 499 1609 1567 1942 468 50 178 997 244 90 54 104 1825 136 258 1980 242352 1319 69 1123 6011 1359 50 899
internal_value=-0.000131225 -0.0010101 -0.00063065 0.00535353 -0.000792384 -7.71302e-05 -0.00038169 0.000131618 -0.00105655 0.000339495 0.00341004 0.00692529 0.00537152 0.00123641 0.00326239 0.00179812 0.0116107 -8.4913e-05 0.0012954 0.00895833 -3.0419e-05 -0.00122475 6.9038e-06 0.00102904 0.004 0.00234975 0.00058207 0.00204439 0.0034922 0.00701264
internal_weight=290268 16830 15048 396 14652 273438 12353 9763 4704 3137 1195 696 646 5059 1997 1699 298 3062 2065 240 261360 7920 253440 11088 1450 1381 9638 3627 2308 949
internal_count=290268 16830 15048 396 14652 273438 12353 9763 4704 3137 1195 696 646 5059 1997 1699 298 3062 2065 240 261360 7920 253440 11088 1450 1381 9638 3627 2308 949
is_linear=0
shrinkage=0.05


Tree=104
num_leaves=31
num_cat=0
split_feature=5 14 15 17 17 8 20 22 15 16 14 9 15 14 1 9 19 21 16 19 5 22 22 20 22 22 22 22 22 2
split_gain=5.48618 4.08091 5.38918 4.80096 4.52605 3.17487 3.13159 3.11191 4.10721 2.9984 3.00798 5.38033 2.81518 4.02672 3.83864 3.46684 3.83069 3.45508 3.00032 4.39963 4.45914 3.06057 2.98399 2.85383 8.95595 10.5756 6.1257 5.18785 15.42 7.65386
threshold=3.5250000000000008 27.550000000000004 78.500000000000014 157.50000000000003 315.50000000000006 65.500000000000014 205.90000000000003 0.97314989601849466 74.500000000000014 8.9500000000000011 23.850000000000005 87.609973907470717 64.500000000000014 30.050000000000004 1.9350000000000003 55.44726753234864 8.3650000000000002 77.500000000000014 13.750000000000002 7.8250000000000011 11.126428571428574 -0.99866806308218525 0.99939377080793557 166.10000000000002 0.99761913169647187 0.99818282439137029 0.98213580174693105 0.90892735371523092 0.92273069556937592 -4.9849999999999985
decision_type=2 2 2 2 2 2 8 2 2 2 2 2 2 2 2 2 2 8 2 2 2 2 2 10 2 2 2 2 2 2
left_child=-1 2 3 6 9 12 7 -2 -9 10 11 -5 13 17 -15 -16 -17 -3 21 20 -20 -14 23 24 26 -26 27 -23 -29 -30
right_child=1 5 -4 4 -6 -7 -8 8 -10 -11 -12 -13 18 14 15 16 -18 -19 19 -21 -22 22 -24 -25 25 -27 -28 28 29 -31
leaf_value=-0.0043095013609880037 -0.00099844857118364951 -0.00099086319279692386 0.00021524925398783203 0.0077368832009770631 -0.0042445436219534271 0.009897074562724888 -0.003822601989551179 -0.0013035197189581781 0.008551016888192306 0.0012549504979798988 -0.001557185394350318 0.00058883310133688526 -0.0053688244125917111 0.0053024807468402581 0.00048929164871581532 0.00012006623177111944 -0.0011298066441364331 -0.0045114807822564124 0.0015494149425974212 -0.00010393204363939835 0.0055104910645842088 -0.00081343306919578182 -0.0025511046353198282 0.0003357272296564961 0.017062684599396777 0.0015038530557708741 -0.0066776406685310416 0.0091780500256146216 0.010898746962837366 -0.0009203682053397829
leaf_weight=3430 1680 15182 16070 127 3113 411 7811 71 51 4338 7537 1725 1537 83 39891 28902 30241 2148 5745 7114 1176 18600 1552 86921 120 384 1442 433 86 2347
leaf_count=3430 1680 15182 16070 127 3113 411 7811 71 51 4338 7537 1725 1537 83 39891 28902 30241 2148 5745 7114 1176 18600 1552 86921 120 384 1442 433 86 2347
internal_value=-0.000125885 -0.000102115 -0.000554172 -0.000992894 -0.000483968 -2.34341e-05 -0.00188443 -5.55058e-06 0.00770492 -9.36123e-05 -0.000595911 0.0012095 -3.0833e-05 -0.000208551 -8.56071e-05 -9.46152e-05 -0.000337573 -0.000911715 0.000131533 0.00082116 0.00171868 4.6198e-05 7.664e-05 0.000107265 -0.000382711 0.00621032 -0.000527764 -0.00031585 0.00166434 0.000117138
internal_weight=290268 286838 42523 26453 16840 244315 9613 1802 122 13727 9389 1852 243904 116447 99117 99034 59143 17330 127457 14035 6921 113422 111885 110333 23412 504 22908 21466 2866 2433
internal_count=290268 286838 42523 26453 16840 244315 9613 1802 122 13727 9389 1852 243904 116447 99117 99034 59143 17330 127457 14035 6921 113422 111885 110333 23412 504 22908 21466 2866 2433
is_linear=0
shrinkage=0.05


Tree=105
num_leaves=31
num_cat=0
split_feature=24 22 23 14 24 22 22 21 22 22 22 5 4 18 20 22 22 22 21 19 23 24 23 23 22 15 23 22 0 22
split_gain=5.50491 8.10278 5.09335 5.55972 4.7727 4.66669 16.5979 5.12481 5.12709 4.74372 17.3299 6.82503 6.4029 6.20775 4.6297 5.08336 4.67815 5.35413 5.35303 6.26097 3.93552 4.23253 8.14022 18.2655 11.033 7.93363 7.639 8.99018 17.1504 22.7606
threshold=-0.77999999999999992 -0.62588817255938378 -0.3744658827978154 29.650000000000002 1.9550000000000003 -0.14250824554987665 -0.30983472475487867 36.900000000000006 -0.24372957273992746 -0.65234524191686594 -0.69057362043749781 10.193571428571433 7.0850000000000009 4.6850000000000014 339.7000000000001 -0.90893996196865023 -0.8781231054254196 -0.8041866928211282 62.500000000000007 5.5150000000000006 0.99981043035926087 1.7100000000000002 0.95691861501572195 0.92843842216862604 0.3261394409934788 73.500000000000014 -0.99052477729077237 -0.031173458710879235 8.0450000000000017 -0.082689790342551819
decision_type=8 2 2 2 10 2 2 10 2 2 2 2 2 2 10 2 2 2 10 2 2 10 2 2 2 2 2 2 2 2
left_child=1 2 3 -1 20 6 9 -8 -9 10 -6 12 -12 -14 -4 -16 18 -18 -17 -20 21 -2 23 26 -25 -26 27 28 29 -23
right_child=4 -3 14 -5 5 -7 7 8 -10 -11 11 -13 13 -15 15 16 17 -19 19 -21 -22 22 -24 24 25 -27 -28 -29 -30 -31
leaf_value=-0.00019712216822644299 -0.00010577287026120677 -0.0064892913304124347 -0.0022295357343637676 0.009980736475931104 -0.0033037557976468724 -0.0060871669981487813 0.0030820843438855764 0.011395491199082557 0.0045049171247056787 -0.0038161706976033273 0.00024684379300800899 -0.004778618614458734 0.014077962922916477 0.0052946855466455903 -0.0014201440160830942 0.0032020376294900998 -0.0073953087485368234 0.0038396586612352585 0.014222413945066324 0.0040682270011285901 -0.005069708859405421 0.014983747954681043 -0.0023638710472619982 0.0017309499541093808 0.0043002855535318558 0.0089107831983394874 0.00059254564704772528 -0.0012770635603611528 0.0015674743482347665 0.0035655538967900948
leaf_weight=222 241560 1782 10419 174 3168 1782 1615 131 234 4554 115 134 129 216 2592 255 508 749 64 65 1584 101 3168 396 473 121 12276 594 832 255
leaf_count=222 241560 1782 10419 174 3168 1782 1615 131 234 4554 115 134 129 216 2592 255 508 749 64 65 1584 101 3168 396 473 121 12276 594 832 255
internal_value=-0.000120545 -0.000998219 -0.000620682 0.00497475 -6.65245e-05 -0.00103825 -0.000629372 0.00348485 0.00883562 -0.00160895 -0.000295057 0.00754209 0.0104348 0.0138406 -0.000771909 0.000622489 0.00280012 0.00132458 0.00763021 0.0159302 -2.16189e-05 -6.4683e-06 0.000728479 0.00121345 0.00777778 0.0120875 0.000751173 0.00381032 0.00632155 0.0155056
internal_weight=290268 16830 15048 396 273438 12078 10296 1980 365 8316 3762 594 460 345 14652 4233 1641 1257 384 129 261360 259776 18216 15048 990 594 14058 1782 1188 356
internal_count=290268 16830 15048 396 273438 12078 10296 1980 365 8316 3762 594 460 345 14652 4233 1641 1257 384 129 261360 259776 18216 15048 990 594 14058 1782 1188 356
is_linear=0
shrinkage=0.05


Tree=106
num_leaves=31
num_cat=0
split_feature=0 24 24 22 22 9 17 17 22 24 22 9 17 22 3 22 23 23 24 22 9 9 5 23 20 23 20 22 22 24
split_gain=5.45754 5.03263 4.56599 4.54717 15.8932 5.6747 4.50809 6.02248 5.83289 10.2632 22.1286 7.59866 7.87823 5.18956 7.68668 6.87413 4.26853 6.94546 7.17807 13.5051 6.93528 7.95657 6.13788 7.50696 5.94179 6.83561 4.26597 5.208 6.6361 5.7038
threshold=3.4250000000000003 1.9550000000000003 -0.65999999999999981 -0.159513159777915 -0.30983472475487867 442.93069458007818 214.50000000000003 304.50000000000006 0.9193901325473397 1.1900000000000002 0.95998215779580554 494.48980712890631 323.50000000000006 -0.26037633224328088 5.6033333333333344 -0.20180236284700911 0.9980355542543059 0.98486764554468398 -0.49499999999999994 0.49812943072827093 998.87963867187511 216.40606689453128 12.097857142857146 0.99249573635719013 431.60000000000008 0.11478523713130605 374.90000000000003 -0.95244167294248061 -0.96235977360714686 1.4950000000000003
decision_type=2 10 8 2 2 2 2 2 2 10 2 2 2 2 2 2 2 2 10 2 2 2 2 2 10 2 8 2 2 10
left_child=-1 2 -2 4 -3 -6 26 13 -9 -10 11 12 -11 14 -8 -15 17 18 19 -17 21 22 -19 -24 -20 -26 -4 28 -28 -30
right_child=1 3 6 -5 5 -7 7 8 9 10 -12 -13 -14 15 -16 16 -18 20 24 -21 -22 -23 23 -25 25 -27 27 -29 29 -31
leaf_value=-0.001931169183714508 -0.0010286373044579393 -0.0025137864898207747 0.00013727841169664784 -0.0057942219497354661 0.0041875576339940974 0.010114027744792288 0.0047209566945640323 -0.0010034800805282828 0.00032335574266515951 0.01372224519342069 -0.0025342040417694099 0.0012051704890705434 0.012478191232522353 -0.0065407613928184912 0.0014221083930885869 -0.0062826872351973845 -0.0032029954534211567 0.0029627975586976334 0.00030489826147730471 0.0057007469267390948 0.0058464949182088022 -0.0008871965282026365 0.015392395515290419 0.0051764839323968316 -0.0037687810185997699 0.0036343007157398489 0.00048804847312451628 -0.00098798507555600246 0.0060555422560214199 0.0016363177125473531
leaf_weight=11970 20476 7779 83755 1881 1625 55 1933 24491 5857 95 516 97 224 1250 19565 2223 2241 1137 31334 118 723 1913 96 88 664 3115 7030 57238 423 356
leaf_count=11970 20476 7779 83755 1881 1625 55 1933 24491 5857 95 516 97 224 1250 19565 2223 2241 1137 31334 118 723 1913 96 88 664 3115 7030 57238 423 356
internal_value=-0.000120028 -7.50646e-05 -3.12421e-05 -0.0011067 -0.000660219 0.00375 2.83579e-05 0.00029228 -0.000279733 0.00101709 0.00589056 0.0144712 0.0181975 0.000561746 0.00120058 0.000255889 0.000360578 0.000475597 0.000265124 -0.00241564 0.00246778 0.00147804 0.00446253 0.0129348 0.000443852 0.00231675 -0.000144892 -0.000448677 0.00076258 0.00514121
internal_weight=290268 278298 266958 11340 9459 1680 246482 97680 31280 6789 932 416 319 66400 21498 44902 43652 41411 37454 2341 3957 3234 1321 184 35113 3779 148802 65047 7809 779
internal_count=290268 278298 266958 11340 9459 1680 246482 97680 31280 6789 932 416 319 66400 21498 44902 43652 41411 37454 2341 3957 3234 1321 184 35113 3779 148802 65047 7809 779
is_linear=0
shrinkage=0.05


Tree=107
num_leaves=31
num_cat=0
split_feature=5 13 17 1 9 19 17 16 23 23 20 19 22 23 2 17 14 5 19 16 14 16 23 22 22 20 5 3 9 22
split_gain=4.82685 3.88784 4.63754 4.58775 4.52814 4.89153 4.48502 7.44888 5.56406 12.0972 5.88312 5.05677 5.70101 26.2037 6.77898 4.72873 4.31511 3.88181 4.18004 5.25808 4.9872 3.84924 4.53707 4.63987 4.56822 7.37127 6.34071 3.81945 3.8025 6.24943
threshold=3.5250000000000008 19.750000000000004 346.50000000000006 1.9350000000000003 483.01396179199224 2.2550000000000003 214.50000000000003 12.350000000000003 0.95691861501572195 0.93469109537144635 735.30000000000007 7.6650000000000009 0.63920241694561786 0.74298546529340237 -2.6999999999999997 253.50000000000003 28.550000000000004 6.4507142857142883 6.6850000000000014 10.15 32.45000000000001 6.9500000000000011 0.87291090774974645 0.3744682635859638 0.29342972903661901 374.90000000000003 6.4821428571428594 8.0350000000000019 998.87963867187511 -0.40614700388750385
decision_type=2 2 2 2 2 2 2 2 2 2 8 2 2 2 2 2 2 2 2 2 2 2 2 2 2 8 2 2 2 2
left_child=-1 2 6 4 5 -3 17 21 9 11 -11 12 -9 -14 -15 -13 -10 -2 27 -20 -21 -8 -23 24 28 -26 -27 -19 -24 -30
right_child=1 3 -4 -5 -6 -7 7 8 16 10 -12 15 13 14 -16 -17 -18 18 19 20 -22 22 23 -25 25 26 -28 -29 29 -31
leaf_value=-0.0039920757281615765 -0.0010430472188523254 0.0065365728186540118 -0.0022886161435818008 -0.00082202755202553934 -0.00017505196834024776 0.0033088827650138031 -0.0011538064377042243 0.0020026412631320993 0.003517236096089494 0.0043619483579424995 0.0068895196901077429 0.0029082463426578897 0.0039359102432356859 0.011638342739565532 0.0088258098415500922 -0.00057554826616228584 -0.0011516140748277204 -6.6317480549190903e-05 0.0002909007903658018 -0.0012558649451186012 0.00073266717357714387 0.00069688669577107657 -0.0010807893245326533 -0.0081261503825666853 -0.0043238000407805613 0.0060616698616006411 0.0019749166683051657 0.0018167811167603865 0.013070392220316 0.00096632760894797658
leaf_weight=3430 30058 69 7217 43767 132 61 11478 4012 769 787 145 3037 1806 55 95 5714 4550 11777 49497 34744 9866 42352 10026 1297 455 256 376 11169 100 1171
leaf_count=3430 30058 69 7217 43767 132 61 11478 4012 769 787 145 3037 1806 55 95 5714 4550 11777 49497 34744 9866 42352 10026 1297 455 256 376 11169 100 1171
internal_value=-0.000117961 -9.56649e-05 -1.72781e-05 -0.000527949 0.0060687 0.0126923 2.09673e-05 0.000302267 0.00112542 0.00160022 0.00712446 0.00125042 0.00237265 0.00458589 0.0246667 0.000485086 -0.000271669 -0.000148223 -1.80699e-05 -0.000165611 -0.000559293 4.65838e-05 0.00021746 -0.000574155 -0.000276164 0.00281969 0.00631329 0.000587029 -0.000574047 0.00200236
internal_weight=290268 286838 242809 44029 262 130 235592 88481 20970 15651 932 14719 5968 1956 150 8751 5319 147111 117053 94107 44610 67511 56033 13681 12384 1087 632 22946 11297 1271
internal_count=290268 286838 242809 44029 262 130 235592 88481 20970 15651 932 14719 5968 1956 150 8751 5319 147111 117053 94107 44610 67511 56033 13681 12384 1087 632 22946 11297 1271
is_linear=0
shrinkage=0.05


Tree=108
num_leaves=31
num_cat=0
split_feature=0 13 9 23 23 22 19 20 22 19 5 20 22 22 22 0 23 22 5 23 22 22 22 21 23 22 22 22 3 0
split_gain=4.89119 4.11393 4.36497 5.15712 5.68339 9.62473 12.3814 7.89948 12.4548 8.75439 4.66224 4.72444 4.65365 4.93886 5.36217 5.69866 4.50579 4.29541 4.23537 3.88764 10.1907 5.5872 12.0282 9.01439 8.0225 7.99004 5.61287 29.5466 4.9549 4.64124
threshold=3.3350000000000004 19.350000000000005 744.82418823242199 0.60383265664488517 0.73136292505298039 0.54219432480460406 8.6850000000000005 405.50000000000006 0.58481550752069722 7.245000000000001 8.1092857142857167 735.30000000000007 -0.71504373327588355 -0.76141707087277943 -0.73866753694953124 4.955000000000001 0.89309379682046119 -0.48314718476766422 6.7535714285714308 0.97832380634958016 0.022575936829235418 0.49812943072827093 0.54219432480460406 127.50000000000001 0.8511460603353429 0.51297097409535064 -0.42180583328916638 -0.43733984355855576 7.4350000000000014 6.4150000000000009
decision_type=2 2 2 2 2 2 2 10 2 2 2 8 2 2 2 2 2 2 2 2 2 2 2 8 2 2 2 2 2 2
left_child=-1 2 3 -2 12 10 7 -7 -9 18 16 -12 13 -5 15 -15 17 -6 -10 21 -21 26 23 24 28 -26 27 -4 -23 -22
right_child=1 -3 19 4 5 6 -8 8 9 -11 11 -13 -14 14 -16 -17 -18 -19 -20 20 29 22 -24 -25 25 -27 -28 -29 -30 -31
leaf_value=-0.0018211675162729327 0.00014411220668019122 -0.00074703420997245581 4.5455364580924022e-05 -0.0029375458482226125 -0.0019815489984420717 0.0037739297991986258 -0.00087866478304068809 -0.0038296462164588924 0.005500005972965483 0.0060226225961913819 -5.7769908627637996e-05 0.0032613841448137235 -0.0039938638464208694 -0.008235793435282435 -0.0018345234511779663 0.0096839522307175119 -0.00066754287053510822 -0.0079732052034884853 0.010678861629112354 -0.0017559326495789785 0.0021801205582619811 0.0039900259079590113 0.0012351974814500185 -0.0048493066010975167 0.0055833673359129976 -0.0025899724134760237 -0.0017622723492909144 0.012157198355359503 0.016302965392783621 0.0084467832176514848
leaf_weight=10767 163465 43813 2767 1943 4214 2552 2520 169 69 224 15457 912 7526 213 1187 962 16692 2057 149 1003 574 168 4930 132 87 139 4741 172 70 594
leaf_count=10767 163465 43813 2767 1943 4214 2552 2520 169 69 224 15457 912 7526 213 1187 962 16692 2057 149 1003 574 168 4930 132 87 139 4741 172 70 594
internal_value=-0.000113827 -7.3543e-05 9.16347e-06 -4.76838e-05 -0.000457905 -0.000201601 0.0017218 0.00380493 0.00891162 0.0133258 -0.000479509 0.00016525 -0.0014331 -0.000121952 0.00141405 0.00380851 -0.000939121 -0.00208181 0.0204587 0.000823632 0.00278443 0.000501286 0.00171372 0.00842282 0.0117026 0.00495575 -0.000371095 0.00134569 0.0181092 0.0059589
internal_weight=290268 279501 235688 220311 56846 45015 5683 3163 611 442 39332 16369 11831 4305 2362 1175 22963 6271 218 15377 2171 13206 5526 596 464 226 7680 2939 238 1168
internal_count=290268 279501 235688 220311 56846 45015 5683 3163 611 442 39332 16369 11831 4305 2362 1175 22963 6271 218 15377 2171 13206 5526 596 464 226 7680 2939 238 1168
is_linear=0
shrinkage=0.05


Tree=109
num_leaves=31
num_cat=0
split_feature=14 15 24 16 8 15 23 14 21 24 24 23 23 20 23 24 24 23 16 24 14 20 24 23 16 24 20 24 23 2
split_gain=4.89171 5.75075 3.26793 3.97795 3.00141 2.89302 4.75981 4.08801 4.67567 3.87334 3.85066 3.30727 10.3811 6.18586 5.61543 7.60461 3.78547 4.1089 5.68028 3.70427 3.40227 4.69635 3.15402 6.27175 4.9548 4.19264 4.70437 4.12509 7.22832 3.8508
threshold=27.550000000000004 75.500000000000014 inf 8.6500000000000004 64.500000000000014 64.500000000000014 0.96849880583763492 30.750000000000004 77.500000000000014 -0.58499999999999985 1.9550000000000003 -0.85225707553516283 -0.80417042486635371 411.35000000000008 -0.84313311835787952 0.53000000000000014 1.7100000000000002 -0.89404254237865755 10.950000000000001 1.0350000000000004 31.850000000000005 398.65000000000003 1.9550000000000003 0.95436825032516992 11.850000000000003 1.8750000000000002 339.7000000000001 0.47500000000000003 0.38043945030393422 6.3100000000000023
decision_type=2 2 8 2 2 2 2 2 8 8 10 2 2 10 2 8 10 2 2 8 2 8 8 2 2 10 10 8 2 2
left_child=1 2 -1 -4 5 6 7 8 9 -2 -11 16 13 14 15 -13 -9 -18 -19 -17 -16 -22 25 -24 -25 26 -14 -28 -29 -30
right_child=4 -3 3 -5 -6 -7 -8 11 -10 10 -12 12 22 -15 20 19 17 18 -20 -21 21 -23 23 24 -26 -27 27 28 29 -31
leaf_value=-0.0017772098620998629 -0.0034607403044974424 2.5934348204290857e-05 0.0025376208469254187 0.013282390921112023 0.0094780886935158515 0.00019651683180397269 -0.002096972650107718 -0.0015937463501722654 -0.0037650421585797554 -6.4695260341481896e-05 -0.0096288083302391893 -0.00039874094267088083 -0.00086890764286967127 0.00072293033774548706 0.0027793433517359334 0.018300215010747183 0.00071082346572747467 0.015414215730896028 0.0070512116257841623 0.018312948312598519 0.0081341143303163329 0.013415586499182475 -0.0024323987721272516 0.0035185355085793294 0.016979591690933521 0.0027258415080007575 0.00027111418770133601 0.0018957531823433544 0.0071397951489277625 0.030892770296111594
leaf_weight=23691 2844 20110 298 70 418 128297 7668 12704 3964 20613 569 86 19891 1161 640 86 2673 90 150 97 537 69 7162 197 50 1005 26280 8207 573 68
leaf_count=23691 2844 20110 298 70 418 128297 7668 12704 3964 20613 569 86 19891 1161 640 86 2673 90 150 97 537 69 7162 197 50 1005 26280 8207 573 68
internal_value=-0.000109693 -0.000594196 -0.0011158 0.00355978 -2.27359e-05 -2.99384e-05 -0.000209314 -0.000125142 -0.000646661 -0.000384168 -0.000151545 5.34702e-05 0.000208064 0.00325859 0.00536304 0.0119145 -0.000600949 0.00102472 0.00729167 0.0176776 0.00394863 0.00663366 7.93739e-05 -0.000890135 0.00694332 0.000207588 0.000149129 0.000497038 0.00143083 0.00654446
internal_weight=290268 44169 24059 368 246099 245681 117384 109716 27990 24026 21182 81726 66109 2676 1515 269 15617 2913 240 183 1246 606 63433 7409 247 56024 55019 35128 8848 641
internal_count=290268 44169 24059 368 246099 245681 117384 109716 27990 24026 21182 81726 66109 2676 1515 269 15617 2913 240 183 1246 606 63433 7409 247 56024 55019 35128 8848 641
is_linear=0
shrinkage=0.05


Tree=110
num_leaves=31
num_cat=0
split_feature=5 2 17 17 3 2 20 23 3 19 18 5 23 23 16 15 9 23 23 14 9 20 9 14 3 23 15 20 0 23
split_gain=4.42808 3.65512 3.36511 6.40112 4.381 5.59823 3.9759 5.5607 3.32175 4.41751 3.28022 4.71902 4.20539 4.78796 3.93 3.54496 3.43891 3.29167 8.95101 12.8185 5.73319 3.83366 3.16552 3.09778 3.19214 3.33342 3.14533 2.86716 3.41025 2.85484
threshold=3.5250000000000008 0.4499999999999999 315.50000000000006 187.50000000000003 2.5283333333333338 -0.070000000000000159 243.20000000000002 -0.6523320455745395 7.4650000000000007 6.4450000000000012 8.8850000000000033 9.2750000000000021 0.87291090774974645 0.89309379682046119 8.4500000000000011 72.500000000000014 45.405416488647468 0.83258597624099873 0.83730377313544024 30.450000000000003 998.87963867187511 172.40000000000003 472.27819824218756 24.450000000000003 7.4983333333333348 -0.96687281075841669 84.500000000000014 374.90000000000003 126.53000000000002 -0.99628250747696534
decision_type=2 2 2 2 2 2 8 2 2 2 2 2 2 2 2 2 2 2 2 2 2 10 2 2 2 2 2 8 2 2
left_child=-1 2 3 8 5 -5 7 23 -2 -10 11 12 17 -14 -15 -16 -12 29 19 21 -20 -19 -9 24 25 -6 -27 -11 -29 -3
right_child=1 10 -4 4 6 -7 -8 22 9 27 16 -13 13 14 15 -17 -18 18 20 -21 -22 -23 -24 -25 -26 26 -28 28 -30 -31
leaf_value=-0.003684684189198725 -0.0014059637772973498 -0.0032175388042541436 -0.0015465486066334666 -0.0003328526361205207 0.0017140603271499589 0.0063714806860421932 0.00061879290124039173 -0.0029887767775053672 0.0011415314503308831 -0.0001025760413652281 0.00078400010940847227 0.0022549014906947935 -0.008899010885850012 -0.0020805297544380422 -0.00020494548368492588 0.0027285905770383571 -0.00047895114635943458 0.0051844702147898977 -0.0020771421284442593 0.012852886994356119 0.0031376195558563656 -0.0016581219323084651 0.00020943144795351515 0.00079003067145998543 -0.0017970974642664676 0.0061636040381876211 0.016457359392627186 -0.0016164920598332835 0.018415616086215017 0.00060742809432488983
leaf_weight=3430 29729 1117 16988 83 110 71 47339 7773 9823 22429 19550 8342 807 3237 5077 1254 51521 83 1069 79 423 103 3586 3013 155 104 56 18849 151 33917
leaf_count=3430 29729 1117 16988 83 110 71 47339 7773 9823 22429 19550 8342 807 3237 5077 1254 51521 83 1069 79 423 103 3586 3013 155 104 56 18849 151 33917
internal_value=-0.000109176 -8.78208e-05 -0.000246446 -0.000167551 0.000213516 0.00863636 0.000192641 -0.000522742 -0.000460665 -0.000216773 0.000113011 0.000401022 0.00020714 -0.000681929 -0.000369984 0.000354603 -0.000111932 0.000457855 0.00256972 0.0110377 0.00106568 0.00387097 -0.00105599 0.00123909 0.00523529 0.00851852 0.013125 -0.000442807 -0.000894738 0.000351943
internal_weight=290268 286838 160259 143271 62290 154 62136 14797 80981 51252 126579 55508 47166 10375 9568 6331 71071 36791 1757 265 1492 186 11359 3438 425 270 160 41429 19000 35034
internal_count=290268 286838 160259 143271 62290 154 62136 14797 80981 51252 126579 55508 47166 10375 9568 6331 71071 36791 1757 265 1492 186 11359 3438 425 270 160 41429 19000 35034
is_linear=0
shrinkage=0.05


Tree=111
num_leaves=31
num_cat=0
split_feature=4 22 22 22 2 20 16 17 1 16 17 22 23 19 20 23 2 23 23 0 23 20 19 9 20 17 4 22 22 20
split_gain=4.18822 4.19133 5.80202 7.07811 6.55957 3.28641 3.27107 4.55664 5.76678 5.70228 4.07585 3.60964 13.9822 12.6984 10.0006 5.31563 4.52694 4.46291 7.35691 5.03671 4.58048 10.5597 5.4915 4.22671 3.56882 3.43644 6.03261 3.42279 8.19956 18.1325
threshold=5.495000000000001 0.82899317702918729 0.92273069556937592 0.90892735371523092 0.11000000000000078 209.50000000000003 6.6500000000000012 214.50000000000003 1.9350000000000003 11.450000000000001 250.50000000000003 0.63920241694561786 0.74298546529340237 7.8650000000000011 379.30000000000001 0.65720762023595369 -2.4799999999999986 0.50370931781787065 0.41202506375868281 16.105000000000004 0.28313308994381592 166.10000000000002 7.5550000000000006 121.83880996704103 322.60000000000008 301.50000000000006 8.7350000000000012 0.9193901325473397 0.92273069556937592 200.30000000000004
decision_type=2 2 2 2 2 10 2 2 2 2 2 2 2 2 10 2 2 2 2 2 2 10 2 2 10 2 2 2 2 10
left_child=1 -1 3 5 -5 -3 -2 -8 -9 27 -11 -12 15 14 -14 17 -16 18 20 25 24 22 -22 -21 -13 26 -19 -10 29 -29
right_child=6 2 -4 4 -6 -7 7 8 9 10 11 12 13 -15 16 -17 -18 19 -20 23 21 -23 -24 -25 -26 -27 -28 28 -30 -31
leaf_value=-0.0029824170454217074 -0.00077869221893203688 -0.00079892645778154535 -0.0044031513572874454 0.013962608863494106 0.0031447941392631594 0.015995373273627805 -0.00031102051479569133 0.0040506648734123874 -0.00031675975550542841 0.0021712136956433589 8.937955885072378e-05 -0.0014113481215476884 0.00035754228488192298 -0.00038339530818448067 0.010920674934954716 -0.0046189871675119181 0.010037571992685956 0.0069679488132176216 -0.0099601261871264061 0.014639037875695069 0.012768915800783237 0.0017053260800764408 0.0032613369420078733 0.00081056058946403606 0.0033896107352053757 -0.0003582995815416567 0.0032250761931146414 0.010554990307462569 0.00094467496440449263 -0.0056034404376920964
leaf_weight=6126 34408 221 587 58 63 52 144328 444 58441 8919 18571 1923 56 140 57 923 76 116 693 66 106 481 84 50 1861 473 574 74 10213 84
leaf_count=6126 34408 221 587 58 63 52 144328 444 58441 8919 18571 1923 56 140 57 923 76 116 693 66 106 481 84 50 1861 473 574 74 10213 84
internal_value=-0.000107626 -0.00130646 0.00172783 0.00642132 0.0164876 0.00195971 -7.75366e-05 -1.43327e-05 0.00023725 0.00021297 0.000730898 0.000417142 0.00132895 0.0114134 0.0198677 0.00087755 0.0273308 0.00138712 0.00073038 0.00403049 0.00147587 0.00528316 0.0152632 0.0139655 0.000800739 0.00303955 0.00528985 -5.17364e-05 0.000785362 0.0120886
internal_weight=290268 7107 981 394 121 273 283161 248753 104425 103981 35169 26250 7679 329 189 7350 133 6427 5148 1279 4455 671 190 116 3784 1163 690 68812 10371 158
internal_count=290268 7107 981 394 121 273 283161 248753 104425 103981 35169 26250 7679 329 189 7350 133 6427 5148 1279 4455 671 190 116 3784 1163 690 68812 10371 158
is_linear=0
shrinkage=0.05


Tree=112
num_leaves=31
num_cat=0
split_feature=24 22 23 0 5 23 23 22 17 22 16 20 24 16 23 24 23 3 24 24 17 24 24 23 17 20 22 17 0 5
split_gain=4.34907 7.68382 5.6078 5.08243 4.38684 4.26151 6.74767 19.702 8.82911 6.48735 5.0462 4.79645 4.19184 4.60201 3.87928 5.66873 4.90281 5.68324 30.3062 8.04185 4.87794 4.26257 4.52813 6.9947 9.67661 5.85789 5.30944 5.52157 3.8879 6.54825
threshold=-0.77999999999999992 -0.62588817255938378 -0.3744658827978154 10.055000000000001 4.2650000000000015 0.21652257995689161 -0.056951011027366626 -0.99275805973510278 126.50000000000001 -0.99467753128998015 9.2500000000000018 339.7000000000001 1.9550000000000003 8.4500000000000011 -0.99628250747696534 1.3800000000000001 -0.97874870457683594 5.368333333333335 1.7100000000000002 0.05000000000000001 195.50000000000003 0.16500000000000004 -0.049999999999999996 -0.98801846520836312 76.500000000000014 330.7000000000001 -0.16799356919963607 191.50000000000003 6.4150000000000009 7.7978571428571444
decision_type=8 2 2 2 2 2 2 2 2 2 2 10 10 2 2 10 2 2 10 10 2 10 10 2 2 10 2 2 2 2
left_child=1 2 3 -1 -4 6 7 8 9 -6 -10 -7 14 -14 15 -2 17 18 19 20 -16 22 28 -24 -25 26 27 -26 29 -19
right_child=12 -3 4 -5 5 11 -8 -9 10 -11 -12 -13 13 -15 16 -17 -18 21 -20 -21 -22 -23 23 24 25 -27 -28 -29 -30 -31
leaf_value=0.0019681483001397528 -0.002762841018546628 -0.0060671703352572224 -0.005615431015926757 0.027198457058648304 0.019077149912513105 -0.00051467271511805286 -0.0073041613822571079 -0.0027426261436542293 0.0087900229939332827 0.0006918552401081029 -0.0007743581051380962 0.0029305490783925435 -0.0032981051113555554 -0.00021970713931707678 0.009257444948071427 0.0010877502882339558 -4.2749309434246279e-05 -0.0032431987448075434 0.014876143100845556 0.00074287086149554598 0.0021734731932252635 -0.00021711376659764244 0.00084683364199248626 0.01661088495884969 0.0069673735767283923 0.00089125626231107953 0.0046065822098613884 0.0033780423033092431 -0.0020205791799345731 0.0074882015577435127
leaf_weight=328 5940 1782 2147 68 149 4377 2725 2797 222 64 284 1887 4882 7196 145 1980 242352 131 69 1123 113 6011 1359 50 85 379 333 102 1085 103
leaf_count=328 5940 1782 2147 68 149 4377 2725 2797 222 64 284 1887 4882 7196 145 1980 242352 131 69 1123 113 6011 1359 50 85 379 333 102 1085 103
internal_value=-0.000105214 -0.000885325 -0.000517678 0.00535353 -0.000676359 -0.000317874 -0.00124259 0.000204777 0.00758693 0.0161268 0.00399209 0.000603447 -5.71988e-05 -0.000967877 -1.51144e-05 -0.0011048 1.89382e-05 0.00104708 0.00396552 0.00234975 0.0103101 0.000608009 0.00196168 0.00329723 0.00659115 0.00540044 0.00884615 0.0155882 -0.000375285 0.00547008
internal_weight=290268 16830 15048 396 14652 12505 6241 3516 719 213 506 6264 273438 12078 261360 7920 253440 11088 1450 1381 258 9638 3627 2308 949 899 520 187 1319 234
internal_count=290268 16830 15048 396 14652 12505 6241 3516 719 213 506 6264 273438 12078 261360 7920 253440 11088 1450 1381 258 9638 3627 2308 949 899 520 187 1319 234
is_linear=0
shrinkage=0.05


Tree=113
num_leaves=31
num_cat=0
split_feature=24 22 14 23 24 16 22 1 22 22 22 22 18 18 4 15 16 23 24 23 20 24 4 23 24 24 17 24 22 22
split_gain=4.30407 6.90093 4.25789 5.63082 3.8704 4.26153 3.85524 3.86259 3.49115 10.211 4.79632 10.582 10.2954 4.47969 3.85147 3.53724 3.4375 3.3754 4.98047 3.99306 4.84945 8.12496 31.5429 7.629 9.09391 8.59692 12.2344 7.32936 6.93271 6.60929
threshold=-0.77999999999999992 -0.62588817255938378 28.750000000000004 -0.3744658827978154 1.9550000000000003 8.4500000000000011 0.99939377080793557 7.2350000000000012 -0.14250824554987665 -0.35846811432664222 -0.65234524191686594 -0.69057362043749781 4.6850000000000014 10.255000000000001 8.5950000000000006 59.500000000000007 12.65 -0.99628250747696534 1.3800000000000001 -0.97874870457683594 391.80000000000001 1.7100000000000002 9.1750000000000025 -0.98801846520836312 -0.049999999999999996 0.83000000000000007 72.500000000000014 0.05000000000000001 -0.16799356919963607 -0.13398594226331254
decision_type=8 2 2 2 10 2 2 2 2 2 2 2 2 2 2 2 2 2 10 2 8 10 2 2 10 10 2 10 2 2
left_child=1 2 -1 -4 6 -6 17 -8 9 10 11 -7 14 15 -13 -11 -9 18 -2 20 21 23 -23 27 -25 26 -26 -19 -28 -24
right_child=4 -3 3 -5 5 8 7 16 -10 13 -12 12 -14 -15 -16 -17 -18 19 -20 -21 -22 22 29 24 25 -27 28 -29 -30 -31
leaf_value=-0.0027411775345226276 -0.0026246989676193024 -0.0057638118184943589 0.007339416847664264 -0.00018137556678297841 -0.0031331998557877733 -0.0017640832406177966 -0.0057155154887253501 -0.0016449661410336898 -0.0049746955216261532 -0.0026856660382864033 -0.0033097014004420163 0.010361952021260397 0.0030371091861532166 -0.00024876333378302611 0.014410444573769041 0.0059848118605181772 0.0039175435120776597 0.0032790448590187069 0.0010333627738222646 -6.1060817200825828e-06 -0.00063731452981444204 0.013059450017817992 -0.0021174678256881468 -0.0063494977746121981 0.017073318916678772 0.001184143340136785 0.0061758758682044328 -0.0018678580271987476 0.0034192077709184667 0.0064392214888853126
leaf_weight=5219 5940 1782 236 9593 4882 1746 1431 1510 986 140 2384 72 311 465 59 1033 227 1287 1980 239184 3930 85 293 470 64 1233 261 2670 625 170
leaf_count=5219 5940 1782 236 9593 4882 1746 1431 1510 986 140 2384 72 311 465 59 1033 227 1287 1980 239184 3930 85 293 470 64 1233 261 2670 625 170
internal_value=-0.00010332 -0.000879383 -0.000530969 8.18993e-05 -5.55531e-05 -0.000930619 -1.51144e-05 -0.00174874 -0.000157033 0.000281802 -0.00093176 0.000758683 0.00766968 0.00366911 0.0194275 0.00531543 -0.000164077 6.15702e-06 -0.0010101 3.83171e-05 0.000965908 0.00174071 0.00759124 0.00125567 0.00333019 0.0046885 0.00826316 -0.000135205 0.00673815 0.0024514
internal_weight=290268 16830 15048 9829 273438 12078 261360 3168 7196 6210 4572 2188 442 1638 131 1173 1737 258192 7920 250272 11088 7158 548 6610 2653 2183 950 3957 886 463
internal_count=290268 16830 15048 9829 273438 12078 261360 3168 7196 6210 4572 2188 442 1638 131 1173 1737 258192 7920 250272 11088 7158 548 6610 2653 2183 950 3957 886 463
is_linear=0
shrinkage=0.05


Tree=114
num_leaves=31
num_cat=0
split_feature=0 24 22 22 9 21 24 23 23 13 22 23 23 22 9 22 22 5 22 22 23 1 22 0 13 4 9 1 9 9
split_gain=4.22596 4.15126 3.9222 13.5247 4.04513 3.88969 3.57918 5.79439 6.13758 6.55668 5.85181 5.77444 15.3374 9.29117 8.14105 6.61693 8.43029 11.1279 6.28355 12.7736 6.86401 7.89612 13.0344 9.56212 7.57513 5.74393 5.47691 5.47605 5.32983 5.22698
threshold=3.4250000000000003 1.9550000000000003 -0.159513159777915 -0.30983472475487867 442.93069458007818 152.50000000000003 1.7100000000000002 -0.99273797715557011 -0.97507822412530132 0.8500000000000002 -0.20180236284700911 0.95691861501572195 0.92843842216862604 0.34235194516023087 654.16970825195324 0.12545942051955489 0.074116354202380205 5.0857142857142863 -0.92274349529687905 -0.46038400545438724 -0.99052477729077237 7.5150000000000006 -0.082689790342551819 6.9750000000000005 0.25000000000000006 36.055000000000007 151.7052917480469 7.035000000000001 583.67306518554699 168.63533020019534
decision_type=2 10 2 2 2 10 10 2 2 2 2 2 2 2 2 2 2 2 2 2 2 2 2 2 2 2 2 2 2 2
left_child=-1 6 3 5 -5 -3 7 26 9 -9 -11 12 18 -14 -15 16 -13 -18 -8 29 21 22 23 -21 25 -22 -2 -19 -10 -20
right_child=1 2 -4 4 -6 -7 11 8 28 10 -12 15 13 14 -16 -17 17 27 19 20 24 -23 -24 -25 -26 -27 -28 -29 -30 -31
leaf_value=-0.0016327267471045348 -0.00023331330735750543 -0.0021838237905812859 -0.0052382506065496472 0.0038276282083231773 0.009637918912154108 0.0063101503281317991 -0.0016531244252437401 -0.0010767020945423873 -0.00026004514089059187 -0.0045662937094033077 0.0025397082835105921 -0.0026867649451641227 0.002895141450917473 0.004290997038227334 0.0097555002355388613 -0.0063345293706155315 -0.0026456756254969755 0.0047850798738424266 0.0085045331086946799 0.01226277125266265 0.0038469228397525791 0.0009093671311037933 0.0020373709310561668 0.0037183478673697701 -0.0024726114445342388 0.020625827313476709 -0.0035871997684259293 0.0084285897025940578 0.00073593834319429926 -0.00063147682459348676
leaf_weight=11970 4833 7711 1881 1625 55 68 4511 1990 205828 439 5600 691 536 341 50 1815 200 210 1630 60 734 1235 320 79 4800 91 4344 117 26202 302
leaf_count=11970 4833 7711 1881 1625 55 68 4511 1990 205828 439 5600 691 536 341 50 1815 200 210 1630 60 734 1235 320 79 4800 91 4344 117 26202 302
internal_value=-0.000103492 -6.39255e-05 -0.00100088 -0.000586215 0.00348214 -0.00146484 -2.41248e-05 -7.29441e-05 -2.58073e-05 0.00133329 0.0021535 0.000662452 0.00107257 0.00729773 0.0131586 -0.00132377 0.00152709 0.00629032 0.000653247 0.00139931 0.000444732 0.00323495 0.00883442 0.0216187 -0.000395557 0.0040303 -0.00130598 0.0119725 -7.28366e-05 0.00501553
internal_weight=290268 278298 11340 9459 1680 7779 266958 249236 240059 8029 6039 17722 14689 927 391 3033 1218 527 13762 9251 7319 1694 459 139 5625 825 9177 327 232030 1932
internal_count=290268 278298 11340 9459 1680 7779 266958 249236 240059 8029 6039 17722 14689 927 391 3033 1218 527 13762 9251 7319 1694 459 139 5625 825 9177 327 232030 1932
is_linear=0
shrinkage=0.05


Tree=115
num_leaves=31
num_cat=0
split_feature=5 22 1 16 22 21 22 22 2 24 22 9 9 22 22 5 24 3 19 14 24 24 19 5 22 9 10 9 1 5
split_gain=4.24225 3.42075 3.52125 3.32166 3.29609 6.90522 10.7057 7.55761 7.68312 6.64767 12.3936 8.63957 7.79716 7.73767 20.1942 17.4129 15.5625 15.619 7.76645 7.09951 6.81532 8.23949 12.5011 6.53882 8.75806 6.07326 5.88612 5.63828 4.87658 4.74691
threshold=3.5250000000000008 0.99939377080793557 6.5950000000000006 12.65 0.96687895796550427 177.50000000000003 0.99552231814189451 0.99761913169647187 0.054999999999997946 0.095000000000000015 0.96904697354198299 998.87963867187511 472.27819824218756 0.98802474685579866 0.98049069993378934 7.5857142857142863 0.36500000000000005 7.7316666666666674 6.6850000000000014 29.050000000000004 0.36500000000000005 0.24500000000000002 11.965000000000002 5.3335714285714309 0.9916835347852474 145.36562347412112 4.5025000572204599 127.29896545410158 7.2350000000000012 8.4321428571428587
decision_type=2 2 2 2 2 8 2 2 2 10 2 2 2 2 2 2 10 2 2 2 10 10 2 2 2 2 2 2 2 2
left_child=-1 4 -3 -4 29 6 9 26 -9 10 12 -12 -6 14 15 19 17 25 -19 -11 21 -15 27 24 -13 -16 -7 -23 -20 -2
right_child=1 2 3 -5 5 7 -8 8 -10 13 11 23 -14 20 16 -17 -18 18 28 -21 -22 22 -24 -25 -26 -27 -28 -29 -30 -31
leaf_value=-0.0032368099275201616 -0.00045068499055985904 -0.0060825319866577411 -0.0017072832059431319 0.0036457465527694743 0.0086145256482871718 -0.0036274629180090552 -0.0016573713126469176 -0.0022766627596740681 0.0089149006669525434 0.0088991731289762982 -0.001385820970093632 0.0018772813841743279 0.026021967846946131 -0.002742268913504365 0.017369654918022292 -0.0030720155917402479 0.00080041753752064897 0.015910153755340592 0.01686971028229561 0.0034718696011934386 -0.005158866554267158 -0.0052872475783147955 0.013404451223167441 0.0038483523906808273 0.013751411046544953 0.018828643331041298 0.016270879938234905 0.0082975845346592338 0.012167315406974639 0.00015566512408346438
leaf_weight=3430 132124 1173 1711 259 148 4245 4146 399 384 273 4137 121 50 589 66 1445 396 53 78 445 790 225 130 990 80 126 152 424 646 131033
leaf_count=3430 132124 1173 1711 259 148 4245 4146 399 384 273 4137 121 50 589 66 1445 396 53 78 445 790 225 130 990 80 126 152 424 646 131033
internal_value=-0.00010332 -8.24171e-05 -0.00172288 -0.000431473 -6.42427e-05 0.000545816 0.00107826 -0.00103282 0.00349297 0.00188102 0.000646036 0.000189563 0.0129293 0.00308125 0.00452381 0.00151872 0.00928571 0.0126987 0.00954311 0.00788301 0.00072289 0.00285819 0.00623235 0.00394206 0.0121642 0.0254687 -0.00183875 0.00339753 0.00819061 -0.000111855
internal_weight=290268 286838 3143 1970 283695 20538 15358 5180 783 11212 5526 5328 198 5686 3528 2163 1365 969 777 718 2158 1368 779 1191 201 192 4397 649 724 263157
internal_count=290268 286838 3143 1970 283695 20538 15358 5180 783 11212 5526 5328 198 5686 3528 2163 1365 969 777 718 2158 1368 779 1191 201 192 4397 649 724 263157
is_linear=0
shrinkage=0.05


Tree=116
num_leaves=31
num_cat=0
split_feature=24 22 20 23 22 17 22 22 24 22 1 22 22 0 15 21 21 22 22 0 5 1 1 9 5 22 22 22 9 23
split_gain=3.89542 6.68889 4.23161 4.70879 14.2453 8.2242 5.751 3.93825 3.57055 3.49927 3.60057 3.43282 12.3706 4.52543 6.29451 7.63829 4.79802 3.89441 15.1316 6.81703 5.80549 3.58152 3.43349 3.43032 3.39941 3.77034 3.74427 3.71337 3.50854 3.33572
threshold=-0.77999999999999992 -0.62588817255938378 339.7000000000001 -0.056951011027366626 -0.99467753128998015 173.50000000000003 -0.97876850416056738 -0.93545489084327571 1.9550000000000003 0.99939377080793557 6.5950000000000006 -0.14250824554987665 -0.30983472475487867 10.535000000000002 62.500000000000007 36.900000000000006 67.500000000000014 -0.65234524191686594 -0.69057362043749781 7.4450000000000012 5.3335714285714309 6.8350000000000009 6.7950000000000008 177.39275360107425 4.7464285714285728 -0.92923668111203805 -0.94705910369513524 -0.94139628442229062 998.87963867187511 0.99981043035926087
decision_type=8 2 10 2 2 2 2 2 10 2 2 2 2 2 2 10 10 2 2 2 2 2 2 2 2 2 2 2 2 2
left_child=1 2 3 4 5 -1 -5 -4 9 29 -11 12 17 14 -14 -16 -17 18 -10 20 -20 23 -19 -22 -8 26 -26 -28 -27 -2
right_child=8 -3 7 6 -6 -7 24 -9 11 10 -12 -13 13 -15 15 16 -18 22 19 -21 21 -23 -24 -25 25 28 27 -29 -30 -31
leaf_value=0.021151846829425985 2.3820714742249289e-05 -0.0054655053470079405 -0.0010841655336536167 -0.0086955201963493777 -0.00050012544270249643 0.002511767862512494 -0.0048050894802643259 0.002806712594454701 -0.0026567912007847199 -0.0058072802653769519 -0.00038869748637796489 -0.0048713753201831463 -0.001225439131109312 -0.00055539477965950261 0.0050250004093325097 0.012000354946712897 0.0072745256484443273 -0.0053069511109537018 0.0031489975222894723 -0.0011942752223583651 0.01167098261343605 0.0058403552720288901 -0.00094569964574598916 0.0050938574065614549 0.00028842229036197154 -0.0018167477238851552 0.0061518768963018241 0.0074329982753434196 0.0031393557252944355 -0.0046588643398529058
leaf_weight=135 256608 1782 2357 2241 2560 103 1729 1941 3168 1198 1970 1782 369 523 917 102 69 2678 149 178 105 97 1876 65 745 2724 112 254 147 1584
leaf_count=135 256608 1782 2357 2241 2560 103 1729 1941 3168 1198 1970 1782 369 523 917 102 69 2678 149 178 105 97 1876 65 745 2724 112 254 147 1584
internal_value=-0.000102458 -0.000840762 -0.000497742 -0.00102791 0.000736239 0.012437 -0.00164864 0.000828291 -5.70159e-05 -1.81754e-05 -0.00166982 -0.000897501 -0.000546815 0.00300505 0.0044372 0.0063511 0.0160526 -0.0013925 -0.000202021 0.00712121 0.010625 0.0150375 -0.00237593 0.0194118 -0.00080634 -2.51249e-06 0.00247075 0.00661202 -0.000959597 2.09027e-06
internal_weight=290268 16830 15048 10750 2798 238 7952 4298 273438 261360 3168 12078 10296 1980 1457 1088 171 8316 3762 594 416 267 4554 170 5711 3982 1111 366 2871 258192
internal_count=290268 16830 15048 10750 2798 238 7952 4298 273438 261360 3168 12078 10296 1980 1457 1088 171 8316 3762 594 416 267 4554 170 5711 3982 1111 366 2871 258192
is_linear=0
shrinkage=0.05


Tree=117
num_leaves=31
num_cat=0
split_feature=14 15 17 17 13 15 14 9 19 24 19 13 4 22 19 17 20 22 13 22 24 5 8 24 22 4 14 19 22 22
split_gain=4.14538 5.0552 4.89546 3.7765 3.48852 2.89754 4.37809 3.35663 3.76707 3.4487 5.25236 3.03395 2.94173 4.11092 2.90375 2.82993 2.74657 4.06266 5.72491 4.27999 6.93229 3.0027 5.30823 2.80296 2.80688 3.86326 2.79633 2.90496 2.78816 4.05592
threshold=27.550000000000004 75.500000000000014 179.50000000000003 270.50000000000006 8.7500000000000018 64.500000000000014 30.050000000000004 55.44726753234864 8.2450000000000028 1.4950000000000003 11.595000000000001 0.55000000000000016 189.73500000000004 -0.91597725483594616 6.8850000000000007 308.50000000000006 407.40000000000003 -0.52032787705993211 0.25000000000000006 -0.56368474752277564 -0.89499999999999991 10.805000000000003 2.5000000000000004 -0.58499999999999985 -0.73866753694953124 102.57500000000002 31.550000000000004 7.8250000000000011 -0.99467753128998015 -0.91597725483594616
decision_type=2 2 2 2 2 2 2 2 2 10 2 2 2 2 2 2 8 2 2 2 10 2 2 10 2 2 2 2 2 2
left_child=1 2 -1 4 -4 6 14 9 -9 12 -11 -12 16 -14 -2 -3 17 18 -8 21 -21 22 -20 24 -18 -26 -24 -28 -25 -30
right_child=5 15 3 -5 -6 -7 7 8 -10 10 11 -13 13 -15 -16 -17 23 -19 19 20 -22 -23 26 28 25 -27 27 -29 29 -31
leaf_value=-0.0029605494285826722 -0.0027208198766021725 0.00043630173637914158 0.0019382653955862666 -0.0017978840052994592 -0.00085366865494899708 0.00019924026094532876 0.012339633255341195 0.00014734752187277352 -0.0010098193935404764 -8.7395887643191195e-05 0.0083978325895111942 0.0027358649314053632 0.024070136202743425 0.0042787515202289432 -0.00058430440055413035 -0.0020789792423819673 -0.006865416010319177 -0.00062538549231359647 0.0026674987993173613 0.026208501507914619 0.0027900160656650057 -0.0018124359517746793 0.0013026949610603874 -0.010354178889110048 -0.0012681972824768759 0.0094671051132012088 0.0062983525065995393 0.036905866375424749 0.0029956352312559506 -0.00062007599801001435
leaf_weight=10525 7204 17327 3395 6642 3497 128309 879 28460 31051 4745 1897 2727 107 561 10759 2783 2420 6641 1687 94 202 2966 81 508 1862 80 60 84 2128 10587
leaf_count=10525 7204 17327 3395 6642 3497 128309 879 28460 31051 4745 1897 2727 107 561 10759 2783 2420 6641 1687 94 202 2966 81 508 1862 80 60 84 2128 10587
internal_value=-0.000101769 -0.000547784 -0.00103683 -0.000407863 0.000412071 -2.17201e-05 -0.000200782 -7.14748e-05 -0.000310112 0.000280781 0.00112125 0.0023205 2.63342e-05 0.00330838 -0.000919391 3.72937e-05 -4.60727e-05 0.000514415 0.00145135 0.000817548 0.0066554 0.000463303 0.00200837 -0.000450669 -0.00154975 -0.000133884 0.00922222 0.0134028 -8.81053e-05 5.70181e-05
internal_weight=290268 44169 24059 13534 6892 246099 117790 99827 59511 40316 9369 4624 30947 668 17963 20110 30279 12694 6053 5174 296 4878 1912 17585 4362 1942 225 144 13223 12715
internal_count=290268 44169 24059 13534 6892 246099 117790 99827 59511 40316 9369 4624 30947 668 17963 20110 30279 12694 6053 5174 296 4878 1912 17585 4362 1942 225 144 13223 12715
is_linear=0
shrinkage=0.05


Tree=118
num_leaves=31
num_cat=0
split_feature=24 22 20 23 22 22 24 22 22 22 24 22 24 22 23 22 20 15 23 22 23 24 22 5 21 23 22 9 22 19
split_gain=4.15542 6.08861 4.02205 4.27123 12.1413 5.20076 3.64878 10.1539 9.86535 16.9335 9.32208 8.82496 63.9205 10.0229 9.52661 10.5045 12.1482 8.85233 7.48746 10.8004 9.77059 10.56 16.5064 13.6941 7.22867 7.18419 28.3528 13.6125 12.9906 7.14636
threshold=-0.77999999999999992 -0.62588817255938378 339.7000000000001 -0.056951011027366626 -0.99275805973510278 -0.97876850416056738 -0.089999999999999983 -0.97509794945709805 -0.90893996196865023 -0.85227431625818906 -0.064999999999999988 0.79904096188274243 -0.22499999999999995 0.84313847884979054 -0.54219087765047058 -0.72696319516528884 405.50000000000006 76.500000000000014 0.41202506375868281 -0.82415615971448097 0.11478523713130605 0.095000000000000015 0.98667101781630195 7.4692857142857161 21.900000000000002 0.92843842216862604 0.3261394409934788 695.77572631835949 -0.159513159777915 7.3150000000000004
decision_type=8 2 10 2 2 2 10 2 2 2 10 2 10 2 2 2 10 2 2 2 2 10 2 2 10 2 2 2 2 2
left_child=1 2 3 4 -1 -5 11 -8 -9 -10 -11 14 -13 17 15 16 -2 -14 19 24 -21 22 -22 -23 -12 -20 28 -28 -27 -24
right_child=6 -3 -4 5 -6 -7 7 8 9 10 18 12 13 -15 -16 -17 -18 -19 25 20 21 23 29 -25 -26 26 27 -29 -30 -31
leaf_value=0.0083636390103411524 0.0070959008954743115 -0.0050968361240484646 0.0010141527119529711 -0.0082825586403284281 -0.0009335438066777256 -0.0010091822939583192 0.0038205741956325008 -0.005982132062439892 0.0063345155540825097 -0.0034310176083792035 0.013947383805859154 -0.0033774715285701858 0.0093521443037718026 0.0019772849049620777 -0.00016907313017975277 0.00082236266131448894 -0.00047324585317101405 0.010836929497458627 -0.0023298994721447849 -0.00034466180347975166 -0.0021378073610502347 0.0060716830389040497 0.0070503662517038199 0.0016946240701473736 0.0041859365187421815 0.0028989183125275575 0.0038996487362021846 0.01046667417267922 -0.0024804521196151084 0.0017943272228405441
leaf_weight=425 2758 1782 4298 2241 2373 5711 5148 4752 3366 5544 231 2376 871 198 89298 12870 1598 119 20394 100584 5940 2203 579 4925 363 2376 538 56 5742 609
leaf_count=425 2758 1782 4298 2241 2373 5711 5148 4752 3366 5544 231 2376 871 198 89298 12870 1598 119 20394 100584 5940 2203 579 4925 363 2376 538 56 5742 609
internal_value=-9.90131e-05 -0.000861558 -0.000534291 -0.00105116 0.00062902 -0.00164236 -5.20788e-05 -0.000202021 -0.000273133 -0.000203651 -0.00028231 0.000170408 0.00261784 0.0120875 8.85235e-05 0.0011651 0.00328742 0.0141414 -0.000205135 -2.44307e-05 -5.9214e-05 0.00116582 -0.000195007 0.00252665 0.00670034 -0.000921804 0.000280072 0.0108249 -0.000491502 0.00518518
internal_weight=290268 16830 15048 10750 2798 7952 273438 163350 158202 153450 150084 110088 3564 1188 106524 17226 4356 990 144540 115434 114840 14256 7128 7128 594 29106 8712 594 8118 1188
internal_count=290268 16830 15048 10750 2798 7952 273438 163350 158202 153450 150084 110088 3564 1188 106524 17226 4356 990 144540 115434 114840 14256 7128 7128 594 29106 8712 594 8118 1188
is_linear=0
shrinkage=0.05


Tree=119
num_leaves=31
num_cat=0
split_feature=14 15 17 17 15 23 14 21 23 1 2 23 17 9 22 17 4 23 23 23 22 21 22 17 15 23 9 15 5 19
split_gain=3.83091 4.83069 4.32643 3.6175 2.79859 4.1334 3.64555 4.12242 3.28917 4.48235 4.06774 3.36042 3.60993 3.53361 5.20277 5.07769 4.92627 3.23767 3.58372 8.66065 7.16845 6.03347 4.85596 4.70401 4.5419 4.4605 4.31213 4.21978 4.0066 3.97744
threshold=27.550000000000004 75.500000000000014 183.50000000000003 315.50000000000006 64.500000000000014 0.96849880583763492 30.750000000000004 77.500000000000014 0.98174098242282837 7.035000000000001 -0.90000000000000002 0.99748108949426018 221.50000000000003 150.13784790039065 0.12545942051955489 293.50000000000006 22.255000000000006 0.96177147954086928 0.89691351184655443 0.86439018870140905 -0.37447345805034543 117.50000000000001 0.27694220057652758 304.50000000000006 73.500000000000014 0.83258597624099873 569.42919921875011 71.500000000000014 12.183571428571431 4.8850000000000007
decision_type=2 2 2 2 2 2 2 8 2 2 2 2 2 2 2 2 2 2 2 2 2 8 2 2 2 2 2 2 2 2
left_child=1 2 -1 -4 5 6 7 -2 17 -10 -11 12 -12 16 -15 -16 -14 18 19 25 23 22 26 27 -23 -6 -22 -20 -21 -29
right_child=4 -3 3 -5 8 -7 -8 -9 9 10 11 -13 13 14 15 -17 -18 -19 20 28 21 24 -24 -25 -26 -27 -28 29 -30 -31
leaf_value=-0.0027657811575257443 -0.0005137859250344503 7.441273462035808e-05 3.86416761399317e-05 -0.0035988930384568949 8.8750317031383502e-05 -0.0018722382774012788 7.4544167132093819e-05 -0.0034578682196452245 -0.00013751088632767914 0.00078906255527415748 0.0016587116747174835 0.00035070368755675335 0.0063838109635094235 0.0017753935068573032 0.01236345116394038 0.0012056300510357131 0.016864913776162928 -0.001780684617954372 0.0023726215527822641 -0.0054029750809266412 0.0019246887665004713 0.0019942605183031615 -0.0038655319840915797 -0.0016846543651849639 0.0056263378618217428 0.0021584772816794001 -0.0034401540581870289 0.010790555270152012 0.0025937586241144527 0.0048650345194161107
leaf_weight=10840 24027 20110 10310 2909 101637 7668 82121 3974 4272 2431 500 705 251 472 163 95 51 3662 772 2782 2511 776 2235 375 361 2950 396 142 398 372
leaf_count=10840 24027 20110 10310 2909 101637 7668 82121 3974 4272 2431 500 705 251 472 163 95 51 3662 772 2782 2511 776 2235 375 361 2950 396 142 398 372
internal_value=-0.000100908 -0.000529671 -0.00100773 -0.000400561 -2.3955e-05 -0.000199933 -0.000121775 -0.000614444 0.000137596 0.00106264 0.00213367 0.00367233 0.00498694 0.00667636 0.00479452 0.0105039 0.0112252 6.83164e-05 0.000114642 3.9111e-05 0.0011398 0.000367095 -0.000361728 0.00406081 0.00366315 0.00011727 0.000985551 0.00549767 -0.00253145 0.00900778
internal_weight=290268 44169 24059 13219 246099 117790 110122 28001 128309 8940 4668 2237 1532 1032 730 258 302 119369 115707 107767 7940 6279 5142 1661 1137 104587 2907 1286 3180 514
internal_count=290268 44169 24059 13219 246099 117790 110122 28001 128309 8940 4668 2237 1532 1032 730 258 302 119369 115707 107767 7940 6279 5142 1661 1137 104587 2907 1286 3180 514
is_linear=0
shrinkage=0.05


Tree=120
num_leaves=31
num_cat=0
split_feature=24 23 20 23 23 17 23 20 24 23 23 20 23 2 23 23 2 16 17 23 24 20 0 23 23 23 20 2 20 23
split_gain=3.9109 5.71772 3.91934 3.80315 10.3815 6.19534 4.92443 4.46403 3.34783 6.83035 8.82611 10.3695 7.10922 6.0755 5.94127 41.5827 11.4535 12.3412 7.90803 6.37555 5.93264 8.75473 6.81808 5.13747 6.63598 7.59606 15.2771 14.9486 6.91004 8.3283
threshold=-0.77999999999999992 0.77652048701313048 339.7000000000001 -0.056951011027366626 -0.10837475778693638 173.50000000000003 0.19969739736768838 280.7000000000001 -0.089999999999999983 -0.54219087765047058 -0.6905596507703472 405.50000000000006 -0.48313741114591585 -2.8699999999999997 -0.93543596745397617 -0.96687281075841669 0.054999999999997946 11.450000000000001 179.50000000000003 -0.95242240592625282 -0.27499999999999997 382.2000000000001 24.485000000000003 0.45847758937963173 0.11478523713130605 0.2332836900311728 617.20000000000016 -4.139999999999997 117.40000000000002 0.21652257995689161
decision_type=8 2 10 2 2 2 2 10 10 2 2 10 2 2 2 2 2 2 2 2 10 10 2 2 2 2 8 2 10 2
left_child=1 2 3 4 -1 7 -5 -6 9 10 14 13 -11 -12 15 -2 17 -17 -18 -20 21 22 -16 24 -10 28 -27 -28 29 -26
right_child=8 -3 -4 6 5 -7 -8 -9 23 12 11 -13 -14 -15 20 16 18 -19 19 -21 -22 -23 -24 -25 25 26 27 -29 -30 -31
leaf_value=-0.00043986685748956597 -0.0012260330402584739 -0.0049162090873053985 0.00098930028290598296 -0.0078721513833284931 0.010966027122561679 0.001886041535582227 -0.00096316069511197299 0.025365903598458202 -0.00032447827560211839 -0.007267086143182039 0.000790494404357878 -0.00040033130797646082 6.5467449695690437e-05 0.0075334651461289792 0.010028048772610825 0.011922768539070273 0.0015825806553310209 0.0066225175614131569 0.015550379508872524 0.010231765596358595 -0.0032605590409672935 -0.00040437703454005645 0.0028663598626284727 -0.0012484975129746247 -0.0066623403041165168 -0.0013586980099412303 0.012501011358982668 0.0029871333537430022 0.0042517664145323708 0.010877779923005412
leaf_weight=2560 3168 1782 4298 2241 67 103 5711 68 115038 1584 647 1598 91278 2111 463 278 422 198 135 155 5148 2407 496 27522 1267 10838 194 2828 5464 199
leaf_count=2560 3168 1782 4298 2241 67 103 5711 68 115038 1584 647 1598 91278 2111 463 278 422 198 135 155 5148 2407 496 27522 1267 10838 194 2828 5464 199
internal_value=-9.50513e-05 -0.00083482 -0.000517678 -0.00102791 0.00055754 0.0105462 -0.00158577 0.0175926 -4.95188e-05 0.000163595 0.00107802 0.00302341 -6.03165e-06 0.00488035 0.000419579 0.00192149 0.00989899 0.0159034 0.00588483 0.0122414 -0.000348838 0.00128342 0.00532325 -0.000193145 -6.69241e-05 0.00075517 7.93639e-05 0.00322303 0.00210678 -0.000941338
internal_weight=290268 16830 15048 10750 2798 238 7952 135 273438 110088 17226 4356 92862 2758 12870 4356 1188 476 712 290 8514 3366 959 163350 135828 20790 13860 3022 6930 1466
internal_count=290268 16830 15048 10750 2798 238 7952 135 273438 110088 17226 4356 92862 2758 12870 4356 1188 476 712 290 8514 3366 959 163350 135828 20790 13860 3022 6930 1466
is_linear=0
shrinkage=0.05


Tree=121
num_leaves=31
num_cat=0
split_feature=5 13 16 3 20 15 16 0 9 23 23 21 14 23 23 23 23 18 13 20 14 20 23 23 23 23 23 23 17 15
split_gain=3.58953 3.07286 3.95663 4.9716 3.02002 3.01184 2.96532 2.71335 2.89869 4.93325 7.08205 3.33099 3.47874 7.73805 3.00016 6.83958 5.13714 12.8977 16.7812 9.84607 5.80586 4.42063 4.79647 14.2052 4.49073 5.66071 8.48658 5.9231 5.3486 4.10452
threshold=3.5250000000000008 12.15 6.6500000000000012 2.5283333333333338 231.75000000000003 80.500000000000014 10.050000000000002 2.8850000000000002 845.66873168945324 0.98332250088165762 0.99138911339924218 27.500000000000004 29.850000000000005 0.99024581825578073 0.60383265664488517 0.73136292505298039 0.76556758748011056 8.4750000000000032 2.1500000000000008 444.30000000000001 32.150000000000013 735.30000000000007 0.81304046271159414 0.8511460603353429 0.8852232634113919 0.94636490295939868 0.92843842216862604 0.99249573635719013 201.50000000000003 69.500000000000014
decision_type=2 2 2 2 10 2 2 2 2 2 2 8 2 2 2 2 2 2 2 10 2 8 2 2 2 2 2 2 2 2
left_child=-1 7 5 4 -4 -3 -6 -2 14 -10 11 12 13 -11 -9 -16 17 18 20 -20 -17 29 -23 -24 -25 26 28 -27 -26 -18
right_child=1 2 3 -5 6 -7 -8 8 9 10 -12 -13 -14 -15 15 16 21 -19 19 -21 -22 22 23 24 25 27 -28 -29 -30 -31
leaf_value=-0.00297499619885068 -0.003289801885227732 -0.0023187519876439601 -0.00010807980972745546 -0.00028711340589766837 0.0074218295443468562 0.00027830919191134236 0.0040366291250362365 0.0002048005550889561 0.00040283151215500431 0.0017337892312388192 0.00094452495048929054 0.00059917603372524339 0.022894707099475095 0.0094922805380356079 -0.0028872143298653771 0.0083766320787113414 -0.0010034429353023221 -0.0028503588611734653 0.001069629261518043 0.0087165538201096071 0.010858035607717047 -0.0067529088235205349 0.011779111955193215 -0.012940543763666729 0.0043741789350632684 -0.0050172537187590923 0.0041944223196585346 0.002414703288163803 -0.0051692231508901031 0.00064863342777737735
leaf_weight=3430 1998 11222 96 79213 61 3676 103 136424 7912 153 946 131 77 77 9258 259 21709 1090 861 78 55 418 102 415 545 756 473 481 396 7853
leaf_count=3430 1998 11222 96 79213 61 3676 103 136424 7912 153 946 131 77 77 9258 259 21709 1090 861 78 55 418 102 415 545 756 473 481 396 7853
internal_value=-9.76351e-05 -7.84078e-05 -0.00031212 -0.000171946 0.00673077 -0.00105988 0.0108537 3.61868e-05 5.54146e-05 0.000916522 0.00367052 0.00892694 0.0117752 0.00869565 1.12312e-05 -0.000344031 -2.83182e-05 0.00223431 0.00569433 0.00234824 0.0157006 -0.000188248 0.0014696 0.00213384 0.00152316 0.00228027 0.0044413 -0.000189977 0.001695 -0.000389352
internal_weight=290268 286838 94371 79473 260 14898 164 192467 190469 9296 1384 438 307 230 181173 44749 35491 2343 1253 939 314 33148 3586 3168 3066 2651 1414 1237 941 29562
internal_count=290268 286838 94371 79473 260 14898 164 192467 190469 9296 1384 438 307 230 181173 44749 35491 2343 1253 939 314 33148 3586 3168 3066 2651 1414 1237 941 29562
is_linear=0
shrinkage=0.05


Tree=122
num_leaves=31
num_cat=0
split_feature=24 22 20 24 22 22 22 24 22 24 13 16 23 22 24 20 23 22 24 22 2 14 22 22 18 24 15 23 22 23
split_gain=3.87592 5.6111 3.72099 3.26569 8.50814 9.08816 12.4016 8.74585 7.81481 57.1049 10.3963 12.3053 8.01957 18.5185 26.7904 16.5593 9.13387 11.4138 25.7601 11.9725 7.87709 7.458 7.099 11.6541 16.8518 11.551 6.99286 6.8231 9.46867 7.72386
threshold=-0.77999999999999992 -0.62588817255938378 263.90000000000003 -0.089999999999999983 -0.97509794945709805 -0.91597725483594616 -0.85227431625818906 -0.064999999999999988 0.79904096188274243 -0.22499999999999995 2.2500000000000004 10.15 -0.14250536273956091 -0.97876850416056738 -0.18999999999999997 431.60000000000008 0.063390085881955341 -0.9905448150984083 -0.22499999999999995 -0.96689237009891416 -3.0799999999999983 28.150000000000002 0.67802080537253961 0.58481550752069722 8.4750000000000032 -0.24999999999999997 67.500000000000014 0.41202506375868281 -0.82415615971448097 0.11478523713130605
decision_type=8 2 10 10 2 2 2 10 2 10 2 2 2 2 10 10 2 2 10 2 2 2 2 2 2 10 2 2 2 2
left_child=1 2 -1 8 -5 -6 -7 -8 12 -10 -11 -12 13 14 15 -2 -14 18 20 -19 -18 -13 23 26 25 -25 -21 28 -9 -30
right_child=3 -3 -4 4 5 6 7 27 9 10 11 21 16 -15 -16 -17 17 19 -20 22 -22 -23 -24 24 -26 -27 -28 -29 29 -31
leaf_value=-0.0024673387779974741 0.018233689988647821 -0.0046069065573379744 0.00014757459262776395 0.0035724322428407939 -0.0058554710622831883 0.0049723024867622048 -0.0032464600385046041 0.0088941117875271265 -0.0031852141133447438 0.0031546826647852969 0.0093705539141405603 0.0099337562332663387 -0.0043797891328360384 0.00086741166926538682 -0.00080798935389967969 0.0038903243129125454 0.01441391207557105 -0.0059837534536321705 -0.0036104756209963569 -0.00073881847763362235 0.0083492401093912816 0.0091822159590083767 -0.0031345858838480699 0.0015487499348344259 -5.6960578355351034e-05 0.0076416421488199465 0.00069911269478437272 -0.0012496156150658207 -0.00030082911187737516 0.001487487449064616
leaf_weight=5721 537 1782 9327 5148 4356 3762 5544 594 2376 370 381 89 4752 27522 792 255 188 2772 792 31321 604 348 5940 614 2325 1219 26891 29106 100584 14256
leaf_count=5721 537 1782 9327 5148 4356 3762 5544 594 2376 370 381 89 4752 27522 792 255 188 2772 792 31321 604 348 5940 614 2325 1219 26891 29106 100584 14256
internal_value=-9.53958e-05 -0.000831849 -0.000517678 -5.00674e-05 -0.00019192 -0.000257014 -0.000193246 -0.00026432 0.000160416 0.00246352 0.0114141 0.0145599 8.33603e-05 0.000790901 0.00604798 0.0125505 -0.000182646 -4.37631e-05 0.00415404 -0.000137307 0.0105303 0.020286 -6.58881e-06 0.000150712 0.00270803 0.00629296 -3.19534e-05 -0.000189568 -1.70672e-05 -4.96355e-05
internal_weight=290268 16830 15048 273438 163350 158202 153846 150084 110088 3564 1188 818 106524 29106 1584 792 77418 72666 1584 71082 792 437 68310 62370 4158 1833 58212 144540 115434 114840
internal_count=290268 16830 15048 273438 163350 158202 153846 150084 110088 3564 1188 818 106524 29106 1584 792 77418 72666 1584 71082 792 437 68310 62370 4158 1833 58212 144540 115434 114840
is_linear=0
shrinkage=0.05


Tree=123
num_leaves=31
num_cat=0
split_feature=24 22 5 9 22 1 16 23 0 1 21 22 19 16 15 14 24 24 14 23 22 24 3 19 0 13 21 22 24 22
split_gain=3.64603 5.58042 3.61068 3.24572 3.03302 3.52522 3.25861 3.00607 5.92282 3.58949 5.1697 3.84256 8.31431 3.30859 2.84742 6.72676 5.09792 3.96728 3.79448 3.69408 9.50071 7.44193 6.32475 3.49133 4.73769 3.46896 4.64784 3.33707 9.76789 10.2367
threshold=-0.77999999999999992 -0.62588817255938378 4.0078571428571452 998.87963867187511 0.99939377080793557 6.2750000000000012 12.65 -0.39036009226888674 8.8350000000000026 8.4650000000000016 82.500000000000014 -0.90893996196865023 5.1750000000000007 13.750000000000002 73.500000000000014 28.850000000000005 -0.089999999999999983 -0.77999999999999992 23.750000000000004 -0.5129677127369543 -0.8041866928211282 -0.27499999999999997 29.461666666666673 7.9350000000000014 8.6950000000000021 1.0000000180025095e-35 77.500000000000014 0.99761913169647187 0.36500000000000005 0.99818282439137029
decision_type=8 2 2 2 2 2 2 2 2 2 10 2 2 2 2 2 10 10 2 2 2 10 2 2 2 2 8 2 10 2
left_child=1 2 -1 7 14 -6 -7 8 -4 10 13 -12 -13 -9 15 16 19 -16 -18 20 21 22 -2 24 -17 -25 -27 -19 -29 -30
right_child=4 -3 3 -5 5 6 -8 9 -10 -11 11 12 -14 -15 17 23 18 27 -20 -21 -22 -23 -24 25 -26 26 -28 28 29 -31
leaf_value=-0.0049984881606714394 0.023969583253209144 -0.0043765612294710751 0.00061149900212166509 0.0029162240792253652 -0.0058797137491039516 -0.0015833023554859172 0.0034474649401514527 -0.00068179524833149774 0.028605855900199251 -0.0029198022615137516 0.00069278568559691313 0.013271412266373057 0.0016697546115698909 0.0038713476205785957 0.021651877657451898 4.8321987182680856e-05 0.0019554130233666038 0.00030278597245352219 -0.0021662729184359387 -0.00053404393783937256 0.00079780924247621816 0.0043357125439480683 0.0060378050149806064 0.0012991681086783476 0.0013509175977668476 -0.00018326744796659349 -0.0015687227216627201 -0.001855384159897541 0.014589023094736368 0.0046414367681408665
leaf_weight=1710 57 1782 130 352 1088 1807 273 7786 51 3780 311 91 170 667 61 56746 1026 53580 18604 13767 2057 207 54 10978 19055 76503 16874 407 94 200
leaf_count=1710 57 1782 130 352 1088 1807 273 7786 51 3780 311 91 170 667 61 56746 1026 53580 18604 13767 2057 207 54 10978 19055 76503 16874 407 94 200
internal_value=-9.67738e-05 -0.000811053 -0.000497742 -0.000220424 -5.28102e-05 -0.00159091 -0.000384617 -0.000348838 0.00604972 -0.000439283 0.000102492 0.0047028 0.00917624 -0.000208803 -3.47812e-05 -0.000116197 -0.000742481 0.000288726 -0.00128375 -8.42535e-05 0.00173684 0.00977987 0.0202252 8.1584e-06 0.00026642 -0.000179437 -0.000278282 0.000274404 0.00370185 0.0106463
internal_weight=290268 16830 15048 13338 273438 3168 2080 12986 181 12805 9025 572 261 8453 270270 215928 35772 54342 19630 16142 2375 318 111 180156 75801 104355 93377 54281 701 294
internal_count=290268 16830 15048 13338 273438 3168 2080 12986 181 12805 9025 572 261 8453 270270 215928 35772 54342 19630 16142 2375 318 111 180156 75801 104355 93377 54281 701 294
is_linear=0
shrinkage=0.05


Tree=124
num_leaves=31
num_cat=0
split_feature=24 22 23 5 4 20 9 0 17 2 22 1 16 21 1 22 22 21 17 16 21 24 20 24 9 24 23 23 24 22
split_gain=3.30915 4.82398 3.59102 3.98879 4.02083 3.8439 3.63214 3.28905 2.9304 2.87317 2.84278 3.27019 2.76929 4.57522 2.74759 4.77389 10.0554 4.69388 2.67983 5.91287 5.64017 4.88338 4.73483 5.3346 5.16429 4.80877 6.08839 12.6091 25.8881 4.67566
threshold=-0.77999999999999992 -0.62588817255938378 -0.3744658827978154 4.0078571428571452 18.505000000000006 312.2000000000001 77.362941741943374 9.6550000000000029 357.50000000000006 -0.70999999999999808 0.99939377080793557 6.2350000000000012 8.6500000000000004 142.50000000000003 6.5950000000000006 -0.90893996196865023 -0.88622299073327826 57.500000000000007 214.50000000000003 8.8500000000000032 117.50000000000001 -0.77999999999999992 264.90000000000003 -0.77999999999999992 167.14442443847659 0.83000000000000007 -0.6523320455745395 -0.6905596507703472 0.53000000000000014 -0.92923668111203805
decision_type=8 2 2 2 2 10 2 2 2 2 2 2 2 8 2 2 2 10 2 2 10 10 8 10 2 10 2 2 10 2
left_child=1 2 6 -4 5 9 7 -1 10 -5 18 -12 -13 -14 15 -7 17 -17 22 20 -20 -21 23 29 -24 26 27 -26 -29 -2
right_child=8 -3 3 4 -6 14 -8 -9 -10 -11 11 12 13 -15 -16 16 -18 -19 19 21 -22 -23 24 -25 25 -27 -28 28 -30 -31
leaf_value=0.002949768658940137 -0.016671944482853834 -0.0041577331679975224 -0.0053194790286045391 -0.0033273821374465318 -0.0097897398584771301 0.00018553055540641234 0.00070858557446778678 0.026528584642516562 -0.0039728552011204605 -0.00014059391407614052 -0.0056081192298951489 -0.0046856687262557938 -7.9533256945332279e-05 0.0063139142132999752 -4.5443808671094164e-05 0.0087011301506691521 0.0028625182383749236 0.014689394972813375 -0.00047639182210097974 0.010237249470556042 0.0093469177448028563 0.00060633000333805821 -0.00017253369226984114 0.00038185497712530948 0.00023227306383122697 -0.0025955877957733985 -0.0013995596049016389 0.0036073058421720104 0.011926201454977407 0.01714494906522086
leaf_weight=67 61 1782 1672 2456 863 1202 274 55 1739 4617 1067 787 1122 167 2896 80 798 68 40897 533 52 67367 85538 38775 7440 10275 16959 365 77 217
leaf_count=67 61 1782 1672 2456 863 1202 274 55 1739 4617 1067 787 1122 167 2896 80 798 68 40897 533 52 67367 85538 38775 7440 10275 16959 365 77 217
internal_value=-9.19507e-05 -0.000772431 -0.000481128 -0.000608109 -0.00031202 -7.71655e-05 0.00421717 0.0113934 -5.00674e-05 -0.000829211 -3.69723e-05 -0.00153198 -0.000375724 0.0010512 0.000977398 0.0023324 0.00498943 0.0169595 -1.94757e-05 0.000171842 -0.000302695 0.000458025 -0.000149869 0.000328655 -0.000304757 -0.000815299 -0.000438993 0.00070921 0.00891403 0.00723021
internal_weight=290268 16830 15048 14652 12980 12117 396 122 273438 7073 271699 3143 2076 1289 5044 2148 946 148 268556 108849 40949 67900 159707 39053 120654 35116 24841 7882 442 278
internal_count=290268 16830 15048 14652 12980 12117 396 122 273438 7073 271699 3143 2076 1289 5044 2148 946 148 268556 108849 40949 67900 159707 39053 120654 35116 24841 7882 442 278
is_linear=0
shrinkage=0.05


Tree=125
num_leaves=31
num_cat=0
split_feature=14 9 17 23 0 17 24 14 23 24 1 24 24 13 4 20 4 19 0 18 21 23 23 24 24 23 23 23 9 16
split_gain=3.38473 3.85265 3.45208 3.38501 3.79994 3.10439 4.23468 6.5685 4.24722 3.56013 3.49568 3.04789 2.90589 3.47586 3.41559 4.62601 2.87161 2.84951 7.66338 5.58715 3.74232 4.88673 6.29333 3.34569 8.11611 11.7249 13.8237 68.759 8.71821 4.43653
threshold=27.550000000000004 364.77772521972662 322.50000000000006 -0.99273797715557011 3.3350000000000004 165.50000000000003 1.0350000000000004 24.550000000000004 0.16587474750015932 0.47500000000000003 5.5750000000000011 1.4950000000000003 -0.49499999999999994 8.6500000000000004 9.4850000000000012 281.80000000000001 6.5450000000000008 7.8950000000000005 8.6150000000000002 6.0850000000000009 292.50000000000006 -0.99864786094873803 -0.99938741687870725 0.47500000000000003 0.69500000000000006 -0.50557503990954278 -0.6391983530350368 -0.6905596507703472 177.39275360107425 10.950000000000001
decision_type=2 2 2 2 2 2 8 2 2 10 2 10 10 2 2 10 2 2 2 2 8 2 2 8 8 2 2 2 2 2
left_child=1 2 5 -3 -5 -1 9 8 10 12 11 -8 -7 14 15 -14 -17 18 -2 -20 23 22 -22 -19 25 26 27 -25 29 -29
right_child=17 3 -4 4 -6 6 7 -9 -10 -11 -12 -13 13 -15 -16 16 -18 20 19 -21 21 -23 -24 24 -26 -27 -28 28 -30 -31
leaf_value=-0.0020444904136760009 -8.8935568873514309e-05 -0.0062095202767776247 -0.0045878271922374638 -0.002866642837639888 0.00081989949663257775 -0.0025692233290209453 0.0098437179981815393 0.00017337359329885313 0.0002237115568625922 -0.0034410877358224861 0.006688448390234249 0.012303528577188983 0.00052365985922951143 -0.0010434330717309535 0.00039609825017194544 0.010269256089315627 0.0055521361789184964 -0.00042089007316235458 0.0037652235209795545 0.00086411158180737776 0.001238938519458541 -0.0017274182522133827 0.0083239685161798898 0.00043089032426292133 9.380465098701844e-05 0.0081727219842105993 -0.0043098940041164093 0.013618090960984397 0.014111441502367351 0.008774602291182685
leaf_weight=11818 87475 701 2483 1820 12083 3301 106 2566 291 1458 351 56 540 3992 2047 70 486 79375 3171 23149 157 12065 56 2293 36879 148 958 167 132 74
leaf_count=11818 87475 701 2483 1820 12083 3301 106 2566 291 1458 351 56 540 3992 2047 70 486 79375 3171 23149 157 12065 56 2293 36879 148 958 167 132 74
internal_value=-8.81611e-05 -0.000491183 -0.000819382 0.000173239 0.000344169 -0.000655787 -0.00018475 0.00137982 0.00532338 -0.000628049 0.00806043 0.0141358 -0.000304716 0.000262788 0.00150652 0.00375912 0.00696043 -1.58282e-05 0.000167625 0.000915652 -0.000173617 -0.00100505 0.00650235 -8.85653e-05 0.000280312 0.00248939 0.00192605 0.00377719 0.0236863 0.018029
internal_weight=290268 44169 29565 14604 13903 27082 15264 3370 804 11894 513 162 10436 7135 3143 1096 556 246099 113795 26320 132304 12278 213 120026 40651 3772 3624 2666 373 241
internal_count=290268 44169 29565 14604 13903 27082 15264 3370 804 11894 513 162 10436 7135 3143 1096 556 246099 113795 26320 132304 12278 213 120026 40651 3772 3624 2666 373 241
is_linear=0
shrinkage=0.05


Tree=126
num_leaves=31
num_cat=0
split_feature=24 22 16 23 22 22 22 17 13 22 22 17 23 21 19 17 17 16 23 24 22 1 23 23 23 24 24 22 21 22
split_gain=2.98859 4.64697 3.38763 4.36179 9.68552 3.76537 5.26068 6.61348 3.76425 3.61678 7.30756 3.31701 3.16086 2.98231 9.90353 2.79449 3.17822 4.94543 4.12031 3.79695 4.7964 3.483 3.37825 5.63783 3.58838 7.00103 6.41597 5.65405 8.50857 4.82443
threshold=-0.77999999999999992 -0.62588817255938378 8.8500000000000032 -0.056951011027366626 -0.99275805973510278 -0.8041866928211282 -0.78326540922535159 242.50000000000003 8.8500000000000032 -0.86976336936302323 -0.90163369914317015 143.50000000000003 -0.3744658827978154 67.500000000000014 5.7250000000000005 346.50000000000006 214.50000000000003 10.750000000000002 0.99611390731392835 -0.77999999999999992 -0.62588817255938378 2.3450000000000002 0.87291090774974645 0.90070004940655357 0.83258597624099873 -0.24999999999999997 -0.49499999999999994 0.54219432480460406 1.0000000180025095e-35 -0.50556189049999822
decision_type=8 2 2 2 2 2 2 2 2 2 2 2 2 10 2 2 2 2 2 10 2 2 2 2 2 10 10 2 10 2
left_child=1 2 3 4 11 9 7 8 -7 10 12 -1 -4 -12 -15 16 -2 22 19 20 -19 -21 24 -24 -18 26 -26 -27 -29 -28
right_child=15 -3 5 -5 -6 6 -8 -9 -10 -11 13 -13 -14 14 -16 -17 17 18 -20 21 -22 -23 23 -25 25 27 29 28 -30 -31
leaf_value=0.022705017340901999 -0.00024117479373954632 -0.0039095712533279902 0.0053876672494127514 -0.0042312707841041198 -0.0017585965811941608 0.01412982702671991 0.00097169494672229263 0.00023056844709988352 0.0048230329661413099 -0.0054211447000616616 0.0029041595567491519 0.0045340083639884799 -0.0012003542740173442 0.013585464114453978 0.00023160560602153348 -0.0017281473760030485 5.0855498642487436e-05 0.0041278399166561957 -0.0016964581173414964 0.0043570488826545854 0.02400965353194227 0.001058938037010046 -0.0053809122862850476 -0.0004619736973630613 -4.5375894928537138e-05 -0.0084891298231993661 0.0076381940239672545 0.01071028025721954 -0.0043077761269784713 0.0035205616068625066
leaf_weight=101 161404 1782 224 3870 1359 53 1718 135 102 817 543 193 5801 52 80 8453 47023 186 3067 255 66 35684 1779 13358 525 634 283 67 95 559
leaf_count=101 161404 1782 224 3870 1359 53 1718 135 102 817 543 193 5801 52 80 8453 47023 186 3067 255 66 35684 1779 13358 525 634 283 67 95 559
internal_value=-8.71276e-05 -0.00073381 -0.000447901 -0.0014331 0.000716877 0.000123358 0.00204681 0.00827586 0.0153226 -0.00039045 -7.46388e-06 0.00894558 -0.000560167 0.00492592 0.0116667 -4.73245e-05 -1.87758e-05 0.000197381 0.000639614 0.000788731 0.00690476 0.000745846 -7.25258e-05 -0.000725706 0.000128491 0.00211974 0.00429042 -0.00160804 0.00672839 0.00699525
internal_weight=290268 16830 15048 5523 1653 9525 2008 290 155 7517 6700 294 6025 675 132 273438 264985 103581 39258 36191 252 35939 64323 15137 49186 2163 1367 796 162 842
internal_count=290268 16830 15048 5523 1653 9525 2008 290 155 7517 6700 294 6025 675 132 273438 264985 103581 39258 36191 252 35939 64323 15137 49186 2163 1367 796 162 842
is_linear=0
shrinkage=0.05


Tree=127
num_leaves=31
num_cat=0
split_feature=0 17 22 23 21 17 16 23 24 1 14 15 19 23 22 0 21 16 23 23 22 24 24 7 14 4 17 19 22 23
split_gain=3.06884 2.7764 4.51735 4.66624 8.93084 3.01284 5.3416 4.51516 3.51838 3.41305 2.93262 4.05097 3.08071 7.78663 4.94452 4.13827 3.49113 3.28365 3.3844 3.4849 8.05623 9.30749 3.30413 4.44297 3.43401 3.07531 3.27954 2.91805 3.55504 5.05975
threshold=2.8850000000000002 330.50000000000006 0.94978112945126536 0.29958852271690523 82.500000000000014 214.50000000000003 10.750000000000002 0.9980355542543059 -0.65999999999999981 1.9350000000000003 27.550000000000004 71.500000000000014 5.5550000000000006 -0.6523320455745395 -0.73866753694953124 9.7550000000000008 72.500000000000014 10.15 0.45847758937963173 0.31595530242620651 0.94425825643485939 -0.029999999999999995 1.4950000000000003 8.5000000000000018 32.150000000000013 189.73500000000004 88.500000000000014 6.8050000000000006 0.49812943072827093 0.57605713708605399
decision_type=2 2 2 2 8 2 2 2 8 2 2 2 2 2 2 2 8 2 2 2 2 10 10 2 2 2 2 2 2 2
left_child=-1 5 -3 -4 -5 10 8 9 -7 -8 11 -2 13 14 -12 -15 -16 18 19 -14 -21 -22 25 24 -24 26 -19 28 -11 -30
right_child=1 2 3 4 -6 6 7 -9 -10 27 12 -13 17 15 16 -17 -18 22 -20 20 21 -23 23 -25 -26 -27 -28 -29 29 -31
leaf_value=-0.0020975919841782422 -0.002324853187994691 -0.0015600932248884256 0.0011422653777681336 -0.0042506376642128954 0.014788535830879721 -0.0015402103821971448 0.0066409160505195106 -0.0029223996829183152 4.2005893864655405e-05 0.0010420971410752154 0.011795936870872525 -0.00017678633953795904 0.00023726552813892532 -0.00045121628735068746 0.0016203315016072592 0.0028277768685496642 0.0044140873497173381 -1.3205742080490418e-05 -0.0010375399439059771 0.0018879395986449146 0.012587320615676485 -0.0077562291129377337 -0.0005740143767875974 0.014069865923891069 0.0028222388373401446 0.0073782104811597124 -0.0014995204347442734 0.00065681338489592537 0.0023684233832602735 0.0046871581085679006
leaf_weight=5769 9525 16215 2858 75 94 6200 59 1915 54228 9448 91 12257 48942 16422 3637 1606 1640 13227 13134 2254 99 51 6121 116 4154 363 32747 23071 2449 1501
leaf_count=5769 9525 16215 2858 75 94 6200 59 1915 54228 9448 91 12257 48942 16422 3637 1606 1640 13227 13134 2254 99 51 6121 116 4154 363 32747 23071 2449 1501
internal_value=-8.81611e-05 -6.50102e-05 -0.000644945 0.00112818 0.00920118 -2.29412e-05 0.000195658 0.000656425 -9.74726e-05 0.000780496 -0.000152839 -0.000693693 -7.13685e-05 0.000453923 0.00212556 -4.38219e-05 0.00192628 -0.000172762 7.13388e-05 0.000254546 0.00211314 0.0133333 -0.00045022 0.000355595 0.000245741 -0.000630922 -0.000667117 0.000761056 0.00134796 0.00260759
internal_weight=290268 284499 19242 3027 169 265257 98871 38443 60428 36528 166386 21782 144604 23396 5368 18028 5277 121208 64480 51346 2404 150 56728 10391 10275 46337 45974 36469 13398 3950
internal_count=290268 284499 19242 3027 169 265257 98871 38443 60428 36528 166386 21782 144604 23396 5368 18028 5277 121208 64480 51346 2404 150 56728 10391 10275 46337 45974 36469 13398 3950
is_linear=0
shrinkage=0.05


Tree=128
num_leaves=31
num_cat=0
split_feature=24 22 5 1 23 23 22 22 5 17 3 23 22 21 23 22 22 21 5 22 1 17 22 22 22 24 16 21 5 19
split_gain=2.81953 4.30165 3.59394 4.38852 5.9902 4.43222 7.32155 3.56294 4.34609 3.5546 3.31615 3.247 5.07642 2.92699 3.13498 2.88191 4.97412 3.40628 5.85611 2.8141 2.86051 2.69897 2.63494 12.9476 5.43161 2.6188 3.79903 2.74509 5.24567 5.07969
threshold=-0.77999999999999992 -0.62588817255938378 4.7464285714285728 6.5150000000000006 -0.39036009226888674 0.31595530242620651 -0.8781231054254196 -0.67803021058859214 8.4321428571428587 267.50000000000006 6.0050000000000017 0.011826144619637555 -0.99275805973510278 102.50000000000001 -0.27694043983797384 -0.8041866928211282 -0.73866753694953124 27.500000000000004 6.6350000000000025 0.99939377080793557 7.2350000000000012 265.50000000000006 -0.814291907305839 -0.79384350655589164 -0.8041866928211282 1.9550000000000003 8.4500000000000011 52.500000000000007 11.056428571428574 7.8950000000000005
decision_type=8 2 2 2 2 2 2 2 2 2 2 2 2 10 2 2 2 10 2 2 2 2 2 2 2 10 2 8 2 2
left_child=1 2 13 5 -5 11 10 -6 -9 -10 -7 12 -4 14 -1 -8 17 -17 -19 25 -21 -12 -16 24 -24 27 -27 -2 29 -29
right_child=19 -3 3 4 7 6 15 8 9 -11 21 -13 -14 -15 22 16 -18 18 -20 20 -22 -23 23 -25 -26 26 -28 28 -30 -31
leaf_value=0.0027066699301212215 0.00014681820713013846 -0.0037407800690467522 0.0052109068880489551 0.018675946577904799 -0.0017294683743249311 0.0075768167847272087 -0.0056706230450653053 0.00014646434231142333 0.0062125901307964861 0.0017487996564660635 -0.00070155640963953539 -0.0033529083360718526 -0.0010136450964135424 0.013459452515214765 -0.0069019414446476164 0.0029075756440773456 -0.00071594065075302686 0.015474541414264995 -0.00099085988355341876 -0.0043665705533846352 -0.00015068693819782401 0.011725879355040596 0.0023662046374369433 -0.0033568238275862973 0.011106409246450141 -0.002508874474307401 -2.7138887401980562e-05 -0.00013357555070827576 0.00082689015732536329 -0.001482492293322995
leaf_weight=286 190423 1782 407 87 6778 423 449 249 50 61 173 1324 744 67 2133 232 580 118 65 1431 1737 56 50 659 57 4882 7196 32125 14702 20942
leaf_count=286 190423 1782 407 87 6778 423 449 249 50 61 173 1324 744 67 2133 232 580 118 65 1431 1737 56 50 659 57 4882 7196 32125 14702 20942
internal_value=-8.48883e-05 -0.000713014 -0.000437933 -3.22155e-05 -0.000799309 0.00118027 0.00287214 -0.000958253 0.00388889 0.0121171 0.00726994 -0.000252526 0.00168983 -0.0019096 -0.00212716 0.000886425 0.00238693 0.00656626 0.0116667 -4.62274e-05 -0.00152778 0.00242358 -0.00261987 -0.00010444 0.016028 -2.88612e-05 -0.000748469 4.80144e-06 -0.000268487 -0.000500029
internal_weight=290268 16830 15048 11796 7225 4571 2096 7138 360 111 652 2475 1151 3252 3185 1444 995 415 183 273438 3168 229 2899 766 107 270270 12078 258192 67769 53067
internal_count=290268 16830 15048 11796 7225 4571 2096 7138 360 111 652 2475 1151 3252 3185 1444 995 415 183 273438 3168 229 2899 766 107 270270 12078 258192 67769 53067
is_linear=0
shrinkage=0.05


Tree=129
num_leaves=31
num_cat=0
split_feature=24 22 5 1 23 23 23 22 9 22 22 22 22 5 17 22 1 17 23 24 23 3 24 24 17 18 5 20 21 22
split_gain=2.90953 4.06417 3.22254 3.88799 4.97497 3.75943 4.76508 4.72361 3.63444 3.21013 5.07386 4.30769 3.13722 3.71276 2.80793 2.64316 2.66533 2.5151 2.50958 4.61528 3.80801 4.80264 24.5037 5.55048 3.61218 3.56524 3.51879 3.4676 3.22888 5.93513
threshold=-0.77999999999999992 -0.62588817255938378 4.7464285714285728 6.5150000000000006 -0.39036009226888674 0.21652257995689161 0.011826144619637555 -0.99275805973510278 318.02613830566412 -0.8781231054254196 -0.89406062840022227 -0.88622299073327826 -0.67803021058859214 8.4321428571428587 267.50000000000006 0.99939377080793557 7.2350000000000012 357.50000000000006 -0.99628250747696534 1.3800000000000001 -0.97874870457683594 5.368333333333335 1.7100000000000002 0.05000000000000001 189.50000000000003 4.7750000000000012 8.0478571428571453 325.7000000000001 297.50000000000006 0.056951373111866731
decision_type=8 2 2 2 2 2 2 2 2 2 2 2 2 2 2 2 2 2 2 10 2 2 10 10 2 2 2 8 8 2
left_child=1 2 -1 5 -5 6 7 -4 -9 10 -7 -12 -6 -14 -15 17 -17 18 19 26 21 22 23 24 25 -20 -2 -23 -28 -30
right_child=15 -3 3 4 12 9 -8 8 -10 -11 11 -13 13 14 -16 16 -18 -19 20 -21 -22 27 -24 -25 -26 -27 28 -29 29 -31
leaf_value=-0.0027158034461255477 -0.0054135120248684785 -0.003553741065594414 0.0049503615436465032 0.017742149249009551 -0.0016429949556086938 0.0031473724547385028 -0.0057158128443260889 -0.0027741955133967068 0.006503259008641217 0.0010292495357108414 0.010338633996147838 0.0021624190688115837 0.00013914112519586096 0.0059019606242566693 0.0016613596736427625 -0.0041482420257154037 -0.00014315259128792527 -0.0036028975437538018 0.009204704135420412 0.0010692256332513709 -4.182049866420062e-05 0.0016251302124640845 0.013311115510594426 0.00070918003017406898 0.0019442155681129712 0.0085188716547794103 -0.0015491355559674198 -0.000328911994508209 0.0041665165174050523 -0.002378047382759796
leaf_weight=3252 2214 1782 407 87 6778 901 893 680 64 1444 91 91 249 50 61 1431 1737 1714 55 1977 249600 4051 69 1120 117 86 3102 5578 320 267
leaf_count=3252 2214 1782 407 87 6778 901 893 680 64 1444 91 91 249 50 61 1431 1737 1714 55 1977 249600 4051 69 1120 117 86 3102 5578 320 267
internal_value=-8.38547e-05 -0.000721926 -0.000454547 -7.0364e-05 -0.000792389 0.00107088 -0.000523485 0.00160295 -0.00076613 0.00236051 0.00441828 0.012033 -0.000937239 0.00361111 0.0112162 -4.45817e-05 -0.00148043 -2.77512e-05 -1.55659e-05 -0.000894671 1.10086e-05 0.0009182 0.00360401 0.00214804 0.00875969 0.0141489 -0.00159495 0.00051459 -0.000649229 0.00275128
internal_weight=290268 16830 15048 11796 7225 4571 2044 1151 744 2527 1083 182 7138 360 111 273438 3168 270270 268556 7880 260676 11076 1447 1378 258 141 5903 9629 3689 587
internal_count=290268 16830 15048 11796 7225 4571 2044 1151 744 2527 1083 182 7138 360 111 273438 3168 270270 268556 7880 260676 11076 1447 1378 258 141 5903 9629 3689 587
is_linear=0
shrinkage=0.05


Tree=130
num_leaves=31
num_cat=0
split_feature=24 22 14 23 4 9 24 22 22 22 24 22 24 13 20 22 22 19 24 23 22 24 20 23 22 2 22 13 18 23
split_gain=2.85093 3.69053 3.2812 3.91714 2.704 2.54848 2.54817 7.68828 8.64172 11.2982 8.17911 6.92974 50.1689 9.48992 8.25604 6.71457 9.88821 17.7537 11.6455 7.09349 16.2465 23.0309 13.8868 8.04294 6.64825 7.64165 6.51852 6.22771 6.90446 5.76024
threshold=-0.77999999999999992 -0.62588817255938378 28.750000000000004 -0.3744658827978154 18.505000000000006 87.609973907470717 -0.089999999999999983 -0.97509794945709805 -0.91597725483594616 -0.85227431625818906 -0.064999999999999988 0.79904096188274243 -0.22499999999999995 2.2500000000000004 369.30000000000001 0.67802080537253961 0.58481550752069722 8.6850000000000005 -0.24999999999999997 -0.14250536273956091 -0.97876850416056738 -0.18999999999999997 431.60000000000008 1.0000000180025095e-35 0.62587949062545845 -3.379999999999999 0.83849049182116964 1.0500000000000003 5.7250000000000005 0.011826144619637555
decision_type=8 2 2 2 2 2 10 2 2 2 10 2 10 2 10 2 2 2 10 2 2 10 10 2 2 2 2 2 2 2
left_child=1 2 -1 5 -5 -4 11 29 -9 -10 -11 15 26 -14 -15 16 19 18 24 20 21 22 -2 -21 25 -18 -13 28 -20 -8
right_child=6 -3 3 4 -6 -7 7 8 9 10 -12 12 13 14 -16 -17 17 -19 27 23 -22 -23 -24 -25 -26 -27 -28 -29 -30 -31
leaf_value=-0.002003901755816139 0.017472275676034744 -0.003376054012314696 0.013942508777486607 0.0001967320633967673 -0.0094595497002342259 0.0017993725750900037 0.0054531736529315582 -0.0055895791372006899 0.0047346791709101145 -0.0029916966936178284 -0.0002262311993370428 -0.0090729821432989546 0.0028774913134597957 0.0083042346330045366 0.010455652756694932 -0.0029368832205835995 0.01336781746345949 -0.00050361000807117528 0.011926377733213714 -0.006825371567129087 0.00076569390086644764 -0.00073027526079386064 0.0038584881162327389 -0.00013929137571919899 -0.0079140151013150414 0.0020358738411867809 0.0021871817547578581 0.0070226345764574736 0.0067495126976133864 -0.00012019600953610786
leaf_weight=5219 537 1782 100 8979 614 136 2772 4356 3762 5544 144540 1584 370 670 148 5940 50 2078 69 3168 27522 792 255 64152 395 245 792 1140 181 2376
leaf_count=5219 537 1782 100 8979 614 136 2772 4356 3762 5544 144540 1584 370 670 148 5940 50 2078 69 3168 27522 792 255 64152 395 245 792 1140 181 2376
internal_value=-8.43715e-05 -0.000715985 -0.000461192 7.68123e-05 -7.97468e-05 0.00644068 -4.5496e-05 -0.0001708 -0.000232678 -0.000170496 -0.000238334 0.000140432 0.0023092 0.0106987 0.0137042 6.78708e-05 0.000164339 0.00255171 0.00581731 6.1393e-05 0.000713597 0.00563763 0.0116667 -0.000220589 0.000507245 0.00618644 -0.00188552 0.00845324 0.0156 0.00173077
internal_weight=290268 16830 15048 9829 9593 236 273438 163350 158202 153846 150084 110088 3564 1188 818 106524 100584 4158 2080 96426 29106 1584 792 67320 690 295 2376 1390 250 5148
internal_count=290268 16830 15048 9829 9593 236 273438 163350 158202 153846 150084 110088 3564 1188 818 106524 100584 4158 2080 96426 29106 1584 792 67320 690 295 2376 1390 250 5148
is_linear=0
shrinkage=0.05


Tree=131
num_leaves=31
num_cat=0
split_feature=14 15 15 23 23 24 21 23 22 23 18 3 22 16 22 22 23 17 15 24 24 2 17 23 23 22 18 13 17 22
split_gain=2.81002 3.89339 2.77894 4.42272 4.28584 12.3882 6.051 5.46129 4.26659 5.44615 3.36636 5.2941 6.23987 3.31115 3.60115 5.69151 3.20615 3.17475 3.44394 3.1709 4.68055 3.98994 3.27773 3.24369 6.14311 18.8731 3.67683 4.64328 3.15065 3.12746
threshold=27.550000000000004 78.500000000000014 60.500000000000007 0.97461712852231652 0.92843842216862604 -0.40499999999999997 16.900000000000002 0.94909129669788206 -0.95754239937548935 -0.27694043983797384 7.8350000000000009 9.7083333333333375 -0.57078386445773377 12.15 0.34235194516023087 0.3261394409934788 0.90803977035715633 315.50000000000006 56.500000000000007 0.24500000000000002 0.095000000000000015 1.5150000000000008 296.50000000000006 -0.89404254237865755 0.14888728888808328 0.98049069993378934 6.2150000000000007 8.5500000000000025 351.50000000000006 0.99053107487289871
decision_type=2 2 2 2 2 10 10 2 2 2 2 2 2 2 2 2 2 2 2 10 8 2 2 2 2 2 2 2 2 2
left_child=1 -1 3 4 8 -6 7 17 9 -2 11 19 -13 -8 15 -15 29 18 -7 20 22 -21 -4 26 -25 -26 27 -22 -5 -10
right_child=2 -3 10 28 5 6 13 -9 16 -11 -12 12 -14 14 -16 -17 -18 -19 -20 21 23 -23 -24 24 25 -27 -28 -29 -30 -31
leaf_value=-0.0011731655407348032 0.004369419892149058 0.0002292662715844092 0.00074764595913735842 -0.0035147233155708672 -0.0041317828154072752 0.0075535537082352267 -0.0016085371511253923 0.0038467761886145087 -0.00051174802364365314 0.00094846487698307122 -0.00015676092495301992 -0.0010031928251161325 0.0027214627979724221 0.001964808902824211 -0.0023235826019544974 0.0089413775316179861 -0.0050146083500211729 0.00095120041560045913 0.0033210363915249543 -0.00069248790777704243 0.0018267565744917653 0.0014783818599519284 -0.00072080808148111241 -0.0098250692134488407 0.00074484538725690672 0.01849171350555601 0.0012139371408320095 0.0072864045280101007 0.0072240134531600239 -0.0036365198037557871
leaf_weight=27860 262 16309 31207 3735 1315 166 513 393 52747 9868 89528 2761 6985 356 198 85 984 57 96 26995 367 4837 7707 436 563 57 647 571 70 2593
leaf_count=27860 262 16309 31207 3735 1315 166 513 393 52747 9868 89528 2761 6985 356 198 85 984 57 96 26995 367 4837 7707 436 563 57 647 571 70 2593
internal_value=-8.66108e-05 -0.000453826 -2.07042e-05 -0.000278331 -0.000187628 0.00160585 0.00422747 0.00785112 -0.000273423 0.000671272 8.88724e-05 0.000317983 0.00141289 0.00198785 0.00438967 0.00690476 -0.000443329 0.0127116 0.0150382 0.000172577 0.000460232 -0.000202942 0.000321991 0.00249716 0.000350378 0.00354839 0.00392744 0.0059275 -0.00193824 -0.000393026
internal_weight=290268 44169 246099 73438 69633 3179 1864 712 66454 10130 172661 83133 9746 1152 639 441 56324 319 262 73387 41555 31832 38914 2641 1056 620 1585 938 3805 55340
internal_count=290268 44169 246099 73438 69633 3179 1864 712 66454 10130 172661 83133 9746 1152 639 441 56324 319 262 73387 41555 31832 38914 2641 1056 620 1585 938 3805 55340
is_linear=0
shrinkage=0.05


Tree=132
num_leaves=31
num_cat=0
split_feature=2 18 5 23 23 22 16 22 22 21 17 20 23 17 17 22 22 9 21 23 15 16 1 19 22 23 20 19 17 22
split_gain=2.79428 3.11043 4.14958 3.02891 5.01616 3.59451 3.03926 2.92637 3.37661 5.08311 4.4706 2.8224 3.75971 2.80119 4.84338 3.05165 6.00205 3.96779 3.46374 4.05896 4.47503 3.4536 2.91821 4.01021 2.77985 2.82042 4.42573 7.38906 5.89966 3.4305
threshold=0.4499999999999999 8.8850000000000033 9.2750000000000021 0.87291090774974645 0.89309379682046119 -0.37447345805034543 8.2500000000000018 0.99939377080793557 0.99761913169647187 36.900000000000006 36.500000000000007 132.00000000000003 0.2499757677084001 297.50000000000006 187.50000000000003 0.99053107487289871 0.98213580174693105 998.87963867187511 36.900000000000006 0.16587474750015932 66.500000000000014 13.350000000000003 7.9050000000000011 5.5550000000000006 0.9193901325473397 0.11478523713130605 487.40000000000003 6.7650000000000006 324.50000000000006 0.98372640911059162
decision_type=2 2 2 2 2 2 2 2 2 8 2 10 2 2 2 2 2 2 8 2 2 2 2 2 2 2 8 2 2 2
left_child=13 2 3 7 -5 -6 -7 8 -2 -10 -11 12 -4 14 22 16 -16 -17 19 20 21 -18 -1 -24 -15 -26 29 28 -28 -27
right_child=1 -3 11 4 5 6 -8 -9 9 10 -12 -13 -14 24 15 17 18 -19 -20 -21 -22 -23 23 -25 25 26 27 -29 -30 -31
leaf_value=-0.0011464388711221584 0.0005174429904252607 -0.00017168807330334606 0.0020473767016866208 -0.007815640280691271 0.0028483769695120038 -0.0021786188651024808 9.5021252132865893e-05 -0.0043283845294080454 -0.0012621067750067394 0.015579931466939981 0.0052243750754703997 0.0016573273021880501 0.0086502725615533842 -0.0014031496758827994 0.00032287496481129202 -0.0042637210787721449 0.011864092987504732 0.0045631547394760974 -0.0020070603645004513 0.014755224104529494 -0.00066455763211548352 -0.0014622764002408155 0.001302152886088785 -0.00050450858221736002 -0.0010687762916916693 -0.0019953737550083912 0.011455730990855922 0.0028238826367669926 0.0055710348110531542 0.0077606593508388073
leaf_weight=29366 36743 71090 702 832 795 2884 6328 500 241 51 226 7347 293 21098 52160 1689 318 235 155 59 208 56 6414 46033 2781 899 64 378 114 209
leaf_count=29366 36743 71090 702 832 795 2884 6328 500 241 51 226 7347 293 21098 52160 1689 318 235 155 59 208 56 6414 46033 2781 899 64 378 114 209
internal_value=-8.48883e-05 8.9742e-05 0.000365107 0.00018827 -0.000548484 -0.000238334 -0.000516719 0.00039975 0.000450738 0.00445946 0.00907942 0.00139535 0.00389447 -0.000222701 -0.00013289 0.000230502 0.00030157 -0.00172557 0.00461055 0.00623245 0.00496563 0.00823529 -0.000376653 -0.000153203 -0.000703325 0.00043307 0.0020613 0.00570144 0.0141011 0.000234656
internal_weight=290268 128032 56942 48600 10839 10007 9212 37761 37261 518 277 8342 995 162236 136693 54880 52956 1924 796 641 582 374 81813 52447 25543 4445 1664 556 178 1108
internal_count=290268 128032 56942 48600 10839 10007 9212 37761 37261 518 277 8342 995 162236 136693 54880 52956 1924 796 641 582 374 81813 52447 25543 4445 1664 556 178 1108
is_linear=0
shrinkage=0.05


Tree=133
num_leaves=31
num_cat=0
split_feature=5 1 19 2 0 16 17 22 22 24 24 23 20 2 9 23 2 22 24 24 22 22 22 2 24 0 22 22 23 13
split_gain=2.84782 3.06345 3.27418 5.05296 2.98022 2.81092 2.61994 2.65395 4.01201 13.6814 10.5718 9.3968 8.47657 7.44214 7.48729 4.78975 4.86794 3.86097 3.64029 3.56195 11.517 14.2703 9.26512 7.66066 7.16118 6.45102 5.12914 6.46799 6.34352 6.94492
threshold=3.5250000000000008 1.9350000000000003 1.8550000000000002 -0.070000000000000159 2.7350000000000008 8.8500000000000032 353.50000000000006 -0.99763297024448894 -0.99275805973510278 -0.43999999999999995 -0.58499999999999985 0.063390085881955341 530.30000000000007 -0.36999999999999827 402.74378967285162 -0.10837475778693638 -1.3199999999999998 -0.99467753128998015 1.4950000000000003 -0.49499999999999994 0.19337368024598436 0.12545942051955489 0.49812943072827093 1.3300000000000005 -0.089999999999999983 6.535000000000001 -0.97876850416056738 -0.92923668111203805 -0.15950993297387572 5.3500000000000005
decision_type=2 2 2 2 2 2 2 2 2 10 10 2 10 2 2 2 2 2 10 8 2 2 2 2 8 2 2 2 2 2
left_child=-1 2 3 -2 -3 -4 7 18 9 10 11 13 -11 17 -15 16 -14 -9 -6 20 21 -10 -22 25 -21 -23 28 -28 29 -26
right_child=1 4 5 -5 6 -7 -8 8 19 12 -12 -13 15 14 -16 -17 -18 -19 -20 24 22 23 -24 -25 26 -27 27 -29 -30 -31
leaf_value=-0.0024879176964493891 0.00043628216446214087 -0.0026668358201089922 -0.0014629151969204103 0.0053501211369581109 -0.0036359049442574454 0.0037732491581431715 -0.0022378765600751258 0.0066166756173453613 -0.00046691527044397628 -0.0042011059989252525 0.0090675099590160832 -0.0044468979876083328 0.017521368167863559 0.0013375032385671754 0.024880623900419046 0.0037506049056902115 0.025782258667895241 0.0031618026901225013 0.0018164246386661498 0.00070602410416618292 -0.0080177457216584497 0.0018034167399033818 0.0040138536216774018 -0.00074779370467638784 0.0041244201847240097 0.010564954271013834 -0.0047348911340718142 -0.0001601660262935794 0.0016224471197983693 0.0093706924123544543
leaf_weight=3430 107 3187 329 96 4591 219 4246 70 35377 2330 567 519 50 395 54 492 56 65 1572 64734 3538 181 176 210 299 351 4509 156858 1366 294
leaf_count=3430 107 3187 329 96 4591 219 4246 70 35377 2330 567 519 50 395 54 492 56 65 1572 64734 3538 181 176 210 299 351 4509 156858 1366 294
internal_value=-8.38547e-05 -6.67288e-05 0.0031225 0.0085468 -7.51007e-05 0.00111314 -5.79722e-05 -3.91896e-05 -1.59834e-05 0.00144845 0.00505988 0.00220761 -0.00061134 0.00655822 0.00346325 0.004699 0.0143396 0.0168519 -0.00106523 -4.11184e-05 -0.000477369 -0.000204741 -0.0031287 0.00665768 3.50773e-05 0.00984962 -0.000141314 -0.000172186 0.00240173 0.00672007
internal_weight=290268 286838 751 203 286087 548 282900 278654 272491 4598 1670 1103 2928 584 449 598 106 135 6163 267893 39833 36119 3714 742 228060 532 163326 161367 1959 593
internal_count=290268 286838 751 203 286087 548 282900 278654 272491 4598 1670 1103 2928 584 449 598 106 135 6163 267893 39833 36119 3714 742 228060 532 163326 161367 1959 593
is_linear=0
shrinkage=0.05


Tree=134
num_leaves=31
num_cat=0
split_feature=14 15 15 9 23 4 19 21 0 18 22 22 24 20 23 23 22 22 4 19 9 22 22 13 22 23 23 22 1 22
split_gain=2.62389 3.06903 2.93 4.82641 5.46538 2.959 2.9438 6.0747 4.72942 4.82748 3.2777 3.18312 4.32464 4.60774 3.30241 2.89748 6.86195 3.58519 3.90486 3.05144 3.40895 3.57613 5.10791 3.14915 3.64998 4.67389 3.52658 3.3865 3.00209 2.85884
threshold=27.050000000000004 78.500000000000014 60.500000000000007 117.96585083007814 0.97461712852231652 12.155000000000003 7.9350000000000014 77.500000000000014 8.2850000000000019 5.8850000000000007 -0.16799356919963607 -0.93545489084327571 -0.95499999999999985 252.40000000000003 0.11478523713130605 -0.90892157495189674 0.40614137006726808 -0.082689790342551819 6.2950000000000008 3.5550000000000002 434.05938720703131 0.9193901325473397 0.94425825643485939 19.350000000000005 0.48314048284850658 0.83258597624099873 0.60383265664488517 0.52766072109828632 6.3950000000000005 -0.95244167294248061
decision_type=2 2 2 2 2 2 2 8 2 2 2 2 10 10 2 2 2 2 2 2 2 2 2 2 2 2 2 2 2 2
left_child=1 -1 3 4 29 -5 8 11 -4 10 -10 14 13 -13 -8 16 17 18 -3 -17 -21 23 -23 24 -22 26 28 -27 -26 -2
right_child=2 15 6 5 -6 -7 7 -9 9 -11 -12 12 -14 -15 -16 19 -18 -19 -20 20 21 22 -24 -25 25 27 -28 -29 -30 -31
leaf_value=-0.0012106467997326079 0.0016255665317192706 0.0067326528797368576 8.3695517369259201e-05 -0.00071060645946829741 -0.0055291593905641562 -0.0026316712810884194 -0.00015490529782847843 -0.0013912388075702305 0.0010952911846486789 0.00084882990731421622 0.0042443481622795138 0.017626170001067028 0.00019555908459650248 0.0040013508997153177 -0.0039675487223788134 -0.0029207371380763586 0.01540110609555817 -0.00019948718388557464 0.0024214610042290925 -0.0012417088780088614 0.0010204701272660489 0.0059936375693347855 0.0042109118623031745 -0.0012251094844322236 -0.00019191216729546467 0.0027767228573634672 -0.0042114159996843922 0.0066987783967706093 0.007101451316575396 -0.00017692234542094774
leaf_weight=21523 8831 57 71311 16748 1290 8504 5614 14854 1062 21649 1647 155 60764 1145 2842 1240 56 1348 584 5209 1482 75 494 1550 126 56 182 55 196 39619
leaf_count=21523 8831 57 71311 16748 1290 8504 5614 14854 1062 21649 1647 155 60764 1145 2842 1240 56 1348 584 5209 1482 75 494 1550 126 56 182 55 196 39619
internal_value=-8.29935e-05 -0.000494115 -2.80247e-05 -0.000290832 -5.02733e-06 -0.000853795 8.0836e-05 -0.000132594 0.000271299 0.000872813 0.00286268 6.09744e-05 0.000184969 0.00303846 -0.000849102 0.00012195 0.00184596 0.00135998 0.00443838 -0.000208628 9.8142e-05 0.00115512 0.00484183 0.000579928 0.00184311 0.0050813 0.00303571 0.0143694 0.00618012 8.04942e-05
internal_weight=290268 34233 256035 74992 49740 25252 181043 85374 95669 24358 2709 70520 62064 1300 8456 12710 2045 1989 641 10665 9425 4216 569 3647 2097 615 504 111 322 48450
internal_count=290268 34233 256035 74992 49740 25252 181043 85374 95669 24358 2709 70520 62064 1300 8456 12710 2045 1989 641 10665 9425 4216 569 3647 2097 615 504 111 322 48450
is_linear=0
shrinkage=0.05


Tree=135
num_leaves=31
num_cat=0
split_feature=8 12 23 0 13 15 17 17 24 23 16 24 23 23 16 23 1 18 17 16 23 4 16 13 24 23 21 20 0 3
split_gain=2.49248 2.75746 2.61601 2.45835 2.45351 4.29496 3.44561 3.01247 2.90506 2.81945 3.9569 2.8163 3.99524 3.79683 3.2818 2.77793 4.7446 3.8054 2.77567 4.79124 5.29616 3.46382 3.32867 3.19708 4.49942 5.03126 4.49655 4.25295 4.05194 3.53633
threshold=58.500000000000007 6.5000000000000009 -0.46800559042974538 2.8850000000000002 17.850000000000005 81.500000000000014 14.500000000000002 346.50000000000006 0.24500000000000002 0.2332836900311728 14.050000000000002 -1.0000000180025095e-35 -0.99273797715557011 -0.99052477729077237 8.6500000000000004 0.11478523713130605 7.3550000000000013 7.6750000000000007 214.50000000000003 7.5500000000000007 0.9980355542543059 8.5550000000000015 22.750000000000004 6.2500000000000009 -0.43999999999999995 -0.25206183926700709 16.900000000000002 223.65000000000003 5.4750000000000005 5.205000000000001
decision_type=2 2 2 2 2 2 2 2 10 2 2 8 2 2 2 2 2 2 2 2 2 2 2 2 8 2 8 10 2 2
left_child=3 2 -2 -1 5 6 9 18 11 10 15 14 -13 -14 -6 -5 17 -17 -8 -20 21 23 -23 24 -21 -26 27 -27 29 -29
right_child=1 -3 -4 4 8 -7 7 -9 -10 -11 -12 12 13 -15 -16 16 -18 -19 19 20 -22 22 -24 -25 25 26 -28 28 -30 -31
leaf_value=-0.0018151903139138822 0.0052295750898393618 -0.0082481536229181539 0.023358868590544337 0.0022132908563615122 -0.0012756804872179762 0.001534816047139494 -0.00025203764704545778 -0.0019980346716857371 -0.0013252076206987443 0.00028006815816522356 0.009863184456331997 -0.0030817208197982549 0.008169976348987423 0.0018982995347375587 0.00025170332981427895 0.01058787115322532 0.0018318885235810434 0.02018707404977434 -0.0007522164444331835 0.00034128565775523297 -0.0029083834788819199 0.00038253976155323962 0.008178661247446966 0.00056916494722732158 0.00028553935251883917 -0.0040038568122016532 0.0031688157986607375 0.0074549390708586322 0.007048973288923191 0.01288374416117358
leaf_weight=5769 222 133 149 2682 11807 8335 129117 6470 19352 4120 122 542 56 3565 17648 62 233 67 13811 2242 2852 50685 67 6849 951 75 1589 167 452 77
leaf_count=5769 222 133 149 2682 11807 8335 129117 6470 19352 4120 122 542 56 3565 17648 62 233 67 13811 2242 2852 50685 67 6849 951 75 1589 167 452 77
internal_value=-8.05819e-05 0.00343254 0.0056469 -8.66924e-05 -6.59355e-05 4.43556e-06 -3.72727e-05 -7.34446e-05 -0.000372854 0.00103212 0.00215414 -9.19162e-05 0.00112539 0.00172466 -0.000263963 0.00180026 0.0059116 0.0136046 -4.05403e-05 0.000191249 0.00036845 0.000463627 0.000280579 0.00121271 0.00210427 0.00327544 0.00451271 0.00764591 0.00886494 0.0140574
internal_weight=290268 504 371 289764 283995 231025 222690 215404 52970 7286 3166 33618 4163 3621 29455 3044 362 129 208934 79817 66006 63154 50752 12402 5553 3311 2360 771 696 244
internal_count=290268 504 371 289764 283995 231025 222690 215404 52970 7286 3166 33618 4163 3621 29455 3044 362 129 208934 79817 66006 63154 50752 12402 5553 3311 2360 771 696 244
is_linear=0
shrinkage=0.05


Tree=136
num_leaves=31
num_cat=0
split_feature=24 23 16 23 23 23 2 5 23 21 23 23 5 23 16 16 19 23 23 23 2 9 9 1 15 14 4 24 3 14
split_gain=2.59757 3.7064 3.0224 3.2244 3.52558 4.6871 3.17351 3.78883 4.08406 5.76326 4.41586 6.5019 5.0868 4.24621 5.74557 4.2564 3.35317 2.95964 3.47996 5.91722 6.46055 3.967 2.48443 2.47119 2.45536 5.62304 4.7237 4.07131 4.03049 3.7617
threshold=-0.77999999999999992 0.77652048701313048 7.5500000000000007 -0.3744658827978154 0.21652257995689161 0.011826144619637555 -1.5699999999999987 3.9057142857142866 0.47369649395226454 102.50000000000001 0.59003219687534991 0.6174544326165855 6.2250000000000005 0.44312301391210612 14.050000000000002 7.9500000000000011 5.5150000000000006 -0.14250536273956091 -0.091258822863740666 -0.10837475778693638 0.26999999999999985 517.27493286132824 41.095525741577156 4.7150000000000007 73.500000000000014 28.850000000000005 23.345000000000002 -0.089999999999999983 8.5016666666666705 24.550000000000004
decision_type=8 2 2 2 2 2 2 2 2 10 2 2 2 2 2 2 2 2 2 2 2 2 2 2 2 2 2 10 2 2
left_child=1 2 -1 22 5 17 -6 -8 9 13 -10 12 23 15 -15 -9 -11 -5 19 -19 -21 -20 -4 -12 25 26 27 -2 -28 -29
right_child=24 -3 3 4 6 -7 7 8 10 16 11 -13 -14 14 -16 -17 -18 18 21 20 -22 -23 -24 -25 -26 -27 28 29 -30 -31
leaf_value=-0.0031217979320505682 -0.00025090784540442965 -0.0030342987401140976 0.021657040981604304 -0.0023658947431734038 -0.0022841495773145161 -0.0058267108604278172 -0.003240831076695325 0.012441637780450177 -0.0040540638643253328 0.014575750288385892 0.011760134438761723 0.00059601049763198489 0.0018350821733855796 0.0036457733092583339 0.016944349145321835 0.00085542455064643397 0.0082280833879231543 0.00086354398790784367 -0.0027301714398438037 0.0061875117960431799 0.0048959891304964547 0.017917294336164607 0.0020870405134409335 0.0044611789422677418 0.00033850025825360729 -9.2031844973191894e-06 0.010224624510440178 0.00095591596258889704 0.0018726829959080369 -0.0022646940843185476
leaf_weight=2787 15066 1782 57 2176 1033 1914 644 91 880 50 68 1687 129 241 51 1340 64 324 960 81 94 56 269 52 55130 182098 54 1768 1582 17740
leaf_count=2787 15066 1782 57 2176 1033 1914 644 91 880 50 68 1687 129 241 51 1340 64 324 960 81 94 56 269 52 55130 182098 54 1768 1582 17740
internal_value=-8.04096e-05 -0.000683305 -0.000427965 -9.01243e-05 -0.000224132 -0.00113738 0.000584517 0.00107891 0.0015764 0.00341045 0.00037997 0.00171487 0.00925703 0.00269007 0.00818493 0.00156883 0.0142982 -9.61811e-05 0.00160066 0.00502004 0.0124286 -7.87413e-05 0.00481595 0.0166667 -4.33017e-05 -0.000118595 -0.000687657 -0.000811883 0.00193765 -0.0012887
internal_weight=290268 16830 15048 12261 11935 5605 6330 5297 4653 1837 2816 1936 249 1723 292 1431 114 3691 1515 499 175 1016 326 120 273438 218308 36210 34574 1636 19508
internal_count=290268 16830 15048 12261 11935 5605 6330 5297 4653 1837 2816 1936 249 1723 292 1431 114 3691 1515 499 175 1016 326 120 273438 218308 36210 34574 1636 19508
is_linear=0
shrinkage=0.05


Tree=137
num_leaves=31
num_cat=0
split_feature=14 15 13 15 14 23 20 23 5 9 9 19 17 9 13 5 12 13 23 5 23 22 18 22 17 22 9 23 22 17
split_gain=2.29096 3.13139 3.41518 2.88509 4.48012 3.78583 3.93407 5.16589 3.53898 2.92405 3.66653 5.35204 3.92136 2.85521 4.54453 2.78648 2.96569 3.39862 2.73914 5.27588 6.2468 5.33313 5.4513 4.88712 7.97095 4.03135 3.83597 3.32854 6.30986 5.02038
threshold=26.850000000000005 83.500000000000014 40.150000000000013 64.500000000000014 30.050000000000004 0.98174098242282837 188.00000000000003 0.98770287048522643 5.9271428571428588 902.01257324218761 254.37982940673831 4.1850000000000014 241.50000000000003 998.87963867187511 12.65 52.487142857142864 1.5000000000000002 4.4500000000000011 -0.94703994556331683 18.457142857142859 -0.96234030595689413 0.12545942051955489 6.6050000000000013 0.19337368024598436 76.500000000000014 0.29342972903661901 494.48980712890631 -0.92272482904738262 -0.33425342068356556 130.50000000000003
decision_type=2 2 2 2 2 2 10 2 2 2 2 2 2 2 2 2 2 2 2 2 2 2 2 2 2 2 2 2 2 2
left_child=1 -1 -3 4 -2 15 8 9 -7 10 11 12 -8 -10 -15 18 17 -17 19 21 -21 26 23 24 -23 -25 -5 28 29 -20
right_child=3 2 -4 5 -6 6 7 -9 13 -11 -12 -13 -14 14 -16 16 -18 -19 27 20 -22 22 -24 25 -26 -27 -28 -29 -30 -31
leaf_value=-0.0011064348369152113 -0.001303239320840537 0.00095346533731898017 -0.0041503557125605146 0.00031890997733226344 -8.2897336497982706e-05 -0.0043483170543465966 0.0099410648397842364 0.0009559712002750574 0.00010354344478362274 0.0099557703916938259 0.0014785261654007571 0.0048820782589984969 0.010422542794375286 0.009554895157791541 -0.0025937992536088248 0.00011940734719869641 -0.0013085080660027724 0.019405799400138663 0.0051605746737676149 0.0024334500043565925 0.017593067502443941 0.014312825366820393 0.00083120986915189853 0.00083102625698961731 0.0062390350667445573 0.0048968739578255172 -0.0041309176048441275 7.9537136831321638e-06 -0.0046731539857875265 0.00088880694402183576
leaf_weight=23247 21425 6917 608 7911 99827 974 58 5982 840 101 822 600 59 57 67 82 157 107 109 149 61 53 3175 739 208 445 1200 111653 1952 683
leaf_count=23247 21425 6917 608 7911 99827 974 58 5982 840 101 822 600 59 57 67 82 157 107 109 149 61 53 3175 739 208 445 1200 111653 1952 683
internal_value=-7.662e-05 -0.000484533 0.000401992 -2.82483e-05 -0.000206266 0.000127889 0.00108786 0.00159932 -0.000923634 0.00408536 0.00354451 0.0061576 0.0159402 0.00122407 0.00830645 5.65715e-05 0.00453757 0.00875661 4.44907e-05 0.000706189 0.00857143 0.000585899 0.0019697 0.00451557 0.0107088 0.00315034 -0.000115795 -3.61472e-05 -0.00175656 0.00200757
internal_weight=290268 30772 7525 259496 121252 138244 9560 7622 1938 1640 1539 717 117 964 124 128684 346 189 128338 13941 210 13731 4620 1445 261 1184 9111 114397 2744 792
internal_count=290268 30772 7525 259496 121252 138244 9560 7622 1938 1640 1539 717 117 964 124 128684 346 189 128338 13941 210 13731 4620 1445 261 1184 9111 114397 2744 792
is_linear=0
shrinkage=0.05


Tree=138
num_leaves=31
num_cat=0
split_feature=24 22 16 23 23 23 22 22 22 13 5 1 22 22 18 22 19 22 21 20 1 19 16 18 14 22 1 21 13 18
split_gain=2.59387 3.34999 2.85192 2.85394 3.08958 5.06498 2.86589 3.279 5.62459 3.75272 2.79383 3.89138 4.59477 3.49673 3.13275 2.79554 2.61208 5.2596 4.02815 3.28503 5.35313 4.03092 2.55513 2.44915 2.31392 2.27511 2.36488 2.66455 3.12269 2.61594
threshold=-0.77999999999999992 -0.62588817255938378 7.5500000000000007 -0.3744658827978154 0.19969739736768838 0.011826144619637555 -0.9905448150984083 -0.99630266176052629 -0.99467753128998015 1.4500000000000002 4.0964285714285724 7.1150000000000011 -0.96235977360714686 -0.67803021058859214 10.255000000000001 -0.73866753694953124 4.6450000000000005 -0.76141707087277943 82.500000000000014 231.75000000000003 4.4650000000000007 5.1350000000000007 9.9500000000000011 7.5550000000000006 29.650000000000002 0.99939377080793557 6.2350000000000012 42.500000000000007 4.6500000000000012 9.2450000000000028
decision_type=8 2 2 2 2 2 2 2 2 2 2 2 2 2 2 2 2 2 10 10 2 2 2 2 2 2 2 8 2 2
left_child=1 2 -1 24 5 6 7 -5 9 -9 -6 15 23 -14 -15 16 18 19 -12 20 -18 -21 -11 -13 -4 -2 -27 -28 29 -29
right_child=25 -3 3 4 10 -7 -8 8 -10 22 11 12 13 14 -16 -17 17 -19 -20 21 -22 -23 -24 -25 -26 26 27 28 -30 -31
leaf_value=-0.0029598020917846694 -2.6385358523107763e-05 -0.0028713891984827361 0.00065055037060247694 -1.2276477343732306e-05 -0.0027313039251493417 -0.0065657340559432667 -0.0022465431327324931 0.00087034202373670192 0.00087750813003044902 0.0075537658634234998 -0.0011739651869829486 0.0010421607299160372 -0.0023757334619372086 0.00081217555179960476 0.0043114111111883721 -0.00060509931579413141 0.01090592750658014 0.044837021567125775 0.0091802329712673963 0.0061001060101936559 0.0036826946779196091 0.0014833592138881104 0.004943166706205592 0.020211332206850851 0.006093006906097021 -0.004660352185627512 -0.0017832547132957633 0.0089832390946737086 9.668007890097007e-05 0.0063213004769169957
leaf_weight=2787 270270 1782 172 1016 872 1727 2176 62 324 61 665 59 1964 229 60 765 79 86 68 176 261 1174 52 59 154 1074 1558 69 398 69
leaf_count=2787 270270 1782 172 1016 872 1727 2176 62 324 61 665 59 1964 229 60 765 79 86 68 176 261 1174 52 59 154 1074 1558 69 398 69
internal_value=-7.48975e-05 -0.000677363 -0.00043461 -0.000106436 -0.000232511 -0.0011148 -6.90882e-05 0.00160066 0.00491984 0.0121429 0.000500996 0.000907882 -0.000634754 -0.00113848 0.00399654 0.00202504 0.0028318 0.00386824 0.000320599 0.00325444 0.00764706 0.00214815 0.0175664 0.00898305 0.0045092 -3.7816e-05 -0.00136995 -0.000391596 0.00264925 0.00913043
internal_weight=290268 16830 15048 12261 11935 5418 3691 1515 499 175 6517 5645 2371 2253 289 3274 2509 1776 733 1690 340 1350 113 118 326 273438 3168 2094 536 138
internal_count=290268 16830 15048 12261 11935 5418 3691 1515 499 175 6517 5645 2371 2253 289 3274 2509 1776 733 1690 340 1350 113 118 326 273438 3168 2094 536 138
is_linear=0
shrinkage=0.05


Tree=139
num_leaves=31
num_cat=0
split_feature=24 4 4 22 22 22 23 9 17 22 13 14 22 22 5 22 22 17 9 17 23 1 17 23 24 23 3 24 24 21
split_gain=2.65729 2.99595 2.79402 2.37463 2.65357 5.01025 8.26852 6.57424 4.15431 2.63182 2.73509 2.61813 2.30647 3.82196 3.87462 3.18328 5.40872 2.95069 2.7531 2.4273 2.71719 3.34415 2.19945 2.17881 4.61448 3.56291 4.82439 22.1773 5.17089 3.51363
threshold=-0.77999999999999992 6.3850000000000007 23.725000000000005 -0.62588817255938378 -0.98214942551678475 -0.9905448150984083 -0.056951011027366626 160.44285583496097 138.50000000000003 -0.57078386445773377 3.5500000000000003 29.750000000000004 -0.86976336936302323 -0.67803021058859214 8.4321428571428587 -0.89406062840022227 -0.88622299073327826 250.50000000000003 38.461023330688484 267.50000000000006 0.31595530242620651 8.3450000000000006 357.50000000000006 -0.99628250747696534 1.3800000000000001 -0.97874870457683594 5.368333333333335 1.7100000000000002 0.05000000000000001 52.500000000000007
decision_type=8 2 2 2 2 2 2 2 2 2 2 2 2 2 2 2 2 2 2 2 2 2 2 2 10 2 2 10 10 8
left_child=1 -1 3 4 5 6 7 -3 11 -5 -11 -9 15 -14 -15 18 17 -17 -6 -20 -21 -22 23 24 -2 26 27 28 -25 -28
right_child=22 2 -4 9 12 -7 -8 8 -10 10 -12 -13 13 14 -16 16 -18 -19 19 20 21 -23 -24 25 -26 -27 29 -29 -30 -31
leaf_value=-0.003006355216494061 -0.0022029704051860703 0.0012974235008868821 -0.014655741549772559 -0.0048780308285951987 0.0082458103484460681 -0.010622835697184373 -0.0039376866711866012 0.0053258151775095585 0.003424242029581095 0.0034141650313503145 -0.00094873714747810498 0.028089277974037916 -0.0015477692298570258 0.0012496818608501398 0.0046009299409597712 0.0048886888057572348 0.0015200976633363734 0.016044301404655549 -0.00022723620508886637 0.00047700332891053481 0.0085962725735295575 -0.0053224159833561791 -0.003212869637348824 0.0054365660883395669 0.0010509005995879765 -5.0961075791443998e-05 0.0011006322640990855 0.012645116398959903 0.00074669759745957492 -0.0011847681062504166
leaf_weight=3277 5903 551 469 639 466 958 1744 74 142 76 693 59 2905 461 98 96 291 50 3021 475 222 63 1739 258 1977 252743 6779 69 1120 2850
leaf_count=3277 5903 551 469 639 466 958 1744 74 142 76 693 59 2905 461 98 96 291 50 3021 475 222 63 1739 258 1977 252743 6779 69 1120 2850
internal_value=-7.35195e-05 -0.000683305 -0.000355273 -0.000219353 1.45586e-05 -0.00113095 1.94541e-05 0.00414043 0.0104545 -0.00215909 -0.000188558 0.0168045 0.000510554 -0.000467669 0.00331842 0.00123399 0.00529748 0.0131507 0.000815869 0.000368949 0.00289474 0.00675438 -3.59874e-05 -2.46424e-05 -0.00084391 -1.71764e-07 0.000877572 0.00356945 0.00218432 0.000473049
internal_weight=290268 16830 13553 13084 11676 3528 2570 826 275 1408 769 133 8148 3464 559 4684 437 146 4247 3781 760 285 273438 271699 7880 263819 11076 1447 1378 9629
internal_count=290268 16830 13553 13084 11676 3528 2570 826 275 1408 769 133 8148 3464 559 4684 437 146 4247 3781 760 285 273438 271699 7880 263819 11076 1447 1378 9629
is_linear=0
shrinkage=0.05


Tree=140
num_leaves=31
num_cat=0
split_feature=24 22 23 5 4 3 9 3 22 15 14 24 23 22 17 4 16 14 22 24 5 22 22 3 22 23 24 24 23 22
split_gain=2.64342 2.81344 2.49659 2.62425 2.9084 2.5431 2.44744 2.36766 2.13737 2.1172 4.51372 4.34585 3.21328 8.80667 4.50816 3.55147 3.20448 3.1783 2.79837 8.88225 2.75058 2.9938 3.29641 6.00823 3.60002 4.52829 8.68536 4.02357 3.40831 3.11887
threshold=-0.77999999999999992 -0.62588817255938378 -0.3744658827978154 3.5250000000000008 18.505000000000006 10.928333333333336 998.87963867187511 4.2616666666666676 -0.57078386445773377 73.500000000000014 28.850000000000005 -0.089999999999999983 -0.5129677127369543 -0.78326540922535159 185.50000000000003 15.095000000000001 13.350000000000003 24.550000000000004 0.82899317702918729 -0.22499999999999995 10.245000000000003 -0.88622299073327826 -0.082689790342551819 5.325000000000002 -0.43733984355855576 0.92519182738459482 -0.60499999999999987 2.0250000000000004 -0.58481178939031186 -0.27694604220087021
decision_type=8 2 2 2 2 2 2 2 2 2 2 10 2 2 2 2 2 2 2 10 2 2 2 2 2 2 10 10 2 2
left_child=1 2 5 -4 6 7 -5 -1 -3 10 11 12 13 14 15 -2 -15 -13 -14 -20 21 -11 23 24 28 26 -26 -28 -23 -27
right_child=9 8 3 4 -6 -7 -8 -9 -10 20 -12 17 18 16 -16 -17 -18 -19 19 -21 -22 22 -24 -25 25 29 27 -29 -30 -31
leaf_value=0.0047916014043899967 0.012430929727862054 -0.0054057243738075394 -0.0050635280745311229 -0.00034095244053982228 -0.0080630701261348442 0.020601600424040287 0.0026954574478904075 7.6606333294041242e-05 -0.00093295194808025732 -0.0024563233410124959 -4.9401319882885612e-06 0.00099398432077152398 -0.00057662506855852354 -0.00027100360442713418 0.0033267631232829307 0.011231547151292969 0.0059626762624705384 -0.0019547125394711031 -0.0017084330656585739 0.010394781877816256 0.0012672110680181127 0.0098464072511216735 -0.00015859978555265769 0.00032105252531895723 0.013606973882216648 -0.003940592372149076 0.0056245567499685466 -0.0072006596588113404 -0.00094316018902941806 0.0051708648003375435
leaf_weight=50 59 792 888 12532 863 50 369 296 990 2521 182098 1838 13459 1846 225 150 95 18230 217 91 13419 195 28834 7987 128 247 385 84 812 518
leaf_count=50 59 792 888 12532 863 50 369 296 990 2521 182098 1838 13459 1846 225 150 95 18230 217 91 13419 195 28834 7987 128 247 385 84 812 518
internal_value=-7.21414e-05 -0.000680334 -0.000457869 -0.000563747 -0.000393782 0.00345959 -0.000205799 0.00193641 -0.00255892 -3.47074e-05 -0.000104624 -0.000614472 -3.7182e-06 0.00169474 0.00813364 0.0134211 0.000255022 -0.00110574 -0.000296725 0.00441558 0.000242154 4.18343e-05 0.000149272 0.000914445 0.00312579 0.00480176 0.00806533 0.00491471 0.000858986 0.0022549
internal_weight=290268 16830 15048 14652 13764 396 12901 346 1782 273438 218308 36210 16142 2375 434 209 1941 20068 13767 308 55130 41711 39190 10356 2369 1362 597 469 1007 765
internal_count=290268 16830 15048 14652 13764 396 12901 346 1782 273438 218308 36210 16142 2375 434 209 1941 20068 13767 308 55130 41711 39190 10356 2369 1362 597 469 1007 765
is_linear=0
shrinkage=0.05


Tree=141
num_leaves=31
num_cat=0
split_feature=24 22 2 4 22 22 23 16 2 19 21 22 23 9 14 22 2 22 7 12 22 22 8 2 20 22 22 14 24 22
split_gain=2.47442 2.6268 2.50498 3.05016 3.33345 4.26935 6.80669 3.89722 3.93661 2.88758 3.52291 2.89974 2.76445 2.70986 4.99208 2.32727 2.51587 4.38557 2.08617 3.02974 2.90858 3.26219 2.43885 2.08515 1.99545 2.04621 2.00116 2.23881 1.97884 3.57098
threshold=-0.77999999999999992 -0.62588817255938378 -1.5699999999999987 6.3850000000000007 -0.98214942551678475 -0.99275805973510278 -0.056951011027366626 10.65 1.9600000000000004 5.5950000000000006 82.500000000000014 -0.84315017450793706 -0.39036009226888674 68.901683807373061 29.950000000000003 -0.57078386445773377 -1.6400000000000001 -0.55657520495441892 9.5000000000000018 6.5000000000000009 -0.8781231054254196 -0.92274349529687905 106.50000000000001 0.61000000000000087 183.20000000000002 -0.67803021058859214 -0.76141707087277943 26.450000000000003 1.9550000000000003 -0.35846811432664222
decision_type=8 2 2 2 2 2 2 2 2 2 10 2 2 2 2 2 2 2 2 2 2 2 2 2 10 2 2 2 10 2
left_child=1 2 -1 -4 5 6 7 8 13 10 23 -12 -11 -5 -15 -3 17 -17 22 20 21 -20 28 -6 26 -26 27 -14 -2 -30
right_child=18 15 3 4 9 -7 -8 -9 -10 12 11 -13 24 14 -16 16 -18 -19 19 -21 -22 -23 -24 -25 25 -27 -28 -29 29 -31
leaf_value=-0.0025263496183970365 -1.7944906740989763e-05 -0.0051354381551171543 -0.0023345022123610116 0.0028841228538426539 0.00073505999666519703 -0.0063573945065236856 -0.0036711198310007929 -0.00027882917103712215 -0.0054084858562578582 0.0058605275331611714 0.012205404670176922 0.0014048690133097318 -0.0020314180814164774 0.0039091048894907571 0.034754589492042749 0.0073055324835979117 -0.0019522457076002896 -0.00074157619963479977 0.011466790163344027 -0.0073466992607334487 0.0042422025862927674 0.041277772542984766 0.016643075184939297 0.0042343200436945191 -0.00088031992238070823 0.0024877101398312427 -0.0032553788121737226 0.0074087474598423866 -0.001769053565347132 0.00049448076786338707
leaf_weight=2818 260640 792 2693 71 1092 978 1297 232 83 100 86 51 78 108 85 50 795 145 146 197 274 54 50 541 3970 404 90 271 7721 4356
leaf_count=2818 260640 792 2693 71 1092 978 1297 232 83 100 86 51 78 108 85 50 795 145 146 197 274 54 50 541 3970 404 90 271 7721 4356
internal_value=-7.11079e-05 -0.000659538 -0.000444579 -0.000134915 0.00028468 -0.00114576 0.000250532 0.0047582 0.00811239 0.000895555 0.00262712 0.0103285 0.000271727 0.0110985 0.014171 -0.00247475 -0.000858587 0.00423077 -3.48903e-05 0.00274963 0.00491561 0.0095 -4.17401e-05 0.00198102 0.000100768 -0.000221766 0.00331435 0.00502865 -4.37645e-05 -0.000669456
internal_weight=290268 16830 15048 12230 9537 2854 1876 579 347 6683 1770 137 4913 264 193 1782 990 195 273438 671 474 200 272767 1633 4813 4374 439 349 272717 12077
internal_count=290268 16830 15048 12230 9537 2854 1876 579 347 6683 1770 137 4913 264 193 1782 990 195 273438 671 474 200 272767 1633 4813 4374 439 349 272717 12077
is_linear=0
shrinkage=0.05


Tree=142
num_leaves=31
num_cat=0
split_feature=24 16 23 22 1 22 17 22 13 16 24 23 24 23 22 17 23 20 24 22 22 13 16 2 4 17 24 22 22 4
split_gain=2.48167 2.69589 3.30675 5.40333 2.70652 2.39545 2.11746 4.16914 4.11269 3.56861 3.76525 3.39783 5.71113 3.33025 2.80106 2.77852 4.10981 3.65819 4.07867 4.01334 4.79554 3.58706 3.50418 3.23071 3.05081 2.81076 7.06621 20.9464 4.56073 5.39085
threshold=-0.77999999999999992 9.4500000000000011 -0.056951011027366626 -0.99275805973510278 8.8050000000000015 -0.98214942551678475 330.50000000000006 0.94978112945126536 8.7500000000000018 8.0500000000000025 0.24500000000000002 0.28313308994381592 0.36500000000000005 0.98332250088165762 -0.12546116083924153 214.50000000000003 0.9980355542543059 264.90000000000003 -0.77999999999999992 -0.92923668111203805 -0.91597725483594616 2.9500000000000006 10.750000000000002 1.4899999999999991 69.360000000000014 254.50000000000003 -0.089999999999999983 0.79904096188274243 -0.92274349529687905 8.3250000000000011
decision_type=8 2 2 2 2 2 2 2 2 2 10 2 10 2 2 2 2 8 10 2 2 2 2 2 2 2 10 2 2 2
left_child=1 2 3 4 -1 -5 15 13 9 -9 -11 12 -12 -8 -15 17 22 18 19 -2 -21 -20 -17 -19 -22 26 27 28 29 -24
right_child=6 -3 -4 5 -6 -7 7 8 -10 10 11 -13 -14 14 -16 16 -18 23 21 20 24 -23 25 -25 -26 -27 -28 -29 -30 -31
leaf_value=0.0026932642468786355 -0.015525587855782993 -3.5862327284885062e-05 -0.0028537225794419544 -0.0087815810519406862 0.034164136372918284 0.00019439468162636095 -0.0017747904398430208 -0.0020662125112298887 -0.0010148836054356216 0.0021180594051127973 0.012267518214478823 0.014233436980289151 0.0015910233671037465 0.009624486631071176 0.00085815469468121974 5.47984143658598e-05 -0.0024842161318131099 -0.00068797897795852439 0.001871231878804778 0.021737341234818477 0.012109345081789808 0.00010522505524651622 0.012662174719946746 0.00017068927504122755 -0.0047571053625729007 0.00052558858310707902 -0.00035005276141255177 0.0097600836175061878 0.0018036957091014196 0.0045480754355201134
leaf_weight=316 61 8750 5901 413 72 1378 14084 322 1702 590 119 96 243 121 1410 55826 3491 83700 4979 55 88 34292 59 38155 74 22702 4523 164 5558 1024
leaf_count=316 61 8750 5901 413 72 1378 14084 322 1702 590 119 96 243 121 1410 55826 3491 83700 4979 55 88 34292 59 38155 74 22702 4523 164 5558 1024
internal_value=-7.02466e-05 -0.000659538 -0.00131807 0.000346488 0.00569588 -0.000812397 -3.3976e-05 -0.000547708 0.00113607 0.00317518 0.00458969 0.00799127 0.00577348 -0.000878964 0.00133573 3.70831e-06 0.000220841 -0.000121869 0.000295961 0.00633093 0.00951613 0.000253239 0.000286235 -0.000257479 0.00518518 0.000686158 0.00132945 0.00234754 0.00191161 0.00487996
internal_weight=290268 16830 8080 2179 388 1791 273438 18687 3072 1370 1048 458 362 15615 1531 254751 93347 161404 39549 278 217 39271 89856 121855 162 34030 11328 6805 6641 1083
internal_count=290268 16830 8080 2179 388 1791 273438 18687 3072 1370 1048 458 362 15615 1531 254751 93347 161404 39549 278 217 39271 89856 121855 162 34030 11328 6805 6641 1083
is_linear=0
shrinkage=0.05


Tree=143
num_leaves=31
num_cat=0
split_feature=0 13 17 15 17 22 22 22 21 22 1 17 23 10 21 23 22 23 22 4 13 3 22 19 21 14 18 13 19 23
split_gain=2.26597 2.43747 3.08124 2.96859 2.95607 4.88869 2.50825 4.36017 4.69967 10.844 10.4186 5.04208 4.46234 3.99296 3.714 4.72746 3.70221 4.37958 3.39355 4.05012 4.12511 3.30878 3.6421 7.29388 8.00391 6.81715 4.33738 4.33363 3.27635 3.78702
threshold=2.8850000000000002 19.750000000000004 346.50000000000006 81.500000000000014 12.500000000000002 0.96687895796550427 0.99552231814189451 0.97314989601849466 162.50000000000003 0.97508442350096236 8.1050000000000022 333.50000000000006 0.11478523713130605 3.4611111879348759 42.500000000000007 0.04621408538533487 0.94704596667653973 -0.26867065956352881 0.94425825643485939 9.6850000000000005 10.15 10.578333333333335 0.98372640911059162 6.6450000000000005 12.500000000000002 29.650000000000002 7.7550000000000008 5.3500000000000005 8.1250000000000018 -0.23537842981696178
decision_type=2 2 2 2 2 2 2 2 8 2 2 2 2 2 8 2 2 2 2 2 2 2 2 2 10 2 2 2 2 2
left_child=-1 2 3 4 5 -2 7 16 11 10 -10 12 -9 -11 -8 -16 18 -18 -6 -20 -21 22 23 -14 27 -24 -27 -25 29 -19
right_child=1 -3 -4 -5 6 -7 14 8 9 13 -12 -13 21 -15 15 -17 17 28 19 20 -22 -23 25 24 -26 26 -28 -29 -30 -31
leaf_value=-0.0016918476281671858 0.00075445637074937708 -0.00049991315620502715 -0.0015706454430132622 0.0013220628330975139 -2.031770989179429e-05 0.004467568165523946 -0.0029715439207391235 0.00044872360774228992 0.016046969179697109 -0.0031298321546747985 0.0015913724592941658 0.0081488923979329535 -0.0054751713963417416 0.011041242182743395 0.0027909194349780486 -0.0071550668185334163 -0.0065585756008099379 0.0068183009335705067 -0.0016950665110792972 0.0048485427749025874 0.0079552772443916148 -4.4380190575463036e-05 0.00053703818357661787 0.0050507788052374103 0.0028229407962668059 0.010790168235981425 0.0069206114784439825 0.015338733818521515 -0.0023409050766251454 -0.0002205459314805371
leaf_weight=5769 5723 43048 7162 9214 196510 950 4136 3686 60 1998 79 376 501 107 1438 488 1871 497 179 250 113 694 451 53 281 324 353 54 2281 1622
leaf_count=5769 5723 43048 7162 9214 196510 950 4136 3686 60 1998 79 376 501 107 1438 488 1871 497 179 250 113 694 451 53 281 324 353 54 2281 1622
internal_value=-6.68015e-05 -4.69082e-05 1.4888e-05 4.61171e-05 1.01065e-05 0.00104675 -2.15669e-05 7.06295e-06 0.00108295 -0.000900179 0.0126259 0.00174 0.00140925 -0.00179335 -0.00102442 0.000789199 -4.06508e-05 -0.00123665 -2.58934e-06 0.00394834 0.00698347 0.0029491 0.00397372 0.00158043 0.0067268 0.00585993 0.0090325 0.0183645 -0.000375001 0.00104058
internal_weight=290268 284499 241451 234289 225075 6673 218402 212340 9017 2244 139 6773 6397 2105 6062 1926 203323 6271 197052 542 363 2711 2017 889 388 1128 677 107 4400 2119
internal_count=290268 284499 241451 234289 225075 6673 218402 212340 9017 2244 139 6773 6397 2105 6062 1926 203323 6271 197052 542 363 2711 2017 889 388 1128 677 107 4400 2119
is_linear=0
shrinkage=0.05


Tree=144
num_leaves=31
num_cat=0
split_feature=24 16 23 22 15 20 22 19 22 22 0 21 24 16 23 23 1 23 24 22 22 23 23 3 23 23 15 22 22 22
split_gain=2.32222 2.61716 2.98464 4.73093 2.95864 6.69976 2.522 2.14523 3.0891 2.02708 2.58399 3.03432 2.03523 3.53608 2.74541 3.70568 11.5576 7.55017 4.75345 8.56091 7.65229 5.40829 8.63674 7.94588 6.75057 7.25855 6.78491 5.14906 12.669 7.163
threshold=-0.77999999999999992 9.5500000000000025 -0.056951011027366626 -0.99275805973510278 61.500000000000007 287.80000000000001 -0.98214942551678475 4.0750000000000011 -0.95754239937548935 0.99939377080793557 6.0150000000000006 42.500000000000007 1.9550000000000003 8.4500000000000011 0.99981043035926087 0.98486764554468398 7.035000000000001 0.97062204580664158 1.7100000000000002 -0.92274349529687905 0.46800856592688472 -0.88620506325989179 0.95178258287705175 8.5750000000000028 0.92843842216862604 0.90803977035715633 63.500000000000007 -0.36647417525074694 -0.33425342068356556 -0.13398594226331254
decision_type=8 2 2 2 2 10 2 2 2 2 2 8 10 2 2 2 2 2 10 2 2 2 2 2 2 2 2 2 2 2
left_child=1 2 3 4 -1 -6 -5 8 -8 12 -11 -12 14 -14 15 17 -17 18 -2 -20 21 23 24 27 25 26 -23 -21 -29 -30
right_child=9 -3 -4 6 5 -7 7 -9 -10 10 11 -13 13 -15 -16 16 -18 -19 19 20 -22 22 -24 -25 -26 -27 -28 28 29 -31
leaf_value=-0.00024919944412483925 -5.4387050755663466e-05 -2.2332936677137179e-05 -0.0025955168627849693 -0.0083419916759016177 0.0022507724595163948 0.032313526769235511 0.011530698918069855 -0.00067218904242815041 0.0017609127727349937 -0.0052623782833440451 -0.0019351003899891991 0.0026034162384996925 -0.0022310371054766022 4.6882374270553944e-05 -0.0041532239670922675 -0.00057769141761112284 0.0027903887224621153 -0.0030973136563621634 -0.0020036392166015997 -0.015559511516304851 -0.012463192344835493 0.0076837101841968451 -0.0021202878883936705 -4.1292583038726982e-05 0.004134229687712169 -0.0037175619319113271 0.0016522816910947984 0.018605979135132119 -0.0055618022933671164 0.0043925057138030727
leaf_weight=138 222948 8519 6059 422 182 75 54 1263 118 982 1589 597 4882 7196 1584 6696 5778 5544 4554 135 594 1531 792 4565 792 594 1043 91 228 723
leaf_count=138 222948 8519 6059 422 182 75 54 1263 118 982 1589 597 4882 7196 1584 6696 5778 5544 4554 135 594 1531 792 4565 792 594 1043 91 228 723
internal_value=-6.86963e-05 -0.000638742 -0.00127 0.000284191 0.00525316 0.00842412 -0.000772753 0.00022648 0.00546512 -3.36103e-05 -0.00129104 -0.000333944 -1.88712e-05 -0.000653255 1.08047e-05 2.36146e-05 0.000864196 -1.93348e-05 2.30509e-05 0.000865617 0.00161526 0.00192777 0.0031755 0.000895157 0.00412879 0.00309659 0.00424631 0.0045582 0.00574856 0.00404311
internal_weight=290268 16830 8311 2252 395 257 1857 1435 172 273438 3168 2186 270270 12078 258192 256608 12474 244134 238590 15642 11088 10494 4752 5742 3960 3168 2574 1177 1042 951
internal_count=290268 16830 8311 2252 395 257 1857 1435 172 273438 3168 2186 270270 12078 258192 256608 12474 244134 238590 15642 11088 10494 4752 5742 3960 3168 2574 1177 1042 951
is_linear=0
shrinkage=0.05


Tree=145
num_leaves=31
num_cat=0
split_feature=24 16 4 7 12 15 14 24 14 15 5 16 19 2 14 4 13 21 17 24 19 5 19 24 3 16 19 24 24 14
split_gain=2.21235 2.58365 2.33217 1.97361 2.94372 1.91859 4.09717 3.7847 3.03607 2.87939 2.70241 2.89768 2.68597 4.51616 2.45927 2.73949 3.41707 2.43739 2.57504 2.35504 2.3817 2.26686 3.11099 2.17965 2.46801 2.45411 2.17548 2.9938 4.64728 4.16009
threshold=-0.77999999999999992 9.4500000000000011 6.8650000000000011 9.5000000000000018 6.5000000000000009 73.500000000000014 28.850000000000005 -0.089999999999999983 24.650000000000002 62.500000000000007 10.245000000000003 19.150000000000002 1.8550000000000002 -0.070000000000000159 26.550000000000004 5.8850000000000007 6.7500000000000009 137.50000000000003 258.50000000000006 -0.77999999999999992 9.4450000000000021 18.039285714285718 7.2750000000000012 -0.13999999999999999 31.873333333333338 12.950000000000001 7.9350000000000014 0.24500000000000002 0.095000000000000015 32.550000000000004
decision_type=8 2 2 2 2 2 2 10 2 2 2 2 2 2 2 2 2 10 2 10 2 2 2 8 2 2 2 10 8 2
left_child=1 2 -1 5 -5 6 7 17 9 -9 14 19 13 -8 -7 16 -16 23 -19 -12 -21 -10 -23 24 -2 -25 27 28 29 -14
right_child=3 -3 -4 4 -6 10 12 8 21 -11 11 -13 26 -15 15 -17 -18 18 -20 20 -22 22 -24 25 -26 -27 -28 -29 -30 -31
leaf_value=-0.0039492870616493229 -0.00044302070332075545 -3.0409659704840357e-05 -0.00084112788618646817 0.008186710257718265 -0.0069412301107664963 -0.00086775127270716115 0.0031170857524714128 0.006057878324336961 -0.0019957207689315962 -1.1599413301060104e-05 0.017555172911037514 0.0067944685788036271 0.00060607699049789669 0.0045351079648545635 0.0059459010601327833 0.00021430360671429935 0.0016366401337486122 0.0072913482337572475 -0.00048040499803182909 0.0017411961378195383 -3.1226724061941544e-05 0.0073889857411269314 0.00064494048311484033 0.0025893969315965455 0.0046728990170239876 0.0074492021450835626 -0.00026160801129555871 -0.00021757064655703574 0.0026826882757376995 -0.0032407963786443336
leaf_weight=2572 14425 8750 5508 474 197 10362 333 294 17738 1686 61 117 36755 98 161 30000 1188 76 62 7314 5922 57 292 1396 123 60 104679 34636 2922 2010
leaf_count=2572 14425 8750 5508 474 197 10362 333 294 17738 1686 61 117 36755 98 161 30000 1188 76 62 7314 5922 57 292 1396 123 60 104679 34636 2922 2010
internal_value=-6.74905e-05 -0.000623887 -0.00126857 -3.32446e-05 0.00267511 -3.9907e-05 -0.000106644 -0.000592257 -0.00105073 0.00080808 0.000223582 0.000840911 -9.7293e-06 0.00393271 2.50522e-05 0.00024578 0.00244996 -2.23033e-05 0.0065942 0.000771977 0.000726804 -0.00125422 0.00273639 -7.93564e-05 -0.000263955 0.00176511 -1.9117e-05 0.000183888 0.00046933 0.000324389
internal_weight=290268 16830 8080 273438 671 272767 217642 36209 20067 1980 55125 13414 181433 431 41711 31349 1349 16142 138 13297 13236 18087 349 16004 14548 1456 181002 76323 41687 38765
internal_count=290268 16830 8080 273438 671 272767 217642 36209 20067 1980 55125 13414 181433 431 41711 31349 1349 16142 138 13297 13236 18087 349 16004 14548 1456 181002 76323 41687 38765
is_linear=0
shrinkage=0.05


Tree=146
num_leaves=31
num_cat=0
split_feature=2 22 22 22 20 14 22 23 20 23 14 20 23 22 17 4 17 23 21 22 23 1 21 23 19 16 13 22 22 17
split_gain=2.09898 2.38838 10.2231 7.73911 5.94884 4.30808 7.79536 6.95056 6.941 3.93612 5.46515 3.64976 12.0575 5.61179 4.37643 3.74438 2.92261 4.37509 5.29874 3.21845 3.87318 2.91161 3.88287 2.8303 2.74585 2.68114 2.46026 2.42731 5.51812 3.85736
threshold=0.4200000000000001 0.49812943072827093 0.57077594689671507 0.35846314187849709 235.70000000000002 30.350000000000005 0.52766072109828632 0.84199059757024453 183.20000000000002 0.92843842216862604 30.850000000000005 211.10000000000002 0.83258597624099873 0.54219432480460406 185.50000000000003 10.075000000000001 26.500000000000004 0.76556758748011056 42.500000000000007 0.97314989601849466 0.18281312110578132 7.8250000000000011 21.900000000000002 0.86004965528756494 10.185 3.5500000000000003 0.95000000000000007 0.39036257410962044 0.45273815774107123 193.50000000000003
decision_type=2 2 2 2 10 2 2 2 8 2 2 10 2 2 2 2 2 2 8 2 2 2 8 2 2 2 2 2 2 2
left_child=-1 3 5 -2 9 8 -7 11 -3 27 -11 12 15 24 26 -8 17 19 -19 -4 -21 22 -22 -10 -13 -18 -15 -5 29 -29
right_child=1 2 16 4 -6 6 7 -9 23 10 -12 13 -14 14 -16 -17 25 18 -20 20 21 -23 -24 -25 -26 -27 -28 28 -30 -31
leaf_value=-0.00027045135034896149 8.3941267677974446e-05 0.0047221354485770589 0.00024343810905185143 -0.0065187555174689733 -0.0066324478017201656 0.00041124639753471829 0.0013681580024654987 -0.0076362942317853306 -0.0011660854202658712 -0.0021089533386755856 0.0054170039476540447 0.011127879704512865 0.013485408217606363 0.0077159715367685986 -6.2903272774028805e-06 0.0052890961293490411 0.0056549264721121812 0.013100592923974428 -0.0028769755955485657 0.0022788151675777186 0.023152770322381763 0.0023371347584899105 0.010512976866927535 0.0048594103401315945 0.0057466588977869429 -2.2632178354815308e-05 0.0056004199535452347 0.0053985087062288026 -0.004906230472893929 -0.00018641657316241674
leaf_weight=161125 80278 356 2870 532 3311 640 133 139 1438 59 66 83 78 89 271 79 52 92 61 904 54 76 62 220 51 34890 179 599 988 493
leaf_count=161125 80278 356 2870 532 3311 640 133 139 1438 59 66 83 78 89 271 79 52 92 61 904 54 76 62 220 51 34890 179 599 988 493
internal_value=-6.62848e-05 8.38981e-05 0.000389213 -6.75359e-05 -0.00179233 0.00288072 0.00470149 0.00725045 0.00130586 -6.75934e-05 0.0086 0.00875908 0.0134483 0.00673848 0.00446197 0.00726415 0.000149637 0.00140932 0.00970588 0.00108926 0.00339416 0.00984375 0.0148276 -5.42835e-05 0.0158955 1.14356e-06 0.00899254 -0.00048239 0.00028846 0.00273809
internal_weight=290268 129143 42817 86326 6048 3756 1742 1102 2014 2737 125 963 290 673 539 212 39061 4119 153 3966 1096 192 116 1658 134 34942 268 2612 2080 1092
internal_count=290268 129143 42817 86326 6048 3756 1742 1102 2014 2737 125 963 290 673 539 212 39061 4119 153 3966 1096 192 116 1658 134 34942 268 2612 2080 1092
is_linear=0
shrinkage=0.05


Tree=147
num_leaves=31
num_cat=0
split_feature=24 22 22 22 9 16 15 24 22 22 22 22 17 24 22 22 20 9 22 22 24 17 5 16 24 22 22 22 22 22
split_gain=2.13878 7.66592 13.4947 8.15387 8.04856 5.84083 4.80986 3.98824 6.09125 19.7177 14.4922 13.0286 11.5643 9.14618 11.1566 15.9031 12.0232 10.5348 9.09383 7.91153 11.1322 7.25901 6.25593 6.10952 5.60614 17.6456 5.59553 24.898 7.62428 11.8107
threshold=-0.43999999999999995 0.21022171450811275 0.48314048284850658 0.12545942051955489 528.79354858398449 9.6500000000000004 56.500000000000007 -0.18999999999999997 -0.79384350655589164 -0.71504373327588355 -0.91597725483594616 -0.95244167294248061 177.50000000000003 -0.22499999999999995 -0.99467753128998015 -0.97509794945709805 426.60000000000008 260.38023376464849 -0.59869031648930193 -0.76141707087277943 -0.27499999999999997 167.50000000000003 13.61214285714286 10.15 -0.22499999999999995 -0.93545489084327571 -0.40614700388750385 -0.43733984355855576 -0.50556189049999822 -0.52766804058324157
decision_type=8 2 2 2 2 2 2 8 2 2 2 2 2 10 2 2 10 2 2 2 10 2 2 2 10 2 2 2 2 2
left_child=1 3 -3 6 -4 -5 -1 8 10 19 11 13 24 14 -2 16 17 21 -11 20 -10 23 -17 -16 -13 -26 27 28 29 -20
right_child=7 2 4 5 -6 -7 -8 -9 9 18 -12 12 -14 -15 15 22 -18 -19 26 -21 -22 -23 -24 -25 25 -27 -28 -29 -30 -31
leaf_value=-0.0030438776597369365 -0.005769803593998076 -0.0049410399872092461 0.0066762770512026823 0.00052809506273835706 0.00099552806587889422 0.0055567171113923338 -8.7065364411327917e-05 -0.00015396705782869157 -0.009110095915412314 -0.0039104917927807927 -0.0056992697775103979 -0.0073328403338921589 0.006084613389070145 -0.0032987933891183863 0.024101015242408055 -0.0041989336354179554 0.00070798968987341015 -0.0020036204112556014 0.00079814394412555223 0.0089815879551628629 0.0061321668135899225 0.0063939386523911169 0.0078066849210588068 0.0071152960852949769 -0.0037629059100511009 0.02053147631284985 0.00048386269065948468 0.0087871566432088499 -0.0058256222688282287 0.0080661717942200548
leaf_weight=4301 1188 6732 242 1001 550 979 39655 183744 594 3564 5544 646 1428 3366 270 883 484 112 1980 1584 594 419 107 101 205 97 27918 396 990 594
leaf_count=4301 1188 6732 242 1001 550 979 39655 183744 594 3564 5544 646 1428 3366 270 883 484 112 1980 1584 594 419 107 101 205 97 27918 396 990 594
internal_value=-6.5079e-05 -0.000350731 -0.00183014 -0.000108413 0.00434343 0.0030303 -0.000249796 -5.92388e-07 0.000381237 0.000715182 -0.000478116 0.000727486 0.00392256 -0.000367967 0.00139731 0.00337542 0.00683261 0.0102439 0.00039755 0.00477633 0.00169192 0.0122785 -0.00146465 0.017372 -0.000358651 0.0052649 0.000665348 0.00242424 0.00110269 0.00253691
internal_weight=290268 53460 7524 45936 792 1980 43956 236808 53064 38214 14850 9306 2376 6930 3564 2376 1386 902 35442 2772 1188 790 990 371 948 302 31878 3960 3564 2574
internal_count=290268 53460 7524 45936 792 1980 43956 236808 53064 38214 14850 9306 2376 6930 3564 2376 1386 902 35442 2772 1188 790 990 371 948 302 31878 3960 3564 2574
is_linear=0
shrinkage=0.05


Tree=148
num_leaves=31
num_cat=0
split_feature=5 24 17 23 24 23 22 13 24 13 23 22 23 5 24 22 9 9 17 21 23 14 4 24 24 5 17 1 18 14
split_gain=2.13409 2.51761 1.95063 1.92443 4.11719 3.5564 6.0316 4.39781 6.77425 11.554 5.47751 4.21834 3.99844 3.33335 3.07907 3.22569 3.27389 3.04215 2.86706 2.74189 5.37858 3.82781 2.8534 2.61226 3.54136 6.19017 2.51147 4.89908 5.32517 2.59473
threshold=3.0692857142857153 1.7100000000000002 357.50000000000006 -0.99628250747696534 1.3800000000000001 -0.97507822412530132 -0.20180236284700911 4.1500000000000012 1.7100000000000002 12.65 -0.99273797715557011 0.21022171450811275 -0.96687281075841669 8.2364285714285739 0.16500000000000004 -0.18492532721306487 80.701728820800795 148.78940582275393 116.50000000000001 227.50000000000003 -0.99864786094873803 30.250000000000004 13.385000000000003 0.83000000000000007 1.3800000000000001 11.056428571428574 68.500000000000014 7.4350000000000014 6.0450000000000008 29.050000000000004
decision_type=2 10 2 2 10 2 2 2 10 2 2 2 2 2 10 2 2 2 2 8 2 2 2 10 10 2 2 2 2 2
left_child=1 -1 3 4 13 6 -5 11 10 -10 17 14 23 -2 15 16 -8 -9 -13 -15 21 -21 -23 -7 25 -25 27 28 -12 -28
right_child=2 -3 -4 5 -6 12 7 8 9 -11 26 18 -14 19 -16 -17 -18 -19 -20 20 -22 22 -24 24 -26 -27 29 -29 -30 -31
leaf_value=-0.0061237271867912732 -0.0044668275969795097 0.0035528358456024846 -0.002957837586069989 -0.0053156320069662815 0.0010152376830519251 -0.0041319233230432415 0.00053136443052309665 0.0028878464574789518 0.0058130605412992885 0.009495405517806213 0.005411615728806829 0.010262366349680273 -5.2178005333565655e-05 -0.0013192196346957649 -0.00087528524804511619 0.0010834652825740267 0.0059443402390850237 -0.0027888071229549651 0.0030885027475918876 0.0015901168125250706 -0.0016965831961559233 0.0053533317221484827 0.0034716985002454358 0.00061372471515015216 -0.0051919541106536481 0.0061883321355347297 0.0007061280955590111 0.0014479690211490204 0.011781650938204016 0.0033722121877791376
leaf_weight=1088 2394 86 1836 792 1951 1584 84 441 132 52 78 51 263744 2939 4182 1944 108 967 65 151 263 95 56 707 743 83 1674 190 72 1716
leaf_count=1088 2394 86 1836 792 1951 1584 84 441 132 52 78 51 263744 2939 4182 1944 108 967 65 151 263 95 56 707 743 83 1674 190 72 1716
internal_value=-6.16339e-05 -0.0021891 -5.29943e-05 -4.2611e-05 -0.000814755 -2.09203e-05 0.00080172 0.00108625 0.00214957 0.0115761 0.00181199 0.000206713 -5.96015e-05 -0.00147338 3.32372e-05 0.00157771 0.00776042 -0.000845172 0.00965517 -0.000490869 0.00269911 0.00725165 0.0128808 -0.00183991 -0.00036856 0.00196202 0.00281501 0.00691176 0.0136667 0.00240413
internal_weight=290268 1174 289094 287258 7849 279409 12548 11756 5322 184 5138 6434 266861 5898 6318 2136 192 1408 116 3504 565 302 151 3117 1533 790 3730 340 150 3390
internal_count=290268 1174 289094 287258 7849 279409 12548 11756 5322 184 5138 6434 266861 5898 6318 2136 192 1408 116 3504 565 302 151 3117 1533 790 3730 340 150 3390
is_linear=0
shrinkage=0.05


Tree=149
num_leaves=31
num_cat=0
split_feature=5 24 17 2 18 0 22 13 23 22 9 24 24 19 20 19 5 20 20 22 22 23 2 5 20 24 24 23 16 15
split_gain=2.04815 2.15056 1.88374 1.86121 3.51787 3.44858 3.0577 2.94384 2.79674 9.60537 18.8222 7.35097 13.7139 19.7391 4.90116 4.37118 5.15848 4.14856 3.78593 4.51274 25.7248 6.5765 9.2348 5.91005 4.35086 9.25896 4.17179 3.64375 5.11788 5.28741
threshold=3.0692857142857153 1.7100000000000002 357.50000000000006 0.029999999999999586 8.8850000000000033 11.525 0.99939377080793557 1.0000000180025095e-35 -0.6523320455745395 0.73865729060996177 340.39927673339849 0.89500000000000013 0.53000000000000014 6.7250000000000005 132.00000000000003 4.785000000000001 10.68214285714286 329.65000000000003 177.80000000000004 0.9053161325100999 0.92922379131507438 0.28313308994381592 -4.3949999999999978 4.3992857142857149 166.10000000000002 0.36500000000000005 1.8750000000000002 0.39629089145655322 6.1500000000000012 73.500000000000014
decision_type=2 10 2 2 2 2 2 2 2 2 2 10 10 2 10 2 2 8 10 2 2 2 2 2 8 10 8 2 2 2
left_child=1 -1 3 8 5 6 -5 -6 9 15 11 12 14 -14 -11 17 -17 -2 19 26 23 24 -23 -21 25 -22 -10 28 -25 -30
right_child=2 -3 -4 4 7 -7 -8 -9 18 10 -12 -13 13 -15 -16 16 -18 -19 -20 20 21 22 -24 27 -26 -27 -28 -29 29 -31
leaf_value=-0.0058175408274517074 0.00053289573671656289 0.0033751940533223593 -0.0028099457067664812 0.00037057669711745947 0.001371709921627674 0.0021843692774404454 -0.0040362189571258797 -0.00034403487536597264 -0.0031677940841647215 0.0065216462054466344 0.013556782857250874 -0.0099238126800027786 -0.0031893508109672344 0.015092531203480565 -0.016356965980959891 -0.00082613155775420688 0.0011551361920272166 0.0035940860084424757 -0.00022891534873316019 0.01364758211636816 5.7940240778061827e-05 0.009240069768957514 0.0018666281995518446 -0.0069498110420978089 -0.0036061480812797013 0.013795467072418761 4.707526072068623e-05 0.0044098396167785584 0.0061189160619064403 0.011374766906011706
leaf_weight=1088 3460 86 1836 63971 6794 4039 761 70192 10370 165 51 218 54 77 154 20272 11799 1806 83353 100 516 93 398 58 4216 69 3642 246 177 207
leaf_count=1088 3460 86 1836 63971 6794 4039 761 70192 10370 165 51 218 54 77 154 20272 11799 1806 83353 100 516 93 398 58 4216 69 3642 246 177 207
internal_value=-6.23229e-05 -0.00214651 -5.38591e-05 -4.36553e-05 8.17445e-05 0.00034164 0.000253197 -0.000150418 -0.000172827 0.000193661 0.00591794 0.00368263 0.00733333 0.0209542 0.00173981 8.34281e-05 -0.000135794 0.00141853 -0.000307653 -0.000923752 0.000213815 -0.0010412 0.00447047 0.00864213 -0.00160488 0.0024359 -0.00141736 0.00699128 0.00970588 0.0117969
internal_weight=290268 1174 289094 287258 145757 68771 64732 76986 141501 38056 719 668 450 131 319 37337 32071 5266 103445 20092 6080 5292 491 788 4801 585 14012 688 442 384
internal_count=290268 1174 289094 287258 145757 68771 64732 76986 141501 38056 719 668 450 131 319 37337 32071 5266 103445 20092 6080 5292 491 788 4801 585 14012 688 442 384
is_linear=0
shrinkage=0.05


Tree=150
num_leaves=31
num_cat=0
split_feature=0 7 24 23 23 24 9 23 20 5 23 21 23 19 9 18 0 5 23 24 24 23 16 5 9 23 23 17 23 24
split_gain=2.06434 1.81526 2.92884 1.9835 2.81563 1.99206 1.82908 2.99477 6.10771 2.81578 2.48511 2.12663 2.12634 3.06702 1.88125 2.49312 7.44662 3.6203 2.84354 4.1121 4.57066 3.54069 5.11401 3.34556 3.94858 5.4545 4.10837 3.02974 3.01507 3.11259
threshold=2.7350000000000008 9.5000000000000018 -0.58499999999999985 -0.49812626372919411 -0.12545862287572049 1.8150000000000002 695.77572631835949 0.99988440732898443 321.60000000000008 11.126428571428574 -0.98521978256641018 187.50000000000003 0.99958851518450398 2.8050000000000002 39.290842056274421 8.8850000000000033 10.305000000000001 8.9050000000000029 0.98332250088165762 1.8750000000000002 -0.42499999999999993 0.99138911339924218 12.750000000000002 7.3792857142857144 137.33863830566409 0.99855310097228334 0.99681593486783593 258.50000000000006 0.97263757644091875 2.0250000000000004
decision_type=2 2 10 2 2 10 2 2 10 2 2 10 2 2 2 2 2 2 2 10 10 2 2 2 2 2 2 2 2 8
left_child=-1 6 -3 -4 -5 -6 12 9 -9 10 -8 -12 14 -14 -2 16 -16 -18 28 20 21 22 -20 -22 25 27 -26 -25 29 -17
right_child=1 2 3 4 5 -7 7 8 -10 -11 11 -13 13 -15 15 18 17 -19 19 -21 23 -23 -24 24 26 -27 -28 -29 -30 -31
leaf_value=-0.0016685402898467306 0.00039169192298123799 -0.0039616870734127908 0.0021309746503915933 0.042901360275072221 -0.014004816312270785 0.0098182545874947857 -0.0052967359015473909 0.00028580485429312112 0.0072712178218952974 0.0016880327818014846 0.00026747418553466719 -0.0044042196294864196 0.013997361700221471 -0.0030093406988601422 -0.00013332945183567395 -0.00057044750707023115 -0.0015758418093614148 0.0026400001957244158 0.0012522077484378074 -0.0028166219934337121 -0.00050199785235053359 -0.0015565650045940517 0.010743360830016875 0.010995956566708917 0.0025597537207495717 0.00027567798238604095 0.0077798843991687544 0.01482073079463493 -0.0041323338262093225 0.002066556551262335
leaf_weight=4580 43519 333 128 94 62 59 668 136 71 3366 19752 419 58 2021 121203 78670 1282 6940 201 724 225 1001 57 63 365 61 211 55 1249 2695
leaf_count=4580 43519 333 128 94 62 59 668 136 71 3366 19752 419 58 2021 121203 78670 1282 6940 201 724 225 1001 57 63 365 61 211 55 1249 2695
internal_value=-6.04281e-05 -4.35452e-05 0.00254438 0.00578717 0.00872093 0.00367768 -4.96833e-05 0.000364164 0.00635266 0.000312951 9.62126e-05 0.000195577 -8.84509e-05 -0.0016811 -7.5643e-05 -0.000136326 2.12359e-06 0.00145828 -0.000345713 0.00117617 0.00223537 0.000242255 0.00546512 0.00479592 0.00639073 0.0128771 0.004375 0.0191525 -0.000400297 -0.000362872
internal_weight=290268 285688 676 343 215 121 285012 24412 207 24205 20839 20171 260600 2079 258521 215002 129425 8222 85577 2963 2239 1259 258 980 755 179 576 118 82614 81365
internal_count=290268 285688 676 343 215 121 285012 24412 207 24205 20839 20171 260600 2079 258521 215002 129425 8222 85577 2963 2239 1259 258 980 755 179 576 118 82614 81365
is_linear=0
shrinkage=0.05


Tree=151
num_leaves=31
num_cat=0
split_feature=13 22 0 5 9 16 22 5 9 17 19 19 23 9 2 15 5 15 23 13 23 1 5 13 15 20 15 23 17 23
split_gain=1.98232 3.14546 2.76497 2.75963 3.06512 2.75103 3.204 6.48757 6.04238 3.77067 3.23654 3.08473 4.25424 4.76008 2.85315 2.63276 2.85874 2.41398 3.5707 2.97081 2.11928 2.07126 3.65644 2.07086 2.06011 2.66376 2.04418 3.9524 3.41516 3.33462
threshold=12.15 -0.95244167294248061 2.8850000000000002 5.9635714285714307 583.67306518554699 6.6500000000000012 -0.94139628442229062 9.6350000000000033 204.74442291259768 212.50000000000003 4.2950000000000008 1.8550000000000002 0.95936279103287792 483.01396179199224 -4.5299999999999976 76.500000000000014 8.1092857142857167 90.500000000000014 -0.7614016681079937 21.150000000000002 0.29958852271690523 6.1550000000000011 11.607857142857146 18.050000000000004 65.500000000000014 424.50000000000006 63.500000000000007 0.97263757644091875 147.50000000000003 0.94066717844141279
decision_type=2 2 2 2 2 2 2 2 2 2 2 2 2 2 2 2 2 2 2 2 2 2 2 2 2 10 2 2 2 2
left_child=2 3 -1 -2 21 17 7 8 9 20 -11 12 14 -14 -8 16 -6 -3 19 -19 -7 22 -5 -18 25 -13 27 28 -4 -30
right_child=1 5 26 4 15 6 11 -9 -10 10 -12 24 13 -15 -16 -17 23 18 -20 -21 -22 -23 -24 -25 -26 -27 -28 -29 29 -31
leaf_value=-0.0024960878301482528 -0.0043384021653518892 -0.0013637433758418773 -0.00060595692797740526 0.00022319157884507034 0.00011271374810562103 -0.00019954256670261318 0.013567596883236345 -0.0033064708386909415 0.00040881773858999668 0.017864900506938407 0.0099985016554678795 -0.0010211587319165919 0.0052245538283677648 -0.00020489479733577527 -0.0029934205310405823 -0.00061466492858789658 0.0076032824869576776 0.010542413614784878 -0.00047715350646085645 0.0021003887561533642 0.0060671626600869808 -0.0021839417568265667 0.0099976518741333158 0.0031948883853271633 9.2081013707405858e-05 0.0020931149421424479 0.00029167802578827573 -0.0022103204743216458 0.00022712278212395475 0.0018791797472634628
leaf_weight=2700 1845 13401 36458 891 138 100 54 426 273 57 143 17922 109 66 246 284 51 98 538 109 59 5571 70 129 52183 1032 97068 5490 50458 2299
leaf_count=2700 1845 13401 36458 891 138 100 54 426 273 57 143 17922 109 66 246 284 51 98 538 109 59 5571 70 129 52183 1032 97068 5490 50458 2299
internal_value=-5.83611e-05 -0.000244534 3.33453e-05 -0.00113543 -0.000689656 -0.000152392 -2.82109e-05 0.00270321 0.00591772 0.0101811 0.01475 -6.85651e-05 0.00394737 0.0101429 0.000333332 0.00272425 0.00584906 -0.000790331 0.00197986 0.00756039 0.00443396 -0.00100429 0.00113944 0.01 -9.53805e-05 -0.000541839 5.57157e-05 -0.000109552 -2.94245e-05 0.000227741
internal_weight=290268 95795 194473 8979 7134 86816 72670 1058 632 359 200 71612 475 175 300 602 318 14146 745 207 159 6532 961 180 71137 18954 191773 94705 89215 52757
internal_count=290268 95795 194473 8979 7134 86816 72670 1058 632 359 200 71612 475 175 300 602 318 14146 745 207 159 6532 961 180 71137 18954 191773 94705 89215 52757
is_linear=0
shrinkage=0.05


Tree=152
num_leaves=31
num_cat=0
split_feature=5 2 18 18 3 22 23 22 9 2 17 3 22 22 17 18 5 19 22 16 17 22 15 22 9 5 9 22 22 22
split_gain=1.8667 1.97795 3.55844 3.07656 3.35983 3.94454 2.96517 8.55948 16.6761 6.50626 7.74717 3.52936 3.52616 6.64718 6.45761 3.4947 3.32592 2.99035 2.5587 3.02687 2.85668 2.52126 4.53135 5.77456 2.59725 2.5091 2.49638 7.20548 3.06902 2.49341
threshold=3.3450000000000011 -0.33999999999999991 1.9350000000000003 8.8850000000000033 10.301666666666669 0.99939377080793557 -0.6523320455745395 0.73865729060996177 322.30685424804693 -2.3299999999999983 133.50000000000003 6.948333333333335 0.51297097409535064 0.59868201182722736 24.500000000000004 5.8050000000000006 18.457142857142859 5.0950000000000006 -0.63921128368950708 8.0500000000000025 179.50000000000003 0.99761913169647187 67.500000000000014 0.99818282439137029 194.27187347412112 10.245000000000003 409.80174255371099 0.54219432480460406 0.52766072109828632 0.59868201182722736
decision_type=2 2 2 2 2 2 2 2 2 2 2 2 2 2 2 2 2 2 2 2 2 2 2 2 2 2 2 2 2 2
left_child=-1 6 -3 4 5 21 7 12 9 10 -9 -8 16 14 -14 29 17 18 19 -2 -21 -4 -23 24 -24 -15 28 -28 -16 -13
right_child=1 2 3 -5 -6 -7 11 8 -10 -11 -12 15 13 25 26 -17 -18 -19 -20 20 -22 22 23 -25 -26 -27 27 -29 -30 -31
leaf_value=-0.0026775368965737119 -0.00067706322719580025 0.0038048715937587466 0.00024385353370065218 -0.00022182621086330853 0.0020339038846891718 -0.0038071833427169668 -0.0011291945274666329 0.0010103461924786336 0.013331017640156654 -0.0015714837149811067 0.010825220571795694 0.00017032636188253869 0.015045313024763449 -0.00080418023522165968 -0.0062557700371641866 -0.00044856232351618341 0.0038623862451802105 -0.00081757571708807931 0.00069893019064363939 0.0055301659332726936 0.0072038587048866122 -0.0013725079857225303 0.017312299777586745 0.0033084971460831678 0.0058454888872661089 0.002507340832705005 0.014957995987236503 0.0043891145609371027 0.0030314173365055008 0.0024490803631206717
leaf_weight=2321 108 249 73313 82467 5121 867 29562 131 55 354 94 6184 70 2799 189 51688 2506 20916 3965 65 95 400 60 285 59 837 51 236 1328 3893
leaf_count=2321 108 249 73313 82467 5121 867 29562 131 55 354 94 6184 70 2799 189 51688 2506 20916 3965 65 95 400 60 285 59 837 51 236 1328 3893
internal_value=-5.47437e-05 -4.33599e-05 7.15191e-05 6.23712e-05 0.000283065 0.000198441 -0.000192847 0.000207253 0.00596214 0.00346287 0.0101111 -0.000340919 9.72399e-05 0.00125227 0.00367129 -0.000125882 -0.000132889 -0.000305978 0.000905976 0.00563433 0.01 0.000237664 0.00302239 0.00675742 0.0160084 5.49936e-06 0.00309313 0.00736934 0.00228411 0.000725909
internal_weight=290268 287947 162821 162572 80105 74984 125126 33799 634 579 225 91327 33165 5510 1874 61765 27655 25149 4233 268 160 74117 804 404 119 3636 1804 287 1517 10077
internal_count=290268 287947 162821 162572 80105 74984 125126 33799 634 579 225 91327 33165 5510 1874 61765 27655 25149 4233 268 160 74117 804 404 119 3636 1804 287 1517 10077
is_linear=0
shrinkage=0.05


Tree=153
num_leaves=31
num_cat=0
split_feature=23 5 23 22 20 22 17 24 4 22 24 24 17 17 2 23 21 24 22 19 14 15 22 24 1 2 21 22 22 19
split_gain=1.87207 4.0351 3.44049 5.60303 4.75609 5.26266 9.17839 4.81998 19.4127 4.56161 8.43619 6.97167 4.66712 4.6638 4.48607 4.3416 3.92363 3.48623 3.44364 3.10355 2.73182 3.90815 2.52849 2.45272 3.3152 5.03491 2.68926 4.51481 4.61113 5.07098
threshold=-0.99628250747696534 7.6750000000000016 -0.97507822412530132 -0.20180236284700911 391.80000000000001 0.15951094710994371 153.50000000000003 1.7100000000000002 9.0950000000000006 -0.16799356919963607 0.05000000000000001 1.0350000000000004 193.50000000000003 219.50000000000003 2.5600000000000001 -0.96687281075841669 16.900000000000002 0.05000000000000001 -0.13398594226331254 6.8850000000000007 29.350000000000005 62.500000000000007 -0.099819732675876835 1.3800000000000001 7.5950000000000006 1.8800000000000019 297.50000000000006 0.056951373111866731 0.039769539193789977 8.0550000000000015
decision_type=2 2 2 2 8 2 2 10 2 2 10 10 2 2 2 2 10 10 2 2 2 2 2 10 2 2 8 2 2 2
left_child=1 -1 3 -2 5 7 14 9 -9 10 -5 13 -13 16 -7 -4 -12 20 -10 -8 -11 -22 -23 26 25 -25 -3 28 -28 -30
right_child=2 23 15 4 -6 6 19 8 18 17 11 12 -14 -15 -16 -17 -18 -19 -20 -21 21 22 -24 24 -26 -27 27 -29 29 -31
leaf_value=-0.0034063670388600367 -0.0050105215188510511 -0.0015305629293736053 -0.0024039311209213144 -0.0040100947615042647 -0.00054343305393601252 0.0083091908056810489 -0.00060313053115301622 0.011089738273734428 -0.0016743532439448623 -0.0010153680784209065 0.0075865977109028579 -0.0047568679845621737 0.0058541748458288221 0.0011802650274750101 0.00054506465962011325 -6.8696928635686409e-05 0.0053048914795615302 -0.00097621871873429999 0.0054288789966187847 0.0032551528980001203 -0.00064059438018860691 0.0051184211687832267 0.0044881949796366982 0.008356490524114012 0.00073002912557485172 0.00096679779665592583 0.0014123225393052412 -0.002054553718332471 0.0050237399915780143 0.0083436472206059979
leaf_weight=2626 792 3352 3168 341 4153 551 591 82 293 617 77 150 102 94 161 266508 96 2980 173 620 317 216 266 87 1061 128 236 297 83 50
leaf_count=2626 792 3352 3168 341 4153 551 591 82 293 617 77 150 102 94 161 266508 96 2980 173 620 317 216 266 87 1061 128 236 297 83 50
internal_value=-4.99206e-05 -0.000808082 -2.86538e-05 0.000776514 0.00104798 0.00178141 0.00404836 0.00103032 0.0054927 0.000565067 0.00389535 0.00790944 0.00194444 0.0135393 0.00855337 -6.64884e-05 0.0184104 -8.64434e-05 0.00154506 0.00139967 0.00195621 0.00388611 0.00672199 -1.32237e-05 0.00189655 0.00755814 -0.000619712 0.00228228 0.00597561 0.0134211
internal_weight=290268 7920 282348 12672 11880 7727 1923 5804 548 5256 860 519 252 267 712 269676 173 4396 466 1211 1416 799 482 5294 1276 215 4018 666 369 133
internal_count=290268 7920 282348 12672 11880 7727 1923 5804 548 5256 860 519 252 267 712 269676 173 4396 466 1211 1416 799 482 5294 1276 215 4018 666 369 133
is_linear=0
shrinkage=0.05


Tree=154
num_leaves=31
num_cat=0
split_feature=23 5 23 13 24 9 24 23 17 20 9 22 14 20 22 17 24 18 17 1 16 23 9 20 22 22 19 24 24 13
split_gain=1.87207 3.75255 2.73067 5.31142 3.71408 4.71831 5.54771 8.77522 17.731 6.53641 5.40219 4.73485 4.04848 4.98758 4.00561 4.80986 3.88594 21.6381 3.41886 3.0449 3.02581 2.92746 2.57305 3.17892 5.59429 4.96592 4.4882 3.00643 2.55083 2.52867
threshold=-0.99628250747696534 7.6750000000000016 -0.97874870457683594 44.150000000000013 0.16500000000000004 452.44052124023443 -0.049999999999999996 -0.98801846520836312 72.500000000000014 333.00000000000006 92.283111572265639 -0.15101209918632377 29.350000000000005 314.30000000000001 -0.16799356919963607 191.50000000000003 1.7100000000000002 8.0350000000000019 197.50000000000003 9.1550000000000029 11.750000000000002 -0.99273797715557011 282.13146972656256 207.80000000000004 0.056951373111866731 0.039769539193789977 7.785000000000001 1.0350000000000004 0.83000000000000007 1.6500000000000001
decision_type=2 2 2 2 10 2 10 2 2 10 2 2 2 10 2 2 10 2 2 2 2 2 2 10 2 2 2 10 10 2
left_child=1 -1 3 4 5 6 11 10 -9 14 18 -2 -13 -14 15 -10 21 -18 -8 -19 -12 -6 23 24 25 -3 -27 28 -25 -23
right_child=2 22 -4 -5 16 -7 7 8 9 -11 20 12 13 -15 -16 -17 17 19 -20 -21 -22 29 -24 27 -26 26 -28 -29 -30 -31
leaf_value=-0.0032360486869170259 -0.0068436256383343722 0.0030552203653831243 -8.9764115254823158e-05 0.0075437584551873299 -0.003662698275671956 -0.0010885225975247863 0.004091579061738254 0.014879768977641704 0.0061033213160749233 0.0014455875627780908 -0.0017549364344266478 -0.0025753172945813634 0.0074355177142412078 0.0030826536136097141 0.0060636760860010566 0.0043335483405924887 0.012067821762598439 0.0034119606932941195 0.0095033626915226113 -0.00047288741071675218 0.0035703665870623542 -0.0015357649302057763 -0.0035836057125721217 -0.00019599758175196073 -0.0016292746659075958 0.0060365460272425895 0.0079264648595756982 0.001808561286145067 -0.010166974291847174 0.00087012543757467541
leaf_weight=2626 594 343 271260 50 1575 787 260 52 88 399 764 228 119 247 243 97 85 215 103 1086 157 1487 806 1638 331 72 50 1461 593 2452
leaf_count=2626 594 343 271260 50 1575 787 260 52 88 399 764 228 119 247 243 97 85 215 103 1086 157 1487 806 1638 331 72 50 1461 593 2452
internal_value=-4.99206e-05 -0.000808082 -2.86538e-05 0.000740439 0.000666786 0.00185113 0.00266935 0.00417707 0.00802616 0.00624546 0.00154205 -7.57588e-05 0.00308081 0.0063388 0.0105374 0.0160811 -4.34795e-05 0.00232323 0.00670799 0.000726363 -0.000494029 -0.000638376 -4.15577e-05 0.000425578 0.00329146 0.00682796 0.0154918 -0.000192309 -0.00134693 9.01232e-05
internal_weight=290268 7920 282348 11088 11038 4138 3351 2163 879 827 1284 1188 594 366 428 185 6900 1386 363 1301 921 5514 5294 4488 796 465 122 3692 2231 3939
internal_count=290268 7920 282348 11088 11038 4138 3351 2163 879 827 1284 1188 594 366 428 185 6900 1386 363 1301 921 5514 5294 4488 796 465 122 3692 2231 3939
is_linear=0
shrinkage=0.05


Tree=155
num_leaves=31
num_cat=0
split_feature=16 23 22 24 22 22 22 24 1 15 22 5 24 20 9 13 23 22 21 16 22 22 2 3 20 5 22 14 24 22
split_gain=1.91519 3.85874 7.82511 3.23604 5.52393 5.46411 12.8261 30.3924 8.35221 5.1049 4.40098 5.61311 6.05792 4.35897 5.00367 4.50584 4.08456 8.65759 7.19208 5.43628 3.97364 10.0629 3.53455 3.51371 6.1675 3.44765 2.76807 4.55315 2.67101 2.58729
threshold=7.5500000000000007 -0.46800559042974538 -0.8041866928211282 0.69500000000000006 0.86113431103781346 0.76140650896573492 0.72695311118111527 0.53000000000000014 7.1150000000000011 93.500000000000014 -0.065535378769913874 4.7978571428571444 1.3150000000000002 125.30000000000003 124.53853225708009 8.0500000000000025 -0.79382744783423187 0.55656748448714433 12.500000000000002 6.0500000000000007 -0.70291267844185523 -0.62588817255938378 0.79000000000000026 9.2750000000000021 295.90000000000003 9.0478571428571453 0.58481550752069722 29.550000000000004 0.89500000000000013 -0.099819732675876835
decision_type=2 2 2 10 2 2 2 10 2 2 2 2 10 10 2 2 2 2 8 2 2 2 2 2 10 2 2 2 10 2
left_child=1 2 -1 4 5 6 9 -8 -9 16 11 12 -5 -6 15 -15 17 -4 19 -19 -13 23 -14 24 -22 -12 -20 -28 -27 -23
right_child=-2 -3 3 10 13 -7 7 8 -10 -11 25 20 22 14 -16 -17 -18 18 26 -21 21 29 -24 -25 -26 28 27 -29 -30 -31
leaf_value=0.0064419365459868457 2.2472067724319734e-05 -0.00086053191423775743 0.00040235556268207923 -0.00020524876906494847 -0.0050405452396989859 -0.003732954973899809 -0.00024939173741259568 0.0086235868113515839 0.012170338030565275 0.0074672350983597735 -0.0034890128260574478 -0.015286165183142445 0.015639115789296065 0.01194378428363382 0.0032148217346016777 0.0074801324598855875 -0.001846476486749318 0.0098000333537987191 0.00020837387866617506 0.0067359101207112642 0.0066380059276343372 -0.00097916474946721662 0.0074197847310834347 0.0019160176858816422 0.022376764677675284 -0.0018593513486913845 0.0065286809200669682 0.0011514745571686203 0.0039757668193566775 0.0038465566023367804
leaf_weight=1243 227361 37422 7916 102 93 1845 348 81 94 95 4768 320 60 53 232 91 3820 61 304 72 116 1899 50 122 52 783 80 105 556 124
leaf_count=1243 227361 37422 7916 102 93 1845 348 81 94 95 4768 320 60 53 232 91 3820 61 304 72 116 1899 50 122 52 783 80 105 556 124
internal_value=-4.8887e-05 -0.000293053 0.000181478 -1.6914e-05 0.000425113 0.000256054 0.000618063 0.00828872 0.0252857 0.000295911 -0.000771896 0.000852371 0.00867924 0.00576759 0.00816489 0.0154861 0.000207152 0.000815178 0.00649518 0.0168045 0.000222179 0.000944659 0.0168182 0.00965517 0.0143452 -0.00152857 0.00369121 0.00851351 0.000713218 -0.000304005
internal_weight=290268 62907 25485 24242 15290 14821 12976 523 175 12453 8952 2845 212 469 376 144 12358 8538 622 133 2633 2313 110 290 168 6107 489 185 1339 2023
internal_count=290268 62907 25485 24242 15290 14821 12976 523 175 12453 8952 2845 212 469 376 144 12358 8538 622 133 2633 2313 110 290 168 6107 489 185 1339 2023
is_linear=0
shrinkage=0.05


Tree=156
num_leaves=31
num_cat=0
split_feature=5 22 24 22 24 24 20 23 2 23 9 13 22 2 3 5 16 24 22 22 22 9 24 4 15 22 22 23 13 20
split_gain=1.9112 1.79775 2.95502 2.8219 9.56379 11.319 7.50872 4.57377 4.47137 4.05864 5.0094 3.17791 3.85718 2.96661 3.19697 2.91137 4.45337 2.54688 6.80986 11.4638 7.96446 7.70692 6.41828 6.31267 5.47392 5.33687 6.04753 5.42629 7.09471 5.1318
threshold=3.0692857142857153 -0.99763297024448894 1.4950000000000003 -0.99275805973510278 -0.43999999999999995 -0.58499999999999985 530.30000000000007 -0.10837475778693638 -1.3199999999999998 -0.091258822863740666 483.01396179199224 16.150000000000002 -0.99630266176052629 -1.1050000000000002 7.1733333333333347 11.056428571428574 9.4500000000000011 -0.43999999999999995 0.48314048284850658 0.21022171450811275 0.12545942051955489 180.89792633056643 -0.089999999999999983 5.9850000000000012 57.500000000000007 -0.97876850416056738 -0.92923668111203805 -0.15950993297387572 5.3500000000000005 346.80000000000001
decision_type=2 2 10 2 10 10 10 2 2 2 2 2 2 2 2 2 2 8 2 2 2 2 8 2 2 2 2 2 2 10
left_child=-1 2 -2 4 5 9 -6 8 -8 13 -11 12 -7 -3 -15 -14 -17 18 19 20 24 -20 23 -19 -5 27 29 28 -24 -27
right_child=1 3 -4 17 6 11 7 -9 -10 10 -12 -13 15 14 -16 16 -18 22 21 -21 -22 -23 25 -25 -26 26 -28 -29 -30 -31
leaf_value=-0.0043109952741892709 -0.0031239868643677532 0.0047009682761940735 0.0017193271797097997 -0.0030157771447085753 -0.0038628111746770778 0.0026090426786233353 0.01670524878991107 0.0032883764591364246 0.024409735515020584 -0.0039540373772952286 0.018238193260552774 0.0096250697315888659 0.0075779893786915619 0.0046705518314375362 -0.0031952964800137096 0.012558355233537863 0.0095879902691431915 0.0045996783506487534 0.0069056395549396896 -0.0046344071226599283 0.0027638363826912979 0.0026235769839610384 0.0040700544387468228 0.00056892819871411419 -8.7142078905344986e-05 -0.0071561054429742895 -0.00015683906973487812 0.0015418875705470432 0.0090186144158984471 -0.0004284122291101778
leaf_weight=1174 4752 90 1584 4758 2366 153 50 498 56 703 62 53 244 193 113 81 63 806 52 6709 1978 717 299 60076 34502 2325 161901 1386 295 2229
leaf_count=1174 4752 90 1584 4758 2366 153 50 498 56 703 62 53 244 193 113 81 63 806 52 6709 1978 717 299 60076 34502 2325 161901 1386 295 2229
internal_value=-4.80258e-05 -3.98498e-05 -0.000872792 -2.11854e-05 0.00119047 0.00411681 -0.000538722 0.00443708 0.0138679 0.00124462 -0.000882354 0.00973064 0.00858595 0.00535353 0.00300653 0.0112371 0.016875 -4.17768e-05 -0.000370105 -0.000444972 -0.000133131 0.00429779 2.79732e-05 0.000467953 -0.0002891 -0.000131061 -0.000161757 0.00244949 0.00644781 -0.00195872
internal_weight=290268 289094 6336 282758 4725 1755 2970 604 106 1161 765 594 541 396 306 388 144 278033 48716 47947 41238 769 229317 60882 39260 168435 166455 1980 594 4554
internal_count=290268 289094 6336 282758 4725 1755 2970 604 106 1161 765 594 541 396 306 388 144 278033 48716 47947 41238 769 229317 60882 39260 168435 166455 1980 594 4554
is_linear=0
shrinkage=0.05


Tree=157
num_leaves=31
num_cat=0
split_feature=0 13 17 18 0 14 17 9 9 22 22 17 17 9 14 17 22 20 22 22 9 19 17 17 21 19 17 17 14 16
split_gain=1.89903 1.89502 2.4409 2.32226 6.14457 3.46068 3.1854 2.9317 3.15577 2.80314 8.00639 4.32755 3.77451 3.6967 3.679 4.38852 4.08365 3.24839 3.09649 9.38101 11.8812 10.26 6.31186 5.62349 5.25239 5.05934 6.10289 8.40255 8.89611 3.87409
threshold=2.7350000000000008 19.750000000000004 346.50000000000006 5.5650000000000004 6.7750000000000012 29.150000000000002 20.500000000000004 184.82224273681643 98.285961151123061 0.97314989601849466 0.98802474685579866 274.50000000000006 20.500000000000004 998.87963867187511 27.950000000000003 26.500000000000004 0.98213580174693105 325.7000000000001 0.75014288946266361 0.72695311118111527 305.59574890136724 7.205000000000001 241.50000000000003 90.500000000000014 12.500000000000002 8.6450000000000014 238.50000000000003 108.50000000000001 30.950000000000003 14.350000000000003
decision_type=2 2 2 2 2 2 2 2 2 2 2 2 2 2 2 2 2 10 2 2 2 2 2 2 10 2 2 2 2 2
left_child=-1 2 3 4 5 -2 7 8 -6 18 14 12 -12 -13 -11 16 -16 -15 19 -5 24 -22 23 -23 -21 -26 27 -27 -29 -20
right_child=1 -3 -4 9 6 -7 -8 -9 -10 10 11 13 -14 17 15 -17 -18 -19 29 20 21 22 -24 -25 25 26 -28 28 -30 -31
leaf_value=-0.0015377122351390871 -0.00042424219669571789 -0.00044068483130775272 -0.0013548194842974586 -4.5070671354362104e-05 0.0081713155678651544 0.00079708719934698719 0.0022407786905977046 0.0024556822404868408 0.012411324679636989 0.0068754864236908152 0.0033763907708789505 0.0012332428766841591 -0.0019258530830762958 0.004950084331313118 0.010527334864627966 0.0017647123072053667 0.0023822074263443352 0.01054706827473427 -0.0011225927180834741 -0.002616002709760765 -0.0038249604602502833 0.007319891135028395 0.0054652948060052095 0.010534178802519069 -0.00067648780593692584 0.0025366241255058712 0.00018534158788841387 0.0053906442306938772 0.014608122502320398 0.0024959722623742967
leaf_weight=4580 17249 43343 7194 150203 93 20225 4941 154 75 591 730 2352 5470 145 265 3360 217 59 25247 578 99 50 85 103 399 115 182 83 109 1972
leaf_count=4580 17249 43343 7194 150203 93 20225 4941 154 75 591 730 2352 5470 145 265 3360 217 59 25247 578 99 50 85 103 399 115 182 83 109 1972
internal_value=-4.8887e-05 -3.26942e-05 2.17653e-05 4.95202e-05 0.000382922 0.000158242 0.00198271 0.00680124 0.011369 -2.45316e-05 0.000678974 -0.00019758 -0.000911292 0.00153365 0.00241033 0.00184539 0.00630705 0.00799019 -7.63019e-05 1.16431e-05 0.00359678 0.0120623 0.0176891 0.0237582 0.00165075 0.00406531 0.00747444 0.0117752 0.0181771 -0.000567436
internal_weight=290268 285688 242345 235151 42737 37474 5263 322 168 192414 13189 8756 6200 2556 4433 3842 482 204 179225 152006 1803 337 238 153 1466 888 489 307 192 27219
internal_count=290268 285688 242345 235151 42737 37474 5263 322 168 192414 13189 8756 6200 2556 4433 3842 482 204 179225 152006 1803 337 238 153 1466 888 489 307 192 27219
is_linear=0
shrinkage=0.05


Tree=158
num_leaves=31
num_cat=0
split_feature=14 15 9 23 4 4 24 4 22 3 17 23 8 14 22 23 11 1 19 4 2 3 19 15 18 0 22 18 9 2
split_gain=1.88276 2.70783 4.54828 3.76422 2.94104 2.59615 2.55782 3.61289 3.52323 5.19479 5.13337 3.59624 3.48661 3.2508 2.77392 6.78727 3.13553 3.05384 2.8682 4.43034 2.50244 2.60013 2.47341 2.87743 2.40837 8.9611 3.30678 3.18834 3.19732 2.50079
threshold=26.850000000000005 60.500000000000007 115.39485168457033 0.97461712852231652 11.485000000000001 5.9850000000000012 1.4950000000000003 12.905000000000003 -0.97113884758256674 25.901666666666674 52.500000000000007 0.16587474750015932 27.500000000000004 32.150000000000013 -0.99275805973510278 1.0000000180025095e-35 13.085000038146974 14.075000000000001 13.265000000000002 24.635000000000002 7.9000000000000021 10.991666666666669 2.9350000000000005 83.500000000000014 7.7550000000000008 8.0850000000000026 -0.53493989022977317 4.5850000000000009 188.6065368652344 -0.33999999999999991
decision_type=2 2 2 2 2 2 10 2 2 2 2 2 2 2 2 2 2 2 2 2 2 2 2 2 2 2 2 2 2 2
left_child=22 2 3 6 5 -4 -2 -8 9 10 -9 -11 20 -12 15 16 17 -15 -19 -20 21 -10 -1 -24 25 29 -27 28 -28 -3
right_child=1 24 4 -5 -6 -7 7 8 12 11 13 -13 -14 14 -16 -17 -18 18 19 -21 -22 -23 23 -25 -26 26 27 -29 -30 -31
leaf_value=-0.002886466207841418 -0.00016414799943935987 -0.00025789869413054764 -0.0032310384312711064 -0.0049734904434746733 -0.0022959110551659255 -0.00021336034251022884 -0.0010738814208520165 0.016143305327914508 0.0028885905978044426 -0.0032501404891678402 0.0014676924683092074 0.012626081486083594 0.024363672394618178 0.039206225227781978 0.0050738396167487989 0.0021827500852444888 0.013285684104863022 0.0027243858482328877 0.017420304651044015 0.0050959641077418221 0.014078827579262366 -0.00050702450860180338 -0.00084941338637185826 0.00069195267550129901 -9.5690024124432107e-05 0.00019699900236001055 0.0062468850286587843 0.0020231254624082247 0.0018678779372368053 0.00049306191155204352
leaf_weight=1878 37434 41898 1753 1265 10343 14030 3089 83 787 788 481 150 64 68 503 223 108 61 53 55 339 3799 21852 7042 95650 3727 326 9502 324 32593
leaf_count=1878 37434 41898 1753 1265 10343 14030 3089 83 787 788 481 150 64 68 503 223 108 61 53 55 339 3799 21852 7042 95650 3727 326 9502 324 32593
internal_value=-4.97483e-05 -5.89724e-06 -0.000258096 2.43149e-05 -0.00079155 -0.0003621 9.51428e-05 0.000778799 0.00136736 0.00287019 0.00457186 -9.595e-05 0.000592302 0.00392397 0.00545752 0.00785211 0.0122464 0.0154641 0.0118639 0.0167593 0.000441623 0.000135193 -0.000419538 -0.000305255 9.75426e-05 0.000285729 0.00145219 0.00191982 0.00530769 6.83963e-05
internal_weight=290268 259496 75476 49350 26126 15783 48085 10651 7562 2573 1635 938 4989 1552 1071 568 345 237 169 108 4925 4586 30772 28894 184020 88370 13879 10152 650 74491
internal_count=290268 259496 75476 49350 26126 15783 48085 10651 7562 2573 1635 938 4989 1552 1071 568 345 237 169 108 4925 4586 30772 28894 184020 88370 13879 10152 650 74491
is_linear=0
shrinkage=0.05


Tree=159
num_leaves=31
num_cat=0
split_feature=22 3 21 19 22 22 24 9 22 15 20 15 19 21 2 22 20 24 23 22 13 19 22 5 9 5 22 9 17 23
split_gain=1.72692 2.30005 2.5823 2.23252 2.12671 6.64189 4.72896 9.30967 7.20223 7.13812 10.3162 5.14892 5.35307 4.67109 4.37046 3.59765 10.6729 5.43353 16.0439 11.1322 17.2016 11.0061 9.56374 9.36965 6.75897 6.46908 8.56084 5.89124 5.11458 5.10192
threshold=0.99939377080793557 8.1016666666666683 21.900000000000002 10.085000000000003 0.99761913169647187 0.99552231814189451 1.0000000180025095e-35 517.27493286132824 0.99818282439137029 73.500000000000014 159.70000000000002 66.500000000000014 9.8250000000000011 36.900000000000006 -0.24999999999999953 0.96687895796550427 107.2 0.095000000000000015 0.14888728888808328 0.98049069993378934 9.5500000000000025 8.7250000000000032 0.96904697354198299 6.6028571428571441 998.87963867187511 5.2121428571428572 0.9916835347852474 472.27819824218756 302.50000000000006 0.21652257995689161
decision_type=2 2 8 2 2 2 10 2 2 2 10 2 2 8 2 2 10 10 2 2 2 2 2 2 2 2 2 2 2 2
left_child=4 2 -2 -4 5 15 7 11 9 -8 -11 12 -6 -10 -15 -1 29 22 28 23 21 -21 27 -20 -24 26 -26 -18 -19 -17
right_child=1 -3 3 -5 6 -7 8 -9 13 10 -12 -13 -14 14 -16 16 17 18 19 20 -22 -23 24 -25 25 -27 -28 -29 -30 -31
leaf_value=-9.8378459075987713e-05 -0.0073276465626946133 0.00018300708963140687 -0.0014327605194179992 0.0054482398039588601 0.012581365306790963 -0.0038369056322110975 0.0015487871843850956 -0.002359161109367906 -0.010806640759259009 0.013369776010766525 0.0010070825398429298 0.0033917048017104499 0.0081580813581957033 -0.0027606602934625714 0.0045886263058901684 -0.003423103064190101 0.0082839437709897566 0.00060153351363192314 0.011854348948860853 0.014529775935750198 0.016691975994436031 0.010247545151377047 -0.0011125040112171254 0.00039461223419073383 0.0023688876415401301 0.0029125769224934476 0.012054966026088737 0.024703944009736193 0.0058723079004685576 0.0057412485544715008
leaf_weight=266508 746 1458 875 89 111 2376 648 330 889 70 74 248 103 379 316 3458 148 3697 83 146 98 350 4073 511 105 998 78 50 848 405
leaf_count=266508 746 1458 875 89 111 2376 648 330 889 70 74 248 103 379 316 3458 148 3697 83 146 98 350 4073 511 105 998 78 50 848 405
internal_value=-5.11264e-05 -0.00121212 -0.00245614 -0.000746889 -3.83154e-05 -5.26899e-05 0.00125 0.00459596 0.000134679 0.00402778 0.0140972 0.00917749 0.0148598 -0.00181187 0.00125899 -3.04747e-05 0.000721689 0.00150425 0.00257893 0.00775252 0.0125926 0.00881048 0.000374173 0.00291246 -3.23575e-05 0.00329805 0.0119399 0.0111616 0.00122662 -0.00154414
internal_weight=290268 3168 1710 964 287100 283932 3168 792 2376 792 144 462 214 1584 695 281556 15048 11185 5733 1188 594 496 5452 594 5254 1181 183 198 4545 3863
internal_count=290268 3168 1710 964 287100 283932 3168 792 2376 792 144 462 214 1584 695 281556 15048 11185 5733 1188 594 496 5452 594 5254 1181 183 198 4545 3863
is_linear=0
shrinkage=0.05


Tree=160
num_leaves=31
num_cat=0
split_feature=17 22 24 22 17 4 16 22 1 17 23 20 19 9 23 1 4 3 22 23 1 23 1 24 20 21 16 20 9 19
split_gain=1.73208 3.15654 6.15568 9.34836 7.11427 3.78067 3.07412 2.60139 2.48569 2.44413 3.79804 3.74857 3.50094 3.21418 3.10459 5.30677 2.71406 2.61827 2.61801 6.5253 2.59946 2.48669 2.59201 2.56 5.10482 2.76092 2.53756 2.46938 3.27147 3.84439
threshold=315.50000000000006 0.91248814248966237 1.1900000000000002 0.95998215779580554 322.50000000000006 11.485000000000001 9.5500000000000025 0.86548282553247169 5.4350000000000014 216.50000000000003 0.99748108949426018 244.30000000000004 9.6250000000000018 263.47666931152349 0.98332250088165762 7.5150000000000006 31.495000000000001 3.6350000000000002 -0.97509794945709805 0.19969739736768838 1.9350000000000003 0.99988440732898443 11.765000000000002 -0.42499999999999993 388.40000000000003 21.900000000000002 12.250000000000002 264.90000000000003 200.50074768066409 5.5550000000000006
decision_type=2 2 10 2 2 2 2 2 2 2 2 8 2 2 2 2 2 2 2 2 2 2 2 10 10 10 2 8 2 2
left_child=9 6 -3 4 -4 8 -2 -8 -6 17 11 -11 20 -12 18 -16 -17 -1 19 -14 -13 23 26 -15 -25 -26 -23 -19 29 -29
right_child=1 2 3 -5 5 -7 7 -9 -10 10 13 12 14 21 15 16 -18 27 -20 -21 -22 22 -24 24 25 -27 -28 28 -30 -31
leaf_value=-0.0022735948165382553 -0.0017923306547338554 -2.0898865005652256e-05 0.012112373231740787 -0.00096398798397566627 0.0067511408934488627 0.013757192683535742 0.00015230873610665518 -0.0059135086973987226 0.00069449927512273048 -0.00036172421841330335 -0.0040811298888583699 0.003794078906414978 0.0024808468636696454 -0.0043933322201987236 -0.0036268220732568498 0.0058149055660517415 0.0085640878575968873 0.00030849357060858221 -0.00051899094698837887 0.016145529365658131 0.00082948575822064895 0.0019761754065946019 -0.0054995831250718189 -0.00089806023601697507 0.0073374245128210855 0.0039955335595255465 0.0063647553127474492 0.0011640469588734327 -0.00090794048128627503 -0.00023398521988145807
leaf_weight=4230 13018 4955 57 414 71 96 10678 616 166 19566 1823 275 1373 691 285 520 54 41465 18494 58 44864 159 69 712 52 85 75 10282 28808 86257
leaf_count=4230 13018 4955 57 414 71 96 10678 616 166 19566 1823 275 1373 691 285 520 54 41465 18494 58 44864 159 69 712 52 85 75 10282 28808 86257
internal_value=-4.99206e-05 -0.000409199 0.00064334 0.00470149 0.0102564 0.00746246 -0.000658524 -5.48976e-05 0.00407173 -8.39868e-06 0.000203857 0.000271437 0.000451814 -0.00137207 -8.51629e-05 0.00285797 0.00562718 -0.000119036 -0.000212046 0.00184836 0.000699062 0.000100379 0.00424092 -0.000714287 0.00112485 0.0099635 0.00675214 -8.78846e-05 -0.00019853 -5.89929e-05
internal_weight=290268 30071 5759 804 390 333 24312 11294 237 260197 89155 85489 65923 3666 20784 859 574 171042 19925 1431 45139 1843 303 1540 849 137 234 166812 125347 96539
internal_count=290268 30071 5759 804 390 333 24312 11294 237 260197 89155 85489 65923 3666 20784 859 574 171042 19925 1431 45139 1843 303 1540 849 137 234 166812 125347 96539
is_linear=0
shrinkage=0.05


Tree=161
num_leaves=31
num_cat=0
split_feature=15 9 4 22 24 22 4 15 3 22 22 22 20 4 17 17 24 16 17 20 22 24 22 22 24 22 24 17 22 22
split_gain=1.74107 3.48866 3.26954 2.53195 5.67152 6.64464 5.90126 4.73965 2.78498 2.6124 2.41721 3.75938 3.83704 3.09618 5.03323 2.36982 3.05798 2.94081 2.55562 3.61689 4.33389 5.89283 5.36572 8.56612 3.94071 7.53361 11.6663 5.97116 5.21168 12.8936
threshold=60.500000000000007 115.39485168457033 12.105000000000002 0.022575936829235418 -0.064999999999999988 0.82899317702918729 8.5550000000000015 45.500000000000007 4.701666666666668 0.30983042691905771 0.96687895796550427 0.98802474685579866 318.40000000000003 8.7350000000000012 235.50000000000003 315.50000000000006 inf 9.6500000000000004 227.50000000000003 243.20000000000002 -0.26037633224328088 -0.24999999999999997 0.19337368024598436 0.14250626876356556 -0.13999999999999999 0.78325454425165997 -0.22499999999999995 270.50000000000006 0.66527693225344786 0.63920241694561786
decision_type=2 2 2 2 10 2 2 2 2 2 2 2 10 2 2 2 8 2 2 8 2 10 2 2 10 2 10 2 2 2
left_child=1 -1 3 -3 5 7 -7 9 -6 -5 -10 12 -12 14 -14 18 17 -17 -2 -20 -21 22 23 -22 25 28 -27 -28 29 -23
right_child=15 2 -4 4 8 6 -8 -9 10 -11 11 -13 13 -15 -16 16 -18 -19 19 20 21 24 -24 -25 -26 26 27 -29 -30 -31
leaf_value=-2.2619845796939319e-06 -5.0916229680764051e-05 -0.0013322935839084446 -0.0023451469294861272 0.0015273784589792964 -0.0037998867177862234 0.011848264109942976 0.0022946535967871395 0.0011410798717782541 -0.0008558237725104262 0.0079004111301251064 0.00040253182430129023 -0.0009360213270816995 0.0094971151135794518 0.0062929195627463011 0.016311149874313258 -0.0014242919435444119 0.018576994755571546 0.00019067950808018537 -0.00029193596136702446 0.0015607533490906707 -0.00073843256235050863 0.00068667761130066592 -0.0032991744758995981 0.007402131775582993 0.0006789537689698066 -0.0062496368117974342 0.010145805807278837 0.0064361846758865561 -0.005196563402669236 0.0073796923671370406
leaf_weight=49948 128429 7913 9268 62 1372 85 92 2807 4731 87 326 719 62 253 56 13422 65 10215 17049 15522 5031 838 3895 541 16104 122 154 197 672 231
leaf_count=49948 128429 7913 9268 62 1372 85 92 2807 4731 87 326 719 62 253 56 13422 65 10215 17049 15522 5031 838 3895 541 16104 122 154 197 672 231
internal_value=-4.83703e-05 -0.000250769 -0.000699351 -0.000316457 0.000186818 0.00197414 0.0113842 0.00141069 -0.000557921 0.0101007 -0.000103304 0.00170904 0.00432568 0.00780323 0.0144915 2.5718e-05 -0.000445533 -0.000475315 8.48837e-05 0.000353236 0.000596092 0.000222241 -0.000790642 0.000204593 0.000745713 0.00272358 0.00831924 0.0129487 0.00120333 0.00337231
internal_weight=290268 77781 27833 18565 10652 3133 177 2956 7519 149 6147 1416 697 371 118 212487 23702 23637 188785 60356 43307 27785 9467 5572 18318 2214 473 351 1741 1069
internal_count=290268 77781 27833 18565 10652 3133 177 2956 7519 149 6147 1416 697 371 118 212487 23702 23637 188785 60356 43307 27785 9467 5572 18318 2214 473 351 1741 1069
is_linear=0
shrinkage=0.05


Tree=162
num_leaves=31
num_cat=0
split_feature=22 24 17 22 2 20 8 23 24 15 24 22 22 14 24 22 23 20 5 3 24 23 24 20 22 16 23 15 18 22
split_gain=1.72307 2.45455 2.66929 3.87254 3.00856 2.73143 1.9728 2.62757 2.21108 1.82049 3.10715 3.24079 4.85121 4.27255 3.12394 3.08143 4.27661 3.00056 4.15089 3.67254 2.9065 6.22912 4.2728 4.05654 6.48789 4.05071 3.78071 3.67397 3.09783 5.40352
threshold=-0.99763297024448894 1.4950000000000003 127.50000000000001 -0.99866806308218525 1.6800000000000002 155.90000000000003 58.500000000000007 -0.46800559042974538 -0.43999999999999995 60.500000000000007 -0.65999999999999981 0.99053107487289871 0.97314989601849466 33.750000000000007 1.0000000180025095e-35 -0.95754239937548935 -0.27694043983797384 335.10000000000008 6.2907142857142864 6.1116666666666681 -0.22499999999999995 -0.14250536273956091 1.4950000000000003 436.60000000000008 -0.97876850416056738 9.1500000000000004 -0.17646730165275518 49.500000000000007 6.6050000000000013 -0.98803845231459242
decision_type=2 10 2 2 2 10 2 2 10 2 8 2 2 2 10 2 2 10 2 2 10 2 10 10 2 2 2 2 2 2
left_child=1 -1 3 4 -3 -4 9 -8 -9 10 -2 12 15 17 -13 16 -12 -14 19 -19 21 23 26 24 25 -18 -22 -24 29 -23
right_child=6 2 5 -5 -6 -7 7 8 -10 -11 11 14 13 -15 -16 -17 20 18 -20 -21 22 28 27 -25 -26 -27 -28 -29 -30 -31
leaf_value=-0.0028770839912313061 -0.0022090206512914799 0.0055942531643478734 0.0080146188557425908 -0.0031984023540604051 0.019095414047613571 -0.0012503109163867678 0.0022108208777434145 0.0014631033795269649 0.039986126655743734 5.2836315589782775e-05 0.0055430314048967814 0.002847574159968635 -0.00033778567012138422 0.010288113606714068 -0.0047119879711152958 -0.00043745829400715494 0.015553137686742375 0.0018864990406290639 0.0041194124522659628 0.012778548638003068 0.00071428554428624536 0.014987161853648005 0.0089805578394140505 0.0028083406292673716 -0.0038400924064110604 0.0080667618160277857 -0.0081727446829704328 4.2700956996681886e-05 -0.00017848163734832288 -0.0045545167804092708
leaf_weight=4752 3711 132 54 151 68 1179 319 66 84 208619 278 487 946 62 2265 58958 116 104 975 72 1077 83 786 166 85 118 1149 1818 1512 76
leaf_count=4752 3711 132 54 151 68 1179 319 66 84 208619 278 487 946 62 2265 58958 116 104 975 72 1077 83 786 166 85 118 1149 1818 1512 76
internal_value=-4.94038e-05 -0.0008649 0.000839645 0.00468661 0.00925 -0.000255476 -3.12058e-05 0.00320895 0.00866667 -3.65668e-05 -0.000248117 -0.000174533 -0.000106829 0.00222557 -0.00185683 -0.000182871 0.00078882 0.00184311 0.00355777 0.010625 0.000546807 0.00207328 -0.000134577 0.00706185 0.0103605 0.0146581 -0.00174304 0.0012404 0.000625373 0.00726415
internal_weight=290268 6336 1584 351 200 1233 283932 469 150 283463 74844 71133 68381 2159 2752 66222 7264 2097 1151 176 6986 2156 4830 485 319 234 2226 2604 1671 159
internal_count=290268 6336 1584 351 200 1233 283932 469 150 283463 74844 71133 68381 2159 2752 66222 7264 2097 1151 176 6986 2156 4830 485 319 234 2226 2604 1671 159
is_linear=0
shrinkage=0.05


Tree=163
num_leaves=31
num_cat=0
split_feature=14 15 9 23 23 1 22 20 9 23 20 4 15 23 5 20 23 22 21 14 21 22 17 15 13 13 15 4 4 16
split_gain=1.68469 2.41172 3.44824 3.80126 2.33015 4.12995 3.35813 4.11864 3.0736 2.87055 3.23118 2.83351 2.73721 2.6301 4.15406 4.32057 2.3493 2.29715 2.72961 2.44466 2.52732 2.35832 2.41291 2.29479 3.06022 2.59708 2.24476 2.19524 2.25402 2.18777
threshold=26.850000000000005 60.500000000000007 117.96585083007814 0.97461712852231652 0.98332250088165762 7.035000000000001 0.15951094710994371 237.00000000000003 370.54331970214849 0.99988440732898443 306.10000000000008 9.1750000000000025 64.500000000000014 0.96177147954086928 4.0964285714285724 343.2000000000001 0.9989598388634241 -0.05695216311707673 67.500000000000014 29.750000000000004 257.50000000000006 0.14250626876356556 216.50000000000003 83.500000000000014 39.350000000000001 2.9500000000000006 68.500000000000014 11.485000000000001 5.9850000000000012 12.050000000000002
decision_type=2 2 2 2 2 2 2 10 2 2 10 2 2 2 2 8 2 2 8 2 8 2 2 2 2 2 2 2 2 2
left_child=23 2 3 -2 13 9 8 -8 11 16 -11 -7 -13 -3 15 -15 -6 29 21 20 -20 22 -19 -1 25 -25 -9 28 -4 -14
right_child=1 4 27 -5 5 6 7 26 -10 10 -12 12 17 14 -16 -17 -18 18 19 -21 -22 -23 -24 24 -26 -27 -28 -29 -30 -31
leaf_value=-0.00087473176571506461 0.00010891778903490001 0.00010594428660272082 -0.0029640096233199322 -0.0046927410307264772 7.4962078129354011e-05 0.0054321122646189841 -0.0050771721377612907 0.019076990921789279 -6.50003283040486e-05 0.00070661968607571958 0.0058219623120973497 -0.00091934128375777331 0.0043492815933484094 0.0053958288566155147 -0.0017094311896979127 -0.0063706045251264989 -0.0051645346877673571 0.002406823752470341 0.013932327410449223 0.0015705441122360081 0.0028213935699773363 0.0048819758570483214 -0.0036834560122254939 0.0070261798543309025 -0.0037216111471418457 0.0006815347012193993 0.0037497224530855218 -0.0020326126719688717 -0.00016050764515784747 0.0082026592514165952
leaf_weight=23247 48571 166563 1739 1292 4354 464 76 97 2185 176 59 804 669 227 5522 85 1032 363 50 124 61 60 707 78 649 6798 78 10080 13794 264
leaf_count=23247 48571 166563 1739 1292 4354 464 76 97 2185 176 59 804 669 227 5522 85 1032 363 50 124 61 60 707 78 649 6798 78 10080 13794 264
internal_value=-4.69922e-05 -5.51187e-06 -0.000243522 -1.30476e-06 9.21084e-05 0.000777337 0.00168944 0.0073506 0.00144236 -0.000196585 0.00521276 0.00234717 0.00180206 4.59103e-05 -0.000997601 0.00461538 -0.000432604 0.00268059 0.00137363 0.00627659 0.0116667 0.000353981 -0.000186917 -0.00039679 0.000362125 0.000671901 0.0115714 -0.000715068 -0.000342176 0.00459271
internal_weight=290268 259496 75476 49863 184020 11623 6002 251 5751 5621 235 3566 3102 172397 5834 312 5386 2298 1365 235 111 1130 1070 30772 7525 6876 175 25613 15533 933
internal_count=290268 259496 75476 49863 184020 11623 6002 251 5751 5621 235 3566 3102 172397 5834 312 5386 2298 1365 235 111 1130 1070 30772 7525 6876 175 25613 15533 933
is_linear=0
shrinkage=0.05


Tree=164
num_leaves=31
num_cat=0
split_feature=13 24 24 22 22 9 3 23 24 24 22 22 23 9 0 23 9 22 19 1 3 22 1 22 22 5 23 22 2 5
split_gain=1.70857 4.33372 3.76108 4.49247 4.76214 4.58342 7.05008 4.52908 3.72898 3.45638 7.52489 9.12482 11.3778 7.92761 3.60888 4.93871 3.29852 4.6407 3.10988 3.05843 2.90892 2.89366 4.06655 4.06047 5.33511 3.24118 2.78303 9.22945 3.17099 2.949
threshold=12.050000000000002 inf 0.24500000000000002 -0.95244167294248061 -0.94139628442229062 246.29627990722659 7.9666666666666677 0.31595530242620651 -0.43999999999999995 1.0000000180025095e-35 0.98802474685579866 0.92922379131507438 -0.31800055644052067 472.27819824218756 5.8550000000000013 0.38043945030393422 806.39907836914074 0.97875492728876534 3.4050000000000007 8.1450000000000014 5.5650000000000013 -0.98214942551678475 5.9150000000000009 -0.90893996196865023 -0.85227431625818906 7.9842857142857158 0.99445195900249039 -0.074117382312902977 -1.4600000000000004 8.1421428571428596
decision_type=2 8 10 2 2 2 2 2 10 10 2 2 2 2 2 2 2 2 2 2 2 2 2 2 2 2 2 2 2 2
left_child=-1 2 3 -2 5 6 7 8 -5 26 11 14 -13 -14 15 18 17 19 -11 -15 -10 22 25 -23 -25 -4 28 29 -6 -28
right_child=1 -3 21 4 9 -7 -8 -9 20 10 -12 12 13 16 -16 -17 -18 -19 -20 -21 -22 23 -24 24 -26 -27 27 -29 -30 -31
leaf_value=4.9721582164857012e-05 -0.0016119058800350705 0.015201005431279653 0.002540324095116963 -0.00045609769745222508 -0.0010715505382616773 -0.0011297684046359293 -0.00021874144968120416 0.008002035200552135 0.0038321530569106811 0.0060824779172083043 -0.0046982511761761011 0.018061048078978955 0.0019493724987724361 0.015836987384358011 -0.00025655585976269165 0.020418097347838601 -0.0028412014991662758 0.013133714950067866 0.00078176512274669401 0.0019147836788517281 0.014949704445939403 -0.0068754671779205009 0.00083741132868628363 0.010433955966094914 -0.00094336304912074308 0.0098633331155806234 0.01894911734705822 0.00067529319114801125 0.0002000176390113442 0.0014790627520628692
leaf_weight=193648 7367 151 64 92 14376 340 258 83 93 169 1334 266 1227 82 3048 77 54 88 980 109 100 1780 631 324 32632 51 106 1800 28882 56
leaf_count=193648 7367 151 64 92 14376 340 258 83 93 169 1334 266 1227 82 3048 77 54 88 980 109 100 1780 631 324 32632 51 106 1800 28882 56
internal_value=-4.71645e-05 -0.0002189 -0.000232148 5.98369e-06 0.000165049 0.00364389 0.00618211 0.010625 0.00763158 0.000101226 0.00110035 0.00184426 0.00480285 0.00317308 0.000580251 0.00287112 0.010015 0.0122043 0.00204961 0.00782722 0.0115803 -0.000641453 0.00243968 -0.000707624 -0.000581989 0.011087 -6.30264e-05 0.0017788 -0.000146564 0.0132099
internal_weight=290268 96620 96469 60987 53620 966 626 368 285 52654 7434 6100 1826 1560 4274 1226 333 279 1149 191 193 35482 746 34736 32956 115 45220 1962 43258 162
internal_count=290268 96620 96469 60987 53620 966 626 368 285 52654 7434 6100 1826 1560 4274 1226 333 279 1149 191 193 35482 746 34736 32956 115 45220 1962 43258 162
is_linear=0
shrinkage=0.05


Tree=165
num_leaves=31
num_cat=0
split_feature=13 22 5 9 15 5 22 19 16 9 3 14 22 5 1 15 16 19 22 22 22 22 3 17 22 1 9 17 22 22
split_gain=1.62718 2.44761 2.64722 3.05675 2.31866 2.17173 1.99928 4.39555 2.86491 3.37117 5.11584 2.87217 2.77543 2.22984 2.15979 1.91673 2.63404 3.46815 2.46682 2.34572 9.35437 2.26276 3.32527 3.58981 2.74757 2.2584 2.76817 2.70347 2.00164 2.10735
threshold=12.050000000000002 -0.95244167294248061 6.0621428571428586 583.67306518554699 76.500000000000014 8.1092857142857167 -0.94139628442229062 10.135000000000003 13.250000000000002 246.29627990722659 7.4983333333333348 27.550000000000004 -0.94705910369513524 52.487142857142864 6.5550000000000006 77.500000000000014 6.6500000000000012 1.8550000000000002 -0.065535378769913874 0.99761913169647187 0.99818282439137029 -0.42180583328916638 5.325000000000002 240.50000000000003 -0.30983472475487867 1.9350000000000003 472.27819824218756 58.500000000000007 0.10837544681456425 0.98522604642031408
decision_type=2 2 2 2 2 2 2 2 2 2 2 2 2 2 2 2 2 2 2 2 2 2 2 2 2 2 2 2 2 2
left_child=-1 2 -2 -4 5 -5 7 8 9 10 11 -3 -13 15 -14 16 -8 25 21 28 -21 -17 23 24 -23 26 -18 -27 -20 -30
right_child=1 6 3 4 -6 -7 13 -9 -10 -11 -12 12 14 -15 -16 18 17 -19 19 20 -22 22 -24 -25 -26 27 -28 -29 29 -31
leaf_value=4.723550305661329e-05 -0.0036385907110036615 0.0014167212254868706 -0.0013357023497019079 0.00071895403433264659 -0.00045174765018081328 0.004531306454691692 -0.0015513479906852517 -0.0053633376117429958 0.01500432732654014 -0.001883573768808303 6.4823804825965732e-05 0.0070334421388035199 0.007702850986064276 0.012472511581435211 0.010846728763583266 0.00059648451658618267 0.0067542549973958867 -0.00025921527812261373 -0.0045667784217755898 0.012498330899922937 0.0012379341078898865 0.013992631885923807 0.00088220590413594369 0.0017604707869332062 0.0054423857958666539 0.011133798738925072 7.8671000868732189e-05 -0.0022603014936583865 0.0001171323808157043 -0.0037430201543549725
leaf_weight=193648 1987 94 6469 127 281 180 9239 296 68 281 295 96 68 74 58 4524 83 56788 994 54 538 55 1670 294 160 55 52 177 10924 639
leaf_count=193648 1987 94 6469 127 281 180 9239 296 68 281 295 96 68 74 58 4524 83 56788 994 54 538 55 1670 294 160 55 52 177 10924 639
internal_value=-4.66477e-05 -0.000214243 -0.000997347 -0.000543433 0.00290816 0.00591205 -0.000133371 0.00184713 0.00348958 0.00273542 0.00481997 0.00924051 0.0123423 -0.000162188 0.0172222 -0.000169632 -0.000298522 -0.000171902 0.000261433 -0.000136513 0.00293919 0.00104207 0.00236576 0.00590373 0.010814 0.00467302 0.00981481 0.00168103 -0.000281517 -9.64295e-05
internal_weight=290268 96620 9044 7057 588 307 87576 1256 960 892 611 316 222 86320 126 86246 66394 57155 19852 13149 592 6703 2179 509 215 367 135 232 12557 11563
internal_count=290268 96620 9044 7057 588 307 87576 1256 960 892 611 316 222 86320 126 86246 66394 57155 19852 13149 592 6703 2179 509 215 367 135 232 12557 11563
is_linear=0
shrinkage=0.05


Tree=166
num_leaves=31
num_cat=0
split_feature=0 24 23 24 0 21 23 13 20 19 9 23 24 24 23 19 20 24 23 23 16 1 23 24 14 20 16 13 23 13
split_gain=1.7508 1.68777 1.6317 4.54621 3.18904 3.20015 3.1037 3.41852 2.88963 2.84675 2.68682 5.57207 11.4391 16.7396 4.54641 3.64892 2.90197 8.46832 3.1706 7.39279 6.77796 2.63352 2.5917 7.46275 6.25994 3.8219 2.85671 2.5424 2.91384 3.20034
threshold=2.7350000000000008 -0.77999999999999992 -0.99465740988130902 1.3800000000000001 8.2850000000000019 152.50000000000003 -0.97874870457683594 36.250000000000007 391.80000000000001 6.6850000000000014 528.79354858398449 -0.6391983530350368 0.83000000000000007 0.53000000000000014 -0.38243420677835349 13.265000000000002 255.90000000000003 -0.029999999999999995 -0.89404254237865755 -0.93543596745397617 6.1500000000000012 7.5950000000000006 -0.19337245081799007 1.0000000180025095e-35 28.250000000000004 300.90000000000003 8.1500000000000004 13.450000000000001 -0.98801846520836312 19.350000000000005
decision_type=2 8 2 10 2 8 2 2 8 2 2 2 10 10 2 2 10 10 2 2 2 2 2 10 2 10 2 2 2 2
left_child=1 -1 3 4 5 -2 7 8 -4 -6 -8 12 13 15 -13 16 18 -18 19 20 -12 -5 23 -16 26 -26 -25 -10 29 -29
right_child=2 -3 6 21 9 -7 10 -9 27 -11 11 14 -14 -15 22 -17 17 -19 -20 -21 -22 -23 -24 24 25 -27 -28 28 -30 -31
leaf_value=-0.0075825653585102799 -0.0043333496813106826 -0.00099495803922412243 0.0013427949345861381 0.0021802932573865802 0.0029495368840373863 0.00028727933273062694 -0.00014686648863209098 0.0078736417758880212 -0.0010083429858115188 -0.00084811063345481053 0.0080792046398259643 -0.0038017701411400418 -0.001846384621845593 0.012507849005138653 -0.0023129679488592793 -0.0049609830715486416 0.004328261823744582 0.014266277305328876 0.0025365494954445109 0.016519499711654628 0.00061302010697883783 -0.0001198322692424849 0.00022556316154360621 0.0064713403832913465 0.0012674271358295267 0.016936316423139055 0.010342949715764539 0.0085734753506510851 -0.0013017887699831915 0.0028222541812530332
leaf_weight=528 3043 4052 5825 859 508 708 233793 76 3202 2776 61 1311 1177 54 408 211 247 65 1083 70 301 1446 27757 62 251 66 53 71 141 63
leaf_count=528 3043 4052 5825 859 508 708 233793 76 3202 2776 61 1311 1177 54 408 211 247 65 1083 70 301 1446 27757 62 251 66 53 71 141 63
internal_value=-4.5442e-05 -0.00101529 -2.98939e-05 -0.000679873 -0.0013113 -0.00230739 -7.92598e-06 0.000886115 0.000799827 -0.00017357 -3.93315e-05 0.000381739 0.00234169 0.00456023 0.000167513 0.00383219 0.00455118 0.00894231 0.00364686 0.00726852 0.00439226 0.00124729 0.000299506 0.00303571 0.00761574 0.00399054 0.0176087 -0.000340812 0.00427273 0.00955224
internal_weight=290268 4580 285688 9340 7035 3751 276348 9378 9302 3284 266970 33177 3269 2092 29908 2038 1827 312 1515 432 362 2305 28597 840 432 317 115 3477 275 134
internal_count=290268 4580 285688 9340 7035 3751 276348 9378 9302 3284 266970 33177 3269 2092 29908 2038 1827 312 1515 432 362 2305 28597 840 432 317 115 3477 275 134
is_linear=0
shrinkage=0.05


Tree=167
num_leaves=31
num_cat=0
split_feature=14 19 15 15 14 24 24 19 21 0 18 22 24 23 17 22 4 22 22 9 24 22 24 9 18 9 22 5 17 23
split_gain=1.76821 2.22602 2.41161 2.19726 3.14916 2.42887 4.119 2.15677 5.44231 3.83922 4.22851 2.65766 4.01166 3.36481 3.34945 3.0235 2.86506 2.46062 3.75746 2.65518 2.57282 4.76689 3.90617 3.67685 5.20008 2.58846 2.53821 2.3178 2.30738 2.18586
threshold=26.850000000000005 2.9350000000000005 83.500000000000014 60.500000000000007 29.850000000000005 -0.60499999999999987 -0.34499999999999992 7.8950000000000005 77.500000000000014 7.1350000000000007 5.8850000000000007 -0.93545489084327571 -0.95499999999999985 0.11478523713130605 273.50000000000006 -0.91597725483594616 22.255000000000006 -0.99866806308218525 -0.97876850416056738 483.01396179199224 -0.58499999999999985 -0.98803845231459242 -0.43999999999999995 104.30410385131837 11.975000000000003 88.73026275634767 -0.99763297024448894 10.623571428571433 135.50000000000003 -0.99864786094873803
decision_type=2 2 2 2 2 8 10 2 8 2 2 2 10 2 2 2 2 2 2 2 10 2 10 2 2 2 2 2 2 2
left_child=1 -1 -3 4 5 -2 -7 9 11 27 28 13 14 16 15 -13 17 -9 19 20 26 22 25 24 -23 -22 -19 -5 -11 -10
right_child=3 2 -4 7 -6 6 -8 8 29 10 -12 12 -14 -15 -16 -17 -18 18 -20 -21 21 23 -24 -25 -26 -27 -28 -29 -30 -31
leaf_value=-0.002678773245870915 -0.0052550619162386666 -0.00074015178583634953 0.00060258390188960332 6.8403421762506473e-05 -0.00016087178806644051 0.0013854548796503109 -0.0019764607646425227 -0.0043486961563602797 0.0028603261114018806 0.0040006699010679235 0.00052395553904529028 0.0097732717418139471 0.00021069023326423641 -0.0036089872764252968 0.016300909519686751 0.0014322751027276831 -0.0039859209439761624 0.022512501571933644 -0.00080730914395606688 0.015387003050318579 0.004475166852308479 0.02968663091629193 2.9421662199679604e-06 0.0037804597319615442 0.0053820248507027903 0.012843446942236764 -0.0039946418467283204 -0.0028210240468948492 0.001416954721344052 -0.0013364781542106747
leaf_weight=1878 1057 21852 7042 56956 64695 2326 7398 826 311 2063 32556 259 62193 2924 155 903 1559 68 1576 81 62 125 713 137 129 65 410 1855 3210 14884
leaf_count=1878 1057 21852 7042 56956 64695 2326 7398 826 311 2063 32556 259 62193 2924 155 903 1559 68 1576 81 62 125 713 137 129 65 410 1855 3210 14884
internal_value=-4.49252e-05 -0.00040329 -0.000294872 -2.42898e-06 -0.000229611 -0.00102078 -0.000773345 9.07498e-05 -8.92665e-05 0.000253517 0.000646461 9.17769e-05 0.000203904 -0.000729108 0.0029347 0.00201377 -2.6953e-05 0.000653625 0.00125371 0.00282123 0.00240199 0.00361088 0.00148809 0.00817135 0.0117323 0.00956693 -0.000711298 7.63971e-07 0.00195998 -0.000949327
internal_weight=290268 30772 28894 259496 75476 10781 9724 184020 87380 96640 37829 72185 63510 8675 1317 1162 5751 4192 3366 1790 1709 1231 840 391 254 127 478 58811 5273 15195
internal_count=290268 30772 28894 259496 75476 10781 9724 184020 87380 96640 37829 72185 63510 8675 1317 1162 5751 4192 3366 1790 1709 1231 840 391 254 127 478 58811 5273 15195
is_linear=0
shrinkage=0.05


Tree=168
num_leaves=31
num_cat=0
split_feature=13 24 24 22 24 22 22 23 9 23 23 9 24 5 22 18 19 22 23 13 9 22 1 23 22 5 15 23 22 5
split_gain=1.6071 3.99414 3.2253 3.83077 2.93027 6.555 7.97872 10.0301 6.19308 3.24133 9.92643 3.66588 5.71482 3.20936 3.12481 2.77143 2.76785 4.25049 2.74511 3.25 2.714 4.21141 2.91558 2.67709 6.9522 9.28616 5.12505 4.08702 3.81516 8.09682
threshold=12.050000000000002 inf 0.24500000000000002 -0.99866806308218525 1.0000000180025095e-35 0.98802474685579866 0.92922379131507438 -0.31800055644052067 472.27819824218756 -0.99273797715557011 -0.99052477729077237 425.81092834472662 0.095000000000000015 8.4964285714285754 0.9053161325100999 5.3550000000000013 5.9650000000000007 0.45273815774107123 -0.98212955754013376 21.750000000000004 806.39907836914074 0.97875492728876534 8.1450000000000014 -0.6523320455745395 0.72695311118111527 7.4692857142857161 72.500000000000014 -0.22700609751797865 -0.62588817255938378 7.8571428571428585
decision_type=2 8 10 2 10 2 2 2 2 2 2 2 10 2 2 2 2 2 2 2 2 2 2 2 2 2 2 2 2 2
left_child=-1 2 3 -2 -5 6 9 13 -9 -6 -11 18 -13 15 16 -8 17 -14 19 -12 21 22 -10 24 28 26 -26 -25 29 -4
right_child=1 -3 23 4 5 -7 7 8 20 10 11 12 14 -15 -16 -17 -18 -19 -20 -21 -22 -23 -24 27 25 -27 -28 -29 -30 -31
leaf_value=5.3061649262560787e-05 -0.0056893891036701744 0.013920227250984116 0.022020752588009996 -9.2510722965041966e-05 -0.0023677702380272185 -0.0044237771826472171 0.007766661443640771 0.0018563137148581974 0.015149481081269719 0.0059285400166188594 0.0065782381577929516 -0.0074550851490348836 0.0070874034615222396 0.011633030726255546 0.019819937779245976 0.020326290458319893 0.00028042763382798351 -0.0018766851290029207 -0.00088110821071907914 -0.0046522772545648369 -0.0027598054987228817 0.012143157194298839 0.0015766499055402093 -0.0033679875745954158 -0.0025984020173094842 0.0091508644505241248 0.0060875938818006001 -0.000653870335695465 -0.00062138441776635666 -0.00023722463001453337
leaf_weight=193648 1420 151 69 52133 966 1334 56 1227 82 91 130 206 193 95 66 115 175 69 2328 50 54 88 109 7712 390 224 314 17824 8799 150
leaf_count=193648 1420 151 69 52133 966 1334 56 1227 82 91 130 206 193 95 66 115 175 69 2328 50 54 88 109 7712 390 224 314 17824 8799 150
internal_value=-4.50974e-05 -0.000211655 -0.000224374 -3.85447e-06 5.73292e-05 0.000986009 0.00168033 0.00444688 0.00291667 0.000498361 0.00124244 0.000781783 0.00395628 0.0134211 0.00682902 0.0175146 0.00529748 0.00854962 -0.000115631 0.00583333 0.00896396 0.0109498 0.0067801 -0.000603406 9.24983e-05 0.00421336 0.00139204 -0.000874453 -0.00033156 0.00618721
internal_weight=290268 96620 96469 60987 59567 7434 6100 1826 1560 4274 3308 3217 709 266 503 171 437 262 2508 180 333 279 191 35482 9946 928 704 25536 9018 219
internal_count=290268 96620 96469 60987 59567 7434 6100 1826 1560 4274 3308 3217 709 266 503 171 437 262 2508 180 333 279 191 35482 9946 928 704 25536 9018 219
is_linear=0
shrinkage=0.05


Tree=169
num_leaves=31
num_cat=0
split_feature=14 19 9 23 23 24 24 22 1 15 22 18 18 18 16 22 23 22 5 13 22 22 5 9 15 9 23 22 23 22
split_gain=1.72883 1.96305 2.07984 3.14237 2.77811 6.61385 3.8388 6.26304 3.70753 3.17043 2.78307 2.46619 3.38536 2.60215 2.33065 2.10796 3.3198 3.63752 2.66222 2.10767 2.01625 4.92312 3.11818 2.23046 1.93137 3.02286 3.52171 2.21835 6.55158 7.6376
threshold=26.850000000000005 2.9350000000000005 241.4740905761719 -0.99628250747696534 -0.90892157495189674 1.7100000000000002 0.83000000000000007 -0.25205528343633254 8.3050000000000015 73.500000000000014 0.29342972903661901 5.7250000000000005 8.8450000000000006 6.9250000000000007 6.5500000000000007 -0.074117382312902977 -0.46800559042974538 -0.78326540922535159 5.3335714285714309 5.7500000000000009 -0.39826117949089107 -0.31799228562170639 9.5935714285714315 147.14622497558597 60.500000000000007 115.39485168457033 0.97461712852231652 0.022575936829235418 0.92843842216862604 0.30983042691905771
decision_type=2 2 2 2 2 10 10 2 2 2 2 2 2 2 2 2 2 2 2 2 2 2 2 2 2 2 2 2 2 2
left_child=1 -1 15 -4 5 6 7 8 -5 -9 11 -11 13 -13 -12 16 17 18 -3 -17 -19 22 23 -22 25 26 -2 -27 -29 -30
right_child=24 2 3 4 -6 -7 -8 9 -10 10 14 12 -14 -15 -16 19 -18 20 -20 -21 21 -23 -24 -25 -26 27 -28 28 29 -31
leaf_value=-0.0025216972847253148 0.00012691975807125765 -0.0028537347892577643 -0.0060467488294790083 0.0094819998126436031 -3.8672578142918239e-06 0.0085890892644679834 -0.0027217307961615242 -0.0012233351120902807 0.0035445447667125638 -0.00078272832003340473 0.0064697177390222243 0.0026535659290253585 -0.0019179798707856556 0.0042459406134647201 0.0018510311288800871 0.0001630292537420897 -0.0013320756665041705 -0.0013849109756043532 0.0062277779957539735 -0.0030765745807653944 0.010775135317813204 0.0004928215112000627 5.7625898880001632e-05 0.0044321950281582976 0.00010403309761422269 -0.001704018129083858 -0.0044191051714510179 -0.0009907279590405172 0.0014663584639550242 0.004256182752085288
leaf_weight=1878 48085 89 498 67 12849 53 542 334 54 250 62 93 91 93 62 1699 4770 1409 407 4603 64 697 57 51 184020 11430 1265 12676 1644 376
leaf_count=1878 48085 89 498 67 12849 53 542 334 54 250 62 93 91 93 62 1699 4770 1409 407 4603 64 697 57 51 184020 11430 1265 12676 1644 376
internal_value=-4.40639e-05 -0.000398415 -0.000296603 0.000110312 0.000243985 0.00214286 0.00158374 0.00327305 0.0140083 0.00195431 0.00398617 0.00240038 0.00564982 0.00951613 0.0107258 -0.000738843 -0.000174975 0.00120043 0.00508064 -0.00141384 0.000355574 0.00224971 0.00982558 0.0145652 -2.04361e-06 -0.000215036 1.51964e-05 -0.000649928 -0.000243605 0.00240099
internal_weight=290268 30772 28894 15048 14550 1701 1648 1106 121 985 651 527 277 186 124 13846 7544 2774 496 6302 2278 869 172 115 259496 75476 49350 26126 14696 2020
internal_count=290268 30772 28894 15048 14550 1701 1648 1106 121 985 651 527 277 186 124 13846 7544 2774 496 6302 2278 869 172 115 259496 75476 49350 26126 14696 2020
is_linear=0
shrinkage=0.05


Tree=170
num_leaves=31
num_cat=0
split_feature=17 14 15 9 23 24 14 5 23 24 9 18 0 5 5 20 8 20 1 14 13 23 19 8 24 23 23 13 23 9
split_gain=1.60425 1.53297 1.91638 2.8825 3.49844 2.21127 2.57076 2.28567 2.88725 2.92529 4.07044 2.11171 6.82878 2.41573 2.2207 2.64464 3.59827 3.25235 2.64878 2.42624 2.39028 2.29427 2.07624 2.50562 2.01707 3.3632 2.94898 2.70322 2.28348 2.43406
threshold=357.50000000000006 26.850000000000005 60.500000000000007 117.96585083007814 0.97461712852231652 1.4950000000000003 32.650000000000013 10.740714285714288 -0.85225707553516283 1.3800000000000001 52.620088577270515 7.8350000000000009 8.0850000000000026 8.3307142857142882 13.61214285714286 524.50000000000011 5.5000000000000009 280.7000000000001 15.755000000000001 31.650000000000002 0.65000000000000002 0.99445195900249039 11.455000000000002 14.500000000000002 -0.27499999999999997 -0.80417042486635371 -0.85225707553516283 8.7500000000000018 -0.99864786094873803 806.39907836914074
decision_type=2 2 2 2 2 10 2 2 2 8 2 2 2 2 2 10 2 10 2 2 2 2 2 2 10 2 2 2 2 2
left_child=1 -1 3 4 5 7 -7 8 -3 -10 -11 12 -4 -14 15 16 18 -18 21 -17 -19 -13 -8 -24 25 26 -16 28 -26 -30
right_child=-2 2 11 -5 -6 6 22 -9 9 10 -12 14 13 -15 24 19 17 20 -20 -21 -22 -23 23 -25 27 -27 -28 -29 29 -31
leaf_value=-0.00044590200488010373 -0.0023795411432180336 -0.0011047044586829714 8.5991462463808361e-05 -0.00095066588995352792 -0.0043751650082220926 8.7410729228994482e-05 0.00072268927870868264 -0.00093952546977364845 0.00079925334571458433 0.0031330182919231536 0.010685354726394022 -0.00019798990714485341 0.00024664511622985379 0.0021442713726925653 0.0042076132541635902 -0.0026497253017452346 0.030186837474187198 0.030408077757885416 -0.0025324021527336391 0.0081191042636610013 0.00146904210573339 0.0019924138332231846 0.0041805864594208911 0.014585645383743956 0.0040387938393874586 0.0012976063798416713 0.019150204002111357 -0.0016023222281544179 0.00066201384676987604 0.0065689649827071414
leaf_weight=30555 1849 4460 74892 25446 1289 6156 2026 18884 14135 154 78 67746 4026 10524 75 2251 51 68 2417 96 235 1822 2307 206 137 6314 72 4904 6940 153
leaf_count=30555 1849 4460 74892 25446 1289 6156 2026 18884 14135 154 78 67746 4026 10524 75 2251 51 68 2417 96 235 1822 2307 206 137 6314 72 4904 6940 153
internal_value=-4.35472e-05 -3.41356e-05 5.54437e-06 -0.000207012 1.45878e-05 8.30464e-05 0.000717624 -9.69225e-05 0.000292929 0.000637919 0.0062069 9.29537e-05 0.00026654 0.00125773 -7.34888e-05 -0.000195219 -0.000141626 0.004887 -0.000166355 -0.00184704 0.00292079 -0.000109822 0.0016204 0.00258058 0.000415433 0.00112908 0.00860544 3.54364e-05 0.000650068 0.000526574
internal_weight=290268 288419 257864 75141 49695 48406 10695 37711 18827 14367 232 182723 89442 14550 93281 74686 72339 354 71985 2347 303 69568 4539 2513 18595 6461 147 12134 7230 7093
internal_count=290268 288419 257864 75141 49695 48406 10695 37711 18827 14367 232 182723 89442 14550 93281 74686 72339 354 71985 2347 303 69568 4539 2513 18595 6461 147 12134 7230 7093
is_linear=0
shrinkage=0.05


Tree=171
num_leaves=31
num_cat=0
split_feature=17 22 24 22 17 4 14 22 1 23 23 17 23 20 18 22 24 24 22 4 22 2 22 24 17 22 22 4 22 22
split_gain=1.61107 2.89621 5.49858 8.4807 6.80019 3.65766 2.63838 2.43765 2.14603 2.04768 2.33803 1.92666 3.31301 2.94971 3.1516 2.66657 4.56765 5.80289 11.9116 7.37098 5.98787 9.25023 8.75409 11.3612 4.15751 4.05157 4.58072 4.17474 7.62589 3.5129
threshold=315.50000000000006 0.91248814248966237 1.1900000000000002 0.95998215779580554 322.50000000000006 11.585000000000003 30.450000000000003 0.86113431103781346 5.4350000000000014 0.21652257995689161 0.097680735332368748 214.50000000000003 0.9980355542543059 243.20000000000002 8.8850000000000033 -0.26866367175705824 -0.24999999999999997 -0.13999999999999999 0.58481550752069722 6.7150000000000007 0.66527693225344786 -2.8100000000000005 0.79904096188274243 -0.22499999999999995 270.50000000000006 -0.95244167294248061 -0.94139628442229062 9.6850000000000005 -0.29343379936893921 0.59868201182722736
decision_type=2 2 10 2 2 2 2 2 2 2 2 2 2 8 2 2 10 10 2 2 2 2 2 10 2 2 2 2 2 2
left_child=11 6 9 4 -4 8 -2 -8 -6 10 -3 -1 13 -13 15 25 -17 18 -18 -20 21 -21 -22 -24 -25 -15 -27 28 -28 -23
right_child=1 2 3 -5 5 -7 7 -9 -10 -11 -12 12 -14 14 -16 16 17 -19 19 20 22 29 23 24 -26 26 27 -29 -30 -31
leaf_value=-0.00013866090527812561 -0.0014029237034485762 -0.00023836231338810861 0.011641250348456452 -0.00091224616941252559 0.0063861100111249226 0.013274280864369348 0.00028445417957638497 -0.0054187683206573418 0.00048941096460626554 -0.0026911771640894971 0.0042579616395679049 -0.0002793709299849773 -0.0020206117089944637 -0.00090843932940867062 -3.8179085937663651e-05 -0.00072497365353231308 -0.0042079272952484717 0.00066197359598591551 0.0092767371833538722 0.007537085702370651 -0.0047252686890379312 0.012430207890180548 -0.0069175475000307482 0.0075857050920970408 0.0037709029464115494 0.0062604653099445004 0.0021810596960664601 0.00057954374807658664 0.011399628352727065 0.0030425172040274688
leaf_weight=169343 14521 3182 57 414 72 93 9081 710 168 1018 755 19662 3172 2678 27548 8245 489 15319 81 87 467 101 113 115 121 524 5325 6283 144 380
leaf_count=169343 14521 3182 57 414 72 93 9081 710 168 1018 755 19662 3172 2678 27548 8245 489 15319 81 87 467 101 113 115 121 524 5325 6283 144 380
internal_value=-4.44084e-05 -0.000390909 0.000617293 0.00445274 0.00974359 0.00701201 -0.000629731 4.59487e-06 0.00375 -5.0466e-06 0.00051181 -4.36327e-06 0.000181389 0.000238816 0.000394736 0.000675528 0.000364839 0.000827012 0.00339304 0.00564846 0.00479046 0.00873239 0.00204657 0.00803725 0.0142797 0.0012057 0.00159009 0.00138615 0.00239623 0.00601871
internal_weight=290268 30071 5759 804 390 333 24312 9791 240 4955 3937 260197 90854 87682 68020 40472 25518 17273 1954 1465 1384 568 816 349 236 14954 12276 11752 5469 481
internal_count=290268 30071 5759 804 390 333 24312 9791 240 4955 3937 260197 90854 87682 68020 40472 25518 17273 1954 1465 1384 568 816 349 236 14954 12276 11752 5469 481
is_linear=0
shrinkage=0.05


Tree=172
num_leaves=31
num_cat=0
split_feature=0 24 24 23 13 24 20 21 15 24 17 23 13 9 9 23 15 23 24 23 16 20 20 1 18 24 23 23 16 17
split_gain=1.68016 1.59654 1.5822 2.31511 1.88158 2.58101 2.40943 4.46472 2.62605 1.70959 1.55409 2.51037 2.36072 2.48978 3.12426 1.80493 1.55775 1.5388 1.56247 2.88151 1.78698 3.0931 1.75557 1.70562 1.85778 1.53202 5.6975 37.8634 8.65382 6.24206
threshold=2.7350000000000008 -0.77999999999999992 0.47500000000000003 -0.048362832084465616 10.350000000000003 -0.58499999999999985 244.30000000000004 30.600000000000005 68.500000000000014 1.7100000000000002 24.500000000000004 0.51849435583340198 22.750000000000004 554.93716430664074 845.66873168945324 0.90070004940655357 36.500000000000007 0.97461712852231652 -0.42499999999999993 0.97263757644091875 9.6500000000000004 310.25000000000006 253.65000000000003 6.035000000000001 7.0450000000000008 -0.089999999999999983 -0.93543596745397617 -0.96687281075841669 6.0500000000000007 161.50000000000003
decision_type=2 8 10 2 2 10 10 10 2 10 2 2 2 2 2 2 2 2 10 2 2 8 10 2 2 8 2 2 2 2
left_child=1 -1 3 -3 -5 6 -6 8 -8 -4 11 12 -2 -14 -15 -13 -12 18 19 -17 -20 22 -22 -23 -25 26 27 -18 -29 -30
right_child=10 2 9 4 5 -7 7 -9 -10 -11 16 15 13 14 -16 17 25 -19 20 -21 21 23 -24 24 -26 -27 -28 28 29 -31
leaf_value=-0.0072263710716769097 0.001902000156972292 0.0037589221463386899 -0.0055479748900467384 -0.0033480710912476689 2.4859245818298903e-05 -0.0016112746132146264 0.0042216162150056488 -0.00039023459867405092 0.0092627507687013944 0.00081165142119772485 0.0047912682599364461 -0.0013302233073027557 -0.0021679682920869334 0.007036875495314121 -0.0070306793078864522 -0.0024527507622730117 -0.0011799439597440157 -0.0008071077709492099 0.00063512366994523592 0.0077190617657532231 0.0024003283807767558 -0.0024531214923579018 0.0073211217279904612 0.0031932567920486587 0.0024209064128926394 -0.00021541766108611107 1.0677768359677217e-05 0.011782319654863106 0.0040816357929756983 0.010395255321125011
leaf_weight=528 9020 437 1228 698 245 750 63 105 56 470 381 4873 1150 126 70 574 3099 1063 435 64 50 125 84 97 223 158246 104844 83 427 654
leaf_count=528 9020 437 1228 698 245 750 63 105 56 470 381 4873 1150 126 70 574 3099 1063 435 64 50 125 84 97 223 158246 104844 83 427 654
internal_value=-4.33749e-05 -0.000993451 -0.000656467 0.000182667 -0.00056599 0.000619359 0.00352878 0.00727678 0.0139076 -0.00181979 -2.81438e-05 0.000422189 0.000928033 -0.00102526 0.00418367 -0.000268847 -5.83427e-05 0.000764271 0.00171913 -0.000219437 0.00293885 0.0047582 0.0114179 0.00275281 0.0046875 -6.28956e-05 8.12493e-05 0.00187309 0.00956185 0.00836725
internal_weight=290268 4580 4052 2354 1917 1219 469 224 119 1698 285688 17954 10366 1346 196 7588 267734 2715 1652 638 1014 579 134 445 320 267353 109107 4263 1164 1081
internal_count=290268 4580 4052 2354 1917 1219 469 224 119 1698 285688 17954 10366 1346 196 7588 267734 2715 1652 638 1014 579 134 445 320 267353 109107 4263 1164 1081
is_linear=0
shrinkage=0.05


Tree=173
num_leaves=31
num_cat=0
split_feature=22 22 24 24 23 15 23 15 3 1 24 22 22 18 24 4 24 22 22 23 13 22 20 20 22 23 24 18 15 22
split_gain=1.46205 3.17691 5.23992 8.48653 5.5 3.63666 4.50588 2.71465 3.18709 5.71086 2.60745 6.23388 10.0801 8.06072 5.92082 6.06535 4.63906 4.41209 5.89208 5.13333 6.24179 4.62756 5.37837 4.55015 4.33097 4.51023 6.79596 14.9612 4.3537 4.30736
threshold=-0.99630266176052629 -0.99275805973510278 -0.43999999999999995 -0.58499999999999985 0.080547328232315238 49.500000000000007 -0.10837475778693638 64.500000000000014 9.1116666666666699 10.355000000000002 -0.43999999999999995 0.48314048284850658 0.24372619187392155 9.1050000000000022 -0.089999999999999983 5.9850000000000012 -0.49499999999999994 -0.97876850416056738 -0.92923668111203805 -0.15950993297387572 5.3500000000000005 -0.98214942551678475 280.7000000000001 345.50000000000006 -0.97509794945709805 0.14888728888808328 -0.58499999999999985 8.5150000000000023 56.500000000000007 0.65233619298682533
decision_type=2 2 10 10 2 2 2 2 2 2 8 2 2 2 8 2 10 2 2 2 2 2 10 10 2 2 10 2 2 2
left_child=-1 2 3 4 -2 6 -4 8 -5 -10 11 12 24 -13 15 29 -14 19 23 20 -16 22 -22 -19 25 26 -3 -28 -26 -12
right_child=1 10 5 7 -6 -7 -8 -9 9 -11 14 13 16 -15 17 -17 -18 18 -20 -21 21 -23 -24 -25 28 -27 27 -29 -30 -31
leaf_value=-0.0013014650035589714 0.0026146550502886582 -0.0029355663412741545 0.022009935054449259 -0.00069576488660841741 -0.0051282394829003305 -0.0013740884187923355 0.0022848690555386537 0.011187956897255939 0.015182448218172882 0.0030194384220832964 0.002751752772661098 0.0024329751121796549 -0.0091418456131735562 0.010438812649771492 0.0034569421769020409 0.00050520968091536062 -0.0016518087519119624 -0.0065786778484871623 -0.00013082175469216124 0.0011575247217595409 0.0029185921088988394 0.0024791233428465447 0.015233159155845825 -0.00053575903337733607 -0.0027654830131155998 -0.0079366190694301463 0.016495838394531677 -0.00090551479692359011 0.00018078361087665225 0.010103975251077686
leaf_weight=7920 396 1584 86 82 396 1696 198 174 51 89 792 726 2970 66 299 60087 2970 2309 162360 1386 68 117 110 2245 3433 1584 124 272 35573 105
leaf_count=7920 396 1584 86 82 396 1696 198 174 51 89 792 726 2970 66 299 60087 2970 2309 162360 1386 68 117 110 2245 3433 1584 124 272 35573 105
internal_value=-4.33749e-05 -2.45808e-05 0.00154987 0.00417508 0.00118687 -2.52537e-05 0.00521127 0.0101515 0.00648649 0.0110714 -4.24469e-05 -0.0003724 -0.000444239 0.00402778 2.83182e-05 0.000450609 -0.00237374 -0.000124162 -0.000151996 0.00222222 0.00611111 0.0112712 0.0163483 -0.00192578 -0.000175007 -0.00184344 -0.000252526 0.00560606 -2.25618e-05 0.00453177
internal_weight=290268 282348 3168 1188 792 1980 284 396 222 140 279180 49302 48510 792 229878 60984 5940 168894 166914 1980 594 295 178 4554 42570 3564 1980 396 39006 897
internal_count=290268 282348 3168 1188 792 1980 284 396 222 140 279180 49302 48510 792 229878 60984 5940 168894 166914 1980 594 295 178 4554 42570 3564 1980 396 39006 897
is_linear=0
shrinkage=0.05


Tree=174
num_leaves=31
num_cat=0
split_feature=0 22 24 17 0 21 18 0 14 22 23 24 0 23 17 22 22 1 21 9 20 1 21 23 22 1 23 21 23 4
split_gain=1.63154 1.56863 3.32036 1.45524 2.81416 3.76455 2.06648 5.18153 2.87459 3.59561 11.9374 10.3485 3.4025 2.72741 3.31969 3.20364 3.44522 2.78842 2.68813 2.93455 5.54413 3.51557 2.62653 2.67154 9.08121 2.56833 2.40515 2.34103 2.30798 2.65356
threshold=2.7350000000000008 -0.074117382312902977 -0.77999999999999992 315.50000000000006 5.2550000000000008 57.500000000000007 5.5650000000000004 6.7750000000000012 30.150000000000002 -0.66528616069191593 0.71952396275653763 1.9550000000000003 4.6050000000000013 -0.6652727025667432 46.500000000000007 0.46800856592688472 0.70290292807158605 2.5750000000000006 252.50000000000003 998.87963867187511 369.30000000000001 5.3550000000000013 77.500000000000014 -0.97507822412530132 0.17646842360078763 9.0050000000000008 0.99445195900249039 12.500000000000002 -0.17646730165275518 9.4850000000000012
decision_type=2 2 8 2 2 8 2 2 2 2 2 10 2 2 2 2 2 2 10 2 10 2 8 2 2 2 2 8 2 2
left_child=1 2 -1 6 -5 -6 7 8 27 10 28 -12 -13 14 15 -11 -17 -16 19 25 26 -22 23 24 -19 -15 -21 -2 29 -10
right_child=3 -3 -4 4 5 -7 -8 -9 9 13 11 12 -14 18 17 16 -18 22 -20 20 21 -23 -24 -25 -26 -27 -28 -29 -30 -31
leaf_value=-0.006866450740475454 0.00075889476942932459 -0.0027418103391059693 0.0013680202718004389 -0.0018422425781923905 -0.00060659220158672819 0.0013795601047156454 -8.4207216978660844e-05 0.0022184657642578503 0.0081432685480931719 0.0012886825823238931 -0.0013435723566110928 0.015071274605671193 0.012611480224487513 -0.0010803470376203755 0.010193450392645065 0.015098751051390195 0.00074879819722122433 -0.0005024319789326472 0.0045000380083124406 -0.00069717763357330287 0.0052085021487152392 0.0031811303934239643 0.0033412884289730467 -0.0022720611182528699 0.0059492742970383454 0.0028223727732664644 0.0057535162607218662 -0.00050577927368306746 0.0011922778920263393 0.0023421162160404386
leaf_weight=528 5966 2504 1548 6043 18439 4859 205949 6104 200 116 58 53 51 8064 78 106 51 351 111 566 122 96 604 1265 101 634 107 22751 2533 310
leaf_count=528 5966 2504 1548 6043 18439 4859 205949 6104 200 116 58 53 51 8064 78 106 51 351 111 566 122 96 604 1265 101 634 107 22751 2533 310
internal_value=-4.63032e-05 -0.000982534 3.37175e-05 -3.12941e-05 -0.000364849 -0.000115462 6.88401e-06 0.00029386 0.000105656 0.000652563 0.00214508 0.0153704 0.0248077 0.000265922 0.00168039 0.00690476 0.0115605 0.00108587 -0.000123713 -0.000213266 0.00251964 0.00944954 0.000773372 -0.000224229 0.00307522 -0.000493218 0.000274887 -0.000191003 0.00144101 0.0045098
internal_weight=290268 4580 2076 285688 29341 23298 256347 50398 44294 15577 3205 162 104 12372 2672 273 157 2399 9700 9589 891 218 2321 1717 452 8698 673 28717 3043 510
internal_count=290268 4580 2076 285688 29341 23298 256347 50398 44294 15577 3205 162 104 12372 2672 273 157 2399 9700 9589 891 218 2321 1717 452 8698 673 28717 3043 510
is_linear=0
shrinkage=0.05


Tree=175
num_leaves=31
num_cat=0
split_feature=5 22 22 1 17 17 20 22 23 20 17 22 4 22 21 5 19 22 22 20 23 23 2 16 22 17 22 22 4 23
split_gain=1.48037 1.62577 4.96294 1.48999 1.91359 1.60877 3.68176 4.36271 7.45532 8.86621 5.42574 6.87372 3.4286 3.01163 2.47185 3.17227 3.2602 3.7424 5.38448 9.91279 5.6275 7.39863 4.88711 4.1844 3.40118 3.18991 3.22846 13.2009 6.94965 4.8644
threshold=3.5250000000000008 -0.814291907305839 -0.78326540922535159 1.9350000000000003 253.50000000000003 299.50000000000006 339.7000000000001 0.91248814248966237 0.28313308994381592 604.50000000000011 322.50000000000006 0.92602006027323147 11.585000000000003 0.95998215779580554 52.500000000000007 11.056428571428574 7.8950000000000005 0.43733377705052551 0.27694220057652758 137.60000000000002 -0.94703994556331683 -0.92272482904738262 -3.9199999999999982 7.0500000000000007 0.30983042691905771 298.50000000000006 0.89404822654372251 0.92602006027323147 7.5250000000000012 0.18281312110578132
decision_type=2 2 2 2 2 2 8 2 2 8 2 2 2 2 8 2 2 2 2 10 2 2 2 2 2 2 2 2 2 2
left_child=1 -1 -3 4 -2 14 -7 -8 13 -10 11 -11 -12 -9 -5 16 17 18 -16 20 23 -22 -23 24 -20 26 -19 28 -28 -29
right_child=3 2 -4 5 -6 6 7 8 9 10 12 -13 -14 -15 15 -17 -18 25 19 -21 21 22 -24 -25 -26 -27 27 29 -30 -31
leaf_value=-0.0076360345625888955 -0.0010176771775364719 0.011108476148727252 -0.00099366556360913605 0.00013390409773404876 0.0033088638438335664 -0.00098283588320851765 -0.00018770478336189693 -0.0099993630269663136 -0.0003330450509385203 0.0098770620782600658 0.0032800469618413167 0.012098057665399436 0.012558900786704009 0.0018136168152014726 -1.2354141842483962e-05 0.00056056886156535812 -0.0011712120167737144 -0.0016436787826020018 0.0052995144901143544 -0.004726483675844384 -0.0050990899792638118 0.0094860773722002991 0.0031371717620813319 0.0025632218660987657 0.011006311776796243 0.006741703449532086 0.010179588067237719 -0.0024953277905512641 0.0019998377936932643 0.0036745937722060039
leaf_weight=782 318 76 2572 182162 433 24986 13431 382 324 55 239 96 93 2336 9474 14033 19515 10256 90 682 378 61 1188 197 56 50 495 4012 578 918
leaf_count=782 318 76 2572 182162 433 24986 13431 382 324 55 239 96 93 2336 9474 14033 19515 10256 90 682 378 61 1188 197 56 50 495 4012 578 918
internal_value=-4.6131e-05 -0.00107872 -0.000487161 -3.37833e-05 0.00219041 -3.9622e-05 -0.000325689 0.000242981 0.00180851 0.0060285 0.0103209 0.0181788 0.00674699 0.000555554 9.52184e-06 -0.000263219 -0.000456727 -0.000115176 0.000550057 0.00254148 0.0043401 0.00311309 0.00496797 0.0101603 0.0165753 -0.000609787 -0.000648565 0.000272363 0.00529823 -0.000821502
internal_weight=290268 3430 2648 286838 751 286087 41942 16956 3525 807 483 151 332 2718 244145 61983 47950 28435 12126 2652 1970 1627 1249 343 146 16309 16259 6003 1073 4930
internal_count=290268 3430 2648 286838 751 286087 41942 16956 3525 807 483 151 332 2718 244145 61983 47950 28435 12126 2652 1970 1627 1249 343 146 16309 16259 6003 1073 4930
is_linear=0
shrinkage=0.05


Tree=176
num_leaves=31
num_cat=0
split_feature=0 15 13 15 22 17 22 22 24 19 24 1 17 17 24 22 22 24 14 24 0 22 22 24 22 1 24 4 22 22
split_gain=1.62854 1.6101 1.48182 2.41465 2.56463 2.3049 4.48441 3.43266 3.00304 5.05651 3.12367 2.71787 2.28592 2.33084 4.30403 1.9186 2.43413 5.23616 5.26312 4.99037 3.29322 2.65571 2.20663 6.49734 10.1803 8.85021 8.79143 12.1255 7.64374 5.13465
threshold=2.7350000000000008 68.500000000000014 19.750000000000004 81.500000000000014 -0.92274349529687905 24.500000000000004 0.97112537654464559 0.98213580174693105 0.095000000000000015 8.8950000000000014 0.69500000000000006 7.8650000000000011 10.500000000000002 18.500000000000004 0.095000000000000015 0.99552231814189451 0.99761913169647187 1.0000000180025095e-35 31.850000000000005 0.69500000000000006 5.1050000000000013 0.99966190462023474 0.97314989601849466 0.36500000000000005 0.97508442350096236 8.1050000000000022 0.095000000000000015 10.035000000000002 0.9893236546938301 0.98802474685579866
decision_type=2 2 2 2 2 2 2 2 10 2 10 2 2 2 10 2 2 10 2 10 2 2 2 10 2 2 10 2 2 2
left_child=1 -1 3 5 -5 6 -2 8 -8 10 -10 -11 -6 14 -14 22 -17 18 -18 -19 -21 -20 -7 26 25 -25 28 29 -24 -28
right_child=2 -3 -4 4 12 15 7 -9 9 11 -12 -13 13 -15 -16 16 17 19 21 20 -22 -23 23 24 -26 -27 27 -29 -30 -31
leaf_value=-0.0027492901029002328 0.00040814466577566142 -0.00022644276001154769 -0.00039930566023111032 -0.0020116006669080454 -0.0036305560896404063 -8.1166156004327595e-05 -0.0064742165589085111 0.0021896143358508544 0.012954347722893431 0.016870451045600376 0.0097670806261435268 -0.001672967658688394 0.00041946467029993766 0.0013506618395829452 0.012363549128748817 -0.0044606372725650477 0.0013499081261783123 -0.003890882039971344 0.0098769597518161903 -0.0021541651329104699 0.0044494395314591392 0.0041920023469922112 -0.0026816806379667429 0.015305930468200168 -0.0021779185848768627 0.0020022073298791138 0.014830758134205028 0.0046239613384748499 0.0034027785547145577 0.0045202857862066577
leaf_weight=2088 12184 2492 43343 1064 303 203706 65 1384 93 67 66 97 139 8022 88 1662 673 2565 61 434 612 54 1809 57 3189 73 256 2263 1147 212
leaf_count=2088 12184 2492 43343 1064 303 203706 65 1384 93 67 66 97 139 8022 88 1662 673 2565 61 434 612 54 1809 57 3189 73 256 2263 1147 212
internal_value=-4.71645e-05 -0.000982534 -3.21692e-05 1.59884e-05 0.000792428 -1.60929e-05 0.000606906 0.00295711 0.0071134 0.00908669 0.0154403 0.00292683 0.00108045 0.00123712 0.00623348 -5.58353e-05 -0.000933016 -0.000317119 0.00337563 -0.00112296 0.00178776 0.0132609 -3.0841e-05 0.000735064 -0.0010229 0.0126923 0.00176103 0.0038063 -0.000128553 0.0111325
internal_weight=290268 4580 285688 242345 9616 232729 13956 1772 388 323 159 164 8552 8249 227 218773 6061 4399 788 3611 1046 115 212712 9006 3319 130 5687 2731 2956 468
internal_count=290268 4580 285688 242345 9616 232729 13956 1772 388 323 159 164 8552 8249 227 218773 6061 4399 788 3611 1046 115 212712 9006 3319 130 5687 2731 2956 468
is_linear=0
shrinkage=0.05


Tree=177
num_leaves=31
num_cat=0
split_feature=14 15 14 23 22 22 20 22 20 24 22 14 5 23 19 14 17 24 22 22 23 20 24 20 23 23 23 23 23 23
split_gain=1.44973 1.98361 2.95087 2.89882 7.6176 5.20147 5.34562 4.39266 5.23033 4.21965 7.11521 3.84735 4.13895 3.73877 3.72332 3.24886 3.64874 4.00829 4.75252 4.20924 2.93112 4.20694 2.83599 3.49325 4.07344 5.67933 4.02131 3.37295 5.73054 11.0963
threshold=26.850000000000005 66.500000000000014 30.050000000000004 0.79253265336324141 0.54219432480460406 0.19337368024598436 180.30000000000004 0.59868201182722736 238.15000000000001 -0.49499999999999994 0.49812943072827093 30.550000000000004 7.6150000000000011 0.69521084835931835 6.7650000000000006 29.950000000000003 276.50000000000006 1.8750000000000002 0.27694220057652758 0.3744682635859638 0.71952396275653763 469.30000000000001 1.7100000000000002 429.10000000000008 0.99138911339924218 0.99349222267034787 0.97062204580664158 0.16587474750015932 -0.85225707553516283 -0.80417042486635371
decision_type=2 2 2 2 2 2 10 2 10 8 2 2 2 2 2 2 2 10 2 2 2 10 10 8 2 2 2 2 2 2
left_child=-1 2 -2 13 5 6 -5 8 11 10 -7 12 -6 -3 -14 16 -11 -18 -19 -20 -15 -22 27 -24 26 -26 -25 28 -4 -30
right_child=1 3 22 4 7 9 -8 -9 -10 15 -12 -13 14 20 -16 -17 17 18 19 -21 21 -23 23 24 25 -27 -28 -29 29 -31
leaf_value=-0.000441741778355068 -0.00085920381923949287 0.00010904432146678484 -0.00090027617155966555 -0.0012805697209463758 0.0034896961617024444 -0.0075537791145713438 0.0012490405622169901 -0.0019367915788172274 0.0021137123494688998 0.0022884900303849864 0.0039797733189419196 0.011913971554857399 0.0057993364541426718 -0.0052986896707637021 0.0117568202149412 -0.0026236652903520539 -0.0036354267530245496 -0.0073079402476551314 0.0060861536546312576 -0.0055197745053450755 -0.0010423935712130807 0.0069441512919667788 -5.8908485354963338e-05 0.0019343183018517179 0.010214916868770808 0.0027684065368569189 -0.0066532784703637439 -0.00063105684761587751 0.0051234910156355978 0.00032307309245923667
leaf_weight=30772 27865 81812 17693 2642 422 1727 15584 323 702 2243 130 99 83 1224 95 1534 962 187 166 69 4243 100 8269 5512 50 395 418 38191 3535 43221
leaf_count=30772 27865 81812 17693 2642 422 1727 15584 323 702 2243 130 99 83 1224 95 1534 962 187 166 69 4243 100 8269 5512 50 395 418 38191 3535 43221
internal_value=-4.63032e-05 -7.82405e-06 -0.000130522 0.000147926 0.000601082 0.000381476 0.00082684 0.0038167 0.00502855 -0.000775151 -0.00281906 0.00809013 0.00658333 8.06711e-06 0.0129775 -3.97222e-05 0.000776122 -0.00124278 0.0028199 0.00755319 -0.00124573 -0.000636658 -2.06349e-05 0.000630291 0.0015098 0.00612359 0.00116357 -0.000113505 0.000107138 0.000397167
internal_weight=290268 259496 145149 114347 26968 25244 18226 1724 1401 7018 1857 699 600 87379 178 5161 3627 1384 422 235 5567 4343 117284 14644 6375 445 5930 102640 64449 46756
internal_count=290268 259496 145149 114347 26968 25244 18226 1724 1401 7018 1857 699 600 87379 178 5161 3627 1384 422 235 5567 4343 117284 14644 6375 445 5930 102640 64449 46756
is_linear=0
shrinkage=0.05


Tree=178
num_leaves=31
num_cat=0
split_feature=0 24 22 22 22 22 22 0 5 22 21 9 22 16 1 1 17 15 22 22 1 22 0 22 5 3 20 16 22 9
split_gain=1.44628 1.47564 3.52469 11.8131 5.10672 5.09456 13.1474 6.27671 5.3529 4.01327 5.21503 4.53733 4.18003 3.75818 3.40403 3.4009 4.52766 3.88518 3.02157 3.48533 4.63081 4.45982 7.28874 3.07132 2.97942 4.06087 2.71579 2.69259 2.65984 2.5735
threshold=2.7350000000000008 1.9550000000000003 -0.35846811432664222 -0.159513159777915 -0.0053757284505435614 -0.65234524191686594 -0.69057362043749781 7.4450000000000012 5.6835714285714305 -0.2102246306142678 36.900000000000006 301.98291015625006 -0.30983472475487867 9.8500000000000032 7.2350000000000012 12.825000000000001 223.50000000000003 71.500000000000014 -0.72696319516528884 -0.814291907305839 6.3150000000000004 -0.77245553105869302 9.2250000000000032 -0.8041866928211282 7.8571428571428585 9.8950000000000031 245.30000000000004 12.250000000000002 -0.78326540922535159 132.72035217285159
decision_type=2 10 2 2 2 2 2 2 2 2 8 2 2 2 2 2 2 2 2 2 2 2 2 2 2 2 10 2 2 2
left_child=-1 -2 5 9 -5 6 18 8 -8 10 -4 27 -13 -10 -7 16 17 -11 19 20 -3 22 -21 -24 -18 -26 -6 -12 -25 -15
right_child=1 2 3 4 26 14 7 -9 13 15 11 12 -14 29 -16 -17 24 -19 -20 21 -22 -23 23 28 25 -27 -28 -29 -30 -31
leaf_value=-0.0012533909907639753 -1.2308908987639529e-05 0.0091007646692477344 0.00043243031934606883 -0.005663473355716468 -0.0012539194875477886 -0.0049578951172069416 0.0042601438194271486 -0.0010420690911326375 0.012854640331524012 -0.0035107031515774108 -0.00050082870472712912 0.0023883783360605384 0.0096301384277477434 0.0034388009042479531 -0.00055507179159249172 -0.0010485241332783399 0.003978945844863576 0.010809308605728566 -0.0086018544594348365 0.00087490184875969087 -0.012823847015929561 -0.0024639514404174571 0.00037744366631940534 0.010487296138405308 0.011654906094657398 0.0063425855698413143 0.005047984215825696 0.0053135625846962853 0.0081717714729925388 0.0071599419213221778
leaf_weight=4580 273826 67 1437 1769 102 2444 174 178 108 139 148 53 51 58 1415 98 130 69 590 536 917 784 54 116 69 79 89 61 67 60
leaf_count=4580 273826 67 1437 1769 102 2444 174 178 108 139 148 53 51 58 1415 98 130 69 590 536 917 784 54 116 69 79 89 61 67 60
internal_value=-4.64755e-05 -3.23442e-05 -0.000578319 0.000565905 -0.00229592 -0.00122754 9.57119e-05 0.00702422 0.0105 0.00296915 0.00177143 0.00761981 0.0161538 0.0155752 -0.00249935 0.00655822 0.0082716 0.00269231 -0.00118333 -0.000434869 -0.00276423 0.00103725 0.00373221 0.0110338 0.012446 0.0172973 0.0054712 0.0033732 0.0141257 0.00940678
internal_weight=290268 285688 11862 4294 1960 7568 3709 578 400 2334 1750 313 104 226 3859 584 486 208 3131 2541 984 1557 773 237 278 148 191 209 183 118
internal_count=290268 285688 11862 4294 1960 7568 3709 578 400 2334 1750 313 104 226 3859 584 486 208 3131 2541 984 1557 773 237 278 148 191 209 183 118
is_linear=0
shrinkage=0.05


Tree=179
num_leaves=31
num_cat=0
split_feature=5 1 17 15 15 5 17 20 21 9 5 19 5 17 17 20 17 19 15 13 20 2 16 3 14 9 3 13 14 16
split_gain=1.41025 1.48031 1.91413 2.05116 2.31223 1.80897 1.45174 3.24308 2.28769 2.84316 2.78169 3.08464 2.58912 2.23282 2.50786 3.07289 2.08512 2.08421 2.02792 2.8587 2.97329 5.88453 3.15038 2.84652 1.99551 2.63404 2.58822 2.63648 1.96705 2.065
threshold=3.3450000000000011 1.9350000000000003 253.50000000000003 70.500000000000014 68.500000000000014 5.2950000000000008 299.50000000000006 339.7000000000001 52.500000000000007 719.37036132812511 11.056428571428574 7.1650000000000009 12.097857142857146 197.50000000000003 266.50000000000006 369.30000000000001 298.50000000000006 7.9750000000000005 55.500000000000007 7.7500000000000009 348.00000000000006 0.88000000000000012 9.6500000000000004 6.618333333333335 29.250000000000004 472.27819824218756 11.465000000000002 15.15 31.750000000000004 18.050000000000004
decision_type=2 2 2 2 2 2 2 8 8 2 2 2 2 2 2 10 2 2 2 2 10 2 2 2 2 2 2 2 2 2
left_child=-1 2 -2 4 5 -4 8 -8 9 -3 11 16 13 -11 15 -15 -10 24 -9 20 21 -20 -23 -22 25 26 27 -12 -19 -30
right_child=1 6 3 -5 -6 -7 7 18 10 12 17 -13 -14 14 -16 -17 -18 28 19 -21 23 22 -24 -25 -26 -27 -28 -29 29 -31
leaf_value=-0.0019843753209008701 -0.00069095736188802266 5.1935824746193808e-05 9.4571139212858363e-05 0.00051130266510788494 0.0078520345087225267 0.0042161348393445078 -0.00091689837521840992 -0.001164998800854986 -7.8460543266840074e-05 -0.00026349347588736533 0.0081657178741731465 -0.0010151569003711265 0.0030362784100152053 0.0012930553305853121 -0.00023555474381304784 0.004460678002128857 0.0042928445637836835 -0.0010165095620711234 0.00078515853552660634 -0.0003187104532384698 -0.0020778863485174698 0.0027196153020924512 0.0065837654932474109 0.0022631101418770548 0.00094176402350397014 -0.0011316126066348269 0.0051346081934649269 0.0035743954617695473 0.0018171353793361628 -0.0056167739986382401
leaf_weight=2321 356 168979 114 212 63 65 25147 3486 23731 5488 115 24315 1520 4054 2369 393 98 5284 1154 6833 1111 392 470 3564 2585 245 376 71 4815 542
leaf_count=2321 356 168979 114 212 63 65 25147 3486 23731 5488 115 24315 1520 4054 2369 393 98 5284 1154 6833 1111 392 470 3564 2585 245 376 71 4815 542
internal_value=-4.56142e-05 -3.57196e-05 0.00209876 0.0042511 0.00739669 0.00449721 -4.17408e-05 -0.000312761 4.89717e-06 9.40071e-05 -0.00025709 -0.000437647 0.000783419 0.000542912 0.0011473 0.00184731 -3.33639e-05 0.000362359 0.000220457 0.000497633 0.00123225 0.0028373 0.00596288 0.000540106 0.00144163 0.00361214 0.00549822 0.0103226 1.83242e-05 0.000693484
internal_weight=290268 287947 810 454 242 179 287137 42157 244980 182803 62177 48144 13824 12304 6816 4447 23829 14033 17010 13524 6691 2016 862 4675 3392 807 562 186 10641 5357
internal_count=290268 287947 810 454 242 179 287137 42157 244980 182803 62177 48144 13824 12304 6816 4447 23829 14033 17010 13524 6691 2016 862 4675 3392 807 562 186 10641 5357
is_linear=0
shrinkage=0.05


Tree=180
num_leaves=31
num_cat=0
split_feature=0 15 21 20 19 19 9 22 3 9 22 22 21 16 4 0 13 22 2 15 2 22 14 17 13 16 16 3 19 20
split_gain=1.48347 1.37983 1.42145 1.67968 3.40746 1.58029 2.05138 1.74015 1.45716 1.45269 1.37289 2.91555 2.82518 3.01609 2.32384 2.18069 4.20882 3.58225 3.67326 2.18345 3.03066 1.84711 2.40255 2.08504 2.558 2.07205 4.0566 2.29875 4.66268 1.68923
threshold=2.7350000000000008 68.500000000000014 52.500000000000007 244.30000000000004 1.8550000000000002 2.8050000000000002 377.27038574218756 -0.8041866928211282 4.2616666666666676 216.40606689453128 -0.99630266176052629 -0.99275805973510278 97.500000000000014 11.15 28.445000000000004 13.125000000000002 3.5500000000000003 -0.99467753128998015 0.6399999999999999 79.500000000000014 -1.7999999999999994 -0.99985146406598202 25.450000000000003 167.50000000000003 0.15000000000000005 10.15 15.450000000000001 20.861666666666672 12.305000000000001 349.30000000000001
decision_type=2 2 8 10 2 2 2 2 2 2 2 2 10 2 2 2 2 2 2 2 2 2 2 2 2 2 2 2 2 10
left_child=1 -1 3 5 -5 -3 7 -7 -9 -10 21 12 14 -14 15 19 17 -17 -19 -12 -21 22 -2 24 25 -23 27 28 -27 -24
right_child=10 2 -4 4 -6 6 -8 8 9 -11 11 -13 13 -15 -16 16 -18 18 -20 20 -22 23 29 -25 -26 26 -28 -29 -30 -31
leaf_value=-0.0024996840816919122 0.0071738583010903627 -0.0032146299697653822 -0.0019889023027831547 0.0068193901738630774 0.00070302467684405781 -0.010631888374448542 -0.0022108577868897071 0.0026860932940479722 0.0045878273806200433 0.011059617987461664 0.00043361222218512126 -4.0870944264709616e-05 0.015799709511681893 0.0047221063068890838 -0.0069913789535528924 0.0046712677543760779 -0.0015862891717106334 0.010576370399487084 0.014236586423176959 0.0084050983971935209 0.00077512616650273717 -0.0037356359208678032 -0.0023289991749286627 -0.0046600178083770162 -0.0012540518930286614 0.010478013015042439 -0.0086552820216467107 0.0070146952481405294 0.026932173432891799 0.003226864010641985
leaf_weight=2088 61 553 662 97 376 62 388 213 58 83 1709 274757 51 182 450 160 232 91 106 51 88 103 923 2426 3423 52 99 84 50 590
leaf_count=2088 61 553 662 97 376 62 388 213 58 83 1709 274757 51 182 450 160 232 91 106 51 88 103 923 2426 3423 52 99 84 50 590
internal_value=-4.6131e-05 -0.000938866 -0.000144463 0.000573769 0.00313953 -0.000320561 0.00109453 0.00353365 0.004887 0.00882979 -3.18191e-05 -1.34424e-05 0.00150641 0.00680257 0.00107897 0.00168855 0.00433786 0.0077451 0.0122589 0.000844155 0.0068705 -0.000685573 0.00084498 -0.00107183 -0.000342431 0.00350515 0.00570175 0.0100538 0.015098 0.000452742
internal_weight=290268 4580 2492 1830 473 1357 804 416 354 141 285688 277877 3120 233 2887 2437 589 357 197 1848 139 7811 1574 6237 3811 388 285 186 102 1513
internal_count=290268 4580 2492 1830 473 1357 804 416 354 141 285688 277877 3120 233 2887 2437 589 357 197 1848 139 7811 1574 6237 3811 388 285 186 102 1513
is_linear=0
shrinkage=0.05


Tree=181
num_leaves=31
num_cat=0
split_feature=22 3 20 5 22 22 22 24 24 4 21 22 24 18 22 16 20 9 0 22 22 22 16 16 22 22 24 21 21 22
split_gain=1.45131 2.42953 2.06868 2.09507 1.48755 16.7197 10.2953 7.46729 7.77584 17.5184 8.45117 7.49114 20.0773 6.51525 6.94681 6.62144 6.45252 8.63972 12.8356 8.04162 6.20027 6.14321 5.98786 5.79694 5.11507 4.47189 6.71453 4.32146 4.00113 11.4446
threshold=0.99966190462023474 7.5650000000000013 175.10000000000002 11.18857142857143 0.49812943072827093 0.61237135649459018 0.43733377705052551 -0.24999999999999997 -0.064999999999999988 7.0850000000000009 202.50000000000003 0.79904096188274243 -0.22499999999999995 17.155000000000005 0.81428061195174062 8.4500000000000011 261.60000000000008 773.87631225585949 4.455000000000001 0.58481550752069722 0.63920241694561786 0.75014288946266361 10.750000000000002 9.3500000000000032 0.83849049182116964 0.59868201182722736 -0.22499999999999995 12.500000000000002 717.50000000000011 0.27694220057652758
decision_type=2 2 10 2 2 2 2 10 10 2 8 2 10 2 2 2 8 2 2 2 2 2 2 2 2 2 10 10 8 2
left_child=4 -2 3 -3 6 16 28 24 9 22 11 21 -13 14 15 -14 17 19 -19 -6 -10 -11 -9 -20 -7 26 -21 -28 -1 -30
right_child=1 2 -4 -5 5 7 -8 8 20 10 -12 12 13 -15 -16 -17 -18 18 23 25 -22 -23 -24 -25 -26 -27 27 -29 29 -31
leaf_value=-0.00013589136873189337 -0.0035970836422511577 0.0012908928859101203 -0.00062507215832149346 0.0079120111147157456 0.0010436332827397608 -0.0054193012363652968 -0.003927284536899292 0.0096712906081326787 -0.0049856068057782341 0.0010941057671534874 0.0079941425511441244 -0.0020340908927907859 -3.2035169914590692e-05 0.01018735126397541 0.003663669188947183 0.0083345835243517023 0.0013288267272149037 -0.00073345661613409498 0.0099637474803402556 -0.003687353489140387 -0.00016401705960447565 -0.0048922191347839112 0.0043530838253104326 0.0029314523503063128 0.0021848124203106495 0.0034547173117993242 0.011989396881009928 0.0058520349238799846 -0.00049296988158208652 0.0024262716429052024
leaf_weight=177172 1113 179 1024 60 2140 3762 6336 193 1980 4150 93 1145 80 85 634 274 9254 203 290 51 67122 1562 100 128 396 341 93 172 6176 3960
leaf_count=177172 1113 179 1024 60 2140 3762 6336 193 1980 4150 93 1145 80 85 634 274 9254 203 290 51 67122 1562 100 128 396 341 93 172 6176 3960
internal_value=-4.45807e-05 -0.00127525 0.000225652 0.00441422 -3.44238e-05 0.00012849 -0.000113715 -0.000133987 -2.31224e-05 0.00142136 0.000982798 0.000807061 0.00327322 0.00818732 0.00704453 0.0126554 0.00181818 0.00367466 0.00900966 0.00249017 -0.000196956 -0.000150561 0.01343 0.0140191 -0.00219817 0.00732877 0.0116139 0.0148113 -4.66623e-05 0.000919494
internal_weight=290268 2376 1263 239 287892 94248 193644 81576 77418 8316 8023 7930 2218 1073 988 354 12672 3418 621 2797 69102 5712 293 418 4158 657 316 265 187308 10136
internal_count=290268 2376 1263 239 287892 94248 193644 81576 77418 8316 8023 7930 2218 1073 988 354 12672 3418 621 2797 69102 5712 293 418 4158 657 316 265 187308 10136
is_linear=0
shrinkage=0.05


Tree=182
num_leaves=31
num_cat=0
split_feature=17 23 15 24 13 14 0 14 21 14 23 23 20 23 9 20 23 23 1 13 18 0 17 23 14 15 13 20 24 23
split_gain=1.42688 1.36649 1.36048 3.43354 2.96271 2.90103 7.82461 2.13173 2.00278 2.11056 1.99013 6.32498 3.31246 3.14465 5.65985 1.97205 2.62272 2.26731 3.05746 1.99606 1.95118 4.46266 2.95879 2.84228 2.51311 2.32881 2.27066 2.49151 2.23405 8.35203
threshold=357.50000000000006 0.99138911339924218 58.500000000000007 -0.65999999999999981 0.15000000000000005 27.050000000000004 9.1750000000000025 26.750000000000004 12.500000000000002 20.150000000000002 0.95936279103287792 0.93769647993491489 422.2000000000001 0.95178258287705175 80.701728820800795 536.60000000000014 -0.022575793296316496 -0.98801846520836312 7.8250000000000011 19.750000000000004 5.5650000000000004 6.7750000000000012 20.500000000000004 -0.21862536810265826 28.950000000000003 81.500000000000014 18.550000000000004 177.80000000000004 -0.55499999999999983 0.99958851518450398
decision_type=2 2 2 8 2 2 2 2 8 2 2 2 10 2 2 10 2 2 2 2 2 2 2 2 2 2 2 8 10 2
left_child=2 -2 3 -1 5 6 -5 8 -4 -10 11 -7 -13 14 -14 19 17 18 -17 20 21 24 23 -23 26 28 -9 -28 29 -26
right_child=1 -3 7 4 -6 10 -8 15 9 -11 -12 12 13 -15 -16 16 -18 -19 -20 -21 -22 22 -24 -25 25 -27 27 -29 -30 -31
leaf_value=-0.0030144995195082805 -0.002482959117277618 0.0065160171665917255 0.00022923540878220665 0.0082141873748671577 -0.00055533001235195598 0.00056684531777654278 -0.0032221271376444692 -0.00055993738945047603 0.0061564607386723714 -0.00092885962673042741 -0.0046155894664504284 0.010567211541005758 0.0022971112786261518 -9.2354696386072211e-06 0.008522181844081789 0.0053325512634402293 0.00089882829372534868 -0.003321338628392562 -0.0024747474616050955 -0.00030610707683848736 0.00010518289774143731 0.012152904872867189 0.0020705612030933163 0.0048986545780180324 0.0018801135174508984 0.0086741054049429382 0.012211873458405076 0.0015831465065069953 0.00044667805809803403 0.011224529210377303
leaf_weight=2620 1776 73 8551 90 40595 13306 94 8864 112 18835 412 55 144 191 74 77 1448 3066 134 35181 130814 63 3968 200 3378 67 77 391 15556 56
leaf_count=2620 1776 73 8551 90 40595 13306 94 8864 112 18835 412 55 144 191 74 77 1448 3066 134 35181 130814 63 3968 200 3378 67 77 391 15556 56
internal_value=-4.59587e-05 -0.0014305 -3.70827e-05 -0.000254512 -0.000170213 0.000446887 0.00668478 1.71537e-05 -0.00039603 -0.000682695 0.000365956 0.000468408 0.0062069 0.0046577 0.00876147 7.30292e-05 -0.000936509 -0.00171956 0.00329384 9.70459e-05 0.000170588 0.000516553 0.00203143 0.0071673 0.00029078 0.000619981 -0.000381484 0.00301282 0.00058715 0.00174141
internal_weight=290268 1849 288419 57581 54961 14366 184 230838 27498 18947 14182 13770 464 409 218 203340 4725 3277 211 198615 163434 32620 4231 263 28389 19057 9332 468 18990 3434
internal_count=290268 1849 288419 57581 54961 14366 184 230838 27498 18947 14182 13770 464 409 218 203340 4725 3277 211 198615 163434 32620 4231 263 28389 19057 9332 468 18990 3434
is_linear=0
shrinkage=0.05


Tree=183
num_leaves=31
num_cat=0
split_feature=9 15 17 24 23 22 17 13 23 9 16 0 24 4 13 24 22 23 4 18 22 17 23 9 0 21 22 24 23 22
split_gain=1.37146 2.525 2.58398 3.65834 8.0296 6.35556 12.2676 3.31177 3.20172 2.65544 2.61378 4.33418 4.61341 5.03007 3.80572 3.21521 2.40697 5.32283 5.87127 4.64488 3.89039 6.34555 4.0491 4.43223 3.86175 5.59747 2.78975 4.14296 8.88947 4.03132
threshold=39.290842056274421 58.500000000000007 173.50000000000003 -0.40499999999999997 0.92843842216862604 0.30983042691905771 281.50000000000006 1.0000000180025095e-35 0.80290535434334509 106.70024871826173 8.9500000000000011 6.2550000000000008 -0.18999999999999997 10.885000000000003 3.6500000000000008 -0.22499999999999995 -0.90163369914317015 -0.34234976856068178 83.535000000000011 26.985000000000003 -0.861146256326485 76.500000000000014 -0.46800559042974538 417.44560241699224 7.4050000000000011 77.500000000000014 -0.83377653105606597 -0.064999999999999988 0.51849435583340198 -0.79384350655589164
decision_type=2 2 2 8 2 2 2 2 2 2 2 2 8 2 2 10 2 2 2 2 2 2 2 2 2 10 2 8 2 2
left_child=-1 2 -2 -4 8 -6 9 -8 10 -7 -5 12 13 14 15 -12 17 18 -3 -20 21 22 -18 -24 25 -23 27 -22 -29 -28
right_child=1 16 3 4 5 6 7 -9 -10 -11 11 -13 -14 -15 -16 -17 20 -19 19 -21 26 24 23 -25 -26 -27 29 28 -30 -31
leaf_value=0.00034057482391949584 -0.0013982043178793703 -0.0063021473887254877 -0.001650712175544947 -0.0012955943983299413 0.0015733643135261673 0.007920087603161546 -0.00078402910170032513 0.0045538011663273292 -0.0048217333556941321 0.0073266002037518695 0.0051618474988469592 0.0004170001176036575 0.0019024791078166899 -0.0038785570119055594 0.0044954354801106091 0.014997755698099814 0.018358017013704205 -0.00027324379156039188 0.017818367808986386 0.0036979529616729279 -0.0037721857869860982 0.0028159653336813479 0.0022990359068529079 0.0086240465786207431 -0.0007105508548466595 0.011092620215872762 0.0023702220047469072 0.0094259835763593758 -0.013991009692137036 -7.1924645303341867e-06
leaf_weight=44401 16462 3007 5883 4919 1010 63 209 130 1053 99 58 6594 851 63 75 54 69 21905 51 191 2055 927 364 56 2110 81 4327 285 249 172667
leaf_count=44401 16462 3007 5883 4919 1010 63 209 130 1053 99 58 6594 851 63 75 54 69 21905 51 191 2055 927 364 56 2110 81 4327 285 249 172667
internal_value=-4.30304e-05 -8.92161e-05 -0.000466782 -9.9949e-05 0.000310316 0.00376903 0.00837325 0.0029646 -7.20726e-05 0.0196914 0.00014904 0.000724495 0.00362852 0.0096 0.0137166 0.0195536 -2.12161e-05 -0.000479845 -0.00236842 0.00512397 4.17587e-05 0.00166759 0.00696319 0.00511905 0.000837074 0.00338294 9.10323e-06 -0.00162032 0.00230337 3.29378e-05
internal_weight=290268 245867 37523 21061 15178 1511 501 339 13667 162 12614 7695 1101 250 187 112 208344 25154 3249 242 183190 3607 489 420 3118 1008 179583 2589 534 176994
internal_count=290268 245867 37523 21061 15178 1511 501 339 13667 162 12614 7695 1101 250 187 112 208344 25154 3249 242 183190 3607 489 420 3118 1008 179583 2589 534 176994
is_linear=0
shrinkage=0.05


Tree=184
num_leaves=31
num_cat=0
split_feature=24 22 22 22 22 22 3 5 22 21 18 9 5 17 14 18 3 16 1 16 1 22 21 22 1 22 0 18 22 23
split_gain=1.29528 3.39906 10.2969 4.88356 4.6352 13.339 6.25175 4.57674 4.24747 4.72027 4.6172 4.34148 4.23292 3.87393 3.79591 3.70935 3.50725 3.50417 3.52252 3.41305 3.27029 2.83657 3.24736 2.94922 4.42563 2.84328 5.39669 2.7772 2.52847 2.49923
threshold=1.9550000000000003 -0.35846811432664222 -0.159513159777915 -0.0053757284505435614 -0.65234524191686594 -0.69057362043749781 7.5650000000000013 6.2250000000000005 -0.2102246306142678 36.900000000000006 12.495000000000003 111.51495361328126 6.9928571428571447 260.50000000000006 31.850000000000005 4.5850000000000009 5.4466666666666681 9.4500000000000011 8.0250000000000004 9.9500000000000011 6.7950000000000008 -0.72696319516528884 112.50000000000001 -0.814291907305839 6.3150000000000004 -0.77245553105869302 9.3550000000000022 3.3250000000000006 -0.30983472475487867 0.99981043035926087
decision_type=10 2 2 2 2 2 2 2 2 10 2 2 2 2 2 2 2 2 2 2 2 2 10 2 2 2 2 2 2 2
left_child=29 4 8 27 5 21 7 14 9 -3 12 -11 16 -13 -7 -5 -10 -14 -19 -9 -6 22 23 24 -2 26 -25 -4 -15 -1
right_child=1 2 3 15 20 6 -8 19 10 11 -12 13 17 28 -16 -17 -18 18 -20 -21 -22 -23 -24 25 -26 -27 -28 -29 -30 -31
leaf_value=-1.3495720837152157e-05 0.0083987071292614731 0.00045088301030346724 0.0067680029057827287 -0.0041354270741523263 -0.0050721301640805141 0.0023068209935056946 -0.0003627309394775226 0.0129357113313932 0.0064104175235176301 -0.00018289412056221631 -0.00097987798601904645 0.0027213401148722342 0.0098661203038635306 0.0040285740132134581 0.0092213459824260907 0.0042806522126237452 -0.0023205984277057611 0.010093214198548257 0.0054491812687986058 0.0045733256829285788 -0.00068604990016407012 -0.0078334885376674622 0.01072096669952179 4.2746324050012728e-05 -0.01338904934095056 -0.0023036475031009704 0.0076624119334155333 -0.0056005005203532835 0.011344948431956882 -0.0033350812319539454
leaf_weight=276606 71 1469 52 84 2306 186 195 80 110 119 111 79 96 63 52 114 117 58 102 81 1654 594 59 549 896 780 219 1730 52 1584
leaf_count=276606 71 1469 52 84 2306 186 195 80 110 119 111 79 96 63 52 114 117 58 102 81 1654 594 59 549 896 780 219 1730 52 1584
internal_value=-4.28581e-05 -0.000549761 0.000567033 -0.00209596 -0.00117975 7.70855e-05 0.00695286 0.0105388 0.00278619 0.00156566 0.00644781 0.00714057 0.00856108 0.0117526 0.00613445 0.00535353 0.00359031 0.0129687 0.0084375 0.0170497 -0.00237374 -0.00121212 -0.000493397 -0.000765409 -0.00293175 0.000587854 0.00274739 -0.00292368 0.0176087 -2.08503e-05
internal_weight=290268 12078 4356 1980 7722 3762 594 399 2376 1782 594 313 483 194 238 198 227 256 160 161 3960 3168 2574 2515 967 1548 768 1782 115 278190
internal_count=290268 12078 4356 1980 7722 3762 594 399 2376 1782 594 313 483 194 238 198 227 256 160 161 3960 3168 2574 2515 967 1548 768 1782 115 278190
is_linear=0
shrinkage=0.05


Tree=185
num_leaves=31
num_cat=0
split_feature=17 23 23 9 23 22 20 22 17 23 2 9 20 4 19 0 16 20 22 16 17 17 0 22 9 14 19 16 2 19
split_gain=1.27193 1.33362 1.27034 3.36045 2.85392 5.44248 3.68281 5.27249 6.80996 3.66293 3.59176 3.4877 4.02393 5.28609 3.01856 2.75487 2.61801 2.55713 4.17598 3.83222 2.71326 3.04121 2.46356 2.46216 8.82871 2.88787 2.40304 2.19966 2.18187 2.14344
threshold=357.50000000000006 0.99138911339924218 -0.99628250747696534 377.27038574218756 -0.97507822412530132 -0.20180236284700911 391.80000000000001 0.15951094710994371 153.50000000000003 -0.96687281075841669 2.5600000000000001 452.44052124023443 159.70000000000002 6.3850000000000007 9.2150000000000016 15.715000000000002 9.0500000000000025 207.80000000000004 0.056951373111866731 7.1500000000000012 74.500000000000014 223.50000000000003 7.0550000000000006 -0.18492532721306487 145.36562347412112 28.950000000000003 9.5850000000000026 11.750000000000002 -0.51500000000000046 5.0950000000000006
decision_type=2 2 2 2 2 2 8 2 2 2 2 2 10 2 2 2 2 10 2 2 2 2 2 2 2 2 2 2 2 2
left_child=2 -2 3 17 5 -4 7 11 10 -6 16 12 13 -7 -10 23 -9 18 19 -1 -21 26 -19 24 -14 -26 -22 -16 -15 -18
right_child=1 -3 4 -5 9 6 -8 8 14 -11 -12 -13 15 28 27 -17 29 22 -20 20 21 -23 -24 -25 25 -27 -28 -29 -30 -31
leaf_value=-0.00080032601548135152 -0.0023577767521453588 0.0061912507175305165 -0.0046728012230446486 -0.0057846955748066427 -0.0020874457901005911 0.0071144631887965076 -0.00024903053671833998 0.0058095156491051675 0.0001242969893034383 -4.0505788641119653e-05 0.0007210258410479299 -0.0021304792367690291 0.0001774104294626332 0.0033636600087353593 0.0013532092350930559 -0.0036550998640606236 0.010261143927422828 -0.0025735852222499283 -0.0020803730696626137 0.0073957206122765538 -0.00055380074703624777 0.0069969540300866802 -2.6767328118535471e-05 0.00097762582695558992 0.0053809234571400239 0.0059018900275288715 0.0038253041703174189 0.0070200125204170159 -0.0016748401041192158 0.0089333603568533017
leaf_weight=359 1776 73 792 990 3162 52 4149 309 889 264723 161 655 313 69 268 465 62 1732 485 124 239 100 3757 4001 81 67 94 52 89 180
leaf_count=359 1776 73 792 990 3162 52 4149 309 889 264723 161 655 313 69 268 465 62 1732 485 124 239 100 3757 4001 81 67 94 52 89 180
internal_value=-4.21691e-05 -0.00134938 -3.37888e-05 -0.0006599 -1.62021e-05 0.000717558 0.000985499 0.00163166 0.00390161 -5.08626e-05 0.0077809 0.000878797 0.00131692 0.00809524 0.00161704 0.00102801 0.00970054 -0.000268506 0.00163811 0.00362445 0.00622082 0.00435335 -0.000755148 0.00140968 0.00486985 0.0149324 0.00205706 0.00578125 0.0035443 0.013595
internal_weight=290268 1849 288419 7880 280539 12654 11862 7713 1921 267885 712 5792 5137 210 1209 4927 551 6890 1401 916 557 433 5489 4462 461 148 333 320 158 242
internal_count=290268 1849 288419 7880 280539 12654 11862 7713 1921 267885 712 5792 5137 210 1209 4927 551 6890 1401 916 557 433 5489 4462 461 148 333 320 158 242
is_linear=0
shrinkage=0.05


Tree=186
num_leaves=31
num_cat=0
split_feature=5 22 22 19 22 17 22 19 1 15 12 17 23 13 14 2 20 9 17 23 17 0 3 5 23 23 21 14 17 23
split_gain=1.30948 3.54828 4.18913 3.39147 3.12192 2.92929 3.36721 3.54471 3.25353 2.63721 2.54731 4.22229 2.87989 3.99527 2.54504 3.35383 2.13931 4.28252 2.05615 2.01865 3.1687 3.44146 1.97475 3.61338 3.08502 4.41485 3.12461 2.6867 2.66869 2.78268
threshold=14.056428571428572 -0.56368474752277564 -0.26866367175705824 10.085000000000003 -0.99866806308218525 272.50000000000006 -0.32614396506100213 11.665000000000001 10.255000000000001 67.500000000000014 1.5000000000000002 104.50000000000001 -0.91595872546125101 0.25000000000000006 32.350000000000001 -1.7999999999999994 397.00000000000006 53.555021286010749 20.500000000000004 0.57605713708605399 175.50000000000003 26.895000000000003 11.618333333333334 9.7207142857142887 0.04621408538533487 -0.21022037796396451 16.900000000000002 31.450000000000003 151.50000000000003 -0.15101602693478741
decision_type=2 2 2 2 2 2 2 2 2 2 2 2 2 2 2 2 10 2 2 2 2 2 2 2 2 2 8 2 2 2
left_child=4 19 5 -4 -1 8 9 -8 16 -7 12 -12 13 14 15 -10 17 -3 -14 -2 21 -21 -6 -24 25 -25 -26 -27 -29 -30
right_child=1 2 3 -5 22 6 7 -9 10 -11 11 -13 18 -15 -16 -17 -18 -19 -20 20 -22 -23 23 24 26 27 -28 28 29 -31
leaf_value=-0.0038864420305129072 -0.00059887296466889248 0.020571672826955264 0.0014973215509429766 -0.0009059728146750683 -1.7865269472727843e-05 -0.0015774617750222736 0.00693402902116545 0.01601044473158884 0.019297362959861397 0.0054081140541805094 0.018720869342652071 0.0054158750738192247 0.0091967536649332753 0.0013345887301219773 0.0032399081139480529 0.0094106973166887108 -0.0045605557880944664 0.0034769946485977256 -0.0011091430291976995 0.0036792810836125383 -0.00010630012918043692 0.01469168318759187 -0.0040673664918099992 -0.00024011820456991038 -0.0031811759975076924 0.00045669234313786477 -0.00033100695411905027 0.0011242004392366361 0.014955319300753689 0.0051173818468707834
leaf_weight=3003 21511 54 5626 5474 218590 260 83 59 57 285 113 669 74 617 102 135 53 109 2233 444 961 59 2138 14116 4557 1167 6795 338 247 339
leaf_count=3003 21511 54 5626 5474 218590 260 83 59 57 285 113 669 74 617 102 135 53 109 2233 444 961 59 2138 14116 4557 1167 6795 338 247 339
internal_value=-4.23414e-05 0.000227307 0.000798912 0.00026126 -8.41669e-05 0.00201611 0.00504367 0.0119014 0.00152277 0.00325688 0.0012 0.00375959 0.000577998 0.00295829 0.0077551 0.0111458 0.0075 0.0103374 -0.000361943 -0.000170839 0.00162568 0.00484095 -6.47851e-05 -0.000447353 -0.000293735 0.000149008 -0.000925829 0.00229316 0.00430736 0.00634812
internal_weight=290268 38978 16003 11100 251290 4903 687 142 4216 545 4000 782 3218 911 294 192 216 163 2307 22975 1464 503 248287 29697 27559 16207 11352 2091 924 586
internal_count=290268 38978 16003 11100 251290 4903 687 142 4216 545 4000 782 3218 911 294 192 216 163 2307 22975 1464 503 248287 29697 27559 16207 11352 2091 924 586
is_linear=0
shrinkage=0.05


Tree=187
num_leaves=31
num_cat=0
split_feature=24 16 23 23 1 23 24 9 9 23 23 23 13 9 23 23 23 23 0 23 9 1 14 4 9 1 23 21 9 23
split_gain=1.2847 3.03301 2.27069 3.61857 8.04519 6.01227 3.26705 4.65819 8.60621 9.96914 3.52946 4.14793 4.82557 3.96122 3.30185 3.97209 3.80883 6.1459 10.0599 8.33271 3.66505 4.26643 7.36612 3.57474 3.43129 3.35061 3.18383 4.93995 3.62729 6.90801
threshold=1.9550000000000003 8.4500000000000011 0.99981043035926087 0.98486764554468398 7.035000000000001 0.97461712852231652 1.7100000000000002 998.87963867187511 695.77572631835949 0.94636490295939868 -0.99273797715557011 -0.97507822412530132 0.8500000000000002 151.7052917480469 0.92843842216862604 0.94636490295939868 -0.99052477729077237 -0.99938741687870725 7.9650000000000007 -0.99628250747696534 81.83835601806642 5.0550000000000006 24.850000000000005 17.775000000000002 41.095525741577156 3.8050000000000002 0.9863035000474919 30.600000000000005 213.93643951416018 0.99349222267034787
decision_type=10 2 2 2 2 2 10 2 2 2 2 2 2 2 2 2 2 2 2 2 2 2 2 2 2 2 2 8 2 2
left_child=2 -2 3 5 -5 6 10 8 14 -10 13 12 -12 -1 16 -16 17 -8 19 25 -18 22 -22 -24 -20 -19 27 -6 29 -28
right_child=1 -3 -4 4 26 -7 7 -9 9 -11 11 -13 -14 -15 15 -17 20 18 24 -21 21 -23 23 -25 -26 -27 28 -29 -30 -31
leaf_value=-1.7651081748902787e-05 -0.00184426616691389 0.00010758492002420724 -0.0031654086174505653 -0.00034340704847744385 0.011806241310750596 -0.0034155683001456647 -0.0013283978528505914 -0.006034257447687554 0.0092168663703982266 0.0026163800007896355 -0.0008929735620549509 -8.4711494961149279e-05 0.0015565434607850098 -0.0025924023029990861 0.0030441561768413052 0.00037889359761475807 0.0017585343146830461 -0.0097126859383939584 -0.0020915253287553848 0.010256765199644661 0.011125624281184134 -0.0031784635155490955 0.00012207020908981716 0.010905317350525945 0.0029474837301127869 0.0043648591627045022 0.0068670410425550558 -0.00033721274962259743 0.00083025236328291825 0.0018867649674561855
leaf_weight=4909 4882 7196 1584 6696 205 4158 594 596 57 96 2016 226314 6300 4595 538 497 7415 59 356 97 59 4111 635 54 487 189 619 152 3179 1623
leaf_count=4909 4882 7196 1584 6696 205 4158 594 596 57 96 2016 226314 6300 4595 538 497 7415 59 356 97 59 4111 635 54 487 189 619 152 3179 1623
internal_value=-4.07911e-05 -0.000545621 -1.88732e-05 -8.0632e-06 0.000824113 -4.73639e-05 -1.71952e-05 0.00067866 0.000848201 0.0126471 -6.2344e-05 -2.40817e-05 0.00107263 -0.00100695 0.000728579 0.00345411 0.000527887 0.00268799 0.00476431 0.0119565 0.000214273 -0.000853057 0.00262032 0.00116836 0.00182088 0.00709677 0.00219107 0.0067647 0.00188987 0.00342997
internal_weight=290268 12078 278190 276606 12474 264132 259974 15840 15244 153 244134 234630 8316 9504 15091 1035 14056 1782 1188 345 12274 4859 748 689 843 248 5778 357 5421 2242
internal_count=290268 12078 278190 276606 12474 264132 259974 15840 15244 153 244134 234630 8316 9504 15091 1035 14056 1782 1188 345 12274 4859 748 689 843 248 5778 357 5421 2242
is_linear=0
shrinkage=0.05


Tree=188
num_leaves=31
num_cat=0
split_feature=5 2 18 0 22 24 24 22 22 22 22 0 20 13 22 9 22 4 14 13 22 13 0 17 24 22 9 22 19 22
split_gain=1.32026 1.33731 2.93226 2.57595 3.2767 2.35527 4.90201 7.97122 7.25385 6.32866 8.28294 5.88977 5.53325 4.27424 4.12112 7.56199 3.6453 4.16544 3.88069 3.65679 3.51918 4.18144 3.81534 2.92299 2.46918 2.61825 3.10895 3.43891 2.40205 2.34957
threshold=3.3450000000000011 -0.33999999999999991 8.8850000000000033 11.525 0.99939377080793557 -0.65999999999999981 -0.55499999999999983 -0.98803845231459242 -0.99763297024448894 -0.92274349529687905 -0.79384350655589164 5.8050000000000006 431.60000000000008 9.1500000000000004 -0.86976336936302323 395.71284484863287 -0.091260668982868151 10.115 28.050000000000004 8.6500000000000004 -0.861146256326485 9.7500000000000018 6.9750000000000005 275.50000000000006 -0.49499999999999994 0.24372619187392155 998.87963867187511 0.21022171450811275 5.9250000000000007 -0.82415615971448097
decision_type=2 2 2 2 2 8 8 2 2 2 2 2 10 2 2 2 2 2 2 2 2 2 2 2 8 2 2 2 2 2
left_child=-1 5 3 4 -3 -2 7 8 -7 -9 14 -10 13 -13 28 20 -12 18 -18 -20 22 -22 -16 -21 25 26 27 -8 -11 -23
right_child=1 2 -4 -5 -6 6 24 9 11 10 16 12 -14 -15 15 -17 17 -19 19 23 21 29 -24 -25 -26 -27 -28 -29 -30 -31
leaf_value=-0.0018961310845461634 -0.0010694620629905685 0.0002879954500938084 -0.0001874468244959848 0.0017581986822326164 -0.0031398067242554145 0.00077171494327888637 -0.0029806520933118967 -0.0061040805812324237 0.013359253435136421 -0.003751155892266485 -0.00023964267041671962 0.001134312190187888 0.018014972087763561 0.011463093239749807 0.0080157042740428407 0.0095356457849848746 -0.0039510162111427915 -5.2327814935014302e-05 0.0043819225612743264 0.0088823965734412865 0.00052222255775732484 0.015253448687504376 0.0047866434784478223 0.017372214976046435 -0.00020011609383962684 -0.0076402775852863827 0.0032967007811823159 0.0028188949447673262 0.0047997291247627687 0.0035086306879884457
leaf_weight=2321 8992 75171 82467 4307 876 382 655 1334 107 172 4269 209 55 83 57 52 63 319 88 78 294 124 53 56 105303 1470 220 191 384 116
leaf_count=2321 8992 75171 82467 4307 876 382 655 1334 107 172 4269 209 55 83 57 52 63 319 88 78 294 124 53 56 105303 1470 220 191 384 116
internal_value=-4.23414e-05 -3.27676e-05 6.16923e-05 0.00027665 0.000209277 -0.000155684 -9.53221e-05 0.00107595 0.00570574 0.000557044 0.00123673 0.00997797 0.00681556 0.00407534 0.00486422 0.00742816 0.000304739 0.0039404 0.00833333 0.0114414 0.0059472 0.00426966 0.0140909 0.0166418 -0.000185416 -0.00172713 0.000159473 -0.0012175 0.00165468 0.00916667
internal_weight=290268 287947 162821 80354 76047 125126 116134 8295 836 7459 6125 454 347 292 1252 696 4873 604 285 222 644 534 110 134 107839 2536 1066 846 556 240
internal_count=290268 287947 162821 80354 76047 125126 116134 8295 836 7459 6125 454 347 292 1252 696 4873 604 285 222 644 534 110 134 107839 2536 1066 846 556 240
is_linear=0
shrinkage=0.05


Tree=189
num_leaves=31
num_cat=0
split_feature=14 13 17 17 24 23 14 23 20 24 24 4 20 23 16 23 2 23 23 4 24 23 23 19 20 18 23 9 16 16
split_gain=1.27423 1.99406 2.01449 3.04389 3.43026 3.61856 5.35851 3.46962 2.77276 2.60265 3.60765 4.09734 2.55684 2.29135 2.20853 2.24 2.32125 2.01019 5.4746 4.26098 2.87372 6.25102 2.12829 2.17208 2.01257 2.15082 3.486 1.98867 2.39701 1.92583
threshold=26.750000000000004 38.150000000000013 165.50000000000003 310.50000000000006 1.3150000000000002 0.16587474750015932 24.150000000000002 -0.98801846520836312 198.40000000000003 0.89500000000000013 -0.40499999999999997 6.3850000000000007 280.7000000000001 0.97461712852231652 8.9500000000000011 0.39629089145655322 -1.6000000000000001 -0.90892157495189674 -0.92272482904738262 10.785000000000002 -0.049999999999999996 -0.96687281075841669 -0.97874870457683594 8.5650000000000031 137.60000000000002 6.0050000000000008 -0.28519997588938989 291.71234130859381 4.0500000000000007 12.050000000000002
decision_type=2 2 2 2 8 2 2 2 8 8 10 2 10 2 2 2 2 2 2 2 10 2 2 2 10 2 2 2 2 2
left_child=1 2 8 4 7 6 12 -4 9 10 -1 -12 -6 -7 -13 16 -16 18 20 -20 21 -9 23 -22 -19 26 -26 29 -29 -5
right_child=-2 -3 3 27 5 13 -8 17 -10 -11 11 14 -14 -15 15 -17 -18 24 19 -21 22 -23 -24 -25 25 -27 -28 28 -30 -31
leaf_value=-0.0022290875788479134 -9.1326223659762971e-06 -0.0029517119116465778 -0.0039225730281866149 -0.004069633106672097 0.0085800611523592293 -0.0015504354764235633 0.0028316155918653896 -0.0043035756395560362 -0.0019369301961136285 -0.0047411636982966077 0.0064080352318306322 0.0012801722075455923 0.011176014617010205 0.0050683824895560205 0.012237600080704396 -0.0093325565596213862 0.0035452261134437087 -0.0027556577954779525 0.010784287881950627 0.00052368783097270081 0.0002606394244301178 0.0083555228620015333 -0.001867047875408083 0.0058162991787353881 0.0039016498695725391 -0.00054184052157676239 0.0006005551089061197 0.0057391146555548578 -0.00047766491973097268 0.0043380088671265069
leaf_weight=1029 261277 1042 698 1769 260 622 903 65 6757 578 91 1550 88 133 62 50 113 1343 72 50 253 87 665 105 643 4738 3141 67 1962 55
leaf_count=1029 261277 1042 698 1769 260 622 903 65 6757 578 91 1550 88 133 62 50 113 1343 72 50 253 87 665 105 643 4738 3141 67 1962 55
internal_value=-4.26859e-05 -0.000357181 -0.000277113 4.54303e-05 0.000390883 0.00230309 0.00395284 6.74524e-05 -0.000835778 0.000312409 0.000924006 0.00223473 0.00922414 -0.000430465 0.00170422 0.00633333 0.009 0.00028131 0.00213184 0.0122131 0.00108511 0.0075 0.000131964 0.00324022 3.8012e-05 0.00032152 0.00121036 -0.00119777 -0.00012075 -0.00239583
internal_weight=290268 28991 27949 17719 13866 2006 1251 11860 10230 3473 2895 1866 348 755 1775 225 175 11162 1297 122 1175 152 1023 358 9865 8522 3784 3853 2029 1824
internal_count=290268 28991 27949 17719 13866 2006 1251 11860 10230 3473 2895 1866 348 755 1775 225 175 11162 1297 122 1175 152 1023 358 9865 8522 3784 3853 2029 1824
is_linear=0
shrinkage=0.05


Tree=190
num_leaves=31
num_cat=0
split_feature=22 1 4 22 22 24 9 20 1 4 18 22 15 20 9 2 22 17 4 2 22 20 10 24 23 22 19 23 1 9
split_gain=1.27171 1.85452 1.77214 1.33996 4.82209 4.73965 8.59105 7.72964 7.49555 7.81558 4.71019 4.6024 13.0116 4 3.19397 4.26211 2.9065 2.83583 2.67684 2.48623 2.22434 10.1101 5.26643 4.63704 9.65293 9.76485 13.219 7.95525 7.31069 7.15224
threshold=0.99966190462023474 13.615 17.505000000000006 0.99761913169647187 0.99552231814189451 1.0000000180025095e-35 517.27493286132824 159.70000000000002 12.915000000000001 10.525 7.4750000000000005 0.99818282439137029 67.500000000000014 286.80000000000001 128.510124206543 -0.24999999999999953 0.99818282439137029 106.50000000000001 12.835000000000003 1.1200000000000006 0.96234642434711437 107.2 3.4611111879348759 0.095000000000000015 0.14888728888808328 0.98049069993378934 8.7750000000000004 -0.23537842981696178 8.1450000000000014 370.54331970214849
decision_type=2 2 2 2 2 10 2 10 2 2 2 2 2 10 2 2 2 2 2 2 2 10 2 10 2 2 2 2 2 2
left_child=3 -2 -3 4 20 6 8 11 9 -5 -11 12 -7 -12 15 -13 17 -9 -15 -14 -1 22 -22 27 -25 -26 -27 29 -28 -23
right_child=1 2 -4 5 -6 7 -8 16 -10 10 13 14 19 18 -16 -17 -18 -19 -20 -21 21 23 -24 24 25 26 28 -29 -30 -31
leaf_value=-7.1068163916688902e-05 -0.001889541111690894 0.0053839694104072531 -8.6583894543627087e-05 0.0022449951301318992 -0.003336154109866036 -0.0096245155049264133 -0.0021324808983834193 0.004236409604935691 -0.0002799617111577024 0.014980235327187584 0.0023804339388290626 0.00092934169546023376 0.013779220745193785 0.004820510640535354 -0.0010220492727260196 0.0076399217067520397 -0.0069442596927801531 -0.0022663220452221471 0.01415846294000093 0.011907356388358999 -0.0029582286156550268 0.0037618642961738621 0.013080988902226207 0.0018670616942536935 0.0027795932423760176 0.014492036535719888 0.013563937432752447 -0.00023717972707343392 0.00083111237955199005 0.018378297655703528
leaf_weight=264924 2190 76 110 103 2376 110 330 254 147 50 54 198 66 55 493 153 1532 307 53 55 4065 294 197 4941 792 195 147 5647 252 102
leaf_count=264924 2190 76 110 103 2376 110 330 254 147 50 54 198 66 55 493 153 1532 307 53 55 4065 294 197 4941 792 195 147 5647 252 102
internal_value=-3.90685e-05 -0.00119108 0.00360215 -2.95609e-05 -4.23001e-05 0.000883837 0.00434343 1.89382e-05 0.00874459 0.0130952 0.0185849 0.00346512 0.00971861 0.0144444 0.00175355 0.00539886 -0.00175108 0.00132798 0.02 0.0210331 -2.33713e-05 0.000537517 -0.00156265 0.00126111 0.00220721 0.00589466 0.0107407 0.00027056 0.00552631 0.00712121
internal_weight=290268 2376 186 287892 283932 3960 792 3168 462 315 212 1075 231 162 844 351 2093 561 108 121 281556 16632 4262 12370 6327 1386 594 6043 399 396
internal_count=290268 2376 186 287892 283932 3960 792 3168 462 315 212 1075 231 162 844 351 2093 561 108 121 281556 16632 4262 12370 6327 1386 594 6043 399 396
is_linear=0
shrinkage=0.05


Tree=191
num_leaves=31
num_cat=0
split_feature=9 16 13 20 22 24 23 5 17 24 21 8 22 20 3 24 24 22 22 22 9 5 22 20 3 22 13 17 5 2
split_gain=1.2192 2.14878 2.19233 3.61067 3.83217 3.79892 2.7981 3.61232 2.44424 2.60663 2.41779 2.29575 2.91924 2.10865 1.86164 1.74491 8.02481 10.1163 13.3611 53.4108 20.1455 12.9294 6.30794 5.76236 4.87184 3.89819 8.38041 6.41093 4.23197 3.90972
threshold=39.290842056274421 18.050000000000004 0.35000000000000003 415.50000000000006 -0.28519255817492867 1.4950000000000003 -0.12545862287572049 11.607857142857146 185.50000000000003 -0.089999999999999983 16.900000000000002 14.500000000000002 -0.98523971305672675 398.65000000000003 77.253333333333345 0.69500000000000006 0.53000000000000014 0.86113431103781346 0.77244481603295057 0.72695311118111527 331.07556152343756 7.8278571428571455 0.75014288946266361 233.20000000000002 8.3916666666666693 0.59868201182722736 7.3500000000000005 163.50000000000003 11.847857142857146 -3.4599999999999977
decision_type=2 2 2 10 2 10 2 2 2 10 10 2 2 8 2 10 8 2 2 2 2 2 2 10 2 2 2 2 2 2
left_child=1 2 3 4 6 -5 7 8 9 10 -1 -7 -13 -6 -9 16 -2 18 19 25 21 -21 -23 -19 -25 26 -18 28 -28 -27
right_child=15 -3 -4 5 13 11 -8 14 -10 -11 -12 12 -14 -15 -16 -17 17 23 -20 20 -22 22 -24 24 -26 29 27 -29 -30 -31
leaf_value=0.034641947201861589 -8.2547726904582731e-05 -0.0030330210236137424 8.2571023690924079e-05 -0.00034232489252696246 -0.0019833486671497528 0.0035293783740305536 -0.00084644899936964647 0.0097731452860866756 0.0053886946680786977 0.013284693492595324 0.025576277808572152 0.0054820770281283938 0.028827954001835906 0.0045820458960066559 -0.0012728343555456292 -0.00038220818005876248 0.00045617717663332775 0.0099733561303560862 -0.0033753774352164242 0.0057443618631811359 0.01113513884910595 0.011666904422317614 0.0078825062253141519 0.00084425378927894211 0.010848958734808697 0.0036227171488280967 0.010509258963694755 0.0033641927907433278 0.012295648130299597 -0.0028285436479672391
leaf_weight=56 170888 1977 30873 6835 768 1553 319 872 80 97 52 110 96 491 222 67419 2665 108 1608 264 94 148 168 156 80 166 64 409 141 1489
leaf_count=56 170888 1977 30873 6835 768 1553 319 872 80 97 52 110 96 491 222 67419 2665 108 1608 264 94 148 168 156 80 166 64 409 141 1489
internal_value=-3.85518e-05 0.000202584 0.000277672 0.000865292 0.00237234 0.000346752 0.00392226 0.00489848 0.00991228 0.0128049 0.0181481 0.00241899 0.00737864 0.000281969 0.00359232 -8.20984e-05 -2.25347e-07 0.00159391 0.00119457 0.00234665 0.015549 0.012069 0.0188924 0.00997093 0.00559322 0.000543169 0.00154163 0.00680782 0.0140244 -0.00143505
internal_weight=290268 44401 42424 11551 2957 8594 1698 1379 285 205 108 1759 206 1259 1094 245867 178448 7560 7216 5608 674 580 316 344 236 4934 3279 614 205 1655
internal_count=290268 44401 42424 11551 2957 8594 1698 1379 285 205 108 1759 206 1259 1094 245867 178448 7560 7216 5608 674 580 316 344 236 4934 3279 614 205 1655
is_linear=0
shrinkage=0.05


Tree=192
num_leaves=31
num_cat=0
split_feature=22 22 24 24 24 20 24 3 19 2 3 16 24 24 22 22 18 24 4 22 24 2 22 22 22 22 1 16 21 17
split_gain=1.16349 2.50984 4.45286 7.11279 4.54545 2.95918 2.79153 3.47321 4.20222 2.16578 3.04246 2.27758 1.98777 1.92714 6.27202 9.46338 7.28926 5.33724 4.94797 4.32589 4.25606 3.93845 3.92371 3.81425 4.17621 25.3888 11.3433 4.06055 4.44362 5.42987
threshold=-0.99630266176052629 -0.99275805973510278 -0.43999999999999995 -0.58499999999999985 -0.95499999999999985 473.00000000000006 1.4950000000000003 24.52833333333334 13.165000000000001 -1.1050000000000002 7.1733333333333347 11.050000000000002 -0.18999999999999997 -0.43999999999999995 0.48314048284850658 0.24372619187392155 9.1050000000000022 -0.089999999999999983 5.8850000000000007 -0.97509794945709805 -0.49499999999999994 1.8800000000000019 0.65233619298682533 0.12545942051955489 -0.79384350655589164 -0.8041866928211282 4.1850000000000014 9.6500000000000004 27.500000000000004 296.50000000000006
decision_type=2 2 10 10 10 10 10 2 2 2 2 2 10 8 2 2 2 8 2 2 10 2 2 2 2 2 2 2 10 2
left_child=-1 2 3 4 9 12 -7 8 -8 -2 11 -11 -4 14 15 19 -16 18 22 -3 -17 23 -15 24 25 -21 -27 -25 29 -29
right_child=1 13 5 -5 -6 6 7 -9 -10 10 -12 -13 -14 17 16 20 -18 -19 -20 21 -22 -23 -24 27 -26 26 -28 28 -30 -31
leaf_value=-0.0011189158566483545 0.0047985448269862304 -0.0031900224179444675 0.0010103024496645816 0.0079383723860130158 -0.0048929769795799044 -0.0042109901643339713 0.014282283196929169 -0.0031871560222961437 0.014403728367901273 0.0062631578128675095 -0.0031426033393786705 -0.0012445039517687479 -0.011540752682994732 0.0029198764715887924 0.0023556533498474159 -0.0081222911691220308 0.009868273347542594 -0.00015714827308393095 0.00048732525060520303 0.00060694290864075299 -0.0013544479695985806 -0.0011520174685871628 0.0092375224885042247 0.00027062211704446964 -0.00033242660598674346 0.013813147112924255 0.0052289657758341204 0.0073898261831061426 0.00047089005208530711 -0.0020424642389155053
leaf_weight=7920 90 3564 678 396 396 182 175 136 96 140 113 53 713 724 726 2970 66 168894 60179 9214 2970 8057 81 1149 19300 56 174 545 389 122
leaf_count=7920 90 3564 678 396 396 182 175 136 96 140 113 53 713 724 726 2970 66 168894 60179 9214 2970 8057 81 1149 19300 56 174 545 389 122
internal_value=-3.99298e-05 -2.31641e-05 0.00137626 0.0037963 0.0010606 -7.57588e-05 0.00289474 0.00519656 0.00846863 0.00484848 0.00284314 0.00665803 -0.00133357 -3.90441e-05 -0.000322706 -0.000394765 0.00409091 2.1793e-05 0.000422733 -0.000133898 -0.00226431 1.84575e-05 0.00431677 0.000274806 0.000121068 0.000982633 0.0173913 0.00227891 0.00451704 0.006994
internal_weight=290268 282348 3168 1188 792 1980 589 407 271 396 306 193 1391 279180 49302 48510 792 229878 60984 42570 5940 39006 805 30949 28744 9444 230 2205 1056 667
internal_count=290268 282348 3168 1188 792 1980 589 407 271 396 306 193 1391 279180 49302 48510 792 229878 60984 42570 5940 39006 805 30949 28744 9444 230 2205 1056 667
is_linear=0
shrinkage=0.05


Tree=193
num_leaves=31
num_cat=0
split_feature=5 22 22 9 23 17 17 23 22 9 0 13 21 2 17 22 22 22 20 9 22 22 21 22 20 20 23 22 16 9
split_gain=1.36859 1.29626 4.49188 1.34886 1.57173 2.98902 1.17749 1.16206 12.095 16.0026 17.3662 9.99117 4.78664 5.7151 7.39306 4.41279 12.4426 9.55259 6.50287 5.20887 4.3687 4.2476 4.06124 5.3188 8.98889 4.03878 3.46006 9.73787 5.66776 3.45299
threshold=3.3450000000000011 -0.814291907305839 -0.78326540922535159 298.48324584960943 0.75438814418115718 228.50000000000003 64.500000000000014 -0.6523320455745395 0.72695311118111527 354.09144592285162 6.5750000000000011 0.65000000000000002 16.900000000000002 -2.279999999999998 226.50000000000003 0.51297097409535064 0.61237135649459018 0.3261394409934788 198.40000000000003 583.67306518554699 0.63920241694561786 0.46800856592688472 12.500000000000002 0.30983042691905771 200.30000000000004 251.10000000000002 -0.57077231802681661 -0.78326540922535159 9.6500000000000004 554.93716430664074
decision_type=2 2 2 2 2 2 2 2 2 2 2 2 8 2 2 2 2 2 10 2 2 2 10 2 10 10 2 2 2 2
left_child=1 6 -3 -4 5 -5 -1 8 15 11 -11 -10 -13 14 -14 17 -17 22 19 -19 -18 -21 23 -2 29 -22 27 28 -9 -25
right_child=7 2 3 4 -6 -7 -8 26 9 10 -12 12 13 -15 -16 16 20 18 -20 21 25 -23 -24 24 -26 -27 -28 -29 -30 -31
leaf_value=0.0015472030264743958 0.0009108385062724392 0.010646403078911036 -0.004266455022399653 -0.00035449824374792681 -0.0012391136574880371 0.0055513931255516402 -0.0092172487891047754 0.0044164051970264524 0.012316866551764392 0.0034508281759591374 0.011367992199044774 -0.0026277654724300029 0.0057584240232140156 0.0023022880803092549 0.011620382807771156 0.002860437025899856 -0.0046945775079081722 -0.00048964797427654828 -0.0044981405448499727 0.01583457070475712 -0.0015156671395153483 0.0044116433946958271 -0.00017337962671698639 0.0063866986149839454 -0.0075258036605095812 0.0019875202714267266 -6.2856877897254711e-05 -0.003577739932980409 -0.001751315781772375 0.0010634634593804588
leaf_weight=50 13134 58 884 170 550 91 518 1564 109 136 103 902 136 910 67 5510 1558 3109 6159 58 2732 171 40844 152 119 2753 199754 6310 1604 53
leaf_count=50 13134 58 884 170 550 91 518 1564 109 136 103 902 136 910 67 5510 1558 3109 6159 58 2732 171 40844 152 119 2753 199754 6310 1604 53
internal_value=-4.23414e-05 -0.00125162 -0.000579009 -0.0010472 0.0004254 0.00362069 -0.00332747 -3.2594e-05 0.000131168 0.00365425 0.0159205 0.00227401 0.00147643 0.00367026 0.0112562 2.21331e-05 0.000879072 -0.000146477 -0.00160946 0.000167764 -0.000513277 0.00744541 0.000109387 0.000862683 0.00719136 0.000150409 -9.42028e-05 -0.00102764 0.00123422 0.0135366
internal_weight=290268 2321 1753 1695 811 261 568 287947 78715 2363 239 2124 2015 1113 203 76352 12553 63799 9497 3338 7043 229 54302 13458 324 5485 209232 9478 3168 205
internal_count=290268 2321 1753 1695 811 261 568 287947 78715 2363 239 2124 2015 1113 203 76352 12553 63799 9497 3338 7043 229 54302 13458 324 5485 209232 9478 3168 205
is_linear=0
shrinkage=0.05


Tree=194
num_leaves=31
num_cat=0
split_feature=0 17 17 13 18 20 5 9 9 13 14 19 9 0 3 18 24 21 24 20 19 9 16 16 24 24 17 24 18 2
split_gain=1.30922 1.25218 1.41708 1.71464 1.55641 1.60498 1.63588 2.1889 2.58311 1.40271 1.80063 1.87616 2.10501 1.59331 1.53797 1.4893 1.62523 1.45836 1.45686 1.44745 2.78413 1.43363 2.53224 2.05508 1.35727 1.33689 3.69896 3.49962 3.43021 3.12302
threshold=2.7350000000000008 24.500000000000004 38.500000000000007 1.9500000000000002 17.155000000000005 227.80000000000004 4.4650000000000007 153.272575378418 251.68961334228518 19.550000000000004 30.050000000000004 6.6450000000000005 335.62925720214849 6.9350000000000014 25.901666666666674 5.4450000000000012 0.095000000000000015 12.500000000000002 -0.95499999999999985 356.10000000000008 6.2950000000000008 554.93716430664074 11.15 11.65 -0.24999999999999997 -0.089999999999999983 269.50000000000006 -0.064999999999999988 5.8450000000000006 2.0449999999999995
decision_type=2 2 2 2 2 10 2 2 2 2 2 2 2 2 2 2 10 8 10 8 2 2 2 2 10 8 2 8 2 2
left_child=-1 9 3 -3 5 6 7 -5 -9 10 14 12 13 17 24 16 -15 -12 -11 -17 -21 -20 -23 -24 -2 26 28 -27 -4 -29
right_child=1 2 25 4 -6 -7 -8 8 -10 18 11 -13 -14 15 -16 19 -18 -19 21 20 -22 22 23 -25 -26 27 -28 29 -30 -31
leaf_value=-0.0010464782616676398 -0.0013828914102983648 -0.0033775808255799866 0.001114621740565852 -0.0039671363952920894 0.0042913659834534724 -0.0012883827434176103 2.8041948617657314e-05 0.0087945440922606762 0.001124596857102993 0.0050456494124113604 -0.0028698413280231127 0.00063403741783270165 -0.0020716314733508949 0.013901323318396023 0.012539346907631472 0.0028093463654122611 0.0026458119097539654 0.0036826695152900081 -0.0013947917194682478 0.0043407379206768931 0.0093945283031767867 -0.00047367883312094197 0.01172993600744167 0.0012822412745682145 0.00073541395506640809 -0.0017323149217816293 -0.00033908306170873009 -0.00026221846910661818 0.00018553335644561528 0.00043809208259839699
leaf_weight=4580 2250 2011 15358 93 361 4566 3246 83 108 88 190 5130 441 55 57 456 65 1269 2590 242 70 494 53 114 4390 5939 36359 110861 53910 34839
leaf_count=4580 2250 2011 15358 93 361 4566 3246 83 108 88 190 5130 441 55 57 456 65 1269 2590 242 70 494 53 114 4390 5939 36359 110861 53910 34839
internal_value=-4.56142e-05 -3.21692e-05 -5.92764e-05 -0.000629539 -0.00031749 -0.000460723 0.000339942 0.00397887 0.00704188 0.000372061 0.000583304 0.00109371 0.00213773 0.00273328 -2.01595e-05 0.00440315 0.00958333 0.00171693 -0.000552562 0.00359375 0.00621795 -0.000724394 0.00135401 0.00667665 -9.03626e-05 -3.60728e-05 0.000100494 -0.000131201 0.000314863 -8.27054e-05
internal_weight=290268 285688 267734 10468 8457 8096 3530 284 191 17954 14615 7918 2788 2347 6697 888 120 1459 3339 768 312 3251 661 167 6640 257266 105627 151639 69268 145700
internal_count=290268 285688 267734 10468 8457 8096 3530 284 191 17954 14615 7918 2788 2347 6697 888 120 1459 3339 768 312 3251 661 167 6640 257266 105627 151639 69268 145700
is_linear=0
shrinkage=0.05


Tree=195
num_leaves=31
num_cat=0
split_feature=5 21 22 23 23 16 13 22 22 16 22 22 21 22 2 5 13 21 23 23 23 2 22 23 23 22 13 1 15 2
split_gain=1.22109 3.3339 2.47238 10.1433 3.36977 3.62317 2.5567 2.24328 2.75922 2.13423 2.50496 11.9095 11.8591 6.60049 6.76506 4.91368 4.96473 4.16968 5.11461 4.26596 3.78499 3.59248 3.05603 2.66312 8.0577 7.15985 5.00054 3.22067 2.54025 2.46444
threshold=6.1607142857142874 12.500000000000002 0.82414472752956958 0.51849435583340198 -0.18493013702746822 5.6500000000000012 1.0500000000000003 -0.93545489084327571 -0.90893996196865023 13.750000000000002 0.90162119223771331 0.92273069556937592 12.500000000000002 0.90892735371523092 0.98999999999999999 4.2650000000000015 9.0500000000000025 62.500000000000007 -0.099822328936730861 -0.33426211444629356 -0.013976481981245173 0.79000000000000026 0.73865729060996177 0.16587474750015932 0.11478523713130605 0.9916835347852474 9.9500000000000011 5.7950000000000008 64.500000000000014 -1.0799999999999992
decision_type=2 8 2 2 2 2 2 2 2 2 2 2 10 2 2 2 2 8 2 2 2 2 2 2 2 2 2 2 2 2
left_child=1 2 6 4 5 -4 7 -1 -9 10 22 12 13 21 15 -15 -17 19 -19 -13 29 -12 -3 24 27 28 -27 -21 -26 -20
right_child=-2 9 3 -5 -6 -7 -8 8 -10 -11 11 17 -14 14 -16 16 -18 18 20 23 -22 -23 -24 -25 25 26 -28 -29 -30 -31
leaf_value=-0.0057549165196055119 8.3247854171107066e-06 -0.00054536724877983793 0.0093333398813051482 0.0081017376799161732 -0.00016455832738849349 0.0050962993365064732 -7.8578470074561015e-05 0.014197779401885999 0.0025556685184206594 0.00068587544558688116 -0.0034352423414155718 0.015766798163908063 -0.0047695229762599305 0.013347365609255991 0.0045462462660084092 0.00033978361083161399 0.011886414787390462 -0.0072496856332452814 -0.001643090266112676 -0.0032768980225343931 -0.001491263061171616 0.0063658565057195197 -0.002751378908917699 -0.0035078099095709556 0.0092495511376677504 0.011067067701717906 0.011245772106375656 0.0032051068510902283 -0.00061109449151959159 0.0054915272152130578
leaf_weight=117 227677 33436 112 89 1283 562 9156 57 718 4099 136 94 304 100 137 68 164 1635 157 764 1214 97 5967 886 93 54 52 487 130 423
leaf_count=117 227677 33436 112 89 1283 562 9156 57 718 4099 136 94 304 100 137 68 164 1635 157 764 1214 97 5967 886 93 54 52 487 130 423
internal_value=-4.73368e-05 -0.000242927 0.000502727 0.002087 0.00133623 0.00419881 0.000180134 0.00273542 0.00370968 -0.000421511 -0.000518127 0.000353823 0.00538767 0.00896011 0.0123774 0.0162349 0.0122414 -0.000491736 -0.00163167 0.00103516 0.000211816 0.00208154 -0.000672919 0.000636657 0.00186709 0.00882979 0.0195283 3.597e-05 0.00374439 0.00353448
internal_weight=290268 62591 12094 2046 1957 674 10048 892 775 50497 46398 6995 1006 702 469 332 232 5989 3429 2560 1794 233 39403 2466 1580 329 106 1251 223 580
internal_count=290268 62591 12094 2046 1957 674 10048 892 775 50497 46398 6995 1006 702 469 332 232 5989 3429 2560 1794 233 39403 2466 1580 329 106 1251 223 580
is_linear=0
shrinkage=0.05


Tree=196
num_leaves=31
num_cat=0
split_feature=8 15 23 23 24 21 18 23 13 14 9 9 23 9 23 16 17 1 17 17 4 24 24 14 18 14 24 4 1 13
split_gain=1.1628 1.15228 3.07677 6.25555 7.47813 4.94674 3.64909 3.45263 3.22068 3.02914 2.8591 2.70991 2.55 2.49235 3.55526 2.38021 3.99082 3.90701 1.98823 1.91252 2.2394 3.83898 3.05234 3.44666 2.46154 1.90284 1.7851 2.40288 1.85142 1.82492
threshold=70.500000000000014 58.500000000000007 0.97461712852231652 0.92843842216862604 -0.40499999999999997 16.900000000000002 5.6450000000000005 0.90803977035715633 19.350000000000005 32.350000000000001 158.50785064697268 442.93069458007818 0.9989598388634241 81.83835601806642 0.90070004940655357 14.350000000000003 284.50000000000006 6.7150000000000007 243.50000000000003 126.50000000000001 9.4050000000000029 0.36500000000000005 0.24500000000000002 26.250000000000004 6.1750000000000007 26.750000000000004 1.4950000000000003 12.965000000000002 17.495000000000001 0.55000000000000016
decision_type=2 2 2 2 10 10 2 2 2 2 2 2 2 2 2 2 2 2 2 2 2 10 8 2 2 2 10 2 2 2
left_child=1 2 3 7 8 6 -6 13 -5 10 -8 -4 18 26 19 -7 -17 -18 -13 -15 21 22 23 24 -21 -3 28 -28 -1 -29
right_child=-2 25 11 4 5 15 9 -9 -10 -11 -12 12 -14 14 -16 16 17 -19 -20 20 -22 -23 -24 -25 -26 -27 27 29 -30 -31
leaf_value=0.00022437074657037553 0.0051003036811151665 -0.00042738642671900077 -0.0034570775118618214 -0.0038000069445363657 -0.00064812841429536287 0.00057625776690044012 0.0057962990414979626 -0.0048111904644892222 0.013207535276070149 0.001829640389914717 0.0074457185840647519 0.0047561173910155201 0.0059882539317830724 -0.0020552616735798244 0.0042736735848602431 0.0043544357164737339 0.0045617529676218191 -0.00025715270227278855 -0.004630677764028833 0.0079915334400298323 -0.0011561621817655196 -0.0020535521493391415 0.012573488286211427 0.0013131231173082836 0.0050250527063138151 7.496739775560138e-05 -0.0012722196793395371 0.0040916259560717077 -0.0020203025101463387 0.00059971884877023417
leaf_weight=16311 359 27685 2516 880 103 729 193 779 50 156 140 71 73 6224 76 67 52 206 158 52 10103 1525 92 2303 52 204718 1828 2663 6944 3160
leaf_count=16311 359 27685 2516 880 103 729 193 779 50 156 140 71 73 6224 76 67 52 206 158 52 10103 1525 92 2303 52 204718 1828 2663 6944 3160
internal_value=-4.44084e-05 -4.793e-05 -0.000248323 -0.000165303 0.00223991 0.00426488 0.0079223 -0.000284197 -0.00134409 0.00972393 0.0124174 -0.00185948 0.00261589 -0.000234061 -0.000662605 0.00221062 0.00576923 0.00294574 2.18329e-05 -0.000702915 -0.000381186 0.000616301 0.00182273 0.0014811 0.0103846 1.65541e-06 4.91802e-05 0.00071167 -0.000168782 0.00120814
internal_weight=290268 289909 57506 54688 2576 1646 592 52112 930 489 333 2818 302 51333 20427 1054 325 258 229 20351 14127 4024 2499 2407 104 232403 30906 7651 23255 5823
internal_count=290268 289909 57506 54688 2576 1646 592 52112 930 489 333 2818 302 51333 20427 1054 325 258 229 20351 14127 4024 2499 2407 104 232403 30906 7651 23255 5823
is_linear=0
shrinkage=0.05


Tree=197
num_leaves=31
num_cat=0
split_feature=12 8 16 13 20 2 13 22 22 23 5 1 24 5 8 22 22 15 23 1 15 22 14 5 14 24 13 18 23 20
split_gain=1.12837 2.36487 2.47843 1.74508 2.93466 1.86347 1.51823 3.02674 3.61657 2.74301 1.50217 1.24758 1.73665 1.54967 1.68115 1.49222 1.20572 1.27177 1.18683 1.2937 1.12163 3.33051 2.78842 3.70401 2.73633 2.69406 2.64634 2.48443 2.45742 2.75721
threshold=4.5000000000000009 9.5000000000000018 17.350000000000005 4.8500000000000005 299.85000000000008 -7.5299999999999976 0.25000000000000006 -0.86976336936302323 -0.92274349529687905 -0.91595872546125101 10.929285714285717 124.20500000000003 -0.40499999999999997 32.962857142857153 21.500000000000004 -0.78326540922535159 -0.61237985104942771 41.500000000000007 -0.22700609751797865 17.495000000000001 73.500000000000014 -0.90893996196865023 29.750000000000004 13.762142857142861 25.350000000000005 1.9550000000000003 0.95000000000000007 5.8850000000000007 -0.99628250747696534 550.10000000000014
decision_type=2 2 2 2 10 2 2 2 2 2 2 2 10 2 2 2 2 2 2 2 2 2 2 2 2 10 2 2 2 8
left_child=1 20 3 4 10 16 7 8 18 -9 -3 12 -2 -14 -15 -13 17 -6 -7 -20 22 -22 23 25 -23 28 -25 -24 -1 -30
right_child=11 2 -4 -5 5 6 -8 9 -10 -11 -12 15 13 14 -16 -17 -18 -19 19 -21 21 24 27 26 -26 -27 -28 -29 29 -31
leaf_value=-0.0029480292026142271 -0.0078071424597252253 0.034089186404385699 -0.0054015527580844004 -0.0029178207013206715 0.019052522685377521 -0.0073474622163381079 -0.00042443600814075553 0.01041868436985029 0.039654577754882889 -0.00051808482917436289 0.0064669451789118749 0.010835613896730909 -0.0021448962611153154 0.0059495446475720916 0.026747869624388056 -0.010913518139392918 0.017349542794611109 0.0076701983508388602 0.01553821262827716 0.006479339313089371 -0.0010761308529113579 -0.00082290925403128053 0.00051041394196743573 -0.0030419178751788893 0.00047967158150229281 -0.0034409016125600761 0.0019899223414810369 -0.00010030771429337635 -0.0002883597517495751 -0.0019839049227117775
leaf_weight=1741 888 50 454 350 53 66 783 73 81 594 51 208 842 107 55 83 58 186 81 78 6980 6039 29305 670 46341 2132 4037 132838 48627 6417
leaf_count=1741 888 50 454 350 53 66 783 73 81 594 51 208 842 107 55 83 58 186 81 78 6980 6039 29305 670 46341 2132 4037 132838 48627 6417
internal_value=-4.25136e-05 -3.39321e-05 0.00137255 0.00198882 0.00252089 0.00211154 0.00149203 0.00281089 0.0069281 0.000922038 0.0108416 -0.00117499 -0.00164376 -0.000219125 0.00425926 0.00187285 0.00577441 0.00420502 0.00366667 0.00600629 -4.85234e-05 0.000144878 -9.93736e-05 -0.000379889 0.000281595 -0.000487721 0.000969831 1.06992e-05 -0.000422208 -0.00036371
internal_weight=290268 288085 2958 2504 2154 2053 1756 973 306 667 101 2183 1892 1004 162 291 297 239 225 159 285127 59360 225767 63624 52380 58917 4707 162143 56785 55044
internal_count=290268 288085 2958 2504 2154 2053 1756 973 306 667 101 2183 1892 1004 162 291 297 239 225 159 285127 59360 225767 63624 52380 58917 4707 162143 56785 55044
is_linear=0
shrinkage=0.05


Tree=198
num_leaves=31
num_cat=0
split_feature=22 0 22 22 22 20 22 24 24 4 21 23 22 24 17 22 22 23 24 23 20 9 15 9 20 17 22 22 23 17
split_gain=1.0909 2.41891 1.07346 13.0005 8.93554 7.1697 7.49108 6.93892 7.14405 16.6906 7.90313 7.16676 6.14424 17.7878 5.92908 8.59468 5.80096 5.23193 8.304 5.38928 20.7034 11.4576 7.9177 7.33655 5.15941 5.11003 5.09192 5.03217 5.00848 7.14545
threshold=0.99966190462023474 6.0950000000000006 0.49812943072827093 0.61237135649459018 0.35846314187849709 198.40000000000003 0.45273815774107123 -0.24999999999999997 -0.064999999999999988 7.0850000000000009 202.50000000000003 0.45847758937963173 0.79904096188274243 -0.22499999999999995 223.50000000000003 0.65233619298682533 0.75014288946266361 0.84199059757024453 -0.27499999999999997 0.83258597624099873 172.40000000000003 344.76246643066412 72.500000000000014 462.67344665527349 370.7000000000001 48.500000000000007 0.52766072109828632 0.63920241694561786 -0.92272482904738262 256.50000000000006
decision_type=2 2 2 2 2 10 2 10 10 2 10 2 2 10 2 2 2 2 8 2 10 2 2 2 8 2 2 2 2 2
left_child=2 -2 4 17 -1 6 28 -5 9 14 12 27 16 -14 -9 -16 -11 19 26 24 21 22 -21 -22 25 -4 -19 -10 -6 -30
right_child=1 -3 3 7 5 -7 -8 8 11 10 -12 -13 13 -15 15 -17 -18 18 -20 20 23 -23 -24 -25 -26 -27 -28 -29 29 -31
leaf_value=-4.6045887098335748e-06 -0.0042511608197612081 1.1309842602618488e-05 0.0066741107755070809 -0.0038630363570487432 -0.0041941893152317227 -0.0036769482715994528 -0.0052817811733415869 0.0013929250210624018 -0.004591180085106646 0.00098832453651284268 0.0075663000036381755 -0.0026411279766540919 -0.0020048883929039557 0.0058884645674482962 0.001226059877151975 0.0099283868950258165 -0.0046464678083190693 0.0010942946804364452 -0.0063361831034274138 0.013309077831643389 -0.0037813904078371346 0.0038008688648806712 0.0079066177127234457 0.0075263336150204613 0.00046107187003774927 0.002184465366146826 0.0044592529616725189 8.0442647839522208e-05 0.004844387967621825 -0.00087120664445299262
leaf_weight=179388 778 1598 564 4158 504 9135 1762 105 1584 4150 93 7326 1145 1073 51 137 1562 792 1386 100 424 122 54 92 3862 5078 198 60192 1800 1055
leaf_count=179388 778 1598 564 4158 504 9135 1762 105 1584 4150 93 7326 1145 1073 51 137 1562 792 1386 100 424 122 54 92 3862 5078 198 60192 1800 1055
internal_value=-3.99298e-05 -0.0011069 -3.1124e-05 0.000107269 -9.84809e-05 -0.00130331 0.000194297 -0.00012418 -1.73098e-05 0.00136724 0.000939174 -0.000183932 0.00076923 0.0030027 0.0130887 0.0184043 -9.80404e-05 0.00159722 -0.000517678 0.00208527 0.00604798 0.0171014 0.0261688 0.000135658 0.00175505 0.00271889 0.0029798 -8.58058e-06 0.00157934 0.00239054
internal_weight=290268 2376 287892 94248 193644 14256 5121 81576 77418 8316 8023 69102 7930 2218 293 188 5712 12672 2376 10296 792 276 154 516 9504 5642 990 61776 3359 2855
internal_count=290268 2376 287892 94248 193644 14256 5121 81576 77418 8316 8023 69102 7930 2218 293 188 5712 12672 2376 10296 792 276 154 516 9504 5642 990 61776 3359 2855
is_linear=0
shrinkage=0.05


Tree=199
num_leaves=31
num_cat=0
split_feature=13 13 19 24 2 1 22 22 1 16 2 22 22 22 24 24 22 17 16 22 4 20 2 24 24 22 22 20 1 4
split_gain=1.06218 1.32075 1.13039 3.24143 3.10887 2.83979 3.52532 6.17276 7.86763 2.78233 2.66714 2.66212 8.58884 7.50437 9.77171 17.0367 6.98566 6.91969 7.00836 6.0366 5.87318 6.99189 8.60453 4.5241 17.2657 6.69317 5.35122 4.49512 4.03667 3.9151
threshold=28.150000000000002 30.850000000000005 9.8750000000000018 0.24500000000000002 1.8200000000000003 9.7550000000000008 -0.26866367175705824 -0.36647417525074694 13.105000000000002 6.1500000000000012 -2.8699999999999997 0.48314048284850658 0.67802080537253961 0.63920241694561786 -0.24999999999999997 -0.22499999999999995 0.43733377705052551 157.50000000000003 9.7500000000000018 0.79904096188274243 6.785000000000001 388.40000000000003 -2.4799999999999986 -0.22499999999999995 -0.18999999999999997 0.84313847884979054 0.83849049182116964 261.60000000000008 6.6750000000000007 6.9450000000000012
decision_type=2 2 2 10 2 2 2 2 2 2 2 2 2 2 10 10 2 2 2 2 2 10 2 8 8 2 2 8 2 2
left_child=2 -2 3 11 10 -4 7 -7 -9 -10 -5 16 13 27 -15 20 -1 18 -17 -14 -16 -22 -23 26 25 29 -21 -13 -26 -25
right_child=1 -3 5 4 -6 6 -8 8 9 -11 -12 12 19 14 15 17 -18 -19 -20 23 21 22 -24 24 28 -27 -28 -29 -30 -31
leaf_value=0.00017041342309602798 -0.0015365307583375233 -0.00017479590251727895 0.00020729711905093031 0.00059156331377889439 0.00071275316747109222 -0.00049250292773091338 -0.0012059046947537093 -0.00082433925281240588 0.011743805957012556 0.0071360583926049093 -0.00069966849295748047 0.0028473499992971258 -0.0025687162235737086 -0.0068662191458947561 0.0080153715835512753 0.0013143149306331266 -0.0050060192969983959 -0.0047376705527877212 0.0082244670301493301 -0.0087037545028019348 0.0052484851215094724 0.0081777492651367144 0.0075169961086994658 0.011426839423048243 -0.00072688561259922279 -0.00067714282085276211 0.002203330886502439 0.00027025366538706031 0.0015746815153734129 0.005035447665115639
leaf_weight=77477 4860 12166 35225 9245 12606 32851 21328 935 86 979 48791 2369 5274 286 65 216 2027 325 134 1143 221 59 109 70 6025 118 584 3910 10314 470
leaf_count=77477 4860 12166 35225 9245 12606 32851 21328 935 86 979 48791 2369 5274 286 65 216 2027 325 134 1143 221 59 109 70 6025 118 584 3910 10314 470
internal_value=-4.14801e-05 -0.000424646 -1.76046e-05 5.44979e-05 -0.000210358 -0.000161044 -0.000381727 -7.18786e-05 0.002625 0.00556338 -0.000364947 0.000222759 0.000610247 0.00206394 0.00535336 0.00744464 6.82973e-05 0.00240741 0.00728571 0.000144177 0.0149339 0.0126093 0.0202976 0.000565049 0.000812789 0.0087538 -0.00187319 0.00132266 0.000492991 0.0111111
internal_weight=290268 17026 273242 181838 70642 91404 56179 34851 2000 1065 58036 111196 31692 7694 1415 1129 79504 675 350 23998 454 389 168 18724 16997 658 1727 6279 16339 540
internal_count=290268 17026 273242 181838 70642 91404 56179 34851 2000 1065 58036 111196 31692 7694 1415 1129 79504 675 350 23998 454 389 168 18724 16997 658 1727 6279 16339 540
is_linear=0
shrinkage=0.05


Tree=200
num_leaves=31
num_cat=0
split_feature=16 13 1 19 24 13 17 24 9 24 16 9 23 22 23 22 20 17 20 9 24 22 22 23 23 20 23 23 16 14
split_gain=1.08896 2.53431 2.77452 3.52601 2.98607 2.19378 2.01107 1.91906 2.18493 2.60056 3.62298 5.27881 2.53297 8.23244 4.0633 3.71936 6.57615 2.02924 1.8219 1.81017 4.19823 2.54086 4.81057 1.70431 5.36488 2.35853 2.02266 3.3364 2.01957 3.39615
threshold=6.9500000000000011 7.9500000000000011 9.9050000000000029 6.8450000000000006 -0.58499999999999985 7.6500000000000012 247.50000000000003 inf 248.98963165283206 0.47500000000000003 3.6500000000000008 452.44052124023443 -0.94703994556331683 0.29342972903661901 -0.99465740988130902 0.15951094710994371 117.40000000000002 326.50000000000006 270.30000000000001 806.39907836914074 1.0000000180025095e-35 0.34235194516023087 0.67802080537253961 0.91511078773075516 0.91159213926341531 188.00000000000003 0.75438814418115718 0.87291090774974645 6.6500000000000012 28.150000000000002
decision_type=2 2 2 2 8 2 2 8 2 10 2 2 2 2 2 2 10 2 10 2 10 2 2 2 2 10 2 2 2 2
left_child=1 2 3 5 -5 -1 -7 8 17 10 11 -10 13 14 -12 16 -16 -3 -9 -6 21 -21 -23 24 26 -25 -14 28 -28 -30
right_child=-2 7 -4 4 19 6 -8 18 9 -11 12 -13 23 -15 15 -17 -18 -19 -20 20 -22 22 -24 25 -26 -27 27 -29 29 -31
leaf_value=-0.00053828671125550731 -1.5524138741417301e-06 -0.0012574130434417276 -0.0012883776804453815 -0.002361404384799749 0.001646487526826051 0.0076795039422731821 -0.002172808097584385 0.018081517926963012 0.005334056191916201 -0.0013989546549745015 -0.0049763784949748563 -0.0016991813585697101 -0.00030242131996621128 0.0091429743505501235 0.0070417111340886481 -0.00040318739785949752 0.00033014674381728025 -0.0056393752362741776 -0.012602773249576815 0.0032223085907331431 -0.0040422981166156301 0.013828803568655479 0.0029937713183757677 -0.0063293114811014579 0.01154812314175529 8.5912979986232544e-05 0.0027130889877052013 -0.0017202000741601384 0.0072027179225086588 0.00049024469619614785
leaf_weight=5591 245915 12882 5818 529 6083 118 73 89 62 3363 237 71 4679 73 93 161 149 1023 60 93 81 56 78 646 63 898 658 473 88 65
leaf_count=5591 245915 12882 5818 529 6083 118 73 89 62 3363 237 71 4679 73 93 161 149 1023 60 93 81 56 78 646 63 898 658 473 88 65
internal_value=-4.28581e-05 -0.000270896 0.000175485 0.00058967 0.00135115 -0.000321689 0.00494764 -0.000590912 -0.000623736 -0.000122677 0.000346957 0.00853383 0.0002155 0.00306451 0.00125 0.00430521 0.00822314 -0.00104819 0.00506711 0.00164998 0.00538961 0.00887665 0.0132836 -5.28414e-05 0.000326916 -0.00153498 0.000173569 0.00193146 0.00387793 0.00905229
internal_weight=290268 44353 18520 12702 6920 5782 191 25833 25684 11779 8416 133 8283 713 640 403 242 13905 149 6391 308 227 134 7570 6026 1544 5963 1284 811 153
internal_count=290268 44353 18520 12702 6920 5782 191 25833 25684 11779 8416 133 8283 713 640 403 242 13905 149 6391 308 227 134 7570 6026 1544 5963 1284 811 153
is_linear=0
shrinkage=0.05


Tree=201
num_leaves=31
num_cat=0
split_feature=5 4 23 23 23 23 23 23 24 9 17 24 1 22 22 24 22 9 22 13 22 22 22 9 20 24 22 3 22 22
split_gain=1.09043 4.00701 3.57358 3.32212 7.9168 2.67618 9.42642 9.01528 10.9774 7.88379 7.35912 6.68188 6.01294 5.51974 12.9965 12.7025 22.6134 15.7701 7.18939 5.46276 4.65617 6.43003 5.57169 5.14521 4.81598 7.69382 4.91513 11.3904 5.86483 5.45352
threshold=7.6450000000000022 10.255000000000001 -0.99628250747696534 0.75438814418115718 0.69521084835931835 -0.45273527932988084 -0.29342786347392819 -0.49065906150552346 0.05000000000000001 269.99696350097662 44.500000000000007 -0.18999999999999997 10.305000000000001 0.79383249484937135 0.72695311118111527 0.47500000000000003 0.75014288946266361 126.00497436523439 0.77244481603295057 1.1500000000000001 0.51297097409535064 0.57077594689671507 0.34235194516023087 554.93716430664074 441.60000000000008 1.3800000000000001 -0.8041866928211282 27.463333333333335 -0.75015329512557205 -0.46038400545438724
decision_type=2 2 2 2 2 2 2 2 8 2 2 10 2 2 2 10 2 2 2 2 2 2 2 2 10 8 2 2 2 2
left_child=1 2 -1 4 5 7 -7 13 9 10 -9 -12 -13 14 20 -16 17 19 -18 -17 22 23 24 -22 25 -2 27 -27 -28 -30
right_child=3 -3 -4 -5 -6 6 -8 8 -10 -11 11 12 -14 -15 15 16 18 -19 -20 -21 21 -23 -24 -25 -26 26 28 -29 29 -31
leaf_value=-0.0027540530717096077 3.7792868734485993e-05 -0.0011731916405290984 1.2250569342073124e-05 0.00060828767986375405 -0.0031147317715113339 -0.0030153020581789925 8.2339312921939499e-05 0.015867687763900122 0.00023991173581848653 -0.0099368723535061335 0.0017699208514728258 0.013667040690132965 0.0052302196977175681 -0.0027873441602402679 -0.0016595187671060857 0.014180037875919607 0.0065291182105939542 0.010846857853414306 -0.0027610581781079388 0.0019045448339122925 0.0033496251308243602 0.00037012730372438336 -0.0025377109893278322 0.011431326392908277 -0.001334308996433619 0.0198000004042337 -0.013319304138551903 0.0029977120379446162 0.0068384457480047669 0.00091783517230138972
leaf_weight=2136 28073 20258 97121 28387 4489 11397 58497 67 1575 138 322 426 253 3133 706 60 369 182 422 127 1606 4178 5713 118 12947 216 511 481 1966 4394
leaf_count=2136 28073 20258 97121 28387 4489 11397 58497 67 1575 138 322 426 253 3133 706 60 369 182 422 127 1606 4178 5713 118 12947 216 511 481 1966 4394
internal_value=-4.25136e-05 -0.00015835 -2.75559e-05 3.85633e-05 -5.99172e-05 7.36044e-06 -0.00020989 0.000230718 0.0030187 0.00660862 0.0080618 0.00698801 0.00980118 0.000111805 0.000215163 0.00432476 0.0075431 0.0177642 0.00277497 0.00756684 8.77851e-05 0.00142155 -5.71825e-05 0.00399072 0.000116488 0.000416513 0.00183139 0.00583214 0.00142556 0.00183962
internal_weight=290268 119515 99257 170753 142366 137877 69894 67983 2781 1206 1068 1001 679 65202 62069 1866 1160 369 791 187 60203 5902 54301 1724 48588 35641 7568 697 6871 6360
internal_count=290268 119515 99257 170753 142366 137877 69894 67983 2781 1206 1068 1001 679 65202 62069 1866 1160 369 791 187 60203 5902 54301 1724 48588 35641 7568 697 6871 6360
is_linear=0
shrinkage=0.05


Tree=202
num_leaves=31
num_cat=0
split_feature=16 24 19 5 21 14 23 22 23 23 22 24 9 23 22 5 22 24 22 22 24 22 22 22 5 14 21 20 24 22
split_gain=1.13413 1.90923 1.607 3.11015 2.30196 4.04796 2.33644 6.54171 2.74481 2.22048 9.06909 6.98415 8.16809 6.43498 4.34183 4.28113 3.53952 6.26497 7.49563 6.51616 10.1733 4.4346 8.6654 6.86239 4.07318 3.51757 3.422 3.39318 3.24637 4.52549
threshold=6.9500000000000011 1.9550000000000003 7.8950000000000005 7.8571428571428585 77.500000000000014 31.750000000000004 -0.99864786094873803 0.039769539193789977 0.18281312110578132 -0.45273527932988084 0.86113431103781346 0.89500000000000013 278.85394287109381 -0.40613878790836594 0.79383249484937135 105.33500000000002 0.67802080537253961 0.53000000000000014 0.76140650896573492 0.72695311118111527 0.89500000000000013 0.27694220057652758 0.51297097409535064 0.54219432480460406 8.3978571428571467 30.050000000000004 27.500000000000004 352.55000000000007 0.095000000000000015 0.19337368024598436
decision_type=2 10 2 2 8 2 2 2 2 2 2 10 2 2 2 2 2 10 2 2 10 2 2 2 2 2 10 10 8 2
left_child=1 -1 3 -2 9 6 7 -6 -8 10 14 12 26 -11 16 -15 21 -18 19 -19 24 28 -23 25 -21 -24 -12 -27 -4 -30
right_child=2 -3 4 -5 5 -7 8 -9 -10 13 11 -13 -14 15 -16 -17 17 18 -20 20 -22 22 23 -25 -26 27 -28 -29 29 -31
leaf_value=-0.0002355678502585776 -8.0318576783240756e-05 -0.0020032358455826182 -0.00017741506013172815 0.00057095814939254802 -6.0687223800413514e-05 0.00049364858372895543 -0.0020236581387786923 0.0071104482496762355 -0.00020574712546290896 -0.0069169671760564754 0.0074269667328077452 -0.0070350686828860439 -0.0085607521919644249 -0.00016081705548150597 -0.0039481270148842892 0.0092097507301292861 -0.0025131892360094345 0.0038537554059550174 -0.0034080472929516274 0.0048435612678714721 -0.011621815942239596 -0.0044289568615410056 0.0013258147592854154 -0.00028024125542365762 0.010923739252476765 0.0074171805917388261 0.012686629276289753 0.00021740065404187705 0.0013783139882709871 0.0040107341266908039
leaf_weight=42348 69661 2005 13594 45868 262 8615 10432 54 5204 2308 430 132 115 63851 1641 178 611 573 274 78 70 3599 233 2344 171 292 131 99 14396 699
leaf_count=42348 69661 2005 13594 45868 262 8615 10432 54 5204 2308 430 132 115 63851 1641 178 611 573 274 78 70 3599 233 2344 171 292 131 99 14396 699
internal_value=-4.26859e-05 -0.000275405 -7.1282e-07 0.000135073 -0.000121026 -0.000557049 -0.00102871 0.00322785 -0.00111474 -1.97991e-05 0.000277087 0.0055198 0.00757396 -0.000196498 0.000167553 -0.000103001 0.000279074 0.00245639 0.00460549 0.00682735 0.0125549 0.000169332 -0.00100274 0.000997303 0.0172892 0.00565705 0.0100624 0.00855499 0.000437623 0.000942364
internal_weight=290268 44353 245915 115529 130386 24567 15952 316 15636 105819 39482 808 676 66337 38674 64029 37033 1777 1166 892 319 35256 6567 2968 249 624 561 391 28689 15095
internal_count=290268 44353 245915 115529 130386 24567 15952 316 15636 105819 39482 808 676 66337 38674 64029 37033 1777 1166 892 319 35256 6567 2968 249 624 561 391 28689 15095
is_linear=0
shrinkage=0.05


Tree=203
num_leaves=31
num_cat=0
split_feature=12 7 1 24 23 19 8 23 6 15 23 3 18 5 3 19 24 5 23 23 18 20 14 21 14 23 13 24 23 23
split_gain=1.1222 2.12263 1.24758 1.50231 1.49222 1.40614 1.23697 1.08333 1.17354 1.05933 2.95644 3.378 3.45697 3.10983 3.66687 3.44856 3.09326 3.37468 2.70049 2.65395 2.65378 2.46224 2.76051 2.90586 2.44835 2.41751 2.3926 4.89407 6.62563 2.38827
threshold=4.5000000000000009 9.5000000000000018 124.20500000000003 -0.40499999999999997 -0.62587551141915865 16.275000000000002 100.00000000000001 -0.5129677127369543 1.0000000180025095e-35 66.500000000000014 0.99988440732898443 11.846666666666669 5.1850000000000014 9.7207142857142887 9.8016666666666712 10.035000000000002 -0.29499999999999993 30.295000000000005 0.99958851518450398 -0.94703994556331683 13.475000000000003 320.50000000000006 26.950000000000003 12.500000000000002 26.650000000000002 -0.18493013702746822 8.2500000000000018 0.05000000000000001 -0.9575230291762723 -0.99628250747696534
decision_type=2 2 2 10 2 2 2 2 2 2 2 2 2 2 2 2 10 2 2 2 2 8 2 10 2 2 2 10 2 2
left_child=1 6 3 -2 -4 -5 9 -6 -9 18 13 12 -12 14 24 19 17 -17 -1 26 -19 -21 23 -23 25 29 27 28 -15 -11
right_child=2 -3 4 5 7 -7 -8 8 -10 10 11 -13 -14 15 -16 16 -18 20 -20 21 -22 22 -24 -25 -26 -27 -28 -29 -30 -31
leaf_value=-0.00015381293982292965 -0.0073474237349154302 0.010434485244642876 -0.010523015578591914 -0.0022650641641631087 0.024143398989512049 0.0073335861221583065 0.014490563252109876 0.01557713323787468 -0.013169793688973828 -0.0048239501759327411 0.0007391065077074258 -0.0042653810955357238 0.0047028094760775104 0.0037814618267244375 -0.0017894357251774379 0.00060458557266631231 -0.00074474835244204445 0.0089169314837845397 -0.0027731901515884354 0.00029985232248459656 0.0041557360558182451 0.008583850019487577 0.001602527360756675 0.0015281758497961981 0.00011307948919267333 -0.001225071003455638 0.00046307434127237966 0.0015795104055585187 0.015026504399469046 0.00041484589535113601
leaf_weight=148872 888 258 83 751 52 253 51 95 61 577 194 104 188 384 6123 4580 11452 64 1373 14561 365 90 5788 121 74006 10306 1333 911 70 6314
leaf_count=148872 888 258 83 751 52 253 51 95 61 577 194 104 188 384 6123 4580 11452 64 1373 14561 365 90 5788 121 74006 10306 1333 911 70 6314
internal_value=-4.56142e-05 -3.70562e-05 -0.00117499 -0.00164376 0.00187285 -0.000318726 -4.11196e-05 0.00413461 0.00205128 -4.24995e-05 5.77676e-05 0.00395062 0.00612565 4.39625e-05 -0.000108194 0.000416802 -0.000136992 0.00089938 -0.000134282 0.000808753 0.00513986 0.000615271 0.00146774 0.00708531 -2.86735e-05 -0.000566088 0.00228317 0.00375458 0.00799559 0.000158902
internal_weight=290268 288085 2183 1892 291 1004 287827 208 156 287776 137531 486 382 137045 97326 39719 16461 5009 150245 23258 429 20560 5999 211 91203 17197 2698 1365 454 6891
internal_count=290268 288085 2183 1892 291 1004 287827 208 156 287776 137531 486 382 137045 97326 39719 16461 5009 150245 23258 429 20560 5999 211 91203 17197 2698 1365 454 6891
is_linear=0
shrinkage=0.05


Tree=204
num_leaves=31
num_cat=0
split_feature=14 15 14 21 18 23 4 18 14 20 2 23 21 23 0 22 22 17 20 21 18 23 20 17 2 4 22 21 17 23
split_gain=1.05663 1.6988 2.42491 2.87033 2.43978 2.15275 2.78926 4.30318 2.31738 2.06115 2.02987 2.50256 2.25559 2.64794 3.26273 2.22379 2.14118 7.3232 2.49641 2.00476 1.96521 1.95201 3.59193 2.85361 2.70065 3.37857 3.10347 2.65709 2.38288 2.32829
threshold=26.750000000000004 66.500000000000014 30.050000000000004 16.900000000000002 5.9650000000000007 0.99988440732898443 13.505000000000001 5.1050000000000013 29.550000000000004 125.30000000000003 1.0000000180025095e-35 0.83730377313544024 92.500000000000014 0.99611390731392835 6.8550000000000013 0.71503381463111937 0.69056404122701587 263.50000000000006 391.80000000000001 122.50000000000001 3.7350000000000008 0.2332836900311728 766.10000000000014 214.50000000000003 1.5499999999999998 189.73500000000004 -0.91597725483594616 36.900000000000006 285.50000000000006 0.26659387353423869
decision_type=2 2 2 8 2 2 2 2 2 10 2 2 8 2 2 2 2 2 8 10 2 2 10 2 2 2 2 10 2 2
left_child=-1 2 3 9 10 -3 7 -7 -9 -2 19 15 20 14 -14 16 18 -18 -12 -4 -13 23 29 24 25 -6 -27 -28 -24 -23
right_child=1 5 4 -5 21 6 -8 8 -10 -11 11 12 13 -15 -16 -17 17 -19 -20 -21 -22 22 28 -25 -26 26 27 -29 -30 -31
leaf_value=-0.00032470490047655843 0.0082067228490630955 0.00014939554800789425 5.9686894711166125e-06 -0.0015019988649279177 -0.00082228029693332233 0.00059666134758839531 -0.0013749799199659601 0.0038184442517755868 0.0066934358435052485 -0.00030455346810609831 0.0017492308273255699 0.0019772545162168209 -0.0037258185683166872 0.0044707348307152636 0.0076195950982643305 0.00087588951486934933 -0.0012611049303339215 0.013864559474779208 0.0040587903961309974 0.0027064291662578987 -0.0027200884620650076 -0.0062475880337350331 0.021340180053947073 0.0010784895381891174 0.00051560695684124832 0.023172061957714943 -0.0038370869128277483 0.011535918508847878 0.0012034068302016754 -0.00043406590308245829
leaf_weight=28991 50 115084 11727 11174 31003 143 175 60 63 17244 1952 128 217 106 56 1951 78 50 623 343 1112 1125 55 13544 18649 80 200 68 61 34156
leaf_count=28991 50 115084 11727 11174 31003 143 175 60 63 17244 1952 128 217 106 56 1951 78 50 623 343 1112 1125 55 13544 18649 80 200 68 61 34156
internal_value=-4.49252e-05 -1.31482e-05 -0.000126655 -0.000540608 -2.6177e-05 0.000130057 0.00361678 0.0068421 0.0136992 -0.000137043 0.000503461 0.00123306 -0.000460162 0.00291557 0.000311354 0.00182209 0.00275065 0.0090625 0.00243689 0.000124274 -0.00149194 -0.000124368 -0.00042193 4.13875e-05 -0.000133001 -0.000416415 0.00448276 0.00190298 0.00836207 -0.00045081
internal_weight=290268 261277 145752 28468 117284 115525 441 266 123 17294 18343 6273 1619 379 273 4654 2703 128 2575 12070 1240 98941 35397 63544 50000 31351 348 268 116 35281
internal_count=290268 261277 145752 28468 117284 115525 441 266 123 17294 18343 6273 1619 379 273 4654 2703 128 2575 12070 1240 98941 35397 63544 50000 31351 348 268 116 35281
is_linear=0
shrinkage=0.05


Tree=205
num_leaves=31
num_cat=0
split_feature=5 1 21 20 1 9 24 21 12 7 13 15 24 21 13 23 14 1 23 23 23 18 24 24 15 19 13 20 24 13
split_gain=1.08748 1.56717 1.56599 1.40473 1.23519 1.25322 1.98994 1.11233 1.04016 2.1194 1.06034 1.86933 1.72157 1.95848 1.93005 1.58944 1.54409 1.7434 2.60575 4.74725 5.56099 5.11247 1.66432 1.68163 5.14613 2.94498 2.42803 1.59063 1.88273 3.1689
threshold=3.3450000000000011 1.9350000000000003 16.900000000000002 309.30000000000001 2.5750000000000006 452.44052124023443 -0.24999999999999997 30.600000000000005 4.5000000000000009 9.5000000000000018 19.750000000000004 81.500000000000014 -0.89499999999999991 36.900000000000006 11.050000000000002 -0.99761278905001471 26.950000000000003 4.6650000000000009 0.75438814418115718 0.73136292505298039 0.74298546529340237 4.6850000000000014 -0.77999999999999992 -0.65999999999999981 65.500000000000014 3.6250000000000004 3.1500000000000008 93.65000000000002 -0.60499999999999987 1.0000000180025095e-35
decision_type=2 2 10 10 2 2 10 10 2 2 2 2 8 10 2 2 2 2 2 2 2 2 10 10 2 2 2 10 8 2
left_child=4 2 3 -2 -1 -6 -7 -4 9 10 11 16 13 -13 -15 -14 27 18 19 -18 21 -21 -20 24 -24 -26 -27 -3 -29 -30
right_child=1 8 7 -5 5 6 -8 -9 -10 -11 -12 12 15 14 -16 -17 17 -19 22 20 -22 -23 23 -25 25 26 -28 28 29 -31
leaf_value=-0.0038610734539075487 -0.0003596567303918996 -0.002426189803535656 0.0031554490867063082 0.0071586857558029616 -0.0015243483679956542 -0.00022720588133847981 0.0050047732854778147 0.0011515855042321004 -0.0022176174744700521 0.0099012254365182725 -0.00028590127458064492 -0.0051073911117838072 -0.0048035011026152279 -0.0089180561886581453 0.0069242459995044097 0.001060243197498297 0.00085626363360302704 -4.2278144759060083e-05 -0.0058892170032637248 0.013321998351332241 0.0010311908878257174 0.0038946380108106811 -0.0019831986101630805 -0.00057864078956473993 -0.0033685443792615122 -0.00089508219682741792 0.0092477069768258768 -0.0026548830911022527 0.0055000492503285078 -0.00016309218533221918
leaf_weight=820 413 1885 202 72 1190 215 96 123 2183 258 43895 385 281 73 74 8994 14058 191649 246 50 138 55 413 5994 76 51 189 1973 142 14075
leaf_count=820 413 1885 202 72 1190 215 96 123 2183 258 43895 385 281 73 74 8994 14058 191649 246 50 138 55 413 5994 76 51 189 1973 142 14075
internal_value=-4.44084e-05 -3.57196e-05 0.00216049 0.000360824 -0.00112236 -0.000269821 0.00255627 0.00484615 -4.1915e-05 -3.35856e-05 -3.76905e-05 3.50793e-06 0.000679615 -0.00208647 0.00282313 0.000838274 -2.51967e-05 1.24683e-05 0.000441936 0.000828263 0.0077572 0.0164286 -0.000350841 -0.000203036 0.00206447 0.00686709 0.00958333 -0.000468881 -0.000308834 -0.000107971
internal_weight=290268 287947 810 485 2321 1501 311 325 287137 284954 284696 240801 9807 532 147 9275 230994 212919 21270 14301 243 105 6969 6723 729 316 240 18075 16190 14217
internal_count=290268 287947 810 485 2321 1501 311 325 287137 284954 284696 240801 9807 532 147 9275 230994 212919 21270 14301 243 105 6969 6723 729 316 240 18075 16190 14217
is_linear=0
shrinkage=0.05


Tree=206
num_leaves=31
num_cat=0
split_feature=0 15 21 24 9 9 1 2 23 2 2 19 9 23 20 23 23 15 23 9 23 14 16 17 16 2 16 16 15 21
split_gain=1.05943 1.37341 1.38397 1.27931 1.31107 1.31211 1.38369 3.44358 2.27644 1.4166 1.26285 1.1872 1.03109 2.28753 4.44453 1.95671 5.39915 2.52686 2.21515 2.04225 5.27266 5.18623 1.84312 2.70126 2.03675 1.75792 1.59009 2.13109 1.94091 3.58179
threshold=2.7350000000000008 66.500000000000014 57.500000000000007 -0.77999999999999992 998.87963867187511 184.82224273681643 7.785000000000001 -4.139999999999997 0.71952396275653763 -0.15000000000000016 0.39999999999999974 1.8550000000000002 744.82418823242199 0.99988440732898443 344.30000000000001 -0.94137724084408114 -0.62587551141915865 90.500000000000014 -0.38243420677835349 998.87963867187511 -0.85225707553516283 29.450000000000003 14.550000000000002 228.50000000000003 10.250000000000002 -12.044999999999996 17.350000000000005 11.050000000000002 82.500000000000014 12.500000000000002
decision_type=2 2 8 10 2 2 2 2 2 2 2 2 2 2 10 2 2 2 2 2 2 2 2 2 2 2 2 2 2 8
left_child=1 -1 3 -3 5 -5 7 8 -7 11 -11 -9 -2 15 -15 17 19 -14 -18 20 21 -17 23 -21 -25 -20 27 -27 -29 -30
right_child=12 2 -4 4 -6 6 -8 9 -10 10 -12 -13 13 14 -16 16 18 -19 25 22 -22 -23 -24 24 -26 26 -28 28 29 -31
leaf_value=-0.0025712285814298622 -6.9264296737310958e-05 -0.0059516560659651375 -0.00232925068220352 -0.0014890375326346037 -0.0018547316800861802 0.0024192038001334716 -0.0034416471082179354 -0.0042494082337961314 0.010256819256452498 0.0057275585262129974 -0.00019076294163694802 0.0025766928213087257 -0.0016313715384500033 0.00051084756309583812 0.0059510227618847352 0.010003026066596263 -0.0027532552390587555 0.0038001189405991484 0.0087116416670607929 -0.0016565111819477401 0.0022186485958242143 0.013970664265098718 0.0037883427749746839 0.0025299285261843069 0.006733249794267402 -4.1513441171844181e-05 -0.0027506539814620493 0.00081866079978030093 0.0050386833002136269 0.0014240344204587531
leaf_weight=1680 263359 254 736 339 368 63 73 175 53 140 57 642 1640 142 55 131 763 82 62 340 245 53 58 157 56 11703 526 5679 55 582
leaf_count=1680 263359 254 736 339 368 63 73 175 53 140 57 642 1640 142 55 131 763 82 62 340 245 53 58 157 56 11703 526 5679 55 582
internal_value=-4.25136e-05 -0.000796944 -0.000137932 0.000499075 0.000942407 0.00158236 0.00235661 0.00278761 0.0109483 0.00185404 0.0056599 0.000936351 -3.0419e-05 0.000295802 0.0056599 0.000248056 0.000384614 -0.0013705 0.000196178 0.00389423 0.00653846 0.0129348 0.00203764 0.00114828 0.00556338 0.000304454 0.000276354 0.000355457 0.00109563 0.00371271
internal_weight=290268 4580 2900 2164 1910 1542 1203 1130 116 1014 197 817 285688 22329 197 22132 20410 1722 19370 1040 429 184 611 553 213 18607 18545 18019 6316 637
internal_count=290268 4580 2900 2164 1910 1542 1203 1130 116 1014 197 817 285688 22329 197 22132 20410 1722 19370 1040 429 184 611 553 213 18607 18545 18019 6316 637
is_linear=0
shrinkage=0.05


Tree=207
num_leaves=31
num_cat=0
split_feature=22 3 20 5 17 9 15 19 19 14 22 22 17 24 9 20 15 21 15 23 9 9 19 22 20 10 24 23 5 22
split_gain=1.05036 2.20625 1.7574 1.78413 1.6416 2.00178 1.5756 1.32962 1.61462 1.91807 1.12877 4.82361 4.62458 4.32143 7.92519 5.48901 5.1299 4.08188 2.37452 3.39058 2.92292 2.36224 2.36041 2.17412 8.22879 5.00661 4.53827 8.27256 8.73404 7.67706
threshold=0.99966190462023474 7.5650000000000013 175.10000000000002 11.18857142857143 240.50000000000003 998.87963867187511 65.500000000000014 7.9350000000000014 11.815000000000003 31.050000000000004 0.99761913169647187 0.99552231814189451 20.500000000000004 1.0000000180025095e-35 331.07556152343756 155.90000000000003 64.500000000000014 47.500000000000007 75.500000000000014 -0.031174269516803289 129.88130950927737 119.25447845458986 9.6750000000000025 0.96234642434711437 107.2 3.4611111879348759 0.095000000000000015 0.14888728888808328 6.6028571428571441 0.98049069993378934
decision_type=2 2 10 2 2 2 2 2 2 2 2 2 2 10 2 10 2 8 2 2 2 2 2 2 10 2 10 2 2 2
left_child=10 -2 3 -3 -4 7 -7 -6 9 -9 11 23 17 14 16 18 21 -12 -15 -20 -21 -14 -18 -1 25 -25 -26 -28 -29 -30
right_child=1 2 4 -5 5 6 -8 8 -10 -11 12 -13 13 15 -16 -17 22 -19 19 20 -22 -23 -24 24 26 -27 27 28 29 -31
leaf_value=-6.9588823251946457e-05 -0.0029405429135203921 0.0015111717946584937 -0.0036697699044600449 0.0074997436965515809 -0.0033354033709150823 0.00017250880232026568 0.0043720661784211043 -0.00019784478494439307 -0.0067444835756902514 0.0087092670103693301 0.0031638173495899501 -0.0032511498482688684 0.0040627465521684792 0.0019490965999427541 -0.00039082461062705251 -0.0046853348290158015 0.0044587242259179292 0.010566433872709809 0.0077338130686875053 0.0082378779688931092 -0.0017922471602890397 0.011608074653837439 -0.001482942922559548 -0.002713130875403019 0.00027776520818192707 0.012106521529913315 0.0017871869200419676 0.012014238607505973 0.00087775645704731139 0.011372760414910825
leaf_weight=264924 1113 179 512 60 158 71 86 64 75 58 278 2376 53 758 437 1888 112 102 75 50 85 57 65 4065 6043 197 4941 167 684 535
leaf_count=264924 1113 179 512 60 158 71 86 64 75 58 278 2376 53 758 437 1888 112 102 75 50 85 57 65 4065 6043 197 4941 167 684 535
internal_value=-3.88963e-05 -0.00108586 0.000344417 0.00420502 -0.000556642 0.00144531 0.0061465 -0.000633804 0.0021066 0.00565574 -3.02556e-05 -4.19479e-05 0.00080808 0.000251395 0.00370166 -0.00062325 0.0101568 0.00605263 0.00243802 0.00714286 0.00240741 0.0186364 0.004887 -2.30162e-05 0.000531504 -0.00136321 0.00118432 0.00212028 0.00553391 0.00406481
internal_weight=290268 2376 1263 239 1024 512 157 355 197 122 287892 283932 3960 3580 724 2856 287 380 968 210 135 110 177 281556 16632 4262 12370 6327 1386 1219
internal_count=290268 2376 1263 239 1024 512 157 355 197 122 287892 283932 3960 3580 724 2856 287 380 968 210 135 110 177 281556 16632 4262 12370 6327 1386 1219
is_linear=0
shrinkage=0.05


Tree=208
num_leaves=31
num_cat=0
split_feature=12 7 10 0 15 9 20 20 9 13 16 13 16 14 18 18 0 17 15 5 18 3 14 15 17 17 20 4 2 2
split_gain=1.04421 1.94005 1.10556 1.01866 1.28391 1.10933 1.07515 1.04863 1.08717 1.0301 2.03251 1.9377 2.74452 4.26768 2.47792 1.93442 2.0626 2.50428 1.76419 1.77924 1.572 3.79925 1.94551 1.94247 1.93409 3.08574 2.14305 1.76534 1.64027 1.85625
threshold=4.5000000000000009 9.5000000000000018 9.3883996009826678 2.7350000000000008 66.500000000000014 998.87963867187511 338.65000000000003 306.10000000000008 285.29341125488287 11.950000000000001 8.6500000000000004 11.850000000000003 10.15 31.850000000000005 6.5650000000000004 4.3250000000000011 5.5150000000000006 22.500000000000004 58.500000000000007 42.062857142857148 5.5650000000000004 7.9000000000000012 29.050000000000004 54.500000000000007 185.50000000000003 191.50000000000003 264.90000000000003 24.195000000000004 -0.33999999999999991 -5.7699999999999978
decision_type=2 2 2 2 2 2 8 10 2 2 2 2 2 2 2 2 2 2 2 2 2 2 2 2 2 2 8 2 2 2
left_child=1 3 -3 4 -1 6 7 -6 -9 11 18 20 -13 14 -14 16 -12 -18 -11 -20 21 22 24 -24 -5 26 -26 -23 29 -25
right_child=-2 2 -4 9 5 -7 -8 8 -10 10 15 12 13 -15 -16 -17 17 -19 19 -21 -22 27 23 28 25 -27 -28 -29 -30 -31
leaf_value=-0.0024391877111957774 -0.0020997939447470917 0.01314239860978629 0.0045282793656798636 -0.0014545663809741687 0.00091297339114620199 -0.0025425805265620119 -0.0016917101294274721 0.0051764846989291215 3.3567260501725001e-05 -0.0026556991554896109 0.0005531548325710654 0.00014305608690866087 0.010505225145316061 0.013563908992654878 -0.00061305829302778713 -6.5730732409978988e-05 0.0068327161754145578 0.0026950493878516329 -0.00046243964504221732 0.0075757561455540613 -3.7767640797614426e-05 0.002252329090505397 -0.0011578475687024144 0.0034581276701254604 0.007650876079526219 5.6254970545186503e-05 0.00033547163815634412 -0.0043888475153373314 0.0017149014656841375 0.00014468477008805627
leaf_weight=1680 2183 91 167 4833 1649 510 634 54 53 1960 4642 534 79 51 160 48494 54 882 38797 55 157512 3788 1296 89 73 6063 66 254 6312 7253
leaf_count=1680 2183 91 167 4833 1649 510 634 54 53 1960 4642 534 79 51 160 48494 54 882 38797 55 157512 3788 1296 89 73 6063 66 254 6312 7253
internal_value=-3.97576e-05 -3.15023e-05 0.00430232 -3.5387e-05 -0.00077511 -0.000137932 0.000313806 0.000951024 0.00574766 -2.3426e-05 -0.000157773 4.42485e-05 0.00246359 0.00637931 0.0035774 4.32744e-05 0.000925062 0.00306624 -0.000424141 -0.000350305 3.36185e-05 0.00036517 0.000143351 0.000515049 -0.000360219 0.00022412 0.00758993 0.00179119 0.000690639 0.00018251
internal_weight=290268 288085 258 287827 4580 2900 2390 1756 107 283247 94884 188363 824 290 239 54072 5578 936 40812 38852 187539 30027 25985 14950 11035 6202 139 4042 13654 7342
internal_count=290268 288085 258 287827 4580 2900 2390 1756 107 283247 94884 188363 824 290 239 54072 5578 936 40812 38852 187539 30027 25985 14950 11035 6202 139 4042 13654 7342
is_linear=0
shrinkage=0.05


Tree=209
num_leaves=31
num_cat=0
split_feature=17 13 13 15 23 23 24 21 18 23 9 13 14 9 18 4 21 9 23 23 17 16 13 20 17 20 17 14 18 23
split_gain=1.00731 1.54997 1.25356 1.03038 3.12492 4.79242 7.08088 4.43047 3.18874 2.85943 2.69381 2.67126 2.57029 2.33946 2.25745 2.70133 2.25699 2.1779 2.99537 2.1388 2.1326 2.74049 2.04551 3.09629 1.92233 1.91511 1.86527 1.84492 3.37696 4.65549
threshold=353.50000000000006 2.9500000000000006 33.350000000000001 58.500000000000007 0.97461712852231652 0.92843842216862604 -0.40499999999999997 16.900000000000002 5.6450000000000005 0.90803977035715633 442.93069458007818 10.750000000000002 32.350000000000001 120.51617431640626 7.6350000000000007 8.4650000000000016 12.500000000000002 81.83835601806642 0.90070004940655357 0.9989598388634241 280.50000000000006 14.350000000000003 0.25000000000000006 483.65000000000003 324.50000000000006 434.10000000000008 243.50000000000003 26.650000000000002 5.4450000000000012 0.36447543099728863
decision_type=2 2 2 2 2 2 10 10 2 2 2 2 2 2 2 2 10 2 2 2 2 2 2 8 2 8 2 2 2 2
left_child=3 -2 -3 4 5 9 11 8 -8 17 -6 -7 13 25 -9 -16 -13 -1 27 26 21 -17 23 -15 -22 -10 -12 28 29 -19
right_child=1 2 -4 -5 10 6 7 14 12 -11 19 16 -14 22 15 20 -18 18 -20 -21 24 -23 -24 -25 -26 -27 -28 -29 -30 -31
leaf_value=9.9785213962710553e-05 0.0012106262287166856 -0.0022581555654362286 0.0049069451294151264 2.1307810536234862e-05 -0.0032245439637267567 -0.004918149666802726 -0.00048426395281176912 -0.0013974511230371823 0.0076127059577178321 -0.0044620012309233518 0.0045614935250916939 0.0080050548405447876 0.001834092968479235 0.0076741443342012083 0.0081466475968867951 0.0019615278943580935 -0.00066585093851076818 0.0014105678754647855 0.0040476700597690393 0.0057656802032837852 -0.0016062562154312817 0.0046295413521994268 0.011787421310679962 0.0015385718296235763 0.0027126595114678066 -0.00012836139089914897 -0.0042913608986292059 -0.0010448590372562959 -0.00014881186939514674 0.0099416139511884979
leaf_weight=31058 910 3351 112 228666 2503 762 101 263 83 758 71 53 152 51 55 235 91 103 72 73 306 55 79 50 103 59 158 19306 552 77
leaf_count=31058 910 3351 112 228666 2503 762 101 263 83 758 71 53 152 51 55 235 91 103 72 73 306 55 79 50 103 59 158 19306 552 77
internal_value=-3.92408e-05 -0.000792363 -0.00127491 -2.77212e-05 -0.000217461 -0.000133582 0.0020056 0.00401382 0.00752174 -0.000236492 -0.00184492 -0.00152318 0.00924051 0.0117702 0.00203048 0.00342175 0.00472222 -0.000191332 -0.000596719 0.00261589 0.00258226 0.00586207 0.0155556 0.0108416 0.000256723 0.00697183 0.000240173 -0.000633298 0.0018306 0.00777778
internal_weight=290268 4373 3463 285895 57229 54424 2498 1592 575 51926 2805 906 474 322 1017 754 144 51168 20110 302 699 290 180 101 409 142 229 20038 732 180
internal_count=290268 4373 3463 285895 57229 54424 2498 1592 575 51926 2805 906 474 322 1017 754 144 51168 20110 302 699 290 180 101 409 142 229 20038 732 180
is_linear=0
shrinkage=0.05


Tree=210
num_leaves=31
num_cat=0
split_feature=22 0 16 15 22 16 18 0 17 2 20 15 20 7 12 6 22 22 24 24 23 2 15 23 5 16 17 19 17 24
split_gain=1.13831 2.11277 1.97313 2.57577 2.51108 1.56192 1.54965 1.16485 1.06514 1.06551 1.42334 1.03768 1.3807 1.96378 1.33501 1.75342 1.17692 1.7722 4.01462 6.68182 3.68182 2.8605 2.65397 4.92354 2.61193 2.82884 2.68449 2.48978 1.90879 1.75228
threshold=0.99966190462023474 6.0950000000000006 8.8500000000000032 75.500000000000014 0.99983759474438971 14.750000000000002 5.9250000000000007 9.2750000000000004 250.50000000000003 -2.279999999999998 252.40000000000003 36.500000000000007 808.40000000000009 1.5000000000000002 6.5000000000000009 8.5000000000000018 -0.99630266176052629 -0.99275805973510278 -0.43999999999999995 -0.58499999999999985 0.080547328232315238 0.79000000000000026 52.500000000000007 -0.10837475778693638 11.056428571428574 9.2500000000000018 139.50000000000003 13.265000000000002 116.50000000000001 -0.43999999999999995
decision_type=2 2 2 2 2 2 2 2 2 2 10 2 10 2 2 2 2 2 10 10 2 2 2 2 2 2 2 2 2 8
left_child=11 -2 -3 5 -5 6 -4 -6 -8 -10 -11 12 13 -1 15 16 -13 18 19 20 21 28 23 27 26 -26 -21 -20 -18 -19
right_child=1 2 3 4 7 -7 8 -9 9 10 -12 14 -14 -15 -16 -17 17 29 22 24 -22 -23 -24 -25 25 -27 -28 -29 -30 -31
leaf_value=0.0022515502551260767 -0.0037994951051104641 -0.0030113151288191998 0.0037214765929759561 -0.0011269485644867727 0.0078616337610518828 0.0033182902637972148 -0.0020513683954934804 0.0070783701129971781 -0.0034206998690763297 -0.0024044905251818186 0.0029848150449964003 -0.0011355754543787362 -0.0023164534732550506 0.024693152827787539 -0.0076244986841390184 0.0088050424094548666 0.0038982222147185327 -0.00032757341936365887 0.02203804043742769 -0.00012513295333754838 -0.0046374906435636539 -0.00038071259737171699 -0.0022569507859333759 -0.0010123143149506249 0.010841303591749918 0.0074480709583263976 0.010678768136486315 0.014872075009886949 0.0036472749709571639 3.6652064370506566e-05
leaf_weight=203 778 636 68 51 60 57 381 50 70 65 160 7824 116 64 447 87 69 49299 72 117 396 148 1552 279 81 66 132 55 179 226706
leaf_count=203 778 636 68 51 60 57 381 50 70 65 160 7824 116 64 447 87 69 49299 72 117 396 148 1552 279 81 66 132 55 179 226706
internal_value=-3.8035e-05 -0.00112795 -8.76107e-05 0.00134096 0.0071118 0.000181023 -0.000430109 0.0113636 -0.00115385 0.00110169 0.00277778 -2.90399e-05 0.0025718 0.00455056 -3.25045e-05 -2.82529e-05 -3.04045e-05 -1.34527e-05 0.00116656 0.00345959 0.00080808 0.00421717 -0.00022472 0.00337438 0.00876263 0.0140476 0.00564257 0.0115354 0.0075 -2.69029e-05
internal_weight=290268 2376 1598 962 161 801 744 110 676 295 225 287892 383 267 287509 287062 286975 279151 3146 1188 792 396 1958 406 396 147 249 127 248 276005
internal_count=290268 2376 1598 962 161 801 744 110 676 295 225 287892 383 267 287509 287062 286975 279151 3146 1188 792 396 1958 406 396 147 249 127 248 276005
is_linear=0
shrinkage=0.05


Tree=211
num_leaves=31
num_cat=0
split_feature=22 3 16 20 16 15 5 2 1 18 1 24 24 22 22 0 22 22 22 9 22 0 22 22 21 17 0 22 22 2
split_gain=1.37146 1.73322 1.67839 1.19097 2.10243 1.43951 1.30066 0.9862 2.12971 2.12598 2.29629 2.093 3.22281 6.58289 5.90828 5.77273 5.35061 6.76275 3.62838 7.75642 3.26469 3.44621 3.39291 4.77717 4.09834 2.71702 3.07576 2.59633 7.28641 6.3543
threshold=0.99966190462023474 6.4466666666666681 14.750000000000002 388.40000000000003 9.1500000000000004 81.500000000000014 10.145000000000003 -0.41999999999999976 6.7550000000000008 9.1050000000000022 10.515000000000002 -0.65999999999999981 -0.55499999999999983 -0.98803845231459242 -0.99275805973510278 7.7250000000000005 -0.92923668111203805 -0.79384350655589164 -0.86976336936302323 395.71284484863287 -0.861146256326485 6.9750000000000005 -0.84315017450793706 -0.82415615971448097 16.900000000000002 54.500000000000007 4.8050000000000006 -0.76141707087277943 -0.75015329512557205 -3.5399999999999996
decision_type=2 2 2 8 2 2 2 2 2 2 2 8 8 2 2 2 2 2 2 2 2 2 2 2 10 2 2 2 2 2
left_child=7 -2 3 5 -5 -3 -7 8 -1 10 -9 -10 13 14 25 -16 -15 18 -18 20 21 -20 -22 24 -24 -13 -27 -19 29 -29
right_child=1 2 -4 4 -6 6 -8 9 11 -11 -12 12 -14 16 15 -17 17 27 19 -21 22 -23 23 -25 -26 26 -28 28 -30 -31
leaf_value=-0.00068220922876727349 -0.0033409629918701384 -0.0015270562036682404 0.0031211509547018489 -0.0037943066142948631 0.0051036531139166813 -0.0025399353211305715 0.0093431736173010954 0.00018141020301928353 -0.0011506456274681367 -0.00018528587702215942 0.0015680828733724364 0.0083844421790338405 -8.443949213790551e-05 -0.0063720287024460563 0.016689018968633701 0.0094850702420233805 0.0016225193915012993 -0.011639883284386662 0.0074167053094931698 0.0090175867863581862 -0.0056781023970559064 0.0045995326323388956 0.0064556272868973898 0.00089479881970045631 0.01800693080774228 0.0069122533954754373 -0.00020013263778288824 5.2772935786002377e-06 8.2194140195216702e-05 0.011067276954664015
leaf_weight=24249 755 1182 69 124 130 56 60 83560 5396 79194 3591 145 84965 1148 66 95 512 242 50 50 131 52 95 197 66 50 411 76 3463 88
leaf_count=24249 755 1182 69 124 130 56 60 83560 5396 79194 3591 145 84965 1148 66 95 512 242 50 50 131 52 95 197 66 50 411 76 3463 88
internal_value=-3.68292e-05 -0.00123317 -0.000311537 -0.000650774 0.00248031 -0.00126348 0.00405172 -2.69557e-05 -0.000135216 5.21495e-05 0.000222544 -3.07315e-05 2.54607e-05 0.0010617 0.00543025 0.0139441 0.000518637 0.00122262 0.00458369 0.00709048 0.00549069 0.0136274 0.00379345 0.00631285 0.0127019 0.00316832 0.00129067 0.000220986 0.000555554 0.0108537
internal_weight=290268 2376 1621 1552 254 1298 116 287892 121547 166345 87151 97298 91902 6937 767 161 6170 5022 1153 641 591 102 489 358 161 606 461 3869 3627 164
internal_count=290268 2376 1621 1552 254 1298 116 287892 121547 166345 87151 97298 91902 6937 767 161 6170 5022 1153 641 591 102 489 358 161 606 461 3869 3627 164
is_linear=0
shrinkage=0.05


Tree=212
num_leaves=31
num_cat=0
split_feature=23 23 24 24 19 9 24 20 20 2 24 1 23 4 9 2 23 5 23 14 23 24 4 13 12 23 24 20 23 23
split_gain=1.00752 8.22697 12.1338 35.0189 17.1483 9.89453 8.69823 7.72279 7.28429 5.072 4.96425 8.47397 6.0663 5.43455 4.55381 3.87557 3.77986 4.18757 3.50373 3.52618 3.40705 21.7534 4.20137 3.62373 3.45631 3.09543 6.3542 5.06301 4.33497 6.35601
threshold=-0.6523320455745395 -0.6905596507703472 0.69500000000000006 0.53000000000000014 7.1650000000000009 322.30685424804693 -0.089999999999999983 499.7000000000001 379.30000000000001 -2.0299999999999998 1.4950000000000003 8.7150000000000016 -0.71502926860092908 18.345000000000002 248.98963165283206 -0.49000000000000005 -0.6652727025667432 10.296428571428574 -0.6652727025667432 31.350000000000005 -0.57077231802681661 -0.24999999999999997 9.0550000000000015 6.7500000000000009 1.0000000180025095e-35 -0.85225707553516283 -0.029999999999999995 286.80000000000001 -0.99273797715557011 -0.90161545992537195
decision_type=2 2 8 10 2 2 10 8 10 2 8 2 2 2 2 2 2 2 2 2 2 8 2 2 2 2 10 10 2 2
left_child=1 10 3 6 -5 9 8 -8 14 -6 12 13 25 -12 16 -9 17 -3 19 -11 21 22 23 -2 -24 27 -27 28 -1 -30
right_child=20 2 -4 4 5 -7 7 15 -10 18 11 -13 -14 -15 -16 -17 -18 -19 -20 -21 -22 -23 24 -25 -26 26 -28 -29 29 -31
leaf_value=-0.0010925803293597731 0.0043933143144589569 0.0019085159221286564 -0.0028952699351285039 9.7993025747691084e-05 0.011323177179983787 0.010284266274832702 -0.0051601256822512926 0.0063807076177816533 0.011413168823800101 0.0090046539947046516 0.0030595757270215616 0.0005933626012731458 -0.0045077087877273799 0.015473278290149307 -0.0051747380845805603 0.0011222888946654489 0.0091792729826051609 0.011312548520452714 0.0057241000509205258 0.013487814000790539 -5.7717458961332145e-05 -0.0031212280581862061 0.0040305307879671369 0.0087460459208656919 0.011007753884659023 -0.0013933151512489892 0.0013226913195345867 -0.0011391716119305679 0.0014043916100726648 -0.0021440301334257144
leaf_weight=5402 55 208 1782 150 50 86 1083 242 58 127 1595 7781 2772 128 135 457 91 102 108 73 201564 8316 957 51 125 5148 12870 23267 12012 3473
leaf_count=5402 55 208 1782 150 50 86 1083 242 58 127 1595 7781 2772 128 135 457 91 102 108 73 201564 8316 957 51 125 5148 12870 23267 12012 3473
internal_value=-3.52789e-05 0.000116792 0.00213384 0.00409091 0.0149495 0.0198874 0.00137626 -0.000370372 0.00661616 0.016229 -1.19558e-05 0.00105534 -0.000168146 0.00422809 0.00479477 0.00372675 0.00746883 0.00483871 0.0138312 0.01775 -9.23411e-05 -0.00101747 0.00531145 0.0148113 0.00438078 -6.61081e-05 0.000486179 -0.000291481 0.000273614 0.000699062
internal_weight=290268 79200 4752 2970 594 444 2376 1782 594 358 74448 9504 64944 1723 536 699 401 310 308 200 211068 9504 1188 106 1082 62172 18018 44154 20887 15485
internal_count=290268 79200 4752 2970 594 444 2376 1782 594 358 74448 9504 64944 1723 536 699 401 310 308 200 211068 9504 1188 106 1082 62172 18018 44154 20887 15485
is_linear=0
shrinkage=0.05


Tree=213
num_leaves=31
num_cat=0
split_feature=22 23 21 24 9 1 17 16 15 22 17 9 5 20 15 22 24 20 9 22 20 11 22 24 22 4 1 22 24 23
split_gain=1.05572 3.88966 5.30696 4.43947 10.0106 4.79459 4.32895 4.83805 3.45285 2.36335 3.75719 2.85325 5.93185 2.25778 1.95326 1.85871 2.48387 3.47206 2.15678 1.82723 7.94156 4.58005 4.44832 15.6711 4.99074 7.10286 8.37056 4.09917 6.77644 8.18919
threshold=0.99552231814189451 0.063390085881955341 42.500000000000007 1.0000000180025095e-35 295.06581115722662 12.295000000000002 18.500000000000004 8.4500000000000011 67.500000000000014 0.99818282439137029 12.500000000000002 616.95419311523449 12.876428571428574 281.80000000000001 70.500000000000014 0.99761913169647187 0.36500000000000005 285.7000000000001 117.96585083007814 0.96234642434711437 107.2 11.154999732971193 0.94704596667653973 1.1900000000000002 0.95998215779580554 11.585000000000003 8.1450000000000014 0.92922379131507438 0.095000000000000015 0.3484035575467645
decision_type=2 2 8 10 2 2 2 2 2 2 2 2 2 10 2 2 10 10 2 2 10 2 2 10 2 2 2 2 10 2
left_child=19 2 3 4 5 13 7 -4 -9 10 -5 -11 14 -2 -13 -12 18 -18 -17 22 21 -21 27 -24 25 -25 -27 -1 29 -29
right_child=1 -3 6 9 -6 -7 -8 8 -10 11 15 12 -14 -15 -16 16 17 -19 -20 20 -22 -23 23 24 -26 26 -28 28 -30 -31
leaf_value=-6.002321734947287e-05 0.0042007740593469024 -0.0044318283514922733 -0.001260284537685997 0.0064375027441525984 -0.0012350430269658539 -0.00031479325080571805 0.0013517097600653789 0.0065862550090651228 0.011803016859791095 -0.0060764256831131909 -0.0025384452840544413 -0.0033039226503076935 0.0078754680727056142 0.0088432574597424613 0.0025048898557947182 0.0040396499593526756 0.0059455994797033207 -5.6318169445681524e-05 -0.0075446557969938337 -0.0023344893379657144 0.0015708841084086525 0.019353436987231284 -0.0053925095778143625 0.0072259280067088084 -0.00055702904842707106 0.015151968894306273 0.0072402560523594783 0.0067259654936799307 -7.0108812336358553e-05 -0.0028159696605160548
leaf_weight=255420 57 1584 71 52 718 84 2148 51 75 2075 532 343 67 146 217 94 73 88 237 4186 12370 76 4158 263 198 56 77 1386 2970 396
leaf_count=255420 57 1584 71 52 718 84 2148 51 75 2075 532 343 67 146 217 94 73 88 237 4186 12370 76 4158 263 198 56 77 1386 2970 396
internal_value=-3.8724e-05 -0.000580809 -8.27734e-05 -0.00103805 0.00191542 0.00980836 0.00186567 0.00895939 0.0148413 -0.00182372 0.000157991 -0.00261288 0.000342902 0.0139655 -0.00133929 -0.000507814 0.00170732 0.00680124 -0.000770394 -2.19506e-05 0.000486411 -0.00137494 -5.38657e-05 -0.00156987 0.00602693 0.00926768 0.0186842 -2.61762e-05 0.00142887 0.00386644
internal_weight=290268 8712 7128 4783 1005 287 2345 197 126 3778 1076 2702 627 203 560 1024 492 161 331 281556 16632 4262 264924 4752 594 396 133 260172 4752 1782
internal_count=290268 8712 7128 4783 1005 287 2345 197 126 3778 1076 2702 627 203 560 1024 492 161 331 281556 16632 4262 264924 4752 594 396 133 260172 4752 1782
is_linear=0
shrinkage=0.05


Tree=214
num_leaves=31
num_cat=0
split_feature=22 20 17 3 16 24 9 16 2 22 24 9 1 4 22 4 9 5 22 9 17 15 14 16 22 20 22 24 22 4
split_gain=0.98842 3.28491 4.21211 3.45806 3.4229 2.4764 4.13405 2.10709 1.96981 1.88188 3.71249 9.62906 4.71528 4.63744 3.99891 3.54949 2.5303 5.37433 2.42844 2.43694 2.10767 1.8747 4.1463 1.83004 1.68521 6.89778 4.20691 13.1747 4.12458 5.67995
threshold=0.99552231814189451 180.30000000000004 18.500000000000004 6.2783333333333333 8.4500000000000011 1.1900000000000002 91.041286468505874 9.5500000000000025 0.080000000000000973 0.99761913169647187 1.0000000180025095e-35 434.05938720703131 12.915000000000001 12.565000000000003 0.99966190462023474 9.6450000000000014 695.77572631835949 12.272142857142859 0.99818282439137029 100.3701515197754 264.50000000000006 74.500000000000014 29.250000000000004 8.7500000000000018 0.96234642434711437 107.2 0.94704596667653973 1.1900000000000002 0.95998215779580554 11.585000000000003
decision_type=2 10 2 2 2 10 2 2 2 2 10 2 2 2 2 2 2 2 2 2 2 2 2 2 2 10 2 10 2 2
left_child=24 2 4 -3 -2 21 7 -7 -6 -5 11 12 13 23 -15 20 18 -18 19 -17 -12 -4 -23 -11 26 -26 -1 -28 29 -29
right_child=1 3 5 9 8 6 -8 -9 -10 10 15 -13 -14 14 -16 16 17 -19 -20 -21 -22 22 -24 -25 25 -27 27 28 -30 -31
leaf_value=-3.1549838087043773e-05 0.00052533174276039082 -0.0064894162550397138 0.00029580777889855691 -0.0031746087798167652 0.0073312654316588831 0.0063996108620594655 -0.0044639807557112785 -8.8409998306062843e-05 0.011431871219365031 0.0056336529332115925 0.00059004531390389114 -0.0018857143803048225 -0.00041514918743390755 0.012958878584142934 0.003065723373137793 0.0045568610893321681 -0.00054069717866678637 0.0078288320794328674 -0.0052533019567723386 -0.0048050032064019879 0.0058099141199355348 0.0015685997579486792 0.0073581630441713897 0.0025427113836734997 -0.0018245035201378023 0.0014923399029882138 -0.0051228840989236508 0.006864631606373366 -0.00052917759600572527 0.012873897370332916
leaf_weight=260172 104 871 918 1466 53 126 822 171 52 51 122 545 125 92 61 132 299 64 1636 232 92 456 83 139 4262 12370 4158 263 198 133
leaf_count=260172 104 871 918 1466 53 126 822 171 52 51 122 545 125 92 61 132 299 64 1636 232 92 456 83 139 4262 12370 4158 263 198 133
internal_value=-3.90685e-05 -0.000563592 0.000852782 -0.00122912 0.00767942 0.000298912 -0.00147006 0.00358586 0.0140476 -0.000727849 -0.000111422 0.00245311 0.00771367 0.0107434 0.0172222 -0.00111952 -0.00167795 0.00216253 -0.002375 0.00131868 0.00504673 0.00165751 0.00399814 0.00552631 -2.28386e-05 0.000465367 -5.34882e-05 -0.00152778 0.00543771 0.00838384
internal_weight=290268 8712 2785 5927 209 2576 1119 297 105 5056 3590 1013 468 343 153 2577 2363 363 2000 364 214 1457 539 190 281556 16632 264924 4752 594 396
internal_count=290268 8712 2785 5927 209 2576 1119 297 105 5056 3590 1013 468 343 153 2577 2363 363 2000 364 214 1457 539 190 281556 16632 264924 4752 594 396
is_linear=0
shrinkage=0.05


Tree=215
num_leaves=31
num_cat=0
split_feature=16 17 9 24 23 22 22 20 23 9 22 13 9 23 20 20 13 3 23 18 0 22 22 24 4 2 20 23 17 0
split_gain=0.929257 2.66071 2.53517 2.92714 2.99079 7.74205 3.10217 3.09046 3.35065 3.27343 2.42489 2.4445 2.30216 2.01147 2.64329 2.45205 3.37519 2.11812 1.9749 1.94457 5.01381 3.00615 2.24797 3.50532 2.79332 3.64059 2.59723 2.20895 2.90741 2.14738
threshold=7.5500000000000007 271.50000000000006 71.13336563110353 0.69500000000000006 -0.79382744783423187 0.58481550752069722 0.59868201182722736 137.60000000000002 -0.99465740988130902 359.44091796875006 -0.98523971305672675 14.65 254.37982940673831 0.99530134160901229 177.80000000000004 275.50000000000006 15.350000000000003 6.9816666666666665 -0.77243990499604276 5.9650000000000007 8.0850000000000026 -0.17647087149565668 -0.15101209918632377 -0.60499999999999987 5.9850000000000012 -0.0899999999999994 307.2000000000001 -0.056951011027366626 42.500000000000007 1.9350000000000003
decision_type=2 2 2 10 2 2 2 8 2 2 2 2 2 2 10 10 2 2 2 2 2 2 2 10 2 2 10 2 2 2
left_child=1 2 -1 4 5 7 -7 8 -4 12 11 -5 -10 -3 -15 16 17 -16 -6 20 22 -22 24 -24 27 26 -26 28 -2 -27
right_child=19 13 3 10 18 6 -8 -9 9 -11 -12 -13 -14 14 15 -17 -18 -19 -20 -21 21 -23 23 -25 25 29 -28 -29 -30 -31
leaf_value=0.0010449329435458642 0.0061992402814403024 -0.0012101963875355314 -0.0022946462373588288 -5.3188146072406178e-05 -0.0069170424154970352 0.0091541651656402191 0.0028258731966251654 0.00042137328968806754 0.0088565367414006335 0.0023609074466636741 -0.001306047040688315 0.0074030888958953201 0.0089954658450993197 -0.0032425061292560699 0.0087983318304113364 -0.0022068858204036157 -0.00076304273933919546 0.011182427593127009 -0.0001599620081495084 -7.8228579794232302e-05 0.00041857415821104405 0.00344062558823033 -0.0045736637601803036 -3.457680678686117e-05 -0.00033379086121441406 0.0040140279393894602 0.0014643496581540315 -0.0019251087369570583 0.0021529805024120296 0.001942672616625522
leaf_weight=8533 50 13498 98 183 468 74 94 5244 52 192 11779 105 51 158 89 124 79 59 22027 175184 1423 2140 613 30195 6152 79 4211 2410 301 4603
leaf_count=8533 50 13498 98 183 468 74 94 5244 52 192 11779 105 51 158 89 124 79 59 22027 175184 1423 2140 613 30195 6152 79 4211 2410 301 4603
internal_value=-3.8724e-05 -0.000208801 -3.4766e-05 -0.000200289 7.77373e-05 0.00108958 0.0116667 0.000774347 0.00505089 0.00771186 -0.000852326 0.00368055 0.0149029 -0.000816379 0.00226915 0.00468661 0.00777533 0.0122297 -0.000183375 8.33357e-06 0.00027627 0.00208672 0.000143579 -0.000114906 0.000590811 0.000859088 0.000336291 -0.000871062 0.00283476 0.00201623
internal_weight=290268 62907 48900 40367 28300 5805 168 5637 393 295 12067 288 103 14007 509 351 227 148 22495 227361 52177 3563 48614 30808 17806 15045 10363 2761 351 4682
internal_count=290268 62907 48900 40367 28300 5805 168 5637 393 295 12067 288 103 14007 509 351 227 148 22495 227361 52177 3563 48614 30808 17806 15045 10363 2761 351 4682
is_linear=0
shrinkage=0.05


Tree=216
num_leaves=31
num_cat=0
split_feature=12 6 0 15 23 20 2 22 22 20 20 18 5 13 20 22 24 24 23 15 23 2 2 5 15 13 15 19 15 20
split_gain=0.982642 1.44847 0.953659 1.19743 1.13909 1.2529 1.38919 1.01645 1.63054 1.52884 1.76992 1.55274 1.78852 2.23456 1.9261 1.46307 3.17283 4.96271 3.34181 2.68752 4.3442 2.63044 1.85699 6.12051 3.39009 2.39534 1.43427 1.33402 1.68101 1.2856
threshold=6.5000000000000009 8.5000000000000018 2.7350000000000008 66.500000000000014 -0.97874870457683594 217.40000000000003 -4.3949999999999978 -0.99630266176052629 -0.99985146406598202 349.30000000000001 155.90000000000003 5.4050000000000011 12.876428571428574 5.1500000000000012 402.00000000000006 -0.99275805973510278 -0.43999999999999995 -0.58499999999999985 0.080547328232315238 49.500000000000007 -0.10837475778693638 0.79000000000000026 2.3300000000000001 8.800714285714287 66.500000000000014 5.2500000000000009 72.500000000000014 4.785000000000001 68.500000000000014 366.10000000000008
decision_type=2 2 2 2 2 10 2 2 2 10 10 2 2 2 10 2 10 10 2 2 2 2 2 2 2 2 2 2 2 10
left_child=1 2 3 -1 -5 -6 -7 8 9 10 -4 -11 -13 14 -14 16 17 18 21 20 -18 27 24 -24 29 -26 -12 -9 -29 -19
right_child=-2 -3 7 4 5 6 -8 15 -10 11 26 12 13 -15 -16 -17 19 22 -20 -21 -22 -23 23 -25 25 -27 -28 28 -30 -31
leaf_value=-0.0021895475750111286 -0.0060970849213646929 0.0086060754327847416 0.0085808743556641445 0.0029556837893148233 -0.0019578588492336138 0.0064430610990532577 0.0002822263367399841 0.0025691335918049995 -0.001911236122484817 0.0066733649129318284 -0.0049513825143502558 -0.0019737184612236814 0.0071558167502074168 0.008118538253860939 -0.0012187673166369995 -2.6007518978219113e-05 0.019362511194322397 -0.0046277526766525324 -0.004892390863777068 -0.0016038168426961649 3.878797857550514e-05 -0.00034245042446631486 0.00017541470756016859 0.013203302403351611 0.0047821262592364971 0.0073380189586779989 0.0020915956451300864 0.006332218433901699 0.0020278226075152793 0.0023082627131382218
leaf_weight=1680 481 94 57 155 1609 88 1048 66 6215 95 653 231 53 70 159 274219 85 65 363 1684 191 148 56 71 64 53 255 88 93 79
leaf_count=1680 481 94 57 155 1609 88 1048 66 6215 95 653 231 53 70 159 274219 85 65 363 1684 191 148 56 71 64 53 255 88 93 79
internal_value=-3.92408e-05 -3.54928e-05 -3.75064e-05 -0.000753276 -0.000137932 -0.000373407 0.000897886 -2.60084e-05 -0.000589369 0.000848696 -0.000388602 0.0028125 0.00172515 0.00439716 0.00183962 -1.01878e-05 0.0010689 0.00315881 0.000804748 -0.000153062 0.00442029 0.00398734 0.00775773 0.0127165 0.00534483 0.0116667 -0.000925111 0.00714575 0.00936464 0.000208332
internal_weight=290268 289787 289693 4580 2900 2745 1136 285113 7788 1573 965 608 513 282 212 277325 3106 1146 758 1960 276 395 388 127 261 117 908 247 181 144
internal_count=290268 289787 289693 4580 2900 2745 1136 285113 7788 1573 965 608 513 282 212 277325 3106 1146 758 1960 276 395 388 127 261 117 908 247 181 144
is_linear=0
shrinkage=0.05


Tree=217
num_leaves=31
num_cat=0
split_feature=15 22 22 14 13 23 23 20 22 4 20 19 17 22 20 5 15 16 4 22 22 16 24 13 20 19 24 2 1 4
split_gain=0.985443 2.42035 3.38029 2.94592 2.42901 2.70883 6.01592 3.26845 2.45878 6.55377 3.62473 3.94333 2.23591 4.17658 1.83582 3.62068 3.12128 2.33357 3.03211 1.86785 1.83061 1.82286 1.63228 3.62619 1.70837 1.62502 2.30977 1.71001 2.01094 3.16003
threshold=58.500000000000007 0.99053107487289871 0.97112537654464559 33.850000000000001 0.15000000000000005 0.95936279103287792 0.94066717844141279 444.30000000000001 -0.91597725483594616 7.8650000000000011 398.65000000000003 8.0550000000000015 305.50000000000006 0.3261394409934788 284.65000000000003 7.0521428571428588 56.500000000000007 8.2500000000000018 8.3650000000000002 0.98049069993378934 0.97696484778429815 8.7500000000000018 1.0000000180025095e-35 5.3500000000000005 350.50000000000006 8.4850000000000012 -0.22499999999999995 3.0100000000000016 18.695000000000004 31.495000000000001
decision_type=2 2 2 2 2 2 2 8 2 2 10 2 2 2 10 2 2 2 2 2 2 2 10 2 10 2 10 2 2 2
left_child=1 2 4 14 5 6 8 -8 9 -1 11 -11 13 -9 19 16 17 -16 -19 -4 -17 -12 23 -3 -25 -23 -27 28 29 -28
right_child=-2 22 3 -5 -6 -7 7 12 -10 10 21 -13 -14 -15 15 20 -18 18 -20 -21 -22 25 -24 24 -26 26 27 -29 -30 -31
leaf_value=0.012568671840643442 9.866893808704218e-06 -0.0033718144278066819 0.0041779228907313998 0.0091609614100524508 -0.00060733913746150597 -0.003341402255902333 0.0076601814322861872 0.0018483650932193474 -9.7181755499920386e-05 0.019170222309272476 -0.0062364390129286233 0.0070068319444587792 -0.00040208576691355712 0.0071163950537864789 0.003542303814861042 -0.0070992479945205678 0.00197260872686052 0.01480703686184558 0.0084752068150270032 -0.0051295551571491713 0.003529930601699708 -0.0017491903484739609 -0.0047775078230639211 0.0055777655561204398 0.0073041602012459588 -0.0053275869118391351 0.0069896901520240286 -0.00026278518927913509 0.0021124634661863861 0.029537436555363096
leaf_weight=55 232444 200 185 50 40002 774 79 195 9891 50 331 300 132 83 54 150 129 63 77 268 706 385 1624 60 56 321 682 476 366 80
leaf_count=55 232444 200 185 50 40002 774 79 195 9891 50 331 300 132 83 54 150 129 63 77 268 706 385 1624 60 56 321 682 476 366 80
internal_value=-3.78628e-05 -0.000222573 -0.000162302 0.00204518 -0.000230804 0.000330985 0.000496796 0.00594069 0.000291025 0.00153316 0.00121865 0.006 0.00414634 0.00669065 0.00167892 0.0027184 0.0072291 0.0112371 0.0146429 -0.00102649 0.00101635 0.000585004 -0.00195876 0.00132911 0.00836207 0.00108225 0.00167532 0.00245012 0.00351064 0.00497375
internal_weight=290268 57824 55884 1682 54202 14200 13426 489 12937 3046 2991 350 410 278 1632 1179 323 194 140 453 856 2641 1940 316 116 2310 1925 1604 1128 762
internal_count=290268 57824 55884 1682 54202 14200 13426 489 12937 3046 2991 350 410 278 1632 1179 323 194 140 453 856 2641 1940 316 116 2310 1925 1604 1128 762
is_linear=0
shrinkage=0.05


Tree=218
num_leaves=31
num_cat=0
split_feature=15 22 22 14 0 20 14 3 4 9 24 22 13 14 0 22 22 5 0 4 20 4 14 19 21 20 17 5 22 22
split_gain=0.968898 2.21418 3.29256 2.48714 2.20348 2.61826 2.95604 3.77413 3.15853 2.83573 2.17034 2.15638 1.97526 2.3371 6.61558 1.57741 3.04921 2.87527 2.6931 2.66281 2.56574 2.19259 1.7357 1.62299 1.71789 2.65898 1.59533 1.55738 2.90216 5.0152
threshold=58.500000000000007 0.99053107487289871 0.97112537654464559 33.850000000000001 9.7050000000000018 284.65000000000003 30.550000000000004 6.1116666666666681 9.3550000000000022 34.920574188232429 -0.65999999999999981 0.98667101781630195 0.15000000000000005 27.050000000000004 9.1750000000000025 -0.91597725483594616 -0.92923668111203805 7.6450000000000022 17.475000000000005 31.495000000000001 386.80000000000001 38.115000000000002 30.950000000000003 7.5050000000000008 72.500000000000014 685.70000000000016 173.50000000000003 14.396428571428574 -0.55657520495441892 -0.46801505794253101
decision_type=2 2 2 2 2 10 2 2 2 2 8 2 2 2 2 2 2 2 2 2 10 2 2 2 10 10 2 2 2 2
left_child=1 2 10 4 5 9 7 -7 -9 -4 -1 -8 13 14 -12 16 18 -18 19 20 -15 -21 -22 -24 -25 26 -26 -2 -29 -30
right_child=27 -3 3 -5 -6 6 11 8 -10 -11 12 -13 -14 15 -16 -17 17 -19 -20 21 22 -23 23 24 25 -27 -28 28 29 -31
leaf_value=-0.0023897293937462953 -3.9047473718478297e-05 -0.0033596592534294242 0.012358773125698557 0.0087029133395498236 -0.00091468742874872529 0.0061180271091407657 0.00082102112793503476 0.013780317294093777 0.0065414541695335256 -0.0020230850099479873 0.0066352081329526906 0.011319973993256847 -0.00048817342945874472 0.0090750229922454666 -0.0025895850294452775 -1.4291948345892764e-05 0.013039742473280855 0.005064149877510098 -0.0021992780780780495 0.022015063142910969 -0.0039825368417299159 0.0056465478317960279 -0.0035553605792147686 0.0021112002073541965 0.0055149547530477959 1.8237527788076554e-05 0.020398726655636877 -0.00018078958318792926 0.0063048438024465251 0.00080131151357217152
leaf_weight=2628 209929 1940 61 50 763 67 287 50 55 280 90 69 37867 119 86 10571 52 187 1044 64 237 105 169 678 77 129 99 11473 1086 9956
leaf_count=2628 209929 1940 61 50 763 67 287 50 55 280 90 69 37867 119 86 10571 52 187 1044 64 237 105 169 678 77 129 99 11473 1086 9956
internal_value=-3.76905e-05 -0.000220844 -0.000163196 0.00201546 0.00167892 0.00340046 0.00560606 0.0109884 0.0169048 -1.46639e-05 -0.000230804 0.00300562 -0.000159384 0.000354927 0.00607954 0.000280466 0.00130067 0.00671548 0.000825063 0.00206619 0.0013992 0.00801775 0.000795535 0.00159722 0.00237538 0.0054918 0.00948864 7.87167e-06 0.000403063 0.000981705
internal_weight=290268 57824 55884 1682 1632 869 528 172 105 341 54202 356 51574 13707 176 13531 2960 239 2721 1677 1508 169 1389 1152 983 305 176 232444 22515 11042
internal_count=290268 57824 55884 1682 1632 869 528 172 105 341 54202 356 51574 13707 176 13531 2960 239 2721 1677 1508 169 1389 1152 983 305 176 232444 22515 11042
is_linear=0
shrinkage=0.05


Tree=219
num_leaves=31
num_cat=0
split_feature=22 22 24 24 23 2 14 15 19 2 1 23 19 24 13 5 19 16 24 22 22 18 22 22 14 22 23 24 18 9
split_gain=0.961313 1.50283 3.367 4.72896 2.90909 2.6039 2.58049 2.02675 2.60909 2.23438 3.24 1.67939 4.11397 2.93535 1.533 1.34406 2.19971 2.01184 1.27064 5.09253 9.0286 6.94628 5.20788 4.64015 4.67519 4.18188 4.33693 4.13649 11.8941 6.38526
threshold=-0.99630266176052629 -0.99275805973510278 -0.43999999999999995 -0.58499999999999985 0.080547328232315238 0.79000000000000026 30.050000000000004 64.500000000000014 9.4950000000000028 2.3300000000000001 6.2350000000000012 -0.10837475778693638 13.265000000000002 1.4950000000000003 4.4500000000000011 8.6964285714285747 6.8850000000000007 10.750000000000002 -0.43999999999999995 0.48314048284850658 0.21022171450811275 9.1050000000000022 0.15951094710994371 0.17646842360078763 30.750000000000004 -0.97509794945709805 0.14888728888808328 -0.58499999999999985 8.5150000000000023 131.21736145019534
decision_type=2 2 10 10 2 2 2 2 2 2 2 2 2 10 2 2 2 2 8 2 2 2 2 2 2 2 2 10 2 2
left_child=-1 2 3 4 5 -2 -4 9 14 -5 -11 12 -8 -14 -9 16 -13 -18 19 20 22 -21 25 24 -24 26 27 -3 29 -29
right_child=1 18 6 7 -6 -7 11 8 -10 10 -12 15 13 -15 -16 -17 17 -19 -20 21 -22 -23 23 -25 -26 -27 -28 28 -30 -31
leaf_value=-0.0010188335584561667 0.0034345702529354535 -0.0023909129027993837 -0.0065544087153800576 -0.00039427106759000485 -0.0043091414697505144 -0.00027359746851110875 -0.0015447829062990293 0.0014273248985712569 0.011119135190351799 0.0015848055132976378 0.012602934432029547 -0.002101707496230155 0.005290498189611568 0.014480419547582293 0.0070603359454453288 -0.0020105932145672166 0.0060995620111490897 -0.00063871991921607071 1.9377435739238892e-05 0.002067176887420843 -0.0036875219552298822 0.0094143647160398348 0.0031015924437618205 0.0016440934981707272 0.012547055465494726 4.2536060830123374e-06 -0.0070498620014511175 0.016070957358641152 -0.00092251015056072033 0.0057799645415808464
leaf_weight=7920 248 1584 501 122 396 148 239 51 57 50 50 87 111 73 66 847 72 50 229878 726 6732 66 332 792 64 37026 1584 70 272 54
leaf_count=7920 248 1584 501 122 396 148 239 51 57 50 50 87 111 73 66 847 72 50 229878 726 6732 66 332 792 64 37026 1584 70 272 54
internal_value=-3.75182e-05 -2.22787e-05 0.0010606 0.00316498 0.000934342 0.00396465 -0.000202021 0.00762626 0.0116667 0.00445946 0.01 0.000848545 0.00351064 0.00913043 0.00739316 -0.000217804 0.0033732 0.00770492 -3.45667e-05 -0.000264899 -0.00032983 0.00371212 -5.60115e-05 0.00320707 0.00762626 -0.000151516 -0.00178732 -0.000227274 0.00434343 0.0171774
internal_weight=290268 282348 3168 1188 792 396 1980 396 174 222 100 1479 423 184 117 1056 209 122 279180 49302 48510 792 41778 1188 396 40590 3564 1980 396 124
internal_count=290268 282348 3168 1188 792 396 1980 396 174 222 100 1479 423 184 117 1056 209 122 279180 49302 48510 792 41778 1188 396 40590 3564 1980 396 124
is_linear=0
shrinkage=0.05


Tree=220
num_leaves=31
num_cat=0
split_feature=15 14 11 12 8 6 5 22 22 22 12 24 19 17 15 17 1 13 22 22 14 15 9 19 20 18 18 24 22 24
split_gain=0.941372 1.16122 1.1337 1.00435 1.74326 1.03986 0.932324 5.12223 3.25081 4.05772 3.14436 4.0142 2.74557 2.28427 2.68531 2.26684 2.21698 2.20551 1.85377 2.33755 1.49218 1.82064 3.72612 1.56906 1.42647 1.37289 2.18574 2.66895 5.51483 6.57559
threshold=36.500000000000007 35.150000000000013 33.460000991821296 6.5000000000000009 115.50000000000001 8.5000000000000018 18.457142857142859 -0.56368474752277564 -0.26037633224328088 -0.30163705152652742 1.5000000000000002 -0.064999999999999988 11.185 278.50000000000006 68.500000000000014 250.50000000000003 21.455000000000002 0.8500000000000002 -0.99866806308218525 -0.99985146406598202 30.250000000000004 67.500000000000014 55.44726753234864 7.8950000000000005 166.10000000000002 24.385000000000002 12.065000000000003 0.24500000000000002 0.98213580174693105 0.36500000000000005
decision_type=2 2 2 2 2 2 2 2 2 2 2 8 2 2 2 2 2 2 2 2 2 2 2 2 10 2 2 10 2 10
left_child=2 3 -1 4 5 6 18 -8 9 10 13 -12 -11 -9 -15 17 -13 -10 19 24 21 22 -19 -24 -2 26 -20 -28 -29 -30
right_child=1 -3 -4 -5 -6 -7 7 8 15 12 11 16 -14 14 -16 -17 -18 20 25 -21 -22 -23 23 -25 -26 -27 27 28 29 -31
leaf_value=0.001254313619164389 0.0082071971139098861 -0.0063911816836728155 0.016683224282744685 -0.0068855501676314615 0.015563003452690552 0.0064980458126124852 -0.00057211203284764491 0.00080667561015374694 -0.0042289324905847156 0.0064573390675022801 -0.0003645961286115722 0.020832971631009379 0.013863457196126944 0.0017119291234976505 0.0083341200556477438 -0.0011826648824363227 0.014915604730668997 -0.0012906094906082145 6.9134129919534016e-06 -0.0048913163011022045 0.0012630036167944399 0.0028819682558884462 0.0094207416161802213 0.0060888649505111041 0.00056887867675453347 0.0019354918363069151 -0.00094689725487399402 -8.8500445824300786e-05 0.0094418267151727634 -0.00010621385057206045
leaf_weight=305 56 313 78 431 70 67 13533 1346 342 71 169 88 105 117 99 1292 227 90 222139 2429 847 672 53 124 1177 2871 26604 13739 385 429
leaf_count=305 56 313 78 431 70 67 13533 1346 342 71 169 88 105 117 99 1292 227 90 222139 2429 847 672 53 124 1177 2871 26604 13739 385 429
internal_value=-3.5968e-05 -3.92409e-05 0.00244125 -3.59508e-05 -3.23556e-05 -3.42661e-05 -3.571e-05 0.000301172 0.00156682 0.0030558 0.00242913 0.00595041 0.0103409 0.00133803 0.00611111 0.000599414 0.00928571 0.00160244 -5.96501e-05 -0.00117695 0.00230683 0.00367945 0.00717228 0.0113842 0.000596106 -4.42779e-05 -5.61357e-05 -0.000390822 0.000153575 0.00415233
internal_weight=290268 289885 383 289572 289141 289071 289004 19175 5642 2222 2046 484 176 1562 216 3420 315 2128 269829 3662 1786 939 267 177 1233 266167 263296 41157 14553 814
internal_count=290268 289885 383 289572 289141 289071 289004 19175 5642 2222 2046 484 176 1562 216 3420 315 2128 269829 3662 1786 939 267 177 1233 266167 263296 41157 14553 814
is_linear=0
shrinkage=0.05


Tree=221
num_leaves=31
num_cat=0
split_feature=22 21 23 17 16 15 21 3 2 4 2 24 19 23 17 3 22 20 22 15 23 15 13 20 22 20 22 24 2 24
split_gain=0.979793 3.31158 4.94173 4.56927 4.24252 3.9876 2.66708 2.24847 1.92826 1.67889 2.99581 1.75962 2.88809 2.17106 2.88419 2.06333 1.78939 3.78929 3.875 5.04353 1.67118 2.83949 1.72633 1.37902 1.36721 6.18539 3.94742 12.0457 3.92477 4.60758
threshold=0.99552231814189451 47.500000000000007 0.04621408538533487 18.500000000000004 8.4500000000000011 67.500000000000014 52.500000000000007 5.5250000000000012 0.054999999999997946 8.0750000000000011 -0.95999999999999974 1.0000000180025095e-35 9.8250000000000011 0.011826144619637555 24.500000000000004 13.925000000000002 0.99818282439137029 279.7000000000001 0.99966190462023474 65.500000000000014 1.0000000180025095e-35 74.500000000000014 0.75000000000000011 297.00000000000006 0.96234642434711437 107.2 0.94704596667653973 1.1900000000000002 -8.9349999999999969 0.095000000000000015
decision_type=2 8 2 2 2 2 8 2 2 2 2 10 2 2 2 2 2 10 2 2 2 2 2 10 2 10 2 10 2 10
left_child=24 7 3 4 -3 -6 -5 -2 -8 10 -9 12 16 14 -13 -16 -11 -18 19 -19 21 22 -10 -17 26 -26 -1 -28 -27 -30
right_child=1 2 -4 6 5 -7 8 9 20 11 -12 13 -14 -15 15 23 17 18 -20 -21 -22 -23 -24 -25 25 28 27 -29 29 -31
leaf_value=-2.4429127814855846e-05 -0.006541425863597153 -0.00041672198270884897 -0.0045205409095736386 0.0066288966188072151 0.0056907049891412043 0.011052217454404236 -0.00071063423485895241 0.0066782491667505689 0.0082818183174936041 -0.00084051768246980142 -0.0010504519881773516 0.0034064954827946088 -0.0018535966093466969 -0.0090480092659744726 -0.0022632140797983996 0.0043188727199843053 0.00020066016436056592 0.010254722084983044 0.00063775658223395263 0.0024981437075855448 6.2002865014268554e-05 0.0066608679471042561 0.0011346763134360549 -0.0010685538102906803 -0.0017863286084925118 0.009311866649333608 -0.0048610269631624743 0.0068023554125987602 -0.00011816634106611724 0.0027446742080209428
leaf_weight=260172 590 61 770 82 51 67 805 53 53 298 105 245 762 852 2255 112 341 88 100 76 407 104 368 67 4262 106 4158 594 5961 6303
leaf_count=260172 590 61 770 82 51 67 805 53 53 298 105 245 762 852 2255 112 341 88 100 76 407 104 368 67 4262 106 4158 594 5961 6303
internal_value=-3.56234e-05 -0.000557852 0.000870664 0.00218218 0.00980447 0.015339 0.0014321 -0.00122308 0.00101612 -0.000900263 0.00417721 -0.00105466 0.000285284 -0.00168649 -0.00098731 -0.00150781 0.00219823 0.00376033 0.00825757 0.0129878 0.00256438 0.00442857 0.00260095 0.00365922 -1.94645e-05 0.000420273 -4.70713e-05 -0.00147517 0.000986256 0.000903456
internal_weight=290268 8712 2768 1998 179 118 1819 5944 1737 5354 158 5196 1665 3531 2679 2434 903 605 264 164 932 525 421 179 281556 16632 264924 4752 12370 12264
internal_count=290268 8712 2768 1998 179 118 1819 5944 1737 5354 158 5196 1665 3531 2679 2434 903 605 264 164 932 525 421 179 281556 16632 264924 4752 12370 12264
is_linear=0
shrinkage=0.05


Tree=222
num_leaves=31
num_cat=0
split_feature=5 1 17 14 5 14 23 23 24 21 2 23 4 0 2 24 23 24 13 24 18 0 4 23 24 23 5 23 24 21
split_gain=0.897669 1.38473 1.829 1.38849 1.29791 1.58541 1.05205 3.69182 2.39944 1.70809 1.15298 1.856 0.930523 0.918905 1.40818 1.38083 1.26004 1.85695 1.11646 1.05799 0.965363 4.91293 4.71613 3.13749 3.5824 7.16525 2.74679 2.39214 3.53976 3.56916
threshold=3.3450000000000011 1.9350000000000003 253.50000000000003 30.450000000000003 5.4164285714285727 25.950000000000003 0.5475998096715059 0.75438814418115718 1.7100000000000002 16.900000000000002 -1.1050000000000002 -0.61236746317008228 11.435 2.7350000000000008 -4.2549999999999972 -0.58499999999999985 -0.72694848937061807 0.05000000000000001 19.550000000000004 -0.049999999999999996 8.8850000000000033 8.7350000000000012 15.265000000000002 -0.61236746317008228 1.7100000000000002 -0.88620506325989179 7.6450000000000022 -0.99628250747696534 1.3800000000000001 1.0000000180025095e-35
decision_type=2 2 2 2 2 2 2 2 10 8 2 2 2 2 2 10 2 10 2 10 2 2 2 2 10 2 2 2 10 10
left_child=6 2 -2 4 5 -4 8 9 10 -8 11 -1 -6 14 15 -3 17 -16 -19 -17 21 22 27 24 -24 -26 -23 28 29 -15
right_child=1 13 3 -5 12 -7 7 -9 -10 -11 -12 -13 -14 20 16 19 -18 18 -20 -21 -22 26 23 -25 25 -27 -28 -29 -30 -31
leaf_value=-0.009432338713069352 -0.00073179733415201136 0.0085812819301396889 0.0031634223592448499 0.0049838027621830336 0.0051974049724197594 -0.00028409602747061027 0.012098731334878921 -0.0012718399902369307 0.0048283690711632965 0.00068382809522695852 -0.0059761751533351296 0.0076330775294839656 0.0037662577559011154 0.0012257364817961985 0.0055330680743246319 -0.0032608244173629036 -0.0020734224817333682 -0.002856756689976881 0.0052148146200592374 0.0013605742475790651 -0.00015512381336492455 -0.0005038553271585806 -0.00020258684066127341 -0.0024396049784771298 -0.0030622413286224741 0.01212675737168442 0.0011761912662287637 6.1167488476184434e-05 0.0014064553879761764 -0.0043597301594427247
leaf_weight=119 356 83 76 54 51 209 91 891 58 89 978 95 64 511 64 130 2523 292 116 201 124238 3865 1978 7111 97 82 22501 120412 726 2207
leaf_count=119 356 83 76 54 51 209 91 891 58 89 978 95 64 511 64 130 2523 292 116 201 124238 3865 1978 7111 97 82 22501 120412 726 2207
internal_value=-3.52789e-05 -2.73847e-05 0.00203704 0.00414097 0.003125 0.00131579 -0.00101465 0.000135386 -0.002 0.00666667 -0.00248322 0.00084112 0.00760869 -3.32083e-05 -0.000849224 0.00188406 -0.00122705 0.00114407 -9.80404e-05 0.000438065 -2.34039e-05 5.79962e-05 -6.5504e-05 -0.00115343 0.00051692 0.0072905 0.000681558 1.59044e-05 -0.00128339 -0.00211185
internal_weight=290268 287947 810 454 400 285 2321 1071 1250 180 1192 214 115 287137 3409 414 2995 472 408 331 283728 159490 133124 9268 2157 179 26366 123856 3444 2718
internal_count=290268 287947 810 454 400 285 2321 1071 1250 180 1192 214 115 287137 3409 414 2995 472 408 331 283728 159490 133124 9268 2157 179 26366 123856 3444 2718
is_linear=0
shrinkage=0.05


Tree=223
num_leaves=31
num_cat=0
split_feature=22 20 24 17 22 3 13 15 17 13 15 17 18 23 24 20 1 4 4 20 18 21 1 23 17 22 20 22 20 23
split_gain=1.04413 3.25495 3.47225 3.58508 5.45271 2.6702 2.02831 2.7069 4.25317 2.47391 4.96203 2.26779 1.82311 1.64956 2.95494 4.38423 2.88105 2.41744 2.36485 2.23455 1.97048 1.67451 1.63823 1.89947 1.37602 1.3567 1.74594 1.29862 4.5838 4.50222
threshold=0.99552231814189451 180.30000000000004 1.1900000000000002 18.500000000000004 0.99865421017599998 6.2783333333333333 14.450000000000001 74.500000000000014 110.50000000000001 1.4500000000000002 55.500000000000007 282.50000000000006 10.525 0.063390085881955341 1.0000000180025095e-35 316.35000000000008 12.915000000000001 10.075000000000001 15.875000000000002 334.10000000000008 10.205000000000002 30.600000000000005 12.135000000000003 0.011826144619637555 50.500000000000007 0.99966190462023474 279.7000000000001 0.96687895796550427 107.2 0.19969739736768838
decision_type=2 10 10 2 2 2 2 2 2 2 2 2 2 2 10 10 2 2 2 10 2 10 2 2 2 2 10 2 10 2
left_child=27 2 3 4 -2 -3 9 -8 -9 10 -5 -10 -4 14 15 20 18 21 19 -17 25 -16 -19 24 -24 26 -7 -1 29 -29
right_child=1 5 12 6 -6 13 7 8 11 -11 -12 -13 -14 -15 17 16 -18 22 -20 -21 -22 -23 23 -25 -26 -27 -28 28 -30 -31
leaf_value=-5.0831155994992858e-05 0.010358549949427536 -0.0058716201868149525 -0.002141259259106612 -0.0038434483311889159 0.0024723720324599033 0.0011036425438568709 9.8406687148556499e-05 0.0088091340031558902 -0.00091656740904198526 -0.0010960355533983486 0.0098288984414494698 0.0061674758612732389 0.003682139033999457 -0.003599223914714407 0.00067792697964844811 0.005628462280880115 -0.0015700081107124786 -0.0032049036345042541 0.0081645061271460768 0.0034110338976280751 -0.0023890843047758188 0.0059566035881669574 0.0044360409455222651 -0.0072511143220944929 0.00078572291757018822 -0.002364870235495569 0.0092604943620304015 -0.00282146561056895 0.001226351437225162 0.00397608328125493
leaf_weight=266508 61 871 1113 79 79 230 280 79 128 715 79 97 75 1103 297 50 81 1907 51 182 219 58 81 170 427 122 78 3219 11185 644
leaf_count=266508 61 871 1113 79 79 230 280 79 128 715 79 97 75 1103 297 50 81 1907 51 182 219 58 81 170 427 122 78 3219 11185 644
internal_value=-3.5968e-05 -0.00057507 0.000834828 0.00235754 0.01 -0.00123756 0.0016232 0.00390411 0.00717105 9.73642e-05 0.00575949 0.00366667 -0.00121212 -0.000797074 -0.000320011 0.00200888 0.0064011 -0.00112245 0.00878092 0.00663793 -0.000454547 0.00274648 -0.00165377 0.000457226 0.00198819 0.00151163 0.00327922 -1.92869e-05 0.000432614 -0.00105229
internal_weight=290268 8712 2785 1597 140 5927 1457 584 304 873 158 225 1188 5056 3953 1013 364 2940 283 232 649 355 2585 678 508 430 308 281556 15048 3863
internal_count=290268 8712 2785 1597 140 5927 1457 584 304 873 158 225 1188 5056 3953 1013 364 2940 283 232 649 355 2585 678 508 430 308 281556 15048 3863
is_linear=0
shrinkage=0.05


Tree=224
num_leaves=31
num_cat=0
split_feature=12 7 10 0 22 24 24 23 20 24 23 23 22 3 5 22 5 0 23 22 24 20 22 22 3 17 4 22 22 24
split_gain=0.925943 1.93585 1.10556 0.914139 1.19118 1.77396 1.33876 1.94235 3.32994 0.929532 4.7687 8.13135 7.40712 5.8763 5.72678 4.40901 7.31018 5.04532 3.86263 5.69482 8.55645 9.57549 4.43449 4.27894 3.88958 3.80335 3.77199 3.6433 10.2061 17.0583
threshold=4.5000000000000009 9.5000000000000018 9.3883996009826678 2.7350000000000008 -0.074117382312902977 -0.77999999999999992 0.69500000000000006 -0.21862536810265826 251.10000000000002 -0.18999999999999997 -0.54219087765047058 -0.40613878790836594 -0.72696319516528884 11.768333333333334 9.9492857142857165 0.82899317702918729 4.6378571428571442 15.905000000000003 -0.091258822863740666 -0.97509794945709805 -0.43999999999999995 424.50000000000006 -0.9905448150984083 -0.97876850416056738 5.7516666666666678 78.500000000000014 134.03500000000003 -0.94705910369513524 -0.92274349529687905 -0.22499999999999995
decision_type=2 2 2 2 2 8 10 2 8 10 2 2 2 2 2 2 2 2 2 2 10 10 2 2 2 2 2 2 2 10
left_child=1 3 -3 4 5 -1 7 8 -6 10 12 25 13 14 -5 18 -17 -18 19 20 -13 22 -22 24 -24 -12 -21 -20 29 -29
right_child=-2 2 -4 9 6 -7 -8 -9 -10 -11 11 15 -14 -15 -16 16 17 -19 27 26 21 -23 23 -25 -26 -27 -28 28 -30 -31
leaf_value=-0.0053276981847318917 -0.0017653558932818334 0.012687004259950427 0.0033395004893075116 0.00354829679132285 0.012384989951969006 0.0014169668064280244 -0.0051310446414508095 -0.0011160545123527908 -6.9879135259405943e-05 -0.00010903532285249944 0.0046359226071909353 0.00014347070305474063 0.0001807209260302558 0.0028449514818194481 0.0092321919685509398 0.011102045966104441 0.00092985948254268019 0.0084208503881937555 -0.0013148182905832328 -0.00023701371701652921 0.0048693989036314193 0.00037035955708491358 0.014726168388819412 0.0034096105280179232 0.01374802538370678 -0.0067073049649920106 0.009370326006942006 0.00032503112116079948 -5.1092905077054784e-05 0.0097170016072263936
leaf_weight=528 2183 91 167 1097 94 1548 1230 958 222 172112 288 1580 6367 2522 365 58 1558 154 12685 4947 285 549 67 196 442 2905 224 1560 72505 781
leaf_count=528 2183 91 167 1097 94 1548 1230 958 222 172112 288 1580 6367 2522 365 58 1558 154 12685 4947 285 549 67 196 442 2905 224 1560 72505 781
internal_value=-3.45899e-05 -2.68162e-05 0.00430232 -3.06967e-05 -0.000731442 0.000154141 -0.00146566 -0.000329672 0.00306962 -1.93659e-05 9.33537e-05 -1.16102e-05 0.00111535 0.00280622 0.00532832 6.96261e-05 0.00254237 0.00195093 2.39497e-05 0.00105549 0.00274287 0.00539636 0.00833333 0.010461 0.0128782 -0.00249452 3.77091e-05 -7.37465e-05 5.90534e-05 0.00330841
internal_weight=290268 288085 258 287827 4580 2076 2504 1274 316 283247 111135 100784 10351 3984 1462 97591 1770 1712 95821 8290 3119 1539 990 705 509 3193 5171 87531 74846 2341
internal_count=290268 288085 258 287827 4580 2076 2504 1274 316 283247 111135 100784 10351 3984 1462 97591 1770 1712 95821 8290 3119 1539 990 705 509 3193 5171 87531 74846 2341
is_linear=0
shrinkage=0.05


Tree=225
num_leaves=31
num_cat=0
split_feature=16 17 23 21 9 20 1 15 22 14 22 9 1 9 23 24 22 24 20 21 22 22 19 19 4 23 23 5 14 23
split_gain=0.916917 1.66889 1.93952 2.55119 1.81545 1.70033 1.58499 1.47791 2.31901 2.31532 3.0875 3.57686 5.17538 6.25229 3.89169 4.55462 2.98389 6.24058 2.65691 3.19464 2.36903 2.7551 2.46349 2.29365 6.69168 2.24027 2.90438 2.65824 3.08951 2.13491
threshold=6.9500000000000011 327.50000000000006 0.99530134160901229 16.900000000000002 263.47666931152349 223.65000000000003 10.805000000000001 73.500000000000014 -0.90893996196865023 28.950000000000003 -0.79384350655589164 395.71284484863287 8.2650000000000023 673.84381103515636 -0.49812626372919411 -0.064999999999999988 -0.814291907305839 -0.34499999999999992 456.60000000000008 12.500000000000002 0.22700754078277605 0.34235194516023087 8.0550000000000015 9.9750000000000032 42.925000000000004 -0.34234976856068178 -0.15950993297387572 6.0307142857142875 26.550000000000004 0.3484035575467645
decision_type=2 2 2 8 2 8 2 2 2 2 2 2 2 2 2 8 2 10 10 8 2 2 2 2 2 2 2 2 2 2
left_child=1 -1 4 -4 -3 -6 -7 9 -9 10 11 14 29 -14 15 -2 25 -18 19 -12 -20 22 -22 -17 -25 -16 27 -27 -29 -13
right_child=7 2 3 -5 5 6 -8 8 -10 -11 18 12 13 -15 16 23 17 -19 20 -21 21 -23 -24 24 -26 26 -28 28 -30 -31
leaf_value=-0.00017088524962232646 0.00035917180761511295 -0.0040142408195220974 0.0079030185519611811 -0.0032769285705625756 0.00076762023635835064 -0.0034694217982712975 0.0055093848449097645 -0.00089793428622869816 0.00045375150594329449 1.2932080595617566e-05 4.9347776523090729e-05 -0.0021636120621433283 0.008766971480870453 0.0019644534058798576 -0.0071272057326484152 0.0027781447351588316 0.0082126683118477657 -0.018481876358538259 -0.0003423881350809654 -0.0016470137730736963 0.002908190890933627 0.0021986330694665902 0.0075947194063887627 0.019676619361925159 0.0011631175828794164 -0.0010124521073730998 -0.0015524493664547806 0.01028333735738648 0.0021483082220684702 0.0041241818374828827
leaf_weight=40930 359 1734 89 55 836 631 78 5394 39156 174427 6009 240 77 73 706 88 98 72 643 14039 98 308 53 64 65 328 2973 80 440 125
leaf_count=40930 359 1734 89 55 836 631 78 5394 39156 174427 6009 240 77 73 706 88 98 72 643 14039 98 308 53 64 65 328 2973 80 440 125
internal_value=-3.45899e-05 -0.00024384 -0.00130441 0.004375 -0.00155383 -0.000307445 -0.0021086 3.1503e-06 0.000263747 -5.45042e-05 -0.000485932 0.000537317 0.00451456 0.0123333 0.00014887 0.00402778 -0.000326806 0.00617647 -0.000765959 -0.000897348 0.00162432 0.00436819 0.00990066 0.00974654 0.0139922 -0.00057102 -9.29088e-05 0.00248821 0.00471154 0.00130137
internal_weight=290268 44353 3423 144 3279 1545 709 245915 44550 201365 26938 5788 515 150 5273 576 4697 170 21150 20048 1102 459 151 217 129 4527 3821 848 520 365
internal_count=290268 44353 3423 144 3279 1545 709 245915 44550 201365 26938 5788 515 150 5273 576 4697 170 21150 20048 1102 459 151 217 129 4527 3821 848 520 365
is_linear=0
shrinkage=0.05


Tree=226
num_leaves=31
num_cat=0
split_feature=16 13 1 19 9 4 13 17 13 17 16 4 9 20 23 23 20 23 23 23 9 4 23 20 19 23 4 23 19 1
split_gain=0.865249 2.12024 2.87828 2.84108 1.75609 1.70886 1.64336 1.63167 1.79688 2.50524 1.58521 2.52612 1.55624 2.24401 1.86304 2.6003 3.63637 2.56027 2.84117 4.80182 2.57347 2.05472 1.72564 1.75459 1.71068 1.70797 1.6079 1.59957 1.52971 2.23661
threshold=6.9500000000000011 7.9500000000000011 10.255000000000001 6.8850000000000007 248.98963165283206 36.055000000000007 7.6500000000000012 126.50000000000001 16.450000000000003 175.50000000000003 3.6500000000000008 9.1750000000000025 902.01257324218761 143.40000000000003 -0.17646730165275518 -0.85225707553516283 323.65000000000003 -0.21862536810265826 -0.46800559042974538 -0.5129677127369543 517.27493286132824 12.055000000000001 0.99530134160901229 227.80000000000004 7.0050000000000008 -0.82413948779581736 16.845000000000002 -0.83375966452616657 7.8950000000000005 10.805000000000001
decision_type=2 2 2 2 2 2 2 2 2 2 2 2 2 10 2 2 10 2 2 2 2 2 2 10 2 2 2 2 2 2
left_child=1 2 3 6 5 -3 -1 -7 9 -9 11 -6 14 -14 15 -5 17 18 19 20 25 -18 24 -24 -16 27 -27 -17 29 -2
right_child=28 4 -4 12 10 7 -8 8 -10 -11 -12 -13 13 -15 22 16 21 -19 -20 -21 -22 -23 23 -25 -26 26 -28 -29 -30 -31
leaf_value=-0.00040151889122762557 4.31153153393698e-05 -0.001409643255637582 -0.0012623507656723577 0.00055920564131937739 -0.00042614239245204939 -0.0062893252067646151 0.0039362804831512173 0.012972985668638935 0.013574939237110934 -0.008867339054419934 -0.00016634609641694956 0.0064427614338303414 -0.0036081337326933482 0.0080554988060649903 0.0021849521652181139 3.6582144532893307e-05 0.0081828378180100435 0.0095155452482766616 -0.0046752356721938048 0.018335539357035011 0.006842973084203831 0.0016867672007811519 0.012535177646502936 0.00010467899660919669 -0.0006220186532181559 -0.00034962659153864296 0.004307886216439418 0.0080054175333488641 -0.00014129910365451773 0.00076418061775946049
leaf_weight=5723 98031 13761 5416 2106 92 97 201 62 63 70 11617 71 64 226 73 55 376 59 411 95 60 183 54 71 2498 737 51 61 130386 17498
leaf_count=5723 98031 13761 5416 2106 92 97 201 62 63 70 11617 71 64 226 73 55 376 59 411 95 60 183 54 71 2498 737 51 61 130386 17498
internal_value=-3.49344e-05 -0.000238204 0.000170085 0.000570817 -0.000530911 -0.000908348 -0.000239704 0.00287671 0.00551282 0.00219697 -8.06464e-05 0.00481595 0.00123955 0.00482759 0.00108853 0.00174773 0.00299808 0.00173643 0.00132653 0.00269594 0.001639 0.00644901 6.30552e-05 0.0058 -0.000215871 0.00097345 0.000139593 0.00663793 1.72705e-06 0.000134208
internal_weight=290268 44353 18520 13104 25833 14053 5924 292 195 132 11780 163 7180 290 6890 4194 2088 1529 1470 1059 964 559 2696 125 2571 904 788 116 245915 115529
internal_count=290268 44353 18520 13104 25833 14053 5924 292 195 132 11780 163 7180 290 6890 4194 2088 1529 1470 1059 964 559 2696 125 2571 904 788 116 245915 115529
is_linear=0
shrinkage=0.05


Tree=227
num_leaves=31
num_cat=0
split_feature=15 23 23 22 13 9 1 4 9 19 16 23 22 22 14 13 16 14 22 24 23 22 1 23 22 23 18 1 24 16
split_gain=0.856837 2.11401 4.40893 5.61659 3.95688 3.59002 4.70135 2.52081 2.33694 2.23977 2.23315 2.1388 2.01652 2.94751 2.54127 1.97149 1.75697 3.37736 3.38654 1.62278 2.51941 3.83172 2.87745 2.39615 2.02545 6.66945 6.67148 2.99239 3.24249 2.03112
threshold=58.500000000000007 0.97461712852231652 0.94066717844141279 0.29342972903661901 19.150000000000002 72.148052215576186 5.8350000000000009 9.5650000000000031 442.93069458007818 8.0550000000000015 14.350000000000003 0.9989598388634241 0.99053107487289871 0.97112537654464559 33.850000000000001 11.050000000000002 9.1500000000000004 28.950000000000003 0.59868201182722736 1.7100000000000002 0.8852232634113919 0.42179998225932674 6.955000000000001 0.92843842216862604 -0.91597725483594616 0.3484035575467645 7.0050000000000008 124.20500000000003 1.6100000000000003 15.450000000000001
decision_type=2 2 2 2 2 2 2 2 2 2 2 2 2 2 2 2 2 2 2 10 2 2 2 2 2 2 2 2 8 2
left_child=1 2 12 4 -4 -5 -7 9 -3 -8 -9 -10 13 15 -15 19 -17 18 -18 24 -21 23 -23 -22 25 27 -27 28 29 -1
right_child=-2 8 3 5 -6 6 7 10 11 -11 -12 -13 -14 14 -16 16 17 -19 -20 20 21 22 -24 -25 -26 26 -28 -29 -30 -31
leaf_value=0.00093876322312551981 1.2631856401371092e-05 -0.0027815543833481591 -8.5293349999298124e-05 0.0012711850538564779 0.012296360027963263 -0.0047279380867869432 0.0053734125484862436 0.002661743708208519 0.00013960392660810188 0.0071062578215213756 0.0071662913040459967 0.0056045851052731292 -0.0030979543602784915 0.0022431135086925682 0.0080092277775667114 -0.003923579113920969 0.0011639963967986545 -0.0011743489254663656 0.0077437885778434239 0.00045483490705490443 -0.0039511878301162059 0.0023736618768248527 0.010363770228570877 0.0017018834007966361 -0.00064654958781658247 0.014991331935935487 0.0023566826108370308 0.022218235938275377 -0.0090974946311820487 -0.003143550648355399
leaf_weight=6297 232444 2516 1327 225 53 59 52 123 229 61 52 73 1940 1632 50 2348 87 2598 51 5782 146 57 64 88 30229 66 287 67 393 872
leaf_count=6297 232444 2516 1327 225 53 59 52 123 229 61 52 73 1940 1632 50 2348 87 2598 51 5782 146 57 64 88 30229 66 287 67 393 872
internal_value=-3.21784e-05 -0.000204415 -0.000135986 0.00219774 0.000471013 0.00636364 0.00955331 0.0121875 -0.0015401 0.0180088 0.00842857 0.00261589 -0.000221851 -0.000161796 0.00189655 -0.000231835 -0.00116444 -0.000303364 0.00731884 -0.000124922 0.000629785 0.00471831 0.0119421 0.000982905 -0.000246135 0.000462289 0.0071813 0.000151395 5.81845e-05 0.000300599
internal_weight=290268 57824 55006 1952 1380 572 347 288 2818 113 175 302 53054 51114 1682 49432 5084 2736 138 44348 6137 355 121 234 38211 7982 353 7629 7562 7169
internal_count=290268 57824 55006 1952 1380 572 347 288 2818 113 175 302 53054 51114 1682 49432 5084 2736 138 44348 6137 355 121 234 38211 7982 353 7629 7562 7169
is_linear=0
shrinkage=0.05


Tree=228
num_leaves=31
num_cat=0
split_feature=15 24 14 17 14 22 22 16 4 24 23 24 24 15 20 14 16 23 22 9 22 22 4 9 22 3 20 17 4 1
split_gain=0.932349 2.73296 2.62441 2.24773 2.21298 1.75345 4.58636 1.68399 1.69951 2.5213 1.74262 1.65594 1.60586 1.538 1.52794 1.50456 1.54253 1.44411 6.00476 5.00098 4.03402 3.9457 4.01211 3.61188 3.07236 6.89246 4.43736 4.66445 3.31615 3.20151
threshold=55.500000000000007 -0.60499999999999987 31.650000000000002 151.50000000000003 24.350000000000005 0.98213580174693105 0.97112537654464559 8.6500000000000004 6.9450000000000012 0.47500000000000003 0.97461712852231652 -0.40499999999999997 -0.55499999999999983 51.500000000000007 495.50000000000006 30.650000000000002 8.4500000000000011 -0.97507822412530132 0.12545942051955489 434.05938720703131 -0.20180236284700911 -0.082689790342551819 6.8650000000000011 248.98963165283206 0.14250626876356556 6.8183333333333342 397.00000000000006 120.50000000000001 8.0250000000000004 3.9450000000000007
decision_type=2 8 2 2 2 2 2 2 2 10 2 8 10 2 10 2 2 2 2 2 2 2 2 2 2 2 8 2 2 2
left_child=1 2 -1 5 -5 6 -3 12 9 10 14 -10 -6 -14 -9 -15 -17 18 19 20 -2 22 23 -22 25 28 27 29 -20 -26
right_child=17 3 -4 4 7 -7 -8 8 11 -11 -12 -13 13 15 -16 16 -18 -19 24 -21 21 -23 -24 -25 26 -27 -28 -29 -30 -31
leaf_value=-0.006500102876655452 -0.0043299935048537342 -0.00099041207204544272 -0.00063019929667076306 0.0032339773352420016 0.0016335072539292767 -0.004466324417208639 0.008407958236524583 0.0042048873440106256 -0.0021481188945235499 -0.0018248071109664339 -0.0015659648216166039 0.00076125935923581614 -0.0042882827470726009 -0.0028885273689150236 0.0067037732531280876 0.0028635656190339701 -0.0050100194104760604 -3.7066984177923051e-05 0.0063819231667042974 -0.0035320953750992237 0.0013638459601762307 -0.00020043184957449297 0.0010529278696029124 0.0060548842131214206 -0.0024211082195395583 0.0031717212730825294 -0.00091421627126374565 0.0011986736560219403 0.0077969126470321896 0.006947530101805011
leaf_weight=942 670 11593 1030 88 1065 790 159 113 1297 114 65 13872 1553 965 67 1043 131 236854 67 1633 187 7847 3760 141 72 570 1344 1715 55 466
leaf_count=942 670 11593 1030 88 1065 790 159 113 1297 114 65 13872 1553 965 67 1043 131 236854 67 1633 187 7847 3760 141 72 570 1344 1715 55 466
internal_value=-3.37286e-05 -0.000276179 -0.00208418 -0.000167858 0.000156333 -0.000694468 -0.000541186 0.00012201 0.000374162 0.00377437 0.00663265 0.00029369 -0.000701073 -0.00119448 0.00916667 -0.000324919 0.000877341 -6.08128e-07 0.000424514 -6.95334e-05 0.00026775 0.00047968 0.00173924 0.00704268 0.00206458 0.00511561 0.00147762 0.002834 0.0159016 0.00689591
internal_weight=290268 34887 1972 32915 20373 12542 11752 20285 15528 359 245 15169 4757 3692 180 2139 1174 255381 18527 14238 12605 11935 4088 328 4289 692 3597 2253 122 538
internal_count=290268 34887 1972 32915 20373 12542 11752 20285 15528 359 245 15169 4757 3692 180 2139 1174 255381 18527 14238 12605 11935 4088 328 4289 692 3597 2253 122 538
is_linear=0
shrinkage=0.05


Tree=229
num_leaves=31
num_cat=0
split_feature=15 24 22 22 14 0 20 14 24 22 16 24 22 14 23 1 23 20 15 24 23 23 22 24 24 1 23 24 24 22
split_gain=0.881205 1.83156 1.81271 2.28033 2.17909 1.75634 2.36839 2.94154 4.13976 2.0688 1.64907 1.48574 2.09722 1.78455 1.44491 4.57374 3.10744 3.03997 2.7048 2.58414 2.13654 7.31297 11.5647 9.57796 9.11523 6.92769 6.92382 7.57154 12.6528 9.30576
threshold=58.500000000000007 -0.65999999999999981 0.99053107487289871 0.97112537654464559 33.850000000000001 9.7050000000000018 284.65000000000003 30.550000000000004 0.24500000000000002 0.98667101781630195 22.750000000000004 1.0000000180025095e-35 0.99818282439137029 32.150000000000013 0.98332250088165762 5.2550000000000008 0.98770287048522643 708.00000000000011 79.500000000000014 -0.42499999999999993 0.86439018870140905 0.89691351184655443 -0.37447345805034543 1.8750000000000002 2.0250000000000004 5.955000000000001 0.83258597624099873 -0.24999999999999997 -0.34499999999999992 0.54219432480460406
decision_type=2 8 2 2 2 2 10 2 10 2 2 10 2 2 2 2 2 10 2 10 2 2 2 10 10 2 2 10 10 2
left_child=1 -1 3 10 5 6 -5 8 -8 -9 -3 12 -4 -14 20 16 18 -17 19 -16 26 -22 24 -24 25 -23 -2 28 -28 -29
right_child=14 2 11 4 -6 -7 7 9 -10 -11 -12 -13 13 -15 15 17 -18 -19 -20 -21 21 22 23 -25 -26 -27 27 29 -30 -31
leaf_value=-0.0021131071265026945 -1.4252548620568261e-05 -0.00019334416865268757 -0.0021068528022420564 -0.00027431088752650123 0.0075968410342523154 -0.00093618260970251615 0.0038811885956008606 0.00036522804176141208 0.013052752320512796 0.010423517133462533 0.0038130092037493568 -0.0039508046624647407 0.0026502254836095088 0.0073585953491903874 0.0046187234341561094 0.0011346819592203377 -0.0020573148528274512 0.0048646878303674505 0.0089448712595772261 -0.0021558216338750779 -0.0031555422513248666 0.0067915499132612097 -0.0016186991123666198 0.0013691049312407335 -0.002003480645949564 0.0024925966386001265 0.00070130156688213052 -0.0032904557847456255 0.0054771014965243926 0.0064506637610454443
leaf_weight=2628 185959 51507 203 341 50 763 104 287 68 69 67 1624 63 50 270 10387 3424 70 69 274 5593 803 13433 4976 725 1403 1634 1726 1170 528
leaf_count=2628 185959 51507 203 341 50 763 104 287 68 69 67 1624 63 50 270 10387 3424 70 69 274 5593 803 13433 4976 725 1403 1634 1726 1170 528
internal_value=-3.49344e-05 -0.000209603 -0.0001482 -9.35118e-05 0.00171819 0.00140319 0.00294016 0.00503788 0.010407 0.00244382 -0.000152597 -0.00164949 0.00148734 0.0069469 8.51699e-06 0.000491927 -0.000937579 0.0010438 0.00234094 0.00115809 -2.36305e-05 -0.000440539 -1.87453e-05 -0.000483189 0.00289833 0.00449683 3.51527e-05 0.00186042 0.00359486 -0.000297251
internal_weight=290268 57824 55196 53256 1682 1632 869 528 172 356 51574 1940 316 113 232444 14494 4037 10457 613 544 217950 26933 21340 18409 2931 2206 191017 5058 2804 2254
internal_count=290268 57824 55196 53256 1682 1632 869 528 172 356 51574 1940 316 113 232444 14494 4037 10457 613 544 217950 26933 21340 18409 2931 2206 191017 5058 2804 2254
is_linear=0
shrinkage=0.05


Tree=230
num_leaves=31
num_cat=0
split_feature=19 0 5 24 4 0 9 24 13 24 16 23 24 22 19 13 22 22 3 22 22 19 22 22 17 17 5 4 11 17
split_gain=0.86986 3.093 4.13507 2.63465 2.60299 2.41428 3.72557 4.08736 3.49167 2.82847 3.60083 2.50692 6.19298 2.77148 2.07774 2.07478 2.05049 3.71364 4.4859 2.34792 3.06029 3.1527 2.55999 2.87821 5.6055 3.37831 2.27928 2.1896 2.0923 1.96094
threshold=9.8750000000000018 10.005000000000001 8.4964285714285754 0.05000000000000001 23.345000000000002 9.8550000000000022 53.555021286010749 0.89500000000000013 1.0000000180025095e-35 1.1900000000000002 11.65 -0.10837475778693638 -0.089999999999999983 -0.83377653105606597 17.035000000000004 0.65000000000000002 -0.84315017450793706 -0.82415615971448097 77.253333333333345 -0.73866753694953124 -0.69057362043749781 15.415000000000001 -0.63921128368950708 -0.47558551945199218 76.500000000000014 302.50000000000006 72.547142857142873 189.73500000000004 22.82499980926514 191.50000000000003
decision_type=2 2 2 10 2 2 2 10 2 10 2 2 8 2 2 2 2 2 2 2 2 2 2 2 2 2 2 2 2 2
left_child=1 4 -3 -4 -1 14 7 11 9 10 -9 12 29 -13 -2 -5 26 18 -18 27 21 -21 -22 24 -24 -26 -14 -19 -29 -7
right_child=5 2 3 15 -6 6 -8 8 -10 -11 -12 13 16 -15 -16 -17 17 19 -20 20 22 -23 23 -25 25 -27 -28 28 -30 -31
leaf_value=-5.131023597408107e-05 8.501797780562304e-05 -0.0011790740899541782 0.0013421605146933763 -0.00182453832285936 -0.0037134577438037823 0.0054398844602485475 -0.00088607412674069014 0.012461948477753684 0.0010769554399302362 0.0040013694202340353 0.028793596057790923 -0.0043360577624991115 -0.0094936326568125923 -5.762560276641941e-05 0.0019353509825506929 0.000628949297985086 0.0062352100140273918 -0.0078870238418201326 0.021190015268770398 -0.0041258763145734989 -0.008994734099960577 0.008357431495884849 0.017938908757228835 -0.00138715839105418 0.0012448172092144501 0.024409367305245833 -0.00078388595058181011 0.011735267985244598 -0.0076341766892019138 0.00023476591172174344
leaf_weight=158574 25555 4710 17519 2679 2031 2490 37934 118 7644 1298 73 2664 1031 2359 2714 10589 240 1237 86 216 731 487 53 3082 1532 63 1050 61 52 1396
leaf_count=158574 25555 4710 17519 2679 2031 2490 37934 118 7644 1298 73 2664 1031 2359 2714 10589 240 1237 86 216 731 487 53 3082 1532 63 1050 61 52 1396
internal_value=-3.68292e-05 2.315e-05 0.000445529 0.000656607 -7.02045e-05 -0.000161737 -0.000327558 0.000110323 0.000978319 0.00319342 0.00887434 -0.000310676 3.72987e-05 -0.00126717 0.000224803 0.000125112 -0.000625442 -0.000255103 0.00496932 -0.000481769 -6.81388e-05 0.00303698 -0.000467864 -4.22845e-05 0.00164442 0.00111285 -0.00202066 -0.00237037 0.00429203 0.00172928
internal_weight=290268 196102 35497 30787 160605 94166 65897 27963 9133 1489 191 18830 13807 5023 28269 13268 9921 7840 326 7514 6164 703 5461 4730 1648 1595 2081 1350 113 3886
internal_count=290268 196102 35497 30787 160605 94166 65897 27963 9133 1489 191 18830 13807 5023 28269 13268 9921 7840 326 7514 6164 703 5461 4730 1648 1595 2081 1350 113 3886
is_linear=0
shrinkage=0.05


Tree=231
num_leaves=31
num_cat=0
split_feature=12 7 1 22 10 13 23 23 22 9 1 20 13 15 20 19 23 22 21 22 22 5 3 23 21 22 13 22 23 20
split_gain=0.883235 1.45175 1.13762 1.19188 1.06769 0.984119 1.1596 0.846402 8.41374 12.5962 15.6553 8.04753 7.02432 3.87826 3.96132 3.28209 2.95224 8.32306 4.05241 3.65105 3.38293 3.11295 3.18745 3.02064 13.7406 7.53725 7.84932 4.84911 4.05959 9.50757
threshold=4.5000000000000009 9.5000000000000018 124.20500000000003 -0.78326540922535159 7.8018751144409189 0.55000000000000016 -0.48313741114591585 -0.6523320455745395 0.72695311118111527 354.09144592285162 6.1550000000000011 342.00000000000006 1.1500000000000001 72.500000000000014 262.60000000000008 8.6850000000000005 -0.57077231802681661 -0.78326540922535159 16.900000000000002 -0.8041866928211282 0.79383249484937135 6.7864285714285719 8.5383333333333358 -0.46039597980994923 42.500000000000007 0.86113431103781346 10.350000000000003 0.83376496542330847 -0.39827153806311183 1.0000000180025095e-35
decision_type=2 2 2 2 2 2 2 2 2 2 2 10 2 2 8 2 2 2 10 2 2 2 2 2 8 2 2 2 2 10
left_child=1 7 -2 4 -4 6 -3 8 -1 11 -11 13 -13 -10 -15 -12 17 18 19 -9 21 -19 -23 24 25 27 -27 -18 29 -25
right_child=2 5 3 -5 -6 -7 -8 16 9 10 15 12 -14 14 -16 -17 23 20 -20 -21 -22 22 -24 28 -26 26 -28 -29 -30 -31
leaf_value=1.0340601136576277e-05 -0.0027178148208577813 0.002154615627259581 0.0072947864157133007 -0.0095479988990813374 0.018958517894209194 -0.00016310372569834427 0.033731192834894633 0.010366705636101446 -0.0011231559236536809 6.2380001467437292e-05 0.0085172318286910343 0.012670990779107247 0.003815277448398303 -7.802013200868537e-05 0.0055495304865865926 0.0095550043223844444 0.0035557055437754333 -0.0052798419167127651 -0.00038296246869142067 0.0014386021601105355 -0.0050250493715333321 0.0027453265063271336 -0.0022459647088775465 0.0051843833193122787 -0.0029624262520328874 0.0081974080108339151 0.0014474166291512079 -0.0022194376416652859 -5.9160389122866188e-05 -0.0049622681855091572
leaf_weight=75969 1892 79 150 83 58 102 77 503 1239 117 70 88 147 320 337 58 4903 1213 1878 645 2375 1000 1659 791 3297 915 720 1656 182421 5506
leaf_count=75969 1892 79 150 83 58 102 77 503 1239 117 70 88 147 320 337 58 4903 1213 1878 645 2375 1000 1659 791 3297 915 720 1656 182421 5506
internal_value=-3.56234e-05 -2.80311e-05 -0.00103756 0.00187285 0.00389423 0.00372093 0.00621795 -3.13916e-05 0.000108812 0.00303872 0.0137755 0.00180432 0.0105319 0.000722573 0.003828 0.0258594 -8.3827e-05 -0.000956002 0.0011963 0.00353658 -0.00199856 -0.00108729 -0.000129749 -4.34308e-05 0.000743624 0.00184037 0.00487767 0.00108324 -9.13544e-05 -0.00133953
internal_weight=290268 288085 2183 291 208 258 156 287827 78345 2376 245 2131 235 1896 657 128 209482 9273 3026 1148 6247 3872 2659 200209 11491 8194 1635 6559 188718 6297
internal_count=290268 288085 2183 291 208 258 156 287827 78345 2376 245 2131 235 1896 657 128 209482 9273 3026 1148 6247 3872 2659 200209 11491 8194 1635 6559 188718 6297
is_linear=0
shrinkage=0.05


Tree=232
num_leaves=31
num_cat=0
split_feature=12 8 16 10 4 24 19 6 15 24 14 23 24 24 14 1 19 23 13 23 24 23 24 24 23 23 23 13 24 23
split_gain=0.919424 1.24816 1.83826 1.55772 1.60019 1.55994 2.14321 1.02194 0.929411 2.36759 1.75234 1.48601 1.39131 1.50187 2.89968 2.77307 3.35477 3.22869 2.98708 2.3204 2.15683 1.9581 1.90627 1.84534 1.76523 1.72551 1.38604 1.35565 3.31052 3.37821
threshold=4.5000000000000009 13.500000000000002 17.350000000000005 4.9623334407806405 11.105000000000002 0.36500000000000005 11.815000000000003 6.5000000000000009 55.500000000000007 -0.65999999999999981 24.250000000000004 -0.94703994556331683 1.9550000000000003 1.0350000000000004 32.350000000000001 9.3050000000000015 17.035000000000004 -0.93543596745397617 1.0000000180025095e-35 -0.85225707553516283 -0.34499999999999992 -0.91595872546125101 1.1900000000000002 -0.65999999999999981 0.92843842216862604 -0.88620506325989179 0.99958851518450398 7.5500000000000007 inf -0.3744658827978154
decision_type=2 2 2 2 2 10 2 2 2 8 2 2 10 10 2 2 2 2 2 2 10 2 10 10 2 2 2 2 8 2
left_child=1 8 3 5 -5 -3 -7 -6 9 -1 -11 -12 13 15 21 16 19 18 -17 -13 -18 -15 25 -21 -24 -16 -25 -10 -29 -30
right_child=-2 2 -4 4 7 6 -8 -9 27 10 11 12 -14 14 22 17 20 -19 -20 23 -22 -23 24 26 -26 -27 -28 28 29 -31
leaf_value=-0.0043035802468550047 -0.0015686878465650249 0.0048124928971691183 -0.004210075742537912 0.020923167713032542 0.0018008012249980066 0.00076990943060286992 0.024631191568272183 0.012591940429246587 0.00014145173306066603 0.0042156275697541445 -0.0013952318898664093 -0.0053092445319099322 -0.002757508322575911 0.0098877190838321024 0.019978658198028049 0.021464979438134819 0.0077738545743898865 -0.0015363655069921744 0.0019524752702929568 0.010344309680060513 0.0023264184486642614 -0.0016839868903909757 0.002256567049039915 0.0005097892692238501 0.0032861086642187866 2.7147559835876617e-05 -0.0096021078220653033 -0.0001462153776722191 0.011280126494831233 -0.019754402026123677
leaf_weight=1204 2183 155 324 50 1277 50 65 56 114959 83 2826 471 532 342 63 55 120 11673 73 55 164 2670 4343 7548 57 51 119 138317 300 83
leaf_count=1204 2183 155 324 50 1277 50 65 56 114959 83 2826 471 532 342 63 55 120 11673 73 55 164 2670 4343 7548 57 51 119 138317 300 83
internal_value=-3.82073e-05 -3.0461e-05 0.00122155 0.00189655 0.00121836 0.00537037 0.00978261 0.000888971 -3.91123e-05 -0.000291073 -0.000207234 -0.000226559 -0.00011752 -6.9056e-05 0.000534147 -0.000292929 0.000396955 -0.000788494 0.00710937 0.000211765 0.00573944 -0.000667332 0.00133584 0.000419579 0.00117045 0.0077193 0.000354114 -6.88051e-06 -0.000112114 0.00453002
internal_weight=290268 288085 1977 1653 1383 270 115 1333 286108 32449 31245 31162 28336 27804 7526 20278 8477 11801 128 8193 284 3012 4514 7722 4400 114 7667 253659 138700 383
internal_count=290268 288085 1977 1653 1383 270 115 1333 286108 32449 31245 31162 28336 27804 7526 20278 8477 11801 128 8193 284 3012 4514 7722 4400 114 7667 253659 138700 383
is_linear=0
shrinkage=0.05


Tree=233
num_leaves=31
num_cat=0
split_feature=15 23 23 21 22 17 1 17 9 16 13 23 13 13 23 22 9 5 0 3 5 1 23 9 2 0 22 17 23 4
split_gain=0.864781 1.98351 3.27867 5.55492 2.88845 3.73231 2.78285 2.83465 2.57373 2.54243 1.9062 2.05352 2.35213 2.62757 1.70316 1.63107 2.1758 1.59661 1.32257 2.07139 1.94651 1.75735 3.11385 1.4752 2.12341 1.49707 1.29007 2.10542 1.35521 2.88549
threshold=55.500000000000007 0.97461712852231652 0.92843842216862604 12.500000000000002 0.30983042691905771 299.50000000000006 5.3950000000000005 312.50000000000006 81.83835601806642 9.0500000000000025 2.8500000000000001 0.99530134160901229 8.0500000000000025 5.0500000000000007 0.95178258287705175 0.34235194516023087 80.701728820800795 10.565000000000001 6.7350000000000012 4.7516666666666678 8.8364285714285753 4.1250000000000009 0.14888728888808328 167.14442443847659 3.4500000000000011 8.7850000000000019 -0.95244167294248061 28.500000000000004 0.16587474750015932 59.185000000000009
decision_type=2 2 2 10 2 2 2 2 2 2 2 2 2 2 2 2 2 2 2 2 2 2 2 2 2 2 2 2 2 2
left_child=1 2 8 6 -5 15 -4 9 26 -8 -3 -12 13 -13 -11 16 -6 -17 19 -10 21 22 -21 24 -20 -26 27 -1 -29 -30
right_child=-2 10 3 4 5 -7 7 -9 18 14 11 12 -14 -15 -16 17 -18 -19 23 20 -22 -23 -24 -25 25 -27 -28 28 29 -31
leaf_value=0.007361992094769395 -7.5925738690552061e-06 -0.0043541367127474225 -0.00010318849458273017 -0.0016852594541723839 0.002941797005380168 -0.0024971986664137193 0.0098558908267631206 -0.0018110402380226908 -0.0021355131702289927 0.0044280595154840389 -0.006333952828471873 0.0010106803645646902 -0.0030161686136802928 0.006508684950949745 0.0028494506514624165 -0.0035927881742617756 0.0076374654697442153 0.0037761434533337863 -0.001886427669012282 0.0005454375976506968 -0.0073369879459604138 0.00081346836888473301 0.010407665926357272 -0.0030062802215605265 0.0073650157772283831 0.00089040436802182007 -0.00040414839362920996 0.00045545809645141457 0.0027204084608824218 0.011706374254923657
leaf_weight=55 255381 964 93 838 91 215 54 59 1083 82 190 67 71 59 85 51 83 57 3304 109 232 1691 78 3328 56 937 16165 4251 412 127
leaf_count=55 255381 964 93 838 91 215 54 59 1083 82 190 67 71 59 85 51 83 57 3304 109 232 1691 78 3328 56 937 16165 4251 412 127
internal_value=-3.83795e-05 -0.000271879 -0.000196208 0.00193794 0.00043071 0.0034507 0.00733244 0.00982143 -0.000310734 0.0124208 -0.00215026 0.000813952 0.00439086 0.00849206 0.00937126 0.00723404 0.0102299 0.00240741 -0.000937328 -8.29952e-05 0.000829383 0.00136315 0.00596257 -0.00129508 -0.000683036 0.00134441 1.18979e-05 0.000727553 0.000615865 0.00297774
internal_weight=290268 34887 33536 1708 1335 497 373 280 31828 221 1351 387 197 126 167 282 174 108 10818 3193 2110 1878 187 7625 4297 993 21010 4845 4790 539
internal_count=290268 34887 33536 1708 1335 497 373 280 31828 221 1351 387 197 126 167 282 174 108 10818 3193 2110 1878 187 7625 4297 993 21010 4845 4790 539
is_linear=0
shrinkage=0.05


Tree=234
num_leaves=31
num_cat=0
split_feature=18 24 23 23 4 18 23 23 24 24 5 23 23 24 24 2 9 5 24 23 23 23 24 24 3 5 2 16 20 9
split_gain=0.856456 2.59324 4.51705 5.45289 3.55382 3.11852 3.02507 3.00785 4.06613 2.94172 9.80551 3.38723 6.04101 6.10227 5.66615 5.22859 4.71019 6.55185 4.43274 6.98242 15.836 6.33625 16.7687 12.0651 7.37052 4.5403 4.35049 7.45786 5.83081 4.12133
threshold=8.8850000000000033 0.24500000000000002 -0.18493013702746822 -0.21022037796396451 11.385000000000003 3.1250000000000004 -0.20180761162458913 1.0000000180025095e-35 -0.18999999999999997 1.0000000180025095e-35 7.4092857142857156 0.14888728888808328 0.19969739736768838 -0.029999999999999995 -0.58499999999999985 -3.5399999999999996 998.87963867187511 5.4550000000000027 -0.24999999999999997 0.82293497932636273 0.73136292505298039 0.76556758748011056 -0.22499999999999995 -0.22499999999999995 4.6483333333333352 3.7978571428571439 -2.0299999999999998 8.3500000000000032 388.40000000000003 192.3317565917969
decision_type=2 10 2 2 2 2 2 2 10 10 2 2 2 10 10 2 2 2 10 2 2 2 10 10 2 2 2 2 10 2
left_child=1 2 3 5 6 -1 -5 8 -4 11 -11 14 -13 18 -9 29 -17 -18 -14 20 25 22 26 -23 -25 -20 28 -28 -22 -16
right_child=-2 -3 7 4 -6 -7 -8 9 -10 10 -12 12 13 -15 15 16 17 -19 19 -21 21 23 -24 24 -26 -27 27 -29 -30 -31
leaf_value=0.003635771759168713 -0.00017209319118478874 -0.00025192255557954924 0.00064686694361911976 0.010958186403247284 0.011240667182505645 0.00063606273208862416 -0.0005557551327220649 -0.0023858391257348169 -0.0055595468588907002 0.0061173004452583866 0.00010812103220467331 -0.0041712037448291359 -0.00013342501669008736 -0.0033502777788122304 0.0089736607430234341 0.00075647553615804108 0.010373167871005576 0.002255075122654816 0.013180587526469646 -0.0053854094267026869 0.0070105489195100498 -0.00067244528368604929 -0.0054772577031511546 0.013931111656630467 0.0070038015695584391 0.00062574852889525189 0.0078306063128850047 0.0052337979932098331 0.007424551154873487 0.0019848434280946218
leaf_weight=764 124271 65280 1382 165 226 27221 295 1545 2247 567 2094 1838 45479 2976 333 2526 92 256 81 1081 50 617 160 55 432 7616 86 196 66 271
leaf_count=764 124271 65280 1382 165 226 27221 295 1545 2247 567 2094 1838 45479 2976 333 2526 92 256 81 1081 50 617 160 55 432 7616 86 196 66 271
internal_value=-3.71737e-05 3.7138e-05 0.000196242 0.00072704 0.00513119 0.00061908 0.00260869 -1.49916e-05 -0.00141775 5.94139e-05 0.00168921 -6.54052e-06 -0.000109744 -2.16499e-05 0.00124129 0.00236055 0.00147182 0.00692529 9.57623e-05 0.0010249 0.00146436 0.00589049 0.010233 0.00369565 0.00957905 0.000508639 0.0157286 0.0123759 0.0238793 0.0065894
internal_weight=290268 165997 100717 28671 686 27985 460 72046 3629 68417 2661 65756 60733 58895 5023 3478 2874 348 55919 10440 9359 1662 558 1104 487 7697 398 282 116 604
internal_count=290268 165997 100717 28671 686 27985 460 72046 3629 68417 2661 65756 60733 58895 5023 3478 2874 348 55919 10440 9359 1662 558 1104 487 7697 398 282 116 604
is_linear=0
shrinkage=0.05


Tree=235
num_leaves=31
num_cat=0
split_feature=12 23 4 12 13 17 4 8 20 17 23 5 22 22 23 24 22 1 14 18 9 3 24 23 23 24 22 22 22 24
split_gain=0.855325 1.79034 2.89184 2.98243 2.99963 1.68134 2.32158 1.31016 1.30866 1.17597 1.1311 0.93057 2.76581 5.84864 4.78701 11.1419 7.73067 5.89623 4.16785 2.92974 2.64366 3.1943 2.59953 2.64428 2.93011 8.60499 9.57771 3.60688 5.70221 10.7639
threshold=2.5000000000000004 -0.82413948779581736 38.115000000000002 4.5000000000000009 3.8500000000000001 124.50000000000001 19.815000000000001 22.500000000000004 398.65000000000003 149.50000000000003 -0.5129677127369543 6.1607142857142874 -0.95244167294248061 -0.78326540922535159 0.59003219687534991 -0.34499999999999992 -0.79384350655589164 4.1850000000000014 30.950000000000003 6.9650000000000007 49.988454818725593 3.8250000000000006 -0.77999999999999992 -0.99761278905001471 -0.79382744783423187 1.4950000000000003 -0.11692013674435776 0.52766072109828632 0.54219432480460406 0.89500000000000013
decision_type=2 2 2 2 2 2 2 2 8 2 2 2 2 2 2 10 2 2 2 2 2 2 8 2 2 8 2 2 2 10
left_child=7 2 5 4 -4 6 -2 11 10 -10 -9 12 -1 14 18 16 17 -16 -14 20 -20 -22 -15 -24 25 27 -27 -25 29 -29
right_child=1 -3 3 -5 -6 -7 -8 8 9 -11 -12 -13 13 22 15 -17 -18 -19 19 -21 21 -23 23 24 -26 26 -28 28 -30 -31
leaf_value=-0.0017879587827439151 -0.0023787697729088226 -0.0018431151830665812 0.02142772063463801 -0.0034468067202024786 0.0078127120691999594 -0.0017818047252826719 0.01565567753599776 0.0059474798639261115 -0.0032732972891295581 0.0081367396972495815 0.023974096651247091 1.7485558748029472e-05 0.00049053564555036138 -0.0022760246933372402 0.012753316965086588 -0.018496749591164464 0.0030289607026941084 0.0069797110838202281 -0.0019532087130106029 -1.1471126930857808e-05 -0.0017171565624770051 0.010537092797207199 -0.0049492197131255598 -7.7956686551076918e-05 -0.00035907285731986033 0.0045067422816724217 0.0098659645103178033 -0.0053204003483635978 0.0010968238518657221 0.021348346782583912
leaf_weight=4507 102 5652 82 87 57 721 75 70 135 314 51 220363 3606 1871 53 134 118 53 67 218 66 308 868 5389 43889 289 92 55 899 77
leaf_count=4507 102 5652 82 87 57 721 75 70 135 314 51 220363 3606 1871 53 134 118 53 67 218 66 308 868 5389 43889 289 92 55 899 77
internal_value=-3.95853e-05 -0.000594747 0.00122776 0.00628318 0.0108273 -4.45446e-05 0.00432203 -2.63159e-05 0.00236842 0.00112472 0.00698347 -3.11405e-05 -0.000201331 -0.000108697 0.00159745 0.00715084 0.0139732 0.0237736 0.0011313 0.00478756 0.00713152 0.00877005 -0.000256323 -0.000189884 -0.000143027 0.000822672 0.00812336 0.000389407 0.00309893 0.012803
internal_weight=290268 6776 1124 226 139 898 177 283492 570 449 121 282922 62559 58052 4623 358 224 106 4265 659 441 374 53429 51558 50690 6801 381 6420 1031 132
internal_count=290268 6776 1124 226 139 898 177 283492 570 449 121 282922 62559 58052 4623 358 224 106 4265 659 441 374 53429 51558 50690 6801 381 6420 1031 132
is_linear=0
shrinkage=0.05


Tree=236
num_leaves=31
num_cat=0
split_feature=5 1 5 20 15 0 23 23 24 3 23 1 4 20 23 24 20 24 13 24 23 23 19 23 23 9 16 1 9 24
split_gain=0.925371 1.0809 1.37227 1.09029 1.09592 1.0349 1.36341 4.19998 1.65684 1.42184 0.953028 3.84997 3.09568 3.06409 2.81699 4.08424 5.95213 3.95865 3.21093 2.44864 3.27753 3.00827 3.06705 2.44144 2.83608 2.32519 3.17426 2.27254 2.23332 2.83602
threshold=3.3450000000000011 1.9350000000000003 5.9978571428571446 314.30000000000001 66.500000000000014 4.6550000000000011 0.57605713708605399 0.75438814418115718 1.6100000000000003 3.6350000000000002 0.98332250088165762 7.1550000000000011 9.3050000000000015 426.60000000000008 0.97263757644091875 2.0250000000000004 188.00000000000003 -0.42499999999999993 24.750000000000004 2.0250000000000004 0.9863035000474919 0.99958851518450398 12.475000000000003 0.99748108949426018 0.99681593486783593 175.65871429443362 12.550000000000002 11.765000000000002 845.66873168945324 -0.60499999999999987
decision_type=2 2 2 10 2 2 2 2 10 2 2 2 2 10 2 10 10 10 2 10 2 2 2 2 2 2 2 2 2 10
left_child=5 2 3 -2 -5 6 8 -8 9 -1 14 28 13 -13 -3 17 -17 -16 -19 21 -21 22 -14 24 25 26 -24 -23 -12 -30
right_child=1 10 -4 4 -6 -7 7 -9 -10 -11 11 12 19 -15 15 16 -18 18 -20 20 -22 27 23 -25 -26 -27 -28 -29 29 -31
leaf_value=-0.0051512674389291649 0.00010706739195900178 -4.5673207118071162e-05 0.0053821265032217734 0.00095162721436685242 0.0052848511852337521 -0.0062506492484404683 0.0090825618605979846 -0.00049729050503382439 0.0040552597067313586 0.0062392396023559678 -0.00085440257494042858 0.004220126641690255 0.0013332964440504842 -0.0012315832531130944 -0.00055318444838616616 0.0075314170256960099 0.00084039824785088089 -0.009559820373730302 0.0025041619033978404 0.008246492825558659 -0.0030862077020150785 0.00051573625390174873 0.00608263055220838 0.00058918337229002602 0.0082876349510739786 0.0026362829497668075 0.007901565810940224 -0.0052476611744551368 -0.0031385506989503962 0.0017984185277310366
leaf_weight=1023 587 265952 108 65 50 238 121 766 63 110 7321 1081 3574 244 2247 67 517 1541 234 93 915 656 137 243 57 284 67 445 357 1105
leaf_count=1023 587 265952 108 65 50 238 121 766 63 110 7321 1081 3574 244 2247 67 517 1541 234 93 915 656 137 243 57 284 67 445 357 1105
internal_value=-4.18246e-05 -3.38095e-05 0.00179012 0.000982905 0.00543478 -0.00103619 -0.00067931 0.000806087 -0.00178094 -0.00221977 -3.89547e-05 0.00032903 0.00113776 0.00333962 -6.15037e-05 -0.00128745 0.00261986 -0.0018548 -0.00361972 0.00068691 -0.00157738 0.0011047 0.00169418 0.00451777 0.00637615 0.00514344 0.00921569 -0.0012307 -0.000388821 0.00139535
internal_weight=290268 287947 810 702 115 2321 2083 887 1196 1133 287137 16579 7796 1325 270558 4606 584 4022 1775 6471 1008 5463 4362 788 545 488 204 1101 8783 1462
internal_count=290268 287947 810 702 115 2321 2083 887 1196 1133 287137 16579 7796 1325 270558 4606 584 4022 1775 6471 1008 5463 4362 788 545 488 204 1101 8783 1462
is_linear=0
shrinkage=0.05


Tree=237
num_leaves=31
num_cat=0
split_feature=12 16 8 16 1 13 8 15 15 5 22 22 23 16 17 14 15 17 4 14 15 9 5 23 23 23 22 9 13 5
split_gain=0.85745 1.51588 1.22056 1.71376 1.34501 1.68609 1.33206 2.15066 1.26198 1.54091 2.11245 2.4194 2.84005 2.35799 1.85593 1.85268 2.14559 1.97733 1.63143 1.59799 1.84263 2.13853 1.67067 1.51312 1.60538 3.23287 6.50409 3.5253 2.16759 2.06687
threshold=2.5000000000000004 17.950000000000003 2.5000000000000004 18.150000000000002 12.135000000000003 0.25000000000000006 18.500000000000004 58.500000000000007 55.500000000000007 18.457142857142859 -0.51297808981038739 -0.26866367175705824 -0.94703994556331683 11.65 250.50000000000003 31.550000000000004 67.500000000000014 275.50000000000006 25.145000000000003 30.250000000000004 66.500000000000014 55.44726753234864 30.295000000000005 -0.85225707553516283 0.97461712852231652 0.94066717844141279 0.30983042691905771 105.39418411254884 0.75000000000000011 5.1707142857142872
decision_type=2 2 2 2 2 2 2 2 2 2 2 2 2 2 2 2 2 2 2 2 2 2 2 2 2 2 2 2 2 2
left_child=2 -2 8 4 6 -6 -4 -8 23 18 -11 12 -12 -14 19 16 -15 -18 -10 20 21 -13 -23 -1 25 -25 29 -28 -26 -27
right_child=1 -3 3 -5 5 -7 7 -9 9 10 11 14 13 15 -16 -17 17 -19 -20 -21 -22 22 -24 24 28 26 27 -29 -30 -31
leaf_value=-0.0015203212466815815 -0.00065565074912875081 -0.0074996506711013352 0.0024081089329058289 -0.0050411198149093294 0.0042478298282972093 -0.0010584936394763031 0.0014220029883760393 0.019533098034516101 -1.8390124274258627e-05 9.952678943572207e-05 0.016018249004179568 -0.00022281310567787358 0.0015961752530302331 0.011911651321026308 -0.0010519913127458075 -0.00015671343852608825 0.00085997695431681604 0.0073770834253675021 -0.0021942225193024452 0.00030701491508644622 0.0023832225530282681 0.0095663115138320681 0.0023695783389196161 -0.00036037633241936767 -0.004526541900835992 0.0035102256443401928 0.0024654543864858036 0.005727176647152765 9.7597682296806301e-05 -0.0012937804031706393
leaf_weight=5195 6238 538 2714 541 1762 2864 76 59 233829 6253 56 83 543 107 1081 72 107 55 3323 864 731 109 51 20457 685 174 158 122 655 766
leaf_count=5195 6238 538 2714 541 1762 2864 76 59 233829 6253 56 83 543 107 1081 72 107 55 3323 864 731 109 51 20457 685 174 158 122 655 766
internal_value=-3.88963e-05 -0.000594747 -2.56104e-05 0.000582584 0.000779263 0.000252917 0.00163391 0.00648148 -4.33081e-05 -7.15953e-06 0.000597309 0.00151723 0.0037234 0.00303167 0.000806782 0.00629032 0.00819702 0.0045679 -3.29337e-05 0.00177367 0.00316222 0.00693416 0.0103125 -0.000360132 -0.000186168 -8.23465e-05 0.00241803 0.00910714 -0.00186567 0.000425531
internal_weight=290268 6776 283492 8016 7475 4626 2849 135 275476 247264 10112 3859 940 884 2919 341 269 162 237152 1838 974 243 160 28212 23017 21677 1220 280 1340 940
internal_count=290268 6776 283492 8016 7475 4626 2849 135 275476 247264 10112 3859 940 884 2919 341 269 162 237152 1838 974 243 160 28212 23017 21677 1220 280 1340 940
is_linear=0
shrinkage=0.05


Tree=238
num_leaves=31
num_cat=0
split_feature=23 1 22 20 9 15 23 20 17 17 18 4 20 14 15 17 16 9 9 23 20 18 9 20 13 16 20 13 14 3
split_gain=0.84415 3.83744 3.90159 6.06417 3.95948 4.13129 2.66762 3.29424 2.24094 2.24586 1.98492 1.96575 1.86037 2.69556 1.94826 1.8442 1.83199 1.74811 3.539 3.19987 5.7843 5.41619 3.14009 2.84652 3.20989 2.82929 2.61874 2.45722 2.85048 2.35188
threshold=0.98332250088165762 7.035000000000001 0.15951094710994371 237.00000000000003 104.30410385131837 70.500000000000014 0.97263757644091875 137.60000000000002 267.50000000000006 342.50000000000006 9.7150000000000016 9.2650000000000023 426.60000000000008 31.950000000000003 63.500000000000007 345.50000000000006 14.050000000000002 806.39907836914074 494.48980712890631 0.99024581825578073 357.40000000000003 5.0050000000000008 254.37982940673831 266.10000000000008 15.350000000000003 14.750000000000002 402.00000000000006 20.950000000000003 30.150000000000002 5.368333333333335
decision_type=2 2 2 10 2 2 2 8 2 2 2 2 10 2 2 2 2 2 2 2 8 2 2 10 2 2 8 2 2 2
left_child=6 8 11 -4 -5 -6 -1 -8 17 -10 16 12 13 -3 -14 -11 -9 18 19 20 21 23 -23 24 -2 -21 -27 28 -19 -30
right_child=1 2 3 4 5 -7 7 10 9 15 -12 -13 14 -15 -16 -17 -18 27 -20 25 -22 22 -24 -25 -26 26 -28 -29 29 -31
leaf_value=-4.3476123200247694e-05 0.00967812669520683 0.0028567101224895764 -0.0048670462602990747 0.0023668491880920167 0.016488484346087528 0.0022530130521406979 0.0064663557542667801 -0.00057508004744906177 -0.0024064151203931571 0.0098048636329245431 -0.0039245094373950469 0.0006367743080566891 -0.0035995818858118029 0.0065467052387231141 0.0033080875126146186 0.0006563326047316682 -0.0064089764898564404 0.0011095211121871997 -0.0057618557755126252 -0.00097704216760224416 -0.0062879974139096219 0.0045221063061025371 -0.0029994276478393237 0.0055412275954525208 0.0050126037046479138 -0.0004219571396456126 0.0040722392536733749 -0.0023501281170113979 0.0036919708462069705 0.0088020853595670075
leaf_weight=268686 81 982 126 68 108 55 97 3066 3304 63 1170 6371 195 69 74 323 419 527 549 2580 315 212 186 97 51 64 63 195 111 61
leaf_count=268686 81 982 126 68 108 55 97 3066 3304 63 1170 6371 195 69 74 323 419 527 549 2580 315 212 186 97 51 64 63 195 111 61
internal_value=-3.76905e-05 0.000306 0.00109468 0.00620448 0.0110173 0.0152454 -5.88445e-05 -0.00123317 -0.000416763 -0.00135501 -0.0014232 0.000857495 0.00261364 0.00356327 -0.00109666 0.00225388 -0.000824965 0.000263157 -0.000164365 0.000398738 0.0029087 0.0056858 0.0021608 0.0118122 0.0165909 -0.000474696 0.00681102 0.00227069 0.00365522 0.00924418
internal_weight=290268 16830 8048 357 231 163 273438 4752 8782 3690 4655 7691 1320 1051 269 386 3485 5092 4198 3649 942 627 398 229 132 2707 127 894 699 172
internal_count=290268 16830 8048 357 231 163 273438 4752 8782 3690 4655 7691 1320 1051 269 386 3485 5092 4198 3649 942 627 398 229 132 2707 127 894 699 172
is_linear=0
shrinkage=0.05


Tree=239
num_leaves=31
num_cat=0
split_feature=2 23 23 21 24 24 20 24 23 23 9 23 1 16 1 9 21 0 4 23 24 20 13 20 17 4 24 24 24 15
split_gain=0.85705 2.09325 5.27364 6.72562 5.75369 8.73292 4.12425 4.50834 3.33187 4.04565 4.46923 3.26493 10.3057 3.0566 2.91506 2.87079 2.81306 4.06242 2.68428 2.656 4.2786 2.6183 4.68394 2.45555 3.11844 3.12281 2.39577 2.37624 2.31209 2.91395
threshold=-0.41999999999999976 -0.6523320455745395 -0.6905596507703472 21.900000000000002 0.69500000000000006 0.53000000000000014 291.80000000000001 -0.089999999999999983 -0.41399101439218416 -0.45273527932988084 182.93508911132815 -0.40613878790836594 7.1950000000000012 10.950000000000001 6.7550000000000008 298.48324584960943 152.50000000000003 6.6550000000000011 134.03500000000003 -0.48313741114591585 0.36500000000000005 413.40000000000003 1.9500000000000002 200.30000000000004 28.500000000000004 23.345000000000002 -0.24999999999999997 -0.24999999999999997 -0.029999999999999995 71.500000000000014
decision_type=2 2 2 8 8 10 8 10 2 2 2 2 2 2 2 2 8 2 2 2 8 10 2 8 2 2 8 8 8 2
left_child=1 2 23 15 5 6 -5 -8 9 10 19 12 -10 -7 -13 26 -9 -18 -16 -3 21 22 -21 -1 28 -26 -4 -27 -25 -30
right_child=-2 8 3 4 -6 13 7 16 11 -11 -12 14 -14 -15 18 -17 17 -19 -20 20 -22 -23 -24 24 25 27 -28 -29 29 -31
leaf_value=0.0014536087548229497 4.5245167637221804e-05 -0.00058376765295391425 0.0063985355914676747 -0.0021764082919834928 -3.4214188107051801e-05 0.010174730789061601 0.0089351139559082134 -0.0016148138044327358 0.015114182594823864 -0.0078698094708705528 -0.0028947245109973343 -0.00098557197295949788 -0.0024001601456121696 0.0086512686138898037 -2.1339597813017642e-05 0.0057754831822182983 0.0039997610907280684 0.012529399065668554 0.010675738359365037 0.016755316653904933 -0.00088738187782371912 -0.0028601062293487859 0.0053936244589218932 -0.0031840819497533862 -0.00048090443289426524 -0.0096557421102434881 -0.0043546707052075154 0.0039652538823620491 0.0072871313213572382 -0.00063763563733398735
leaf_weight=3196 167699 5529 133 138 316 53 97 95 62 2034 2885 17957 170 53 59489 137 186 50 291 71 484 74 359 201 24169 219 808 2583 482 248
leaf_count=3196 167699 5529 133 138 316 53 97 95 62 2034 2885 17957 170 53 59489 137 186 50 291 71 484 74 359 201 24169 219 808 2583 482 248
internal_value=-3.7346e-05 -0.000137842 0.000201422 0.00264763 0.00562753 0.00824405 0.00577738 0.00820093 -0.000263689 -0.00106069 -0.000623273 -0.00014679 0.00577586 0.0214151 -0.000164466 -8.34891e-05 0.00542296 0.00834746 3.34441e-06 0.00010204 0.00248988 0.00571428 0.0072093 3.89081e-05 -0.000111463 -0.000209671 -0.00106801 0.00137045 0.00273362 0.00404109
internal_weight=290268 122569 33164 2066 988 672 566 428 89405 11436 9402 77969 232 106 77737 1078 331 236 59780 6517 988 504 430 31098 27902 26971 941 2802 931 730
internal_count=290268 122569 33164 2066 988 672 566 428 89405 11436 9402 77969 232 106 77737 1078 331 236 59780 6517 988 504 430 31098 27902 26971 941 2802 931 730
is_linear=0
shrinkage=0.05


Tree=240
num_leaves=31
num_cat=0
split_feature=15 14 14 22 20 18 21 23 21 0 22 23 24 20 24 23 20 1 23 22 17 22 23 24 23 9 20 1 0 17
split_gain=0.840797 2.64536 2.30321 2.3079 2.29386 2.07787 2.59276 2.39508 5.29793 2.36619 2.74737 12.7255 10.188 3.14546 2.90221 2.68513 4.00684 2.56488 2.4688 6.63072 5.01753 4.83154 2.34433 2.1546 5.02952 2.08532 4.78903 2.39954 1.99391 2.23776
threshold=73.500000000000014 29.750000000000004 25.550000000000004 -0.90893996196865023 273.40000000000003 5.8850000000000007 257.50000000000006 -0.99864786094873803 362.50000000000006 5.8950000000000005 -0.66528616069191593 0.71952396275653763 1.9550000000000003 318.40000000000003 -0.34499999999999992 0.14888728888808328 316.35000000000008 6.4750000000000005 -0.71502926860092908 0.69056404122701587 46.500000000000007 0.46800856592688472 -0.99938741687870725 1.3800000000000001 -0.99938741687870725 998.87963867187511 356.10000000000008 5.7950000000000008 10.055000000000001 130.50000000000003
decision_type=2 2 2 2 10 2 10 2 8 2 2 2 10 10 10 2 10 2 2 2 2 2 2 10 2 2 10 2 2 2
left_child=1 -1 -2 4 -4 6 9 8 23 10 11 14 -13 -14 15 16 -3 -18 19 20 21 -12 -10 -7 -25 -20 -27 -28 29 -26
right_child=2 5 3 -5 -6 7 -8 -9 22 -11 18 12 13 -15 -16 -17 17 -19 25 -21 -22 -23 -24 24 28 26 27 -29 -30 -31
leaf_value=-0.00042160403461114209 -0.00075179889469067552 0.00045356820841604072 -0.0018682612968737335 0.00043855922988242726 0.0013418480408979774 -0.00044277035159158456 0.0034773027679976297 -0.00010631820560554791 0.0013307440847142192 0.0013214875598698173 0.0032371702200590284 -0.0014275216484604045 0.010956228981722703 0.010321461104009362 -0.00093670426729411014 0.00055208139927811486 0.0041859337479614551 0.012256127373602493 -0.0010148130508667115 0.011007261137447048 1.1709215772109685e-05 0.01382525426078874 0.0070780691364879496 -0.00015170586690186095 0.0066739512494869441 -0.00036899968841181123 0.0040456236301848999 0.00028660027809518043 0.0031507403468565478 0.0033748349737930993
leaf_weight=63822 7711 368 4676 45723 1360 1229 192 135460 112 8679 150 74 74 60 1760 1568 223 117 11973 86 2628 93 81 441 91 955 251 139 84 88
leaf_count=63822 7711 368 4676 45723 1360 1229 192 135460 112 8679 150 74 74 60 1760 1568 223 117 11973 86 2628 93 81 441 91 955 251 139 84 88
internal_value=-3.64847e-05 -7.96813e-05 0.000131157 0.000251259 -0.000667662 2.49725e-05 0.0004066 -5.65476e-05 0.00160865 0.000368517 7.57822e-05 0.00120876 0.0132692 0.0214925 0.000587214 0.00176626 0.00432203 0.00823529 -0.000219663 0.00108725 0.000677463 0.00755144 0.00950777 0.000819968 0.00302557 -0.000509838 0.00135688 0.00602564 0.0084981 0.0114804
internal_weight=290268 230798 59470 51759 6036 166976 29390 137586 2126 29198 20519 4244 208 134 4036 2276 708 340 16275 2957 2871 243 193 1933 704 13318 1345 390 263 179
internal_count=290268 230798 59470 51759 6036 166976 29390 137586 2126 29198 20519 4244 208 134 4036 2276 708 340 16275 2957 2871 243 193 1933 704 13318 1345 390 263 179
is_linear=0
shrinkage=0.05


Tree=241
num_leaves=31
num_cat=0
split_feature=2 23 22 9 22 22 18 23 23 9 22 13 23 20 3 24 22 22 16 15 22 20 20 3 22 15 20 24 13 9
split_gain=0.830969 1.94411 5.20758 3.3294 10.5677 4.88858 4.86612 3.21559 3.93713 4.33891 3.17452 4.44139 3.02552 8.81031 2.95713 2.84657 5.71351 28.1976 11.5334 5.58952 5.33684 3.15012 3.03521 3.48367 2.45342 3.98996 5.77415 3.0113 5.04955 2.74739
threshold=-0.41999999999999976 -0.6523320455745395 0.51297097409535064 409.80174255371099 0.52766072109828632 0.72695311118111527 4.5850000000000009 -0.41399101439218416 -0.45273527932988084 202.63609313964847 0.878110924644389 1.7500000000000002 -0.40613878790836594 252.40000000000003 8.0350000000000019 -0.089999999999999983 -0.35041564478062465 -0.25205528343633254 11.65 56.500000000000007 -0.28519255817492867 235.70000000000002 202.40000000000003 20.861666666666672 -0.72696319516528884 59.500000000000007 329.65000000000003 -0.27499999999999997 3.4500000000000006 452.44052124023443
decision_type=2 2 2 2 2 2 2 2 2 2 2 2 2 10 2 10 2 2 2 2 2 10 10 2 2 2 10 10 2 2
left_child=1 2 15 -4 -5 -6 -7 8 9 10 -3 -12 13 -9 -13 16 24 18 19 -18 -21 -22 -17 -24 25 -1 -27 28 -26 -29
right_child=-2 7 3 4 5 6 -8 12 -10 -11 11 14 -14 -15 -16 22 17 -19 -20 20 21 -23 23 -25 27 26 -28 29 -30 -31
leaf_value=-0.0087562668960456964 4.609763830778618e-05 -0.00050609608943521687 0.0011474026840446216 0.012156396210689788 0.0011375644619984477 0.0010347196256669526 0.0077023649525433226 0.012436819858914552 -0.0074900724767648086 -0.0030909325132142821 0.01003640957234944 -0.0036127730614046224 -0.00020244641228593817 -0.0062175054768789876 0.0037665359906792206 0.0008726796595501375 0.0060227354595923273 -0.00057948714095848116 0.004941932825663584 0.013924105695560072 0.0093051381196156656 0.009851782139755785 -0.0012144323065699156 0.0048297067033954769 -1.6310780006115403e-05 0.0025639250188632893 0.0097202061494717704 -0.0040565565372614621 0.0087084125084459472 0.0030722134541078146
leaf_weight=202 167699 6383 5280 53 617 50 52 86 2034 2547 53 189 77737 146 230 5074 66 1372 167 76 56 58 15185 766 1142 230 104 2196 208 210
leaf_count=202 167699 6383 5280 53 617 50 52 86 2034 2547 53 189 77737 146 230 5074 66 1372 167 76 56 58 15185 766 1142 230 104 2196 208 210
internal_value=-3.56234e-05 -0.000134578 0.000192376 0.00151851 0.00458549 0.00299722 0.0131373 -0.000255859 -0.00103883 -0.000607319 4.74095e-05 0.00400424 -0.000141019 0.00556034 0.00227924 -0.000103645 0.000848528 0.00321727 0.0145035 0.0211719 0.0255263 0.0186842 -0.000379312 -0.000718138 -0.000142126 0.00302239 0.00637724 -0.000593718 0.0012963 -0.0016542
internal_weight=290268 122569 33164 6052 772 719 102 89405 11436 9402 6855 472 77969 232 419 27112 6087 1795 423 256 190 114 21025 15951 4292 536 334 3756 1350 2406
internal_count=290268 122569 33164 6052 772 719 102 89405 11436 9402 6855 472 77969 232 419 27112 6087 1795 423 256 190 114 21025 15951 4292 536 334 3756 1350 2406
is_linear=0
shrinkage=0.05


Tree=242
num_leaves=31
num_cat=0
split_feature=12 16 23 2 0 17 4 15 8 23 23 24 14 24 5 0 3 24 17 18 20 10 4 5 23 20 18 1 5 12
split_gain=0.842193 1.41573 1.20833 2.90913 2.27296 2.03039 1.63133 1.36274 0.990343 1.69976 2.1661 8.07443 3.56871 1.85028 2.25391 2.30859 1.76915 1.8719 1.33044 1.82453 1.45289 1.33209 1.24247 1.99642 1.31731 1.68185 2.89416 1.23249 1.22141 1.56918
threshold=2.5000000000000004 17.950000000000003 -0.82413948779581736 -3.8199999999999985 16.945000000000004 132.50000000000003 42.925000000000004 36.500000000000007 1.5000000000000002 -0.45273527932988084 -0.50557503990954278 0.69500000000000006 31.750000000000004 1.7100000000000002 18.039285714285718 19.855000000000004 112.82833333333336 2.0250000000000004 147.50000000000003 14.465000000000002 325.7000000000001 12.492499828338625 31.495000000000001 10.623571428571433 -0.35846086284744721 685.70000000000016 16.195000000000004 7.2750000000000012 14.585000000000003 1.0000000180025095e-35
decision_type=2 2 2 2 2 2 2 2 2 2 2 8 2 10 2 2 2 8 2 2 10 2 2 2 2 10 2 2 2 2
left_child=8 2 3 4 5 -2 -5 -4 -1 10 13 12 -12 18 -15 -16 17 22 20 -20 21 -10 23 -11 -24 -26 -27 -22 29 -21
right_child=1 -3 7 6 -6 -7 -8 -9 9 16 11 -13 -14 14 15 -17 -18 -19 19 28 27 -23 24 -25 25 26 -28 -29 -30 -31
leaf_value=-5.0768945828648176e-05 0.024363309664348826 -0.0071107158511107636 0.011439259415837424 -0.0016834311838386754 0.0027808444892528914 0.0056608729104919804 0.013857117983945922 -0.0014629537285045129 0.00067349891416435405 0.00076103904343872162 0.015927420414530033 -0.0011968392686068201 0.045751276847739275 0.0027450255601346989 0.01888933109351958 0.0086477294165915684 0.018988976968816983 -0.0081682008819112771 -6.0271062536976309e-05 0.018198483681171131 0.0039910326453154741 0.0097502706337489371 0.032435566080167226 -0.0027869832540087379 -0.0015298209635769117 0.033809821151493592 0.0053031461599975308 -0.0032552868483492329 0.0046577944112058053 0.0020234713394867831
leaf_weight=271329 51 538 113 774 120 64 83 5033 426 2062 90 294 80 494 50 142 60 348 1631 193 122 89 62 2424 571 52 159 1578 1101 135
leaf_count=271329 51 538 113 774 120 64 83 5033 426 2062 90 294 80 494 50 142 60 348 1631 193 122 89 62 2424 571 52 159 1578 1101 135
internal_value=-3.64847e-05 -0.000587368 -0.000375121 0.00113553 0.00606383 0.011087 -0.000215871 -0.000695687 -2.33175e-05 0.00041807 0.000976653 0.00426724 0.0129412 0.000720515 0.00316326 0.00776042 -0.000207391 -0.000297641 0.000402842 0.00107843 -0.000530475 0.00179612 -6.56672e-05 -0.000396791 0.00169431 0.00113811 0.00495261 -0.0012353 0.00238278 0.00506097
internal_weight=290268 6776 6238 1092 235 115 857 5146 283492 12163 6425 464 170 5961 686 192 5738 5678 5275 3060 2215 515 5330 4486 844 782 211 1700 1429 328
internal_count=290268 6776 6238 1092 235 115 857 5146 283492 12163 6425 464 170 5961 686 192 5738 5678 5275 3060 2215 515 5330 4486 844 782 211 1700 1429 328
is_linear=0
shrinkage=0.05


Tree=243
num_leaves=31
num_cat=0
split_feature=15 23 4 18 2 23 5 3 23 23 23 23 24 23 13 23 24 4 23 2 21 23 24 24 24 18 15 23 23 23
split_gain=0.849789 2.23255 2.94321 3.7602 2.25164 2.21488 2.09314 3.69074 2.43122 3.11023 3.22524 3.1202 9.06855 2.99165 2.75453 2.81061 6.5127 3.81769 2.5056 3.24766 2.88627 2.40766 2.42589 2.40267 5.29191 3.55236 2.85945 3.64659 7.4629 9.57181
threshold=66.500000000000014 0.99988440732898443 13.385000000000003 5.1050000000000013 -0.86999999999999977 0.99981043035926087 9.7207142857142887 11.391666666666667 -0.95242240592625282 0.75438814418115718 0.94909129669788206 0.94353349168649059 -0.42499999999999993 0.69521084835931835 11.350000000000003 -0.9575230291762723 0.05000000000000001 16.845000000000002 0.56191161272202661 3.4500000000000011 112.50000000000001 0.98332250088165762 2.0250000000000004 0.83000000000000007 0.53000000000000014 7.7550000000000008 70.500000000000014 -0.73865259438682551 -0.6391983530350368 -0.67801649466304881
decision_type=2 2 2 2 2 2 2 2 2 2 2 2 10 2 2 2 10 2 2 2 8 2 10 10 8 2 2 2 2 2
left_child=-1 5 3 -3 -5 6 7 -2 14 13 11 -11 -13 18 15 -8 -17 -18 23 20 -20 -12 -23 24 -10 -25 -26 -28 29 -29
right_child=1 2 -4 4 -6 -7 8 -9 9 10 21 12 -14 -15 -16 16 17 -19 19 -21 -22 22 -24 25 26 -27 27 28 -30 -31
leaf_value=-0.00015026204159648501 -5.0356976982975169e-05 0.00034205155869725031 -0.0013136756862155139 0.0060362364343479954 0.0035480995137560931 -0.0079885022531048441 0.0020037955847632192 -0.0055956791985448326 -9.4492211161761514e-05 0.0020813464901168924 -0.0019769339096878252 -0.0033091874629549477 0.0072211498613871071 -0.0029685092836432463 -0.00038404151878380612 0.014651501380065872 -0.0073439213374859695 0.018996562699489319 0.00049638855409090831 0.0057192205793758213 0.0093538036424458213 0.0024718798858921632 -0.0045563101932734771 0.0023742924949253577 0.00068563432151854916 -0.0032542600052184491 0.00039031788708255319 0.0034872616974036229 0.0031179754339254327 0.0089223137648496327
leaf_weight=152488 96157 164 186 55 81 437 2481 910 16989 3922 1544 113 104 1342 1329 62 85 50 1744 315 93 1485 369 1256 1065 4221 426 162 558 75
leaf_count=152488 96157 164 186 55 81 437 2481 910 16989 3922 1544 113 104 1342 1329 62 85 50 1744 315 93 1485 369 1256 1065 4221 426 162 558 75
internal_value=-3.6657e-05 5.33447e-05 0.00343621 0.0065 0.0126471 4.13699e-05 5.27181e-05 -7.24769e-05 0.000358129 0.000227341 0.00112976 0.00206692 0.00790322 -1.34544e-05 0.00152608 0.00244959 0.00819797 0.00203704 0.000101471 0.00173792 0.000933586 -1.17728e-05 0.0012028 -4.0806e-05 0.000221789 -0.000964946 0.00248031 0.00413186 0.00613207 0.0135654
internal_weight=290268 137780 486 300 136 137294 136857 97067 39790 35783 7537 4139 217 28246 4007 2678 197 135 26904 2152 1837 3398 1854 24752 19275 5477 2286 1221 795 237
internal_count=290268 137780 486 300 136 137294 136857 97067 39790 35783 7537 4139 217 28246 4007 2678 197 135 26904 2152 1837 3398 1854 24752 19275 5477 2286 1221 795 237
is_linear=0
shrinkage=0.05


Tree=244
num_leaves=31
num_cat=0
split_feature=17 22 0 20 20 13 19 23 1 13 18 23 23 17 18 21 9 22 22 21 24 9 1 22 24 3 9 20 0 22
split_gain=0.813579 2.66672 2.01899 1.90376 2.04298 1.76905 1.69287 1.63428 2.54006 1.58659 2.27563 1.38795 2.23282 1.31325 1.46532 2.13351 1.98777 1.46453 2.44619 3.14056 2.46738 5.46724 3.08581 2.89061 3.65462 2.4044 2.3322 2.26857 2.00421 2.15332
threshold=24.500000000000004 0.97112537654464559 4.455000000000001 185.70000000000002 163.00000000000003 19.550000000000004 6.6450000000000005 -0.7614016681079937 11.225000000000003 0.25000000000000006 11.905000000000003 -0.49065906150552346 -0.46800559042974538 32.500000000000007 17.155000000000005 16.900000000000002 93.474205017089858 0.99552231814189451 0.99761913169647187 42.500000000000007 1.0000000180025095e-35 295.06581115722662 11.905000000000003 0.99818282439137029 0.36500000000000005 8.1750000000000025 117.96585083007814 275.50000000000006 5.1550000000000011 0.99995780822346225
decision_type=2 2 2 8 10 2 2 2 2 2 2 2 2 2 2 8 2 2 2 8 10 2 2 2 10 2 2 10 2 2
left_child=1 2 -1 4 -3 -5 7 8 -4 10 -8 -9 -13 14 -2 -16 -17 -15 -19 20 21 22 25 24 26 -20 -22 -26 -21 -30
right_child=13 3 6 5 -6 -7 9 11 -10 -11 -12 12 -14 17 15 16 -18 18 19 28 23 -23 -24 -25 27 -27 -28 -29 29 -31
leaf_value=-0.0021517412865344411 -0.0012367584400617435 0.0015882562085582639 0.0037956606659681515 0.0030580026999073341 0.0058677687078721929 -0.0016413179357177149 0.0045013814204854005 -0.0026768808379592831 0.0097238968466985438 -0.00045047247030759728 -0.0029365672539666296 0.01054389452659229 0.0010159008086576399 -2.3677542090166125e-05 -0.0018140018724916206 0.0059753125664891993 0.0087574835239715015 -0.0028947179523164477 0.0018695391190577107 -0.00058038475723081232 0.0039693143891735456 -0.00091233206305450407 -0.0005071158446332192 -0.0034036361726934995 0.0061993773744220097 0.0086651476814505538 -0.0076978027234485607 0.00073897926150748316 0.0029455586701110348 -0.0044744364295723994
leaf_weight=2425 5745 80 466 1777 70 352 297 465 60 8009 139 71 4131 258419 144 64 52 2092 54 652 77 637 76 2368 51 103 221 65 955 151
leaf_count=2425 5745 80 466 1777 70 352 297 465 60 8009 139 71 4131 258419 144 64 52 2092 54 652 77 637 76 2368 51 103 221 65 955 151
internal_value=-3.39009e-05 0.000288408 6.13199e-05 0.00188899 0.00733333 0.0015054 0.000297696 0.00100809 0.00365019 -0.000139137 0.00279816 0.000710305 0.000997143 -5.56413e-05 -0.000786845 0.00288461 0.00793103 -3.91294e-05 -0.000727807 -0.00016636 -0.00100219 0.00132184 0.00787554 -0.00172897 0.0021256 0.011879 -0.00080537 0.00965517 0.00156996 0.00286618
internal_weight=290268 18342 16063 2279 150 2129 13638 5193 526 8445 436 4667 4202 271926 6005 260 116 265921 7502 5410 3652 870 233 2782 414 157 298 116 1758 1106
internal_count=290268 18342 16063 2279 150 2129 13638 5193 526 8445 436 4667 4202 271926 6005 260 116 265921 7502 5410 3652 870 233 2782 414 157 298 116 1758 1106
is_linear=0
shrinkage=0.05


Tree=245
num_leaves=31
num_cat=0
split_feature=12 16 22 4 0 23 1 22 17 24 8 17 3 10 13 8 14 9 17 23 9 20 5 1 5 17 14 0 22 1
split_gain=0.806411 1.33504 1.03914 1.64817 3.1918 1.04175 1.14725 1.67438 1.17803 1.10709 2.03136 1.42359 2.57499 1.40805 1.00137 0.969741 0.960718 1.12688 0.871446 1.1486 1.61886 1.02577 0.860282 1.02868 1.51624 1.10003 0.967908 0.957277 1.30961 1.30155
threshold=2.5000000000000004 18.550000000000004 -0.56368474752277564 40.455000000000005 23.585000000000004 -0.58481178939031186 124.20500000000003 -0.86976336936302323 179.50000000000003 -0.18999999999999997 11.500000000000002 173.50000000000003 39.178333333333342 8.4258332252502459 1.9500000000000002 70.500000000000014 29.050000000000004 54.515750885009773 357.50000000000006 0.95178258287705175 442.93069458007818 322.60000000000008 3.3450000000000011 1.9350000000000003 5.9978571428571446 290.50000000000006 24.750000000000004 4.705000000000001 -0.94705910369513524 2.5750000000000006
decision_type=2 2 2 2 2 2 2 2 2 10 2 2 2 2 2 2 2 2 2 2 2 8 2 2 2 2 2 2 2 2
left_child=15 2 5 -4 -5 -2 9 8 -8 -7 16 12 13 -12 -6 18 17 -11 22 -20 21 -21 27 24 26 -26 -24 28 -1 -30
right_child=1 -3 3 4 14 6 7 -9 -10 10 11 -13 -14 -15 -16 -17 -18 -19 19 20 -22 -23 23 -25 25 -27 -28 -29 29 -31
leaf_value=-0.0089279924041365203 -0.0043948354144962556 -0.0073890930793822866 0.00016662004171963591 0.02359531223396551 0.0075653202766254243 -0.0041213663489814058 0.0085154921879510726 0.016003964767532797 -0.0061933345779963869 0.005291846992576719 -0.0023818712294546782 -0.0021053578078690286 0.028839911854225589 0.014986042387334886 -0.017715111238557766 0.011091807878802604 -0.0024573695479747741 -0.0047128382522497667 -0.0025948171567931775 0.0074176285320986099 -0.0069967730917998381 0.00085051110058148116 0.004491350352862019 -1.6850334752827552e-05 0.0043038848263848312 0.0049978595969066893 0.00038919800053041962 -0.0062585999137844493 -0.0025015778556867242 0.0012185335012879341
leaf_weight=287 1553 463 1346 58 72 1143 151 95 85 65 98 116 58 105 84 88 1210 74 1608 63 77 89 52 278463 54 51 647 222 673 1118
leaf_count=287 1553 463 1346 58 72 1143 151 95 85 65 98 116 58 105 84 88 1210 74 1608 63 77 89 52 278463 54 51 647 222 673 1118
internal_value=-3.35564e-05 -0.00057261 -0.000382545 0.000737178 0.00481308 -0.000750054 -0.000234376 0.00255287 0.000296609 -0.000555944 0.000243336 0.00348806 0.0055364 0.00288177 0.00108974 -2.0672e-05 -0.000663456 0.00327338 -2.23015e-05 -0.00110779 0.00220524 0.00519737 -1.52196e-05 -7.28813e-06 0.00177861 0.00738095 0.000937052 -0.000978262 -0.000644852 -0.00014238
internal_weight=290268 6776 6313 1560 214 4753 3200 331 236 2869 1726 377 261 203 156 283492 1349 139 283404 1837 229 152 281567 279267 804 105 699 2300 2078 1791
internal_count=290268 6776 6313 1560 214 4753 3200 331 236 2869 1726 377 261 203 156 283492 1349 139 283404 1837 229 152 281567 279267 804 105 699 2300 2078 1791
is_linear=0
shrinkage=0.05


Tree=246
num_leaves=31
num_cat=0
split_feature=2 23 22 9 21 24 24 23 23 9 5 20 22 13 3 16 23 24 13 22 22 9 22 22 5 21 19 22 9 24
split_gain=0.861524 1.56156 4.42124 9.7523 5.42601 5.17071 7.4312 3.28267 3.76907 3.91169 2.87195 4.67481 2.69465 3.49749 2.79776 2.32706 2.49914 2.30753 3.05627 2.18012 3.88757 3.18449 6.57069 2.92797 3.5777 2.45858 4.46358 4.28443 2.45597 2.38803
threshold=-0.39000000000000029 -0.6523320455745395 0.73865729060996177 322.30685424804693 16.900000000000002 0.89500000000000013 0.53000000000000014 -0.41399101439218416 -0.45273527932988084 202.63609313964847 52.487142857142864 249.90000000000003 0.878110924644389 1.7500000000000002 8.0350000000000019 8.3500000000000032 -0.40613878790836594 0.36500000000000005 11.950000000000001 0.51297097409535064 0.61237135649459018 442.93069458007818 0.52766072109828632 0.63920241694561786 11.126428571428574 16.900000000000002 5.5550000000000006 0.57077594689671507 673.84381103515636 -0.089999999999999983
decision_type=2 2 2 2 8 10 10 2 2 2 2 10 2 2 2 2 2 10 2 2 2 2 2 2 2 8 2 2 2 10
left_child=1 2 19 4 -4 6 -6 8 9 12 15 -12 -3 -14 -15 16 -9 18 -16 29 21 25 -23 -22 -25 26 27 -21 -24 -1
right_child=-2 7 3 -5 5 -7 -8 10 -10 -11 11 -13 13 14 17 -17 -18 -19 -20 20 23 22 28 24 -26 -27 -28 -29 -30 -31
leaf_value=0.0011143402333399636 5.0629869370249136e-05 -0.00045578074729166109 -0.0064827321878535953 0.0082245066236963909 0.0043939914404754537 -0.015658704544991488 0.0089427559046710483 0.010210055328339785 -0.0070611384367790866 -0.0029764105641206327 0.015365831893423172 0.0047135636305293592 0.0095466670369453808 -0.0034707323256639431 0.0087129811986364509 4.1527142081869535e-05 -0.0007773744613537376 0.0011266320266594637 0.0015046925117309972 0.021333114522792192 -0.0034385968505055795 0.011560096641607259 0.0048724653342585508 -9.3350867943634233e-05 0.003803672950807128 0.00037653786341026139 0.002413752826921349 0.0058866380266629423 -0.0038953337598301996 -0.00042260962133639548
leaf_weight=6139 166569 6430 262 54 165 71 76 52 2048 2568 56 418 53 190 62 54729 23452 118 51 56 747 53 177 2114 391 1146 605 97 89 21230
leaf_count=6139 166569 6430 262 54 165 71 76 52 2048 2568 56 418 53 190 62 54729 23452 118 51 56 747 53 177 2114 391 1146 605 97 89 21230
internal_value=-3.21784e-05 -0.000132136 0.000159535 0.00431529 0.00240418 0.00685897 0.0103527 -0.000240339 -0.00102865 -0.000608109 -0.000124958 0.00375527 1.15863e-05 0.00364979 0.00212589 -0.000148468 -0.000564586 0.00582251 0.0109292 8.00743e-05 0.000990866 0.00260234 0.0072257 -0.000110702 0.000708582 0.00182773 0.00403694 0.0116667 0.00402256 -0.000102124
internal_weight=290268 123699 33472 628 574 312 241 90227 11520 9472 78707 474 6904 474 421 78233 23504 231 113 32844 5475 2223 319 3252 2505 1904 758 153 266 27369
internal_count=290268 123699 33472 628 574 312 241 90227 11520 9472 78707 474 6904 474 421 78233 23504 231 113 32844 5475 2223 319 3252 2505 1904 758 153 266 27369
is_linear=0
shrinkage=0.05


Tree=247
num_leaves=31
num_cat=0
split_feature=0 22 22 23 13 24 23 20 2 9 22 15 13 14 17 20 17 23 24 2 9 22 22 22 22 23 22 24 22 13
split_gain=0.855942 1.07085 1.58178 1.77674 3.16891 1.49976 1.65915 2.04144 1.41267 2.79162 1.53401 1.50065 1.47396 1.18465 1.23638 1.21263 1.18454 1.51758 1.67422 1.07124 1.02577 2.50604 18.9536 4.1516 7.45987 4.53333 10.2027 3.81467 6.27146 3.76934
threshold=2.7350000000000008 -0.074117382312902977 -0.72696319516528884 0.11478523713130605 7.2500000000000009 0.47500000000000003 -0.21862536810265826 251.10000000000002 -0.11000000000000019 569.42919921875011 -0.62588817255938378 72.500000000000014 22.750000000000004 27.250000000000004 312.50000000000006 277.55000000000007 96.500000000000014 0.92519182738459482 -0.089999999999999983 -1.2599999999999987 744.82418823242199 -0.42180583328916638 -0.43733984355855576 -0.022576249993022688 0.14250626876356556 -0.83375966452616657 0.48314048284850658 -0.60499999999999987 -0.14250824554987665 1.6500000000000001
decision_type=2 2 2 2 2 10 2 8 2 2 2 2 2 2 2 10 2 2 10 2 2 2 2 2 2 2 2 10 2 2
left_child=1 2 3 4 -1 6 7 -3 10 12 -4 -12 -10 -8 15 19 -13 18 -18 -15 -2 22 -22 27 -25 26 -26 28 -23 -27
right_child=20 5 8 -5 -6 -7 13 -9 9 -11 11 16 -14 14 -16 -17 17 -19 -20 -21 21 23 -24 24 25 29 -28 -29 -30 -31
leaf_value=0.0095231461352842314 -5.8158060900820812e-05 0.011761022260350249 0.0036488436331229227 -0.0061938155327863152 -0.0015489527111523845 -0.0038606746313244035 -0.0039025440282539343 -5.6271261240069762e-05 0.0043083002569592518 -0.00094600562534319214 -0.0023634392761521347 0.0077904902475782181 0.0059163103330625872 -0.0018144163124150855 0.0034959029894262154 -0.001482307743445616 0.0095458936482466644 -0.0020998225398354163 -4.2257805311970645e-05 0.00471912818583728 0.00047698395182031077 0.0050797272013328038 0.0090448784119420821 0.0024149788727407541 0.00051479729642978859 0.0045210128635881025 0.010970076634963565 -0.0027349418778682779 -0.0023948614053894623 -0.00050154205856618804
leaf_weight=80 263359 94 90 517 201 1316 502 136 99 84 583 89 54 134 60 176 51 142 86 86 4187 386 205 1480 525 791 144 2779 404 11428
leaf_count=80 263359 94 90 517 201 1316 502 136 99 84 583 89 54 134 60 176 51 142 86 86 4187 386 205 1480 525 791 144 2779 404 11428
internal_value=-3.14893e-05 -0.000709608 0.000130057 -0.00161654 0.00158363 -0.00140575 -0.000117846 0.00369565 0.00122066 0.00470464 0.000427472 -0.000162988 0.00872549 -0.0010334 0.000811402 -0.000202021 0.00233696 0.000734766 0.00448905 0.00227273 -2.06181e-05 0.000304759 0.00137523 4.26481e-05 0.000421769 3.56909e-05 0.00404335 -0.00148361 0.00158228 -0.000183731
internal_weight=290268 4580 2076 798 281 2504 1188 230 1278 237 1041 951 153 958 456 396 368 279 137 220 285688 22329 4392 17937 14368 12888 669 3569 790 12219
internal_count=290268 4580 2076 798 281 2504 1188 230 1278 237 1041 951 153 958 456 396 368 279 137 220 285688 22329 4392 17937 14368 12888 669 3569 790 12219
is_linear=0
shrinkage=0.05


Tree=248
num_leaves=31
num_cat=0
split_feature=0 18 0 4 17 24 22 22 22 23 4 5 22 22 22 22 14 2 14 23 22 1 19 19 17 2 22 16 1 3
split_gain=0.878429 0.923535 5.75058 3.45681 2.53801 2.17187 2.87801 19.5043 13.1636 11.7407 12.4324 6.8751 5.76898 5.16308 6.66828 4.66585 3.7898 3.64804 3.2025 2.83643 6.15316 6.18086 3.60928 2.62388 4.30415 3.13926 2.60329 3.10626 2.53989 2.47942
threshold=2.7350000000000008 7.7550000000000008 8.6150000000000002 15.095000000000001 126.50000000000001 0.47500000000000003 0.89404822654372251 0.92273069556937592 0.91596454896554913 0.19969739736768838 11.635000000000003 4.6378571428571442 0.99761913169647187 0.61237135649459018 0.52766072109828632 0.99818282439137029 31.350000000000005 -1.2599999999999987 28.050000000000004 -0.6652727025667432 0.67802080537253961 2.5750000000000006 4.5950000000000006 6.9650000000000007 207.50000000000003 -0.24999999999999953 0.55656748448714433 13.250000000000002 6.1550000000000011 9.6183333333333358
decision_type=2 2 2 2 2 10 2 2 2 2 2 2 2 2 2 2 2 2 2 2 2 2 2 2 2 2 2 2 2 2
left_child=-1 2 3 5 -4 -2 13 8 11 12 -11 17 -9 14 -7 -14 -16 -8 -15 20 -20 -22 28 -24 -25 -26 -18 -28 -23 -21
right_child=1 -3 4 -5 -6 6 7 9 -10 10 -12 -13 15 18 16 -17 26 -19 19 29 21 22 23 24 25 -27 27 -29 -30 -31
leaf_value=-0.00066685339985414396 0.00022239942843720582 -0.0001296339154003106 0.0026992069038700886 -0.0015791862459040363 0.00060928649290568058 -0.00034547645380872654 0.01123038554803781 -0.0042796786435506757 0.0095097264213128002 0.003533983690883077 0.013002814052188555 0.00055052979140421312 0.0094226319828930871 -0.0040014992226558048 0.0018936388122968784 0.00013824153199870515 0.010434900118699577 0.0069725356886951627 -0.0041107342174776266 -0.0023083067071471264 0.01070182053578949 0.0038849985444815156 -0.0020821449346481629 -0.00049914984638879331 0.009040087568405835 0.003601987174339398 0.00084562445020834251 0.0087430635279484754 0.011015328585131334 0.0059553112405214305
leaf_weight=4580 66955 157956 4898 7563 9080 20238 51 3034 257 712 83 528 145 2113 1683 952 172 204 966 6443 56 196 580 186 50 76 225 50 154 82
leaf_count=4580 66955 157956 4898 7563 9080 20238 51 3034 257 712 83 528 145 2113 1683 952 172 204 966 6443 56 196 580 186 50 76 225 50 154 82
internal_value=-3.35564e-05 -2.25433e-05 7.74265e-05 -4.01756e-05 0.00103448 3.33821e-05 -0.000262005 0.000749245 0.00697115 -0.000564354 0.005 0.0037484 -0.0016352 -0.000443344 -8.49547e-06 0.0014722 0.00265258 0.0104902 -0.00133554 -0.00091535 0.000609539 0.00285824 0.0021256 0.000437219 0.00413461 0.0112698 0.00674497 0.00372727 0.00642857 -0.00144445
internal_weight=290268 285688 127732 113754 13978 106191 39236 5966 1040 4926 795 783 4131 33270 22368 1097 2130 255 10902 8789 2264 1298 1242 892 312 126 447 275 350 6525
internal_count=290268 285688 127732 113754 13978 106191 39236 5966 1040 4926 795 783 4131 33270 22368 1097 2130 255 10902 8789 2264 1298 1242 892 312 126 447 275 350 6525
is_linear=0
shrinkage=0.05


Tree=249
num_leaves=31
num_cat=0
split_feature=5 21 22 23 23 16 14 9 22 22 22 3 0 16 23 23 24 16 22 24 9 22 19 17 24 24 5 23 23 22
split_gain=0.775754 2.68306 1.9683 7.77876 3.2833 2.609 1.92444 3.57314 3.75154 4.76978 3.71803 2.59791 2.51 3.25803 2.47148 2.11881 2.3813 2.33931 2.42267 6.85271 3.74745 2.65039 3.74456 4.1568 1.98569 2.72021 1.89553 1.88339 5.58506 4.07524
threshold=6.1607142857142874 12.500000000000002 0.82414472752956958 0.51849435583340198 -0.20180761162458913 5.6500000000000012 30.250000000000004 902.01257324218761 -0.66528616069191593 -0.67803021058859214 0.98667101781630195 5.9350000000000014 4.8050000000000006 12.550000000000002 0.99611390731392835 0.93469109537144635 1.8750000000000002 8.2500000000000018 0.3261394409934788 -0.40499999999999997 554.93716430664074 -0.19337636264337835 6.5250000000000012 260.50000000000006 -0.22499999999999995 -0.18999999999999997 4.3992857142857149 0.75438814418115718 0.69521084835931835 0.54219432480460406
decision_type=2 8 2 2 2 2 2 2 2 2 2 2 2 2 2 2 10 2 2 10 2 2 2 2 8 8 2 2 2 2
left_child=1 2 -1 4 5 -4 14 8 9 11 -9 12 13 -8 15 16 -3 -17 21 -20 -21 22 -19 -24 -10 -26 -15 28 -2 -29
right_child=27 6 3 -5 -6 -7 7 10 24 -11 -12 -13 -14 26 -16 17 -18 18 19 20 -22 -23 23 -25 25 -27 -28 29 -30 -31
leaf_value=0.00020662900854148425 -1.3131475040993165e-05 -0.00062177960642860138 0.0088532005195597913 0.0068830901442325544 -0.00019452534559826048 0.0049346964554512303 -0.00064512177123380752 0.0017977887113698441 -0.0018112712874599176 0.010014685653012501 0.0081482307544837301 -0.0015134834677314217 0.0044795786640011688 0.0059259335457821265 -0.0047530829544372389 -0.00089187218512240887 -0.0029351008383797354 0.0020419156645791773 -0.0045060771134631588 0.0045405123852110176 0.0065755477053849286 0.00010558012291854705 0.0034662920090414565 0.0092071121026830131 0.0046746166006642895 -0.000273779755773454 0.0034227365374996281 0.00013971082674400808 -0.0021993173390843835 0.0018695392211348723
leaf_weight=10048 178258 24831 95 89 1327 535 864 937 3143 73 75 788 896 50 1425 1925 1658 459 101 79 51 2180 91 54 99 10594 124 38990 6077 4352
leaf_count=10048 178258 24831 95 89 1327 535 864 937 3143 73 75 788 896 50 1425 1925 1658 459 101 79 51 2180 91 54 99 10594 124 38990 6077 4352
internal_value=-3.51067e-05 -0.000191003 0.000477922 0.00189149 0.00123403 0.00420635 -0.00035121 6.99982e-05 -0.000105527 0.00156529 0.00295454 0.00122704 0.00221303 0.000539498 -0.000577404 -0.000485063 -0.000662352 0.000465586 0.00133499 0.00625541 0.0138462 0.000926723 0.00385761 0.0108621 -0.000443048 -0.000118303 0.00678161 7.75102e-06 -6.19807e-05 0.000304323
internal_weight=290268 62591 12094 2046 1957 630 50497 17643 16631 2795 1012 2722 1934 1038 32854 31429 26489 4940 3015 231 130 2784 604 145 13836 10693 174 227677 184335 43342
internal_count=290268 62591 12094 2046 1957 630 50497 17643 16631 2795 1012 2722 1934 1038 32854 31429 26489 4940 3015 231 130 2784 604 145 13836 10693 174 227677 184335 43342
is_linear=0
shrinkage=0.05


Tree=250
num_leaves=31
num_cat=0
split_feature=15 14 24 24 23 22 23 22 22 23 21 13 4 14 21 4 13 15 17 1 22 24 22 22 21 20 22 22 20 13
split_gain=0.824307 1.97859 1.92647 3.3056 5.8703 5.8626 5.21437 5.59512 7.34587 5.15026 7.05888 4.62277 4.45994 3.66602 3.41722 2.72651 2.46159 2.82043 2.49083 2.45382 2.31517 2.25877 4.47534 12.6334 2.25545 2.42403 2.18945 2.11449 2.09427 3.85194
threshold=66.500000000000014 25.350000000000005 1.7100000000000002 1.9550000000000003 0.99249573635719013 0.10837544681456425 0.97062204580664158 -0.92274349529687905 -0.47558551945199218 0.39629089145655322 27.500000000000004 2.4500000000000006 15.875000000000002 30.750000000000004 112.50000000000001 10.475000000000003 2.3500000000000001 59.500000000000007 110.50000000000001 4.3550000000000013 -0.96689237009891416 1.6100000000000003 0.55656748448714433 0.54219432480460406 82.500000000000014 429.10000000000008 -0.79384350655589164 0.70290292807158605 450.10000000000008 4.8500000000000005
decision_type=2 2 10 10 2 2 2 2 2 2 10 2 2 2 10 2 2 2 2 2 2 10 2 2 10 10 2 2 10 2
left_child=2 -2 21 4 6 11 7 14 9 10 12 19 -9 -5 20 16 17 -15 -19 -6 -4 -1 23 -23 -17 -26 -18 -24 29 -11
right_child=1 -3 3 13 5 -7 -8 8 -10 28 -12 -13 -14 15 -16 24 26 18 -20 -21 -22 22 27 -25 25 -27 -28 -29 -30 -31
leaf_value=-0.00020050510564969122 -0.00060378244456517675 0.00011849835700966723 -0.00077498797872569954 -0.0048911147986156036 0.003594443646875339 0.0091973134565995953 -0.008820615826285785 0.0072766698997117907 0.0010290056401939137 -0.0011990371303710211 -0.00068680006274944073 0.00086752015917564238 0.016064069470758276 -0.00027305725185515853 0.005581226314833705 -0.0020236019894363908 0.01267090653596511 0.0024905366701818269 0.0099147327682626522 0.0075700506867764725 -0.008881454861386924 -0.0064079726747491381 -0.0069620797817353131 0.011085801913788964 -0.0018989542917043718 0.0075710236405195494 0.00024803542496955826 -0.0015187482561019097 0.015776145377247957 0.0067353865879719232
leaf_weight=131712 10250 127530 2052 1488 60 64 531 53 6216 372 73 409 99 140 398 2532 50 81 123 55 1067 114 928 61 57 77 1311 1658 338 369
leaf_count=131712 10250 127530 2052 1488 60 64 531 53 6216 372 73 409 99 140 398 2532 50 81 123 55 1067 114 928 61 57 77 1311 1658 338 369
internal_value=-3.49344e-05 5.37076e-05 -0.000115027 0.000370523 0.000840736 0.00571428 0.000593014 0.000825857 0.00159574 0.00500767 0.0118889 0.00396946 0.0180263 -0.000605053 -0.000820303 0.000124684 0.00168622 0.00546512 0.00921569 0.0128261 -0.00137705 -0.000180075 -0.00159544 0.00614286 -0.00087397 0.00544776 0.000731079 -0.0021191 0.00357275 0.00208502
internal_weight=290268 137780 152488 18015 12156 588 11568 11037 7520 1304 225 524 152 5859 3517 4371 1705 344 204 115 3119 134473 2761 175 2666 134 1361 2586 1079 741
internal_count=290268 137780 152488 18015 12156 588 11568 11037 7520 1304 225 524 152 5859 3517 4371 1705 344 204 115 3119 134473 2761 175 2666 134 1361 2586 1079 741
is_linear=0
shrinkage=0.05


Tree=251
num_leaves=31
num_cat=0
split_feature=2 1 23 22 17 20 22 20 3 19 22 14 20 9 19 13 23 23 23 17 23 1 23 20 23 13 9 17 17 13
split_gain=0.756298 1.592 1.50908 2.51292 3.04663 2.41939 2.61292 2.33121 1.84857 1.38475 1.80958 1.38196 2.41096 1.9642 1.78162 1.89148 2.68137 2.53458 6.23852 4.62699 2.56399 2.71117 2.707 2.68904 2.58801 2.43328 2.71106 2.8027 2.35402 1.9849
threshold=-0.41999999999999976 6.7550000000000008 -0.6523320455745395 -0.63921128368950708 179.50000000000003 117.40000000000002 -0.082689790342551819 175.10000000000002 5.7150000000000007 3.4050000000000007 0.40614137006726808 30.750000000000004 524.50000000000011 260.38023376464849 6.6450000000000005 3.9500000000000006 -0.97507822412530132 -0.85225707553516283 -0.8142754349318998 235.50000000000003 0.60383265664488517 15.755000000000001 0.71952396275653763 245.30000000000004 0.51849435583340198 1.0000000180025095e-35 49.216623306274421 155.50000000000003 332.50000000000006 2.5500000000000003
decision_type=2 2 2 2 2 10 2 10 2 2 2 2 10 2 2 2 2 2 2 2 2 2 2 8 2 2 2 2 2 2
left_child=1 2 3 4 -1 6 -5 -4 -6 10 -8 12 -2 -14 -13 17 -17 25 19 29 21 -20 -22 -24 -23 26 27 -16 -27 -19
right_child=11 -3 7 5 8 -7 9 -9 -10 -11 -12 14 13 -15 15 16 -18 18 20 -21 22 24 23 -25 -26 28 -28 -29 -30 -31
leaf_value=-0.0042052020408529242 -5.666448873090925e-05 -4.1962575118967223e-05 -0.0021930344510449323 0.0055083000218083969 0.010367744316058886 -0.00076362823300380866 0.0064495971615202768 -0.00033682231212240764 0.0060148361468085991 0.0010978391347952266 -0.0006178348485704299 0.00083798097260393391 -0.0022774787879031549 0.0011240422290315041 -0.00023130673390135464 0.0016590565148458991 -0.00052542779293813537 0.0044383566343606578 0.0015869170333332691 0.015854305488997595 -0.0044060123919758718 -0.00082772072931037901 0.0084263387546358454 -0.00011247676903422615 0.013647130932410295 -0.0014167523349955463 -0.0019382508997748177 0.0080271330065588946 0.0084313140913483218 0.0057394269351873891
leaf_weight=73 94578 98088 5971 57 51 3472 95 13754 50 885 73 14380 2337 355 436 940 21947 970 13118 76 1040 5039 62 4740 65 6181 633 619 56 127
leaf_count=73 94578 98088 5971 57 51 3472 95 13754 50 885 73 14380 2337 355 436 940 21947 970 13118 76 1040 5039 62 4740 65 6181 633 619 56 127
internal_value=-3.52789e-05 -0.000129683 -0.000490381 0.000309082 0.0062069 8.51145e-05 0.00211712 -0.000683144 0.0118317 0.00155271 0.00571428 3.37199e-05 -8.84149e-05 -0.00156389 0.000202401 7.50224e-05 -0.000274611 0.000316325 0.000561278 0.00412191 0.000387715 0.000679946 -0.000523794 -2.29083e-05 -0.000297807 -0.000463724 0.00122038 0.00277251 -0.000919514 0.00329535
internal_weight=290268 122569 24481 4756 174 4582 1110 19725 101 1053 168 167699 97270 2692 70429 56049 22887 33162 25237 1173 24064 18222 5842 4802 5104 7925 1688 1055 6237 1097
internal_count=290268 122569 24481 4756 174 4582 1110 19725 101 1053 168 167699 97270 2692 70429 56049 22887 33162 25237 1173 24064 18222 5842 4802 5104 7925 1688 1055 6237 1097
is_linear=0
shrinkage=0.05


Tree=252
num_leaves=31
num_cat=0
split_feature=15 16 5 5 22 22 4 14 14 21 16 14 22 1 2 20 16 22 15 0 17 22 4 14 13 4 0 16 17 1
split_gain=0.80655 1.9081 2.52926 2.66897 2.44393 2.94474 1.77813 1.5837 1.53166 3.29034 2.22555 2.52943 1.73558 1.636 2.00732 1.61677 1.5265 2.32482 2.588 2.18755 2.96547 2.81135 1.56154 2.75733 2.67919 1.52298 1.86675 1.86976 1.49118 1.42417
threshold=66.500000000000014 13.65 4.5792857142857155 13.105000000000002 0.69056404122701587 0.49812943072827093 5.6350000000000007 25.350000000000005 29.950000000000003 16.900000000000002 4.5500000000000007 22.750000000000004 0.99865421017599998 5.1050000000000013 1.3300000000000005 163.00000000000003 8.2500000000000018 0.97508442350096236 52.500000000000007 6.3750000000000009 271.50000000000006 0.98667101781630195 12.725000000000003 26.250000000000004 0.35000000000000003 26.895000000000003 32.705000000000005 9.2500000000000018 145.50000000000003 5.705000000000001
decision_type=2 2 2 2 2 2 2 2 2 8 2 2 2 2 2 8 2 2 2 2 2 2 2 2 2 2 2 2 2 2
left_child=8 7 4 -4 5 6 -3 -2 9 10 13 -12 16 -1 -15 -10 22 25 -19 -20 21 -21 23 24 -13 -18 27 -27 -23 -17
right_child=1 2 3 -5 -6 -7 -8 -9 15 -11 11 12 -14 14 -16 29 17 18 19 20 -22 28 -24 -25 -26 26 -28 -29 -30 -31
leaf_value=0.0058712452802193614 -0.00064325092656429073 -9.3974217430607609e-05 0.00020530430901821657 0.0025236336936629673 -0.0021245086906729826 0.0090150840193934448 0.0049132305602160448 5.1444845327282007e-05 -0.0044440045342425682 -0.0012824288367108095 0.0094295789950827949 0.0064041363498541261 -0.0063491689809650146 0.0025479324772817173 -0.005720459792926698 0.00043459766323540664 7.542385313283979e-05 -0.0074536395899575461 2.2454974103265809e-07 0.014567428465283722 0.00025826884099478214 0.010270309420747244 -0.0021684395135311185 -0.00076234766908701303 0.0015062411316261388 0.016471400017985905 -0.0003502574648902239 0.0050781711290899187 0.00092028994078832487 -0.00012273171929645305
leaf_weight=168 10050 137 10638 1962 105 62 188 114638 409 11929 80 53 310 282 107 17386 8048 73 139 64 107 56 3117 6922 1346 81 190 147 61 101413
leaf_count=168 10050 137 10638 1962 105 62 188 114638 409 11929 80 53 310 282 107 17386 8048 73 139 64 107 56 3117 6922 1346 81 190 147 61 101413
internal_value=-3.25229e-05 5.51592e-05 0.000629391 0.000492062 0.00414634 0.00598191 0.00407692 -5.134e-06 -0.000111748 -0.00041166 -4.00462e-05 -0.000123595 -0.000157865 0.00307899 0.0012982 -2.80194e-05 -0.000101452 0.000387016 0.0037 0.00518735 0.00767361 0.0115746 -0.000484352 -0.000126789 0.00189778 0.000191352 0.00313397 0.00618421 0.00696581 -1.72151e-05
internal_weight=290268 137780 13092 12600 492 387 325 124688 152488 33280 21351 20794 20714 557 389 119208 20404 8966 500 427 288 181 11438 8321 1399 8466 418 228 117 118799
internal_count=290268 137780 13092 12600 492 387 325 124688 152488 33280 21351 20794 20714 557 389 119208 20404 8966 500 427 288 181 11438 8321 1399 8466 418 228 117 118799
is_linear=0
shrinkage=0.05


Tree=253
num_leaves=31
num_cat=0
split_feature=17 21 15 24 14 17 22 22 9 5 22 0 1 21 24 16 18 16 22 24 22 24 17 16 22 22 9 22 17 4
split_gain=0.773499 0.891017 0.810887 2.08272 2.17473 1.87923 1.47741 3.56694 1.38307 1.20091 2.40868 5.66092 1.40122 1.83203 1.34268 1.46217 1.28603 1.84296 1.19217 9.41465 5.19618 2.54769 3.66017 6.02977 3.11988 5.93291 13.4303 2.55663 3.87484 3.67559
threshold=357.50000000000006 27.500000000000004 55.500000000000007 -0.60499999999999987 31.650000000000002 153.50000000000003 0.98213580174693105 0.97112537654464559 52.620088577270515 5.4550000000000027 -0.92274349529687905 5.9350000000000014 4.7650000000000006 30.600000000000005 -0.029999999999999995 9.3500000000000032 9.7150000000000016 11.250000000000002 0.22700754078277605 -0.49499999999999994 0.49812943072827093 1.3800000000000001 291.50000000000006 12.850000000000003 0.58481550752069722 0.54219432480460406 377.27038574218756 0.30983042691905771 324.50000000000006 8.9150000000000009
decision_type=2 10 2 8 2 2 2 2 2 2 2 2 2 8 8 2 2 2 2 10 2 10 2 2 2 2 2 2 2 2
left_child=2 -2 3 4 -1 6 7 -5 -9 10 11 -7 -12 16 15 -11 17 -14 -4 20 -20 -21 -23 24 25 -24 -27 -25 29 -29
right_child=1 -3 18 5 -6 9 -8 8 -10 14 12 -13 13 -15 -16 -17 -18 -19 19 21 -22 22 23 27 -26 26 -28 28 -30 -31
leaf_value=-0.0053657515090863956 -0.00074864749168485718 -0.0037292051447862041 0.00010524216311051188 -0.00086574873268768391 -0.00036169005592083753 0.01027110569068633 -0.0037386213553992787 0.015472486219427482 0.0038859807792434595 -0.0023570969056161918 -0.00052450692858999786 -0.0024397439036456985 0.0028746236282920093 -0.0044050425901828215 0.00078595830106991315 8.6748896680949828e-06 -0.004849610381997555 0.0064713532200865731 -0.0058849170949220007 5.5375096724075205e-05 0.002503866921015294 -0.0016014239354052364 1.6414695975272587e-05 -0.0081151852386522737 -0.0028436705168941321 0.0095335669766730864 0.002687873080253483 0.0086687543071505037 -0.0018350563754385169 0.0056026460124933113
leaf_weight=942 1447 402 141466 11992 1030 60 790 58 101 2498 591 54 266 102 10411 5736 50 74 3093 97306 198 9120 1109 50 826 60 167 73 66 130
leaf_count=942 1447 402 141466 11992 1030 60 790 58 101 2498 591 54 266 102 10411 5736 50 74 3093 97306 198 9120 1109 50 826 60 167 73 66 130
internal_value=-3.25229e-05 -0.00105192 -2.59877e-05 -0.000252483 -0.00183063 -0.000157552 -0.000626305 -0.000490084 0.00694968 0.000148169 0.00168337 0.00859649 0.000955677 0.00292683 4.961e-05 -0.000427497 0.00448718 0.00558823 5.04485e-06 -0.00011667 -0.00275144 -3.70512e-05 -0.000737438 0.000965335 1.85002e-05 0.00151197 0.00887665 0.00738244 0.00931227 0.012734
internal_weight=290268 1849 288419 34755 1972 32783 12941 12151 159 19842 1197 114 1083 492 18645 8234 390 340 253664 112198 3291 108907 11601 2481 2162 1336 227 319 269 203
internal_count=290268 1849 288419 34755 1972 32783 12941 12151 159 19842 1197 114 1083 492 18645 8234 390 340 253664 112198 3291 108907 11601 2481 2162 1336 227 319 269 203
is_linear=0
shrinkage=0.05


Tree=254
num_leaves=31
num_cat=0
split_feature=19 1 0 5 24 23 23 14 22 5 19 17 22 23 1 13 0 5 23 15 10 24 13 17 22 0 18 17 17 19
split_gain=0.790434 3.10124 2.56984 3.57129 2.46632 3.89466 3.98427 3.54095 2.69842 4.40085 2.91535 2.57069 2.26303 5.31449 4.63066 4.81619 4.17705 3.00017 2.92028 2.80815 2.38762 2.24215 2.10716 1.95899 2.01669 1.92709 1.91488 2.34277 2.44193 2.93039
threshold=9.8750000000000018 9.7550000000000008 10.005000000000001 8.4964285714285754 1.7100000000000002 0.63089349388778826 0.59003219687534991 23.950000000000003 -0.92274349529687905 12.563571428571432 12.215000000000002 232.50000000000003 -0.26866367175705824 -0.91595872546125101 13.505000000000001 0.15000000000000005 12.925000000000002 11.932142857142859 -0.90892157495189674 60.500000000000007 5.8857760429382333 0.05000000000000001 10.250000000000002 179.50000000000003 -0.814291907305839 15.205000000000002 6.7250000000000005 127.50000000000001 92.500000000000014 4.9250000000000007
decision_type=2 2 2 2 8 2 2 2 2 2 2 2 2 2 2 2 2 2 2 2 2 10 2 2 2 2 2 2 2 2
left_child=2 4 -1 -4 -2 6 7 -6 11 22 -11 -9 13 14 20 19 17 -17 -15 25 -3 -5 -10 24 -24 -16 27 28 -23 -30
right_child=1 12 3 21 5 -7 -8 8 9 10 -12 -13 -14 18 15 16 -18 -19 -20 -21 -22 26 23 -25 -26 -27 -28 -29 29 -31
leaf_value=-6.6843412640994084e-05 9.9819929954452746e-05 -0.0013863833710931138 -0.0010487134360885704 0.0012924559918519305 0.0096296058645648185 -0.00069876248608890753 0.017263361939313701 -0.0084759426005576125 0.0015617387521565788 0.005660656646565676 0.018646341200282017 0.010694556955225039 -0.00097572214077092535 -0.0091191633659826882 -0.00016275694707552706 0.0088122246561667308 0.0024517861540148266 0.0061064501937275152 -0.00039565687143486322 0.020572798075003649 0.0097864170476699378 0.0027176335214906797 0.011005851462067798 0.0090749740234111372 -0.0022426058210601569 0.014190490260996126 -8.9553811328854931e-05 -0.00080592273401782443 0.0078616358795505267 0.0055253694794057473
leaf_weight=160605 33245 925 4710 17519 78 1344 61 344 1123 57 99 69 21910 514 60 55 714 88 33003 53 92 449 55 51 54 172 11997 605 53 164
leaf_count=160605 33245 925 4710 17519 78 1344 61 344 1123 57 99 69 21910 514 60 55 714 88 33003 53 92 449 55 51 54 172 11997 605 53 164
internal_value=-3.04558e-05 -0.000149524 2.67196e-05 0.000411724 0.000210496 0.00150675 0.0029106 0.00251295 0.00207343 0.0030959 0.0110256 -0.00148911 -0.000378218 -0.000132583 0.00227188 0.00445709 0.0025846 0.0103846 -0.000287467 0.0100877 -0.000181909 0.000607885 0.00213172 0.0075 0.0037156 0.00771552 0.000117575 0.00196302 0.00400901 0.00836405
internal_weight=290268 94166 196102 35497 36580 3335 1991 1930 1852 1439 156 413 57586 35676 2159 1142 857 143 33517 285 1017 30787 1283 160 109 232 13268 1271 666 217
internal_count=290268 94166 196102 35497 36580 3335 1991 1930 1852 1439 156 413 57586 35676 2159 1142 857 143 33517 285 1017 30787 1283 160 109 232 13268 1271 666 217
is_linear=0
shrinkage=0.05


Tree=255
num_leaves=31
num_cat=0
split_feature=19 1 24 23 23 24 19 24 16 23 24 23 24 23 17 16 19 17 5 14 17 17 17 23 23 0 20 5 16 20
split_gain=0.758555 2.72732 2.33248 3.01558 8.15856 5.91537 3.98173 3.48714 4.98469 2.90316 5.27651 2.63706 6.8683 9.79114 3.80478 3.10993 2.63031 2.55003 2.52996 3.13229 2.49191 3.77684 2.47049 2.38806 3.66798 2.51623 2.82395 2.71942 2.38019 2.84729
threshold=9.8750000000000018 9.7550000000000008 0.24500000000000002 -0.18493013702746822 -0.21022037796396451 -0.43999999999999995 6.6850000000000014 -0.18999999999999997 7.2500000000000009 1.0000000180025095e-35 -0.18999999999999997 -0.52034141052533245 -0.089999999999999983 -0.46039597980994923 82.500000000000014 4.6500000000000012 7.705000000000001 62.500000000000007 7.7064285714285736 29.550000000000004 108.50000000000001 270.50000000000006 252.50000000000003 -0.24372464231556024 -0.25206183926700709 3.8050000000000002 322.60000000000008 6.5107142857142861 17.050000000000004 354.90000000000003
decision_type=2 2 10 2 2 10 2 10 2 2 10 2 10 2 2 2 2 2 2 2 2 2 2 2 2 2 8 2 2 10
left_child=2 -2 3 4 6 -6 23 8 -7 10 -5 15 -13 14 -14 -8 -16 -10 -9 -20 -15 22 -22 24 25 27 -27 -1 29 -17
right_child=1 -3 -4 9 5 7 11 18 17 -11 -12 12 13 20 16 28 -18 -19 19 -21 21 -23 -24 -25 -26 26 -28 -29 -30 -31
leaf_value=0.0031557460238785732 0.00018872532387679631 -0.00054534127349896119 -0.00022860391315540223 0.00082792706339014557 0.00054396934939898939 0.013752964300558935 0.0024359391687872271 -0.00093777814569183978 0.014002145230305999 6.6353541081525444e-05 -0.0053231878774879331 -0.00025613894665194671 0.021699536784657556 -0.0039657999229486219 -0.00010852187477025759 -0.00010705102088422327 0.017698719331354456 0.007511632421729468 0.0098210322135826242 0.0014495593216240516 0.0051635613598681202 -0.0013783713510896007 0.017054535802507122 -0.0058185168778633455 0.017038880058340963 0.0003043162649330197 0.0021149621530554578 -0.00056180002479030587 0.0029382724940309126 -0.0022456092277234698
leaf_weight=1071 36580 57586 75905 1801 335 61 291 107 72 79144 2706 3230 58 276 74 10803 241 128 50 94 342 428 108 365 76 7453 5469 444 559 4411
leaf_count=1071 36580 57586 75905 1801 335 61 291 107 72 79144 2706 3230 58 276 74 10803 241 128 50 94 342 428 108 365 76 7453 5469 444 559 4411
internal_value=-3.23506e-05 -0.000148993 2.366e-05 0.000160693 0.000539593 0.00538961 0.000424521 0.00876953 0.0128161 -4.84274e-06 -0.00123918 -2.18541e-05 0.00101219 0.00377538 0.0108177 -0.000328064 0.00865079 0.009 0.00456175 0.00888889 0.00149913 0.00280182 0.006 0.0010492 0.00114966 0.00109198 0.000865964 0.0030198 -0.000422559 -0.000540293
internal_weight=290268 94166 196102 120197 36546 847 35699 512 261 83651 4507 20821 4757 1527 373 16064 315 200 251 144 1154 878 450 14878 14513 14437 12922 1515 15773 15214
internal_count=290268 94166 196102 120197 36546 847 35699 512 261 83651 4507 20821 4757 1527 373 16064 315 200 251 144 1154 878 450 14878 14513 14437 12922 1515 15773 15214
is_linear=0
shrinkage=0.05


Tree=256
num_leaves=31
num_cat=0
split_feature=17 23 23 21 22 23 23 12 16 8 23 2 17 23 1 22 24 8 19 17 23 17 17 14 14 9 23 0 14 9
split_gain=0.695832 0.917074 1.65338 1.43254 0.821572 2.63437 0.80111 0.742853 1.07786 0.966666 0.961713 2.89487 2.42623 0.918724 0.918366 1.50004 1.23358 1.83882 2.15617 1.79174 1.71456 1.07963 0.856233 0.854811 0.899345 0.888898 1.09142 0.845873 0.817789 0.849658
threshold=357.50000000000006 0.95178258287705175 0.96407344085605606 21.900000000000002 0.85673801594079257 0.39629089145655322 -0.97507822412530132 2.5000000000000004 17.650000000000002 70.500000000000014 -0.82413948779581736 -3.8199999999999985 132.50000000000003 -0.58481178939031186 124.20500000000003 -0.86976336936302323 -0.18999999999999997 11.500000000000002 11.075000000000001 173.50000000000003 -0.35846086284744721 179.50000000000003 84.500000000000014 32.050000000000004 33.45000000000001 8.6204943656921404 -0.89404254237865755 14.035000000000002 35.150000000000013 39.290842056274421
decision_type=2 2 2 8 2 2 2 2 2 2 2 2 2 2 2 2 10 2 2 2 2 2 2 2 2 2 2 2 2 2
left_child=7 4 -3 -4 6 -6 -2 9 10 28 11 12 -9 -12 16 21 -15 -18 -19 20 -20 -16 -13 -24 25 -25 -27 -14 29 -1
right_child=1 2 3 -5 5 -7 -8 8 -10 -11 13 22 27 14 15 -17 17 18 19 -21 -22 -23 23 24 -26 26 -28 -29 -30 -31
leaf_value=0.00028354308358116508 0.0049547551470264517 0.0075519886311392129 0.0041976864721719742 -0.0054465555980304234 -0.0019874291391160834 0.0062322787388863722 -0.0034367819696116001 0.018564232210518006 -0.0053514180412325913 0.010604510698476892 -0.0035203715648620642 0.011871372393117335 0.0076581984267113552 -0.003744680159394902 0.0073212284529022833 0.015268200683337603 -0.00067360978039401203 -0.0013722676989799476 0.053261694795861583 -0.00024204558677828449 0.0076577201405707259 -0.0057687656047609344 -0.0022579982464500945 0.00013222797473890302 -0.016481062679163588 0.0030884083337848625 0.026629207517254463 -0.0018160416761349137 -0.0071174974060404439 -5.5758620777175179e-05
leaf_weight=38438 58 50 75 105 384 59 1118 93 597 88 1576 50 50 1200 149 95 1596 142 56 84 104 83 501 137 59 50 52 90 269 242860
leaf_count=38438 58 50 75 105 384 59 1118 93 597 88 1576 50 50 1200 149 95 1596 142 56 84 104 83 501 137 59 50 52 90 269 242860
internal_value=-3.09726e-05 -0.000997838 0.00195652 -0.000277779 -0.00141754 0.000417606 -0.00210884 -2.47742e-05 -0.00054258 -1.2339e-05 -0.000346199 0.00100739 0.0059442 -0.000634219 -0.000183814 0.00233945 -0.000443119 0.000322905 0.00341969 0.00627049 0.009375 0.000172413 -0.000347469 -0.000744682 0.00137584 0.00274058 0.00627451 0.00178571 -1.39766e-05 -1.13415e-05
internal_weight=290268 1849 230 180 1619 443 1176 288419 6764 281655 6167 1082 233 5085 3509 327 3182 1982 386 244 160 232 849 799 298 239 102 140 281567 281298
internal_count=290268 1849 230 180 1619 443 1176 288419 6764 281655 6167 1082 233 5085 3509 327 3182 1982 386 244 160 232 849 799 298 239 102 140 281567 281298
is_linear=0
shrinkage=0.05


Tree=257
num_leaves=31
num_cat=0
split_feature=5 23 23 9 0 14 2 13 21 23 20 23 23 14 23 14 21 21 23 23 3 0 16 23 9 23 9 15 17 23
split_gain=0.770448 2.53645 2.65124 2.12021 2.75045 2.47618 2.43229 2.21802 2.06758 1.82326 4.35715 1.78391 2.80123 2.6259 3.74435 3.43153 4.82423 2.35009 3.37302 4.52613 2.11976 2.09624 2.45545 3.07311 11.1043 2.25985 3.5524 4.79523 2.05914 1.94935
threshold=6.1607142857142874 -0.99761278905001471 -0.79382744783423187 269.99696350097662 3.5050000000000003 22.450000000000003 -1.429999999999999 4.5500000000000007 12.500000000000002 -0.8142754349318998 385.10000000000008 0.98332250088165762 0.96849880583763492 31.150000000000002 0.98770287048522643 30.850000000000005 21.900000000000002 302.50000000000006 0.99249573635719013 0.99855310097228334 4.9383333333333352 5.3050000000000006 12.65 0.99024581825578073 182.93508911132815 0.99855310097228334 143.74427795410159 63.500000000000007 314.50000000000006 0.75438814418115718
decision_type=2 2 2 2 2 2 2 2 8 2 8 2 2 2 2 2 8 8 2 2 2 2 2 2 2 2 2 2 2 2
left_child=1 -1 3 -3 6 -6 -5 -8 -4 -7 -11 12 29 14 15 20 -17 -15 -19 -20 -13 -16 -23 24 -24 -25 -27 28 -28 -2
right_child=11 2 8 4 5 9 7 -9 -10 10 -12 13 -14 17 21 16 -18 18 19 -21 -22 22 23 25 -26 26 27 -29 -30 -31
leaf_value=-0.0046272157058941952 -6.8068613450567226e-05 0.00010949991850811583 0.00042247988862979509 0.00095156250669861859 0.0048700954406126484 0.00011005121466090478 -0.0037206217394800331 0.0072674661449053674 -0.00043593811437719502 7.3071739301994561e-05 0.0074628253830259055 0.0050240415370848843 -0.0018605290187728224 -0.0016980518360166332 -0.0019059337657332785 0.01549054368218639 0.0045687328332460952 -0.0043037791711838941 0.0064931995664249849 -0.00031522658314601303 0.0025374981747047858 0.00039173201348832992 0.012639479702246922 0.00032461052860908703 4.1083267065716946e-05 -0.00057432079248398167 0.0032582559182926319 0.0049297977955103482 0.0083551920487741158 0.00044416329260966851
leaf_weight=868 184335 4428 10014 258 59 1565 54 263 44906 126 50 67 3992 2559 948 51 68 112 105 74 936 4211 61 936 126 260 71 263 52 28450
leaf_count=868 184335 4428 10014 258 59 1565 54 263 44906 126 50 67 3992 2559 948 51 68 112 105 74 936 4211 61 936 126 260 71 263 52 28450
internal_value=-2.925e-05 -0.000184612 -0.000146867 0.000784212 0.00198947 0.00102778 0.005 0.00793375 -0.000262201 0.000686386 0.00551136 1.34609e-05 -1.79228e-05 0.000637613 0.00109938 0.00377896 0.0118067 -0.000666668 0.00359106 0.00784916 0.00282652 0.000665415 0.0010117 0.0025749 0.00863636 0.00185841 0.00413313 0.00717616 0.0153252 6.69571e-06
internal_weight=290268 62591 61723 6803 2375 1800 575 317 54920 1741 176 227677 216777 10900 8050 1122 119 2850 291 179 1003 6928 5980 1769 187 1582 646 386 123 212785
internal_count=290268 62591 61723 6803 2375 1800 575 317 54920 1741 176 227677 216777 10900 8050 1122 119 2850 291 179 1003 6928 5980 1769 187 1582 646 386 123 212785
is_linear=0
shrinkage=0.05


Tree=258
num_leaves=31
num_cat=0
split_feature=15 14 20 23 22 16 9 3 14 9 23 23 23 23 22 9 23 1 0 22 20 23 14 9 14 23 1 23 22 14
split_gain=0.732812 2.65099 2.17118 2.26669 2.84687 1.8023 2.46187 2.0035 3.28361 2.18256 1.73819 4.25573 3.9604 3.35841 9.74391 4.07894 3.72598 4.39256 2.89284 5.7994 3.7318 2.66752 3.8114 3.61167 2.71833 3.43549 2.60826 2.54366 4.10746 2.25587
threshold=71.500000000000014 29.750000000000004 550.10000000000014 0.99249573635719013 0.091259403071267925 19.050000000000004 616.95419311523449 8.7983333333333356 28.650000000000002 111.51495361328126 0.79253265336324141 0.8511460603353429 0.69521084835931835 0.89691351184655443 -0.37447345805034543 554.93716430664074 0.87709077819680659 17.235000000000003 5.1050000000000013 -0.40614700388750385 255.90000000000003 0.83258597624099873 28.050000000000004 246.29627990722659 30.250000000000004 0.81800285027139286 5.7950000000000008 0.73136292505298039 -0.63921128368950708 26.950000000000003
decision_type=2 2 8 2 2 2 2 2 2 2 2 2 2 2 2 2 2 2 2 2 10 2 2 2 2 2 2 2 2 2
left_child=1 2 -1 -4 -5 10 7 -7 -9 -10 12 21 -2 16 15 26 17 -13 -17 20 -20 24 23 -23 25 -12 29 -14 -29 -15
right_child=5 -3 3 4 -6 6 -8 8 9 -11 11 13 27 14 -16 18 -18 -19 19 -21 -22 22 -24 -25 -26 -27 -28 28 -30 -31
leaf_value=-0.0003163211697461356 5.8210321648921487e-05 2.3110416750492681e-05 -0.0020346851379657569 0.00012771601871006347 0.0056166182032449871 0.00093450132889099963 -0.002331726018838947 -0.00015248225621801917 0.0053921401643146558 0.0077154550655923332 0.0028111192132436536 -0.0003816474670153108 -0.0058796743663847035 0.00076877242155710675 9.4916377075981669e-05 0.010950670570053176 -0.0061395587521231761 0.0055601218867969279 0.0065726558571437754 -0.0015902567078946673 0.0077293284114547389 -0.00090436478667684926 0.0013143625080893973 0.0056810937636154381 0.008562944022523741 -0.0025993638854189122 0.00032483859134793875 0.0017010556348319335 -0.0022482283478068841 0.0062678410682408233
leaf_weight=47355 54724 159425 5469 185 67 159 179 64 52 54 1011 1838 1110 111 11611 108 1353 68 64 126 58 114 586 412 89 767 395 791 1704 219
leaf_count=47355 54724 159425 5469 185 67 159 179 64 52 54 1011 1838 1110 111 11611 108 1353 68 64 126 58 114 586 412 89 767 395 791 1704 219
internal_value=-2.89055e-05 -7.69655e-05 -0.000383037 -0.0013031 0.00333333 0.00010242 0.00307086 0.0056383 0.00941176 0.0148113 8.29018e-05 0.000499206 -5.22051e-05 0.000175223 0.00054286 0.00508326 -0.00125652 0.00016789 0.00946629 0.00649193 0.0142623 0.00223397 0.00417266 0.00726236 0.00107927 0.000652417 0.00293103 -0.00165742 -0.000771544 0.00621212
internal_weight=290268 212501 53076 5721 252 77767 508 329 170 106 77259 18930 58329 15951 12692 1081 3259 1906 356 248 122 2979 1112 526 1867 1778 725 3605 2495 330
internal_count=290268 212501 53076 5721 252 77767 508 329 170 106 77259 18930 58329 15951 12692 1081 3259 1906 356 248 122 2979 1112 526 1867 1778 725 3605 2495 330
is_linear=0
shrinkage=0.05


Tree=259
num_leaves=31
num_cat=0
split_feature=5 21 22 22 9 22 13 9 0 5 1 22 1 0 17 20 22 5 18 22 17 22 20 22 13 24 24 22 1 14
split_gain=0.73816 1.89077 1.78794 12.0109 7.00543 6.87848 4.88165 3.52876 3.45117 4.0228 3.11443 3.07645 2.10885 1.55108 1.65726 1.75821 2.59067 1.83812 1.64861 1.6244 1.53149 1.505 1.84061 2.55344 1.47118 1.45753 1.85461 1.57257 1.41307 1.38579
threshold=5.0857142857142863 12.500000000000002 0.89404822654372251 0.92273069556937592 806.39907836914074 0.90892735371523092 3.4500000000000006 494.48980712890631 4.6050000000000013 3.9057142857142866 4.3050000000000006 0.9916835347852474 4.3550000000000013 5.9750000000000005 221.50000000000003 281.80000000000001 0.63920241694561786 4.5235714285714304 6.3350000000000009 0.84313847884979054 237.50000000000003 0.9893236546938301 369.30000000000001 0.93845596220871974 10.850000000000003 1.7100000000000002 -1.0000000180025095e-35 -0.36647417525074694 1.9350000000000003 27.950000000000003
decision_type=2 8 2 2 2 2 2 2 2 2 2 2 2 2 2 10 2 2 2 2 2 2 8 2 2 10 8 2 2 2
left_child=1 13 -3 5 21 12 -7 8 9 -8 -10 -6 -4 14 19 25 18 -18 20 -1 -17 22 23 -5 -21 26 -16 -27 -2 -22
right_child=28 2 3 4 11 6 7 -9 10 -11 -12 -13 -14 -15 15 16 17 -19 -20 24 29 -23 -24 -25 -26 27 -28 -29 -30 -31
leaf_value=-0.00021746540113486319 0.0029431634853787705 -0.00064887570349160041 0.004863452792158743 0.010817969985605032 0.0019128082309418091 -0.0024361022811471757 0.012844339657431753 0.0021897340134740483 0.0016793070811620459 0.009785827613190164 0.015412052295307963 0.0098339085169784398 -0.0016484318862709426 -0.0014110966580037903 0.0018513009970499818 0.0056553215926371725 0.0051625091565674673 0.002827719986042 0.0056959256825606618 0.0011624881144099014 0.0040581310411942481 -0.00014883820547216824 -0.0072738098553159622 -0.0029115703208801645 0.0040531067986548817 -0.0013838192237755572 -0.0031208351880368003 0.013246966550126442 -8.9154819756078079e-06 -0.0029283601861056635
leaf_weight=2225 281 19831 135 50 98 65 51 64 53 77 50 71 199 1076 881 50 55 52 57 168 162 1035 1089 281 99 58 348 67 261308 232
leaf_count=2225 281 19831 135 50 98 65 51 64 53 77 50 71 199 1076 881 50 55 52 57 168 162 1035 1089 281 99 58 348 67 261308 232
internal_value=-2.925e-05 -0.000270059 -0.000468488 0.000605785 -0.000941312 0.00645533 0.01125 0.013983 0.0168615 0.0223437 0.0100485 0.00890532 0.00128742 0.000560577 0.000972159 0.00205912 0.00429276 0.0113551 0.00278443 0.000116371 0.00175676 -0.00161915 -0.00267606 0.000589123 0.0038015 0.00105613 0.000532952 0.0062 -2.84917e-06 0.000710659
internal_weight=290268 28679 23149 3318 2624 694 360 295 231 128 103 169 334 5530 4454 1962 608 107 501 2492 444 2455 1420 331 267 1354 1229 125 261589 394
internal_count=290268 28679 23149 3318 2624 694 360 295 231 128 103 169 334 5530 4454 1962 608 107 501 2492 444 2455 1420 331 267 1354 1229 125 261589 394
is_linear=0
shrinkage=0.05


Tree=260
num_leaves=31
num_cat=0
split_feature=5 24 23 23 23 14 17 21 23 23 23 24 5 19 2 1 23 23 23 4 1 24 2 19 24 23 13 23 9 16
split_gain=0.706103 2.65757 1.10549 0.819242 2.77336 1.01678 0.683926 2.49537 2.32781 5.18961 9.04255 3.77133 2.88754 3.46073 3.46692 3.78818 2.90481 2.76889 2.06509 4.12321 3.74159 2.68545 2.63047 2.05128 1.96219 3.72873 2.92302 1.83036 3.03479 2.07895
threshold=3.0692857142857153 1.7100000000000002 0.31595530242620651 0.75438814418115718 0.59003219687534991 29.150000000000002 298.50000000000006 57.500000000000007 -0.099822328936730861 0.39629089145655322 0.38043945030393422 1.0000000180025095e-35 9.235000000000003 8.9350000000000005 0.50000000000000033 8.3850000000000033 0.9863035000474919 -0.91595872546125101 0.28313308994381592 11.105000000000002 7.9850000000000012 -0.029999999999999995 -0.11000000000000019 7.6250000000000009 inf -0.78324956448884031 4.7500000000000009 -0.013976481981245173 239.27376556396487 8.6500000000000004
decision_type=2 10 2 2 2 2 2 8 2 2 2 10 2 2 2 2 2 2 2 2 2 10 2 2 8 2 2 2 2 2
left_child=1 2 -1 4 -4 -5 -2 24 11 10 18 -9 -11 14 -14 -16 -15 -13 21 -20 -21 -10 -22 -17 -8 -26 -27 28 29 -23
right_child=6 -3 3 5 -6 -7 7 8 9 12 -12 17 13 16 15 23 -18 -19 19 20 22 27 -24 -25 25 26 -28 -29 -30 -31
leaf_value=-0.0080844577489392489 8.8504934527734239e-06 0.0028954003902728355 -0.002392477897055299 -0.0038350502665984777 0.0086008946832018766 0.0012447334371344513 -0.00057577372475341735 0.007489782663862141 0.0061630921147955171 -0.000454517122452988 0.0073776403015243693 0.002027988953950479 0.0028882761896344873 -0.0030495971008246288 0.010026720907959301 0.00032499536318998992 0.0042486268240800188 -0.0040864815294893025 0.0024120932960343855 0.012426480189642387 0.0084102748841452506 0.0075407707577352283 -0.0013641209617184576 0.0094997641680887156 0.017546870829420708 -0.0067917339932524025 0.013352938865633435 -0.001136972055880929 0.0051271301648758228 -0.0036942829185337787
leaf_weight=525 245519 86 164 279 58 62 34016 74 99 4471 94 396 564 552 74 114 97 1201 309 50 57 58 59 67 86 120 51 790 77 99
leaf_count=525 245519 86 164 279 58 62 34016 74 99 4471 94 396 564 552 74 114 97 1201 309 50 57 58 59 67 86 120 51 790 77 99
internal_value=-2.83888e-05 -0.00125213 -0.00192096 -0.000381884 0.00198198 -0.00192082 -2.34192e-05 -0.000205968 0.000520317 0.000890446 0.00333333 -0.00116996 0.000194476 0.00211853 0.00427961 0.00911765 -0.00060863 -0.00168128 0.00244681 0.00521053 0.0115663 0.00127783 0.00663793 0.00522099 -0.000403088 0.00394942 -0.000321639 0.000517577 0.00440171 0.000414012
internal_weight=290268 1174 1088 563 222 341 289094 43575 9302 7631 1692 1671 5939 1468 819 255 649 1597 1598 475 166 1123 116 181 34273 257 171 1024 234 157
internal_count=290268 1174 1088 563 222 341 289094 43575 9302 7631 1692 1671 5939 1468 819 255 649 1597 1598 475 166 1123 116 181 34273 257 171 1024 234 157
is_linear=0
shrinkage=0.05


Tree=261
num_leaves=31
num_cat=0
split_feature=2 18 5 23 16 17 23 9 0 15 24 24 24 13 16 17 18 17 23 23 16 16 13 5 16 0 23 23 20 3
split_gain=0.667571 1.63103 2.32078 2.02346 1.84881 1.80978 1.53297 3.48267 2.10318 2.16501 2.08702 4.39331 3.49299 3.82939 3.34869 2.83591 2.97731 2.72374 2.32307 3.83036 5.13867 2.24853 2.15838 2.14098 1.97169 2.0352 1.98921 5.01452 3.15274 2.74425
threshold=-0.41999999999999976 6.0050000000000008 5.8950000000000022 -0.99628250747696534 13.350000000000003 62.500000000000007 -0.97507822412530132 395.71284484863287 16.305000000000003 54.500000000000007 -0.049999999999999996 0.16500000000000004 1.3800000000000001 31.950000000000003 7.9500000000000011 145.50000000000003 9.5250000000000004 207.50000000000003 -0.97874870457683594 -0.98212955754013376 10.15 8.9500000000000011 2.5500000000000003 9.677857142857146 3.5500000000000003 8.1650000000000009 -0.8611288361322974 -0.82413948779581736 411.35000000000008 6.6500000000000012
decision_type=2 2 2 2 2 2 2 2 2 2 10 10 10 2 2 2 2 2 2 2 2 2 2 2 2 2 2 2 8 2
left_child=-1 2 3 -2 -5 -6 7 8 9 -3 23 18 13 17 15 16 -14 -13 19 -12 -21 -19 -18 -11 25 -8 -26 28 29 -28
right_child=1 6 -4 4 5 -7 24 -9 -10 10 11 12 14 -15 -16 -17 22 21 -20 20 -22 -23 -24 -25 26 -27 27 -29 -30 -31
leaf_value=-0.00014627023712003622 -0.0089117352614116116 -0.0015091666846750464 0.00093115496658311174 -6.411080722519933e-05 -0.0040590236234717744 0.0019961762723572723 0.0085877849194392047 -0.0021525068444762808 -0.0020350968317028617 -0.0040329775639809289 0.0030867032749728966 -0.0015552753570440116 0.0098202426116018315 0.0058457256661215394 0.0011188096627978801 0.0015370663529114376 0.0067541890372708486 -0.00048951174848516771 -0.0023098963351303784 0.0063525493393733774 0.0010675162179425044 0.0034555157447539748 -0.0029492179448293286 0.0031986361185689354 -0.00091538286203260975 2.9378985106699731e-05 -0.0020656144188937451 -9.8568115384352323e-05 -0.00028279678186723511 0.0041091999754877895
leaf_weight=122569 291 849 13756 17494 220 1098 54 1095 899 629 1415 2182 101 70 1379 273 53 387 143 71 63 337 54 390 14629 65 326 106345 1240 1791
leaf_count=122569 291 849 13756 17494 220 1098 54 1095 899 629 1415 2182 101 70 1379 273 53 387 143 71 63 337 54 390 14629 65 326 106345 1240 1791
internal_value=-2.75275e-05 3.72978e-05 0.000353174 -3.4038e-06 6.05984e-05 0.00186646 -3.96778e-05 0.000543791 0.000857987 0.0011041 0.00137339 0.0017019 0.000934656 -0.000127689 0.00263441 0.00622661 0.010625 -0.000406058 0.0038948 0.00445771 0.0125373 0.00225138 0.00481308 -0.00073111 -8.83901e-05 0.00634454 -9.45472e-05 -2.1514e-05 0.00188114 0.00305385
internal_weight=290268 167699 32859 19103 18812 1318 134840 10390 9295 8396 7547 6528 4836 2976 1860 481 208 2906 1692 1549 134 724 107 1019 124450 119 124331 109702 3357 2117
internal_count=290268 167699 32859 19103 18812 1318 134840 10390 9295 8396 7547 6528 4836 2976 1860 481 208 2906 1692 1549 134 724 107 1019 124450 119 124331 109702 3357 2117
is_linear=0
shrinkage=0.05


Tree=262
num_leaves=31
num_cat=0
split_feature=5 23 22 22 23 24 22 1 21 14 21 13 9 1 23 1 0 23 24 24 24 17 0 24 22 22 23 22 24 14
split_gain=0.72862 2.65575 2.65491 4.56251 3.66021 9.56464 7.61153 5.43396 3.04594 3.0999 2.70754 2.33252 2.22712 2.22903 2.18828 3.39347 2.1501 2.14993 8.80668 2.02378 3.27061 3.88102 2.21461 2.04775 2.00942 3.5419 1.97651 2.89381 5.34311 3.3082
threshold=6.1607142857142874 -0.99761278905001471 -0.95244167294248061 -0.78326540922535159 0.59003219687534991 -0.34499999999999992 -0.79384350655589164 4.1850000000000014 107.50000000000001 30.950000000000003 12.500000000000002 1.0000000180025095e-35 86.399047851562514 3.9450000000000007 -0.039769286347669845 2.7550000000000003 7.0150000000000006 -0.99052477729077237 1.7100000000000002 0.89500000000000013 0.05000000000000001 122.50000000000001 4.1750000000000007 0.36500000000000005 0.98522604642031408 0.92922379131507438 -0.71502926860092908 -0.35041564478062465 -0.064999999999999988 26.050000000000004
decision_type=2 2 2 2 2 10 2 2 10 2 8 2 2 2 2 2 2 2 10 10 8 2 2 10 2 2 2 2 8 2
left_child=1 -1 14 4 8 6 7 -6 9 11 17 -4 -11 -14 15 -3 -15 18 -5 20 -19 22 -22 -23 25 -24 27 28 -12 -30
right_child=-2 2 3 10 5 -7 -8 -9 -10 12 26 -13 13 16 -16 -17 -18 19 -20 -21 21 23 24 -25 -26 -27 -28 -29 29 -31
leaf_value=-0.0043624000612199542 1.2658228759955535e-05 0.0076376678535310678 0.0076956283830809328 -0.0008032450524536642 0.012105356892712929 -0.01703578403183429 0.0029030245093274402 0.0067717455635632265 0.010027538974475926 -0.00024338837329028744 -0.0059363900308651305 0.00020352964799096813 -7.0839754971736241e-05 0.011421966571299767 -0.0035739912924163588 -0.00023649470474928504 0.0007014380671576955 0.00041469374566874587 0.0086123336047793757 -0.00094943587397601633 0.010351036437003228 0.005069072282280109 0.001739894397716783 -0.00051308489149256631 -0.0032764212465123325 0.010690474925768002 -0.00053405448058799156 0.00012599676900008273 0.013411348059182477 0.0054608026116569133
leaf_weight=868 227677 59 50 196 53 134 118 53 84 196 175 3484 107 265 2919 1533 79 6326 69 2486 69 224 88 443 63 97 36139 5840 58 316
leaf_count=868 227677 59 50 196 53 134 118 53 84 196 175 3484 107 265 2919 1533 79 6326 69 2486 69 224 88 443 63 97 36139 5840 58 316
internal_value=-2.87333e-05 -0.000179819 -0.000141197 -4.91168e-05 0.00145685 0.00631285 0.0126339 0.0223585 0.00104924 0.000859841 -0.000181503 0.000277305 0.00404173 0.00597561 -0.00130902 0.00018216 0.00793605 0.000556107 0.005 0.000435891 0.000854992 0.00353658 0.00809148 0.00137181 0.0058871 0.00851351 -0.000356002 0.000454687 0.00392532 0.00729946
internal_weight=290268 62591 61723 57212 4623 358 224 106 4265 4181 52589 3534 647 451 4511 1592 344 10061 265 9796 7310 984 317 667 248 185 42528 6389 549 374
internal_count=290268 62591 61723 57212 4623 358 224 106 4265 4181 52589 3534 647 451 4511 1592 344 10061 265 9796 7310 984 317 667 248 185 42528 6389 549 374
is_linear=0
shrinkage=0.05


Tree=263
num_leaves=31
num_cat=0
split_feature=5 24 23 20 13 20 15 9 23 23 24 22 24 22 22 0 23 24 9 23 16 4 24 23 20 22 16 15 9 9
split_gain=0.707694 1.97734 1.23205 0.758 0.926538 0.743055 0.680308 1.94716 2.38592 5.22744 7.3481 4.36943 4.26962 5.28313 5.15753 2.88476 2.48651 2.44101 2.37169 4.90864 5.96606 5.536 5.26991 6.26299 7.11007 7.55369 3.65843 3.56829 3.53282 2.5945
threshold=3.0692857142857153 1.7100000000000002 0.31595530242620651 325.7000000000001 7.0500000000000007 268.2000000000001 73.500000000000014 472.27819824218756 0.95436825032516992 0.92843842216862604 1.8750000000000002 0.34235194516023087 -0.49499999999999994 0.12545942051955489 0.14250626876356556 4.9050000000000011 0.95178258287705175 1.3150000000000002 998.87963867187511 0.79253265336324141 6.4500000000000011 8.0750000000000011 -0.029999999999999995 0.33222858587828868 318.40000000000003 0.9053161325100999 5.6500000000000012 84.500000000000014 773.87631225585949 806.39907836914074
decision_type=2 10 2 10 2 10 2 2 2 2 10 2 10 2 2 2 2 10 2 2 2 2 10 2 8 2 2 2 2 2
left_child=1 2 -1 4 5 -4 -2 -8 9 17 11 -11 13 -10 -15 -13 -12 18 19 22 21 -21 26 -24 25 28 29 -26 -25 -9
right_child=6 -3 3 -5 -6 -7 7 8 12 10 16 15 -14 14 -16 -17 -18 -19 -20 20 -22 -23 23 24 27 -27 -28 -29 -30 -31
leaf_value=-0.0076378654147707392 -7.3478864812763424e-05 0.0027846466066445987 0.0014186228636050057 -0.0060253322255617234 -0.0017695117907440756 0.002675199447722629 -8.1833350071236824e-05 0.0021748301503834973 0.00023863823199809305 -0.006547416999356355 0.007874910063544089 -0.00012836552605496925 -0.0031877117191614528 0.0065865232784337729 0.0012621455412196011 0.0088820139353446206 0.0043472632675958548 -0.0026149519095928675 1.6259909026033457e-05 0.012558636239641234 0.0026135726804132689 0.0031750649314467626 0.0017349233353593286 -0.0025442709594459718 -0.00084117655344683937 0.014202822888545305 -0.0016212764022635663 0.0072190651648490495 0.0049266788368292043 0.012930388866518143
leaf_weight=525 229853 86 85 89 328 61 41647 269 849 264 122 65 1824 88 79 112 51 945 5646 60 855 66 2893 55 247 109 2799 86 56 54
leaf_count=525 229853 86 85 89 328 61 41647 269 849 264 122 65 1824 88 79 112 51 945 5646 60 855 66 2893 55 247 109 2799 86 56 54
internal_value=-2.70107e-05 -0.00125213 -0.00182905 -0.000204264 0.000590716 0.00390411 -2.20355e-05 0.000129048 0.00057008 0.000825538 0.00534202 0.0019161 -0.000757043 0.00184055 0.00997006 0.00799435 0.0140751 0.000629419 0.000805228 0.00138495 0.00468399 0.0148413 0.000892203 0.00224028 0.00711573 0.0140909 -0.000595773 0.00250751 0.00490991 0.00444272
internal_weight=290268 1174 1088 563 474 146 289094 59241 17594 14754 614 441 2840 1016 167 177 173 14140 13195 7549 981 126 6568 3446 553 220 3122 333 111 323
internal_count=290268 1174 1088 563 474 146 289094 59241 17594 14754 614 441 2840 1016 167 177 173 14140 13195 7549 981 126 6568 3446 553 220 3122 333 111 323
is_linear=0
shrinkage=0.05


Tree=264
num_leaves=31
num_cat=0
split_feature=5 21 23 23 13 9 23 9 15 24 24 24 22 22 14 9 22 19 23 0 24 24 15 22 22 17 19 9 23 24
split_gain=0.71535 2.09709 1.72664 8.77604 3.19456 2.89311 4.2632 2.81254 2.87156 2.51743 2.66766 3.76017 2.99607 2.20023 2.12815 1.78452 5.47735 1.72915 1.70768 1.68806 1.70399 1.79997 2.21326 2.3232 3.50729 4.56986 2.24897 2.39013 2.00239 3.85996
threshold=5.1292857142857144 12.500000000000002 -0.3744658827978154 -0.42958798411962301 3.4500000000000006 198.3420333862305 -0.39036009226888674 417.44560241699224 71.500000000000014 -0.089999999999999983 0.53000000000000014 0.69500000000000006 -0.35041564478062465 -0.814291907305839 27.150000000000002 616.95419311523449 0.9916835347852474 2.6550000000000007 -0.99761278905001471 5.9750000000000005 -0.60499999999999987 0.83000000000000007 56.500000000000007 -0.72696319516528884 -0.50556189049999822 106.50000000000001 3.5550000000000002 209.05644989013675 0.3484035575467645 -0.24999999999999997
decision_type=2 8 2 2 2 2 2 2 2 10 10 10 2 2 2 2 2 2 2 2 8 10 2 2 2 2 2 2 2 10
left_child=1 18 3 9 -5 -6 7 8 -7 -3 17 -12 13 -13 -15 -4 -17 -11 -1 20 -20 22 28 -24 25 -25 27 -26 -22 -30
right_child=-2 2 15 4 5 6 -8 -9 -10 10 11 12 -14 14 -16 16 -18 -19 19 -21 21 -23 23 24 26 -27 -28 -29 29 -31
leaf_value=-0.0090128878262239163 -3.1395816964841603e-06 0.0084149070284514349 -0.0010721212809352287 -0.0042134672159369205 0.0031511087782535295 0.012086046896590937 -0.00065018608519246894 0.0044362479672834798 0.014674833066446341 0.0044446860175289772 0.0080754401622731651 -0.00043622892925498057 -0.00024666395082012141 0.013494559846334866 0.0037756708821454679 -1.0725999866889084e-05 0.0091832005147984702 -0.0023575903137393194 -0.0012044231236100799 -0.0011705359874883453 0.0016053390025301435 0.00016178922037464778 -0.0022389207281388909 -0.0042067613103619356 0.0053759218658019385 0.015804899045464837 0.0011383849788303331 0.0027985534775532336 0.002479538522109605 0.010684392573673528
leaf_weight=150 260477 51 15237 76 191 87 57 66 51 89 79 67 1921 50 85 3735 88 2118 664 1133 118 1356 369 56 51 95 1321 278 96 56
leaf_count=150 260477 51 15237 76 191 87 57 66 51 89 79 67 1921 50 85 3735 88 2118 664 1133 118 1356 369 56 51 95 1321 278 96 56
internal_value=-2.82165e-05 -0.000260315 -0.000465321 0.00036287 0.00645833 0.0080531 0.0114751 0.0148529 0.018913 -0.000358746 -0.000486506 0.000744776 0.000346207 0.00613861 0.00981481 -0.000682058 0.000283807 -0.001715 0.000598118 0.000739316 0.00117713 0.00158588 0.00239754 0.00186636 0.00260688 0.00990066 0.00193939 0.0056383 0.00666667 0.0104605
internal_weight=290268 29791 24048 4988 528 452 261 204 138 4460 4409 2202 2123 202 135 19060 3823 2207 5743 5593 4460 3796 2440 2170 1801 151 1650 329 270 152
internal_count=290268 29791 24048 4988 528 452 261 204 138 4460 4409 2202 2123 202 135 19060 3823 2207 5743 5593 4460 3796 2440 2170 1801 151 1650 329 270 152
is_linear=0
shrinkage=0.05


Tree=265
num_leaves=31
num_cat=0
split_feature=5 24 23 20 14 23 14 22 1 17 9 13 24 17 20 22 23 17 23 8 24 13 1 13 20 14 22 1 22 24
split_gain=0.758783 2.00049 1.04046 0.777168 1.01544 1.09619 1.36226 1.67658 0.715363 1.89341 1.80408 0.947812 0.925425 0.772204 2.92118 2.97192 5.40634 6.32351 3.35069 1.72816 1.62421 1.99557 1.61457 2.4124 3.19498 1.78096 3.16085 3.0303 1.61003 4.86457
threshold=3.0692857142857153 1.7100000000000002 0.31595530242620651 320.50000000000006 29.150000000000002 0.76556758748011056 27.550000000000004 -0.83377653105606597 1.9350000000000003 253.50000000000003 554.93716430664074 22.550000000000004 -0.089999999999999983 298.50000000000006 339.7000000000001 0.91248814248966237 0.38043945030393422 323.50000000000006 -0.26867065956352881 6.5000000000000009 inf 3.7500000000000004 7.6650000000000009 0.8500000000000002 708.00000000000011 29.650000000000002 0.97875492728876534 9.9050000000000029 0.98802474685579866 1.0000000180025095e-35
decision_type=2 10 2 10 2 2 2 2 2 2 2 2 10 2 8 2 2 2 2 2 8 2 2 2 8 2 2 2 2 10
left_child=1 2 -1 4 5 6 7 -4 9 -2 11 12 -11 28 20 19 18 -18 -17 -16 -15 -22 23 24 -20 26 27 -24 -10 -30
right_child=8 -3 3 -5 -6 -7 -8 -9 13 10 -12 -13 -14 14 15 16 17 -19 22 -21 21 -23 25 -25 -26 -27 -28 -29 29 -31
leaf_value=-0.0073366600133203067 -0.0010859494369386386 0.0026724855658813705 0.00017547053816098816 -0.0044536386579592628 0.0025419754776876014 -0.0030957250974289162 -0.0028438455277871276 0.0076417910922199203 4.0011973542813728e-05 0.001646731544674142 9.4775921053399687e-05 0.0044054547875286522 0.0051090585165255694 -0.00073275408353363266 -0.00011373889953970138 -0.0082410610865969423 0.0072933744390123014 0.00099647424065234485 0.0035256085859759162 0.013648886006678285 -0.0032598580757115699 0.013974970451164127 0.0012971506811968539 0.0024210652359100606 0.0094119008737364295 3.7261478985751671e-05 -0.00060809958972610169 0.0087698503513466176 0.0016007584121464494 -0.0015162258540868962
leaf_weight=525 430 86 66 96 61 235 53 52 233848 135 216 87 50 25685 13787 397 81 123 115 94 51 65 60 1066 79 1526 127 50 2162 8860
leaf_count=525 430 86 66 96 61 235 53 52 233848 135 216 87 50 25685 13787 397 81 123 115 94 51 65 60 1066 79 1526 127 50 2162 8860
internal_value=-2.61494e-05 -0.00129472 -0.001875 -0.000381884 0.000460384 -0.000443351 0.00260234 0.00559322 -2.09978e-05 0.00137255 0.0035041 0.00621323 0.00418919 -2.5437e-05 -0.000220063 0.000278491 0.00155353 0.00946078 0.00108187 -5.43921e-05 -0.000558313 0.00534483 0.00164902 0.00301587 0.00814433 0.000672149 0.00470464 0.0109091 8.98317e-06 -0.000581565
internal_weight=290268 1174 1088 563 467 406 171 118 289094 918 488 272 185 288176 43306 17505 3624 204 3420 13881 25801 116 3023 1260 194 1763 237 110 244870 11022
internal_count=290268 1174 1088 563 467 406 171 118 289094 918 488 272 185 288176 43306 17505 3624 204 3420 13881 25801 116 3023 1260 194 1763 237 110 244870 11022
is_linear=0
shrinkage=0.05


Tree=266
num_leaves=31
num_cat=0
split_feature=18 9 23 13 23 9 0 15 1 22 1 13 22 22 16 0 9 14 18 0 21 24 22 24 19 23 15 1 16 24
split_gain=0.785435 0.989378 1.5353 1.84257 1.37535 1.27353 1.41417 1.11053 1.23685 1.2717 1.14061 1.09869 2.74878 1.35503 1.0741 1.25515 1.06923 0.99497 0.829145 3.01899 1.85719 2.71615 3.52962 2.48541 2.51376 1.95403 1.82053 1.84426 1.70397 1.48929
threshold=2.5550000000000002 773.87631225585949 0.71952396275653763 9.1500000000000004 -0.048362832084465616 150.13784790039065 1.9350000000000003 83.500000000000014 6.2750000000000012 -0.27694604220087021 7.5950000000000006 7.9500000000000011 0.46800856592688472 0.39036257410962044 11.050000000000002 2.5550000000000002 354.09144592285162 28.750000000000004 5.5650000000000004 6.7750000000000012 92.500000000000014 -0.89499999999999991 -0.91597725483594616 0.095000000000000015 5.2150000000000007 0.28313308994381592 60.500000000000007 5.8750000000000009 10.050000000000002 0.47500000000000003
decision_type=2 2 2 2 2 2 2 2 2 2 2 2 2 2 2 2 2 2 2 2 10 10 2 10 2 2 2 2 2 10
left_child=1 2 4 -4 5 -1 -7 8 9 16 -10 12 -8 -13 15 -11 -5 -15 19 20 29 22 -22 26 25 -25 27 -23 -21 -2
right_child=18 -3 3 7 -6 6 11 -9 10 14 -12 13 -14 17 -16 -17 -18 -19 -20 28 21 23 -24 24 -26 -27 -28 -29 -30 -31
leaf_value=-0.003384966624030439 0.00016971385722269403 -0.002437017400753928 -0.0024518819730216168 -0.0027638931075346942 -0.0050946537824372567 -0.003818808069404483 0.009612438939157246 -0.0018915487461459925 0.0085002432144478668 0.0047166681426053366 0.0039957604228723917 -0.0016897179706690632 -0.00076306720789822877 0.0051954728372176516 -0.00044477278977231717 0.00034976282943858508 0.0070967292419781419 0.00085790629895949623 -7.5595839696142788e-05 0.00070401913603357054 0.001210691288674732 0.004868414447683992 0.01176557545241565 0.0093392200115749169 -2.8514577765416339e-05 0.0052044212334712049 -0.0009400361149780375 -0.00011918284276305238 0.0021246067797849092 -0.00039624549772469846
leaf_weight=264 31171 505 431 149 672 199 98 117 51 152 50 230 85 100 92 64 75 123 227457 4362 93 87 50 68 113 57 980 107 2582 19684
leaf_count=264 31171 505 431 149 672 199 98 117 51 152 50 230 85 100 92 64 75 123 227457 4362 93 87 50 68 113 57 980 107 2582 19684
internal_value=-2.75275e-05 -0.000776686 -0.00042683 0.000969516 -0.00135799 -0.000268427 0.000688622 0.00246667 0.00329384 0.00233083 0.00836634 0.00183962 0.00510929 0.000518763 0.00441558 0.00634259 -0.000535715 0.00329596 -1.84977e-05 0.000147925 1.81251e-05 0.00172026 0.00828671 0.00105524 0.00571428 0.0106 0.000110731 0.00453608 0.00112759 -3.39212e-05
internal_weight=290268 3457 2952 1181 1771 1099 835 750 633 532 101 636 183 453 308 216 224 223 286811 59354 52410 1555 143 1412 238 125 1174 194 6944 50855
internal_count=290268 3457 2952 1181 1771 1099 835 750 633 532 101 636 183 453 308 216 224 223 286811 59354 52410 1555 143 1412 238 125 1174 194 6944 50855
is_linear=0
shrinkage=0.05


Tree=267
num_leaves=31
num_cat=0
split_feature=18 20 17 2 4 13 18 2 16 15 15 18 3 24 22 22 4 23 23 23 22 21 19 17 13 15 23 23 1 2
split_gain=0.699812 1.15343 1.45765 1.40582 1.88053 1.2521 1.57194 1.09093 1.22467 0.916212 0.887018 0.773987 2.01047 1.53373 2.52647 13.2101 3.74957 2.52354 4.98925 9.57398 2.40969 2.53369 2.01341 2.71705 3.11538 1.96686 1.91877 1.85461 1.72494 1.69986
threshold=2.5550000000000002 132.00000000000003 66.500000000000014 -0.4649999999999998 6.3850000000000007 17.850000000000005 1.9350000000000003 0.34000000000000125 10.050000000000002 70.500000000000014 65.500000000000014 4.6350000000000007 7.9666666666666677 0.47500000000000003 0.92922379131507438 0.90892735371523092 5.1550000000000011 -0.20180761162458913 -0.35042475891464198 -0.34234976856068178 0.77244481603295057 92.500000000000014 3.4850000000000008 68.500000000000014 12.750000000000002 79.500000000000014 -0.099822328936730861 -0.73865259438682551 3.0250000000000004 -2.2299999999999986
decision_type=2 10 2 2 2 2 2 2 2 2 2 2 2 10 2 2 2 2 2 2 2 10 2 2 2 2 2 2 2 2
left_child=1 -1 5 -4 -5 -3 -7 8 9 10 -6 12 13 17 15 20 -17 18 22 -20 21 -15 23 24 -2 -18 -16 -25 -21 -24
right_child=11 2 3 4 7 6 -8 -9 -10 -11 -12 -13 -14 14 26 16 25 -19 19 28 -22 -23 29 27 -26 -27 -28 -29 -30 -31
leaf_value=-0.0029639062570967251 0.001526613407547908 0.00062445240450791214 -0.0020754017271566024 -0.0015822523262714818 0.0035382883285898941 0.0089477706474842596 0.0017699014056890929 -0.00082773801473983377 0.00045153357245842572 0.000511090747996083 0.0058402294620126943 -5.9058767944120312e-05 0.0014768941131363929 -0.00011238226660232672 -0.0070691637147971761 0.011778389619665382 0.0041771959131486945 5.5769166139742027e-05 0.015076161026714552 0.0048637263536814891 -0.0030748886816327728 0.0054323756399388516 -0.0020230222937698515 0.0036015997297334924 0.010433784189635448 0.0084464812227457772 -0.00024624348285180004 -0.0037146705537484171 0.0031131712722123769 0.00071224508648249686
leaf_weight=667 52 336 1602 288 69 53 97 105 121 62 57 253385 3125 8029 818 58 187 14809 71 57 1741 74 771 322 52 52 804 226 727 1451
leaf_count=667 52 336 1602 288 69 53 97 105 121 62 57 253385 3125 8029 818 58 187 14809 71 57 1741 74 771 322 52 52 804 226 727 1451
internal_value=-2.61494e-05 -0.000733296 -0.00028674 -0.000811633 0.00105413 0.00220164 0.006 0.00321256 0.00470874 0.00723404 0.00968254 -1.7626e-05 0.000208519 8.39894e-05 -0.000362579 -6.9521e-05 0.0103199 0.000367352 0.0015299 0.00488304 -0.000382976 -2.0364e-05 0.000532358 0.00297546 0.0103846 0.0075523 -0.00219482 0.00156934 0.00329082 -0.00018452
internal_weight=290268 3457 2790 2304 702 486 150 414 309 188 126 286811 33426 30301 11763 10141 297 18538 3729 855 9844 8103 2874 652 104 239 1622 548 784 2222
internal_count=290268 3457 2790 2304 702 486 150 414 309 188 126 286811 33426 30301 11763 10141 297 18538 3729 855 9844 8103 2874 652 104 239 1622 548 784 2222
is_linear=0
shrinkage=0.05


Tree=268
num_leaves=31
num_cat=0
split_feature=0 20 3 5 9 23 13 9 20 16 15 1 17 23 23 16 16 23 16 20 23 24 9 16 20 0 14 23 19 20
split_gain=0.713975 0.952021 0.953643 1.27134 1.45681 0.859521 2.10237 4.43216 1.30614 0.833729 0.79799 0.938327 0.720164 1.47059 2.54175 1.80922 1.59079 1.48779 2.31438 2.7114 2.0174 2.49615 3.00445 2.53382 1.71525 2.2786 1.61057 2.31293 2.21321 2.09137
threshold=2.7350000000000008 346.80000000000001 4.7950000000000008 6.3564285714285722 402.74378967285162 0.95936279103287792 10.750000000000002 377.27038574218756 244.30000000000004 4.0500000000000007 71.500000000000014 6.7950000000000008 22.500000000000004 0.5475998096715059 0.63089349388778826 14.15 14.450000000000001 -0.26867065956352881 5.4500000000000011 239.50000000000003 -0.35846086284744721 -0.27499999999999997 184.82224273681643 8.2500000000000018 444.30000000000001 5.8050000000000006 29.850000000000005 -0.72694848937061807 7.2750000000000012 322.60000000000008
decision_type=2 8 2 2 2 2 2 2 10 2 2 2 2 2 2 2 2 2 2 8 2 10 2 2 8 2 2 2 2 10
left_child=1 2 5 4 10 9 -7 8 -8 -1 11 -4 13 15 -15 17 -17 20 19 -19 21 22 23 -2 -20 -26 -23 28 29 -28
right_child=12 -3 3 -5 -6 6 7 -9 -10 -11 -12 -13 -14 14 -16 16 -18 18 24 -21 -22 26 -24 -25 25 -27 27 -29 -30 -31
leaf_value=0.0031928360684301397 0.0040953480916865875 -0.0016812027328385701 -0.00017229489925071835 -0.00088524096760191876 -0.0013403003785754451 -0.0025774254061456947 0.0049301801110729071 -0.0011898304204696788 0.0062279341673771582 -0.001098050330652826 0.009940659318393566 0.0040779354792102153 -4.2142202113103703e-05 -0.0038507585560571423 9.3391332061571247e-05 0.006099603850610911 0.0019677422038749822 0.0067438799503414778 0.00046683081522921882 -0.0041664590468107774 -0.005454645777752812 -0.0016922521300163234 -0.0068127794892225329 0.013140150186268761 -0.00042710279121290482 0.0048640907827947055 0.0077259380565684087 -0.0012225647348047771 0.0015845231441283917 0.00065672986207628448
leaf_weight=69 58 1181 72 238 87 202 78 183 66 2265 88 51 269304 766 5859 106 343 82 3996 59 522 1375 74 96 380 844 201 1000 527 96
leaf_count=69 58 1181 72 238 87 202 78 183 66 2265 88 51 269304 766 5859 106 343 82 3996 59 522 1375 74 96 380 844 201 1000 527 96
internal_value=-2.47714e-05 -0.000644106 -0.000219183 0.00171642 0.00389262 -0.000581559 0.00123818 0.0037156 0.0102778 -0.000994003 0.00613744 0.00353658 -1.48426e-05 0.000307006 -0.000267926 0.000697304 0.00379733 0.000547797 0.00109028 0.00741135 -0.000188657 0.000252406 0.00530702 0.00928571 0.000919539 0.00255719 -0.000107847 0.000866227 0.00282767 0.00627946
internal_weight=290268 4580 3399 536 298 2863 529 327 144 2334 211 123 285688 16384 6625 9759 449 9310 5361 141 3949 3427 228 154 5220 1224 3199 1824 824 297
internal_count=290268 4580 3399 536 298 2863 529 327 144 2334 211 123 285688 16384 6625 9759 449 9310 5361 141 3949 3427 228 154 5220 1224 3199 1824 824 297
is_linear=0
shrinkage=0.05


Tree=269
num_leaves=31
num_cat=0
split_feature=0 22 13 22 22 4 21 2 20 23 2 5 18 20 16 15 22 16 5 16 9 4 18 0 22 16 20 9 21 16
split_gain=0.712388 0.845537 1.60849 1.10331 0.831818 0.98322 1.1645 1.25023 1.42747 1.1001 1.01413 1.62695 1.37305 0.939905 1.00933 0.88931 0.889298 1.08861 0.874025 1.03213 1.23938 0.980392 0.769932 2.61184 1.36785 1.83907 1.35519 1.33731 1.24344 1.58708
threshold=2.7350000000000008 -0.99275805973510278 10.750000000000002 -0.95244167294248061 -0.074117382312902977 13.955000000000002 30.600000000000005 -4.2549999999999972 245.30000000000004 -0.97874870457683594 -0.070000000000000159 3.3450000000000011 2.5550000000000002 258.2000000000001 15.950000000000001 69.500000000000014 0.48314048284850658 9.8500000000000032 4.0078571428571452 7.8500000000000005 301.98291015625006 8.8350000000000026 4.6350000000000007 6.535000000000001 0.57077594689671507 14.050000000000002 685.70000000000016 220.69055175781253 27.500000000000004 7.5500000000000007
decision_type=2 2 2 2 2 2 10 2 10 2 2 2 2 8 2 2 2 2 2 2 2 2 2 2 2 2 10 2 8 2
left_child=1 2 -1 -3 5 6 7 8 -5 -9 12 -12 -11 16 -15 -13 -6 18 -18 20 -20 -22 23 26 -25 27 -2 28 29 -26
right_child=22 3 -4 4 13 -7 -8 9 -10 10 11 15 -14 14 -16 -17 17 -19 19 -21 21 -23 -24 24 25 -27 -28 -29 -30 -31
leaf_value=0.0088588601185039164 5.5004755596680151e-05 -0.0089208669495381056 -0.0009319233677655335 0.00091414758473002701 -0.0028454479317025329 0.0029181257767028697 -0.0013899212173671548 0.0027639813537114022 0.0070681544595804016 -0.0031330426710237148 -0.0031698761830078262 0.0037412667582686142 0.0014679119589931216 -0.0021873530218470311 0.0017106647728182803 0.00013886828501623509 -0.0014755150096086311 0.0061086995800725286 0.0074899647603460994 -0.00057101816691522336 0.0033956096504743588 -0.0039362319318694775 -5.7821817067134363e-05 0.0010721779997939025 0.0023070335422448228 0.0049728657855590995 0.0030350458891842832 0.0005533796545597881 0.0013717949349494165 0.0085788345734545742
leaf_weight=64 29600 192 93 62 511 55 310 59 50 495 92 87 467 1442 50 50 156 69 77 97 51 51 253078 1987 68 60 71 408 267 149
leaf_count=64 29600 192 93 62 511 55 310 59 50 495 92 87 467 1442 50 50 156 69 77 97 51 51 253078 1987 68 60 71 408 267 149
internal_value=-2.54604e-05 -0.000644106 0.00296178 -0.000772102 -0.000603877 0.0002403 2.39223e-05 0.00065345 0.00571428 0.000199999 -0.000130144 0.00286026 -0.000841997 -0.0011861 -0.00198392 0.00631387 -9.88262e-06 0.00148702 0.000555554 0.00224638 0.00449721 0.000882352 -1.55426e-05 0.000213124 0.00163491 0.00319328 7.22916e-05 0.00262332 0.00440083 0.00721198
internal_weight=290268 4580 157 4423 4231 1727 1672 1362 112 1250 1191 229 962 2504 1492 137 1012 501 432 276 179 102 285688 32610 2939 952 29671 892 484 217
internal_count=290268 4580 157 4423 4231 1727 1672 1362 112 1250 1191 229 962 2504 1492 137 1012 501 432 276 179 102 285688 32610 2939 952 29671 892 484 217
is_linear=0
shrinkage=0.05


Tree=270
num_leaves=31
num_cat=0
split_feature=15 16 13 15 17 23 5 23 14 23 21 23 13 21 23 16 24 20 14 24 23 20 19 9 20 24 23 18 23 23
split_gain=0.671661 1.82622 2.72263 2.19826 2.02505 2.43493 2.95229 2.54003 4.36545 2.19277 2.08966 3.9142 2.18521 2.02201 2.436 2.06283 1.95294 3.11279 1.85104 3.34252 2.16563 1.82766 2.12116 1.68355 3.14201 1.52296 2.84198 3.86419 1.88658 2.42804
threshold=58.500000000000007 8.7500000000000018 3.4500000000000006 49.500000000000007 159.50000000000003 0.97461712852231652 5.2550000000000017 0.92843842216862604 29.050000000000004 0.63089349388778826 16.900000000000002 0.3484035575467645 12.050000000000002 12.500000000000002 0.92843842216862604 9.5500000000000025 -0.77999999999999992 385.10000000000008 32.250000000000007 0.69500000000000006 -0.21862536810265826 252.40000000000003 6.9250000000000007 452.44052124023443 395.30000000000001 -0.40499999999999997 0.96407344085605606 7.4750000000000005 0.84199059757024453 0.75438814418115718
decision_type=2 2 2 2 2 2 2 2 2 2 8 2 2 10 2 2 10 10 2 10 2 8 2 2 10 8 2 2 2 2
left_child=1 2 3 -1 18 6 7 9 -9 10 11 -6 -12 14 15 16 17 -8 -3 -20 -21 22 -5 -7 -25 28 -27 -28 29 -15
right_child=-2 4 -4 21 5 23 13 8 -10 -11 12 -13 -14 25 -16 -17 -18 -19 19 20 -22 -23 -24 24 -26 26 27 -29 -30 -31
leaf_value=-0.0027976151188415068 1.4231567827747216e-05 -0.0013173280575590604 -0.0021066081032943213 0.0089688844612812561 0.0019541499007576387 -0.0021351208019668388 0.021139888710069291 0.0069292532391709381 0.0012977630918933078 -0.0036341831100576462 -0.0016034140337888453 0.0080269375415205971 0.0062119187332388744 -0.0013300790565074633 0.0020134828903316561 -0.0025024536602561934 -1.4059235284889489e-05 0.004287787131418805 -0.0016032553281855788 -0.00017713974615621322 0.0032374504647325326 0.00019714037980748429 5.331039588022742e-05 -0.0014489795042908413 0.0065240938510273891 0.00081970034805327406 -4.2158069810506929e-05 0.0062554649531976099 -0.0048902122770215243 0.0028616013520445373
leaf_weight=1902 232444 8279 6283 89 297 1651 56 50 110 254 286 101 60 1617 268 3018 830 114 4681 2251 2639 7698 105 134 70 13897 79 83 561 361
leaf_count=1902 232444 8279 6283 89 297 1651 56 50 110 254 286 101 60 1617 268 3018 830 114 4681 2251 2639 7698 105 134 70 13897 79 83 561 361
internal_value=-2.51159e-05 -0.000177609 -0.000630405 -0.000109252 -3.23496e-06 0.000297735 0.000444151 0.00290155 0.00875 0.00196393 0.00333333 0.00580402 0.000491328 0.00030789 -0.000660291 -0.000968145 0.000999999 0.00588235 -0.000406164 6.73899e-05 0.000981594 0.000258488 0.00505155 -0.00144205 0.00284314 0.000557897 0.000761433 0.00734568 -0.000569123 0.000156723
internal_weight=290268 57824 16077 9794 41747 23897 22042 1158 160 998 744 398 346 20884 4286 4018 1000 170 17850 9571 4890 7892 194 1855 204 16598 14059 162 2539 1978
internal_count=290268 57824 16077 9794 41747 23897 22042 1158 160 998 744 398 346 20884 4286 4018 1000 170 17850 9571 4890 7892 194 1855 204 16598 14059 162 2539 1978
is_linear=0
shrinkage=0.05


Tree=271
num_leaves=31
num_cat=0
split_feature=15 16 17 24 5 21 22 22 9 22 22 15 16 14 9 24 22 14 24 14 15 15 24 14 18 14 22 24 9 16
split_gain=0.708758 1.59173 1.86002 2.37636 3.43384 1.81487 2.3241 5.32111 2.80242 2.766 6.86784 2.32977 1.7482 1.71057 1.66642 1.69818 2.00414 2.13576 2.03736 1.96253 1.63847 1.62738 1.53499 2.08224 1.47794 2.57168 2.65298 2.3062 1.75537 2.91092
threshold=58.500000000000007 8.7500000000000018 159.50000000000003 -0.40499999999999997 4.5235714285714304 12.500000000000002 0.97875492728876534 0.98802474685579866 145.36562347412112 0.86113431103781346 0.85673801594079257 50.500000000000007 12.250000000000002 29.350000000000005 163.74107360839847 0.36500000000000005 -0.99985146406598202 29.550000000000004 -0.34499999999999992 32.350000000000001 52.500000000000007 44.500000000000007 1.0000000180025095e-35 29.250000000000004 6.4050000000000011 31.050000000000004 -0.82415615971448097 -0.65999999999999981 107.86239242553712 13.65
decision_type=2 2 2 8 2 10 2 2 2 2 2 2 2 2 2 10 2 2 8 2 2 2 10 2 2 2 2 10 2 2
left_child=1 21 14 20 22 12 9 8 11 10 13 -8 -6 -7 15 16 -3 18 -18 -17 -4 -1 23 -5 25 -22 27 -27 -28 -30
right_child=-2 2 3 4 5 6 7 -9 -10 -11 -12 -13 -14 -15 -16 19 17 -19 -20 -21 24 -23 -24 -25 -26 26 28 -29 29 -31
leaf_value=-0.0054153340679818605 1.3519989436359191e-05 0.0098159880646066441 -0.0033369957152555398 0.0056423021628066727 7.1465853582278869e-05 0.0025684850121239604 0.0099222880373668453 0.00045461270056603256 0.01080611029595388 -0.005617263563079255 0.0082383253599427938 0.0029291263111321112 -0.0031728635042697103 0.00070168201032774346 -0.0023067387922591233 -0.00091170231697755609 0.0081134538132914737 -0.0016979644553466724 0.00079023753515661309 0.0014625723727648204 -0.0010600436267662492 -0.00063633360811727322 0.0018419866997326469 0.0072748004471783426 -0.0010214160240828074 0.0022136580286934134 -0.0020440730292924634 0.016220120967978948 0.0019194058630783127 0.0055434903161702851
leaf_weight=551 232444 78 1255 50 2928 512 63 560 72 1009 56 162 953 12082 2207 3721 66 6757 263 4758 569 15526 188 68 2795 97 145 76 190 67
leaf_count=551 232444 78 1255 50 2928 512 63 560 72 1009 56 162 953 12082 2207 3721 66 6757 263 4758 569 15526 188 68 2795 97 145 76 190 67
internal_value=-2.61494e-05 -0.000182797 -2.00026e-05 0.000268443 0.000531197 0.000443821 0.000700605 0.00322637 0.00863636 0.000542132 0.000743082 0.00588889 -0.000516621 0.000665395 -0.000406164 -0.000224702 -0.000791458 -0.0008792 0.00305471 0.000254156 -0.000677706 -0.000605525 0.00578431 0.0102542 -0.000176442 0.00133741 0.00369565 0.00887283 0.00146766 0.00394942
internal_weight=290268 57824 41747 23897 18703 18397 14516 857 297 13659 12650 225 3881 12594 17850 15643 7164 7086 329 8479 5194 16077 306 118 3939 1144 575 173 402 257
internal_count=290268 57824 41747 23897 18703 18397 14516 857 297 13659 12650 225 3881 12594 17850 15643 7164 7086 329 8479 5194 16077 306 118 3939 1144 575 173 402 257
is_linear=0
shrinkage=0.05


Tree=272
num_leaves=31
num_cat=0
split_feature=0 14 18 22 13 22 15 21 22 9 9 20 14 14 19 19 17 13 15 18 0 14 22 22 22 19 4 17 1 5
split_gain=0.786474 0.829628 0.991099 0.789097 1.4072 1.10155 0.987737 0.997905 1.08142 1.00132 0.935278 1.01435 1.25327 3.21864 1.09631 1.55361 0.954875 0.858668 0.774686 0.770053 3.65185 1.62529 1.89016 2.78533 3.93041 3.63395 2.03615 1.77073 1.70923 2.2951
threshold=2.7350000000000008 31.350000000000005 6.0050000000000008 -0.99275805973510278 7.9500000000000011 -0.89406062840022227 65.500000000000014 30.600000000000005 0.99761913169647187 773.87631225585949 184.82224273681643 291.80000000000001 29.050000000000004 29.950000000000003 2.9350000000000005 3.9650000000000003 163.50000000000003 16.350000000000005 73.500000000000014 5.8850000000000007 6.7750000000000012 30.150000000000002 -0.61237985104942771 -0.69057362043749781 -0.66528616069191593 3.8450000000000002 14.095000000000001 275.50000000000006 4.8650000000000011 6.9928571428571447
decision_type=2 2 2 2 2 2 2 8 2 2 2 10 2 2 2 2 2 2 2 2 2 2 2 2 2 2 2 2 2 2
left_child=1 2 3 4 -1 -5 -7 9 -9 10 -8 12 14 -14 -12 16 -16 -18 -11 20 21 -2 23 26 25 -25 -23 -26 -27 -30
right_child=19 -3 -4 5 -6 6 7 8 -10 18 11 -13 13 -15 15 -17 17 -19 -20 -21 -22 22 -24 24 27 28 -28 -29 29 -31
leaf_value=0.0091710162725344921 -0.00024294368274767835 -0.0042042301292372587 0.0069299765246416713 -0.0083268118734315683 -0.00021298298637261712 -0.0014731842166735628 -0.00093345624606643344 -0.0012817382869175914 0.0059988647093324873 0.00070272467508506202 -0.00072773128343718758 0.0035049792742985631 0.0087214849010405198 -0.0049917989805841161 0.010444071734985041 -3.0647798002819518e-05 0.0056530735357479579 -0.00063587760685321912 -0.0035211112620020684 -7.9054133836270875e-05 0.0012634092137515051 0.0012939519516604837 9.7776733953357299e-05 0.010940173808980045 -0.0016617095799096441 0.0083299472314136945 -0.0038650146052703702 0.0052704063633131557 -0.0019472136210294988 0.010444097588199711
leaf_weight=51 37720 289 73 332 100 1069 334 880 51 133 378 96 94 60 62 242 54 59 223 217722 9613 3365 16239 51 209 50 540 60 58 61
leaf_count=51 37720 289 73 332 100 1069 334 880 51 133 378 96 94 60 62 242 54 59 223 217722 9613 3365 16239 51 209 50 540 60 58 61
internal_value=-2.68385e-05 -0.000676857 -0.000502215 -0.000602182 0.00294702 -0.000733957 -0.000488622 2.62554e-05 -0.00129431 0.000734869 0.00134518 0.00208134 0.00158588 0.00571428 0.000786162 0.00255396 0.00614286 0.00340708 -0.00162921 -1.64177e-05 0.000130505 -1.82522e-05 0.000338534 0.00125853 0.00481595 0.00977273 0.000813059 0.000762081 0.0062426 0.00298319
internal_weight=290268 4580 4291 4218 151 4067 3735 2666 931 1735 1379 1045 949 154 795 417 175 113 356 285688 67966 58353 20633 4394 489 220 3905 269 169 119
internal_count=290268 4580 4291 4218 151 4067 3735 2666 931 1735 1379 1045 949 154 795 417 175 113 356 285688 67966 58353 20633 4394 489 220 3905 269 169 119
is_linear=0
shrinkage=0.05


Tree=273
num_leaves=31
num_cat=0
split_feature=5 24 23 20 14 23 14 22 17 22 24 22 19 4 19 22 22 13 13 20 24 24 4 22 22 22 20 16 5 23
split_gain=0.757341 1.41695 1.03614 0.811224 0.979615 1.00933 1.36226 1.67658 0.667306 2.51382 3.59731 8.04255 3.97648 4.35322 3.47115 2.19188 2.16729 4.9015 3.10108 3.22457 3.2431 3.42388 4.52113 2.88836 5.52124 2.28899 2.22688 2.5186 1.93325 1.85256
threshold=3.0692857142857153 1.7100000000000002 0.31595530242620651 320.50000000000006 29.150000000000002 0.76556758748011056 27.550000000000004 -0.83377653105606597 298.50000000000006 0.9193901325473397 1.1900000000000002 0.95998215779580554 5.3950000000000005 11.915000000000001 7.9350000000000014 0.88220160189607266 0.96234642434711437 23.950000000000003 8.8500000000000032 271.35000000000008 0.24500000000000002 0.36500000000000005 11.065000000000003 0.99466373373798567 0.98802474685579866 0.98522604642031408 330.7000000000001 9.7500000000000018 5.0857142857142863 0.29958852271690523
decision_type=2 10 2 10 2 2 2 2 2 2 10 2 2 2 2 2 2 2 2 10 10 10 2 2 2 2 8 2 2 2
left_child=1 2 -1 4 5 6 7 -4 -2 15 16 12 -12 -14 -15 -10 17 -11 19 -18 28 22 -22 24 -24 -23 27 29 -21 -19
right_child=8 -3 3 -5 -6 -7 -8 -9 9 10 11 -13 13 14 -16 -17 18 26 -20 20 21 25 23 -25 -26 -27 -28 -29 -30 -31
leaf_value=-0.0067937537279469029 1.1402431737465982e-05 0.0024753682052791673 0.00064709612808902962 -0.0040597776913384228 0.0020787045627347319 -0.0029420965151256075 -0.0025351529840150003 0.0072914099311586714 -0.00035278586243505354 -0.0033707436788255694 0.0078605430041778397 -0.0011984827533138636 0.0036222870145327423 0.0095114593285418932 0.0052031163037416176 -0.0035751881808402269 -0.0010338121643213639 0.010847043367802291 -0.00062314175591195956 0.0044993420537425147 0.013072477073542296 0.0046060763665844735 0.0030371059402315766 -0.0038359029706447716 0.010669131534438984 -0.007138744806744507 -0.012214324192285478 0.013495162738699516 0.0013825089978816004 -0.002080046550009461
leaf_weight=525 245519 86 66 96 61 235 53 52 34119 1625 87 573 257 52 52 1561 599 84 2727 57 82 64 90 70 62 124 51 76 1065 98
leaf_count=525 245519 86 66 96 61 235 53 52 34119 1625 87 573 257 52 52 1561 599 84 2727 57 82 64 90 70 62 124 51 76 1065 98
internal_value=-2.73552e-05 -0.00129472 -0.00178309 -0.000293074 0.000567451 -0.000320198 0.00260234 0.00559322 -2.22085e-05 -0.000202526 0.000604812 0.00337414 0.00839286 0.00608033 0.0147115 -0.000381167 0.000193481 -0.00122544 0.000748987 0.00213963 0.00330235 0.00668699 0.0099671 0.00626126 0.0101316 0.00138298 0.00454692 0.00643411 0.00181818 0.00324176
internal_weight=290268 1174 1088 563 467 406 171 118 289094 43575 7895 1021 448 361 104 35680 6874 1934 4940 2213 1614 492 304 222 152 188 309 258 1122 182
internal_count=290268 1174 1088 563 467 406 171 118 289094 43575 7895 1021 448 361 104 35680 6874 1934 4940 2213 1614 492 304 222 152 188 309 258 1122 182
is_linear=0
shrinkage=0.05


Tree=274
num_leaves=31
num_cat=0
split_feature=0 24 23 22 22 2 16 14 13 23 23 13 9 20 21 21 23 9 17 23 16 15 22 23 9 22 22 21 22 22
split_gain=0.786891 0.777034 2.33347 1.55458 1.83128 1.55661 1.14542 1.44938 1.34154 1.13419 1.14026 1.25283 2.1973 1.11072 0.982977 1.32211 1.24814 2.30017 0.905614 0.846124 0.781085 0.777473 0.762861 0.747889 0.715445 2.3141 16.7621 4.79824 3.72236 6.00244
threshold=2.7350000000000008 0.47500000000000003 -0.048362832084465616 -0.065535378769913874 -0.17647087149565668 -0.51500000000000046 11.050000000000002 26.850000000000005 20.950000000000003 0.56191161272202661 0.60383265664488517 10.750000000000002 998.87963867187511 275.50000000000006 21.900000000000002 16.900000000000002 0.95936279103287792 309.61909484863287 124.50000000000001 0.1318557721318592 5.8500000000000005 69.500000000000014 0.99466373373798567 0.063390085881955341 744.82418823242199 -0.42180583328916638 -0.43733984355855576 21.900000000000002 -0.022576249993022688 0.14250626876356556
decision_type=2 10 2 2 2 2 2 2 2 2 2 2 2 10 10 10 2 2 2 2 2 2 2 2 2 2 2 10 2 2
left_child=1 2 6 4 5 13 7 -1 18 19 -11 -12 14 -3 15 16 20 -18 -9 23 -13 -5 -23 -4 -2 26 -26 -28 -27 -30
right_child=24 3 9 21 -6 -7 -8 8 -10 10 11 12 -14 -15 -16 -17 17 -19 -20 -21 -22 22 -24 -25 25 28 27 -29 29 -31
leaf_value=0.00085817696077661657 -5.0612010789973125e-05 -0.0036568550845385026 -0.0018376742375241402 -0.0050647622669949457 0.0046708073079284422 0.0097547523097411618 -0.0011494020490592563 0.010063278414353524 -0.0010384836668063623 0.0027512210185429344 -0.0020058668862618758 0.0020809242388816897 -0.0038312739175812866 0.0014045877811138222 -0.00013507794160370478 0.0068251554874484456 0.0071000042194197177 -1.8298563166647203e-05 0.0044011426461702478 -0.0067192336803016178 -0.0010227719157156459 -0.0016933604015070024 0.0056983513522789872 0.0060024172240681654 0.00044840873416409054 -0.001366548803948572 0.0037948496761967734 0.0095028997562994471 0.0023110598699931776 9.6662863605708745e-06
leaf_weight=196 263359 192 117 695 54 50 61 61 52 73 661 52 286 86 307 94 52 61 103 436 191 570 51 79 4187 3569 122 83 1480 12888
leaf_count=196 263359 192 117 695 54 50 61 61 52 73 661 52 286 86 307 94 52 61 103 436 191 570 51 79 4187 3569 122 83 1480 12888
internal_value=-2.66662e-05 -0.000676857 -0.000176962 -0.00152533 0.00128272 -0.000121952 0.00303383 0.00398058 0.00680555 -0.00080739 -0.000160384 -0.000422536 0.000656758 -0.00158274 0.00206737 0.00355555 0.00216292 0.00650442 0.00902439 -0.00262658 0.000144032 -0.00234043 -0.00105475 0.00010204 -1.62427e-05 0.000255496 0.00128415 0.0152439 3.6226e-06 0.00036261
internal_weight=290268 4580 2882 1698 382 328 473 412 216 2409 1777 1704 1043 278 757 450 356 113 164 632 243 1316 621 196 285688 22329 4392 205 17937 14368
internal_count=290268 4580 2882 1698 382 328 473 412 216 2409 1777 1704 1043 278 757 450 356 113 164 632 243 1316 621 196 285688 22329 4392 205 17937 14368
is_linear=0
shrinkage=0.05


Tree=275
num_leaves=31
num_cat=0
split_feature=15 24 17 19 3 24 8 23 22 3 24 21 22 0 16 22 22 13 16 5 2 14 2 22 22 13 16 22 22 22
split_gain=0.697661 1.88972 1.22046 1.50322 2.89513 2.04057 1.58296 1.49777 2.67003 4.87218 2.03847 2.37615 1.85419 1.76663 1.76337 1.41999 2.37496 1.44891 1.36852 1.65192 2.47553 2.89838 1.86759 1.75003 2.49515 1.5258 1.36453 1.3171 3.21164 1.27937
threshold=55.500000000000007 -0.65999999999999981 151.50000000000003 17.645000000000003 10.695000000000002 -0.18999999999999997 106.50000000000001 -0.5129677127369543 -0.814291907305839 24.52833333333334 -0.18999999999999997 57.500000000000007 -0.84315017450793706 85.655000000000015 13.350000000000003 -0.73866753694953124 -0.70291267844185523 1.0000000180025095e-35 7.9500000000000011 5.2121428571428572 0.50000000000000033 28.850000000000005 0.39999999999999974 -0.97876850416056738 -0.98214942551678475 24.350000000000005 10.15 0.98213580174693105 0.97112537654464559 -0.63921128368950708
decision_type=2 8 2 2 2 10 2 2 2 2 10 10 2 2 2 2 2 2 2 2 2 2 2 2 2 2 2 2 2 2
left_child=1 -1 27 18 5 -5 7 8 9 -6 -9 -12 -11 -14 -13 -10 26 29 -4 20 21 -20 25 24 -24 -21 -17 28 -3 -18
right_child=-2 2 3 4 6 -7 -8 10 15 12 11 14 13 -15 -16 16 17 -19 19 22 -22 -23 23 -25 -26 -27 -28 -29 -30 -31
leaf_value=-0.0034342038607067305 3.5260821017143514e-06 -0.00073003792593353937 -0.0015136288024348594 0.0068230490382324444 0.023529430240537667 0.0026443470206092162 0.012432174762508684 -0.0037004355552969176 -0.0077421506086422301 -0.00076324495192641633 0.00022798184573441161 0.019291802309662976 0.01020352455422769 0.018754175999729929 0.00027344524660981062 0.012207534958808846 -0.013757243395400291 -0.002397625924534704 0.0071785894103542722 -0.001092213287120845 -2.3130815059456102e-05 0.0018688275015774566 0.0026940282319184009 0.0002867394348570681 0.019587131622302301 0.004001650097485209 0.005296802608205569 -0.0035525684928331934 0.0073887421040906166 0.009112260658306285
leaf_weight=1206 255381 11683 2732 98 57 125 58 1040 302 199 1088 84 85 58 74 96 67 613 85 6205 393 183 565 6331 51 50 97 790 159 313
leaf_count=1206 255381 11683 2732 98 57 125 58 1040 302 199 1088 84 85 58 74 96 67 613 85 6205 393 183 565 6331 51 50 97 790 159 313
internal_value=-2.63217e-05 -0.000236049 -0.000166415 6.67478e-05 0.000882352 0.00643498 0.000589694 0.000475676 0.00151828 0.00515037 -0.000384953 0.000979132 0.00289474 0.00723776 0.00670886 0.000544354 0.00132378 0.00033736 -0.000152155 4.94109e-05 0.00248865 0.00619403 -7.27174e-05 0.000491578 0.00303571 -0.000699442 0.00639896 -0.000554941 -0.000423072 0.00276316
internal_weight=290268 34887 33681 21049 4454 223 4231 4173 1887 399 2286 1246 342 143 158 1488 1186 993 16595 13863 661 268 13202 6947 616 6255 193 12632 11842 380
internal_count=290268 34887 33681 21049 4454 223 4231 4173 1887 399 2286 1246 342 143 158 1488 1186 993 16595 13863 661 268 13202 6947 616 6255 193 12632 11842 380
is_linear=0
shrinkage=0.05


Tree=276
num_leaves=31
num_cat=0
split_feature=13 15 13 14 15 5 21 2 9 16 24 20 14 9 16 16 16 24 18 24 20 21 2 1 21 3 20 20 9 5
split_gain=0.654273 1.81523 2.43865 2.14309 2.56118 1.47557 1.55324 1.30405 1.26722 1.92543 1.71192 1.65899 2.00522 1.90235 3.65604 2.04297 2.60651 1.60223 1.67322 1.58809 1.51779 4.47342 2.68268 1.49106 1.32214 1.23181 1.21889 2.06619 3.85819 1.76914
threshold=21.550000000000004 82.500000000000014 1.8500000000000003 28.850000000000005 84.500000000000014 4.6378571428571442 12.500000000000002 1.7899999999999998 417.44560241699224 4.2500000000000009 1.3150000000000002 125.30000000000003 23.850000000000005 673.84381103515636 6.7500000000000009 4.8500000000000005 5.5500000000000007 -0.27499999999999997 5.0550000000000006 1.9550000000000003 266.10000000000008 30.600000000000005 -1.5299999999999994 14.475000000000003 12.500000000000002 8.7250000000000032 183.20000000000002 169.30000000000004 806.39907836914074 9.5135714285714332
decision_type=2 2 2 2 2 2 8 2 2 2 10 10 2 2 2 2 2 8 2 10 10 10 2 2 10 2 10 10 2 2
left_child=1 -1 -3 8 25 6 7 -2 17 -10 11 13 -13 14 15 -11 -17 23 19 -19 24 22 -22 -4 -14 -5 27 -26 29 -29
right_child=5 2 3 4 -6 -7 -8 -9 9 10 -12 12 20 -15 -16 16 -18 18 -20 -21 21 -23 -24 -25 26 -27 -28 28 -30 -31
leaf_value=-2.7781781503760547e-05 0.0025737631109418037 0.0094988034780295518 -0.0030354684888310424 0.0036210036580478291 0.0099624748153911806 -0.00014337849641810088 -0.0019646408341594448 -0.0050696882588902774 -0.006849536955640727 0.0031623666395652252 -0.0018574702339530496 -0.0075655887956326776 -0.0024571468037510435 0.0011863076790071974 0.0012967929149754027 0.0063723631163223621 0.0067123566532505674 0.0018751531688460518 -8.8408103023725399e-05 0.0075273885715331258 0.0037066153242524915 0.00075342479611610472 0.0072043910913877993 0.0042119219564089568 0.00064706915259543293 -0.0047544332143967675 -0.00010282729494211275 0.0078702958464277432 -0.0010511167439386225 0.0090018586740529209
leaf_weight=244537 416 90 1218 100 52 33831 2386 71 154 61 380 144 369 474 164 54 87 641 2586 62 73 330 71 111 679 67 779 114 117 50
leaf_count=244537 416 90 1218 100 52 33831 2386 71 154 61 380 144 369 474 164 54 87 641 2586 62 73 330 71 111 679 67 779 114 117 50
internal_value=-2.52882e-05 3.27214e-06 0.000699567 0.000617096 0.00550228 -0.000222593 -0.00131048 0.00126283 0.000494378 0.00113415 0.0013482 0.00168816 0.00108951 0.00363095 0.0063388 0.0108416 0.0141489 -7.36261e-05 0.000518393 0.00268136 0.00140976 0.00396624 0.0113194 -0.00153875 0.000834913 0.00248503 0.00141173 0.00260417 0.00620996 0.0111585
internal_weight=290268 253564 9027 8937 219 36704 2873 487 8718 4100 3946 3566 2726 840 366 202 141 4618 3289 703 2582 474 144 1329 2108 167 1739 960 281 164
internal_count=290268 253564 9027 8937 219 36704 2873 487 8718 4100 3946 3566 2726 840 366 202 141 4618 3289 703 2582 474 144 1329 2108 167 1739 960 281 164
is_linear=0
shrinkage=0.05


Tree=277
num_leaves=31
num_cat=0
split_feature=14 5 24 14 0 1 24 20 9 21 16 24 13 21 24 9 9 24 20 21 20 19 14 24 0 4 16 2 9 24
split_gain=0.652526 0.712895 2.35019 2.60924 2.02612 1.92159 2.20163 1.82779 1.72984 1.66915 1.50953 2.12698 1.50354 1.48743 3.79581 1.44235 1.97806 1.46837 1.96375 1.46329 1.76518 1.43896 1.71945 1.70606 1.44867 1.40765 1.97612 1.18054 1.25158 1.16554
threshold=34.550000000000004 14.056428571428572 -0.27499999999999997 25.850000000000005 9.6050000000000022 15.065000000000003 0.24500000000000002 258.2000000000001 695.77572631835949 30.600000000000005 4.7500000000000009 0.24500000000000002 15.550000000000002 16.900000000000002 1.0000000180025095e-35 227.55454254150393 64.925708770751967 -0.40499999999999997 356.10000000000008 62.500000000000007 459.90000000000003 18.675000000000004 29.850000000000005 -0.029999999999999995 12.375000000000002 12.835000000000003 10.250000000000002 -8.9349999999999969 42.891584396362312 0.89500000000000013
decision_type=2 2 8 2 2 2 8 10 2 10 2 10 2 8 10 2 2 10 10 10 10 2 2 8 2 2 2 2 2 10
left_child=1 5 3 7 -5 21 -7 -3 10 12 11 -4 -6 14 -10 16 -11 18 -18 -20 -21 -1 24 -24 -23 26 -25 -14 -29 -12
right_child=-2 2 8 4 9 6 -8 -9 13 15 29 -13 27 -15 -16 -17 17 -19 19 20 -22 22 23 25 -26 -27 -28 28 -30 -31
leaf_value=-4.7940941947600843e-05 -0.0019259542157039145 0.010368964949824424 0.00077294958234063577 -0.0035060683233692626 4.7894805032881414e-05 -0.0019126787586883518 0.00031763465502446367 0.0015174589954264203 0.0014542282670946859 0.0010507624010738486 -0.00070359481622825424 0.0087308704423127333 -0.0017703915908224819 0.00061535968802454305 0.00669020506687012 0.00049579898399639206 0.005732467898667019 0.011377116229544116 -0.0014794776699069481 0.010183481943547649 -0.0015173801300473687 0.00081534257459795411 0.00076523885875169259 0.0089755086263647796 -0.0023744820704977429 0.0027461759675979887 0.0014971329489716807 0.0050957647535886733 0.0022084895194427845 0.00050831868479275636
leaf_weight=237360 1206 124 119 566 3832 5433 2961 103 159 716 18199 53 129 453 87 707 294 147 210 65 66 1236 1801 275 721 1022 164 119 795 11146
leaf_count=237360 1206 124 119 566 3832 5433 2961 103 159 716 18199 53 129 453 87 707 294 147 210 65 66 1236 1801 275 721 1022 164 119 795 11146
internal_value=-2.51159e-05 -2.02737e-05 0.000181285 0.000950716 0.000793878 -5.08632e-05 -0.000794616 0.00623348 -1.91963e-05 0.00102401 -7.74142e-05 0.00459302 0.000507691 0.0024392 0.0055691 0.00216553 0.00304406 0.00478261 0.00374016 0.00115836 0.00530534 -2.5127e-05 0.000796128 0.00149908 -0.000375576 0.00276865 0.00513667 0.00219079 0.00282276 -0.000104789
internal_weight=290268 289062 38089 7873 7646 250973 8394 227 30216 7080 29517 172 4875 699 246 2205 1498 782 635 341 131 242579 5219 3262 1957 1461 439 1043 914 29345
internal_count=290268 289062 38089 7873 7646 250973 8394 227 30216 7080 29517 172 4875 699 246 2205 1498 782 635 341 131 242579 5219 3262 1957 1461 439 1043 914 29345
is_linear=0
shrinkage=0.05


Tree=278
num_leaves=31
num_cat=0
split_feature=0 18 24 23 22 22 1 13 20 19 1 24 24 22 23 22 1 0 9 5 22 9 23 9 22 3 22 23 5 20
split_gain=0.64385 0.962179 0.816897 1.61135 1.24877 1.61268 1.11549 1.02825 0.962428 0.736988 2.23856 2.12129 4.05819 6.98983 4.13679 8.36984 4.00995 4.86161 3.96152 4.63781 3.80362 4.3875 4.00658 6.46407 2.85162 2.89044 2.46933 4.02888 4.78089 2.44869
threshold=2.7350000000000008 6.0050000000000008 0.69500000000000006 -0.048362832084465616 -0.065535378769913874 -0.17647087149565668 2.7550000000000003 4.0500000000000007 275.50000000000006 9.8750000000000018 9.7550000000000008 0.24500000000000002 -0.089999999999999983 0.81428061195174062 -0.93543596745397617 -0.28519255817492867 12.475000000000003 16.945000000000004 101.70951461791994 10.565000000000001 0.97696484778429815 67.836196899414077 -0.099822328936730861 154.91580200195315 -0.99866806308218525 12.101666666666668 -0.27694604220087021 -0.91595872546125101 18.457142857142859 429.10000000000008
decision_type=2 2 10 2 2 2 2 2 10 2 2 10 10 2 2 2 2 2 2 2 2 2 2 2 2 2 2 2 2 10
left_child=1 2 3 6 5 8 -1 -5 -4 -2 -11 12 13 14 15 16 -12 -18 19 -15 21 26 23 -22 -23 -26 27 28 -13 -16
right_child=9 -3 4 7 -6 -7 -8 -9 -10 10 11 20 -14 18 29 -17 17 -19 -20 -21 22 24 -24 -25 25 -27 -28 -29 -30 -31
leaf_value=0.0077301116375767219 4.8526079581227488e-05 0.0061662386954480855 -0.0027815436252253984 -0.0037997567154842969 -0.0036449699506666345 0.004440876774599505 0.0012364584570700825 -0.00016179164893484019 0.0024225186015635887 0.00018319268603803919 0.0038099751730186968 0.0057554522904246473 -0.0021208781189585809 0.0080172073932022296 -0.00021851979512185185 -0.0007173791369654214 0.011988313182112728 0.0093636668733950018 0.0018927636481145642 0.018468664045312895 0.005582273457787678 0.0041910401572900231 0.00057918786100811311 0.01135099374322799 -4.3399986829244459e-06 -0.0035343020132519013 -0.00079034844714671285 0.0012758900689570224 0.014300625946659063 -0.0020640111969297027
leaf_weight=63 191602 82 212 365 1199 54 483 2015 107 36501 119 427 8476 83 18678 623 112 112 203 56 277 418 526 106 2813 4318 3717 7401 213 8907
leaf_count=63 191602 82 212 365 1199 54 483 2015 107 36501 119 427 8476 83 18678 623 112 112 203 56 277 418 526 106 2813 4318 3717 7401 213 8907
internal_value=-2.32211e-05 -0.000611355 -0.000709205 -0.000215312 -0.0016285 0.000898122 0.00223443 -0.000777312 -0.000454547 -1.37925e-05 -0.000128394 -0.000322568 -0.000545774 -0.00026356 -0.000348675 0.00286749 0.00913994 0.0130804 0.0068421 0.0133453 9.00265e-05 -5.87882e-05 0.00325082 0.00714099 -0.000999471 -0.00123475 0.00054516 0.00103781 0.00484375 -0.000461303
internal_weight=290268 4580 4498 2926 1572 373 546 2380 319 285688 94086 57585 37369 28893 28551 966 343 224 342 139 20216 19307 909 383 7549 7131 11758 8041 640 27585
internal_count=290268 4580 4498 2926 1572 373 546 2380 319 285688 94086 57585 37369 28893 28551 966 343 224 342 139 20216 19307 909 383 7549 7131 11758 8041 640 27585
is_linear=0
shrinkage=0.05


Tree=279
num_leaves=31
num_cat=0
split_feature=0 14 19 1 0 5 4 24 22 23 24 24 0 13 22 23 17 5 18 17 19 3 23 24 4 23 24 18 22 17
split_gain=0.639332 0.762261 0.730496 2.18214 2.08919 2.77112 2.40698 1.99939 1.92083 2.42805 1.91301 2.1568 2.00212 1.91888 1.95467 1.9025 3.22623 2.01886 1.89478 2.61001 1.86731 1.79124 1.69059 3.27733 3.30822 2.16275 6.89013 4.03502 3.77711 8.38898
threshold=2.7350000000000008 31.350000000000005 9.8750000000000018 9.7550000000000008 10.005000000000001 8.4964285714285754 23.345000000000002 -0.49499999999999994 0.24372619187392155 -0.87810534180523914 0.05000000000000001 -0.58499999999999985 11.525 0.75000000000000011 0.43733377705052551 -0.82413948779581736 60.500000000000007 16.963571428571431 7.7950000000000008 126.50000000000001 17.975000000000005 8.0016666666666705 -0.99628250747696534 1.3800000000000001 14.245000000000003 -0.98212955754013376 1.7100000000000002 8.2750000000000004 0.12545942051955489 92.500000000000014
decision_type=2 2 2 2 2 2 2 8 2 2 10 8 2 2 2 2 2 2 2 2 2 2 2 10 2 2 10 2 2 2
left_child=1 -1 4 7 6 -6 22 -4 21 -10 11 12 -7 14 -12 16 -11 -18 19 -15 -9 -5 23 -2 -25 26 28 -28 -24 -30
right_child=2 -3 3 8 5 10 -8 20 9 15 13 -13 -14 18 -16 -17 17 -19 -20 -21 -22 -23 25 24 -26 -27 27 -29 29 -31
leaf_value=-0.00033919627634577276 -0.0020890161063842347 -0.0036246967238197677 -0.00089633069361617175 0.0051937986050385456 -0.00092852861398906811 0.0015508026492111631 -0.0034507597150496856 0.00021268436872057809 -0.0038660927252705474 0.0069090298682644618 -0.0025147998057187906 0.0015907565825098583 -0.0013444125428050636 0.0038169197652074219 0.0013171856280055356 -0.0010733624055972064 -0.00022811268779790534 0.016025131112033776 6.4231081565638604e-05 0.00020132004970194783 0.0017848357015959556 -0.00026432006771010989 -0.00026924597605806959 0.00079615967765005256 0.0054482067113578387 -2.530022476429744e-05 0.0092283139788902832 0.001738898101082562 0.0073964224414009077 0.0008619374338943238
leaf_weight=4291 3468 289 5455 131 4710 1027 2018 28486 1357 81 2257 14629 1863 1020 630 12582 851 79 8189 1172 2560 42504 2996 906 75 145023 62 71 220 1266
leaf_count=4291 3468 289 5455 131 4710 1027 2018 28486 1357 81 2257 14629 1863 1020 630 12582 851 79 8189 1172 2560 42504 2996 906 75 145023 62 71 220 1266
internal_value=-2.52882e-05 -0.000611355 -1.58927e-05 -0.000129989 4.01341e-05 0.000386369 -3.8597e-05 0.00017246 -0.0003217 -0.000809366 0.000559163 0.000902162 -0.000346022 0.00010627 -0.00103395 -0.000608035 0.00147873 0.00064516 0.000423368 0.00172901 0.000327577 -0.000150699 -1.61284e-05 -0.000976625 0.00157492 1.24288e-05 0.00107801 0.0122932 0.000745202 0.00280619
internal_weight=290268 4580 285688 94086 191602 35497 156105 36501 57585 14950 30787 17519 2890 13268 2887 13593 1011 930 10381 2192 31046 42635 154087 4449 981 149638 4615 133 4482 1486
internal_count=290268 4580 285688 94086 191602 35497 156105 36501 57585 14950 30787 17519 2890 13268 2887 13593 1011 930 10381 2192 31046 42635 154087 4449 981 149638 4615 133 4482 1486
is_linear=0
shrinkage=0.05


Tree=280
num_leaves=31
num_cat=0
split_feature=5 22 22 22 17 22 22 20 13 9 0 3 13 1 5 5 14 19 9 1 9 22 22 22 1 19 22 16 13 22
split_gain=0.665106 2.04201 4.50008 3.58715 3.03779 2.3908 10.4923 10.6894 5.28622 4.96696 6.07083 3.2104 3.08997 3.58115 2.93053 2.37743 2.33334 2.4688 2.44961 3.79859 2.29377 2.22722 2.93436 2.43236 2.35552 2.88473 2.40963 2.37794 2.23274 2.18808
threshold=6.1607142857142874 -0.95244167294248061 -0.78326540922535159 -0.814291907305839 292.50000000000006 0.90892735371523092 0.92273069556937592 1.0000000180025095e-35 3.4500000000000006 483.01396179199224 4.5050000000000008 4.9883333333333351 10.250000000000002 4.9650000000000007 4.0078571428571452 5.0857142857142863 30.950000000000003 7.2750000000000012 97.133220672607436 4.8150000000000004 38.461023330688484 0.70290292807158605 0.52766072109828632 0.3744682635859638 5.0050000000000008 4.6450000000000005 0.61237135649459018 14.15 3.5500000000000003 -0.79384350655589164
decision_type=2 2 2 2 2 2 2 10 2 2 2 2 2 2 2 2 2 2 2 2 2 2 2 2 2 2 2 2 2 2
left_child=1 20 3 16 15 21 7 8 -7 10 14 -8 -12 -14 -10 29 -3 18 -18 -20 -1 22 23 -4 27 26 -26 -24 -29 -5
right_child=-2 2 5 4 -6 6 11 -9 9 -11 12 -13 13 -15 -16 -17 17 -19 19 -21 -22 -23 24 -25 25 -27 -28 28 -30 -31
leaf_value=0.0028876599386273051 1.6018802801783087e-05 0.0002770740091835756 -0.00017705387147880312 0.009295997156695799 -0.0041365599576608835 -0.002543109221062918 -0.0013025795247231361 -0.0025728999751835524 0.01158313234465809 0.0014438197985495137 0.0027700932966482818 0.0011377023297105577 0.0061930751800529683 0.013891921156306268 0.0090415535408104649 0.0033011281673175556 0.00050012410515496342 -0.00048104364666173887 0.0023389576781972844 0.013396457402479984 -0.0019809470770355653 -0.0014473038013311987 0.0014726988313847943 -0.0021415479626915031 0.0048662018312886834 -0.0011043140020908144 -0.00069737243506802959 0.0033209130206438842 0.0080351469912593419 0.0022737683621607725
leaf_weight=256 227677 3334 26473 145 110 70 3581 269 52 107 64 4233 59 62 74 302 154 220 119 146 4255 9184 2511 3680 334 2254 311 63 76 93
leaf_count=256 227677 3334 26473 145 110 70 3581 269 52 107 64 4233 59 62 74 302 154 220 119 146 4255 9184 2511 3680 334 2254 311 63 76 93
internal_value=-2.90778e-05 -0.000173429 -9.38373e-05 0.00140277 0.00484615 -0.000223265 0.000541943 0.00616248 0.0105738 0.0127033 0.0159003 -2.5607e-06 0.0101351 0.0148347 0.0243651 0.00638889 0.000839415 0.0036072 0.00585919 0.00877358 -0.00119818 -0.000369381 -0.000190747 -0.000385203 0.000865921 -0.000119008 0.00282946 0.0019434 0.00830935 0.010126
internal_weight=290268 62591 58080 4623 650 53457 8571 757 488 418 311 7814 185 121 126 540 3973 639 419 265 4511 44886 35702 30153 5549 2899 645 2650 139 238
internal_count=290268 62591 58080 4623 650 53457 8571 757 488 418 311 7814 185 121 126 540 3973 639 419 265 4511 44886 35702 30153 5549 2899 645 2650 139 238
is_linear=0
shrinkage=0.05


Tree=281
num_leaves=31
num_cat=0
split_feature=5 23 22 22 23 0 22 22 24 9 21 22 22 23 24 14 19 9 9 21 24 23 22 22 18 14 14 22 22 20
split_gain=0.708819 2.22883 2.08635 3.12596 3.61403 4.4584 4.10565 3.74663 5.77463 2.93371 2.89793 2.73665 4.49833 3.14631 5.78104 6.76486 3.3999 3.20989 3.28556 2.83566 3.41778 6.77915 2.73661 5.66279 3.38348 2.71075 2.66307 2.58743 12.2147 8.18703
threshold=6.1607142857142874 -0.99761278905001471 -0.96235977360714686 -0.71504373327588355 0.65720762023595369 4.2350000000000012 -0.78326540922535159 -0.814291907305839 -0.65999999999999981 251.68961334228518 107.50000000000001 -0.43733984355855576 -0.15101209918632377 0.91852788691372023 -0.60499999999999987 29.850000000000005 5.3550000000000013 452.44052124023443 151.7052917480469 12.500000000000002 1.7100000000000002 -0.99273797715557011 -0.79384350655589164 -0.8041866928211282 4.8250000000000011 26.250000000000004 30.950000000000003 0.90892735371523092 0.92273069556937592 479.7000000000001
decision_type=2 2 2 2 2 2 2 2 10 2 10 2 2 2 10 2 2 2 2 8 10 2 2 2 2 2 2 2 2 8
left_child=1 -1 -3 4 6 -6 7 10 22 -7 26 -5 13 14 15 17 -16 18 -13 20 -14 -22 23 -9 -25 -18 -4 -21 29 -29
right_child=-2 2 3 11 5 9 -8 8 -10 -11 -12 12 19 -15 16 -17 25 -19 -20 27 21 -23 -24 24 -26 -27 -28 28 -30 -31
leaf_value=-0.0038290916798999078 1.5217862661683183e-05 -0.0017536085200069815 -9.6550553811918405e-05 -0.0015341603024449913 -0.00011650336451886261 0.0060957878550372711 -0.0042974361902842718 0.0016774823958319786 0.00011481078187530435 0.010998725563163609 0.0084288828491853179 0.0058427280401381022 0.000550382827937285 0.00033442052131776461 -0.0010008039221746329 -0.0023818812768317994 0.0058281034013228337 0.01292027465279417 0.0018888420135613868 -0.00075725171030877579 0.0080541354488622048 -0.0033400158438056946 0.0026399495447873202 0.010814151514550174 0.007219040411485478 0.001618262841813921 0.0051170422290589936 -0.0023660219843143798 -0.00035343663612770129 0.0080567793125615305
leaf_weight=868 227677 3768 3892 5473 344 314 946 90 336 106 95 60 7027 4115 614 92 206 50 110 25213 60 57 118 55 51 758 729 197 6350 497
leaf_count=868 227677 3768 3892 5473 344 314 946 90 336 106 95 60 7027 4115 614 92 206 50 110 25213 60 57 118 55 51 758 729 197 6350 497
internal_value=-3.08003e-05 -0.000179819 -0.000144437 -7.03144e-05 0.000914357 0.0041623 0.000521228 0.00105665 0.00461538 0.00761905 0.000566157 -0.000207258 -7.99466e-05 0.00119484 0.0028836 0.00910256 0.00165399 0.0138636 0.0105882 -0.000274233 0.000627098 0.00910256 0.00949044 0.0131122 0.0209434 0.00350622 0.000388443 -0.000473852 0.000373366 0.00667147
internal_weight=290268 62591 61723 57955 7076 764 6312 5366 650 420 4716 50879 45406 6005 1890 312 1578 220 170 39401 7144 117 314 196 106 964 4621 32257 7044 694
internal_count=290268 62591 61723 57955 7076 764 6312 5366 650 420 4716 50879 45406 6005 1890 312 1578 220 170 39401 7144 117 314 196 106 964 4621 32257 7044 694
is_linear=0
shrinkage=0.05


Tree=282
num_leaves=31
num_cat=0
split_feature=22 22 22 23 20 22 13 24 24 21 23 22 24 22 19 13 22 22 13 22 16 15 0 9 16 14 22 23 23 22
split_gain=0.649066 11.0928 5.45699 10.026 6.00367 11.5726 5.4881 5.1458 6.25881 5.95015 5.50197 5.22187 19.0387 7.42694 8.28504 6.02908 5.31592 4.95699 4.55849 4.13672 3.90014 4.58723 3.60512 4.04269 4.25995 4.33816 3.54569 3.41408 9.02712 5.17787
threshold=0.61237135649459018 0.52766072109828632 0.34235194516023087 -0.92272482904738262 238.15000000000001 0.43733377705052551 8.4500000000000011 -0.24999999999999997 -0.064999999999999988 202.50000000000003 0.68274389090025245 0.79904096188274243 -0.22499999999999995 0.67802080537253961 8.7750000000000004 2.2500000000000004 0.84313847884979054 0.83849049182116964 6.2500000000000009 0.63920241694561786 6.7500000000000009 77.500000000000014 4.6550000000000011 442.93069458007818 13.450000000000001 29.250000000000004 0.62587949062545845 -0.6523320455745395 -0.52034141052533245 0.72695311118111527
decision_type=2 2 2 2 10 2 2 10 10 10 2 2 8 2 2 2 2 2 2 2 2 2 2 2 2 2 2 2 2 2
left_child=1 2 -1 -4 5 6 -5 17 9 11 19 13 -13 14 18 -14 20 26 -9 -10 -17 22 -22 24 25 -24 -2 29 -29 -21
right_child=7 -3 3 4 -6 -7 -8 8 10 -11 -12 12 15 -15 -16 16 -18 -19 -20 27 21 -23 23 -25 -26 -27 -28 28 -30 -31
leaf_value=2.980865652960644e-05 0.0026890784367781697 0.0017354563455398945 -0.0073225114135322721 0.0042863125327046317 -0.0019714988275006525 -0.0015301851729749689 0.0013611975570157373 0.0050561724757274187 -0.0040145369786981789 0.0071428509564693031 -0.0047794718678546722 -0.0018663768929591926 0.0017668738609224321 -0.0015353499529544784 0.00019200745908181475 0.00049228493311575562 -0.0012354300141540918 0.0023026449155817488 0.0021530442106418258 7.4587831322990613e-05 0.0074188461846865592 0.0086751009030798937 0.0078016981966109664 0.0015821859555046566 0.01407275823395125 0.0032082641993631394 -0.006022327193058113 -0.0026836986824640197 2.8719116636685357e-05 0.0027255379235466472
leaf_weight=177804 198 9504 2376 1310 8973 4475 1874 525 1584 93 1782 1188 365 3960 1105 82 83 396 270 5544 107 84 85 133 79 157 3564 7128 53064 2376
leaf_count=177804 198 9504 2376 1310 8973 4475 1874 525 1584 93 1782 1188 365 3960 1105 82 83 396 270 5544 107 84 85 133 79 157 3564 7128 53064 2376
internal_value=-2.94223e-05 1.82717e-05 -6.22941e-05 -0.000867531 -0.000433503 0.000594724 0.00289887 -0.000146633 -5.72737e-05 0.00124098 -0.000208317 0.00109875 0.00308294 0.000298634 0.00286842 0.00759574 0.01 -0.00186147 0.00676101 -0.000138173 0.0113686 0.0126744 0.0110428 0.00909692 0.012134 0.00884297 -0.00242159 -7.94292e-05 -0.000207836 0.000896463
internal_weight=290268 206316 196812 19008 16632 7659 3184 83952 79794 8316 71478 8223 2363 5860 1900 1175 810 4158 795 69696 727 645 561 454 321 242 3762 68112 60192 7920
internal_count=290268 206316 196812 19008 16632 7659 3184 83952 79794 8316 71478 8223 2363 5860 1900 1175 810 4158 795 69696 727 645 561 454 321 242 3762 68112 60192 7920
is_linear=0
shrinkage=0.05


Tree=283
num_leaves=31
num_cat=0
split_feature=17 17 3 20 23 22 22 22 13 3 20 24 23 22 22 16 13 22 22 5 9 22 23 3 23 9 22 22 23 19
split_gain=0.685896 2.07124 2.22699 2.95294 4.82794 2.66505 2.43956 3.34455 4.47253 5.47578 3.81829 2.2258 3.51153 3.90982 4.24103 3.88242 2.98631 2.86846 3.93438 2.63989 3.55389 2.42096 2.24961 2.75859 2.24758 2.07025 3.92657 3.76685 2.92228 2.09169
threshold=269.50000000000006 214.50000000000003 11.618333333333334 163.00000000000003 -0.90161545992537195 0.40614137006726808 -0.35846811432664222 -0.40614700388750385 4.8500000000000005 7.371666666666667 352.55000000000007 1.7100000000000002 0.9863035000474919 -0.2102246306142678 -0.065535378769913874 9.3500000000000032 9.1500000000000004 0.49812943072827093 0.34235194516023087 5.5721428571428566 98.285961151123061 -0.14250824554987665 -0.95242240592625282 5.4883333333333342 -0.36648370705903521 744.82418823242199 -0.43733984355855576 -0.50556189049999822 0.83730377313544024 10.835000000000003
decision_type=2 2 2 10 2 2 2 2 2 2 10 10 2 2 2 2 2 2 2 2 2 2 2 2 2 2 2 2 2 2
left_child=1 -1 3 4 5 -3 7 25 9 10 -9 17 13 -13 15 16 -15 18 21 20 -19 22 -8 -24 -22 27 -27 28 -5 -30
right_child=-2 2 -4 6 -6 -7 11 8 -10 -11 -12 12 -14 14 -16 -17 -18 19 -20 -21 24 -23 23 -25 -26 26 -28 -29 29 -31
leaf_value=-7.9255612845892821e-05 -0.00018169591287778064 0.0012146287505861554 -0.00047127763523512837 0.00094853867242990263 -0.001682152440232198 0.010535972001512871 0.00094225677517729652 0.01225169810517578 0.0016626942909156442 0.0014588242339182321 0.0048647955428341621 0.00010720118558428746 -0.006946945752246924 0.0050541393082822114 -0.0068452579681178016 0.0040573792677709476 0.0081169621726902442 0.0043803152653347039 -0.0037103691817512358 0.00071255413333451065 -0.00078779706204673875 0.00065035028890359729 0.0013570602428083093 -0.0041131713483516684 0.0032083400060094005 0.0019913308429774959 0.0039225234689774383 -0.0039476454809101022 0.0030666443295567394 0.0084214710066684503
leaf_weight=169343 70597 769 10144 11117 4075 50 881 64 647 117 70 354 190 87 76 161 73 104 1840 8047 405 5905 470 1529 692 942 92 942 403 82
leaf_count=169343 70597 769 10144 11117 4075 50 881 64 647 117 70 354 190 87 76 161 73 104 1840 8047 405 5905 470 1529 692 942 92 942 403 82
internal_value=-2.9939e-05 1.36328e-05 0.000295262 0.000462372 -0.000688599 0.00281441 0.000621988 0.00112047 0.00407572 0.00974103 0.0166418 0.000275294 0.00265143 0.00418775 0.00759446 0.010109 0.015625 0.000162782 -0.000397648 0.00080666 0.00299334 4.26852e-05 -0.00114583 -0.00207354 0.00215588 0.000925025 0.00307543 0.000747767 0.000994655 0.00479381
internal_weight=290268 219671 50328 40184 4894 819 35290 14476 898 251 134 20814 941 751 397 321 160 19873 10625 9248 1201 8785 2880 1999 1097 13578 1034 12544 11602 485
internal_count=290268 219671 50328 40184 4894 819 35290 14476 898 251 134 20814 941 751 397 321 160 19873 10625 9248 1201 8785 2880 1999 1097 13578 1034 12544 11602 485
is_linear=0
shrinkage=0.05


Tree=284
num_leaves=31
num_cat=0
split_feature=5 23 22 22 22 24 13 21 22 13 22 24 23 14 9 2 13 21 21 15 22 22 22 24 22 17 16 13 2 23
split_gain=0.727416 2.02669 1.84266 3.2912 2.90664 5.02096 3.15482 2.52973 2.64222 2.59371 2.50288 2.0782 2.076 2.07128 3.61726 2.00536 1.98604 2.05627 1.95652 2.28556 3.25881 4.62311 6.2398 3.17188 5.18443 2.5286 2.58117 2.1861 2.07138 2.01501
threshold=6.1607142857142874 -0.99761278905001471 -0.95244167294248061 -0.78326540922535159 -0.814291907305839 -0.65999999999999981 14.250000000000002 107.50000000000001 -0.92274349529687905 0.25000000000000006 -0.90893996196865023 -0.77999999999999992 0.57605713708605399 31.050000000000004 170.40092468261722 -0.41999999999999976 18.250000000000004 21.900000000000002 12.500000000000002 73.500000000000014 -0.13398594226331254 0.91248814248966237 0.93237596376505805 1.9550000000000003 -0.32614396506100213 159.50000000000003 8.7500000000000018 15.850000000000003 -1.2849999999999999 0.99988440732898443
decision_type=2 2 2 2 2 10 2 10 2 2 2 8 2 2 2 2 2 10 8 2 2 2 2 10 2 2 2 2 2 2
left_child=1 -1 -3 4 7 6 15 8 9 -4 -10 16 -7 -12 -15 -6 -5 -18 -13 29 23 -22 25 -21 -25 26 27 -23 -26 -20
right_child=-2 2 3 11 5 12 -8 -9 10 -11 13 18 -14 14 -16 -17 17 -19 19 20 21 22 -24 24 28 -27 -28 -29 -30 -31
leaf_value=-0.0036336282494652452 1.2688942041893477e-05 -0.001408261165046153 0.0089357270439843085 -0.0029885359320613349 0.0043164524763874617 0.0025376944112646413 0.0029008590390520103 0.0089375659300947197 -0.0046391825747214366 0.0014304963012876067 -0.00035012628422176502 0.00057385543408653263 -0.016705446366746684 0.00026129066339146797 0.014420017439026548 0.010089223947223084 -0.0016486297244421009 0.0039403024834932321 -0.00052872811209553631 0.0045205786805795189 -0.00068360166403330007 0.0052809131650510179 0.00077349621696551644 -0.0032246261079039232 0.007444937838990408 0.0046032741349443379 0.0058238317738560259 0.0080276176409828492 0.0031424607559115006 0.0035360365135057117
leaf_weight=868 227677 4511 61 1476 53 176 165 84 498 1501 1504 9817 160 228 97 96 264 131 30126 1358 6891 59 1388 485 51 147 94 53 98 151
leaf_count=868 227677 4511 61 1476 53 176 165 84 498 1501 1504 9817 160 228 97 96 264 131 30126 1358 6891 59 1388 485 51 147 94 53 98 151
internal_value=-3.04558e-05 -0.000181417 -0.000147677 -7.09653e-05 0.00120809 0.00430769 0.0088535 0.00070098 0.000515556 0.00210627 -0.000552214 -0.000183405 5.95226e-05 0.000303443 0.00392308 0.0141275 -0.00181988 0.00132911 -0.000123034 -0.000275178 0.000355797 -6.48761e-05 0.00223722 0.00217871 -0.000741326 0.0081728 0.0117476 0.016875 0.00741611 -0.000496583
internal_weight=290268 62591 61723 57212 4623 650 314 3973 3889 1562 2327 52589 336 1829 325 149 1871 395 50718 40901 10624 8632 1741 1992 634 353 206 112 149 30277
internal_count=290268 62591 61723 57212 4623 650 314 3973 3889 1562 2327 52589 336 1829 325 149 1871 395 50718 40901 10624 8632 1741 1992 634 353 206 112 149 30277
is_linear=0
shrinkage=0.05


Tree=285
num_leaves=31
num_cat=0
split_feature=9 2 22 22 18 18 19 4 17 4 23 23 23 19 4 15 23 23 22 9 23 1 21 9 22 22 2 22 3 0
split_gain=0.701154 2.73792 2.45789 3.49615 3.49355 3.47466 3.70802 3.47002 3.09062 2.38028 2.36813 4.08159 2.66455 3.55091 3.33518 2.68922 2.34891 3.43848 12.5854 17.6671 4.39442 4.31141 3.69006 2.19686 1.8507 8.65295 2.94961 2.85461 4.98421 1.83804
threshold=200.50074768066409 4.2600000000000113 -0.99866806308218525 -0.99467753128998015 3.3250000000000006 8.0350000000000019 3.4850000000000008 17.905000000000005 179.50000000000003 11.535000000000002 0.9989598388634241 0.98332250088165762 0.99611390731392835 4.2350000000000012 30.225000000000005 66.500000000000014 -0.99273797715557011 -0.6652727025667432 0.73865729060996177 359.44091796875006 -0.45273527932988084 7.3950000000000005 427.50000000000006 127.29896545410158 -0.39826117949089107 -0.35041564478062465 -0.019999999999999903 -0.63921128368950708 5.161666666666668 4.1750000000000007
decision_type=2 2 2 2 2 2 2 2 2 2 2 2 2 2 2 2 2 2 2 2 2 2 8 2 2 2 2 2 2 2
left_child=10 2 -2 4 -4 6 -6 8 9 -7 11 -1 13 15 -15 -13 -5 18 24 21 22 -20 29 -17 27 26 -26 28 -18 -19
right_child=1 -3 3 16 5 7 -8 -9 -10 -11 -12 12 -14 14 -16 23 17 20 19 -21 -22 -23 -24 -25 25 -27 -28 -29 -30 -31
leaf_value=1.4442371869358945e-05 -0.0044959336234395991 -0.0015197078649581358 0.0076666158715955474 -0.0013734675766906991 0.0093461235834236215 0.0091738288544918108 -0.0019371189859689313 -0.0022358318688954315 0.0044464281688029001 0.019766707226544524 -0.0022100872417374798 0.0013827637720134718 -0.00015689307497840406 0.0018418950725102576 0.013059006535819552 0.0060066188402928752 0.011920307056116965 0.0015328707907926384 -0.010046107395302581 0.0079190812464202363 -6.1611659269172067e-05 0.0096150149498412454 -0.0046656694850589755 0.0080737784393294845 0.012550855205358905 0.00046560720090615233 0.0057168067931793352 -0.003726101458927749 4.5454461756272266e-05 -0.0015400494779223655
leaf_weight=171457 1208 6353 93 3638 52 56 490 97 76 66 1906 102 1560 2525 51 62 52 537 93 80 78249 51 1436 67 100 14226 153 913 660 3859
leaf_count=171457 1208 6353 93 3638 52 56 490 97 76 66 1906 102 1560 2525 51 62 52 537 93 80 78249 51 1436 67 100 14226 153 913 660 3859
internal_value=-2.97668e-05 -0.000127425 -6.71011e-05 -4.1296e-05 0.00301075 0.00198925 -0.000387455 0.00635593 0.0101515 0.015082 3.20699e-05 5.10726e-05 0.00156057 0.0024813 0.00194876 0.00841991 -6.8576e-05 -2.33557e-05 0.000640616 0.0124107 -0.000152295 0.00194444 -0.00147634 0.0132171 0.000476899 0.000656467 0.00982213 -0.00112308 0.00125 -0.000757508
internal_weight=290268 112538 106185 104977 930 837 542 295 198 122 177730 175824 4367 2807 2576 231 104047 100409 16328 224 84081 144 5832 129 16104 14479 253 1625 712 4396
internal_count=290268 112538 106185 104977 930 837 542 295 198 122 177730 175824 4367 2807 2576 231 104047 100409 16328 224 84081 144 5832 129 16104 14479 253 1625 712 4396
is_linear=0
shrinkage=0.05


Tree=286
num_leaves=31
num_cat=0
split_feature=5 0 1 14 21 15 17 17 17 17 14 20 20 1 2 20 20 16 0 15 24 16 2 2 1 15 15 13 16 2
split_gain=0.653608 1.8215 1.51066 1.26941 1.71129 2.18519 2.05419 2.02211 1.93445 2.68579 3.27183 2.62819 4.21535 2.50452 2.28237 1.61946 2.55326 2.32099 1.42684 1.41398 2.82431 2.23944 1.61008 1.52211 1.37562 1.97191 1.35863 1.32654 1.38805 1.60596
threshold=6.1607142857142874 9.0850000000000026 3.9450000000000007 29.350000000000005 12.500000000000002 71.500000000000014 175.50000000000003 195.50000000000003 265.50000000000006 249.50000000000003 22.850000000000005 267.2000000000001 235.70000000000002 3.8750000000000004 -0.050000000000000482 373.40000000000003 264.90000000000003 8.5500000000000025 6.9350000000000014 53.500000000000007 -0.58499999999999985 9.5500000000000025 0.70000000000000051 -2.9399999999999982 1.9350000000000003 68.500000000000014 67.500000000000014 21.750000000000004 8.6500000000000004 -1.1050000000000002
decision_type=2 2 2 2 8 2 2 2 2 2 2 8 10 2 2 10 8 2 2 2 10 2 2 2 2 2 2 2 2 2
left_child=1 3 -3 4 18 6 -6 15 9 -7 -11 12 13 -12 -14 16 17 -8 -1 20 -9 -22 -23 26 25 -25 -21 28 -10 -30
right_child=-2 2 -4 -5 5 8 7 19 27 10 11 -13 14 -15 -16 -17 -18 -19 -20 23 21 22 -24 24 -26 -27 -28 -29 29 -31
leaf_value=0.00059262311348828531 1.4356123783833281e-05 0.0034962235327022154 -0.0030956419135486808 9.5689593952134205e-05 -0.0022647467113971176 5.4746588316696616e-05 0.0014103235985349254 -0.0097050359103887929 -0.0015857145244175396 0.0064788948423840156 0.0079520288829749274 -0.0010698141415684775 0.0034597267298045148 -0.00073641602505491522 0.0080213175798944051 0.0044177828042178896 -0.0010421431950432037 0.0070407131700230248 -0.0016032342439371559 0.0056415112712881604 -5.9374815439844986e-05 0.010208146477166818 0.0038484834043759236 -0.00095027766631880506 -0.0013996983668954465 0.0037283039466850716 -0.0024896035273630057 -0.0022162457748741617 -0.0038704112476759091 0.0017489903262232253
leaf_weight=6637 227677 97 1612 28515 5259 7953 170 85 1608 59 64 291 50 235 52 50 282 65 1066 165 81 63 64 110 5506 56 96 1150 273 877
leaf_count=6637 227677 97 1612 28515 5259 7953 170 85 1608 59 64 291 50 235 52 50 282 65 1066 165 81 63 64 110 5506 56 96 1150 273 877
internal_value=-2.87333e-05 -0.000171831 -0.00178174 -0.00012664 -0.000340935 -0.000544114 -0.00102556 -0.000451201 -8.40481e-05 0.000330881 0.00318908 0.00222543 0.00485037 0.00185619 0.0136274 0.00240741 0.0015764 0.00542553 0.000309618 -0.000711533 0.00267918 0.00581731 0.00996063 -0.000878983 -0.00105078 0.00343373 0.0028544 -0.00100819 -0.000413344 0.000913042
internal_weight=290268 62591 1709 60882 32367 24664 12052 6793 12612 8704 751 692 401 299 102 567 517 235 7703 6226 293 208 127 5933 5672 166 261 3908 2758 1150
internal_count=290268 62591 1709 60882 32367 24664 12052 6793 12612 8704 751 692 401 299 102 567 517 235 7703 6226 293 208 127 5933 5672 166 261 3908 2758 1150
is_linear=0
shrinkage=0.05


Tree=287
num_leaves=31
num_cat=0
split_feature=19 0 4 4 14 1 24 2 22 23 13 9 17 19 9 0 22 15 23 22 17 22 22 16 17 0 20 24 20 17
split_gain=0.674259 2.19476 2.34551 2.23311 2.00922 1.83934 2.00128 1.92238 1.87661 1.95369 1.69198 1.86682 1.67791 1.64529 2.38311 2.23874 1.64017 1.74718 1.63142 4.23241 3.6905 2.27452 2.24437 1.82137 1.93483 1.73866 2.39617 1.6229 1.6328 1.61726
threshold=9.8750000000000018 10.005000000000001 14.155000000000003 23.345000000000002 32.750000000000007 9.7550000000000008 -0.49499999999999994 0.054999999999997946 0.24372619187392155 -0.87810534180523914 4.3500000000000005 744.82418823242199 110.50000000000001 21.355000000000004 998.87963867187511 20.335000000000004 -0.90163369914317015 54.500000000000007 1.0000000180025095e-35 0.97875492728876534 340.50000000000006 0.88621069759564464 0.8697513045430848 13.750000000000002 6.5000000000000009 11.255000000000001 459.90000000000003 0.36500000000000005 306.10000000000008 82.500000000000014
decision_type=2 2 2 2 2 2 8 2 2 2 2 2 2 2 2 2 2 2 2 2 2 2 2 2 2 2 10 10 8 2
left_child=1 3 12 -1 -4 6 7 10 -7 -10 -2 -12 29 15 16 -8 -15 -18 19 21 -21 22 25 24 -20 26 -11 -23 -29 -3
right_child=5 2 4 -5 -6 8 13 -9 9 18 11 -13 -14 14 -16 -17 17 -19 23 20 -22 27 -24 -25 -26 -27 -28 28 -30 -31
leaf_value=-3.7113359962508655e-05 0.0034391851163228142 0.00011047808044144167 0.0010693742338349762 -0.0033208070626175993 -0.0015865836242949819 -0.00022513402109772628 0.0002117361484701421 -0.0015483502384185026 -0.0036207783251491219 0.00089557062301893293 -0.0015240603215987047 0.0030274870829009246 -0.00053150673422025486 -0.0032865583031950691 0.0091139321720963926 0.023625779749487517 0.0063945694233486826 0.0017364264137435447 0.0046841177095095733 0.0035940653348241441 0.010887591077119403 -0.0063533743515965073 0.0067151198324793106 0.00054959936927780431 -0.0021902627325296937 -0.00098200788354255836 0.012554348425759157 0.0055080416983644305 -0.0024688840645257139 0.0025822850935170293
leaf_weight=158574 367 2994 19812 2031 1700 42636 29799 4268 1357 949 695 132 10076 211 51 51 138 868 170 793 59 1122 88 1364 6262 2289 57 127 313 915
leaf_count=158574 367 2994 19812 2031 1700 42636 29799 4268 1357 949 695 132 10076 211 51 51 138 868 170 793 59 1122 88 1364 6262 2289 57 127 313 915
internal_value=-2.7872e-05 2.49348e-05 0.000380735 -5.37044e-05 0.000708441 -0.000137843 0.000139419 -0.000743319 -0.000313966 -0.000795988 0.00103015 -0.000223701 -0.000123348 0.000294362 0.00205836 0.000219429 0.00161462 0.00245527 -0.000615391 1.98367e-05 0.00327465 -0.000540952 0.000187702 -0.00108774 -0.00143968 -2.2763e-05 0.00170974 -0.00211908 0.000454544 0.000755947
internal_weight=290268 196102 35497 160605 21512 94166 36580 5462 57586 14950 1194 827 13985 31118 1268 29850 1217 1006 13593 5797 852 4945 3383 7796 6432 3295 1006 1562 440 3909
internal_count=290268 196102 35497 160605 21512 94166 36580 5462 57586 14950 1194 827 13985 31118 1268 29850 1217 1006 13593 5797 852 4945 3383 7796 6432 3295 1006 1562 440 3909
is_linear=0
shrinkage=0.05


Tree=288
num_leaves=31
num_cat=0
split_feature=9 4 24 16 23 22 23 13 16 9 24 23 23 22 20 24 5 15 22 22 9 22 9 4 17 22 22 5 15 23
split_gain=0.679322 2.55125 2.73323 3.58748 3.19174 5.70062 4.43343 4.07611 4.54384 3.34679 4.76491 3.29 5.63961 5.12687 3.81968 3.3026 4.46566 3.22953 3.21788 3.46774 6.00057 5.65986 3.53199 3.20333 3.01011 3.97155 2.83247 2.63042 2.62591 3.07049
threshold=200.50074768066409 10.255000000000001 0.47500000000000003 14.050000000000002 0.87291090774974645 0.35846314187849709 0.83258597624099873 10.750000000000002 7.3500000000000005 806.39907836914074 -0.24999999999999997 -0.99273797715557011 -0.90892157495189674 -0.25205528343633254 230.50000000000003 0.05000000000000001 5.5350000000000019 63.500000000000007 0.3261394409934788 0.27694220057652758 554.93716430664074 0.15951094710994371 425.81092834472662 8.0750000000000011 235.50000000000003 -0.95244167294248061 -0.99275805973510278 6.7535714285714308 67.500000000000014 0.11478523713130605
decision_type=2 2 10 2 2 2 2 2 2 2 10 2 2 2 10 10 2 2 2 2 2 2 2 2 2 2 2 2 2 2
left_child=-1 2 4 -4 6 -6 11 -8 9 10 23 -2 13 14 -13 -15 -17 -16 19 21 -21 22 -18 -9 -14 26 -26 -3 -29 -30
right_child=1 27 3 -5 5 -7 7 8 -10 -11 -12 12 24 15 17 16 18 -19 -20 20 -22 -23 -24 -25 25 -27 -28 28 29 -31
leaf_value=3.3247759591553118e-05 -0.0026729583547608648 -0.0020592344878712283 -0.00052174047039281381 0.002373096640307105 0.00016843011413903046 -0.0042578868360179664 0.00028995048806713854 0.0093289096454307295 0.0017399410928934625 0.0011845269374318244 0.0002149661116557909 0.0089990173418903873 -0.00021599591516839953 -0.00090256537026199731 0.0099638679153059451 0.00028401990123057714 0.0054429328910468025 -0.00051413227761759302 0.0018924046063578813 0.0087996850074167094 0.0021281386918853215 -0.0050343918634655049 -0.00059219283235007326 0.0045977377472282031 0.0032083763382369603 0.0014436609826232109 -0.0035841439101740899 -0.0009146803026391986 -0.00062013779073198097 0.00051107569873307492
leaf_weight=177730 885 3567 18406 764 9540 1990 898 100 868 112 52 53 11076 548 56 585 179 75 198 117 104 110 78 50 168 8444 978 20229 14855 17453
leaf_count=177730 885 3567 18406 764 9540 1990 898 100 868 112 52 53 11076 548 56 585 179 75 198 117 104 110 78 50 168 8444 978 20229 14855 17453
internal_value=-2.90778e-05 -0.000125203 0.000112165 -0.00037298 0.000361742 -0.000329576 0.000671484 0.00288461 0.00481387 0.00996815 0.0138119 0.000476874 0.00059313 0.00305991 0.0110326 0.00229547 0.00360686 0.00645038 0.0060687 0.00792517 0.0128733 0.0049455 0.00900778 0.0183333 0.000342107 0.000990614 -0.00177138 -0.000363968 -0.00027476 4.95114e-06
internal_weight=290268 112538 56434 19170 37264 11530 25734 2080 1182 314 202 23654 22769 2103 184 1919 1371 131 786 588 221 367 257 150 20666 9590 1146 56104 52537 32308
internal_count=290268 112538 56434 19170 37264 11530 25734 2080 1182 314 202 23654 22769 2103 184 1919 1371 131 786 588 221 367 257 150 20666 9590 1146 56104 52537 32308
is_linear=0
shrinkage=0.05


Tree=289
num_leaves=31
num_cat=0
split_feature=5 23 22 24 22 4 0 22 22 13 22 24 13 21 23 24 5 22 1 22 19 23 22 23 24 22 22 24 22 22
split_gain=0.657193 1.66833 1.67745 2.37965 4.21792 2.31684 1.70689 1.62976 2.60229 2.58447 2.60864 4.2855 2.78295 2.54935 2.14786 1.92378 1.99418 1.78699 3.11661 1.87516 1.97055 2.01649 2.16685 1.874 1.79142 1.76006 5.77097 4.98948 4.788 5.24968
threshold=6.1607142857142874 -0.99761278905001471 -0.96235977360714686 -0.95499999999999985 -0.95754239937548935 8.2250000000000032 9.0450000000000017 -0.95244167294248061 -0.78326540922535159 0.15000000000000005 -0.814291907305839 -0.65999999999999981 8.0500000000000025 107.50000000000001 0.57605713708605399 -0.77999999999999992 4.9478571428571438 -0.92923668111203805 6.4350000000000014 -0.90893996196865023 4.9250000000000007 0.53312596302726967 -0.89406062840022227 0.42763731121559989 -0.18999999999999997 -0.75015329512557205 -0.71504373327588355 -0.27499999999999997 -0.72696319516528884 -0.73866753694953124
decision_type=2 2 2 10 2 2 2 2 2 2 2 10 2 10 2 10 2 2 2 2 2 2 2 2 10 2 2 10 2 2
left_child=1 -1 -3 4 -4 -6 7 -5 9 -9 13 12 -12 17 -13 16 -10 18 -11 -19 -21 22 23 24 -22 -17 27 28 29 -27
right_child=-2 2 3 6 5 -7 -8 8 15 10 11 14 -14 -15 -16 25 -18 19 -20 20 21 -23 -24 -25 -26 26 -28 -29 -30 -31
leaf_value=-0.003315353905274722 9.0642025163285274e-06 -0.0015923673514518682 0.010627900023771892 -0.0036631036007901876 4.8607140642662017e-05 0.0063686896591084565 -0.0028012126467411727 0.0074751183792943002 -0.0037408361993007825 0.00072154611710471904 0.0099669508938414822 0.0024485426159467608 0.0040004324062355096 0.0087896181610003527 -0.016057701870802257 -0.0050735838785091088 5.7298114881204755e-05 -0.0041796162014148741 0.017340261009198856 -0.0023912141170575256 -0.0029054438790410328 0.013592373857692125 -0.00022244698265749536 0.0066009687483300512 0.010064151528175058 0.0099784333379953679 -8.1327931690858472e-05 -9.3213375870933963e-05 0.014274303790933361 -0.0035977321222360591
leaf_weight=868 227677 3768 61 598 452 105 1649 89 1051 894 59 171 254 81 155 489 780 578 92 706 109 66 667 111 54 99 48131 255 107 92
leaf_count=868 227677 3768 61 598 452 105 1649 89 1051 894 59 171 254 81 155 489 780 578 92 706 109 66 667 111 54 99 48131 255 107 92
internal_value=-2.9939e-05 -0.000173429 -0.000142817 -7.63535e-05 0.00300971 0.00164273 -0.000109616 -6.26718e-05 -3.44902e-05 0.00117964 0.000991993 0.00392019 0.00809904 0.000434781 -9.20257e-05 -0.000131756 -0.0017231 0.000218186 0.00199797 -0.000547797 0.000283128 0.00170308 0.00111052 0.00485401 0.00144172 -7.25003e-05 -4.25203e-05 0.00503617 0.00942953 0.00468586
internal_weight=290268 62591 61723 57955 618 557 57337 55688 55090 4086 3997 639 313 3358 326 51004 1831 3277 986 2291 1713 1007 941 274 163 49173 48684 553 298 191
internal_count=290268 62591 61723 57955 618 557 57337 55688 55090 4086 3997 639 313 3358 326 51004 1831 3277 986 2291 1713 1007 941 274 163 49173 48684 553 298 191
is_linear=0
shrinkage=0.05


Tree=290
num_leaves=31
num_cat=0
split_feature=5 24 19 24 9 20 4 0 0 5 14 4 24 0 20 0 0 19 16 5 15 15 24 9 14 0 16 14 20 24
split_gain=0.705109 1.1452 0.643265 1.86567 3.11752 2.47133 2.33006 1.95495 1.84976 2.54159 2.16278 2.05985 1.84626 5.16792 2.84572 1.93195 2.15032 1.90472 1.59098 3.20794 2.52199 1.73183 1.4895 2.64097 1.96569 1.56367 1.47198 1.46354 1.55451 3.59674
threshold=3.0692857142857153 1.7100000000000002 9.8750000000000018 0.53000000000000014 105.39418411254884 405.50000000000006 189.73500000000004 15.905000000000003 10.005000000000001 11.056428571428574 28.650000000000002 23.345000000000002 0.47500000000000003 24.485000000000003 348.00000000000006 6.8550000000000013 21.405000000000005 12.855000000000002 6.7500000000000009 19.955000000000005 56.500000000000007 62.500000000000007 0.69500000000000006 364.77772521972662 30.050000000000004 7.6850000000000014 6.5500000000000007 32.750000000000007 326.60000000000008 0.05000000000000001
decision_type=2 10 2 10 2 8 2 2 2 2 2 2 8 2 10 2 2 2 2 2 2 2 10 2 2 2 2 2 10 10
left_child=1 -1 8 5 -5 12 -7 22 11 -10 -11 -2 15 14 18 17 -17 -4 -14 20 -20 -21 23 24 -6 -24 -19 28 -12 -30
right_child=2 -3 3 4 7 6 -8 -9 9 10 27 -13 13 -15 -16 16 -18 26 19 21 -22 -23 25 -25 -26 -27 -28 -29 29 -31
leaf_value=-0.0025916185518825088 -2.4299666378295744e-05 0.002340945211763471 9.0487639389001532e-05 0.0008028384300545233 -0.0014786237654338069 -0.0012090078238629559 0.0070088494999325348 -0.0041662555053843609 -0.00013591617470319983 0.0023046415914542684 0.00019696010841230025 -0.0031568823075921086 0.0049093299994414389 -0.00057859956614956815 0.0011421024617473124 -0.00047277692546013328 0.0012250882847841789 0.0068554251464064755 0.023664942943860401 -0.00067163646286368551 0.007034814508722064 0.013717287235254429 0.00061509761773353619 0.0029610040696954995 0.0026205982422168555 -0.0012004572328352301 0.0021555133532059185 -0.0015068023011962646 0.0029007392573184056 -0.00012441678872181973
leaf_weight=1088 157428 86 2797 19220 507 19460 439 1326 15540 3041 7948 2031 185 2135 359 35488 2955 182 57 104 106 87 1822 88 495 5077 1249 1588 4244 3136
leaf_count=1088 157428 86 2797 19220 507 19460 439 1326 15540 3041 7948 2031 185 2135 359 35488 2955 182 57 104 106 87 1822 88 495 5077 1249 1588 4244 3136
internal_value=-2.925e-05 -0.00125213 -2.4284e-05 -0.000131616 0.000205886 -0.000278418 -0.000743506 -0.000544821 2.75435e-05 0.000353972 0.000727313 -4.51225e-05 -7.59245e-05 0.00111606 0.00429844 -0.000160649 -0.000272222 0.00085383 0.00659555 0.00855932 0.0137117 0.0041623 -0.00024972 0.00146789 0.000738522 -0.000521091 0.00233753 0.00050662 0.000656314 0.00117886
internal_weight=290268 1174 289094 94138 28535 65603 19899 9315 194956 35497 19957 159459 45704 3033 898 42671 38443 4228 539 354 163 191 7989 1090 1002 6899 1431 16916 15328 7380
internal_count=290268 1174 289094 94138 28535 65603 19899 9315 194956 35497 19957 159459 45704 3033 898 42671 38443 4228 539 354 163 191 7989 1090 1002 6899 1431 16916 15328 7380
is_linear=0
shrinkage=0.05


Tree=291
num_leaves=31
num_cat=0
split_feature=14 21 22 14 9 23 9 14 23 4 16 15 15 16 16 20 22 22 22 5 24 23 22 22 3 9 4 23 22 22
split_gain=0.669129 1.47914 1.8512 1.91799 1.2879 1.27141 1.18817 1.87479 1.78162 1.59466 1.29081 1.85392 1.20413 1.78159 1.32612 1.95518 1.45833 1.34996 1.18434 1.83147 1.89785 1.8679 2.56363 2.26931 1.5836 3.02428 2.29576 1.85027 2.24339 2.99922
threshold=26.750000000000004 12.500000000000002 0.99995780822346225 20.150000000000002 504.91798400878912 0.95936279103287792 93.474205017089858 24.050000000000004 -0.55656394595157355 9.5250000000000004 10.750000000000002 71.500000000000014 85.500000000000014 8.2500000000000018 4.6500000000000012 209.50000000000003 0.022575936829235418 0.73865729060996177 -0.12546116083924153 10.193571428571433 1.0350000000000004 0.42763731121559989 0.73865729060996177 0.55656748448714433 8.3916666666666693 998.87963867187511 21.005000000000006 0.097680735332368748 -0.94705910369513524 -0.79384350655589164
decision_type=2 8 2 2 2 2 2 2 2 2 2 2 2 2 2 10 2 2 2 2 10 2 2 2 2 2 2 2 2 2
left_child=1 4 3 -3 6 -6 7 8 -1 -8 12 -12 14 -14 15 17 -17 -11 24 -20 21 -21 23 -23 26 -26 27 -5 -29 -30
right_child=-2 2 -4 18 5 -7 9 -9 -10 10 11 -13 13 -15 -16 16 -18 -19 19 20 -22 22 -24 -25 25 -27 -28 28 29 -31
leaf_value=0.0076058144391449008 -4.7613599571240143e-06 0.0044021174420674838 0.0040134408337525341 0.0010759536912783856 0.0013596533928203083 -0.0027230878638195032 0.00056070710924589968 0.0014554195488819296 0.00042260205343779228 -0.0044843906767964552 -0.00038070994799790193 0.0094154123891283699 6.8013904464834884e-05 0.012840853697545861 -0.0020102875345967197 0.00087705281158185393 0.010040492725648446 0.0061769322087407387 -0.0013752720499838357 -0.00098166774426171398 0.0064284442825796933 0.0042514493010955782 0.004197254904319987 -0.0090437380604058999 -0.0023503417460058189 0.002623773069390844 0.008900488714123779 -0.0056450546288695494 0.0023382300866468322 -0.00086418145497538343
leaf_weight=55 261277 108 84 2855 1380 257 3118 568 91 222 140 68 399 54 2728 72 63 56 9888 532 98 173 59 104 2151 259 55 546 631 2177
leaf_count=55 261277 108 84 2855 1380 257 3118 568 91 222 140 68 399 54 2728 72 63 56 9888 532 98 173 59 104 2151 259 55 546 631 2177
internal_value=-2.925e-05 -0.00025715 -0.00050203 -0.000533715 0.000263724 0.00153635 -9.1707e-06 0.00193277 0.0069863 -0.000209539 -0.000896898 0.00293269 -0.00111853 0.00129139 -0.00146609 0.00117433 0.00611111 -0.00122302 -0.000570464 -0.000918557 0.00115942 0.000414745 0.00333333 0.00131769 -0.000134887 -0.00122407 0.000284162 0.000194072 -0.000602267 -3.20525e-05
internal_weight=290268 28991 19720 19636 9271 1637 7634 714 146 6920 3802 208 3594 453 3141 413 135 278 19528 10854 966 868 336 277 8674 2410 6264 6209 3354 2808
internal_count=290268 28991 19720 19636 9271 1637 7634 714 146 6920 3802 208 3594 453 3141 413 135 278 19528 10854 966 868 336 277 8674 2410 6264 6209 3354 2808
is_linear=0
shrinkage=0.05


Tree=292
num_leaves=31
num_cat=0
split_feature=17 22 20 20 21 14 16 14 23 3 16 9 18 9 3 13 13 23 14 13 13 9 21 20 4 16 16 13 17 20
split_gain=0.664316 2.0638 1.36189 2.35843 2.54997 2.63979 2.3054 2.44298 1.6581 1.43274 1.2925 1.57023 1.95435 2.86547 1.5365 1.44864 1.77764 3.25921 2.94143 2.68036 2.08584 3.72268 4.31007 2.14082 2.0589 2.03427 1.62161 3.26891 2.67209 2.68178
threshold=22.500000000000004 0.97112537654464559 342.00000000000006 283.90000000000003 12.500000000000002 29.650000000000002 10.350000000000003 31.350000000000005 -0.065537083312030994 3.8250000000000006 8.1500000000000004 243.87041473388675 3.2350000000000008 131.21736145019534 4.3283333333333349 27.350000000000005 9.1500000000000004 0.16587474750015932 31.450000000000003 10.250000000000002 3.6500000000000008 82.902885437011733 21.900000000000002 214.30000000000004 19.405000000000005 13.15 10.950000000000001 12.850000000000003 8.5000000000000018 219.10000000000002
decision_type=2 2 10 10 8 2 2 2 2 2 2 2 2 2 2 2 2 2 2 2 2 2 10 10 2 2 2 2 2 10
left_child=1 10 3 4 5 8 7 -4 -3 -6 14 12 13 -12 -1 16 17 18 20 24 21 22 -14 -22 25 -18 -21 28 -28 -30
right_child=-2 2 6 -5 9 -7 -8 -9 -10 -11 11 -13 15 -15 -16 -17 19 -19 -20 26 23 -23 -24 -25 -26 -27 27 -29 29 -31
leaf_value=-0.005472212222597285 -5.2102004656919534e-05 0.0025258012169989525 0.01596987106404172 -0.0020579655028771563 0.0062955956311605615 -0.0015683344093099392 0.00017875907024527852 0.0024728338848048091 0.0047688496973970424 0.00083144767797514025 1.2917445291455019e-05 -0.00049202154724232615 0.0052043660707088478 0.0071712083248163406 -0.00041182165452851162 -0.0038684039909531748 0.0028283720050030514 -0.0015091415778220347 -0.00087273911736589346 0.00034583960322283124 0.0067713902804919643 0.0020706012297282729 0.026014630578481308 0.0002266821261348586 0.016147485111488117 0.010252449862878009 0.0085624269769249989 0.0015469206081504883 0.0086538946826309089 -0.0014510299178555964
leaf_weight=535 273534 51 86 461 57 70 160 65 95 1027 98 3219 85 85 4222 327 226 2356 460 1461 75 160 57 354 52 52 111 566 50 111
leaf_count=535 273534 51 86 461 57 70 160 65 95 1027 98 3219 85 85 4222 327 226 2356 460 1461 75 160 57 354 52 52 111 566 50 111
internal_value=-2.61494e-05 0.000279669 0.00175676 0.00121806 0.00230769 0.00726852 0.00480707 0.00923841 0.0110959 0.00131919 7.09305e-05 0.000396263 0.000833083 0.00592896 -0.000606476 0.00068968 0.000861398 0.000131096 0.0022628 0.00184671 0.00423392 0.00741722 0.0133099 0.00199301 0.0060606 0.00435252 0.00124184 0.00299523 0.0075 0.00338509
internal_weight=290268 16734 2072 1761 1300 216 311 151 146 1084 14662 9905 6686 183 4757 6503 6176 3547 1191 2629 731 302 142 429 330 278 2299 838 272 161
internal_count=290268 16734 2072 1761 1300 216 311 151 146 1084 14662 9905 6686 183 4757 6503 6176 3547 1191 2629 731 302 142 429 330 278 2299 838 272 161
is_linear=0
shrinkage=0.05


Tree=293
num_leaves=31
num_cat=0
split_feature=19 22 22 24 24 22 22 19 10 22 17 17 15 22 0 14 13 4 2 24 9 17 5 24 22 17 22 19 22 4
split_gain=0.643356 2.14382 3.44335 2.51865 2.22875 4.52226 6.59314 4.14193 4.18744 3.5934 4.13888 3.51909 5.15719 3.08029 2.76172 2.71304 2.81358 3.90801 2.68304 2.46546 4.67224 2.53183 2.41457 2.2524 2.46591 2.73221 2.24639 2.16919 2.16783 2.12791
threshold=12.125000000000002 0.35846314187849709 0.48314048284850658 -0.29499999999999993 1.0350000000000004 -0.84315017450793706 -0.79384350655589164 16.275000000000002 2.5002940893173222 -0.99866806308218525 127.50000000000001 208.50000000000003 64.500000000000014 -0.63921128368950708 126.53000000000002 30.150000000000002 11.350000000000003 12.965000000000002 1.6800000000000002 -0.34499999999999992 92.283111572265639 173.50000000000003 10.867857142857146 1.9550000000000003 -0.90163369914317015 272.50000000000006 -0.69057362043749781 16.045000000000005 -0.28519255817492867 14.155000000000003
decision_type=2 2 2 10 10 2 2 2 2 2 2 2 2 2 2 2 2 2 2 10 2 2 2 10 2 2 2 2 2 2
left_child=-1 4 -3 -4 5 -2 7 -7 19 10 18 -12 -13 26 -10 22 23 -18 -6 20 -9 -21 -11 24 -17 28 -8 -27 -26 -5
right_child=1 2 3 29 9 6 13 8 14 15 11 12 -14 -15 -16 16 17 -19 -20 21 -22 -23 -24 -25 25 27 -28 -29 -30 -31
leaf_value=1.036872039507681e-05 -0.0017641869790014507 -0.0046201346776417402 0.0058854616645517156 0.00020462136312752912 0.0058847795968260336 0.00055197936004560647 -0.00079677629161320181 0.013495511410450883 -0.00038845047985248049 0.00056078682036302195 -0.0017794140347189586 0.0051814972152333504 0.0092495788341938005 0.00047427427611905981 0.017376778697812952 0.00065533584427726003 0.0073930766166363203 -0.0037687017225366453 0.019002022296666268 0.013272233799925702 0.016102060520511642 -0.0033717303904941594 -0.0047705367638440684 -0.0019388658646562187 0.0054151616619839832 0.021077360355987812 -0.0065422354549502931 0.0098768046749784927 0.00032662894410246318 -0.0016567343694722848
leaf_weight=235183 10667 1623 83 6259 88 732 3012 339 339 1644 412 220 72 11574 58 2461 153 1103 59 60 98 103 1660 810 2679 54 1190 51 1137 6345
leaf_count=235183 10667 1623 83 6259 88 732 3012 339 339 1644 412 220 72 11574 58 2461 153 1103 59 60 98 103 1660 810 2679 54 1190 51 1137 6345
internal_value=-2.54604e-05 -0.00017927 -0.000705801 -0.000428392 5.51689e-06 -0.000241731 0.000252784 0.00318392 0.00528084 0.000558199 0.00369565 0.00210227 0.00630137 -6.84596e-05 0.00129723 0.000331006 0.000806107 -0.00137739 0.0113265 0.00791667 0.00987414 0.00266871 -0.000883778 0.00118743 0.00150266 0.0022813 -0.00122799 0.0102381 0.00206237 -0.000485561
internal_weight=290268 55085 14310 12687 40775 28172 17505 1729 997 12603 851 704 292 15776 397 11752 8448 1256 147 600 437 163 3304 7192 6382 3921 4202 105 3816 12604
internal_count=290268 55085 14310 12687 40775 28172 17505 1729 997 12603 851 704 292 15776 397 11752 8448 1256 147 600 437 163 3304 7192 6382 3921 4202 105 3816 12604
is_linear=0
shrinkage=0.05


Tree=294
num_leaves=31
num_cat=0
split_feature=17 22 20 23 20 16 0 20 16 14 23 22 15 0 19 23 1 23 23 22 18 15 15 16 16 24 3 17 18 20
split_gain=0.637141 1.88238 1.35084 4.74674 1.76454 2.13156 2.6688 1.3511 1.73182 1.85304 1.56804 3.13604 2.06734 1.23322 1.42732 1.77866 3.29553 1.78366 3.3725 1.34047 2.21078 2.23427 1.17226 1.09433 1.22816 1.53475 2.22806 1.29009 1.0704 1.83352
threshold=22.500000000000004 0.97112537654464559 215.70000000000002 0.097680735332368748 342.00000000000006 10.350000000000003 9.6050000000000022 283.90000000000003 11.750000000000002 30.950000000000003 -0.031174269516803289 0.9962888416657264 66.500000000000014 4.5550000000000006 7.0450000000000008 -0.7614016681079937 11.225000000000003 -0.48313741114591585 -0.45273527932988084 0.29342972903661901 6.5650000000000004 69.500000000000014 52.500000000000007 5.5500000000000007 10.550000000000002 1.0000000180025095e-35 10.871666666666668 2.5000000000000004 5.6050000000000013 276.60000000000008
decision_type=2 2 8 2 10 2 2 10 2 2 2 2 2 2 2 2 2 2 2 2 2 2 2 2 2 10 2 2 2 8
left_child=1 13 3 -3 7 6 -6 8 10 -10 11 -4 -13 -1 15 16 19 -17 -19 -15 21 -21 -16 -20 -25 27 -27 -26 29 -24
right_child=-2 2 4 -5 5 -7 -8 -9 9 -11 -12 12 -14 14 22 17 -18 18 23 20 -22 -23 28 24 25 26 -28 -29 -30 -31
leaf_value=-0.0016289263045398653 -4.9792930529729199e-05 0.0010152213599731467 0.00027855414150383581 0.0074013113817990861 0.015714169319916118 0.0001693026807132531 0.0038122821064882997 -0.001955585663753067 0.0020844690380080583 0.010414212817672184 -0.0012654841591458728 0.003727288554070235 0.0066867282533515336 -0.00071930507522647397 0.0037912755116063287 -0.0029827641261089971 0.0092257884630152706 0.0097494472315806137 0.0052750970783809097 0.0072730181171048111 -0.00059957085477932979 0.0029957272035227691 0.0072251548784475778 2.9568045592381462e-06 0.0075399658676932636 0.0022343538127266075 0.0083872488056817192 -0.00054224336077226122 -0.00045372936154234353 -0.0016854322158152046
leaf_weight=2359 273534 182 280 64 79 160 72 461 76 60 531 50 57 262 243 480 69 59 151 65 80 56 82 2726 87 509 58 560 6715 101
leaf_count=2359 273534 182 280 64 79 160 72 461 76 60 531 50 57 262 243 480 69 59 151 65 80 56 82 2726 87 509 58 560 6715 101
internal_value=-2.58049e-05 0.000273693 0.00168436 0.0051626 0.00121577 0.0046463 0.00890728 0.00051155 0.00149905 0.0067647 0.000718953 0.00313953 0.0104206 7.43406e-05 0.000275135 0.000908561 0.00364662 0.000593951 0.00092771 0.00212743 0.005199 0.00946281 -0.000182749 0.000756538 0.000596446 0.00191927 0.00381834 0.000255022 -0.000302988 0.00346994
internal_weight=290268 16734 2072 246 1826 311 151 1515 1054 136 918 387 107 14662 12303 5162 532 4630 4150 463 201 121 7141 4091 3940 1214 567 647 6898 183
internal_count=290268 16734 2072 246 1826 311 151 1515 1054 136 918 387 107 14662 12303 5162 532 4630 4150 463 201 121 7141 4091 3940 1214 567 647 6898 183
is_linear=0
shrinkage=0.05


Tree=295
num_leaves=31
num_cat=0
split_feature=23 23 13 3 18 17 18 4 15 13 23 5 9 23 17 15 23 14 20 9 14 3 17 0 5 4 21 23 23 3
split_gain=0.626532 3.11136 2.55477 2.45885 1.81421 2.0221 1.40096 1.28505 1.39992 2.01878 0.992329 2.26328 1.85495 1.84082 1.99702 2.04553 1.68175 4.30435 3.06426 3.44428 4.69346 2.60753 2.13297 4.98045 2.6167 2.57071 2.00217 5.63951 8.07793 4.27356
threshold=0.99981043035926087 0.99988440732898443 2.3500000000000001 11.846666666666669 4.5850000000000009 260.50000000000006 9.2050000000000018 12.675000000000002 64.500000000000014 13.15 0.98332250088165762 4.7464285714285728 845.66873168945324 0.97461712852231652 293.50000000000006 87.500000000000014 0.98770287048522643 31.650000000000002 169.30000000000004 998.87963867187511 29.850000000000005 16.35166666666667 208.50000000000003 5.6750000000000007 6.0950000000000015 7.4650000000000007 537.50000000000011 0.99249573635719013 0.99748108949426018 6.5183333333333344
decision_type=2 2 2 2 2 2 2 2 2 2 2 2 2 2 2 2 2 2 10 2 2 2 2 2 2 2 8 2 2 2
left_child=10 -2 -3 4 5 -4 7 8 -6 -10 13 12 -12 -1 15 -15 17 18 -13 21 -21 22 23 24 -20 -24 -18 -28 29 -29
right_child=1 2 3 -5 6 -7 -8 -9 9 -11 11 16 -14 14 -16 -17 26 -19 19 20 -22 -23 25 -25 -26 -27 27 28 -30 -31
leaf_value=-3.1401698113421692e-05 -0.0070942497040764156 -0.002659863513445914 -0.0051485901401802509 -0.0041083336035700174 0.0031597878705355541 0.0030092165565878556 -0.00017865313960604615 0.0016195909934899584 0.0067417719099288308 0.0033869726277746693 -0.0035473346336503727 -0.0095930082992962736 0.00078634660520349306 -0.00085095969661760592 -0.0058836911762991618 0.006606302533860799 0.00015913587391456054 -0.0058943880281598707 0.0065030662253859201 0.0045369279757780925 0.024848010638729743 0.0094617864239170402 0.0064216400714269019 0.0010260268323677825 0.0086482292290199266 0.00045003173598996389 -0.0044372349023996576 0.0037123570437690742 -0.00013346721572058399 0.0074775495481478231
leaf_weight=269478 792 317 105 122 51 76 78 95 51 95 1520 151 348 2959 920 81 9968 287 65 77 52 50 71 241 64 1034 309 251 426 134
leaf_count=269478 792 317 105 122 51 76 78 95 51 95 1520 151 348 2959 920 81 9968 287 65 77 52 50 71 241 64 1034 309 251 426 134
internal_value=-2.49437e-05 -0.000959597 0.00090909 0.0026523 0.00407441 -2.76255e-05 0.00608108 0.00767123 0.00997462 0.0124658 -1.91702e-05 0.000376129 -0.00125268 -4.09245e-05 -0.00111111 -0.000493422 0.000606979 0.00190726 0.00281163 0.0034341 0.0112791 0.00277049 0.00238983 0.00567567 0.0136046 0.00128959 0.000361651 0.00236607 0.0045561 0.00980519
internal_weight=290268 1782 990 673 551 181 370 292 197 146 288486 15048 1868 273438 3960 3040 13180 2092 1805 1654 129 1525 1475 370 129 1105 11088 1120 811 385
internal_count=290268 1782 990 673 551 181 370 292 197 146 288486 15048 1868 273438 3960 3040 13180 2092 1805 1654 129 1525 1475 370 129 1105 11088 1120 811 385
is_linear=0
shrinkage=0.05


Tree=296
num_leaves=31
num_cat=0
split_feature=19 5 22 22 0 11 9 8 23 15 12 13 1 22 22 14 24 22 9 13 5 22 5 21 16 0 22 22 23 23
split_gain=0.631015 1.70529 1.6416 1.42805 1.05938 1.51561 1.14478 1.32572 1.02852 0.901708 1.43254 0.800168 0.782762 1.84543 3.0284 2.10399 2.06311 1.88376 3.00114 2.4157 1.79787 2.41109 1.68562 1.95486 1.60714 1.60846 1.59529 5.32601 3.11233 10.5648
threshold=71.845000000000013 72.547142857142873 -0.70291267844185523 -0.75015329512557205 126.53000000000002 3.554999947547913 8.6204943656921404 4.5000000000000009 -0.52765736634565841 64.500000000000014 1.0000000180025095e-35 2.5500000000000003 17.775000000000002 -0.63921128368950708 -0.26866367175705824 30.950000000000003 -0.65999999999999981 -0.30163705152652742 288.62060546875006 4.1500000000000012 14.056428571428572 -0.99866806308218525 32.962857142857153 182.50000000000003 4.7500000000000009 7.1750000000000007 -0.72696319516528884 -0.69057362043749781 -0.45273527932988084 -0.34234976856068178
decision_type=2 2 2 2 2 2 2 2 2 2 2 2 2 2 2 2 10 2 2 2 2 2 2 10 2 2 2 2 2 2
left_child=1 12 3 4 5 9 -6 -8 -2 10 -3 -12 20 16 17 -16 -14 -15 19 -19 21 -1 23 -18 -22 -26 28 -28 -23 -30
right_child=8 2 -4 -5 6 -7 7 -9 -10 -11 11 -13 13 14 15 -17 22 18 -20 -21 24 26 -24 -25 25 -27 27 -29 29 -31
leaf_value=-0.0028253081287656872 0.00032078751761267419 -0.00827966194294588 -0.0067718399944221982 0.010825148052290363 0.00068457145043000116 -0.0032515097189901665 0.0046792596974364392 0.018817625714182988 -0.0033088973706180678 0.0089947269953544514 0.011547239175951582 0.0017220270070199741 -0.0052348697136579241 0.0018155458791686418 0.00047856702494668925 -0.0023733341648838236 -0.0016270341720925269 0.0062450575342839426 -0.0056402206524216163 0.013929003593741508 0.008226104509341756 0.0016959523839560802 0.0032061976545817365 0.0041547912268352439 -0.0036803207219686775 0.00075123814612133616 -0.0033681342127264654 -4.8410383220651879e-05 -0.0053796615856181495 0.00034758498544595613
leaf_weight=2962 732 126 128 83 112 344 56 101 1029 76 75 51 3016 3681 3098 2697 7102 84 66 50 85 8257 1243 341 670 16206 3627 194536 3471 36163
leaf_count=2962 732 126 128 83 112 344 56 101 1029 76 75 51 3016 3681 3098 2697 7102 84 66 50 85 8257 1243 341 670 16206 3627 194536 3471 36163
internal_value=-2.45991e-05 -1.88396e-05 0.00190104 0.00256836 0.00201381 0.00095238 0.00466543 0.00742038 -0.000968201 0.00338415 0.00194444 0.00571428 -2.65363e-05 -0.000317617 0.00019326 -0.000530631 -0.000740046 0.00127415 0.006 0.0102985 -3.14056e-06 -3.70671e-05 -0.000348838 -0.000633482 0.000494958 0.000460416 -1.99968e-05 -8.25847e-05 0.000238979 5.50021e-05
internal_weight=290268 288507 1152 1024 941 672 269 157 1761 328 252 126 287355 21378 9676 5795 11702 3881 200 134 265977 249016 8686 7443 16961 16876 246054 198163 47891 39634
internal_count=290268 288507 1152 1024 941 672 269 157 1761 328 252 126 287355 21378 9676 5795 11702 3881 200 134 265977 249016 8686 7443 16961 16876 246054 198163 47891 39634
is_linear=0
shrinkage=0.05


Tree=297
num_leaves=31
num_cat=0
split_feature=19 22 22 1 20 24 22 22 19 11 1 22 22 0 14 17 24 9 23 14 3 13 9 15 21 22 2 17 24 22
split_gain=0.708268 1.87252 3.23089 2.29171 1.9959 1.87984 3.92897 6.10424 3.73317 3.52664 3.79634 2.96334 2.71461 3.53363 2.51532 3.43082 2.46982 4.89815 2.67764 2.21561 2.30153 3.33026 2.3509 2.29695 2.7361 2.13225 2.10791 2.01651 1.98488 1.9762
threshold=12.125000000000002 0.35846314187849709 0.48314048284850658 7.1150000000000011 277.55000000000007 -0.049999999999999996 -0.84315017450793706 -0.79384350655589164 16.275000000000002 6.1250000000000009 124.20500000000003 -0.63921128368950708 -0.99866806308218525 19.855000000000004 33.050000000000004 227.50000000000003 -0.34499999999999992 92.283111572265639 -0.57077231802681661 30.050000000000004 11.695000000000002 11.450000000000001 67.836196899414077 68.500000000000014 36.900000000000006 -0.83377653105606597 0.67000000000000015 189.50000000000003 -0.42499999999999993 -0.69057362043749781
decision_type=2 2 2 2 10 10 2 2 2 2 2 2 2 2 2 2 10 2 2 2 2 2 2 2 8 2 2 2 8 2
left_child=-1 5 -3 -4 -5 6 28 8 -8 16 -11 29 13 14 15 -7 17 18 -10 -14 -21 22 23 -22 -25 -20 -13 -27 -2 -9
right_child=1 2 3 4 -6 12 7 11 9 10 -12 26 19 -15 -16 -17 -18 -19 25 20 21 -23 -24 24 -26 27 -28 -29 -30 -31
leaf_value=1.2404184050460526e-05 -0.00019304409232047097 -0.0043879184861983101 0.0011118292445267831 -0.0022141221248977538 -0.00018082741067432841 0.0013360256050478235 0.00045385463213242757 -0.00076222807393384146 0.0032325148101310635 -0.0019102878507275226 0.022456346214697387 0.0018346815281458124 -0.00079688610321062561 0.0026584705925446089 0.021112079891831004 0.0080300074999197849 0.0027821489492894872 0.015344056096498289 0.003922568831376017 0.0021007288118757642 0.0021943364819901729 -0.0043749714895531611 -0.0026630251130259752 0.012953950964996457 -0.0018978340937147863 0.029709112651428067 -0.00021671344789137926 0.012928839747032822 -0.0030228010543703202 -0.0061207884064702761
leaf_weight=235183 4392 1623 2332 3688 6667 162 732 3012 201 289 56 3639 4233 579 53 57 166 98 72 2822 4816 1058 1298 99 64 61 5297 54 6275 1190
leaf_count=235183 4392 1623 2332 3688 6667 162 732 3012 201 289 56 3639 4233 579 53 57 166 98 72 2822 4816 1058 1298 99 64 61 5297 54 6275 1190
internal_value=-2.7872e-05 -0.000189254 -0.000681343 -0.000412628 -0.000731532 -1.65555e-05 -0.000278845 0.000246518 0.00303933 0.00503009 0.000942028 -0.000121024 0.000422871 0.00316686 0.00786765 0.00550228 0.00719325 0.00899177 0.00646907 0.000260596 0.000661119 0.000194273 0.00063167 0.00112573 0.00696319 0.0107754 0.000393911 0.015 -0.00101106 -0.00121609
internal_weight=290268 55085 14310 12687 10355 40775 25534 14867 1729 997 345 13138 15241 851 272 219 652 486 388 14390 10157 7335 6277 4979 163 187 8936 115 10667 4202
internal_count=290268 55085 14310 12687 10355 40775 25534 14867 1729 997 345 13138 15241 851 272 219 652 486 388 14390 10157 7335 6277 4979 163 187 8936 115 10667 4202
is_linear=0
shrinkage=0.05


Tree=298
num_leaves=31
num_cat=0
split_feature=12 8 16 13 22 22 19 20 0 5 23 16 19 18 9 1 15 23 23 22 1 9 15 5 0 3 4 22 22 23
split_gain=0.816233 0.968503 0.878016 0.88868 1.25747 1.08717 0.996753 0.853644 1.07412 1.76008 0.857285 0.869253 0.763959 2.2159 2.40143 2.41478 2.09026 1.92403 1.79935 3.19152 4.82736 3.12057 1.76416 1.65745 3.59314 3.29654 1.6607 1.6429 2.42087 1.74409
threshold=2.5000000000000004 70.500000000000014 17.650000000000002 0.45000000000000007 -0.62588817255938378 -0.78326540922535159 9.1350000000000033 372.2000000000001 11.525 10.623571428571433 -0.87810534180523914 9.8500000000000032 12.125000000000002 7.285000000000001 168.63533020019534 9.7550000000000008 65.500000000000014 0.04621408538533487 0.3484035575467645 -0.861146256326485 10.055000000000001 528.79354858398449 67.500000000000014 11.056428571428574 8.1250000000000018 11.768333333333334 13.195000000000002 0.34235194516023087 0.49812943072827093 0.51849435583340198
decision_type=2 2 2 2 2 2 2 8 2 2 2 2 2 2 2 2 2 2 2 2 2 2 2 2 2 2 2 2 2 2
left_child=1 12 3 4 5 6 -2 -6 9 -9 11 -10 23 17 15 16 -15 -14 -16 20 -20 22 -22 25 -25 -1 -26 -17 -29 -30
right_child=2 -3 -4 -5 7 -7 -8 8 10 -11 -12 -13 13 14 18 27 -18 -19 19 -21 21 -23 -24 24 26 -27 -28 28 29 -31
leaf_value=-1.2258402964040303e-05 -0.0060668585720439249 0.0099308067155586648 -0.0049294665371046415 -0.0013972260513715983 0.0064490518127018172 -0.0068924817724002607 0.0025482882069580081 0.00052482367445405098 -0.0087263416794810048 0.01446458378819028 -0.0038824553615088063 0.01081465016659511 5.2948327159932387e-05 0.0013540095513328229 -0.0018005994093628218 -0.00011877426912818565 -0.0003415163057379671 0.0037363743152750229 -0.0012663812463872693 -0.00057745767940372769 -0.0017262602441326627 0.010165476779103469 0.0084885268531378431 -0.0016955999148535088 -0.0027010926607932968 -0.0018632871765221976 0.0006950783693750115 -0.0051873217248270482 -0.0014908390954206545 0.0029117367393492492
leaf_weight=188509 135 88 597 3875 67 520 1059 76 54 50 223 120 815 5811 6613 22297 3560 659 145 5585 52 61 50 4548 746 4046 34483 979 3652 793
leaf_count=188509 135 88 597 3875 67 520 1059 76 54 50 223 120 815 5811 6613 22297 3560 659 145 5585 52 61 50 4548 746 4046 34483 979 3652 793
internal_value=-3.02836e-05 -1.73209e-05 -0.00057261 -0.000395696 0.000381943 -0.000303385 0.000527637 0.00237288 0.00169216 0.00571428 0.000415616 0.00304598 -1.89494e-05 -0.000194041 -0.000250818 -4.87988e-05 0.000645074 0.00171642 -0.000849993 -0.000214663 0.00474026 0.0106442 0.00529412 1.95398e-05 0.000313371 -4.11583e-05 0.000484117 -0.00028336 -0.00106379 -0.000568055
internal_weight=290268 283492 6776 6179 2304 1714 1194 590 523 126 397 174 283404 51072 49598 37092 9371 1474 12506 5893 308 163 102 232332 39777 192555 35229 27721 5424 4445
internal_count=290268 283492 6776 6179 2304 1714 1194 590 523 126 397 174 283404 51072 49598 37092 9371 1474 12506 5893 308 163 102 232332 39777 192555 35229 27721 5424 4445
is_linear=0
shrinkage=0.05


Tree=299
num_leaves=31
num_cat=0
split_feature=19 18 9 24 20 20 23 23 16 23 23 24 23 20 23 23 15 18 15 24 23 16 20 5 14 5 21 16 20 13
split_gain=0.717779 1.83458 2.2531 1.75098 2.80601 2.53183 2.29103 3.44176 3.24808 2.77401 2.74337 2.35784 3.20221 2.43517 2.47675 3.92353 4.53568 3.40476 2.3009 3.09781 2.27425 2.13684 2.03856 1.87301 1.83982 1.96107 2.38794 2.33493 2.3027 1.83143
threshold=12.125000000000002 7.285000000000001 168.63533020019534 0.16500000000000004 185.70000000000002 251.10000000000002 -0.9292178835113839 -0.94703994556331683 6.0500000000000007 -0.98801846520836312 -0.99465740988130902 -0.13999999999999999 0.50370931781787065 429.10000000000008 -0.54219087765047058 -0.58481178939031186 57.500000000000007 48.425000000000004 51.500000000000007 0.05000000000000001 0.94066717844141279 13.950000000000001 169.30000000000004 72.547142857142873 30.050000000000004 12.272142857142859 247.50000000000003 12.050000000000002 262.60000000000008 1.4500000000000002
decision_type=2 2 2 10 10 10 2 2 2 2 2 10 2 10 2 2 2 2 2 10 2 2 10 2 2 2 10 2 10 2
left_child=-1 -2 3 4 22 -5 7 9 -9 10 -6 13 -13 14 15 -8 17 -17 -10 -20 23 -16 -3 -15 -7 27 28 -26 -27 -12
right_child=1 2 -4 5 6 24 11 8 18 -11 29 12 -14 20 21 16 -18 -19 19 -21 -22 -23 -24 -25 25 26 -28 -29 -30 -31
leaf_value=1.2696330226251626e-05 0.0017740853187612647 0.0030019219967566558 -0.001074820188866568 -0.0013150400916849591 0.00053509732881927758 -0.00085659534509600226 0.0013595871338932446 0.011298708788936386 0.013155867087129684 -0.0020719823382195578 0.0029741287252886116 -0.0025355923701250046 0.0036325593072276856 -0.0027437546545736116 -0.00067131348069958841 0.025294887481665248 0.0058250312539696418 0.009117032187877178 -0.00032040368251915873 0.0047151099199854709 0.001891259767580681 0.0025791759059631851 0.0071479481103609889 0.0016809808573408768 0.0033340179765355433 0.01006342765557384 0.012577619003294913 -0.00032506505914341134 0.00020787055009861518 0.0082464539348560077
leaf_weight=235183 1482 226 12637 2534 337 2466 2648 60 52 737 58 4426 66 5829 7963 77 244 66 302 74 279 662 132 880 2710 108 249 944 6769 68
leaf_count=235183 1482 226 12637 2534 337 2466 2648 60 52 737 58 4426 66 5829 7963 77 244 66 302 74 279 662 132 880 2710 108 249 944 6769 68
internal_value=-2.76997e-05 -0.000190162 -0.000238141 -5.80982e-05 -0.000316844 0.000354878 -0.000380217 0.0013981 0.00493852 -4.16679e-05 0.00299136 -0.000509941 -0.00153829 -0.000262228 0.000180102 0.00140857 0.00611111 0.0131818 0.00341121 0.00204787 -0.00100029 -0.000252175 0.00407821 -0.00118423 0.000631888 0.000913728 0.000430816 0.0018555 0.000256651 0.00928571
internal_weight=290268 55085 53603 40966 25186 15780 24828 1688 488 1200 463 23140 4492 18648 11660 3035 387 143 428 376 6988 8625 358 6709 13246 10780 7126 3654 6877 126
internal_count=290268 55085 53603 40966 25186 15780 24828 1688 488 1200 463 23140 4492 18648 11660 3035 387 143 428 376 6988 8625 358 6709 13246 10780 7126 3654 6877 126
is_linear=0
shrinkage=0.05


end of trees

feature_importances:
doy_sin=1801
doy_cos=1201
oni=1002
wind_direction=479
blh_rerata=475
pm_7h_rerata=447
nearest_hotspot_km=444
rainfall=372
pm_hari_ini=320
temperature=302
wind_speed=286
pm_7h_maks=282
humidity=272
blh_min=220
pm_hulu_120km=216
pm_kemarin=209
pm_tren=168
pm_3h_rerata=157
pm_hulu_60km=147
hotspot_25km=114
max_frp=30
active_fire_days=29
avg_frp=12
hotspot_10km=10
hotspot_5km=5

parameters:
[boosting: gbdt]
[objective: quantile]
[metric: quantile]
[tree_learner: serial]
[device_type: cpu]
[data_sample_strategy: bagging]
[data: ]
[valid: ]
[num_iterations: 300]
[learning_rate: 0.05]
[num_leaves: 31]
[num_threads: 32]
[seed: 42]
[deterministic: 0]
[force_col_wise: 0]
[force_row_wise: 0]
[histogram_pool_size: -1]
[max_depth: -1]
[min_data_in_leaf: 50]
[min_sum_hessian_in_leaf: 0.001]
[bagging_fraction: 0.8]
[pos_bagging_fraction: 1]
[neg_bagging_fraction: 1]
[bagging_freq: 0]
[bagging_seed: 400]
[bagging_by_query: 0]
[feature_fraction: 0.8]
[feature_fraction_bynode: 1]
[feature_fraction_seed: 30056]
[extra_trees: 0]
[extra_seed: 12879]
[early_stopping_round: 0]
[early_stopping_min_delta: 0]
[first_metric_only: 0]
[max_delta_step: 0]
[lambda_l1: 0]
[lambda_l2: 0]
[linear_lambda: 0]
[min_gain_to_split: 0]
[drop_rate: 0.1]
[max_drop: 50]
[skip_drop: 0.5]
[xgboost_dart_mode: 0]
[uniform_drop: 0]
[drop_seed: 17869]
[top_rate: 0.2]
[other_rate: 0.1]
[min_data_per_group: 100]
[max_cat_threshold: 32]
[cat_l2: 10]
[cat_smooth: 10]
[max_cat_to_onehot: 4]
[top_k: 20]
[monotone_constraints: ]
[monotone_constraints_method: basic]
[monotone_penalty: 0]
[feature_contri: ]
[forcedsplits_filename: ]
[refit_decay_rate: 0.9]
[cegb_tradeoff: 1]
[cegb_penalty_split: 0]
[cegb_penalty_feature_lazy: ]
[cegb_penalty_feature_coupled: ]
[path_smooth: 0]
[interaction_constraints: ]
[verbosity: -1]
[saved_feature_importance_type: 0]
[use_quantized_grad: 0]
[num_grad_quant_bins: 4]
[quant_train_renew_leaf: 0]
[stochastic_rounding: 1]
[linear_tree: 0]
[max_bin: 255]
[max_bin_by_feature: ]
[min_data_in_bin: 3]
[bin_construct_sample_cnt: 200000]
[data_random_seed: 175]
[is_enable_sparse: 1]
[enable_bundle: 1]
[use_missing: 1]
[zero_as_missing: 0]
[feature_pre_filter: 1]
[pre_partition: 0]
[two_round: 0]
[header: 0]
[label_column: ]
[weight_column: ]
[group_column: ]
[ignore_column: ]
[categorical_feature: ]
[forcedbins_filename: ]
[precise_float_parser: 0]
[parser_config_file: ]
[objective_seed: 16083]
[num_class: 1]
[is_unbalance: 0]
[scale_pos_weight: 1]
[sigmoid: 1]
[boost_from_average: 1]
[reg_sqrt: 0]
[alpha: 0.9]
[fair_c: 1]
[poisson_max_delta_step: 0.7]
[tweedie_variance_power: 1.5]
[lambdarank_truncation_level: 30]
[lambdarank_norm: 1]
[label_gain: ]
[lambdarank_position_bias_regularization: 0]
[eval_at: ]
[multi_error_top_k: 1]
[auc_mu_weights: ]
[num_machines: 1]
[local_listen_port: 12400]
[time_out: 120]
[machine_list_filename: ]
[machines: ]
[gpu_platform_id: -1]
[gpu_device_id: -1]
[gpu_use_dp: 0]
[num_gpu: 1]

end of parameters

pandas_categorical:[]
