tree
version=v4
num_class=1
num_tree_per_iteration=1
label_index=0
max_feature_idx=24
objective=quantile
feature_names=pm_hari_ini pm_kemarin pm_tren pm_3h_rerata pm_7h_maks pm_7h_rerata hotspot_5km hotspot_10km hotspot_25km nearest_hotspot_km avg_frp max_frp active_fire_days rainfall temperature humidity wind_speed wind_direction pm_hulu_60km pm_hulu_120km blh_rerata blh_min doy_sin doy_cos oni
feature_infos=[0.56000000000000005:1069.3900000000001] [0.5:1069.3900000000001] [-630.92000000000007:599.44000000000005] [0.91999999999999993:836.24000000000012] [2.5499999999999998:1069.3900000000001] [1.8342857142857143:555.27428571428572] [0:91] [0:165] [0:632] [0.10893112421035767:1139.3516845703125] [0:266.80999755859375] [0:954.78997802734375] [0:7] [0:182.30000000000001] [17.899999999999999:37.899999999999999] [23:99] [2.3999999999999999:28.100000000000001] [0:360] [0.5:828.25] [0.5:1069.3900000000001] [17.899999999999999:1061] [10:805] [-0.9999994220246925:0.99998555065071859] [-0.99997919295908233:0.9999907524084426] [-0.96999999999999997:2.0600000000000001]
tree_sizes=2796 2954 2950 2952 2966 2979 2944 2936 2935 2954 2969 2920 2956 2975 2958 2972 2938 2976 2931 2959 2936 2961 2973 2955 3022 2989 2988 2986 2970 2979 2984 2964 2981 2989 3008 3043 2983 3015 2973 3044 3022 3023 3021 3071 3032 3036 3037 3071 3109 3074 3072 3054 3017 3049 3089 3054 3054 3093 3039 3072 3077 3075 3008 3031 3100 3085 3077 3071 3111 3037 3044 3091 3019 3036 3021 3066 3051 3004 3055 3046 3028 3099 3061 3034 3035 3047 3075 3074 3066 3036 3026 3051 3033 3041 3079 3014 3035 3046 3006 3074 3069 3072 3057 3047 3075 3022 3062 3024 2996 3046 3006 3022 3032 3057 3045 2972 2990 2964 2979 3068 2989 3019 2987 3022 2990 2992 3060 3016 2994 2982 3003 2970 2977 2961 3022 3065 2954 3047 3032 3015 3050 3050 2979 3093 3035 3075 2932 3015 2980 2933 2967 3024 3043 2939 2999 3007 2945 2954 2961 2928 2997 2942 2961 2940 2923 2993 2904 2900 2917 2899 2950 2987 2931 2918 2967 3005 2973 2963 2938 2951 2997 2933 2946 2933 2937 2986 3020 2984 2947 2963 3001 2957 2984 2950 3078 2919 2960 2933 2962 2932 2960 2978 2934 2954 2954 2898 2997 3022 3072 2944 2952 2959 2967 2968 2976 2966 2956 2969 2966 2951 2948 2958 2996 2972 2943 2924 2999 2978 3021 2952 2941 2977 2937 2914 2944 2930 2975 2987 2940 3053 2936 2970 2980 2924 2957 2925 2949 2959 2904 2951 2949 2973 2923 2924 2951 3008 2974 2979 3061 3023 2988 2960 2924 3013 2972 3029 3004 2982 2928 3003 2925 2950 2977 3025 2921 3018 2978 3019 2941 2881 2921 2940 2958 2904 2981 2921 2965 2912 2913 2905 2961 2906 2924 3006 2903 2937 2884 2921 2881 2909

Tree=0
num_leaves=31
num_cat=0
split_feature=0 0 0 5 0 5 5 13 11 15 0 9 0 13 0 0 24 24 13 5 0 5 5 5 24 0 5 24 0 19
split_gain=12021.1 1143.66 745.318 153.392 119.015 101.243 92.0285 90.5135 41.4475 33.0863 31.9775 28.8801 28.3257 25.0059 24.6384 22.016 21.1368 19.7783 17.5691 16.3443 14.7778 13.7909 13.7677 13.0687 12.2398 11.195 10.3626 10.2696 9.2078 8.86656
threshold=16.305000000000003 21.405000000000005 12.825000000000001 14.396428571428574 26.895000000000003 16.089285714285719 12.370714285714287 2.0500000000000003 5.7850000858306894 57.500000000000007 10.595000000000001 55.44726753234864 10.955000000000002 0.45000000000000007 18.035000000000004 14.305000000000001 1.4950000000000003 2.0250000000000004 3.2500000000000004 18.457142857142859 19.425000000000004 21.38571428571429 12.272142857142859 16.350714285714293 1.8750000000000002 14.305000000000001 20.605000000000008 0.095000000000000015 14.735000000000001 15.415000000000001
decision_type=2 2 2 2 2 2 2 2 2 2 2 2 2 2 2 2 8 8 2 2 2 2 2 2 10 2 2 8 2 2
left_child=2 5 6 8 9 7 10 11 13 -3 -1 20 -8 25 -7 -5 -9 -6 -16 -17 -2 -11 28 -14 -18 -4 -20 -13 -15 -29
right_child=1 4 3 15 17 14 12 16 -10 21 -12 27 23 22 18 19 24 -19 26 -21 -22 -23 -24 -25 -26 -27 -28 29 -30 -31
leaf_value=2.8463194251060484 2.8845443824014509 2.9025829905432117 2.8695480465888976 2.8751152221646605 2.926748824119568 2.8854382027817875 2.8612947463989258 2.8764397081593698 2.8771922136741863 2.8928425822535573 2.8605013370513914 2.8766532421112059 2.8673096895217896 2.8644369840621948 2.8919176739578232 2.8765140891075136 2.8835596982160041 2.9762953501320171 2.8862666698726498 2.8837730455981303 2.893241360838573 2.9051572880079819 2.8698514481135931 2.8742941041150045 2.8726177034549978 2.8749884842525404 2.8951026734579086 2.8807788525623765 2.8694411516189575 2.8834383897426958
leaf_weight=194529 1880 2255 1661 2768 5394 2224 8847 3507 1412 2166 25144 902 5056 6989 1824 2774 585 4887 1132 1215 548 1243 4437 1396 198 1470 816 274 2398 337
leaf_count=194529 1880 2255 1661 2768 5394 2224 8847 3507 1412 2166 25144 902 5056 6989 1824 2774 585 4887 1132 1215 548 1243 4437 1396 198 1470 816 274 2398 337
internal_value=2.86636 2.89623 2.86289 2.87108 2.90543 2.88593 2.86202 2.88233 2.86871 2.89961 2.86176 2.8878 2.86577 2.86802 2.89087 2.87752 2.8773 2.90864 2.89333 2.8799 2.89118 2.8965 2.86711 2.86829 2.88473 2.87206 2.89003 2.88238 2.86603 2.88738
internal_weight=290268 30172 260096 25124 15945 14227 234972 8231 18367 5664 219673 3941 15299 16955 5996 6757 4290 10281 3772 3989 2428 3409 13824 6452 783 3131 1948 1513 9387 611
internal_count=290268 30172 260096 25124 15945 14227 234972 8231 18367 5664 219673 3941 15299 16955 5996 6757 4290 10281 3772 3989 2428 3409 13824 6452 783 3131 1948 1513 9387 611
is_linear=0
shrinkage=1


Tree=1
num_leaves=31
num_cat=0
split_feature=0 0 0 5 0 0 0 5 15 13 15 5 13 0 5 0 0 13 5 24 5 5 8 22 9 9 24 22 13 24
split_gain=11238.5 974.976 824.6 151.67 113.73 92.0597 86.7079 45.26 42.5388 40.0789 38.6714 36.6333 30.1152 24.5085 22.369 20.4023 18.9689 18.7203 16.2248 14.5397 13.6269 12.6025 12.0087 11.8386 11.7379 10.9578 10.9037 10.6147 10.5917 10.0811
threshold=16.725000000000005 22.055000000000003 12.825000000000001 14.396428571428574 30.275000000000002 10.715000000000002 19.045000000000005 13.61214285714286 56.500000000000007 0.55000000000000016 55.500000000000007 15.365000000000004 4.4500000000000011 15.205000000000002 17.63928571428572 14.305000000000001 14.735000000000001 2.0500000000000003 11.395000000000001 2.0250000000000004 22.296428571428578 18.902142857142859 3.5000000000000004 -0.98214942551678475 39.290842056274421 39.290842056274421 -0.58499999999999985 -0.88622299073327826 3.1500000000000008 1.1900000000000002
decision_type=2 2 2 2 2 2 2 2 2 2 2 2 2 2 2 2 2 2 2 8 2 2 2 2 2 2 10 2 2 8
left_child=2 6 5 9 12 18 10 -7 25 15 24 17 -3 26 28 -4 22 -12 -1 -6 -14 -15 -11 -18 -2 -8 -5 -17 -10 -19
right_child=1 4 3 13 19 7 8 -9 14 16 11 -13 20 21 -16 27 23 29 -20 -21 -22 -23 -24 -25 -26 -27 -28 -29 -30 -31
leaf_value=-0.019405864631405256 0.022186194214908556 0.036461211214848292 0.0035294986127136318 0.018012530856290034 0.063809052015371889 -0.0046583497537895369 0.029480229698449385 0.0037435253269143681 0.018434691706976186 -0.00021288406446358222 0.012646416844805917 0.017812763426881741 0.025719799189135414 0.010653621476793652 0.025749407456482711 0.013651606680752338 0.012096869854084185 0.0079689058647395058 -0.0065089583396911628 0.10654216081648626 0.03852861942353443 0.018752049546569657 0.010644761067016196 0.00396465462011751 0.015213091548723646 0.022069665312924383 0.0083991844187004411 0.0083097474110552134 0.016396694764398301 0.013257895031814033
leaf_weight=191200 1021 4198 2164 467 3869 26243 1078 4201 961 9862 1146 2724 1337 2245 1684 513 322 1577 13328 4522 1060 885 242 4588 729 630 4039 1721 1285 427
leaf_count=191200 1021 4198 2164 467 3869 26243 1078 4201 961 9862 1146 2724 1337 2245 1684 513 322 1577 13328 4522 1060 885 242 4588 729 630 4039 1721 1285 427
internal_value=-0.000108315 0.0298556 -0.00333868 0.00492864 0.038594 -0.00429034 0.0199811 -0.00172514 0.0246825 0.00258036 0.0165045 0.0145608 0.0336808 0.0108984 0.0218193 0.00677808 0.00135074 0.0108889 -0.00467217 0.0424556 0.0292094 0.0142971 0.000111836 0.0039002 0.0230286 0.0312705 0.0085375 0.0101298 0.018553 0.00797405
internal_weight=290268 28248 262020 27048 14986 234972 13262 30444 5638 19412 7624 5874 6595 7636 3930 4398 15014 3150 204528 8391 2397 3130 10104 4910 1750 1708 4506 2234 2246 2004
internal_count=290268 28248 262020 27048 14986 234972 13262 30444 5638 19412 7624 5874 6595 7636 3930 4398 15014 3150 204528 8391 2397 3130 10104 4910 1750 1708 4506 2234 2246 2004
is_linear=0
shrinkage=0.05


Tree=2
num_leaves=31
num_cat=0
split_feature=0 0 0 0 4 4 0 4 15 4 15 20 15 0 23 4 4 0 24 8 11 0 4 22 8 0 4 17 4 24
split_gain=10504.6 992.467 752.317 136.729 127.271 113.253 94.2116 45.4122 44.9703 35.0201 30.3047 29.9129 20.7152 20.2084 18.8645 17.7974 16.8762 15.1994 13.9812 13.4959 12.045 11.9447 11.7318 11.1849 11.0046 10.9127 10.5774 10.4146 10.3998 10.383
threshold=16.725000000000005 22.055000000000003 12.825000000000001 32.705000000000005 16.285000000000004 19.595000000000002 10.415000000000001 18.505000000000006 56.500000000000007 21.585000000000004 56.500000000000007 403.65000000000003 56.500000000000007 15.365 0.48877522411129348 26.895000000000003 30.225000000000005 15.205000000000002 2.0250000000000004 1.5000000000000002 13.085000038146974 20.335000000000004 102.57500000000002 -0.79384350655589164 5.5000000000000009 9.0450000000000017 14.245000000000003 82.500000000000014 13.025 1.4950000000000003
decision_type=2 2 2 2 2 2 2 2 2 2 2 10 2 2 2 2 2 2 8 2 2 2 2 2 2 2 2 2 2 8
left_child=2 5 6 10 12 11 22 28 21 13 27 29 14 -6 -4 -10 -12 -11 -5 -15 26 -7 25 -17 -9 -1 -14 -3 -8 -2
right_child=1 3 4 18 9 8 7 24 15 17 16 -13 20 19 -16 23 -18 -19 -20 -21 -22 -23 -24 -25 -26 -27 -28 -29 -30 -31
leaf_value=-0.020818565539753878 0.008408822527120963 0.031323176811241908 0.0074867204129709375 0.064572053911133923 0.004623761445877333 0.022656435390325847 -0.0074229796528134445 0.0024149716792117425 0.016121317997365263 0.011306665254550926 0.025331805299534271 0.016332230435169477 -0.0034391022042207704 0.0076640613487178877 -0.0016986744826502746 0.02056762257227561 0.037597320387660033 0.015015659023080288 0.10250578126939609 0.016810255847620508 0.010638478796713603 0.026015976502420164 0.054300815157274099 0.026724205439093152 0.018039681951211004 -0.0092435802244131698 0.0016312758297454062 0.037019360607471977 -0.0027151187061581709 0.012990472842251306
leaf_weight=167006 2681 197 2278 3172 5575 1542 17200 4974 4131 2900 2452 1476 4062 2679 810 791 2161 1894 4282 368 256 915 56 1245 197 31795 6226 2722 13744 481
leaf_count=167006 2681 197 2278 3172 5575 1542 17200 4974 4131 2900 2452 1476 4062 2679 810 791 2161 1894 4282 368 256 915 56 1245 197 31795 6226 2722 13744 481
internal_value=-0.000209084 0.0287599 -0.00333219 0.0375764 0.00456448 0.0187973 -0.00424119 -0.00189187 0.0221858 0.00802176 0.0328253 0.0124968 0.00116197 0.00611691 0.0047636 0.0199068 0.0303024 0.0114476 0.0423772 0.0093912 0.000107169 0.027906 -0.00466785 0.0237328 0.00244537 -0.0046743 -0.00015941 0.0368123 -0.00261666 0.00975332
internal_weight=290268 28248 262020 14986 27048 13262 234972 36115 8624 13416 7532 4638 13632 8622 3088 6167 4613 4794 7454 3047 10544 2457 198857 2036 5171 198801 10288 2919 30944 3162
internal_count=290268 28248 262020 14986 27048 13262 234972 36115 8624 13416 7532 4638 13632 8622 3088 6167 4613 4794 7454 3047 10544 2457 198857 2036 5171 198801 10288 2919 30944 3162
is_linear=0
shrinkage=0.05


Tree=3
num_leaves=31
num_cat=0
split_feature=0 0 0 5 4 0 13 5 0 13 5 0 13 13 0 11 11 24 13 3 5 17 11 0 24 0 4 5 24 0
split_gain=9702.38 1028.94 695.335 156.952 134.09 110.22 61.8736 55.0321 52.7432 29.8376 29.6851 26.7814 26.0419 24.0795 19.0033 16.0222 14.2852 13.7729 13.7101 13.4161 12.9783 12.2091 12.1693 11.653 11.0003 10.5772 10.5511 10.0021 9.84533 9.58616
threshold=16.725000000000005 23.585000000000004 12.045000000000002 14.396428571428574 19.595000000000002 35.57500000000001 0.55000000000000016 11.395000000000001 14.155000000000003 1.7500000000000002 18.902142857142859 14.585000000000003 2.8500000000000001 2.5500000000000003 9.6050000000000022 5.4749999046325692 5.5350000858306894 1.1900000000000002 5.5500000000000007 14.058333333333335 18.457142857142859 110.50000000000001 4.4349999427795419 44.530000000000008 1.4950000000000003 19.045000000000005 14.315000000000003 16.640714285714292 inf 20.825000000000003
decision_type=2 2 2 2 2 2 2 2 2 2 2 2 2 2 2 2 2 8 2 2 2 2 2 2 8 2 2 2 8 2
left_child=2 4 7 8 9 12 21 14 15 22 18 27 -3 16 -1 26 -10 -11 24 -9 -13 -6 -2 -7 -8 -12 -4 -5 -21 -23
right_child=1 5 3 11 6 23 10 19 13 17 25 20 -14 -15 -16 -17 -18 -19 -20 28 -22 29 -24 -25 -26 -27 -28 -29 -30 -31
leaf_value=-0.019419854422037419 0.01174406936695984 0.038158621670935991 -0.0030373378341619485 0.004573843834004874 0.01848800554501823 0.048465172568361116 0.015312594853715512 -0.0045932156243636722 0.0059671622383827925 0.0071596272236552627 0.02139200471705572 0.0089162092287890914 0.033003767865738214 0.0027014546103804678 -0.0077657397847588072 0.0062048655818967222 0.012332175613268773 0.012361949801775431 0.014690253423167416 0.0009432651930162925 0.016295532448080931 0.023159558682814333 0.021163924152553547 0.097614430276104683 0.019913955926225305 0.025473295320011538 0.00090120244481729089 0.010422767855675022 0.051422207812096568 0.029164346491648133
leaf_weight=172493 1603 3622 9442 2449 330 1899 1619 16885 3931 2005 1198 2953 2968 5039 33110 1201 653 582 2167 3020 1360 1370 448 4633 740 2124 7250 2142 92 940
leaf_count=172493 1603 3622 9442 2449 330 1899 1619 16885 3931 2005 1198 2953 2968 5039 33110 1201 653 582 2167 3020 1360 1370 448 4633 740 2124 7250 2142 92 940
internal_value=-0.000314676 0.0275262 -0.00331616 0.00309445 0.0186381 0.0377717 0.0217687 -0.00435107 0.00122728 0.0115589 0.0195413 0.00886455 0.0332094 0.0042123 -0.00459461 -0.000378082 0.00683464 0.00798802 0.0169068 -0.00184703 0.0116937 0.0283902 0.0160629 0.0423745 0.0195443 0.0231306 -0.000779416 0.00620671 0.00116966 0.0296753
internal_weight=290268 28248 262020 36420 15126 13122 10488 225600 27516 4638 7848 8904 6590 9623 205603 17893 4584 2587 4526 19997 4313 2640 2051 6532 2359 3322 16692 4591 3112 2310
internal_count=290268 28248 262020 36420 15126 13122 10488 225600 27516 4638 7848 8904 6590 9623 205603 17893 4584 2587 4526 19997 4313 2640 2051 6532 2359 3322 16692 4591 3112 2310
is_linear=0
shrinkage=0.05


Tree=4
num_leaves=31
num_cat=0
split_feature=0 0 0 4 0 0 4 15 5 0 5 13 8 13 5 5 24 5 13 13 9 22 13 0 24 4 4 15 11 5
split_gain=8977.94 994.604 640.167 142.691 121.924 109.449 70.0248 52.739 44.8658 43.9994 27.0933 23.6822 22.567 21.8644 21.6569 21.0664 19.4372 17.5859 16.2542 15.4547 12.2691 12.0096 11.9247 10.8263 10.126 10.091 10.0354 9.76605 9.19929 8.85117
threshold=18.035000000000004 13.225000000000003 24.485000000000003 16.725000000000005 10.955000000000002 35.57500000000001 20.275000000000002 56.500000000000007 13.61214285714286 15.535000000000002 10.403571428571432 1.7500000000000002 1.5000000000000002 1.7500000000000002 18.457142857142859 20.605000000000008 2.0250000000000004 16.640714285714292 0.65000000000000002 3.8500000000000001 634.89492797851574 -0.91597725483594616 1.0500000000000003 20.825000000000003 1.3150000000000002 13.955000000000002 102.57500000000002 52.500000000000007 20.214999198913578 24.625000000000004
decision_type=2 2 2 2 2 2 2 2 2 2 2 2 2 2 2 2 8 2 2 2 2 2 2 2 8 2 2 2 2 2
left_child=1 4 6 13 10 11 18 23 25 17 -1 -4 14 21 22 19 -7 27 -2 -9 28 -3 -11 -8 -20 -6 -12 -5 -19 -13
right_child=2 3 5 9 8 16 7 15 -10 12 26 29 -14 -15 -16 -17 -18 20 24 -21 -22 -23 -24 -25 -26 -27 -28 -29 -30 -31
leaf_value=-0.017347010237617689 0.016519586218919167 0.0095392144011723704 0.037449201715896656 0.010984397139573424 -0.005204106428605043 0.060033822994373279 0.021597131908720164 0.017802848480183764 0.0040488467274414994 0.010375981495340553 -0.0063266687100547031 0.027396402795026933 0.017780069199054557 0.00031214188818623549 0.017131604673731746 0.026375628840437731 0.093656671508765735 0.010264974913111109 0.0096020504170883716 0.016169885722042115 0.020025561682327428 0.0037749588787256345 0.0076906312046865696 0.027850489552544613 0.014493087068954306 -0.00086407822941603468 0.049509199927992055 0.0043746666560067543 0.024568793221517553 0.035762344636040673
leaf_weight=184618 822 718 2656 464 16009 2526 1097 1792 4783 1582 24160 1566 1140 7471 1414 1879 4006 1887 1417 2155 112 4329 3969 1589 503 9519 60 4474 107 1444
leaf_count=184618 822 718 2656 464 16009 2526 1097 1792 4783 1582 24160 1566 1140 7471 1414 1879 4006 1887 1417 2155 112 4329 3969 1589 503 9519 60 4474 107 1444
internal_value=-0.000420096 -0.00302711 0.0292401 0.00594806 -0.00406544 0.0371749 0.0206398 0.0228783 -0.00110208 0.00921216 -0.00449554 0.0320897 0.0117242 0.00199792 0.0106569 0.020206 0.041586 0.00632169 0.0136907 0.0181315 0.0101472 0.00454032 0.00924968 0.0286746 0.0111719 -0.00193474 -0.00292321 0.00469016 0.00924273 0.0290532
internal_weight=290268 266816 23452 27667 239149 12198 11254 8512 30311 15149 208838 5666 8105 12518 6965 5826 6532 7044 2742 3947 2106 5047 5551 2686 1920 25528 24220 4938 1994 3010
internal_count=290268 266816 23452 27667 239149 12198 11254 8512 30311 15149 208838 5666 8105 12518 6965 5826 6532 7044 2742 3947 2106 5047 5551 2686 1920 25528 24220 4938 1994 3010
is_linear=0
shrinkage=0.05


Tree=5
num_leaves=31
num_cat=0
split_feature=0 0 0 0 4 0 0 5 0 13 13 13 5 13 5 13 5 5 5 22 14 4 9 13 22 13 9 4 22 5
split_gain=8270.38 907.428 654.897 126.536 124.624 108.568 76.8667 52.7391 37.5369 33.9005 30.1901 29.21 25.8231 20.1128 18.8233 19.7673 18.8108 15.7061 15.6619 15.2038 14.3628 13.631 10.8801 10.4683 9.96354 9.91402 9.8992 9.1046 8.95756 8.93721
threshold=18.035000000000004 13.225000000000003 25.575000000000003 10.105000000000002 16.725000000000005 44.530000000000008 20.825000000000003 13.467857142857145 15.535000000000002 0.75000000000000011 0.35000000000000003 1.7500000000000002 18.039285714285718 0.45000000000000007 18.457142857142859 0.8500000000000002 21.38571428571429 16.640714285714292 9.0121428571428606 -0.30163705152652742 29.650000000000002 12.835000000000003 34.920574188232429 0.95000000000000007 -0.88622299073327826 16.850000000000005 634.89492797851574 14.765000000000002 -0.46801505794253101 36.575714285714291
decision_type=2 2 2 2 2 2 2 2 2 2 2 2 2 2 2 2 2 2 2 2 2 2 2 2 2 2 2 2 2 2
left_child=1 3 6 18 13 11 10 21 17 -8 -2 -4 19 24 15 -10 25 -6 -1 -12 -13 -5 -22 -23 -3 28 -19 -15 -11 -20
right_child=2 4 5 7 8 -7 9 -9 14 16 12 20 -14 27 -16 -17 -18 26 29 -21 22 23 -24 -25 -26 -27 -28 -29 -30 -31
leaf_value=-0.019104958311724787 0.020315474332771342 0.010314096756246552 0.039705184148739317 -0.0066709464867278278 0.0048861957200232427 0.088275251899023841 0.026924180305177431 0.0029128966626706626 0.011985180683236119 0.021061561412296998 0.013868619029045888 0.034547742736906265 0.019741785133877688 -0.0014303825383832497 0.017208755142693842 0.0077245661965792039 0.028461097509427432 0.010970778115060005 -0.0090379127704687812 0.0084382769037456475 0.037637227508738554 0.00098711051090193927 0.030755826173076539 -0.0035621707551723456 0.0044836258549835603 0.013679630834482918 0.019024283598211067 0.0026995500773547478 0.016649455726409974 0.045110246077935436
leaf_weight=152637 1329 565 3154 20234 4938 4633 1838 6462 1892 1205 1896 1159 1784 4178 1704 4509 1312 1994 39737 1562 940 4485 1360 15513 2207 291 112 5568 989 81
leaf_count=152637 1329 565 3154 20234 4938 4633 1838 6462 1892 1205 1896 1159 1784 4178 1704 4509 1312 1994 39737 1562 940 4485 1360 15513 2207 291 112 5568 989 81
internal_value=-0.000512941 -0.00301511 0.0279545 -0.0040069 0.0055577 0.0366593 0.0199345 -0.00167195 0.00860816 0.0242192 0.0162601 0.0325473 0.0145536 0.00186611 0.0109284 0.0096852 0.0215209 0.00593839 -0.00457341 0.012033 0.0293741 -0.0023454 0.027087 -0.00141964 0.0056241 0.0189638 0.00955366 0.000797249 0.0201139 -0.00369029
internal_weight=290268 266816 23452 239149 27667 11246 12206 46694 15149 5635 6571 6613 5242 12518 8105 6401 3797 7044 192455 3458 3459 40232 2300 19998 2772 2485 2106 9746 2194 39818
internal_count=290268 266816 23452 239149 27667 11246 12206 46694 15149 5635 6571 6613 5242 12518 8105 6401 3797 7044 192455 3458 3459 40232 2300 19998 2772 2485 2106 9746 2194 39818
is_linear=0
shrinkage=0.05


Tree=6
num_leaves=31
num_cat=0
split_feature=0 0 0 4 0 0 0 5 0 9 13 15 4 8 13 5 5 9 5 2 5 5 5 13 5 9 15 24 24 20
split_gain=7657.79 829.574 669.904 120.902 118.199 114.977 68.3163 46.2355 39.3781 36.1541 32.6106 22.722 19.2148 18.6195 18.0282 17.1453 16.801 16.1328 16.0086 16.0587 13.3977 12.9992 11.3983 11.1584 11.0691 10.7979 10.6106 10.3319 9.82239 9.72304
threshold=18.035000000000004 13.025 25.575000000000003 16.395000000000003 52.645000000000003 9.8050000000000015 22.055000000000003 12.660714285714288 15.535000000000002 39.290842056274421 1.7500000000000002 55.500000000000007 25.145000000000003 3.5000000000000004 0.55000000000000016 18.457142857142859 15.610714285714289 55.44726753234864 26.162857142857149 -4.5299999999999976 9.0121428571428606 24.625000000000004 16.350714285714293 1.0500000000000003 20.605000000000008 180.89792633056643 56.500000000000007 1.3800000000000001 0.53000000000000014 409.30000000000001
decision_type=2 2 2 2 2 2 2 2 2 2 2 2 2 2 2 2 2 2 2 2 2 2 2 2 2 2 2 8 10 10
left_child=1 5 6 17 10 20 9 -7 16 14 21 -8 29 15 -2 23 -5 26 27 28 -1 -4 -9 -10 -13 -14 -3 -12 -20 -11
right_child=2 3 4 8 -6 7 11 22 13 12 18 24 25 -15 -16 -17 -18 -19 19 -21 -22 -23 -24 -25 -26 -27 -28 -29 -30 -31
leaf_value=-0.018441343916168629 0.022633732960322971 0.0080186700870500168 0.033121039512702163 0.0037398644651294626 0.089181513464142464 -0.0049019453935687188 0.026986901151527368 0.00043479361220304384 0.0095580061328623331 0.010855503277347738 0.02496121509556366 0.018474949784570118 0.018237219166469528 0.01901924251544352 0.017433899313825951 0.0156705441233113 0.0093776070434329166 -0.00013000118251007813 0.036621448354663098 0.035741336787835552 -0.0090036666445864055 0.041950364985811214 0.0053440799661901295 0.0067998478806910847 0.02795982030315565 0.022803897549315468 0.002392521772085229 0.03416030800282089 0.034918579888448022 0.014553758869739176
leaf_weight=149585 1349 1444 1587 5064 3657 42145 1188 6887 1983 2818 1088 1519 1014 693 2014 1520 3215 8446 607 1328 36212 2102 2204 4593 1033 484 2825 660 217 787
leaf_count=149585 1349 1444 1587 5064 3657 42145 1188 6887 1983 2818 1088 1519 1014 693 2014 1520 3215 8446 607 1328 36212 2102 2204 4593 1033 484 2825 660 217 787
internal_value=-0.00060458 -0.0030123 0.0267883 0.00485294 0.0355922 -0.00400056 0.0186769 -0.00190355 0.00760253 0.0161906 0.0320339 0.0243048 0.0135381 0.00993344 0.0202156 0.00926013 0.00512803 0.00116201 0.0288462 0.0317333 -0.00457884 0.0354039 0.00133044 0.00815389 0.0216458 0.0182977 0.00366713 0.0252918 0.02625 0.0115603
internal_weight=290268 266816 23452 29783 11246 237033 12206 51236 17068 8466 7589 3740 5103 8789 3363 8096 8279 12715 3900 2152 185797 3689 9091 6576 2552 1498 4269 1748 824 3605
internal_count=290268 266816 23452 29783 11246 237033 12206 51236 17068 8466 7589 3740 5103 8789 3363 8096 8279 12715 3900 2152 185797 3689 9091 6576 2552 1498 4269 1748 824 3605
is_linear=0
shrinkage=0.05


Tree=7
num_leaves=31
num_cat=0
split_feature=0 0 0 4 0 0 0 5 0 8 15 5 13 4 13 13 24 5 13 17 4 24 5 24 13 24 8 19 0 2
split_gain=7050.47 822.973 623.533 116.567 115.573 105.254 74.9292 45.6884 35.8489 33.3089 30.3174 22.2577 20.7488 19.1037 17.5861 17.4779 16.5513 16.3213 15.1387 13.0862 12.9835 12.2167 11.9314 11.5444 10.9643 10.8935 9.79915 9.01984 8.95018 8.9254
threshold=18.335000000000004 13.025 30.275000000000002 16.725000000000005 9.5550000000000015 22.055000000000003 52.645000000000003 12.660714285714288 15.535000000000002 3.5000000000000004 56.500000000000007 24.625000000000004 1.7500000000000002 26.895000000000003 1.7500000000000002 2.9500000000000006 1.3150000000000002 18.902142857142859 4.3500000000000005 90.500000000000014 22.255000000000006 2.0250000000000004 8.2992857142857179 1.3150000000000002 0.8500000000000002 0.24500000000000002 3.5000000000000004 12.755000000000001 15.365 -6.6199999999999974
decision_type=2 2 2 2 2 2 2 2 2 2 2 2 2 2 2 2 8 2 2 2 2 8 2 10 2 8 2 2 2 2
left_child=1 4 5 14 22 9 12 24 20 13 19 -12 -4 15 28 25 17 -10 27 -7 -5 -8 -1 -13 -6 -2 -9 -18 -3 -25
right_child=2 3 6 8 7 10 21 26 16 -11 11 23 -14 -15 -16 -17 18 -19 -20 -21 -22 -23 -24 29 -26 -27 -28 -29 -30 -31
leaf_value=-0.019115656000450534 0.011605046659766097 0.0025866417825370705 0.03999706425425352 0.0039749779604684532 -0.0015993858735483064 0.01917795101150685 0.067234967692520159 0.00099108785569568258 0.0071328239561113506 0.028115881772100743 0.019674003249210394 0.030897847456021327 0.034324294699078911 0.019831086249815298 -0.00014724963207700533 0.011664262725969118 0.013032565352878967 0.014091268071823169 0.0088247903564023147 0.027588225490292079 0.010181928399123706 0.087541207811208291 -0.0097934251512998352 0.021012370257179624 -0.006038871595508955 0.014914956376919095 0.011991646531376521 0.017438219723630716 0.0073362792668051034 0.028951649103996713
leaf_weight=130597 1426 4266 2374 4978 10001 202 772 9066 5420 826 2899 906 2360 1653 8357 2424 777 877 942 2291 2750 2885 49505 122 37374 1193 490 1033 1327 175
leaf_count=130597 1426 4266 2374 4978 10001 202 772 9066 5420 826 2899 906 2360 1653 8357 2424 777 877 942 2291 2750 2885 49505 122 37374 1193 490 1033 1327 175
internal_value=-0.000686057 -0.00294536 0.0261911 0.00475364 -0.0039434 0.0197751 0.0369855 -0.00197968 0.00756184 0.0157325 0.0243859 0.0217431 0.0328327 0.0145639 0.00137634 0.0130349 0.00969776 0.0082841 0.0129324 0.0287345 0.00506082 0.0423612 -0.00456414 0.0274605 -0.00261583 0.0158667 0.00117413 0.0156077 0.0035464 0.0189057
internal_weight=290268 267760 22508 30727 237033 14117 8391 56931 16777 7522 6595 4102 4734 6696 13950 5043 9049 6297 2752 2493 7728 3657 180102 1203 47375 2619 9556 1810 5593 297
internal_count=290268 267760 22508 30727 237033 14117 8391 56931 16777 7522 6595 4102 4734 6696 13950 5043 9049 6297 2752 2493 7728 3657 180102 1203 47375 2619 9556 1810 5593 297
is_linear=0
shrinkage=0.05


Tree=8
num_leaves=31
num_cat=0
split_feature=0 0 0 0 4 0 4 4 0 15 11 19 8 11 11 4 0 14 9 24 18 0 9 0 8 4 2 22 22 8
split_gain=6472.38 873.526 515.83 125.731 107.501 91.4983 64.458 46.2478 33.8792 30.8095 27.129 23.8032 23.2105 22.0713 16.6034 15.9064 14.3727 12.9182 13.8895 12.6145 11.1354 10.8198 10.2879 10.173 10.0397 9.93678 9.70839 9.6414 9.12805 8.81169
threshold=19.045000000000005 13.225000000000003 30.275000000000002 9.5550000000000015 16.725000000000005 65.610000000000014 24.635000000000002 16.085000000000004 15.535000000000002 55.500000000000007 8.7750000953674334 28.615000000000006 2.5000000000000004 2.4550000429153447 5.7850000858306894 25.705000000000002 7.8850000000000007 28.350000000000005 38.461023330688484 inf 41.595000000000006 15.365 719.37036132812511 11.525 13.500000000000002 22.255000000000006 -0.86999999999999977 -0.76141707087277943 -0.031173458710879235 2.5000000000000004
decision_type=2 2 2 2 2 2 2 2 2 2 2 2 2 2 2 2 2 2 2 8 2 2 2 2 2 2 2 2 2 2
left_child=1 3 6 16 14 12 9 23 25 -2 11 17 20 15 21 28 -1 27 -19 29 26 -3 -17 -5 -15 -6 -4 -8 -10 -9
right_child=2 4 5 7 8 -7 10 19 13 -11 -12 -13 -14 24 -16 22 -18 18 -20 -21 -22 -23 -24 -25 -26 -27 -28 -29 -30 -31
leaf_value=-0.018530653074031789 0.017847858583972569 0.00020977908448399163 0.029364345834945467 -0.006246303367021722 0.0039336034726379599 0.085468753971686795 0.023562571824032628 0.00025764626011832488 0.0084760631274793455 0.013005979317843436 0.034399784613365042 0.0288974253695502 0.045321620327027509 0.012825298254001406 0.0087277298714315815 0.01454322433563511 -0.0086865821148618457 0.022086062443074674 0.018121785976053191 0.016702328734393115 0.03941973034374522 0.0045119849903737007 0.02641245246489057 -0.002389216238788561 0.030638248345334337 0.0097597364876835582 0.030207811889269378 0.028311083118871289 0.0053236735207497854 0.0087130410280038418
leaf_weight=134035 1386 8831 812 30978 4549 2736 207 12745 4139 3659 1228 831 1817 1860 962 1733 46067 1750 2726 300 1205 2725 102 14324 220 2495 1821 446 2879 700
leaf_count=134035 1386 8831 812 30978 4549 2736 207 12745 4139 3659 1228 831 1817 1860 962 1733 46067 1750 2726 300 1205 2725 102 14324 220 2495 1821 446 2879 700
internal_value=-0.000768567 -0.00283344 0.0262282 -0.00384967 0.00513609 0.0357758 0.0196791 -0.00184743 0.00761334 0.0153469 0.0227198 0.0213255 0.0321441 0.00935562 0.00157853 0.00826669 -0.00450611 0.0200536 0.0190952 0.000692978 0.0299401 0.00105313 0.0124114 -0.00261821 0.0139904 0.00490914 0.0281181 0.0266233 0.00718296 0.000466715
internal_weight=290268 269644 20624 239149 30495 8391 12233 59047 17977 5045 7188 5960 5655 10933 12518 8853 180102 5129 4476 13745 3838 11556 1835 45302 2080 7044 2633 653 7018 13445
internal_count=290268 269644 20624 239149 30495 8391 12233 59047 17977 5045 7188 5960 5655 10933 12518 8853 180102 5129 4476 13745 3838 11556 1835 45302 2080 7044 2633 653 7018 13445
is_linear=0
shrinkage=0.05


Tree=9
num_leaves=31
num_cat=0
split_feature=0 0 0 0 0 4 0 4 0 15 11 8 24 0 4 8 14 18 4 0 11 0 4 15 15 23 22 20 17 8
split_gain=5954.1 800.264 524.566 126.382 104.241 94.8227 62.2897 48.313 26.0755 24.2583 23.5217 23.3527 18.7904 17.6249 14.5266 13.9412 16.1861 13.6645 11.9893 11.9047 11.2933 11.1387 10.7656 10.6945 10.5326 10.4864 11.3795 8.64698 8.3529 8.32177
threshold=19.045000000000005 13.225000000000003 30.275000000000002 9.0450000000000017 65.610000000000014 17.635000000000002 22.805000000000003 15.975000000000003 15.535000000000002 55.500000000000007 5.7850000858306894 2.5000000000000004 1.8150000000000002 15.365 25.705000000000002 5.5000000000000009 28.550000000000004 41.595000000000006 27.615000000000006 11.255000000000001 6.7149999141693124 11.745000000000003 12.255000000000001 54.500000000000007 55.500000000000007 -0.46800559042974538 -0.99866806308218525 380.7000000000001 147.50000000000003 6.5000000000000009
decision_type=2 2 2 2 2 2 2 2 2 2 2 2 8 2 2 2 2 2 2 2 2 2 2 2 2 2 2 10 2 2
left_child=1 3 6 22 11 10 9 19 28 20 13 17 15 -3 24 16 -8 -4 -11 -5 -2 -9 -1 -18 -10 -14 -27 -19 -7 -23
right_child=2 5 4 7 -6 8 12 21 14 18 -12 -13 25 -15 -16 -17 23 27 -20 -21 -22 29 -24 -25 -26 26 -28 -29 -30 -31
leaf_value=-0.017012920715822284 0.015696644801130016 0.00035997049874920061 0.02859503921749201 -0.0064863239353345177 0.081195316273102447 0.0035659117345466654 0.026921036278445987 -0.0009715111070460582 0.012117492384154516 0.011755317393144128 0.0085164960884325409 0.043055539310676134 0.032152295014745591 0.0045102906849992155 0.015531574752268105 0.037292762534322038 0.02036119583256471 0.03734382572953119 0.019352497364043434 -0.0026553828472832973 0.02480695115946456 0.0023086216826373705 -0.0093339294574172321 0.017398835116140959 0.0074016577964372433 0.019675196316769429 0.024139003339796714 0.037466478319388298 0.0078658741676336779 0.015218817178299544
leaf_weight=133091 1256 9772 2633 38815 2736 2685 538 10041 1362 3537 1292 1817 731 4520 2380 412 768 551 1273 17354 522 5723 33952 2342 5237 135 719 654 3247 173
leaf_count=133091 1256 9772 2633 38815 2736 2685 538 10041 1362 3537 1292 1817 731 4520 2380 412 768 551 1273 17354 522 5723 33952 2342 5237 135 719 654 3247 173
internal_value=-0.000836091 -0.00281657 0.0250572 -0.00378925 0.0346854 0.00481144 0.018453 -0.00203978 0.00766179 0.0151503 0.00208419 0.030809 0.0223074 0.00150014 0.00936129 0.0205049 0.0195203 0.0285982 0.0133056 -0.00272918 0.0201406 0.000389972 -0.00454443 0.018135 0.00815351 0.0269243 0.0231616 0.0330083 0.00508934 0.00211499
internal_weight=290268 269644 20624 239149 8391 30495 12233 72106 14911 6588 15584 5655 5645 14292 8979 4060 3648 3838 4810 56169 1778 15937 167043 3110 6599 1585 854 1205 5932 5896
internal_count=290268 269644 20624 239149 8391 30495 12233 72106 14911 6588 15584 5655 5645 14292 8979 4060 3648 3838 4810 56169 1778 15937 167043 3110 6599 1585 854 1205 5932 5896
is_linear=0
shrinkage=0.05


Tree=10
num_leaves=31
num_cat=0
split_feature=0 0 0 0 0 0 5 4 13 5 5 13 24 17 13 15 22 9 15 4 22 24 5 0 20 4 24 5 9 14
split_gain=5402.83 782.559 486.539 129.524 94.0797 80.2156 73.3699 41.2812 37.0677 36.2374 24.109 19.7417 18.2158 18.1101 18.0622 17.9189 17.7332 15.5405 14.6213 11.1614 11.1383 11.0251 10.7408 10.0912 9.9964 9.90789 9.73191 9.63678 9.33193 9.00416
threshold=19.425000000000004 12.465000000000002 35.57500000000001 15.535000000000002 8.4450000000000021 65.610000000000014 23.308571428571433 19.045000000000005 1.1500000000000001 11.932142857142859 18.902142857142859 0.8500000000000002 1.4950000000000003 136.50000000000003 3.3500000000000001 47.500000000000007 -0.90163369914317015 51.784955978393562 54.500000000000007 11.865 -0.031173458710879235 -0.58499999999999985 28.063571428571432 24.485000000000003 405.50000000000006 14.245000000000003 2.0250000000000004 16.350714285714293 42.891584396362312 31.150000000000002
decision_type=2 2 2 2 2 2 2 2 2 2 2 2 8 2 2 2 2 2 2 2 2 10 2 2 10 2 8 2 2 2
left_child=1 4 6 7 -1 14 8 18 13 19 11 28 29 -2 -4 -8 24 -15 -3 -6 -13 -9 -18 -14 -17 -20 -7 -11 -5 -10
right_child=2 3 5 10 9 26 15 21 12 27 -12 20 23 17 -16 16 22 -19 25 -21 -22 -23 -24 -25 -26 -27 -28 -29 -30 -31
leaf_value=-0.015578139094828103 0.012709242350714696 0.0038415106294210906 0.037031002235035498 0.012062442370593613 -0.0077088785502872105 0.064600360670272625 0.031568008666353953 0.014525877070708149 0.014743723935254808 -0.0010317445422604954 0.014965893892683563 0.0073409866245413048 0.015140327577062027 0.02342782494082838 0.033323325959931753 0.018703955215807977 0.022715013788530008 0.013413199258557579 -0.0026771028339352717 -0.0041125503827245139 0.0034011028810409538 0.0053004823069988547 0.029375383955517288 0.024286748172041905 0.029290418554242699 0.0009286484161351009 0.079215261938300557 0.0037055589449092007 0.0063216682767702429 0.0099807449747456867
leaf_weight=150595 893 2905 2531 2018 35343 424 473 625 2233 11104 2369 4889 977 2072 1265 674 1165 740 6174 31580 3403 5419 1314 523 553 10227 2312 2236 1684 1548
leaf_count=150595 893 2905 2531 2018 35343 424 473 625 2233 11104 2369 4889 977 2072 1265 674 1165 740 6174 31580 3403 5419 1314 523 553 10227 2312 2236 1684 1548
internal_value=-0.000907576 -0.0027481 0.024375 0.00373517 -0.00386337 0.0355312 0.0188397 0.0015858 0.0162942 -0.00248078 0.00752872 0.00661831 0.0136044 0.0201282 0.0308272 0.0243132 0.0231435 0.0220981 0.000456852 -0.00295511 0.0052629 0.00519192 0.0255768 0.0182667 0.0182274 -0.00012225 0.0420577 -0.000101201 0.00965424 0.0117548
internal_weight=290268 270571 19697 39713 230858 6532 13165 25350 8986 80263 14363 11994 5281 3705 3796 4179 3706 2812 19306 66923 8292 6044 2479 1500 1227 16401 2736 13340 3702 3781
internal_count=290268 270571 19697 39713 230858 6532 13165 25350 8986 80263 14363 11994 5281 3705 3796 4179 3706 2812 19306 66923 8292 6044 2479 1500 1227 16401 2736 13340 3702 3781
is_linear=0
shrinkage=0.05


Tree=11
num_leaves=31
num_cat=0
split_feature=0 0 0 4 4 0 0 0 20 4 24 8 8 22 8 4 24 19 22 20 14 17 22 18 4 2 24 24 24 24
split_gain=4925.87 714.558 484.926 123.233 88.618 85.1711 68.7081 37.9058 31.2354 27.1495 23.0322 20.4923 17.068 16.7904 14.6597 13.612 13.3984 12.8127 18.4763 12.5278 12.4972 12.3268 11.7647 10.8498 10.3522 10.1278 9.98257 9.50301 9.31561 9.07195
threshold=19.425000000000004 12.205000000000002 39.260000000000012 16.845000000000002 32.875000000000007 8.4450000000000021 85.655000000000015 15.535000000000002 413.40000000000003 13.955000000000002 2.0250000000000004 7.5000000000000009 14.500000000000002 -0.88622299073327826 16.500000000000004 24.195000000000004 inf 28.615000000000006 -0.90163369914317015 450.10000000000008 29.650000000000002 130.50000000000003 -0.95754239937548935 48.425000000000004 14.315000000000003 -0.62000000000000066 inf -0.58499999999999985 1.3800000000000001 inf
decision_type=2 2 2 2 2 2 2 2 10 2 8 2 2 2 2 2 8 2 2 10 2 2 2 2 2 2 8 10 8 8
left_child=1 5 4 13 8 29 10 14 15 -7 25 16 17 -3 27 -2 -9 18 22 -19 -20 -10 -6 -12 -15 -4 -11 -5 -17 -1
right_child=2 3 6 7 12 9 -8 11 21 26 23 -13 -14 24 -16 28 -18 19 20 -21 -22 -23 -24 -25 -26 -27 -28 -29 -30 -31
leaf_value=-0.0148443593503971 0.010663655908333687 0.0050170673433698829 0.031628013634197504 0.01046655326987043 0.023461784500315001 -0.0062808338873121539 0.081923157659198442 0.0076640926564155139 0.012284217250025972 -0.0020049938352670201 0.034123927207869019 0.025144889312842311 0.03995537499640571 -0.002288659640096502 0.021938423216563595 0.014630242454869158 0.017921388035858726 0.028908803977338134 0.025544245373787584 0.030328775196669874 0.022712499322698549 0.019362407086684782 0.013930322833921711 0.041782153846918663 0.001189619492108693 0.037911357859383238 0.013735585913518828 0.0035743356186435991 0.0181592135835872 0.015216081919847586
leaf_weight=150407 2642 3211 367 988 812 53265 1824 10544 657 23525 903 475 397 7903 119 2085 580 736 862 395 1686 2619 447 1181 9877 1307 350 9139 777 188
leaf_count=150407 2642 3211 367 988 812 53265 1824 10544 657 23525 903 475 397 7903 119 2085 580 736 862 395 1686 2619 447 1181 9877 1307 350 9139 777 188
internal_value=-0.00097665 -0.00273405 0.0231642 0.00319054 0.0182306 -0.00384844 0.0356396 0.00581941 0.0151424 -0.00249741 0.0317749 0.00777696 0.023313 0.000454717 0.00360336 0.0128416 0.00734268 0.0225111 0.0211229 0.0271839 0.0235714 0.0190079 0.0161676 0.0352831 -0.000146233 0.0274074 -0.00109634 0.00339834 0.0152306 -0.00454049
internal_weight=290268 270571 19697 42836 14115 227735 5582 21845 8780 77140 3758 11599 5335 20991 10246 5504 11124 4938 3807 1131 2548 3276 1259 2084 17780 1674 23875 10127 2862 150595
internal_count=290268 270571 19697 42836 14115 227735 5582 21845 8780 77140 3758 11599 5335 20991 10246 5504 11124 4938 3807 1131 2548 3276 1259 2084 17780 1674 23875 10127 2862 150595
is_linear=0
shrinkage=0.05


Tree=12
num_leaves=31
num_cat=0
split_feature=3 3 18 5 2 5 3 2 3 8 13 22 2 5 20 11 13 2 5 24 2 18 8 18 18 23 24 9 9 11
split_gain=4147.43 626.279 512.704 117.812 105.553 101.04 93.0094 65.8814 62.9225 39.276 34.8971 32.0495 29.6791 20.3527 19.3263 17.9864 17.8932 17.6033 16.7611 16.159 15.4176 15.1714 14.9774 14.4084 14.1445 13.7396 13.1591 12.7785 12.5938 12.5865
threshold=18.265000000000004 12.101666666666668 33.70000000000001 28.063571428571432 4.5750000000000028 52.487142857142864 8.8750000000000018 2.1600000000000019 14.861666666666666 3.5000000000000004 1.7500000000000002 -0.89406062840022227 3.3800000000000021 20.605000000000008 604.50000000000011 10.425000190734865 0.65000000000000002 4.1649999999999991 14.396428571428574 0.53000000000000014 9.5999999999999996 8.4350000000000005 7.5000000000000009 15.245000000000003 16.415000000000003 0.080547328232315238 -0.55499999999999983 998.87963867187511 27.723792076110843 14.215000152587892
decision_type=2 2 2 2 2 2 2 2 2 2 2 2 2 2 10 2 2 2 2 10 2 2 2 2 2 2 10 2 2 2
left_child=1 6 3 7 8 10 21 13 23 18 25 14 -8 24 17 -9 -10 -5 -6 -13 -12 -1 -21 -3 -2 -4 -15 -28 -7 -14
right_child=2 4 5 11 9 28 12 15 16 -11 20 19 29 26 -16 -17 -18 -19 -20 22 -22 -23 -24 -25 -26 -27 27 -29 -30 -31
leaf_value=-0.015485677903188179 0.0062283243212333849 -4.6885611868129293e-05 0.037454910332930511 0.019052126371362461 0.0076362884976043438 0.074589740899498366 -0.0047109495111789922 0.017659684208021689 0.0086129783758522073 0.03678468433593008 0.024698787533297382 0.028712495398054056 0.00036510957893151207 0.017940654548126597 0.038157300802326231 0.03205652476688918 0.0047438781331532263 0.033331446742101853 0.013151459724243154 0.020144300460588592 0.036974091178125661 -0.007966040870241331 0.037777475643690807 0.0039266848448259659 0.011443593447973677 0.018004743570938054 0.013127124419647996 0.027459059294152655 0.052493777335899598 0.014577608069839352
leaf_weight=125734 2493 18065 1522 1008 2961 1800 57578 3196 2675 414 887 2004 8644 745 385 621 9050 226 1766 338 551 37802 88 3943 1985 213 2446 69 854 205
leaf_count=125734 2493 18065 1522 1008 2961 1800 57578 3196 2675 414 887 2004 8644 745 385 621 9050 226 1766 338 551 37802 88 3943 1985 213 2446 69 854 205
internal_value=-0.00103401 -0.00272148 0.0201342 0.0154082 0.00314812 0.0327896 -0.00371371 0.0128364 0.002131 0.00982202 0.026768 0.0227476 -0.00213595 0.0101848 0.0172977 0.0182119 0.00508955 0.0142464 0.00852866 0.0263786 0.0210083 -0.00435458 0.0175352 0.000554797 0.00799687 0.0315418 0.0131902 0.0114612 0.0399887 0.000559949
internal_weight=290268 268837 21431 15604 38874 5827 229963 11555 33733 5141 3173 4049 66427 7738 1619 3817 11725 1234 4727 2430 1438 163536 426 22008 4478 1735 3260 2515 2654 8849
internal_count=290268 268837 21431 15604 38874 5827 229963 11555 33733 5141 3173 4049 66427 7738 1619 3817 11725 1234 4727 2430 1438 163536 426 22008 4478 1735 3260 2515 2654 8849
is_linear=0
shrinkage=0.05


Tree=13
num_leaves=31
num_cat=0
split_feature=5 18 5 18 5 5 5 2 18 24 2 8 13 1 22 1 22 13 11 2 2 2 13 15 2 17 24 8 9 22
split_gain=3446.95 586.536 538.544 153.417 132.295 102.574 88.0812 59.324 47.3052 43.7488 41.5098 36.3192 33.1262 31.4417 30.2784 24.1675 23.3483 19.9617 18.7529 18.4264 16.8538 16.8325 16.0283 15.894 15.5882 15.5837 15.0781 14.62 14.2214 13.9848
threshold=17.63928571428572 33.70000000000001 11.467857142857145 15.785000000000002 28.063571428571432 52.487142857142864 8.1092857142857167 2.9599999999999995 14.055000000000001 1.0350000000000004 3.660000000000001 14.500000000000002 0.8500000000000002 16.135000000000002 -0.90163369914317015 13.955000000000002 -0.37447345805034543 0.8500000000000002 5.7249999046325692 4.2600000000000113 9.5999999999999996 -0.84000000000000041 0.65000000000000002 45.500000000000007 5.2550000000000026 118.50000000000001 0.53000000000000014 5.5000000000000009 18.529972076416019 -0.83377653105606597
decision_type=2 2 2 2 2 2 2 2 2 8 2 2 2 2 2 2 2 2 2 2 2 2 2 2 2 2 10 2 2 2
left_child=2 4 6 10 7 12 -1 13 17 22 15 14 -3 -2 19 -4 24 -8 -9 23 -14 -17 -5 -6 -11 -15 -16 -12 -7 -10
right_child=1 5 3 9 11 28 8 18 29 16 27 -13 20 25 26 21 -18 -19 -20 -21 -22 -23 -24 -25 -26 -27 -28 -29 -30 -31
leaf_value=-0.013828512416231443 0.0039343163949297167 0.035750785259027293 -0.0015234720584673493 0.0094342040539514942 0.025070962549493647 0.0754041147294926 -0.0015317797288178971 0.015861069416985753 0.0059267439640018488 0.01235986047833241 0.0061963485563196674 0.048799449857495472 0.023129403100688825 0.0075487828382522163 0.023886796829452731 0.0011150506727651199 0.0050128142145343755 -0.0064616443921931138 0.029266683531051413 0.035896562409165465 0.035282701140662912 0.0047200721314919758 0.0048464714627656441 0.018079234757226784 0.021563388545692886 0.013221329925487212 0.021613199817324139 0.027964615101527326 0.050299594907708481 -0.00010440100758407606
leaf_weight=136899 1916 1306 18340 1759 119 1428 12603 2582 2067 1958 3718 492 1050 2033 1836 9303 723 64763 660 291 665 3045 5008 1210 672 5060 434 179 1227 6922
leaf_count=136899 1916 1306 18340 1759 119 1428 12603 2582 2067 1958 3718 492 1050 2033 1836 9303 723 64763 660 291 665 3045 5008 1210 672 5060 434 179 1227 6922
internal_value=-0.00108999 0.0177935 -0.00266214 0.00234705 0.0130575 0.031672 -0.0036652 0.0103906 -0.00241474 0.00776186 0.000762613 0.0205135 0.0253707 0.00830336 0.0188946 0.000145332 0.0124321 -0.00281364 0.0161906 0.0136728 0.0208017 0.00185536 0.00544776 0.0111776 0.0146198 0.00983857 0.0226211 0.00562356 0.0388418 0.00101847
internal_weight=290268 22309 267959 44705 16633 5676 223254 12251 86355 10120 34585 4382 3021 9009 3890 30688 3353 77366 3242 1620 1715 12348 6767 1329 2630 7093 2270 3897 2655 8989
internal_count=290268 22309 267959 44705 16633 5676 223254 12251 86355 10120 34585 4382 3021 9009 3890 30688 3353 77366 3242 1620 1715 12348 6767 1329 2630 7093 2270 3897 2655 8989
is_linear=0
shrinkage=0.05


Tree=14
num_leaves=31
num_cat=0
split_feature=0 0 0 4 0 0 0 8 4 4 8 4 19 2 22 5 22 8 8 5 0 11 17 5 5 17 8 5 11 22
split_gain=3668.97 572.635 475.916 119.637 93.0346 82.9562 51.1211 24.3146 23.815 23.6869 22.1935 18.9674 18.145 14.5085 13.7912 13.5716 13.507 12.6904 12.4704 12.0227 10.5907 10.223 9.20497 9.29916 9.13632 8.43266 9.72599 8.12374 7.68184 7.42783
threshold=19.425000000000004 11.895000000000001 52.645000000000003 32.875000000000007 14.735000000000001 8.4050000000000029 85.655000000000015 5.5000000000000009 19.045000000000005 17.775000000000002 12.500000000000002 13.025 24.085000000000004 -3.6249999999999987 -0.94705910369513524 7.7064285714285736 -0.90163369914317015 7.5000000000000009 6.5000000000000009 30.295000000000005 23.585000000000004 5.7850000858306894 124.50000000000001 20.605000000000008 14.056428571428572 147.50000000000003 6.5000000000000009 30.295000000000005 12.164999961853029 -0.88622299073327826
decision_type=2 2 2 2 2 2 2 2 2 2 2 2 2 2 2 2 2 2 2 2 2 2 2 2 2 2 2 2 2 2
left_child=1 5 3 7 8 15 18 12 21 14 13 -7 20 16 -6 -1 -5 22 29 -15 -2 -3 -11 -24 -13 -10 -27 -18 -16 -4
right_child=2 4 6 10 9 11 -8 -9 25 17 -12 24 -14 19 28 -17 27 -19 -20 -21 -22 -23 23 -25 -26 26 -28 -29 -30 -31
leaf_value=-0.016242554065317782 0.0092615245123247349 -0.00064489249743276229 0.031386088630307452 0.01939991391422291 0.0084354218303090978 -0.0057160437839597102 0.07101999601936064 0.026785795142312014 0.0020118412885118783 0.0047902296840722355 0.037364713105179706 -0.0028045247978725828 0.015849234669070133 0.020954772149467581 0.0023388130320741518 -0.0082515597583011913 0.018398948218928974 0.021143103487854961 0.038897131590277634 0.025070184826480241 0.014345316882436322 0.0045987011887189469 0.0071894690735301737 0.013336723068493931 0.0011750141895842065 0.0062240206220276805 0.018295215097695147 0.024440309182093042 0.010110973366348714 0.03330266591816354
leaf_weight=104478 4337 20711 516 940 812 45688 1824 757 2589 3463 719 24142 1403 2448 6557 45082 608 485 562 1637 2283 1463 6475 1156 4180 2895 117 908 278 755
leaf_count=104478 4337 20711 516 940 812 45688 1824 757 2589 3463 719 24142 1403 2448 6557 45082 608 485 562 1637 2283 1463 6475 1156 4180 2895 117 908 278 755
internal_value=-0.0011353 -0.002652 0.0196992 0.0159882 0.00236474 -0.00370667 0.0359762 0.0120615 0.00051395 0.00503849 0.0207369 -0.00233752 0.0112533 0.0198204 0.00287891 -0.00438419 0.0167834 0.00646472 0.0300791 0.0216463 0.0101586 -0.000221883 0.00611862 0.00708885 -0.00132088 0.00342707 0.00522576 0.0197032 0.00214704 0.0273367
internal_weight=290268 270571 19697 16040 47001 223570 3657 8780 27775 19226 7260 74010 8023 6541 7647 149560 2456 11579 1833 4085 6620 22174 11094 7631 28322 5601 3012 1516 6835 1271
internal_count=290268 270571 19697 16040 47001 223570 3657 8780 27775 19226 7260 74010 8023 6541 7647 149560 2456 11579 1833 4085 6620 22174 11094 7631 28322 5601 3012 1516 6835 1271
is_linear=0
shrinkage=0.05


Tree=15
num_leaves=31
num_cat=0
split_feature=0 0 0 0 0 0 0 5 5 22 5 13 13 24 13 13 8 8 22 21 24 22 13 5 9 23 24 2 22 15
split_gain=3296.68 556.56 436.847 91.3212 89.2753 86.0263 54.913 26.2315 24.7163 21.7246 20.9984 20.1213 18.6689 17.0751 15.528 13.7447 12.7288 12.2144 10.4586 10.2627 10.2077 11.4435 10.0815 9.86276 9.71803 9.24253 9.08257 8.86535 8.82176 11.6427
threshold=19.855000000000004 11.895000000000001 52.645000000000003 28.535000000000004 15.365 7.8050000000000006 85.655000000000015 26.162857142857149 15.162142857142859 -0.28519255817492867 12.097857142857146 1.7500000000000002 0.55000000000000016 1.4950000000000003 1.2500000000000002 0.8500000000000002 7.5000000000000009 6.5000000000000009 -0.76141707087277943 30.600000000000005 1.1900000000000002 -0.99940763397299126 4.3500000000000005 7.260714285714287 541.99493408203136 0.50370931781787065 -0.58499999999999985 9.5999999999999996 0.98213580174693105 52.500000000000007
decision_type=2 2 2 2 2 2 2 2 2 2 2 2 2 8 2 2 2 2 2 8 8 2 2 2 2 2 10 2 2 2
left_child=1 5 3 7 8 23 12 13 14 16 15 -5 -4 17 28 19 20 -2 -9 -7 24 -22 -23 -1 -6 -15 -10 -13 -3 -30
right_child=2 4 6 11 9 10 -8 18 26 -11 -12 27 -14 25 -16 -17 -18 -19 -20 -21 21 22 -24 -25 -26 -27 -28 -29 29 -31
leaf_value=-0.017230105164542132 0.0095419661558687561 0.0017934686348075935 0.035519580315682309 0.025661185775466912 0.0052392519298486949 5.649651494035702e-05 0.067468996218392599 0.017164506965361471 0.012609241131905341 0.0037775195571603144 -0.00060166784541263655 0.020669970392133082 0.030710196584177448 0.016426529656215199 -0.00099128548653361435 -0.0059224692189173596 0.020085948246564955 0.027971901706242593 0.022786866605115655 -0.0042269986300570292 0.021696349400305532 0.01090624970137026 0.0053459808903455405 -0.0092001399270361956 0.010319499256119906 0.0039662255501169228 0.0040837058882881227 0.023357736283832392 0.013497335458980212 0.0024783421001805658
leaf_weight=86997 5008 7877 750 2813 4721 6843 1824 851 508 7065 11075 1947 1083 2317 18548 66729 595 342 726 7287 118 2176 1204 44639 360 224 4378 890 127 246
leaf_count=86997 5008 7877 750 2813 4721 6843 1824 851 508 7065 11075 1947 1083 2317 18548 66729 595 342 726 7287 118 2176 1204 44639 360 224 4378 890 127 246
internal_value=-0.00118818 -0.00258944 0.0190746 0.0153235 0.00230025 -0.00363756 0.0345816 0.0123215 0.00075527 0.00531467 -0.00246394 0.020354 0.0284697 0.011145 0.000158966 -0.0027436 0.00691955 0.00954205 0.0182086 -0.00132697 0.00642907 0.00850772 0.00797337 -0.00445722 0.00499803 0.0145199 0.00402579 0.0173828 0.00196364 0.00947721
internal_weight=290268 271493 18775 15118 47923 223570 3657 9468 31684 16239 91934 5650 1833 7891 26798 80859 9174 5350 1577 14130 8579 3498 3380 131636 5081 2541 4886 2837 8250 373
internal_count=290268 271493 18775 15118 47923 223570 3657 9468 31684 16239 91934 5650 1833 7891 26798 80859 9174 5350 1577 14130 8579 3498 3380 131636 5081 2541 4886 2837 8250 373
is_linear=0
shrinkage=0.05


Tree=16
num_leaves=31
num_cat=0
split_feature=0 0 0 4 0 0 0 4 4 24 20 2 15 19 24 4 19 17 15 8 0 9 8 5 17 11 24 0 2 17
split_gain=2946.71 522.087 428.991 90.7402 90.2258 79.3329 60.3777 26.1696 22.2279 21.5035 16.456 16.0397 17.0238 15.6895 13.6092 13.4638 11.4538 11.0776 10.0239 9.10334 9.03475 8.97419 8.96818 8.94858 8.77061 8.19609 7.72347 7.6624 7.5705 7.37717
threshold=19.855000000000004 11.595000000000001 52.645000000000003 32.875000000000007 14.735000000000001 7.2550000000000008 85.655000000000015 11.865 19.045000000000005 1.3150000000000002 413.40000000000003 7.9000000000000021 45.500000000000007 24.085000000000004 2.0250000000000004 22.255000000000006 43.655000000000008 106.50000000000001 50.500000000000007 7.5000000000000009 126.53000000000002 52.620088577270515 12.500000000000002 14.056428571428572 132.50000000000003 2.5049999952316289 inf 23.585000000000004 8.5750000000000046 147.50000000000003
decision_type=2 2 2 2 2 2 2 2 2 8 10 2 2 2 8 2 2 2 2 2 2 2 2 2 2 2 8 2 2 2
left_child=1 5 3 10 8 26 14 -7 21 15 28 12 -5 25 19 22 -14 -16 -9 -4 -8 -3 -6 -20 -12 -11 -1 -26 -2 -10
right_child=2 4 6 11 9 7 20 18 29 13 24 -13 16 -15 17 -17 -18 -19 23 -21 -22 -23 -24 -25 27 -27 -28 -29 -30 -31
leaf_value=-0.014542488156735579 0.008884105992208069 0.0012221343547561259 0.026847648287561778 0.024948203947602041 0.0031316431793216117 -0.0067660413791670844 0.040527144811314281 0.0024589199013076565 0.0015594502139357775 0.0056626763262927916 0.0091902725855492508 0.026586391535224907 0.018468210198111283 0.016598134148464175 0.024827649174108665 0.0078517177030484504 0.026009514185825679 0.03159481584883591 -0.0034707402730292389 0.046017778422898628 0.075123181442436709 -0.001500242447812017 0.023912266233801192 0.00042827032910176333 0.012147200417611788 0.010565344463356397 0.021200312558547315 0.018101020443250293 0.015324589176348461 0.0060546349098747716
leaf_weight=114145 3956 7686 450 505 11108 58476 939 1614 2828 3669 629 1920 4196 560 86 3097 521 1181 40830 116 885 18127 137 4197 1270 1577 116 1128 993 3326
leaf_count=114145 3956 7686 450 505 11108 58476 939 1614 2828 3669 629 1920 4196 560 86 3097 521 1181 40830 116 885 18127 137 4197 1270 1577 116 1128 993 3326
internal_value=-0.00122763 -0.00255242 0.0179294 0.0142122 0.00194618 -0.0036211 0.0332964 -0.00262979 0.000294521 0.00456671 0.0105466 0.0183058 0.016869 0.007134 0.0268876 0.0035274 0.0159349 0.0297672 -0.00174643 0.0204417 0.0397368 -0.000349244 0.00272343 -0.0018852 0.0134506 0.00628479 -0.00453309 0.014829 0.00877046 0.0029948
internal_weight=290268 271493 18775 15118 52115 219378 3657 105117 31967 20148 7976 7142 5222 5806 1833 14342 4717 1267 46641 566 1824 25813 11245 45027 3027 5246 114261 2398 4949 6154
internal_count=290268 271493 18775 15118 52115 219378 3657 105117 31967 20148 7976 7142 5222 5806 1833 14342 4717 1267 46641 566 1824 25813 11245 45027 3027 5246 114261 2398 4949 6154
is_linear=0
shrinkage=0.05


Tree=17
num_leaves=31
num_cat=0
split_feature=0 0 0 4 0 0 0 0 4 22 4 13 15 19 0 13 13 13 4 15 22 10 5 23 23 5 9 14 5 22
split_gain=2656.89 485.727 433.31 99.5028 81.2349 79.7103 26.9865 23.884 22.8854 21.2343 19.4647 15.9529 15.1431 12.8332 12.3434 11.5456 11.4815 11.3336 11.0161 10.8003 11.7482 10.5309 9.48149 9.46609 9.30391 8.83896 8.77933 8.58884 8.08334 7.89814
threshold=19.855000000000004 11.595000000000001 65.610000000000014 32.875000000000007 14.735000000000001 7.4050000000000011 126.53000000000002 39.260000000000012 11.185 -0.28519255817492867 19.045000000000005 0.55000000000000016 47.500000000000007 26.720000000000002 23.585000000000004 0.75000000000000011 2.5500000000000003 0.95000000000000007 134.03500000000003 45.500000000000007 -0.89406062840022227 2.9774999618530278 19.955000000000005 -0.45273527932988084 -0.074115882986646633 7.260714285714287 541.99493408203136 25.850000000000005 14.056428571428572 -0.95754239937548935
decision_type=2 2 2 2 2 2 2 2 2 2 2 2 2 2 2 2 2 2 2 2 2 2 2 2 2 2 2 2 2 2
left_child=1 5 3 12 10 25 11 19 -7 13 16 -4 -2 21 -14 23 -3 -10 -13 -5 29 26 -11 -9 -23 -1 -6 -22 -19 -21
right_child=2 4 6 7 9 8 -8 15 17 22 -12 18 14 -15 -16 -17 -18 28 -20 20 27 24 -24 -25 -26 -27 -28 -29 -30 -31
leaf_value=-0.016396689640069215 0.018591833411888147 0.00098192422994699733 0.039037373959694803 0.023474103225651702 0.0050855810694327673 -0.0066790323298548462 0.071367022370314878 0.028292597595767355 -0.00035424546309404927 0.0025368617297130158 0.0036210470206445682 0.031154152711009422 0.0086162734631434531 0.014010981425069858 0.013504794600641268 0.022837441995001467 -0.0019361556418250256 -0.0040396292748567609 0.031557290243421111 0.019957831176298797 0.023042286127670286 0.011603158026398294 0.0097751932746446904 0.025005946720610923 0.0051154426827466877 -0.0088323216400720602 0.0096432527983026095 0.019004550764457423 0.0001528449922446399 0.013604670952588627
leaf_weight=82038 606 10897 822 477 7496 44692 885 787 9444 8455 6154 620 4313 658 3057 1678 14916 42622 409 974 94 1816 566 381 696 36947 461 2981 3635 691
leaf_count=82038 606 10897 822 477 7496 44692 885 787 9444 8455 6154 620 4313 658 3057 1678 14916 42622 409 974 94 1816 566 381 696 36947 461 2981 3635 691
internal_value=-0.00124916 -0.00250712 0.0169414 0.0138042 0.001832 -0.00353791 0.0353326 0.0177211 -0.00250032 0.00431854 0.000264803 0.031899 0.00984453 0.00578008 0.00921981 0.0214055 -0.000337622 -0.00182412 0.0277502 0.0157111 0.0149895 0.00535438 0.0025158 0.0252226 0.00817675 -0.00441337 0.00446336 0.0168211 -0.00214638 0.0116066
internal_weight=290268 271493 18775 16039 52115 219378 2736 8063 100393 20148 31967 1851 7976 11127 7370 2846 25813 55701 1029 5217 4740 10469 9021 1168 2512 118985 7957 3075 46257 1665
internal_count=290268 271493 18775 16039 52115 219378 2736 8063 100393 20148 31967 1851 7976 11127 7370 2846 25813 55701 1029 5217 4740 10469 9021 1168 2512 118985 7957 3075 46257 1665
is_linear=0
shrinkage=0.05


Tree=18
num_leaves=31
num_cat=0
split_feature=0 0 0 0 0 4 0 4 8 4 8 22 19 24 19 8 15 22 19 0 17 4 22 15 14 4 14 2 14 22
split_gain=2386.41 496.102 373.801 93.9333 76.6033 71.424 33.7902 24.0698 22.8521 22.5825 17.7979 17.1095 15.8473 14.2748 12.1317 11.8031 11.6379 13.0318 11.0649 10.4868 10.4472 10.3129 8.79086 8.22995 8.00622 13.2813 7.98394 7.78327 7.67927 7.64133
threshold=20.825000000000003 11.385000000000003 65.610000000000014 15.365 7.0950000000000006 36.055000000000007 85.655000000000015 19.215000000000003 5.5000000000000009 11.775 5.5000000000000009 -0.28519255817492867 43.655000000000008 1.4950000000000003 26.720000000000002 11.500000000000002 54.500000000000007 0.98372640911059162 19.595000000000002 126.53000000000002 268.50000000000006 14.025 -0.88622299073327826 50.500000000000007 28.750000000000004 28.445000000000004 27.250000000000004 -5.3399999999999963 30.650000000000002 -0.79384350655589164
decision_type=2 2 2 2 2 2 2 2 2 2 2 2 2 8 2 2 2 2 2 2 2 2 2 2 2 2 2 2 2 2
left_child=1 4 5 7 -1 10 22 16 12 -6 13 14 27 26 15 -5 17 -3 -15 -8 -19 -18 -4 -11 25 -13 -2 -7 -10 -24
right_child=2 3 6 11 9 8 19 -9 28 23 -12 24 -14 18 -16 -17 21 20 -20 -21 -22 -23 29 -25 -26 -27 -28 -29 -30 -31
leaf_value=-0.013577530724448681 0.014630369501545285 0.0018861474112187007 0.027098554089966517 0.0062886387414534855 -0.006277568735861357 0.016779547819272086 0.036918670754509601 0.0041216986854268447 0.020620130879962194 0.0021319100991489324 0.023921612862598224 0.0047758077538937902 0.025503304229419307 0.010959227535171277 0.013737232908681325 0.020806668610018869 -0.0026841822000868345 0.0018631401333392287 0.01537247279755408 0.067798671251799128 0.01273249538716037 0.00027399364375579823 0.031922958553210777 -0.0029792245711567377 0.0026216347848807713 0.017514967715610851 0.0083474330862820297 0.018538465140899671 0.030921736785094106 0.029536913742551126
leaf_weight=109062 222 4073 327 9261 59878 1504 939 7500 126 1575 760 899 968 1137 716 428 12404 126 1120 885 119 14871 252 45646 6677 152 4181 2829 1298 333
leaf_count=109062 222 4073 327 9261 59878 1504 939 7500 126 1575 760 899 968 1137 716 428 12404 126 1120 885 119 14871 252 45646 6677 152 4181 2829 1298 333
internal_value=-0.0012731 -0.00239966 0.0169714 0.00173994 -0.00349557 0.0136992 0.0338889 0.000360293 0.0174312 -0.00254573 0.0103167 0.00471433 0.0159206 0.00948949 0.00603796 0.00557385 -0.000244201 0.00216767 0.0127226 0.037818 0.0133673 -0.000626032 0.0260307 -0.00172815 0.00293219 0.00698858 0.00783216 0.0146284 0.0230548 0.0297009
internal_weight=290268 273387 16881 57226 216161 14145 2736 39093 6725 107099 7420 18133 5301 6660 10405 9689 31593 4318 2257 1824 245 27275 912 47221 7728 1051 4403 4333 1424 585
internal_count=290268 273387 16881 57226 216161 14145 2736 39093 6725 107099 7420 18133 5301 6660 10405 9689 31593 4318 2257 1824 245 27275 912 47221 7728 1051 4403 4333 1424 585
is_linear=0
shrinkage=0.05


Tree=19
num_leaves=31
num_cat=0
split_feature=3 3 3 3 3 18 3 2 2 8 2 15 2 18 18 24 13 24 24 22 13 22 23 9 9 11 14 8 2 11
split_gain=1995.01 482.857 274.188 130.268 55.9657 50.1848 42.4061 39.9847 30.0853 28.664 27.8946 18.6506 17.9482 17.2025 16.9667 16.9295 15.6622 15.6362 13.4672 13.866 12.6753 12.4352 13.277 10.3347 10.3124 11.5562 9.21073 9.00173 8.85559 8.85336
threshold=16.35166666666667 57.125000000000007 9.8483333333333363 25.901666666666674 12.753333333333336 81.110000000000014 6.8500000000000005 7.9000000000000021 8.5750000000000046 22.500000000000004 6.6150000000000002 47.500000000000007 2.4200000000000017 19.555000000000003 10.525 2.0250000000000004 0.95000000000000007 1.0350000000000004 0.05000000000000001 -0.8781231054254196 2.8500000000000001 -0.98214942551678475 -0.14250536273956091 40.221452713012702 600.63439941406261 20.875000000000004 25.850000000000005 9.5000000000000018 0.29000000000000187 12.904999732971193
decision_type=2 2 2 2 2 2 2 2 2 2 2 2 2 2 2 8 2 8 10 2 2 2 2 2 2 2 2 2 2 2
left_child=2 3 6 7 12 9 -1 13 11 15 16 -5 -4 24 -8 28 -6 -15 19 -13 -7 22 -16 -9 25 -2 -21 -12 -3 -14
right_child=1 5 4 8 10 20 14 23 -10 -11 27 18 29 17 21 -17 -18 -19 -20 26 -22 -23 -24 -25 -26 -27 -28 -29 -30 -31
leaf_value=-0.013424038238936266 0.0052045512435123179 0.017648326952427008 -0.0024443133555871206 0.021441504114072193 0.0040992780189370026 0.054168667355662982 -0.0064571823003456005 0.026983797459220651 0.025990881977477856 0.059075716228995448 0.0094471142054230531 0.01331477567053832 0.00080042809176864612 0.0066361261549060351 0.010053755551099906 0.026715172430326395 0.00087189948867002652 0.012490666675488343 0.013847883633051221 0.021263696389050925 0.035564663902843831 -0.0033800093794937448 0.00093955869813293683 0.012193419283205584 0.0095974859135827175 0.014192121419723036 0.016960941038573419 0.037197950085494182 0.045424140019041742 0.011692336755543181
leaf_weight=94453 9917 241 37152 778 6108 1238 77242 794 1869 344 1347 832 10364 2296 221 938 17295 1989 1797 84 284 16987 804 1015 626 603 2152 53 101 344
leaf_count=94453 9917 241 37152 778 6108 1238 77242 794 1869 344 1347 832 10364 2296 221 938 17295 1989 1797 84 284 16987 804 1015 626 603 2152 53 101 344
internal_value=-0.00129325 0.0114187 -0.00264493 0.00907361 -3.32368e-05 0.0298697 -0.00364528 0.00667923 0.0145687 0.0237562 0.00189433 0.0127477 -0.00103218 0.00585477 -0.00290088 0.0203125 0.00148421 0.00854726 0.0115981 0.0136115 0.0363929 -0.00151899 0.00382927 0.013712 0.00481967 0.00444867 0.0156619 0.00875 0.0107895 0.000771385
internal_weight=290268 27898 262370 24752 72663 3146 189707 17240 7512 1624 24803 5643 47860 15431 95254 1280 23403 4285 4865 3068 1522 18012 1025 1809 11146 10520 2236 1400 342 10708
internal_count=290268 27898 262370 24752 72663 3146 189707 17240 7512 1624 24803 5643 47860 15431 95254 1280 23403 4285 4865 3068 1522 18012 1025 1809 11146 10520 2236 1400 342 10708
is_linear=0
shrinkage=0.05


Tree=20
num_leaves=31
num_cat=0
split_feature=0 0 0 0 0 0 4 13 8 0 0 4 5 5 13 4 19 22 13 22 11 23 19 24 24 18 23 19 14 8
split_gain=1912.82 449.198 296.569 83.5983 72.8035 61.9998 54.5836 21.6375 20.8055 18.2859 18.0491 17.917 15.0566 14.6646 12.9423 10.5909 9.38437 10.0601 9.20774 8.91663 8.50929 8.01452 7.65166 7.54291 7.44722 7.41859 7.34317 7.5721 7.2047 9.01247
threshold=17.755000000000006 52.645000000000003 10.415000000000001 23.585000000000004 85.655000000000015 6.6950000000000012 14.685 0.25000000000000006 5.5000000000000009 126.53000000000002 14.035000000000002 11.775 22.296428571428578 30.295000000000005 3.6500000000000008 21.585000000000004 28.615000000000006 -0.71504373327588355 1.0000000180025095e-35 -0.86976336936302323 8.1149997711181658 -0.45273527932988084 12.395000000000001 1.4950000000000003 inf 18.345000000000002 -0.90161545992537195 43.655000000000008 27.350000000000005 3.5000000000000004
decision_type=2 2 2 2 2 2 2 2 2 2 2 2 2 2 2 2 2 2 2 2 2 2 2 8 8 2 2 2 2 2
left_child=2 3 5 12 7 -1 14 21 13 -6 20 -7 18 -5 22 19 17 -14 -2 -12 25 -3 -4 -20 -13 -8 -15 -28 -19 -30
right_child=1 4 6 8 9 11 10 -9 -10 -11 15 24 16 26 -16 -17 -18 28 23 -21 -22 -23 -24 -25 -26 -27 27 -29 29 -31
leaf_value=-0.013454755390412076 0.010601232578361593 0.028169807535081883 -0.0013507035443770415 0.012431885361465377 0.033029364614558153 -0.0061450349147199011 4.8214129570370258e-05 0.02298216231150417 0.025646423844194518 0.061645087643192348 0.004783922921170445 -0.003079598949661342 0.0078351723893561754 0.015520249494108174 -0.0039006609762734113 0.0065933646818975514 0.02044507333850035 0.01661267903806421 0.005457687408977667 0.0018782054078251181 0.0070607478493093061 0.023403348413962428 0.001731314961272517 0.0081539136255656501 0.01381500756355649 0.0056414710705884417 0.016419386875371731 0.023773825968581977 0.010536732758499427 0.023397193140561975
leaf_weight=96475 1099 468 9794 5451 939 62343 16929 1256 1532 885 2737 39754 904 111 15791 4490 178 85 6173 10500 1191 109 4632 2168 285 969 1928 443 552 97
leaf_count=96475 1099 468 9794 5451 939 62343 16929 1256 1532 885 2737 39754 904 111 15791 4490 178 85 6173 10500 1191 109 4632 2168 285 969 1928 443 552 97
internal_value=-0.00130945 0.0120953 -0.00253846 0.009244 0.0282513 -0.00350797 0.000337668 0.0212139 0.0127073 0.0353235 0.00163027 -0.00265096 0.00633173 0.0116772 -0.00123722 0.00277909 0.0105011 0.00931624 0.00552966 0.00206731 0.000563412 0.0292288 -0.000154583 0.00496283 -0.0018256 0.000291093 0.014863 0.0142746 0.0136648 0.0118721
internal_weight=290268 24378 265890 20721 3657 198857 67033 1833 9465 1824 36816 102382 11256 7933 30217 17727 1816 1638 9440 13237 19089 577 14426 8341 40039 17898 2482 2371 734 649
internal_count=290268 24378 265890 20721 3657 198857 67033 1833 9465 1824 36816 102382 11256 7933 30217 17727 1816 1638 9440 13237 19089 577 14426 8341 40039 17898 2482 2371 734 649
is_linear=0
shrinkage=0.05


Tree=21
num_leaves=31
num_cat=0
split_feature=0 0 0 0 0 0 4 5 4 0 15 22 5 0 11 23 22 19 14 15 23 24 22 19 5 5 19 4 18 19
split_gain=1705.56 408.395 278.963 73.0856 69.5963 63.3185 49.7479 18.4183 18.0914 17.7486 15.9121 13.1259 12.3382 12.2795 11.7401 8.7113 11.4411 8.61465 8.17139 7.95314 8.06281 7.71102 7.4751 8.2952 7.28308 7.12535 7.05019 7.04401 7.03855 6.55809
threshold=17.755000000000006 52.645000000000003 10.415000000000001 23.585000000000004 126.53000000000002 6.6950000000000012 16.085000000000004 30.295000000000005 10.115 85.655000000000015 50.500000000000007 -0.88622299073327826 22.296428571428578 14.035000000000002 26.190000534057621 -0.46800559042974538 -0.8041866928211282 13.855000000000002 33.250000000000007 45.500000000000007 -0.86974577485258975 1.4950000000000003 -0.71504373327588355 28.615000000000006 6.5721428571428575 19.955000000000005 43.655000000000008 13.025 25.580000000000002 21.355000000000004
decision_type=2 2 2 2 2 2 2 2 2 2 2 2 2 2 2 2 2 2 2 2 2 8 2 2 2 2 2 2 2 2
left_child=2 3 5 12 9 24 11 14 -7 15 -8 17 21 -12 -5 16 -3 -4 -19 -9 -21 -2 23 -14 -1 -15 -22 -13 -10 -23
right_child=1 4 6 7 -6 8 10 19 28 -11 13 27 22 25 -16 -17 -18 18 -20 20 26 29 -24 -25 -26 -27 -28 -29 -30 -31
leaf_value=-0.016435804855547655 0.0057469091091608701 0.027023529451596907 0.00052808478139195478 0.012114563619808906 0.058562833261032711 -0.0067831209994189123 0.0083309181795393761 0.020986376670872706 -0.0034620408152479056 0.031377896383830255 0.00066331781548324481 -0.0033246925009169878 0.0074434137698883678 0.0027703606264149381 0.026470043957707353 0.022196314824207464 0.02330223926108372 0.0046545725917433254 0.011444985531961688 0.020577570485463798 0.016344319721257498 0.0071262811985919692 0.013649136862155707 0.020758147657162749 -0.008989570183442248 0.0082438246736649783 0.02322571767675316 -0.00074645769411127037 0.0095324441265597359 0.012121669813241365
leaf_weight=59191 6907 342 4151 5791 885 38930 1944 314 63286 939 12924 15543 904 11043 544 726 765 1284 87 227 2111 1916 778 134 37284 1384 478 18673 166 617
leaf_count=59191 6907 342 4151 5791 885 38930 1944 314 63286 939 12924 15543 904 11043 544 726 765 1284 87 227 2111 1916 778 134 37284 1384 478 18673 166 617
internal_value=-0.00131513 0.0113426 -0.00247565 0.00862386 0.0267473 -0.00341595 0.000313799 0.0118621 -0.00254986 0.0228499 0.00195732 -0.00081509 0.00590085 0.00162301 0.0103118 0.0199864 0.0227778 0.00144694 0.0048833 0.015 0.0141584 0.00517479 0.00967511 0.00689788 -0.00433506 0.00274523 0.0133662 -0.00118015 -0.00202925 0.00753454
internal_weight=290268 24378 265890 20721 3657 198857 67033 9465 102382 2772 27295 39738 11256 25351 6335 1833 1107 5522 1371 3130 2816 9440 1816 1038 96475 12427 2589 34216 63452 2533
internal_count=290268 24378 265890 20721 3657 198857 67033 9465 102382 2772 27295 39738 11256 25351 6335 1833 1107 5522 1371 3130 2816 9440 1816 1038 96475 12427 2589 34216 63452 2533
is_linear=0
shrinkage=0.05


Tree=22
num_leaves=31
num_cat=0
split_feature=0 0 0 4 0 0 0 8 4 13 13 4 0 19 11 4 18 11 20 8 16 13 4 13 22 15 5 20 22 0
split_gain=1523.09 375.752 263.031 84.2053 63.6159 51.2696 46.3857 21.1412 20.2688 16.6817 14.7794 14.7711 14.4755 14.0976 11.2486 10.496 8.98434 8.7969 8.78348 8.50742 8.49108 8.45465 8.09725 7.86633 7.32377 14.1035 9.60109 10.768 6.85809 7.70708
threshold=17.755000000000006 65.610000000000014 9.4050000000000029 32.875000000000007 14.035000000000002 126.53000000000002 6.2950000000000008 5.5000000000000009 14.025 0.25000000000000006 4.7500000000000009 10.115 22.805000000000003 26.720000000000002 14.025000095367433 19.215000000000003 16.885000000000002 11.574999809265138 573.90000000000009 12.500000000000002 16.050000000000004 1.0000000180025095e-35 134.03500000000003 2.8500000000000001 0.97875492728876534 58.500000000000007 8.9407142857142876 372.2000000000001 -0.71504373327588355 28.535000000000004
decision_type=2 2 2 2 2 2 2 2 2 2 2 2 2 2 2 2 2 2 8 2 2 2 2 2 2 2 2 10 2 2
left_child=2 3 6 12 8 9 -1 13 10 -3 18 -8 21 28 15 23 17 -10 19 24 -9 -2 -11 -6 -4 26 27 -26 29 -5
right_child=1 5 4 7 14 -7 11 20 16 22 -12 -13 -14 -15 -16 -17 -18 -19 -20 -21 -22 -23 -24 -25 25 -27 -28 -29 -30 -31
leaf_value=-0.013300755629517625 0.0097652212534394336 0.03126368246101216 -0.00080030351983235981 0.0061778123197677413 0.0029425357800168788 0.055634691597981067 -0.0069767391384533937 0.027373249868747937 -0.00043877485139773059 0.02346417540723756 -0.0045487131229106845 -0.0037862858961195526 0.010548004667251235 0.017843025370908604 0.0095167479688176779 0.0047734510926159615 0.0046705016639742095 0.0066792902147727352 -0.003849795558199841 0.01583823405790849 0.013282294781007576 0.0055507287871400758 0.02508934130037406 -3.1297915831124054e-05 0.0010195989997614982 -0.00042931719433475784 0.0033202948838136001 0.010633950577047597 0.013048044748165927 0.015847129153047226
leaf_weight=83802 1024 649 15837 1129 6026 885 41676 1340 25359 730 20455 50881 4078 2301 998 6183 1844 1110 4191 66 352 7846 472 6393 54 732 158 125 2353 1219
leaf_count=83802 1024 649 15837 1129 6026 885 41676 1340 25359 730 20455 50881 4078 2301 998 6183 1844 1110 4191 66 352 7846 472 6393 54 732 158 125 2353 1219
internal_value=-0.00132443 0.010637 -0.00242112 0.0084299 -0.000213949 0.0280958 -0.00354161 0.012236 -0.00091955 0.023363 -0.00162166 -0.00277002 0.00587427 0.011024 0.00230357 0.00202613 0.000112491 -0.000122597 -0.000695318 -0.000189136 0.0172518 0.0047407 0.0198752 0.0011881 -0.000259081 0.00374649 0.0122107 0.0201397 0.00945437 0.00754259
internal_weight=290268 24378 265890 21642 89531 2736 176359 8694 69931 1851 41618 92557 12948 7002 19600 18602 28313 26469 21163 16972 1692 8870 1202 12419 16906 1069 337 179 4701 2348
internal_count=290268 24378 265890 21642 89531 2736 176359 8694 69931 1851 41618 92557 12948 7002 19600 18602 28313 26469 21163 16972 1692 8870 1202 12419 16906 1069 337 179 4701 2348
is_linear=0
shrinkage=0.05


Tree=23
num_leaves=31
num_cat=0
split_feature=3 5 3 3 3 5 2 4 2 13 13 2 13 13 21 11 18 19 22 9 14 14 19 13 11 24 2 9 5 18
split_gain=1300.8 350.407 196.508 71.8556 69.2955 45.6733 35.9146 33.1625 25.6689 20.2189 20.1481 19.6847 17.7038 17.2321 12.5612 12.2384 12.1691 10.8825 10.5222 10.1268 9.56059 9.78761 9.50121 9.26075 8.83128 8.65936 8.40763 8.16778 9.34655 8.13631
threshold=15.658333333333335 42.062857142857148 9.5316666666666681 112.82833333333336 23.338333333333338 6.7235714285714296 11.015000000000002 14.685 8.5750000000000046 0.25000000000000006 0.95000000000000007 3.0700000000000012 0.15000000000000005 3.2500000000000004 67.500000000000014 5.2249999046325692 21.785000000000004 9.5350000000000019 -0.79384350655589164 77.362941741943374 34.95000000000001 28.450000000000003 23.045000000000005 0.8500000000000002 11.574999809265138 1.0350000000000004 30.32 616.95419311523449 17.63928571428572 5.7650000000000006
decision_type=2 2 2 2 2 2 2 2 2 2 2 2 2 2 8 2 2 2 2 2 2 2 2 2 2 8 2 2 2 2
left_child=2 4 5 6 11 29 9 23 20 -3 24 27 -5 14 17 -13 -12 -7 19 -14 21 25 -23 -4 -9 -6 -10 -2 -29 -1
right_child=1 3 7 12 8 13 -8 10 26 -11 16 15 18 -15 -16 -17 -18 -19 -20 -21 -22 22 -24 -25 -26 -27 -28 28 -30 -31
leaf_value=-0.01666736681923995 0.0039369420158922369 0.02345878456246904 -9.9586790871784682e-06 0.05890294650369135 0.014557966191818371 -0.00284069938785354 0.030661123999961373 0.0025792351972582749 0.018071780381863543 0.017456574162545518 -0.00029028879005646517 0.0074741764937730007 0.04809826956550789 -0.0060840562832174868 -0.0060700548698041958 0.020237937465224509 0.0062706601851604113 0.00095382049731966014 0.023357811674560053 0.031989109662481245 0.019183988572450773 0.0082199533557862931 0.015248888553628782 -0.0029949633145838509 0.010852520959519878 0.0070729162554113295 0.0279393664834179 0.0043323692962973981 0.013088817372261006 -0.0085486418301232263
leaf_weight=43839 12447 592 8214 395 589 12520 1001 8146 1700 1718 30605 4054 443 71524 7371 957 1217 6912 131 65 156 4020 1630 28281 990 261 249 363 303 39575
leaf_count=43839 12447 592 8214 395 589 12520 1001 8146 1700 1718 30605 4054 443 71524 7371 957 1217 6912 131 65 156 4020 1630 28281 990 261 249 363 303 39575
internal_value=-0.00133425 0.00833269 -0.00249319 0.0215017 0.00619196 -0.00339194 0.0179085 -0.000384299 0.00988669 0.0144805 0.000592313 0.00443776 0.0330077 -0.00266188 -0.00158061 0.00710337 -1.88668e-06 -0.000913958 0.0278638 0.031122 0.00840895 0.00811538 0.00736283 -0.00148034 0.002662 0.0131176 0.0149333 0.00341912 0.00881381 -0.00425252
internal_weight=290268 31074 259194 4345 26729 181741 3311 77453 8605 2310 40958 18124 1034 98327 26803 5011 31822 19432 639 508 6656 6500 5650 36495 9136 850 1949 13113 666 83414
internal_count=290268 31074 259194 4345 26729 181741 3311 77453 8605 2310 40958 18124 1034 98327 26803 5011 31822 19432 639 508 6656 6500 5650 36495 9136 850 1949 13113 666 83414
is_linear=0
shrinkage=0.05


Tree=24
num_leaves=31
num_cat=0
split_feature=0 0 0 0 0 0 0 8 13 5 16 5 19 5 11 21 13 18 22 24 11 23 13 15 2 21 13 5 13 21
split_gain=1215.9 306.022 242.291 83.7847 60.7715 40.2075 23.0085 18.6944 18.4194 17.0965 15.4703 15.1734 15.0206 12.4022 11.9751 11.6469 10.6124 10.5517 10.3614 9.40945 9.0987 8.91962 8.44457 8.11114 8.06779 7.57506 7.75375 7.4225 8.83215 7.01848
threshold=17.755000000000006 85.655000000000015 8.9150000000000009 28.535000000000004 13.225000000000003 5.7250000000000005 126.53000000000002 12.500000000000002 0.95000000000000007 22.296428571428578 13.950000000000001 11.467857142857145 43.655000000000008 7.2021428571428592 14.025000095367433 57.500000000000007 1.0000000180025095e-35 20.055000000000003 -0.71504373327588355 1.4950000000000003 11.045000076293947 0.080547328232315238 0.75000000000000011 45.500000000000007 1.6500000000000001 97.500000000000014 5.1500000000000012 12.183571428571431 3.6500000000000008 82.500000000000014
decision_type=2 2 2 2 2 2 2 2 2 2 2 2 2 2 2 8 2 2 2 8 2 2 2 2 2 8 2 2 2 8
left_child=2 3 5 9 8 -1 23 12 15 16 -9 25 -5 -7 17 20 -2 27 -11 -18 -4 -14 -8 -3 -25 26 -10 28 -6 -15
right_child=1 6 4 7 14 13 22 10 11 18 -12 -13 21 29 -16 -17 19 -19 -20 -21 -22 -23 -24 24 -26 -27 -28 -29 -30 -31
leaf_value=-0.013993353406494212 0.010049347658913618 0.030908201643105673 0.0011894806613214654 0.013366679094445798 0.0016107419724817427 -0.0073062614609466607 0.052756320377964572 0.030464803459367969 -0.0012082504881588908 0.0097299377264125561 0.013312122581651929 -0.00031523671736098815 0.019462995640858322 -0.0035369735460910761 0.008603720748939012 -0.0019978246111186895 0.0043800777731118996 0.0061376631376898029 0.012899785782129828 0.0081394525493160112 0.0083856991351583792 0.012660752907962812 0.045042898469405727 0.019092655465144753 0.027955802441749285 -0.0060874066409621445 -0.003910786214144174 0.0022050386234981441 -0.0019962370440423142 -0.0063906857169888217
leaf_weight=66141 1466 192 9645 4976 5386 41427 622 613 12965 1887 395 15340 1358 45250 1259 5762 7403 2078 1507 2808 555 141 263 319 428 6869 24345 13301 4717 10850
leaf_count=66141 1466 192 9645 4976 5386 41427 622 613 12965 1887 395 15340 1358 45250 1259 5762 7403 2078 1507 2808 555 141 263 319 428 6869 24345 13301 4717 10850
internal_value=-0.00134045 0.00934695 -0.00232032 0.00775383 -0.00041048 -0.00351315 0.0290461 0.0120787 -0.00113611 0.00560646 0.0184127 -0.0015406 0.0110927 -0.00286777 0.00163775 0.000372133 0.00469855 0.00140256 0.00873011 0.00412741 0.00138725 0.0154803 0.0348305 0.0235942 0.0212383 -0.00201102 -0.0017301 0.00109938 7.76985e-05 -0.00238325
internal_weight=290268 24378 265890 22554 102222 163668 1824 7483 75481 15071 1008 59519 6475 97527 26741 15962 11677 25482 3394 10211 10200 1499 885 939 747 44179 37310 23404 10103 56100
internal_count=290268 24378 265890 22554 102222 163668 1824 7483 75481 15071 1008 59519 6475 97527 26741 15962 11677 25482 3394 10211 10200 1499 885 939 747 44179 37310 23404 10103 56100
is_linear=0
shrinkage=0.05


Tree=25
num_leaves=31
num_cat=0
split_feature=0 0 0 4 0 0 0 11 4 13 4 13 19 14 21 13 22 8 5 2 24 24 22 4 24 11 13 22 14 14
split_gain=1087.9 282.701 215.7 65.6505 50.2104 45.7052 40.3406 17.0328 15.9689 15.8131 14.9569 13.0444 12.7453 13.0693 12.2034 11.1531 11.0644 10.4406 10.1877 8.81551 8.37051 8.34933 8.39276 8.002 7.49451 7.22129 7.10659 11.3652 7.00328 6.77534
threshold=17.205000000000002 65.610000000000014 8.7850000000000019 28.445000000000004 12.205000000000002 126.53000000000002 5.5550000000000006 12.59500026702881 10.155000000000003 0.95000000000000007 21.005000000000006 0.15000000000000005 26.720000000000002 28.450000000000003 30.600000000000005 0.75000000000000011 -0.8781231054254196 12.500000000000002 11.467857142857145 -3.7199999999999989 inf 1.4950000000000003 -0.99467753128998015 102.57500000000002 -0.58499999999999985 11.045000076293947 0.15000000000000005 0.98372640911059162 35.050000000000004 29.250000000000004
decision_type=2 2 2 2 2 2 2 2 2 2 2 2 2 2 8 2 2 2 2 2 8 8 2 2 10 2 2 2 2 2
left_child=2 3 6 17 9 11 -1 12 -8 14 16 -3 13 -5 25 -7 -6 21 -11 -13 -10 -2 -23 -21 -12 -4 27 -18 -15 -28
right_child=1 5 4 7 10 15 8 -9 20 18 24 19 -14 28 -16 -17 26 -19 -20 23 -22 22 -24 -25 -26 -27 29 -29 -30 -31
leaf_value=-0.013811656056671518 0.0040155852587787566 0.026957247787979213 0.0015058526816616592 0.012647764295973078 0.0032593253421440991 0.05011850435906634 -0.0069345025805680116 0.019635528067315864 -0.0037800076515306135 -0.0035840140394160173 0.0096513111456828869 0.016206567557564909 0.015139609766740426 0.0088288389923882778 -0.001779935692068026 0.042790753545935423 0.0016503447526469575 0.020072842950266789 -0.00059050756503152882 0.020625782685975799 0.025597104072900834 0.014687362338360523 0.0059031568624301426 0.023213375167889377 0.0033631436923638397 0.010949678708376648 0.001982485258402277 0.009356725546674001 0.017928362484182472 -0.00093467177744741513
leaf_weight=61234 8845 575 6437 991 5255 622 50870 1954 47892 42315 774 500 2574 5574 6939 263 2519 357 11627 407 134 297 2907 369 5950 287 4342 178 100 17180
leaf_count=61234 8845 575 6437 991 5255 622 50870 1954 47892 42315 774 500 2574 5574 6939 263 2519 357 11627 407 134 297 2907 369 5950 287 4342 178 100 17180
internal_value=-0.00134131 0.00834915 -0.00230822 0.00658524 -0.000532886 0.0235636 -0.00345907 0.00936165 -0.0028346 -0.00133755 0.000969942 0.0190951 0.00846466 0.00731058 0.000181877 0.0329096 0.000484494 0.00408028 -0.00172241 0.0162774 -0.00218069 0.00383061 0.00601748 0.0196134 0.00309786 0.00169988 3.32372e-05 0.00245272 0.00638526 -0.000269958
internal_weight=290268 26335 263933 23599 103803 2736 160130 11193 98896 67605 36198 1851 9239 6665 13663 885 29474 12406 53942 1276 48026 12049 3204 776 6724 6724 24219 2697 5674 21522
internal_count=290268 26335 263933 23599 103803 2736 160130 11193 98896 67605 36198 1851 9239 6665 13663 885 29474 12406 53942 1276 48026 12049 3204 776 6724 6724 24219 2697 5674 21522
is_linear=0
shrinkage=0.05


Tree=26
num_leaves=31
num_cat=0
split_feature=3 4 3 5 4 8 18 18 19 13 15 22 13 17 18 8 18 22 10 4 13 15 13 19 13 24 5 20 24 3
split_gain=939.836 254.953 173.53 69.3686 48.4757 38.3009 25.231 24.7598 21.1775 20.8758 17.277 13.8263 13.8001 13.7548 12.923 12.1672 11.0043 10.8011 10.521 10.254 10.0631 9.93999 9.83407 9.47529 9.34676 9.1151 8.67591 7.95631 7.81651 7.63406
threshold=15.658333333333335 102.57500000000002 8.0683333333333369 26.162857142857149 14.025 31.500000000000004 6.6850000000000014 115.98 24.085000000000004 0.95000000000000007 42.500000000000007 -0.86976336936302323 5.9500000000000011 132.50000000000003 21.785000000000004 12.500000000000002 33.70000000000001 -0.99630266176052629 4.207083225250245 8.8350000000000026 2.1500000000000008 78.500000000000014 2.0500000000000003 12.125000000000002 0.95000000000000007 inf 6.2607142857142861 372.2000000000001 0.89500000000000013 11.618333333333334
decision_type=2 2 2 2 2 2 2 2 2 2 2 2 2 2 2 2 2 2 2 2 2 2 2 2 2 8 2 10 8 2
left_child=2 3 6 8 12 7 26 16 13 18 -5 17 23 -2 21 -15 -3 -12 -6 -8 -21 25 -9 -4 -13 29 -1 -27 -10 -11
right_child=1 5 4 10 9 -7 19 22 28 14 11 24 -14 15 -16 -17 -18 -19 -20 20 -22 -23 -24 -25 -26 27 -28 -29 -30 -31
leaf_value=-0.014327328212944379 0.0021521973284322287 0.02567239626111158 -0.0023383253649274429 0.018290847792442239 0.0016706034591484353 0.054108871702790287 -0.0073721101325145491 0.035550208763055938 0.0068280059204137685 -0.0026255243743105797 0.015086440595909942 0.018391736747694003 -0.0043197578863900963 0.005212440348779393 0.0056835734357871467 0.018872724787531926 0.021338810285544324 0.010559453458604639 0.007046955343212348 -0.00076788255836101476 -0.004966350154100397 0.0018068506466240798 0.027639692533135252 0.00074864941122103096 0.010813055344271169 0.01726651234820074 -0.0073695366613412876 6.1928911383551155e-05 0.01256966486739816 -0.00030306902122553494
leaf_weight=47361 6454 473 26229 459 9415 381 21536 474 1040 16841 507 1401 33491 11768 1345 493 1263 1921 2103 7667 27151 4437 181 6786 2647 222 34094 262 1612 20254
leaf_count=47361 6454 473 26229 459 9415 381 21536 474 1040 16841 507 1401 33491 11768 1345 493 1263 1921 2103 7667 27151 4437 181 6786 2647 222 34094 262 1612 20254
internal_value=-0.00133563 0.00688131 -0.00232073 0.00546392 -0.000942251 0.0213528 -0.00353493 0.0190067 0.00405368 0.000157709 0.00980894 0.00914453 -0.00184991 0.00346113 -0.000344896 0.00444458 0.0158813 0.00616145 0.00204983 -0.00272155 -0.00219111 -0.000499335 0.0272901 -0.00112449 0.0109338 -0.000763593 -0.00409766 0.00605372 0.00823529 -0.000852542
internal_weight=290268 31074 259194 28302 121385 2772 137809 2391 21367 54879 6935 6476 66506 18715 43361 12261 1736 2428 11518 56354 34818 42016 655 33015 4048 37579 81455 484 2652 37095
internal_count=290268 31074 259194 28302 121385 2772 137809 2391 21367 54879 6935 6476 66506 18715 43361 12261 1736 2428 11518 56354 34818 42016 655 33015 4048 37579 81455 484 2652 37095
is_linear=0
shrinkage=0.05


Tree=27
num_leaves=31
num_cat=0
split_feature=0 0 0 0 4 0 0 13 21 0 4 11 4 17 13 4 19 22 14 19 22 20 21 24 23 24 23 22 9 11
split_gain=869.22 232.399 186.598 58.4162 44.1884 35.9051 34.6545 16.5853 16.2238 15.8116 13.183 12.9104 12.8403 11.5881 10.6492 9.37418 9.07241 8.7485 8.70608 8.67309 7.14828 6.84086 6.71328 6.74457 6.6443 6.54422 7.02779 6.95209 6.69293 5.89983
threshold=16.725000000000005 65.610000000000014 8.2450000000000028 24.485000000000003 14.025 126.53000000000002 5.5550000000000006 5.0500000000000007 67.500000000000014 11.255000000000001 189.73500000000004 11.994999885559084 9.1350000000000033 131.50000000000003 1.0000000180025095e-35 22.255000000000006 43.655000000000008 -0.031173458710879235 28.450000000000003 10.555000000000001 -0.46801505794253101 444.30000000000001 82.500000000000014 inf -0.5129677127369543 1.7100000000000002 -0.49812626372919411 -0.99985146406598202 417.44560241699224 14.025000095367433
decision_type=2 2 2 2 2 2 2 2 8 2 2 2 2 2 2 2 2 2 2 2 2 10 8 8 2 8 2 2 2 2
left_child=2 3 6 15 7 14 -1 8 19 -6 24 16 -8 -11 21 20 18 29 -5 -4 -2 -3 23 -14 -7 28 -27 -28 -17 -15
right_child=1 5 4 11 9 10 12 -9 -10 13 -12 -13 22 17 -16 25 -18 -19 -20 -21 -22 -23 -24 -25 -26 26 27 -29 -30 -31
leaf_value=-0.012632229693227326 0.0050756399591105218 0.026371401466948764 -0.0014367956073225896 0.011647151190692928 -0.0011079444442383349 0.02727555494485679 -0.00722574502641192 -0.0039686242776741871 -0.0035961816160530757 -0.00038616055106930995 0.053702837234944061 0.017886493954084232 -0.0034771791054408561 0.00294205471767366 0.018538409120751959 0.004982107953025082 0.016305348739966332 0.00057703324983412953 0.0089946119762692785 0.0013624728228162773 0.0015831183678765934 0.022309426788644133 -0.0065387309646381397 0.034358762338753811 0.015322393719053119 0.012460301734824767 0.0072824908426139066 0.006943484255618828 0.0096791200195642212 0.0084123412270075207
leaf_weight=61234 3806 178 13653 875 18548 210 32395 33818 9260 10977 529 1798 41587 12272 1345 4941 1057 8125 5732 9612 4469 328 9523 85 146 1030 62 1066 676 931
leaf_count=61234 3806 178 13653 875 18548 210 32395 33818 9260 10977 529 1798 41587 12272 1345 4941 1057 8125 5732 9612 4469 328 9523 85 146 1030 62 1066 676 931
internal_value=-0.00134114 0.006992 -0.00223952 0.00550682 -0.000756256 0.0208406 -0.00343983 -0.00160627 -0.000800155 0.000352682 0.0291243 0.00862291 -0.00277785 0.00102074 0.0168801 0.00366978 0.00772834 0.00170011 0.00704026 -9.56384e-05 0.00249849 0.0230632 -0.00228489 -0.00201118 0.0216854 0.0049164 0.00725672 0.00453014 0.00401727 0.00249451
internal_weight=290268 28248 262020 25512 117196 2736 144824 66343 32525 50853 885 9462 83590 32305 1851 16050 7664 21328 6607 23265 8275 506 51195 41672 356 7775 2158 1128 5617 13203
internal_count=290268 28248 262020 25512 117196 2736 144824 66343 32525 50853 885 9462 83590 32305 1851 16050 7664 21328 6607 23265 8275 506 51195 41672 356 7775 2158 1128 5617 13203
is_linear=0
shrinkage=0.05


Tree=28
num_leaves=31
num_cat=0
split_feature=0 0 0 4 2 4 0 8 1 0 23 21 8 4 4 23 15 17 23 8 4 19 14 8 4 2 19 9 2 19
split_gain=778.083 223.498 165.019 46.5607 45.2188 39.2871 29.7701 18.4366 16.843 13.0697 11.9075 11.7981 11.6352 11.402 11.3396 10.8281 10.3043 9.70915 9.63161 8.87963 8.84925 7.82613 8.7534 7.60401 7.29618 7.21529 6.93119 6.79829 7.28342 6.53192
threshold=15.905000000000003 52.645000000000003 7.9250000000000007 27.615000000000006 30.32 13.025 5.3550000000000013 58.500000000000007 124.20500000000003 11.255000000000001 -0.5129677127369543 97.500000000000014 14.500000000000002 134.03500000000003 9.5250000000000004 -0.59867820553660911 48.500000000000007 131.50000000000003 -0.45273527932988084 12.500000000000002 20.055000000000003 37.785000000000004 28.450000000000003 38.500000000000007 48.850000000000001 -7.0349999999999984 10.495000000000003 47.269611358642585 4.9450000000000021 23.045000000000005
decision_type=2 2 2 2 2 2 2 2 2 2 2 8 2 2 2 2 2 2 2 2 2 2 2 2 2 2 2 2 2 2
left_child=2 3 6 16 7 11 -1 13 10 -7 -6 19 21 25 -8 -15 -2 -11 -17 26 -19 22 -5 29 -16 -3 -4 28 -24 -18
right_child=1 4 5 12 8 9 14 -9 -10 17 -12 -13 -14 15 24 18 23 20 -20 -21 -22 -23 27 -25 -26 -27 -28 -29 -30 -31
leaf_value=-0.012711137372740378 0.0097604865066834943 0.0096392512186208659 -0.0031091010329949457 0.010914530343395699 0.029048251890441103 -0.0012005880150512136 -0.0069697754779340058 0.043952846841377166 0.055198327115857516 -0.00077786653851261948 0.024846123244870306 -0.0049148304407598377 0.019437083833667632 0.015165644803087722 -0.0037672291824443478 0.025058804590794431 0.002738525319029802 0.0008585895382861652 0.021207961151505927 0.01570046783948682 0.0044579856559379717 0.014603475486087775 0.0078820569554473568 0.029948329368017237 0.031408399468470467 0.015258543230562402 -0.00097910548476848715 0.0054318346105279615 0.016125587177087168 0.0064067992813346452
leaf_weight=55380 1208 391 32597 1262 401 26893 37686 184 180 11468 308 12692 812 264 42143 345 13971 18360 405 83 4666 1303 3358 56 103 1179 16087 3382 1397 1704
leaf_count=55380 1208 391 32597 1262 401 26893 37686 184 180 11468 308 12692 812 264 42143 345 13971 18360 405 83 4666 1303 3358 56 103 1179 16087 3382 1397 1704
internal_value=-0.00133425 0.00600592 -0.00224723 0.00451042 0.0176415 -0.000920503 -0.00345173 0.0144906 0.0274522 -2.5821e-05 0.0239845 -0.00181414 0.0069637 0.0134017 -0.00283441 0.0175345 0.00284285 0.000618367 0.0206 -0.00146072 0.00121037 0.00652588 0.00602245 0.00250111 -0.00227193 0.0107325 -0.00148858 0.00542153 0.00664038 0.00243541
internal_weight=290268 32110 258158 28453 3657 122846 135312 2768 889 61387 709 61459 11514 2584 79932 1014 16939 34494 750 48767 23026 10702 9399 15731 42246 1570 48684 8137 4755 15675
internal_count=290268 32110 258158 28453 3657 122846 135312 2768 889 61387 709 61459 11514 2584 79932 1014 16939 34494 750 48767 23026 10702 9399 15731 42246 1570 48684 8137 4755 15675
is_linear=0
shrinkage=0.05


Tree=29
num_leaves=31
num_cat=0
split_feature=0 0 0 2 0 4 0 1 13 18 13 4 13 4 23 21 5 15 4 9 24 17 21 15 13 15 15 13 4 23
split_gain=700.577 202.852 158.624 43.1912 39.6356 34.8445 30.4709 17.5697 17.0493 15.3645 13.8697 13.4097 11.9995 11.3746 10.693 10.1619 9.88402 9.21695 8.8593 8.01359 6.80883 7.5615 6.54596 6.5239 6.29982 5.99455 5.9193 5.75682 5.61423 6.71644
threshold=15.905000000000003 52.645000000000003 7.9250000000000007 30.32 22.805000000000003 13.025 5.3550000000000013 124.20500000000003 0.55000000000000016 18.725000000000005 1.1500000000000001 189.73500000000004 0.95000000000000007 11.535000000000002 -0.5129677127369543 30.600000000000005 14.760714285714288 47.500000000000007 36.055000000000007 600.63439941406261 -0.95499999999999985 199.50000000000003 67.500000000000014 78.500000000000014 10.050000000000002 40.500000000000007 45.500000000000007 1.0500000000000003 134.03500000000003 -0.61236746317008228
decision_type=2 2 2 2 2 2 2 2 2 2 2 2 2 2 2 8 2 2 2 2 10 2 8 2 2 2 2 2 2 2
left_child=2 4 6 8 17 10 -1 14 11 12 15 26 25 -8 27 -4 23 -2 -6 -18 21 -19 24 -14 -12 -7 -3 -5 -10 -30
right_child=1 3 5 7 18 9 13 -9 28 -11 22 -13 16 -15 -16 -17 19 20 -20 -21 -22 -23 -24 -25 -26 -27 -28 -29 29 -31
leaf_value=-0.012075580504103367 0.0098654858639149537 0.017490275551857042 0.0010916681876419147 0.029556627337778998 0.0072479273941947744 0.0086272163853613523 -0.0058360950308608533 0.052438410760064627 0.010283618218988745 0.0049423788152639474 -0.0020747651116332171 0.040001789586477432 -0.0016173780186694688 -0.0029065510004614363 0.023603817082626783 -0.0022306905590917816 0.00085800917847511638 0.0054883402692791272 0.012327380019582957 0.0042517473650615003 0.0029537249709566003 0.016297916227426972 -0.0052962802531102346 0.0012651644828940416 -0.0044047605172176504 0.0012856872941694655 0.017512824736530427 0.020314143494298234 0.0045575492708812724 0.019632671866071018
leaf_weight=55380 1042 391 6862 307 5010 290 57347 180 869 2817 21228 253 35136 22585 308 7030 6823 863 5369 556 15940 229 10085 3627 16254 12138 636 94 119 500
leaf_count=55380 1042 391 6862 307 5010 290 57347 180 869 2817 21228 253 35136 22585 308 7030 6823 863 5369 556 15940 229 10085 3627 16254 12138 636 94 119 500
internal_value=-0.001311 0.005654 -0.00217731 0.0167391 0.00422925 -0.000876546 -0.00335824 0.0263273 0.0136597 -3.3966e-05 -0.00171814 0.0178906 -0.000207445 -0.0027337 0.0227856 -0.000328248 -0.000578866 0.00281509 0.00669188 0.00109839 0.00253581 0.00635531 -0.00212406 -0.000898151 -0.00181981 0.00117155 0.0153505 0.0281671 0.0100202 0.0136591
internal_weight=290268 32110 258158 3657 28453 122846 135312 889 2768 61387 61459 1280 58570 79932 709 13892 46142 18074 10379 7379 17032 1092 47567 38763 37482 12428 1027 401 1488 619
internal_count=290268 32110 258158 3657 28453 122846 135312 889 2768 61387 61459 1280 58570 79932 709 13892 46142 18074 10379 7379 17032 1092 47567 38763 37482 12428 1027 401 1488 619
is_linear=0
shrinkage=0.05


Tree=30
num_leaves=31
num_cat=0
split_feature=0 0 0 2 4 4 0 1 8 11 18 4 13 21 8 15 8 4 15 13 17 5 17 24 18 24 24 8 11 19
split_gain=626.261 182.536 148.609 42.3001 36.4986 34.8976 27.9192 19.033 15.9446 12.9073 12.3608 11.9876 11.7501 11.8657 10.9552 9.40521 9.22997 9.15472 8.43444 12.0821 8.25645 7.94213 7.67609 9.36562 7.37413 7.01111 6.78426 6.75466 6.17243 6.14434
threshold=15.715000000000002 52.645000000000003 7.6450000000000005 30.32 27.615000000000006 12.725000000000003 4.955000000000001 124.20500000000003 32.500000000000007 13.085000038146974 18.345000000000002 9.0550000000000015 5.4500000000000011 67.500000000000014 14.500000000000002 48.500000000000007 12.500000000000002 134.03500000000003 78.500000000000014 3.7500000000000004 139.50000000000003 13.343571428571432 171.50000000000003 -0.27499999999999997 115.98 -0.089999999999999983 inf 12.500000000000002 16.545000076293949 37.785000000000004
decision_type=2 2 2 2 2 2 2 2 2 2 2 2 2 8 2 2 2 2 2 2 2 2 2 8 2 8 8 2 2 2
left_child=2 4 6 8 15 12 -1 28 24 10 18 -8 13 16 29 -2 22 -10 19 20 -7 -21 -4 -24 -3 -25 -13 -17 -5 -6
right_child=1 3 5 7 14 9 11 -9 17 -11 -12 26 -14 -15 -16 27 -18 -19 -20 21 -22 -23 23 25 -26 -27 -28 -29 -30 -31
leaf_value=-0.012936286116679935 0.0090536067978803127 0.013186208054755661 -0.0024435358699706976 0.022756325974179679 0.0077072989802088225 -0.0011332737890017615 -0.0071513693999054181 0.049816490222061402 0.017370587166976224 0.0050184411715565704 0.0040616105053711054 -0.0038649253528525726 -0.0041188661496866282 -0.0037201403640467335 0.017762110511017382 0.002564020624009141 0.018800791046928118 0.04711582240006678 0.0018811969399275452 -0.0025935559434540636 0.0012310887234587538 0.00024803524945861725 -0.0023376658564185212 0.0039067170765689843 0.019400049898435544 0.00076496693680052448 0.036673299150479489 0.018904006286319941 0.03282649854025977 0.013427069274053936
leaf_weight=44302 1257 1948 9981 500 9511 9427 35353 180 164 2145 2978 46687 33200 8969 818 16208 50 169 4969 24718 14663 7556 4702 2041 487 5365 72 331 209 1308
leaf_count=44302 1257 1948 9981 500 9511 9427 35353 180 164 2145 2978 46687 33200 8969 818 16208 50 169 4969 24718 14663 7556 4702 2041 487 5365 72 331 209 1308
internal_value=-0.00129635 0.0051783 -0.00212942 0.0157137 0.0038693 -0.000947663 -0.00335185 0.0252025 0.0126662 -0.000144157 -0.000271417 -0.00280605 -0.00177801 -0.00107979 0.00604666 0.00244549 -0.000458242 0.0229279 -0.000424161 -0.000598255 0.000249065 -0.00123071 -0.000506815 0.000339444 0.0112628 0.00144747 -0.00228074 0.0021286 0.0215162 0.00562483
internal_weight=290268 33090 257178 3657 29433 130764 126414 889 2768 66456 64311 82112 64308 31108 11637 17796 22139 333 61333 56364 24090 32274 22089 12108 2435 7406 46759 16539 709 10819
internal_count=290268 33090 257178 3657 29433 130764 126414 889 2768 66456 64311 82112 64308 31108 11637 17796 22139 333 61333 56364 24090 32274 22089 12108 2435 7406 46759 16539 709 10819
is_linear=0
shrinkage=0.05


Tree=31
num_leaves=31
num_cat=0
split_feature=0 0 0 4 2 4 1 5 8 15 13 23 8 15 22 21 22 23 4 8 19 9 23 22 13 14 19 9 5 8
split_gain=567.914 185.132 124.331 45.6048 41.3387 33.9441 18.6288 16.8907 14.9398 12.5753 11.9204 10.9589 10.7778 10.701 10.3337 10.0983 9.24981 20.2365 14.8551 9.1955 8.76409 8.52315 7.668 17.063 7.62346 7.52418 9.41917 8.21958 7.37003 7.04717
threshold=14.305000000000001 52.645000000000003 6.6950000000000012 25.705000000000002 30.32 11.775 124.20500000000003 5.9978571428571446 64.500000000000014 50.500000000000007 8.1500000000000004 -0.5129677127369543 14.500000000000002 78.500000000000014 -0.31799228562170639 67.500000000000014 -0.8041866928211282 -0.5129677127369543 189.73500000000004 11.500000000000002 18.675000000000004 49.988454818725593 -0.6523320455745395 -0.73866753694953124 4.7500000000000009 29.650000000000002 28.615000000000006 45.405416488647468 13.467857142857145 41.500000000000007
decision_type=2 2 2 2 2 2 2 2 2 2 2 2 2 2 2 8 2 2 2 2 2 2 2 2 2 2 2 2 2 2
left_child=2 3 7 14 8 10 11 -1 16 -7 15 -6 25 20 29 19 17 -3 -19 -4 24 -20 23 -18 -11 -5 27 -27 -26 -2
right_child=1 4 5 12 6 9 -8 -9 -10 13 -12 -13 -14 -15 -16 -17 22 18 21 -21 -22 -23 -24 -25 28 26 -28 -29 -30 -31
leaf_value=-0.012016326161681757 0.0034214536931040161 0.021472616872581122 -0.0017016615013076873 0.0086550959106643163 0.024980191595953154 0.0025706698316304041 0.047325665710958351 -0.0056721832344010462 0.043068903489911048 -0.00055606309989624837 -0.0049012421961361907 0.021119441676032122 0.01710150063382054 0.0013448997797783047 0.0008444595319872947 -0.0041617757652668555 0.018929050735583007 0.0097902819081382517 0.027061746127212627 0.028781820980856077 0.0029329787387609016 0.0072972488288623114 0.002899162205775305 0.011298742188168273 -0.0028137434363930476 0.0076907362190794595 0.011806608965349692 0.0026873854738638627 0.00025774606602009244 0.028712897058476284
leaf_weight=46957 12470 313 28484 3123 401 3556 180 49518 155 29728 31275 308 903 6923 11456 11049 126 967 267 52 2679 68 310 562 32484 4847 1977 3437 5623 70
leaf_count=46957 12470 313 28484 3123 401 3556 180 49518 155 29728 31275 308 903 6923 11456 11049 126 967 267 52 2679 68 310 562 32484 4847 1977 3437 5623 70
internal_value=-0.0012638 0.00411779 -0.00217269 0.00309106 0.014866 -0.00128094 0.0242463 -0.00357632 0.0118533 -0.000581718 -0.00208016 0.0205994 0.00532757 -0.000715228 0.00175946 -0.00150373 0.0109587 0.0132972 0.010553 -0.0010068 -0.000899397 0.0196269 0.00717435 0.0101163 -0.00101017 0.00497086 0.00431683 0.00357677 -0.00147834 0.00275119
internal_weight=290268 41940 248328 38283 3657 151853 889 96475 2768 80993 70860 709 14287 77437 23996 39585 2613 1615 1302 28536 70514 335 998 688 67835 13384 10261 8284 38107 12540
internal_count=290268 41940 248328 38283 3657 151853 889 96475 2768 80993 70860 709 14287 77437 23996 39585 2613 1615 1302 28536 70514 335 998 688 67835 13384 10261 8284 38107 12540
is_linear=0
shrinkage=0.05


Tree=32
num_leaves=31
num_cat=0
split_feature=0 0 0 4 2 4 0 1 17 4 10 20 13 22 21 22 13 19 4 2 5 22 13 15 5 13 8 19 1 8
split_gain=512.584 143.422 132.956 38.3564 36.5122 30.4294 18.4606 16.4432 13.611 13.5447 13.1898 11.7143 10.8086 9.87882 9.7455 8.71754 8.41948 8.41588 8.33715 7.61982 7.1174 7.22706 6.93151 6.31995 6.28316 6.2829 6.15825 5.97428 5.86342 5.81238
threshold=15.365 52.645000000000003 6.6950000000000012 11.775 30.32 27.615000000000006 4.6550000000000011 124.20500000000003 135.50000000000003 189.73500000000004 3.2619999647140507 407.40000000000003 8.1500000000000004 -0.861146256326485 67.500000000000014 -0.30983472475487867 1.0000000180025095e-35 18.675000000000004 8.9650000000000016 9.5999999999999996 30.295000000000005 -0.8781231054254196 0.35000000000000003 72.500000000000014 14.760714285714288 3.6500000000000008 10.500000000000002 10.495000000000003 9.4050000000000029 42.500000000000007
decision_type=2 2 2 2 2 2 2 2 2 2 2 10 2 2 8 2 2 2 2 2 2 2 2 2 2 2 2 2 2 2
left_child=2 5 6 12 9 15 -1 13 23 16 17 -11 14 -6 26 29 -3 24 -8 20 -7 -22 -15 -5 25 -10 27 -4 -21 -2
right_child=1 4 3 8 7 19 18 -9 10 11 -12 -13 -14 22 -16 -17 -18 -19 -20 28 21 -23 -24 -25 -26 -27 -28 -29 -30 -31
leaf_value=-0.013057052465271024 0.0040812351325283285 0.016034978389137543 -0.0023814229560348218 -0.0024703871678189953 0.021442358464355611 0.0052896387082267699 -0.0076667779405823035 0.044959382425410442 0.00036568215278171804 0.012555312519937287 0.0033937727531979053 0.039049772999942722 -0.0046561800863293753 0.027911489539460529 -0.0039536869770035055 0.0011175669198584079 0.010520222250425391 0.0036627909748003294 -0.0042157124996959252 0.025102572784039934 0.0088751137574867352 0.010859339037384147 0.01697807209760651 0.00014870501149828085 0.0019794682624559002 -0.0014235263795394034 0.018476056541194621 0.00022308472956600778 0.012885885787103561 0.025841537992864497
leaf_weight=36578 10836 606 20804 25053 294 6475 28523 180 16223 274 4231 287 31275 241 11049 8618 1601 2645 31374 57 1479 1864 174 6659 4397 28711 64 7668 1956 72
leaf_count=36578 10836 606 20804 25053 294 6475 28523 180 16223 274 4231 287 31275 241 11049 8618 1601 2645 31374 57 1479 1864 174 6659 4397 28711 64 7668 1956 72
internal_value=-0.00124399 0.00442908 -0.00202218 -0.00113268 0.0137996 0.00333626 -0.00348614 0.0226153 -0.000435004 0.0109682 3.22902e-05 0.0179055 -0.00199831 0.019189 -0.00144941 0.00212383 0.0092048 -0.000186241 -0.00294564 0.00533725 0.00476268 0.00663625 0.0241566 -0.00126325 -0.000333564 -0.000510083 -0.000961243 -0.000996068 0.00813959 0.00306289
internal_weight=290268 35014 255254 158779 3657 31357 96475 889 87919 2768 56207 561 70860 709 39585 19526 2207 51976 59897 11831 9818 3343 415 31712 49331 44934 28536 28472 2013 10908
internal_count=290268 35014 255254 158779 3657 31357 96475 889 87919 2768 56207 561 70860 709 39585 19526 2207 51976 59897 11831 9818 3343 415 31712 49331 44934 28536 28472 2013 10908
is_linear=0
shrinkage=0.05


Tree=33
num_leaves=31
num_cat=0
split_feature=0 0 0 4 0 4 5 8 13 15 2 2 5 23 23 5 21 13 13 23 21 4 8 1 5 13 13 15 21 13
split_gain=460.695 137.909 110.852 38.8276 29.702 28.6808 17.0985 16.2977 13.2957 11.9776 11.6341 10.929 9.94473 9.24514 12.7615 8.0179 7.76845 9.90553 7.1563 7.19383 6.68808 6.62977 6.5169 7.88849 6.43549 6.26081 6.16109 5.76334 5.72718 5.67132
threshold=14.035000000000002 52.645000000000003 6.495000000000001 22.255000000000006 126.53000000000002 11.185 6.0621428571428586 31.500000000000004 0.8500000000000002 78.500000000000014 9.5999999999999996 13.560000000000002 23.308571428571433 -0.5129677127369543 -0.55656394595157355 12.563571428571432 82.500000000000014 3.3500000000000001 0.15000000000000005 0.39629089145655322 30.600000000000005 189.73500000000004 11.500000000000002 15.945000000000002 72.547142857142873 0.15000000000000005 7.2500000000000009 52.500000000000007 42.500000000000007 61.95000000000001
decision_type=2 2 2 2 2 2 2 2 2 2 2 2 2 2 2 2 8 2 2 2 8 2 2 2 2 2 2 2 8 2
left_child=2 3 6 18 11 16 -1 21 20 15 12 24 -5 14 -13 26 17 -4 19 27 -7 -6 -12 -24 -3 -26 28 -2 -10 -8
right_child=1 4 5 10 7 8 29 -9 9 -11 22 13 -14 -15 -16 -17 -18 -19 -20 -21 -22 -23 23 -25 25 -27 -28 -29 -30 -31
leaf_value=-0.011090077960823477 0.0086547871772687923 0.007818137492646279 -0.0011025243562613478 0.0040352323229482746 0.015569820179072907 0.0018606313811643646 -0.0052357656533883346 0.046287786337630435 -0.0006713324663317593 0.00087223746082875232 0.010894941033885761 0.01727365067685609 0.0082030076327679526 0.014957852094493141 0.020016454978395326 -6.4708251829672625e-05 -0.0049199381956378822 -0.0037847663836286898 0.0010073174829771487 -0.0010077642278279477 -0.00061957979982878381 0.030103078413897061 0.026305619841691753 0.021503996202674933 0.018573270196589595 0.011170117128412666 -0.0031683562588977875 0.0027039279382033996 -0.0028994770970920403 0.0098703796969938085
leaf_weight=46804 1021 790 14988 10087 310 8110 43197 228 19094 7923 2246 518 6687 501 130 12663 15755 32976 18085 625 7937 347 60 201 177 656 29773 1309 6953 117
leaf_count=46804 1021 790 14988 10087 310 8110 43197 228 19094 7923 2246 518 6687 501 130 12663 15755 32976 18085 625 7937 347 60 201 177 656 29773 1309 6953 117
internal_value=-0.00122332 0.00349061 -0.00206505 0.00264738 0.0127878 -0.00125925 -0.00346146 0.0207627 -0.000696734 -0.000971522 0.00426819 0.0102417 0.00379337 0.013973 0.0179167 -0.00118446 -0.00207544 -0.00175903 0.00116207 0.00344332 0.00061164 0.0167656 0.00744515 0.0149234 0.00760012 0.0106663 -0.00144214 0.00472103 -0.000880525 -0.00274553
internal_weight=290268 43978 246290 40321 3657 156172 90118 885 92453 76406 19281 2772 16774 1149 648 68483 63719 47964 21040 2955 16047 657 2507 261 1623 833 55820 2330 26047 43314
internal_count=290268 43978 246290 40321 3657 156172 90118 885 92453 76406 19281 2772 16774 1149 648 68483 63719 47964 21040 2955 16047 657 2507 261 1623 833 55820 2330 26047 43314
is_linear=0
shrinkage=0.05


Tree=34
num_leaves=31
num_cat=0
split_feature=0 0 0 0 8 5 13 21 0 13 0 8 20 19 8 19 22 17 24 15 23 22 22 1 24 22 22 5 15 24
split_gain=410.6 120.625 105.692 33.5365 30.403 25.1625 17.9896 16.3084 15.5243 12.881 12.2068 11.092 10.9251 9.67919 9.29375 8.48689 8.2726 8.23503 7.69172 7.57126 7.33811 11.0288 7.83993 6.7369 9.36176 7.48574 6.62454 6.58286 6.58012 6.34968
threshold=14.035000000000002 52.645000000000003 6.2950000000000008 20.825000000000003 32.500000000000007 10.455000000000002 5.4500000000000011 67.500000000000014 4.455000000000001 0.15000000000000005 85.655000000000015 12.500000000000002 426.60000000000008 8.9350000000000005 32.500000000000007 53.32500000000001 -0.28519255817492867 171.50000000000003 -0.27499999999999997 78.500000000000014 0.080547328232315238 0.98372640911059162 0.9893236546938301 6.8350000000000009 -0.064999999999999988 0.61237135649459018 -0.73866753694953124 7.0221428571428586 80.500000000000014 -0.65999999999999981
decision_type=2 2 2 2 2 2 2 8 2 2 2 2 10 2 2 2 2 2 8 2 2 2 2 2 10 2 2 2 2 8
left_child=2 3 8 16 9 6 7 11 -1 12 -6 13 15 -4 -5 -3 -2 -15 -19 -7 -20 23 -23 24 25 -22 -11 -27 -8 -10
right_child=1 4 5 14 10 19 28 -9 29 26 -12 -13 -14 17 -16 -17 -18 18 20 -21 21 22 -24 -25 -26 27 -28 -29 -30 -31
leaf_value=-0.012945075381137892 0.0029559262777216358 0.011086216508348564 -0.0020070088006532883 0.006648205456825311 0.014314234609105504 -0.00054370061945171327 -0.0040720556242109509 -0.0034562345403768022 -0.0098088197502143506 0.013209448712985232 0.038381880715656312 0.019899522939221218 0.014708335548493415 -0.0013291364086264971 0.018604922620226939 0.024310947341431726 0.00058459227072276353 -0.0009575784026918928 0.0014193284894690301 0.0018346904123796347 0.0038997902367641948 0.011337038220332149 0.0048703151271114022 0.0019882793299850362 -0.0016210350831232002 0.0052760961733358397 0.005003978770380061 0.0099056381432323752 -0.00094297290553549569 -0.0051624384920281874
leaf_weight=31789 14795 98 18825 12855 191 38636 61256 13887 5852 1803 316 106 576 8407 369 223 12302 3920 4845 3827 112 96 215 1435 181 100 450 103 6537 46161
leaf_count=31789 14795 98 18825 12855 191 38636 61256 13887 5852 1803 316 106 576 8407 369 223 12302 3920 4845 3827 112 96 215 1435 181 100 450 103 6537 46161
internal_value=-0.00120523 0.00324503 -0.00199988 0.00245641 0.0119401 -0.00125603 -0.00162612 -0.000928742 -0.00344216 0.0101111 0.0233037 -0.000397054 0.0151784 -0.000441828 0.00452057 0.0225701 0.00144905 0.000341505 0.00124148 -0.000209949 0.00222449 0.00458965 0.013328 0.00318229 0.00820564 0.0134127 0.00809365 0.0191379 -0.00216343 -0.00291014
internal_weight=290268 43978 246290 40321 3657 162488 120025 52232 83802 3150 507 38345 897 38239 13224 321 27097 19414 11007 42463 7087 2242 311 1931 496 315 2253 203 67793 52013
internal_count=290268 43978 246290 40321 3657 162488 120025 52232 83802 3150 507 38345 897 38239 13224 321 27097 19414 11007 42463 7087 2242 311 1931 496 315 2253 203 67793 52013
is_linear=0
shrinkage=0.05


Tree=35
num_leaves=31
num_cat=0
split_feature=3 5 2 5 1 13 21 5 22 5 18 4 22 11 2 9 14 15 17 17 22 13 15 22 22 15 15 22 16 15
split_gain=365.035 109.175 102.1 47.0656 23.9137 23.6331 18.1623 16.194 12.6459 12.1012 10.6209 10.4593 10.0765 9.75961 8.50874 8.56267 8.43188 7.77992 7.72382 7.48605 9.19555 7.3237 7.19108 7.09653 9.42368 7.07605 6.51716 6.32256 6.14452 6.63733
threshold=13.925000000000002 6.8478571428571433 18.555000000000007 28.063571428571432 124.20500000000003 3.8500000000000001 67.500000000000014 5.1292857142857144 -0.28519255817492867 9.7207142857142887 24.385000000000002 134.03500000000003 0.49812943072827093 11.574999809265138 8.5750000000000046 998.87963867187511 29.450000000000003 45.500000000000007 147.50000000000003 135.50000000000003 -0.29343379936893921 4.7500000000000009 48.500000000000007 -0.98523971305672675 -0.99275805973510278 88.500000000000014 50.500000000000007 0.99761913169647187 10.250000000000002 46.500000000000007
decision_type=2 2 2 2 2 2 8 2 2 2 2 2 2 2 2 2 2 2 2 2 2 2 2 2 2 2 2 2 2 2
left_child=1 7 3 10 18 6 8 -1 13 25 14 -5 -10 19 15 22 -11 -13 -4 -3 23 -9 -2 24 -21 -7 -8 -14 29 -20
right_child=2 5 4 11 -6 9 26 21 12 16 -12 17 27 -15 -16 -17 -18 -19 28 20 -22 -23 -24 -25 -26 -27 -28 -29 -30 -31
leaf_value=-0.011973063137490254 0.0058050410372650456 -0.00088255914534582413 0.013414190579987946 0.0083429469868787336 0.036555986156196853 -0.0035185456248004975 0.0013846903170695458 -0.0031245258238833864 -0.0020325764867240091 0.00022586580657772749 0.0058688790774573578 0.030302120653519494 0.0010869636973784424 0.0082707434725684155 0.010121424792136109 0.0065577920002180372 -0.0020091265020284626 0.014046326637747179 0.024943582020011786 0.0015901143896801925 0.011171878147957635 -0.0064874814787541915 0.0012505996501166626 0.0014041637182309536 0.0078047393986819457 0.0017321596812499018 -0.0030244424497475183 -0.007134161924239742 0.018469715517356669 0.018891601573905081
leaf_weight=29791 1764 4962 599 5987 218 65685 1668 17128 11942 12437 4208 201 10890 1102 1143 710 23627 1076 75 806 65 41272 24963 10218 599 1602 13766 776 472 516
leaf_count=29791 1764 4962 599 5987 218 65685 1668 17128 11942 12437 4208 201 10890 1102 1143 710 23627 1076 75 806 65 41272 24963 10218 599 1602 13766 776 472 516
internal_value=-0.00118163 -0.00191024 0.00313341 0.00259887 0.0145213 -0.00113226 -0.000312886 -0.00332296 0.000233316 -0.00158252 0.00179212 0.00624036 -0.000524823 0.00124155 0.00144681 0.00127073 -0.000843502 0.0103485 0.0124789 0.000939939 0.00163073 -0.00283904 0.00112676 0.00152585 0.00485765 -0.00197862 -0.0017766 0.000520314 0.0150376 0.0184349
internal_weight=290268 248336 41932 40052 1880 160145 56794 88191 41360 103351 32788 7264 23608 17752 28580 27437 36064 1277 1662 16650 11688 58400 26727 11623 1405 67287 15434 11666 1063 591
internal_count=290268 248336 41932 40052 1880 160145 56794 88191 41360 103351 32788 7264 23608 17752 28580 27437 36064 1277 1662 16650 11688 58400 26727 11623 1405 67287 15434 11666 1063 591
is_linear=0
shrinkage=0.05


Tree=36
num_leaves=31
num_cat=0
split_feature=0 0 0 2 4 4 0 17 4 8 13 17 21 13 16 4 23 17 18 5 8 14 20 14 13 23 23 2 23 23
split_gain=339.969 100.898 91.2391 38.175 26.7544 17.4881 15.8062 13.6994 12.696 12.6241 9.84099 8.6062 8.1997 8.4665 7.50927 7.10175 6.67823 9.77202 6.00002 5.85832 5.81695 6.3996 5.80544 5.67427 5.59555 5.46151 5.39317 5.24366 4.6681 8.66058
threshold=14.035000000000002 6.1350000000000007 35.57500000000001 30.32 11.185 22.255000000000006 4.455000000000001 135.50000000000003 189.73500000000004 32.500000000000007 0.95000000000000007 147.50000000000003 82.500000000000014 3.2500000000000004 14.550000000000002 8.5950000000000006 0.79253265336324141 228.50000000000003 59.905000000000008 14.760714285714288 7.5000000000000009 26.350000000000005 390.10000000000008 32.650000000000013 0.55000000000000016 -0.44505783185115427 -0.86974577485258975 11.015000000000002 -0.52765736634565841 -0.55656394595157355
decision_type=2 2 2 2 2 2 2 2 2 2 2 2 8 2 2 2 2 2 2 2 2 2 10 2 2 2 2 2 2 2
left_child=1 6 5 9 12 22 -1 -6 28 18 23 -7 13 16 -11 -8 17 -3 26 -12 21 -13 -2 -9 -20 -23 -4 -22 29 -5
right_child=2 4 3 8 7 11 15 10 -10 14 19 20 -14 -15 -16 -17 -18 -19 24 -21 27 25 -24 -25 -26 -27 -28 -29 -30 -31
leaf_value=-0.011961103063151244 0.00048559527798251848 -0.0014960876024649756 0.012679586749354186 0.013741639104328456 -0.002082407327614368 0.0029570689084878789 -0.0073102097439913735 0.00070353713696422312 0.038471459713491418 0.026637951946170309 -0.00097427728858591337 0.010897994501294282 -0.0043652860368446336 -0.003308646040325497 0.010516838421482114 -0.0039106076639238325 -0.0038139636059295852 0.0024533654483153674 0.013222706189733764 0.0020153976393272087 0.010910215621375029 0.0070304380055902331 0.0026676808346957348 0.00372317802741284 0.0092365309008713547 0.0041730281049877733 0.0070390714304396744 0.028115898804388008 0.016981884060690986 0.021273078032594674
leaf_weight=31789 13764 8903 280 269 34512 6851 21632 9283 235 291 46210 368 17846 37806 197 25387 3741 3426 775 3526 707 2952 7276 2229 1023 5455 3035 73 348 79
leaf_count=31789 13764 8903 280 269 34512 6851 21632 9283 235 291 46210 368 17846 37806 197 25387 3741 3426 775 3526 707 2952 7276 2229 1023 5455 3035 73 348 79
internal_value=-0.00116027 -0.00188335 0.00288917 0.00834201 -0.00118914 0.00193799 -0.00335867 -0.000642232 0.0177175 0.00678361 -0.000193314 0.00316165 -0.00191936 -0.00161167 0.0144672 -0.00277643 -0.000650281 -8.88162e-05 0.00605026 -0.000498232 0.00413134 0.00376353 0.000983839 0.00112404 0.00837597 0.00348103 0.00478884 0.00826923 0.0143247 0.0184195
internal_weight=290268 246290 43978 6532 167482 37446 78808 95760 931 5601 61248 16406 71722 53876 488 47019 16070 12329 5113 49736 9555 8775 21040 11512 1798 8407 3315 780 696 348
internal_count=290268 246290 43978 6532 167482 37446 78808 95760 931 5601 61248 16406 71722 53876 488 47019 16070 12329 5113 49736 9555 8775 21040 11512 1798 8407 3315 780 696 348
is_linear=0
shrinkage=0.05


Tree=37
num_leaves=31
num_cat=0
split_feature=3 5 5 13 13 18 21 18 5 15 22 22 24 17 20 9 24 11 4 20 17 11 24 20 11 13 22 17 24 20
split_gain=300.428 95.4698 82.4249 22.9008 20.4422 17.1982 16.6012 16.571 13.9295 13.2563 11.7768 18.1942 11.7674 10.5187 10.3523 9.11469 8.78821 8.752 8.67507 8.45194 7.74022 7.209 6.89484 6.75379 6.72246 6.62752 6.56549 6.20829 5.96023 5.79979
threshold=13.405000000000003 6.8478571428571433 32.962857142857153 1.0000000180025095e-35 7.3500000000000005 5.7650000000000006 67.500000000000014 24.385000000000002 105.33500000000002 78.500000000000014 -0.98523971305672675 -0.99275805973510278 -0.65999999999999981 210.50000000000003 429.10000000000008 998.87963867187511 1.6100000000000003 21.23499965667725 189.73500000000004 413.40000000000003 151.50000000000003 11.574999809265138 inf 247.80000000000004 11.305000305175783 1.6500000000000001 -0.23537230790205757 136.50000000000003 -0.27499999999999997 413.40000000000003
decision_type=2 2 2 2 2 2 8 2 2 2 2 2 8 2 10 2 8 2 2 10 2 2 8 8 2 2 2 2 8 10
left_child=1 5 7 8 6 -1 10 15 14 20 11 -3 -12 21 16 17 -4 -2 -5 -20 -6 -14 -22 -11 -21 28 -9 -13 -15 -30
right_child=2 4 3 18 9 -7 -8 26 -10 23 12 27 13 25 -16 -17 -18 -19 19 24 22 -23 -24 -25 -26 -27 -28 -29 29 -31
leaf_value=-0.0092152821777249233 0.0013601614886148408 -1.6440777606814739e-05 0.001217689559788712 0.0087961443919788353 -0.0043267100637989003 -0.0042441028768391807 -0.002459237081943105 0.0074978932712116671 0.03533282297181347 0.00071516687960105989 -0.0060757174572356994 0.0040277591736763603 -0.0011328199313171881 0.000283812126422789 0.011555809947190255 0.0070357807622852767 0.019513643198846634 0.0073872881045617608 0.011291487557618107 0.021291205098715425 -0.0026030301553664303 0.0043873516254411384 0.020082761691579704 -0.0023278118782148775 0.034540894272974347 0.00013515583538179616 0.00066181117612456328 0.0093953936038111904 0.0018023719367373323 0.00495900658192609
leaf_weight=45271 31599 2123 57 4556 23987 42920 19196 4496 260 8508 2364 381 31807 2760 837 908 251 1629 385 137 40227 1056 58 4499 121 13576 1002 808 2769 1720
leaf_count=45271 31599 2123 57 4556 23987 42920 19196 4496 260 8508 2364 381 31807 2760 837 908 251 1629 385 137 40227 1056 58 4499 121 13576 1002 808 2769 1720
internal_value=-0.00113237 -0.00183256 0.00256304 0.00773471 -0.00108859 -0.0031472 -0.000520622 0.00170132 0.0133986 -0.00166598 -0.000107305 0.00278985 -0.000278493 -0.000126473 0.0110262 0.00129101 0.0188636 0.00115595 0.00620408 0.0116407 -0.00196058 -0.000683597 -0.00153717 -0.000210273 0.0186434 0.0007527 0.00424882 0.0077418 0.00197337 0.00309757
internal_weight=290268 244030 46238 6604 155839 88191 78560 39634 1405 77279 59364 3312 56052 53688 1145 34136 308 33228 5199 643 64272 32863 40285 13007 258 20825 5498 1189 7249 4489
internal_count=290268 244030 46238 6604 155839 88191 78560 39634 1405 77279 59364 3312 56052 53688 1145 34136 308 33228 5199 643 64272 32863 40285 13007 258 20825 5498 1189 7249 4489
is_linear=0
shrinkage=0.05


Tree=38
num_leaves=31
num_cat=0
split_feature=0 0 2 5 4 2 17 0 13 8 24 22 5 13 17 24 13 15 22 23 4 23 22 17 13 14 22 23 16 13
split_gain=281.293 94.5189 74.7348 27.5407 26.552 18.6664 17.6647 14.7252 11.451 9.79593 9.33575 10.1857 9.14982 7.36519 7.04494 7.01408 11.9473 7.03515 6.88126 18.3724 6.66826 6.60911 8.41045 9.58383 6.56673 5.99998 7.30564 6.45137 5.93352 5.79967
threshold=14.035000000000002 5.9350000000000014 13.560000000000002 22.296428571428578 10.115 30.32 145.50000000000003 4.2350000000000012 0.95000000000000007 19.500000000000004 1.4950000000000003 -0.98803845231459242 72.547142857142873 0.55000000000000016 149.50000000000003 inf 5.2500000000000009 79.500000000000014 -0.98214942551678475 -0.15950993297387572 6.8650000000000011 0.53312596302726967 -0.91597725483594616 203.50000000000003 4.9500000000000011 32.650000000000013 0.94425825643485939 0.26659387353423869 8.6500000000000004 16.850000000000005
decision_type=2 2 2 2 2 2 2 2 2 2 8 2 2 2 2 8 2 2 2 2 2 2 2 2 2 2 2 2 2 2
left_child=1 7 3 10 -3 -4 -6 -1 25 -7 -2 28 -5 -14 -11 17 -17 18 19 24 -9 22 -13 -24 -10 -8 -27 -28 -12 -20
right_child=2 4 5 12 6 9 8 20 15 14 11 21 13 -15 -16 16 -18 -19 29 -21 -22 -23 23 -25 -26 26 27 -29 -30 -31
leaf_value=-0.011947927522545011 0.0011045658900891956 -0.0032627609850944734 0.012277212300061985 0.0060689514463091055 -0.0021269004432287819 0.017450784632439358 0.00070972676226332704 -0.0091745893221942057 0.0054620108193956293 0.0095162494193662198 0.0010722936721675228 -0.0013417031058504626 0.018177738924908669 0.0082331613718416817 0.031644955019681724 0.0023234340347804811 0.033073066761416414 0.001127798925481045 -0.00088281688120089201 0.00040331344243801448 -0.004414099160637848 -0.0019829458723764873 0.0034760894989210832 0.0074413580395380832 0.012416374844067725 0.0028421710662382455 0.0044484718494083118 0.01072141127144903 0.012713079360768341 -0.0030403183716067972
leaf_weight=26725 23825 52940 1926 8619 47904 686 10335 9803 128 52 281 1100 557 881 193 361 120 5910 39423 2348 36028 1030 3368 696 162 2071 157 74 764 11801
leaf_count=26725 23825 52940 1926 8619 47904 686 10335 9803 128 52 281 1100 557 881 193 361 120 5910 39423 2348 36028 1030 3368 696 162 2071 157 74 764 11801
internal_value=-0.0011024 -0.00176012 0.00258106 0.00203777 -0.00112713 0.0104008 -0.000717918 -0.00327582 -0.000227742 0.0162137 0.00130151 0.00287401 0.00431192 0.00800417 0.0247959 -0.000514747 0.00549896 -0.000563141 -0.000742825 0.00174753 -0.00273189 0.00210365 0.00283307 0.00388287 0.0136207 0.0011407 0.00344917 0.0118831 0.00744019 -0.000871077
internal_weight=290268 246290 43978 41121 173734 2857 120794 72556 72890 931 31064 7239 10057 1438 245 60253 481 59772 53862 2638 45831 6194 5164 4064 290 12637 2302 231 1045 51224
internal_count=290268 246290 43978 41121 173734 2857 120794 72556 72890 931 31064 7239 10057 1438 245 60253 481 59772 53862 2638 45831 6194 5164 4064 290 12637 2302 231 1045 51224
is_linear=0
shrinkage=0.05


Tree=39
num_leaves=31
num_cat=0
split_feature=5 5 5 2 13 2 18 17 19 2 24 22 23 13 24 22 9 9 23 15 24 14 17 23 1 13 23 17 22 22
split_gain=246.899 84.8164 73.3825 27.2174 21.9393 20.2302 14.0679 13.4122 10.7155 10.3585 11.4129 10.0111 14.1934 9.86441 9.29912 17.2671 18.5995 9.32241 12.6064 10.706 8.76718 8.57747 7.76698 7.41073 6.70154 6.69289 7.83338 7.62527 6.48468 7.7482
threshold=12.563571428571432 6.5107142857142861 32.962857142857153 30.32 0.65000000000000002 9.5999999999999996 4.535000000000001 149.50000000000003 23.045000000000005 2.2400000000000011 -0.65999999999999981 -0.98214942551678475 -0.14250536273956091 1.0000000180025095e-35 0.05000000000000001 0.99995780822346225 600.63439941406261 998.87963867187511 -0.22700609751797865 94.500000000000014 1.4950000000000003 32.650000000000013 124.50000000000001 -0.24372464231556024 124.20500000000003 6.1500000000000012 0.82293497932636273 159.50000000000003 -0.88622299073327826 0.92273069556937592
decision_type=2 2 2 2 2 2 2 2 2 2 8 2 2 2 10 2 2 2 2 2 8 2 2 2 2 2 2 2 2 2
left_child=1 6 5 13 21 8 -1 -6 22 10 -9 12 -12 -4 15 17 -17 18 23 -19 -10 -3 -2 -13 -5 26 27 -8 -23 -30
right_child=2 4 3 24 7 -7 25 9 20 -11 11 14 -14 -15 -16 16 -18 19 -20 -21 -22 28 -24 -25 -26 -27 -28 -29 29 -31
leaf_value=-0.011347175281556732 -0.00026981737662241879 -0.00012726813147823879 0.013408227767046683 0.018151620959743663 -0.0029725593866436867 0.0092155812038870934 -0.003852336814800795 -0.005935070477737346 0.0018652879038923036 0.0002484670310725653 0.01110464197966203 0.00055693560493937208 0.001567659312556197 0.0083009825722491198 -0.0027506765657460152 0.023112244858583673 -0.0012465163118230971 0.0019533303814246302 -0.0025579793501352543 0.016864900467825943 0.0080949362205562127 0.0059653310558101871 0.0017861399866396892 0.011473203918558514 0.033076308794902906 -0.0061100533831279858 -0.006054928457146694 -0.00029804216130418051 -3.8031769903031453e-05 0.0060326373449871651
leaf_weight=23800 12529 17740 1117 600 55525 2355 6922 5674 1684 16542 236 10098 1579 4772 25384 61 52 3757 21975 51 1991 943 27240 51 180 32437 5300 6888 2206 579
leaf_count=23800 12529 17740 1117 600 55525 2355 6922 5674 1684 16542 236 10098 1579 4772 25384 61 52 3757 21975 51 1991 943 27240 51 180 32437 5300 6888 2206 579
internal_value=-0.00107639 -0.00176136 0.00202809 0.00692832 -0.00111826 0.00131455 -0.0031479 -0.001345 0.00106988 -0.000951909 -0.0012216 -0.00102887 0.00263085 0.00576583 -0.001137 -0.000620753 0.0188938 -0.000682123 -0.000959408 0.00165704 0.00365306 0.000370783 0.000831174 0.000498077 0.0157051 -0.00268367 -0.00194139 -0.00131427 0.00255096 0.00133752
internal_weight=290268 237800 52468 6669 162453 45799 75347 140985 43444 85460 68918 63244 1815 5889 61429 36045 113 35932 32124 3808 3675 21468 39769 10149 780 51547 19110 13810 3728 2785
internal_count=290268 237800 52468 6669 162453 45799 75347 140985 43444 85460 68918 63244 1815 5889 61429 36045 113 35932 32124 3808 3675 21468 39769 10149 780 51547 19110 13810 3728 2785
is_linear=0
shrinkage=0.05


Tree=40
num_leaves=31
num_cat=0
split_feature=0 0 0 2 21 24 8 13 15 24 0 8 16 17 8 2 8 23 23 23 24 19 17 0 13 24 19 2 24 24
split_gain=237.226 78.5403 66.6822 32.2321 17.6122 22.3467 16.7595 16.711 13.4731 11.8834 11.3595 9.90369 9.87207 9.25465 7.73359 7.57948 7.492 6.86097 8.86404 10.9135 7.41029 6.80113 6.40427 5.99737 5.89241 5.71307 8.19378 6.41481 5.64974 5.25144
threshold=11.325000000000001 28.535000000000004 4.955000000000001 30.32 67.500000000000014 -0.65999999999999981 2.5000000000000004 3.8500000000000001 78.500000000000014 -0.65999999999999981 17.205000000000002 32.500000000000007 14.550000000000002 163.50000000000003 15.500000000000002 7.9000000000000021 31.500000000000004 0.79253265336324141 0.73136292505298039 0.74298546529340237 -0.22499999999999995 8.2850000000000019 108.50000000000001 3.5850000000000004 9.9500000000000011 1.4950000000000003 15.605000000000002 5.2550000000000026 0.05000000000000001 -1.0000000180025095e-35
decision_type=2 2 2 2 8 8 2 2 2 10 2 2 2 2 2 2 2 2 2 2 10 2 2 2 2 8 2 2 10 8
left_child=2 6 23 11 5 -4 10 13 9 -9 22 -3 -13 14 -7 -8 -5 18 -15 21 -21 -20 -2 -1 -11 -24 27 -27 29 -10
right_child=1 3 4 16 -6 7 15 8 28 24 -12 12 -14 17 -16 -17 -18 -19 19 20 -22 -23 25 -25 -26 26 -28 -29 -30 -31
leaf_value=-0.014340336151762972 -0.0011424152633341684 0.006903535633861424 -0.0053778433290553223 0.01623776247379562 -0.0036103071603282213 -0.0014082149370380499 0.0044439909212789196 0.017555821347221317 0.00082705941991870451 -0.0016167129567836011 0.0026315307730987382 0.023363748401993151 0.0063386702912466512 0.0011759905727828505 0.038567203866338308 0.020181479561597174 0.02713185907786116 -0.0015239757853353353 0.0064991741311550642 0.00036144944699679279 0.0081366394931062565 0.012005518843428183 0.00025284926020702241 -0.0066360513553216137 -0.0034132348743144145 0.00045806614439506408 0.0055054333577199679 0.0060504246012821599 -0.001697401669652464 0.0052417632964206502
leaf_weight=14381 11218 7798 12688 747 39762 16210 5254 148 6837 29621 14544 340 238 13607 51 264 184 4497 51 435 194 52 28668 29921 42477 4062 1510 305 3664 540
leaf_count=14381 11218 7798 12688 747 39762 16210 5254 148 6837 29621 14544 340 238 13607 51 264 184 4497 51 435 194 52 28668 29921 42477 4062 1510 305 3664 540
internal_value=-0.00104865 0.00137012 -0.00189336 0.00566939 -0.00144509 -0.00116547 0.000762247 -0.000951735 -0.00133736 -0.00158597 0.000520917 0.00468839 0.0110035 -3.6614e-05 -0.000910462 0.00339978 0.0144952 0.000717773 0.00125218 0.00661202 0.00414149 0.021699 0.000134059 -0.00362196 -0.00161503 0.000471123 0.00189127 0.00079345 0.000289375 0.00108648
internal_weight=290268 75132 215136 9307 170834 131072 65825 118384 83287 72246 60307 8376 578 35097 16261 5518 931 18836 14339 732 629 103 45763 44302 72098 34545 5877 4367 11041 7377
internal_count=290268 75132 215136 9307 170834 131072 65825 118384 83287 72246 60307 8376 578 35097 16261 5518 931 18836 14339 732 629 103 45763 44302 72098 34545 5877 4367 11041 7377
is_linear=0
shrinkage=0.05


Tree=41
num_leaves=31
num_cat=0
split_feature=0 4 0 2 4 22 17 24 22 8 5 19 24 22 24 22 24 17 5 16 8 19 15 4 14 20 9 9 24 17
split_gain=214.754 70.8738 64.2 29.5707 23.5731 14.8574 13.1306 12.4288 10.5986 10.283 8.74854 8.26177 8.53563 7.6601 12.5528 11.2169 15.8412 12.1548 7.58095 7.49506 6.75215 6.66591 6.51985 6.25316 6.90454 6.24211 6.13667 6.91174 5.85868 5.82359
threshold=11.325000000000001 36.055000000000007 4.9050000000000011 30.32 8.8750000000000018 -0.28519255817492867 155.50000000000003 -0.65999999999999981 -0.26866367175705824 24.500000000000004 5.1292857142857144 17.975000000000005 0.095000000000000015 -0.30163705152652742 0.05000000000000001 -0.28519255817492867 -0.42499999999999993 220.50000000000003 36.575714285714291 14.550000000000002 60.500000000000007 12.215000000000002 78.500000000000014 17.775000000000002 28.750000000000004 240.90000000000003 34.920574188232429 494.48980712890631 -0.089999999999999983 311.50000000000006
decision_type=2 2 2 2 2 2 2 8 2 2 2 2 8 2 10 2 10 2 2 2 2 2 2 2 2 8 2 2 10 2
left_child=2 5 10 9 -4 11 -6 -8 13 -3 -1 26 -13 18 15 16 -15 -18 21 -11 -5 28 -10 -7 -25 -24 -2 -28 -9 -16
right_child=1 3 4 20 6 23 7 8 22 19 -12 12 -14 14 29 -17 17 -19 -20 -21 -22 -23 25 24 -26 -27 27 -29 -30 -31
leaf_value=-0.012680251889160978 0.0029136232791886945 0.0063194585896846596 -0.0040684097529168932 0.016220361683876479 -0.0024309791595321113 -0.00089998530050974888 -0.0048682363340104024 0.00065835212805130129 -0.0016844029917644225 0.020075763819955832 -0.0057660669399447941 0.0020539999322609285 0.0062294557095888712 -0.021538584135517506 -0.006990314696935159 0.0012751686899319613 0.012617497571438627 0.013355912800029714 0.038927310601648973 0.0067417695651680841 0.028817768244893308 0.002510454990549995 0.0024931056775966162 0.0043091087928807895 0.00033723836714848502 -0.0016243997276365392 9.5465871359868627e-05 0.003722993841085868 -0.0019989924088840397 0.0051780659222073616
leaf_weight=19135 9324 9803 42268 836 54895 20096 5762 12348 39756 510 23836 2950 3302 61 373 192 105 100 58 319 95 3666 3249 1688 9510 2071 15238 1461 7196 65
leaf_count=19135 9324 9803 42268 836 54895 20096 5762 12348 39756 510 23836 2950 3302 61 373 192 105 100 58 319 95 3666 3249 1688 9510 2071 15238 1461 7196 65
internal_value=-0.00102574 0.00127562 -0.00182945 0.00487633 -0.00139793 0.000620663 -0.00106419 -0.000634118 -0.000448441 0.0041281 -0.00355833 0.00137335 0.00300544 0.000396456 0.00493303 0.0107205 0.0173684 0.0240244 0.000221763 0.00947527 0.0134211 0.000176647 -0.000901368 -0.000155622 0.000791212 0.00074248 0.000981246 0.000407508 -0.000190341 -0.00111872
internal_weight=290268 75132 215136 11563 172165 63569 129897 75002 69240 10632 42971 32275 6252 24164 896 458 266 205 23268 829 931 23210 45076 31294 11198 5320 26023 16699 19544 438
internal_count=290268 75132 215136 11563 172165 63569 129897 75002 69240 10632 42971 32275 6252 24164 896 458 266 205 23268 829 931 23210 45076 31294 11198 5320 26023 16699 19544 438
is_linear=0
shrinkage=0.05


Tree=42
num_leaves=31
num_cat=0
split_feature=0 0 0 2 21 24 5 22 8 24 22 9 22 23 9 9 15 23 22 16 24 2 23 8 15 20 18 8 15 22
split_gain=197.398 63.4231 60.8644 25.9541 14.9067 17.4821 12.3682 11.7322 10.8948 8.69744 14.505 15.0026 14.2651 15.0386 7.87696 8.946 7.59496 7.54599 12.8134 6.9669 6.81532 6.46656 6.00291 5.9869 5.90011 5.80477 5.7615 5.70292 5.58864 9.76597
threshold=11.325000000000001 5.3550000000000013 22.805000000000003 30.32 82.500000000000014 -0.65999999999999981 5.2950000000000008 -0.28519255817492867 32.500000000000007 0.24500000000000002 0.99995780822346225 600.63439941406261 -0.98214942551678475 -0.14250536273956091 57.327766418457038 554.93716430664074 78.500000000000014 0.91159213926341531 -0.39036798905311365 14.550000000000002 -0.65999999999999981 5.0900000000000034 -0.074115882986646633 62.500000000000007 73.500000000000014 314.30000000000001 81.110000000000014 14.500000000000002 51.500000000000007 0.95752911693909493
decision_type=2 2 2 2 8 8 2 2 2 10 2 2 2 2 2 2 2 2 2 2 10 2 2 2 2 10 2 2 2 2
left_child=1 6 7 8 5 -3 -1 14 26 10 16 -12 13 -11 21 -16 20 -17 -19 -10 25 22 -2 -5 -9 -7 -4 28 29 -22
right_child=2 4 3 23 -6 9 -8 24 19 12 11 -13 -14 -15 15 17 -18 18 -20 -21 27 -23 -24 -25 -26 -27 -28 -29 -30 -31
leaf_value=-0.010827824866736682 0.0032379467661262187 -0.0046743817633262373 0.0049003734731255062 0.01539013751957934 -0.0032342624426277681 0.026576272575252847 -0.0047070093476405143 -0.00062760895650266558 0.019515763277368578 0.011941583282342945 0.020276661536900348 -0.00087737403577406729 -0.0024406549999097952 0.0014369929147545397 -2.8837146380675656e-05 0.0026131787530445563 0.0010571274397106808 0.020404640219708527 0.0033427773440070788 0.0056846476119069315 0.00068598078550128499 0.007256725288222592 0.00015516414900394051 0.027957949430976028 0.0016208992966014757 0.0028083223475624439 0.0092085497470847221 0.03264033756214945 -0.0013201014961689464 0.0088451398578506969
leaf_weight=24363 9606 11857 11275 839 33745 106 31017 25385 400 226 66 60 36771 615 13489 1245 7880 65 173 268 2903 1764 4552 92 4817 312 1162 84 64978 153
leaf_count=24363 9606 11857 11275 839 33745 106 31017 25385 400 226 66 60 36771 615 13489 1245 7880 65 173 268 2903 1764 4552 92 4817 312 1162 84 64978 153
internal_value=-0.00100266 -0.00177321 0.00120375 0.00417284 -0.00126775 -0.00101781 -0.00323131 0.000521637 0.00359977 -0.000828005 -0.000522068 0.0164286 -0.0014506 0.00498811 0.00120671 0.000383381 -0.000550017 0.00406945 0.0122269 0.00982036 -0.000719039 0.00198091 0.00162523 0.0122395 -0.000179128 0.00564593 0.00326566 -0.000758097 -0.000774173 0.00131544
internal_weight=290268 215136 75132 14036 159756 126011 55380 61096 13105 114154 76542 126 37612 841 30894 14972 76416 1483 238 668 68536 15922 14158 931 30202 418 12437 68118 68034 3056
internal_count=290268 215136 75132 14036 159756 126011 55380 61096 13105 114154 76542 126 37612 841 30894 14972 76416 1483 238 668 68536 15922 14158 931 30202 418 12437 68118 68034 3056
is_linear=0
shrinkage=0.05


Tree=43
num_leaves=31
num_cat=0
split_feature=5 5 5 13 4 4 21 8 24 22 15 24 13 8 5 22 20 18 13 15 9 13 20 19 22 24 19 22 13 22
split_gain=177.281 58.6164 56.9633 21.5467 16.4666 15.8546 13.7296 10.9639 10.8609 10.5027 10.0686 9.74643 7.668 7.35604 7.34308 6.92157 8.42887 6.23032 6.17268 6.72397 6.07232 5.87281 7.80526 5.85088 5.62039 7.54534 6.24197 5.5336 5.39229 5.28259
threshold=10.455000000000002 32.962857142857153 5.4164285714285727 7.8500000000000005 22.635000000000002 189.73500000000004 97.500000000000014 14.500000000000002 -0.43999999999999995 -0.98523971305672675 91.500000000000014 -0.40499999999999997 0.8500000000000002 7.5000000000000009 7.7664285714285732 0.9193901325473397 397.00000000000006 4.3750000000000009 1.0000000180025095e-35 78.500000000000014 902.01257324218761 1.0000000180025095e-35 429.10000000000008 24.085000000000004 -0.98214942551678475 1.4950000000000003 15.605000000000002 -0.25205528343633254 5.8500000000000005 0.88220160189607266
decision_type=2 2 2 2 2 2 8 2 8 2 2 10 2 2 2 2 10 2 2 2 2 2 10 2 2 10 2 2 2 2
left_child=2 4 17 6 18 21 8 -7 9 -4 14 -10 15 20 -5 27 -17 -1 -2 24 23 22 -3 -6 25 -20 -27 -13 -19 -12
right_child=1 5 3 10 13 7 -8 -9 11 -11 29 12 -14 -15 -16 16 -18 28 19 -21 -22 -23 -24 -25 -26 26 -28 -29 -30 -31
leaf_value=-0.012142778653902573 0.0026116211624709553 0.01449845279723481 0.0026612773447011254 -0.0041422063795854376 0.0013981974947783219 0.012391805354456732 -0.0028851205569582102 0.030601270208235803 0.0029943780016056095 -0.0036787405019962655 0.0012671821548025878 0.0015408273866762579 -0.0010174043461795982 0.0097523588727367536 -0.0022758404858445442 -0.00039431983229093253 0.0061779526633489951 -0.0034944632324918818 0.00088006364660618433 0.0018343994502885456 0.006328452145323041 0.006381683039540377 0.0077445839222110933 0.0048491807488990121 -0.00048303576166606392 0.0035907738436879335 0.013705934832128909 -0.00083228576369335507 -0.0075338292617912325 0.0084179566820419827
leaf_weight=14778 3913 298 1329 46872 17402 597 16564 318 2959 11164 921 4656 36590 1539 37828 658 739 7832 2833 4360 726 4601 855 2832 43867 554 256 6849 15326 252
leaf_count=14778 3913 298 1329 46872 17402 597 16564 318 2959 11164 921 4656 36590 1539 37828 658 739 7832 2833 4360 726 4601 855 2832 43867 554 256 6849 15326 252
internal_value=-0.000976995 0.000944014 -0.00177182 -0.00137534 0.000560664 0.00544384 -0.000793052 0.0115574 -0.000465325 -0.0017902 -0.00192802 -0.00014976 -0.000316416 0.00170252 -0.00199174 0.000731668 0.00405512 -0.00352119 0.000100119 -4.43428e-05 0.00145754 0.00447167 0.00766262 0.00129633 -0.000216798 0.00167033 0.00592592 0.000328117 -0.00300933 0.00267263
internal_weight=290268 84951 205317 167381 78282 6669 81508 915 64944 12493 85873 52451 49492 22499 84700 12902 1397 37936 55783 51870 20960 5754 1153 20234 47510 3643 810 11505 23158 1173
internal_count=290268 84951 205317 167381 78282 6669 81508 915 64944 12493 85873 52451 49492 22499 84700 12902 1397 37936 55783 51870 20960 5754 1153 20234 47510 3643 810 11505 23158 1173
is_linear=0
shrinkage=0.05


Tree=44
num_leaves=31
num_cat=0
split_feature=0 0 4 4 4 22 20 24 24 22 9 22 22 2 5 1 5 8 9 23 22 13 20 13 2 22 13 23 19 13
split_gain=165.329 59.8377 51.167 20.4935 18.8689 12.2985 11.8668 9.65244 10.7107 15.3948 16.3271 13.5627 12.4949 8.56575 8.38286 7.75304 7.50632 6.83072 6.93648 9.87068 12.1983 6.34856 7.77727 8.31091 6.13994 5.45545 5.32327 5.1753 5.12181 5.0254
threshold=11.135000000000003 4.8550000000000013 36.055000000000007 8.7850000000000019 189.73500000000004 -0.031173458710879235 473.00000000000006 -0.65999999999999981 0.05000000000000001 0.99995780822346225 600.63439941406261 -0.98214942551678475 -0.98803845231459242 13.560000000000002 4.8485714285714296 7.785000000000001 36.575714285714291 9.5000000000000018 902.01257324218761 0.91159213926341531 -0.39036798905311365 1.8500000000000003 239.50000000000003 54.95000000000001 5.0900000000000034 -0.031173458710879235 7.5500000000000007 -0.90161545992537195 20.675000000000004 11.15
decision_type=2 2 2 2 2 2 10 8 10 2 2 2 2 2 2 2 2 2 2 2 2 2 10 2 2 2 2 2 2 2
left_child=1 14 5 29 13 17 -6 -5 9 16 -11 12 -10 -4 -1 -14 21 18 24 -20 -21 -9 23 -23 28 -24 -13 -15 -2 -3
right_child=2 3 4 7 6 -7 -8 8 11 10 -12 26 15 27 -16 -17 -18 -19 19 20 -22 22 25 -25 -26 -27 -28 -29 -30 -31
leaf_value=-0.011992145764178775 0.00040106814095967631 -0.0027905918084874361 0.0048372313700796414 -0.0042393604210505765 0.012048420111079525 -0.0004511700281987023 0.029982024330490471 0.00061122524055370279 0.00066936962494264121 0.019827931949996144 -0.00095053769127531401 -0.001301438036350777 0.020548093832571022 0.021933857870407896 -0.0054317987666090755 0.0035791293417211673 0.035307830183114806 0.007826622068281823 0.0021974747395467585 0.018971947131223604 0.0059078844406139737 0.00022178511499654848 -0.00068807057252686971 0.0080076430611085801 0.0033237487139798913 -0.0026077345033084219 -0.0031033167344098056 0.0091865677349682144 0.0038551753524887012 -0.0050501512860120874
leaf_weight=15597 27707 24290 8532 8474 581 27407 317 12693 659 76 67 27831 123 77 26075 177 65 1431 716 69 212 14549 18781 72 6164 19232 26560 2092 3003 16639
leaf_count=15597 27707 24290 8532 8474 581 27407 317 12693 659 76 67 27831 123 77 26075 177 65 1431 716 69 212 14549 18781 72 6164 19232 26560 2092 3003 16639
internal_value=-0.000954257 -0.00167956 0.00100896 -0.00126398 0.00407406 0.000476022 0.0110356 -0.000955443 -0.00084109 -0.000408562 0.015979 -0.00135321 0.00454119 0.00348986 -0.00337781 0.013 -0.000444398 0.00104295 0.000914815 0.00503009 0.0129715 -0.000461296 -0.000703349 0.000276656 0.000803546 -0.00108029 -0.00145714 0.00629553 0.000514489 -0.00223912
internal_weight=290268 211960 78308 170288 11599 66709 898 129359 120885 65535 143 55350 959 10701 41672 300 65392 39302 37871 997 281 65327 52634 14621 36874 38013 54391 2169 30710 40929
internal_count=290268 211960 78308 170288 11599 66709 898 129359 120885 65535 143 55350 959 10701 41672 300 65392 39302 37871 997 281 65327 52634 14621 36874 38013 54391 2169 30710 40929
is_linear=0
shrinkage=0.05


Tree=45
num_leaves=31
num_cat=0
split_feature=5 5 5 13 2 4 17 24 9 20 8 15 19 24 24 23 17 17 23 23 5 24 15 23 13 20 1 2 13 24
split_gain=152.453 55.1323 46.7601 18.4489 14.6849 12.7792 11.2804 15.5023 10.9932 10.8018 9.62062 9.02005 8.99235 7.55772 9.54269 12.9276 8.25336 6.95283 6.32542 20.0861 6.30926 5.74502 5.65132 5.42606 5.40692 6.58593 5.26789 5.33806 5.11564 5.08297
threshold=10.455000000000002 5.4164285714285727 32.962857142857153 7.8500000000000005 4.3600000000000048 189.73500000000004 153.50000000000003 -0.43999999999999995 998.87963867187511 473.00000000000006 7.5000000000000009 88.500000000000014 18.675000000000004 0.16500000000000004 0.095000000000000015 0.21652257995689161 201.50000000000003 139.50000000000003 0.91159213926341531 0.91511078773075516 7.4692857142857161 1.4950000000000003 58.500000000000007 0.6174544326165855 1.0000000180025095e-35 429.10000000000008 6.8350000000000009 4.1649999999999991 5.1500000000000012 1.4950000000000003
decision_type=2 2 2 2 2 2 2 8 2 10 2 2 2 10 8 2 2 2 2 2 2 8 2 2 2 10 2 2 2 10
left_child=1 28 4 6 8 24 -3 23 12 -7 -6 20 -2 14 26 16 -16 -11 29 -20 -5 -14 -15 -8 25 -4 27 -9 -1 -10
right_child=2 3 5 11 10 9 7 13 18 17 -12 -13 21 22 15 -17 -18 -19 19 -21 -22 -23 -24 -25 -26 -27 -28 -29 -30 -31
leaf_value=-0.0048289721834573101 -9.416672652263248e-05 -0.0019736251708890764 0.013176913063985394 -0.003963902063660556 0.0027897579773211154 0.011920717574646618 -0.00018364425818635799 0.0014998291260373859 0.0012008369756463914 0.0072135815173360561 0.015509353247640568 0.0014088907717941578 0.0010048632626285202 0.0012918164919200098 0.00086182169807224544 -5.5792170094298628e-05 0.009637803380364544 0.031623974561983237 0.019515432762081095 0.0050572817462272998 -0.002268160215413222 0.0049978039773897502 -0.0016497283102305694 -0.0043691940722810829 0.0058050750219439118 0.0071154931575965448 7.7886850375473156e-05 0.0053708303800235682 -0.0083828975018507747 0.014429983473083316
leaf_weight=10638 58477 35803 298 40177 10603 597 2979 5041 1483 51 778 2561 3597 3580 162 626 487 267 71 526 43135 2567 11064 7301 4601 855 13536 929 27298 180
leaf_count=10638 58477 35803 298 40177 10603 597 2979 5041 1483 51 778 2561 3597 3580 162 626 487 267 71 526 43135 2567 11064 7301 4601 855 13536 929 27298 180
internal_value=-0.000933931 -0.001671 0.000847487 -0.00128094 0.000505096 0.00486655 -0.000742137 -0.000221531 0.000222641 0.0103552 0.00216545 -0.00179236 0.000102797 0.000274522 0.000887588 0.00507843 0.0100231 0.0177987 0.00365044 0.00806533 -0.0018822 0.00191921 -0.000595467 -0.00193094 0.00399374 0.00705551 0.000613656 0.00185092 -0.00339203 0.00206554
internal_weight=290268 205317 84951 167381 78282 6669 81508 45705 66901 915 11381 85873 64641 35425 20781 1275 649 318 2260 597 83312 6164 14644 10280 5754 1153 19506 5970 37936 1663
internal_count=290268 205317 84951 167381 78282 6669 81508 45705 66901 915 11381 85873 64641 35425 20781 1275 649 318 2260 597 83312 6164 14644 10280 5754 1153 19506 5970 37936 1663
is_linear=0
shrinkage=0.05


Tree=46
num_leaves=31
num_cat=0
split_feature=0 0 0 2 4 10 17 21 24 18 4 13 24 15 22 23 4 20 13 22 4 22 14 2 13 2 3 0 22 22
split_gain=142.347 56.4654 44.6475 18.4624 15.1701 12.4924 10.1414 8.13915 9.30798 8.09756 7.0518 6.95781 7.51917 7.16459 6.73303 11.573 6.46489 6.7557 5.81358 9.57937 5.76627 5.73993 5.65934 5.51734 5.39986 5.38808 5.10797 5.04331 4.97738 5.37242
threshold=9.1250000000000018 20.825000000000003 4.455000000000001 30.32 7.9650000000000007 3.1995834112167363 153.50000000000003 82.500000000000014 -0.65999999999999981 7.6350000000000007 18.685000000000006 2.1500000000000008 -0.65999999999999981 77.500000000000014 -0.98523971305672675 -0.15950993297387572 189.73500000000004 473.00000000000006 0.55000000000000016 0.9550229469509578 189.73500000000004 0.99995780822346225 28.750000000000004 -4.8249999999999975 50.250000000000007 11.015000000000002 4.8416666666666677 12.925000000000002 0.9962888416657264 0.99466373373798567
decision_type=2 2 2 2 2 2 2 8 8 2 2 2 10 2 2 2 2 10 2 2 2 2 2 2 2 2 2 2 2 2
left_child=2 5 26 16 -4 6 9 8 -6 -2 14 -10 23 -14 15 -8 25 -18 19 -16 -5 24 -12 -13 -15 -3 -1 -11 29 -21
right_child=1 3 4 20 7 -7 10 -9 11 27 22 12 13 21 18 -17 17 -19 -20 28 -22 -23 -24 -25 -26 -27 -28 -29 -30 -31
leaf_value=-0.010014462154801862 0.0015611330465926513 0.0031631230428695099 -0.0043124193433968601 0.0099415164280301921 -0.0040982122541577638 0.0021608209427979755 0.012964492253863738 -0.0030255409409029451 0.00029204464271660003 -0.0021668679082007558 0.0045603968330275258 0.030925049963095537 -0.0018981269698604671 -3.256013494860121e-05 0.00067819276907425327 0.002180589290363996 0.0058554332311600904 0.025384364731813464 -0.00061270922923941642 0.0067519934323986832 0.026711928462514391 0.012233023560060162 0.0011336895848333675 0.0029942437155018845 0.0082233104661861758 0.0081191434495791887 -0.0053072705045674566 -0.00032180814738865671 -0.0077389335650343855 0.0056984094812702318
leaf_weight=19540 3984 12626 28798 696 8015 9836 154 22110 13590 22764 2020 50 54929 9708 6386 1552 426 207 35696 464 235 61 8737 82 132 2691 12249 12401 73 56
leaf_count=19540 3984 12626 28798 696 8015 9836 154 22110 13590 22764 2020 50 54929 9708 6386 1552 426 207 35696 464 235 61 8737 82 132 2691 12249 12401 73 56
internal_value=-0.000906026 0.000403539 -0.00184221 0.00308601 -0.00145172 -3.13583e-05 -0.000208248 -0.00118135 -0.000962666 -0.000823649 0.000228698 -0.000797053 -0.00101229 -0.00103656 -4.96846e-05 0.00303048 0.00268652 0.00763823 -0.000172819 0.00114701 0.00993018 0.000201494 0.00137724 0.0109091 0.000106706 0.00248188 -0.00353094 -0.00106569 0.00722597 0.00894231
internal_weight=290268 121004 169264 16881 137475 104123 94287 108677 86567 39149 55138 78552 64962 64830 44381 1706 15950 633 42675 6979 931 9901 10757 132 9840 15317 31789 35165 593 520
internal_count=290268 121004 169264 16881 137475 104123 94287 108677 86567 39149 55138 78552 64962 64830 44381 1706 15950 633 42675 6979 931 9901 10757 132 9840 15317 31789 35165 593 520
is_linear=0
shrinkage=0.05


Tree=47
num_leaves=31
num_cat=0
split_feature=0 4 0 4 4 13 22 13 9 15 22 18 24 21 17 11 5 13 17 14 5 22 14 14 1 17 22 22 24 24
split_gain=130.329 52.2464 41.7517 16.7678 13.2448 11.7693 9.15125 8.15226 7.99223 8.25511 7.95685 7.90402 7.59169 8.94796 7.2586 6.76294 6.72654 6.69769 6.47309 6.3043 6.24573 6.21003 6.11659 5.82916 5.7056 5.29336 5.32669 5.6709 6.02556 6.09565
threshold=8.8350000000000026 24.635000000000002 4.4050000000000011 134.03500000000003 7.9650000000000007 0.55000000000000016 0.9550229469509578 1.0000000180025095e-35 998.87963867187511 94.500000000000014 -0.074117382312902977 7.5950000000000006 -0.65999999999999981 57.500000000000007 147.50000000000003 17.634999275207523 32.962857142857153 7.5500000000000007 294.50000000000006 26.150000000000002 4.8485714285714296 -0.98523971305672675 32.150000000000013 29.950000000000003 4.9150000000000009 153.50000000000003 -0.98523971305672675 -0.98803845231459242 -0.43999999999999995 -0.22499999999999995
decision_type=2 2 2 2 2 2 2 2 2 2 2 2 8 8 2 2 2 2 2 2 2 2 2 2 2 2 2 2 10 10
left_child=2 5 20 14 -4 6 21 -5 12 -10 24 -12 -6 16 -3 19 17 -14 -8 -16 -1 -2 -20 -13 -7 -26 27 -27 -29 -30
right_child=1 3 4 7 8 10 18 -9 9 -11 11 23 13 -15 15 -17 -18 -19 22 -21 -22 -23 -24 -25 25 26 -28 28 29 -31
leaf_value=-0.011604085467046606 0.006262974381203973 0.0017878467360918718 -0.0041389064726524514 0.016627345485367404 -0.0044386009189069592 0.0059924388828283791 0.0029026264625093535 0.0090414031990376561 0.00034230361402141956 0.010256188778888484 0.0010151624757460942 -0.00048089575798051761 -0.00035941038160777202 -0.0029378395771821383 0.0080992125515495939 0.010245546900622654 0.029257639161479033 -0.002021567986282342 0.0047311720136245933 0.0036102936598181065 -0.0055455858349436104 0.0004199022751929904 0.0068174018738475801 -0.0021769214552235065 -0.00093454455210669526 0.0025223091161176501 0.00029408402638513492 -0.0034003094403866362 0.013034107148104393 0.0098344678218816109
leaf_weight=13065 1512 9067 29352 493 7748 606 864 1355 7004 61 5346 13980 28108 21601 391 1378 52 36969 229 10210 17543 16354 218 25269 16742 1999 22462 79 63 148
leaf_count=13065 1512 9067 29352 493 7748 606 864 1355 7004 61 5346 13980 28108 21601 391 1378 52 36969 229 10210 17543 16354 218 25269 16742 1999 22462 79 63 148
internal_value=-0.00087881 0.00030773 -0.00182483 0.00247357 -0.00143608 -0.000160621 0.000960264 0.00704004 -0.00116566 0.000456474 -0.000408565 -0.000873978 -0.00128697 -0.001153 0.0020726 0.00288046 -0.000860524 -0.000874888 0.00499237 0.00245213 -0.00348732 0.000664389 0.00987696 -0.00111965 8.44426e-05 1.40976e-05 0.000478565 0.00277632 0.00931034 0.0137204
internal_weight=290268 128765 161503 22894 130895 105871 19177 1848 101543 7065 86694 44595 94478 86730 21046 11979 65129 65077 1311 10601 30608 17866 447 39249 42099 41493 24751 2289 290 211
internal_count=290268 128765 161503 22894 130895 105871 19177 1848 101543 7065 86694 44595 94478 86730 21046 11979 65129 65077 1311 10601 30608 17866 447 39249 42099 41493 24751 2289 290 211
is_linear=0
shrinkage=0.05


Tree=48
num_leaves=31
num_cat=0
split_feature=0 4 0 2 13 24 24 8 20 17 23 17 14 16 24 8 13 4 13 2 3 23 24 24 17 23 23 14 19 17
split_gain=121.94 58.8223 28.2865 18.4018 12.9725 11.834 14.9389 9.57446 9.47744 9.80235 8.37208 9.10273 7.164 7.35051 6.69603 5.82903 5.65148 5.51709 5.50831 5.47137 5.43394 5.42102 7.22246 4.89177 4.69852 5.42377 11.9101 4.66749 5.90004 4.45998
threshold=7.2150000000000007 22.635000000000002 3.9350000000000005 18.555000000000007 0.65000000000000002 -0.65999999999999981 0.16500000000000004 7.5000000000000009 209.50000000000003 153.50000000000003 0.80290535434334509 163.50000000000003 32.650000000000013 12.050000000000002 -0.65999999999999981 142.50000000000003 16.050000000000004 189.73500000000004 5.9500000000000011 5.2550000000000026 9.7550000000000043 0.51849435583340198 1.4950000000000003 -0.49499999999999994 155.50000000000003 0.39629089145655322 -0.17646730165275518 28.750000000000004 43.655000000000008 171.50000000000003
decision_type=2 2 2 2 2 8 10 2 8 2 2 2 2 2 10 2 2 2 2 2 2 2 10 10 2 2 2 2 2 2
left_child=2 4 -1 7 12 -4 10 27 -6 20 11 -7 13 -2 -13 -9 19 -5 -16 -11 -10 22 -8 -12 -14 26 -26 29 -29 -3
right_child=1 3 5 17 8 6 21 15 9 16 23 14 24 -15 18 -17 -18 -19 -20 -21 -22 -23 -24 -25 25 -27 -28 28 -30 -31
leaf_value=-0.0092693468418396496 0.00099392769728783351 0.0013745944579650236 -0.0060252232483531121 0.0093588743548084462 0.00077591408609304572 -0.0022665659468827431 -0.0033052092149132616 0.0080809060271372895 -0.0026836316486527189 -0.00034163248001014071 -0.0061155279653499865 0.024477347736467772 0.00043694374761927516 -0.0014048452847561775 0.0022907171201804201 0.025258155742289491 -0.0019213550555968113 0.021016724853263238 -0.00047550731622285428 0.0027213077455305163 -0.0010467914581268163 -0.0057757975501255155 0.00078286345017562352 -0.0016075938501842566 0.0017245129410383125 0.00086026568708223511 0.0082369071148366887 0.0013531538459997377 0.005967178403042523 0.0055312821275068369
leaf_weight=20457 12908 1654 10381 1586 13140 12869 25392 2553 24275 47561 5742 55 1810 7309 5068 72 14178 299 11714 2893 22195 11217 2626 7314 1210 1044 737 18323 1719 1967
leaf_count=20457 12908 1654 10381 1586 13140 12869 25392 2553 24275 47561 5742 55 1810 7309 5068 72 14178 299 11714 2893 22195 11217 2626 7314 1210 1044 737 18323 1719 1967
internal_value=-0.000854522 -3.72829e-05 -0.00213963 0.00205818 -0.000432803 -0.00176709 -0.00156573 0.00171599 -0.000641974 -0.000792156 -0.000919275 -0.000455465 0.000605963 0.000193648 0.000309733 0.00458095 -0.000393924 0.00683024 0.00025265 -0.000146075 -0.00134603 -0.0022703 -0.00189842 -0.00197457 0.00234222 0.00355901 0.00511813 0.00139817 0.00109969 0.00305026
internal_weight=290268 177433 112835 28173 149260 92378 81997 26288 124242 111102 42762 29706 25018 20217 16837 2625 64632 1885 16782 50454 46470 39235 28018 13056 4801 2991 1947 23663 20042 3621
internal_count=290268 177433 112835 28173 149260 92378 81997 26288 124242 111102 42762 29706 25018 20217 16837 2625 64632 1885 16782 50454 46470 39235 28018 13056 4801 2991 1947 23663 20042 3621
is_linear=0
shrinkage=0.05


Tree=49
num_leaves=31
num_cat=0
split_feature=0 0 0 2 24 24 17 22 10 24 22 19 24 24 14 23 15 22 13 20 24 20 15 4 4 23 13 22 22 4
split_gain=112.553 52.8593 27.7362 17.5453 11.593 13.6917 11.5722 10.2451 9.23954 7.2655 9.06461 7.27185 7.3657 7.2621 6.8558 6.84476 7.07202 6.51855 7.26736 7.31857 7.12695 6.4531 6.41491 7.18261 6.31724 5.73407 5.50298 5.26554 7.90549 8.23555
threshold=7.2150000000000007 16.305000000000003 3.9350000000000005 11.015000000000002 -0.65999999999999981 0.16500000000000004 139.50000000000003 0.99995780822346225 3.1995834112167363 -0.65999999999999981 -0.031173458710879235 18.315000000000001 -0.65999999999999981 -0.65999999999999981 27.550000000000004 0.86869874770991873 53.500000000000007 0.46800856592688472 2.3500000000000001 198.40000000000003 -0.24999999999999997 240.90000000000003 47.500000000000007 189.73500000000004 102.57500000000002 0.86439018870140905 13.450000000000001 -0.98214942551678475 -0.98803845231459242 10.705000000000002
decision_type=2 2 2 2 8 10 2 2 2 8 2 2 10 10 2 2 2 2 2 8 10 8 2 2 2 2 2 2 2 2
left_child=2 6 -1 22 -4 7 21 13 9 -8 11 -11 -13 -6 -9 16 -15 -12 20 -20 -19 -2 23 -3 -5 -18 -23 28 -7 -30
right_child=1 3 4 24 5 27 8 14 -10 10 17 12 -14 15 -16 -17 25 18 19 -21 -22 26 -24 -25 -26 -27 -28 -29 29 -31
leaf_value=-0.0088058794997476781 0.00032877522676281226 0.0049132487318932971 -0.0057239620859354471 0.0066865900182792358 0.022270324279153146 -0.0016058146366355658 -0.0027382029783362912 -0.00016844448433072821 0.002318418023706107 0.00036694496602656307 -0.0019614971282168213 0.013861851259736092 0.0028957459451409177 0.0031013190688532386 0.020259224100970558 -0.0034235097466356543 -0.0011119328905197213 -0.0031130144265412909 0.0022496039721845171 -0.0013890135697459611 0.0022767754812612817 -0.0013714570110574013 0.001771550049176288 0.024723867461618792 0.01196724800830086 0.0094930650144155158 -0.0033913324150563404 -0.0035780591876649879 0.0048104924070865984 0.018172874497918403
leaf_weight=20457 8986 2337 10381 2793 95 260 5895 50 5708 35212 14505 187 2254 1301 66 10664 30507 788 2234 20048 5495 37162 23900 124 1018 79 8787 38829 82 64
leaf_count=20457 8986 2337 10381 2793 95 260 5895 50 5708 35212 14505 187 2254 1301 66 10664 30507 788 2234 20048 5495 37162 23900 124 1018 79 8787 38829 82 64
internal_value=-0.0008261 -4.09462e-05 -0.00206075 0.00186564 -0.00169185 -0.00149256 -0.000431582 -0.000873674 -8.96834e-05 -0.000218085 -9.43361e-05 0.000472338 0.00311143 -0.000914038 0.0139655 -0.000944867 -0.000578136 -0.000589739 -0.00015141 -0.000574905 0.00135047 -0.00100619 0.00140719 0.00383787 0.00503673 -0.000731709 -0.00124584 -0.00216707 0.00349754 0.0128082
internal_weight=290268 177433 112835 30172 92378 81997 147261 42762 92326 86618 80723 37653 2441 42646 116 42551 31887 43070 28565 22282 6283 54935 26361 2461 3811 30586 45949 39235 406 146
internal_count=290268 177433 112835 30172 92378 81997 147261 42762 92326 86618 80723 37653 2441 42646 116 42551 31887 43070 28565 22282 6283 54935 26361 2461 3811 30586 45949 39235 406 146
is_linear=0
shrinkage=0.05


Tree=50
num_leaves=31
num_cat=0
split_feature=5 0 0 4 11 19 18 9 2 0 18 15 21 20 24 24 5 5 15 22 22 20 5 15 24 24 2 21 22 3
split_gain=104.13 44.9578 30.3599 12.2809 11.302 10.8472 10.6926 10.0784 8.19828 7.54757 7.39329 6.39952 6.25058 6.01603 5.76226 7.28734 7.21511 5.72098 5.85703 5.71462 10.3644 5.95771 5.35493 5.23202 4.71437 7.19575 5.00109 4.61398 4.4865 4.08691
threshold=7.7664285714285732 18.675000000000004 4.2950000000000008 189.73500000000004 14.025000095367433 8.5650000000000031 20.055000000000003 998.87963867187511 11.015000000000002 10.255000000000001 7.7150000000000007 47.500000000000007 52.500000000000007 348.00000000000006 -0.65999999999999981 -0.55499999999999983 19.955000000000005 5.1707142857142872 89.500000000000014 -0.98523971305672675 -0.99630266176052629 338.65000000000003 4.8485714285714296 50.500000000000007 0.47500000000000003 -0.49499999999999994 4.9450000000000021 297.50000000000006 0.99761913169647187 8.9116666666666706
decision_type=2 2 2 2 2 2 2 2 2 2 2 2 8 10 8 10 2 2 2 2 2 10 2 2 10 8 2 8 2 2
left_child=2 4 22 8 6 17 7 9 -3 12 -11 -5 14 -7 -2 16 19 -4 24 20 -16 -22 -1 -12 25 26 -19 28 -25 -23
right_child=1 3 5 11 -6 13 -8 -9 -10 10 23 -13 -14 -15 15 -17 -18 18 -20 -21 21 29 -24 27 -26 -27 -28 -29 -30 -31
leaf_value=-0.01064019157580598 -0.0037697950963916948 0.0023153805034190939 -0.0049162304051262144 0.028486945646144769 0.003604723068674313 -0.0016371466232664403 0.0031250886614977709 0.0016314505134553431 0.0070440402759757645 0.0020534754825299534 0.0021145247019455742 0.0084071984685531592 -0.0022628408761761385 0.00060277738236192715 0.00025410813810597106 -0.0010204740338809 0.025620842994026807 -0.0040717679908881645 0.0032622916953206332 0.0007506923104873553 0.0042997256267363207 0.016398137753417402 -0.0051339412312997323 -0.00023137961706009986 -0.0035111834776616045 -0.0010712305384307052 0.011176624319880236 -0.0025379742260587075 -0.0060720770531015947 0.0074853296459184981
leaf_weight=12335 3181 17260 13476 225 3472 19764 3845 6480 3439 4987 3568 647 16898 7620 337 45827 59 11092 716 4202 116 58 13773 46470 21675 23691 79 3898 1016 62
leaf_count=12335 3181 17260 13476 225 3472 19764 3845 6480 3439 4987 3568 647 16898 7620 337 45827 59 11092 716 4202 116 58 13773 46470 21675 23691 79 3898 1016 62
internal_value=-0.000802156 1.69518e-05 -0.00189706 0.00214617 -0.000300951 -0.00149384 -0.000370345 -0.000443246 0.0019013 -0.000538688 -0.000125879 0.00795871 -0.000888466 -0.00064892 -0.000625164 -0.00049555 0.00135085 -0.00182097 -0.0016028 0.00113612 0.00582024 0.0138559 -0.00341237 -0.000293166 -0.00165971 -0.0012997 -0.00234581 -0.000421728 -0.00028598 0.0216667
internal_weight=290268 166047 124221 21571 144476 98113 141004 137159 20699 130679 59939 872 70740 27384 53842 50661 4834 70729 57253 4775 573 236 26108 54952 56537 34862 11171 51384 47486 120
internal_count=290268 166047 124221 21571 144476 98113 141004 137159 20699 130679 59939 872 70740 27384 53842 50661 4834 70729 57253 4775 573 236 26108 54952 56537 34862 11171 51384 47486 120
is_linear=0
shrinkage=0.05


Tree=51
num_leaves=31
num_cat=0
split_feature=0 4 0 8 13 22 23 24 24 4 24 17 15 24 20 15 22 22 23 17 24 24 2 15 22 14 23 24 22 20
split_gain=97.3465 44.2698 23.878 14.8731 11.8787 12.0288 19.6114 10.1472 12.0744 9.45706 9.18602 9.45509 8.54007 6.93608 8.66327 6.44648 8.93558 7.19251 6.23352 8.983 7.53798 6.13827 5.96243 5.86062 5.81029 5.57735 5.54256 8.08429 7.16644 6.60005
threshold=6.8950000000000005 21.295000000000005 3.9350000000000005 7.5000000000000009 13.250000000000002 -0.98523971305672675 -0.15950993297387572 -0.65999999999999981 0.47500000000000003 189.73500000000004 -0.65999999999999981 210.50000000000003 72.500000000000014 -0.43999999999999995 391.80000000000001 91.500000000000014 0.9053161325100999 0.91248814248966237 0.80290535434334509 157.50000000000003 -0.65999999999999981 -0.65999999999999981 11.015000000000002 53.500000000000007 -0.83377653105606597 30.950000000000003 -0.074115882986646633 -0.43999999999999995 -0.99275805973510278 353.65000000000003
decision_type=2 2 2 2 2 2 2 8 10 2 8 2 2 10 10 2 2 2 2 2 10 10 2 2 2 2 2 10 2 10
left_child=2 4 -1 22 5 6 13 -4 15 -5 -7 -12 -6 -2 25 18 -17 -18 19 -9 -21 -13 -3 -22 -11 -15 -8 28 -28 -30
right_child=1 3 7 9 12 10 26 8 -10 24 11 21 -14 14 -16 16 17 -19 -20 20 23 -23 -24 -25 -26 -27 27 -29 29 -31
leaf_value=-0.0080203283191542917 0.00070574019224371016 0.0015825880957383025 -0.005370619270456495 0.0069758838356636975 -0.0028856532693366556 -0.0032636359057674081 0.0045213987114482461 -0.0024146739425044217 -0.0035543715658405486 0.025434374212617628 -0.00075948348160977271 0.011294444437281463 -0.00039567420940836537 0.013942821073230645 0.010203805550222947 0.0013613001703448374 0.019009852871973872 0.0068679725519293694 -0.0031577732004127151 0.02223236049040854 0.0039899407662724474 0.00049335701026840303 0.0058559913797190501 -0.00013629837321295083 0.0069868024669660876 0.0094147296734975929 0.0011130798323928943 -0.0035348872337161354 0.0015667085156676253 0.0087044476322494842
leaf_weight=20457 123 25952 9406 2997 23778 5234 1777 13498 29942 260 66135 143 15036 73 226 402 54 63 11638 55 755 39430 2768 16463 154 56 1117 1828 201 247
leaf_count=20457 123 25952 9406 2997 23778 5234 1777 13498 29942 260 66135 143 15036 73 226 402 54 63 11638 55 755 39430 2768 16463 154 56 1117 1828 201 247
internal_value=-0.000784759 -0.000107048 -0.00202189 0.00158243 -0.00045636 -0.000204135 0.00204674 -0.00164179 -0.0014423 0.0047039 -0.000318726 -0.000217487 -0.001214 0.0117364 0.0152817 -0.000904772 0.00463391 0.0167949 -0.000972554 -0.000599754 0.000155444 0.000393828 0.0012117 9.64095e-05 0.0117874 0.0256202 0.00115087 -3.38945e-05 0.00260383 0.00794643
internal_weight=290268 187535 102733 32131 155404 116590 5648 82276 72870 3411 110942 105708 38814 478 355 42928 519 117 42409 30771 17273 39573 28720 17218 414 129 5170 3393 1565 448
internal_count=290268 187535 102733 32131 155404 116590 5648 82276 72870 3411 110942 105708 38814 478 355 42928 519 117 42409 30771 17273 39573 28720 17218 414 129 5170 3393 1565 448
is_linear=0
shrinkage=0.05


Tree=52
num_leaves=31
num_cat=0
split_feature=0 0 0 8 4 18 8 15 13 2 21 24 24 15 22 22 13 16 24 24 22 22 24 15 22 22 4 14 24 19
split_gain=89.9101 40.4191 23.5292 12.7415 10.9433 9.92453 9.25361 8.26836 11.6386 7.64448 7.57243 6.9009 6.5929 6.41571 6.42662 7.914 6.41371 5.54059 5.44684 8.37521 7.39114 4.87196 4.82893 4.78274 4.5195 5.78565 5.91864 4.10322 4.07778 4.0229
threshold=6.8950000000000005 16.305000000000003 3.7350000000000008 24.500000000000004 6.8650000000000011 18.725000000000005 3.5000000000000004 78.500000000000014 9.9500000000000011 11.015000000000002 27.500000000000004 inf -0.65999999999999981 91.500000000000014 0.9053161325100999 0.91248814248966237 0.95000000000000007 15.050000000000002 -0.65999999999999981 0.05000000000000001 0.99995780822346225 -0.83377653105606597 inf 66.500000000000014 -0.98214942551678475 -0.98803845231459242 10.705000000000002 28.350000000000005 -0.65999999999999981 3.1550000000000007
decision_type=2 2 2 2 2 2 2 2 2 2 8 8 8 2 2 2 2 2 10 10 2 2 8 2 2 2 2 2 10 2
left_child=2 5 -1 9 -4 6 7 8 10 -3 12 13 -2 18 -15 -16 -14 21 -6 20 -20 -5 23 -10 25 -21 -27 -22 -18 -25
right_child=1 3 4 17 11 -7 -8 -9 22 -11 -12 -13 16 14 15 -17 28 -19 19 24 27 -23 -24 29 -26 26 -28 -29 -30 -31
leaf_value=-0.008372030632016067 -0.0030386100501364564 0.0016460675009624306 -0.0050687069547504411 0.021365311765483494 -0.0042903333919755799 0.0029224194441742554 0.0026299346500468414 0.00072693388959557269 -0.0033287010832304845 0.006350859046871455 -0.0010518088402008874 0.020422384655967275 0.0012758545354682245 0.0012430428038467229 0.017763276543149419 0.0026381772918877677 0.0064908526507731594 0.0026296694436600764 -0.0011273699962446591 -0.0012454865767906533 0.0029513372568181731 0.0058905273157416451 0.013765907766842495 0.0038045771383412239 -0.002878672365451074 0.0058428629829220986 0.017511013042107917 0.020080266741926974 -0.00026676078096623542 -0.0013204556339777604
leaf_weight=16776 2863 25524 16531 451 6557 3883 3582 12428 18268 3369 39539 83 12230 576 60 83 339 397 31200 206 51 431 58 271 30438 69 53 50 36860 27042
leaf_count=16776 2863 25524 16531 451 6557 3883 3582 12428 18268 3369 39539 83 12230 576 60 83 339 397 31200 206 51 431 58 271 30438 69 53 50 36860 27042
internal_value=-0.000757026 -0.000105715 -0.00194597 0.00157066 -0.00161168 -0.000427135 -0.000490293 -0.000550309 -0.000661964 0.00135448 -0.000337632 -0.00133639 5.71777e-05 -0.00135363 0.00334492 0.0128322 0.000192295 0.00645426 -0.00140286 -0.00125808 -0.000682248 0.00866213 -0.00131456 -0.0013329 -0.00184392 0.0039939 0.0126229 0.0128218 -0.000134279 -0.000914035
internal_weight=290268 187535 102733 30172 85957 157363 153480 149898 137470 28893 91831 69426 52292 69343 719 143 49429 1279 68624 62067 31301 882 45639 45581 30766 328 122 101 37199 27313
internal_count=290268 187535 102733 30172 85957 157363 153480 149898 137470 28893 91831 69426 52292 69343 719 143 49429 1279 68624 62067 31301 882 45639 45581 30766 328 122 101 37199 27313
is_linear=0
shrinkage=0.05


Tree=53
num_leaves=31
num_cat=0
split_feature=5 0 0 23 4 9 23 22 18 20 11 20 23 22 14 9 22 22 9 22 2 23 22 20 24 22 22 1 14 24
split_gain=86.5694 32.2363 26.9608 11.3188 10.7513 9.33342 8.85346 35.308 8.83824 8.5294 7.79137 7.23293 7.87223 11.7656 6.5238 6.47753 6.85991 11.7901 11.3939 6.64369 6.4277 6.06671 9.19754 5.59956 5.3664 6.80118 18.3427 12.543 6.45037 5.40174
threshold=7.7664285714285732 16.305000000000003 3.9350000000000005 0.82777578779003613 189.73500000000004 998.87963867187511 0.90070004940655357 -0.39036798905311365 18.725000000000005 329.65000000000003 13.085000038146974 766.10000000000014 0.82293497932636273 0.59868201182722736 27.050000000000004 494.48980712890631 0.9053161325100999 0.93544191479114935 902.01257324218761 0.92602006027323147 11.015000000000002 0.81304046271159414 0.57077594689671507 413.40000000000003 -0.65999999999999981 -0.98214942551678475 -0.9905448150984083 9.8050000000000015 29.650000000000002 0.05000000000000001
decision_type=2 2 2 2 2 2 2 2 2 10 2 8 2 2 2 2 2 2 2 2 2 2 2 10 8 2 2 2 2 10
left_child=2 5 -1 9 20 8 11 -8 10 15 24 -7 13 -13 -9 -4 21 18 19 -18 -3 -17 -23 -6 -2 26 -26 -28 29 -27
right_child=1 4 3 -5 23 6 7 14 -10 -11 -12 12 -14 -15 -16 16 17 -19 -20 -21 -22 22 -24 -25 25 28 27 -29 -30 -31
leaf_value=-0.0074800508499189558 -0.0029810931193249282 0.0016113113862422615 -0.0025669298672023311 -0.003519530608579062 0.0044704106090445554 -0.00020250321523263066 0.016417918391092561 0.0080044742259298193 0.0028868375415138769 -0.00032064201082362075 0.0029261978511916876 0.014051677940307265 -0.0057207876790853866 0.0018093208572801751 0.001534774477582764 -0.002098503563970908 -0.0016707102395414342 0.00022800206291838859 0.013079432200654967 0.0084514832736765719 0.0060366076584459274 -0.0013015764777615879 0.0076577453420930966 0.018418450287597154 -0.00085240033150249983 0.00071470392080814752 0.010047907275895388 0.002319214248589805 -0.0010363880807214398 -0.00096076282825747887
leaf_weight=19313 5677 25804 50171 26259 439 4427 111 247 3535 19759 3092 125 107 126 1291 5907 219 1852 111 204 3467 255 171 435 4243 20217 728 890 76918 14168
leaf_count=19313 5677 25804 50171 26259 439 4427 111 247 3535 19759 3092 125 107 126 1291 5907 219 1852 111 204 3467 255 171 435 4243 20217 728 890 76918 14168
internal_value=-0.000734116 1.27362e-05 -0.00173244 -0.00141639 0.00149195 -0.000315376 0.00154336 0.00470285 -0.000407747 -0.00111629 -0.000476961 0.000454544 0.0072905 0.0121315 0.00273732 -0.0014179 -0.000159997 0.00212489 0.00867041 0.00492908 0.00132879 -0.00102084 0.00474178 0.00695652 -0.000539357 -0.000466612 0.00119348 0.00572311 -0.000554029 1.52671e-05
internal_weight=290268 166047 124221 104908 30145 135902 6434 1649 129468 78649 125933 4785 358 251 1538 58890 8719 2386 534 423 29271 6333 426 874 122841 117164 5861 1618 111303 34385
internal_count=290268 166047 124221 104908 30145 135902 6434 1649 129468 78649 125933 4785 358 251 1538 58890 8719 2386 534 423 29271 6333 426 874 122841 117164 5861 1618 111303 34385
is_linear=0
shrinkage=0.05


Tree=54
num_leaves=31
num_cat=0
split_feature=0 5 5 4 13 21 8 15 24 13 24 8 0 15 24 22 24 24 17 15 9 22 22 22 24 22 24 24 19 3
split_gain=80.123 37.4728 19.0376 12.4622 11.3092 9.0316 8.87069 8.23009 6.95782 7.2668 8.05962 6.36456 6.06349 5.62452 7.18115 5.87422 5.27674 8.37192 5.20899 5.05868 4.92492 4.89549 12.7136 7.3121 12.3029 5.87693 5.01535 4.83017 10.1077 4.75562
threshold=6.2150000000000007 13.220714285714289 4.8992857142857158 102.57500000000002 13.250000000000002 67.500000000000014 39.500000000000007 72.500000000000014 -0.65999999999999981 1.8500000000000003 -0.65999999999999981 95.500000000000014 3.4250000000000003 71.500000000000014 0.05000000000000001 -0.78326540922535159 -0.65999999999999981 0.47500000000000003 143.50000000000003 35.500000000000007 434.05938720703131 0.65233619298682533 -0.031173458710879235 0.67802080537253961 -0.22499999999999995 0.9962888416657264 -0.22499999999999995 1.3150000000000002 11.315000000000003 4.198333333333335
decision_type=2 2 2 2 2 8 2 2 8 2 10 2 2 2 10 2 8 10 2 2 2 2 2 2 10 2 10 10 2 2
left_child=2 4 -1 18 5 6 8 -6 29 19 -11 -5 -4 15 -15 27 -14 -18 20 -10 -3 22 -21 24 -23 26 -25 -12 -29 -2
right_child=1 3 12 11 7 -7 -8 -9 9 10 13 -13 16 14 -16 -17 17 -19 -20 21 -22 23 -24 25 -26 -27 -28 28 -30 -31
leaf_value=-0.0071249529905227371 0.0075918464682667415 1.7324352512909515e-08 -0.0067087585392355195 0.0067080671691377011 -0.0028433431620360026 -0.0013800966408090232 0.036812948658206716 -0.00053580789063621941 0.010514917339603146 0.0092269314540356726 -0.00014288600353845271 0.024385023036896693 -0.0045467659916031888 0.0017345413249830737 -0.0011184579733902423 -0.0011898103962843876 -0.0011233944559409996 -0.0030912889107312779 0.0019662236339709686 0.0014235040022077224 0.0033666759081807302 0.0095333437408506739 -0.0017142697901362761 -0.0043238577658761745 0.0027117972667241139 -0.0062927576105505775 0.0028812597590250448 -0.00039615792120441739 0.0060235732732733275 -0.0025199496351493325
leaf_weight=21386 56 16443 5132 2710 26757 27252 50 17294 59 275 6024 112 5325 8591 5117 35907 30011 19417 24913 14537 976 101 7400 618 231 433 4659 1206 884 6392
leaf_count=21386 56 16443 5132 2710 26757 27252 50 17294 59 275 6024 112 5325 8591 5117 35907 30011 19417 24913 14537 976 101 7400 618 231 433 4659 1206 884 6392
internal_value=-0.000708622 -0.000190602 -0.00204077 0.00108473 -0.000542075 -0.000290171 -5.45722e-05 -0.0012271 -6.59543e-05 5.27637e-05 -0.000266707 0.00430191 -0.00158345 -0.000307386 0.000577034 -0.000582791 -0.00142942 -0.00126831 0.000870262 0.000713673 0.000206957 0.000682832 0.000335733 0.00194306 0.00915663 0.00152364 0.00198313 0.000632239 0.00270335 -0.00165013
internal_weight=290268 208997 81271 45154 163843 119792 92540 44051 92490 86042 58004 2822 59885 57729 13708 44021 54753 49428 42332 28038 17419 27979 21937 6042 332 5710 5277 8114 2090 6448
internal_count=290268 208997 81271 45154 163843 119792 92540 44051 92490 86042 58004 2822 59885 57729 13708 44021 54753 49428 42332 28038 17419 27979 21937 6042 332 5710 5277 8114 2090 6448
is_linear=0
shrinkage=0.05


Tree=55
num_leaves=31
num_cat=0
split_feature=5 0 5 8 17 19 23 4 23 14 5 22 22 1 22 12 13 14 22 15 22 15 2 23 13 8 13 13 17 19
split_gain=75.2879 29.8173 21.0385 12.0275 11.0759 9.80797 7.58457 6.98507 6.58757 10.7762 6.47604 5.49223 10.4918 7.0334 5.44937 5.75093 5.26535 5.35314 5.68935 5.04381 8.74802 5.60449 4.70199 4.66602 5.75189 4.64925 4.56041 4.55247 4.35723 4.25903
threshold=7.2021428571428592 14.585000000000003 4.5792857142857155 7.5000000000000009 155.50000000000003 6.8450000000000006 0.99855310097228334 189.73500000000004 0.99611390731392835 28.750000000000004 42.062857142857148 -0.98214942551678475 -0.99275805973510278 6.3950000000000005 -0.8041866928211282 1.5000000000000002 0.15000000000000005 29.150000000000002 -0.8041866928211282 51.500000000000007 0.98372640911059162 79.500000000000014 0.32000000000000012 0.59003219687534991 7.8500000000000005 30.500000000000004 61.95000000000001 16.850000000000005 173.50000000000003 7.0050000000000008
decision_type=2 2 2 2 2 2 2 2 2 2 2 2 2 2 2 2 2 2 2 2 2 2 2 2 2 2 2 2 2 2
left_child=2 4 -1 16 25 22 8 -5 10 -10 11 12 -6 -14 15 -9 -3 29 -19 20 -13 27 -4 24 28 -2 -23 -21 -7 -18
right_child=1 3 5 7 6 23 -8 14 9 -11 -12 19 13 -15 -16 -17 17 18 -20 21 -22 26 -24 -25 -26 -27 -28 -29 -30 -31
leaf_value=-0.0072141293459867112 -0.0012680802206032696 0.0035460425739431453 -0.0038263062984421068 0.0059647813340138918 -0.00054630300110117107 -0.00047558518935031927 -0.0059013322297130416 0.029223041226519142 0.0087300424414356505 0.0014762031269208876 0.032561558016534285 0.0011734285284363309 0.015590250111176894 0.0039027483306931796 0.00016463499243788286 0.015365385065496394 0.0052642236399822011 0.001972038585987533 -0.00036085894976714539 -0.00020419586023013572 0.0086181474130292337 0.0011183381376572079 -0.0018310156700356976 -0.0023055435331144764 -0.0018103956819399949 0.024828048220765096 0.015164768409668575 -0.0016491322253000197 0.0018724639977452124 0.0018978048360963049
leaf_weight=17122 63443 5248 31125 3251 2549 7176 1892 58 236 706 73 3564 188 1507 118 234 685 9091 16011 52006 140 7294 17222 12511 11646 86 57 14393 5422 5214
leaf_count=17122 63443 5248 31125 3251 2549 7176 1892 58 236 706 73 3564 188 1507 118 234 685 9091 16011 52006 140 7294 17222 12511 11646 86 57 14393 5422 5214
internal_value=-0.000687952 -9.42345e-05 -0.00178011 0.00111877 -0.000421039 -0.00145837 -4.63932e-05 0.00385004 2.52065e-05 0.00418259 -2.26865e-05 -3.59874e-05 0.00171536 0.00476401 0.01 0.0136644 0.000842919 0.00059498 0.000276471 -0.00013195 0.00166847 -0.000222374 -0.00192639 -0.000842744 -0.000438048 -0.000919975 0.00108761 -0.000367401 0.000302428 0.00195033
internal_weight=290268 188044 102224 39910 148134 85102 84605 3661 82713 942 81771 81698 4244 1695 410 292 36249 31001 25102 77454 3704 73750 48347 36755 24244 63529 7351 66399 12598 5899
internal_count=290268 188044 102224 39910 148134 85102 84605 3661 82713 942 81771 81698 4244 1695 410 292 36249 31001 25102 77454 3704 73750 48347 36755 24244 63529 7351 66399 12598 5899
is_linear=0
shrinkage=0.05


Tree=56
num_leaves=31
num_cat=0
split_feature=5 4 0 8 17 24 22 23 13 13 24 24 23 4 23 24 23 24 23 22 13 22 22 23 22 22 13 13 19 22
split_gain=70.0621 33.6845 15.2401 11.0994 9.63168 9.68755 10.3745 14.3036 9.34075 8.3133 7.30724 10.3924 7.24841 7.22496 6.62738 7.27566 7.87874 8.47816 7.6411 9.09866 7.36104 6.80552 6.77874 6.70215 6.50622 5.92758 5.61308 5.42365 5.37568 5.3445
threshold=6.2607142857142861 19.215000000000003 3.5050000000000003 5.5000000000000009 155.50000000000003 -0.65999999999999981 -0.98214942551678475 -0.14250536273956091 4.9500000000000011 0.25000000000000006 -0.43999999999999995 -0.029999999999999995 -0.35846086284744721 189.73500000000004 0.99855310097228334 0.05000000000000001 0.99530134160901229 -0.42499999999999993 -0.22700609751797865 0.97112537654464559 54.95000000000001 0.99995780822346225 -0.94705910369513524 0.99681593486783593 0.94425825643485939 -0.97113884758256674 5.6500000000000012 15.450000000000001 43.655000000000008 -0.98523971305672675
decision_type=2 2 2 2 2 8 2 2 2 2 8 10 2 2 2 10 2 10 2 2 2 2 2 2 2 2 2 2 2 2
left_child=2 4 -1 28 -2 12 7 8 -7 24 -4 26 -6 -5 15 16 18 -18 19 22 21 -20 25 -19 -8 -11 -12 -23 -3 -10
right_child=1 3 10 13 5 6 9 -9 29 14 11 -13 -14 -15 -16 -17 17 23 20 -21 -22 27 -24 -25 -26 -27 -28 -29 -30 -31
leaf_value=-0.008879651848616504 -0.001294826757628937 0.00089756824540173036 -0.0046651622559216897 0.0055968465956290321 0.0098150039043386518 0.0053248120881380489 0.00087344701891367376 0.0012458473945349919 0.01590802100875963 -0.0052890313661903866 0.0015900145581389737 -0.0028857985610863286 -0.0029749104945301572 0.015922025639855508 -0.0057879341510500074 -0.00099753296978171931 0.00067919674941934252 0.010284606868282472 -0.00068025857197097448 0.011309200133579368 0.016498665092866845 0.017867040600046607 0.00096289016787389512 0.0045125800210883199 0.005901487397198802 0.0064067893763452653 -0.0014434410465672669 -0.0012723730022396443 0.0047105848498598391 0.0037463553997692783
leaf_weight=11077 75619 35271 14870 4135 162 446 7098 2642 133 109 4342 29302 7957 444 1984 35221 669 180 33259 75 90 89 14486 294 608 503 6539 53 2490 121
leaf_count=11077 75619 35271 14870 4135 162 446 7098 2642 133 109 4342 29302 7957 444 1984 35221 669 180 33259 75 90 89 14486 294 608 503 6539 53 2490 121
internal_value=-0.000663491 -0.000241549 -0.0020936 0.00102858 -0.000537356 -0.000230226 -9.28015e-05 0.00264512 0.009 -0.000189406 -0.00175313 -0.00140271 -0.00189001 0.00335335 -0.000328806 -0.00026215 0.000126788 0.0042301 3.04114e-05 0.000961246 -0.0003913 -0.000429779 0.000874949 0.00934599 0.00138463 0.00602941 -8.31737e-05 0.010493 0.000746669 0.0166535
internal_weight=290268 224138 66130 42340 181798 106179 98060 3342 700 94718 55053 40183 8119 4579 87012 85028 49807 1143 48664 15173 33491 33401 15098 474 7706 612 10881 142 37761 254
internal_count=290268 224138 66130 42340 181798 106179 98060 3342 700 94718 55053 40183 8119 4579 87012 85028 49807 1143 48664 15173 33491 33401 15098 474 7706 612 10881 142 37761 254
is_linear=0
shrinkage=0.05


Tree=57
num_leaves=31
num_cat=0
split_feature=0 4 0 24 2 24 13 22 23 15 21 24 22 17 24 16 23 23 17 8 22 15 17 23 24 22 20 0 24 15
split_gain=67.3861 29.0052 17.5829 10.6919 9.94051 9.87259 9.70688 9.50961 17.4581 7.48678 7.31179 7.17367 7.00782 7.16812 6.97394 9.857 6.00381 5.89798 7.56325 5.68665 5.45769 6.85749 5.44047 5.41725 5.48921 5.90443 8.11978 9.64096 5.38512 5.3232
threshold=6.1350000000000007 19.215000000000003 3.4250000000000003 -0.65999999999999981 11.015000000000002 0.47500000000000003 13.250000000000002 -0.98523971305672675 -0.15950993297387572 71.500000000000014 77.500000000000014 -0.43999999999999995 0.99761913169647187 212.50000000000003 -0.43999999999999995 7.7500000000000009 -0.67801649466304881 0.80290535434334509 161.50000000000003 142.50000000000003 0.97875492728876534 52.500000000000007 315.50000000000006 -0.056951011027366626 -0.43999999999999995 -0.99275805973510278 356.10000000000008 12.125000000000002 -0.49499999999999994 52.500000000000007
decision_type=2 2 2 8 2 10 2 2 2 2 8 8 2 2 10 2 2 2 2 2 2 2 2 2 10 2 10 2 10 2
left_child=2 6 -1 -4 19 17 7 8 14 -8 11 -9 13 -13 -2 -16 -7 18 -5 -3 22 -22 -15 -10 25 -25 -27 -28 -19 -20
right_child=1 4 3 5 -6 16 9 10 23 -11 -12 12 -14 20 15 -17 -18 28 29 -21 21 -23 -24 24 -26 26 27 -29 -30 -31
leaf_value=-0.0082807749402404787 0.0010910538015683595 0.0011396112879409491 -0.0052871994505531454 -0.0020771045422024771 0.0060987487232081992 -0.001069325845819615 -0.0025951521689649313 -0.0016330823060800781 0.0039292694108785274 -0.00046184732995459824 -0.0014191513613825001 -0.00027989672142825098 -0.004053446924559263 0.0011403627676432335 0.015099990532087436 0.0098041625852687483 -0.0043823591003381967 -0.0060602666880717236 0.0057765077565596831 0.01603310449411793 0.0080245237282131603 0.0023684883604433472 -0.0010358210905556658 -0.0002950989805552231 -0.0034493011188883038 -0.00068456182368292241 0.010238999681313945 0.003581446281117247 -0.0012679194948579363 0.00035494158816057623
leaf_weight=11970 125 37381 8296 10402 3773 6995 25324 15619 1881 20143 25780 47414 2030 19756 53 285 17867 4682 406 70 330 2243 6167 1019 1634 215 100 118 5434 12756
leaf_count=11970 125 37381 8296 10402 3773 6995 25324 15619 1881 20143 25780 47414 2030 19756 53 285 17867 4682 406 70 330 2243 6167 1019 1634 215 100 118 5434 12756
internal_value=-0.000646438 -0.000181359 -0.00189435 -0.00157829 0.00100863 -0.00134024 -0.000469526 -0.000241608 0.00180479 -0.00109497 -0.00033472 -0.000129278 6.67168e-05 0.000144249 0.0110907 0.0148225 -0.00209597 -0.000782365 -0.000348838 0.000762195 0.000770984 0.00296735 0.000552983 0.000939198 -0.000349969 0.00188705 0.00677829 0.013578 -0.00179221 0.000447499
internal_weight=290268 211460 78808 66838 41224 58542 170236 124769 5430 45467 119339 93559 77940 75910 463 338 24862 33680 23564 37451 28496 2573 25923 4967 3086 1452 433 218 10116 13162
internal_count=290268 211460 78808 66838 41224 58542 170236 124769 5430 45467 119339 93559 77940 75910 463 338 24862 33680 23564 37451 28496 2573 25923 4967 3086 1452 433 218 10116 13162
is_linear=0
shrinkage=0.05


Tree=58
num_leaves=31
num_cat=0
split_feature=0 5 5 8 21 8 15 15 14 18 0 22 17 19 22 22 1 19 14 9 22 22 22 5 9 22 22 5 8 22
split_gain=63.1359 28.7633 16.4355 11.8257 7.96037 7.03776 7.27837 6.53631 6.52887 6.31504 5.84418 5.72535 5.55434 6.63505 5.23899 10.1497 5.10755 4.88073 4.74297 4.70385 4.37303 11.6092 5.99279 4.24733 4.0151 7.15382 19.9372 7.34429 3.88393 3.72201
threshold=5.8550000000000013 10.993571428571432 4.8485714285714296 5.5000000000000009 122.50000000000001 3.5000000000000004 84.500000000000014 94.500000000000014 28.750000000000004 23.455000000000002 3.4250000000000003 -0.93545489084327571 151.50000000000003 8.6450000000000014 -0.98523971305672675 -0.98803845231459242 2.3450000000000002 7.0050000000000008 28.350000000000005 998.87963867187511 0.97112537654464559 0.99274428880883148 0.9916835347852474 105.33500000000002 845.66873168945324 0.57077594689671507 0.58481550752069722 6.389285714285716 30.500000000000004 -0.031173458710879235
decision_type=2 2 2 2 8 2 2 2 2 2 2 2 2 2 2 2 2 2 2 2 2 2 2 2 2 2 2 2 2 2
left_child=2 4 -1 8 5 6 12 10 11 -10 -4 -3 -2 16 15 -15 -14 -13 -17 -9 29 22 -22 -5 -6 -26 27 -27 -7 -16
right_child=1 3 7 23 24 28 -8 19 9 -11 -12 17 13 14 20 18 -18 -19 -20 -21 21 -23 -24 -25 25 26 -28 -29 -30 -31
leaf_value=-0.0064128405151290995 -0.0014344877979401366 -0.0015611731227095219 -0.0058419866638428032 0.0044766746130036963 -0.0019842914116273975 0.0028930440516110665 0.0017736656411076416 0.0030702509269286238 7.2077915237282159e-06 0.0026292254924643074 -0.0020051592186053594 0.0045576455098437071 0.0088579584388141681 0.001524397334989097 0.00048215730098529104 0.016845989506936301 -0.0011178618425244228 0.0015406926624260062 0.0062344684794920727 0.0097446647920339732 0.0049497639976661574 -0.0014018601258599089 0.0076611625107921386 0.013793201031900994 -0.0019531289307376533 0.007200718696898885 0.00030959082461652025 0.013856997164597932 0.030119773108803323 -0.00094588883369423396
leaf_weight=19537 41098 1701 5212 4910 24921 1288 3291 181 50107 7625 45118 1981 80 1163 17098 53 38492 6828 165 82 1464 1624 183 529 817 56 385 73 54 14152
leaf_count=19537 41098 1701 5212 4910 24921 1288 3291 181 50107 7625 45118 1981 80 1163 17098 53 38492 6828 165 82 1464 1624 183 529 817 56 385 73 54 14152
internal_value=-0.000624217 -0.000208007 -0.0019307 0.000597778 -0.000613389 -0.000441123 -0.000481774 -0.00145504 0.000418949 0.000210281 -0.00149613 0.00156517 -0.000547798 -0.000290304 0.000198874 0.00321868 -0.00074562 0.00207799 0.0131193 0.00640684 7.80672e-05 0.00181749 0.00477535 0.00284151 -0.00140218 0.00127348 0.00589494 0.022907 0.00315946 -0.000104001
internal_weight=290268 220138 70130 73681 146457 120205 118863 50593 68242 57732 50330 10510 115572 74474 35902 1381 38572 8809 218 263 34521 3271 1647 5439 26252 1331 514 129 1342 31250
internal_count=290268 220138 70130 73681 146457 120205 118863 50593 68242 57732 50330 10510 115572 74474 35902 1381 38572 8809 218 263 34521 3271 1647 5439 26252 1331 514 129 1342 31250
is_linear=0
shrinkage=0.05


Tree=59
num_leaves=31
num_cat=0
split_feature=0 5 5 13 5 21 24 24 8 23 9 22 23 23 13 9 13 22 9 23 23 22 24 23 24 24 18 17 23 22
split_gain=59.422 25.777 15.7779 10.5407 8.31358 7.62198 7.61072 8.32278 7.46248 6.38689 5.73968 9.21104 5.72716 6.00965 5.66728 5.35631 6.64519 5.21483 5.50407 8.08562 13.2859 22.1108 22.9783 7.60875 7.92652 7.17102 6.96186 5.45418 6.27387 5.14359
threshold=5.8050000000000006 13.343571428571432 4.4650000000000007 8.1500000000000004 32.962857142857153 172.50000000000003 -0.65999999999999981 0.47500000000000003 9.5000000000000018 0.80290535434334509 998.87963867187511 0.98372640911059162 0.99855310097228334 -0.99628250747696534 28.150000000000002 998.87963867187511 40.150000000000013 0.99761913169647187 998.87963867187511 0.75438814418115718 0.73136292505298039 0.66527693225344786 -0.22499999999999995 0.81304046271159414 -0.42499999999999993 1.9550000000000003 7.9050000000000011 161.50000000000003 0.6174544326165855 -0.099819732675876835
decision_type=2 2 2 2 2 10 8 10 2 2 2 2 2 2 2 2 2 2 2 2 2 2 10 2 10 10 2 2 2 2
left_child=2 3 -1 5 -3 8 -4 9 12 15 29 -12 13 -2 -13 -8 -17 18 19 20 27 25 -23 -20 -25 -22 -26 -15 -29 -5
right_child=1 4 6 10 -6 -7 7 -9 -10 -11 11 14 -14 17 -16 16 -18 -19 23 -21 21 22 -24 24 26 -27 -28 28 -30 -31
leaf_value=-0.0072384592640162464 -0.0027711959222057637 0.00083659280210550413 -0.0050908293173908582 -0.00064256574721050007 0.0045794088946323622 -0.002418598976161554 -0.00074951261688669475 -0.0032576719338399951 0.0099870090187935672 -0.0033332402735351202 -1.9091404676319097e-05 0.0045030538696660787 -0.00591091616085171 -0.00027384774705963775 0.0059375262347211265 0.0017256255289522051 0.016961338686034274 -0.0037837497951607405 5.6607549024833736e-05 -0.0011726929929745606 -0.0012608497710380959 0.011558818714371278 -0.0066424818693302211 0.00109057879014724 0.0040999445616661237 0.0087706051435877171 0.0094274391137339295 0.0010899872326133367 -0.0025137868213192405 -0.0020286226381470655
leaf_weight=13338 3213 37499 5898 30416 6661 4961 18821 20172 643 8585 5187 488 1512 33941 53 1773 94 1714 1705 15886 451 139 62 644 290 66 309 30455 2654 42638
leaf_count=13338 3213 37499 5898 30416 6661 4961 18821 20172 643 8585 5187 488 1512 33941 53 1773 94 1714 1705 15886 451 139 62 644 290 66 309 30455 2654 42638
internal_value=-0.000600619 -0.000202337 -0.0018856 -0.000471378 0.000878622 -0.000126972 -0.00151356 -0.00131105 -2.58327e-05 -0.000772556 -0.000902619 0.000621507 -6.29304e-05 -1.25109e-05 0.00682994 -0.000296792 0.00225763 6.47662e-05 0.000118818 4.39895e-05 0.00028199 0.00704735 0.0211194 0.0022422 0.00521722 0.0015764 0.00935726 0.000209544 0.000666132 -0.00102212
internal_weight=290268 221587 68681 177427 44160 98645 55343 49445 93684 29273 78782 5728 93041 91529 541 20688 1867 88316 86602 83654 67768 718 201 2948 1243 517 599 67050 33109 73054
internal_count=290268 221587 68681 177427 44160 98645 55343 49445 93684 29273 78782 5728 93041 91529 541 20688 1867 88316 86602 83654 67768 718 201 2948 1243 517 599 67050 33109 73054
is_linear=0
shrinkage=0.05


Tree=60
num_leaves=31
num_cat=0
split_feature=5 5 0 4 13 15 22 23 24 17 16 24 24 9 24 13 23 22 24 24 20 13 23 22 17 22 24 13 14 22
split_gain=55.2352 24.2579 14.5663 10.7437 8.2116 9.09698 7.1106 13.7325 7.32716 11.1255 7.53445 6.63949 8.82783 6.04218 5.84096 5.628 7.26098 5.54539 5.13893 5.11972 5.10892 5.08844 4.53224 4.28991 8.42607 6.10792 6.62434 8.17801 4.26233 4.25889
threshold=6.1935714285714303 10.993571428571432 3.5050000000000003 42.925000000000004 9.9500000000000011 78.500000000000014 -0.98523971305672675 -0.091258822863740666 -0.49499999999999994 205.50000000000003 9.4500000000000011 -0.43999999999999995 -0.029999999999999995 998.87963867187511 0.24500000000000002 54.95000000000001 0.41202506375868281 0.98049069993378934 -0.049999999999999996 -0.43999999999999995 369.30000000000001 1.0000000180025095e-35 0.38043945030393422 -0.99467753128998015 197.50000000000003 -0.98803845231459242 -0.43999999999999995 3.7500000000000004 29.850000000000005 -0.031173458710879235
decision_type=2 2 2 2 2 2 2 2 8 2 2 8 10 2 10 2 2 2 8 10 10 2 2 2 2 2 10 2 2 2
left_child=2 4 -1 13 6 -6 7 23 -8 10 14 -4 17 21 -10 -7 -17 18 -13 -9 -16 -3 -14 24 -2 -25 -27 -28 -19 -11
right_child=1 3 11 -5 5 15 8 19 9 29 -12 12 22 -15 20 16 -18 28 -20 -21 -22 -23 -24 25 -26 26 27 -29 -30 -31
leaf_value=-0.0075558089296303395 0.015436406674101259 0.0023874149923565659 -0.0041141118392654143 0.0037121671048901401 -0.0019233172989689329 0.00013448106360378504 -0.0021679724982636758 0.003205913030981682 0.0008960856591929728 0.0016914119650479596 -0.0016504729624635406 -0.0005391991663117431 -0.0017115628511990618 0.0031745801559941197 -0.0016602989370123507 0.0021574820154328478 0.017996792047020725 0.01366655386840069 0.0067852949187854287 -0.0040275312701009598 0.0020159398934283495 8.7063887955210963e-05 -0.0040191456132169625 0.0035641576631936164 -0.004051743870391508 0.00052527063213974397 0.0094640084500283248 0.013679653533912432 0.00076491633832444683 0.00028886627165181008
leaf_weight=10949 114 5207 14380 9653 51631 11472 11358 1350 10993 7943 25220 9538 18359 2099 8743 96 66 182 420 1239 1421 57833 9718 601 54 92 123 65 214 19135
leaf_count=10949 114 5207 14380 9653 51631 11472 11358 1350 10993 7943 25220 9538 18359 2099 8743 96 66 182 420 1239 1421 57833 9718 601 54 92 123 65 214 19135
internal_value=-0.000578914 -0.000212974 -0.00187892 0.000523985 -0.000576275 -0.00101122 -0.000265176 0.00189939 -0.000358024 -0.000175279 -0.000645472 -0.00153481 -0.00119188 0.000293295 5.03368e-05 0.000251847 0.00950617 5.60158e-05 -0.000174735 -5.60074e-05 -0.000813657 0.000205424 -0.00165207 0.00672545 0.0140476 0.00532917 0.0114286 0.0168085 0.00585858 0.000630031
internal_weight=290268 226508 63760 74792 151716 63265 88451 3638 84813 73455 46377 52811 38431 65139 21157 11634 162 10354 9958 2589 10164 63040 28077 1049 168 881 280 188 396 27078
internal_count=290268 226508 63760 74792 151716 63265 88451 3638 84813 73455 46377 52811 38431 65139 21157 11634 162 10354 9958 2589 10164 63040 28077 1049 168 881 280 188 396 27078
is_linear=0
shrinkage=0.05


Tree=61
num_leaves=31
num_cat=0
split_feature=0 8 0 5 24 24 13 2 15 21 23 24 24 23 24 23 19 15 19 22 22 22 17 22 23 22 8 22 22 23
split_gain=52.6028 22.5497 15.834 14.4774 9.98998 7.95379 7.92707 7.3003 7.0925 6.51858 6.17673 6.08697 8.70626 5.69374 5.86393 5.64925 5.35635 5.28513 5.31016 4.9388 10.861 5.04017 4.88522 4.65379 13.9381 5.81318 4.59519 4.46365 5.21787 13.7304
threshold=5.8050000000000006 2.5000000000000004 3.4250000000000003 10.993571428571432 -0.65999999999999981 0.47500000000000003 10.65 5.0900000000000034 78.500000000000014 47.500000000000007 -0.67801649466304881 -0.43999999999999995 -0.40499999999999997 0.21652257995689161 -0.43999999999999995 -0.99628250747696534 22.145000000000003 69.500000000000014 7.9750000000000005 0.49812943072827093 0.58481550752069722 0.57077594689671507 201.50000000000003 -0.8041866928211282 -0.52765736634565841 -0.814291907305839 23.500000000000004 0.99761913169647187 0.98372640911059162 0.063390085881955341
decision_type=2 2 2 2 8 10 2 2 2 8 2 8 10 2 10 2 2 2 2 2 2 2 2 2 2 2 2 2 2 2
left_child=2 3 -1 6 -4 13 9 26 -8 11 19 -2 -13 14 -6 -14 17 -5 -19 -7 21 -21 -23 24 25 -18 -3 28 -17 -30
right_child=1 7 4 16 5 10 8 -9 -10 -11 -12 12 15 -15 -16 27 23 18 -20 20 -22 22 -24 -25 -26 -27 -28 -29 29 -31
leaf_value=-0.0070619332890849056 -0.0014124162189840636 0.0012532592995722546 -0.0051798288119085153 -0.00019958593271956947 0.0072139080514177917 -0.001970928044058305 -0.0019824825952982727 0.0088586358581597326 0.00025447425071518009 -0.0012781479071798207 -0.0039794855867287 0.0031617638957659416 -0.003155103857482341 -0.0019286965618963469 1.9336525184526482e-05 0.00014478989843187296 0.015621424137289655 0.0019969584438004882 0.00022533078340405046 0.0057669654954594233 -0.00066243215464039567 0.011476538715313062 0.0047221217615387862 0.00029289590837100807 0.0030523412802763734 0.00029021868512933496 0.0082290380395911421 -0.0042728132693642725 -0.0032868399254516625 0.0049830807220222675
leaf_weight=11970 12742 8203 7229 39650 314 3725 44720 2558 9096 25858 15433 3117 2229 16125 11794 43545 302 6773 10949 341 1606 69 75 3450 3509 90 1002 1261 1069 1464
leaf_count=11970 12742 8203 7229 39650 314 3725 44720 2558 9096 25858 15433 3117 2229 16125 11794 43545 302 6773 10949 341 1606 69 75 3450 3509 90 1002 1261 1069 1464
internal_value=-0.000563756 -0.000189024 -0.00177276 -0.00030845 -0.00142398 -0.00117033 -0.000585835 0.00194126 -0.00106716 -0.000302077 -0.00190103 -3.6454e-05 0.00020072 -0.000620375 0.000199041 3.95404e-05 0.000313411 0.000150595 0.000868411 -0.000512381 0.00143233 0.00798969 0.0158333 0.00158414 0.00276724 0.0117092 0.00128463 0.000155368 0.000235686 0.00244177
internal_weight=290268 221587 68681 209824 56711 49482 145101 11763 53816 91285 21249 65427 52685 28233 12108 49568 64723 57372 17722 5816 2091 485 144 7351 3901 392 9205 47339 46078 2533
internal_count=290268 221587 68681 209824 56711 49482 145101 11763 53816 91285 21249 65427 52685 28233 12108 49568 64723 57372 17722 5816 2091 485 144 7351 3901 392 9205 47339 46078 2533
is_linear=0
shrinkage=0.05


Tree=62
num_leaves=31
num_cat=0
split_feature=0 5 5 13 2 15 0 15 9 23 22 20 22 22 5 23 4 21 3 13 24 13 22 23 1 22 23 24 20 22
split_gain=47.6981 20.134 14.8629 8.47118 7.15239 6.6513 6.7619 6.58509 6.28271 9.11218 23.0057 7.37055 7.64077 7.25548 6.9124 6.50382 5.90854 5.37574 5.24221 5.12204 7.41975 5.0545 4.95257 11.9494 9.02557 8.29743 11.8412 29.9539 9.99983 5.84005
threshold=5.8050000000000006 14.396428571428574 4.4650000000000007 13.250000000000002 4.6950000000000021 91.500000000000014 3.4250000000000003 72.500000000000014 998.87963867187511 0.91159213926341531 -0.39036798905311365 1.0000000180025095e-35 0.59868201182722736 0.57077594689671507 6.2607142857142861 0.99855310097228334 102.57500000000002 72.500000000000014 12.550000000000002 2.1500000000000008 inf 50.250000000000007 0.65233619298682533 0.71952396275653763 10.805000000000001 -0.28519255817492867 -0.94137724084408114 0.05000000000000001 436.60000000000008 0.66527693225344786
decision_type=2 2 2 2 2 2 2 2 2 2 2 10 2 2 2 2 2 8 2 2 8 2 2 2 2 2 2 10 10 2
left_child=2 3 -1 4 8 6 -4 -5 15 11 -11 12 13 -10 -15 17 -3 19 -12 22 -21 -7 25 -24 29 26 27 28 -2 -25
right_child=1 16 5 7 -6 21 -8 -9 9 10 18 -13 -14 14 -16 -17 -18 -19 -20 20 -22 -23 23 24 -26 -27 -28 -29 -30 -31
leaf_value=-0.0064651282345832397 0.013944944257821388 0.0010084350533853838 -0.0052059918606979436 -0.002197256658705495 0.0015550792909860792 0.0019018266641343401 -0.0017642004684582551 -0.00026734270015214498 0.0012852839907567897 0.013238401650949045 0.0015816132019165206 -0.00094298398948037317 -0.00445830553427183 0.0062781684160069535 0.012882849990361442 -0.005807493210754534 0.0055522162022313259 -0.0011619955043785106 0.0072714863976445603 -0.00059217723283451886 0.0083757688176666536 0.013913841621705232 0.0014050766406608637 0.0049196334681714049 -0.0046345446524934143 -0.001033910537507565 0.00067539043234377894 -0.0066119209104751851 0.0096153691670181375 0.008848767884391151
leaf_weight=13338 157 33624 6426 30545 9149 695 48143 20192 110 123 1238 3038 132 50 67 1946 2827 26818 82 59627 239 79 6229 64 61 11668 13127 266 111 97
leaf_count=13338 157 33624 6426 30545 9149 695 48143 20192 110 123 1238 3038 132 50 67 1946 2827 26818 82 59627 239 79 6229 64 61 11668 13127 266 111 97
internal_value=-0.000543602 -0.000186768 -0.00169487 -0.000398249 -0.000190442 -0.00133377 -0.00139906 -0.000948717 -0.000289023 0.00147727 0.00480596 6.32899e-05 0.00683844 0.0124009 0.0210684 -0.000360021 0.000887354 -0.000312923 0.00287879 -0.000130722 -0.000403068 0.00326873 0.000382315 0.00161913 0.013018 6.7313e-05 0.000903666 0.00820225 0.02 0.0192236
internal_weight=290268 221587 68681 185136 134399 55343 54569 50737 125250 4840 1443 3397 359 227 117 120410 36451 118464 1320 91646 59866 774 31780 6451 222 25329 13661 534 268 161
internal_count=290268 221587 68681 185136 134399 55343 54569 50737 125250 4840 1443 3397 359 227 117 120410 36451 118464 1320 91646 59866 774 31780 6451 222 25329 13661 534 268 161
is_linear=0
shrinkage=0.05


Tree=63
num_leaves=31
num_cat=0
split_feature=5 8 18 5 9 13 13 16 14 9 13 23 13 24 4 20 24 21 23 23 23 24 24 23 23 23 16 23 8 1
split_gain=45.0422 18.9066 13.5526 12.9755 7.35211 7.96981 7.11452 5.97248 5.64299 5.77116 5.4937 6.8642 5.4354 5.65981 5.14524 5.111 5.09415 4.95241 5.23601 4.83025 8.71714 15.324 6.64659 9.35961 6.71541 26.2035 4.665 4.58262 4.46007 6.7743
threshold=6.1935714285714303 3.5000000000000004 3.9250000000000003 10.047857142857145 998.87963867187511 54.95000000000001 7.8500000000000005 11.350000000000003 28.750000000000004 44.421846389770515 5.6500000000000012 0.80290535434334509 1.8500000000000003 inf 189.73500000000004 163.00000000000003 -0.43999999999999995 167.50000000000003 0.79253265336324141 0.90070004940655357 0.91511078773075516 -0.49499999999999994 -0.27499999999999997 0.011826144619637555 0.81800285027139286 0.81304046271159414 13.950000000000001 -0.59867820553660911 27.500000000000004 13.955000000000002
decision_type=2 2 2 2 2 2 2 2 2 2 2 2 2 8 2 8 10 8 2 2 2 10 10 2 2 2 2 2 2 2
left_child=2 3 -1 4 6 19 7 12 16 -10 11 17 -2 -14 26 -8 -5 18 -4 22 21 -21 -6 -24 25 -25 28 -16 -3 -30
right_child=1 14 10 8 5 -7 15 -9 9 -11 -12 -13 13 -15 27 -17 -18 -19 -20 20 -22 -23 23 24 -26 -27 -28 -29 29 -31
leaf_value=-0.0059773042226188063 0.0008279200528588809 0.0033165733704303558 0.00074451767751661279 0.0034971679627384153 -0.0030786137711547655 0.017434999485426463 0.00087927286518834291 -0.001320857850610594 0.00087174478180532212 -0.00037710169882950714 -0.0027665411006027934 -0.0028470825117920509 -0.0006122560500086778 0.010048894272678429 -0.0011504761134860297 -0.0017536115751843535 0.0007726921189201069 -0.0025989871594253844 0.0085737686014404745 -0.0077672159451835591 0.0016457412839936539 0.011695511037923621 -0.0022984335920772474 0.0032722063616586273 -0.0052397724983848856 0.011891734316058897 -3.1324675001408602e-05 0.015567319462863195 0.023153989815058409 0.0082600516641120648
leaf_weight=14183 15227 5544 8513 2853 1825 54 3714 21056 23067 48828 33146 5115 25314 73 134 57552 11345 2721 82 93 2002 168 1772 1862 303 85 2625 358 107 547
leaf_count=14183 15227 5544 8513 2853 1825 54 3714 21056 23067 48828 33146 5115 25314 73 134 57552 11345 2721 82 93 2002 168 1772 1862 303 85 2625 358 107 547
internal_value=-0.000520692 -0.000190237 -0.00169464 -0.00028484 -0.000598018 0.000854972 -0.000694509 -0.00031539 0.000192059 1.21693e-05 -0.00130474 -0.00055718 3.89016e-05 -0.000409069 0.00201557 -0.00107613 0.00110297 0.000129903 0.00071844 0.000727496 0.00268891 0.0112835 -3.16413e-05 0.00110393 0.00324444 0.00432203 0.00173807 0.00699187 0.00248628 0.00639144
internal_weight=290268 226508 63760 217193 131100 8164 122936 61670 86093 71895 49577 16431 40614 25387 9315 61266 14198 11316 8595 8110 2263 261 5847 4022 2250 1947 8823 492 6198 654
internal_count=290268 226508 63760 217193 131100 8164 122936 61670 86093 71895 49577 16431 40614 25387 9315 61266 14198 11316 8595 8110 2263 261 5847 4022 2250 1947 8823 492 6198 654
is_linear=0
shrinkage=0.05


Tree=64
num_leaves=31
num_cat=0
split_feature=5 5 23 23 17 24 23 18 4 20 19 23 17 9 23 24 23 8 23 19 9 17 22 20 1 22 20 24 24 23
split_gain=41.5778 21.6893 9.26686 9.11757 8.40765 9.45197 8.24016 7.57765 7.43991 5.85229 5.78389 5.04839 4.79525 5.05239 4.73817 4.27342 5.7422 4.20426 3.9697 3.94188 3.92348 3.86429 7.22866 6.77875 4.25293 3.83458 5.34868 4.37864 7.85675 4.45411
threshold=5.1707142857142872 10.929285714285717 0.99855310097228334 -0.99628250747696534 155.50000000000003 -0.65999999999999981 0.9980355542543059 4.2750000000000012 48.850000000000001 185.70000000000002 7.0450000000000008 -0.98212955754013376 145.50000000000003 452.44052124023443 -0.35846086284744721 0.47500000000000003 0.86869874770991873 4.5000000000000009 0.99958851518450398 28.615000000000006 243.87041473388675 129.50000000000003 0.14250626876356556 276.60000000000008 5.2550000000000008 0.10837544681456425 169.30000000000004 -0.24999999999999997 0.24500000000000002 0.80290535434334509
decision_type=2 2 2 2 2 8 2 2 2 8 2 2 2 2 2 10 2 2 2 2 2 2 2 8 2 2 8 10 10 2
left_child=7 2 3 -2 9 14 10 -1 12 -5 15 21 13 -3 20 16 -7 -13 -14 -15 -6 22 -11 -24 -25 -12 -27 -28 29 -29
right_child=1 8 -4 4 5 6 -8 -9 -10 11 25 17 18 19 -16 -17 -18 -19 -20 -21 -22 -23 23 24 -26 26 27 28 -30 -31
leaf_value=-0.0062332632796738389 -0.0033300022065037532 -0.0005629571919367678 -0.0061001833343044543 0.00075568590933510437 0.00041404066731355415 0.00038468354628584927 0.010124567483735322 -0.0025913887413981321 0.0036294950436743575 0.00044139410357566726 0.00093685087029519521 -0.0016617466457445149 0.00080388114791375232 0.0018251075407615929 -0.0024143957187317262 -0.0016730262099424909 -0.0022341082192703881 0.0039183289492096193 -0.007054533668390788 0.014110752554394557 0.0078514283868305699 -0.001234012686173667 0.0098747072979138342 0.0092695317816514668 0.0024571899977503722 0.0028166955379134743 -0.0018409665621517152 0.0014551726312658853 -0.0011878849649603481 -0.0045747806456738743
leaf_weight=12304 5719 26121 3322 5071 105 19031 265 18654 7688 1459 23978 62028 39893 1722 10331 13180 6747 794 445 53 74 1171 60 56 368 1130 5524 11851 10558 566
leaf_count=12304 5719 26121 3322 5071 105 19031 265 18654 7688 1459 23978 62028 39893 1722 10331 13180 6747 794 445 53 74 1171 60 56 368 1130 5524 11851 10558 566
internal_value=-0.000504673 -0.000297907 -0.000592134 -0.000543857 -0.000479419 -0.000191602 -3.07025e-05 -0.00223658 0.000412791 -0.000898293 -5.59079e-05 -0.00102418 0.00024665 -0.000257386 -0.00161275 -0.000519535 -0.000145086 -0.00112158 0.000595219 0.00232394 0.00645251 0.000940911 0.00230828 0.0076033 0.00537736 0.000281026 -9.93971e-05 -0.000233167 7.07279e-05 0.00092333
internal_weight=290268 259310 183388 180066 174347 103340 92830 30958 75922 71007 92565 65936 68234 27896 10510 38958 25778 62822 40338 1775 179 3114 1943 484 424 53607 29629 28499 22975 12417
internal_count=290268 259310 183388 180066 174347 103340 92830 30958 75922 71007 92565 65936 68234 27896 10510 38958 25778 62822 40338 1775 179 3114 1943 484 424 53607 29629 28499 22975 12417
is_linear=0
shrinkage=0.05


Tree=65
num_leaves=31
num_cat=0
split_feature=0 2 0 24 19 9 23 23 22 20 22 23 22 16 24 22 23 15 13 23 23 23 22 24 9 13 22 15 20 22
split_gain=39.4994 15.9798 14.6956 10.2211 9.85979 9.1039 8.8296 7.71148 34.8936 9.8151 10.3269 7.46082 16.4744 9.00198 7.24838 6.74748 7.5117 6.69942 9.48919 6.45955 5.40591 5.38871 4.99623 10.3802 5.04822 5.69691 4.98617 4.97656 4.92048 5.00483
threshold=5.8050000000000006 5.610000000000003 3.4250000000000003 -0.65999999999999981 18.675000000000004 998.87963867187511 0.99855310097228334 0.90070004940655357 -0.39036798905311365 1.0000000180025095e-35 0.98372640911059162 0.82293497932636273 0.59868201182722736 9.6500000000000004 0.47500000000000003 -0.8041866928211282 0.5475998096715059 72.500000000000014 7.3500000000000005 0.011826144619637555 0.99530134160901229 -0.67801649466304881 -0.35846811432664222 -0.49499999999999994 998.87963867187511 45.850000000000001 -0.031173458710879235 40.500000000000007 240.90000000000003 0.48314048284850658
decision_type=2 2 2 8 2 2 2 2 2 10 2 2 2 2 10 2 2 2 2 2 2 2 2 10 2 2 2 2 8 2
left_child=2 4 -1 -4 5 6 17 9 -9 11 -11 12 13 -7 22 16 -3 18 27 -12 28 -16 -5 -24 -25 -26 -6 -2 29 -19
right_child=1 15 3 14 26 7 -8 8 -10 10 19 -13 -14 -15 21 -17 -18 20 -20 -21 -22 -23 23 24 25 -27 -28 -29 -30 -31
leaf_value=-0.0060327299994756035 0.005571332802887425 0.0048942433218195939 -0.0045668733207669225 0.00089397986392392268 0.0024934008545651402 0.007504476373659451 -0.0056394537794466435 0.014920284006626486 0.0017786550657000984 -0.0015331711793609691 -0.0058272345611318655 -0.003471470978191016 0.00066906553591629739 0.013333775592220921 -0.00028052840548909244 0.00096286573872033363 0.013854006010650075 0.00012260885731722908 -0.0015405892290219052 0.0055337920222422819 0.0052163625264161489 -0.0034361552013871159 -0.0063412262014672875 -0.00097829669034057726 0.0017935679206538581 0.014324106232625675 -0.0011436571746018327 -0.00032839554397248646 -0.00054815667431552448 0.0021596827878671257
leaf_weight=11970 710 4883 7229 7534 9517 146 2709 162 2703 5046 201 146 244 78 5816 8676 58 10715 55782 732 451 15433 3545 14757 2342 55 2628 89138 20310 6552
leaf_count=11970 710 4883 7229 7534 9517 146 2709 162 2703 5046 201 146 244 78 5816 8676 58 10715 55782 732 451 15433 3545 14757 2342 55 2628 89138 20310 6552
internal_value=-0.000484863 -0.000160141 -0.00153252 -0.00119651 -0.00026879 -0.000354527 -0.000431328 0.00115881 0.00332461 0.000217654 -0.00040057 0.00623778 0.00931624 0.0191071 -0.000939939 0.00149923 0.00297409 -0.00038953 -0.000543845 0.00443194 0.000201429 -0.00163749 -0.000414941 -0.000816224 -0.000307218 0.00182103 0.00111363 -0.000225827 0.000136119 0.000756644
internal_weight=290268 221587 68681 56711 207970 195825 186367 9458 2865 6593 5979 614 468 224 49482 13617 4941 183658 145630 933 38028 21249 28233 20699 17154 2397 12145 89848 37577 17267
internal_count=290268 221587 68681 56711 207970 195825 186367 9458 2865 6593 5979 614 468 224 49482 13617 4941 183658 145630 933 38028 21249 28233 20699 17154 2397 12145 89848 37577 17267
is_linear=0
shrinkage=0.05


Tree=66
num_leaves=31
num_cat=0
split_feature=4 0 3 17 9 14 13 15 2 15 19 13 21 13 21 18 1 14 20 14 2 13 16 17 9 11 2 13 13 18
split_gain=36.8883 15.4568 10.6336 7.72338 7.51717 6.81359 6.22295 5.85491 5.67612 5.51421 5.23484 5.04492 4.80711 4.72922 5.27776 4.39256 4.22332 4.05286 3.58893 4.68784 3.3856 3.28917 4.50081 3.05649 3.56589 3.08363 2.85015 2.79994 2.73029 2.66962
threshold=7.9650000000000007 12.205000000000002 3.7383333333333337 157.50000000000003 44.421846389770515 30.550000000000004 4.7500000000000009 83.500000000000014 7.9000000000000021 88.500000000000014 6.8450000000000006 50.250000000000007 42.500000000000007 12.050000000000002 12.500000000000002 3.4950000000000006 14.905000000000003 32.45000000000001 209.50000000000003 27.650000000000002 5.610000000000003 10.15 9.4500000000000011 262.50000000000006 998.87963867187511 9.2950000762939471 1.7199999999999995 1.9500000000000002 1.0000000180025095e-35 12.405000000000003
decision_type=2 2 2 2 2 2 2 2 2 2 2 2 10 2 8 2 2 2 8 2 2 2 2 2 2 2 2 2 2 2
left_child=2 3 26 18 8 10 12 13 28 15 -6 -11 20 14 -4 -8 29 -14 -2 -20 -5 22 27 25 -25 -17 -1 -21 -3 -10
right_child=1 4 7 6 5 -7 9 -9 16 11 -12 -13 17 -15 -16 23 -18 -19 19 21 -22 -23 -24 24 -26 -27 -28 -29 -30 -31
leaf_value=-0.0082074612928532357 0.00012068748604062857 0.0029812113578372985 0.00082270742174421799 0.0007532141811298624 0.0036279730476409221 -0.00078475141835544012 -0.0039390331706226347 0.0012714886461735614 0.016912798511905816 0.0017809141572386522 0.00051980958223211331 0.012459458781759148 -0.0014159788447138208 -0.0039225610534239447 -0.0021701547791845 -0.00015296365559741977 0.0044646153468907981 0.002179212074830112 -0.003704100793864953 0.001140180960701929 0.0059315354560578806 -0.0019342039884109889 -0.0014387824768455463 -0.001239064162655851 0.0012645380176760899 0.0059483103665398844 -0.0006771635471920169 -0.0005517904736003945 0.00074731336954598614 0.0088073720230468205
leaf_weight=6633 8947 4066 3892 25104 2104 19638 3140 1997 138 1854 15748 95 6403 14861 18531 33061 2910 1201 5879 5682 306 20741 24204 29857 3176 295 813 11063 17401 528
leaf_count=6633 8947 4066 3892 25104 2104 19638 3140 1997 138 1854 15748 95 6403 14861 18531 33061 2910 1201 5879 5682 306 20741 24204 29857 3176 295 813 11063 17401 528
internal_value=-0.000469877 -0.000222982 -0.00175669 -0.000457108 0.000454719 6.66725e-06 -0.000177622 -0.0014283 0.00112546 -0.000439857 0.000713644 0.00218317 0.000390136 -0.00156958 -0.00111114 -0.000513384 0.0029698 -0.000712784 -0.00083878 -0.000963387 0.000720188 -0.00083482 -0.000574985 -0.000426954 -0.00076787 -8.93404e-05 -0.00348912 5.52392e-05 0.000818231 0.00656156
internal_weight=290268 243541 46727 181008 62533 37490 104492 39281 25043 71478 17852 1949 33014 37284 22423 69529 3576 7604 76516 67569 25410 61690 40949 66389 33033 33356 7446 16745 21467 666
internal_count=290268 243541 46727 181008 62533 37490 104492 39281 25043 71478 17852 1949 33014 37284 22423 69529 3576 7604 76516 67569 25410 61690 40949 66389 33033 33356 7446 16745 21467 666
is_linear=0
shrinkage=0.05


Tree=67
num_leaves=31
num_cat=0
split_feature=0 8 4 4 18 14 22 15 15 9 13 16 17 2 22 2 15 17 22 13 22 15 19 15 13 22 19 13 16 4
split_gain=34.6174 14.4819 12.568 8.87057 6.76338 6.7291 6.84118 6.20536 5.81793 5.90727 5.47296 5.34405 5.60224 5.00676 4.9266 4.62584 4.49698 4.2961 4.24694 4.03158 3.84764 3.73705 3.69742 3.6804 3.60632 3.54169 3.42214 3.38546 3.26697 3.2317
threshold=5.4350000000000014 2.5000000000000004 6.785000000000001 13.145000000000001 3.4950000000000006 29.250000000000004 -0.074117382312902977 69.500000000000014 94.500000000000014 845.66873168945324 11.15 9.7500000000000018 175.50000000000003 1.5150000000000008 0.99995780822346225 3.4500000000000011 88.500000000000014 131.50000000000003 -0.77245553105869302 1.8500000000000003 -0.72696319516528884 48.500000000000007 3.1550000000000007 84.500000000000014 18.950000000000003 0.9193901325473397 7.0850000000000009 3.7500000000000004 8.6500000000000004 4.6550000000000011
decision_type=2 2 2 2 2 2 2 2 2 2 2 2 2 2 2 2 2 2 2 2 2 2 2 2 2 2 2 2 2 2
left_child=2 3 29 10 -4 7 17 -5 -6 -10 11 19 -13 -14 18 -3 28 -7 -9 -2 -20 25 -23 -21 -17 -8 -22 -19 -12 -1
right_child=1 15 4 5 8 6 21 14 9 -11 16 12 13 -15 -16 24 -18 27 20 23 26 22 -24 -25 -26 -27 -28 -29 -30 -31
leaf_value=-0.0099204896362213076 0.0010775956702809147 0.001355068204787189 -0.0040028046000928257 -0.00057706525673270614 -0.0011435055598237774 -0.00067852162732308504 -0.00010485321765951509 -3.8996084323064255e-05 0.0045776798695103147 0.011818236952480044 -0.002190434531234799 -0.001760082619362326 -0.0009095397022674637 0.0011094601955297496 0.0093656734181241427 0.0057464718754207042 0.0018664929830474548 0.0015898288804128066 0.0088995593632983216 -0.0003688064888328163 0.003167122722999593 0.0034790708311285574 -0.0010999706860326133 0.0028121590041899468 0.029505408495878894 0.0043916129354243686 0.0012087655633370026 3.5161940260810825e-05 -0.00092761438114185169 -0.0041633843406922296
leaf_weight=2368 10640 8469 7218 6090 32869 13119 515 4271 110 50 18862 19541 13994 7282 84 3317 1256 15307 298 27731 3692 283 29938 689 52 338 7599 13385 25799 15102
leaf_count=2368 10640 8469 7218 6090 32869 13119 515 4271 110 50 18862 19541 13994 7282 84 3317 1256 15307 298 27731 3692 283 29938 689 52 338 7599 13385 25799 15102
internal_value=-0.000454374 -0.000182348 -0.00155041 -0.000273728 -0.0010643 9.11818e-05 -0.000140291 0.000856856 -0.000761302 0.00875 -0.000549073 -0.000299023 -0.000699097 -0.000137715 0.00137544 0.00152137 -0.000984059 0.000277318 0.00131147 0.000119046 0.00180818 -0.000702196 -0.000794316 -0.000191768 0.00308845 0.00256155 0.00166017 0.000620032 -0.00106704 -0.00267029
internal_weight=290268 232551 57717 220713 40247 94919 72885 22034 33029 160 125794 79877 40817 21276 15944 11838 45917 41811 15860 39060 11589 31074 30221 28420 3369 853 11291 28692 44661 17470
internal_count=290268 232551 57717 220713 40247 94919 72885 22034 33029 160 125794 79877 40817 21276 15944 11838 45917 41811 15860 39060 11589 31074 30221 28420 3369 853 11291 28692 44661 17470
is_linear=0
shrinkage=0.05


Tree=68
num_leaves=31
num_cat=0
split_feature=5 5 24 13 15 21 22 24 13 24 24 14 15 19 24 13 14 22 9 16 11 0 22 22 24 18 24 14 15 15
split_gain=33.9541 16.0544 7.69135 6.93295 8.17469 7.46868 6.80096 7.99779 6.02016 5.62348 5.62277 5.88376 4.54855 4.54099 5.60592 4.42588 4.16073 3.92523 5.10741 3.84917 3.83644 3.72309 3.59655 4.53459 8.04881 7.47634 11.2204 4.66216 4.56057 3.94954
threshold=5.1707142857142872 10.929285714285717 -0.43999999999999995 9.9500000000000011 78.500000000000014 12.500000000000002 -0.8041866928211282 -0.49499999999999994 1.0000000180025095e-35 -0.029999999999999995 0.05000000000000001 31.750000000000004 91.500000000000014 13.265000000000002 -0.064999999999999988 3.9500000000000006 27.450000000000003 0.99552231814189451 554.93716430664074 8.5500000000000025 21.23499965667725 3.2350000000000008 -0.69057362043749781 -0.72696319516528884 -0.27499999999999997 7.9050000000000011 -0.34499999999999992 30.850000000000005 70.500000000000014 66.500000000000014
decision_type=2 2 8 2 2 8 2 8 2 10 10 2 2 2 8 2 2 2 2 2 2 2 2 2 10 2 10 2 2 2
left_child=2 3 -1 5 16 -2 13 -8 -3 15 19 -12 -6 -7 -15 -4 -5 18 20 -9 -10 -11 23 -18 25 26 28 -28 -25 -24
right_child=1 8 9 4 12 6 7 10 17 21 11 -13 -14 14 -16 -17 22 -19 -20 -21 -22 -23 29 24 -26 -27 27 -29 -30 -31
leaf_value=-0.0058865724595972063 0.00080787440602100207 0.002652602373206974 0.0029053325380588749 -0.0035080186289951163 -8.7217104458301603e-05 0.00026452172039877962 -0.0028719719735747062 0.0013045594968304087 8.9661221198510281e-05 -0.006300927481779294 -0.0013643419376187242 0.00024339732475631579 0.0026478908137551943 0.0012510389514878522 0.0070472438729240056 -0.0011840960955117016 -0.00058824451296901571 -0.0021899274615095696 0.0019130504963291092 -0.00028857389352027727 0.0041267583258382985 -0.0023964766123955061 -0.0025920736777139204 -0.0026389288215436114 -0.0032208949874430676 -0.00087352814152441473 0.010591577567343316 0.015649836415282736 0.0054321255269991313 -0.0010673247526494633
leaf_weight=10418 19576 7130 1369 7478 13333 11222 8577 6094 59514 3008 28753 10042 1240 1308 509 3480 11238 2177 4544 18187 2557 12683 17320 95 353 185 54 52 83 27689
leaf_count=10418 19576 7130 1369 7478 13333 11222 8577 6094 59514 3008 28753 10042 1240 1308 509 3480 11238 2177 4544 18187 2557 12683 17320 95 353 185 54 52 83 27689
internal_value=-0.000442144 -0.000255294 -0.00200724 -0.000508431 -0.000861351 -0.000240631 -0.000444081 -0.000635215 0.000356154 -0.00144596 -0.000440422 -0.000813895 0.000208261 0.000606257 0.00292515 4.22756e-05 -0.00110284 0.000212814 0.000281092 0.000156294 0.000162635 -0.00190587 -0.000957526 -0.000190714 0.00339416 0.00768657 0.0127817 0.0256604 0.00511236 -0.00116299
internal_weight=290268 259310 30958 183388 79120 104268 84692 71653 75922 20540 63076 38795 14573 13039 1817 4849 64547 68792 66615 24281 62071 15691 57069 12060 822 469 284 106 178 45009
internal_count=290268 259310 30958 183388 79120 104268 84692 71653 75922 20540 63076 38795 14573 13039 1817 4849 64547 68792 66615 24281 62071 15691 57069 12060 822 469 284 106 178 45009
is_linear=0
shrinkage=0.05


Tree=69
num_leaves=31
num_cat=0
split_feature=5 5 23 23 18 13 15 2 23 23 23 9 16 16 22 24 9 24 22 2 13 22 15 2 22 22 20 24 9 5
split_gain=31.1578 14.8516 7.57125 7.55818 7.3938 7.23492 7.69544 6.23314 6.06951 5.04724 6.73139 9.65262 11.2778 5.01004 4.98161 5.93677 9.36187 4.89541 4.9985 6.55131 4.71727 4.7159 4.17462 4.1665 3.93905 29.3116 10.6223 4.28084 7.33518 5.46862
threshold=5.1707142857142872 10.047857142857145 0.99855310097228334 -0.99628250747696534 3.9850000000000008 7.8500000000000005 88.500000000000014 7.9000000000000021 -0.97874870457683594 0.59003219687534991 0.57605713708605399 340.39927673339849 11.050000000000002 11.350000000000003 0.12545942051955489 0.16500000000000004 673.84381103515636 0.24500000000000002 0.10837544681456425 5.2550000000000026 5.7500000000000009 -0.11692013674435776 58.500000000000007 -0.90000000000000002 0.67802080537253961 0.66527693225344786 280.7000000000001 -0.42499999999999993 998.87963867187511 7.7664285714285732
decision_type=2 2 2 2 2 2 2 2 2 2 2 2 2 2 2 10 2 10 2 2 2 2 2 2 2 2 10 10 2 2
left_child=4 2 3 -2 -1 9 8 -3 14 10 13 -12 -13 17 -7 16 -16 -5 19 21 -6 -19 -23 -11 25 27 -27 -25 -29 -30
right_child=1 7 -4 5 20 6 -8 -9 -10 23 11 12 -14 -15 15 -17 -18 18 -20 -21 -22 22 -24 24 -26 26 -28 28 29 -31
leaf_value=-0.0055708305564589368 -0.0030859118365441011 0.00018139949221264329 -0.0057308149195309729 0.00108283417189438 -0.00041616025039269101 -8.5236250783398749e-05 0.001873164975509515 0.0031429539958077973 -0.0012660249472857866 -0.002577893130564635 -0.0019474882685867917 -0.0015022063746581893 0.014275779091944838 -0.00075515153233058014 0.01302841366041471 0.0023348288025762513 -0.014512770473293314 0.00046653709474908553 -0.0008900098130738669 0.004731833304866929 -0.0032526631938475273 0.011134716470230299 0.0033870918485906093 -0.0017423112317010222 -0.0035667578759266995 0.001586016277376879 0.011184838421017642 0.00018801924606350113 0.0021473587759573156 0.0074413873377678803
leaf_weight=10174 5013 87779 3050 19979 6843 1326 2516 6203 77911 6006 167 63 87 16225 155 548 58 3613 12208 192 13941 84 207 5515 2017 54 96 7730 358 150
leaf_count=10174 5013 87779 3050 19979 6843 1326 2516 6203 77911 6006 167 63 87 16225 155 548 58 3613 12208 192 13941 84 207 5515 2017 54 96 7730 358 150
internal_value=-0.000425608 -0.000246617 -0.000531914 -0.000485526 -0.00192487 -0.000424603 -0.00074739 0.00025526 -0.000833022 -6.82946e-05 0.000196402 0.00746057 0.0166667 0.000152547 0.00182798 0.00505256 0.0121361 0.000479149 -0.000163765 0.00134766 -0.00138424 0.0009042 0.00702749 -0.000706012 -0.000282665 1.69016e-05 0.022 -0.000222862 0.000498906 0.0063189
internal_weight=290268 259310 165328 162278 30958 157265 82514 93982 79998 74751 52825 317 150 52508 2087 761 213 36283 16304 4096 20784 3904 291 21926 15920 13903 150 13753 8238 508
internal_count=290268 259310 165328 162278 30958 157265 82514 93982 79998 74751 52825 317 150 52508 2087 761 213 36283 16304 4096 20784 3904 291 21926 15920 13903 150 13753 8238 508
is_linear=0
shrinkage=0.05


Tree=70
num_leaves=31
num_cat=0
split_feature=5 8 5 23 17 24 2 22 20 19 23 24 22 20 22 22 17 19 22 24 22 14 22 22 4 14 3 20 23 23
split_gain=28.4464 11.0663 10.7357 8.39468 8.77244 7.05674 9.03413 6.45222 6.47418 5.80879 5.39008 4.73999 8.77623 7.94342 6.24186 5.01034 4.97262 4.71714 4.6039 9.75201 16.0407 14.6316 10.7903 5.34651 4.67333 4.58775 6.09379 4.57823 6.66088 4.46698
threshold=6.1607142857142874 3.5000000000000004 4.0078571428571452 0.99855310097228334 163.50000000000003 -0.65999999999999981 5.2550000000000026 -0.031173458710879235 200.30000000000004 23.045000000000005 -0.70289845916694649 -0.22499999999999995 -0.108376950152639 336.35000000000008 -0.2270106897347694 -0.159513159777915 275.50000000000006 4.3950000000000005 -0.29343379936893921 -0.42499999999999993 -0.27694604220087021 29.650000000000002 -0.24372957273992746 -0.35846811432664222 14.845000000000001 27.850000000000005 9.5750000000000028 326.60000000000008 -0.75013812021657655 -0.35846086284744721
decision_type=2 2 2 2 2 8 2 2 8 2 2 10 2 10 2 2 2 2 2 10 2 2 2 2 2 2 2 10 2 2
left_child=2 3 -1 4 9 6 29 11 -9 -2 27 12 14 -13 18 -16 -17 -12 23 -20 21 -21 -22 -7 -24 26 -14 -4 -29 -6
right_child=1 -3 10 -5 5 7 -8 8 -10 -11 17 13 25 -15 15 16 -18 -19 19 20 22 -23 24 -25 -26 -27 -28 28 -30 -31
leaf_value=-0.0059839589881224885 -0.00079396965126698679 0.0027314446868269117 -0.0006939976596072781 -0.0047427429906588027 0.0070122127697914566 0.0016309551842713787 0.01129361021233477 0.001732061212469414 -0.00041507079230979635 0.0022846339182702878 -0.0039518802111178364 -0.00096136618174680636 0.001956649965170042 0.0012405659001400483 -0.0080592903749585765 -0.0011786510078810231 0.0038005216667770674 -0.0015088276714701157 -0.00056921485493459487 0.0079498425821370646 -0.0073826270283581831 0.012218901706551532 0.0011477951903997028 -0.0022483053106281303 0.0079481023875809798 0.0053119834524327746 0.010056627059476811 0.0013170935229899633 0.0063602090488372636 -0.0022311222504662878
leaf_weight=8010 92891 9317 6895 3448 156 20509 147 5421 52088 3457 11989 13854 93 13459 1173 575 209 33805 458 89 199 86 59 1139 73 746 54 1680 212 7977
leaf_count=8010 92891 9317 6895 3448 156 20509 147 5421 52088 3457 11989 13854 93 13459 1173 575 209 33805 458 89 199 86 59 1139 73 746 54 1680 212 7977
internal_value=-0.000405282 -0.000145756 -0.00134932 -0.000217761 -0.000178493 0.000109476 -0.00129831 0.000215171 -0.000151195 -0.000532861 -0.00109846 0.0006144 0.00110518 0.000156884 0.000928201 -0.00178079 0.00131377 -0.00131611 0.00116266 0.00454357 0.00932806 0.0215714 0.00285498 0.0010121 0.0139394 0.00597424 0.0140476 3.58472e-05 0.00221459 -0.00152035
internal_weight=290268 227677 62591 218360 214912 118564 8280 110284 57509 96348 54581 52775 25462 27313 24569 1957 784 45794 22612 964 506 175 331 21648 132 893 147 8787 1892 8133
internal_count=290268 227677 62591 218360 214912 118564 8280 110284 57509 96348 54581 52775 25462 27313 24569 1957 784 45794 22612 964 506 175 331 21648 132 893 147 8787 1892 8133
is_linear=0
shrinkage=0.05


Tree=71
num_leaves=31
num_cat=0
split_feature=5 18 23 18 13 15 17 24 24 23 22 2 22 17 20 22 20 15 16 13 13 22 13 3 23 23 17 23 24 5
split_gain=25.7896 14.9336 8.57059 7.35077 7.29566 6.58 5.54013 5.16294 7.54259 6.01325 16.9985 8.20261 11.1733 5.14841 5.14139 4.82936 4.48356 4.45073 4.41865 4.36318 3.96832 3.9534 4.07267 3.841 3.78803 4.93885 3.96495 3.73583 4.50387 3.79582
threshold=7.9842857142857158 3.4950000000000006 0.63089349388778826 24.385000000000002 8.1500000000000004 83.500000000000014 139.50000000000003 -0.49499999999999994 1.6100000000000003 0.67007489853957602 -0.69057362043749781 1.3900000000000017 -0.72696319516528884 205.50000000000003 175.10000000000002 0.3261394409934788 268.2000000000001 38.500000000000007 9.4500000000000011 15.450000000000001 0.25000000000000006 0.91596454896554913 2.5500000000000003 3.9050000000000007 -0.99465740988130902 -0.97874870457683594 34.500000000000007 0.6174544326165855 -0.65999999999999981 5.4164285714285727
decision_type=2 2 2 2 2 2 2 10 10 2 2 2 2 2 10 2 8 2 2 2 2 2 2 2 2 2 2 2 10 2
left_child=1 23 4 6 13 24 16 15 9 -9 11 12 -11 18 -12 -4 -2 -18 -3 -14 -8 -15 -23 -1 -6 26 -26 29 -29 -27
right_child=3 2 7 -5 5 -7 20 8 -10 10 14 -13 19 21 -16 -17 17 -19 -20 -21 -22 22 -24 -25 25 27 -28 28 -30 -31
leaf_value=-0.0083056931428762137 0.00038875769728379298 0.00031861532282009082 -0.0023849502834670001 0.0022706857418018341 -0.0063477502854611002 0.0012956385382671255 0.0012562128788199177 -0.0070829691059134479 -0.0026679985434229499 -0.0024533454640195095 0.0028207552459176984 0.0013032797136790469 0.011094521099872067 0.00054990812347336033 -0.00053596868627195479 -0.0091646195614031277 0.0094864537143660652 -0.0010198622865928695 -0.0012954685894250556 0.01407609623438287 8.910339047324215e-05 0.0049305611501635968 0.0011726013181447023 -0.0028707092041148343 0.0095730432486872928 -0.0035070257901750447 0.0016210023107666545 0.0075575171604157949 -0.00033085185834649442 -0.0012026345298924972
leaf_weight=4792 14388 12497 13888 11014 1513 3208 10855 997 13003 84 1139 191 126 9435 11739 1714 67 41003 11599 103 80619 1079 1570 7175 65 8067 1111 131 215 26881
leaf_count=4792 14388 12497 13888 11014 1513 3208 10855 997 13003 84 1139 191 126 9435 11739 1714 67 41003 11599 103 80619 1079 1570 7175 65 8067 1111 131 215 26881
internal_value=-0.000389779 -0.000904688 -0.000737195 4.15953e-05 -0.000422705 -0.000877741 -5.17939e-05 -0.00130328 -0.000889637 -0.000100495 0.000178597 0.00918651 0.0141693 9.53554e-05 -0.000173941 -0.00202923 -0.000446105 -0.0007122 -0.000327026 0.0198908 0.000187265 0.000937602 0.00264439 -0.0025892 -0.0010614 -0.000959694 0.00222789 -0.0010659 0.00410405 -0.00111709
internal_weight=290268 132322 120355 157946 77371 41191 146932 42984 27382 14379 13382 504 313 36180 12878 15602 55458 41070 24096 229 91474 12084 2649 11967 37983 36470 1176 35294 346 34948
internal_count=290268 132322 120355 157946 77371 41191 146932 42984 27382 14379 13382 504 313 36180 12878 15602 55458 41070 24096 229 91474 12084 2649 11967 37983 36470 1176 35294 346 34948
is_linear=0
shrinkage=0.05


Tree=72
num_leaves=31
num_cat=0
split_feature=0 5 9 22 19 22 8 22 22 20 13 15 22 9 9 15 22 15 21 14 17 22 9 22 22 22 22 16 2 13
split_gain=25.3082 14.3914 6.7014 7.82495 7.51766 7.10015 6.06476 5.53164 13.2203 8.775 6.38874 5.43325 7.27913 10.7184 5.78118 5.21069 5.32191 5.03641 4.99521 4.79375 4.75599 5.18302 4.63319 5.24282 22.4963 4.40332 4.22405 4.08065 5.23512 4.00008
threshold=3.5850000000000004 8.7321428571428594 998.87963867187511 0.52766072109828632 8.6450000000000014 0.39036257410962044 5.5000000000000009 0.58481550752069722 0.57077594689671507 172.40000000000003 1.3500000000000003 72.500000000000014 0.99995780822346225 569.42919921875011 41.948736190795906 90.500000000000014 0.98049069993378934 88.500000000000014 47.500000000000007 29.450000000000003 106.50000000000001 -0.98214942551678475 998.87963867187511 -0.39036798905311365 -0.40614700388750385 0.3744682635859638 0.99818282439137029 9.9500000000000011 4.8100000000000023 1.0000000180025095e-35
decision_type=2 2 2 2 2 2 2 2 2 8 2 2 2 2 2 2 2 2 10 2 2 2 2 2 2 2 2 2 2 2
left_child=17 2 4 5 -2 25 11 8 9 -5 -10 14 19 -14 -3 16 18 -1 -9 -13 -6 -22 -16 24 -24 -4 27 28 -18 -23
right_child=1 6 3 7 20 -7 -8 15 10 -11 -12 12 13 -15 22 -17 26 -19 -20 -21 21 29 23 -25 -26 -27 -28 -29 -30 -31
leaf_value=-0.004719185379858575 -0.0013196944965159841 0.00058874823327234387 0.0002824865639474883 0.0084431464019413781 -0.0014307868126024735 -0.0061463826409309148 0.0036677503067248473 -0.0021125880201501609 0.0042537853977698548 -0.0010738418682831332 0.010576714585552526 0.0011594336058226669 0.016419099196292645 -0.0012431786299130622 -0.00055050790722381332 0.011543568547707489 0.0083796485562488126 0.002291316885631953 0.0085733315679946531 -0.00080811446247809583 0.0033101101985795857 0.0018481095436507875 0.0020599997925999625 0.00026926970066933829 0.015721799711640085 0.0038082375669790895 -0.0020338985762092679 0.00084867712445004136 -0.01092330621676529 -0.00015374379437694744
leaf_weight=13725 94028 28328 5692 95 9796 1741 6183 1464 51 355 107 19522 73 55 68696 85 379 656 226 5955 1278 1616 694 1577 96 145 223 240 63 27124
leaf_count=13725 94028 28328 5692 95 9796 1741 6183 1464 51 355 107 19522 73 55 68696 85 379 656 226 5955 1278 1616 694 1577 96 145 223 240 63 27124
internal_value=-0.00037531 -0.000268716 -0.000612545 0.00058163 -0.000709494 -0.000302192 0.000110573 0.00261861 0.00692434 0.00255555 0.0193671 3.49599e-05 0.000684435 0.0125781 -0.000132357 0.00164179 0.00124277 -0.00242021 -0.000414202 0.00062468 -0.000133623 0.000178558 -0.000373121 0.00180186 0.00512658 0.000533663 0.00433702 0.00629032 0.00914027 4.00127e-05
internal_weight=290268 275887 144708 10866 133842 7578 131179 3288 608 450 158 124996 25605 128 99391 2680 2595 14381 1690 25477 39814 30018 71063 2367 790 5837 905 682 442 28740
internal_count=290268 275887 144708 10866 133842 7578 131179 3288 608 450 158 124996 25605 128 99391 2680 2595 14381 1690 25477 39814 30018 71063 2367 790 5837 905 682 442 28740
is_linear=0
shrinkage=0.05


Tree=73
num_leaves=31
num_cat=0
split_feature=0 5 23 13 9 8 22 22 22 22 22 20 15 13 17 15 21 23 16 15 23 20 23 23 17 20 19 5 20 15
split_gain=23.7727 13.5121 8.15225 7.75456 6.62725 6.14437 5.91451 9.36956 8.96449 5.83809 8.47034 7.6165 5.7772 5.1944 5.07103 4.72397 4.51844 4.30262 4.17206 4.1634 4.12532 5.64398 3.99646 3.91371 8.70244 3.8766 3.84176 3.80484 3.74876 3.71565
threshold=3.4250000000000003 7.9842857142857158 0.59003219687534991 7.8500000000000005 998.87963867187511 5.5000000000000009 0.21022171450811275 -0.40614700388750385 0.52766072109828632 0.58481550752069722 0.57077594689671507 172.40000000000003 83.500000000000014 6.0500000000000007 155.50000000000003 88.500000000000014 12.500000000000002 0.99958851518450398 13.750000000000002 36.500000000000007 0.98770287048522643 424.50000000000006 0.99855310097228334 0.57605713708605399 224.50000000000003 247.80000000000004 23.045000000000005 5.1707142857142872 240.90000000000003 60.500000000000007
decision_type=2 2 2 2 2 2 2 2 2 2 2 8 2 2 2 2 8 2 2 2 2 8 2 2 2 8 2 2 8 2
left_child=15 2 3 16 22 14 7 -6 -8 10 11 -10 27 -12 19 -1 -2 -16 -7 -3 29 -22 -4 -18 -25 -14 28 -5 -21 -9
right_child=1 5 4 12 6 18 8 20 9 -11 13 -13 25 -15 17 -17 23 -19 -20 26 21 -23 -24 24 -26 -27 -28 -29 -30 -31
leaf_value=-0.0049066298160702964 0.0016278511997285493 0.0098558076692964874 -0.0017797385484194491 -0.0035176140132907891 -0.0023298146499427146 0.0054946273240278716 -0.0051735213256807154 0.0071172709793587072 0.0067493994634839549 -0.0018688818313218438 0.0042892057832195126 -0.000807214410866312 0.0024866350111347382 0.010335949959648684 0.00032824233756738059 0.0025979397864731198 -0.00016628986832661026 -0.0053476819046290539 -0.00025169454710201843 0.00050922336565068426 0.00035050962252718468 0.0042372747180926453 -0.0066492933638693727 -0.0031580198355695361 0.017180581797812549 -0.0016360159525181488 0.0020736913228603733 -0.0010895643497508313 -0.00084281222234520992 0.0042720742559118029
leaf_weight=11407 7446 54 36639 6439 965 4199 2615 69 93 496 79 339 1982 63 84857 563 26630 982 2158 10489 999 264 2363 103 59 1143 3086 31429 51672 586
leaf_count=11407 7446 54 36639 6439 965 4199 2615 69 93 496 79 339 1982 63 84857 563 26630 982 2158 10489 999 264 2363 103 59 1143 3086 31429 51672 586
internal_value=-0.000362046 -0.000268203 -0.000666014 -0.000346334 -0.00119377 3.69201e-05 0.000275577 0.0019719 -0.00105156 0.00280374 0.00623693 0.00275463 -0.000810261 0.016831 -2.71284e-05 -0.00254386 0.000209123 0.000225479 0.0015597 -0.000359184 0.00399374 0.00232383 -0.00144121 -9.36859e-05 0.00765432 0.001256 -0.00037067 -0.000980777 -0.000456155 0.00721374
internal_weight=290268 278298 120801 75231 45570 157497 6568 2883 3685 1070 574 432 40993 142 151140 11970 34238 85839 6357 65301 1918 1263 39002 26792 162 3125 65247 37868 62161 655
internal_count=290268 278298 120801 75231 45570 157497 6568 2883 3685 1070 574 432 40993 142 151140 11970 34238 85839 6357 65301 1918 1263 39002 26792 162 3125 65247 37868 62161 655
is_linear=0
shrinkage=0.05


Tree=74
num_leaves=31
num_cat=0
split_feature=0 5 13 15 21 16 2 2 22 15 8 22 22 14 2 22 9 15 16 8 13 15 13 22 22 22 15 14 13 0
split_gain=22.2949 12.6261 7.02895 6.61106 5.88652 5.58929 4.94832 4.72777 4.64417 4.60871 3.74936 3.74066 6.39585 6.79579 5.18436 4.43188 3.69415 3.63269 3.57479 4.54428 4.06474 3.36349 3.24275 2.95141 11.4704 4.975 2.83877 2.99231 2.69108 2.58443
threshold=3.5850000000000004 10.047857142857145 11.15 73.500000000000014 12.500000000000002 8.2500000000000018 2.2400000000000011 3.3800000000000021 -0.69057362043749781 79.500000000000014 2.5000000000000004 -0.72696319516528884 -0.71504373327588355 30.950000000000003 3.895 -0.70291267844185523 998.87963867187511 91.500000000000014 10.850000000000003 12.500000000000002 0.75000000000000011 73.500000000000014 50.250000000000007 -0.35041564478062465 -0.40614700388750385 -0.39036798905311365 82.500000000000014 27.450000000000003 18.050000000000004 2.7350000000000008
decision_type=2 2 2 2 8 2 2 2 2 2 2 2 2 2 2 2 2 2 2 2 2 2 2 2 2 2 2 2 2 2
left_child=9 2 4 5 -2 -4 18 16 11 -1 -9 14 13 -13 -7 -14 -3 -5 19 20 21 -6 -19 24 -18 -26 27 -22 -12 -11
right_child=1 7 3 17 6 8 -8 10 -10 29 28 12 15 -15 -16 -17 23 22 -20 -21 26 -23 -24 -25 25 -27 -28 -29 -30 -31
leaf_value=-0.0046689936767071866 0.00064139798883899727 -3.008463041407301e-05 -0.0031101578025230173 -0.00043802506304441657 0.00073517706219170193 -0.00044845556791459139 0.0003498995052231291 0.00083376175347468599 -0.0016291959932910702 -0.003977782052644689 0.0050787324832919567 0.0035917395464451756 -0.0059792387520718011 0.016962829093037299 0.0096724821824539786 0.0068575405959594334 0.0018514813838610422 0.0020285965770001717 -0.0012685262187096906 0.022782079051258064 -0.0024589426488826104 0.0050477569302952762 0.011302473159601636 0.00043544568729774792 0.015725260693411958 0.005192950961851607 0.0015504437614360616 -0.00052831381977816038 0.031942060328846271 0.0011128133925907703
leaf_weight=12138 21001 72003 16666 24305 5122 5803 17584 16172 23694 805 3120 70 202 53 259 99 826 995 29060 51 5403 124 65 1541 75 53 1261 30230 50 1438
leaf_count=12138 21001 72003 16666 24305 5122 5803 17584 16172 23694 805 3120 70 202 53 259 99 826 995 29060 51 5403 124 65 1541 75 53 1261 30230 50 1438
internal_value=-0.000347921 -0.000247874 -0.000490726 -0.000873899 -0.000238812 -0.00122593 -0.000416785 0.000223251 -0.000820081 -0.00226723 0.000919759 0.000365401 0.00490566 0.0145122 4.78378e-05 0.000980065 4.24161e-05 -0.000223735 -0.000602168 -0.000308242 -0.000326295 0.000975981 0.00264151 0.00193387 0.0041195 0.0180469 -0.000511466 -0.000593973 0.00249211 -0.000185021
internal_weight=290268 275887 182047 72211 109836 46846 88835 93840 30180 14381 19342 6486 424 123 6062 301 74498 25365 71251 42191 42140 5246 1060 2495 954 128 36894 35633 3170 2243
internal_count=290268 275887 182047 72211 109836 46846 88835 93840 30180 14381 19342 6486 424 123 6062 301 74498 25365 71251 42191 42140 5246 1060 2495 954 128 36894 35633 3170 2243
is_linear=0
shrinkage=0.05


Tree=75
num_leaves=31
num_cat=0
split_feature=4 5 23 9 23 13 17 24 23 22 1 23 22 24 2 24 16 15 9 23 22 13 24 14 23 22 22 24 18 24
split_gain=21.3189 10.0659 7.28814 7.70863 11.6748 8.81732 7.29322 8.12793 9.20022 21.1331 9.69908 7.25091 7.68468 12.2396 7.11196 7.0711 6.65605 5.14822 4.67522 4.56656 5.24075 4.75191 4.48337 4.42128 4.20362 8.4619 10.1938 5.54271 5.79249 4.76549
threshold=6.8650000000000011 10.993571428571432 -0.99628250747696534 998.87963867187511 0.80290535434334509 7.9500000000000011 209.50000000000003 -0.27499999999999997 0.73136292505298039 0.66527693225344786 6.7550000000000008 -0.97874870457683594 0.12545942051955489 0.16500000000000004 1.7899999999999998 -0.49499999999999994 9.4500000000000011 94.500000000000014 211.55023956298831 0.98486764554468398 0.98049069993378934 28.150000000000002 -0.49499999999999994 30.050000000000004 -0.082691941062253513 -0.98214942551678475 -0.98803845231459242 -0.43999999999999995 8.0750000000000011 0.05000000000000001
decision_type=2 2 2 2 2 2 2 8 2 2 2 2 2 10 2 8 2 2 2 2 2 2 10 2 2 2 2 10 2 10
left_child=15 2 -2 4 5 6 16 -8 -9 10 18 12 -7 23 -11 -1 -4 19 -10 20 -5 -22 -6 -14 25 26 -13 -28 -29 -27
right_child=1 -3 3 17 22 11 7 8 9 14 -12 24 13 -15 -16 -17 -18 -19 -20 -21 21 -23 -24 -25 -26 29 27 28 -30 -31
leaf_value=-0.0058957712132349906 -0.0027194519741376207 0.00035546945421165122 0.00054920567434548265 -2.1477165337855739e-05 -0.0028821734419393376 -6.8448802467144254e-05 -0.0010698373765488686 0.0013485180870149492 0.0087296284728001754 0.0062188488892512845 -7.1788660249655849e-05 0.00015620059481408056 0.014708177890680664 0.0025623233543064553 0.012169726162538124 -0.0017354405137796594 -0.0010145776421062753 0.0089093398558844437 0.002588140797951988 0.0024575085828175943 0.0033897200320079503 0.0056306064637300281 -0.00097770994115956695 0.0079526808383642879 -0.0016313473262470257 0.00031866587840494767 0.0045024912970088133 0.0044351110561860847 0.013828723746456216 -0.0013570591517071554
leaf_weight=7826 5870 74792 21352 9480 12613 1501 5674 15856 275 64 768 609 116 669 77 16215 25897 121 161 1712 1091 61 22099 51 31928 13301 160 126 85 19718
leaf_count=7826 5870 74792 21352 9480 12613 1501 5674 15856 275 64 768 609 116 669 77 16215 25897 121 161 1712 1091 61 22099 51 31928 13301 160 126 85 19718
internal_value=-0.000339997 -0.000211231 -0.000403402 -0.000348531 -0.00043501 -0.000229356 0.000164422 0.000897267 0.00143858 0.00540892 0.00326412 -0.000633864 0.00210312 0.00594497 0.0237234 -0.00176594 -0.000190376 0.000852385 0.00922018 0.000751781 0.000365875 0.00355035 -0.0012549 0.0180539 -0.000730885 -0.000343982 0.00423469 0.0107682 0.01609 -0.000479876
internal_weight=290268 266227 191435 185565 173100 138388 70124 22875 17201 1345 1204 68264 2337 836 141 24041 47249 12465 436 12344 10632 1152 34712 167 65927 33999 980 371 211 33019
internal_count=290268 266227 191435 185565 173100 138388 70124 22875 17201 1345 1204 68264 2337 836 141 24041 47249 12465 436 12344 10632 1152 34712 167 65927 33999 980 371 211 33019
is_linear=0
shrinkage=0.05


Tree=76
num_leaves=31
num_cat=0
split_feature=0 4 2 9 23 22 20 22 22 22 23 2 14 19 19 17 3 23 17 20 23 9 22 23 22 22 20 22 23 17
split_gain=20.6799 10.2815 6.4779 7.30924 6.38972 19.8475 6.21541 7.26922 11.4892 7.10963 5.90424 12.3177 5.16679 5.00587 4.82896 4.68123 4.09994 4.03067 4.01742 4.33628 3.92501 4.68087 3.92075 5.1239 3.84009 6.15068 8.03754 5.60454 5.04295 5.0198
threshold=3.5850000000000004 10.155000000000003 5.610000000000003 998.87963867187511 0.90070004940655357 -0.39036798905311365 858.65000000000009 0.9053161325100999 0.94425825643485939 -0.63921128368950708 0.82293497932636273 0.37000000000000038 28.050000000000004 18.675000000000004 8.5650000000000031 185.50000000000003 3.5316666666666672 0.92843842216862604 120.50000000000001 238.15000000000001 0.63089349388778826 331.07556152343756 -0.8041866928211282 0.5475998096715059 0.99552231814189451 0.97696484778429815 239.50000000000003 0.98049069993378934 0.11478523713130605 299.50000000000006
decision_type=2 2 2 2 2 2 8 2 2 2 2 2 2 2 2 2 2 2 2 8 2 2 2 2 2 2 10 2 2 2
left_child=16 14 3 13 6 -6 7 9 -9 -5 11 -8 17 18 20 -16 -1 -7 19 -3 -2 -22 23 -4 25 -20 -27 -28 -29 -30
right_child=1 2 22 4 5 12 10 8 -10 -11 -12 -13 -14 -15 15 -17 -18 -19 24 -21 21 -23 -24 -25 -26 26 27 28 29 -31
leaf_value=-0.0067411196348713094 -0.00071835442359894947 0.00050849108177614599 0.004046984676655976 0.0015506822651460029 0.012536862173351281 0.0077568063764958881 0.0034382963754640734 0.017543528163425366 0.0023422669048676131 -0.004118205060294435 -0.0033752019933637857 0.01170938635535039 0.00074299105103618366 0.0014363550728823788 -0.00081234976512041621 0.00076812069945677392 -0.0025213595910581789 0.0029435099683127511 -0.00011996968346402609 -0.0012041868563800887 -0.0026304450559441399 -0.00066790448024784852 0.0005032025913932857 0.01087968944395535 -0.0024343131738281541 -0.002625917650552072 0.009768168261397786 0.0015098640299991738 0.0067291629881710505 0.0015758797173420084
leaf_weight=4934 43638 8213 4850 1557 166 213 248 95 985 2556 142 83 1411 11473 11929 11235 9447 430 96553 36945 16968 11303 8538 53 3071 941 293 1372 353 273
leaf_count=4934 43638 8213 4850 1557 166 213 248 95 985 2556 142 83 1411 11473 11929 11235 9447 430 96553 36945 16968 11303 8538 53 3071 941 293 1372 353 273
internal_value=-0.000321394 -0.000225039 -3.70666e-06 -8.85161e-05 0.00139741 0.00367117 0.000506529 6.73865e-06 0.00365741 -0.000951861 0.00599366 0.00965257 0.00232717 -0.000161989 -0.000645978 -1.81328e-05 -0.00216988 0.00604199 -0.000239978 -0.000633112 -0.000848226 -0.00130717 0.00105238 0.00217928 -6.73769e-05 -1.37808e-05 0.00213181 0.00372981 0.00278278 0.0065016
internal_weight=290268 275887 180814 167373 7886 2220 5666 5193 1080 4113 473 331 2054 159487 95073 23164 14381 643 148014 45158 71909 28271 13441 4903 102856 99785 3232 2291 1998 626
internal_count=290268 275887 180814 167373 7886 2220 5666 5193 1080 4113 473 331 2054 159487 95073 23164 14381 643 148014 45158 71909 28271 13441 4903 102856 99785 3232 2291 1998 626
is_linear=0
shrinkage=0.05


Tree=77
num_leaves=31
num_cat=0
split_feature=4 5 23 23 17 23 16 24 19 24 22 2 24 24 24 23 17 22 20 23 23 22 22 24 22 20 2 17 22 15
split_gain=18.5245 10.1448 7.51024 6.03674 5.83349 9.49477 15.0967 9.16687 7.17509 5.58679 6.80121 5.39828 5.33459 5.2111 5.11433 4.9351 7.55252 14.7116 6.98275 4.91048 7.24689 6.50957 9.2183 11.2253 8.89112 8.33226 7.4925 7.5496 6.04309 4.71369
threshold=5.9850000000000012 8.7321428571428594 0.59003219687534991 -0.99628250747696534 193.50000000000003 0.56191161272202661 12.65 -0.22499999999999995 5.3950000000000005 1.7100000000000002 -0.13398594226331254 -0.0899999999999994 1.6100000000000003 -0.43999999999999995 -0.65999999999999981 -0.98212955754013376 122.50000000000001 0.15951094710994371 276.60000000000008 -0.87810534180523914 -0.8142754349318998 -0.55657520495441892 -0.56368474752277564 -0.27499999999999997 -0.49064630004295678 491.60000000000008 2.6500000000000017 210.50000000000003 0.30983042691905771 64.500000000000014
decision_type=2 2 2 2 2 2 2 8 2 8 2 2 10 10 10 2 2 2 8 2 2 2 2 10 2 10 2 2 2 2
left_child=13 2 3 -2 15 9 7 -7 -8 -6 -11 14 29 -1 -4 16 17 -5 -19 28 21 22 -21 25 -23 -24 27 -25 -3 -9
right_child=1 19 11 4 5 6 8 12 -10 10 -12 -13 -14 -15 -16 -17 -18 18 -20 20 -22 24 23 26 -26 -27 -28 -29 -30 -31
leaf_value=-0.0069574480850793548 -0.0030013764567323156 -0.00026490537815323747 -0.0042157764455911361 0.001981598532490705 6.815095294928169e-05 -0.0082376567782349273 0.010932768994737184 0.0014126361425216619 0.0079171059753403751 0.0032445427213780467 0.013515396893614801 -0.00068262165282827907 0.0021285432484419091 -0.0023076576980686696 -0.0017112767684176241 -0.00086130525721635903 -0.00051154593514052141 0.0086115902950604332 0.006092156750802785 0.00078163926220138364 0.00017051318406453029 -0.0020026238043863937 0.022404795182013919 -0.0014121282860671827 0.0036886004200162915 0.0078149722354793252 0.013754751811238423 0.0074731385191542715 -0.0034879926995886935 0.0094432707681258964
leaf_weight=4873 3762 19829 3839 1181 37217 476 75 62 155 847 81 28213 171 6924 20253 48437 1891 56 148 545 101387 2357 116 263 2916 62 50 57 3912 113
leaf_count=4873 3762 19829 3839 1181 37217 476 75 62 155 847 81 28213 171 6924 20253 48437 1891 56 148 545 101387 2357 116 263 2916 62 50 57 3912 113
internal_value=-0.000308647 -0.000226434 -0.000511884 -0.00024622 -0.000165 0.000295047 0.00498099 0.00181265 0.0163043 0.000165813 0.00399784 -0.000992736 0.00800578 -0.0022493 -0.00154242 -0.000513702 0.00136447 0.00416967 0.0165686 9.26266e-05 0.000236048 0.00187245 0.00538426 0.0099635 0.00114451 0.0202809 0.005 0.0021875 -0.000558318 0.0141429
internal_weight=290268 278471 146977 94672 90910 39197 1052 822 230 38145 928 52305 346 11797 24092 51713 3276 1385 204 131494 107753 6366 1093 548 5273 178 370 320 23741 175
internal_count=290268 278471 146977 94672 90910 39197 1052 822 230 38145 928 52305 346 11797 24092 51713 3276 1385 204 131494 107753 6366 1093 548 5273 178 370 320 23741 175
is_linear=0
shrinkage=0.05


Tree=78
num_leaves=31
num_cat=0
split_feature=0 23 5 23 21 24 23 2 22 15 20 23 24 24 9 17 24 23 22 24 23 23 2 9 17 24 23 16 15 16
split_gain=18.0205 9.0717 8.19288 6.93598 6.21499 7.86766 7.63159 7.56802 7.20041 5.997 6.65613 5.51839 5.77558 9.38853 7.48483 10.6955 5.39449 5.12459 5.68818 5.07455 7.20719 8.8192 7.8794 5.90913 4.9995 7.20459 5.27418 5.21761 4.65691 4.30169
threshold=3.5850000000000004 0.99855310097228334 10.929285714285717 -0.99628250747696534 72.500000000000014 -0.65999999999999981 -0.35846086284744721 0.37000000000000038 -0.92923668111203805 75.500000000000014 342.00000000000006 -0.98212955754013376 0.05000000000000001 1.3800000000000001 188.6065368652344 230.50000000000003 -0.43999999999999995 0.80290535434334509 0.99761913169647187 -0.60499999999999987 0.85561368268953431 0.59003219687534991 4.1649999999999991 673.84381103515636 193.50000000000003 1.4950000000000003 -0.43733099657705293 9.1500000000000004 73.500000000000014 9.3500000000000032
decision_type=2 2 2 2 8 8 2 2 2 2 10 2 10 10 2 2 8 2 2 10 2 2 2 2 2 8 2 2 2 2
left_child=16 2 3 -2 5 6 8 -8 -5 10 11 12 14 -14 15 -7 -1 18 24 20 21 22 -13 -22 29 28 27 -27 -26 -12
right_child=1 -3 -4 4 -6 9 7 -9 -10 -11 17 19 13 -15 -16 -17 -18 -19 -20 -21 23 -23 -24 -25 25 26 -28 -29 -30 -31
leaf_value=-0.0069334634324405252 -0.0025526186879463149 -0.0042944245919041522 0.00034906529168517652 0.00608864783314536 -0.00099310466338517261 0.0041293685295458044 -0.0032900267817759198 -0.00028818754883119221 0.0015041234635101708 0.00094323854386483489 0.0015909597512404094 0.0059637968762274417 -0.0018890404718430601 0.0061589560974730706 -0.00050593086058217782 0.0086300744880148279 -0.0021376287813889426 -0.0011529807828142837 -0.0092874396770572312 -0.00077148386970580043 0.011177684859504195 -0.0012900109618250583 0.013975485172531821 0.00072114897403296649 0.0012887153434869834 0.016277124047277873 0.0033635729076045696 0.0048105699420860548 0.0089745989515295117 -0.00060105814766287175
leaf_weight=4812 5867 4556 74970 136 43434 486 8412 7549 319 20356 5413 457 1575 537 401 83 9569 6694 515 68969 66 1606 69 50 12018 104 687 151 105 10302
leaf_count=4812 5867 4556 74970 136 43434 486 8412 7549 319 20356 5413 457 1575 537 401 83 9569 6694 515 68969 66 1606 69 50 12018 104 687 151 105 10302
internal_value=-0.000298312 -0.000208365 -0.000171213 -0.00034098 -0.000288829 -0.00013362 -0.00116533 -0.00134735 0.00521978 -3.98147e-06 -0.000149519 -0.000419859 0.00165152 0.000184658 0.00484536 0.00853251 -0.00202385 0.000408596 0.000693803 -0.0005095 0.00182829 0.00116792 0.00678707 0.0139655 0.000787004 0.00150976 0.00572187 0.0118627 0.00118246 0.000186127
internal_weight=290268 275887 271331 196361 190494 147060 16416 15961 455 130644 110288 74299 3082 2112 970 569 14381 35989 29295 71217 2248 2132 526 116 28780 13065 942 255 12123 15715
internal_count=290268 275887 271331 196361 190494 147060 16416 15961 455 130644 110288 74299 3082 2112 970 569 14381 35989 29295 71217 2248 2132 526 116 28780 13065 942 255 12123 15715
is_linear=0
shrinkage=0.05


Tree=79
num_leaves=31
num_cat=0
split_feature=5 13 15 13 22 19 22 23 8 23 22 5 20 17 20 22 4 20 9 23 22 22 22 23 5 15 22 22 17 15
split_gain=16.6347 8.72778 7.56683 8.26631 6.17238 5.38492 5.01922 12.3934 4.75862 4.5704 4.26598 9.96429 4.11427 4.03406 4.14036 4.99993 4.72284 4.01806 4.01774 7.33078 21.4522 9.86652 26.2702 4.73439 4.51646 4 3.85272 14.663 4.74586 4.47993
threshold=4.7464285714285728 0.55000000000000016 78.500000000000014 15.15 0.99761913169647187 4.2950000000000008 -0.98214942551678475 -0.15950993297387572 2.5000000000000004 0.94909129669788206 -0.97113884758256674 28.063571428571432 766.10000000000014 223.50000000000003 504.50000000000006 -0.96689237009891416 189.73500000000004 441.60000000000008 998.87963867187511 0.91159213926341531 -0.39036798905311365 0.57077594689671507 0.58481550752069722 0.59003219687534991 7.8278571428571455 65.500000000000014 0.9550229469509578 0.95998215779580554 301.50000000000006 52.500000000000007
decision_type=2 2 2 2 2 2 2 2 2 2 2 2 10 2 8 2 2 10 2 2 2 2 2 2 2 2 2 2 2 2
left_child=5 9 3 4 6 -1 7 17 -5 13 11 -8 -9 14 -2 -16 -17 -3 23 21 25 -20 -23 -12 -25 -21 28 -28 -15 -29
right_child=1 2 -4 8 -6 -7 10 12 -10 -11 18 -13 -14 26 15 16 -18 -19 19 20 -22 22 -24 24 -26 -27 27 29 -30 -31
leaf_value=-0.0054053521961562601 0.0011488280403957509 0.0062033200171944013 0.00056712909012161426 -0.0013899342932863232 -0.0031369825145686567 -0.001617430770430273 -0.0040945887289593396 0.00040507717429483627 0.0083370138759007364 -0.00202282515413353 -9.6766834002750624e-05 0.01752150939467105 0.011144572519884034 0.0025681321335693959 0.0038439047977772397 -0.0011753690478689613 0.012292071973578888 -0.0018538464595966966 -0.0024685743813221413 0.011895317084640096 0.0016585352043238012 0.011190489302205476 0.0014399570297900432 -0.0016341233160765399 -0.0002391568087392861 0.0046815861034932389 0.011928178851657293 0.0045054229347635455 -0.00063033357921378009 0.00022743451182878611
leaf_weight=7936 14657 661 26032 50808 3559 12637 2686 8118 484 2362 95418 83 68 3440 2019 8778 193 135 2503 108 1933 97 1678 19856 20576 54 96 416 2225 652
leaf_count=7936 14657 661 26032 50808 3559 12637 2686 8118 484 2362 95418 83 68 3440 2019 8778 193 135 2503 108 1933 97 1678 19856 20576 54 96 416 2225 652
internal_value=-0.000290216 -0.000185674 -0.000295223 -0.000395428 -0.000215924 -0.00166067 -0.000168341 0.000978623 -0.000946738 0.000552843 -0.000239394 -0.0021831 0.000399461 0.00070729 0.000419736 -0.000313923 -0.000819865 0.00693467 -0.000201551 0.00102542 0.00344869 -0.000161292 0.00269014 -0.000259111 -0.000712556 0.0209259 0.00178723 0.00440722 0.0012489 0.00272472
internal_weight=290268 269695 234857 208825 157533 20573 153974 8982 51292 34838 144992 2769 8186 32476 25647 10990 8971 796 142223 6373 2095 4278 1775 135850 40432 162 6829 1164 5665 1068
internal_count=290268 269695 234857 208825 157533 20573 153974 8982 51292 34838 144992 2769 8186 32476 25647 10990 8971 796 142223 6373 2095 4278 1775 135850 40432 162 6829 1164 5665 1068
is_linear=0
shrinkage=0.05


Tree=80
num_leaves=31
num_cat=0
split_feature=0 13 2 23 9 22 1 23 22 23 21 22 1 0 16 5 22 22 22 17 20 23 1 13 17 20 23 23 4 22
split_gain=16.635 8.88124 7.74072 6.23736 8.08305 13.2455 11.2943 10.686 18.0547 6.51931 7.32827 7.09851 6.14126 5.64685 5.45384 5.42485 4.67186 4.44597 4.75112 6.18107 5.45848 4.56406 4.28379 4.22068 4.3198 4.18185 3.96831 5.57137 6.2284 10.2096
threshold=3.1250000000000004 13.250000000000002 2.2400000000000011 0.53312596302726967 998.87963867187511 0.80926549319045582 6.3550000000000013 0.91159213926341531 -0.39036798905311365 0.51849435583340198 12.500000000000002 0.84313847884979054 16.755000000000006 11.075000000000001 14.550000000000002 5.6450000000000014 0.99818282439137029 0.99761913169647187 0.99995780822346225 269.50000000000006 172.40000000000003 -0.99628250747696534 1.9350000000000003 1.0000000180025095e-35 223.50000000000003 175.10000000000002 0.99024581825578073 0.94066717844141279 14.845000000000001 -0.27694604220087021
decision_type=2 2 2 2 2 2 2 2 2 2 8 2 2 2 2 2 2 2 2 2 10 2 2 2 2 10 2 2 2 2
left_child=-1 2 3 9 26 7 -7 25 -9 14 11 -11 -12 -10 17 -3 22 21 -19 20 -20 -2 -4 24 -23 -6 27 -5 -29 -30
right_child=1 15 16 4 5 6 -8 8 13 10 12 -13 -14 -15 -16 -17 -18 18 19 -21 -22 23 -24 -25 -26 -27 -28 28 29 -31
leaf_value=-0.00480593791662601 -0.0018425714869102047 -0.0025845542987264964 0.0061057483511983406 -0.0014013774846582145 0.0015470168382210401 0.015827160832412354 0.0082817442033627335 0.010507102255572526 0.00093339210910187501 0.0055159105224781273 4.2076278150254648e-05 0.013565953354453045 0.010218325321327229 0.0055439305290656826 -0.0014727913468977464 -0.0005890618917177953 -0.0046463937620695103 -0.0035028533626162701 0.0067234037986430521 0.016928025231633077 -0.0060466987993275916 0.0012379988839435788 0.00070855554438510398 0.00015180016727145355 0.0039664991070994041 -0.0037126083126760054 -0.0031507441102853525 -0.00020112405548131492 0.008320932398913539 0.0021206210860645735
leaf_weight=8244 4293 14273 181 26555 630 54 116 122 1750 115 614 58 104 183 10372 68391 763 2481 85 87 186 4849 46797 81768 780 1671 6164 7087 168 1327
leaf_count=8244 4293 14273 181 26555 630 54 116 122 1750 115 614 58 104 183 10372 68391 763 2481 85 87 186 4849 46797 81768 780 1671 6164 7087 168 1327
internal_value=-0.000281259 -0.000216543 -3.5866e-05 -0.000210694 -0.000697952 0.001308 0.015 0.000773644 0.00339416 3.76908e-07 0.00425926 0.0134971 0.00203342 0.00221676 -3.57968e-05 -0.00065228 0.000519364 8.36239e-05 -0.00186509 0.00351955 -0.000202953 0.000143962 0.000582399 0.000222146 0.00154645 -0.00156671 -0.000917776 -0.000712498 0.000395012 0.00332776
internal_weight=290268 282024 199360 151619 45827 4526 170 4356 2055 105792 891 173 718 1933 104901 82664 47741 94529 2839 358 271 91690 46978 87397 5629 2301 41301 35137 8582 1495
internal_count=290268 282024 199360 151619 45827 4526 170 4356 2055 105792 891 173 718 1933 104901 82664 47741 94529 2839 358 271 91690 46978 87397 5629 2301 41301 35137 8582 1495
is_linear=0
shrinkage=0.05


Tree=81
num_leaves=31
num_cat=0
split_feature=4 23 13 15 13 22 14 24 24 2 17 23 22 23 22 22 13 17 24 15 22 20 14 20 22 23 22 20 20 23
split_gain=15.3165 8.63591 8.02491 8.08299 7.72341 5.57742 4.81011 4.79845 4.65072 6.90619 5.29681 6.02154 4.92314 6.20634 4.8894 11.3445 5.54552 4.67401 4.31876 4.30502 4.05612 4.85247 4.01253 5.012 4.211 4.0047 5.42624 3.92749 3.84118 5.33602
threshold=5.9850000000000012 0.99855310097228334 0.55000000000000016 78.500000000000014 15.15 0.99761913169647187 27.450000000000003 -0.43999999999999995 -0.65999999999999981 0.37000000000000038 203.50000000000003 0.9980355542543059 -0.99467753128998015 -0.056951011027366626 -0.98523971305672675 -0.99275805973510278 7.3500000000000005 275.50000000000006 -0.049999999999999996 66.500000000000014 -0.44504625642270151 302.00000000000006 32.150000000000013 504.50000000000006 0.9193901325473397 -0.056951011027366626 -0.99467753128998015 248.90000000000003 247.80000000000004 0.91159213926341531
decision_type=2 2 2 2 2 2 2 10 8 2 2 2 2 2 2 2 2 2 10 2 2 10 2 8 2 2 2 8 8 2
left_child=7 2 22 4 5 8 -6 -1 9 25 27 14 13 -11 15 -12 -17 -18 -9 20 21 -8 23 -2 -24 26 -4 -10 -5 -30
right_child=1 -3 3 28 6 -7 19 18 10 12 11 -13 -14 -15 -16 16 17 -19 -20 -21 -22 -23 24 -25 -26 -27 -28 -29 29 -31
leaf_value=-0.0062110884640231654 0.0007262576537652209 -0.0039970887774359301 0.0068820428515814604 0.0011018839176454148 -0.0034550134879896125 -0.0029447297685470109 -0.0033078279864658007 0.0017079194821068675 0.00053090308127128039 0.0060494557449182829 0.00030563219587047139 0.0085780676156613691 -0.00041714533226334363 0.0005726806543731672 0.00021646304395899247 0.0040887066016882271 0.014377463524501272 0.001612584537500618 -0.0028643271813211155 -0.00043002844747757935 -0.003062687004996094 0.00093847668230393464 0.001264182166376528 -0.0011870704586985467 0.0036774311896012541 -0.0037543903287746874 -0.00092420311833179614 -0.00061992532023119596 -0.00090454332671549011 0.0030768064210687941
leaf_weight=4873 14766 4513 90 17073 5996 3689 2739 1069 13061 238 1474 288 4130 343 57488 447 161 56 5855 28724 10504 4499 12167 6385 1251 4634 918 73206 8283 1348
leaf_count=4873 14766 4513 90 17073 5996 3689 2739 1069 13061 238 1474 288 4130 343 57488 447 161 56 5855 28724 10504 4499 12167 6385 1251 4634 918 73206 8283 1348
internal_value=-0.000268512 -0.000193756 -0.000158018 -0.000260853 -0.000363802 -0.000191391 -0.00089036 -0.00203315 -0.000146104 -0.00117019 -7.35744e-05 0.000287578 0.000243047 0.00455249 0.000252741 0.00260056 0.00802711 0.0145853 -0.00118718 -0.000718376 -0.00133074 -0.000420007 0.000554108 0.000125052 0.00123044 -0.00235023 0.000505951 -0.000324401 0.000559091 -0.000239333
internal_weight=290268 278471 273958 239389 212685 160223 52462 11797 156534 10353 146181 59914 4711 581 59626 2138 664 217 6924 46466 17742 7238 34569 21151 13418 5642 1008 86267 26704 9631
internal_count=290268 278471 273958 239389 212685 160223 52462 11797 156534 10353 146181 59914 4711 581 59626 2138 664 217 6924 46466 17742 7238 34569 21151 13418 5642 1008 86267 26704 9631
is_linear=0
shrinkage=0.05


Tree=82
num_leaves=31
num_cat=0
split_feature=24 22 24 20 24 19 22 24 13 24 22 1 24 22 24 9 22 22 1 22 9 22 22 22 3 22 9 22 13 22
split_gain=14.8028 10.3609 12.9462 13.7077 10.9747 13.3143 9.39533 8.18349 8.02947 7.00203 9.39397 6.70664 6.47215 6.43804 7.91919 9.64055 6.28287 6.14672 8.99938 6.01985 5.50266 5.25615 10.9095 7.15488 13.0386 11.0013 9.1953 7.38993 6.35684 6.01054
threshold=-0.65999999999999981 -0.082689790342551819 -0.49499999999999994 209.50000000000003 -0.22499999999999995 11.135000000000003 -0.03977009085991149 0.05000000000000001 15.15 -0.95499999999999985 -0.93545489084327571 8.6350000000000033 1.0350000000000004 -0.091260668982868151 -0.42499999999999993 349.36264038085943 -0.92923668111203805 -0.98523971305672675 7.1150000000000011 0.99761913169647187 998.87963867187511 -0.94705910369513524 -0.99630266176052629 -0.98523971305672675 8.1383333333333372 -0.95244167294248061 216.40606689453128 -0.97113884758256674 5.3500000000000005 -0.86976336936302323
decision_type=8 2 10 8 10 2 2 8 2 10 2 2 10 2 10 2 2 2 2 2 2 2 2 2 2 2 2 2 2 2
left_child=9 4 6 7 13 -6 -3 -4 19 10 -1 16 -7 20 -15 -16 -12 18 -14 -5 21 22 -2 24 28 26 -25 -28 -24 -23
right_child=1 2 3 8 5 12 -8 -9 -10 -11 11 -13 17 14 15 -17 -18 -19 -20 -21 -22 29 23 25 -26 -27 27 -29 -30 -31
leaf_value=-0.00073546903910747061 -0.0026689266711226352 0.0056757922645382999 0.0022275236165324188 -0.00024173736108477076 -0.0008994796389381048 -0.00046285544394542976 -0.0046516282661881875 -0.00046793990282271411 -0.0017523214919841507 -0.0026388217387029226 0.0047467965825252305 0.018584935023961826 0.015489214654155392 -0.00035294197343335243 0.017774638041287642 0.0056918980930874431 -0.0022811727826426344 0.001340254503034739 0.0046924539455427058 -0.0028950467174514677 0.0028852274292224594 -0.0016511604805590019 0.0069033540468015579 -0.00092359292483978829 0.0039344443427934582 0.0088313437720544015 -0.0047938457255539144 0.0055705135955354179 0.013559286072284505 0.00084264768541586249
leaf_weight=4158 1782 396 9483 92812 44438 8754 6732 6328 31683 18216 142 158 98 198 64 134 294 11705 2523 3838 2587 6336 214 2426 1640 396 210 334 126 32063
leaf_count=4158 1782 396 9483 92812 44438 8754 6732 6328 31683 18216 142 158 98 198 64 134 294 11705 2523 3838 2587 6336 214 2426 1640 396 210 334 126 32063
internal_value=-0.000261794 -0.000157128 -0.000429757 -0.000326897 0.000198313 -0.00021387 -0.00250982 0.00106223 -0.000498041 -0.00147989 0.000229376 0.00611111 0.000760397 0.000772005 0.00712121 0.0141919 0.00291284 0.00141491 0.00360359 -0.0002716 0.000719748 0.000592285 0.00183922 0.00296857 0.00535353 0.00156566 0.000521884 0.00639706 0.0142647 0.000360815
internal_weight=290268 267300 151272 144144 116028 67518 7128 15811 128333 22968 4752 594 23080 48510 396 198 436 14326 2621 96650 48114 45527 7128 5346 1980 3366 2970 544 340 38399
internal_count=290268 267300 151272 144144 116028 67518 7128 15811 128333 22968 4752 594 23080 48510 396 198 436 14326 2621 96650 48114 45527 7128 5346 1980 3366 2970 544 340 38399
is_linear=0
shrinkage=0.05


Tree=83
num_leaves=31
num_cat=0
split_feature=0 24 23 2 24 22 23 22 22 20 15 22 9 20 2 1 9 13 1 24 20 23 22 22 9 1 23 9 24 24
split_gain=15.1146 9.4683 10.089 8.25404 8.19252 15.1025 10.3256 13.8153 9.07975 10.3453 8.57232 9.62355 14.9473 8.36819 7.06083 6.40667 6.26704 7.86793 6.02343 5.82924 7.21168 5.80041 5.55742 5.97675 7.80723 5.46323 6.21052 7.09664 5.37802 7.59021
threshold=3.1250000000000004 -0.65999999999999981 -0.35846086284744721 0.34000000000000125 0.05000000000000001 -0.98523971305672675 -0.16799793862756093 -0.98523971305672675 -0.9905448150984083 431.60000000000008 72.500000000000014 0.99995780822346225 554.93716430664074 369.30000000000001 6.9650000000000016 10.515000000000002 160.44285583496097 7.9500000000000011 8.6350000000000033 0.095000000000000015 336.35000000000008 -0.9292178835113839 0.91596454896554913 0.94138322595482449 773.87631225585949 3.5850000000000004 -0.78324956448884031 409.80174255371099 -0.55499999999999983 -0.49499999999999994
decision_type=2 8 2 2 10 2 2 2 2 10 2 2 2 10 2 2 2 2 2 10 10 2 2 2 2 2 2 2 10 10
left_child=-1 2 18 -4 6 8 7 13 -6 16 -8 28 -13 15 19 -3 17 -10 -2 -7 -21 -22 25 24 -24 26 27 -9 -12 -30
right_child=1 4 3 -5 5 14 10 22 9 -11 11 12 -14 -15 -16 -17 -18 -19 -20 20 21 -23 23 -25 -26 -27 -28 -29 29 -31
leaf_value=-0.0045116525761782801 0.0015966110361365919 0.011254393780697954 -0.0031285006221888159 -0.00031315419769764239 0.0024782386095230143 -0.0026496507472405207 -0.00058772575367865842 0.0070385644067022385 0.0065979997990415068 0.00017249551564325509 0.0024481225158465921 0.016522170850806935 -0.0011472304505847073 0.0046108422824013675 0.0037433434158297995 0.006197220903195016 0.0097831933430368688 0.018594971691464648 0.017655688272763728 -0.00098411626597555923 -0.0010254716481644032 0.00061662432668746991 0.0054435678753431268 0.0015303215406851501 0.012663536508754314 0.00058550942933237576 0.0016453377270476144 -0.0023445767095168733 -0.0038920741123213455 0.00075136477028096805
leaf_weight=8244 405 75 11288 9313 3154 6024 65215 169 146 310 3956 53 65 246 2285 75 174 158 158 79998 6779 24274 730 1945 61 46351 528 64 1703 16322
leaf_count=8244 405 75 11288 9313 3154 6024 65215 169 146 310 3956 53 65 246 2285 75 174 158 158 79998 6779 24274 730 1945 61 46351 528 64 1703 16322
internal_value=-0.000257487 -0.0001958 -0.00121291 -0.00139338 -0.00011328 -0.00040924 0.000152007 0.00072307 0.00263572 0.00743655 -0.000176605 0.000674464 0.0149153 0.0100253 -0.000509803 0.0193333 0.0120502 0.0163816 0.00539076 -0.000563529 -0.000481357 0.000165361 0.000649172 0.00283991 0.00650442 0.000521947 0.00472405 0.0115236 0.000598015 0.000231622
internal_weight=290268 282024 21164 20601 260860 123302 137558 50244 3942 788 87314 22099 118 396 119360 150 478 304 563 117075 111051 31053 49848 2736 791 47112 761 233 21981 18025
internal_count=290268 282024 21164 20601 260860 123302 137558 50244 3942 788 87314 22099 118 396 119360 150 478 304 563 117075 111051 31053 49848 2736 791 47112 761 233 21981 18025
is_linear=0
shrinkage=0.05


Tree=84
num_leaves=31
num_cat=0
split_feature=4 9 15 24 2 24 22 22 22 2 1 22 19 22 22 24 2 22 22 24 22 24 22 9 24 0 14 22 17 20
split_gain=14.2968 7.43686 6.99199 6.79334 6.58334 5.96119 6.4473 8.06578 17.3704 7.09317 6.5143 5.70795 7.39413 5.61275 7.21164 4.62067 4.59417 4.44506 6.44229 7.28339 7.68592 13.1136 12.2158 7.51111 6.69871 6.44899 4.67328 5.55406 4.59539 4.59409
threshold=5.9850000000000012 34.920574188232429 78.500000000000014 -0.65999999999999981 0.34000000000000125 -0.60499999999999987 -0.52032787705993211 -0.8041866928211282 -0.85227431625818906 4.3600000000000048 6.3950000000000005 -0.84315017450793706 4.6450000000000005 -0.62588817255938378 -0.55657520495441892 -0.49499999999999994 4.9450000000000021 0.99761913169647187 0.97696484778429815 0.36500000000000005 0.99274428880883148 0.095000000000000015 0.9916835347852474 137.33863830566409 -0.029999999999999995 5.3550000000000013 31.050000000000004 0.98667101781630195 54.500000000000007 393.40000000000003
decision_type=2 2 2 8 2 10 2 2 2 2 2 2 2 2 2 10 2 2 2 10 2 10 2 2 10 2 2 2 2 10
left_child=15 16 3 4 -3 6 7 8 -5 11 -11 -10 -13 -9 -15 -1 -2 18 -7 20 21 22 24 29 -20 -25 -27 -28 -22 -23
right_child=1 2 -4 5 -6 17 -8 13 9 10 -12 12 -14 14 -16 -17 -18 -19 19 -21 28 23 -24 25 -26 26 27 -29 -30 -31
leaf_value=-0.0060597545065560155 0.00034880610002464271 -0.0030142787915990871 0.00052559727543604142 -0.0024253156421158123 -0.00022841864462419894 -0.00048211218020682091 0.0068356646219480763 -0.0020735637455427192 0.0069902836699592408 0.013215370135607455 0.01397240602091881 0.010263871575370216 0.0035032824345450617 0.0039182520207020803 -0.0030924768160589941 -0.0017347947596110546 0.0035961566953018002 -0.0025476714724614255 0.0051614993619290206 -0.001074900139812069 0.0038679829096418521 -0.00048470020136065056 0.0051233596873991802 0.010447121541802551 -0.0037935476265872625 0.008258963830180285 0.0059680472118041547 0.014436701266984944 -0.0016803594534574623 0.005227982435692842
leaf_weight=4545 33447 8874 26584 1082 6951 173313 324 3391 165 50 216 50 659 1221 608 7252 5433 5160 786 4018 399 402 302 55 1498 682 122 129 2074 476
leaf_count=4545 33447 8874 26584 1082 6951 173313 324 3391 165 50 216 50 659 1221 608 7252 5433 5160 786 4018 399 402 302 55 1498 682 122 129 2074 476
internal_value=-0.000251975 -0.000179751 -0.000283839 -0.000379261 -0.00137599 -0.000299268 0.00105846 0.00075786 0.00328083 0.00758772 0.0147368 0.0054119 0.00346262 -0.000316093 0.00191635 -0.00195685 0.000461676 -0.000354934 -0.000314401 0.000862194 0.00184476 0.00308625 0.000781128 0.00628081 -0.000468478 0.00927125 0.00829046 0.0141235 -0.000390216 0.00291572
internal_weight=290268 278471 239591 213007 15825 197182 7766 7442 2222 1140 266 874 709 5220 1829 11797 38880 189416 184256 10943 6925 4452 2586 1866 2284 988 933 251 2473 878
internal_count=290268 278471 239591 213007 15825 197182 7766 7442 2222 1140 266 874 709 5220 1829 11797 38880 189416 184256 10943 6925 4452 2586 1866 2284 988 933 251 2473 878
is_linear=0
shrinkage=0.05


Tree=85
num_leaves=31
num_cat=0
split_feature=4 13 15 24 17 2 17 14 19 15 16 13 11 22 24 22 16 19 9 15 22 20 22 13 22 23 9 16 22 22
split_gain=13.3652 7.80198 6.14886 5.5564 5.90718 5.83034 5.18787 4.92015 4.94711 4.4943 3.9056 4.6314 3.69042 3.65764 8.96491 5.7625 8.30571 7.34271 5.81845 5.53402 3.62159 3.57073 4.06875 3.56508 3.56154 4.64789 3.9364 3.81842 3.50738 5.43399
threshold=5.6350000000000007 13.250000000000002 71.500000000000014 -0.65999999999999981 203.50000000000003 0.37000000000000038 326.50000000000006 28.150000000000002 43.655000000000008 91.500000000000014 12.250000000000002 0.65000000000000002 16.545000076293949 -0.031173458710879235 -0.49499999999999994 -0.05695216311707673 11.65 8.2050000000000018 266.61647033691412 71.500000000000014 -0.9905448150984083 808.40000000000009 -0.99763297024448894 4.7500000000000009 -0.99467753128998015 -0.091258822863740666 554.93716430664074 8.6500000000000004 0.9962888416657264 0.97112537654464559
decision_type=2 2 2 8 2 2 2 2 2 2 2 2 2 2 10 2 2 2 2 2 2 10 2 2 2 2 2 2 2 2
left_child=-1 3 7 5 10 -2 13 -3 12 -4 11 -5 -9 15 -15 -6 -17 -18 -19 28 21 -12 -23 -21 25 -7 -26 -28 29 -16
right_child=1 2 9 4 6 24 -8 8 -10 -11 20 -13 -14 14 19 16 17 18 -20 23 -22 22 -24 -25 26 -27 27 -29 -30 -31
leaf_value=-0.0035686302908655414 -0.0025656323954278068 -0.0039047421592675186 -0.00030082392854798045 0.00091985325237604128 0.001163376734034836 0.011051381720674096 -0.00061559631083530383 -0.0011870470144526414 0.020167291000564851 0.0022562058720835046 0.00090472642038591706 -0.000235375615019416 0.0096068561143825299 -0.0031674227532302959 -1.7074302722549501e-05 0.0010569635570723292 0.0018075788844257726 0.0078300125978306434 0.0073730098448834859 0.004502336927310383 -0.001145487421443044 0.00057294884429324425 0.01757685359597725 0.0015023716307845812 -0.0011891121342195515 0.0029795878405735588 0.0047844439530902337 0.00044514218873874456 -0.0037343799966364508 0.0027166177494467544
leaf_weight=8349 6504 5950 37036 16299 26286 77 12642 38545 123 1519 1319 71073 291 2848 20079 418 94 55 84 1469 24187 120 116 5116 4225 581 242 458 1171 2992
leaf_count=8349 6504 5950 37036 16299 26286 77 12642 38545 123 1519 1319 71073 291 2848 20079 418 94 55 84 1469 24187 120 116 5116 4225 581 242 458 1171 2992
internal_value=-0.000243707 -0.00018532 -0.000590915 -1.474e-05 5.26366e-05 -0.00105361 0.000402434 -0.000988556 -0.000784031 -0.000127741 -0.000173897 -1.44223e-05 -0.000815739 0.000594601 0.000247215 0.00102888 0.00567588 0.0132403 0.0205396 0.000495182 -0.000715175 0.00162379 0.00728813 0.00178056 0.000131648 0.00358662 -0.00032995 0.00314286 0.000146026 0.000281521
internal_weight=290268 281919 83464 198455 186368 12087 73254 44909 38959 38555 113114 87372 38836 60612 33675 26937 651 233 139 30827 25742 1555 236 6585 5583 658 4925 700 24242 23071
internal_count=290268 281919 83464 198455 186368 12087 73254 44909 38959 38555 113114 87372 38836 60612 33675 26937 651 233 139 30827 25742 1555 236 6585 5583 658 4925 700 24242 23071
is_linear=0
shrinkage=0.05


Tree=86
num_leaves=31
num_cat=0
split_feature=0 24 23 24 22 23 22 22 13 15 2 22 9 14 23 13 14 14 3 9 22 14 22 23 22 22 24 24 24 9
split_gain=12.9867 7.76189 9.48061 7.51482 13.0713 9.30238 12.4427 7.69645 8.94318 7.23516 7.13031 7.03572 12.5423 5.93445 7.61173 6.43833 5.88531 5.76979 5.32814 5.15679 5.05757 9.6498 6.09016 5.04979 5.13731 12.4382 4.62615 7.09798 4.59026 5.62899
threshold=3.1250000000000004 -0.65999999999999981 -0.35846086284744721 0.05000000000000001 -0.98523971305672675 -0.16799793862756093 -0.98523971305672675 -0.9905448150984083 2.9500000000000006 72.500000000000014 0.53000000000000014 0.99995780822346225 554.93716430664074 31.750000000000004 -0.88620506325989179 8.7500000000000018 31.850000000000005 30.350000000000005 7.8350000000000009 162.10600280761722 0.91596454896554913 30.250000000000004 0.92273069556937592 0.99681593486783593 0.99552231814189451 0.99466373373798567 -0.55499999999999983 -0.49499999999999994 -0.029999999999999995 998.87963867187511
decision_type=2 8 2 10 2 2 2 2 2 2 2 2 2 2 2 2 2 2 2 2 2 2 2 2 2 2 10 10 10 2
left_child=-1 2 18 5 7 6 17 16 -9 28 -4 26 -13 23 -15 -16 -5 -3 -2 -10 -8 22 -22 24 25 -6 -11 -28 -7 -30
right_child=1 3 10 4 13 9 20 8 19 11 -12 12 -14 14 15 -17 -18 -19 -20 -21 21 -23 -24 -25 -26 -27 27 -29 29 -31
leaf_value=-0.004164052697985348 0.0015266754174370753 0.010307883778040941 -0.0027159996607054133 -0.0013924176346831376 -0.00070991567965826661 -0.00036899490091083393 0.00065611174763709928 0.0011214758481663198 0.015174020900410229 0.0022529112056025413 -0.00017546189041937912 0.015707410491586176 -0.0010757060347296773 -0.0018317759031802477 0.0013819298336866664 -0.0011210841353148059 0.0050284056404368274 0.0049125065301460135 0.014751442986088504 0.0076545685995217487 0.009085929033484437 -0.00048250963646726095 0.0042846788808848634 -0.007476870716567996 -0.0033115095765164334 0.0067749848370918884 -0.0036292175923552678 0.00068568821775340802 -0.0035926723027163037 0.0026668968668369761
leaf_weight=8244 369 95 12204 1310 85108 59893 47112 344 284 3956 8397 53 65 5411 16095 6786 1844 301 194 160 107 1271 1358 1407 4107 446 1703 16322 4913 409
leaf_count=8244 369 95 12204 1310 85108 59893 47112 344 284 3956 8397 53 65 5411 16095 6786 1844 301 194 160 107 1271 1358 1407 4107 446 1703 16322 4913 409
internal_value=-0.000235783 -0.000178603 -0.00109951 -0.000103888 -0.000387343 0.00015019 0.000692221 0.00244546 0.00686548 -0.000161716 -0.00127445 0.000620163 0.0127966 -0.000480899 0.000151632 0.000550456 0.00134115 0.0095202 0.00530195 0.0115541 0.00062209 0.00271199 0.00547781 -0.000677407 -0.000630766 -0.000547842 0.000554796 0.000214978 -0.000426667 -0.0018339
internal_weight=290268 282024 21164 260860 123302 137558 50244 3942 788 87314 20601 22099 118 119360 28292 22881 3154 396 563 444 49848 2736 1465 91068 89661 85554 21981 18025 65215 5322
internal_count=290268 282024 21164 260860 123302 137558 50244 3942 788 87314 20601 22099 118 119360 28292 22881 3154 396 563 444 49848 2736 1465 91068 89661 85554 21981 18025 65215 5322
is_linear=0
shrinkage=0.05


Tree=87
num_leaves=31
num_cat=0
split_feature=0 23 13 15 14 21 14 22 23 22 11 23 13 22 23 22 22 5 15 22 9 22 13 21 4 0 14 23 22 18
split_gain=12.2886 7.04331 7.21806 7.47605 8.59286 5.82489 5.64438 4.72648 6.43873 7.44751 5.65216 4.42199 4.39148 4.33681 4.27437 4.85945 3.87057 3.76256 4.43823 4.0957 4.81134 3.63628 3.55933 3.49778 3.30709 6.45807 3.03539 2.98374 5.05243 5.40445
threshold=3.0050000000000003 0.99855310097228334 4.7500000000000009 71.500000000000014 27.650000000000002 21.900000000000002 32.850000000000001 -0.77245553105869302 -0.15950993297387572 -0.98214942551678475 18.204999923706058 -0.99628250747696534 23.750000000000004 0.99761913169647187 0.95436825032516992 -0.2270106897347694 -0.98523971305672675 8.5621428571428613 91.500000000000014 0.99995780822346225 517.27493286132824 -0.93545489084327571 54.95000000000001 177.50000000000003 12.205000000000002 8.1650000000000009 22.350000000000005 -0.67801649466304881 0.72695311118111527 5.4850000000000012
decision_type=2 2 2 2 2 8 2 2 2 2 2 2 2 2 2 2 2 2 2 2 2 2 2 10 2 2 2 2 2 2
left_child=-1 2 5 4 -4 11 23 8 9 -6 -11 -2 14 21 -9 24 -8 18 27 -19 -21 -13 -20 -7 -16 -26 -23 28 -5 -30
right_child=1 -3 3 17 7 6 16 12 -10 10 -12 13 -14 -15 15 -17 -18 19 22 20 -22 26 -24 -25 25 -27 -28 -29 29 -31
leaf_value=-0.0044304577948847158 -0.0020855764040283256 -0.0035539959064424041 -0.0032243690338963705 0.00039744719603366352 0.0047018831207227239 -0.00029573459431867969 0.005298983787817256 -0.0008323982695814683 -0.00058657479948647092 0.00088452094518991849 0.018152036881329058 -0.00065683039079503095 -0.0024639048439828539 -0.0044645386898634724 0.0012177280482307627 0.00012700749850809919 0.00092453956321031567 0.0006001729187978702 0.0020466940114206504 0.014629299581042234 -0.00068432692190740943 0.0052784705302296184 0.0097753876290199281 -0.0017507196887075146 0.008396322220686812 0.0036844353615537112 0.0010150781161789378 -0.00064080214887205498 0.010335754010972704 -0.00024856767756971344
leaf_weight=6961 1828 4756 11341 7870 478 43382 1242 56041 14203 6464 225 6976 8680 833 530 5930 6595 25828 983 61 57 178 50 5042 68 339 44506 28618 107 96
leaf_count=6961 1828 4756 11341 7870 478 43382 1242 56041 14203 6464 225 6976 8680 833 530 5930 6595 25828 983 61 57 178 50 5042 68 339 44506 28618 107 96
internal_value=-0.00023096 -0.000179965 -0.000147389 -0.000353906 -0.000614532 0.000166301 -0.000190275 -0.000456014 0.000196536 0.0014183 0.000987441 0.000535611 -0.000650809 0.000619796 -0.000505342 0.000672054 0.00105461 7.30316e-05 -0.000245733 0.000536498 0.00983051 0.000677506 0.00298645 -0.000391749 0.00401814 0.00740786 0.000843254 -0.000336732 0.0005122 0.00830049
internal_weight=290268 283307 278551 167969 104299 110582 56261 92958 21370 7167 6689 54321 71588 52493 62908 6867 7837 63670 37724 25946 118 51660 1033 48424 937 407 44684 36691 8073 203
internal_count=290268 283307 278551 167969 104299 110582 56261 92958 21370 7167 6689 54321 71588 52493 62908 6867 7837 63670 37724 25946 118 51660 1033 48424 937 407 44684 36691 8073 203
is_linear=0
shrinkage=0.05


Tree=88
num_leaves=31
num_cat=0
split_feature=5 13 0 15 13 22 4 23 23 24 22 13 14 24 14 23 8 23 22 22 22 23 23 16 22 24 22 15 22 23
split_gain=12.1718 6.04851 5.6082 5.41563 5.9639 4.70165 5.14207 4.5405 4.95255 7.52499 7.45309 4.83442 4.44231 4.20428 4.07803 4.01046 3.69097 3.68597 3.63068 6.508 5.36035 12.9779 4.81464 9.49676 6.25432 6.23232 10.2554 15.6358 8.39826 10.3318
threshold=4.2650000000000015 0.55000000000000016 2.7350000000000008 72.500000000000014 18.450000000000003 0.99995780822346225 12.725000000000003 -0.99628250747696534 -0.98212955754013376 0.05000000000000001 0.12545942051955489 5.3500000000000005 27.550000000000004 -0.77999999999999992 29.650000000000002 0.99855310097228334 5.5000000000000009 0.98486764554468398 -0.8041866928211282 -0.90893996196865023 -0.98214942551678475 -0.15950993297387572 0.53312596302726967 13.250000000000002 -0.82415615971448097 -0.18999999999999997 -0.85227431625818906 60.500000000000007 -0.8781231054254196 -0.46800559042974538
decision_type=2 2 2 2 2 2 2 2 2 10 2 2 2 8 2 2 2 2 2 2 2 2 2 2 2 10 2 2 2 2
left_child=13 -2 -3 4 7 14 -7 -4 9 10 -9 -12 -8 -1 15 17 -6 -5 19 20 21 -10 25 -24 -25 26 -21 -28 29 -27
right_child=1 2 3 5 16 6 12 8 18 -11 11 -13 -14 -15 -16 -17 -18 -19 -20 22 -22 -23 23 24 -26 28 27 -29 -30 -31
leaf_value=-0.0075726482136891917 0.00054888927104345536 -0.0049592748077444265 -0.0020478291627529241 0.00035125505053933788 -0.0016218373286303227 -0.00030978388003366958 0.0026666622908682585 0.0018121753910431485 0.0048497461719838875 0.00015089026891883906 0.0055759129169159318 0.0084212051556894884 0.014044204677813291 -0.0020446045064387974 -0.00092374720432081704 -0.0054400480487067446 0.014271449307383942 0.0026817663965429655 -0.00047030605526046567 -0.0011306632710052133 -0.0015624181129275114 6.6314666796846988e-05 -0.0059867330765147157 -0.0097719283311668362 0.0084315899600504399 0.016685231573869794 0.013396718386035409 0.00032130199996336067 0.0017027251807834804 0.0046761392572405346
leaf_weight=2411 35248 2430 4155 49536 25960 106 52 840 798 3502 223 173 57 9057 10397 813 94 2525 111029 3887 11886 8255 1525 65 170 225 470 845 2341 1193
leaf_count=2411 35248 2430 4155 49536 25960 106 52 840 798 3502 223 173 57 9057 10397 813 94 2525 111029 3887 11886 8255 1525 65 170 225 470 845 2341 1193
internal_value=-0.000220797 -0.00015513 -0.000243727 -0.000219641 -0.000361302 0.000176731 0.00755814 -0.000241191 -0.00019525 0.0013951 0.00474919 0.010404 0.0151835 -0.00181723 0.000151648 0.00032965 -0.00106011 0.000384067 -0.000248058 0.000224257 -0.000288697 0.000627967 0.0012261 -0.00116477 0.00819149 0.00169568 0.000574778 0.00439163 0.00324687 0.0062835
internal_weight=290268 278800 243552 241122 177636 63486 215 151582 147427 4738 1236 396 109 11468 63271 52874 26054 52061 142689 31660 20939 9053 10721 1760 235 8961 5202 1315 3759 1418
internal_count=290268 278800 243552 241122 177636 63486 215 151582 147427 4738 1236 396 109 11468 63271 52874 26054 52061 142689 31660 20939 9053 10721 1760 235 8961 5202 1315 3759 1418
is_linear=0
shrinkage=0.05


Tree=89
num_leaves=31
num_cat=0
split_feature=0 24 23 2 24 22 23 22 20 22 13 2 24 20 2 22 15 3 24 20 13 2 22 22 18 22 22 22 22 3
split_gain=11.3652 8.93738 7.78505 7.72241 6.89061 10.9081 7.6633 11.1997 7.22929 6.46228 7.63581 6 5.85528 7.29677 6.13414 5.82006 4.95775 4.82658 4.67293 6.70413 4.471 7.14077 4.43804 7.75722 4.85429 4.43312 5.21533 17.2779 8.38971 8.20855
threshold=2.7350000000000008 -0.65999999999999981 -0.35846086284744721 0.53000000000000014 0.05000000000000001 -0.98523971305672675 -0.16799793862756093 -0.98523971305672675 369.30000000000001 -0.9905448150984083 2.9500000000000006 -0.70999999999999808 0.095000000000000015 336.35000000000008 4.1649999999999991 0.99995780822346225 72.500000000000014 9.9416666666666682 -0.029999999999999995 223.65000000000003 15.450000000000001 -0.90000000000000002 -0.40614700388750385 -0.108376950152639 8.1150000000000002 0.91596454896554913 0.96234642434711437 0.95752911693909493 0.94138322595482449 8.1383333333333372
decision_type=2 8 2 2 10 2 2 2 10 2 2 2 10 10 2 2 2 2 10 10 2 2 2 2 2 2 2 2 2 2
left_child=-1 2 17 -4 6 9 7 8 11 -6 -11 -3 -7 -14 -15 16 18 -2 -8 -20 21 -17 -5 24 -24 -9 27 28 -27 -29
right_child=1 4 3 22 5 12 15 25 -10 10 -12 -13 13 14 -16 20 -18 -19 19 -21 -22 -23 23 -25 -26 26 -28 29 -30 -31
leaf_value=-0.0054455237696745444 0.0024134323602489783 0.004174655003060892 -0.0027211998201798222 -0.00093389008987422063 0.0021630019884681883 -0.0024302601516824167 -0.00031642849163847375 0.00062295698609857294 0.0038720270488589096 0.0010696104373052163 0.013123222262567581 0.0099047662821825713 -0.00083650092364375382 3.0858133675558478e-05 0.0033093130053634661 0.017646577207617579 0.00061345505197300625 0.018685807752472458 0.0020598740761796804 -0.0036651207782151551 -0.00032921516601823616 0.0018810553048291005 0.0043009268284213802 -0.0043615946402421049 -0.00061539863231719683 0.0066500549911691119 -2.0168285328172179e-05 0.011688923853523943 -0.0042181726538504062 0.015133765841975726
leaf_weight=4580 473 75 12811 6642 3164 6098 60539 47318 246 344 446 75 82454 28817 3671 55 22353 107 733 4544 76 66 940 468 422 791 1171 117 594 78
leaf_count=4580 473 75 12811 6642 3164 6098 60539 47318 246 344 446 75 82454 28817 3671 55 22353 107 733 4544 76 66 940 468 422 791 1171 117 594 78
internal_value=-0.000214596 -0.000174982 -0.00114646 -0.00130221 -9.44767e-05 -0.000363779 0.000147984 0.000639551 0.00901515 0.00222053 0.00626582 0.0176667 -0.0004482 -0.0003681 0.000266559 -0.000132745 -0.000151925 0.00456896 -0.000370428 -0.00179742 0.00845178 0.0144215 -0.000131021 0.00204918 0.00395741 0.000573308 0.00252454 0.00439873 0.00243682 0.0183333
internal_weight=290268 285688 21863 21283 263825 124994 138831 50465 396 3954 790 150 121040 114942 32488 88366 88169 580 65816 5277 197 121 8472 1830 1362 50069 2751 1580 1385 195
internal_count=290268 285688 21863 21283 263825 124994 138831 50465 396 3954 790 150 121040 114942 32488 88366 88169 580 65816 5277 197 121 8472 1830 1362 50069 2751 1580 1385 195
is_linear=0
shrinkage=0.05


Tree=90
num_leaves=31
num_cat=0
split_feature=5 17 9 9 22 22 22 20 22 8 19 22 23 9 13 12 23 20 20 23 23 22 22 23 20 23 1 13 20 14
split_gain=10.8407 6.1549 5.98164 4.59394 5.06643 7.10512 7.25156 6.08257 4.86389 4.26819 4.24722 5.30733 8.42115 5.28769 5.7642 4.18277 3.96744 5.83865 3.83692 3.8309 3.59041 3.31968 6.62909 6.00712 10.7155 6.02185 8.21647 6.33265 4.17446 3.9212
threshold=4.2650000000000015 145.50000000000003 34.920574188232429 494.48980712890631 0.9962888416657264 0.85673801594079257 0.86548282553247169 198.40000000000003 0.79383249484937135 62.500000000000007 4.8850000000000007 0.51297097409535064 -0.8142754349318998 998.87963867187511 45.850000000000001 3.5000000000000004 -0.88620506325989179 1.0000000180025095e-35 294.90000000000003 0.5475998096715059 0.99958851518450398 0.9962888416657264 0.97696484778429815 -0.18493013702746822 315.30000000000001 -0.099822328936730861 6.5150000000000006 20.150000000000002 235.70000000000002 29.150000000000002
decision_type=2 2 2 2 2 2 2 10 2 2 2 2 2 2 2 2 2 10 8 2 2 2 2 2 10 2 2 2 10 2
left_child=-1 3 9 19 5 8 7 -7 -5 -3 11 -4 18 20 16 -11 17 -15 -13 -2 21 22 -12 24 -24 -25 27 -27 -28 -29
right_child=1 2 10 4 -6 6 -8 -9 -10 15 13 12 -14 14 -16 -17 -18 -19 -20 -21 -22 -23 23 25 -26 26 28 29 -30 -31
leaf_value=-0.0028124826982215464 -0.00052702320070671129 0.0010080250584398286 -0.0015990294023433727 0.0004108354422235705 -0.0064789927483393994 0.011965941043068883 0.0032169737808237504 0.0022132622228886261 -0.0087709065770019967 0.015582699487462499 -7.3647803584840198e-05 0.010829767205651363 0.00014619285376429341 0.0083811663346037603 0.012052153220407104 0.0046036813391856059 0.0015800269879731729 -0.0058137323657317334 0.0033688990224487788 -0.0017168676285903074 -0.0039537222067280633 -0.0021683854144728875 0.00080238146079731904 -0.0009909526240464003 0.014350209025892369 0.0053630442673464375 -0.003022991730872073 0.010379452879049567 0.0025562408372886937 0.0077109719001490721
leaf_weight=11468 78682 21885 17107 7524 588 76 1959 63 685 134 105681 102 7194 61 133 181 8253 637 73 18623 1205 2969 189 2063 131 478 591 63 1401 69
leaf_count=11468 78682 21885 17107 7524 588 76 1959 63 685 134 105681 102 7194 61 133 181 8253 637 73 18623 1205 2969 189 2063 131 478 591 63 1401 69
internal_value=-0.000205983 -0.000144011 4.3082e-05 -0.000439003 0.000534648 0.000792179 0.00338894 0.0144245 0.000128516 0.000808557 -7.14298e-05 -0.000673314 0.000448499 4.74472e-05 0.00120872 0.0065873 0.00105519 -0.00256447 0.0112857 -0.00054802 -4.44108e-05 -1.56214e-05 2.86436e-05 0.00181043 0.0084375 0.00135584 0.00295542 0.00803279 0.0014006 0.0177273
internal_weight=290268 278800 170600 108200 10895 10307 2098 139 8209 22200 148400 24476 7369 123924 9084 315 8951 698 175 97305 114840 113635 110666 4985 320 4665 2602 610 1992 132
internal_count=290268 278800 170600 108200 10895 10307 2098 139 8209 22200 148400 24476 7369 123924 9084 315 8951 698 175 97305 114840 113635 110666 4985 320 4665 2602 610 1992 132
is_linear=0
shrinkage=0.05


Tree=91
num_leaves=31
num_cat=0
split_feature=0 24 23 2 13 24 17 1 16 8 1 20 22 2 5 17 22 22 1 22 22 13 19 14 22 24 22 22 2 22
split_gain=10.5184 8.03743 7.15424 6.97425 6.51117 6.23248 5.53968 4.58217 4.10061 4.03437 4.05867 3.8915 4.5483 4.91552 4.02497 3.85907 3.74288 6.89442 5.32822 4.22267 5.31066 3.94979 4.81063 4.40569 3.6758 3.63243 8.03386 8.6056 10.7119 5.41535
threshold=2.7350000000000008 -0.65999999999999981 -0.35846086284744721 0.34000000000000125 14.850000000000003 -0.60499999999999987 203.50000000000003 8.8050000000000015 12.250000000000002 27.500000000000004 13.955000000000002 185.70000000000002 0.99053107487289871 0.39999999999999974 5.5721428571428566 326.50000000000006 -0.40614700388750385 -0.108376950152639 3.8050000000000002 -0.71504373327588355 -0.73866753694953124 16.450000000000003 8.3650000000000002 25.650000000000002 -0.92923668111203805 -0.43999999999999995 -0.78326540922535159 -0.82415615971448097 2.2850000000000015 -0.98803845231459242
decision_type=2 8 2 2 2 10 2 2 2 2 2 8 2 2 2 2 2 2 2 2 2 2 2 2 2 8 2 2 2 2
left_child=-1 2 7 -4 6 -6 8 24 9 -3 -11 12 -7 -14 -13 25 18 21 -5 20 -20 22 -18 -23 -2 26 27 29 -29 -8
right_child=1 4 3 16 5 11 15 -9 -10 10 -12 14 13 -15 -16 -17 17 -19 19 -21 -22 23 -24 -25 -26 -27 -28 28 -30 -31
leaf_value=-0.0051149375248153136 0.0041495091369273809 -3.1981141274609162e-05 -0.0026070928350321976 -0.004390637640848901 0.0028570800367859663 0.00014437744830797628 0.0043925080212140746 0.015633642323078529 -0.00093621536997781955 0.021835045327727273 0.0059951191018581818 -0.0029068665379156453 0.0013097777686319654 0.0064275991684332144 -0.00071570651180220823 -0.00048270252972778833 0.0030173740645671769 -0.0040446177931064429 0.00042958687245272061 -0.0022424604553187089 0.011475659810699241 0.0083161398418094747 -0.0020899909784371519 0.0046506627739852473 -0.0026667360393036518 0.00083609263408957195 -0.0010912750786029825 0.0045367751110532983 0.0094627774685801039 -0.00045667040796280108
leaf_weight=4580 131 92652 11854 1343 1517 7999 514 151 26507 70 404 8455 279 141 46347 13778 789 548 4447 1527 104 50 345 276 298 52912 10170 272 93 1715
leaf_count=4580 131 92652 11854 1343 1517 7999 514 151 26507 70 404 8455 279 141 46347 13778 789 548 4447 1527 104 50 345 276 298 52912 10170 272 93 1715
internal_value=-0.000199265 -0.000161156 -0.00108242 -0.00123174 -8.48112e-05 -0.000520407 5.68333e-05 0.00439655 -0.00015811 -1.93406e-06 0.00459915 -0.000596401 0.000404441 0.00547619 -0.000750156 0.000380471 -0.000216885 0.00169821 -0.000735077 -0.000105299 0.000658096 0.00349315 0.00209876 0.00834356 0.00175991 0.000540074 -0.000217018 0.00226677 0.00938356 0.00110139
internal_weight=290268 285688 21863 21283 263825 64738 199087 580 119633 93126 474 63221 8419 420 54802 79454 9429 2008 7421 6078 4551 1460 1134 326 429 65676 12764 2594 365 2229
internal_count=290268 285688 21863 21283 263825 64738 199087 580 119633 93126 474 63221 8419 420 54802 79454 9429 2008 7421 6078 4551 1460 1134 326 429 65676 12764 2594 365 2229
is_linear=0
shrinkage=0.05


Tree=92
num_leaves=31
num_cat=0
split_feature=5 13 15 24 24 20 19 23 1 22 22 20 2 22 22 24 2 15 23 23 22 5 9 24 22 22 24 2 22 22
split_gain=9.96876 5.61109 4.82806 4.53228 5.16785 7.85253 6.79386 5.27387 12.4101 8.14826 26.0452 13.8563 14.9479 8.06507 9.72923 9.80894 9.64024 5.18552 4.51685 4.78605 5.76723 4.73627 4.44342 7.67365 7.18814 4.67048 4.65463 7.47474 4.55738 16.1278
threshold=4.0078571428571452 13.250000000000002 91.500000000000014 -0.65999999999999981 0.05000000000000001 245.30000000000004 15.605000000000002 -0.77243990499604276 3.5850000000000004 -0.28519255817492867 -0.33425342068356556 431.60000000000008 3.660000000000001 -0.55657520495441892 -0.56368474752277564 -0.089999999999999983 -2.1799999999999988 53.500000000000007 0.99349222267034787 0.92191100909954782 0.3744682635859638 6.2907142857142864 998.87963867187511 -0.42499999999999993 0.056951373111866731 0.99995780822346225 -0.22499999999999995 0.98999999999999999 0.89017062131308955 0.80926549319045582
decision_type=2 2 2 8 10 10 2 2 2 2 2 10 2 2 2 10 2 2 2 2 2 2 2 10 2 2 10 2 2 2
left_child=-1 3 -3 -2 5 -5 18 8 -7 10 13 12 -12 14 -10 16 -16 -8 19 -6 21 -21 25 -24 -25 -9 -26 28 29 -28
right_child=1 2 -4 4 6 7 17 22 9 -11 11 -13 -14 -15 15 -17 -18 -19 -20 20 -22 -23 23 24 26 -27 27 -29 -30 -31
leaf_value=-0.0031719560877581663 -0.0011116292331752118 -0.00069165955308109922 0.0019995790278345064 0.0014082421335530457 -0.00046342918048361559 0.0062502497684253887 0.004993795970508883 -0.00024459683757130704 0.0019458576786847534 -0.0004555071867399131 0.014619487850104577 0.0043159485381904037 0.0014066077671478132 -0.00069323988924899303 0.020271872643858505 -0.00033709026911871393 0.0073556668972492361 0.00057429487541940563 -0.0059109888046870555 -0.0010398259771485518 0.0080880399465422335 0.0025818246331611606 -0.0013910627019836023 0.0051133970339639293 -0.0037314078413838887 0.01639425269739226 -0.0045202626979442542 -0.0019128346742840409 0.0049281495675441538 0.015823791047565618
leaf_weight=8010 12153 82088 1510 16784 75316 158 2270 63443 2078 6986 207 293 81 3421 103 178 243 6409 1442 1526 135 1702 1401 807 480 62 82 487 344 69
leaf_count=8010 12153 82088 1510 16784 75316 158 2270 63443 2078 6986 207 293 81 3421 103 178 243 6409 1442 1526 135 1702 1401 807 480 62 82 487 344 69
internal_value=-0.000189447 -0.000140086 -0.000483745 4.52916e-06 6.54923e-05 0.000316404 -0.000210587 0.000112266 0.00100451 0.00084253 0.00210176 0.0122117 0.02 0.00112651 0.00322444 0.00931298 0.0142197 0.00111822 -0.000354527 -0.000303704 0.00154178 0.00111834 -7.03399e-05 0.00162125 0.0034178 -0.000168098 0.00132695 0.00329939 0.00762626 0.0148675
internal_weight=290268 282258 83598 198660 186507 97707 88800 80923 13748 13590 6604 581 288 6023 2602 524 346 8679 80121 78679 3363 3228 67175 3670 2269 63505 1462 982 495 151
internal_count=290268 282258 83598 198660 186507 97707 88800 80923 13748 13590 6604 581 288 6023 2602 524 346 8679 80121 78679 3363 3228 67175 3670 2269 63505 1462 982 495 151
is_linear=0
shrinkage=0.05


Tree=93
num_leaves=31
num_cat=0
split_feature=4 23 23 13 24 1 24 16 17 24 24 1 23 15 13 5 15 14 23 24 23 17 15 14 13 13 24 9 17 24
split_gain=10.2125 5.89754 6.32831 6.93123 6.80616 6.68597 5.82585 5.62832 5.58863 6.80271 6.20429 10.8284 11.7452 5.41734 5.08272 4.90563 5.06673 4.92308 4.75625 5.60765 5.12501 4.45422 4.43301 4.29839 4.26308 4.19408 4.18838 7.29407 9.76618 5.92627
threshold=5.1550000000000011 -0.99628250747696534 -0.98212955754013376 3.7500000000000004 0.05000000000000001 4.0050000000000008 1.7100000000000002 8.5500000000000025 209.50000000000003 -0.27499999999999997 -0.18999999999999997 6.955000000000001 0.80290535434334509 69.500000000000014 3.2500000000000004 8.1721428571428607 84.500000000000014 27.150000000000002 -0.99273797715557011 -0.049999999999999996 -0.98521978256641018 236.50000000000003 66.500000000000014 28.450000000000003 0.15000000000000005 10.750000000000002 1.3800000000000001 156.75638580322268 116.50000000000001 1.7100000000000002
decision_type=2 2 2 2 10 2 10 2 2 8 10 2 2 2 2 2 2 2 2 10 2 2 2 2 2 2 10 2 2 10
left_child=-1 6 4 7 5 -3 -2 -4 -9 -10 11 12 21 -8 -7 16 17 -5 -16 20 -20 -11 -17 -13 -12 -21 -6 -28 -29 -30
right_child=1 2 3 15 26 14 13 8 9 10 24 23 -14 -15 18 22 -18 -19 19 25 -22 -23 -24 -25 -26 -27 27 28 29 -31
leaf_value=-0.0038570829889205773 -0.0028943301859267693 0.0058512116769600907 0.001058094652866233 -0.0020991156340510304 -0.00039994742194655788 0.00083981665849553941 -0.00017428339624691436 -0.00047015023281884826 -0.00042605571964223317 0.0074837690317648533 0.0033096736691160494 0.0047057698484315102 -0.0021720911714017627 0.0063258635742216547 0.00092842011263538084 -0.00074316206122611479 0.0010607337208209343 -0.00067759580654054737 0.0068161932685953143 0.0052858597374070169 -0.011763160451181734 0.0061956625355236812 0.0002895705316616379 0.0010963432095000695 0.00022475501391498311 0.013649478098049365 0.0010059397016610988 0.0099257550805054214 -0.0015955227065743692 0.01396231462940597
leaf_weight=4723 6680 106 23454 14436 4720 1199 874 44557 10741 98 1440 243 197 275 396 33435 5294 74887 226 216 124 573 49382 2509 7100 109 1901 59 181 133
leaf_count=4723 6680 106 23454 14436 4720 1199 874 44557 10741 98 1440 243 197 275 396 33435 5294 74887 226 216 124 573 49382 2509 7100 109 1901 59 181 133
internal_value=-0.000184968 -0.000146826 -0.000108673 -0.000153273 0.00116862 0.00348064 -0.00150019 0.000201732 -3.02422e-05 0.000604558 0.00141447 0.00314917 0.00801843 0.00178851 0.00290749 -0.000335168 -0.000581134 -0.000670209 0.00541083 0.00796296 0.00357143 0.0111699 -5.41567e-05 0.00161337 0.000679156 0.0126923 0.000383184 0.002146 0.00853887 0.00503185
internal_weight=290268 285545 277716 268346 9370 2376 7829 90912 67458 22901 12160 3620 868 1149 2270 177434 94617 89323 1071 675 350 671 82817 2752 8540 325 6994 2274 373 314
internal_count=290268 285545 277716 268346 9370 2376 7829 90912 67458 22901 12160 3620 868 1149 2270 177434 94617 89323 1071 675 350 671 82817 2752 8540 325 6994 2274 373 314
is_linear=0
shrinkage=0.05


Tree=94
num_leaves=31
num_cat=0
split_feature=0 24 0 22 24 20 24 24 19 22 24 24 1 22 13 9 22 22 22 22 24 17 2 22 22 22 22 0 9 16
split_gain=9.94556 6.97281 7.93107 5.89827 13.3574 10.6468 7.00229 6.58866 9.08859 8.03362 6.13094 5.90274 8.25094 6.59299 5.4485 5.44192 5.58449 6.22757 10.9692 14.7 11.1322 6.19692 6.05521 5.7016 9.46406 6.14933 9.25529 11.3175 7.26855 6.42442
threshold=2.7350000000000008 -0.77999999999999992 4.8050000000000006 -0.108376950152639 -0.49499999999999994 209.50000000000003 2.0250000000000004 -0.22499999999999995 10.775 -0.19337636264337835 0.05000000000000001 1.4950000000000003 8.7150000000000016 -0.14250824554987665 16.150000000000002 998.87963867187511 -0.43733984355855576 -0.63921128368950708 -0.69057362043749781 -0.70291267844185523 -0.27499999999999997 269.50000000000006 -4.9849999999999985 -0.94705910369513524 -0.99630266176052629 -0.95244167294248061 -0.98523971305672675 8.1250000000000018 216.40606689453128 10.850000000000003
decision_type=2 8 2 2 10 8 10 10 2 2 10 10 2 2 2 2 2 2 2 2 10 2 2 2 2 2 2 2 2 2
left_child=-1 2 -2 7 -5 10 14 15 9 -9 -6 -10 13 -13 -7 16 17 18 19 23 21 -21 -19 24 -3 26 27 29 -28 -26
right_child=1 3 -4 4 5 6 -8 8 11 -11 -12 12 -14 -15 -16 -17 -18 22 -20 20 -22 -23 -24 -25 25 -27 28 -29 -30 -31
leaf_value=-0.0047281456375139214 -0.0052372777056955691 -0.0024369520207110553 -0.0006202254275375187 -0.0029909971151217407 0.0020561724913828751 -0.00014070670507397454 -0.0079716306587802703 -0.00098730139575187062 -0.00015707273730109248 0.0018151248457705226 -0.00022731641052313296 0.0038329204052288896 0.0013870875377671593 0.01000511723097398 -0.0013151674337332296 0.0022399699420222871 -0.00063698894153347359 0.0080039168013847257 -0.0045262324331454681 0.009273256083878292 -0.0012129708775609118 0.010615068306002968 0.0016783801161474267 7.1332084878264465e-05 0.010318666952699569 0.0085410191163962004 -0.00086424084039154352 0.0034963907868081584 0.0038921202095062268 0.0027971719531770575
leaf_weight=4580 4098 1774 12204 8669 9382 98314 1181 37678 13166 3378 6314 1529 9976 80 28205 3293 9707 811 2744 325 198 71 8952 18316 228 396 2423 1662 532 82
leaf_count=4580 4098 1774 12204 8669 9382 98314 1181 37678 13166 3378 6314 1529 9976 80 28205 3293 9707 811 2744 325 198 71 8952 18316 228 396 2423 1662 532 82
internal_value=-0.000177561 -0.000140504 -0.00114465 -7.97381e-05 -0.000285241 -0.00017002 -0.000321066 0.000186624 -0.000144895 -0.000601131 0.00105887 0.000611893 0.00143504 0.00475761 -0.000285294 0.000610124 0.000475829 0.000745961 0.000375464 0.000692697 0.00846801 0.0133081 0.00183704 0.000510958 0.0017141 0.00276817 0.00228638 0.00493915 0.000516073 0.0137097
internal_weight=290268 285688 16302 269386 152065 143396 127700 117321 65807 41056 15696 24751 11585 1609 126519 51514 48221 38514 28751 26007 594 396 9763 25413 7097 5323 4927 1972 2955 310
internal_count=290268 285688 16302 269386 152065 143396 127700 117321 65807 41056 15696 24751 11585 1609 126519 51514 48221 38514 28751 26007 594 396 9763 25413 7097 5323 4927 1972 2955 310
is_linear=0
shrinkage=0.05


Tree=95
num_leaves=31
num_cat=0
split_feature=4 0 17 8 23 23 23 9 22 22 23 19 1 21 17 23 12 9 15 22 22 23 22 0 1 1 4 20 17 23
split_gain=9.3898 5.84996 5.4386 4.92911 4.06316 4.05842 6.10412 4.00302 4.83236 7.56536 10.9282 4.10898 4.47846 4.08659 4.28586 3.97954 3.86779 3.82522 4.77131 5.1307 11.6359 5.09308 6.84814 9.2605 5.48797 4.39481 4.22023 4.02602 4.9569 3.61254
threshold=5.1550000000000011 2.7350000000000008 149.50000000000003 62.500000000000007 -0.99628250747696534 0.99855310097228334 0.9980355542543059 417.44560241699224 0.99374995976406788 0.92602006027323147 0.3484035575467645 9.1350000000000033 11.615 21.900000000000002 24.500000000000004 0.5475998096715059 3.5000000000000004 34.920574188232429 69.500000000000014 0.99552231814189451 0.97696484778429815 0.11478523713130605 0.98213580174693105 8.6550000000000029 3.8050000000000002 9.2550000000000008 7.8650000000000011 293.90000000000003 306.50000000000006 0.98486764554468398
decision_type=2 2 2 2 2 2 2 2 2 2 2 2 2 10 2 2 2 2 2 2 2 2 2 2 2 2 2 10 2 2
left_child=-1 -2 7 4 -4 6 17 15 9 -9 11 12 -11 14 -12 -3 -5 -6 19 20 27 22 23 -22 26 -23 -24 -19 -29 -20
right_child=1 2 3 16 5 -7 -8 8 -10 10 13 -13 -14 -15 -16 -17 -18 18 29 -21 21 25 24 -25 -26 -27 -28 28 -30 -31
leaf_value=-0.0035894342273812513 -0.0037690017890652672 -0.00043772656254538619 -0.0018746869739154134 0.014320247105104135 0.00098943074235056157 -0.0024833278639275168 0.005649021117742104 0.00018572075567914101 -0.0054254017866965888 0.0030347267235379385 0.002847717286499614 -0.0041235529883809699 0.011796632910166503 0.00096788488103962929 0.01029539179443275 -0.0016574858986445015 0.0048461098007786356 -0.00089879078929525297 0.00034060012025774765 -0.0031715798230233967 -0.010139963659867305 0.0066219423998271536 0.002165074669342861 0.013174737864413203 -0.00017219007072813392 0.0012779612143633302 0.010055590801730447 0.00026096537052049476 -0.0013462016563889716 0.002116184643096613
leaf_weight=4723 3627 80764 3900 127 20243 3795 516 11621 684 847 62 423 86 52 143 18331 168 28687 50406 2500 77 829 58 142 2228 603 53 41746 9459 3368
leaf_count=4723 3627 80764 3900 127 20243 3795 516 11621 684 847 62 423 86 52 143 18331 168 28687 50406 2500 77 829 58 142 2228 603 53 41746 9459 3368
internal_value=-0.000173944 -0.00013737 -0.0001117 6.79364e-05 5.66384e-05 9.44072e-05 0.000132522 -0.000380179 0.000413851 0.00062566 0.00383447 0.00204277 0.00389603 0.0132879 0.0164634 -0.000491701 0.00652542 0.000115056 2.22597e-05 -0.000207915 -0.00014139 0.00249373 0.00115715 0.00961187 0.00036554 0.00488128 0.0112162 -0.000272995 -7.3247e-06 0.00039201
internal_weight=290268 285545 281918 168905 168610 164710 160915 113013 13918 13234 1613 1356 933 257 205 99095 295 160399 140156 86382 83882 3990 2558 219 2339 1432 111 79892 51205 53774
internal_count=290268 285545 281918 168905 168610 164710 160915 113013 13918 13234 1613 1356 933 257 205 99095 295 160399 140156 86382 83882 3990 2558 219 2339 1432 111 79892 51205 53774
is_linear=0
shrinkage=0.05


Tree=96
num_leaves=31
num_cat=0
split_feature=0 24 0 23 23 17 24 15 9 2 22 24 24 22 16 15 15 22 22 22 19 9 13 8 23 23 22 13 24 23
split_gain=8.78545 6.21283 6.82129 5.47874 5.31773 5.17377 5.08074 5.45943 5.23822 5.03215 4.87202 15.3331 7.68695 6.48632 7.89427 6.68018 6.25336 5.42923 18.2793 6.37932 5.29963 5.06234 5.92433 4.98678 4.88761 8.12918 14.7472 8.30646 6.11004 5.22705
threshold=2.7350000000000008 -0.65999999999999981 4.8050000000000006 -0.35846086284744721 -0.99628250747696534 157.50000000000003 1.7100000000000002 69.500000000000014 275.53373718261724 0.080000000000000973 -0.022576249993022688 -0.49499999999999994 -0.22499999999999995 -0.05695216311707673 11.65 64.500000000000014 61.500000000000007 -0.17647087149565668 -0.16799356919963607 -0.108376950152639 6.9650000000000007 998.87963867187511 41.95000000000001 89.500000000000014 0.8511460603353429 0.81304046271159414 0.57077594689671507 1.3500000000000003 -0.22499999999999995 0.41202506375868281
decision_type=2 8 2 2 2 2 10 2 2 2 2 10 10 2 2 2 2 2 2 2 2 2 2 2 2 2 2 2 10 2
left_child=-1 2 -2 -4 6 -6 8 -8 -3 -5 12 -12 13 23 -15 -16 -14 -18 20 -20 -19 -13 24 -7 25 28 -27 -28 -23 -30
right_child=1 4 3 9 5 10 7 -9 -10 -11 11 21 16 14 15 -17 17 18 19 -21 -22 22 -24 -25 -26 26 27 -29 29 -31
leaf_value=-0.0043032882661849436 -0.0038563020090281773 -0.0037281440850832973 0.0053513055849292264 -0.0018133585605453484 -0.00036420161603188585 0.0012618513021168173 -0.00014306445486721921 0.0060966782771405418 0.00048693153602729722 0.00022161530644427773 -0.0038351052965210756 -5.3534099052893877e-05 0.00095978531162242058 0.0017767112869331457 0.0078156326077244431 0.0042491698769957665 -0.00097140193432110149 0.0055804611036810586 0.0025678739639755123 -0.0052728649388289646 0.011663100732396951 -0.0046212513013003742 0.012910402310165967 0.014604502319764135 -0.0004824965382935887 0.0030924946817379151 0.0035668782694548099 0.012981315920643567 0.0010794921842572447 0.0060277295939809416
leaf_weight=4580 5430 5132 464 7097 110998 31084 876 271 1509 8872 5362 65707 15409 416 149 140 18312 51 1182 764 96 525 151 95 2458 437 50 86 1736 829
leaf_count=4580 5430 5132 464 7097 110998 31084 876 271 1509 8872 5362 65707 15409 416 149 140 18312 51 1182 764 96 525 151 95 2458 437 50 86 1736 829
internal_value=-0.000174633 -0.000139804 -0.000949779 -0.000442099 -7.26819e-05 -3.35315e-05 -0.00135979 0.00171316 -0.00189053 -0.000597722 0.000163093 -0.000108029 0.000472834 0.00103751 0.00578014 0.012128 -2.98778e-05 -0.00060402 0.00180841 0.000524151 0.0188095 8.41206e-05 0.00144133 0.000930272 0.00119997 0.00235736 0.00782722 0.0222059 0.00134304 0.00234893
internal_weight=290268 285688 21863 16433 263825 256037 7788 1147 6641 15969 145039 77341 67698 31884 705 289 35814 20405 2093 1946 147 71979 6272 31179 6121 3663 573 136 3090 2565
internal_count=290268 285688 21863 16433 263825 256037 7788 1147 6641 15969 145039 77341 67698 31884 705 289 35814 20405 2093 1946 147 71979 6272 31179 6121 3663 573 136 3090 2565
is_linear=0
shrinkage=0.05


Tree=97
num_leaves=31
num_cat=0
split_feature=18 0 13 15 22 2 18 21 22 22 21 4 20 9 20 18 22 22 20 22 22 22 2 1 15 9 15 22 13 22
split_gain=8.26662 5.6541 4.44962 4.56019 4.17007 3.92302 4.59217 4.18875 3.53347 3.40848 3.23144 3.71661 3.1953 3.12128 3.25194 3.59196 3.06724 4.95054 8.11531 8.04561 5.34502 6.24374 4.61487 4.31401 3.05975 3.00561 2.99252 2.93787 2.92729 2.93804
threshold=3.4950000000000006 6.1350000000000007 23.950000000000003 94.500000000000014 0.99761913169647187 2.2400000000000011 5.6050000000000013 172.50000000000003 -0.031173458710879235 -0.05695216311707673 12.500000000000002 8.0750000000000011 453.2000000000001 998.87963867187511 233.20000000000002 11.185 0.89404822654372251 0.93544191479114935 202.40000000000003 0.93237596376505805 0.9053161325100999 0.90162119223771331 0.11000000000000078 5.3550000000000013 78.500000000000014 998.87963867187511 51.500000000000007 0.9916835347852474 7.3500000000000005 0.48314048284850658
decision_type=2 2 2 2 2 2 2 10 2 2 8 2 10 2 8 2 2 2 10 2 2 2 2 2 2 2 2 2 2 2
left_child=1 24 4 -4 5 7 -7 10 9 -8 28 16 -10 -13 -15 -16 -12 18 19 20 21 22 -18 -22 -1 -5 -9 -19 29 -2
right_child=2 -3 3 25 -6 6 8 26 12 -11 11 13 -14 14 15 -17 17 27 -20 -21 23 -23 -24 -25 -26 -27 -28 -29 -30 -31
leaf_value=-0.0031525513053324108 0.00041767809341246238 0.0036646160448636301 -0.0010170319380464479 0.0016478866357155803 -0.001688520099986838 0.002867734538580784 0.00081349370213842887 0.0015571086061355929 -0.00049237052069019225 0.0049023234842228546 -0.0011966211803811362 -0.00014757137434319033 0.0020640385803827855 -0.00072432513900391087 0.001239605744271352 0.0056218128499756145 -0.0077070432254241344 -0.0023635643721068075 -0.0046288308737416507 0.01156419534870036 -0.00084037232758819359 0.012140359618755812 0.009144491071704031 0.0038329712404226038 9.4426906448547021e-05 0.01013359937640396 -0.0017884361241934854 0.0022883011951534767 -0.00016511816998962197 0.0020853439109894769
leaf_weight=10393 12018 711 25323 196 5281 1777 29591 1040 21919 421 23035 118807 1886 1740 3782 490 66 1966 457 59 369 94 53 204 2169 68 5633 473 15065 5182
leaf_count=10393 12018 711 25323 196 5281 1777 29591 1040 21919 421 23035 118807 1886 1740 3782 490 66 1966 457 59 369 94 53 204 2169 68 5633 473 15065 5182
internal_value=-0.000172221 -0.00139117 -0.000113812 -0.00074198 -4.98803e-05 -2.00518e-05 0.000349497 -0.000127879 0.000266922 0.000627748 -8.32167e-05 -0.000179921 -0.000187987 -6.52557e-05 0.00104624 0.00178839 -0.000714447 0.000613471 0.00310292 0.00600592 0.00466921 0.0114319 0.00382353 0.00215532 -0.00163668 0.00579545 -0.00135846 -0.000715458 0.000371144 0.000816859
internal_weight=290268 13273 276995 25587 251408 246127 55594 190533 53817 30012 183860 151595 23805 124819 6012 4272 26776 3741 1302 845 786 213 119 573 12562 264 6673 2439 32265 17200
internal_count=290268 13273 276995 25587 251408 246127 55594 190533 53817 30012 183860 151595 23805 124819 6012 4272 26776 3741 1302 845 786 213 119 573 12562 264 6673 2439 32265 17200
is_linear=0
shrinkage=0.05


Tree=98
num_leaves=31
num_cat=0
split_feature=18 23 23 0 17 23 8 23 17 22 22 23 22 20 9 2 14 1 19 17 22 20 4 9 21 9 22 22 22 20
split_gain=7.97467 4.93346 5.08626 4.88449 4.8239 4.45685 4.25096 3.83702 3.61113 3.88667 6.11678 5.39148 5.48783 8.38427 4.83813 4.63966 4.24851 3.92214 4.66868 3.60437 5.59006 11.7522 5.63132 3.36461 3.34692 3.14326 4.13723 4.39952 4.96973 4.37867
threshold=3.4950000000000006 0.99855310097228334 -0.99628250747696534 5.4750000000000005 149.50000000000003 -0.98212955754013376 89.500000000000014 0.9980355542543059 326.50000000000006 0.9962888416657264 0.97696484778429815 0.11478523713130605 0.98213580174693105 259.30000000000001 97.133220672607436 1.1800000000000006 32.850000000000001 9.2050000000000018 8.2050000000000018 127.50000000000001 0.15951094710994371 276.60000000000008 10.155000000000003 227.55454254150393 12.500000000000002 494.48980712890631 0.9962888416657264 0.85673801594079257 0.86548282553247169 198.40000000000003
decision_type=2 2 2 2 2 2 2 2 2 2 2 2 2 10 2 2 2 2 2 2 2 8 2 2 10 2 2 2 2 10
left_child=3 2 23 -1 5 19 7 8 9 10 -6 12 13 -12 -15 -16 17 18 -13 20 -4 -22 -23 -2 -18 -7 27 -27 29 -29
right_child=1 -3 4 -5 6 25 -8 -9 -10 -11 11 16 -14 14 15 -17 24 -19 -20 -21 21 22 -24 -25 -26 26 -28 28 -30 -31
leaf_value=-0.0025151434650950689 -0.002471089955367546 -0.0027748912965157701 0.001467652866381775 0.0020458075475950663 0.00020977459407052628 -0.00061440730952659682 0.013824392819299418 0.0052240985321736766 -0.00062529305346060559 -0.0018141055943744168 -0.0020238710420903395 0.0042495582606157456 0.00016056912385844 0.0011183882926169336 0.010031845567002215 0.013840269146878904 0.0029654503214455561 0.00032204182554709744 0.0083180340449163313 -0.00072981834930674653 0.0088114384749548285 0.0060851480215284061 0.00055899172058475853 0.00022506880728470613 0.0080915427377289927 0.00013196706401706157 -0.0056468167434435782 0.011349899887919764 0.002612555140977536 0.0020576945532053167
leaf_weight=12155 5584 4582 2096 1118 129027 92770 152 521 20034 3137 158 612 3085 69 52 89 56 634 336 1374 58 92 275 2056 103 7415 567 70 1926 65
leaf_count=12155 5584 4582 2096 1118 129027 92770 152 521 20034 3137 158 612 3085 69 52 89 56 634 336 1374 58 92 275 2056 103 7415 567 70 1926 65
internal_value=-0.00016757 -0.000110202 -8.2835e-05 -0.0013648 -4.61351e-05 -0.000305883 0.000129218 0.000121173 0.000106993 0.000198458 0.000239119 0.00192145 0.000777584 0.00654891 0.0130952 0.0184043 0.00419012 0.00340708 0.00544304 0.0013543 0.00247719 0.00770588 0.00440054 -0.00135471 0.0119811 -0.000368778 0.000471471 0.000719712 0.00276322 0.012037
internal_weight=290268 276995 272413 13273 264773 106708 158065 157913 157392 137358 134221 5194 3453 368 210 141 1741 1582 948 3895 2521 425 367 7640 159 102813 10043 9476 2061 135
internal_count=290268 276995 272413 13273 264773 106708 158065 157913 157392 137358 134221 5194 3453 368 210 141 1741 1582 948 3895 2521 425 367 7640 159 102813 10043 9476 2061 135
is_linear=0
shrinkage=0.05


Tree=99
num_leaves=31
num_cat=0
split_feature=4 9 15 13 0 23 23 23 23 24 9 23 13 14 24 24 20 3 23 13 23 24 19 23 20 24 4 23 23 0
split_gain=7.70487 5.14892 5.30048 6.02321 4.20151 4.18133 5.6845 9.30934 9.29137 6.54773 4.7333 4.24674 4.16438 3.90533 3.68853 3.93131 5.24227 4.97293 5.5672 5.90549 4.80344 3.67536 3.3313 3.4718 8.33158 3.3234 3.32125 3.16475 3.71637 3.14402
threshold=5.1550000000000011 44.421846389770515 69.500000000000014 18.450000000000003 7.0950000000000006 -0.67801649466304881 -0.85225707553516283 -0.8142754349318998 -0.82413948779581736 0.89500000000000013 370.54331970214849 -0.45273527932988084 61.95000000000001 29.950000000000003 -0.65999999999999981 -0.029999999999999995 313.2000000000001 7.078333333333334 0.80290535434334509 0.55000000000000016 0.76556758748011056 0.24500000000000002 5.5150000000000006 -0.6905596507703472 93.65000000000002 -0.49499999999999994 15.265000000000002 -0.9292178835113839 -0.91595872546125101 4.1750000000000007
decision_type=2 2 2 2 2 2 2 2 2 10 2 2 2 2 8 10 8 2 2 2 2 10 2 2 10 10 2 2 2 2
left_child=-1 -2 3 14 5 6 -4 8 13 -10 -7 -12 -13 -8 29 17 -17 18 19 20 -16 -6 23 -9 -25 -20 -27 -18 -29 -3
right_child=1 2 4 -5 21 10 7 22 9 -11 11 12 -14 -15 15 16 27 -19 25 -21 -22 -23 -24 24 -26 26 -28 28 -30 -31
leaf_value=-0.0031378654001324433 0.00046145710435291696 -0.0077697629970764504 -0.00021463958534497551 -0.0018114471346555778 0.00078747271128270428 -0.0013453565914083136 -9.3965222497347246e-05 0.0012625405464012022 0.0068416521837665334 0.011710647232649822 -0.0044601020542071107 0.00039597686348414457 0.0061510998038308484 0.010864006276260045 0.0040694314639255413 -0.0015176249111741487 -0.00099868186832227212 -0.00026360883286764456 -0.0020146392588757871 0.0012914841088819992 0.0058849074478249871 -0.00033970213909366415 -0.00042573391874690752 0.011019416743166394 0.00014671418138680813 0.00051772485183552985 0.006716882971877388 0.0037678721713693855 -2.6860370832940487e-05 -0.00099017601232849082
leaf_weight=4723 50800 1284 6062 18422 32256 20265 295 961 190 63 744 13587 95 118 970 21062 7326 37787 2914 8522 93 15692 1463 76 105 3511 52 728 32446 7656
leaf_count=4723 50800 1284 6062 18422 32256 20265 295 961 190 63 744 13587 95 118 970 21062 7326 37787 2914 8522 93 15692 1463 76 105 3511 52 728 32446 7656
internal_value=-0.000159819 -0.000126689 -0.000225459 -0.000416151 7.05638e-05 -0.00028212 0.000657344 0.0023372 0.00761261 0.0151581 -0.000534866 0.000157354 0.000357403 0.00299031 -0.000291153 -0.000215362 -0.000488289 9.6658e-05 0.000833643 0.00159885 0.00511289 0.000394384 0.000988482 0.00301226 0.00936464 -0.000298751 0.000725511 -0.000155557 5.21481e-05 -0.00126958
internal_weight=290268 285545 234745 142773 91972 44024 9333 3271 666 253 34691 14426 13682 413 124351 115411 61562 53849 16062 9585 1063 47948 2605 1142 181 6477 3563 40500 33174 8940
internal_count=290268 285545 234745 142773 91972 44024 9333 3271 666 253 34691 14426 13682 413 124351 115411 61562 53849 16062 9585 1063 47948 2605 1142 181 6477 3563 40500 33174 8940
is_linear=0
shrinkage=0.05


Tree=100
num_leaves=31
num_cat=0
split_feature=5 19 23 13 23 23 9 23 22 21 13 21 22 23 23 19 22 22 22 22 22 2 14 21 4 22 22 2 13 14
split_gain=7.19608 4.86951 4.69818 4.22039 3.7334 4.84275 3.73968 5.52237 4.5526 4.42408 3.68214 3.62355 3.91335 3.75941 12.271 8.40856 9.92767 7.43766 8.7742 4.99165 5.3011 7.2888 4.62004 4.21355 5.05907 4.07268 12.5138 6.23806 4.03198 3.62575
threshold=4.7464285714285728 4.2950000000000008 0.99958851518450398 1.0000000180025095e-35 -0.99628250747696534 -0.98212955754013376 998.87963867187511 0.98486764554468398 0.15951094710994371 237.50000000000003 23.950000000000003 67.500000000000014 0.99818282439137029 -0.87810534180523914 -0.8142754349318998 6.3350000000000009 0.48314048284850658 -0.28519255817492867 -0.39826117949089107 -0.55657520495441892 -0.49064630004295678 -0.15000000000000016 23.750000000000004 16.900000000000002 9.9050000000000029 -0.31799228562170639 -0.33425342068356556 -1.7999999999999994 2.3500000000000001 31.050000000000004
decision_type=2 2 2 2 2 2 2 2 2 8 2 8 2 2 2 2 2 2 2 2 2 2 2 10 2 2 2 2 2 2
left_child=1 -1 3 -2 -5 -6 10 -8 9 -9 11 12 13 17 15 16 -15 18 -7 -17 -21 -22 -20 24 -24 26 -26 -28 29 -29
right_child=2 -3 -4 4 5 6 7 8 -10 -11 -12 -13 -14 14 -16 19 -18 -19 22 20 21 -23 23 -25 25 -27 27 28 -30 -31
leaf_value=-0.0033672124027972687 0.00092954266742582196 -0.00054447472768943603 -0.0034419880310201136 -0.0014758054988034085 0.0011167744848820363 -0.0027994824702680405 0.00037346441714715032 0.0013135946116619357 0.0075424104561313196 0.0048157009533406764 -0.0010077507525555593 -0.00070737011255254988 -0.0021855013590926105 0.0022417952163006098 1.6576887529788796e-05 0.0044987302164868157 0.0078487662126259707 -0.0016353503410068866 0.0099603203816003728 -0.0019635746711606154 0.0055828927055431819 0.00019039257337904027 0.010159719615964119 0.00044081184506038722 0.0017791716110365664 -0.0019189482807923288 0.012859091589647315 0.008136430699240119 -0.0011367146022136464 0.002992820052644321
leaf_weight=7936 13839 12637 2332 7255 8019 2304 12906 1275 162 187 21586 41228 3147 563 133758 936 520 11364 68 1971 1294 2130 143 1363 797 331 50 61 54 52
leaf_count=7936 13839 12637 2332 7255 8019 2304 12906 1275 162 187 21586 41228 3147 563 133758 936 520 11364 68 1971 1294 2130 143 1363 797 331 50 61 54 52
internal_value=-0.000154135 -0.00105551 -8.53754e-05 -6.58854e-05 -0.000112298 -7.93656e-05 -0.000120043 0.00065726 0.00340517 0.00252394 -0.000170527 -0.000104239 2.91977e-06 3.77463e-05 0.000121411 0.00210143 0.00617267 -0.000674324 0.00088742 0.00140499 0.000820203 0.00200934 0.00270812 0.00240091 0.00424059 0.00328996 0.00486193 0.0155069 0.0108683 0.0162389
internal_weight=290268 20573 269695 267363 253524 246269 238250 14530 1624 1462 223720 202134 160906 157759 141172 7414 1083 16587 5223 6331 5395 3424 2919 2851 1488 1345 1014 217 167 113
internal_count=290268 20573 269695 267363 253524 246269 238250 14530 1624 1462 223720 202134 160906 157759 141172 7414 1083 16587 5223 6331 5395 3424 2919 2851 1488 1345 1014 217 167 113
is_linear=0
shrinkage=0.05


Tree=101
num_leaves=31
num_cat=0
split_feature=0 24 0 22 24 24 20 24 19 22 24 24 9 9 3 22 22 15 13 13 14 13 24 20 22 22 9 22 9 22
split_gain=7.32293 5.36511 6.31292 4.44014 13.2844 9.06376 9.3329 5.388 7.78534 6.49435 6.84879 5.6797 5.57833 5.00626 4.93828 4.90877 10.7031 5.69559 4.98691 4.75374 4.68023 4.60045 4.45012 4.43829 5.72161 5.76693 7.69517 13.6282 14.8586 7.48149
threshold=2.7350000000000008 -0.77999999999999992 5.205000000000001 -0.108376950152639 -0.49499999999999994 2.0250000000000004 209.50000000000003 -0.22499999999999995 10.775 -0.27694604220087021 2.0250000000000004 1.0350000000000004 87.609973907470717 998.87963867187511 8.6483333333333352 -0.40614700388750385 -0.39036798905311365 81.500000000000014 3.6500000000000008 16.150000000000002 23.750000000000004 6.6500000000000012 0.05000000000000001 483.65000000000003 -0.43733984355855576 -0.52032787705993211 377.27038574218756 -0.50556189049999822 719.37036132812511 -0.55657520495441892
decision_type=2 8 2 2 10 10 8 10 2 2 10 10 2 2 2 2 2 2 2 2 2 2 10 10 2 2 2 2 2 2
left_child=-1 2 -2 7 -5 6 22 13 9 12 -11 -10 -9 23 20 -15 21 18 -18 -8 -13 -17 -6 24 25 29 -27 28 -28 -3
right_child=1 3 -4 4 5 -7 19 8 11 10 -12 14 -14 15 -16 16 17 -19 -20 -21 -22 -23 -24 -25 -26 26 27 -29 -30 -31
leaf_value=-0.0037336766197192599 -0.003912707176097539 0.0011758881589887553 -0.00040599089194309372 -0.0027330642185640084 0.0019015542298088516 -0.007210788918806485 -6.7646156253071499e-05 -0.00021180853439169004 -0.00051730123630605617 6.8703104984733441e-05 0.0041899885552436752 0.011436816988485315 -0.0018295460658702492 0.00073340207123332173 0.0012839145826918337 0.0058665671293903826 0.0026976448913246928 0.0063270748413336679 -0.00052657546626613968 -0.0011244567907831499 0.0028254590558683471 0.013523734260057849 2.7325082033736371e-05 -0.0015945969749383349 -0.00057011168356317589 0.0020302861634649704 0.010998271616964969 0.0021486211610089508 0.00024010164395119827 -0.0032281741497010435
leaf_weight=4580 5019 29160 11283 8669 9382 1375 98314 17092 9646 5260 1331 95 17373 1984 13366 136 249 172 691 28205 1644 61 6120 4870 9401 2382 138 377 82 1811
leaf_count=4580 5019 29160 11283 8669 9382 1375 98314 17092 9646 5260 1331 95 17373 1984 13366 136 249 172 691 28205 1644 61 6120 4870 9401 2382 138 377 82 1811
internal_value=-0.00014535 -0.000113552 -0.000994358 -6.02493e-05 -0.00023855 -0.000123645 -8.45309e-05 0.000170855 -0.000128939 -0.0005512 0.000886814 0.000571491 -0.000826202 0.000553829 0.00117676 0.00244002 0.00481665 0.00291367 0.00138298 -0.00022641 0.00368315 0.0155584 0.00107341 0.000425021 0.000585798 0.00088807 0.00298926 0.00806533 0.0179545 0.000685963
internal_weight=290268 285688 16302 269386 152065 143396 142021 117321 65807 41056 6591 24751 34465 51514 15105 3293 1309 1112 940 126519 1739 197 15502 48221 43351 33950 2979 597 220 30971
internal_count=290268 285688 16302 269386 152065 143396 142021 117321 65807 41056 6591 24751 34465 51514 15105 3293 1309 1112 940 126519 1739 197 15502 48221 43351 33950 2979 597 220 30971
is_linear=0
shrinkage=0.05


Tree=102
num_leaves=31
num_cat=0
split_feature=3 23 24 23 24 15 9 22 23 23 24 24 24 23 9 23 22 20 17 4 3 9 23 22 22 24 22 22 15 23
split_gain=6.53078 4.32391 3.93509 3.84488 5.47158 5.25859 4.59213 4.17745 4.16917 11.3933 10.1488 8.21181 7.19318 7.41795 9.84445 9.31568 7.27667 6.41334 9.63084 6.39319 11.9633 6.32339 5.90868 6.10235 7.6297 6.42132 6.53304 5.76949 9.54041 5.71582
threshold=3.7383333333333337 0.99958851518450398 -0.77999999999999992 -0.99628250747696534 1.7100000000000002 69.500000000000014 275.53373718261724 1.0000000180025095e-35 -0.082691941062253513 -0.10837475778693638 0.36500000000000005 -0.43999999999999995 0.05000000000000001 -0.98521978256641018 275.53373718261724 -0.96687281075841669 0.15951094710994371 321.60000000000008 227.50000000000003 12.105000000000002 5.4466666666666681 998.87963867187511 0.98486764554468398 0.52766072109828632 0.43733377705052551 -0.22499999999999995 0.54219432480460406 -0.98214942551678475 64.500000000000014 -0.94137724084408114
decision_type=2 2 8 2 10 2 2 2 2 2 10 10 10 2 2 2 2 10 2 2 2 2 2 2 2 10 2 2 2 2
left_child=2 3 -1 4 6 -6 -2 -8 9 12 11 19 13 14 16 -15 17 18 -5 20 -11 -10 23 24 -23 26 -25 28 -14 -17
right_child=1 -3 -4 8 5 -7 7 -9 21 10 -12 -13 27 15 -16 29 -18 -19 -20 -21 -22 22 -24 25 -26 -27 -28 -29 -30 -31
leaf_value=-0.00706412088899589 -0.0033779888354677559 -0.0033379227084847753 -0.0011130704550000993 0.0046095747670535743 5.2850639641641883e-05 0.0062963144526991246 -0.001611594272434298 0.0034930288419440358 -0.00043982213624275707 -0.0018300153895840757 0.009751379139999088 -0.0011880796040296645 0.0012168770444315937 -0.0041979073551579255 -0.0035812476386401729 0.0032470261132249178 0.006464580450873671 0.0012158298142300149 0.0091958212680363829 -0.00072694851621794691 0.0079275656248140158 0.00027698056350496016 0.0026047116340672974 0.0056135685109401923 -0.0065141938940074364 0.0029088220837265801 -0.0052805773152351139 -0.00035949883459760726 0.0087604783311082037 0.00055883293009865857
leaf_weight=1722 5129 2467 7505 522 855 265 931 566 129937 84 780 1184 763 1963 501 1980 143 677 123 119 186 5488 1852 165 1370 3699 774 70366 224 47928
leaf_count=1722 5129 2467 7505 522 855 265 931 566 129937 84 780 1184 763 1963 501 1980 143 677 123 119 186 5488 1852 165 1370 3699 774 70366 224 47928
internal_value=-0.000141732 -9.8759e-05 -0.00145064 -8.0303e-05 -0.00117867 0.00205357 -0.00172502 0.000711422 -4.88883e-05 0.000159043 0.00360603 0.00129371 9.42555e-05 0.000530582 0.00354527 0.00041632 0.00561433 0.00445537 0.00802325 0.0075964 0.0118519 -0.000233975 0.000802366 0.000380131 -0.000567222 0.00178094 -0.00191161 -0.00023496 0.0035613 0.000549209
internal_weight=290268 281041 9227 278574 7746 1120 6626 1497 270828 127543 2353 1573 125190 53837 1966 51871 1465 1322 645 389 270 143285 13348 11496 6858 4638 939 71353 987 49908
internal_count=290268 281041 9227 278574 7746 1120 6626 1497 270828 127543 2353 1573 125190 53837 1966 51871 1465 1322 645 389 270 143285 13348 11496 6858 4638 939 71353 987 49908
is_linear=0
shrinkage=0.05


Tree=103
num_leaves=31
num_cat=0
split_feature=0 24 23 2 17 17 23 23 24 22 22 22 24 9 0 19 9 19 22 22 23 24 22 24 24 22 24 14 22 21
split_gain=6.65101 5.11045 6.98014 6.08537 4.38042 4.17868 4.25361 7.85613 7.9681 11.4956 6.12699 6.33883 7.54332 8.02243 8.93256 5.11467 4.40341 4.15733 3.89804 4.93126 4.59959 6.22778 5.12532 4.90591 3.90282 9.51038 11.612 17.6329 13.882 11.6601
threshold=2.5550000000000002 -0.65999999999999981 -0.35846086284744721 0.080000000000000973 203.50000000000003 326.50000000000006 0.86869874770991873 0.85561368268953431 1.8750000000000002 0.49812943072827093 0.39036257410962044 0.3744682635859638 -0.49499999999999994 137.33863830566409 6.535000000000001 4.8850000000000007 194.27187347412112 7.8250000000000011 0.9962888416657264 0.97696484778429815 -0.099822328936730861 0.095000000000000015 0.98522604642031408 1.1900000000000002 -0.049999999999999996 0.80926549319045582 -0.22499999999999995 30.450000000000003 0.95998215779580554 47.500000000000007
decision_type=2 8 2 2 2 2 2 2 10 2 2 2 10 2 2 2 2 2 2 2 2 10 2 10 10 2 10 2 2 10
left_child=-1 2 -2 -4 -3 6 7 18 9 -9 11 15 -13 -14 -15 -8 -11 -16 19 24 22 -22 -21 -23 25 -6 -27 28 29 -28
right_child=1 4 3 -5 5 -7 10 8 -10 16 -12 12 13 14 17 -17 -18 -19 -20 20 21 23 -24 -25 -26 26 27 -29 -30 -31
leaf_value=-0.0045375103566612247 0.0043789971222792335 -0.00028617220127863412 -0.0022513410792092503 -0.00014673105897687535 0.00070946815606093587 -0.00052700318489442427 -0.0022071286565229615 0.0088292245094673798 -0.009250614277295819 0.0079642829127214449 -0.0046991023351525517 -0.0063857784037816738 -0.0033107910294939698 0.0036751723245417472 0.010576866337338078 0.00029481256856061827 -0.0036696625194928439 0.0055858607896548023 -0.0016634896166239554 0.0044287125582038664 0.0014067113681699613 0.0065848883210056046 -0.0022393059568887128 -0.001814993422670138 4.7737518505239972e-05 -0.0078040026160079339 0.0076951866599841313 0.00056039038046563449 -0.0056619342671407093 0.016144949320102599
leaf_weight=3422 587 150019 10649 10852 27527 20160 4437 501 195 87 2270 128 107 116 61 16028 241 58 2735 652 1402 921 1443 207 33122 490 674 875 180 122
leaf_count=3422 587 150019 10649 10852 27527 20160 4437 501 195 87 2270 128 107 116 61 16028 241 58 2735 652 1402 921 1443 207 33122 490 674 875 180 122
internal_value=-0.000134842 -0.000108701 -0.000839371 -0.000986234 -4.77429e-05 0.00018481 0.000324119 0.000515313 0.00486328 0.00700241 -0.000263953 3.58133e-06 0.00574468 0.00961988 0.0147872 -0.000128269 -0.000274391 0.0244118 0.000452024 0.000526879 0.0021027 0.00353755 0.000369927 0.00630319 0.000411175 0.000825632 0.00388509 0.00569692 0.0103176 0.0131533
internal_weight=290268 286846 22088 21501 264758 114739 94579 71374 1024 829 23205 20935 470 342 235 20465 328 119 70350 67615 4625 2530 2095 1128 62990 29868 2341 1851 976 796
internal_count=290268 286846 22088 21501 264758 114739 94579 71374 1024 829 23205 20935 470 342 235 20465 328 119 70350 67615 4625 2530 2095 1128 62990 29868 2341 1851 976 796
is_linear=0
shrinkage=0.05


Tree=104
num_leaves=31
num_cat=0
split_feature=18 0 9 15 13 22 16 17 5 19 18 0 22 15 15 13 9 15 22 13 8 18 20 22 14 9 16 13 2 22
split_gain=5.80055 4.38292 3.89616 4.8076 4.89998 4.31956 3.29884 4.26806 3.26126 3.83999 3.83441 3.60447 5.01097 3.42601 3.02379 2.81589 2.71438 2.69722 2.6179 3.02089 2.88045 2.61409 2.55693 5.62362 2.82682 2.87967 2.80161 3.78298 2.47304 2.91347
threshold=3.4950000000000006 6.1350000000000007 44.421846389770515 68.500000000000014 18.450000000000003 0.99761913169647187 14.950000000000001 108.50000000000001 9.1971428571428593 7.745000000000001 25.580000000000002 9.0850000000000026 0.99995780822346225 94.500000000000014 80.500000000000014 22.550000000000004 998.87963867187511 39.500000000000007 -0.83377653105606597 0.15000000000000005 26.500000000000004 4.8750000000000009 183.20000000000002 0.056951373111866731 27.450000000000003 483.01396179199224 10.550000000000002 33.350000000000001 3.4500000000000011 0.98049069993378934
decision_type=2 2 2 2 2 2 2 2 2 2 2 2 2 2 2 2 2 2 2 2 2 2 8 2 2 2 2 2 2 2
left_child=1 14 6 4 5 16 7 -2 10 11 13 12 -10 22 -1 -15 -4 -8 20 -20 -9 -13 23 -5 25 -24 -27 -28 29 -18
right_child=2 -3 3 8 -6 -7 17 18 9 -11 -12 21 -14 15 -16 -17 28 -19 19 -21 -22 -23 24 -25 -26 26 27 -29 -30 -31
leaf_value=-0.0025096918853378877 -0.00051787634194997432 0.0032474926070205339 -0.00033937868811884108 -0.0005996594025075993 -0.0016710360815753588 -0.0032512758499451582 0.0051058607451720285 0.001698974156717514 0.00015469302994934012 8.5860859485681283e-05 0.007153419025376636 0.0048848620012799018 0.012168793612098605 -0.00094079913258233181 0.00070717701624043545 0.0070390546140282721 0.0011825231763813457 -0.0012017209586163476 0.0019739957301468324 0.00017103879504031788 0.012736131463514811 0.0020410330091320404 -0.0019567535104171182 0.0017239449008217425 -9.5345184793656142e-05 -0.0010501536055544727 0.0010976146030852254 0.0069667055960586574 -0.0030615199756534924 0.0060091011278111325
leaf_weight=10863 10234 711 106744 5383 15454 2603 343 10852 5902 20574 69 292 74 136 1699 196 3221 6372 4639 17575 471 6073 8829 4953 42232 1954 872 89 568 291
leaf_count=10863 10234 711 106744 5383 15454 2603 343 10852 5902 20574 69 292 74 136 1699 196 3221 6372 4639 17575 471 6073 8829 4953 42232 1954 872 89 568 291
internal_value=-0.000132775 -0.00115385 -8.38475e-05 -0.000172378 -0.000372865 -0.000259066 0.000313353 0.000471658 9.22879e-05 0.000497492 -0.000113811 0.0011948 0.000312917 -0.000126386 -0.00137001 0.00493976 -0.000211778 -0.000718542 0.000744401 0.000429008 0.00136315 0.00202278 -0.000152539 0.000567917 -0.000290501 -0.00097667 0.000385934 0.00259625 0.00105392 0.00154897
internal_weight=290268 13273 276995 226509 128881 113427 50486 43771 97628 32915 64713 12341 5976 64644 12562 332 110824 6715 33537 22214 11323 6365 64312 10336 53976 11744 2915 961 4080 3512
internal_count=290268 13273 276995 226509 128881 113427 50486 43771 97628 32915 64713 12341 5976 64644 12562 332 110824 6715 33537 22214 11323 6365 64312 10336 53976 11744 2915 961 4080 3512
is_linear=0
shrinkage=0.05


Tree=105
num_leaves=31
num_cat=0
split_feature=24 0 2 17 23 24 15 17 23 24 22 23 22 24 20 23 23 23 19 23 17 3 20 21 20 19 0 24 22 22
split_gain=5.83268 6.74727 5.11834 4.83385 3.8883 4.2681 3.834 3.56697 4.17998 4.99734 6.21132 4.76 11.6951 8.53481 10.336 4.95762 7.65025 4.51164 4.56895 4.5101 4.39157 3.91468 5.47344 3.64853 3.61598 3.61426 4.8786 3.68702 7.42445 3.50227
threshold=-0.65999999999999981 4.8050000000000006 5.0900000000000034 309.50000000000006 -0.99628250747696534 1.7100000000000002 68.500000000000014 203.50000000000003 0.33222858587828868 -0.22499999999999995 -0.99630266176052629 0.28313308994381592 0.9550229469509578 -0.029999999999999995 198.40000000000003 0.21652257995689161 0.11478523713130605 0.3484035575467645 4.5450000000000008 0.16587474750015932 327.50000000000006 8.3150000000000031 431.60000000000008 12.500000000000002 466.10000000000008 8.6050000000000022 21.405000000000005 0.095000000000000015 -0.98803845231459242 -0.022576249993022688
decision_type=8 2 2 2 2 10 2 2 2 10 2 2 2 10 10 2 2 2 2 2 2 2 10 10 8 2 2 10 2 2
left_child=1 -1 -3 -4 5 -2 -7 -6 9 10 -9 15 24 -14 -15 16 -11 -10 -19 20 23 22 -12 -18 -13 27 -27 -25 -29 -20
right_child=4 2 3 -5 7 6 -8 8 17 11 21 12 13 14 -16 -17 19 18 29 -21 -22 -23 -24 25 -26 26 -28 28 -30 -31
leaf_value=-0.0035346192900526756 -0.0023670580867771913 -0.00050118497507194496 0.0046139546730749716 0.019704691401222389 -0.00024890897411497992 -0.00015104365921354051 0.0055615089881337343 -0.0053955272992732986 -0.0062950267939662118 0.00020321715452126162 0.0040116110560099467 -0.0012003987657995582 0.014132283475847227 0.0084522411945754418 -0.0054343277449980555 -0.0031610934538401562 0.0033033859839936433 -0.0013467018917564272 0.00074028847742003967 0.00072117520722667452 -0.00042047577678278785 0.0020858709115234254 0.0087587806112661391 0.0016589548944080552 0.0036910535697833322 0.0090475382420338955 -0.0013826432650151017 0.000822353758929394 0.014718907655552803 -0.00027223331111345621
leaf_weight=6535 6732 16079 304 50 145886 857 331 630 838 39160 1829 843 146 71 126 1959 356 9589 21356 1477 307 4691 67 311 371 332 65 62 53 28855
leaf_count=6535 6732 16079 304 50 145886 857 331 630 838 39160 1829 843 146 71 126 1959 356 9589 21356 1477 307 4691 67 311 371 332 65 62 53 28855
internal_value=-0.000129674 -0.000894289 -0.000353862 0.00559322 -6.39743e-05 -0.0011553 0.00160774 -3.06512e-05 0.000179568 0.000504577 0.00172717 0.000311246 0.00302826 0.0111808 0.00439086 0.000215279 0.000329629 -0.000103732 -5.26768e-05 0.00277928 0.00472409 0.00218081 0.0040981 0.00611111 0.000724875 0.00794046 0.0113728 0.00474178 0.0123913 0.000138315
internal_weight=290268 22968 16433 354 267300 7920 1188 259380 113494 52856 7217 45639 1557 343 197 44082 42123 60638 59800 2963 1486 6587 1896 1179 1214 823 397 426 115 50211
internal_count=290268 22968 16433 354 267300 7920 1188 259380 113494 52856 7217 45639 1557 343 197 44082 42123 60638 59800 2963 1486 6587 1896 1179 1214 823 397 426 115 50211
is_linear=0
shrinkage=0.05


Tree=106
num_leaves=31
num_cat=0
split_feature=0 24 23 0 23 24 20 22 23 9 17 22 3 15 14 13 22 24 24 22 20 22 17 23 24 22 22 5 13 22
split_gain=5.49317 4.0901 6.23914 4.51931 3.9156 4.68167 6.91765 5.59687 4.00004 3.71888 5.25172 3.63557 3.60956 3.55478 6.21983 4.70284 4.34446 3.99939 4.26235 4.18735 5.50958 6.62786 5.15328 3.5545 6.03661 7.44375 17.2369 7.92967 6.55751 5.59739
threshold=2.7350000000000008 -0.77999999999999992 -0.35846086284744721 4.1750000000000007 0.99855310097228334 -0.49499999999999994 403.65000000000003 -0.022576249993022688 0.99981043035926087 998.87963867187511 224.50000000000003 -0.62588817255938378 11.118333333333334 73.500000000000014 27.650000000000002 7.5500000000000007 -0.108376950152639 -0.55499999999999983 -0.49499999999999994 -0.77245553105869302 240.90000000000003 -0.75015329512557205 208.50000000000003 0.95436825032516992 1.9550000000000003 -0.63921128368950708 -0.66528616069191593 8.1421428571428596 11.450000000000001 -0.26037633224328088
decision_type=2 8 2 2 2 10 10 2 2 2 2 2 2 2 2 2 2 10 10 2 8 2 2 2 10 2 2 2 2 2
left_child=-1 2 12 -4 13 -6 9 -8 -9 -7 -11 -5 -2 14 15 -3 23 -15 -19 -20 -21 22 -22 24 -16 26 -26 28 -28 -25
right_child=1 4 3 11 5 6 7 8 -10 10 -12 -13 -14 17 16 -17 -18 18 19 20 21 -23 -24 29 25 -27 27 -29 -30 -31
leaf_value=-0.003165488587606945 0.0021575544291131329 -0.0002346589226537531 -0.0053750627693318447 -0.00045546008884917696 -0.0050048166520865328 -0.0030582349759594343 0.0054374447353620105 -0.0049104537362317973 0.0039366967036841213 0.0086004113738794123 -0.00080761561884007144 -0.0041672602585069189 0.017835322789043782 0.001786568792117663 0.00033359452514292073 -0.0027352061916381641 -0.00031917697473647454 -0.0027711237200348142 -0.0010802607225128529 0.0011983294043588669 0.00023554248310996017 -0.000152505456744935 0.0099880594259065866 0.004717357487572486 -0.0013356295319169799 -0.0040723779100279257 0.012333447796270838 0.0014871809099042208 0.0048342920817269971 0.00066453621647281696
leaf_weight=4580 502 9651 2568 11700 1726 2512 93 171 152 55 114 1454 78 4426 78330 9929 102029 1506 5579 19538 60 21716 65 863 2808 2945 122 103 64 4829
leaf_count=4580 502 9651 2568 11700 1726 2512 93 171 152 55 114 1454 78 4426 78330 9929 102029 1506 5579 19538 60 21716 65 863 2808 2945 122 103 64 4829
internal_value=-0.000127091 -9.95504e-05 -0.000868606 -0.00105648 -5.30106e-05 -0.00146486 -0.000301906 0.00569711 0.00258514 -0.00123275 0.00594674 -0.000681923 0.00422414 -2.72726e-05 -0.000118887 -0.000967826 -3.23553e-05 0.000339382 0.000207988 0.000291962 0.000465331 -8.03547e-05 0.0114 0.000220731 0.000139144 -0.00138365 0.000327735 0.011955 0.0181183 0.00143008
internal_weight=290268 285688 16302 15722 269386 4823 3097 416 323 2681 169 13154 580 264563 211673 19580 192093 52890 48464 46958 41379 21841 125 90064 84372 6042 3097 289 186 5692
internal_count=290268 285688 16302 15722 269386 4823 3097 416 323 2681 169 13154 580 264563 211673 19580 192093 52890 48464 46958 41379 21841 125 90064 84372 6042 3097 289 186 5692
is_linear=0
shrinkage=0.05


Tree=107
num_leaves=31
num_cat=0
split_feature=5 9 23 16 17 17 23 16 14 22 22 22 9 21 9 9 13 23 22 17 14 19 23 20 9 23 22 2 1 9
split_gain=4.96775 3.83995 3.22802 2.76913 3.44461 2.71222 3.63091 2.98735 3.37466 4.57281 3.51698 8.26146 21.8202 7.63071 3.21422 3.23278 3.65318 6.71855 5.06647 3.84014 3.14103 2.86012 2.84984 3.21638 5.68924 7.28656 13.8491 13.3703 6.63404 5.36235
threshold=3.9057142857142866 44.421846389770515 0.99855310097228334 14.950000000000001 108.50000000000001 177.50000000000003 0.9980355542543059 6.2500000000000009 30.050000000000004 -0.97113884758256674 0.90162119223771331 0.9193901325473397 389.30609130859381 16.900000000000002 600.63439941406261 135.82037353515628 8.2500000000000018 -0.18493013702746822 0.99995780822346225 245.50000000000003 25.750000000000004 9.4050000000000029 0.79253265336324141 322.60000000000008 425.81092834472662 0.73136292505298039 0.66527693225344786 1.8800000000000019 6.6750000000000007 220.69055175781253
decision_type=2 2 2 2 2 2 2 2 2 2 2 2 2 10 2 2 2 2 2 2 2 2 2 10 2 2 2 2 2 2
left_child=-1 3 5 4 -2 -3 7 -7 9 -9 -11 12 -12 -14 15 -13 17 19 -18 -17 -15 -21 23 -10 25 -25 28 -28 29 -27
right_child=1 2 -4 -5 -6 6 -8 8 22 10 11 14 13 20 -16 16 18 -19 -20 21 -22 -23 -24 24 -26 26 27 -29 -30 -31
leaf_value=-0.0022023839871478201 -0.00044984218700402402 -0.00044510450961202742 -0.002448977344508301 -0.00085455143278094958 0.00092449720332505008 -0.00088366869276204673 0.0052806090910356108 -0.0019860260012381295 -0.00058580460038420946 0.0003400229905659146 -0.002398672412367095 -0.00097293738378494111 0.0060639936479502136 0.01438777212683124 -0.00089637683060801688 0.0054457652730353651 0.0010398512232393485 0.0034784066619379301 0.013892754438130176 0.010032479118252028 0.018619767895134014 0.013596914105040013 -0.00083212429145046788 0.00058531125634722018 -0.0027459651848519969 0.0095431801889348696 0.0032174192663764673 0.012164165709836867 0.0010044308835308045 -0.00053259744699842221
leaf_weight=6832 10409 104696 4398 6727 33652 11600 503 3183 19683 45112 394 1153 122 60 1509 86 2682 956 65 112 96 56 16364 16622 1794 200 52 53 1011 86
leaf_count=6832 10409 104696 4398 6727 33652 11600 503 3183 19683 45112 394 1153 122 60 1509 86 2682 956 65 112 96 56 16364 16622 1794 200 52 53 1011 86
internal_value=-0.00012554 -9.34262e-05 -0.000179414 0.000300463 0.000444723 -0.000153561 5.09779e-06 -1.22319e-05 6.72481e-05 0.000343071 0.000454839 0.00147373 0.00675595 0.017482 0.000937452 0.0015362 0.00221506 0.00450413 0.00120677 0.0117323 0.0248077 0.016131 -0.000207197 2.26565e-05 0.000472297 0.000739568 0.00420114 0.0216667 0.0027872 0.00951049
internal_weight=290268 283436 232648 50788 44061 228250 123554 123051 111451 55586 52403 7291 672 278 6619 5110 3957 1210 2747 254 156 168 55865 39501 19818 18024 1402 105 1297 286
internal_count=290268 283436 232648 50788 44061 228250 123554 123051 111451 55586 52403 7291 672 278 6619 5110 3957 1210 2747 254 156 168 55865 39501 19818 18024 1402 105 1297 286
is_linear=0
shrinkage=0.05


Tree=108
num_leaves=31
num_cat=0
split_feature=0 13 16 19 17 13 21 14 20 22 23 23 14 22 9 22 23 14 13 20 18 22 14 20 18 3 9 16 23 23
split_gain=5.38538 3.87299 3.03066 2.97345 2.79802 2.70974 2.82898 3.15352 3.25462 2.62022 2.42971 2.97401 2.48851 2.39991 2.53167 7.05868 11.7749 5.09489 4.93924 4.58321 4.76705 4.47242 4.1598 4.71357 4.12124 3.89032 3.32336 2.99278 2.79237 4.65319
threshold=2.5550000000000002 15.15 6.1500000000000012 71.845000000000013 2.5000000000000004 1.0000000180025095e-35 172.50000000000003 32.750000000000007 558.20000000000016 -0.97509794945709805 -0.99465740988130902 -0.97874870457683594 29.850000000000005 0.99761913169647187 417.44560241699224 0.9053161325100999 0.3484035575467645 31.150000000000002 12.350000000000003 307.2000000000001 4.4850000000000012 0.95998215779580554 30.050000000000004 217.40000000000003 7.7550000000000008 5.5250000000000012 504.91798400878912 9.0500000000000025 0.33222858587828868 0.29958852271690523
decision_type=2 2 2 2 2 2 10 2 10 2 2 2 2 2 2 2 2 2 2 8 2 2 2 10 2 2 2 2 2 2
left_child=-1 5 4 10 -3 -2 13 -8 -9 -10 -4 12 -12 14 28 -16 19 18 25 20 -17 22 23 -22 -25 -18 -27 -28 29 -7
right_child=1 2 3 -5 -6 6 7 8 9 -11 11 -13 -14 -15 15 16 17 -19 -20 -21 21 -23 -24 24 -26 26 27 -29 -30 -31
leaf_value=-0.0039050279196287674 0.00076175283859278384 0.0070307821322571004 -0.0027214132703571692 0.021630959842574432 -0.0021806040137270668 6.8143110041134314e-05 -0.0014855761058930588 0.014064568374461382 0.012290359873634542 -0.0011153955249136442 0.0040927710109539299 -0.00035214472276155702 -0.00092801913461938777 -0.0014917306772608788 0.00016270185915951381 0.0071338912325474629 0.0038152350373415892 -0.0025417022554749427 0.00058090819024562393 -0.0015696321436280752 0.0046067163359259453 0.00087231737240065638 -0.0011290978895899938 0.0059238726292588223 0.016800482255646693 0.0063920909290476093 0.008266755235713498 0.01093994404319487 -0.00040619869276348262 0.0029953739139657598
leaf_weight=3422 14333 53 1741 65 7655 105761 5396 84 163 616 522 60284 228 4243 22821 153 95 73 93 1031 135 1110 113 67 80 53 120 113 57800 1845
leaf_count=3422 14333 53 1741 65 7655 105761 5396 84 163 616 522 60284 228 4243 22821 153 95 73 93 1031 135 1110 113 67 80 53 120 113 57800 1845
internal_value=-0.000120545 -9.70219e-05 -0.000418723 -0.000303948 -0.00135444 7.90457e-06 -3.92407e-05 -0.00108564 0.00172074 0.000712451 -0.000315015 -0.000262478 0.00286667 -5.77516e-06 2.02899e-05 0.000478373 0.00266378 0.009351 0.0112447 0.00130346 0.00293124 0.00207641 0.00664557 0.00989362 0.0160884 0.0137664 0.0166783 0.0192489 -5.18736e-05 9.86922e-05
internal_weight=290268 286846 70548 62840 7708 216298 201965 6259 863 779 62775 61034 750 195706 191463 26057 3236 547 474 2689 1658 1505 395 282 147 381 286 233 165406 107606
internal_count=290268 286846 70548 62840 7708 216298 201965 6259 863 779 62775 61034 750 195706 191463 26057 3236 547 474 2689 1658 1505 395 282 147 381 286 233 165406 107606
is_linear=0
shrinkage=0.05


Tree=109
num_leaves=31
num_cat=0
split_feature=0 24 23 0 3 23 23 24 23 24 1 14 23 24 20 23 23 24 24 15 23 23 21 23 5 23 23 2 18 23
split_gain=5.25106 4.01604 6.42074 5.11372 3.55955 3.51461 3.33244 4.35378 3.64909 4.92745 5.17059 4.09139 3.19641 4.68114 7.14234 3.35499 3.37497 3.0699 8.26446 5.9974 6.48233 16.8083 6.98395 5.09162 4.46605 4.15892 8.68678 4.13989 3.71187 3.41936
threshold=2.5550000000000002 -0.77999999999999992 -0.35846086284744721 4.0550000000000006 11.118333333333334 0.77652048701313048 -0.99628250747696534 1.3800000000000001 -0.98212955754013376 0.05000000000000001 5.3050000000000006 29.550000000000004 0.99855310097228334 -0.49499999999999994 403.65000000000003 0.9989598388634241 0.99932962452255414 -0.55499999999999983 -0.49499999999999994 69.500000000000014 -0.82413948779581736 -0.83375966452616657 36.900000000000006 0.96177147954086928 17.289285714285715 0.98770287048522643 0.98486764554468398 -2.3750000000000013 25.580000000000002 0.9980355542543059
decision_type=2 8 2 2 2 2 2 10 2 10 2 2 2 10 10 2 2 10 10 2 2 2 10 2 2 2 2 2 2 2
left_child=-1 2 4 -4 -2 -5 7 -3 9 10 11 -8 17 -14 -15 -16 -17 19 23 20 21 -10 27 -19 -21 26 -25 -23 -20 -22
right_child=1 6 3 5 -6 -7 8 -9 12 -11 -12 -13 13 14 15 16 -18 18 28 24 29 22 -24 25 -26 -27 -28 -29 -30 -31
leaf_value=-0.003709776523647334 0.0022531044710682657 -0.0024544913245009166 -0.0057745616550992553 -0.00044574064373490997 0.016900228912836598 -0.003989263106199902 0.002508916264281152 0.00087804381063991133 0.00099400776845102318 0.00029570583114465793 0.0021145104822117961 0.006033977552514125 -0.0045921743881058132 -0.001761918460994139 -0.012050066275180573 0.0053083313004574952 0.00296036039640754 -0.0054740981953086054 -9.0665849275869235e-05 0.0013425389841310374 -0.00028506830261353457 0.025389933292710828 0.0021968142879514804 -0.00014912213681732655 0.0050454690547888743 -0.0017917821868070291 0.0070207024890246552 0.014862865278801608 0.0024296449771448389 0.0054224905301134569
leaf_weight=3422 509 5888 2481 11919 78 1486 146 1925 770 7036 2039 181 1745 2705 60 93 263 2901 207290 6896 21925 54 56 1186 703 1162 198 87 4696 368
leaf_count=3422 509 5888 2481 11919 78 1486 146 1925 770 7036 2039 181 1745 2705 60 93 263 2901 207290 6896 21925 54 56 1186 703 1162 198 87 4696 368
internal_value=-0.000116066 -9.28385e-05 -0.000850787 -0.00104054 0.0042845 -0.000654608 -4.6659e-05 -0.00106425 -1.63784e-05 0.00095086 0.00292477 0.00876147 -5.23005e-05 -0.00132142 -0.000161808 0.0059375 0.0077809 -2.74286e-05 -9.36622e-05 0.000439255 4.08415e-05 0.0040486 0.0170812 -0.00201671 0.00165877 -0.000384919 0.00146676 0.0230142 -4.42494e-05 -0.000133003
internal_weight=290268 286846 16473 15886 587 13405 270373 7813 262560 9402 2366 327 253158 4866 3121 416 356 248292 217433 30859 23260 967 197 5447 7599 2546 1384 141 211986 22293
internal_count=290268 286846 16473 15886 587 13405 270373 7813 262560 9402 2366 327 253158 4866 3121 416 356 248292 217433 30859 23260 967 197 5447 7599 2546 1384 141 211986 22293
is_linear=0
shrinkage=0.05


Tree=110
num_leaves=31
num_cat=0
split_feature=0 9 15 13 3 9 23 23 13 20 23 5 19 15 14 0 14 16 23 23 23 20 23 20 2 17 14 14 16 17
split_gain=4.58132 3.81887 4.75579 4.86233 2.9426 2.74661 5.0312 12.5107 4.60305 4.5463 3.07087 2.72145 3.5292 3.49043 5.35664 3.02412 2.82068 2.89594 2.58633 3.06674 7.73774 4.42249 4.0936 3.6796 2.68136 2.63034 3.71342 2.55934 3.31712 3.79474
threshold=2.5550000000000002 44.421846389770515 68.500000000000014 15.15 5.6033333333333344 998.87963867187511 0.91159213926341531 0.91511078773075516 4.5500000000000007 426.60000000000008 0.99024581825578073 9.1971428571428593 7.745000000000001 83.500000000000014 26.250000000000004 9.0850000000000026 20.150000000000002 3.8500000000000001 -0.94137724084408114 0.60383265664488517 0.57605713708605399 307.2000000000001 0.011826144619637555 125.30000000000003 -0.67999999999999872 210.50000000000003 29.150000000000002 26.950000000000003 6.2500000000000009 271.50000000000006
decision_type=2 2 2 2 2 2 2 2 2 10 2 2 2 2 2 2 2 2 2 2 2 8 2 10 2 2 2 2 2 2
left_child=-1 -2 3 5 -5 10 18 8 -8 -9 -3 13 15 14 16 -13 -4 -18 -7 20 21 22 25 24 -21 26 -20 28 -15 -30
right_child=1 2 11 4 -6 6 7 9 -10 -11 -12 12 -14 27 -16 -17 17 -19 19 23 -22 -23 -24 -25 -26 -27 -28 -29 29 -31
leaf_value=-0.0035242876974649669 0.00035996069155205059 -0.00027082990526585001 0.0052590168383749233 -0.002586198913903185 -0.00094724004892530371 -0.0081850354767953101 0.0045605218915490799 0.00051069909800054419 0.012493543976576853 0.0066734133564703693 -0.001798720616051957 0.00036693682846454962 4.6313245497814801e-05 -0.00025773356343115867 -3.963634164108679e-05 0.0020584232567748681 0.0045003111012676461 -0.0022210191381186184 -0.0068551958968005398 -0.0034513819498885757 0.009674754754594915 -0.0017993289216452803 0.0067683394974990463 -0.0037390822839570453 0.0063079922309550625 -0.0041379643688090129 0.0095099441964075614 -0.00037066595387757171 0.0014686763432819735 0.0038383435490481478
leaf_weight=3422 50861 99764 53 5657 18506 268 85 1033 63 113 5349 6243 20582 1773 53001 6410 178 8111 55 78 62 754 312 958 168 165 68 2786 2396 994
leaf_count=3422 50861 99764 53 5657 18506 268 85 1033 63 113 5349 6243 20582 1773 53001 6410 178 8111 55 78 62 754 312 958 168 165 68 2786 2396 994
internal_value=-0.000112966 -9.12697e-05 -0.000175966 -0.000372703 -0.00101457 -0.000230799 0.00102582 0.00361669 0.0172973 0.00184991 -0.000280794 8.0124e-05 0.000452082 -9.82809e-05 -0.000226025 0.00110922 -0.00140374 -0.00147726 -0.000135043 0.00034351 0.0019209 0.00112998 0.00433333 -0.00151163 0.00394309 3.4721e-05 0.0055691 0.000887532 0.00154658 0.00246313
internal_weight=290268 286846 235985 133458 24163 109295 4182 1294 148 1146 105113 102527 33235 69292 61343 12653 8342 8289 2888 2620 1416 1354 600 1204 246 288 123 7949 5163 3390
internal_count=290268 286846 235985 133458 24163 109295 4182 1294 148 1146 105113 102527 33235 69292 61343 12653 8342 8289 2888 2620 1416 1354 600 1204 246 288 123 7949 5163 3390
is_linear=0
shrinkage=0.05


Tree=111
num_leaves=31
num_cat=0
split_feature=4 9 0 17 16 22 23 17 20 23 17 22 22 20 23 9 23 21 22 5 22 22 17 21 20 22 22 9 19 23
split_gain=4.3983 3.55273 3.161 2.50941 3.09313 2.60196 2.50195 2.48347 2.73874 3.06917 2.67882 2.82315 6.77756 2.93536 2.58577 6.34039 3.09913 9.27572 5.55203 3.62161 3.21469 3.76643 4.43911 5.46441 3.57311 2.57785 5.24508 3.13487 4.01343 3.65531
threshold=4.6550000000000011 44.421846389770515 2.3350000000000004 110.50000000000001 14.350000000000003 -0.83377653105606597 0.44312301391210612 157.50000000000003 204.30000000000004 0.51849435583340198 324.50000000000006 0.9550229469509578 0.95998215779580554 249.90000000000003 0.2499757677084001 370.54331970214849 0.50370931781787065 112.50000000000001 0.9053161325100999 10.565000000000001 0.93845596220871974 0.92602006027323147 32.500000000000007 30.600000000000005 297.80000000000001 0.99552231814189451 0.97696484778429815 135.82037353515628 8.4850000000000012 -0.18493013702746822
decision_type=2 2 2 2 2 2 2 2 8 2 2 2 2 10 2 2 2 8 2 2 2 2 2 8 10 2 2 2 2 2
left_child=-1 3 -3 -2 5 6 -5 8 -4 14 25 -12 13 -13 -10 -16 18 -18 -17 20 21 24 -23 -24 -20 26 -9 -28 -29 -30
right_child=1 2 7 4 -6 -7 -8 10 9 -11 11 12 -14 -15 15 16 17 -19 19 -21 -22 22 23 -25 -26 -27 27 28 29 -31
leaf_value=-0.0033571778421445154 -0.00047001107685018946 -0.0044248244230881877 0.0004395356064939504 0.0022440157248101683 -0.00058626251454271957 0.0004588391424987906 -0.0013522352655976186 4.7684379045447081e-05 -0.00047718688413839162 -0.0013355641626591704 -0.00088964652821388757 0.0090631800735445685 0.0004144889363795354 0.002171637233962651 -0.0001937663170251744 -0.0013811439864752145 0.00041141694231268123 0.01728411947407809 -0.001725623558614487 0.0095271451999927401 8.4161308015805904e-05 0.0011040298284953393 0.0034554686699366567 0.010499077777078959 0.0057912170420367131 -0.0014402663322332756 -0.000332193518933901 0.001626080918163509 0.011962654386790327 0.0047799999785131135
leaf_weight=2368 11374 1949 11403 9927 7360 21314 897 110438 56026 20634 17793 97 2879 88 6349 613 104 61 160 78 300 80 58 91 77 3280 1318 2002 117 1033
leaf_count=2368 11374 1949 11403 9927 7360 21314 897 110438 56026 20634 17793 97 2879 88 6349 613 104 61 160 78 300 80 58 91 77 3280 1318 2002 117 1033
internal_value=-0.000109004 -9.13524e-05 -0.000172723 0.00028778 0.000476225 0.000687969 0.00131929 -0.000156098 -0.000351647 -0.000449659 -2.10375e-05 -0.000543464 0.000858354 0.0101351 -0.000278686 0.000563918 0.00335388 0.00984848 0.00261839 0.00524881 0.00420365 0.00680257 0.0113755 0.0164765 0.00238397 7.11566e-05 0.000110609 0.00178971 0.00264594 0.005
internal_weight=290268 287900 237028 50872 39498 32138 10824 235079 96034 84631 139045 20857 3064 185 63997 7971 1622 165 1457 844 766 466 229 149 237 118188 114908 4470 3152 1150
internal_count=290268 287900 237028 50872 39498 32138 10824 235079 96034 84631 139045 20857 3064 185 63997 7971 1622 165 1457 844 766 466 229 149 237 118188 114908 4470 3152 1150
is_linear=0
shrinkage=0.05


Tree=112
num_leaves=31
num_cat=0
split_feature=24 23 2 14 23 22 3 3 20 23 24 22 22 23 24 22 14 16 2 16 20 17 15 17 15 16 22 24 20 22
split_gain=4.4957 6.39976 6.1775 3.61394 3.73903 6.37846 3.70113 6.41682 3.64884 3.37651 3.91519 3.73535 5.36941 3.23836 4.67259 6.44465 5.00035 3.80959 3.20369 3.16795 2.97449 3.24487 3.03904 2.91647 3.46484 2.97658 3.83381 11.1264 6.26654 5.12294
threshold=-0.65999999999999981 -0.35846086284744721 0.53000000000000014 27.250000000000004 -0.056951011027366626 -0.99467753128998015 8.9916666666666689 5.6033333333333344 708.00000000000011 -0.99628250747696534 1.3800000000000001 0.056951373111866731 0.039769539193789977 -0.98212955754013376 0.05000000000000001 0.12545942051955489 26.950000000000003 8.4500000000000011 0.70000000000000051 12.050000000000002 346.80000000000001 217.50000000000003 63.500000000000007 203.50000000000003 38.500000000000007 7.0500000000000007 -0.022576249993022688 -0.49499999999999994 175.10000000000002 -0.05695216311707673
decision_type=8 2 2 2 2 2 2 2 10 2 10 2 2 2 10 2 2 2 2 2 10 2 2 2 2 2 2 10 8 2
left_child=1 19 3 -3 5 6 7 -5 -6 10 -2 12 18 14 15 -11 -17 -18 -12 -1 21 22 -19 24 -15 -25 29 -28 -29 -27
right_child=9 2 -4 4 8 -7 -8 -9 -10 13 11 -13 -14 23 -16 16 17 20 -20 -21 -22 -23 -24 25 -26 26 27 28 -30 -31
leaf_value=0.0027540985695813543 -0.0023354714427570077 -0.0048594873184215452 0.00012220267508432229 0.00041947924169490389 -0.0019627352602175365 -0.00037414825434982607 -4.9309608419203668e-05 0.0095035567913899915 0.0051219902820761679 0.00089288386590045141 0.0020313781401208159 -0.0067864722271958298 0.0052499676910802446 0.006476649994465739 0.00024740977909650603 0.007005855944990271 0.00023910080252928913 0.006555463569244465 -0.0016266274005772366 0.010003923768089635 0.0035507554749542344 0.013650317375790351 0.0042520571735096954 -0.00054202201006877456 -0.00028103055389205368 0.00072691644150256593 -0.0029614020046053978 0.0029279800029442318 0.00011033099717435544 0.0048237661255442609
leaf_weight=535 5940 2453 8536 58 9672 1434 72 83 66 1584 769 396 198 533 7128 76 244 58 617 59 201 76 137 16682 138723 36913 4485 1722 50152 666
leaf_count=535 5940 2453 8536 58 9672 1434 72 83 66 1584 769 396 198 533 7128 76 244 58 617 59 201 76 137 16682 138723 36913 4485 1722 50152 666
internal_value=-0.000107626 -0.000778911 -0.000914902 -0.00156742 -0.00119236 0.00101093 0.00908451 0.0137943 -0.001565 -4.99451e-05 -0.00106692 0.000858585 0.00194444 -1.88924e-05 0.000886994 0.00280724 0.0064899 0.00519553 0.000844155 0.00434343 0.0078178 0.0112362 0.00782051 -5.33477e-05 -0.000205594 0.00013831 0.000247609 -1.322e-05 0.000193352 0.000638786
internal_weight=290268 22968 22374 13838 11385 1647 213 141 9738 267300 7920 1980 1584 259380 9504 2376 792 716 1386 594 472 271 195 249876 139256 110620 93938 56359 51874 37579
internal_count=290268 22968 22374 13838 11385 1647 213 141 9738 267300 7920 1980 1584 259380 9504 2376 792 716 1386 594 472 271 195 249876 139256 110620 93938 56359 51874 37579
is_linear=0
shrinkage=0.05


Tree=113
num_leaves=31
num_cat=0
split_feature=18 24 8 23 13 15 23 22 22 5 13 16 2 22 15 16 23 2 22 22 15 20 17 1 24 22 22 22 5 23
split_gain=3.95373 5.39609 3.03934 2.94982 3.01236 2.83814 3.67017 4.86849 2.98472 3.4558 2.82156 4.64286 2.65846 2.58033 2.71618 2.43911 2.70324 3.35873 2.90575 2.77768 2.3244 2.22943 2.21662 3.25287 3.23713 5.64376 7.00575 9.08726 5.03777 3.8229
threshold=3.4950000000000006 -0.43999999999999995 2.5000000000000004 0.99958851518450398 23.950000000000003 70.500000000000014 0.90070004940655357 0.42179998225932674 0.94425825643485939 18.902142857142859 1.4500000000000002 7.5500000000000007 -1.2849999999999999 0.99818282439137029 61.500000000000007 7.9500000000000011 0.029024409397335523 -2.1799999999999988 0.99995780822346225 0.99939377080793557 73.500000000000014 648.90000000000009 205.50000000000003 1.9350000000000003 -0.43999999999999995 0.22700754078277605 0.19337368024598436 0.21022171450811275 9.9492857142857165 0.99530134160901229
decision_type=2 8 2 2 2 2 2 2 2 2 2 2 2 2 2 2 2 2 2 2 2 10 2 2 8 2 2 2 2 2
left_child=1 -1 3 4 13 8 -7 -8 9 -6 11 -3 -9 22 -15 -16 17 18 19 -17 -12 -5 -2 -24 25 26 28 -28 -25 -26
right_child=2 10 -4 21 5 6 7 12 -10 -11 20 -13 -14 14 15 16 -18 -19 -20 -21 -22 -23 23 24 29 -27 27 -29 -30 -31
leaf_value=-0.0036305411832545718 -0.00017308770995981323 0.0080927671951096427 0.0012468051743561063 -0.0031917403047201903 -0.0026675544525255131 -0.00058228003947203384 0.0013330145301033267 0.01197210539708027 0.001479888269869689 0.0050780921088089881 -0.0014786783230924718 0.0010327121306063936 0.0034610047953009026 -0.0054767481282390626 -0.0029169506893841628 0.0056654876796044407 -0.0019041699485693763 0.00026657336230936755 0.014415174811499268 0.00233797291847612 0.00095323156374567766 0.0047616373944536139 0.0047200027809521225 -0.00059826571660348603 0.00032891956144461519 -0.003168490724600142 0.007585225764311674 -0.001256577370697963 0.0014627440043133736 0.0029688342759479937
leaf_weight=4485 131577 112 11966 2265 8859 12399 2058 54 1410 409 5473 371 50 1019 1064 73 784 1343 64 235 2832 79 205 18206 72090 3495 273 303 5176 1539
leaf_count=4485 131577 112 11966 2265 8859 12399 2058 54 1410 409 5473 371 50 1019 1064 73 784 1343 64 235 2832 79 205 18206 72090 3495 273 303 5176 1539
internal_value=-0.000103664 -0.00094666 -6.32695e-05 -9.84621e-05 -8.27048e-05 -0.000602046 -0.000147999 0.00175301 -0.0012212 -0.00154726 -0.000226446 0.00348861 0.0123077 -2.75022e-05 -0.00120253 -0.000551503 0.00030212 0.00141399 0.00561828 0.00360389 -0.000442506 -0.00186434 -4.38143e-06 0.000171442 0.000158682 -0.000304704 -3.08886e-05 0.00541667 -0.000165085 0.000331458
internal_weight=290268 13273 276995 265029 262685 25239 14561 2162 10678 9268 8788 483 104 237446 4582 3563 2499 1715 372 308 8305 2344 232864 101287 101082 27453 23958 576 23382 73629
internal_count=290268 13273 276995 265029 262685 25239 14561 2162 10678 9268 8788 483 104 237446 4582 3563 2499 1715 372 308 8305 2344 232864 101287 101082 27453 23958 576 23382 73629
is_linear=0
shrinkage=0.05


Tree=114
num_leaves=31
num_cat=0
split_feature=24 23 0 13 24 15 1 21 23 1 22 17 23 22 9 22 22 18 24 22 9 14 23 20 20 24 22 23 1 22
split_gain=3.85802 5.65575 5.22128 3.74986 3.98632 3.65603 3.35142 3.10705 4.03547 3.05408 3.65453 2.85309 2.85067 4.6077 3.34043 2.73891 4.87919 11.4171 2.59782 7.12384 8.35706 6.30801 8.27587 5.31143 4.8723 4.46897 5.09096 4.40594 11.8185 6.00321
threshold=-0.65999999999999981 -0.35846086284744721 4.1750000000000007 14.850000000000003 -0.60499999999999987 66.500000000000014 2.5750000000000006 92.500000000000014 -0.099822328936730861 8.8050000000000015 -0.92923668111203805 275.50000000000006 0.59003219687534991 -0.82415615971448097 121.83880996704103 -0.62588817255938378 -0.58482361983252518 8.0350000000000019 0.05000000000000001 0.99995780822346225 528.79354858398449 31.750000000000004 -0.88620506325989179 314.30000000000001 245.30000000000004 -0.064999999999999988 0.84313847884979054 -0.77243990499604276 3.5850000000000004 -0.28519255817492867
decision_type=8 2 2 2 10 2 2 10 2 2 2 2 2 2 2 2 2 2 10 2 2 2 2 10 10 8 2 2 2 2
left_child=1 9 -3 18 12 7 -4 -6 -9 10 -1 -11 13 -5 -15 -14 17 -17 19 24 -21 -20 -23 -24 25 26 -2 28 -26 -30
right_child=3 2 6 4 5 -7 -8 8 -10 11 -12 -13 15 14 -16 16 -18 -19 21 20 -22 22 23 -25 27 -27 -28 -29 29 -31
leaf_value=0.0044858142054560101 0.00048117684797449871 -0.0038036942203790213 0.0047559671022639567 0.00014195696176911738 -0.0014901814823615901 -0.00023577370189875434 -0.00056351217281127599 0.0088647497008072576 -0.0037855383418152646 0.0056997374337304672 -0.0028982775401787363 0.018288449105839079 -0.00054920032616686653 0.0081878800190515917 0.0093274852678955165 0.013277282761905682 0.00019972966391426127 0.0014685718781469283 -0.00043769792744854794 0.013900299656336474 -0.001690818540041567 -0.0015747989124960218 -0.00010986580382271933 0.0021152817074358856 0.0057156869794917778 0.0023509253131833562 0.013685429468393635 -0.00014482640300983779 0.0024161154286363889 -0.00036781205448912065
leaf_weight=144 13897 4496 169 160 18170 46347 17709 117 107 101 299 50 824 67 78 52 262 81 69237 70 51 5170 8068 13614 164 5371 64 71440 6701 7188
leaf_count=144 13897 4496 169 160 18170 46347 17709 117 107 101 299 50 824 67 78 52 262 81 69237 70 51 5170 8068 13614 164 5371 64 71440 6701 7188
internal_value=-0.00010263 -0.000724487 -0.00085233 -4.91969e-05 -0.000375388 -0.000434888 -0.000469293 -0.00103132 0.00482143 0.00409091 0.00199774 0.0102318 0.00215223 0.00647541 0.012931 0.00107055 0.00449367 0.0122932 5.8322e-05 0.000230308 0.0123554 -0.000129517 0.000521003 0.000949634 0.000216312 0.000933167 0.000461642 5.42138e-05 0.000863515 0.000705953
internal_weight=290268 22968 22374 267300 66265 64741 17878 18394 224 594 443 151 1524 305 145 1219 395 133 201035 104946 121 96089 26852 21682 104825 19332 13961 85493 14053 13889
internal_count=290268 22968 22374 267300 66265 64741 17878 18394 224 594 443 151 1524 305 145 1219 395 133 201035 104946 121 96089 26852 21682 104825 19332 13961 85493 14053 13889
is_linear=0
shrinkage=0.05


Tree=115
num_leaves=31
num_cat=0
split_feature=4 13 16 2 19 24 0 22 24 22 22 22 22 1 14 2 22 1 16 13 2 22 14 4 22 22 16 22 14 22
split_gain=3.85419 3.17181 3.07055 2.48174 2.63604 2.46307 3.31114 3.41271 2.42025 6.26427 17.2802 3.89004 13.9303 7.68889 9.51204 3.69879 6.99452 3.5795 4.03206 3.87782 2.97398 6.5467 9.00473 2.94211 2.95871 4.69302 3.62379 2.92985 2.74399 2.82767
threshold=4.6550000000000011 0.55000000000000016 10.050000000000002 -0.56999999999999995 14.885000000000003 -0.22499999999999995 4.8050000000000006 0.24372619187392155 1.9550000000000003 -0.12546116083924153 -0.27694604220087021 -0.63921128368950708 -0.66528616069191593 6.1150000000000011 30.750000000000004 -1.1050000000000002 -0.26037633224328088 10.985000000000001 12.750000000000002 20.150000000000002 -1.959999999999998 -0.40614700388750385 28.350000000000005 6.7150000000000007 -0.17647087149565668 -0.24372957273992746 10.450000000000001 -0.159513159777915 30.550000000000004 -0.17647087149565668
decision_type=2 2 2 2 2 8 2 2 10 2 2 2 2 2 2 2 2 2 2 2 2 2 2 2 2 2 2 2 2 2
left_child=-1 2 5 4 -4 6 7 -2 -3 10 11 12 -10 14 -14 28 -17 18 19 23 21 -13 -23 -18 25 -25 27 -26 -12 -30
right_child=1 8 3 -5 -6 -7 -8 -9 9 -11 15 20 13 -15 -16 16 17 -19 -20 -21 -22 22 -24 24 26 -27 -28 -29 29 -31
leaf_value=-0.0031303693458182864 0.0023416064465082826 -0.00013039158843614992 -0.0014369261764698915 0.00046997825237732278 0.0016233530125494364 0.001547010391048918 -0.0010048853166535665 0.0084651540633044458 -0.0015424398696647786 -0.0059858943963470084 -0.0037590012207876244 -0.00329633224072678 0.0026446350468113913 0.0023285033425691506 0.01262938375280933 0.0074314252049059414 0.0090224577982266751 -0.00075237071512384928 0.014714483004332372 -0.0043790962185528805 -0.0032874527678737921 0.0078219426079645504 -0.00032346033436111656 0.0052684725433486245 0.01100874234302824 -0.0005127718835894196 0.014220820057930867 -0.0017524754432171382 0.00078319631993880234 0.007835072825910885
leaf_weight=2368 113 240723 6076 14314 1392 10938 2702 52 3406 1551 275 592 104 197 90 91 85 221 50 127 3817 73 113 85 56 280 83 57 156 81
leaf_count=2368 113 240723 6076 14314 1392 10938 2702 52 3406 1551 275 592 104 197 90 91 85 221 50 127 3817 73 113 85 56 280 83 57 156 81
internal_value=-9.83241e-05 -8.18004e-05 0.000360102 -9.64218e-06 -0.000748528 0.000943498 -0.000361006 0.00651515 -0.000144128 -0.000849872 -0.000392969 -0.00131196 -0.000127734 0.00881074 0.0158763 0.00428962 0.00588106 0.00472222 0.00623937 0.00534929 -0.00229053 0.000526991 0.00870968 0.0069195 0.00560606 0.0029452 0.0105612 0.00473451 0.000761718 0.00470464
internal_weight=290268 287900 35587 21782 7468 13805 2867 165 252313 11590 10039 8392 3797 391 194 1647 1135 1044 823 773 4595 778 186 646 561 365 196 113 512 237
internal_count=290268 287900 35587 21782 7468 13805 2867 165 252313 11590 10039 8392 3797 391 194 1647 1135 1044 823 773 4595 778 186 646 561 365 196 113 512 237
is_linear=0
shrinkage=0.05


Tree=116
num_leaves=31
num_cat=0
split_feature=18 24 0 23 24 9 15 22 23 13 24 24 22 22 22 22 22 13 13 22 17 22 9 22 22 20 8 21 23 17
split_gain=3.60867 4.82021 3.37113 2.95692 3.83033 4.3342 3.61803 3.29746 3.16832 3.62894 4.34403 6.71655 7.4766 5.92185 5.67072 4.29895 4.33364 4.16916 4.046 3.336 3.98162 3.31553 3.0667 4.74104 7.39396 5.68398 3.00702 2.90194 2.88497 2.85411
threshold=3.4950000000000006 -0.43999999999999995 6.2150000000000007 -0.99628250747696534 1.7100000000000002 269.99696350097662 68.500000000000014 1.0000000180025095e-35 -0.98212955754013376 1.7500000000000002 1.3800000000000001 0.05000000000000001 0.12545942051955489 0.17646842360078763 0.10837544681456425 -0.13398594226331254 -0.099819732675876835 10.65 9.6500000000000004 -0.16799356919963607 141.50000000000003 0.091259403071267925 364.77772521972662 -0.15101209918632377 -0.13398594226331254 223.65000000000003 5.5000000000000009 57.500000000000007 0.99958851518450398 157.50000000000003
decision_type=2 8 2 2 10 2 2 2 2 2 10 10 2 2 2 2 2 2 2 2 2 2 2 2 2 10 2 8 2 2
left_child=1 -1 -3 4 5 -2 -6 -7 9 -5 11 12 22 14 15 -12 -17 -14 -15 20 -13 -18 23 -11 -25 -26 28 -21 29 -10
right_child=3 2 -4 8 6 7 -8 -9 26 10 13 19 17 18 -16 16 21 -19 -20 27 -22 -23 -24 24 25 -27 -28 -29 -30 -31
leaf_value=-0.0033325417293550426 -0.0028546358169435661 -0.00054201199439555538 0.0040527011937276673 -0.00021723746070754845 -5.3400692296082938e-05 -0.0010117109963546477 0.0051844424855344191 0.0033864998507515095 -0.00033843297444543586 -0.0041237108942867454 -0.00030329776369361996 0.0049606628774396984 0.0037329459285452534 0.0084067326490243916 -0.0045301292438172649 0.012336576666897343 -0.00031218839854273866 0.011142253630514307 0.0027425654648196517 -0.0021556875194898273 0.00040004102234635015 0.0076716221061032186 -0.0060814114160949971 0.0090849978322899757 0.0080780300265251466 0.0001601335584572612 0.0019978368701328623 0.0008353154736564591 -0.0025129800307303481 8.4387903498083861e-05
leaf_weight=4485 5003 8240 548 3964 814 926 311 586 105881 210 150 68 294 64 240 80 103 123 60 1766 204 120 228 78 71 348 6537 1008 2352 145406
leaf_count=4485 5003 8240 548 3964 814 926 311 586 105881 210 150 68 294 64 240 80 103 123 60 1766 204 120 228 78 71 348 6537 1008 2352 145406
internal_value=-9.60848e-05 -0.000901455 -0.000220757 -5.74932e-05 -0.00102749 -0.00149271 0.00166667 0.000853173 -2.99802e-05 0.000882993 0.00174976 0.00112778 0.00406065 0.00509792 0.00329726 0.0065894 0.0100165 0.0096283 0.0151613 -0.000174 0.00511029 0.00643498 0.00157754 0.00320368 0.00586519 0.00323389 -6.21899e-05 -0.000692143 -8.94788e-05 -7.31645e-05
internal_weight=290268 13273 8788 276995 7640 6515 1125 1512 269355 9179 5215 4398 1352 817 693 453 303 417 124 3046 272 223 935 707 497 419 260176 2774 253639 251287
internal_count=290268 13273 8788 276995 7640 6515 1125 1512 269355 9179 5215 4398 1352 817 693 453 303 417 124 3046 272 223 935 707 497 419 260176 2774 253639 251287
is_linear=0
shrinkage=0.05


Tree=117
num_leaves=31
num_cat=0
split_feature=18 24 0 24 22 22 22 22 1 14 24 20 22 22 22 9 5 19 22 0 13 16 9 20 1 22 0 22 17 18
split_gain=3.57981 4.40074 2.6594 2.55493 5.47496 14.9934 4.51126 12.978 7.82653 8.56365 3.86147 3.86111 5.8921 3.94477 8.34787 5.59846 4.86746 5.25564 8.36791 7.10599 4.24039 4.01692 3.99416 3.73282 4.85737 3.52731 11.5713 3.71137 9.11857 5.98291
threshold=3.4950000000000006 -0.43999999999999995 6.1350000000000007 1.9550000000000003 -0.12546116083924153 -0.27694604220087021 -0.63921128368950708 -0.66528616069191593 6.1150000000000011 30.750000000000004 1.7100000000000002 444.30000000000001 -0.90893996196865023 -0.814291907305839 -0.85227431625818906 48.29777908325196 20.605000000000008 8.6850000000000005 -0.88622299073327826 12.645000000000001 0.25000000000000006 8.3500000000000032 92.283111572265639 143.40000000000003 6.6750000000000007 -0.26037633224328088 7.0150000000000006 -0.17647087149565668 143.50000000000003 13.475000000000003
decision_type=2 8 2 10 2 2 2 2 2 2 8 8 2 2 2 2 2 2 2 2 2 2 2 10 2 2 2 2 2 2
left_child=1 -1 -3 10 5 6 7 -5 9 -9 -2 12 -12 14 16 -16 17 -14 19 -19 22 -17 -15 24 -8 26 -7 -27 -29 -30
right_child=3 2 -4 4 -6 25 23 8 -10 -11 11 -13 13 20 15 21 -18 18 -20 -21 -22 -23 -24 -25 -26 27 -28 28 29 -31
leaf_value=-0.0031659146428872904 -0.00010041808250414878 -0.00051868372421719753 0.0038490150899587725 -0.0012926592999491307 -0.005566502572268853 -0.003848384612224818 -0.0027261511269593688 0.0027596062349443799 0.0021474132681475011 0.012274133015121395 -0.00090576682563951998 -5.2250576537466358e-05 0.00023763433373023173 0.0046272327084951942 0.0087453717851625687 0.012853094258432089 -0.0022514039518138499 0.011749781319426729 0.0029791239314513299 0.0022892036231715201 0.0011148759249681786 0.023736208154253577 0.0095172404568451465 -0.0030430446904672948 0.0052555272409207559 0.0012587481822755482 0.0071754198612668327 -0.00087294327152692751 0.010769525524941556 -0.0004350014133567449
leaf_weight=4485 239829 8217 571 3343 1502 85 102 100 199 88 3931 13506 393 814 202 68 581 120 265 76 5854 86 52 4126 104 932 82 232 247 76
leaf_count=4485 239829 8217 571 3343 1502 85 102 100 199 88 3931 13506 393 814 202 68 581 120 265 76 5854 86 52 4126 104 932 82 232 247 76
internal_value=-9.17784e-05 -0.000893921 -0.000243515 -5.33415e-05 -0.000792478 -0.000358173 -0.00124783 2.68085e-05 0.00869509 0.0160106 -2.21438e-05 0.000557267 0.00119273 0.0019322 0.00401731 0.0108708 0.00231707 0.00471897 0.00834056 0.0161735 0.00137649 0.0180519 0.00464203 -0.00234534 0.0042233 0.00397823 0.0108683 0.00320444 0.00644144 0.0118731
internal_weight=290268 13273 8788 276995 11218 9716 8062 3730 387 188 265777 25948 12442 8511 1791 356 1435 854 461 196 6720 154 866 4332 206 1654 167 1487 555 323
internal_count=290268 13273 8788 276995 11218 9716 8062 3730 387 188 265777 25948 12442 8511 1791 356 1435 854 461 196 6720 154 866 4332 206 1654 167 1487 555 323
is_linear=0
shrinkage=0.05


Tree=118
num_leaves=31
num_cat=0
split_feature=5 1 17 10 15 22 9 24 19 22 23 22 9 24 4 19 22 24 24 23 23 9 22 20 9 22 3 22 22 23
split_gain=3.33476 3.07682 3.24354 2.69876 3.2198 3.12432 4.45309 8.58964 2.55882 2.50423 9.18128 3.61395 4.10737 3.06427 2.62925 2.48411 2.35837 2.5575 3.56708 3.912 7.47743 4.66854 4.60344 3.32615 4.45498 3.24416 3.03284 2.78677 5.51736 4.5981
threshold=3.9057142857142866 1.9350000000000003 327.50000000000006 3.3409999608993535 72.500000000000014 0.99995780822346225 528.79354858398449 0.05000000000000001 20.105000000000004 -0.8041866928211282 -0.52765736634565841 -0.82415615971448097 47.269611358642585 -0.18999999999999997 14.935 4.3450000000000006 -0.97509794945709805 0.47500000000000003 0.36500000000000005 -0.34234976856068178 -0.42958798411962301 257.23342895507818 0.99466373373798567 536.60000000000014 998.87963867187511 0.98802474685579866 8.5383333333333358 0.42179998225932674 0.39036257410962044 -0.97874870457683594
decision_type=2 2 2 2 2 2 2 8 2 2 2 2 2 10 2 2 2 10 8 2 2 2 2 8 2 2 2 2 2 2
left_child=15 2 -2 4 8 16 7 -7 -3 10 11 12 -10 -12 -15 -1 -6 18 23 20 -20 26 -21 -18 27 -19 -22 28 29 -25
right_child=1 3 -4 -5 5 6 -8 -9 9 -11 13 -13 -14 14 -16 -17 17 25 19 22 21 -23 -24 24 -26 -27 -28 -29 -30 -31
leaf_value=-0.003284530518629817 0.0014387189633174886 -0.00029960822061211162 0.0082810710985132176 0.00062900412086264049 -0.0014245929869685272 0.011310373406785576 -0.0014711488289007495 0.0016246478974587424 0.0094181969271683215 -0.00026319187876113398 -0.0016007138945413513 0.0053421083813214414 0.0183170837553287 0.011388413333702448 0.002449740038381333 -0.00016733490542659811 0.000339430834422932 -8.6779261652876493e-05 -0.0041707539241966759 -0.0025445896647106818 -0.00046252069464968956 0.014295784457571591 0.0062437480630108434 0.0029229526903546896 0.0033079501797585601 -0.0045523466275022408 0.015976770330557295 -0.0043096483542196876 0.0060172568068885043 -0.0023520323902723895
leaf_weight=3457 550 188861 86 19017 3295 50 77 99 128 5086 1898 160 115 139 2042 3375 37812 19647 95 361 55 57 254 839 268 910 96 544 248 647
leaf_count=3457 550 188861 86 19017 3295 50 77 99 128 5086 1898 160 115 139 2042 3375 37812 19647 95 361 55 57 254 839 268 910 96 544 248 647
internal_value=-8.81611e-05 -6.18494e-05 0.00341195 -6.96617e-05 -0.000111134 0.000193254 0.00606195 0.0111074 -0.000211387 0.000586328 0.00144801 0.00864764 0.0124897 0.000736699 0.00201513 -0.00117974 0.000172889 0.000242345 0.000469279 0.0035512 0.00820132 0.0135096 0.00126016 0.000399176 0.00214847 -0.000213311 0.00890728 0.00143108 0.00241061 0.00125841
internal_weight=290268 283436 636 282800 263783 65354 226 149 198429 9568 4482 403 243 4079 2181 6832 65128 61833 41276 918 303 208 615 40358 2546 20557 151 2278 1734 1486
internal_count=290268 283436 636 282800 263783 65354 226 149 198429 9568 4482 403 243 4079 2181 6832 65128 61833 41276 918 303 208 615 40358 2546 20557 151 2278 1734 1486
is_linear=0
shrinkage=0.05


Tree=119
num_leaves=31
num_cat=0
split_feature=0 13 15 13 22 17 5 9 19 0 22 23 23 1 22 9 19 23 14 17 22 23 13 17 2 15 22 23 14 15
split_gain=3.39262 2.76765 3.13903 4.72472 4.09792 3.38524 3.16946 3.64234 3.58443 4.03022 3.43144 3.12443 6.40062 4.56339 3.00319 3.43834 3.02098 4.99818 2.99726 3.47855 3.309 13.6736 5.63401 2.98009 2.86319 2.83921 2.81865 8.44558 6.18984 3.57659
threshold=2.3350000000000004 1.0000000180025095e-35 66.500000000000014 20.750000000000004 0.99552231814189451 60.500000000000007 8.7321428571428594 298.48324584960943 7.8650000000000011 7.8850000000000007 0.99995780822346225 0.85561368268953431 0.86439018870140905 9.7050000000000018 0.97696484778429815 145.36562347412112 8.6050000000000022 -0.18493013702746822 27.350000000000005 56.500000000000007 -0.71504373327588355 0.68274389090025245 14.850000000000003 306.50000000000006 2.9599999999999995 77.500000000000014 -0.98523971305672675 -0.15950993297387572 30.550000000000004 38.500000000000007
decision_type=2 2 2 2 2 2 2 2 2 2 2 2 2 2 2 2 2 2 2 2 2 2 2 2 2 2 2 2 2 2
left_child=-1 -2 3 4 5 -3 7 18 9 10 -8 -10 13 -13 23 -16 -17 -18 25 -20 21 -21 -23 26 -19 -4 27 28 -7 -29
right_child=1 2 6 -5 -6 14 8 -9 11 -11 -12 12 -14 -15 15 16 17 24 19 20 -22 22 -24 -25 -26 -27 -28 29 -30 -31
leaf_value=-0.0041023200249273922 0.0006481124364753518 -0.0010651577275433324 -0.002435003905215693 -0.0017879916775305283 -0.0026790188992551083 0.0086516224227912945 -0.00017643713744344448 0.00032272835883255757 -0.00017022524536947499 0.0015885850075425844 0.010646911750461412 0.0098031855933695764 0.0010237941221112848 0.0029275456053660638 -0.00027549228735946143 0.0013535659228021369 0.012513889386744269 0.0059235150286857524 -0.0015912055748659071 0.00073735115823309549 -0.00025102373873428703 0.012827909493529382 0.017077824205692978 -0.0010622906114836558 -0.00015331393104529346 -4.8772105579499333e-05 -7.7812725508668353e-05 0.014295710057343492 0.0038072496444492387 0.00063761546093743179
leaf_weight=2298 14335 17640 6974 10362 3529 130 7432 33912 28627 13373 83 83 4383 98 1825 1251 67 504 7100 5841 23889 53 61 13058 266 3965 82325 59 290 6455
leaf_count=2298 14335 17640 6974 10362 3529 130 7432 33912 28627 13373 83 83 4383 98 1825 1251 67 504 7100 5841 23889 53 61 13058 266 3965 82325 59 290 6455
internal_value=-8.38547e-05 -6.85847e-05 -0.000104063 -0.000272248 -0.000188739 -0.000140875 6.64574e-05 -0.000129899 0.000363449 0.000876579 -4.99014e-05 4.05218e-05 0.00125548 0.0104696 -3.43606e-05 0.00132507 0.00271073 0.00503584 -0.00041069 -0.000195432 4.12131e-05 0.00109572 0.0182456 -8.63505e-05 0.0038961 -0.00113767 1.68599e-05 0.000985 0.00785714 0.000541909
internal_weight=290268 287970 273635 137761 127399 123870 135874 81795 54079 20888 7515 33191 4564 181 106230 3913 2088 837 47883 36944 29844 5955 114 102317 770 10939 89259 6934 420 6514
internal_count=290268 287970 273635 137761 127399 123870 135874 81795 54079 20888 7515 33191 4564 181 106230 3913 2088 837 47883 36944 29844 5955 114 102317 770 10939 89259 6934 420 6514
is_linear=0
shrinkage=0.05


Tree=120
num_leaves=31
num_cat=0
split_feature=24 23 2 9 13 16 24 16 2 20 24 20 19 2 24 18 1 23 9 0 23 23 18 23 23 23 9 23 23 2
split_gain=3.26156 5.11533 5.1144 3.74324 3.04651 3.15027 3.99007 3.92799 3.76858 3.48861 3.44597 3.1832 2.86547 2.71748 2.64767 3.42255 2.58257 3.65453 2.879 2.52308 2.47212 6.05531 3.50832 3.20344 2.76864 6.56086 3.55123 3.67507 3.47934 3.17769
threshold=-0.65999999999999981 -0.35846086284744721 0.53000000000000014 78.514175415039077 14.850000000000003 8.2500000000000018 -0.58499999999999985 13.450000000000001 -1.4600000000000004 185.70000000000002 -0.49499999999999994 419.7000000000001 3.3250000000000006 30.32 0.53000000000000014 9.4350000000000005 8.8050000000000015 -0.3744658827978154 326.82032775878912 8.6950000000000021 0.91159213926341531 0.99349222267034787 8.1150000000000002 0.69521084835931835 0.60383265664488517 0.63089349388778826 301.98291015625006 0.6174544326165855 0.67007489853957602 1.9600000000000004
decision_type=8 2 2 2 2 2 10 2 2 8 10 10 2 2 10 2 2 2 2 2 2 2 2 2 2 2 2 2 2 2
left_child=1 16 3 -3 -2 9 7 -7 11 -6 -8 19 -5 14 15 -12 17 -1 -18 -9 23 22 -22 24 -4 26 27 -26 -27 -29
right_child=4 2 20 12 5 6 10 8 -10 -11 13 -13 -14 -15 -16 -17 18 -19 -20 -21 21 -23 -24 -25 25 28 -28 29 -30 -31
leaf_value=-0.0026241214068594902 6.5948934497935007e-05 0.00020112959959689728 -4.2791367645292184e-05 -0.0063127856454639102 0.00032474112822857676 0.00072047672003860497 -0.0029704582503511674 0.0073086081523391902 0.0033505769247006538 -0.0015087391115672288 0.00075854425647085388 -0.0043884768285968869 -0.0017249188692348505 0.029570956065308431 -0.00084714596035479579 -0.00088030204155842599 0.013968844039437184 0.0042371187837068223 -2.4203974423985712e-05 0.0024053607189701712 0.0039601765689419024 -0.0030257095324176036 -0.00019976474447435589 -0.0020520559957663124 0.0032403060205372404 -0.0045849776510797956 -0.00069747909247024065 0.0099522480184921908 0.007607408142878397 0.008067738766400278
leaf_weight=299 201035 2582 4430 1768 6156 1941 1991 156 400 19373 16192 51 9488 52 12878 6985 100 144 51 90 983 474 422 1661 59 222 50 52 133 50
leaf_count=299 201035 2582 4430 1768 6156 1941 1991 156 400 19373 16192 51 9488 52 12878 6985 100 144 51 90 983 474 422 1661 59 222 50 52 133 50
internal_value=-8.52328e-05 -0.000657002 -0.000778583 -0.00137231 -3.6103e-05 -0.000330115 -5.71988e-05 0.00182335 0.00504304 -0.000765601 -0.000187413 0.00930976 -0.00176617 -7.57483e-05 -9.22214e-05 0.000227164 0.00392256 0.00199774 0.00956954 0.0116667 0.000183926 0.00178552 0.00343416 -0.00026814 0.00036429 0.00365724 0.0106398 0.0142547 -0.000492959 0.02
internal_weight=290268 22968 22374 13838 267300 66265 40736 2638 697 25529 38098 297 11256 36107 36055 23177 594 443 151 246 8536 1879 1405 6657 4996 566 211 161 355 102
internal_count=290268 22968 22374 13838 267300 66265 40736 2638 697 25529 38098 297 11256 36107 36055 23177 594 443 151 246 8536 1879 1405 6657 4996 566 211 161 355 102
is_linear=0
shrinkage=0.05


Tree=121
num_leaves=31
num_cat=0
split_feature=0 23 13 15 23 17 16 21 20 13 20 0 14 9 16 17 21 3 23 3 19 20 14 15 17 21 23 19 5 3
split_gain=3.09394 2.70959 2.7896 3.94787 6.64385 4.5107 5.90632 4.1801 4.05811 3.65967 2.92802 4.32598 3.95761 3.27568 3.25077 2.84761 4.21784 3.22444 2.80764 2.95664 5.01274 2.77696 3.60329 4.8177 2.66719 4.22184 6.10072 2.61637 2.60875 2.587
threshold=2.3350000000000004 0.99681593486783593 0.55000000000000016 66.500000000000014 0.99530134160901229 250.50000000000003 12.65 67.500000000000014 303.00000000000006 20.550000000000004 504.50000000000006 5.8050000000000006 31.450000000000003 42.891584396362312 6.4500000000000011 324.50000000000006 12.500000000000002 7.8350000000000009 0.98486764554468398 9.7550000000000043 8.1250000000000018 190.10000000000002 27.450000000000003 83.500000000000014 271.50000000000006 27.500000000000004 0.89309379682046119 9.5850000000000026 18.902142857142859 8.3916666666666693
decision_type=2 2 2 2 2 2 2 8 8 2 8 2 2 2 2 2 10 2 2 2 2 8 2 2 2 8 2 2 2 2
left_child=-1 2 10 9 18 6 7 -6 29 -4 11 -2 14 -13 -12 27 17 -17 19 21 -21 -5 23 -23 -25 26 -26 -14 -11 -7
right_child=1 -3 3 4 5 8 -8 -9 -10 28 12 13 15 -15 -16 16 -18 -19 -20 20 -22 22 -24 24 25 -27 -28 -29 -30 -31
leaf_value=-0.0038824028405825581 0.0027730215573354131 -0.001282142934653575 -0.00028806250575923983 0.00051878797531722178 0.0015591958234120141 0.0027360354860950192 0.010138993193332991 0.0068310204224440079 -0.0022343419334628577 -0.0018374072449982072 0.0048538276398437004 0.0016823185562581406 -0.001062936539163223 5.7919822661639628e-05 -0.0018865855011651251 0.0084229734070689257 -0.00059272236744007029 0.0041735367767433843 0.0011714940510755619 0.0013448740386778613 -3.7934262145486802e-05 -0.0019364598160119151 -0.00010061721514561021 -0.00010784398530534284 0.0045716680395108339 0.0010074526031114627 0.0064254200169119487 0.0010621874883047688 0.0045245932156717621 0.01093310108442435
leaf_weight=2298 1363 7231 105063 14889 218 120 66 84 207 9864 107 7606 3284 11854 4153 58 134 63 4053 12508 23274 11869 60476 1948 163 604 59 6089 499 64
leaf_count=2298 1363 7231 105063 14889 218 120 66 84 207 9864 107 7606 3284 11854 4153 58 134 63 4053 12508 23274 11869 60476 1948 163 604 59 6089 499 64
internal_value=-8.29935e-05 -6.84111e-05 -4.37963e-05 -0.000102998 8.52961e-05 0.00474967 0.00872282 0.00576159 0.00101023 -0.000316048 0.000375816 0.000750851 -0.000186493 0.000560122 -0.0014554 0.000374947 0.00558823 0.0123554 5.80304e-05 1.62958e-05 0.000400759 -0.000136545 -0.000260188 -0.000963943 0.000912039 0.00329298 0.00918919 0.000233115 -0.00121249 0.00641304
internal_weight=290268 287970 280739 246028 130602 759 368 302 391 115426 34711 20823 13888 19460 4260 9628 255 121 129843 125790 35782 90008 75119 14643 2774 826 222 9373 10363 184
internal_count=290268 287970 280739 246028 130602 759 368 302 391 115426 34711 20823 13888 19460 4260 9628 255 121 129843 125790 35782 90008 75119 14643 2774 826 222 9373 10363 184
is_linear=0
shrinkage=0.05


Tree=122
num_leaves=31
num_cat=0
split_feature=24 23 22 22 3 3 22 22 2 18 22 20 14 23 24 24 22 20 22 23 22 9 16 9 23 24 9 23 9 22
split_gain=3.09539 5.88553 7.02178 5.6633 7.44522 7.07677 5.0197 5.82621 5.47234 4.88097 4.24383 3.61988 3.67929 2.97244 3.09927 4.14311 4.72742 4.69344 5.23024 4.22324 3.15657 4.11961 3.21824 3.15358 2.9996 3.06818 3.38693 4.10437 8.99673 3.31364
threshold=-0.77999999999999992 -0.039769286347669845 -0.99467753128998015 -0.99630266176052629 5.4466666666666681 6.948333333333335 -0.97113884758256674 -0.96235977360714686 -0.51500000000000046 5.2250000000000005 -0.93545489084327571 314.30000000000001 29.650000000000002 0.99681593486783593 2.0250000000000004 -0.49499999999999994 -0.03977009085991149 403.65000000000003 -0.022576249993022688 0.99981043035926087 -0.05695216311707673 354.09144592285162 8.7500000000000018 998.87963867187511 -0.99628250747696534 1.3800000000000001 331.07556152343756 -0.99864786094873803 541.99493408203136 0.056951373111866731
decision_type=8 2 2 2 2 2 2 2 2 2 2 10 2 2 10 10 2 10 2 2 2 2 2 2 2 10 2 2 2 2
left_child=1 2 3 11 -5 -6 -3 8 -8 -9 -4 12 -1 24 15 16 20 23 -19 -20 -15 22 -22 -17 25 26 -2 -28 -29 -27
right_child=13 6 10 4 5 -7 7 9 -10 -11 -12 -13 -14 14 -16 17 -18 18 19 -21 21 -23 -24 -25 -26 29 27 28 -30 -31
leaf_value=-0.0012772979090493902 -0.0028254972907460524 -0.0058748491444554915 -0.00098992959507640966 -0.0019337878904616712 0.01068043520681934 0.006780021526531059 0.010337813667102054 -0.0036226619047686794 0.0019656799086238798 -0.00010868947117632609 0.0027910957802616179 4.1508978279081559e-05 0.0097732330064245927 -0.0012287432823418142 -0.0057885025229212836 -0.0018047315894020933 -0.0044707335815624633 0.004636460560478701 -0.0044957817731690166 0.0042022933585213751 0.0070427630865545201 0.016349311602483152 -0.0008650973821806387 0.0025706433634838858 2.0668581912027143e-05 0.0013099736322698464 -0.0004366135672594654 -0.0021168634027650896 0.0076045444283648154 -0.006298968673195935
leaf_weight=65 4797 3168 2970 59 66 73 57 3216 339 5694 594 408 121 396 990 2581 1980 80 215 152 59 95 242 536 258192 1584 892 156 95 396
leaf_count=65 4797 3168 2970 59 66 73 57 3216 339 5694 594 408 121 396 990 2581 1980 80 215 152 59 95 242 536 258192 1584 892 156 95 396
internal_value=-8.16154e-05 -0.000739752 0.000842515 0.00510101 0.0124242 0.018741 -0.00129229 -0.000707072 0.00522727 -0.00097082 -0.000103817 0.00265993 0.00844086 -4.11074e-05 -0.00103467 -0.000628158 -0.00207792 0.000499438 0.00529083 0.00276567 0.00118687 0.00434343 0.0014784 -0.000187682 -1.37548e-05 -0.000972223 -0.00154041 0.000905511 0.00655378 0.000732322
internal_weight=290268 16830 4356 792 198 139 12474 9306 396 8910 3564 594 186 273438 7326 6336 2772 3564 447 367 792 396 301 3117 266112 7920 5940 1143 251 1980
internal_count=290268 16830 4356 792 198 139 12474 9306 396 8910 3564 594 186 273438 7326 6336 2772 3564 447 367 792 396 301 3117 266112 7920 5940 1143 251 1980
is_linear=0
shrinkage=0.05


Tree=123
num_leaves=31
num_cat=0
split_feature=24 23 22 22 3 3 22 22 1 0 22 9 17 22 22 9 1 0 21 15 14 13 21 5 22 24 1 22 24 23
split_gain=2.98741 5.27915 5.84544 5.18561 6.7065 6.56622 4.46395 5.56029 4.60489 4.2045 3.79349 4.54149 3.33634 3.21044 4.66151 6.23614 4.0841 3.07872 2.7443 2.71522 4.95643 3.61644 3.65653 3.30019 3.22629 6.18939 5.04383 5.6016 4.13685 4.19532
threshold=-0.77999999999999992 -0.039769286347669845 -0.99467753128998015 -0.99630266176052629 5.4466666666666681 6.948333333333335 -0.97113884758256674 -0.96235977360714686 4.0650000000000004 5.205000000000001 -0.98803845231459242 37.542234420776374 242.50000000000003 -0.71504373327588355 -0.72696319516528884 188.6065368652344 7.2350000000000012 5.3550000000000013 12.500000000000002 78.500000000000014 27.650000000000002 7.5500000000000007 12.500000000000002 6.6635714285714291 -0.099819732675876835 -0.49499999999999994 3.0250000000000004 -0.159513159777915 2.0250000000000004 0.9989598388634241
decision_type=8 2 2 2 2 2 2 2 2 2 2 2 2 2 2 2 2 2 10 2 2 2 8 2 2 10 2 2 10 2
left_child=1 2 3 18 -5 -6 -3 8 -8 -9 -4 17 -10 14 16 -16 -11 -12 -1 20 21 22 23 -2 26 -26 27 -22 29 -27
right_child=19 6 10 4 5 -7 7 9 12 13 11 -13 -14 -15 15 -17 -18 -19 -20 -21 24 -23 -24 -25 25 28 -28 -29 -30 -31
leaf_value=0.010274860112662154 0.003105944402418348 -0.0055811066872327132 -0.005737153380962705 -0.001837098495938587 0.010146413446478375 0.0064410204502044974 -0.0032854289160617355 -0.0035536157589187885 0.003491701147731572 0.002279089749693714 0.011000440516686465 -0.00014231789746122281 0.0079271685368758928 -0.0016795973537228961 0.0084410088830945904 -0.00014506525950694108 -0.0013468255993050579 0.0054942987656843778 0.001462697375336933 0.00049816822362495515 0.0027387182924008854 -0.0017899613991555899 -0.0008311317820007011 -0.0002588637359265343 -0.00195443876235142 -0.00011385497151152606 0.00018402252405998393 0.004727123644536136 -0.0062283973795127252 0.0025341966238978399
leaf_weight=56 1941 3168 594 59 66 73 116 3239 228 1662 56 2562 52 2163 56 68 1722 352 538 26505 1129 14977 7803 2559 6501 111887 97486 129 970 1551
leaf_count=56 1941 3168 594 59 66 73 116 3239 228 1662 56 2562 52 2163 56 68 1722 352 538 26505 1129 14977 7803 2559 6501 111887 97486 129 970 1551
internal_value=-7.83426e-05 -0.000724897 0.000773644 0.00465909 0.0116667 0.0176619 -0.0012482 -0.000696326 0.00510101 -0.000953985 -8.97879e-05 0.000639729 0.00857143 -0.000133135 0.000801025 0.0103226 0.000452126 0.00553921 0.00232323 -3.85474e-05 -9.01674e-05 -0.000725808 -9.06295e-05 0.00104444 -1.12234e-05 -0.000184396 0.000200821 0.00334658 -9.91201e-05 -7.13177e-05
internal_weight=290268 16830 4356 792 198 139 12474 9306 396 8910 3564 2970 280 5671 3508 124 3384 408 594 273438 246933 27280 12303 4500 219653 120909 98744 1258 114408 113438
internal_count=290268 16830 4356 792 198 139 12474 9306 396 8910 3564 2970 280 5671 3508 124 3384 408 594 273438 246933 27280 12303 4500 219653 120909 98744 1258 114408 113438
is_linear=0
shrinkage=0.05


Tree=124
num_leaves=31
num_cat=0
split_feature=24 23 22 22 22 1 22 2 22 17 22 17 22 17 22 22 9 5 1 20 1 5 9 20 18 24 22 22 22 22
split_gain=3.1226 4.53278 4.40155 4.94593 5.38796 4.38088 4.32319 3.94531 3.61365 5.5049 4.44254 7.98629 3.76437 3.37421 3.18394 16.5716 5.67328 5.47155 5.34523 3.00485 2.98188 2.97133 2.879 2.7708 4.5472 2.66273 4.56869 14.4981 4.25859 12.4081
threshold=-0.77999999999999992 -0.022575793296316496 -0.97113884758256674 -0.86976336936302323 -0.8781231054254196 3.8050000000000002 -0.96235977360714686 -0.51500000000000046 -0.99467753128998015 82.500000000000014 -0.99630266176052629 191.50000000000003 -0.93545489084327571 92.500000000000014 -0.79384350655589164 -0.77245553105869302 309.61909484863287 5.861428571428573 3.9450000000000007 424.50000000000006 8.8050000000000015 5.8278571428571446 326.82032775878912 314.30000000000001 11.975000000000003 1.9550000000000003 -0.12546116083924153 -0.27694604220087021 -0.63921128368950708 -0.66528616069191593
decision_type=8 2 2 2 2 2 2 2 2 2 2 2 2 2 2 2 2 2 2 10 2 2 2 10 2 10 2 2 2 2
left_child=1 8 -3 4 5 -4 7 -7 9 -1 23 -12 -10 -5 -15 16 17 18 -16 -6 -14 -17 -22 24 -11 -2 27 28 29 -27
right_child=25 2 3 13 19 6 -8 -9 12 10 11 -13 20 14 15 21 -18 -19 -20 -21 22 -23 -24 -25 -26 26 -28 -29 -30 -31
leaf_value=-0.003366398651820434 -2.0943880017267994e-06 -0.0055284145988847705 -0.0069145801369002256 -0.0046815973013510006 0.0047910640740826049 0.0096463379263603665 0.0006420820031052309 0.0021341853348265361 -0.00094073074403207529 0.0033726136157100541 0.0078839475844755327 -0.0013028952309780313 0.0010614694664109205 -0.0053137046409779736 0.0028038921216682489 -0.0047992275542385263 0.0005722308340350388 0.0045173605841145803 0.0084746249742908095 0.0014945829798259248 0.012869284623757346 -0.00032718954189228124 -0.0001535358435746202 0.00041146272521812467 0.015779541338418624 -0.0012542302340752612 -0.0046827999937641166 0.0034660857977119874 -0.0024867137694754801 0.0060887370234221361
leaf_weight=239 261360 2970 579 1097 119 57 2077 257 2970 165 106 66 443 1193 61 1176 128 94 107 79 100 2282 51 364 50 3564 1584 1782 4752 396
leaf_count=239 261360 2970 579 1097 119 57 2077 257 2970 165 106 66 443 1193 61 1176 128 94 107 79 100 2282 51 364 50 3564 1584 1782 4752 396
internal_value=-7.57588e-05 -0.000736781 -0.00123656 -0.000701699 0.000902777 0.000370369 0.00131535 0.00678344 0.000610451 0.00328283 0.00538615 0.0124419 -0.000131875 -0.00152982 -0.000982941 -0.000283265 0.00948718 0.0137023 0.0191071 0.00888889 0.00350168 -0.00138519 0.00956954 0.00329015 0.0077907 -3.50731e-05 -0.000760889 -0.000383077 -0.0012236 -1.26275e-05
internal_weight=290268 16830 12276 9306 3168 2970 2391 314 4554 990 751 172 3564 6138 5041 3848 390 262 168 198 594 3458 151 579 215 273438 12078 10494 8712 3960
internal_count=290268 16830 12276 9306 3168 2970 2391 314 4554 990 751 172 3564 6138 5041 3848 390 262 168 198 594 3458 151 579 215 273438 12078 10494 8712 3960
is_linear=0
shrinkage=0.05


Tree=125
num_leaves=31
num_cat=0
split_feature=24 0 23 14 23 17 0 24 23 23 23 23 1 14 20 2 2 23 19 18 13 13 21 21 24 23 9 23 23 2
split_gain=3.08125 4.4049 3.79102 4.10353 2.97624 2.56148 2.50991 2.46155 4.14731 13.2047 3.88609 10.5902 7.16598 8.84832 4.08985 4.35873 3.0049 6.21554 9.99643 3.8902 2.90389 3.83282 2.74219 2.80913 2.55149 4.12323 3.71881 3.64574 15.9813 6.61228
threshold=-0.77999999999999992 4.0550000000000006 -0.22700609751797865 27.650000000000002 0.77652048701313048 195.50000000000003 2.3350000000000004 1.9550000000000003 0.99138911339924218 0.95936279103287792 0.76556758748011056 0.74298546529340237 5.8350000000000009 30.650000000000002 143.40000000000003 -2.5299999999999998 -1.3199999999999998 0.96407344085605606 6.5250000000000012 3.7350000000000008 7.1500000000000012 19.150000000000002 57.500000000000007 62.500000000000007 1.7100000000000002 -0.99628250747696534 243.87041473388675 -0.82413948779581736 -0.83375966452616657 -2.3750000000000013
decision_type=8 2 2 2 2 2 2 10 2 2 2 2 2 2 10 2 2 2 2 2 2 2 10 10 8 2 2 2 2 2
left_child=1 2 3 -1 -3 -5 -2 24 9 10 11 -9 13 -13 15 -12 -11 18 -18 -19 -21 -22 -16 -24 25 26 -8 28 -26 -30
right_child=6 4 -4 5 -6 -7 7 8 -10 16 14 12 -14 -15 22 -17 17 19 -20 20 21 -23 23 -25 27 -27 -28 -29 29 -31
leaf_value=-0.0046687235840836543 -0.0035219797685163627 -0.00011574875640947133 -0.0050903748857715663 0.0057998468112534498 -0.0031971100770265683 0.014911983462962819 -0.0026642403869936559 -0.0011698190964515051 -0.0044484454092060888 0.00051135936382099652 0.0069307356071917244 0.0018319686804934819 0.0019077329136145329 0.011038293633681284 -0.0031651124691056669 0.00085717473457601443 0.00053421512211151783 0.016623735004035037 0.0079305480417484319 0.0005280759657174932 0.005388539598801376 -0.0012918568046449441 0.0034361976955834556 -0.00012774394306293261 0.0011980237785347708 -6.4318015728553069e-06 0.00051954197294178486 0.00016676143042600094 0.019674357523476741 0.010702683028820409
leaf_weight=87 2109 12441 2708 55 1486 53 4851 3546 1583 460 52 89 225 82 4043 177 55 62 53 490 458 187 62 386 6856 226019 1841 19554 68 130
leaf_count=87 2109 12441 2708 55 1486 53 4851 3546 1583 460 52 89 225 82 4043 177 55 62 53 490 458 187 62 386 6856 226019 1841 19554 68 130
internal_value=-7.42085e-05 -0.000730839 -0.00250258 0.00423077 -0.000361529 0.0107407 -3.37931e-05 -2.04376e-05 -0.000720234 -0.000358206 -0.0011614 -2.53798e-06 0.00775252 0.0154678 -0.00212924 0.00438865 0.00358357 0.00480843 0.0162963 0.00377193 0.00310573 0.00531008 -0.00246159 0.00125 1.19725e-05 -4.10607e-05 -0.0012642 0.000475796 0.00145024 0.0154545
internal_weight=290268 16830 2903 195 13927 108 273438 271329 12010 10427 8662 3942 396 171 4720 229 1765 1305 108 1197 1135 645 4491 448 259319 232711 6692 26608 7054 198
internal_count=290268 16830 2903 195 13927 108 273438 271329 12010 10427 8662 3942 396 171 4720 229 1765 1305 108 1197 1135 645 4491 448 259319 232711 6692 26608 7054 198
is_linear=0
shrinkage=0.05


Tree=126
num_leaves=31
num_cat=0
split_feature=24 0 22 23 16 24 22 22 13 23 22 18 9 5 24 5 2 9 22 24 22 2 24 22 24 21 22 22 24 23
split_gain=2.93829 4.07187 2.89225 2.64248 2.52344 2.45656 6.69903 5.45682 7.25757 5.38623 8.63581 5.35184 5.24231 4.9239 4.90118 4.56729 4.2536 4.16351 5.35834 10.8712 6.47578 4.69796 4.54741 13.8975 17.3965 8.15892 5.91611 8.50611 7.85093 7.49185
threshold=-0.77999999999999992 4.0550000000000006 -0.62588817255938378 -0.22700609751797865 9.2500000000000018 0.05000000000000001 -0.98523971305672675 -0.9905448150984083 6.0500000000000007 -0.16799793862756093 -0.98523971305672675 7.9850000000000012 206.99692535400393 11.539285714285716 0.095000000000000015 30.295000000000005 13.560000000000002 998.87963867187511 0.21022171450811275 -0.22499999999999995 0.15951094710994371 3.5900000000000016 -0.18999999999999997 0.84313847884979054 -0.22499999999999995 21.900000000000002 0.94978112945126536 0.95998215779580554 -0.029999999999999995 0.48877522411129348
decision_type=8 2 2 2 2 10 2 2 2 2 2 2 2 2 10 2 2 2 2 10 2 2 10 2 10 10 2 2 10 2
left_child=1 3 -3 4 -1 9 7 -7 -9 10 13 15 -10 -2 -8 -12 -16 22 20 -20 -19 -21 23 -11 -25 -26 29 28 -28 -24
right_child=5 2 -4 -5 -6 6 14 8 12 17 11 -13 -14 -15 16 -17 -18 18 19 21 -22 -23 26 24 25 -27 27 -29 -30 -31
leaf_value=-0.0022169739864556746 0.0076721044738533644 -0.00010996131858900102 -0.0030372545731752378 -0.004835856141482988 0.0097819196730041889 0.001403013762519507 -0.0021348870406622603 0.00086955631827139498 0.014680295997265622 -0.00014923101635974981 0.0013589173448322735 0.00011708664657523733 0.0066478350626131728 0.0033584644780806287 -0.00023371188884900148 0.021345521119990132 0.0089374555113735012 0.0013877727931823733 -0.0024785374020612838 0.0034018551870891364 0.0067955741218506064 -0.0048838214278542182 -0.0047314332819851593 -0.0014499546956546186 0.010293749014536772 0.00467139650123162 0.0087232375193878418 -0.00070558177834314985 -0.0016025412533793807 0.0020801416908781951
leaf_weight=104 190 12441 1486 2708 91 3168 6138 435 239 69049 15651 34581 118 206 116307 60 513 4578 4573 2448 198 385 5742 198 129 69 396 6882 395 790
leaf_count=104 190 12441 1486 2708 91 3168 6138 435 239 69049 15651 34581 118 206 116307 60 513 4578 4573 2448 198 385 5742 198 129 69 396 6882 395 790
internal_value=-7.17969e-05 -0.000713014 -0.000357939 -0.00241647 0.00320513 -3.23303e-05 -0.000193354 0.00183081 0.00554293 0.000107151 0.000523989 0.000466077 0.0108263 0.00787879 -0.000258545 0.0012313 -0.000186185 -0.000113325 0.000750286 -9.18186e-05 0.00205611 0.00234204 -0.000239093 -7.23606e-05 0.00926768 0.0197475 -0.00105421 -0.000112734 0.00479772 -0.00216014
internal_weight=290268 16830 13927 2903 195 273438 126918 3960 792 146520 50688 50292 357 396 122958 15711 116820 95832 12182 7406 4776 2833 83650 69445 396 198 14205 7673 791 6532
internal_count=290268 16830 13927 2903 195 273438 126918 3960 792 146520 50688 50292 357 396 122958 15711 116820 95832 12182 7406 4776 2833 83650 69445 396 198 14205 7673 791 6532
is_linear=0
shrinkage=0.05


Tree=127
num_leaves=31
num_cat=0
split_feature=24 23 22 22 5 5 22 22 2 19 22 17 10 21 1 24 22 22 15 22 22 1 14 17 22 22 23 21 24 23
split_gain=2.63445 3.8625 4.71462 3.87879 6.38521 5.25723 3.7652 4.50291 4.64842 3.46317 3.28642 2.84691 2.57798 2.4208 2.378 2.36259 3.52046 11.5333 4.49721 4.60691 9.9792 6.26866 9.14178 3.29613 2.92548 8.82629 11.8307 9.64987 5.797 8.79353
threshold=-0.77999999999999992 -0.039769286347669845 -0.99467753128998015 -0.99630266176052629 6.4507142857142883 8.6307142857142889 -0.97113884758256674 -0.96235977360714686 -0.51500000000000046 5.2150000000000007 -0.98803845231459242 139.50000000000003 6.1675000190734872 12.500000000000002 4.1250000000000009 1.9550000000000003 -0.12546116083924153 -0.27694604220087021 80.500000000000014 -0.63921128368950708 -0.66528616069191593 5.8350000000000009 30.650000000000002 309.50000000000006 -0.32614396506100213 -0.40614700388750385 0.93158198870884079 21.900000000000002 -0.49499999999999994 0.95936279103287792
decision_type=8 2 2 2 2 2 2 2 2 2 2 2 2 10 2 10 2 2 2 2 2 2 2 2 2 2 2 10 10 2
left_child=1 2 3 13 -5 -6 -3 8 -8 -9 -4 -11 -12 -1 -10 24 17 18 19 20 -17 22 -22 -20 25 -2 27 -27 29 -26
right_child=15 6 10 4 5 -7 7 9 14 11 12 -13 -14 -15 -16 16 -18 -19 23 -21 21 -23 -24 -25 28 26 -28 -29 -30 -31
leaf_value=0.0098462848609356425 9.1521588692292091e-05 -0.0049701216399205802 -0.0050414283584416771 -0.001292269313027542 0.009907680782687129 0.00071667079699958697 0.0091753065337922667 -0.0028432421175735635 -0.0031255763948089218 -0.0025288383985949091 0.00023320371514434242 0.00050146460433598942 0.007826451432849121 0.00134141753885843 0.0023274261317798904 -0.0013840206637595407 -0.0042145521291731738 0.0030033210052406983 0.001655353768960666 -0.0027361512996441554 0.002168341364257097 0.0019134291181828345 0.010498064546439655 0.0057609471334275249 -0.0049759172835436493 0.0049626784103959671 -0.0042797210727180983 0.00094914270106696136 -4.1235184758905807e-05 -0.00022409300946788681
leaf_weight=56 83160 3168 594 65 82 51 57 3250 119 943 2858 4717 112 538 220 3459 1584 1782 392 4391 81 221 82 86 4158 2927 1188 2815 157212 9900
leaf_count=56 83160 3168 594 65 82 51 57 3250 119 943 2858 4717 112 538 220 3459 1584 1782 392 4391 81 221 82 86 4158 2927 1188 2815 157212 9900
internal_value=-7.31749e-05 -0.000680334 0.000601468 0.00409091 0.0101515 0.0164286 -0.00112795 -0.000621106 0.00459596 -0.000852975 -0.000173963 -0.000106008 0.000505049 0.00207071 0.00237463 -3.58046e-05 -0.000719491 -0.000387842 -0.00113751 -0.00141122 -0.000147022 0.0075 0.0149386 0.0035774 -4.20995e-06 0.000226439 0.00194084 0.00288053 -0.000125534 -0.00109831
internal_weight=290268 16830 4356 792 198 133 12474 9306 396 8910 3564 5660 2970 594 339 273438 12078 10494 8712 8234 3843 384 163 478 261360 90090 6930 5742 171270 14058
internal_count=290268 16830 4356 792 198 133 12474 9306 396 8910 3564 5660 2970 594 339 273438 12078 10494 8712 8234 3843 384 163 478 261360 90090 6930 5742 171270 14058
is_linear=0
shrinkage=0.05


Tree=128
num_leaves=31
num_cat=0
split_feature=3 0 0 14 15 14 21 1 17 15 22 24 14 23 1 23 5 23 22 16 8 1 20 0 8 22 17 22 24 23
split_gain=2.661 4.1582 2.6805 2.31464 2.09804 5.62494 3.68786 2.52972 3.39754 3.38309 2.58647 3.46143 2.47875 2.48292 2.88605 4.20102 4.26221 2.25527 6.5701 2.24189 3.42815 2.19947 3.44704 3.66401 2.38045 2.16811 2.54539 2.17539 2.14471 3.49228
threshold=3.4083333333333337 4.9050000000000011 1.9350000000000003 34.650000000000013 73.500000000000014 27.650000000000002 16.900000000000002 4.6650000000000009 189.50000000000003 64.500000000000014 0.15951094710994371 -0.029999999999999995 29.450000000000003 0.82293497932636273 4.9150000000000009 -0.67801649466304881 6.4821428571428594 -0.16799793862756093 -0.98214942551678475 14.850000000000003 7.5000000000000009 14.205000000000002 469.30000000000001 16.105000000000004 23.500000000000004 0.91596454896554913 173.50000000000003 0.96234642434711437 1.3150000000000002 0.63089349388778826
decision_type=2 2 2 2 2 2 8 2 2 2 2 10 2 2 2 2 2 2 2 2 2 2 10 2 2 2 2 2 10 2
left_child=1 -1 -2 4 5 6 7 8 -4 10 -10 -12 -6 14 15 16 -14 18 -9 20 -7 22 23 24 -22 -20 -27 -28 -17 -30
right_child=2 -3 3 -5 12 19 -8 17 9 -11 11 -13 13 -15 -16 28 -18 -19 25 -21 21 -23 -24 -25 -26 26 27 -29 29 -31
leaf_value=-0.0019431306504604378 -0.010917566619957089 0.004999429741062972 -0.001306179416559995 0.0035491059301359408 0.0004333447484427081 -2.1111458336454817e-05 -0.0025147161193037493 0.0088982420467073053 0.0024930775157504578 0.00025831738390261384 0.009312357993586649 0.0014007512567543727 0.0054043920274781838 -0.0025967046517179626 -0.00064456941293868683 -0.00042321966560582768 0.0096597420494501218 -0.0019904445396410476 -0.0007846290810429509 -0.00073421426976453532 0.00399712055491332 0.0018826365830628177 -0.00061234644120250264 0.012337509924095311 0.028260300616936258 -0.00091880149408292476 0.010923141473304572 0.0023078081261054375 0.012337002764546412 -0.00071982989523052465
leaf_weight=5535 385 168 1426 991 48263 183390 6595 50 460 944 184 124 157 1602 7025 637 83 5961 4648 17794 396 2449 319 116 64 207 58 123 51 63
leaf_count=5535 385 168 1426 991 48263 183390 6595 50 460 944 184 124 157 1602 7025 637 83 5961 4648 17794 396 2449 319 116 64 207 58 123 51 63
internal_value=-7.30027e-05 -0.00114238 -5.15711e-05 -4.59228e-05 -5.43642e-05 -0.000123343 -0.000907123 -0.000452944 0.000799871 0.0023014 0.00476562 0.00831169 0.000214145 -0.00051882 -0.000159682 0.0023663 0.008125 -0.000808818 -3.53925e-05 -4.37116e-05 7.389e-06 0.0015939 0.00371508 0.0060243 0.00402174 -0.000214457 0.00337629 0.00770718 0.000525964 0.0068421
internal_weight=290268 5703 284565 284180 283189 225308 20780 14185 3138 1712 768 308 57881 9618 8016 991 240 11047 5086 204528 186734 3344 895 576 460 5036 388 181 751 114
internal_count=290268 5703 284565 284180 283189 225308 20780 14185 3138 1712 768 308 57881 9618 8016 991 240 11047 5086 204528 186734 3344 895 576 460 5036 388 181 751 114
is_linear=0
shrinkage=0.05


Tree=129
num_leaves=31
num_cat=0
split_feature=24 0 22 22 22 9 22 22 13 5 22 22 20 9 22 22 22 0 0 23 20 21 9 3 13 15 13 4 5 24
split_gain=2.62512 3.91503 2.96178 5.14374 7.16019 5.57738 5.35502 7.26762 5.55254 4.72843 5.14948 4.21502 3.9596 3.61915 2.87176 6.83097 4.68307 5.78636 5.2731 3.79551 3.02733 2.63115 2.84704 2.51897 2.48089 2.88451 3.3927 3.87361 3.43358 3.19127
threshold=-0.77999999999999992 3.9350000000000005 -0.71504373327588355 -0.79384350655589164 -0.77245553105869302 309.61909484863287 -0.86976336936302323 -0.89406062840022227 3.8500000000000001 5.861428571428573 -0.78326540922535159 -0.72696319516528884 459.90000000000003 206.99692535400393 -0.91597725483594616 -0.93545489084327571 -0.92923668111203805 10.205000000000002 8.3250000000000011 0.3484035575467645 219.10000000000002 30.600000000000005 167.14442443847659 5.828333333333334 1.0000000180025095e-35 72.500000000000014 10.250000000000002 102.57500000000002 5.7907142857142864 -0.55499999999999983
decision_type=8 2 2 2 2 2 2 2 2 2 2 2 10 2 2 2 2 2 2 2 10 10 2 2 2 2 2 2 2 10
left_child=1 -1 3 6 5 9 7 14 12 10 -5 21 23 -13 15 -3 18 -18 19 -17 -21 -6 -23 -9 -2 26 -26 28 -28 -27
right_child=24 2 -4 4 11 -7 -8 8 -10 -11 -12 13 -14 -15 -16 16 17 -19 -20 20 -22 22 -24 -25 25 29 27 -29 -30 -31
leaf_value=-0.004137429248683956 0.00062264870955775333 -0.00072357599199661968 -0.0016921509624823372 0.0046623127653363048 -0.0023663473448226769 -1.4833533645440762e-05 -0.0045446530628408133 0.0087425337628406711 0.00030487661729502183 0.0043607019534938089 0.008940462078789839 0.0076846015670848852 0.00019105080403974771 -0.00085314155859377071 -0.0070130150292677844 0.001851238358353231 -0.00053305560190689818 0.014751587416393673 0.00039455297491636563 0.0079087300399069554 0.0076425897630434591 -0.0011332467571998808 0.024680373451194955 0.0049073623275138478 -2.302810639403476e-05 0.0014316732547701961 -0.0016877121670330773 0.019750250308304757 -0.00036428661783817625 0.00013333316981897165
leaf_weight=2586 14199 7054 2780 83 528 119 1214 75 222 92 72 90 66 70 509 87 597 116 111 51 50 69 66 123 132510 5532 12515 146 51025 57511
leaf_count=2586 14199 7054 2780 83 528 119 1214 75 222 92 72 90 66 70 509 87 597 116 111 51 50 69 66 123 132510 5532 12515 146 51025 57511
internal_value=-7.12801e-05 -0.000677363 -0.00035243 2.6157e-06 0.00311606 0.00893443 -0.000357665 6.01467e-05 0.00600823 0.0132186 0.0185484 0.000528553 0.0109091 0.0078125 -0.000276969 -4.71125e-05 0.00379447 0.00159186 0.00904682 0.0141489 0.0207426 -0.00122926 0.005 0.0144444 -3.3976e-05 -6.9223e-05 -0.000163766 -0.000463682 -0.000482375 0.000225004
internal_weight=290268 16830 14244 11464 1189 366 10275 9061 486 247 155 823 264 160 8575 8066 1012 713 299 188 101 663 135 198 273438 259239 196196 63686 63540 63043
internal_count=290268 16830 14244 11464 1189 366 10275 9061 486 247 155 823 264 160 8575 8066 1012 713 299 188 101 663 135 198 273438 259239 196196 63686 63540 63043
is_linear=0
shrinkage=0.05


Tree=130
num_leaves=31
num_cat=0
split_feature=0 24 0 22 22 22 23 22 22 3 3 2 13 9 19 20 13 22 9 22 1 13 24 9 14 23 1 14 23 24
split_gain=2.57765 2.32137 3.36568 3.23874 2.4218 5.17209 4.19385 4.49379 3.95676 4.1266 4.75235 3.33917 4.24037 3.11309 2.74048 3.12392 2.22848 2.48931 2.44918 4.20744 3.57298 2.46771 2.38538 4.40043 3.40624 2.29246 2.25083 2.93427 3.29782 5.32507
threshold=2.3350000000000004 -0.77999999999999992 3.5050000000000003 -0.62588817255938378 -0.97113884758256674 -0.96689237009891416 -0.022575793296316496 -0.99467753128998015 -0.99630266176052629 5.4466666666666681 6.948333333333335 -0.41999999999999976 8.2500000000000018 222.96364593505862 12.395000000000001 318.40000000000003 23.950000000000003 0.99818282439137029 434.05938720703131 0.99983759474438971 7.8650000000000011 33.350000000000001 1.1900000000000002 88.73026275634767 30.550000000000004 -0.99465740988130902 7.3550000000000013 30.750000000000004 -0.031174269516803289 0.095000000000000015
decision_type=2 8 2 2 2 2 2 2 2 2 2 2 2 2 2 10 2 2 2 2 2 2 10 2 2 2 2 2 2 10
left_child=-1 2 -2 4 6 11 7 8 14 -10 -11 12 -6 -9 -4 -16 17 -3 19 25 -21 -20 26 24 -24 -18 -19 28 -28 -30
right_child=1 16 3 -5 5 -7 -8 13 9 10 -12 -13 -14 -15 15 -17 18 22 21 20 -22 -23 23 -25 -26 -27 27 -29 29 -31
leaf_value=-0.003367240585923604 -0.0045655732194410034 5.6427320657021884e-05 -0.00011569821882068864 -0.0029079646620339141 0.0016481967919329316 6.9706651749313427e-05 -0.0044526768498754114 -0.0028306817353957779 -0.001252619899388713 0.0090455292161383954 0.0057111555559527134 0.0026567515615930157 0.01214611123105073 0.0019405159597357024 0.014708758115807411 0.0024401503355934288 -0.0070187078014663342 -0.0033883989450157362 -0.0004384862483509722 0.0015248526147021131 0.011033391756729332 0.0015419592599032938 0.00061072108924599595 -0.00067921583919781936 0.0071356560218149984 -0.00092723541932354658 0.0034686285361465543 -0.0044700870344152356 0.0023117317782170082 -0.0040930947890520358
leaf_weight=2298 1539 241653 613 1626 60 8082 2530 1291 54 66 73 238 75 231 65 98 613 1604 4518 106 52 2410 81 480 104 17090 207 1014 734 663
leaf_count=2298 1539 241653 613 1626 60 8082 2530 1291 54 66 73 238 75 231 65 98 613 1604 4518 106 52 2410 81 480 104 17090 207 1014 734 663
internal_value=-6.83518e-05 -5.50416e-05 -0.000628269 -0.000401273 -0.000146929 0.000369603 -0.00101673 0.000439581 0.00310113 0.00950777 0.0140647 0.006126 0.0124074 -0.00125493 0.00150773 0.00726994 -1.98848e-05 2.55525e-05 -0.000471783 -0.000781312 0.00734177 0.000326211 -0.00109167 0.00169173 0.00824324 -0.000853811 -0.00153008 -0.000626434 0.000704488 -0.000168219
internal_weight=290268 287970 16641 15102 13476 8455 5021 2491 969 193 139 373 135 1522 776 163 271329 246540 24789 17861 158 6928 4887 665 185 17703 4222 2618 1604 1397
internal_count=290268 287970 16641 15102 13476 8455 5021 2491 969 193 139 373 135 1522 776 163 271329 246540 24789 17861 158 6928 4887 665 185 17703 4222 2618 1604 1397
is_linear=0
shrinkage=0.05


Tree=131
num_leaves=31
num_cat=0
split_feature=24 3 22 22 22 23 22 17 20 2 13 3 22 16 20 18 23 22 20 13 18 15 24 24 20 22 22 22 13 3
split_gain=2.37088 3.15174 3.08568 2.90452 4.58684 3.7625 3.63104 3.78967 2.68447 2.91482 2.77885 2.6709 4.08937 3.44052 3.09222 2.93208 2.39703 2.53327 7.48453 6.51935 5.43604 3.00109 2.91202 4.58029 6.72875 3.59924 2.82919 2.78914 2.70314 2.87809
threshold=-0.77999999999999992 3.2816666666666672 -0.62588817255938378 -0.97113884758256674 -0.96689237009891416 -0.022575793296316496 -0.99467753128998015 82.500000000000014 367.60000000000008 -0.41999999999999976 10.750000000000002 4.8883333333333345 -0.99630266176052629 9.3500000000000032 318.40000000000003 12.225000000000003 0.99681593486783593 0.039769539193789977 708.00000000000011 16.050000000000004 7.0450000000000008 84.500000000000014 1.8750000000000002 -0.49499999999999994 403.65000000000003 -0.03977009085991149 -0.022576249993022688 -0.05695216311707673 0.75000000000000011 9.2350000000000012
decision_type=8 2 2 2 2 2 2 2 10 2 2 2 2 2 10 2 2 2 8 2 2 2 10 10 10 2 2 2 2 2
left_child=1 -1 3 5 8 6 7 -3 9 10 -5 -9 14 -14 15 -13 -2 18 22 20 -20 -19 23 25 -25 27 -26 -18 -29 -30
right_child=16 2 -4 4 -6 -7 -8 11 -10 -11 -12 12 13 -15 -16 -17 17 21 19 -21 -22 -23 -24 24 26 -27 -28 28 29 -31
leaf_value=-0.0060021972517189494 -8.4063191978562084e-06 -0.0035201956340245345 -0.002989875753729766 0.0017714357503178489 4.8620807740185223e-05 -0.0043702395310277007 -0.0014807687128255463 -0.0027243960563475295 -0.0041157623984441902 0.0029316139289519731 0.013395196664582035 0.0046467815209925998 0.0012034680236962291 0.0091363135596943899 0.00065526554261807638 0.013883140911479309 -0.0010609260597803899 -0.0050890131736037372 0.0061652967371443324 0.00080666383507266553 0.0033817422467836522 0.0047470703420784688 -0.004392067562320163 0.00027338238616589675 0.0042908283798986516 -0.003834343363176083 0.0029867480708835729 -0.00053369365705765689 0.010023082321976197 -0.0023957861872855027
leaf_weight=907 266112 239 1725 52 8559 2707 1576 88 78 184 52 137 53 78 345 50 396 1530 61 146 54 54 1188 1651 80 1521 249 137 204 55
leaf_count=907 266112 239 1725 52 8559 2707 1576 88 78 184 52 137 53 78 345 50 396 1530 61 146 54 54 1188 1651 80 1521 249 137 204 55
internal_value=-6.86963e-05 -0.000644683 -0.00048138 -0.000238767 0.000310923 -0.00116916 0.000202649 0.00257576 0.00579235 0.00802083 0.0147115 0.0043209 0.00540724 0.0133206 0.00345865 0.00863636 -3.32446e-05 -0.000925472 -0.000437131 0.00783525 0.0167391 -0.00269571 -0.000831054 -0.000224786 0.0015404 -0.00173584 0.00806991 0.000997474 0.00396465 0.00696911
internal_weight=290268 16830 15923 14198 8925 5273 2566 990 366 288 104 751 663 131 532 187 273438 7326 5742 261 115 1584 5481 4293 1980 2313 329 792 396 259
internal_count=290268 16830 15923 14198 8925 5273 2566 990 366 288 104 751 663 131 532 187 273438 7326 5742 261 115 1584 5481 4293 1980 2313 329 792 396 259
is_linear=0
shrinkage=0.05


Tree=132
num_leaves=31
num_cat=0
split_feature=0 9 1 13 22 15 16 20 3 23 2 9 16 23 22 20 9 13 22 5 19 9 15 22 19 23 8 7 14 22
split_gain=2.38599 2.51681 3.20947 2.10696 2.20167 2.92235 2.95321 3.11847 7.69411 2.3783 3.4112 3.27077 4.60293 2.06013 2.72085 8.87355 6.53148 2.02976 2.00348 2.22057 2.39785 2.13928 2.03372 3.53252 2.11919 2.18861 1.97999 3.13577 1.96345 2.56738
threshold=2.3350000000000004 94.745281219482436 2.7550000000000003 23.950000000000003 0.99818282439137029 61.500000000000007 7.9500000000000011 155.90000000000003 8.9916666666666689 0.029024409397335523 -2.1799999999999988 483.01396179199224 10.450000000000001 0.99855310097228334 0.039769539193789977 708.00000000000011 153.272575378418 61.95000000000001 0.99939377080793557 6.0307142857142875 5.9250000000000007 318.02613830566412 63.500000000000007 -0.88622299073327826 7.5050000000000008 -0.99465740988130902 119.50000000000001 17.500000000000004 31.250000000000004 -0.022576249993022688
decision_type=2 2 2 2 2 2 2 10 2 2 2 2 2 2 2 8 2 2 2 2 2 2 2 2 2 2 2 2 2 2
left_child=1 2 -1 4 13 -6 -7 8 -8 10 11 12 -9 26 15 28 -17 18 22 -20 21 -21 23 -5 25 -24 -2 -28 -15 -30
right_child=3 -3 -4 17 5 6 7 9 -10 -11 -12 -13 -14 14 -16 16 -18 -19 19 20 -22 -23 24 -25 -26 -27 27 -29 29 -31
leaf_value=0.010141263763416735 3.0021132818968334e-05 -0.0038173387366893237 -0.0041681299482073022 0.0019709212473098797 -0.0046752291782724137 -0.0027782443465903832 0.00095752321259076319 0.011447378304622969 0.0057666099205626806 -0.002913507598655201 -0.00083577963332334259 -0.0015368957308563008 0.0027190822428479981 -0.0025524520773097734 -0.0086835447822873751 0.005626034065417492 0.0012239200001640377 0.0024541280801101462 -0.0083220227571295536 0.0084986813751832431 0.00082551697024496574 0.0018686766168439822 -0.0055050302533146325 -0.0032753965346377528 -0.001221838830983109 7.9093536238434743e-05 0.014590766260833873 0.00054305749502669531 0.0037996586170369242 -0.00088992899761707674
leaf_weight=50 251170 2162 86 858 1072 1190 519 95 94 636 1047 122 112 2607 715 81 88 333 64 82 133 50 420 3136 8314 13914 50 98 235 735
leaf_count=50 251170 2162 86 858 1072 1190 519 95 94 636 1047 122 112 2607 715 81 88 333 64 82 133 50 420 3136 8314 13914 50 98 235 735
internal_value=-6.62848e-05 -0.00167102 0.00492647 -5.3479e-05 -9.7071e-06 -0.00106098 -0.000412845 0.000523808 0.003646 -0.000427437 0.000741278 0.00518237 0.00900966 1.03789e-05 -0.0010547 -0.000515217 0.0106805 -0.000471361 -0.000519263 0.00335866 0.00537736 0.0101515 -0.000567151 -0.00160741 -0.0003837 -1.53493e-05 2.92844e-05 0.00581081 -0.00104417 0.000876287
internal_weight=290268 2298 136 287970 260666 4887 3815 2625 613 2012 1376 329 207 255779 4461 3746 169 27304 26971 329 265 132 26642 3994 22648 14334 251318 148 3577 970
internal_count=290268 2298 136 287970 260666 4887 3815 2625 613 2012 1376 329 207 255779 4461 3746 169 27304 26971 329 265 132 26642 3994 22648 14334 251318 148 3577 970
is_linear=0
shrinkage=0.05


Tree=133
num_leaves=31
num_cat=0
split_feature=24 2 9 22 22 1 1 23 22 5 5 17 13 17 22 17 17 22 22 24 23 22 1 20 9 20 16 13 22 22
split_gain=2.36698 4.59177 3.41052 2.70337 5.74753 4.14262 3.17349 3.03836 2.77405 7.65918 3.53122 3.80958 3.052 2.74417 2.46899 2.37355 2.95387 2.81897 3.57074 3.67498 5.43793 7.1331 7.09959 4.80095 6.6767 4.7376 3.82063 3.78591 6.55691 3.24676
threshold=-0.65999999999999981 -1.1999999999999937 20.209087371826175 -0.108376950152639 -0.40614700388750385 6.5150000000000006 3.8050000000000002 -0.24372464231556024 -0.39036798905311365 5.2121428571428572 4.7978571428571444 330.50000000000006 0.25000000000000006 82.500000000000014 -0.34235669412071207 203.50000000000003 326.50000000000006 0.9962888416657264 0.97696484778429815 0.095000000000000015 -0.099822328936730861 0.98213580174693105 6.3950000000000005 276.60000000000008 100.3701515197754 239.50000000000003 10.65 0.75000000000000011 0.98667101781630195 0.9893236546938301
decision_type=8 2 2 2 2 2 2 2 2 2 2 2 2 2 2 2 2 2 2 10 2 2 2 10 2 10 2 2 2 2
left_child=1 -1 -3 4 6 8 7 -4 9 -6 -10 12 -12 -14 -7 -2 17 18 -17 29 21 23 -22 -21 -25 -24 -27 -28 -29 -20
right_child=15 2 3 -5 5 14 -8 -9 10 -11 11 -13 13 -15 -16 16 -18 -19 19 20 22 -23 25 24 -26 26 27 28 -30 -31
leaf_value=-0.0020373159267308388 -0.00018337900721635729 0.0035278390378350984 0.0033120527900793919 -0.0024789555021997776 0.012226816107492589 0.002382849302257514 -0.00019454123822122934 -0.0037049399883116955 0.00026398485473326755 0.0023219778584143212 0.005738600334696824 0.0090410148642194651 0.0064203667188845546 0.0019437623607149194 -0.0033643699573301317 0.00026497448741147507 -0.0004163305532091692 -0.0014489320642529563 -0.0027914010152991185 -0.0014840051745562256 0.0088234699585908807 -0.00061338852063202597 -0.0024119913660504561 0.00069685855682106838 0.011768813240408162 0.002376568270665633 0.0031782466015684908 0.0030315102053334532 0.012594844659178116 0.0017922794163681187
leaf_weight=5517 151391 477 174 1110 53 238 10909 2227 742 89 57 71 52 677 575 88109 20420 2742 956 50 282 1353 307 67 93 297 115 61 66 991
leaf_count=5517 151391 477 174 1110 53 238 10909 2227 742 89 57 71 52 677 575 88109 20420 2742 956 50 282 1353 307 67 93 297 115 61 66 991
internal_value=-6.54235e-05 -0.000552509 -0.000155007 -0.000272182 -0.000105271 0.00206734 -0.000522165 -0.00216785 0.00344342 0.0101408 0.00284865 0.005035 0.00403308 0.00316186 -0.00087946 -2.35702e-05 0.000146709 0.000263432 0.000310144 0.00166235 0.00285953 0.000950095 0.00550532 0.00952381 0.01375 0.00321513 0.00603896 0.0107025 0.0166535 7.70297e-06
internal_weight=290268 22968 17451 16974 15864 2554 13310 2401 1741 142 1599 857 786 729 813 267300 115909 95489 92747 4638 2691 1563 1128 210 160 846 539 242 127 1947
internal_count=290268 22968 17451 16974 15864 2554 13310 2401 1741 142 1599 857 786 729 813 267300 115909 95489 92747 4638 2691 1563 1128 210 160 846 539 242 127 1947
is_linear=0
shrinkage=0.05


Tree=134
num_leaves=31
num_cat=0
split_feature=24 2 4 1 19 13 23 22 22 22 9 9 22 22 2 13 9 3 9 22 3 0 22 13 0 24 24 19 21 24
split_gain=2.281 4.16788 3.17297 3.99147 3.05285 2.8333 2.83269 2.64045 4.01794 9.1548 3.44827 3.76394 2.73137 8.65853 2.47926 2.29983 2.28766 2.36896 2.28145 3.29408 3.31319 2.23574 2.2099 2.20901 3.04655 3.54728 2.27997 2.19947 2.18652 2.31775
threshold=-0.65999999999999981 -1.1999999999999937 7.9150000000000009 1.9350000000000003 3.4850000000000008 7.8500000000000005 -0.22700609751797865 -0.97113884758256674 -0.77245553105869302 -0.79384350655589164 266.61647033691412 121.83880996704103 -0.40614700388750385 -0.39036798905311365 1.1800000000000006 23.950000000000003 49.988454818725593 7.0450000000000008 409.80174255371099 0.99983759474438971 5.5250000000000012 1.9350000000000003 -0.96689237009891416 33.350000000000001 3.9950000000000006 -0.34499999999999992 0.83000000000000007 14.415000000000001 327.50000000000006 0.05000000000000001
decision_type=8 2 2 2 2 2 2 2 2 2 2 2 2 2 2 2 2 2 2 2 2 2 2 2 2 10 10 2 10 10
left_child=1 6 4 5 -3 -4 22 -6 9 -9 11 -11 -10 -14 -15 21 27 -18 19 -17 -21 -2 -1 26 25 -25 -20 -5 29 -23
right_child=15 2 3 16 7 -7 -8 8 12 10 -12 -13 13 14 -16 18 17 -19 23 20 -22 28 -24 24 -26 -27 -28 -29 -30 -31
leaf_value=0.0094682890838102673 -0.007136901431275708 -0.0046195519477095597 0.0068118244527464959 0.0017844214895974767 -0.0035542983306747554 0.003969735156691862 -0.0023795095640965339 0.00068398570873870999 -0.0027522218347408763 0.0059603831808598797 0.00021712584332457519 0.0079074935267206166 0.0098801039536448049 -0.002738124066932373 0.0023517014654208671 -0.0010954442965481087 0.00076258092675024242 -0.00067587934367143679 0.00023888133053644105 -0.0025473756351887572 0.0071759691219748971 0.00023007459669547366 0.00036469051342159417 -0.0039027523498127194 0.00061931134113660626 0.0062978361463300984 -0.0033135119846051443 0.01122754725971223 -0.00150862778723895 -0.00013210164702695559
leaf_weight=70 502 1399 50 1252 1053 241 4981 1683 1574 54 62 63 60 791 323 17139 3538 5234 3765 57 101 125916 466 142 2078 323 1064 74 2545 113668
leaf_count=70 502 1399 50 1252 1053 241 4981 1683 1574 54 62 63 60 791 323 17139 3538 5234 3765 57 101 125916 466 142 2078 323 1064 74 2545 113668
internal_value=-6.12894e-05 -0.000539447 -0.000160737 0.000395128 -0.000978478 0.00616838 -0.00173736 -0.000461771 5.42287e-05 0.00184747 0.0125978 0.0176496 -0.00116085 0.000664394 -0.000332138 -2.02032e-05 0.000228757 -6.38407e-05 -0.000480158 -0.00079407 0.0063924 2.65618e-05 0.00171642 0.000256374 0.00144907 0.00510753 -0.000371714 0.0021644 3.34727e-05 4.89587e-05
internal_weight=290268 22968 17451 10389 7062 291 5517 5663 4610 1862 179 117 2748 1174 1114 267300 10098 8772 24669 17297 158 242631 536 7372 2543 465 4829 1326 242129 239584
internal_count=290268 22968 17451 10389 7062 291 5517 5663 4610 1862 179 117 2748 1174 1114 267300 10098 8772 24669 17297 158 242631 536 7372 2543 465 4829 1326 242129 239584
is_linear=0
shrinkage=0.05


Tree=135
num_leaves=31
num_cat=0
split_feature=0 24 23 17 0 1 13 15 24 5 24 20 23 23 24 0 23 2 16 24 17 23 13 23 20 23 23 1 13 16
split_gain=2.33995 2.16688 2.84189 2.98793 2.33974 2.11597 2.0341 2.6276 2.86985 3.31837 3.20194 2.61325 3.28964 11.947 7.25217 4.60111 3.26761 3.38279 3.51257 3.06439 4.02838 4.52058 4.54831 4.37772 2.93204 2.51324 5.34858 6.77937 2.48421 4.66317
threshold=2.3350000000000004 -0.77999999999999992 -0.35846086284744721 42.500000000000007 3.1250000000000004 8.8050000000000015 1.0000000180025095e-35 72.500000000000014 -0.55499999999999983 17.289285714285715 -0.49499999999999994 240.90000000000003 -0.8142754349318998 -0.82413948779581736 0.89500000000000013 5.9750000000000005 0.31595530242620651 2.7549999999999999 5.8500000000000005 1.6100000000000003 62.500000000000007 0.38043945030393422 9.6500000000000004 0.98174098242282837 152.00000000000003 -0.67801649466304881 -0.6905596507703472 5.2550000000000008 10.250000000000002 8.7500000000000018
decision_type=2 8 2 2 2 2 2 2 10 2 10 10 2 2 10 2 2 2 2 10 2 2 2 2 10 2 2 2 2 2
left_child=-1 2 5 -4 -5 -2 -3 28 9 -9 -10 12 13 -12 15 -15 24 18 -18 20 21 22 -20 -23 25 26 -14 -28 -8 -30
right_child=1 6 3 4 -6 -7 7 8 10 -11 11 -13 16 14 -16 -17 17 -19 19 -21 -22 23 -24 -25 -26 -27 27 -29 29 -31
leaf_value=-0.0029371500818179586 0.00079526524715622037 0.00059134644607819963 -0.004144690777598512 -0.0050222046440558492 -0.00037140558007013944 0.0095398862053379177 -1.5832002056864312e-05 0.00089968326458432523 -0.0020733661752839229 0.0049589786935603898 0.00091436158687787847 -0.00030210444146324235 -0.00010121257556876236 0.0082052076595451971 0.014231166469311716 0.0029379795497423912 -0.0011817861666196137 -0.0014969900026108691 0.010056317206607735 0.00029034301176129526 0.0017177939501968279 0.0024252115194265083 0.0043872662498022066 0.0078221494850835467 0.00039767184964558874 -0.0020990642584370277 0.010478571212753482 -0.00021591465798930618 -0.0011749193977618549 -3.0413449310593388e-05
leaf_weight=2298 438 14194 1402 727 13923 151 131932 4886 1799 474 8062 17296 1417 99 67 220 1642 1363 74 3910 4772 1197 100 71 8884 5765 62 67 26274 36702
leaf_count=2298 438 14194 1402 727 13923 151 131932 4886 1799 474 8062 17296 1417 99 67 220 1642 1363 74 3910 4772 1197 100 71 8884 5765 62 67 26274 36702
internal_value=-6.00836e-05 -4.7402e-05 -0.000601227 -0.00072639 -0.00051536 0.00280985 -1.34351e-05 -4.55998e-05 0.000237275 0.00134328 0.000133029 0.000200841 0.000433918 0.00130327 0.00989637 0.00675548 0.000183466 0.000769669 0.00104283 0.00139075 0.00208078 0.00439667 0.011954 0.00335962 -0.000291758 -0.00103338 0.000756791 0.0105039 -0.000135911 -0.000394278
internal_weight=290268 287970 16641 16052 14650 589 271329 257135 62227 5360 56867 55068 37772 8448 386 319 29324 13129 11766 10124 6214 1442 174 1268 16195 7311 1546 129 194908 62976
internal_count=290268 287970 16641 16052 14650 589 271329 257135 62227 5360 56867 55068 37772 8448 386 319 29324 13129 11766 10124 6214 1442 174 1268 16195 7311 1546 129 194908 62976
is_linear=0
shrinkage=0.05


Tree=136
num_leaves=31
num_cat=0
split_feature=24 2 15 11 23 23 14 9 23 14 23 9 14 19 23 14 1 14 5 4 19 23 9 24 2 4 1 14 23 23
split_gain=2.2203 4.18056 3.00133 3.03996 2.9637 4.6508 4.95607 3.0955 2.76729 3.83522 2.76844 2.36821 2.34433 2.88842 2.26556 2.20738 2.61275 2.2835 2.6373 2.61536 2.15827 2.04685 2.56623 2.91489 2.9294 2.7415 3.38991 2.54733 2.54714 2.46067
threshold=-0.65999999999999981 -1.1999999999999937 66.500000000000014 11.154999732971193 0.91159213926341531 0.91852788691372023 28.050000000000004 616.95419311523449 0.93769647993491489 28.650000000000002 0.93158198870884079 121.83880996704103 29.150000000000002 1.8550000000000002 -0.091258822863740666 25.050000000000004 4.9150000000000009 27.550000000000004 5.7564285714285726 9.5250000000000004 14.415000000000001 -0.99628250747696534 227.55454254150393 1.7100000000000002 0.6399999999999999 9.7750000000000004 4.9650000000000007 28.950000000000003 -0.99864786094873803 -0.98212955754013376
decision_type=8 2 2 2 2 2 2 2 2 2 2 2 2 2 2 2 2 2 2 2 2 2 2 10 2 2 2 2 2 2
left_child=1 14 12 4 11 6 -6 8 9 -7 -11 20 -3 -14 -1 -9 17 -17 19 -19 -4 22 23 28 -25 -24 27 -27 -2 -23
right_child=21 2 3 -5 5 7 -8 15 -10 10 -12 -13 13 -15 -16 16 -18 18 -20 -21 -22 29 25 24 -26 26 -28 -29 -30 -31
leaf_value=0.00039180812241107862 -0.00089206432369993624 -0.0035281719809987962 0.0012717335481866926 0.0059866281941335607 0.011076485941206502 -0.0023650400208557829 0.0030166561392743238 0.0043111928744532669 -0.002914958619077116 0.0018283724486330328 0.012571623998762608 -0.00063868833695246278 0.0064150983124248613 -0.00043300538567909877 -0.0026257303429979965 -0.00020844738455040265 -0.0014810126790902639 0.005979524481519843 0.0066138719271073582 -0.0013041677219062043 0.005937351559500436 0.00074046989860695881 -0.0020478797959619043 0.0020707298566024325 -0.0011383572447329041 0.0012416607516363 0.0010352757695393168 0.0064423756955428058 -0.0064180197228837308 -2.5013101164209319e-05
leaf_weight=1055 2509 1655 2044 51 53 189 69 81 511 100 57 5504 62 6563 4462 115 121 84 50 53 89 9504 799 630 427 59 1253 75 2168 249876
leaf_count=1055 2509 1655 2044 51 53 189 69 81 511 100 57 5504 62 6563 4462 115 121 84 50 53 89 9504 799 630 427 59 1253 75 2168 249876
internal_value=-5.68108e-05 -0.000528563 -0.000149276 0.000473775 0.000405701 0.00245111 0.0118033 0.00161278 -0.000215871 0.00323699 0.00901274 8.51e-06 -0.000839373 -0.000418869 -0.0017283 0.00472222 0.00327423 0.00576159 0.00917112 0.00558394 0.00142288 -1.6275e-05 -0.000808082 -0.0013638 0.00100757 0.000649587 0.00199351 0.00955224 -0.00189972 7.90227e-06
internal_weight=290268 22968 17451 9171 9120 1483 122 1361 857 346 157 7637 8280 6625 5517 504 423 302 187 137 2133 267300 7920 5734 1057 2186 1387 134 4677 259380
internal_count=290268 22968 17451 9171 9120 1483 122 1361 857 346 157 7637 8280 6625 5517 504 423 302 187 137 2133 267300 7920 5734 1057 2186 1387 134 4677 259380
is_linear=0
shrinkage=0.05


Tree=137
num_leaves=31
num_cat=0
split_feature=18 14 8 15 22 13 20 0 23 21 22 23 22 17 14 16 13 17 17 0 19 0 20 22 14 22 22 22 22 22
split_gain=2.15495 1.93572 2.02563 1.93208 3.53583 3.45697 2.85315 3.19697 2.83498 2.83021 3.96622 3.81481 4.21915 7.30061 7.34086 3.80623 3.46739 3.45473 3.97221 2.82452 3.27296 3.05547 4.34812 2.79455 2.65502 3.62185 12.1767 4.46128 2.71613 2.63832
threshold=2.5550000000000002 34.650000000000013 156.50000000000003 66.500000000000014 0.9962888416657264 21.750000000000004 137.60000000000002 7.8850000000000007 0.99988440732898443 117.50000000000001 0.97875492728876534 0.14888728888808328 0.98213580174693105 185.50000000000003 31.350000000000005 12.65 14.350000000000003 298.50000000000006 54.500000000000007 8.9550000000000018 5.3050000000000006 6.2950000000000008 342.00000000000006 0.96234642434711437 32.150000000000013 0.96234642434711437 0.9550229469509578 0.95752911693909493 -0.96689237009891416 0.85673801594079257
decision_type=2 2 2 2 2 2 10 2 2 8 2 2 2 2 2 2 2 2 2 2 2 2 10 2 2 2 2 2 2 2
left_child=-1 2 3 4 5 9 7 -6 -5 10 17 12 13 -12 -15 -13 -14 18 -2 20 -20 22 -22 -24 -11 26 28 -28 -26 -21
right_child=1 -3 -4 8 6 -7 -8 -9 -10 24 11 15 16 14 -16 -17 -18 -19 19 29 21 -23 23 -25 25 -27 27 -29 -30 -31
leaf_value=-0.0021380750153383028 -0.0010346425941612474 0.0033136023650482179 0.011736663769318473 0.00010441274807560053 -0.00054387535089604538 -0.0015273122986913612 -0.0034215667863039673 0.0037077248751988556 -0.0058338500579607462 -0.0011412267401835448 -0.0027692245339483012 0.0039926733974452872 -0.00030595326237846892 0.010886053837684415 0.0077993854132028658 0.0098167154370030381 0.0042594040958650213 -0.0010080804623678232 -0.0003508769901135496 2.7483581290030163e-05 0.00068766906737053213 0.00042243040950476658 0.0027163427374599239 0.008364032924591952 0.0068971839794237629 -0.0037586915184703246 0.0088073042996719645 0.0056827914879074648 -0.00014785126595272984 -0.0021173504465568631
leaf_weight=3457 12476 991 55 135143 582 8769 2699 184 480 13451 112 752 2857 55 94 114 379 15006 8601 46813 5599 18546 3492 55 497 1042 88 116 5300 2463
leaf_count=3457 12476 991 55 135143 582 8769 2699 184 480 13451 112 752 2857 55 94 114 379 15006 8601 46813 5599 18546 3492 55 497 1042 88 116 5300 2463
internal_value=-5.64663e-05 -4.15094e-05 -4.9158e-05 -5.10046e-05 -0.000174569 -0.000137276 -0.00175325 0.000939947 8.57881e-05 -7.60664e-05 1.85656e-05 0.00149782 0.000762081 0.00687739 0.0141275 0.00446882 0.000268849 -3.85236e-05 6.96097e-05 0.000191131 0.000525858 0.00079048 0.00153838 0.00290809 -0.000618231 0.000168251 0.000640725 0.0126471 0.000218215 -5.54034e-05
internal_weight=290268 286811 285820 285765 150142 146677 3465 766 135623 137908 117414 4363 3497 261 149 866 3236 113051 98045 85569 36293 27692 9146 3547 20494 7043 6001 204 5797 49276
internal_count=290268 286811 285820 285765 150142 146677 3465 766 135623 137908 117414 4363 3497 261 149 866 3236 113051 98045 85569 36293 27692 9146 3547 20494 7043 6001 204 5797 49276
is_linear=0
shrinkage=0.05


Tree=138
num_leaves=31
num_cat=0
split_feature=24 23 17 19 16 16 16 23 16 23 24 22 13 17 3 23 23 18 22 23 23 1 22 22 17 22 24 22 22 20
split_gain=2.16774 3.04395 3.06526 2.71553 2.13975 2.53409 2.68737 2.06697 2.45712 2.31308 3.22001 5.59112 7.88444 2.82431 2.641 2.60714 10.8827 13.1413 10.7386 6.37409 14.899 11.8832 11.1259 6.29343 5.87596 5.72078 5.45328 19.4388 11.7333 13.4375
threshold=-0.77999999999999992 -0.35846086284744721 42.500000000000007 3.0450000000000004 12.050000000000002 9.4500000000000011 8.6500000000000004 -0.99628250747696534 18.350000000000005 -0.98212955754013376 0.05000000000000001 0.12545942051955489 5.3500000000000005 56.500000000000007 6.1783333333333346 -0.87810534180523914 -0.8142754349318998 5.6450000000000005 0.57077594689671507 -0.91595872546125101 -0.9292178835113839 6.955000000000001 0.30983042691905771 0.29342972903661901 187.50000000000003 0.39036257410962044 -0.049999999999999996 -0.28519255817492867 -0.33425342068356556 431.60000000000008
decision_type=8 2 2 2 2 2 2 2 2 2 10 2 2 2 2 2 2 2 2 2 2 2 2 2 2 2 10 2 2 10
left_child=1 4 -3 -4 5 6 -1 8 -2 10 11 -9 -13 -12 -14 19 17 18 -17 20 22 24 23 26 -22 -26 27 28 -11 -30
right_child=7 2 3 -5 -6 -7 -8 9 -10 15 13 12 14 -15 -16 16 -18 -19 -20 -21 21 -23 -24 -25 25 -27 -28 -29 29 -31
leaf_value=0.0013603458818085695 -0.0011206024274834467 -0.0039526741076390945 -0.005160158939762495 -0.00032950513906970737 0.0060368389657912726 -0.0041812773945365264 0.0083763858242235974 0.00062648108641253785 0.0020288946379796897 0.00071534090657732511 0.0028298181522264701 0.0020840101792155793 0.010229338949317806 -1.6811665009497751e-05 0.0064057083763421055 0.0047157383215127692 -5.3857872625679082e-05 0.0011737949635432729 0.0098471578615769058 -0.0027386998480138664 0.0027485709465868914 0.0012583887845881332 -0.0048671929901054215 0.0027110001006660656 0.011013803363818095 0.0049541426585416092 -0.00077494459079287259 -0.0020483742235106695 0.01238365816339462 0.003291909343616116
leaf_weight=279 7866 1417 826 13993 59 148 108 1584 54 396 417 529 96 6711 167 936 216414 9951 201 7920 348 2315 3168 792 293 212 11286 1188 301 293
leaf_count=279 7866 1417 826 13993 59 148 108 1584 54 396 417 529 96 6711 167 936 216414 9951 201 7920 348 2315 3168 792 293 212 11286 1188 301 293
internal_value=-5.23321e-05 -0.000603091 -0.000731709 -0.000519267 0.00291246 0.00191589 0.00404393 -1.84332e-05 -0.000814395 5.30918e-06 0.000771253 0.00236532 0.00579545 0.000239898 0.0128707 -2.31249e-05 3.33612e-05 0.00156115 0.00665347 -0.000473837 -1.01993e-05 0.00314394 -0.000583679 1.19236e-05 0.00818874 0.0116337 -0.000242871 0.00204775 0.00722222 0.0116667
internal_weight=290268 16830 16236 14819 594 535 387 273438 7920 265518 9504 2376 792 7128 263 256014 227502 11088 1137 28512 20592 3168 17424 14256 853 505 13464 2178 990 594
internal_count=290268 16830 16236 14819 594 535 387 273438 7920 265518 9504 2376 792 7128 263 256014 227502 11088 1137 28512 20592 3168 17424 14256 853 505 13464 2178 990 594
is_linear=0
shrinkage=0.05


Tree=139
num_leaves=31
num_cat=0
split_feature=0 22 22 23 22 18 1 23 24 3 22 19 13 14 1 14 24 24 22 22 13 19 0 14 23 24 18 23 17 19
split_gain=2.05282 1.93901 4.38179 11.3932 8.17202 7.43635 4.64306 3.73333 3.52634 4.28093 3.87627 6.46452 6.96603 3.09346 3.03829 6.62071 2.98051 4.66186 4.03436 13.1399 4.84994 4.67038 7.34922 4.33964 3.97756 9.23682 5.38053 4.89006 4.40469 4.243
threshold=2.3350000000000004 -0.99763297024448894 -0.98214942551678475 -0.15950993297387572 -0.97113884758256674 26.985000000000003 11.685 0.19969739736768838 1.4950000000000003 4.7516666666666678 -0.99630266176052629 16.755000000000006 0.25000000000000006 35.350000000000001 4.3550000000000013 25.950000000000003 0.05000000000000001 0.095000000000000015 -0.90893996196865023 -0.84315017450793706 4.4500000000000011 8.7750000000000004 7.0150000000000006 30.150000000000002 0.14888728888808328 -0.029999999999999995 5.0050000000000008 0.063390085881955341 54.500000000000007 7.1250000000000009
decision_type=2 2 2 2 2 2 2 2 10 2 2 2 2 2 2 2 10 10 2 2 2 2 2 2 2 10 2 2 2 2
left_child=-1 -2 3 6 5 -4 14 -7 -5 -10 11 -11 -13 -12 -3 -16 24 -18 -19 20 -20 -22 -23 -24 26 -26 -6 -28 29 -29
right_child=1 2 4 8 16 7 -8 -9 9 10 13 12 -14 -15 15 -17 17 18 19 -21 21 22 23 -25 25 -27 27 28 -30 -31
leaf_value=-0.0027367370459081258 -0.0013220722517940263 -0.00116238993937109 -0.0034001851219366309 -0.00031718938206729431 0.0024086153095306878 -7.369754265603897e-05 0.001359116537749918 0.018561622216548904 0.013914683964096715 -0.00044211490893902741 0.00053594685269529874 0.025387357488496701 0.0046170199766275948 0.014086219821552701 0.010213463364739503 0.0042012768541993114 -0.002003476709732787 -0.002779944989050165 0.0022425156145927235 -0.0001942505488359516 0.0016587545293750422 0.014335535597027603 0.00091155021613358164 0.0099103616914846988 2.6597849835656772e-05 -0.0031032605787535542 0.00024764990148930737 0.0079471038165297905 0.001569363219759449 0.0038609374861371445
leaf_weight=2298 6304 107 4590 7089 4568 63 506 72 52 189 1880 51 154 50 54 917 6120 4347 2017 106863 458 60 203 430 84942 4548 49524 89 1494 229
leaf_count=2298 6304 107 4590 7089 4568 63 506 72 52 189 1880 51 154 50 54 917 6120 4347 2017 106863 458 60 203 430 84942 4548 49524 89 1494 229
internal_value=-5.19876e-05 -4.01095e-05 -2.06995e-05 0.000955289 -6.0548e-05 -0.00212169 0.00488005 0.00944444 0.000298467 0.00196549 0.00164802 0.00616751 0.0123171 0.000725387 0.00673469 0.00761586 -2.39207e-05 -0.000207805 -0.000135866 -7.68432e-05 0.00309659 0.00568636 0.00827561 0.00669036 0.000128477 -7.82222e-05 0.000459358 0.000313034 0.00286424 0.00820755
internal_weight=290268 287970 281666 11049 270617 4725 1584 135 9465 2376 2324 394 205 1930 1078 971 265892 120498 114378 110031 3168 1151 693 633 145394 89490 55904 51336 1812 318
internal_count=290268 287970 281666 11049 270617 4725 1584 135 9465 2376 2324 394 205 1930 1078 971 265892 120498 114378 110031 3168 1151 693 633 145394 89490 55904 51336 1812 318
is_linear=0
shrinkage=0.05


Tree=140
num_leaves=31
num_cat=0
split_feature=9 15 22 22 13 22 16 22 9 23 20 24 24 23 5 5 9 22 22 22 24 20 22 22 22 9 20 13 19 24
split_gain=2.06033 2.93033 3.33369 4.26489 3.62853 3.50434 3.36281 3.25621 2.94026 4.89142 6.05707 2.86144 3.84253 3.90686 6.01241 2.83992 2.91539 2.9938 9.25857 9.64288 10.3567 6.78757 4.27558 3.74531 9.04569 10.8662 7.21759 5.07241 4.81796 4.72462
threshold=34.920574188232429 66.500000000000014 0.99552231814189451 0.94978112945126536 15.15 0.93845596220871974 8.4500000000000011 -0.49064630004295678 246.29627990722659 0.26659387353423869 403.65000000000003 0.095000000000000015 1.1900000000000002 -0.099822328936730861 8.1421428571428596 8.7321428571428594 298.48324584960943 0.51297097409535064 0.58481550752069722 0.57077594689671507 0.47500000000000003 229.10000000000002 0.45273815774107123 0.90162119223771331 0.93845596220871974 845.66873168945324 220.50000000000003 13.250000000000002 5.1350000000000007 1.6100000000000003
decision_type=2 2 2 2 2 2 2 2 2 2 8 10 10 2 2 2 2 2 2 2 10 8 2 2 2 2 8 2 2 10
left_child=-1 2 3 4 5 -2 -6 -8 9 11 -11 -5 13 -13 -15 16 -3 22 19 21 -21 -19 -18 28 25 27 -27 -25 29 -20
right_child=1 15 -4 8 6 -7 7 -9 -10 10 -12 12 -14 14 -16 -17 17 18 23 20 -22 -23 -24 24 -26 26 -28 -29 -30 -31
leaf_value=0.00031129981448554375 -0.00019019587802828974 -0.00046611665999063737 -0.0021637350061011105 -0.0035567004088009773 -0.002607660339517304 -0.0049517824571237252 0.00052471147301916526 -0.0016247726901985459 0.0027295732325172501 -0.0016355338928030615 0.0060711713661811733 -6.2746877561622571e-06 -0.0036347550795020802 0.0068647271021836714 0.00072166389098805546 0.00038767932356268396 2.0826726114531204e-05 0.0048003556670684379 0.00045577822664190587 0.0013398777333188793 0.0080893197841657976 -0.00013836093068562367 -0.0045157383598912479 0.0061224194571131013 0.00021722975701705854 0.0040668924930078627 0.014836447220111515 -0.00044059711724926789 -0.0019027429878476889 0.007882582688037312
leaf_weight=39103 89525 46154 3716 1367 6317 1058 4482 5973 2755 331 401 2879 828 358 762 49386 19775 473 1907 150 202 878 1441 518 4177 103 112 522 4300 315
leaf_count=39103 89525 46154 3716 1367 6317 1058 4482 5973 2755 331 401 2879 828 358 762 49386 19775 473 1907 150 202 878 1441 518 4177 103 112 522 4300 315
internal_value=-5.28489e-05 -0.00010541 -0.000282895 -0.000236082 -0.000326721 -0.000201639 -0.00100227 -0.000451938 0.000769031 0.000219462 0.0040847 -0.000237328 0.000334575 0.000976493 0.00348214 5.8927e-05 -0.000123232 0.000221804 0.000799223 0.00424838 0.0116193 0.0023279 -0.000149888 0.000307846 0.00127761 0.005 0.0152326 0.00288461 -0.000499848 0.00139064
internal_weight=290268 251165 120752 117036 107355 90583 16772 10455 9681 6926 732 6194 4827 3999 1120 130413 81027 34873 13657 1703 352 1351 21216 11954 5432 1255 215 1040 6522 2222
internal_count=290268 251165 120752 117036 107355 90583 16772 10455 9681 6926 732 6194 4827 3999 1120 130413 81027 34873 13657 1703 352 1351 21216 11954 5432 1255 215 1040 6522 2222
is_linear=0
shrinkage=0.05


Tree=141
num_leaves=31
num_cat=0
split_feature=9 15 14 21 3 19 23 23 4 24 22 14 23 20 3 16 20 2 14 20 22 22 24 2 23 23 22 22 14 19
split_gain=1.93181 2.76875 3.48373 3.70721 2.92204 2.73031 2.35075 4.74269 2.4722 2.13062 2.72275 2.5678 2.49726 2.99362 2.81132 2.61432 2.48788 2.14296 2.08227 2.41298 2.96543 3.44778 2.43069 2.47864 2.40648 8.10734 3.486 5.92438 5.22212 5.11845
threshold=44.421846389770515 69.500000000000014 27.950000000000003 16.900000000000002 9.2750000000000021 8.4850000000000012 0.9980355542543059 0.98486764554468398 7.3350000000000009 0.24500000000000002 0.15951094710994371 24.350000000000005 -0.30982845708428081 273.40000000000003 6.8816666666666677 8.1500000000000004 183.20000000000002 -2.1299999999999968 25.350000000000005 268.2000000000001 -0.35041564478062465 0.98802474685579866 1.7100000000000002 -0.51500000000000046 -0.6391983530350368 -0.50557503990954278 0.70290292807158605 0.73865729060996177 29.250000000000004 4.3950000000000005
decision_type=2 2 2 8 2 2 2 2 2 10 2 2 2 10 2 2 10 2 2 10 2 2 10 2 2 2 2 2 2 2
left_child=-1 2 3 4 9 -5 7 18 -8 10 12 17 13 -2 15 -15 -14 -11 -3 24 -21 22 -22 -24 26 -26 -20 28 -28 -30
right_child=1 6 -4 5 -6 -7 8 -9 -10 11 -12 -13 16 14 -16 -17 -18 -19 19 20 21 -23 23 -25 25 -27 27 -29 29 -31
leaf_value=0.0002469516545430687 -0.0010864458647381126 -0.00080631931494304972 -0.00017955324973042302 -0.003346960033379906 -0.0026572252669858311 7.9406713159540501e-05 0.0024750294786722994 0.0018091517752043215 -0.0040649779204006255 0.0060160710165293469 0.001715417627784038 -0.0023895941803260467 0.0048510171259992414 0.0016130007746940731 6.3861735451194849e-05 0.0063025406963315087 -0.002118659853469295 0.00076140697392851158 0.00055822284431541124 0.00054392025549938265 -0.0014107618745933953 0.0023445886007942992 0.0063798470113110885 -0.00037580969256574082 -0.0030979176884221369 0.00036751914776619844 0.0012763053203069588 -5.7384300788580043e-05 0.010723303996824536 0.0047557062502922879
leaf_weight=50911 629 8350 127298 4372 2328 1331 266 4299 1460 60 2972 2516 175 164 267 170 3175 224 14043 8914 12465 978 163 272 3345 37562 401 786 113 259
leaf_count=50911 629 8350 127298 4372 2328 1331 266 4299 1460 60 2972 2516 175 164 267 170 3175 224 14043 8914 12465 978 163 272 3345 37562 401 786 113 259
internal_value=-5.09541e-05 -0.000110443 -0.000246808 -0.000890226 -0.000414039 -0.00194898 0.000101626 0.000135942 -0.00172654 -5.4097e-05 0.000382679 -0.00123214 -0.000382097 0.00154471 0.00406822 0.00712575 -0.00108955 0.00327465 5.64157e-05 0.000135495 -0.00029879 -0.000755874 -0.000972869 0.00270115 0.000310657 0.000109149 0.000838994 0.0030821 0.00619017 0.010457
internal_weight=290268 239357 145681 18383 12680 5703 93676 91950 1726 10352 7552 2800 4580 1230 601 334 3350 284 87651 79301 22792 13878 12900 435 56509 40907 15602 1559 773 372
internal_count=290268 239357 145681 18383 12680 5703 93676 91950 1726 10352 7552 2800 4580 1230 601 334 3350 284 87651 79301 22792 13878 12900 435 56509 40907 15602 1559 773 372
is_linear=0
shrinkage=0.05


Tree=142
num_leaves=31
num_cat=0
split_feature=24 0 23 16 4 10 17 23 24 20 22 13 1 17 22 20 22 22 23 16 22 17 22 13 3 16 22 24 13 22
split_gain=2.0068 2.93673 2.71261 2.25292 2.07364 2.09294 2.00888 2.55053 4.3005 4.34034 4.92849 2.59985 2.7465 2.52707 2.44913 2.88123 2.91402 2.80683 3.57501 2.86204 2.76845 2.6635 2.44235 2.44024 4.78428 3.27803 2.42915 3.63239 3.98967 3.49487
threshold=-0.77999999999999992 4.8550000000000013 -0.22700609751797865 8.6500000000000004 17.905000000000005 5.8387725353240976 203.50000000000003 0.99855310097228334 -0.49499999999999994 403.65000000000003 0.039769539193789977 0.95000000000000007 5.1050000000000013 326.50000000000006 0.9962888416657264 188.00000000000003 0.99966190462023474 0.98667101781630195 0.11478523713130605 8.3500000000000032 0.98522604642031408 279.50000000000006 0.99983759474438971 13.65 4.3850000000000007 13.350000000000003 0.97875492728876534 0.095000000000000015 20.150000000000002 0.98049069993378934
decision_type=8 2 2 2 2 2 2 2 10 8 2 2 2 2 2 8 2 2 2 2 2 2 2 2 2 2 2 10 2 2
left_child=1 2 3 -1 -3 -6 -2 13 -9 -10 11 -11 -13 14 17 16 -16 20 23 -20 26 -21 -18 -19 -25 -26 -8 -28 29 -29
right_child=6 4 -4 -5 5 -7 7 8 9 10 -12 12 -14 -15 15 -17 22 18 19 21 -22 -23 -24 24 25 -27 27 28 -30 -31
leaf_value=-0.0027145391429117174 -0.00016312639262503978 1.200152627757321e-05 -0.0024032859209074833 0.0061296017634371721 -0.0043003132535179445 0.0038516710184138599 0.00028548712068434128 -0.0034808266629666484 -0.0019956129637333938 0.0056082799907498171 -0.009946396795396174 0.0040306711941365146 0.0016745206532352318 -0.00038257948307275348 -0.0010106899895306052 -0.0019432206250377241 0.0054804579392782205 -0.0008145632080495352 -0.00095507100369584218 0.0067194219735905412 -0.0068999787461135739 0.0036218044898800247 0.0013490491521887518 0.0081138286231262121 0.00098310395383731982 0.0073522610281808176 -0.00068815710799323253 0.008291977806712569 0.0085653120789836688 0.00066783393032453491
leaf_weight=164 152683 11118 4391 184 913 60 89436 1495 1641 62 150 120 272 20573 219 2395 51 1275 207 214 368 396 77 50 604 57 409 192 58 434
leaf_count=164 152683 11118 4391 184 913 60 89436 1495 1641 62 150 120 272 20573 219 2395 51 1275 207 214 368 396 77 50 604 57 409 192 58 434
internal_value=-4.94038e-05 -0.000579324 -0.00163431 0.00261494 -0.000165827 -0.00237924 -1.67874e-05 0.000135604 -0.00114973 0.000233852 0.00385761 0.00645374 0.00494898 0.000176686 0.000284004 -0.00118891 0.00306916 0.000327107 0.00188548 0.00466952 0.000279051 0.00639344 0.0090625 0.00074018 0.0030872 0.00195915 0.000296644 0.00263952 0.00486842 0.00370607
internal_weight=290268 16830 4739 348 12091 973 273438 120755 3740 2245 604 454 392 117015 96442 2742 347 93700 2803 817 90897 610 128 1986 711 661 90529 1093 684 626
internal_count=290268 16830 4739 348 12091 973 273438 120755 3740 2245 604 454 392 117015 96442 2742 347 93700 2803 817 90897 610 128 1986 711 661 90529 1093 684 626
is_linear=0
shrinkage=0.05


Tree=143
num_leaves=31
num_cat=0
split_feature=18 11 17 15 16 13 16 17 23 21 22 23 14 15 19 3 22 23 22 22 13 14 19 14 22 22 23 22 1 13
split_gain=1.98905 1.84923 1.81612 2.30806 2.46818 2.99741 2.41491 2.28478 2.71016 2.29875 3.6198 2.66347 2.24512 3.34598 2.65434 3.75646 2.85676 2.53836 2.92536 2.25646 2.21221 2.19112 2.49752 2.1464 2.13982 2.92019 2.61755 4.01239 3.0918 4.59325
threshold=2.5550000000000002 21.23499965667725 203.50000000000003 38.500000000000007 12.750000000000002 4.7500000000000009 9.4500000000000011 326.50000000000006 0.99855310097228334 12.500000000000002 0.99983759474438971 0.95178258287705175 27.150000000000002 80.500000000000014 7.3950000000000005 9.4883333333333351 -0.95244167294248061 -0.97874870457683594 0.15951094710994371 -0.83377653105606597 0.55000000000000016 29.050000000000004 3.4050000000000007 32.150000000000013 0.9962888416657264 0.97696484778429815 -0.099822328936730861 0.98522604642031408 7.1150000000000011 20.150000000000002
decision_type=2 2 2 2 2 2 2 2 2 10 2 2 2 2 2 2 2 2 2 2 2 2 2 2 2 2 2 2 2 2
left_child=-1 2 3 -2 5 6 -5 8 24 -9 11 -11 13 -7 15 -14 -17 18 -15 -16 -13 -18 -23 -22 25 -4 27 -27 29 -28
right_child=1 -3 7 4 -6 12 -8 9 -10 10 -12 20 14 17 19 16 21 -19 -20 -21 23 22 -24 -25 -26 26 28 -29 -30 -31
leaf_value=-0.0018539167075548998 0.0041169358210115239 0.0017717711611909851 0.00021486705597383783 0.00060204278931175409 -0.0007330724991915713 -0.0022017129335034145 -0.00019052431853554242 0.00033105764912943569 -0.0019084027768728586 -0.0012850716398140794 0.0063093523326710026 -0.0024924593835803283 -0.00010719272359209337 0.0008163730336948901 0.00038927754256881328 -0.001750647908193696 0.0035342217237975537 -0.00015192476838910956 0.0042467643099102703 -0.00086034524504225232 0.00049665994632691244 0.0046758771623988254 0.001104268694936973 0.0049701468788796773 -0.0012540897499391176 0.0030433267666471787 0.0033484777719809036 -0.0018979829484466366 0.0013181687348120315 0.0076866847158851455
leaf_weight=3457 341 4816 95060 28951 24292 8463 24340 6831 3041 12467 114 397 25729 348 7583 615 1133 4058 80 25539 2042 131 3021 90 2728 651 758 1439 1554 199
leaf_count=3457 341 4816 95060 28951 24292 8463 24340 6831 3041 12467 114 397 25729 348 7583 615 1133 4058 80 25539 2042 131 3021 90 2728 651 758 1439 1554 199
internal_value=-4.73368e-05 -3.29672e-05 -4.95588e-05 -0.000164723 -0.000173805 -8.73534e-05 0.000200689 9.0247e-05 0.000186853 -0.000373959 -0.000718069 -0.000785544 -0.000287485 -0.000887715 -0.000165567 0.000169936 0.00143877 0.000216227 0.0038785 -0.000475818 0.000693949 0.00189615 0.00121827 0.00133208 0.000230541 0.000268359 0.00149859 0.000191386 0.00258662 0.00482236
internal_weight=290268 286811 281995 154624 154283 129991 53291 127371 105430 21941 15110 14996 76700 12949 63751 30629 4900 4486 428 33122 2529 4285 3152 2132 102389 99661 4601 2090 2511 957
internal_count=290268 286811 281995 154624 154283 129991 53291 127371 105430 21941 15110 14996 76700 12949 63751 30629 4900 4486 428 33122 2529 4285 3152 2132 102389 99661 4601 2090 2511 957
is_linear=0
shrinkage=0.05


Tree=144
num_leaves=31
num_cat=0
split_feature=24 0 23 16 13 23 15 14 13 22 24 24 22 20 22 14 16 22 13 24 13 21 1 17 17 15 13 2 22 21
split_gain=1.95658 2.87607 2.48319 2.42277 1.95791 2.52315 2.15021 3.90855 3.68829 2.88749 2.96446 3.13118 3.51744 4.48271 4.57797 4.92927 2.78733 3.18261 3.18162 2.94189 2.65051 2.63646 3.32351 6.69912 3.06176 3.43247 2.60072 3.98079 2.54237 2.7059
threshold=-0.77999999999999992 5.205000000000001 -0.15950993297387572 11.750000000000002 1.0000000180025095e-35 0.99988440732898443 72.500000000000014 27.850000000000005 7.5500000000000007 0.99995780822346225 -0.55499999999999983 -0.49499999999999994 -0.77245553105869302 240.90000000000003 -0.75015329512557205 28.450000000000003 14.050000000000002 -0.43733984355855576 15.550000000000002 -0.60499999999999987 17.750000000000004 12.500000000000002 4.5650000000000004 250.50000000000003 277.50000000000006 57.500000000000007 15.450000000000001 -0.39000000000000029 -0.91597725483594616 67.500000000000014
decision_type=8 2 2 2 2 2 2 2 2 2 10 10 2 8 2 2 2 2 2 10 2 8 2 2 2 2 2 2 2 10
left_child=1 2 3 -1 -2 6 7 8 21 10 16 -12 -13 -14 15 -15 17 20 19 -18 -8 22 23 -6 -25 -26 27 -11 -20 -30
right_child=4 -3 -4 -5 5 -7 9 -9 -10 26 11 12 13 14 -16 -17 18 -19 28 -21 -22 -23 -24 24 25 -27 -28 -29 29 -31
leaf_value=0.00040890423610506809 0.00050875206706348433 -0.00010763883033133963 -0.0022161875602497473 0.008764904568360812 0.00035473956401873316 -0.0031408413084321215 0.0029433695233343497 -4.7622157040508621e-05 -0.0021482325824716212 0.0096766019874269648 -0.0019689426093475837 -0.00089781019505473243 0.00089305153698479914 0.0070210054605780309 -0.00018019341397977905 -0.0018950998426356812 -0.0012751022083376563 -0.00044856806097520708 -0.0010164172872133448 0.0043319367410896512 -0.00034909662511793308 -0.00086680209480217204 0.00022842259930371293 0.007611564412448495 0.007226317138657963 0.0024568595728906035 0.00040220628810411999 0.0010482506107699595 0.0069366963869634778 0.0021931177875170122
leaf_weight=528 14199 11283 4941 78 598 878 1528 174249 10693 57 1820 6453 21965 87 26708 59 246 2291 60 187 865 6415 3301 84 53 178 114 67 195 88
leaf_count=528 14199 11283 4941 78 598 878 1528 174249 10693 57 1820 6453 21965 87 26708 59 246 2291 60 187 865 6415 3301 84 53 178 114 67 195 88
internal_value=-4.71645e-05 -0.000570411 -0.00150262 0.00151815 -1.49589e-05 -4.62712e-05 -3.71779e-05 -0.000118909 -0.000757904 0.00021739 0.000196475 9.00289e-05 0.000157221 0.000302238 -0.00013108 0.00869863 0.00130952 0.0008497 0.00408505 0.00123556 0.00212495 -9.83171e-05 0.000873278 0.00354326 0.00944444 0.00647186 0.00571428 0.0107258 0.00768221 0.00966431
internal_weight=290268 16830 5547 606 273438 259239 258361 195571 21322 62790 62552 57092 55272 48819 26854 146 5460 4684 776 433 2393 10629 4214 913 315 231 238 124 343 283
internal_count=290268 16830 5547 606 273438 259239 258361 195571 21322 62790 62552 57092 55272 48819 26854 146 5460 4684 776 433 2393 10629 4214 913 315 231 238 124 343 283
is_linear=0
shrinkage=0.05


Tree=145
num_leaves=31
num_cat=0
split_feature=8 24 17 19 9 4 19 14 17 15 16 13 20 5 13 16 14 24 2 13 20 24 17 14 13 24 24 14 20 16
split_gain=1.89766 1.7709 2.76201 2.53322 2.21858 1.82716 1.81076 2.01966 1.80629 2.18208 2.22242 2.99627 3.79238 3.18861 3.42739 2.91124 2.90886 2.41371 2.08875 1.99782 1.97147 2.59239 2.94641 2.44395 2.82916 2.25527 3.35947 4.29314 2.73035 2.5716
threshold=175.00000000000003 -0.77999999999999992 42.500000000000007 3.0450000000000004 20.209087371826175 17.905000000000005 20.105000000000004 27.450000000000003 203.50000000000003 38.500000000000007 12.750000000000002 9.2500000000000018 254.90000000000003 32.962857142857153 17.250000000000004 9.4500000000000011 28.050000000000004 -0.40499999999999997 6.0700000000000021 1.9500000000000002 309.30000000000001 0.05000000000000001 98.500000000000014 26.650000000000002 8.5500000000000025 -0.064999999999999988 -0.049999999999999996 29.550000000000004 226.60000000000002 7.0500000000000007
decision_type=2 8 2 2 2 2 2 2 2 2 2 2 10 2 2 2 2 8 2 2 8 10 2 2 2 8 8 2 10 2
left_child=1 2 -1 -4 -5 6 7 -6 9 -3 11 15 13 -13 -15 17 -14 -11 -17 -12 21 22 25 24 -22 -19 27 28 29 -27
right_child=-2 8 3 4 5 -7 -8 -9 -10 10 19 12 16 14 -16 18 -18 20 -20 -21 23 -23 -24 -25 -26 26 -28 -29 -30 -31
leaf_value=-0.0033398561325807805 0.010356878759443737 0.0039566808102901056 -0.0044983546425195918 0.0032538224008969137 -0.0015328064874420501 -0.0032290075472765026 0.00760916617804852 5.2914432411757824e-05 0.00012627681468295156 0.0014968904728797428 -0.0014034367734196429 -5.2844355366465317e-05 -0.0032340450696604038 0.019393578423711005 -0.0032923709926095165 -0.00037114247611753958 -0.00079341566937648773 0.00063320893564391284 0.0026161521636779202 -9.2508820503089045e-05 0.0022858741666154816 -0.00071320765660587253 -0.00025328391043933219 0.00056644621834935072 0.011319334926837576 0.012199098804517593 0.0013658733910078219 -0.00015540318920983744 0.0069663272752240454 0.010553672606389675
leaf_weight=1540 73 495 849 509 2304 814 70 10744 120750 4518 12843 29268 3066 106 93 31509 17109 2162 2145 11806 1180 9094 4153 21270 60 63 1386 130 98 61
leaf_count=1540 73 495 849 509 2304 814 70 10744 120750 4518 12843 29268 3066 106 93 31509 17109 2162 2145 11806 1180 9094 4153 21270 60 63 1386 130 98 61
internal_value=-4.682e-05 -4.88477e-05 -0.000546644 -0.000343363 -0.000187315 -0.000305772 -0.000163136 -0.000206163 -1.82003e-05 -0.000132524 -0.000143309 -5.92696e-05 -0.000362799 -1.18896e-06 0.00630653 0.000134332 -0.000890955 0.000401244 -0.000216023 -0.000577915 0.000276495 -0.000127429 0.00052589 0.000584184 0.00274193 0.00151282 0.00285385 0.00721591 0.0114414 0.016371
internal_weight=290268 290195 16830 15290 14441 13932 13118 13048 273365 152615 152120 127471 49642 29467 199 77829 20175 44175 33654 24649 39657 17147 8053 22510 1240 3900 1738 352 222 124
internal_count=290268 290195 16830 15290 14441 13932 13118 13048 273365 152615 152120 127471 49642 29467 199 77829 20175 44175 33654 24649 39657 17147 8053 22510 1240 3900 1738 352 222 124
is_linear=0
shrinkage=0.05


Tree=146
num_leaves=31
num_cat=0
split_feature=22 22 23 20 22 14 1 22 23 3 2 20 20 13 16 23 14 16 1 4 21 22 3 17 16 22 19 15 22 20
split_gain=1.91451 4.20174 7.92107 5.38178 4.88145 3.11136 3.75735 2.83165 5.6976 5.39288 5.25014 5.00097 4.05705 3.85029 3.18561 2.27251 2.71471 3.57441 3.39923 6.42352 2.86002 2.67419 2.91721 3.86875 2.25675 2.0778 2.61548 4.88199 2.53326 2.84929
threshold=-0.99763297024448894 -0.98523971305672675 -0.15950993297387572 808.40000000000009 -0.97113884758256674 28.150000000000002 4.5150000000000006 -0.98214942551678475 0.16587474750015932 8.9516666666666698 5.0900000000000034 487.40000000000003 298.90000000000003 10.550000000000002 8.3500000000000032 -0.10837475778693638 29.450000000000003 4.5500000000000007 6.2750000000000012 9.2650000000000023 27.500000000000004 -0.9905448150984083 7.1116666666666681 171.50000000000003 6.7500000000000009 -0.98803845231459242 18.675000000000004 50.500000000000007 -0.99275805973510278 348.00000000000006
decision_type=2 2 2 10 2 2 2 2 2 2 2 10 10 2 2 2 2 2 2 2 10 2 2 2 2 2 2 2 2 10
left_child=-1 2 5 15 7 6 -2 8 9 12 -9 -12 14 -11 -3 -4 17 -17 19 20 -18 22 23 -21 -7 26 28 -28 -20 -30
right_child=1 4 3 -5 -6 24 -8 10 -10 13 11 -13 -14 -15 -16 16 18 -19 25 21 -22 -23 -24 -25 -26 -27 27 -29 29 -31
leaf_value=-0.001217242696425553 0.0094051956904214456 0.0032462862413188153 -0.0013226160183426453 0.014917728875750717 -3.5762080800080203e-05 0.0079517595809804331 0.010494613575053019 -0.00323443029140975 -0.0036519106940873869 -0.0029309058021156262 0.00017912234968664302 0.019116039645784358 0.0014014675822327583 0.0049855313879465582 0.0052685664361869135 0.013228032369707186 -0.0011420648095294701 -0.0010411681410356169 -0.00037487830811686772 0.0062870720269428363 0.0061406405268046912 0.015202233878165378 0.00013939701467691545 0.0017912397039131179 0.0029067723237617979 -0.0041337520755785435 0.016117861270004606 0.0023622437618933444 -0.00091957882779966334 0.0045722539093577099
leaf_weight=6336 50 88 2357 136 268092 55 82 4556 792 367 131 65 136 93 108 56 299 2124 1642 66 106 80 86 76 605 464 103 455 264 398
leaf_count=6336 50 88 2357 136 268092 55 82 4556 792 367 131 65 136 93 108 56 299 2124 1642 66 106 80 86 76 605 464 103 455 264 398
internal_value=-4.47529e-05 -2.55707e-05 0.001008 0.000572772 -6.13652e-05 0.00579545 0.012803 -0.00143308 0.000397726 0.00339646 -0.00204335 0.00596939 0.00825301 -0.000108697 0.0128571 0.000416277 0.000917349 -0.000504588 0.00168482 0.00481767 0.000679011 0.0102597 0.0075 0.0119014 0.00439394 0.00101323 0.00151642 0.00458781 0.000772568 0.00338368
internal_weight=290268 283932 9504 8712 274428 792 132 6336 1584 792 4752 196 332 460 196 8576 6219 2180 4039 713 405 308 228 142 660 3326 2862 558 2304 662
internal_count=290268 283932 9504 8712 274428 792 132 6336 1584 792 4752 196 332 460 196 8576 6219 2180 4039 713 405 308 228 142 660 3326 2862 558 2304 662
is_linear=0
shrinkage=0.05


Tree=147
num_leaves=31
num_cat=0
split_feature=9 15 22 22 22 13 14 15 13 17 24 22 24 13 3 24 22 9 22 14 9 17 22 22 9 0 19 15 20 20
split_gain=1.82297 2.6813 3.06195 3.8912 3.74788 3.23056 2.81237 2.66566 2.74535 3.21725 2.48504 2.92568 2.5361 5.19567 6.02142 3.36591 4.39182 11.1265 4.24248 3.4076 3.24449 6.05012 3.0649 5.13849 7.21879 2.82301 3.09846 2.87646 2.65769 2.68217
threshold=44.421846389770515 66.500000000000014 0.99552231814189451 0.94978112945126536 0.93845596220871974 15.15 25.450000000000003 76.500000000000014 37.45000000000001 70.500000000000014 0.47500000000000003 -0.97113884758256674 0.36500000000000005 21.150000000000002 9.5750000000000028 0.24500000000000002 0.99995780822346225 504.91798400878912 0.97508442350096236 29.050000000000004 143.74427795410159 159.50000000000003 0.96234642434711437 0.90162119223771331 272.76518249511724 5.8050000000000006 3.1550000000000007 78.500000000000014 270.30000000000001 246.60000000000002
decision_type=2 2 2 2 2 2 2 2 2 2 10 2 10 2 2 10 2 2 2 2 2 2 2 2 2 2 2 2 10 10
left_child=-1 2 3 4 5 -2 7 -3 -9 -10 11 -8 15 22 -15 16 25 -18 -17 -20 -21 -22 23 -14 28 27 -27 -13 29 -25
right_child=1 6 -4 -5 -6 -7 10 8 9 -11 -12 12 13 14 -16 18 17 -19 19 20 21 -23 -24 24 -26 26 -28 -29 -30 -31
leaf_value=0.00023336322467075628 -0.00018848723576009749 -0.0019562363150590367 -0.0021626771304669198 0.00088589314385211057 -0.0046627111695331539 -0.0012724775041874851 -0.00097553424619376569 -0.00019186900390332059 0.008114215337427403 0.0017208080492981755 -0.00023612573007673082 -0.00052517235664131562 -0.0053237116694139306 0.0030988676030793351 0.012003369296193485 -0.0039619804483864611 0.012027595304267016 -0.0017478004442289649 -0.0017793798721956234 -0.0017252126282323388 0.0093890470927212259 0.0040017087295123425 -0.0010590930279572672 0.0043203067169077444 0.012094720869237394 0.0043739795180749086 0.00055562879641261919 0.0010079291860076829 -0.00030145610495988895 0.0092373785434779736
leaf_weight=50911 82266 5087 3569 9276 1252 15942 5172 5199 58 370 37994 14123 152 282 64 1712 67 84 421 196 61 379 907 124 63 555 49642 4060 207 73
leaf_count=50911 82266 5087 3569 9276 1252 15942 5172 5199 58 370 37994 14123 152 282 64 1712 67 84 421 196 61 379 907 124 63 555 49642 4060 207 73
internal_value=-4.49252e-05 -0.000102714 -0.00028071 -0.000233411 -0.000324755 -0.0002901 5.46221e-05 -0.000720554 2.93217e-05 0.0038785 0.000126011 0.000286938 0.000368172 0.00218483 0.00771676 0.000320476 0.000389531 0.00890728 -0.00138859 0.00110217 0.00341195 0.00579545 0.000930536 0.00364297 0.00624197 0.000370721 0.000564076 -0.000163066 0.00378713 0.00794416
internal_weight=290268 239357 112305 108736 99460 98208 127052 10714 5627 428 116338 78344 73172 1872 346 71300 68531 151 2769 1057 636 440 1526 619 467 68380 50197 18183 404 197
internal_count=290268 239357 112305 108736 99460 98208 127052 10714 5627 428 116338 78344 73172 1872 346 71300 68531 151 2769 1057 636 440 1526 619 467 68380 50197 18183 404 197
is_linear=0
shrinkage=0.05


Tree=148
num_leaves=31
num_cat=0
split_feature=24 0 17 22 23 17 22 4 21 18 16 9 14 23 1 15 9 23 24 22 22 9 22 5 4 23 17 24 9 13
split_gain=1.8455 2.85126 2.00635 2.66186 5.229 3.85397 3.62637 3.14706 3.60264 2.68446 2.71912 2.05418 1.98094 2.85366 2.90905 2.18775 1.91831 1.83887 2.69398 3.47929 6.19084 2.85669 2.70563 2.38134 2.36479 2.35291 3.09533 3.1908 5.6072 2.31117
threshold=-0.77999999999999992 4.8550000000000013 80.500000000000014 -0.99467753128998015 -0.091258822863740666 171.50000000000003 -0.98803845231459242 9.0150000000000023 27.500000000000004 9.0550000000000015 7.1500000000000012 13.329298019409181 26.450000000000003 -0.22700609751797865 4.245000000000001 76.500000000000014 16.924471855163578 -0.99628250747696534 1.3800000000000001 0.056951373111866731 0.039769539193789977 156.75638580322268 -0.065535378769913874 7.4092857142857156 10.525 -0.98212955754013376 94.500000000000014 1.3800000000000001 132.72035217285159 1.7500000000000002
decision_type=8 2 2 2 2 2 2 2 10 2 2 2 2 2 2 2 2 2 10 2 2 2 2 2 2 2 2 10 2 2
left_child=1 12 -3 4 5 -4 -5 8 -6 -9 -11 -8 -1 14 -14 16 -15 18 21 20 22 -2 23 -20 -23 26 27 -19 -29 -28
right_child=17 2 3 6 7 -7 11 9 -10 10 -12 -13 13 15 -16 -17 -18 25 19 -21 -22 24 -24 -25 -26 -27 29 28 -30 -31
leaf_value=-0.0045460040306415381 -0.0031914269544082753 -0.0015951756067810179 0.0060957595945407492 -0.0043373350893855037 0.001030113830121049 0.00062914942056770682 0.0044407075159023186 -0.0030216676926522416 0.0085272077427557165 0.0085591634580104783 0.0019846820586243408 1.512230313886563e-05 0.0081160212496852718 0.0057532000081549697 -0.00012120590695014513 0.0020411217334807808 -0.0025552119679445001 0.0016092421227521332 -0.0037424894088869936 -0.0054709610713009373 0.0053549605581119687 -0.0023127949216021765 -0.00023710964068162916 0.0035461881258125522 0.0011246652048446731 -2.4463963903384186e-05 -0.00052552873829286254 0.0049104542569277749 0.011348648607180196 0.001022280649676932
leaf_weight=1007 3159 1867 88 760 123 53 139 524 51 51 457 7978 103 51 151 377 3050 1128 52 396 198 1181 1188 146 1600 256014 3643 82 51 4600
leaf_count=1007 3159 1867 88 760 123 53 139 524 51 51 457 7978 103 51 151 377 3050 1128 52 396 198 1181 1188 146 1600 256014 3643 82 51 4600
internal_value=-4.44084e-05 -0.000552586 -0.00014515 0.000130085 0.00220119 0.0113121 -0.000184185 0.00113599 0.00735632 8.72081e-05 0.00267716 0.000125045 -0.00159211 -0.00106109 0.00405512 -0.00143473 -0.00187198 -1.31303e-05 -0.00076389 0.000833332 0.00188131 -0.0012963 0.000699855 0.00611111 -0.000127653 9.26372e-06 0.000781775 0.00308882 0.0104135 0.000428848
internal_weight=290268 16830 12091 10224 1347 141 8877 1206 174 1032 508 8117 4739 3732 254 3478 3101 273438 7920 1980 1584 5940 1386 198 2781 265518 9504 1261 133 8243
internal_count=290268 16830 12091 10224 1347 141 8877 1206 174 1032 508 8117 4739 3732 254 3478 3101 273438 7920 1980 1584 5940 1386 198 2781 265518 9504 1261 133 8243
is_linear=0
shrinkage=0.05


Tree=149
num_leaves=31
num_cat=0
split_feature=23 23 24 22 13 9 17 14 15 17 15 24 9 23 22 16 15 22 9 19 17 20 24 20 22 3 2 0 22 20
split_gain=1.88742 2.30321 2.69111 5.32008 7.06207 2.77759 2.4968 2.63164 2.28376 2.24668 4.79395 2.22496 2.94896 3.24573 3.12788 3.28625 2.85945 2.84359 2.55618 3.62767 2.51338 2.29995 2.2225 5.07765 3.16725 9.86934 3.23558 4.42067 2.555 4.94863
threshold=-0.99628250747696534 -0.98212955754013376 0.05000000000000001 0.12545942051955489 10.350000000000003 364.77772521972662 84.500000000000014 27.250000000000004 68.500000000000014 246.50000000000003 61.500000000000007 1.7100000000000002 266.61647033691412 -0.99864786094873803 1.0000000180025095e-35 10.050000000000002 69.500000000000014 -0.065535378769913874 541.99493408203136 7.0850000000000009 173.50000000000003 386.80000000000001 1.3800000000000001 319.50000000000006 -0.099819732675876835 8.9516666666666698 0.054999999999997946 3.7350000000000008 0.10837544681456425 450.10000000000008
decision_type=2 2 10 2 2 2 2 2 2 2 2 10 2 2 2 2 2 2 2 2 2 8 10 10 2 2 2 2 2 10
left_child=11 2 3 5 6 9 -5 -8 -6 -2 -11 12 13 21 15 -14 17 -13 -17 -20 -18 -1 -4 24 25 -24 27 -26 29 -25
right_child=1 -3 22 4 8 -7 7 -9 -10 10 -12 16 14 -15 -16 18 20 -19 19 -21 -22 -23 23 28 26 -27 -28 -29 -30 -31
leaf_value=-0.0016737920925534106 0.00072879691702799779 -5.6589857704337244e-05 -0.00032666130454375199 0.0055229921701967057 0.0054368012936915552 -0.0065958838302234441 0.0063149862087685943 0.001130106653965903 0.011886559009064705 -0.0051186615029595517 0.0091320071981252499 0.0027415434220566122 -0.0020090427092516682 -0.005733897525330098 0.0032785139178974953 -0.003939403918487649 0.0073809868675223742 -0.00092424549147574289 0.006750037445322001 0.000299261988016578 0.00083172327000746076 0.0011698797913806977 0.01618750202355004 0.0035849496971000526 -0.0064632802570403882 0.002452476493328875 -0.0015608119565184056 0.0058092595384407024 -0.0022395683636624824 -0.0012707656574801221
leaf_weight=1974 1157 272844 4752 77 61 298 53 529 72 56 73 109 796 2341 626 95 122 795 54 53 162 793 60 521 61 97 217 173 698 549
leaf_count=1974 1157 272844 4752 77 61 298 53 529 72 56 73 109 796 2341 626 95 122 795 54 53 162 793 60 521 61 97 217 173 698 549
internal_value=-4.682e-05 -2.54662e-05 0.000739687 0.00219697 0.00554293 0.000523989 0.00342185 0.0023024 0.0160526 0.00153188 0.0077907 -0.000808082 -0.00116013 -0.0017502 0.000695812 -0.00104209 0.00118687 -0.000188054 0.00465346 0.00995327 0.00556338 -0.000590894 0.000253927 0.00150252 0.00544408 0.0115605 0.00331485 0.00739316 0.000147058 0.00168224
internal_weight=290268 282348 9504 2376 792 1584 659 582 133 1286 129 7920 6732 5108 1624 998 1188 904 202 107 284 2767 7128 2376 608 157 451 234 1768 1070
internal_count=290268 282348 9504 2376 792 1584 659 582 133 1286 129 7920 6732 5108 1624 998 1188 904 202 107 284 2767 7128 2376 608 157 451 234 1768 1070
is_linear=0
shrinkage=0.05


Tree=150
num_leaves=31
num_cat=0
split_feature=24 0 23 16 23 9 24 23 2 20 5 1 24 23 23 15 23 23 14 1 21 23 9 23 2 2 2 23 19 0
split_gain=1.83301 2.65669 2.19154 2.20829 1.98743 2.18867 2.69052 2.63356 2.55009 2.48262 1.89238 3.32542 1.84417 3.4135 9.95843 3.98471 4.01396 9.05053 5.8867 7.77201 3.00372 3.20283 2.99477 3.18465 5.56081 2.96812 2.58603 6.13797 9.5423 3.14127
threshold=-0.77999999999999992 5.205000000000001 -0.22700609751797865 11.950000000000001 -0.99628250747696534 239.27376556396487 1.7100000000000002 -0.99864786094873803 0.6399999999999999 386.80000000000001 6.9350000000000014 4.9650000000000007 1.9550000000000003 0.99138911339924218 0.95936279103287792 80.500000000000014 0.76556758748011056 0.74298546529340237 31.350000000000005 6.6750000000000007 57.500000000000007 0.93158198870884079 600.63439941406261 0.91159213926341531 -1.8399999999999994 1.9600000000000004 -1.3199999999999998 0.96407344085605606 6.5250000000000012 6.8950000000000005
decision_type=8 2 2 2 2 2 10 2 2 8 2 2 10 2 2 2 2 2 2 2 10 2 2 2 2 2 2 2 2 2
left_child=1 2 3 -1 5 6 7 9 -8 -2 -7 -12 -6 14 15 16 17 -14 25 -20 -18 -22 23 -17 -25 -19 -16 28 -28 -29
right_child=4 -3 -4 -5 12 10 8 -9 -10 -11 11 -13 13 -15 26 22 20 18 19 -21 21 -23 -24 24 -26 -27 27 29 -30 -31
leaf_value=0.00058427909493812674 -0.0017305165663519849 -8.3912418215063172e-05 -0.001837228787126247 0.0090037051049135803 4.3044728853383934e-05 -0.0016914765060099309 0.0018642651497681494 -0.0055169671463366609 -0.0011342676986117919 0.0011264528897415656 0.0057834024115109408 0.00089681693392695469 -0.0012606111248634683 -0.003791704963294726 -0.00011816989262619835 0.0023730014146622238 -0.0030484379147673172 -0.0012924560733899443 0.011649152552986923 0.0017843447580617707 -0.0018317890042990805 0.0028726778529848639 -0.0058748027930809327 0.0065646654473165162 0.00038988088171890926 0.0063517065914791065 0.00057191506484002776 0.0079491474753253816 0.0074781107077548066 0.0013382407114751567
leaf_weight=365 1851 11283 5127 55 253440 678 647 2229 433 732 91 1259 3459 1584 473 280 3991 138 75 79 296 104 95 53 50 92 56 384 53 816
leaf_count=365 1851 11283 5127 55 253440 678 647 2229 433 732 91 1259 3459 1584 473 280 3991 138 75 79 296 104 95 53 50 92 56 384 53 816
internal_value=-4.6131e-05 -0.000552586 -0.00144853 0.00202381 -1.49589e-05 -0.000795456 -0.0012831 -0.00178928 0.000972221 -0.000702673 0.000621301 0.0017037 8.32216e-06 -0.000595298 -0.000268726 -0.000965336 -0.00122298 -4.29364e-05 0.00723958 0.0148052 -0.00225575 0.001875 0.0034728 0.00544386 0.0129612 0.00217391 0.00313692 0.00428189 0.0156422 0.00325
internal_weight=290268 16830 5547 420 273438 7920 5892 4812 1080 2583 2028 1350 265518 12078 10494 8712 8234 3843 384 154 4391 400 478 383 103 230 1782 1309 109 1200
internal_count=290268 16830 5547 420 273438 7920 5892 4812 1080 2583 2028 1350 265518 12078 10494 8712 8234 3843 384 154 4391 400 478 383 103 230 1782 1309 109 1200
is_linear=0
shrinkage=0.05


Tree=151
num_leaves=31
num_cat=0
split_feature=18 11 23 9 22 0 9 20 15 5 9 23 17 22 20 9 22 1 13 13 23 23 0 22 23 23 1 22 22 9
split_gain=1.80671 1.69007 1.73294 2.18997 1.9799 4.96689 3.68861 2.68974 2.57458 2.58832 2.26083 1.81713 2.57012 2.55542 6.46268 2.22416 2.04312 2.29813 3.47902 1.87274 2.2204 7.3165 14.9169 9.16237 5.59606 12.1725 11.7213 9.36442 6.56334 5.17245
threshold=2.5550000000000002 21.23499965667725 -0.99628250747696534 243.87041473388675 0.039769539193789977 8.7350000000000012 494.48980712890631 132.00000000000003 69.500000000000014 7.5292857142857166 773.87631225585949 -0.98212955754013376 94.500000000000014 0.15951094710994371 276.60000000000008 417.44560241699224 -0.11692013674435776 8.3850000000000033 1.0500000000000003 1.0000000180025095e-35 -0.87810534180523914 -0.8142754349318998 5.6350000000000007 0.49812943072827093 -0.91595872546125101 -0.9292178835113839 6.5950000000000006 0.30983042691905771 0.29342972903661901 673.84381103515636
decision_type=2 2 2 2 2 2 2 10 2 2 2 2 2 2 8 2 2 2 2 2 2 2 2 2 2 2 2 2 2 2
left_child=-1 2 3 -2 7 6 8 10 9 -6 -5 12 13 15 -15 16 -4 18 -18 -13 24 22 23 -22 25 27 -27 28 29 -21
right_child=1 -3 11 4 5 -7 -8 -9 -10 -11 -12 19 -14 14 -16 -17 17 -19 -20 20 21 -23 -24 -25 -26 26 -28 -29 -30 -31
leaf_value=-0.0017493831298239363 -0.0013182033352589302 0.0016573935943254847 -0.00071584191657714236 0.0030713814653110984 0.003590180294452348 -0.0058130562828108395 0.0079697400121604683 -0.0015735662067421956 -0.0022070354661035884 0.0038812073828900875 -0.0035829796519264512 0.00054408309236752661 0.00032323041487547689 0.0070205844761101451 0.0022515272016925022 -0.003811761313526495 0.0045695519666973166 0.00064265182194475894 0.0028093571292908369 1.7448314442283226e-05 0.0021578666001387265 -9.8979289758328553e-05 0.00071140784047128778 0.0082899451637115703 -0.0029232081452711029 0.0067149880387956098 0.00093842750137415924 -0.0043845238595399258 0.0025794226537299591 -0.0048478993130759594
leaf_weight=3457 5861 4816 263 313 51 173 60 1089 74 53 105 11597 8093 57 129 144 65 290 308 11103 504 217862 8960 612 6678 699 2030 2992 766 1064
leaf_count=3457 5861 4816 263 313 51 173 60 1089 74 53 105 11597 8093 57 129 144 65 290 308 11103 504 217862 8960 612 6678 699 2030 2992 766 1064
internal_value=-4.5442e-05 -3.17468e-05 -4.76084e-05 -0.000783521 0.000683002 0.00375912 0.00844538 -0.00015594 0.00483146 0.00990384 0.00325359 -2.67319e-05 0.000658358 0.00276274 0.00817204 0.00182243 0.00272138 0.0042006 0.00679625 -5.09135e-05 -7.93631e-05 -3.00094e-05 0.00128722 0.00673835 -0.00052345 -7.88047e-05 0.00300659 -0.000607537 -2.43575e-05 -0.000306979
internal_weight=290268 286811 281995 7779 1918 411 238 1507 178 104 418 274216 9349 1256 186 1070 926 663 373 264867 253270 227938 10076 1116 25332 18654 2729 15925 12933 12167
internal_count=290268 286811 281995 7779 1918 411 238 1507 178 104 418 274216 9349 1256 186 1070 926 663 373 264867 253270 227938 10076 1116 25332 18654 2729 15925 12933 12167
is_linear=0
shrinkage=0.05


Tree=152
num_leaves=31
num_cat=0
split_feature=13 23 15 14 22 22 9 23 13 15 13 17 14 17 13 4 22 9 17 3 19 22 5 19 9 4 22 23 9 3
split_gain=1.79603 2.15001 2.16428 2.73098 2.65705 2.66184 4.15798 2.78822 2.59404 2.42498 2.47658 2.84838 2.20879 2.19931 2.26841 3.19721 2.15479 3.32697 4.04275 2.22831 4.51758 2.56319 2.9863 2.89411 2.37198 2.56732 2.52988 5.95384 8.87638 5.38782
threshold=0.55000000000000016 0.99988440732898443 66.500000000000014 25.450000000000003 0.99552231814189451 0.97112537654464559 190.46273040771487 -0.16799793862756093 21.550000000000004 76.500000000000014 37.45000000000001 70.500000000000014 29.350000000000005 84.500000000000014 11.250000000000002 8.8750000000000018 0.99995780822346225 472.27819824218756 264.50000000000006 9.3583333333333361 8.1650000000000009 -0.159513159777915 32.962857142857153 3.1550000000000007 298.48324584960943 15.095000000000001 0.9053161325100999 0.3484035575467645 483.01396179199224 5.5250000000000012
decision_type=2 2 2 2 2 2 2 2 2 2 2 2 2 2 2 2 2 2 2 2 2 2 2 2 2 2 2 2 2 2
left_child=-1 2 4 9 5 8 7 -7 -2 -4 -11 -12 -10 -8 -15 -16 19 18 -18 24 21 22 -21 -23 -5 26 -26 -28 -29 -30
right_child=1 -3 3 16 -6 6 13 -9 12 10 11 -13 -14 14 15 -17 17 -19 -20 20 -22 23 -24 -25 25 -27 27 28 29 -31
leaf_value=0.00025172496977699823 -0.00021111831185005722 -0.0032692311356289799 -0.0018763824037521873 -0.00029196931543322787 -0.0020337316863814777 0.0020670717879983313 -0.00016763834533358197 -0.0017489013364524236 -0.0049323227455882485 -0.00021735023345905661 0.0077095326094716509 0.0016587025794068911 -0.00093876302996329206 0.0023487475003306254 0.00036136787752442208 0.0064221915318551474 0.0027724255483507223 -0.0018230506041510886 0.011026069628059406 0.0001308343209179154 1.2073273450726344e-05 0.0049163667393652775 0.015993847783884747 0.0015487386138997759 0.00022038526924919889 -0.002230506080184319 0.00079058961529365084 -0.0015276055812968423 0.0021269137025283747 0.0074942023482770688
leaf_weight=35702 100730 798 5112 49946 3654 880 635 2412 1620 5239 58 369 7009 1195 204 414 201 117 80 5911 25468 257 112 8706 27004 1535 4131 308 183 278
leaf_count=35702 100730 798 5112 49946 3654 880 635 2412 1620 5239 58 369 7009 1195 204 414 201 117 80 5911 25468 257 112 8706 27004 1535 4131 308 183 278
internal_value=-4.38917e-05 -9.04689e-05 -8.23205e-05 5.46224e-05 -0.000238016 -0.000195876 0.000853657 -0.000306806 -0.000250964 -0.000708853 3.52863e-06 0.0036651 -0.00108298 0.00241421 0.00330116 0.00576052 0.000120857 0.00379397 0.00674377 0.000109052 0.000413555 0.00110236 0.000304664 0.0016384 -3.86772e-05 0.000287238 0.000383336 0.00142857 0.00546814 0.009859
internal_weight=290268 254566 253768 135015 118753 115099 5740 3292 109359 10778 5666 427 8629 2448 1813 618 124237 398 281 123839 40454 14986 6023 8963 83385 33439 31904 4900 769 461
internal_count=290268 254566 253768 135015 118753 115099 5740 3292 109359 10778 5666 427 8629 2448 1813 618 124237 398 281 123839 40454 14986 6023 8963 83385 33439 31904 4900 769 461
is_linear=0
shrinkage=0.05


Tree=153
num_leaves=31
num_cat=0
split_feature=8 12 14 15 21 19 17 24 23 3 23 23 19 23 17 17 2 4 22 17 23 19 15 1 2 2 2 23 5 23
split_gain=1.69536 2.46398 1.61691 5.29243 4.18238 3.03263 2.98415 4.88649 3.22614 4.12894 2.84958 6.69867 4.14468 2.85627 2.66519 3.69737 3.216 2.23287 2.28434 3.50688 2.93622 3.06341 2.81109 2.01999 4.50057 3.16036 3.66686 1.91428 2.48485 3.23857
threshold=64.500000000000014 2.5000000000000004 27.450000000000003 76.500000000000014 12.500000000000002 7.9350000000000014 153.50000000000003 1.7100000000000002 -0.92272482904738262 10.518333333333336 0.89309379682046119 0.92519182738459482 3.4050000000000007 0.98486764554468398 42.500000000000007 278.50000000000006 -1.7999999999999994 11.225000000000003 0.48314048284850658 315.50000000000006 -0.59867820553660911 4.5950000000000006 63.500000000000007 1.9350000000000003 4.2600000000000113 -0.050000000000000482 -0.11000000000000019 0.99855310097228334 8.766428571428575 0.99530134160901229
decision_type=2 2 2 2 8 2 2 10 2 2 2 2 2 2 2 2 2 2 2 2 2 2 2 2 2 2 2 2 2 2
left_child=2 -2 3 4 17 -6 -7 -8 9 -9 -5 12 -12 -13 -14 -16 -17 18 -1 -20 -21 -22 -23 24 25 26 -4 28 -15 -30
right_child=1 -3 23 10 5 6 7 8 -10 -11 11 13 14 27 15 16 -18 -19 19 20 21 22 -24 -25 -26 -27 -28 -29 29 -31
leaf_value=-6.4682448883666703e-05 0.010828189688263186 0.0012675558819916092 1.365044961135596e-05 2.9678402483045233e-05 -0.0022621332241570908 -0.0025326175447758594 -2.8032977331251077e-06 0.0114021379345158 0.002579796949082266 0.00487798483027855 0.0067724342006995342 -0.0011088079399826157 0.008453077596516468 0.0012881664999657917 0.00067929610720574886 0.0074306356810297253 0.0018352819189139673 -0.001167580457918803 0.0010764624097488302 -0.0011582591767853561 8.5718757434636538e-06 0.015099511814887704 0.0041830447733210083 -1.3217259519561828e-05 0.0061466769126043213 -0.00026880093285321706 0.0093489636423873916 -0.0025139266383250305 0.0028641586730522688 0.0077876411767308978
leaf_weight=3716 105 313 73 14732 10090 2035 2849 52 184 51 88 1349 55 580 370 95 135 3284 1616 72 57 51 103 247196 64 503 64 188 114 84
leaf_count=3716 105 313 73 14732 10090 2035 2849 52 184 51 88 1349 55 580 370 95 135 3284 1616 72 57 51 103 247196 64 503 64 188 114 84
internal_value=-4.80258e-05 0.00313397 -5.26146e-05 -0.000339691 -0.000821607 -0.00132396 -0.000339394 0.000628188 0.00684669 0.013932 0.000314782 0.00170373 0.00583445 0.000377969 0.00446565 0.0035 0.00847826 3.98909e-05 0.000645591 0.00205634 0.00719081 0.0101659 0.0138312 -4.03508e-06 0.00267045 0.00140625 0.00813868 0.00245341 0.00354756 0.00838384
internal_weight=290268 418 289850 41950 24160 15261 5171 3136 287 103 17790 3058 743 2315 655 600 230 8899 5615 1899 283 211 154 247900 704 640 137 966 778 198
internal_count=290268 418 289850 41950 24160 15261 5171 3136 287 103 17790 3058 743 2315 655 600 230 8899 5615 1899 283 211 154 247900 704 640 137 966 778 198
is_linear=0
shrinkage=0.05


Tree=154
num_leaves=31
num_cat=0
split_feature=18 9 23 22 22 23 22 18 20 20 24 1 20 19 9 24 24 22 24 22 22 1 21 21 5 22 1 22 22 14
split_gain=1.62688 2.01779 3.89854 1.48303 3.47637 8.52232 7.02444 6.33105 5.25051 4.19921 3.38515 4.70178 3.36749 3.33788 3.0903 2.78675 4.78762 12.3048 20.0191 11.9802 8.74087 11.3199 8.12024 7.54254 6.61704 5.11726 5.94282 6.60206 8.81259 6.71309
threshold=2.5550000000000002 116.76194000244142 0.95936279103287792 -0.99763297024448894 -0.98214942551678475 -0.15950993297387572 -0.97113884758256674 26.985000000000003 379.30000000000001 808.40000000000009 -0.43999999999999995 10.455000000000002 487.40000000000003 8.5250000000000004 54.515750885009773 -0.089999999999999983 -0.27499999999999997 0.80926549319045582 -0.22499999999999995 0.34235194516023087 0.84313847884979054 8.3450000000000006 21.900000000000002 47.500000000000007 8.6635714285714318 0.75014288946266361 7.035000000000001 0.59868201182722736 0.69056404122701587 30.850000000000005
decision_type=2 2 2 2 2 2 2 2 10 10 10 2 10 2 2 10 10 2 10 2 2 2 10 10 2 2 2 2 2 2
left_child=1 2 -1 -2 5 8 7 -6 10 -7 14 13 -9 -12 -5 16 19 25 -19 -8 21 23 -22 24 -20 26 27 -18 29 -29
right_child=3 -3 -4 4 6 9 15 12 -10 -11 11 -13 -14 -15 -16 -17 17 18 20 -21 22 -23 -24 -25 -26 -27 -28 28 -30 -31
leaf_value=1.9365506684436678e-05 -0.0010438297764363944 -0.0023432010953425438 0.0081081661609863197 0.0049352298019885738 -0.0029736283844730795 0.00018238192031063408 0.00023001988614593 0.0066777600577317998 0.0015166974817764905 0.013713318630339628 0.0049977017123800233 0.0016999279070007722 0.019147175749998496 0.0079222132237987911 0.00071275218077679336 -0.00016147541962340187 0.0013021298744873692 -0.00070442078790401393 0.0043757602489854957 -0.0018636607875678766 0.0098990339457921961 0.00044611866842395281 0.0044569146951274801 0.013352322030062017 0.0082657698519240392 -0.0031512299590940799 0.0002811364518174961 0.0054491212427866687 -0.00034397972567023588 0.0067925168689106658
leaf_weight=355 6275 3045 57 51 4564 9277 66981 85 665 146 200 173 50 159 336 156302 4607 986 320 11845 129 355 69 54 52 1960 20051 540 414 165
leaf_count=355 6275 3045 57 51 4564 9277 66981 85 665 146 200 173 50 159 336 156302 4607 986 320 11845 129 355 69 54 52 1960 20051 540 414 165
internal_value=-4.56142e-05 -0.00112381 0.00216019 -3.26185e-05 -1.56142e-05 0.000855364 -5.11831e-05 -0.00196744 0.00424874 0.00028494 0.0066975 0.00928571 0.0087037 0.0125487 0.00313953 -1.7182e-05 0.000177465 0.000718469 0.00454198 -2.63884e-05 0.00960674 0.00722791 0.0189899 0.012723 0.0101882 0.000447596 0.000634867 0.00205553 0.00550045 0.00890071
internal_weight=290268 3457 412 286811 280536 11007 269529 4699 1584 9423 919 532 135 359 387 264830 108528 29702 1965 78826 979 781 198 426 372 27737 25777 5726 1119 705
internal_count=290268 3457 412 286811 280536 11007 269529 4699 1584 9423 919 532 135 359 387 264830 108528 29702 1965 78826 979 781 198 426 372 27737 25777 5726 1119 705
is_linear=0
shrinkage=0.05


Tree=155
num_leaves=31
num_cat=0
split_feature=9 15 14 15 22 22 22 23 14 1 9 16 2 13 24 20 24 23 23 24 20 9 24 20 22 16 9 20 16 22
split_gain=1.61862 2.09495 2.66242 5.40073 2.62786 3.47181 3.07038 2.76675 4.11484 7.76153 3.21959 3.03867 2.77169 2.74107 2.73976 2.58351 2.53812 2.47777 2.47723 4.1748 3.84012 4.0078 3.44929 3.18205 5.55062 3.87532 2.87908 2.69433 2.44156 2.44177
threshold=44.421846389770515 66.500000000000014 26.150000000000002 77.500000000000014 0.99552231814189451 0.94978112945126536 0.93845596220871974 0.28313308994381592 32.250000000000007 7.8650000000000011 190.46273040771487 9.3500000000000032 3.7400000000000011 20.550000000000004 0.095000000000000015 434.10000000000008 1.0000000180025095e-35 0.99988440732898443 0.097680735332368748 0.095000000000000015 284.65000000000003 305.59574890136724 -0.029999999999999995 324.7000000000001 0.98049069993378934 9.9500000000000011 719.37036132812511 403.65000000000003 6.2500000000000009 -0.40614700388750385
decision_type=2 2 2 2 2 2 2 2 2 2 2 2 2 2 10 8 10 2 2 10 10 2 10 10 2 2 2 10 2 2
left_child=-1 4 3 -3 5 6 13 10 11 -10 16 -9 15 -2 -13 18 -7 -4 27 22 -21 -22 23 24 -20 -26 -24 -12 -5 -30
right_child=1 2 17 28 -6 7 -8 8 9 -11 12 14 -14 -15 -16 -17 -18 -19 19 20 21 -23 26 -25 25 -27 -28 -29 29 -31
leaf_value=0.00022114738729861903 -0.00021342165114033118 -0.0017977006833211071 0.00014330064904510812 -0.00058175436875335215 -0.0019374256950806476 -0.0052849667334445745 -0.004408966819946126 -0.0029440874999390725 0.0076648555066031665 0.00081937361495151991 0.0010529267994175116 0.0053576576967296428 -0.0016220277772643153 -0.0016030819003217747 -0.00045840720251464468 -0.00087160919547571512 6.6567885460111776e-06 -0.0047802027161625033 -0.0035405738804830896 0.0014329684328716328 0.011714124003058915 0.0051950873764374343 -0.006578498116979802 0.0014498107205475465 0.012353388081943828 0.0022772737220264506 0.003901679134198316 0.010711691273031267 -0.00022960154760608863 0.0022063105445112169
leaf_weight=50911 89903 8213 110462 3381 3569 557 1252 242 63 78 1247 202 527 8305 170 751 4331 438 78 83 125 103 217 225 117 51 50 59 1358 3200
leaf_count=50911 89903 8213 110462 3381 3569 557 1252 242 63 78 1247 202 527 8305 170 751 4331 438 78 83 125 103 217 225 117 51 50 59 1358 3200
internal_value=-4.8887e-05 -0.000103341 3.57322e-05 -0.000564018 -0.000260675 -0.000216857 -0.000303138 0.000708278 0.00360927 0.0113121 0.000451237 0.00184039 0.00157858 -0.000271771 0.00467742 0.00214746 -0.000386662 0.000123083 0.00296178 0.00477121 0.00963022 0.0129825 0.00272358 0.00529724 0.00922764 0.0143452 -0.00181648 0.00150842 0.000365914 0.0011211
internal_weight=290268 239357 127052 16152 112305 108736 99460 9276 755 141 8521 614 3633 98208 372 3106 4888 110900 2355 1049 311 228 738 471 246 168 267 1306 7939 4558
internal_count=290268 239357 127052 16152 112305 108736 99460 9276 755 141 8521 614 3633 98208 372 3106 4888 110900 2355 1049 311 228 738 471 246 168 267 1306 7939 4558
is_linear=0
shrinkage=0.05


Tree=156
num_leaves=31
num_cat=0
split_feature=0 9 24 0 14 23 1 20 15 4 22 9 1 21 22 22 10 22 5 22 22 22 9 5 22 9 22 22 13 20
split_gain=1.73492 2.57133 1.60402 2.59194 1.92261 2.39057 3.15737 2.70792 1.81096 1.78275 1.82037 1.88383 2.18808 2.44048 2.05439 2.68339 1.64197 1.64184 3.55811 1.986 3.63532 6.88762 5.33224 4.19071 3.88982 4.268 3.66612 5.50139 4.60885 3.2872
threshold=1.9350000000000003 94.745281219482436 -0.77999999999999992 4.8050000000000006 26.450000000000003 -0.22700609751797865 4.3550000000000013 275.50000000000006 76.500000000000014 17.905000000000005 -0.62588817255938378 260.38023376464849 9.2050000000000018 21.900000000000002 -0.54220184589352438 -0.52766804058324157 5.8387725353240976 -0.65234524191686594 8.1092857142857167 -0.71504373327588355 -0.79384350655589164 -0.77245553105869302 309.61909484863287 5.7907142857142864 -0.72696319516528884 209.05644989013675 -0.86976336936302323 -0.89406062840022227 3.9500000000000006 459.90000000000003
decision_type=2 2 8 2 2 2 2 10 2 2 2 2 2 10 2 2 2 2 2 2 2 2 2 2 2 2 2 2 2 10
left_child=1 -1 3 4 -2 6 7 -6 -7 10 17 12 14 -14 -12 -16 -11 19 -19 20 26 22 23 -22 -23 -26 27 -5 29 -29
right_child=2 -3 -4 9 5 8 -8 -9 -10 16 11 -13 13 -15 15 -17 -18 18 -20 -21 21 24 -24 -25 25 -27 -28 28 -30 -31
leaf_value=0.0068591570407607189 -0.0041310157833837312 -0.0051992541943161712 -5.8043390056237428e-06 7.3580407978671297e-05 0.0083207405673689627 -0.0020924409252040905 -0.00028033699307216574 0.0018624025900233808 0.0020166519301803485 -0.0038864715227028184 -0.0036418631857406698 -0.0052983325468685992 -0.0008595810171753486 0.0046394835526323694 0.0028695515781844141 -0.0051330744459312204 0.0035990050055556299 0.00050114750432655043 0.0034019982251286395 -0.0020565417947067724 0.0072040144483515424 -0.0008408782042706698 -0.00013254775767639214 0.004357593529111246 0.0083078517601842868 -0.00085617176155026997 -0.0034451998438790269 0.0063305658851824254 -0.00030870978626601584 8.760630049302696e-05
leaf_weight=62 968 1070 272345 6568 54 3009 141 50 365 915 344 521 76 61 121 159 60 263 69 696 110 591 92 82 68 57 968 168 159 56
leaf_count=62 968 1070 272345 6568 54 3009 141 50 365 915 344 521 76 61 121 159 60 263 69 696 110 591 92 82 68 57 968 168 159 56
internal_value=-4.28581e-05 -0.00199647 -3.52095e-05 -0.0005095 -0.00152278 -0.00099337 0.00377551 0.0103846 -0.00133966 -0.000128648 4.94244e-05 -0.00172387 -0.000137978 0.00558394 -0.00139423 0.00178571 -0.00217949 0.000277972 0.00373494 0.000158605 0.000359344 0.0032 0.00978873 0.0145312 0.000586591 0.0086 6.30201e-07 0.000402099 0.00622715 0.0108482
internal_weight=290268 1132 289136 16791 4587 3619 245 104 3374 12204 11229 1282 761 137 624 280 975 9947 332 9615 8919 1000 284 192 716 125 7919 6951 383 224
internal_count=290268 1132 289136 16791 4587 3619 245 104 3374 12204 11229 1282 761 137 624 280 975 9947 332 9615 8919 1000 284 192 716 125 7919 6951 383 224
is_linear=0
shrinkage=0.05


Tree=157
num_leaves=31
num_cat=0
split_feature=8 0 13 22 3 14 0 20 22 16 20 3 13 22 14 17 22 9 13 0 22 22 22 22 19 20 21 0 19 22
split_gain=1.58634 1.51821 1.42399 1.65499 1.91382 2.50683 3.30159 2.06057 1.61607 1.7453 3.59683 5.32264 2.50216 2.4567 2.18305 2.01669 3.30183 1.60614 1.90964 2.09631 1.92645 5.79836 1.93843 6.22542 1.66106 1.57851 1.46624 1.88497 1.7321 1.51006
threshold=175.00000000000003 2.3350000000000004 23.950000000000003 0.99939377080793557 5.285000000000001 27.450000000000003 8.0050000000000008 275.50000000000006 0.99818282439137029 7.9500000000000011 155.90000000000003 9.4016666666666691 6.0500000000000007 0.99995780822346225 31.250000000000004 282.50000000000006 0.99995780822346225 409.80174255371099 31.950000000000003 9.7550000000000008 0.9893236546938301 0.9962888416657264 0.91248814248966237 0.9053161325100999 43.655000000000008 143.40000000000003 282.50000000000006 3.8050000000000002 14.415000000000001 -0.9905448150984083
decision_type=2 2 2 2 2 2 2 8 2 2 10 2 2 2 2 2 2 2 2 2 2 2 2 2 2 8 10 2 2 2
left_child=1 -1 8 17 -5 -6 7 -7 26 -10 11 13 -13 -11 15 -12 -17 24 25 20 22 -22 23 -20 -4 -19 -3 -28 -29 -30
right_child=-2 2 3 4 5 6 -8 -9 9 10 14 12 -14 -15 -16 16 -18 18 19 -21 21 -23 -24 -25 -26 -27 27 28 29 -31
leaf_value=-0.0022087378674050819 0.009292273991415325 3.6383175109256224e-05 -0.00083689164970760096 -0.0032142941342222634 -0.0020181445890537402 0.0065562830506077797 -0.00068640255576325293 0.0047427459822843368 -0.002380069008130461 -7.5998535144845998e-05 -0.0011524237556783743 0.0040589389244679612 0.0062900540996579483 0.0045820084643361505 -0.0068024333009423709 0.00057794999447372865 0.010129702047554296 -0.0047684117390140862 0.0011293912475168525 -0.001796554032047001 0.0053714002938298894 -0.0032702445486025851 -0.0020453231148347055 0.013721300205288365 0.016135235750909811 -0.00034461787829518221 0.002168788560039219 -0.0013219865532907694 0.0091643845452800497 0.0013170450551370132
leaf_weight=2298 73 252154 19144 78 63 64 69 58 1412 636 1313 50 55 91 721 531 78 348 2221 485 61 65 305 73 59 4211 52 3182 53 265
leaf_count=2298 73 252154 19144 78 63 64 69 58 1412 636 1313 50 55 91 721 531 78 348 2221 485 61 65 305 73 59 4211 52 3182 53 265
internal_value=-4.09633e-05 -4.28172e-05 -3.25997e-05 -0.000376137 0.00313253 0.00523622 0.008089 0.0130328 3.39491e-06 -0.00089728 -0.000294965 0.00257211 0.0130952 0.00105227 -0.0011975 -0.000317379 0.00206075 -0.000419325 0.000187282 0.00112149 0.00166055 0.00769841 0.00136783 0.00186574 -0.000664741 -0.000470499 2.06084e-05 -0.000988177 -0.00112857 0.00238994
internal_weight=290268 290195 287897 27304 332 254 191 122 260593 4887 3475 832 105 727 2643 1922 609 26972 7769 3210 2725 126 2599 2294 19203 4559 255706 3552 3500 318
internal_count=290268 290195 287897 27304 332 254 191 122 260593 4887 3475 832 105 727 2643 1922 609 26972 7769 3210 2725 126 2599 2294 19203 4559 255706 3552 3500 318
is_linear=0
shrinkage=0.05


Tree=158
num_leaves=31
num_cat=0
split_feature=8 0 22 22 23 22 24 3 24 22 22 24 17 9 0 24 9 17 17 20 1 17 9 22 0 23 22 20 14 24
split_gain=1.585 1.52558 1.41502 3.37168 6.05892 4.44973 4.14725 4.18065 3.92271 4.16493 6.41265 6.16366 5.34245 4.87352 4.82368 4.73642 5.90215 6.1983 3.05441 2.9599 2.92297 2.9218 2.87558 2.66007 2.44995 3.65868 2.83098 4.23843 4.20562 2.71907
threshold=175.00000000000003 2.3350000000000004 -0.99763297024448894 -0.98523971305672675 -0.15950993297387572 -0.97113884758256674 1.4950000000000003 4.7950000000000008 -0.22499999999999995 -0.99630266176052629 -0.99467753128998015 -0.58499999999999985 100.50000000000001 383.06039428710943 8.1650000000000009 -0.58499999999999985 180.89792633056643 171.50000000000003 118.50000000000001 808.40000000000009 14.755000000000001 282.50000000000006 114.08300018310548 -0.9905448150984083 30.275000000000002 0.18281312110578132 -0.98214942551678475 291.80000000000001 30.050000000000004 1.8150000000000002
decision_type=2 2 2 2 2 2 10 2 10 2 2 10 2 2 2 10 2 2 2 10 2 2 2 2 2 2 2 10 2 10
left_child=1 -1 -3 4 -4 24 8 -8 9 -6 14 13 23 -12 15 16 17 18 -11 -9 22 -15 -14 -13 26 -26 27 28 -5 -28
right_child=-2 2 3 5 6 -7 7 19 -10 10 11 12 20 21 -16 -17 -18 -19 -20 -21 -22 -23 -24 -25 25 -27 29 -29 -30 -31
leaf_value=-0.0020983009740348237 0.0088276602918445427 -0.0010088215070057172 0.004503916824559394 0.00048539238923901913 -0.002796250812858587 -1.400110853888728e-05 0.013522644038920353 0.0026381326942713406 -0.0024410115634746878 0.0087801108539774051 -0.0042401805143349753 0.0037176018089077143 0.0040963133673256281 0.0016749993565745782 0.0020834180590312405 0.0097782165745565162 -0.0014811501300075599 -0.00020560702109088865 0.0078109900407729339 0.0133793419614829 -0.0029878895016364443 0.0064897815644297408 -0.0019365232734684626 0.014506195497740583 -0.0072257403499466676 0.013832115396520385 -0.0032703260909769725 -0.0019225839472420563 0.0038663225305413415 0.0010228071411665716
leaf_weight=2298 73 6301 792 471 787 265826 51 1997 2166 57 1235 58 680 94 360 105 122 72 65 128 383 52 205 59 69 82 4101 860 202 517
leaf_count=2298 73 6301 792 471 787 265826 51 1997 2166 57 1235 58 680 94 360 105 122 72 65 128 383 52 205 59 69 82 4101 860 202 517
internal_value=-3.78628e-05 -3.97159e-05 -2.94735e-05 -1.2892e-05 0.000914659 -4.51638e-05 0.000532502 0.00242187 -0.000100001 0.000768342 0.00149845 0.000368762 0.00272563 -0.00199493 0.00549936 0.00913302 0.00607595 0.0114948 0.0183607 0.00208235 0.00178233 0.00664383 0.00336158 0.0129487 -0.0013583 0.00493377 -0.00151276 0.000348988 0.00332095 -0.00213079
internal_weight=290268 290195 287897 281596 9468 272128 8676 2176 6500 4334 3547 2766 1385 1381 781 421 316 194 122 2125 1268 146 885 117 6302 151 6151 1533 673 4618
internal_count=290268 290195 287897 281596 9468 272128 8676 2176 6500 4334 3547 2766 1385 1381 781 421 316 194 122 2125 1268 146 885 117 6302 151 6151 1533 673 4618
is_linear=0
shrinkage=0.05


Tree=159
num_leaves=31
num_cat=0
split_feature=8 23 24 15 17 9 23 22 22 20 20 4 14 9 22 22 9 15 23 24 22 13 9 9 22 18 17 15 2 17
split_gain=1.585 1.42319 1.992 2.76596 2.70101 2.68384 3.24009 3.22742 2.61038 2.27865 2.17683 4.22742 2.06624 2.09806 3.4136 1.89747 3.68654 3.40498 1.80139 2.31653 4.54735 6.65166 2.69754 2.68497 5.21924 2.57248 2.30286 4.79395 2.15164 2.08222
threshold=175.00000000000003 -0.99628250747696534 1.7100000000000002 71.500000000000014 157.50000000000003 298.48324584960943 -0.99864786094873803 1.0000000180025095e-35 -0.065535378769913874 386.80000000000001 287.80000000000001 12.835000000000003 28.750000000000004 504.91798400878912 0.039769539193789977 -0.031173458710879235 158.50785064697268 67.500000000000014 -0.98212955754013376 0.05000000000000001 0.12545942051955489 10.350000000000003 364.77772521972662 172.1780700683594 0.17646842360078763 5.8450000000000006 246.50000000000003 61.500000000000007 1.3900000000000017 56.500000000000007
decision_type=2 2 10 2 2 2 2 2 2 8 8 2 2 2 2 2 2 2 2 10 2 2 2 2 2 2 2 2 2 2
left_child=1 2 5 8 -5 6 9 -7 -4 15 11 -9 -12 14 -14 16 -1 -18 19 20 22 23 26 24 -22 -25 -3 -28 -23 -21
right_child=-2 18 3 4 -6 7 -8 10 -10 -11 12 -13 13 -15 -16 -17 17 -19 -20 29 21 28 -24 25 -26 -27 27 -29 -30 -31
leaf_value=-0.0019998768156660441 0.0083862772772523211 0.00065897920680100381 0.0025913745448782129 0.0078782913539697831 0.001190939807962146 -0.00081662577458471155 -0.0051263916321189857 0.0050238997653289869 -0.00051079157601230992 0.0010470755078103152 -0.0045421527756485123 -0.00034791756503329749 0.007777726531733288 -0.0038049903253174564 0.0013428868121763476 -0.0021496381965976918 0.0045194707739399705 0.0024590526394534799 -5.1463718187840231e-05 0.0024280331150251804 0.005416608388133768 0.010617265920748005 -0.0063267594230214932 0.0048847004540916589 -0.0042390197971484724 -0.0027798310427919496 -0.0049366608163621799 0.0087402581139182835 0.0069237143466651108 -8.1280245217088339e-06
leaf_weight=241 73 1157 122 81 136 877 2434 86 849 850 118 65 67 69 69 1680 85 91 272771 417 298 78 298 54 96 211 56 73 55 6711
leaf_count=241 73 1157 122 81 136 877 2434 86 849 850 118 65 67 69 69 1680 85 91 272771 417 298 78 298 54 96 211 56 73 55 6711
internal_value=-3.78628e-05 -3.97159e-05 -0.000700759 0.00118687 0.00629032 -0.00103387 -0.0015341 0.000958548 4.63428e-05 -0.000419071 0.0042827 0.00923841 0.00196594 0.005 0.00860294 -0.00130425 0.00171463 0.00721591 -2.11685e-05 0.000655512 0.00200757 0.00510101 0.000460857 0.00304249 0.0056599 -0.000849058 0.00145412 0.0077907 0.0153008 0.000204825
internal_weight=290268 290195 7920 1188 217 6732 5381 1351 971 2947 474 151 323 205 136 2097 417 176 282275 9504 2376 792 1584 659 394 265 1286 129 133 7128
internal_count=290268 290195 7920 1188 217 6732 5381 1351 971 2947 474 151 323 205 136 2097 417 176 282275 9504 2376 792 1584 659 394 265 1286 129 133 7128
is_linear=0
shrinkage=0.05


Tree=160
num_leaves=31
num_cat=0
split_feature=4 3 24 4 21 24 21 16 16 21 23 20 1 5 15 24 14 23 23 23 19 22 22 24 9 24 9 1 22 22
split_gain=1.51201 3.18053 5.20063 1.4467 1.37884 2.55079 2.33749 1.78246 1.60537 2.70917 1.65738 1.89091 1.56236 2.10776 1.52647 1.54879 1.50533 1.49735 2.18032 18.2327 10.4608 4.45455 8.1268 5.16493 5.66916 5.00246 5.11722 5.3966 4.90527 5.26973
threshold=102.57500000000002 34.978333333333339 1.8750000000000002 134.03500000000003 172.50000000000003 1.8150000000000002 202.50000000000003 9.6500000000000004 19.750000000000004 72.500000000000014 0.99988440732898443 411.35000000000008 6.955000000000001 9.4335714285714296 59.500000000000007 -0.55499999999999983 25.650000000000002 -0.99628250747696534 -0.8142754349318998 -0.83375966452616657 5.7250000000000005 0.48314048284850658 0.30983042691905771 1.3800000000000001 301.98291015625006 -0.029999999999999995 389.30609130859381 12.215000000000002 -0.49064630004295678 -0.47558551945199218
decision_type=2 2 8 2 10 10 10 2 2 8 2 10 2 2 2 8 2 2 2 2 2 2 2 8 2 10 2 2 2 2
left_child=4 2 3 -2 8 7 -7 -6 10 -10 17 -12 -13 -14 15 -9 -16 -1 19 21 -21 22 23 28 -25 26 27 -23 -19 -30
right_child=1 -3 -4 -5 5 6 -8 14 9 -11 11 12 13 -15 16 -17 -18 18 -20 20 -22 25 -24 24 -26 -27 -28 -29 29 -31
leaf_value=-0.00074334205588306068 -0.0040224526410859761 0.00097096405670214509 0.026328388198421877 0.010525481554181036 0.0050399397985109841 0.0096848103960441943 0.0030298436468065414 0.0059245492681187732 -0.0005181496007688667 0.0036512834482293438 -0.0041836054577899318 -0.0027759781965953183 0.0053553544924964409 -0.0023372249170565368 0.0038445221703546323 -0.00016017800917639974 -0.001399320039718795 -0.0035321043455721298 -8.2711868868168373e-05 0.0071977577928041244 0.0031087419499833341 0.0093704382801216551 -0.0019145388626244512 0.0013446762765935098 0.006101127925096074 0.0014541321175722815 0.0024786318610080268 0.00573621598188386 0.0050351391466268575 -5.9340951309937708e-07
leaf_weight=7768 82 2606 79 63 90 82 273 52 378 354 738 74 61 68 56 2964 4540 2235 223374 426 2607 77 8533 7315 317 3492 255 59 520 20730
leaf_count=7768 82 2606 79 63 90 82 273 52 378 354 738 74 61 68 56 2964 4540 2235 223374 426 2607 77 8533 7315 317 3492 255 59 520 20730
internal_value=-3.70015e-05 0.00111307 0.00683036 0.0012069 -4.83247e-05 -0.000693187 0.0034507 -0.000884187 -2.97276e-05 0.00230874 -3.58707e-05 -0.00213071 0.00214286 0.00546512 -0.000966896 -9.28394e-05 -0.00154047 -2.87724e-05 -9.07728e-06 0.000302151 0.00405044 4.10022e-05 -0.000117277 0.000257575 0.00138758 0.00165722 0.00702046 0.0148529 -0.000109646 0.000124705
internal_weight=290268 2830 224 145 287438 8057 355 7702 279381 732 278649 941 203 129 7612 3016 4596 277708 269940 46566 3033 43533 39650 31117 7632 3883 391 136 23485 21250
internal_count=290268 2830 224 145 287438 8057 355 7702 279381 732 278649 941 203 129 7612 3016 4596 277708 269940 46566 3033 43533 39650 31117 7632 3883 391 136 23485 21250
is_linear=0
shrinkage=0.05


Tree=161
num_leaves=31
num_cat=0
split_feature=4 3 24 2 21 2 22 19 13 9 16 21 24 22 22 22 22 1 13 0 13 15 17 19 17 20 22 17 21 22
split_gain=1.4236 2.97493 4.79597 1.43993 1.42864 3.03048 2.66475 2.6195 1.75929 1.61793 1.6061 2.70917 1.49534 2.77145 9.54084 3.63254 8.83005 6.20096 6.36092 3.11116 2.99209 2.94935 4.45313 2.8931 2.74189 2.661 4.1331 3.96545 2.40661 2.32991
threshold=102.57500000000002 34.978333333333339 1.8750000000000002 30.32 172.50000000000003 2.2400000000000011 -0.94139628442229062 15.065000000000003 6.7500000000000009 19.399709701538089 19.750000000000004 72.500000000000014 1.9550000000000003 -0.12546116083924153 -0.30983472475487867 -0.63921128368950708 -0.66528616069191593 5.8350000000000009 5.5500000000000007 5.8950000000000005 7.1500000000000012 80.500000000000014 315.50000000000006 4.3950000000000005 330.50000000000006 307.2000000000001 -0.17647087149565668 18.500000000000004 47.500000000000007 -0.85227431625818906
decision_type=2 2 8 2 10 2 2 2 2 2 2 8 10 2 2 2 2 2 2 2 2 2 2 2 2 10 2 2 10 2
left_child=4 2 -2 -3 10 -6 7 -7 -8 -9 12 -12 -1 14 15 16 29 18 -18 -20 24 28 -23 -22 -16 27 -27 -25 -17 -14
right_child=1 3 -4 -5 5 6 8 9 -10 -11 11 -13 13 -15 20 21 17 -19 19 -21 23 22 -24 25 -26 26 -28 -29 -30 -31
leaf_value=-1.4361595678706468e-05 0.001546371766321033 -0.00012098354531528454 0.025011968788500788 0.0055358762513230686 -0.0009840081346834369 0.0023673300183932552 -0.00044951787481445376 0.011208770392486802 0.0067034242992040005 0.016607335861093316 -0.00049224212073043275 0.0034687192758178736 0.0071232920883570949 -0.0034323782685774457 -0.00056344962275511933 -0.0035505000957966426 0.011445717626932394 0.0016192018502376579 -0.00045565320779160319 0.0058827993513197764 -0.0006247006187373443 -0.00046093542720348422 0.0048891909868028563 0.0051096944772640995 0.0057881708146993388 0.002038698458316935 0.0097326270255778755 0.0024122253588207887 0.00041405747421001767 -0.0015196907051970375
leaf_weight=266662 145 2014 79 592 6739 147 950 54 116 51 378 354 193 1581 803 3500 58 225 58 55 223 279 57 62 81 178 93 725 499 3317
leaf_count=266662 145 2014 79 592 6739 147 950 54 116 51 378 354 193 1581 803 3500 58 225 58 55 223 279 57 62 81 178 93 725 499 3317
internal_value=-3.82073e-05 0.00107774 0.00660714 0.000602455 -4.91944e-05 -0.000705599 0.0014871 0.00611111 0.000393995 0.0121429 -3.02645e-05 0.00230874 -3.6409e-05 -0.000582716 -0.000286374 -0.00106237 4.35216e-05 0.00712121 0.0142982 0.00738938 0.00266744 -0.00205882 0.00244047 0.00421155 0.000429863 0.00530246 0.00957564 0.003831 -0.00243686 -0.000754987
internal_weight=290268 2830 224 2606 287438 8057 1318 252 1066 105 279381 732 278649 11987 10406 8241 3906 396 171 113 2165 4335 336 1281 884 1058 271 787 3999 3510
internal_count=290268 2830 224 2606 287438 8057 1318 252 1066 105 279381 732 278649 11987 10406 8241 3906 396 171 113 2165 4335 336 1281 884 1058 271 787 3999 3510
is_linear=0
shrinkage=0.05


Tree=162
num_leaves=31
num_cat=0
split_feature=8 14 15 21 23 23 18 2 17 24 23 0 16 16 13 22 0 22 20 0 18 13 24 22 23 17 16 20 20 13
split_gain=1.58515 1.44086 4.92723 3.64936 2.89378 6.21806 5.01992 3.13356 3.27731 2.7984 2.77599 3.61146 2.64626 4.00346 2.53673 3.03148 2.52337 2.30652 2.11281 2.22252 3.69931 2.19295 2.33221 2.04989 3.49051 2.9443 2.45808 2.29411 2.61357 2.16851
threshold=175.00000000000003 27.450000000000003 76.500000000000014 12.500000000000002 0.89309379682046119 0.92519182738459482 3.3250000000000006 -1.7599999999999991 279.50000000000006 -0.43999999999999995 0.98174098242282837 5.0050000000000008 12.550000000000002 15.350000000000003 11.050000000000002 -0.72696319516528884 10.205000000000002 -0.67803021058859214 361.10000000000008 11.015000000000002 10.415000000000001 1.0500000000000003 -0.064999999999999988 0.49812943072827093 0.1318557721318592 305.50000000000006 5.0500000000000007 205.90000000000003 175.10000000000002 2.5500000000000003
decision_type=2 2 2 8 2 2 2 2 2 8 2 2 2 2 2 2 2 2 10 2 2 2 8 2 2 2 2 10 10 2
left_child=1 2 3 14 -4 6 -6 8 -8 -5 -7 -12 -13 -14 15 -1 17 -17 21 20 -20 22 -11 -19 26 27 -25 28 -26 -29
right_child=-2 -3 4 9 5 10 7 -9 -10 18 11 12 13 -15 -16 16 -18 23 19 -21 -22 -23 -24 24 25 -27 -28 29 -30 -31
leaf_value=-0.0015976114550471068 0.007867895304321821 4.6324288130403223e-06 2.6060873887276122e-05 -0.0032124506595778827 0.0068935122733201895 -0.0013591491809562925 0.0040343054383017787 0.001441398616000733 0.0072454886207417761 0.0060559036818504759 -0.0013225699699868146 0.0021018620762228504 0.006802201391000919 0.0031159867684149201 -0.0015531629324358174 0.0042444218856993359 -0.0013977532601015749 0.00088827099817514413 0.0015599830416425323 -0.0024434043631855772 0.0062062812926235653 -0.0015956987270524161 0.00010464299609892222 0.0061448892040925872 0.0016127096176474084 0.013791412384004482 -0.00022288009554814704 0.0045130095673804318 0.010809076887474905 0.00027620011974692428
leaf_weight=1396 73 248245 14732 3576 83 1240 119 450 91 116 390 531 84 70 3442 91 754 1878 708 397 117 9975 372 68 54 102 599 142 52 321
leaf_count=1396 73 248245 14732 3576 83 1240 119 450 91 116 390 531 84 70 3442 91 754 1878 708 397 117 9975 372 68 54 102 599 142 52 321
internal_value=-3.82073e-05 -4.00605e-05 -0.000311086 -0.000776077 0.000320404 0.00172008 0.00569986 0.00424242 0.00928571 -0.00124533 0.000442763 0.00230232 0.00448905 0.0102597 2.86537e-05 0.000699101 0.00139005 0.00198518 -0.000870776 0.00109656 0.00257576 -0.00110055 0.00217213 0.00176306 0.00325859 0.00580477 0.00069715 0.00440246 0.0110377 0.00288337
internal_weight=290268 290195 41950 24160 17790 3058 743 660 210 15261 2315 1075 685 154 8899 5457 4061 3307 11685 1222 825 10463 488 3216 1338 671 667 569 106 463
internal_count=290268 290195 41950 24160 17790 3058 743 660 210 15261 2315 1075 685 154 8899 5457 4061 3307 11685 1222 825 10463 488 3216 1338 671 667 569 106 463
is_linear=0
shrinkage=0.05


Tree=163
num_leaves=31
num_cat=0
split_feature=8 23 22 20 13 13 14 23 5 15 16 1 17 16 23 9 20 23 22 23 14 3 20 13 5 22 20 17 22 1
split_gain=1.58448 1.38829 3.24175 6.06561 5.17256 5.22485 1.82885 1.62142 3.13908 3.44146 2.5594 1.83799 1.62009 2.3363 2.36683 3.07147 3.48837 2.53184 5.42379 4.85204 2.93232 3.81418 3.40156 3.31548 2.59949 2.569 3.87534 2.64877 2.3617 5.02985
threshold=175.00000000000003 0.99855310097228334 0.039769539193789977 708.00000000000011 16.050000000000004 3.5500000000000003 29.950000000000003 0.99958851518450398 8.4321428571428587 63.500000000000007 11.65 4.1850000000000014 203.50000000000003 6.1500000000000012 0.9980355542543059 295.06581115722662 297.80000000000001 0.16587474750015932 -0.95244167294248061 0.11478523713130605 31.150000000000002 16.615000000000006 345.50000000000006 8.6500000000000004 24.625000000000004 0.9893236546938301 487.40000000000003 240.50000000000003 -0.94705910369513524 7.1950000000000012
decision_type=2 2 2 8 2 2 2 2 2 2 2 2 2 2 2 2 10 2 2 2 2 2 10 2 2 2 10 2 2 2
left_child=1 12 3 6 5 -5 -3 8 11 10 -10 -8 -1 -14 17 -16 -17 19 24 -15 -21 22 -22 25 -19 26 27 -24 29 -20
right_child=-2 2 -4 4 -6 -7 7 -9 9 -11 -12 -13 13 14 15 16 -18 18 28 20 21 -23 23 -25 -26 -27 -28 -29 -30 -31
leaf_value=-0.00014739711384701673 0.0074745005391057499 -0.0029105961686087464 -0.0078609422967779088 0.0054075585719536995 0.00080731988247618395 0.0054602609791355059 0.0034016341251116716 -0.00096965909391960267 0.00088039414466143349 0.00029908672432943687 0.0059816601182349251 -0.002380450344353054 -0.00077693470502740675 0.00034275229737767683 -0.00046271823377505182 0.0045200085660315461 0.010554797438576242 -0.0038313803021765738 -0.005435098585322656 0.0015635310862869131 0.0011051020461055655 -0.0020413473783618781 -0.001468372816578343 0.011307334638664138 0.0041910726013102296 0.002089633432295701 0.0086027503487588804 0.005387171422668903 2.6182441009801581e-05 0.012476208738492534
leaf_weight=158552 73 1678 792 63 146 52 65 1419 79 210 107 339 9705 44515 249 129 129 2359 173 1420 176 127 62 76 77 182 57 75 66991 191
leaf_count=158552 73 1678 792 63 146 52 65 1419 79 210 107 339 9705 44515 249 129 129 2359 173 1420 176 127 62 76 77 182 57 75 66991 191
internal_value=-3.6657e-05 -3.85098e-05 -0.000868688 -0.000310247 0.00706896 0.015 -0.000804466 0.000137448 0.0019375 0.00510101 0.0100538 -0.00116337 -2.41033e-05 0.0001092 0.000171042 0.00357988 0.0074031 0.000156205 -3.44612e-05 0.000441207 0.00274713 0.0052649 0.00686306 0.00915929 -0.00235222 0.00723404 0.0112371 0.00667883 4.93641e-05 0.00406593
internal_weight=290268 290195 4950 4158 261 115 3897 2219 800 396 186 404 285245 126693 116988 507 258 116481 69791 46690 2175 755 628 452 2436 376 194 137 67355 364
internal_count=290268 290195 4950 4158 261 115 3897 2219 800 396 186 404 285245 126693 116988 507 258 116481 69791 46690 2175 755 628 452 2436 376 194 137 67355 364
is_linear=0
shrinkage=0.05


Tree=164
num_leaves=31
num_cat=0
split_feature=23 23 24 24 9 0 3 2 16 13 13 9 24 2 22 21 13 5 22 21 24 5 1 19 9 0 2 13 16 22
split_gain=1.54542 2.86793 14.7784 11.4583 14.609 5.89961 4.29091 3.92497 3.6456 3.40319 2.73696 2.1032 3.75414 3.54311 3.13291 4.45054 8.13058 1.92092 2.0322 2.24288 1.89495 1.90326 3.3107 2.16246 1.72007 1.66772 2.06769 1.57955 3.05765 2.37978
threshold=0.99681593486783593 0.99530134160901229 -0.42499999999999993 2.0250000000000004 504.91798400878912 10.955000000000002 5.9683333333333346 -2.8699999999999997 11.850000000000003 11.65 9.2500000000000018 998.87963867187511 -0.42499999999999993 -2.8100000000000005 0.039769539193789977 1.0000000180025095e-35 16.050000000000004 8.977857142857145 0.056951373111866731 27.500000000000004 1.8750000000000002 4.5235714285714304 3.8050000000000002 4.8850000000000007 64.925708770751967 7.5250000000000012 1.5150000000000008 0.65000000000000002 10.050000000000002 0.83376496542330847
decision_type=2 2 10 10 2 2 2 2 2 2 2 2 10 2 2 10 2 2 2 8 10 2 2 2 2 2 2 2 2 2
left_child=1 27 7 4 5 8 9 -3 10 -6 -4 14 -13 -14 15 16 -2 -16 -19 -20 21 -17 23 -23 -22 -15 -27 28 29 -1
right_child=11 2 3 -5 6 -7 -8 -9 -10 -11 -12 12 13 25 17 20 -18 18 19 -21 24 22 -24 -25 -26 26 -28 -29 -30 -31
leaf_value=0.00062647072703892782 0.0051872479301787342 0.0043225912301824458 0.009349226982846192 -0.012334122845194985 0.0046314942646499017 0.017524688282121954 -0.0014509762880291063 -0.0043829289306289111 0.0083337358732739342 0.0069364036199233191 0.0016063325607738801 -0.0063517597847780388 -0.0014384540673879551 0.0025551055866884728 -0.0088690487105194636 -0.0074769941670047406 0.00076695388835237507 -0.0051056184933782594 0.0087500050661490688 -0.0016582099745347191 0.0014571299886274392 0.00054411256080755114 -0.00016325641215797688 0.01044989994847681 -0.004869024082361265 0.007761832720341995 0.003251628518180642 -8.0957815031128908e-05 -0.00010591080901477192 0.0024982322915616121
leaf_weight=13407 52 57 76 198 105 57 175 735 67 58 56 200 200 255 1058 288 146 207 57 64 214 57 3351 64 974 81 58 243467 22874 1610
leaf_count=13407 52 57 76 198 105 57 175 735 67 58 56 200 200 255 1058 288 146 207 57 64 214 57 3351 64 974 81 58 243467 22874 1610
internal_value=-3.78628e-05 -1.92984e-05 0.00210227 0.00693182 0.010404 0.0194141 0.00357988 -0.00272727 0.0153518 0.00941718 0.0105303 -0.000754847 0.00167506 0.00367003 -0.00105022 -0.000481929 0.00686869 -0.00316017 0.000182926 0.00533058 -0.000776072 -0.000226065 9.79251e-05 0.00822314 -0.00251684 0.00642132 0.0108273 -3.12425e-05 0.00026906 0.000823399
internal_weight=290268 282942 1584 792 594 256 338 792 199 163 132 7326 794 594 6532 5146 198 1386 328 121 4948 3760 3472 121 1188 394 139 281358 37891 15017
internal_count=290268 282942 1584 792 594 256 338 792 199 163 132 7326 794 594 6532 5146 198 1386 328 121 4948 3760 3472 121 1188 394 139 281358 37891 15017
is_linear=0
shrinkage=0.05


Tree=165
num_leaves=31
num_cat=0
split_feature=5 1 17 4 18 22 9 15 4 15 10 22 22 11 14 9 20 19 13 21 14 20 18 22 13 14 13 15 22 20
split_gain=1.33569 1.47696 2.22634 4.06995 2.09284 1.31123 3.05339 2.698 1.26032 2.42945 2.3488 2.27161 1.94086 1.43464 1.24805 1.67733 1.28827 1.19077 2.60276 1.16693 2.42076 2.14439 2.26004 1.49293 1.21021 1.72112 2.59556 1.95445 2.35061 3.76637
threshold=3.0692857142857153 1.9350000000000003 327.50000000000006 7.5250000000000012 1.9350000000000003 -0.99985146406598202 998.87963867187511 65.500000000000014 189.73500000000004 48.500000000000007 4.8808333873748788 -0.91597725483594616 -0.93545489084327571 7.6150000095367441 32.050000000000004 87.609973907470717 491.60000000000008 7.0850000000000009 7.9500000000000011 172.50000000000003 32.150000000000013 519.10000000000014 15.405000000000003 -0.97509794945709805 23.950000000000003 25.150000000000002 3.6500000000000008 66.500000000000014 0.9962888416657264 137.60000000000002
decision_type=2 2 2 2 2 2 2 2 2 2 2 2 2 2 2 2 10 2 2 10 2 10 2 2 2 2 2 2 2 10
left_child=17 2 -2 -4 -3 6 14 -8 19 10 13 12 -11 -10 16 -16 -6 -1 -19 24 -21 22 -22 -23 25 26 -7 28 -27 -30
right_child=1 4 3 -5 5 8 7 -9 9 11 -12 -13 -14 -15 15 -17 -18 18 -20 20 21 23 -24 -25 -26 27 -28 -29 29 -31
leaf_value=-0.0035878050926755746 0.00096592287298580271 -0.0042192554965543748 -0.0024546012793917613 0.0079925809329084267 -0.0051468518060367148 0.0011461560865321061 0.00048700536765165791 0.01637518129653651 0.015028154856084892 -0.0023732053506456316 0.0020713131301795329 -0.0030262301977910188 0.020678715315918056 0.023114495194322869 -0.0017652779301870055 0.0074793093307409424 0.0078008151917632954 0.0059077695702713616 -0.0052278877992109618 -0.00095273794932324615 0.0019659948141775665 0.0071933241742737439 0.015797152155470784 -6.8221127357925377e-05 -0.00034542569534229016 -5.7217199771910472e-05 -0.0012625596695717209 0.00021855267235469574 0.0017708695552333812 -0.0031450182368904637
leaf_weight=1065 803 779 51 64 1104 1720 133 65 53 93 136 480 93 60 158 73 51 52 57 6020 72 270 56 1718 27067 131761 7492 105515 736 2471
leaf_count=1065 803 779 51 64 1104 1720 133 65 53 93 136 480 93 60 158 73 51 52 57 6020 72 270 56 1718 27067 131761 7492 105515 736 2471
internal_value=-3.75182e-05 -3.06833e-05 0.00197168 0.00847826 -3.70619e-05 -3.00467e-05 -0.00146465 0.00434343 -2.20961e-05 0.0018306 0.00604418 0.000255254 0.00494624 0.0113717 -0.00229437 0.0010606 -0.00296537 -0.00172061 0.00325688 -2.80463e-05 -0.000618241 0.000836483 0.00710937 0.000432594 -1.06963e-05 2.37278e-05 -0.000646983 4.94202e-05 -7.66119e-05 -0.0014141
internal_weight=290268 289094 918 115 288176 287397 1584 198 285813 915 249 666 186 113 1386 231 1155 1174 109 284898 8136 2116 128 1988 276762 249695 9212 240483 134968 3207
internal_count=290268 289094 918 115 288176 287397 1584 198 285813 915 249 666 186 113 1386 231 1155 1174 109 284898 8136 2116 128 1988 276762 249695 9212 240483 134968 3207
is_linear=0
shrinkage=0.05


Tree=166
num_leaves=31
num_cat=0
split_feature=23 23 24 16 24 9 17 13 2 13 17 24 23 20 9 18 19 14 9 17 23 23 24 23 18 23 9 16 1 2
split_gain=1.63342 2.61716 13.0909 10.8003 6.62795 5.19503 5.50502 4.75694 3.81049 3.37469 2.23173 1.76935 3.81069 8.67639 3.98831 3.17763 3.17383 2.88801 2.49889 4.07429 2.45423 2.44217 2.30913 2.63712 2.61016 2.65035 5.3401 2.67092 2.64035 2.22898
threshold=0.99681593486783593 0.99530134160901229 -0.42499999999999993 12.550000000000002 2.0250000000000004 528.79354858398449 199.50000000000003 4.7500000000000009 -2.279999999999998 6.7500000000000009 251.50000000000003 -0.49499999999999994 0.9989598388634241 403.65000000000003 222.96364593505862 5.9250000000000007 8.6050000000000022 27.950000000000003 998.87963867187511 224.50000000000003 0.99958851518450398 0.99958851518450398 -0.55499999999999983 0.9989598388634241 4.8750000000000009 0.9980355542543059 354.09144592285162 10.250000000000002 9.5050000000000008 1.7199999999999995
decision_type=2 2 10 2 10 2 2 2 2 2 2 10 2 8 2 2 2 2 2 2 2 2 10 2 2 2 2 2 2 2
left_child=1 -1 8 4 5 9 7 -7 -3 10 -4 22 17 18 15 -15 -17 -13 21 -20 -18 29 23 24 -2 28 27 -27 -26 -14
right_child=11 2 3 -5 -6 6 -8 -9 -10 -11 -12 12 13 14 -16 16 20 -19 19 -21 -22 -23 -24 -25 25 26 -28 -29 -30 -31
leaf_value=-3.1725900381104064e-05 -0.0042650295580029321 0.0030785806762583467 0.010278296961480079 0.010520993976440256 -0.011488500695476708 0.0014560153072625251 -0.0020905998343375741 0.0075154978788023411 -0.0044983576061828527 0.004492935409689312 0.0099623734534319414 0.0011149704468535722 -0.0013355213060998216 0.006277935804857972 0.0025222525344376504 -0.00013314894725501849 0.0047433763659087249 -0.0040321342254382208 0.0082469066908922115 -0.00032442154092268352 0.0023084353342490227 -0.0031182521682211225 -0.0048816013647937709 -0.0022595077662494315 -0.0032494827492750358 0.0063081155850572531 0.015801433375698875 -0.00068096002282684272 0.0037415447091394723 0.0046470798619683553
leaf_weight=281358 192 91 64 95 194 71 158 84 701 72 54 402 418 77 294 75 55 1578 64 125 53 1183 792 1188 204 79 71 163 83 230
leaf_count=281358 192 91 64 95 194 71 158 84 701 72 54 402 418 77 294 75 55 1578 64 125 53 1183 792 1188 204 79 71 163 83 230
internal_value=-3.82073e-05 -1.91217e-05 0.00200757 0.00655303 0.00439742 0.00742545 0.00346645 0.0101613 -0.00253788 0.0139474 0.0191525 -0.000775322 -0.000169083 0.00109945 0.0066426 0.0111538 0.0075683 -0.00181818 -0.000420793 0.00505291 0.0130556 -0.000985801 -0.00177129 -0.000858587 0.00137626 0.003 0.00618211 0.00264463 -0.000470384 0.00148148
internal_weight=290268 282942 1584 792 697 503 313 155 792 190 118 7326 4554 2574 554 260 183 1980 2020 189 108 1831 2772 1980 792 600 313 242 287 648
internal_count=290268 282942 1584 792 697 503 313 155 792 190 118 7326 4554 2574 554 260 183 1980 2020 189 108 1831 2772 1980 792 600 313 242 287 648
is_linear=0
shrinkage=0.05


Tree=167
num_leaves=31
num_cat=0
split_feature=23 23 24 16 24 9 17 17 22 21 14 9 21 24 24 0 16 22 15 14 22 18 22 9 4 14 9 3 16 17
split_gain=1.63419 2.07719 12.1976 9.94672 6.19487 4.32771 5.44224 4.38782 2.00063 3.68774 4.27055 2.67837 2.33387 1.98087 2.64573 3.58761 3.99154 3.83966 3.64763 3.16617 3.0303 2.54561 2.5246 5.48254 2.48997 2.67317 2.39707 2.45115 2.37764 1.97145
threshold=0.99681593486783593 0.99530134160901229 -0.42499999999999993 12.65 2.0250000000000004 528.79354858398449 199.50000000000003 88.500000000000014 0.039769539193789977 1.0000000180025095e-35 29.750000000000004 773.87631225585949 30.600000000000005 1.8750000000000002 -0.49499999999999994 7.2950000000000008 11.65 -0.022576249993022688 62.500000000000007 30.350000000000005 -0.03977009085991149 4.8750000000000009 -0.05695216311707673 354.09144592285162 9.3550000000000022 26.550000000000004 257.23342895507818 6.4816666666666682 10.250000000000002 232.50000000000003
decision_type=2 2 10 2 10 2 2 2 2 10 2 2 8 10 10 2 2 2 2 2 2 2 2 2 2 2 2 2 2 2
left_child=1 -1 -3 4 5 -4 7 -7 9 10 -2 -10 -13 14 20 19 -17 18 -18 24 21 -11 -23 28 25 -16 -21 -28 -24 -27
right_child=8 2 3 -5 -6 6 -8 -9 11 13 -12 12 -14 -15 15 16 17 -19 -20 26 -22 22 23 -25 -26 29 27 -29 -30 -31
leaf_value=-3.0139605362052567e-05 0.00079876778090251423 -0.0031805010013943903 0.0083603852044462738 0.010158258573103311 -0.010914075660702878 0.0026404113720737334 -0.0019860698426206898 0.0083888081641475109 -0.0062307442228923997 -0.0040517780801027871 0.0048388357788713421 0.0027328355751008032 -0.0018429033644168731 -0.0032621370022691007 -0.0029946744134357888 -0.0033527865775156603 0.0054677800502517518 0.00062481337905354181 0.0029036346912054679 0.0059788073011114509 -0.0024767642635136551 -0.00039513980365280075 0.0059927098058043891 0.015011361706913924 -0.0016149438689872086 0.0066592506602574809 0.007481854371931565 -0.0020927022596104209 -0.00064691202168549143 0.0035395561360793333
leaf_weight=281358 138 792 192 92 194 104 158 52 1366 192 60 101 117 1188 71 758 66 366 97 72 1584 287 79 71 250 54 92 65 163 89
leaf_count=281358 138 792 192 92 194 104 158 52 1366 192 60 101 117 1188 71 758 66 366 97 72 1584 287 79 71 250 54 92 65 163 89
internal_value=-3.8035e-05 -1.8945e-05 0.00178661 0.00617424 0.00414286 0.00705533 0.00343949 0.0100641 -0.000775322 -0.000341346 0.00636364 -0.00234849 0.00279816 -0.000580809 -8.72372e-05 0.00126263 -0.000299146 0.00303403 0.00941718 0.00416306 -0.00121212 0.00131313 0.00291667 0.00602236 0.00178879 0.00574766 0.0089738 0.00550955 0.00243802 0.00968531
internal_weight=290268 282942 1584 792 700 506 314 156 7326 5742 198 1584 218 5544 4356 1980 1287 529 163 693 2376 792 600 313 464 214 229 157 242 143
internal_count=290268 282942 1584 792 700 506 314 156 7326 5742 198 1584 218 5544 4356 1980 1287 529 163 693 2376 792 600 313 464 214 229 157 242 143
is_linear=0
shrinkage=0.05


Tree=168
num_leaves=31
num_cat=0
split_feature=23 22 21 13 9 23 24 16 24 9 2 3 4 13 24 24 1 13 22 18 13 9 9 9 19 21 5 22 19 1
split_gain=1.69681 1.88728 3.71653 6.8291 2.41368 1.86348 10.6692 9.73588 5.62607 3.91758 3.73137 3.53691 3.09971 2.23265 1.74486 2.57423 2.91919 4.21587 2.5463 2.29551 2.34667 3.05462 3.15483 1.94465 1.82398 1.73971 1.56487 1.91511 2.23239 1.48315
threshold=0.99681593486783593 0.039769539193789977 1.0000000180025095e-35 16.050000000000004 773.87631225585949 0.99530134160901229 -0.42499999999999993 12.65 2.0250000000000004 528.79354858398449 -2.8699999999999997 5.8983333333333343 7.0150000000000006 6.6500000000000012 1.8750000000000002 -0.49499999999999994 6.7150000000000007 0.8500000000000002 -0.03977009085991149 4.8750000000000009 0.75000000000000011 673.84381103515636 395.71284484863287 64.925708770751967 2.9350000000000005 30.600000000000005 8.977857142857145 0.056951373111866731 6.1250000000000009 9.7550000000000008
decision_type=2 2 10 2 2 2 10 2 10 2 2 2 2 2 10 10 2 2 2 2 2 2 2 2 2 8 2 2 2 2
left_child=5 2 3 -2 26 -1 10 8 9 13 -7 12 -11 -8 15 18 24 -18 19 -4 -21 22 -22 29 -17 -6 -3 -28 -29 -16
right_child=1 4 14 -5 25 6 7 -9 -10 11 -12 -13 -14 -15 23 16 17 -19 -20 20 21 -23 -24 -25 -26 -27 27 28 -30 -31
leaf_value=-2.8632625093945874e-05 0.0045315037058277462 -0.0078173364874679473 -0.0038491891760976575 0.00056095292437777038 0.002596193796345772 0.0041006300513123893 0.0093313452684184311 0.0096503456444481384 -0.010368371877667745 0.003574162446575266 -0.0037867376343012414 -0.001809603879379877 0.0050326856683251715 0.0034993503748828193 -0.00091311305260243631 -0.0090982864401583964 0.0051100340118250091 -0.00075849049679321563 -0.0023529260503379799 -0.001757378560060802 0.0033640130932142548 -0.0087863344053857664 0.013435193173357219 -0.0043090207236588665 0.0035774097316448026 -0.0017507581961960256 -0.0046215677973194718 -0.0024727592825541916 0.0074335943384915646 0.0038293660331571756
leaf_weight=281358 52 1042 192 146 101 57 116 92 194 102 735 158 54 76 145 51 97 1270 1584 195 239 67 99 974 562 117 203 51 70 69
leaf_count=281358 52 1042 192 146 101 57 116 92 194 102 735 158 54 76 145 51 97 1270 1584 195 239 67 99 974 562 117 203 51 70 69
internal_value=-3.76905e-05 -0.000788972 -0.000367469 0.00636364 -0.00231692 -1.82381e-05 0.00169192 0.00579545 0.00378571 0.00656126 -0.00241162 0.00312102 0.00846154 0.0121875 -0.000607866 -0.000144629 0.00118687 -9.87576e-05 -0.00125421 0.0010606 0.00258333 0.00475309 0.00668639 -0.0023064 0.00405383 0.00256881 -0.00309663 -6.17296e-05 0.00491735 0.00200934
internal_weight=290268 7326 5742 198 1584 282942 1584 792 700 506 792 314 156 192 5544 4356 1980 1367 2376 792 600 405 338 1188 613 218 1366 324 121 214
internal_count=290268 7326 5742 198 1584 282942 1584 792 700 506 792 314 156 192 5544 4356 1980 1367 2376 792 600 405 338 1188 613 218 1366 324 121 214
is_linear=0
shrinkage=0.05


Tree=169
num_leaves=31
num_cat=0
split_feature=23 22 21 13 15 23 24 24 9 0 16 3 4 24 24 0 16 13 14 22 16 9 1 0 4 22 9 16 1 14
split_gain=1.64107 2.00063 3.15311 6.43427 2.82389 1.79343 9.86427 8.72727 8.98691 4.38021 3.5651 3.42205 3.25748 1.75104 2.39976 2.91722 3.80761 4.88485 2.79067 2.50021 2.34721 2.7719 2.28865 2.27376 2.18333 2.11455 4.39197 3.0335 2.9742 1.94175
threshold=0.99681593486783593 0.039769539193789977 1.0000000180025095e-35 16.050000000000004 84.500000000000014 0.99530134160901229 -0.42499999999999993 2.0250000000000004 504.91798400878912 10.305000000000001 11.850000000000003 5.9683333333333346 7.0150000000000006 1.8750000000000002 -0.49499999999999994 7.2950000000000008 11.65 1.2500000000000002 30.350000000000005 -0.03977009085991149 13.450000000000001 263.47666931152349 6.995000000000001 4.8550000000000013 9.3550000000000022 -0.05695216311707673 354.09144592285162 9.3500000000000032 9.9050000000000029 26.550000000000004
decision_type=2 2 10 2 2 2 10 10 2 2 2 2 2 10 10 2 2 2 2 2 2 2 2 2 2 2 2 2 2 2
left_child=5 2 3 -2 -3 -1 -7 8 9 10 -8 12 -10 14 19 18 -17 -18 24 23 21 -20 -23 -4 29 28 27 -27 -25 -16
right_child=1 4 13 -5 -6 6 7 -9 11 -11 -12 -13 -14 -15 15 16 17 -19 20 -21 -22 22 -24 25 -26 26 -28 -29 -30 -31
leaf_value=-2.7200993839245625e-05 0.0043049285205363575 -0.0039448071264701961 -0.0039568298086398619 0.00053290527815888316 0.0035338965690642379 -0.0028321390696096111 0.0055342698854567466 -0.01007600843125428 0.0033658799122418892 0.014483409198158492 0.0060563811109041544 -0.0016902784834676539 0.0049719228847664694 -0.0028835791159727039 -0.0029274272859970687 -0.0032528685406739768 0.0048651346051928274 0.0016889592119625431 0.007346179083345135 -0.0022352797478210856 -5.5593558689479487e-05 0.0095533444529739761 -0.0023580778202145092 -0.0031436699125340878 -0.0016406029504348303 0.0059301657722043008 0.013671475213233123 -0.00027548217373875739 0.0042245211887511911 0.005612884455808786
leaf_weight=281358 52 1530 177 146 54 792 128 198 104 64 64 175 59 1188 71 758 72 457 52 1584 61 66 50 213 250 53 70 201 78 143
leaf_count=281358 52 1530 177 146 54 792 128 198 104 64 64 175 59 1188 71 758 72 457 52 1584 61 66 50 213 250 53 70 201 78 143
internal_value=-3.64847e-05 -0.000775322 -0.000341346 0.00585858 -0.00234849 -1.73546e-05 0.00166035 0.00560606 0.00863636 0.0157031 0.0119271 0.00328402 0.00849693 -0.000562772 -9.87156e-05 0.00118687 -0.000221446 0.00303403 0.00380231 -0.00117003 0.00831878 0.011369 0.00706896 0.00112374 0.00157327 0.00256097 0.0053395 0.00228346 -0.000532647 0.00528037
internal_weight=290268 7326 5742 198 1584 282942 1584 792 594 256 192 338 163 5544 4356 1980 1287 529 693 2376 229 168 116 792 464 615 324 254 291 214
internal_count=290268 7326 5742 198 1584 282942 1584 792 594 256 192 338 163 5544 4356 1980 1287 529 693 2376 229 168 116 792 464 615 324 254 291 214
is_linear=0
shrinkage=0.05


Tree=170
num_leaves=31
num_cat=0
split_feature=23 9 24 13 13 13 23 24 24 9 20 17 13 17 13 19 20 13 0 23 21 23 20 19 20 14 20 9 5 15
split_gain=1.50101 1.97265 3.67476 2.09056 3.89633 2.48024 1.85925 8.7904 8.36742 8.66717 6 4.59685 4.08654 2.0023 1.79594 1.62353 1.58179 1.35186 2.27555 2.56222 2.23757 2.18628 4.04657 2.81218 2.25752 3.53854 1.91443 1.72224 1.78229 1.71106
threshold=0.99681593486783593 998.87963867187511 -0.42499999999999993 7.2500000000000009 10.850000000000003 24.550000000000004 0.99530134160901229 -0.42499999999999993 2.0250000000000004 528.79354858398449 289.90000000000003 199.50000000000003 7.3500000000000005 273.50000000000006 6.6500000000000012 8.2850000000000019 708.00000000000011 0.65000000000000002 5.6350000000000007 0.94909129669788206 357.50000000000006 0.94066717844141279 550.10000000000014 9.5850000000000026 504.50000000000006 31.050000000000004 207.80000000000004 845.66873168945324 6.325000000000002 66.500000000000014
decision_type=2 2 10 2 2 2 2 10 10 2 10 2 2 2 2 2 10 2 2 2 8 2 10 2 10 2 8 2 2 2
left_child=6 16 -3 -4 -5 -6 17 13 9 10 14 12 -11 -8 -9 -12 -2 18 20 21 27 24 -23 -24 26 -26 -20 -1 -29 -19
right_child=1 2 3 4 5 -7 7 8 -10 11 15 -13 -14 -15 -16 -17 -18 29 19 -21 -22 22 23 -25 25 -27 -28 28 -30 -31
leaf_value=0.0020205402817122186 -0.0012145473561539473 -0.0055788755377607704 8.364420776795547e-05 0.0052379010494545209 0.00011261294989057608 0.0065647315773764113 -0.0070971444336566658 0.0076605201976323936 -0.0095722080096915744 0.0023797159323022711 0.0094565416511941114 -0.002145045231446104 0.0067258089674421279 0.00029105048594454274 0.001281643529550937 0.00849228729926353 0.0027558150696478786 -0.00025327238930111741 -0.0043717881909651332 -0.0021628956838366264 -0.0014651973413917713 2.4890837045011104e-05 0.0034282553812730928 0.0063879043486229255 -0.0024029473075412246 8.6929827245106557e-05 0.00058989488210557824 0.0059729736492392738 0.0012467646504453905 5.7101068276917744e-05
leaf_weight=1613 6442 200 259 93 191 51 435 78 198 91 69 167 66 357 72 51 90 112646 445 1404 440 207 54 53 2544 8919 22088 70 54 130821
leaf_count=1613 6442 200 259 93 191 51 435 78 198 91 69 167 66 357 72 51 90 112646 445 1404 440 207 54 53 2544 8919 22088 70 54 130821
internal_value=-3.45899e-05 -0.000741197 0.00161209 0.00358586 0.00619403 0.00285124 -1.62943e-05 0.00169192 0.00541667 0.00838384 0.015 0.00287037 0.00901274 -0.00203283 0.00833333 0.0233333 -0.00102725 -2.59112e-05 0.000251906 0.00015624 0.00182131 0.000241911 0.0043949 0.0122897 0.000203552 -0.000367706 0.000494163 0.00262809 0.00830645 -6.91481e-05
internal_weight=290268 7326 794 594 335 242 282942 1584 792 594 270 324 157 792 150 120 6532 281358 37891 35714 2177 34310 314 107 33996 11463 22533 1737 124 243467
internal_count=290268 7326 794 594 335 242 282942 1584 792 594 270 324 157 792 150 120 6532 281358 37891 35714 2177 34310 314 107 33996 11463 22533 1737 124 243467
is_linear=0
shrinkage=0.05


Tree=171
num_leaves=31
num_cat=0
split_feature=23 22 20 14 20 4 17 23 24 24 20 14 2 17 17 17 20 22 22 23 22 24 24 22 24 1 2 22 21 23
split_gain=1.55807 2.13518 4.23965 3.63743 2.16224 2.15878 1.92296 1.85925 7.91919 8.01515 6.26068 4.30784 3.87646 2.19261 3.35701 1.87817 1.86671 1.40603 2.49486 5.7008 4.18359 3.26232 3.63667 3.58254 5.18967 6.50465 6.28063 4.60642 4.80286 3.23798
threshold=0.99681593486783593 0.039769539193789977 708.00000000000011 29.750000000000004 264.90000000000003 10.475000000000003 260.50000000000006 0.99530134160901229 -0.42499999999999993 2.0250000000000004 315.30000000000001 30.450000000000003 -2.2299999999999986 195.50000000000003 90.500000000000014 46.500000000000007 303.00000000000006 -0.99763297024448894 -0.98523971305672675 -0.15950993297387572 -0.97113884758256674 1.4950000000000003 -0.22499999999999995 -0.99630266176052629 -0.58499999999999985 7.705000000000001 3.0700000000000012 -0.99467753128998015 30.600000000000005 0.11478523713130605
decision_type=2 2 8 2 8 2 2 2 10 10 10 2 2 2 2 2 8 2 2 2 2 10 10 2 10 2 2 2 10 2
left_child=7 2 -2 -4 5 -3 -7 17 12 10 13 -12 -9 14 15 -10 -15 -1 19 -19 -20 22 23 -21 27 26 -26 28 -25 -28
right_child=1 4 3 -5 -6 6 -8 8 9 -11 11 -13 -14 16 -16 -17 -18 18 20 21 -22 -23 -24 24 25 -27 29 -29 -30 -31
leaf_value=-0.00091386290732360881 -0.00055151196623752692 -0.0024416131516400126 0.0004131475380915134 0.0050859127261688765 -0.0051495780179266828 0.006398421374345608 -0.00010838966889209542 0.0033316535370025227 0.0036324515439111432 -0.009093597609206994 0.0071443541822128189 0.0084496970336849081 -0.0037492700802833562 0.0053341536830469223 0.0073436560502455495 -0.0012462594677412591 -0.0015814559854698583 0.0043187434031588742 -0.0016023613784407365 -0.002648263767022296 -7.0625808517375294e-06 0.0037606876307331029 -0.0023159355328885487 0.00017572325002343029 0.0098751783935456128 0.0020628912863173005 -0.0013058557698456203 -0.0021377921017715971 0.0080001420731308694 0.0088389593036498036
leaf_weight=6336 5481 206 152 109 1242 77 59 95 67 198 68 52 697 165 71 66 105 792 6336 792 259182 2178 2178 259 158 1468 102 1386 137 54
leaf_count=6336 5481 206 152 109 1242 77 59 95 67 198 68 52 697 165 71 66 105 792 6336 792 259182 2178 2178 259 158 1468 102 1386 137 54
internal_value=-3.49344e-05 -0.000754847 -0.000306515 0.00591954 -0.00238005 0.00114035 0.00602941 -1.62943e-05 0.00169192 0.00522727 0.00813131 0.0183333 -0.00184344 0.00554852 0.00946078 0.00477443 0.00259259 -2.59112e-05 -8.94593e-06 0.000787036 -3.74374e-05 0.000417813 -0.000140803 0.000693295 0.00136925 0.00327722 0.00980892 -0.000538722 0.00421717 0.00269231
internal_weight=290268 7326 5742 261 1584 342 136 282942 1584 792 594 120 792 474 204 133 270 281358 275022 9504 265518 8712 6534 4356 3564 1782 314 1782 396 156
internal_count=290268 7326 5742 261 1584 342 136 282942 1584 792 594 120 792 474 204 133 270 281358 275022 9504 265518 8712 6534 4356 3564 1782 314 1782 396 156
is_linear=0
shrinkage=0.05


Tree=172
num_leaves=31
num_cat=0
split_feature=0 9 24 23 9 24 13 17 13 23 24 16 24 17 9 20 17 17 16 20 23 20 24 14 18 13 9 9 14 20
split_gain=1.48831 1.40152 2.15893 1.21861 1.68229 2.80613 1.72164 3.24642 2.48637 1.58123 7.23256 7.53727 4.68443 2.94884 3.81568 3.56695 5.10869 1.74547 1.93566 3.06855 1.42865 3.81533 3.44293 3.10117 2.08843 1.93999 2.79173 2.69671 1.91886 1.84894
threshold=2.3350000000000004 81.83835601806642 -0.65999999999999981 0.99681593486783593 998.87963867187511 -0.42499999999999993 7.2500000000000009 224.50000000000003 10.550000000000002 0.99530134160901229 -0.42499999999999993 12.550000000000002 2.0250000000000004 243.50000000000003 313.64340209960943 298.90000000000003 134.50000000000003 271.50000000000006 10.250000000000002 305.10000000000008 0.9989598388634241 708.00000000000011 -0.55499999999999983 29.750000000000004 4.8750000000000009 0.75000000000000011 673.84381103515636 395.71284484863287 29.950000000000003 200.30000000000004
decision_type=2 2 8 2 2 10 2 2 2 2 10 2 10 2 2 8 2 2 2 10 2 8 10 2 2 2 2 2 2 8
left_child=1 2 -1 9 20 -6 -7 -8 -9 -2 17 12 13 15 -15 -12 -17 -11 -19 -20 22 28 24 -23 -5 -26 27 -27 -22 -24
right_child=3 -3 -4 4 5 6 7 8 -10 10 11 -13 -14 14 -16 16 -18 18 19 -21 21 23 29 -25 25 26 -28 -29 -30 -31
leaf_value=0.0067799094392390485 -1.934763200696329e-05 -0.00247862756926138 -0.0044616090451236896 -0.0033163150886200373 -0.0051971585935562869 0.00011466873576463297 0.0083596080194750979 0.0034518459587752136 -2.5856315935989506e-05 -0.0069400753438307585 0.0022670911430208761 0.0078716502195250882 -0.0084128625812767109 0.0093709267867213546 -0.0032804898269964602 0.0030239416904462454 0.0083053529311064352 -0.0054149612217826585 0.0043980798811038705 -4.5219304314559488e-05 -0.002803835306314559 0.00039249016118693745 0.0014781114541094951 0.0048316170898604219 -0.0015713886963494455 0.0030447309963546314 -0.0082466401741496231 0.012262631156750706 0.00011388831168808061 -0.0056206121874461615
leaf_weight=56 279173 2190 52 185 192 258 87 52 183 418 124 95 194 53 162 107 54 105 62 192 1382 152 159 109 195 239 66 99 2097 1776
leaf_count=56 279173 2190 52 185 192 258 87 52 183 418 124 95 194 53 162 107 54 105 62 192 1382 152 159 109 195 239 66 99 2097 1776
internal_value=-3.37286e-05 -0.00130113 0.00425926 -2.36148e-05 -0.000664501 0.00154145 0.00327586 0.00571428 0.00265957 -7.10744e-06 0.00157727 0.0049493 0.00314121 0.0057 0.00127907 0.00903509 0.0139441 -0.00184685 0.000710305 0.00307086 -0.000928163 -0.000294119 -0.0018003 0.0055364 0.000994897 0.00242905 0.00440594 0.0062426 -0.000731533 -0.00293282
internal_weight=290268 2298 108 287970 7231 772 580 322 235 280739 1566 789 694 500 215 285 161 777 359 254 6459 3740 2719 261 784 599 404 338 3479 1935
internal_count=290268 2298 108 287970 7231 772 580 322 235 280739 1566 789 694 500 215 285 161 777 359 254 6459 3740 2719 261 784 599 404 338 3479 1935
is_linear=0
shrinkage=0.05


Tree=173
num_leaves=31
num_cat=0
split_feature=23 22 20 14 4 14 1 22 24 15 23 21 20 24 24 20 1 14 22 4 1 22 13 15 20 17 20 17 13 19
split_gain=1.36232 1.93393 3.22914 3.02877 2.01465 2.77411 1.525 1.39516 2.50021 1.72964 1.62963 2.22643 1.55319 1.31575 2.27017 4.16169 2.68754 3.45139 2.18521 1.91707 1.87151 2.0507 2.54094 1.82607 1.59348 1.57406 1.82459 1.5004 1.35886 1.33952
threshold=0.99681593486783593 0.039769539193789977 708.00000000000011 29.750000000000004 9.6850000000000005 27.950000000000003 5.4350000000000014 -0.99985146406598202 1.4950000000000003 65.500000000000014 1.0000000180025095e-35 52.500000000000007 180.30000000000004 1.8750000000000002 -0.49499999999999994 403.65000000000003 6.035000000000001 30.250000000000004 -0.03977009085991149 21.885000000000002 7.5150000000000006 -0.05695216311707673 3.1500000000000008 63.500000000000007 353.65000000000003 267.50000000000006 326.60000000000008 247.50000000000003 7.5500000000000007 8.6050000000000022
decision_type=2 2 8 2 2 2 2 2 10 2 2 10 10 10 10 10 2 2 2 2 2 2 2 2 10 2 10 2 2 2
left_child=7 2 13 6 -3 -6 -4 8 10 -10 -1 -12 -11 14 18 16 17 -16 20 27 21 -2 -23 -24 -19 26 -22 -17 29 -29
right_child=1 4 3 -5 5 -7 -8 -9 9 12 11 -13 -14 -15 15 19 -18 24 -20 -21 25 22 23 -25 -26 -27 -28 28 -30 -31
leaf_value=-0.008386212385993989 -0.0045790423596779274 -0.0059992463145645374 0.0025912754167760929 0.004590036235367404 0.0036886160541900201 -0.001843587907639355 -0.0035977047589631087 -9.2617268459177598e-06 -0.00025451841478284649 0.00087348115998553974 -0.0022694568639003605 0.0077997998980449609 0.015021455083683992 -0.0025068349206510653 0.001334714583375452 0.005850442921649727 -0.0013042268504991827 0.010040538542376205 -0.0022342671523921573 -0.001300816543051227 0.0011311993621080094 -0.0022332586300457809 0.011966607451175731 0.00064276367794458033 0.0026947604355038921 0.00082470601689650788 0.0058489619032051927 0.0024965272957273702 -0.00068809145579154149 0.003363695801356926
leaf_weight=594 236 841 75 109 121 622 77 281358 286 51 540 54 59 1188 302 57 1237 57 1521 55 51 119 63 53 55 212 58 113 51 53
leaf_count=594 236 841 75 109 121 622 77 281358 286 51 540 54 59 1188 302 57 1237 57 1521 55 51 119 63 53 55 212 58 113 51 53
internal_value=-3.39009e-05 -0.000707072 -0.000280391 0.00515326 -0.00225379 -0.000356663 0.000592104 -1.6471e-05 -0.00149621 0.00194444 -0.0026431 -0.000791247 0.00727273 -0.000539136 -0.000131611 0.00111111 8.78244e-05 0.00357488 -0.00119542 0.0062462 0.000934342 -0.00107219 0.00223404 0.0075 0.0110714 0.0038785 0.00876147 0.0079562 0.00605991 0.00825301
internal_weight=290268 7326 5742 261 1584 743 152 282942 1584 396 1188 594 110 5481 4293 1980 1651 414 2313 329 792 471 235 116 112 321 109 274 217 166
internal_count=290268 7326 5742 261 1584 743 152 282942 1584 396 1188 594 110 5481 4293 1980 1651 414 2313 329 792 471 235 116 112 321 109 274 217 166
is_linear=0
shrinkage=0.05


Tree=174
num_leaves=31
num_cat=0
split_feature=23 22 20 9 9 17 1 22 9 3 19 23 18 17 17 5 22 17 0 23 9 23 24 22 22 20 23 0 24 9
split_gain=1.52941 1.83288 3.06566 2.89657 2.13333 2.41199 1.55604 1.45566 2.36688 2.24553 3.78314 2.08009 1.87034 5.95344 2.85094 1.30434 1.72112 3.16983 1.29462 2.24615 2.89839 1.27383 2.43456 2.88872 4.87302 2.52913 3.83867 3.5078 2.53114 2.71242
threshold=0.99681593486783593 0.039769539193789977 708.00000000000011 151.7052917480469 773.87631225585949 257.50000000000006 5.1050000000000013 -0.99985146406598202 998.87963867187511 29.461666666666673 15.825000000000001 1.0000000180025095e-35 7.3950000000000005 133.50000000000003 72.500000000000014 8.977857142857145 0.056951373111866731 257.50000000000006 1.9350000000000003 0.95936279103287792 162.10600280761722 -0.99628250747696534 1.3800000000000001 0.056951373111866731 0.039769539193789977 132.00000000000003 -0.99983123799342477 9.2750000000000004 0.05000000000000001 389.30609130859381
decision_type=2 2 8 2 2 2 2 2 2 2 2 2 2 2 2 2 2 2 2 2 2 2 10 2 2 10 2 2 10 2
left_child=7 2 -2 -4 15 -6 -5 8 11 10 -10 -1 -13 14 -14 -3 -17 -18 19 -9 -21 22 25 24 -24 26 27 -20 29 -27
right_child=1 4 3 6 5 -7 -8 18 9 -11 -12 12 13 -15 -16 16 17 -19 21 20 -22 -23 23 -25 -26 28 -28 -29 -30 -31
leaf_value=-0.0079669017666942933 -0.00055513880043906588 -0.006431732879163406 0.0043978831433075993 0.0032638630096178626 -0.0012598419160069819 0.0034146986968193352 -0.0015427941126474668 -0.0061072322976920782 -0.0010950588275484229 -0.01219812382933984 0.013829556895462692 -0.0059274111713576326 0.0016447195010624055 -0.0023047469751154436 0.0093396339494970174 -0.0037046380453000893 0.0082779019437432873 -0.001765158531345519 0.0031284429282310792 0.0078458238605134643 -0.00017352505799288673 1.8767186193237171e-05 0.00053404905714266688 -0.0041791363312570617 0.0048133638795904276 -0.00091156383345664246 -0.00052971723382167163 0.0058029864928396575 -0.0038102075728461272 0.0053617928342889103
leaf_weight=594 5481 1042 90 59 131 87 112 807 61 55 82 340 64 319 69 203 54 67 185 50 241 272370 1370 390 197 1833 995 52 2765 103
leaf_count=594 5481 1042 90 59 131 87 112 807 61 55 82 340 64 319 69 203 54 67 185 50 241 272370 1370 390 197 1833 995 52 2765 103
internal_value=-3.47622e-05 -0.000748022 -0.000332638 0.00496168 -0.00225379 0.00233945 0.00114035 -1.62943e-05 -0.00152778 0.00358586 0.00688811 -0.0022583 -0.000580809 0.00152655 0.0104135 -0.00298682 -0.000216051 0.00450413 -7.78487e-06 -0.00172131 0.00204467 -1.07163e-06 -0.000627378 0.000901889 0.00186024 -0.00113181 0.000884739 0.00660337 -0.00166029 -0.000273762
internal_weight=290268 7326 5742 261 1584 218 171 282942 1584 198 143 1386 792 452 133 1366 324 121 281358 1098 291 280260 7890 1957 1567 5933 1232 237 4701 1936
internal_count=290268 7326 5742 261 1584 218 171 282942 1584 198 143 1386 792 452 133 1366 324 121 281358 1098 291 280260 7890 1957 1567 5933 1232 237 4701 1936
is_linear=0
shrinkage=0.05


Tree=175
num_leaves=31
num_cat=0
split_feature=23 22 20 14 22 5 17 17 17 23 5 16 1 23 17 4 22 2 5 23 23 18 22 22 22 22 20 22 17 22
split_gain=1.55211 2.21893 3.02546 2.37693 1.57697 1.74812 1.52758 1.45538 1.79039 1.42142 2.01377 1.98375 1.69254 1.48321 2.18819 2.19488 2.90437 2.60669 2.19951 1.75822 7.04669 9.91152 8.74622 5.50926 4.91801 10.0816 7.70229 6.02359 8.11586 5.53637
threshold=0.99681593486783593 0.039769539193789977 708.00000000000011 29.750000000000004 -0.99985146406598202 10.047857142857145 52.500000000000007 265.50000000000006 243.50000000000003 -0.99628250747696534 7.6750000000000016 18.050000000000004 4.9650000000000007 -0.98212955754013376 60.500000000000007 11.915000000000001 0.091259403071267925 -0.32000000000000012 6.420714285714288 -0.87810534180523914 -0.8142754349318998 5.6450000000000005 0.57077594689671507 0.42179998225932674 0.3744682635859638 0.30983042691905771 107.2 0.39036257410962044 258.50000000000006 0.29342972903661901
decision_type=2 2 8 2 2 2 2 2 2 2 2 2 2 2 2 2 2 2 2 2 2 2 2 2 2 2 10 2 2 2
left_child=4 2 -2 -4 5 -1 -7 8 -8 10 -6 12 -12 14 15 16 -11 -18 -19 23 21 22 -21 24 25 29 -26 28 -28 -15
right_child=1 -3 3 -5 9 6 7 -9 -10 13 11 -13 -14 19 -16 -17 17 18 -20 20 -22 -23 -24 -25 26 -27 27 -29 -30 -31
leaf_value=-0.0055068621987486273 -0.00052738186041711575 -0.0029255534200652526 0.00023374881368891137 0.0043519879335622551 -0.0017865465787112872 -0.008415455427225535 0.0010477849430127269 -0.005061330083690677 0.0051722640790273951 0.00085803121170574797 0.0033828435001756816 0.0028805315838560863 -0.00022403625532514356 -9.3031300594737236e-05 0.00039437001429944618 -0.00085420931689869986 0.0017146224809098107 0.0029379064821682911 0.0070651219054497054 0.0041334208053082425 -3.3325033436654138e-05 0.0010050121625629711 0.0087498708634863483 -0.0037080375256207387 0.004594705326636187 -0.0042071977299067056 0.0023722234233994103 -0.001953441061114483 0.014731862848947919 0.0024124450707333784
leaf_weight=643 5481 1584 152 109 2626 159 591 140 51 172 97 51 5146 19008 8908 199 74 66 85 936 224334 9951 201 3168 646 3168 498 1170 62 792
leaf_count=643 5481 1584 152 109 2626 159 591 140 51 172 97 51 5146 19008 8908 199 74 66 85 936 224334 9951 201 3168 646 3168 498 1170 62 792
internal_value=-3.63125e-05 -0.000754847 -0.000297807 0.00496168 -1.7708e-05 -0.00159091 -0.000217855 0.000690536 0.00169782 -8.85113e-06 -0.000669193 -0.00010767 -0.000203129 1.02754e-05 0.000623947 0.00355705 0.00570529 0.00944444 0.0132119 -1.18223e-05 3.30883e-05 0.00126353 0.00568601 -0.000382647 -0.000136917 -0.000360938 0.00202862 0.000289016 0.00455357 5.80796e-05
internal_weight=290268 7326 5742 261 282942 1584 941 782 642 281358 7920 5294 5243 273438 9504 596 397 225 151 263934 235422 11088 1137 28512 25344 22968 2376 1730 560 19800
internal_count=290268 7326 5742 261 282942 1584 941 782 642 281358 7920 5294 5243 273438 9504 596 397 225 151 263934 235422 11088 1137 28512 25344 22968 2376 1730 560 19800
is_linear=0
shrinkage=0.05


Tree=176
num_leaves=31
num_cat=0
split_feature=23 22 4 14 14 15 13 17 23 23 0 3 23 1 13 17 13 16 16 15 23 1 3 16 17 22 23 19 4 17
split_gain=1.32863 1.79569 1.6166 1.69854 1.36598 3.96924 3.30732 2.05677 3.06312 7.01779 5.05249 2.37675 2.22144 2.07145 2.11032 2.0034 1.7787 1.93943 1.77827 1.75881 4.49145 2.57216 4.33436 2.38338 2.32022 1.89579 3.67967 3.7144 7.41547 6.94523
threshold=0.99681593486783593 0.039769539193789977 9.6850000000000005 27.650000000000002 27.450000000000003 76.500000000000014 4.1500000000000012 271.50000000000006 0.89309379682046119 0.93158198870884079 3.5850000000000004 4.2616666666666676 0.86004965528756494 6.8350000000000009 20.350000000000005 280.50000000000006 12.850000000000003 6.6500000000000012 4.5500000000000007 66.500000000000014 0.99530134160901229 6.955000000000001 6.8500000000000005 12.65 229.50000000000003 -0.25205528343633254 0.95436825032516992 9.7750000000000004 10.295000000000002 246.50000000000003
decision_type=2 2 2 2 2 2 2 2 2 2 2 2 2 2 2 2 2 2 2 2 2 2 2 2 2 2 2 2 2 2
left_child=4 -2 -3 -4 5 6 -1 11 12 10 -10 16 -9 -12 -15 -11 -7 -18 -8 25 -21 22 24 -23 -22 26 -6 28 -28 -30
right_child=1 2 3 -5 19 7 18 8 9 15 13 -13 -14 14 -16 -17 17 -19 -20 20 21 23 -24 -25 -26 -27 27 -29 29 -31
leaf_value=0.0002652819391006414 -0.00021507404922311825 -0.0054900128394927174 0.0038103946654381008 -0.0013743791834793643 6.2710865862853341e-05 -0.00048815954371423417 0.0011037065286168444 0.00089041491426163424 0.0078877954024215106 0.003039552549629264 0.0021929911312824368 -0.0002676160369129339 -0.0051250980311731212 0.0021859084476257683 0.0064075887010950228 -0.00017860907641548325 0.0054197271022260783 0.0013900947904995271 -0.0014846315539587904 0.00015709800204795804 0.004425746755598735 -0.0012766426441726015 0.0062914742066332019 0.0036731031716426056 -9.0766955506727076e-05 -0.00030391443739988684 0.00055838952289609812 -0.0015021186813940471 0.00033451701879726333 0.0080208654031960567
leaf_weight=6495 5742 841 99 644 67416 469 844 3234 57 90 145 11665 269 60 76 644 343 380 16155 103158 80 213 92 88 141 69814 409 311 104 190
leaf_count=6495 5742 841 99 644 67416 469 844 3234 57 90 145 11665 269 60 76 644 343 380 16155 103158 80 213 92 88 141 69814 409 311 104 190
internal_value=-3.54512e-05 -0.000700247 -0.00219066 -0.000491253 -1.82381e-05 -0.000285394 -0.000709544 0.000286254 0.00119672 0.00353545 0.00949704 -3.77238e-05 0.000481015 0.00674377 0.0111765 0.00079019 0.00208892 0.00364454 -0.00107624 2.69392e-05 0.000182514 0.00444625 0.00761981 0.00114618 0.00382353 -8.98423e-05 9.71784e-05 0.00308678 0.00509957 0.0111565
internal_weight=290268 7326 1584 743 282942 40926 23494 17432 4575 1072 338 12857 3503 281 136 734 1192 723 16999 242016 103772 614 313 301 221 138244 68430 1014 703 294
internal_count=290268 7326 1584 743 282942 40926 23494 17432 4575 1072 338 12857 3503 281 136 734 1192 723 16999 242016 103772 614 313 301 221 138244 68430 1014 703 294
is_linear=0
shrinkage=0.05


Tree=177
num_leaves=31
num_cat=0
split_feature=14 15 24 23 23 17 20 17 19 19 23 1 16 19 24 23 24 20 2 14 24 15 0 20 20 22 22 22 1 15
split_gain=1.329 4.0457 2.67494 1.84363 5.25856 3.38742 3.76496 2.97135 2.80563 2.11362 2.05468 2.7113 1.91707 2.71737 3.60207 1.8786 1.71805 1.58637 1.56903 1.55116 1.54807 1.86992 2.65717 2.34312 1.7412 1.84471 3.23826 3.75413 1.64124 2.35727
threshold=27.450000000000003 76.500000000000014 -0.65999999999999981 0.88917497572200743 0.92843842216862604 270.50000000000006 177.80000000000004 42.500000000000007 4.2950000000000008 4.0150000000000006 0.98174098242282837 5.0550000000000006 8.0500000000000025 6.7650000000000006 -0.40499999999999997 0.86869874770991873 -0.42499999999999993 177.80000000000004 -0.24999999999999953 22.050000000000004 0.05000000000000001 55.500000000000007 9.8050000000000015 348.00000000000006 429.10000000000008 -0.97113884758256674 -0.98803845231459242 -0.98214942551678475 5.7550000000000008 64.500000000000014
decision_type=2 2 8 2 2 2 8 2 2 2 2 2 2 2 10 2 10 10 2 2 10 2 2 10 10 2 2 2 2 2
left_child=1 2 18 15 5 7 -7 -5 -8 -9 -6 -12 17 14 -14 -3 -17 -13 -1 -20 28 22 23 -22 25 26 -23 -28 29 -4
right_child=-2 3 20 4 10 6 8 9 -10 -11 11 12 13 -15 -16 16 -18 -19 19 -21 21 24 -24 -25 -26 -27 27 -29 -30 -31
leaf_value=-0.0046628920767489233 8.7593982525976177e-06 0.00010818353505433573 0.0022799712711280705 0.0073388758030972084 -0.0017243518968979379 0.0014624536681623213 0.0083403020045018702 0.0051255779578158519 0.0053385295080868493 -0.0011002887369697208 -0.0016236586749277409 -0.0013129970200813676 0.0021230372130576249 0.0013165701891394948 0.0079423032193457945 -0.006818011440621944 0.0012352889814191753 0.0034794316440079163 0.0033290061661739086 -0.0023586009193594182 0.0013966170560424573 -0.0016269643635744534 -0.0048949126042862725 0.0076380551296618016 0.0069563762947307045 -0.0017295370557893278 0.012247092236705056 0.0010865015514198836 -0.00078238674083202185 -0.00037509298815844927
leaf_weight=942 248318 14185 1848 64 1161 155 72 117 137 356 312 204 98 306 91 396 72 64 54 1453 82 240 86 80 101 8773 71 99 7419 2912
leaf_count=942 248318 14185 1848 64 1161 155 72 117 137 356 312 204 98 306 91 396 72 64 54 1453 82 240 86 80 101 8773 71 99 7419 2912
internal_value=-3.64847e-05 -0.000296783 -0.00071813 0.000275434 0.00137552 0.00460044 0.00832417 0.00207635 0.0127033 0.000708244 7.60274e-05 0.00165116 0.00325688 0.00510101 0.00981481 3.99224e-05 -0.00307692 -0.000149255 -0.00228461 -0.00128401 -0.000541432 -0.00101868 0.00326613 0.00703704 -0.00113313 -0.00120495 0.00207317 0.00735294 -0.000167913 0.000556721
internal_weight=290268 41950 24160 17790 3137 901 364 537 209 473 2236 1075 763 495 189 14653 468 268 2449 1507 21711 9532 248 162 9284 9183 410 170 12179 4760
internal_count=290268 41950 24160 17790 3137 901 364 537 209 473 2236 1075 763 495 189 14653 468 268 2449 1507 21711 9532 248 162 9284 9183 410 170 12179 4760
is_linear=0
shrinkage=0.05


Tree=178
num_leaves=31
num_cat=0
split_feature=23 22 20 9 17 9 1 20 5 13 23 24 22 22 24 21 5 24 20 22 24 22 22 22 1 22 22 22 23 9
split_gain=1.29537 1.73657 2.59144 2.48521 2.64392 2.34485 1.55604 1.36403 1.33376 1.27461 1.97272 1.90435 2.9107 6.42206 5.65294 3.62561 2.85092 2.63573 3.1528 3.56547 2.2089 8.40928 3.1364 3.70911 2.69797 2.53836 2.93014 2.0503 1.84868 3.82527
threshold=0.99681593486783593 0.039769539193789977 708.00000000000011 998.87963867187511 273.50000000000006 151.7052917480469 5.1050000000000013 322.60000000000008 8.977857142857145 23.950000000000003 0.99611390731392835 -0.22499999999999995 0.90162119223771331 0.90892735371523092 1.1900000000000002 42.500000000000007 7.5857142857142863 0.16500000000000004 143.40000000000003 -0.98214942551678475 -0.24999999999999997 0.52766072109828632 0.45273815774107123 0.42179998225932674 6.3950000000000005 0.77244481603295057 0.59868201182722736 -0.9905448150984083 -0.9575230291762723 301.98291015625006
decision_type=2 2 8 2 2 2 2 10 2 2 2 10 2 2 10 8 2 10 8 2 8 2 2 2 2 2 2 2 2 2
left_child=9 2 -2 8 7 -4 -7 -5 -3 -1 11 20 17 14 15 16 -14 -13 28 27 22 -22 23 -11 -25 26 -23 -20 29 -19
right_child=1 3 5 4 -6 6 -8 -9 -10 10 -12 12 13 -15 -16 -17 -18 18 19 -21 21 25 -24 24 -26 -27 -28 -29 -30 -31
leaf_value=1.5411377524388777e-05 -0.00050461675388299352 -0.0057881946384377176 0.003970705322012622 0.0013512527788557727 0.0037378386811376708 0.0028933861950073748 -0.0016729380711446862 -0.0033814945965486643 -8.000681574353481e-06 0.00019112350325711723 0.0038470647447439279 -0.0028575439198522028 0.0023450504988843067 -8.0249996816659215e-05 -0.0084281115137961552 0.015485147308481216 0.0096293139490961979 -0.00047871428453402594 0.0017940329814547199 -0.0011353714517638421 0.012496741834065328 -0.0050953109151987462 -0.0044008845797205622 -0.00029345230474455927 0.0097605980146627039 -0.005923415082400409 0.010176873290700867 0.014093636444824515 0.0011183755113311222 0.01070889262146596
leaf_weight=255743 5481 1058 90 60 59 59 112 79 328 8504 63 3934 66 4367 66 54 59 65 99 7919 50 51 940 60 88 196 106 74 382 56
leaf_count=255743 5481 1058 90 60 59 59 112 79 328 8504 63 3934 66 4367 66 54 59 65 99 7919 50 51 940 60 88 196 106 74 382 56
internal_value=-3.70015e-05 -0.000693422 -0.000289099 -0.00215909 0.00308081 0.00457854 0.00114035 -0.000683454 -0.00290765 -2.00053e-05 -0.000345418 -0.000365936 -0.000685784 0.000388117 0.0082653 0.0128771 0.0082 -0.00108109 -0.000590461 -0.000829215 0.00018259 0.00380893 3.02323e-05 0.000328247 0.00817567 0.00109065 0.00582802 0.00627168 0.0032505 0.00863636
internal_weight=290268 7326 5742 1584 198 261 171 139 1386 282942 27199 27136 17141 4612 245 179 125 12529 8595 8092 9995 403 9592 8652 148 353 157 173 503 121
internal_count=290268 7326 5742 1584 198 261 171 139 1386 282942 27199 27136 17141 4612 245 179 125 12529 8595 8092 9995 403 9592 8652 148 353 157 173 503 121
is_linear=0
shrinkage=0.05


Tree=179
num_leaves=31
num_cat=0
split_feature=14 15 21 19 17 13 17 3 17 4 20 4 19 17 17 13 17 17 16 17 13 9 13 21 3 19 9 14 0 1
split_gain=1.35523 3.57716 3.09318 2.58434 2.70053 2.34366 2.30982 2.16379 2.68837 2.15838 2.31578 4.35064 2.14427 1.8279 2.53594 1.68248 2.30354 1.67826 2.23804 1.9446 2.21402 1.74662 2.34236 3.21637 2.39583 2.02372 1.87091 1.6516 1.56608 1.50333
threshold=27.450000000000003 76.500000000000014 12.500000000000002 7.5550000000000006 153.50000000000003 11.050000000000002 267.50000000000006 5.5650000000000013 22.500000000000004 5.7650000000000006 305.10000000000008 10.255000000000001 11.885000000000003 277.50000000000006 274.50000000000006 1.1500000000000001 271.50000000000006 271.50000000000006 8.6500000000000004 280.50000000000006 12.550000000000002 998.87963867187511 19.550000000000004 87.500000000000014 5.6416666666666684 6.3750000000000009 654.16970825195324 27.050000000000004 3.8050000000000002 1.9350000000000003
decision_type=2 2 8 2 2 2 2 2 2 2 10 2 2 2 2 2 2 2 2 2 2 2 2 10 2 2 2 2 2 2
left_child=1 2 5 -4 -5 7 9 8 -1 -6 12 -12 -11 14 -9 16 -10 -3 -19 20 -20 26 -23 24 -24 -26 -21 -17 -29 -2
right_child=29 17 3 4 6 -7 -8 13 15 10 11 -13 -14 -15 -16 27 -18 18 19 21 -22 22 23 -25 25 -27 -28 28 -30 -31
leaf_value=0.011124288647560397 0.0024891711845478164 -5.2897073262199576e-05 -0.0018943649472299815 -0.0021317872914884801 0.0061524071956298443 -0.0013039687610751777 -0.0023653780498823634 0.00043172473418792782 0.0055284493249745511 -0.0020133875502515363 0.0054895523759028843 0.0010084419228373366 0.0023603569543524418 -0.0021118478800553147 0.002876981880485355 0.00037579915840878252 0.0080320846017234958 0.00010868513891771452 -0.00016031629342526968 0.0013438166959474829 0.0046498901898267275 0.00021783013659144304 0.0010422230150874668 -0.0023871747906874987 0.0099666584398462252 0.0038829542404756113 -0.0050622078067106401 0.0058558932318363696 0.002684055324562235 1.1646522340400352e-06
leaf_weight=72 704 13114 9543 2268 52 3442 717 2846 120 1086 367 748 480 931 60 1119 67 2968 81 817 159 230 57 54 72 66 172 67 175 247614
leaf_count=72 704 13114 9543 2268 52 3442 717 2846 120 1086 367 748 480 931 60 1119 67 2968 81 817 159 230 57 54 72 66 172 67 175 247614
internal_value=-3.63125e-05 -0.000299167 -0.000695365 -0.00112738 -0.000286815 4.55095e-05 0.000594202 0.000689938 0.00222222 0.00125686 0.00106117 0.00280269 -0.000178801 4.30012e-05 0.000660701 0.00178294 0.00622995 0.000238897 0.00105218 0.00249414 0.00666667 0.00181199 0.00429019 0.0076506 0.010641 0.0142029 0.000611728 0.00117193 0.00491735 8.09327e-06
internal_weight=290268 41950 24160 15261 5718 8899 3450 5457 1620 2733 2681 1115 1566 3837 2906 1548 187 17790 4676 1708 240 1468 479 249 195 138 989 1361 242 248318
internal_count=290268 41950 24160 15261 5718 8899 3450 5457 1620 2733 2681 1115 1566 3837 2906 1548 187 17790 4676 1708 240 1468 479 249 195 138 989 1361 242 248318
is_linear=0
shrinkage=0.05


Tree=180
num_leaves=31
num_cat=0
split_feature=23 22 20 9 4 9 17 14 15 13 14 23 16 20 20 15 21 3 17 15 18 18 15 23 1 17 14 9 0 13
split_gain=1.38024 1.83912 2.06563 1.84521 1.70682 1.70222 1.55885 1.34812 2.91953 2.2662 3.35311 2.31799 2.08328 2.72787 1.83841 2.45429 1.76843 1.93584 1.90607 1.77033 1.92491 2.35204 1.63802 3.68653 2.45667 4.41851 4.23559 1.96254 2.9425 3.04924
threshold=0.99681593486783593 0.039769539193789977 617.20000000000016 151.7052917480469 8.4650000000000016 773.87631225585949 257.50000000000006 27.450000000000003 82.500000000000014 4.4500000000000011 22.350000000000005 0.51849435583340198 4.5500000000000007 315.30000000000001 166.10000000000002 72.500000000000014 16.900000000000002 6.3150000000000013 252.50000000000003 56.500000000000007 5.5250000000000012 4.4250000000000007 66.500000000000014 0.99530134160901229 6.955000000000001 250.50000000000003 29.550000000000004 98.285961151123061 9.9050000000000029 1.8500000000000003
decision_type=2 2 8 2 2 2 2 2 2 2 2 2 2 10 8 2 8 2 2 2 2 2 2 2 2 2 2 2 2 2
left_child=7 2 -2 4 -4 -3 -7 8 9 10 11 -1 13 14 15 -11 17 19 -19 20 21 -12 27 -24 25 26 -25 -9 29 -29
right_child=1 5 3 -5 -6 6 -8 22 -10 12 16 -13 -14 -15 -16 -17 -18 18 -20 -21 -22 -23 23 24 -26 -27 -28 28 -30 -31
leaf_value=0.0022570118427462978 -0.00050396356317387414 -0.0040710991578415462 0.0063688876327532111 0.00024509300062571806 0.0018745593686697759 -0.00088914957941520873 0.0029859168733898829 9.2775829783667361e-05 0.00039269148279387207 0.0090871540064267897 0.0036592665902215726 0.0052452795412352392 -0.0010025685546134759 0.0063960459035038155 -0.0011592054869654189 0.0016015179745270905 -0.00089335350672207516 0.00055507920290668146 -0.0021979842253840461 0.001543197549184554 0.0021886358714654107 0.0087745183224605759 0.00014908215338973739 0.0057742174358605472 0.00022255525783720399 0.0010182388018027959 0.0027684328733105831 0.00068614064767850893 -0.0010146301472556156 -0.00032627403851664938
leaf_weight=130 5384 1366 53 207 98 131 87 72851 10588 50 65 80 21175 65 870 286 2797 1942 941 1744 132 61 103158 86 301 163 64 10284 18941 36168
leaf_count=130 5384 1366 53 207 98 131 87 72851 10588 50 65 80 21175 65 870 286 2797 1942 941 1744 132 61 103158 86 301 163 64 10284 18941 36168
internal_value=-3.63125e-05 -0.000713897 -0.000297807 0.00337989 0.00758278 -0.00222222 0.00188073 -1.87683e-05 -0.000284173 -0.000533655 0.000195133 0.00642857 -0.000789897 0.00117624 0.000638473 0.00377976 2.4732e-05 0.000598771 -0.000230664 0.00179321 0.00565891 0.0100794 2.61128e-05 0.000176251 0.00403909 0.00714057 0.0133333 -8.65872e-05 -0.000285429 -7.12575e-05
internal_weight=290268 7326 5742 358 151 1584 218 282942 40926 30338 7892 210 22446 1271 1206 336 7682 4885 2883 2002 258 126 242016 103772 614 313 150 138244 65393 46452
internal_count=290268 7326 5742 358 151 1584 218 282942 40926 30338 7892 210 22446 1271 1206 336 7682 4885 2883 2002 258 126 242016 103772 614 313 150 138244 65393 46452
is_linear=0
shrinkage=0.05


Tree=181
num_leaves=31
num_cat=0
split_feature=18 21 13 5 22 9 3 18 9 2 14 9 21 16 3 14 24 21 8 1 20 8 2 4 22 9 11 4 16 20
split_gain=1.28534 1.70599 3.01985 1.2128 1.19994 2.48134 2.37956 2.62432 1.19652 1.21585 1.1404 1.67733 1.12009 1.6053 1.3813 1.36999 1.70984 1.52794 1.20282 1.83089 2.90616 3.17354 2.31658 1.71322 2.1139 2.44977 1.46312 1.24724 1.12709 1.09806
threshold=2.5550000000000002 16.900000000000002 1.3500000000000003 3.3450000000000011 -0.99985146406598202 998.87963867187511 29.461666666666673 12.585000000000003 116.76194000244142 -0.32000000000000012 32.050000000000004 87.609973907470717 317.50000000000006 22.750000000000004 5.4466666666666681 31.450000000000003 1.0350000000000004 337.50000000000006 7.5000000000000009 14.205000000000002 469.30000000000001 27.500000000000004 6.9650000000000016 189.73500000000004 -0.8041866928211282 8.6204943656921404 24.595000267028812 11.675000000000002 14.450000000000001 685.70000000000016
decision_type=2 8 2 2 2 2 2 2 2 2 2 2 10 2 2 2 10 10 2 2 10 2 2 2 2 2 2 2 2 10
left_child=1 2 -1 -4 5 10 7 -7 9 -5 -2 -12 13 18 -14 -16 -17 -18 -6 20 21 22 26 28 25 -25 -20 -28 -21 -19
right_child=4 -3 3 8 12 6 -8 -9 -10 -11 11 -13 14 -15 15 16 17 29 19 23 -22 -23 -24 24 -26 -27 27 -29 -30 -31
leaf_value=0.008154369484176421 -0.0042816642697817275 -0.0029568240477427735 -0.0050414229831550758 0.0019842084187521951 -2.5377509312715826e-05 -0.0023507249715478888 -0.011508195125789138 0.012932800210926977 -0.00033985690038010222 0.0085724066022479679 -0.0017046534720377964 0.006273103414573696 0.0018896830782465833 0.0034388891944824463 -0.0015080620312019045 -0.0022251041094320592 -0.0052576801639183275 0.0041032390618430288 1.7226380599398503e-06 0.00072538803092954689 -0.00027506868907025285 0.019730975833961474 0.011947835887942548 0.0038309311516844845 -0.0055365232253707791 0.013362388877840706 0.017661046924418205 0.004984660381253796 -0.0034626700718535675 0.0037914980681295557
leaf_weight=58 1153 1814 223 123 277726 50 55 93 1188 51 158 73 68 96 1903 361 91 51 292 2225 582 78 51 165 116 118 52 166 755 333
leaf_count=58 1153 1814 223 123 277726 50 55 93 1188 51 158 73 68 96 1903 361 91 51 292 2225 582 78 51 165 116 118 52 166 755 333
internal_value=-3.52789e-05 -0.000993637 0.000173462 -0.000236594 -2.37276e-05 -0.00139697 0.00383838 0.00723776 0.000323053 0.0041954 -0.00214595 0.0010606 -1.61111e-05 -6.233e-06 -0.00100998 -0.00118474 0.000502391 0.00247368 -8.43116e-06 0.000793477 0.00245291 0.00478091 0.00346702 0.000193843 0.00327068 0.00560071 0.00245098 0.00555046 -0.000218122 0.00385417
internal_weight=290268 3457 1643 1585 286811 1582 198 143 1362 174 1384 231 285229 282422 2807 2739 836 475 282326 4600 1221 639 561 3379 399 283 510 218 2980 384
internal_count=290268 3457 1643 1585 286811 1582 198 143 1362 174 1384 231 285229 282422 2807 2739 836 475 282326 4600 1221 639 561 3379 399 283 510 218 2980 384
is_linear=0
shrinkage=0.05


Tree=182
num_leaves=31
num_cat=0
split_feature=14 15 24 13 16 21 4 9 17 17 20 20 16 13 18 16 15 17 17 15 23 23 23 1 13 16 9 23 23 17
split_gain=1.26726 3.2704 2.7052 2.42628 2.15482 2.01553 2.078 2.47393 2.10523 1.86881 1.6816 3.43766 5.77091 1.64083 2.37192 6.5286 1.63301 1.82536 1.60138 2.11962 1.5638 1.70986 3.82154 3.44621 1.59474 1.52382 1.4712 1.44294 4.82551 2.85912
threshold=27.450000000000003 76.500000000000014 -0.65999999999999981 11.050000000000002 4.3500000000000005 12.500000000000002 11.225000000000003 206.99692535400393 22.500000000000004 277.50000000000006 366.10000000000008 372.2000000000001 8.8500000000000032 0.55000000000000016 5.6050000000000013 9.0500000000000025 74.500000000000014 272.50000000000006 145.50000000000003 73.500000000000014 -0.98521978256641018 0.31595530242620651 0.080547328232315238 5.705000000000001 4.0500000000000007 6.8500000000000005 196.31328582763675 0.89309379682046119 0.92843842216862604 271.50000000000006
decision_type=2 2 8 2 2 8 2 2 2 2 10 10 2 2 2 2 2 2 2 2 2 2 2 2 2 2 2 2 2 2
left_child=1 2 -1 5 18 6 7 -4 -9 16 13 12 -12 14 15 -7 17 -8 -5 26 -10 22 24 -24 25 -22 -20 -3 29 -29
right_child=-2 27 3 4 -6 10 9 8 20 -11 11 -13 -14 -15 -16 -17 -18 -19 19 -21 21 -23 23 -25 -26 -27 -28 28 -30 -31
leaf_value=-0.002688347523485876 6.9144564709591576e-06 1.2457388794899519e-05 -0.00014211020581036957 -0.0019397922841655072 -0.0016797311480224609 0.0065243087496642321 -0.00056981124754466514 0.010483018424565891 -0.0044622204234935296 -0.0030866410852981845 -0.0015457307482290962 0.00015647137213963086 0.009667797931056845 -0.001276983667787856 -0.0011721148842466814 -0.0060521611657138371 0.0052584336155688648 0.0034321802243665379 0.01055418796173664 -0.0079863188182544131 0.00028740971656086563 0.0015453022085145712 0.012758466374632849 0.00558624722399894 0.00051579240039431075 0.0041661687320048149 0.004898926837955871 0.0016341615899537702 1.4936364356651813e-05 0.0040572851479854996
leaf_weight=2449 248318 14732 1296 149 8075 54 1543 93 116 468 50 1161 60 6434 158 51 119 54 77 79 85 959 50 52 294 143 91 484 2236 338
leaf_count=2449 248318 14732 1296 149 8075 54 1543 93 116 468 50 1161 60 6434 158 51 119 54 77 79 85 959 50 52 294 143 91 484 2236 338
internal_value=-3.54512e-05 -0.000289632 -0.000668461 -0.000490766 -0.00115158 -6.7977e-05 0.000690439 0.00152526 0.00272879 -0.000489928 -0.00056978 0.00109756 0.00954545 -0.000886219 0.00298479 0.00880952 0.000273892 -0.000147152 0.00244949 0.00491903 0.00232784 0.00273847 0.00477564 0.0136274 0.00304598 0.00618421 0.00809524 0.000224844 0.00121321 0.00448905
internal_weight=290268 41950 24160 21711 8471 13240 5272 3088 1792 2184 7968 1271 110 6697 263 105 1716 1597 396 247 1699 1583 624 102 522 228 168 17790 3058 822
internal_count=290268 41950 24160 21711 8471 13240 5272 3088 1792 2184 7968 1271 110 6697 263 105 1716 1597 396 247 1699 1583 624 102 522 228 168 17790 3058 822
is_linear=0
shrinkage=0.05


Tree=183
num_leaves=31
num_cat=0
split_feature=22 24 23 18 17 17 0 1 18 21 13 15 22 23 13 23 24 9 23 15 22 16 9 19 4 22 15 22 17 13
split_gain=1.4247 1.41498 1.62963 2.15488 4.52919 2.13333 1.31217 1.91751 1.30841 1.52707 3.05275 1.72774 1.28822 1.80555 2.40941 1.18803 2.17821 2.494 2.81871 2.3978 2.29334 2.77963 3.28946 4.13281 2.29236 2.10078 2.04225 1.97712 2.71638 1.61326
threshold=-0.99985146406598202 1.4950000000000003 1.0000000180025095e-35 7.3950000000000005 133.50000000000003 72.500000000000014 20.825000000000003 14.615 2.5550000000000002 16.900000000000002 1.3500000000000003 59.500000000000007 0.70290292807158605 0.95936279103287792 6.9500000000000011 -0.99628250747696534 1.7100000000000002 298.48324584960943 -0.99864786094873803 68.500000000000014 1.0000000180025095e-35 9.4500000000000011 541.99493408203136 7.0850000000000009 14.845000000000001 -0.065535378769913874 69.500000000000014 -0.031173458710879235 151.50000000000003 14.15
decision_type=2 10 2 2 2 2 2 2 2 8 2 2 2 2 2 2 10 2 2 2 2 2 2 2 2 2 2 2 2 2
left_child=1 2 -1 -4 5 -5 7 -3 9 10 -2 -12 13 -13 -15 16 17 18 26 25 21 -19 -23 -24 27 -18 -10 -21 -29 -22
right_child=8 6 3 4 -6 -7 -8 -9 15 -11 11 12 -14 14 -16 -17 19 20 -20 24 29 22 23 -25 -26 -27 -28 28 -30 -31
leaf_value=-0.0071876545452442256 0.0075419203721901794 0.00010600715047962197 -0.0052215884954072622 0.0020243578943919933 -0.0068218036274695056 0.0085482473556224743 -0.0022523566554467178 0.0092549876280679962 0.00048635314454569369 -0.0028371049458635351 -0.0037944694126547628 -0.0021448786346788631 0.003333109837024683 0.0047142924771852186 0.00049190986350412531 3.8581443651731923e-06 0.0023898268600528252 -0.0016475496860388909 -0.0045968636616760148 -0.0016026541436610306 0.0043900334454808031 -0.0045199311492788241 0.0076424243304882913 6.0508716156747949e-05 0.0066773002301999942 -0.00075917900169982509 -0.0023550889946618954 0.0077328728778813241 0.0023132053279002504 0.00017787194617757625
leaf_weight=594 58 132 323 60 151 60 193 71 1931 1812 210 954 184 61 176 277409 103 643 2409 102 288 85 64 64 69 733 998 50 103 178
leaf_count=594 58 132 323 60 151 60 193 71 1931 1812 210 954 184 61 176 277409 103 643 2409 102 288 85 64 64 69 733 998 50 103 178
internal_value=-3.23506e-05 -0.00152778 -0.00239057 -0.000538722 0.00274908 0.01 0.0010606 0.00386699 -2.41452e-05 -0.000991318 0.000112598 -0.000299686 0.000345453 -0.000256089 0.00364979 -1.24298e-05 -0.000620206 -0.00096847 -0.00144998 0.00137931 0.000975793 -0.000560749 0.00438967 0.00945312 0.00503086 -3.58864e-05 -0.00040799 0.00284314 0.00643791 0.00379828
internal_weight=290268 1584 1188 594 271 120 396 203 288684 3455 1643 1585 1375 1191 237 285229 7820 6660 5338 1160 1322 856 213 128 324 836 2929 255 153 466
internal_count=290268 1584 1188 594 271 120 396 203 288684 3455 1643 1585 1375 1191 237 285229 7820 6660 5338 1160 1322 856 213 128 324 836 2929 255 153 466
is_linear=0
shrinkage=0.05


Tree=184
num_leaves=31
num_cat=0
split_feature=22 24 23 2 0 0 1 18 5 1 13 9 5 3 5 2 14 22 23 16 24 9 23 16 22 20 20 22 13 20
split_gain=1.30758 1.3468 1.3468 2.85416 1.31995 1.31217 1.91751 1.30841 1.57512 2.62166 2.10685 2.46541 1.42762 1.87463 1.47565 1.56072 1.31338 1.50071 1.16316 1.96407 1.89125 2.23625 2.41908 2.03191 2.74838 3.2402 1.75619 1.85842 2.4075 1.70572
threshold=-0.99985146406598202 1.4950000000000003 1.0000000180025095e-35 1.5499999999999998 11.665000000000001 20.825000000000003 14.615 2.5550000000000002 4.0078571428571452 1.9350000000000003 9.5500000000000025 517.27493286132824 5.2121428571428572 5.9350000000000014 4.9978571428571437 -1.7999999999999994 29.850000000000005 -0.022576249993022688 -0.99628250747696534 18.350000000000005 1.7100000000000002 298.48324584960943 -0.99864786094873803 9.7500000000000018 0.039769539193789977 190.10000000000002 323.65000000000003 -0.031173458710879235 7.6500000000000012 386.80000000000001
decision_type=2 10 2 2 2 2 2 2 2 2 2 2 2 2 2 2 2 2 2 2 10 2 2 2 2 10 10 2 2 8
left_child=1 2 -1 4 -4 6 -3 8 -2 10 -10 -12 14 -14 16 -16 -11 -18 19 20 21 22 29 24 -23 -26 27 -25 -29 -9
right_child=7 5 3 -5 -6 -7 -8 18 9 12 11 -13 13 -15 15 -17 17 -19 -20 -21 -22 23 -24 26 25 -27 -28 28 -30 -31
leaf_value=-0.0068282718179820115 -0.003657456262037285 0.00010070679295564792 -0.0029992839302874696 0.0084882421930761679 0.0044996947023179246 -0.0021397388226743739 0.0087922382466645906 -0.0012029851648913765 0.0062391244413117245 -0.0019270724682999313 -0.0042217567910251049 0.0064086786317194069 -0.0045774629322444301 0.0008841804170427284 -0.00054025012668972494 0.0040514567911885532 0.0055661926310289688 0.00054110767568318278 3.6652371469071561e-06 0.0028606558941589341 0.00096575528552828797 -0.0012701573588247746 -0.004558609041704925 0.0046147963911196488 0.00029168695708081666 0.006173698618471838 -0.006021901623495216 -0.0016857953859111012 0.0050183741132029287 0.00078056057924224436
leaf_weight=594 1004 132 478 51 65 193 71 2083 50 583 106 53 909 424 75 70 55 126 277409 54 1146 791 2394 60 97 57 57 113 144 824
leaf_count=594 1004 132 478 51 65 193 71 2083 50 583 106 53 909 424 75 70 55 126 277409 54 1146 791 2394 60 97 57 57 113 144 824
internal_value=-3.20061e-05 -0.00146465 -0.0023064 -0.000622897 -0.00168508 0.0010606 0.00386699 -2.41452e-05 -0.000991318 -0.000308039 0.00504785 0.0022327 -0.000807316 -0.00184921 0.000720571 0.00534483 -0.000157069 0.00356353 -1.24298e-05 -0.000613812 -0.000679888 -0.00100453 -0.00146293 0.000837755 -0.000396827 0.00571428 0.00395722 0.00541009 0.00356031 -0.000493637
internal_weight=290268 1584 1188 594 543 396 203 288684 3455 2451 209 159 2242 1333 909 145 764 181 285229 7820 7766 6620 5301 1319 945 154 374 317 257 2907
internal_count=290268 1584 1188 594 543 396 203 288684 3455 2451 209 159 2242 1333 909 145 764 181 285229 7820 7766 6620 5301 1319 945 154 374 317 257 2907
is_linear=0
shrinkage=0.05


Tree=185
num_leaves=31
num_cat=0
split_feature=22 0 2 17 17 0 9 17 22 9 17 21 15 20 23 3 23 22 2 18 23 15 1 14 4 1 0 20 0 22
split_gain=1.25367 1.24923 1.70599 1.16445 1.76145 1.16327 1.32341 1.69216 1.28276 1.95926 1.31334 1.11079 2.14422 2.63341 1.79591 3.74739 1.33241 6.93932 2.88678 2.56166 4.16797 5.11396 3.75486 6.80234 3.39092 2.88156 2.80524 2.73389 2.59919 2.44759
threshold=-0.99985146406598202 10.305000000000001 2.7549999999999999 52.500000000000007 132.50000000000003 2.3350000000000004 81.83835601806642 203.50000000000003 0.51297097409535064 322.30685424804693 64.500000000000014 202.50000000000003 59.500000000000007 519.10000000000014 0.9863035000474919 5.4883333333333342 0.53312596302726967 -0.82415615971448097 -12.044999999999996 8.1550000000000029 0.51849435583340198 61.500000000000007 8.4250000000000025 31.650000000000002 83.535000000000011 14.475000000000003 8.3250000000000011 409.30000000000001 7.9650000000000007 0.21022171450811275
decision_type=2 2 2 2 2 2 2 2 2 2 2 10 2 10 2 2 2 2 2 2 2 2 2 2 2 2 2 10 2 2
left_child=1 -1 3 -3 -5 6 7 -2 -8 -10 -11 16 13 -13 -14 -16 19 -18 -19 24 28 22 -22 -24 26 -25 -7 -27 -21 -20
right_child=5 2 -4 4 -6 11 8 -9 9 10 -12 12 14 -15 15 -17 17 18 29 20 21 -23 23 25 -26 27 -28 -29 -30 -31
leaf_value=-0.0034352632375140297 -0.0015260421866752092 -0.014547186220365422 -0.0026216406254199812 0.0069572261231813023 0.001064264445554334 0.00013320378153243353 -0.0033559505063936743 0.005286320506986476 -0.0040112986647451755 0.0069743130034406776 0.0013050507587162646 0.011198176793898694 -0.0014927108172924305 0.00011952121529855696 0.0051612394831980907 -0.00016415139408026616 -0.0079139444964851681 0.0043106543413181332 8.9261165522788982e-05 0.0006765615717559746 -0.0087597861956633157 4.2150500113011985e-05 0.0070718431289641228 -0.0019902365582482586 0.013527642720828507 0.0061883047741997307 0.0010220368557365956 0.0097630883482332682 -0.00024196255401384809 -0.0004993977091478463
leaf_weight=911 58 51 243 78 301 70714 1619 50 290 59 219 75 3490 2567 51 261 1576 322 53160 12428 50 415 70 69 53 67 13832 54 91862 35273
leaf_count=911 58 51 243 78 301 70714 1619 50 290 59 219 75 3490 2567 51 261 1576 322 53160 12428 50 415 70 69 53 67 13832 54 91862 35273
internal_value=-3.02836e-05 -0.00143308 0.000200593 0.00209302 0.00304749 -2.25864e-05 -0.00114379 0.00425926 -0.00141061 0.000633802 0.00363309 -1.36016e-05 -0.000662633 0.00043149 -0.00142294 0.00221154 1.33836e-06 -0.000156703 -9.83055e-05 7.66282e-05 -8.83219e-05 0.00368965 0.00854839 0.0109615 0.000281385 0.00605263 0.000273459 0.0107025 -0.000114586 -0.000115512
internal_weight=290268 1584 673 430 379 288684 2295 108 2187 568 278 286389 6444 2642 3802 312 279945 90331 88755 189614 105015 725 310 260 84599 190 84546 121 104290 88433
internal_count=290268 1584 673 430 379 288684 2295 108 2187 568 278 286389 6444 2642 3802 312 279945 90331 88755 189614 105015 725 310 260 84599 190 84546 121 104290 88433
is_linear=0
shrinkage=0.05


Tree=186
num_leaves=31
num_cat=0
split_feature=3 2 0 1 13 2 21 21 14 2 13 20 19 13 0 15 5 19 0 0 14 23 23 20 15 0 13 9 20 20
split_gain=1.13806 3.52461 1.94831 1.78631 1.57037 1.54717 1.4545 1.13071 3.47327 1.76923 1.98342 1.56461 1.50976 1.484 1.47057 1.46702 1.27712 3.46291 3.00426 2.76997 2.76988 2.51638 2.80449 7.14134 3.74235 3.5756 3.34215 5.40454 3.32245 3.26164
threshold=3.4083333333333337 2.1200000000000032 1.9350000000000003 2.9050000000000007 1.6500000000000001 4.4600000000000035 107.50000000000001 77.500000000000014 31.050000000000004 3.3800000000000021 3.5500000000000003 447.2000000000001 30.805000000000003 18.050000000000004 7.2150000000000007 66.500000000000014 7.9207142857142872 7.785000000000001 9.9550000000000018 8.2450000000000028 31.050000000000004 0.82777578779003613 0.81304046271159414 93.65000000000002 65.500000000000014 5.5950000000000006 8.8500000000000032 257.23342895507818 204.30000000000004 322.60000000000008
decision_type=2 2 2 2 2 2 10 10 2 2 2 10 2 2 2 2 2 2 2 2 2 2 2 10 2 2 2 2 10 10
left_child=1 6 -2 4 -4 -3 -1 16 15 13 12 -12 -11 -10 -15 -9 18 19 21 -18 -21 22 29 24 -24 -25 -27 -28 -29 -5
right_child=2 5 3 7 -6 -7 -8 8 9 10 11 -13 -14 14 -16 -17 17 -19 -20 20 -22 -23 23 25 -26 26 27 28 -30 -31
leaf_value=-0.0014853333737591538 -0.0075287991669954479 0.0016619982746627082 0.0025207362841295194 -0.00014161784011868013 0.00090409118295326884 0.0053505546678919913 0.0035964288146905221 -0.0015799956205146612 -4.7105225176529445e-05 0.0023745971998495596 0.0031834567865944375 0.014488534023980058 -0.0055649518156648762 0.0078502009431360223 0.00053177992746781806 -0.00055227314862728945 5.0659239116341891e-05 -6.5444309776079793e-05 -0.0012528637101380238 0.0013377422289696668 0.00012626867454417829 -0.00048300486563047207 0.00080526819906758635 -0.0030238704396427546 0.0061331730632437735 -0.00080732698526880917 -0.00042260374459775191 0.0031162656387414382 0.0052724513009704968 0.0006776897301982353
leaf_weight=5238 385 355 345 61676 2342 50 60 4403 8911 1153 104 119 195 69 123 7599 22082 97868 6979 15014 8467 26989 109 431 186 241 131 52 77 18515
leaf_count=5238 385 355 345 61676 2342 50 60 4403 8911 1153 104 119 195 69 123 7599 22082 97868 6979 15014 8467 26989 109 431 186 241 131 52 77 18515
internal_value=-3.09726e-05 -0.000730319 -1.69569e-05 -1.21414e-05 0.00127093 0.00376543 -0.00107399 -2.4389e-05 -0.00036294 0.000293235 0.00184277 0.00621076 0.00112018 2.58145e-05 0.004375 -0.00094651 5.2728e-06 0.000104892 -0.00011856 0.000464959 0.000843021 -5.38261e-05 8.48695e-05 0.00245721 0.00923729 0.000311158 0.00318363 0.00711538 0.0143798 4.85703e-05
internal_weight=290268 5703 284565 284180 2687 405 5298 281493 22676 10674 1571 223 1348 9103 192 12002 258817 143431 115386 45563 23481 108407 81418 1227 295 932 501 260 129 80191
internal_count=290268 5703 284565 284180 2687 405 5298 281493 22676 10674 1571 223 1348 9103 192 12002 258817 143431 115386 45563 23481 108407 81418 1227 295 932 501 260 129 80191
is_linear=0
shrinkage=0.05


Tree=187
num_leaves=31
num_cat=0
split_feature=13 24 24 23 23 21 3 24 23 9 23 9 3 13 23 9 18 23 23 23 13 23 21 23 15 23 23 23 17 17
split_gain=1.09276 1.66433 2.11291 1.92845 4.28148 6.79728 3.53533 1.92291 5.84963 6.67076 1.95461 2.38152 2.63983 2.15991 1.81053 2.4845 2.02438 1.79883 1.99866 1.75733 3.13259 2.59016 2.80298 2.20059 1.8806 1.72866 3.39996 1.87833 1.84231 2.20626
threshold=23.950000000000003 -0.22499999999999995 -0.064999999999999988 0.42763731121559989 0.41202506375868281 12.500000000000002 5.6033333333333344 -0.24999999999999997 0.63089349388778826 349.36264038085943 -0.091258822863740666 364.77772521972662 9.071666666666669 24.550000000000004 -0.99465740988130902 541.99493408203136 7.5550000000000006 0.60383265664488517 0.45847758937963173 0.71952396275653763 27.350000000000005 0.68274389090025245 16.900000000000002 0.6174544326165855 67.500000000000014 0.95936279103287792 0.96177147954086928 0.93158198870884079 208.50000000000003 339.50000000000006
decision_type=2 10 10 2 2 10 2 8 2 2 2 2 2 2 2 2 2 2 2 2 2 2 10 2 2 2 2 2 2 2
left_child=-1 7 -3 4 14 -6 -7 10 -9 -10 11 13 -13 -2 15 -4 -16 18 -12 20 -19 23 -23 -22 -21 27 -27 -26 -28 -30
right_child=1 2 3 -5 5 6 -8 8 9 -11 17 12 -14 -15 16 -17 -18 19 -20 24 21 22 -24 -25 25 26 28 -29 29 -31
leaf_value=1.8360919133030172e-06 0.0095546125796145756 -0.0025599829494495317 -0.0051780937399747984 -0.0014514517019494214 -0.0050279887439461622 0.0035773813149739182 0.012761046898936604 -0.0033991040394825756 0.0045701716768871371 0.012351270414689032 -0.00062308395115447817 0.0047361081904999693 -0.00031013785920356359 0.00039717708897706727 0.00058125692186671463 0.0038534528226642942 -0.0011907044584575435 -0.0026885069504046406 -0.0070435973575792002 -0.0027296400081459164 0.0066235226884206388 0.013443767717544484 0.0021124123455977827 -0.00092853274750446353 0.00050314002617959637 0.0059674024148164383 0.0029405441640800098 -0.0067701422912456169 -0.00073594046903157836 0.0049535014669040726
leaf_weight=262467 90 2230 634 3808 87 53 74 206 124 73 1608 157 86 1538 6434 88 4045 261 648 1488 56 63 74 180 2106 79 314 446 680 71
leaf_count=262467 90 2230 634 3808 87 53 74 206 124 73 1608 157 86 1538 6434 88 4045 261 648 1488 56 63 74 180 2106 79 314 446 680 71
internal_value=-2.94223e-05 -0.000327507 -0.000625395 -0.000414834 -8.97953e-05 0.00691589 0.0142913 0.000174912 0.00356079 0.00972081 3.77062e-05 0.00149385 0.00611111 0.000804667 -0.000223642 -0.00264543 -5.67814e-05 -0.000299729 -0.00149823 0.000165004 0.00264984 0.00558981 0.0110584 0.00241525 -0.00013889 0.000465367 0.00208042 -0.000258622 0.00133803 -6.65898e-06
internal_weight=290268 27801 17453 15223 11415 214 127 10348 403 197 9945 1871 243 1628 11201 722 10479 8074 2256 5818 634 373 137 236 5184 3696 1144 2552 1065 751
internal_count=290268 27801 17453 15223 11415 214 127 10348 403 197 9945 1871 243 1628 11201 722 10479 8074 2256 5818 634 373 137 236 5184 3696 1144 2552 1065 751
is_linear=0
shrinkage=0.05


Tree=188
num_leaves=31
num_cat=0
split_feature=14 15 24 13 13 24 16 24 14 22 22 14 24 22 24 20 22 22 22 20 16 24 3 15 2 13 16 3 20 14
split_gain=1.13093 2.84869 2.44731 2.32532 1.86677 4.38249 2.17764 3.18088 1.59968 1.54999 6.26824 1.53638 1.5237 3.43547 4.47269 1.94856 1.80846 5.47163 2.41509 3.37862 1.79828 3.49941 3.5505 3.3093 1.55403 1.43923 1.4101 1.68424 1.37414 2.39796
threshold=27.450000000000003 76.500000000000014 -0.65999999999999981 7.5500000000000007 7.2500000000000009 1.6100000000000003 7.8500000000000005 -0.029999999999999995 21.350000000000005 -0.98803845231459242 -0.98214942551678475 22.050000000000004 -0.089999999999999983 0.80926549319045582 -0.22499999999999995 473.00000000000006 0.95752911693909493 0.98522604642031408 0.97112537654464559 270.30000000000001 11.65 -0.27499999999999997 8.8750000000000018 59.500000000000007 1.0950000000000009 4.4500000000000011 4.4500000000000011 5.7916666666666679 321.60000000000008 27.050000000000004
decision_type=2 2 8 2 2 10 2 8 2 2 2 2 10 2 10 10 2 2 2 8 2 8 2 2 2 2 2 2 8 2
left_child=1 2 11 4 12 6 7 -6 -5 -10 -11 -1 13 15 -15 20 28 18 25 -20 -4 -22 23 -23 -21 -18 27 -2 -14 -30
right_child=26 -3 3 8 5 -7 -8 -9 9 10 -12 -13 16 14 -16 -17 17 -19 19 24 21 22 -24 -25 -26 -27 -28 -29 29 -31
leaf_value=0.0023857151063733963 0.0011874925769398063 0.00017230891967799202 0.00033730829658600866 0.0019248454417366261 0.0076930977600039169 0.01108375339631045 -0.0059986029669937286 -0.0034160250883306579 -0.0044147921582180045 0.0098293319225400359 -0.0012821061481491994 -0.0027786519423004478 -0.002065517001415414 -0.00022148587381025221 0.0091520113359644557 -0.0040104874085763907 0.0032298416208001155 -0.0024045292807497176 0.014019116307488318 0.00046964906771220801 0.00047120907367794108 0.0097053589614666813 -0.00099953891407987528 0.0020484180998290467 0.0088866146444525843 -0.009687155721854912 1.793224961681614e-05 -0.0033025604400516565 0.0005484688241487141 -0.0025251587495430158
leaf_weight=84 307 17790 3395 56 84 63 127 77 424 99 11167 2365 2518 65 62 282 84 437 51 71 323 52 52 57 54 50 247426 585 1559 502
leaf_count=84 307 17790 3395 56 84 63 127 77 424 99 11167 2365 2518 65 62 282 84 437 51 71 323 52 52 57 54 50 247426 585 1559 502
internal_value=-2.925e-05 -0.000269369 -0.000622932 -0.000453919 0.000107876 0.00368946 0.00107639 0.00493789 -0.000930531 -0.000970917 -0.000859224 -0.00212128 -2.28845e-05 0.000678637 0.00877953 0.000431385 -0.000587684 0.00169344 0.00677419 0.010625 0.000723123 0.00357438 0.00959627 0.0147248 0.0062 0.00171642 1.13149e-05 -0.0019731 -0.000959818 -2.4272e-06
internal_weight=290268 41950 24160 21711 9965 351 288 161 11746 11690 11266 2449 9614 4288 127 4161 5326 747 310 176 3879 484 161 109 125 134 248318 892 4579 2061
internal_count=290268 41950 24160 21711 9965 351 288 161 11746 11690 11266 2449 9614 4288 127 4161 5326 747 310 176 3879 484 161 109 125 134 248318 892 4579 2061
is_linear=0
shrinkage=0.05


Tree=189
num_leaves=31
num_cat=0
split_feature=14 20 17 19 17 5 2 23 20 1 16 17 24 9 16 23 24 16 13 4 14 13 13 20 20 17 17 20 24 2
split_gain=1.08183 1.87864 2.88094 3.036 2.8123 2.52344 3.23306 1.94204 1.94722 1.89322 1.85071 1.94001 3.17111 1.73718 3.10768 3.13393 1.68595 1.65498 1.6433 2.02195 3.57695 1.58823 1.56416 3.40693 4.17314 1.56344 3.56303 2.4327 2.50104 1.53019
threshold=27.450000000000003 183.20000000000002 157.50000000000003 4.5950000000000006 74.500000000000014 4.0964285714285724 -0.44000000000000022 -0.97874870457683594 212.80000000000004 4.1250000000000009 7.8500000000000005 167.50000000000003 1.6100000000000003 402.74378967285162 5.5500000000000007 0.81304046271159414 -0.27499999999999997 10.350000000000003 25.350000000000005 20.775000000000002 25.750000000000004 10.550000000000002 1.1500000000000001 358.65000000000003 298.90000000000003 251.50000000000003 259.50000000000006 177.80000000000004 -0.029999999999999995 1.3049999999999999
decision_type=2 8 2 2 2 2 2 2 10 2 2 2 10 2 2 2 8 2 2 2 2 2 2 8 10 2 2 10 10 2
left_child=1 4 7 13 5 6 -1 8 -3 -5 11 12 16 -4 15 -15 -11 -10 19 -12 21 -21 23 24 -9 -6 27 28 -27 -13
right_child=-2 2 3 9 25 -7 -8 22 17 10 18 29 -14 14 -16 -17 -18 -19 -20 20 -22 -23 -24 -25 -26 26 -28 -29 -30 -31
leaf_value=0.0094880998941260161 1.0155449813074675e-05 0.0022994718790304287 -0.00238063049634728 0.0015823332565509608 -0.00051792193392443048 0.0011239239774071251 0.00083981608408130513 0.00049366867070529117 -0.0045837987780091146 0.0038406957409956224 6.9902298072344679e-06 -0.00034294405677412379 0.0090663991093866119 0.00026571589090223927 -0.00057543893943058113 0.0080071098504563652 -0.0014788679482682845 0.0027247093362396425 0.0026755535131484168 0.011574858124153169 0.0012647507777105334 0.0039413752788283107 -0.0019864607861023419 -0.0032183963411465417 0.01091427905375598 0.00074090019061528187 0.0001687552027011924 0.0077545789732791472 0.0069839982403903204 -0.0018575355572784101
leaf_weight=72 248318 378 3442 1777 5131 1947 75 142 267 83 5716 4027 78 104 1520 64 331 65 803 71 516 59 9629 268 87 189 3340 54 85 1630
leaf_count=72 248318 378 3442 1777 5131 1947 75 142 267 83 5716 4027 78 104 1520 64 331 65 803 71 516 59 9629 268 87 189 3340 54 85 1630
internal_value=-2.8561e-05 -0.00026341 -0.000461572 -0.000109046 0.000301569 0.00194842 0.0082653 -0.00111942 0.00140845 0.00024816 4.3562e-05 -0.000592781 0.0024187 -0.00115985 0.000154027 0.00660714 0.000676327 -0.00138554 0.000589671 0.000320653 0.00297214 0.0103846 -0.00129666 0.00143863 0.00591703 -9.03524e-05 0.000697927 0.00567073 0.00375912 -0.000854694
internal_weight=290268 41950 31057 20221 10893 2094 147 10836 710 15091 13314 6149 492 5130 1688 168 414 332 7165 6362 646 130 10126 497 229 8799 3668 328 274 5657
internal_count=290268 41950 31057 20221 10893 2094 147 10836 710 15091 13314 6149 492 5130 1688 168 414 332 7165 6362 646 130 10126 497 229 8799 3668 328 274 5657
is_linear=0
shrinkage=0.05


Tree=190
num_leaves=31
num_cat=0
split_feature=18 23 9 24 24 24 20 5 24 17 23 23 22 19 19 1 22 24 24 23 22 22 17 22 20 19 14 14 9 9
split_gain=1.10321 1.41211 2.99243 1.73254 1.74368 1.66494 1.34025 1.26266 1.37723 1.14321 2.17011 4.74597 4.42873 4.2241 3.11767 3.02749 4.56296 3.54494 9.46068 9.98612 7.57246 8.21699 5.79224 5.02987 4.27719 5.34201 5.43032 4.16387 4.09607 4.52706
threshold=2.3250000000000006 0.95936279103287792 137.33863830566409 -0.34499999999999992 -0.22499999999999995 -0.27499999999999997 357.40000000000003 4.1892857142857158 -0.42499999999999993 203.50000000000003 0.16587474750015932 0.11478523713130605 -0.95244167294248061 8.4850000000000012 4.9750000000000005 7.0750000000000011 -0.94705910369513524 -0.029999999999999995 -0.24999999999999997 0.80290535434334509 0.95998215779580554 0.9550229469509578 301.50000000000006 0.21022171450811275 273.40000000000003 10.655000000000003 31.350000000000005 26.750000000000004 998.87963867187511 198.3420333862305
decision_type=2 2 2 10 10 10 10 2 10 2 2 2 2 2 2 2 2 10 10 2 2 2 2 2 10 2 2 2 2 2
left_child=1 3 -3 -1 5 -5 -6 -4 -9 -2 11 -11 -12 -13 -14 17 -17 18 23 20 21 22 24 -16 -20 28 -27 -24 29 -26
right_child=9 2 7 4 6 -7 -8 8 -10 10 12 13 14 -15 15 16 -18 -19 19 -21 -22 -23 27 -25 25 26 -28 -29 -30 -31
leaf_value=-0.0082084819217368449 -0.00010800053379533741 0.0057539278646297643 -0.005457579134445229 -0.00039900641734607603 -0.0019021839279176275 0.0083413928393590003 0.005268266028563973 0.0038997704297811173 -0.004367842641884544 0.00021659617836399295 -0.0031337894946961036 0.00070235858225050967 -0.00059103710957360072 0.0044258415306991216 0.00098125781770301069 0.01186880602835462 -0.00015304725971287364 -0.00039471924480718009 0.0035964776857867623 -0.0030219702182111259 -0.0053630437950760385 0.013917478236095682 0.011599971846228713 -0.0016903599600065437 0.0060452201267722234 0.0079019784037649594 0.0016423602171204707 0.00052975889750573398 0.011989976612406451 0.0017835946292866535
leaf_weight=669 159018 60 174 54 913 64 52 187 98 49365 2491 1249 15771 1044 10393 179 36993 5859 315 491 248 76 74 3134 207 110 54 568 73 285
leaf_count=669 159018 60 174 54 913 64 52 187 98 49365 2491 1249 15771 1044 10393 179 36993 5859 315 491 248 76 74 3134 207 110 54 568 73 285
internal_value=-2.73552e-05 -0.00112506 0.0011657 -0.00180365 -0.000567868 0.00516949 -0.00126943 -0.000206973 0.0018421 -1.86993e-05 9.1913e-05 0.000342831 -7.57245e-05 0.00256651 -6.683e-06 0.000160093 -0.000114604 0.000626626 0.00101135 0.00383646 0.00539801 0.00654937 0.00582444 0.000489021 0.0081226 0.0102263 0.0181707 0.00208723 0.00792035 0.00628049
internal_weight=290268 2271 519 1752 1083 118 965 459 285 287997 128979 51658 77321 2293 74830 59059 37172 21887 16028 2501 2010 1762 1686 13527 1044 729 164 642 565 492
internal_count=290268 2271 519 1752 1083 118 965 459 285 287997 128979 51658 77321 2293 74830 59059 37172 21887 16028 2501 2010 1762 1686 13527 1044 729 164 642 565 492
is_linear=0
shrinkage=0.05


Tree=191
num_leaves=31
num_cat=0
split_feature=9 16 17 22 22 20 22 9 21 24 22 20 14 13 2 9 22 22 13 14 22 22 24 9 2 13 2 3 21 17
split_gain=1.10466 1.92633 1.65076 1.53989 7.46262 5.66309 5.58594 7.6969 7.92833 7.30908 10.5459 5.11709 4.89933 3.53317 3.40539 3.00351 8.15895 2.96553 5.61926 5.82273 3.91104 4.81965 5.68758 4.46148 5.49777 3.3468 3.70941 3.59344 2.79461 3.09296
threshold=44.421846389770515 14.950000000000001 108.50000000000001 0.90162119223771331 0.88220160189607266 159.70000000000002 0.90892735371523092 483.01396179199224 16.900000000000002 0.36500000000000005 0.9053161325100999 311.10000000000008 31.550000000000004 11.850000000000003 -0.86999999999999977 246.29627990722659 0.99552231814189451 0.9893236546938301 13.450000000000001 30.050000000000004 0.95998215779580554 0.95752911693909493 0.24500000000000002 417.44560241699224 4.3600000000000048 17.450000000000003 1.2400000000000009 6.7516666666666678 12.500000000000002 34.500000000000007
decision_type=2 2 2 2 2 10 2 2 10 10 2 10 2 2 2 2 2 2 2 2 2 2 10 2 2 2 2 2 10 2
left_child=1 2 -1 4 -2 -6 7 9 -9 -5 11 12 13 -11 -10 -8 17 18 19 20 21 23 -23 -17 28 -19 -27 -28 29 -25
right_child=3 -3 -4 6 5 -7 15 8 14 10 -12 -13 -14 -15 -16 16 -18 25 -20 -21 -22 22 -24 24 -26 26 27 -29 -30 -31
leaf_value=-0.00029389225839492001 -7.6913498301839096e-05 -0.00062509022394153764 0.00053596979912211014 -0.0029425892936065425 0.0010028204965667456 -0.0053924499281461178 -0.00037335387380297078 0.0023072340061648668 0.014934759969431327 0.0043457166272310799 -0.0089960069517945346 -0.0057032252676626326 0.011968124337045014 0.011641833269166459 0.0059814940878709965 0.0022821797453527258 -0.0013364406862823933 0.0018769233205673946 -0.00036866419951579477 0.00040107786804041348 0.0021516884442194803 0.015527399167724082 0.0032773437497216674 0.0014825657214896063 0.0096561437797020259 0.0041502189814136914 0.011275831060794075 0.0047440086062573708 0.0026617485288320886 0.0080744596997244442
leaf_weight=10449 198473 6731 33731 705 1059 2587 20978 124 81 99 142 52 82 95 57 689 3847 1250 4035 2360 1384 60 50 89 54 354 51 74 313 213
leaf_count=10449 198473 6731 33731 705 1059 2587 20978 124 81 99 142 52 82 95 57 689 3847 1250 4035 2360 1384 60 50 89 54 354 51 74 313 213
internal_value=-2.59772e-05 0.000185519 0.000305567 -7.09621e-05 -0.000125398 -0.00236698 0.000224501 0.00328114 0.0110305 0.00155319 0.00638298 0.011311 0.0140217 0.00969072 0.0192754 0.000101812 0.000646629 0.00134111 0.000985724 0.00207022 0.00359046 0.00538828 0.0154545 0.0045729 0.00748131 0.00324176 0.00679541 0.0142 0.00613821 0.00956954
internal_weight=290268 50911 44180 239357 202119 3646 37238 1437 262 1175 470 328 276 194 138 35801 14823 10976 9247 5212 2852 1468 110 1358 669 1729 479 125 615 302
internal_count=290268 50911 44180 239357 202119 3646 37238 1437 262 1175 470 328 276 194 138 35801 14823 10976 9247 5212 2852 1468 110 1358 669 1729 479 125 615 302
is_linear=0
shrinkage=0.05


Tree=192
num_leaves=31
num_cat=0
split_feature=17 16 17 24 22 22 22 19 21 0 16 22 9 22 22 20 22 0 18 9 22 1 22 3 3 17 4 2 2 1
split_gain=1.01332 1.34454 1.24679 1.97566 4.27436 7.77976 9.53028 2.99362 2.87011 4.11102 3.65251 2.49123 4.13586 4.02341 3.88368 3.90982 3.20866 3.85812 3.56865 3.94506 2.89003 3.44424 2.88583 2.54256 2.48482 1.92588 1.92232 2.24391 3.38403 1.89809
threshold=354.50000000000006 6.8500000000000005 203.50000000000003 -0.43999999999999995 0.22700754078277605 0.19337368024598436 0.21022171450811275 3.0450000000000004 12.500000000000002 10.155000000000003 9.4500000000000011 -0.34235669412071207 389.30609130859381 -0.37447345805034543 0.15951094710994371 491.60000000000008 -0.35846811432664222 8.8350000000000026 8.0750000000000011 172.1780700683594 -0.022576249993022688 10.355000000000002 -0.159513159777915 5.5250000000000012 7.4350000000000014 254.50000000000003 6.785000000000001 -0.11000000000000019 -0.050000000000000482 7.2750000000000012
decision_type=2 2 2 8 2 2 2 2 10 2 2 2 2 2 2 10 2 2 2 2 2 2 2 2 2 2 2 2 2 2
left_child=2 -2 -1 4 5 7 8 26 -7 10 -10 13 24 -9 15 20 17 25 19 -18 21 -14 -23 -17 -13 -15 -4 -28 -29 -5
right_child=1 -3 3 29 -6 6 -8 11 9 -11 -12 12 14 16 -16 23 18 -19 -20 -21 -22 22 -24 -25 -26 -27 27 28 -30 -31
leaf_value=-0.00011131915891886464 -0.0047139794402279792 -0.00045696113430328006 -0.0049710043878364325 0.00050370881792702793 -0.0020707404123052994 0.0093677845586821375 -0.00080462518999735574 0.00017252654057696199 -0.0023659429339422684 0.012125531128937736 0.0068649800236923525 -0.0027349697386675823 0.00010154162769336237 0.0011184477409651248 0.0054970133495775017 0.0048091610770368562 0.010420164708981199 0.0079413903465640687 -0.0046929663253384487 -0.0040102623672817073 -0.0019060718689690094 0.001279296505848442 0.0060260546239407327 0.0022920615238869379 -0.00034724093296613183 0.005707815073684082 -0.003245372075286928 0.0063826590818050772 -4.3167960404377488e-05 3.8068088825480305e-05
leaf_weight=159830 526 3152 787 36196 4493 74 315 18420 74 56 84 3188 1412 112 182 51 63 65 149 65 1025 133 127 79 2884 117 602 66 174 55767
leaf_count=159830 526 3152 787 36196 4493 74 315 18420 74 56 84 3188 1412 112 182 51 63 65 149 65 1025 133 127 79 2884 117 602 66 174 55767
internal_value=-2.90778e-05 -0.000853726 -1.84945e-05 9.86104e-05 -0.00022229 -8.91091e-06 0.0056136 -0.000123061 0.0121875 0.00925234 0.00512658 -2.13855e-06 -0.000683296 0.000323573 0.000832501 0.000376723 0.00445709 0.00809524 0.000595667 0.00671875 -3.15177e-05 0.00125 0.00653846 0.00884615 -0.00143445 0.00504367 -0.00220688 -0.000546319 0.00354167 0.000220033
internal_weight=290268 3678 286590 126760 34797 30304 603 29701 288 214 158 28072 9081 18991 3009 2827 571 294 277 128 2697 1672 260 130 6072 229 1629 842 240 91963
internal_count=290268 3678 286590 126760 34797 30304 603 29701 288 214 158 28072 9081 18991 3009 2827 571 294 277 128 2697 1672 260 130 6072 229 1629 842 240 91963
is_linear=0
shrinkage=0.05


Tree=193
num_leaves=31
num_cat=0
split_feature=5 19 14 22 22 23 22 16 22 23 5 3 15 22 0 23 22 22 20 9 3 4 14 20 20 23 19 3 20 3
split_gain=1.15301 1.18459 1.62532 1.05141 2.33904 4.58582 3.55906 3.30932 2.96328 2.83277 4.21716 8.15324 5.42904 4.54031 2.8266 2.94082 2.81576 2.52213 4.07463 3.59265 2.79842 3.16933 2.80785 2.68459 2.72455 2.39057 3.88291 5.92364 3.19791 2.35422
threshold=3.0692857142857153 4.0150000000000006 25.250000000000004 -0.99763297024448894 -0.98523971305672675 -0.15950993297387572 -0.97113884758256674 11.550000000000002 -0.9905448150984083 0.1318557721318592 7.9535714285714292 8.7616666666666685 62.500000000000007 -0.98803845231459242 30.275000000000002 0.18281312110578132 -0.98803845231459242 -0.98214942551678475 291.80000000000001 395.71284484863287 9.8950000000000031 6.785000000000001 30.050000000000004 211.10000000000002 262.60000000000008 -0.10837475778693638 5.6750000000000007 7.3050000000000006 400.30000000000001 8.0683333333333369
decision_type=2 2 2 2 2 2 2 2 2 2 2 2 2 2 2 2 2 2 10 2 2 2 2 10 10 2 2 2 10 2
left_child=1 -1 -3 -2 5 -5 14 9 25 -7 -11 12 -12 -14 17 -16 -13 18 19 20 21 -6 23 -23 -25 -9 -27 28 -28 -19
right_child=3 2 -4 4 6 7 -8 8 -10 10 11 16 13 -15 15 -17 -18 29 -20 -21 -22 22 -24 24 -26 26 27 -29 -30 -31
leaf_value=-0.0037782837109957023 -0.00077967608550203761 0.0023630334119118437 -0.0012905900405953998 0.0039024618055243637 -0.0058367689167626233 -0.00060014695790253244 -7.6346014866955439e-06 -0.00031297180721282766 -0.0017181465623406084 -0.0012152542106656776 0.01660381399640426 0.0050038598213416764 -0.010413099847053471 0.011785240605184655 -0.006710085847997262 0.012221510993444887 -0.0025852335774307305 -0.0041300426771555673 -0.0017392722001277113 -0.0045077203279872925 -0.00066923696890537382 -0.0016409313625366515 0.005227002339512345 0.0052226431473431497 0.0006052834648904706 -0.0027465980377006476 0.0087601150457368594 0.0040154956511128381 0.0094311760298757142 -0.001646085067883095
leaf_weight=681 6336 51 442 792 52 5121 266999 437 534 568 67 262 52 68 69 83 288 1587 857 138 156 64 111 89 66 133 57 1024 51 3033
leaf_count=681 6336 51 442 792 52 5121 266999 437 534 568 67 262 52 68 69 83 288 1587 857 138 156 64 111 89 66 133 57 1024 51 3033
internal_value=-2.90778e-05 -0.00159285 0.000273832 -2.27274e-05 -8.45365e-06 0.000764754 -3.52001e-05 0.00043177 0.00208855 -0.000144726 0.00193486 0.00443012 0.0134492 0.00708333 -0.00120936 0.00552631 0.00136364 -0.00137575 0.000381604 0.00328402 0.00513011 0.00743455 0.00924242 0.0059589 0.00951613 0.00310811 0.00420948 0.00515901 0.0162963 -0.00195888
internal_weight=290268 1174 493 289094 282758 9454 273304 8662 2236 6426 1305 737 187 120 6305 152 550 6153 1533 676 538 382 330 219 155 1702 1265 1132 108 4620
internal_count=290268 1174 493 289094 282758 9454 273304 8662 2236 6426 1305 737 187 120 6305 152 550 6153 1533 676 538 382 330 219 155 1702 1265 1132 108 4620
is_linear=0
shrinkage=0.05


Tree=194
num_leaves=31
num_cat=0
split_feature=5 19 13 24 20 20 17 3 14 24 9 18 0 2 19 13 24 15 17 20 16 2 19 17 16 21 18 5 11 13
split_gain=1.08785 1.33273 2.31594 0.945871 2.86794 2.38561 4.51977 3.88291 3.32019 1.71264 3.20357 2.05628 5.73171 3.55283 2.87579 2.21357 2.25032 2.32372 2.3831 2.16025 2.12616 2.03056 2.10801 1.94645 2.46028 2.80277 1.8771 2.03465 1.83797 2.15905
threshold=3.0692857142857153 7.0850000000000009 7.9500000000000011 1.9550000000000003 306.10000000000008 190.10000000000002 46.500000000000007 5.8983333333333343 29.050000000000004 1.7100000000000002 541.99493408203136 8.1550000000000029 8.8350000000000026 5.0900000000000034 3.5550000000000002 1.0000000180025095e-35 -0.089999999999999983 63.500000000000007 72.500000000000014 491.60000000000008 6.0500000000000007 5.0900000000000034 43.655000000000008 195.50000000000003 15.750000000000002 57.500000000000007 7.5950000000000006 7.7978571428571444 15.234999656677248 2.2500000000000004
decision_type=2 2 2 10 8 10 2 2 2 10 2 2 2 2 2 2 8 2 2 10 2 2 2 2 2 10 2 2 2 2
left_child=1 -1 -3 9 5 6 7 -5 -9 11 21 12 13 19 -13 -16 17 18 -17 -2 -20 22 23 -11 -25 -26 27 -14 29 -22
right_child=3 2 -4 4 -6 -7 -8 8 -10 10 -12 14 26 -15 15 16 -18 -19 20 -21 28 -23 -24 24 25 -27 -28 -29 -30 -31
leaf_value=-0.002583456548975187 1.3016486093744455e-05 0.0057560181827060672 -0.0037924257412196047 -0.00092478177478564337 0.00046384533793109549 -0.0016705900886356151 -0.0003776122869479669 0.0048229563775249911 0.0047173440624270454 2.6845534729872094e-05 -0.0023186692176308033 0.0042752451972578433 -0.00041806078271003268 0.0050154052163388961 0.00054006973981431962 -0.0022132535489155737 -0.00050814439717661558 0.00026077257058410795 0.0024437910384076515 -0.0010315178176140501 0.00021392217314941339 0.0032382746349635984 0.0058877683956023242 0.00098056346563185214 0.0034510667917523083 -0.00043267756974748001 0.00015609622425550261 0.0019248228789444527 0.0027521820036153057 -0.0011140472465371763
leaf_weight=1065 109252 52 57 112 5067 5583 1138 71 85 10015 1574 312 1265 76 10450 2921 66694 30902 634 4240 8423 1488 149 4961 105 58 4713 8728 759 9319
leaf_count=1065 109252 52 57 112 5067 5583 1138 71 85 10015 1574 312 1265 76 10450 2921 66694 30902 634 4240 8423 1488 149 4961 105 58 4713 8728 759 9319
internal_value=-3.13171e-05 -0.00155026 0.0037156 -2.51487e-05 -0.000458694 -0.00111533 0.000725461 0.00656716 0.0116667 -6.28192e-06 0.000460489 -3.93923e-05 0.000102748 -1.75237e-05 -0.0001792 -0.000190698 -0.000251648 -8.30966e-06 -0.000400346 -2.47606e-05 -0.000197284 0.000662851 0.000491234 0.000432986 0.0012256 0.00726994 0.00103155 0.00141949 -0.00029485 -0.000397927
internal_weight=290268 1174 109 289094 12056 6989 1406 268 156 277038 18350 258688 128274 113568 130414 130102 119652 52958 22056 113492 19135 16776 15288 15139 5124 163 14706 9993 18501 17742
internal_count=290268 1174 109 289094 12056 6989 1406 268 156 277038 18350 258688 128274 113568 130414 130102 119652 52958 22056 113492 19135 16776 15288 15139 5124 163 14706 9993 18501 17742
is_linear=0
shrinkage=0.05


Tree=195
num_leaves=31
num_cat=0
split_feature=23 22 21 13 4 1 24 24 0 16 13 2 4 22 22 1 13 16 2 13 0 21 2 5 23 24 23 5 24 2
split_gain=1.06513 1.60182 1.72088 3.32005 1.45456 1.4182 1.25935 2.34014 2.75067 3.53986 3.70665 2.38136 1.88684 1.78114 1.92045 2.6681 2.38648 2.32328 2.99847 1.62253 1.5028 1.46535 1.4974 1.375 1.25437 1.2661 1.11624 1.85754 1.64739 2.75196
threshold=0.99681593486783593 0.039769539193789977 1.0000000180025095e-35 16.050000000000004 9.7750000000000004 5.0550000000000006 1.8750000000000002 -0.49499999999999994 7.2950000000000008 11.65 1.1500000000000001 0.90999999999999992 8.4150000000000009 -0.03977009085991149 -0.05695216311707673 9.4050000000000029 6.0500000000000007 10.950000000000001 0.16499999999999918 8.0500000000000025 7.6850000000000014 27.500000000000004 -0.7300000000000002 5.5721428571428566 0.99981043035926087 -0.42499999999999993 -0.99628250747696534 7.6750000000000016 1.3800000000000001 2.4200000000000017
decision_type=2 2 10 2 2 2 10 10 2 2 2 2 2 2 2 2 2 2 2 2 2 10 2 2 2 10 2 2 10 2
left_child=26 2 3 -2 -3 -5 7 13 11 -10 -11 12 -9 14 15 -4 17 18 -16 24 -8 -12 -23 -13 -14 -26 27 -1 -29 -30
right_child=1 4 6 5 -6 -7 20 8 9 10 21 23 19 -15 16 -17 -18 -19 -20 -21 -22 22 -24 -25 25 -27 -28 28 29 -31
leaf_value=-0.0015891621801744603 0.0031576825725674797 -0.0045455577527609651 -0.0028936453871541436 0.0023918362607834674 -0.0003048525403874429 -0.0031245091446603216 -0.0035081273217922441 0.0066029839318357117 -0.002695576207725519 0.0046568214514216104 -0.00044311585426522003 0.0028002538897246593 -6.5140140157045424e-05 -0.0017011525167041613 0.0064742407331043993 0.0030211936480002582 0.01069098066520394 -0.0015142384085570077 0.00026765249555127 -0.0027464070714802529 0.002044002169142372 0.0049000742179026481 0.0019954823346808371 0.0065281577872552997 0.0044950954803713401 0.0015825934501622362 1.8763452661184195e-06 -0.00076056853538790294 0.0018742203007260428 -0.0026493744626867825
leaf_weight=2626 52 858 304 55 726 91 1003 122 758 69 249 56 113 1584 54 92 77 168 97 195 185 81 130 98 53 56 275022 4018 975 301
leaf_count=2626 52 858 304 55 726 91 1003 122 758 69 249 56 113 1584 54 92 77 168 97 195 185 81 130 98 53 56 275022 4018 975 301
internal_value=-2.9939e-05 -0.000625172 -0.000236852 0.00434343 -0.00203283 0.000479451 -0.000400434 -6.88824e-06 0.00126263 -0.000104896 0.00303403 0.00380231 0.00223562 -0.00106482 0.000871211 -0.00159091 0.00333333 0.00142633 0.00592715 0.00063549 -0.00184344 0.00141304 0.00447867 0.00928571 0.00355856 0.00738532 -1.45271e-05 -0.000599749 -6.0447e-05 0.0015047
internal_weight=290268 7326 5742 198 1584 146 5544 4356 1980 1287 529 693 539 2376 792 396 396 319 151 417 1188 460 211 154 222 109 282942 7920 5294 1276
internal_count=290268 7326 5742 198 1584 146 5544 4356 1980 1287 529 693 539 2376 792 396 396 319 151 417 1188 460 211 154 222 109 282942 7920 5294 1276
is_linear=0
shrinkage=0.05


Tree=196
num_leaves=31
num_cat=0
split_feature=23 23 24 2 20 14 24 18 24 20 17 23 15 23 24 23 23 23 9 23 4 23 23 9 13 3 16 23 23 1
split_gain=1.0284 4.99682 9.72748 5.13864 5.10588 4.09701 3.86212 4.37127 4.24659 3.21355 3.14373 4.34566 3.77362 3.20505 3.00162 3.09092 5.68872 5.45957 4.52177 7.7482 9.85592 2.74031 3.07624 5.09111 3.63644 2.71932 2.66325 2.85347 6.34164 6.33463
threshold=-0.082691941062253513 -0.10837475778693638 0.36500000000000005 0.39999999999999974 209.50000000000003 32.150000000000013 0.05000000000000001 5.0050000000000008 0.16500000000000004 327.60000000000008 195.50000000000003 -0.26867065956352881 61.500000000000007 -0.32613736746952143 1.7100000000000002 -0.94703994556331683 -0.90161545992537195 -0.98521978256641018 137.33863830566409 -0.99465740988130902 11.345000000000001 -0.91595872546125101 -0.9292178835113839 120.51617431640626 1.7500000000000002 6.2783333333333333 13.15 -0.94137724084408114 -0.93543596745397617 9.8550000000000022
decision_type=2 2 10 2 10 2 10 2 10 10 2 2 2 2 10 2 2 2 2 2 2 2 2 2 2 2 2 2 2 2
left_child=1 6 -3 -4 -5 -6 7 9 21 -1 12 13 -11 -12 -10 17 26 18 -16 25 -21 22 -8 -24 -25 -20 27 -17 -29 -30
right_child=-2 2 3 4 5 -7 8 -9 14 10 11 -13 -14 -15 15 16 -18 -19 19 20 -22 -23 23 24 -26 -27 -28 28 29 -31
leaf_value=0.0011744267617517391 -0.00011977481815194822 9.6819893369161087e-05 0.006333221948827592 0.0098206567757569297 0.0023678505592595388 0.016410537997359524 -0.0013810382782462932 0.00024954585808883691 -0.00020421253708184802 -0.0051635403341024613 0.0071479255506963352 -0.0011193591157153116 0.0049903645792751528 0.013117708358582437 0.00033148130616416147 0.0084409343951060544 -0.0011956139320509337 -0.002305649153352937 -0.0064812246003291126 0.015934749553246273 0.0022848792405592744 -0.0064276581532894065 -0.0014710894049391821 0.0032379199865992694 0.0070747578216455434 0.0047594569733531711 0.0013900466227889765 -0.0084560133682645509 0.0092106366001040406 0.0072417723883066087
leaf_weight=3708 152262 1584 357 103 211 121 4356 51540 67122 243 315 121 221 84 1641 159 792 1782 172 61 70 1386 255 82 59 234 419 165 125 518
leaf_count=3708 152262 1584 357 103 211 121 4356 51540 67122 243 315 121 221 84 1641 159 792 1782 172 61 70 1386 255 82 59 234 419 165 125 518
internal_value=-2.76997e-05 7.11551e-05 0.00234427 0.00686869 0.0105172 0.0075 3.13341e-05 0.000348377 -0.000193205 0.00180946 0.00434959 0.00701923 0.00135776 0.00953634 -8.73613e-05 0.000970999 0.00248393 0.000138888 0.00181818 0.00580074 0.016374 -0.0014565 -0.000885944 0.00333333 0.0109574 0.00238916 0.00441558 0.00585832 0.00465346 0.00689735
internal_weight=290268 138006 2376 792 435 332 135630 56232 79398 4692 984 520 464 399 73260 6138 2178 3960 2178 537 131 6138 4752 396 141 406 1386 967 808 643
internal_count=290268 138006 2376 792 435 332 135630 56232 79398 4692 984 520 464 399 73260 6138 2178 3960 2178 537 131 6138 4752 396 141 406 1386 967 808 643
is_linear=0
shrinkage=0.05


Tree=197
num_leaves=31
num_cat=0
split_feature=3 2 1 13 14 1 20 2 2 5 19 20 20 2 18 23 23 22 5 9 14 16 23 1 3 22 13 13 24 14
split_gain=1.00354 2.40175 1.76911 1.38961 1.97812 2.51012 1.63009 1.25073 2.01427 3.41706 1.27225 1.39602 1.21199 1.11015 1.02691 1.04119 1.21585 1.02323 1.68663 1.55005 2.96279 1.28755 1.23854 1.71972 1.5992 0.995666 2.48861 1.14082 1.39783 1.25196
threshold=3.4083333333333337 2.1200000000000032 2.9050000000000007 3.4500000000000006 29.150000000000002 2.5750000000000006 357.40000000000003 0.029999999999999586 -0.11000000000000019 5.5350000000000019 2.9350000000000005 227.80000000000004 253.65000000000003 4.4600000000000035 1.9350000000000003 -0.50557503990954278 -0.71502926860092908 -0.99940763397299126 9.3150000000000013 425.81092834472662 28.350000000000005 8.5500000000000025 -0.022575793296316496 7.4350000000000014 11.846666666666669 0.99053107487289871 13.850000000000003 13.15 -0.58499999999999985 28.350000000000005
decision_type=2 2 2 2 2 2 8 2 2 2 2 8 8 2 2 2 2 2 2 2 2 2 2 2 2 2 2 2 8 2
left_child=1 7 3 4 -2 6 -6 8 10 12 -1 -12 -10 -3 15 16 -4 18 -16 21 -21 -20 24 -24 -23 27 -27 -5 29 -29
right_child=2 13 14 25 5 -7 -8 -9 9 -11 11 -13 -14 -15 17 -17 -18 -19 19 20 -22 22 23 -25 -26 26 -28 28 -30 -31
leaf_value=-0.0032859313334047133 0.00051139813121289616 0.001511091224364149 -0.0010366875918247124 0.0011186763341327834 0.0040184974055416994 0.0019199366438488717 0.0076431500112774864 -0.002262579737461527 -0.0020173639228189305 0.0088082325984347142 0.0020040849065546813 -0.0009875571871625769 0.0027702351077347693 0.0050654735966829487 -0.0041491565740843497 -0.0069837542648791984 0.0038422487193358733 -1.1462297404617631e-05 -0.0031618051155946625 0.012133429680581459 -1.8370131030754147e-05 -0.0041308715273895985 0.0065926412543220077 -0.002025894236245919 0.006307556193447421 -0.00096277448226044437 0.0067567852555012109 0.003499678892944814 -0.0023045726665026013 -0.0019866649839482813
leaf_weight=853 342 355 93 1038 57 187 53 2775 106 56 370 938 200 50 1046 373 59 278222 483 78 180 122 94 854 260 83 56 50 754 81
leaf_count=853 342 355 93 1038 57 187 53 2775 106 56 370 938 200 50 1046 373 59 278222 483 78 180 122 94 854 260 83 56 50 754 81
internal_value=-2.97668e-05 -0.000686482 -1.66055e-05 0.00125694 0.00329421 0.00627946 0.0122727 -0.000970179 -0.000164488 0.00328729 -0.000742713 0.000237002 0.00120915 0.00302469 -2.88094e-05 -0.0022381 0.00125 -2.46867e-05 -0.000925571 -9.89872e-05 0.00352713 -0.000615004 0.000187969 -0.000780592 0.00259162 0.000625605 0.00471223 0.000330212 -0.000988702 0.00377862
internal_weight=290268 5703 284565 2701 639 297 110 5298 2523 362 2161 1308 306 405 281864 525 152 281339 3117 2071 258 1813 1330 948 382 2062 139 1923 885 131
internal_count=290268 5703 284565 2701 639 297 110 5298 2523 362 2161 1308 306 405 281864 525 152 281339 3117 2071 258 1813 1330 948 382 2062 139 1923 885 131
is_linear=0
shrinkage=0.05


Tree=198
num_leaves=31
num_cat=0
split_feature=23 22 20 20 9 1 23 19 23 22 9 23 15 4 17 20 14 13 9 9 3 19 3 4 21 4 14 13 0 24
split_gain=0.994899 1.43735 2.15499 1.76741 1.72667 3.1263 1.85065 1.27502 1.0787 9.06696 11.3043 7.8482 4.19944 3.72916 3.13598 3.02084 2.29577 2.14684 2.72013 1.93947 1.89285 1.74959 2.61237 1.85429 1.76788 2.05256 2.5371 2.46151 3.77189 2.43871
threshold=0.99681593486783593 0.039769539193789977 617.20000000000016 274.50000000000006 528.79354858398449 5.4850000000000012 0.99981043035926087 3.3250000000000006 0.91159213926341531 -0.39036798905311365 344.76246643066412 0.89691351184655443 83.500000000000014 8.5950000000000006 260.50000000000006 685.70000000000016 27.750000000000004 6.6500000000000012 998.87963867187511 719.37036132812511 5.4466666666666681 14.265000000000002 7.371666666666667 8.4650000000000016 77.500000000000014 15.795000000000002 31.250000000000004 0.95000000000000007 14.155000000000003 -0.40499999999999997
decision_type=2 2 8 8 2 2 2 2 2 2 2 2 2 2 2 10 2 2 2 2 2 2 2 2 10 2 2 2 2 8
left_child=8 2 -2 7 5 -4 -7 -3 11 10 13 -1 -13 -10 16 21 -12 -16 -19 -14 -21 22 -11 -24 25 29 27 28 -27 -25
right_child=1 3 4 -5 -6 6 -8 -9 9 15 14 12 19 -15 17 -17 -18 18 -20 20 -22 -23 23 24 -26 26 -28 -29 -30 -31
leaf_value=-1.362201987695094e-05 -0.00039610286016553039 -0.0050251846823508618 0.0031223698060526945 -0.0040471671363315727 -0.011195332271316557 -0.0014494976023892738 0.0049965027891189845 0.0019210436489391842 0.0034965780698837951 -0.00026349931169021329 0.010231761865245638 -0.0054748439602472004 -0.0047342384295778993 -0.0062321186594660261 0.0065388622137173141 0.002847845324651196 0.00061167786533601978 0.0056992690930198252 0.012763249129541722 -0.00010976935461421051 0.0052006588271266176 -0.0014996531455340101 0.0022504292876316771 -0.00018818184914509614 -0.00098453813089765694 0.0082952595731595382 -0.00023958901018783521 0.0027660411903143271 0.0021492184386802233 0.0011912947237602213
leaf_weight=248094 5384 73 86 1190 51 132 89 321 136 16097 75 2894 55 230 114 200 112 68 57 80 139 2234 250 5127 1087 58 692 1739 99 3305
leaf_count=248094 5384 73 86 1190 51 132 89 321 136 16097 75 2894 55 230 114 200 112 68 57 80 139 2234 250 5127 1087 58 692 1739 99 3305
internal_value=-2.94223e-05 -0.000604697 -0.000236852 -0.00193813 0.00351955 0.00493485 0.00178733 0.000964466 -1.45271e-05 0.000260415 0.00554293 -4.91929e-05 -0.0025221 -0.000901641 0.0110798 0.000124966 0.00622995 0.0148745 0.0194 0.00339416 0.00550228 8.50483e-05 0.000190833 0.000737637 0.000649623 0.000839382 0.0020711 0.00301688 0.00901274 0.000461337
internal_weight=290268 7326 5742 1584 358 307 221 394 282942 31680 792 251262 3168 366 426 30888 187 239 125 274 219 30688 28454 12357 12107 11020 2588 1896 157 8432
internal_count=290268 7326 5742 1584 358 307 221 394 282942 31680 792 251262 3168 366 426 30888 187 239 125 274 219 30688 28454 12357 12107 11020 2588 1896 157 8432
is_linear=0
shrinkage=0.05


Tree=199
num_leaves=31
num_cat=0
split_feature=22 19 20 22 4 22 4 17 3 21 4 24 13 3 0 24 24 16 20 20 8 24 3 20 10 20 2 13 13 20
split_gain=0.947767 2.7941 3.52731 3.87081 3.89636 2.7681 6.07119 4.02368 3.22868 5.93095 3.54321 2.15603 1.86953 1.71752 1.62602 1.54678 2.22985 1.35351 1.45683 1.30951 1.21683 2.97492 1.71772 1.73716 1.57796 1.34597 3.24134 2.54784 2.50387 2.01706
threshold=-0.99630266176052629 17.325000000000003 469.30000000000001 -0.99763297024448894 32.875000000000007 -0.99467753128998015 19.815000000000001 183.50000000000003 7.4983333333333348 30.600000000000005 8.4150000000000009 1.4950000000000003 1.0000000180025095e-35 6.5183333333333344 8.1250000000000018 -0.22499999999999995 -0.58499999999999985 13.65 583.65000000000009 325.7000000000001 30.500000000000004 1.7100000000000002 14.058333333333335 466.10000000000008 4.2925000190734872 495.50000000000006 -0.65000000000000013 5.4500000000000011 1.0000000180025095e-35 558.20000000000016
decision_type=2 2 10 2 2 2 2 2 2 10 2 10 2 2 2 10 10 2 10 10 2 10 2 10 2 10 2 2 2 10
left_child=1 -1 19 12 -5 6 7 8 9 10 -2 14 -4 -12 -10 16 -9 18 -14 -3 25 22 23 -22 -24 28 -27 -28 -7 -29
right_child=5 2 3 4 -6 20 -8 15 11 -11 13 -13 17 -15 -16 -17 -18 -19 -20 -21 21 -23 24 -25 -26 26 27 29 -30 -31
leaf_value=-0.0011701130963277667 -0.00029681816824513242 0.0015251441273779385 -0.0047782314198641105 0.023585209455336938 0.0020966984898311085 0.00087340464176512654 -0.0040877226827880806 -0.0010502794724084493 0.0035777683224261789 0.012469593484541389 0.0060682185916691523 0.011355928962377962 0.0030627316577189925 0.0027391192723665476 -0.0015601542604385939 -0.0035885916167428381 0.010277400145007387 -0.0020949199195204218 0.011727674043052552 -0.0023958901018426119 0.02484499339648839 0.013994795479093845 0.012640653887540097 0.001073980860566464 -0.00058598022977096576 -0.0015004832055912896 -0.00014100039736516704 0.00056396116988628937 -2.291444090327968e-05 0.0038175996483983108
leaf_weight=6403 99 382 164 58 59 7133 541 95 88 71 66 101 147 52 189 194 88 77 87 543 51 56 91 75 836 7722 12333 586 251448 433
leaf_count=6403 99 382 164 58 59 7133 541 95 88 71 66 101 147 52 189 194 88 77 87 543 51 56 91 75 836 7722 12333 586 251448 433
internal_value=-2.87333e-05 -0.000568183 0.00136124 0.004375 0.0125214 -1.36014e-05 0.00207071 0.00430009 0.00663664 0.010625 0.00652074 0.00359788 0.00236842 0.0123729 0.00131769 0.000172413 0.00346994 0.0046463 0.00653846 -0.000567569 -2.53606e-05 0.00162759 0.00103039 0.00650794 0.000285867 -3.19155e-05 -0.000416154 5.54212e-05 -6.00617e-07 0.00245829
internal_weight=290268 7920 1517 592 117 282348 1584 1043 666 288 217 378 475 118 277 377 183 311 234 925 280764 1109 1053 126 927 279655 21074 13352 258581 1019
internal_count=290268 7920 1517 592 117 282348 1584 1043 666 288 217 378 475 118 277 377 183 311 234 925 280764 1109 1053 126 927 279655 21074 13352 258581 1019
is_linear=0
shrinkage=0.05


Tree=200
num_leaves=31
num_cat=0
split_feature=14 15 13 19 17 16 17 17 20 17 20 20 15 23 1 23 0 24 23 14 16 24 15 18 13 19 9 5 22 13
split_gain=0.985506 2.34659 1.98656 1.87784 1.84966 2.14327 1.80481 2.51272 2.70393 3.20926 2.01516 3.2483 2.22256 2.85904 4.82052 3.02852 2.9349 2.27928 1.9872 1.97031 1.96368 2.55829 2.00422 1.88185 1.7707 1.75779 1.75152 1.75004 3.24916 3.2942
threshold=27.450000000000003 76.500000000000014 10.750000000000002 4.5950000000000006 102.50000000000001 4.6500000000000012 277.50000000000006 183.50000000000003 180.30000000000004 110.50000000000001 310.25000000000006 476.35000000000008 74.500000000000014 -0.16799793862756093 4.1250000000000009 -0.9575230291762723 11.195000000000002 -0.089999999999999983 0.063390085881955341 21.950000000000003 5.2500000000000009 -1.0000000180025095e-35 69.500000000000014 9.2050000000000018 4.3500000000000005 4.2950000000000008 472.27819824218756 6.7235714285714296 0.26037272046371446 5.0500000000000007
decision_type=2 2 2 2 2 2 2 2 8 2 10 10 2 2 2 2 2 8 2 2 2 8 2 2 2 2 2 2 2 2
left_child=1 2 6 -4 -5 26 7 8 9 18 19 12 13 14 -12 -16 17 -17 -1 -9 21 22 -21 -19 -23 -20 -6 28 -8 -30
right_child=-2 -3 3 4 5 -7 27 10 -10 -11 11 -13 -14 -15 15 16 -18 23 25 20 -22 24 -24 -25 -26 -27 -28 -29 29 -31
leaf_value=0.0056238091016973454 1.0486252292680575e-05 0.00015957181103428902 -0.0026950018632396367 -0.0035234663411998998 0.0017781739447749159 -0.00061311552255820299 -0.0021972308872818575 0.0037317013905603554 -0.00094843323070024042 -0.00064813678847313 0.0086919946158035364 -0.0041645943631571439 0.0062143499550222836 0.00041264765786170254 -0.0020033144360145027 0.0071144200605547008 0.0005173565170496125 0.0029146964948413489 0.002653577527369856 0.00090440333332710444 -0.00042916693975985579 0.0063228017908704597 0.0053854320067292108 0.0081252393519530321 -0.0053111878003794782 0.0068349362521129614 0.0038272775407185398 -0.0026468180424155507 0.0041895278072007847 -0.001574977749730779
leaf_weight=108 248318 17790 2744 1505 380 5095 1614 60 6062 207 53 180 105 703 179 61 167 130 52 75 2256 50 68 60 101 89 59 1162 448 387
leaf_count=108 248318 17790 2744 1505 380 5095 1614 60 6062 207 53 180 105 703 179 61 167 130 52 75 2256 50 68 60 101 89 59 1162 448 387
internal_value=-2.61494e-05 -0.000250299 -0.000571193 -0.00112082 -0.000688309 -0.000265632 -0.000197191 0.000127251 -0.000489415 0.00322368 0.00107345 0.00244811 0.00323045 0.00268662 0.00507692 0.00379397 0.0061244 0.00954183 0.00704819 0.000210727 -1.19209e-09 0.00384354 0.00863636 0.0068421 -0.000695365 0.0109574 0.00308656 -0.0011645 -0.000406289 0.00212575
internal_weight=290268 41950 24160 9783 7039 5534 14377 10766 6518 456 4248 1638 1458 1353 650 597 418 251 249 2610 2550 294 143 190 151 141 439 3611 2449 835
internal_count=290268 41950 24160 9783 7039 5534 14377 10766 6518 456 4248 1638 1458 1353 650 597 418 251 249 2610 2550 294 143 190 151 141 439 3611 2449 835
is_linear=0
shrinkage=0.05


Tree=201
num_leaves=31
num_cat=0
split_feature=22 5 17 17 13 23 22 20 9 21 9 17 5 22 17 1 17 22 9 17 23 9 23 20 2 20 13 17 23 22
split_gain=0.944402 1.20849 1.48664 2.62641 4.72377 0.958975 1.48183 1.96897 1.56591 1.47606 1.47465 1.55885 1.48465 1.43701 2.7383 1.21235 1.09756 2.01196 2.54674 1.87517 2.58087 3.09571 4.45028 3.27509 4.00667 2.69857 3.94197 2.78404 2.18698 4.30568
threshold=-0.99985146406598202 11.467857142857145 52.500000000000007 132.50000000000003 9.4500000000000011 0.99681593486783593 0.039769539193789977 617.20000000000016 151.7052917480469 82.500000000000014 773.87631225585949 257.50000000000006 9.3150000000000013 0.056951373111866731 260.50000000000006 5.1050000000000013 326.50000000000006 0.99983759474438971 389.30609130859381 203.50000000000003 0.98332250088165762 239.27376556396487 0.98770287048522643 196.60000000000002 -0.54000000000000059 332.00000000000006 5.1500000000000012 135.50000000000003 0.5475998096715059 -0.814291907305839
decision_type=2 2 2 2 2 2 2 8 2 10 2 2 2 2 2 2 2 2 2 2 2 2 2 10 2 8 2 2 2 2
left_child=1 -1 -3 4 -4 16 7 -7 9 -9 12 -12 -8 -14 -15 -10 19 -18 -19 20 28 -22 23 -23 -25 -24 -27 -28 -2 -30
right_child=5 2 3 -5 -6 6 10 8 15 -11 11 -13 13 14 -16 -17 17 18 -20 -21 21 22 25 24 -26 26 27 -29 29 -31
leaf_value=-0.0034811582816877706 -2.4513821680331849e-05 -0.0081325314389933036 0.0065184263005443515 -0.00046117792100538009 -0.012772444463779618 -0.00037567630772671789 -0.0047278942137904895 0.0031188656202027123 0.0023975566858494375 0.002088696868682299 -0.00061272286467526239 0.0030611936088324552 -0.0028605230336512123 0.0079814301307350403 -0.0015940607458137066 -0.0014056631166255002 -0.0003979629148605002 0.0053251501698466557 -0.0043402597501219411 0.00017890954646012505 -0.00040059224591688605 -0.0014316972775509312 -0.00021957166732609816 0.0092451794563204476 0.0065414027940890731 -0.0013272296736118309 0.0035620171183601175 0.0072993947662559943 -0.011483047078251596 -0.000469936603398035
leaf_weight=797 127595 135 93 507 52 5384 1071 84 61 67 131 87 187 56 52 146 21349 108 81 103008 1251 53 682 75 134 190 240 56 710 25826
leaf_count=797 127595 135 93 507 52 5384 1071 84 61 67 131 87 187 56 52 146 21349 108 81 103008 1251 53 682 75 134 190 240 56 710 25826
internal_value=-2.61494e-05 -0.00124369 0.000146123 0.00113497 0.00706896 -1.94688e-05 -0.000584222 -0.000210729 0.00337989 0.00725165 -0.00193813 0.00188073 -0.00254759 0.000593219 0.00518518 0.000555554 -4.76381e-06 -0.000347759 0.00478836 2.3669e-05 -8.51988e-05 0.00145281 0.00304196 0.0089313 0.0117464 0.00172089 0.0045679 0.00817567 -0.000111951 -0.000524948
internal_weight=290268 1584 787 652 145 288684 7326 5742 358 151 1584 218 1366 295 108 207 281358 21538 189 259820 156812 2681 1430 262 209 1168 486 296 154131 26536
internal_count=290268 1584 787 652 145 288684 7326 5742 358 151 1584 218 1366 295 108 207 281358 21538 189 259820 156812 2681 1430 262 209 1168 486 296 154131 26536
is_linear=0
shrinkage=0.05


Tree=202
num_leaves=31
num_cat=0
split_feature=22 5 17 17 23 22 20 14 9 17 20 5 14 22 9 22 19 14 16 14 9 20 24 3 17 17 4 16 17 24
split_gain=0.995103 1.24363 1.09696 2.43561 0.985272 1.68042 1.75482 1.83381 1.37249 1.47097 1.29404 1.25086 1.22673 1.95001 1.91299 1.65012 3.63236 1.9162 1.52568 1.68121 1.64044 2.23599 2.34962 3.679 1.43608 2.93456 2.75068 2.59808 1.84839 2.01859
threshold=-0.99985146406598202 14.217857142857145 48.500000000000007 132.50000000000003 0.99681593486783593 0.039769539193789977 708.00000000000011 29.750000000000004 773.87631225585949 268.50000000000006 321.60000000000008 8.977857142857145 29.950000000000003 -0.05695216311707673 295.06581115722662 -0.022576249993022688 14.115 31.050000000000004 13.750000000000002 28.550000000000004 452.44052124023443 283.90000000000003 -0.42499999999999993 5.8616666666666681 227.50000000000003 110.50000000000001 9.0550000000000015 11.350000000000003 326.50000000000006 -0.42499999999999993
decision_type=2 2 2 2 2 2 8 2 2 2 8 2 2 2 2 2 2 2 2 2 2 10 10 2 2 2 2 2 2 10
left_child=1 -1 -3 -4 -2 6 12 -8 11 10 -10 -7 14 -14 -6 16 17 -15 20 -20 21 22 23 -16 25 -17 -27 -28 -26 -30
right_child=4 2 3 -5 5 8 7 -9 9 -11 -12 -13 13 15 18 24 -18 -19 19 -21 -22 -23 -24 -25 28 26 27 -29 29 -31
leaf_value=-0.0029602071131617862 -3.1503371322132102e-06 -0.0098234787994474562 0.0061384062525761795 -0.00019795836182140609 -0.0025762972015867616 -0.0045356655872753259 0.00015772340770537464 0.0035103078837381077 0.0015518467120658325 0.0031952042713093752 -0.0036690209804192868 -1.9767219057140526e-05 -0.0031967077444564084 -0.00087915377281431886 0.0079949850418515878 -0.0037312985087333706 0.004572259756398296 0.0024584634173159337 0.0038048371638467501 -0.00013356509154181529 -0.0019174499334607834 -0.0097354096978085908 -0.00039058381207853816 0.0013203352064610336 -0.0016799588582322958 0.0088375132368665246 -0.00072010512716488221 0.0060757841583156981 0.0034454096908230637 -0.0029608037094883432
leaf_weight=999 281358 92 95 398 1206 1042 152 109 57 72 89 324 425 416 50 222 79 436 66 72 655 92 133 83 1041 63 152 51 154 85
leaf_count=999 281358 92 95 398 1206 1042 152 109 57 72 89 324 425 416 50 222 79 436 66 72 655 92 133 83 1041 63 152 51 154 85
internal_value=-2.54604e-05 -0.00127525 0.000555554 0.00149087 -1.86028e-05 -0.000591047 -0.000193314 0.00381226 -0.00203283 0.00165137 -0.00123288 -0.00262079 -0.000384055 0.000265684 -0.00124523 0.000761392 0.00246509 0.00151408 0.000212857 0.00514493 -0.000459034 0.00226257 0.00458646 0.00928571 -0.000135748 0.00217213 0.00571428 0.00288177 -0.00101563 0.00294979
internal_weight=290268 1584 585 493 288684 7326 5742 261 1584 218 146 1366 5481 3124 2357 2699 931 852 1151 138 1013 358 266 133 1768 488 266 203 1280 239
internal_count=290268 1584 585 493 288684 7326 5742 261 1584 218 146 1366 5481 3124 2357 2699 931 852 1151 138 1013 358 266 133 1768 488 266 203 1280 239
is_linear=0
shrinkage=0.05


Tree=203
num_leaves=31
num_cat=0
split_feature=23 0 23 9 14 15 24 23 23 14 15 20 23 1 13 13 20 19 23 24 20 24 24 9 13 15 19 23 13 19
split_gain=1.10283 1.35376 1.36108 1.27675 0.976545 1.90526 1.9383 2.52541 3.67786 2.68674 2.39728 2.04379 2.77939 2.24914 2.03123 2.76818 2.14521 2.39125 1.94562 3.26274 4.15662 2.14745 2.18026 1.93114 1.92342 1.64557 1.65375 1.67922 2.33373 1.59684
threshold=0.99681593486783593 4.7550000000000008 0.99932962452255414 998.87963867187511 27.450000000000003 82.500000000000014 -0.064999999999999988 0.88917497572200743 0.92519182738459482 26.450000000000003 85.500000000000014 148.00000000000003 -0.013976481981245173 12.475000000000003 7.0500000000000007 20.550000000000004 93.65000000000002 3.8450000000000002 0.26659387353423869 -0.029999999999999995 215.70000000000002 -0.029999999999999995 0.24500000000000002 131.21736145019534 5.0500000000000007 85.500000000000014 8.9350000000000005 0.42763731121559989 18.550000000000004 3.4850000000000008
decision_type=2 2 2 2 2 2 8 2 2 2 2 8 2 2 2 2 10 2 2 10 10 10 10 2 2 2 2 2 2 2
left_child=4 2 3 -2 5 -1 7 -7 9 -9 -11 12 13 14 -8 23 -17 -18 21 20 -20 -13 24 -16 -23 -21 27 28 -27 -29
right_child=1 -3 -4 -5 -6 6 11 8 -10 10 -12 18 -14 -15 15 16 17 -19 19 25 -22 22 -24 -25 -26 26 -28 29 -30 -31
leaf_value=-0.0004352402742611092 -0.0048196981052458327 -0.00020496574599952294 -0.00042329718849485275 0.0013578601594963838 2.5168634085597783e-05 -0.00085112403231148593 -0.0019356584238063178 0.0017245556838319045 -0.000373463267654773 0.0078492706930836896 0.0025698534149332093 -0.007281523311932961 -0.00097987216492088371 -0.0020642426517913206 -0.00090662759612250869 0.0098958844380915845 0.0055628281634118211 -0.00056200232418846137 0.0030644981889450737 -0.0017623290978726553 0.011972982858401718 0.0035420348555516776 -0.0014767863168931201 0.0045548467149803991 0.0010539568098478962 0.0048287478370391728 -0.0022293534542940324 0.0026395525300301867 0.0020131082763843984 -0.00028847676756267544
leaf_weight=30338 836 5632 784 74 242016 3861 104 316 893 73 96 290 439 216 52 70 94 329 151 304 52 80 1308 427 831 51 91 77 96 287
leaf_count=30338 836 5632 784 74 242016 3861 104 316 893 73 96 290 439 216 52 70 94 329 151 304 52 80 1308 427 831 51 91 77 96 287
internal_value=-2.63217e-05 -0.000631997 -0.00187131 -0.00318681 -1.06394e-05 -0.000236526 0.000340951 -0.000342624 0.00149492 0.005 0.0100888 0.00101047 0.00242345 0.00359133 0.00452602 0.00523662 0.00260649 0.00126477 0.000334438 0.00207845 0.00780788 -0.00043643 9.23828e-05 0.00794363 0.00197036 0.000794701 0.00230897 0.00341487 0.00792517 0.00159341
internal_weight=290268 7326 1694 910 282942 40926 10588 5239 1378 485 169 5349 1731 1292 1076 972 493 423 3618 1109 203 2509 2219 479 911 906 602 511 147 364
internal_count=290268 7326 1694 910 282942 40926 10588 5239 1378 485 169 5349 1731 1292 1076 972 493 423 3618 1109 203 2509 2219 479 911 906 602 511 147 364
is_linear=0
shrinkage=0.05


Tree=204
num_leaves=31
num_cat=0
split_feature=5 22 22 18 23 17 17 9 3 11 13 20 9 18 23 22 22 21 23 17 8 17 20 15 20 20 23 21 23 0
split_gain=0.979069 1.06889 0.956749 1.15133 1.27222 4.72103 2.31482 1.714 1.61647 0.916831 1.5419 2.65902 3.57293 1.6567 1.32154 1.18048 6.85455 1.02117 1.47634 1.62129 1.83211 2.00119 1.56555 2.62419 2.02683 1.27018 1.80897 2.09679 1.05733 1.13733
threshold=3.0692857142857153 -0.93545489084327571 -0.99985146406598202 7.3950000000000005 1.0000000180025095e-35 133.50000000000003 72.500000000000014 998.87963867187511 21.558333333333341 21.23499965667725 7.5500000000000007 380.7000000000001 12.470360755920412 6.3350000000000009 -0.38243420677835349 -0.56368474752277564 -0.55657520495441892 172.50000000000003 -0.78324956448884031 173.50000000000003 2.5000000000000004 139.50000000000003 648.90000000000009 59.500000000000007 483.65000000000003 708.00000000000011 0.90803977035715633 297.50000000000006 0.91511078773075516 11.135000000000003
decision_type=2 2 2 2 2 2 2 2 2 2 2 10 2 2 2 2 2 10 2 2 2 2 10 2 10 10 2 8 2 2
left_child=1 -1 3 -2 7 6 -6 -5 -9 17 13 -12 -13 14 -11 -15 -17 -4 -19 20 21 28 23 -23 -25 -21 -27 -28 29 -20
right_child=2 -3 9 4 5 -7 -8 8 -10 10 11 12 -14 15 -16 16 -18 18 19 25 -22 22 -24 24 -26 26 27 -29 -30 -31
leaf_value=-0.0077905817034600172 -0.0042688335408146766 -0.00060247814235519939 -6.0230647352382006e-06 -0.0058326976887506697 0.0021323998454206047 -0.0019421603830569564 0.007887034820593981 0.010622014213234858 -0.0020273570352600115 0.022270352982384181 0.0010656097126691382 0.013924188887958128 0.00092587646784777285 -0.00047773503719841207 0.0021031964058909614 0.013267087219326866 0.00081835887366488646 -0.0016354645883764466 -0.00057352126026461846 -0.0015823978993314048 -0.0015210944526234287 0.010926196015484063 0.0017712119822894555 0.0070671782240655434 -0.00020747339268136785 -0.0026988500241519522 0.0050828971664616052 0.00087031888210889702 0.0033610288527434295 0.0028296221293103736
leaf_weight=204 580 970 275060 370 64 319 69 94 88 53 433 85 78 2973 75 65 1041 2626 813 1802 763 55 420 50 90 194 51 140 82 561
leaf_count=204 580 970 275060 370 64 319 69 94 88 53 433 85 78 2973 75 65 1041 2626 813 1802 763 55 420 50 90 194 51 140 82 561
internal_value=-2.40824e-05 -0.00146508 -1.82306e-05 -0.00124369 -0.000219125 0.00174779 0.00966165 -0.00182971 0.00214286 -1.14791e-05 0.000673536 0.00305369 0.00849693 0.000336343 0.0059375 0.000160577 0.00155515 -2.3117e-05 -0.000593044 -9.06206e-05 0.000698658 0.0014703 0.00386179 0.0075641 0.00392857 -0.0011134 0.00149351 0.00494764 0.000460164 0.000131003
internal_weight=290268 1174 289094 1584 1004 452 133 552 182 287510 4803 596 163 4207 128 4079 1106 282707 7647 5021 2834 2071 615 195 140 2187 385 191 1456 1374
internal_count=290268 1174 289094 1584 1004 452 133 552 182 287510 4803 596 163 4207 128 4079 1106 282707 7647 5021 2834 2071 615 195 140 2187 385 191 1456 1374
is_linear=0
shrinkage=0.05


Tree=205
num_leaves=31
num_cat=0
split_feature=23 23 15 20 5 1 20 1 23 15 18 23 23 23 21 5 4 21 2 16 24 18 9 18 19 24 9 23 2 18
split_gain=0.989769 0.993654 3.84103 3.7258 2.12021 3.08889 2.41527 2.53321 2.22045 2.17281 2.14938 4.59194 2.87816 1.69504 1.6386 2.44455 1.63572 2.87044 1.7451 2.15512 3.61558 2.15422 2.27948 1.67578 1.4677 1.37235 1.40509 1.24595 1.88235 1.68448
threshold=0.99681593486783593 0.9863035000474919 62.500000000000007 204.30000000000004 4.1892857142857158 3.0250000000000004 207.80000000000004 5.8350000000000009 0.99445195900249039 69.500000000000014 6.5650000000000004 0.99138911339924218 0.99024581825578073 0.99530134160901229 227.50000000000003 5.9978571428571446 24.635000000000002 27.500000000000004 -0.0899999999999994 12.550000000000002 -0.40499999999999997 4.9650000000000007 266.61647033691412 6.1750000000000007 5.7650000000000006 -0.55499999999999983 291.71234130859381 0.99349222267034787 -2.5299999999999998 3.7950000000000004
decision_type=2 2 2 8 2 2 10 2 2 2 2 2 2 2 8 2 2 10 2 2 10 2 2 2 2 10 2 2 2 2
left_child=1 -1 14 -4 -5 24 7 13 10 -8 11 -9 -12 -7 -3 -16 18 -18 21 -20 23 22 -11 -21 -6 -25 -27 28 -24 -30
right_child=-2 2 3 4 5 6 9 8 -10 16 12 -13 -14 -15 15 -17 17 -19 19 20 -22 -23 27 25 -26 26 -28 -29 29 -31
leaf_value=-2.6162499517565913e-05 -0.00046301140535493922 -0.0020483407166704821 -0.0018935459747646335 -0.0034719430888743605 0.0047701518072747195 -0.0013832199256228641 9.2786798932985448e-06 0.0029823591692688888 -0.0013144611008264456 -0.0043310356730941963 0.0087148692358681827 0.010356343686095369 0.00044866504591605855 0.0032735699121334049 -0.0032104933473875922 0.0043749193002073665 0.0079350366435719973 -0.0019443502003343082 0.0012259098961733663 -0.0020084025037290405 0.0062445999695484996 -0.0007777637007237131 -0.0026266292652585869 0.0069615973790760682 0.0018202435920931877 0.0032044145621081752 9.3633801629574776e-05 0.0033939457387504295 0.012826081617513635 0.0010586786290640172
leaf_weight=275022 7326 1612 877 316 58 218 1884 75 77 58 57 68 110 94 114 121 57 52 642 83 72 725 74 70 50 51 114 61 54 76
leaf_count=275022 7326 1612 877 316 58 218 1884 75 77 58 57 68 110 94 114 121 57 52 642 83 72 725 74 70 50 51 114 61 54 76
internal_value=-2.40824e-05 -9.2257e-06 0.000542928 0.00115017 0.00165897 0.00191598 0.00172674 0.00444206 0.0071447 0.00126074 0.00903226 0.0135315 0.00517964 0.00108974 -0.00145371 0.00244681 0.00233211 0.00830275 0.00201923 0.00347868 0.00641026 0.00058206 0.00397833 0.0041195 0.0102778 0.00627659 0.00378788 0.0059434 0.00406863 0.00769231
internal_weight=290268 282942 7920 6073 5196 4880 4772 699 387 4073 310 143 167 312 1847 235 2189 109 2080 1032 390 1048 323 318 108 235 165 265 204 130
internal_count=290268 282942 7920 6073 5196 4880 4772 699 387 4073 310 143 167 312 1847 235 2189 109 2080 1032 390 1048 323 318 108 235 165 265 204 130
is_linear=0
shrinkage=0.05


Tree=206
num_leaves=31
num_cat=0
split_feature=23 0 16 17 17 17 23 9 23 20 2 20 23 23 2 17 23 9 23 24 23 24 20 14 20 2 1 24 23 23
split_gain=0.962843 1.19053 1.77092 1.0001 1.80874 1.79634 2.2907 3.05051 4.04181 3.05376 3.84535 2.39849 1.96313 3.8578 3.33295 4.47685 2.76938 5.67374 6.20522 4.92321 5.60412 4.3527 4.38723 5.775 3.74717 6.73745 2.88009 2.75937 6.69055 2.75834
threshold=0.99681593486783593 4.7550000000000008 5.0500000000000007 326.50000000000006 329.50000000000006 203.50000000000003 0.98332250088165762 239.27376556396487 0.98770287048522643 196.60000000000002 -0.54000000000000059 332.00000000000006 0.5475998096715059 0.60383265664488517 4.3600000000000048 96.500000000000014 0.3484035575467645 417.44560241699224 0.38043945030393422 -0.89499999999999991 0.36447543099728863 1.6100000000000003 185.70000000000002 26.150000000000002 137.60000000000002 1.0400000000000005 9.3550000000000022 1.8150000000000002 0.41202506375868281 0.45847758937963173
decision_type=2 2 2 2 2 2 2 2 2 10 2 8 2 2 2 2 2 2 2 10 2 10 8 2 10 2 2 10 2 2
left_child=3 2 -2 5 -5 6 12 -8 9 -9 -11 -10 16 14 -14 -16 -1 19 24 20 -18 22 23 -20 25 -19 -25 -21 -29 -30
right_child=1 -3 -4 4 -6 -7 7 8 11 10 -12 -13 13 -15 15 -17 17 18 21 27 -22 -23 -24 26 -26 -27 -28 28 29 -31
leaf_value=-0.00010676037713397878 0.0041552639492036438 -0.00018025589557666896 -0.0024956219175221706 -0.0018881846416177379 -0.00022037750595060651 0.00017078528919692114 -0.00031573594615046764 -0.0013436587989495321 -0.00016492484335524609 0.0087834288468693865 0.006173942182591729 0.003333422599302869 -0.0041258098643964384 -0.00034389733486955219 -0.0054502910152128756 0.012369649195234637 0.0074128614362442549 0.009609034910937217 -0.0018120864617814675 -0.00066543059923276655 0.0024168819574571718 0.012090061937165705 -0.00024368681438855517 0.0067573084420397434 0.0039857196925197694 0.0050685057746546512 0.011333445643416753 -0.0046288237725745467 0.0068048328902571139 0.002809454762115571
leaf_weight=118317 74 5632 1620 1860 19748 103397 1251 53 682 75 134 486 2680 23714 85 57 83 62 121 6459 291 87 1089 108 159 87 66 501 440 850
leaf_count=118317 74 5632 1620 1860 19748 103397 1251 53 682 75 134 486 2680 23714 85 57 83 62 121 6459 291 87 1089 108 159 87 66 501 440 850
internal_value=-2.51159e-05 -0.000591047 -0.00175325 -1.04627e-05 -0.000337376 1.65676e-05 -8.94989e-05 0.00135957 0.00293706 0.00854962 0.0112679 0.00167808 -0.000114522 -0.000506106 -0.00225372 0.00521127 -3.37955e-05 0.000748341 0.00331928 0.000217995 0.00582888 0.00196805 0.00128613 0.00669491 0.00977273 0.0154698 0.0125287 -3.63648e-05 0.00170017 0.00360465
internal_weight=290268 7326 1694 282942 21608 261334 157937 2681 1430 262 209 1168 155256 26536 2822 142 128720 10403 1779 8624 374 1471 1384 295 308 149 174 8250 1791 1290
internal_count=290268 7326 1694 282942 21608 261334 157937 2681 1430 262 209 1168 155256 26536 2822 142 128720 10403 1779 8624 374 1471 1384 295 308 149 174 8250 1791 1290
is_linear=0
shrinkage=0.05


Tree=207
num_leaves=31
num_cat=0
split_feature=22 19 13 13 9 20 24 14 24 22 1 13 23 23 9 20 9 22 15 24 23 23 9 24 23 23 17 3 22 4
split_gain=0.948147 1.10359 1.15287 1.5074 0.930799 1.46926 1.67714 2.63292 2.69396 8.086 3.3485 3.66465 2.7906 4.45874 3.02263 2.91861 3.99132 3.3215 2.69245 3.82445 2.67836 2.95083 2.54258 2.70893 4.02356 3.84787 4.16289 4.06809 3.23431 2.63195
threshold=-0.99985146406598202 7.4250000000000007 10.15 7.9500000000000011 44.421846389770515 504.50000000000006 0.24500000000000002 32.250000000000007 -0.43999999999999995 0.3261394409934788 5.5250000000000012 5.5500000000000007 -0.27694043983797384 -0.30982845708428081 344.76246643066412 276.60000000000008 695.77572631835949 0.89404822654372251 58.500000000000007 -0.22499999999999995 0.85561368268953431 0.87709077819680659 395.71284484863287 -0.77999999999999992 0.98770287048522643 0.98486764554468398 216.50000000000003 4.3850000000000007 -0.35846811432664222 8.4650000000000016
decision_type=2 2 2 2 2 10 10 2 8 2 2 2 2 2 2 8 2 2 2 10 2 2 2 10 2 2 2 2 2 2
left_child=1 -1 3 -3 -2 6 7 8 9 22 11 18 13 15 20 17 -17 -13 19 -10 -14 -22 -6 -24 25 27 -27 28 -25 -28
right_child=4 2 -4 -5 5 -7 -8 -9 10 -11 -12 12 14 -15 -16 16 -18 -19 -20 -21 21 -23 23 24 -26 26 29 -29 -30 -31
leaf_value=-0.0041977049709137019 0.00018195701670707253 0.00011598300299253643 -0.0028601831963527727 0.006202868135746548 -0.00022122673354608055 -0.00064025066744733566 -0.00023690094204269118 -0.0011366819183799017 0.00023853989563470875 -0.0029999742894609941 0.00012788965509908775 -0.00062650217919389282 -0.0021692352437235715 0.0050860460726625265 0.00090749018803027912 0.0020107371087019236 0.0070568479118399479 0.010484380252050932 0.0012505362373667784 0.0052888477492033801 0.0084699862236453857 0.0003280381959854231 -0.0005584192345973615 0.0076947455979721876 -0.00050090532893880821 0.0068467037088364296 0.0052165832712576417 0.00092528366222810248 0.0022715277588178915 -0.00028592494028072558
leaf_weight=603 50651 550 345 86 29514 9025 83335 7517 473 4537 75588 1812 3465 137 3711 1775 102 62 4637 795 63 411 2845 197 2234 73 133 4752 719 121
leaf_count=603 50651 550 345 86 29514 9025 83335 7517 473 4537 75588 1812 3465 137 3711 1775 102 62 4637 795 63 411 2845 197 2234 73 133 4752 719 121
internal_value=-2.37379e-05 -0.00124369 -0.000208972 0.00105346 -1.7044e-05 -5.84595e-05 -3.37991e-05 6.85427e-05 0.000118126 -0.000198893 0.000271897 0.000896347 0.000377881 0.00146862 -0.000176472 0.00114503 0.00253862 -0.000250802 0.0019094 0.0039511 -0.00114115 0.00238397 2.4883e-05 0.00067094 0.00113076 0.00180567 0.00707951 0.00150141 0.0045524 0.00405512
internal_weight=290268 1584 981 636 288684 238033 229008 145673 138156 45125 93031 17443 11538 3888 7650 3751 1877 1874 5905 1268 3939 474 40588 11074 8229 5995 327 5668 916 254
internal_count=290268 1584 981 636 288684 238033 229008 145673 138156 45125 93031 17443 11538 3888 7650 3751 1877 1874 5905 1268 3939 474 40588 11074 8229 5995 327 5668 916 254
is_linear=0
shrinkage=0.05


Tree=208
num_leaves=31
num_cat=0
split_feature=5 19 0 18 0 20 14 2 3 16 14 21 17 15 19 14 9 2 20 9 17 20 9 19 9 5 17 3 1 1
split_gain=0.954299 3.07044 3.30873 4.24486 2.87023 2.38835 2.34618 2.6102 3.55942 3.74109 2.29268 1.97215 1.86027 1.84852 2.5128 1.83729 1.77978 1.64944 2.74225 1.60803 2.07874 1.77295 1.65405 2.31484 1.59813 1.92606 1.57264 1.78215 1.55848 1.55511
threshold=7.9207142857142872 7.9750000000000005 8.3250000000000011 6.8450000000000006 9.9050000000000029 431.60000000000008 31.750000000000004 4.8100000000000023 4.3283333333333349 10.750000000000002 30.650000000000002 12.500000000000002 169.50000000000003 76.500000000000014 5.6350000000000007 26.750000000000004 11.649849414825441 -1.2849999999999999 593.00000000000011 402.74378967285162 2.5000000000000004 107.2 600.63439941406261 4.0750000000000011 200.50074768066409 5.861428571428573 58.500000000000007 7.205000000000001 4.3550000000000013 12.475000000000003
decision_type=2 2 2 2 2 10 2 2 2 2 2 8 2 2 2 2 2 2 10 2 2 8 2 2 2 2 2 2 2 2
left_child=4 2 5 -4 6 -2 7 11 -9 -10 -5 12 -1 14 15 -13 -17 -18 -19 21 -21 -15 23 -22 -8 -26 27 -16 -3 -14
right_child=1 28 3 10 -6 -7 24 8 9 -11 -12 13 29 19 26 16 17 18 -20 20 22 -23 -24 -25 25 -27 -28 -29 -30 -31
leaf_value=-0.00029504753323115356 9.9090017965896987e-05 0.0036188998819626015 0.0021245383635508344 0.000956618843337813 -0.0012091273491600719 -0.0018313304865849732 0.00097228906409732281 0.0058348508348689812 -0.00010906919246058808 0.0061777748406738209 -0.00013330764754599465 -0.0020268309994342696 0.00067846686121293307 0.0040641413896111769 -0.0015777301289248023 0.0071090875455822105 -0.0014664137308413947 -0.00034262465642787249 0.0051079651856258393 0.0088447710923519728 0.0036853061561887704 -0.00036822020111793437 0.00013456978152971284 0.00089459391749797826 -0.0022649167752249121 0.00046785728835150209 2.5835633669533932e-06 0.00056512705579401439 -0.00012486810602388058 0.0033598735972361037
leaf_weight=8333 23314 485 6168 10979 7558 2294 10533 54 448 108 10118 4270 12463 209 4952 112 7997 16433 53 55 610 9223 4688 1768 1558 2429 34337 1699 106957 63
leaf_count=8333 23314 485 6168 10979 7558 2294 10533 54 448 108 10118 4270 12463 209 4952 112 7997 16433 53 55 610 9223 4688 1768 1558 2429 34337 1699 106957 63
internal_value=-2.40824e-05 5.75418e-05 0.000369469 0.000752795 -0.000124777 -3.8661e-05 -6.63846e-05 -0.000146699 0.00311475 0.00192446 0.000415461 -0.000165246 0.000271105 -0.000270584 -0.000383163 -0.000740517 -0.000574305 -0.000603073 -0.00031724 0.000204493 0.00077166 -0.000223708 0.000696291 0.00177039 0.000530302 -0.000322299 -0.000131503 -0.000835214 -9.59599e-05 0.000656234
internal_weight=290268 160315 52873 27265 129953 25608 122395 107875 610 556 21097 107265 20859 86406 69853 28865 24595 24483 16486 16553 7121 9432 7066 2378 14520 3987 40988 6651 107442 12526
internal_count=290268 160315 52873 27265 129953 25608 122395 107875 610 556 21097 107265 20859 86406 69853 28865 24595 24483 16486 16553 7121 9432 7066 2378 14520 3987 40988 6651 107442 12526
is_linear=0
shrinkage=0.05


Tree=209
num_leaves=31
num_cat=0
split_feature=14 15 21 13 14 20 18 18 17 16 24 21 20 17 23 23 3 17 20 13 24 18 9 15 23 13 3 24 14 9
split_gain=1.0034 1.91001 2.04022 1.78348 2.73818 2.11484 2.12446 1.75468 1.73987 1.81137 2.09086 2.08394 1.78602 1.77598 1.70352 2.45199 3.02173 1.50865 2.36862 2.34898 1.36126 1.53181 1.34433 3.66249 1.92157 1.396 1.2822 2.11372 1.89574 1.57301
threshold=27.450000000000003 77.500000000000014 16.900000000000002 4.4500000000000011 22.350000000000005 125.30000000000003 6.8450000000000006 9.1550000000000029 271.50000000000006 10.65 2.0250000000000004 72.500000000000014 294.90000000000003 297.50000000000006 0.97648852793709995 0.98770287048522643 4.6483333333333352 209.50000000000003 243.20000000000002 9.4500000000000011 -0.064999999999999988 5.8050000000000006 110.43804168701173 60.500000000000007 0.029024409397335523 19.350000000000005 5.9350000000000014 0.16500000000000004 24.650000000000002 434.05938720703131
decision_type=2 2 10 2 2 8 2 2 2 2 10 10 10 2 2 2 2 2 10 2 10 2 2 2 2 2 2 10 2 2
left_child=1 2 3 4 -1 6 -5 -4 -3 10 -10 12 20 -14 -7 16 -16 18 19 -17 -11 -22 -9 24 -24 -25 27 28 29 -6
right_child=-2 8 7 5 26 14 -8 22 9 11 -12 -13 13 -15 15 17 -18 -19 -20 -21 21 -23 23 25 -26 -27 -28 -29 -30 -31
leaf_value=0.0036851547608486345 1.0946161980128165e-05 -9.777642598312305e-05 -0.0020605200857960679 -2.700624143921267e-05 0.0059834502810822065 -0.00093683141124967879 0.0039130261801045008 -0.0014952793799389043 0.00029392729304983996 0.00052385497863678806 0.0032584901394903647 -0.0015571323596372442 0.0043790412280579312 0.0014907298405362026 0.0079462727776641786 0.0044902160285670255 0.0018896169171726636 -0.0023794119060010065 -0.0061997163092800574 0.00078009798034266381 0.00052031585445883142 0.0044336786937353911 0.0095338213845367024 -0.00083888369542258726 0.0023471818290709619 0.0037614500752850902 -0.00042888938093371253 -0.0011091938940418502 0.0015763524994141355 0.00034437978757489415
leaf_weight=136 248318 12203 5025 109 137 12674 83 462 3485 279 82 218 69 59 52 69 236 388 94 116 84 130 51 432 51 85 3100 824 1153 64
leaf_count=136 248318 12203 5025 109 137 12674 83 462 3485 279 82 218 69 59 52 69 236 388 94 116 84 130 51 432 51 85 3100 824 1153 64
internal_value=-2.76997e-05 -0.000253875 -0.000527013 -0.000274241 0.000495012 -0.000575575 0.00463542 -0.00132329 0.000162862 0.00101452 0.000522847 0.00310489 0.00458132 0.00984375 -0.000648985 0.00138743 0.00524305 -0.000277363 0.00252688 0.00581081 0.00321501 0.00621495 0.000504162 0.00202746 0.0106863 0.000319148 0.000314512 0.00124426 0.00245938 0.0069403
internal_weight=290268 41950 25341 19235 5414 13821 192 6106 16609 4406 3567 839 621 128 13629 955 288 667 279 185 493 214 1081 619 102 517 5278 2178 1354 201
internal_count=290268 41950 25341 19235 5414 13821 192 6106 16609 4406 3567 839 621 128 13629 955 288 667 279 185 493 214 1081 619 102 517 5278 2178 1354 201
is_linear=0
shrinkage=0.05


Tree=210
num_leaves=31
num_cat=0
split_feature=13 22 5 15 0 24 24 22 15 22 18 23 23 24 20 20 1 22 24 22 5 22 22 15 23 22 19 16 20 17
split_gain=0.899463 1.66712 2.17385 2.19167 2.511 1.96251 1.8066 2.43459 2.2697 2.06177 2.45606 3.54725 2.46753 6.92415 3.26022 1.95417 2.95764 1.72801 3.77443 3.31672 1.80888 1.67389 2.86565 2.79628 2.15564 5.52619 2.8 2.10938 1.94139 1.88981
threshold=23.950000000000003 0.99939377080793557 6.0307142857142875 83.500000000000014 8.3650000000000002 -0.22499999999999995 -0.064999999999999988 -0.98214942551678475 63.500000000000007 0.074116354202380205 7.6350000000000007 0.99249573635719013 -0.95242240592625282 1.3800000000000001 1.0000000180025095e-35 348.00000000000006 6.995000000000001 0.79904096188274243 -0.24999999999999997 0.52766072109828632 8.7321428571428594 0.55656748448714433 0.58481550752069722 67.500000000000014 -0.67801649466304881 0.70290292807158605 4.1850000000000014 9.0500000000000025 107.2 62.500000000000007
decision_type=2 2 2 2 2 10 10 2 2 2 2 2 2 10 10 10 2 2 8 2 2 2 2 2 2 2 2 2 10 2
left_child=-1 5 -3 4 -4 17 15 -8 -9 -10 11 12 13 14 -11 -7 -17 18 -2 -20 -21 -14 -23 29 25 -25 27 -27 -28 -24
right_child=1 2 3 -5 -6 6 7 8 9 10 -12 -13 21 -15 -16 16 -18 -19 19 20 -22 22 23 24 -26 26 28 -29 -30 -31
leaf_value=2.0924192656903259e-06 0.00015685379871411873 -0.0075033803148752652 0.0045940954290280929 -0.0021524764511091244 -0.0011703808828418421 -0.0032054076106923591 0.0090822827961032776 -0.002799761144206507 -0.0014376732099254377 0.0043713821046824754 -0.001273242953888651 0.0059005723057205901 -0.0018737352509162215 0.012102951764419362 -0.002223941964775386 0.0084795309614251399 -0.00043040517833767592 -0.0065935345391618027 0.011264710277010155 -0.0050061167747281598 0.0071885175065642517 0.0032478144760864861 0.0061508529013709736 -0.0035117935472145853 -0.00060882319754616452 0.0079444022744896009 0.0073055857610196664 0.0037793807267206634 -0.0036968350144032675 0.0019282853725031898
leaf_weight=262467 9708 65 155 52 63 1968 186 2030 2980 121 3123 86 1135 67 259 50 212 402 50 70 118 95 165 377 3437 96 51 64 74 542
leaf_count=262467 9708 65 155 52 63 1968 186 2030 2980 121 3123 86 1135 67 259 50 212 402 50 70 118 95 165 377 3437 96 51 64 74 542
internal_value=-2.6494e-05 -0.000296933 0.00320895 0.00518518 0.00738532 -0.000339694 -0.000668304 -0.000469507 -0.000541424 -0.000292773 6.08738e-05 0.000609681 0.000475859 0.0040604 0.00144737 -0.00199552 0.00206107 0.000203903 0.000333801 0.00655462 0.00351064 0.000210403 0.000611099 0.000441114 -5.97719e-05 0.00255287 0.00780702 0.0121875 0.0022 0.00334512
internal_weight=290268 27801 335 270 218 27466 17118 14888 14702 12672 9692 6569 6483 447 380 2230 262 10348 9946 238 188 6036 4901 4806 4099 662 285 160 125 707
internal_count=290268 27801 335 270 218 27466 17118 14888 14702 12672 9692 6569 6483 447 380 2230 262 10348 9946 238 188 6036 4901 4806 4099 662 285 160 125 707
is_linear=0
shrinkage=0.05


Tree=211
num_leaves=31
num_cat=0
split_feature=0 2 2 5 3 0 22 15 2 23 16 3 20 3 18 22 17 9 24 2 9 22 22 9 20 22 24 15 4 22
split_gain=0.886022 2.00321 3.64931 2.98652 0.900107 2.7737 0.929686 2.63977 2.02499 2.27692 2.3213 1.96034 2.84259 5.961 2.22052 2.116 1.79132 1.72517 2.34981 1.62336 3.10499 1.49679 8.19498 5.86062 5.71749 4.24849 15.56 8.88065 4.62018 3.86436
threshold=1.9350000000000003 -0.12999999999999942 -0.050000000000000482 5.0435714285714299 2.8916666666666671 5.0550000000000006 0.99761913169647187 61.500000000000007 3.2549999999999999 0.029024409397335523 8.0500000000000025 6.0050000000000017 132.00000000000003 9.0316666666666681 6.1250000000000009 0.99865421017599998 68.500000000000014 483.01396179199224 0.095000000000000015 1.7500000000000004 902.01257324218761 0.90162119223771331 0.88220160189607266 246.29627990722659 159.70000000000002 0.9053161325100999 0.36500000000000005 62.500000000000007 7.6450000000000005 0.99552231814189451
decision_type=2 2 2 2 2 2 2 2 2 2 2 2 10 2 2 2 2 2 10 2 2 2 2 2 10 2 10 2 2 2
left_child=1 -1 3 -3 5 -2 21 -8 9 10 -9 -12 13 16 15 -14 -13 18 -17 -16 -21 22 -6 25 -24 26 -23 -28 -29 -25
right_child=4 2 -4 -5 6 -7 7 8 -10 -11 11 12 14 -15 19 17 -18 -19 -20 20 -22 23 24 29 -26 -27 27 28 -30 -31
leaf_value=-0.0049307611618406751 -0.0015796771257984125 0.00038700710565045272 -0.0047856727069932152 0.0071332327207039433 -5.6284236488932729e-06 0.0041591521561811671 -0.0034709935571584673 -0.00092601572030511783 -0.0046214170333907963 -0.00179618593297038 -0.00072080046816709175 0.0046724510176217263 -0.0041460187480771493 0.0065160859150856371 0.00018400856706345104 0.010892997956070762 -0.0017005222728333335 0.0017749835971929678 0.0086885445569483809 0.0017759952896649379 0.0045775986483449823 -0.0078002999184789909 0.0010175231541920003 0.0017633090914953402 -0.005154597565053134 -0.00038728119699790487 -0.0010993579697746573 0.013338364443189915 0.0091905227464868042 -0.0020300614318329332
leaf_weight=908 1655 55 117 52 242489 53 1261 1098 531 1221 515 71 50 55 1001 54 88 78 68 149 54 337 1106 11403 2830 21915 112 75 181 686
leaf_count=908 1655 55 117 52 242489 53 1261 1098 531 1221 515 71 50 55 1001 54 88 78 68 149 54 337 1106 11403 2830 21915 112 75 181 686
internal_value=-2.61494e-05 -0.00142226 0.0028125 0.00948598 -2.06835e-05 -0.00116511 -1.38829e-05 -0.000614872 -0.000102326 0.000242113 0.00092807 0.00187128 0.00270384 0.00808411 0.00191197 0.0062 0.0031761 0.0085 0.0122131 0.00102159 0.00509852 -4.28035e-07 -4.37265e-05 0.00030698 -0.00230691 -0.000167994 0.00365248 0.0107609 0.0158984 0.00119571
internal_weight=290268 1132 224 107 289136 1708 287428 6294 5033 4502 3281 2183 1668 214 1454 250 159 200 122 1204 203 281134 246425 34709 3936 22620 705 368 256 12089
internal_count=290268 1132 224 107 289136 1708 287428 6294 5033 4502 3281 2183 1668 214 1454 250 159 200 122 1204 203 281134 246425 34709 3936 22620 705 368 256 12089
is_linear=0
shrinkage=0.05


Tree=212
num_leaves=31
num_cat=0
split_feature=13 24 24 20 1 20 23 23 20 23 2 4 24 13 23 9 3 20 23 24 9 13 23 13 23 18 15 23 23 23
split_gain=0.952664 1.70171 1.91316 1.58423 2.14726 1.56123 1.79179 2.60979 6.85382 1.48156 1.46883 2.18452 1.51684 1.45716 1.4493 2.22132 3.30933 2.10216 1.91042 2.93471 2.31304 1.77609 1.6241 2.74231 2.49921 2.1601 1.91894 1.86796 1.5606 2.89832
threshold=23.950000000000003 -0.22499999999999995 -0.064999999999999988 348.00000000000006 6.995000000000001 185.70000000000002 0.42763731121559989 0.41202506375868281 204.30000000000004 -0.99273797715557011 -0.54000000000000059 7.9650000000000007 0.53000000000000014 32.95000000000001 -0.091258822863740666 409.80174255371099 8.6883333333333344 200.30000000000004 0.60383265664488517 -0.24999999999999997 504.91798400878912 24.550000000000004 0.71952396275653763 27.350000000000005 0.68274389090025245 6.3750000000000009 70.500000000000014 0.6174544326165855 0.75438814418115718 0.82777578779003613
decision_type=2 10 10 10 2 8 2 2 10 2 2 2 10 2 2 2 2 10 2 10 2 2 2 2 2 2 2 2 2 2
left_child=-1 14 3 -3 -5 10 7 9 -9 -7 11 12 -4 -14 15 21 17 -17 -16 22 -21 -2 23 -20 27 -26 -24 -25 -28 -30
right_child=1 2 5 4 -6 6 -8 8 -10 -11 -12 -13 13 -15 18 16 -18 -19 19 20 -22 -23 26 24 25 -27 28 -29 29 -31
leaf_value=3.1931985087950648e-06 0.0089217765003596176 -0.0030448558089753021 0.00025334659355482502 0.0080558358345363384 -0.00040860349823834447 -0.0029422978792906329 -0.0019497544290335619 -0.0028249279218487576 0.011281245547577366 -0.0002351725133492254 -0.00052486683244542067 0.00067590366985346875 0.0011318439241328935 0.0068198545848690466 -0.0013812584083676411 0.0031165433529388711 -0.00020735066909731165 0.0051289344754691657 -0.0024829950245345289 0.0044034912973991832 0.0090089834817959902 0.00027392622086447923 -0.002109244938273345 0.0063917016392235834 0.012823696038298901 0.0019452625803317105 -0.005573527709552344 -0.00098735898081098845 0.0048611644806953111 0.00037938488036996451
leaf_weight=262467 91 1968 74 50 212 618 3508 104 66 8721 981 991 84 76 2421 50 94 69 261 150 78 1577 2138 56 78 59 268 180 293 2485
leaf_count=262467 91 1968 74 50 212 618 3508 104 66 8721 981 991 84 76 2421 50 94 69 261 150 78 1577 2138 56 78 59 268 180 293 2485
internal_value=-2.58049e-05 -0.000304127 -0.000605341 -0.0019731 0.00167939 -0.00040498 -0.00061343 -0.000257126 0.00588235 -0.000368884 0.000825021 0.00197959 0.00632479 0.0090625 0.000203903 0.00145933 0.0062676 0.0118067 -7.49982e-05 0.000400263 0.00596491 0.000845323 0.000182192 0.00257098 0.00532171 0.0106934 -0.000109955 0.00220339 0.000695994 0.00104752
internal_weight=290268 27801 17453 2230 262 15223 13017 9509 170 9339 2206 1225 234 160 10348 1881 213 119 8467 6046 228 1668 5818 634 373 137 5184 236 3046 2778
internal_count=290268 27801 17453 2230 262 15223 13017 9509 170 9339 2206 1225 234 160 10348 1881 213 119 8467 6046 228 1668 5818 634 373 137 5184 236 3046 2778
is_linear=0
shrinkage=0.05


Tree=213
num_leaves=31
num_cat=0
split_feature=14 15 21 4 19 16 20 24 15 15 14 5 4 19 23 23 18 20 22 14 24 16 23 1 22 23 23 9 20 18
split_gain=0.955806 1.74675 2.38834 2.11528 1.97824 1.71103 2.43186 3.19551 1.62992 1.62685 2.1611 2.79728 1.81238 2.01561 1.45816 4.09002 3.51351 4.53367 2.36613 3.03293 2.66255 2.40519 2.04565 2.01891 2.09054 1.80658 1.78236 2.53396 2.76292 2.32007
threshold=27.450000000000003 71.500000000000014 16.900000000000002 12.725000000000003 19.595000000000002 4.2500000000000009 180.30000000000004 0.53000000000000014 61.500000000000007 64.500000000000014 25.650000000000002 7.0835714285714309 5.495000000000001 3.4850000000000008 0.89309379682046119 0.92519182738459482 3.3250000000000006 196.60000000000002 -0.40614700388750385 27.250000000000004 -0.49499999999999994 6.9500000000000011 0.96407344085605606 5.0550000000000006 -0.159513159777915 0.86869874770991873 0.8511460603353429 673.84381103515636 175.10000000000002 7.9850000000000012
decision_type=2 2 8 2 2 2 10 10 2 2 2 2 2 2 2 2 2 10 2 2 10 2 2 2 2 2 2 2 8 2
left_child=1 2 3 4 5 6 -1 -8 -4 10 11 12 -7 -14 25 16 17 -16 -18 20 -20 -22 -17 -24 -25 26 -3 28 -28 -30
right_child=-2 14 8 -5 -6 9 7 -9 -10 -11 -12 -13 13 -15 15 22 18 -19 19 -21 21 -23 23 24 -26 -27 27 -29 29 -31
leaf_value=0.008330951349849099 1.3820624062134825e-05 -9.7161163969953297e-05 0.00011349301491827102 -0.0017168702694147929 0.0044109545776526982 -0.0048214345865768039 -0.0039700386241637601 0.0068394247810550594 -0.002294095713290908 -0.00062614550775008388 1.4241328931440667e-05 -0.00059110769803231468 0.0069511565601816641 0.0050606744361982505 0.0013059832400310273 -0.0024678213265619119 -0.0061875779358644065 0.0071084745167384021 -7.7056252105874793e-05 0.0088795527554637373 0.00017766002552083873 0.005507796651703754 -0.00092393999548095486 -0.0041684878150331324 0.0018393183897732553 -0.0037151985679517055 0.0069722053558157835 -0.0016535266783649111 -0.00027182961909238084 0.0079923238686042068
leaf_weight=62 248318 18912 1262 2643 60 63 128 55 4379 4812 3454 378 53 532 67 1097 123 52 367 66 107 164 683 235 1139 672 60 152 111 62
leaf_count=62 248318 18912 1262 2643 60 63 128 55 4379 4812 3454 378 53 532 67 1097 123 52 367 66 107 164 683 235 1139 672 60 152 111 62
internal_value=-2.59772e-05 -0.000246723 -0.000621051 -0.000228759 0.000116181 5.92418e-05 0.00418367 0.00128415 -0.00147226 -4.95061e-05 0.00063616 0.00265107 0.00464506 0.00551282 3.1367e-05 0.000890243 0.00377378 0.0118067 0.00261789 0.00373579 0.00268025 0.00643911 2.53634e-05 0.000955273 0.00205968 -0.000144976 -5.62275e-05 0.00331169 0.00658798 0.0033815
internal_weight=290268 41950 17881 12240 9597 9537 245 183 5641 9292 4480 1026 648 585 24069 4100 946 119 827 704 638 271 3154 2057 1374 19969 19297 385 233 173
internal_count=290268 41950 17881 12240 9597 9537 245 183 5641 9292 4480 1026 648 585 24069 4100 946 119 827 704 638 271 3154 2057 1374 19969 19297 385 233 173
is_linear=0
shrinkage=0.05


Tree=214
num_leaves=31
num_cat=0
split_feature=14 22 22 22 20 22 9 5 22 24 18 14 17 17 17 14 22 22 2 20 19 24 9 3 14 20 20 16 24 24
split_gain=0.868125 1.67923 2.65775 5.29494 3.13182 3.22942 2.90553 3.21637 2.74445 2.53097 2.71239 2.3375 2.30146 2.17361 2.15464 1.96627 1.88269 1.65461 1.53351 1.52895 1.39035 1.58974 2.54915 1.60417 1.54068 2.27273 1.38856 2.11774 1.38429 1.33007
threshold=27.450000000000003 -0.51297808981038739 -0.35846811432664222 -0.40614700388750385 200.30000000000004 -0.091260668982868151 395.71284484863287 5.3335714285714309 -0.47558551945199218 0.05000000000000001 4.6350000000000007 27.150000000000002 278.50000000000006 8.5000000000000018 242.50000000000003 20.750000000000004 0.45273815774107123 -0.61237985104942771 2.8500000000000014 314.30000000000001 4.0150000000000006 -0.22499999999999995 14.152708053588869 6.2783333333333333 24.650000000000002 295.90000000000003 306.10000000000008 6.4500000000000011 1.7100000000000002 -0.49499999999999994
decision_type=2 2 2 2 8 2 2 2 2 10 2 2 2 2 2 2 2 2 2 10 2 10 2 2 2 10 10 2 10 10
left_child=1 17 3 8 5 28 9 -8 11 -5 -11 -3 -9 16 19 -6 -7 20 26 -12 -1 22 -22 24 25 -23 -19 -28 -4 -15
right_child=-2 2 4 6 15 13 7 12 -10 10 14 -13 -14 29 -16 -17 -18 18 -20 -21 21 23 -24 -25 -26 -27 27 -29 -30 -31
leaf_value=-0.0021007925248809189 1.3129592859030949e-05 0.0011215289356745195 -0.001776862192922665 -0.0024275655224102865 0.0021567779174036686 0.0085461172282983722 0.0084894525822131455 -0.00058398957656446147 -0.0034091551087343797 -0.0020650667433679505 0.010125208079279359 0.0066163267478034377 0.0043023797862435306 -0.0018836057104090007 0.00053243745449677493 -0.00060731211910384044 0.0017603037216377187 -0.0039739068317408473 0.00158950326682644 0.0048756984558096716 0.0093558078334577532 0.00025195873439492637 9.7858880165899064e-05 -0.001814794978500417 -0.00084255476498781227 0.0077246321693978373 0.00273535710035134 -0.0039582099672366916 0.0012058037950128699 0.00096638281657520524
leaf_weight=1704 248318 433 1222 193 82 63 104 94 789 73 70 50 72 413 66 17971 156 940 179 52 62 225 5857 2638 1110 99 59 211 276 6687
leaf_count=1704 248318 433 1222 193 82 63 104 94 789 73 70 50 72 413 66 17971 156 940 179 52 62 225 5857 2638 1110 99 59 211 276 6687
internal_value=-2.44269e-05 -0.000234805 -2.18262e-05 0.00173848 -0.000152588 0.000619824 0.00515193 0.00925926 -0.000204404 0.00270925 0.00591954 0.00276397 0.00493976 0.00105274 0.00909574 -0.00052983 0.0059589 -0.000704679 -0.00233621 0.0130328 -0.000510903 -0.000285758 0.00023737 -0.00104617 0.000299859 0.00333333 -0.00297521 0.000185184 -0.00149533 0.000901407
internal_weight=290268 41950 28866 1996 26870 8817 724 270 1272 454 261 483 166 7319 188 18053 219 13084 1389 122 11695 9991 5919 4072 1434 324 1210 270 1498 7100
internal_count=290268 41950 28866 1996 26870 8817 724 270 1272 454 261 483 166 7319 188 18053 219 13084 1389 122 11695 9991 5919 4072 1434 324 1210 270 1498 7100
is_linear=0
shrinkage=0.05


Tree=215
num_leaves=31
num_cat=0
split_feature=13 24 24 22 9 22 18 13 22 20 22 4 22 23 9 3 20 17 17 16 22 19 23 24 9 22 2 19 9 23
split_gain=1.03479 1.60162 1.78976 1.74998 1.6896 2.03187 2.1839 2.22673 1.74531 1.80194 1.55908 1.51588 1.86531 1.38311 1.86505 2.19727 2.12576 1.65781 5.39298 3.18082 2.4 2.10389 1.6011 2.54688 2.18089 2.07142 2.55656 2.03441 1.7291 1.60159
threshold=23.950000000000003 -0.22499999999999995 -0.064999999999999988 -0.98214942551678475 220.69055175781253 -0.031173458710879235 6.6450000000000005 24.750000000000004 0.99983759474438971 185.70000000000002 -0.99763297024448894 25.705000000000002 -0.93545489084327571 -0.091258822863740666 364.77772521972662 9.071666666666669 238.15000000000001 245.50000000000003 169.50000000000003 9.3500000000000032 -0.90163369914317015 7.0850000000000009 0.60383265664488517 -0.24999999999999997 504.91798400878912 -0.55657520495441892 -1.2299999999999975 6.0050000000000008 198.3420333862305 0.5475998096715059
decision_type=2 10 10 2 2 2 2 2 2 8 2 2 2 2 2 2 10 2 2 2 2 2 2 10 2 2 2 2 2 2
left_child=-1 13 11 10 8 -6 7 -7 9 -5 -4 -3 -13 14 17 16 -16 18 -2 20 -20 -21 29 25 -25 26 -24 28 -28 -15
right_child=1 2 3 4 5 6 -8 -9 -10 -11 -12 12 -14 22 15 -17 -18 -19 19 21 -22 -23 23 24 -26 -27 27 -29 -30 -31
leaf_value=5.5588822428005131e-06 -0.0010925627747812065 -0.0023799440856160097 -0.0017730822415473772 0.00056673664397647791 -0.0021958210938460916 -0.003536818382762476 -0.00069028869480030459 0.0014757404525534157 0.0038698862089497094 -0.0017825725962807943 0.011665918059362894 -0.0044323518882291172 0.012102107134662712 -0.00057669498978527392 0.0033072057884531631 -0.00027382314228207384 0.0053251631562545587 -0.001645790389802927 -0.0010004610412345559 0.012373696244067105 0.0088735334191566342 0.0050611194603516433 0.0036682525315125899 0.0041819692216831647 0.0084119693170974091 -0.00045361137574250756 0.0054924421975583622 -0.0025369059223008692 0.00011585691415307855 -0.0080419561402131357
leaf_weight=262467 714 2123 51 773 1071 330 2912 3819 73 6059 135 51 56 1921 96 86 61 500 160 74 96 94 486 150 78 4547 106 522 157 500
leaf_count=262467 714 2123 51 773 1071 330 2912 3819 73 6059 135 51 56 1921 96 86 61 500 160 74 96 94 486 150 78 4547 106 522 157 500
internal_value=-2.30489e-05 -0.000313119 -0.000605341 -0.00041155 -0.000471172 1.72147e-05 0.000325024 0.0010617 -0.00104634 -0.00112851 0.0044086 -0.00192825 0.0038785 0.000179744 0.00140617 0.00549383 0.00901274 0.000799755 0.00185413 0.00632075 0.0028125 0.0116667 -9.27141e-05 0.000342374 0.00552631 0.000139222 0.00192368 0.000159234 0.00374525 -0.00117927
internal_weight=290268 27801 17453 15223 15037 8132 7061 4149 6905 6832 186 2230 107 10348 1881 243 157 1638 1138 424 256 168 8467 6046 228 5818 1271 785 263 2421
internal_count=290268 27801 17453 15223 15037 8132 7061 4149 6905 6832 186 2230 107 10348 1881 243 157 1638 1138 424 256 168 8467 6046 228 5818 1271 785 263 2421
is_linear=0
shrinkage=0.05


Tree=216
num_leaves=31
num_cat=0
split_feature=0 2 2 5 13 23 23 22 9 4 23 23 24 9 13 2 16 22 5 15 0 13 22 23 22 15 2 19 23 20
split_gain=1.06771 2.13054 3.64931 2.98652 0.941563 1.45732 1.60758 1.6831 1.57361 1.74359 1.48111 3.82836 3.972 2.74398 1.43124 1.51737 1.28041 1.53479 1.83468 2.2195 2.3252 1.81983 1.22819 2.82997 2.4092 2.37036 2.65768 1.77807 2.24864 1.4547
threshold=1.9350000000000003 -0.12999999999999942 -0.050000000000000482 5.0435714285714299 23.950000000000003 -0.99465740988130902 -0.97874870457683594 0.17646842360078763 541.99493408203136 11.675000000000002 -0.97111920233974802 -0.96234030595689413 0.05000000000000001 167.14442443847659 30.550000000000004 -0.59999999999999865 6.0500000000000007 0.99939377080793557 6.0307142857142875 83.500000000000014 8.3650000000000002 27.850000000000005 -0.94139628442229062 -0.24372464231556024 -0.96689237009891416 63.500000000000007 -7.5299999999999976 7.5050000000000008 0.9863035000474919 320.50000000000006
decision_type=2 2 2 2 2 2 2 2 2 2 2 2 10 2 2 2 2 2 2 2 2 2 2 2 2 2 2 2 2 10
left_child=1 -1 3 -3 -2 8 7 14 -6 -10 -8 12 -12 -14 -7 -16 -13 22 -19 20 21 -20 23 24 -18 26 -24 28 -27 -25
right_child=4 2 -4 -5 5 6 10 -9 9 -11 11 16 13 -15 15 -17 17 18 19 -21 -22 -23 25 29 -26 27 -28 -29 -30 -31
leaf_value=-0.0046184773763970474 1.1993703903026753e-05 0.00045893394567142948 -0.0044967423742409895 0.0067785200006658776 -0.0045168563624408426 -0.0023806322044080588 -0.0026384322058055597 0.0042414948352810459 -0.0033547609680069919 0.0070403968203984245 -0.010711781168829983 -0.0015291865524902229 0.001330278136820077 0.0099836516644462234 -0.0013355954495928542 0.0046476425287213345 0.0096958342449012316 -0.0060425307543682067 0.0034995355675933519 -0.0023039916824405871 -0.0012446686703479646 0.0061647197349673959 0.0052945061364848131 -0.00054679308593756344 0.0016107806384024648 4.3234135052730351e-05 -0.002418737836894579 -0.0009170156148915091 0.0017035182731152936 0.002103840694243052
leaf_weight=908 261626 55 117 52 662 147 421 74 52 50 55 2544 53 70 50 64 77 54 62 52 59 78 57 1762 348 9956 2889 6433 830 611
leaf_count=908 261626 55 117 52 662 147 421 74 52 50 55 2544 53 70 50 64 77 54 62 52 59 78 57 1762 348 9956 2889 6433 830 611
internal_value=-2.21876e-05 -0.00155477 0.0028125 0.00948598 -1.61873e-05 -0.00029444 -0.000232933 0.00320895 -0.00244765 0.00333333 -0.00027659 -0.000228935 0.00707865 0.0120732 0.00132184 0.00552631 -0.000279329 -0.000162886 0.00336065 0.00515936 0.00756281 0.0110714 -0.000209686 0.000771979 0.00452941 -0.000345898 -0.00165648 -0.000121669 0.00027072 9.90296e-05
internal_weight=290268 1132 224 107 289136 27510 26746 335 764 102 26411 25990 178 123 261 114 25812 23268 305 251 199 140 22963 2798 425 20165 2946 17219 10786 2373
internal_count=290268 1132 224 107 289136 27510 26746 335 764 102 26411 25990 178 123 261 114 25812 23268 305 251 199 140 22963 2798 425 20165 2946 17219 10786 2373
is_linear=0
shrinkage=0.05


Tree=217
num_leaves=31
num_cat=0
split_feature=13 24 24 22 15 22 23 18 23 14 18 24 22 23 14 4 20 22 22 23 4 20 18 16 24 23 13 22 16 20
split_gain=0.945741 1.4904 1.55657 1.94307 1.84915 1.86928 2.11097 1.68712 2.15115 1.81417 3.40874 2.41066 2.38775 2.76086 3.07153 2.34248 1.92365 1.82332 4.92652 1.6895 1.63746 2.17626 1.46417 1.38634 2.06567 2.3091 2.80333 1.63542 1.28905 1.26897
threshold=23.950000000000003 -0.22499999999999995 -0.064999999999999988 -0.98214942551678475 63.500000000000007 0.074116354202380205 0.99249573635719013 7.7150000000000007 -0.97874870457683594 30.050000000000004 4.9650000000000007 0.83000000000000007 0.55656748448714433 -0.6391983530350368 30.750000000000004 11.585000000000003 192.40000000000003 0.27694220057652758 0.24372619187392155 0.28313308994381592 21.885000000000002 246.60000000000002 5.8850000000000007 7.3500000000000005 0.83000000000000007 -0.065537083312030994 35.250000000000007 0.91248814248966237 8.8500000000000032 300.90000000000003
decision_type=2 10 10 2 2 2 2 2 2 2 2 10 2 2 2 2 8 2 2 2 2 10 2 2 10 2 2 2 2 10
left_child=-1 -2 20 28 -5 -6 7 8 -7 16 12 -12 -11 14 -14 19 17 18 -10 -15 29 -22 -8 -19 25 26 -25 -27 -4 -3
right_child=1 2 3 4 5 6 22 -9 9 10 11 -13 13 15 -16 -17 -18 23 -20 -21 21 -23 -24 24 -26 27 -28 -29 -30 -31
leaf_value=4.7967440680796782e-06 0.00016387573705178735 -0.0032989801318233439 -0.00070277707674804111 -0.0022474936103144285 -0.0012792392737332615 0.0035122938662239169 0.0061075380101393278 -0.0011159568836074723 -0.0019617613570526915 -0.004017218678282081 0.0018564176678469977 -0.0033671597312776589 0.0090678828691587617 -0.00079667536377466376 0.0052070529359734092 0.0060671934463133424 -0.00074011431331235246 -0.00059434495792166269 0.010760390666995079 0.0071422630352339662 -0.0023579519829701519 0.006975107607970224 0.0029874711821760258 0.0023466527146366566 -0.0075971916083850816 0.00246231769353199 0.010941465239900625 -0.00093896354517573964 0.011243499871317682 -9.7656934505041155e-05
leaf_weight=262467 10348 1525 81 2066 2980 103 57 3104 52 116 863 555 61 215 77 74 3473 537 53 118 95 67 51 100 91 64 50 177 105 543
leaf_count=262467 10348 1525 81 2066 2980 103 57 3104 52 116 863 555 61 215 77 74 3473 537 53 118 95 67 51 100 91 64 50 177 105 543
internal_value=-2.32211e-05 -0.00030053 -0.000582423 -0.000401696 -0.000464522 -0.000243236 8.45749e-05 8.59944e-06 0.000450655 0.000340023 0.00156566 0.000183356 0.00453101 0.00591743 0.012029 0.00384521 -0.000214271 0.00158363 0.00785714 0.00205706 -0.00181614 0.00302469 0.00703704 0.000937192 0.00288382 0.00446291 0.00933333 0.00143153 0.00467742 -0.00219536
internal_weight=290268 27801 17453 15223 15037 12971 9991 9883 6779 6676 2079 1418 661 545 138 407 4597 1124 105 333 2230 162 108 1019 482 391 150 241 186 2068
internal_count=290268 27801 17453 15223 15037 12971 9991 9883 6779 6676 2079 1418 661 545 138 407 4597 1124 105 333 2230 162 108 1019 482 391 150 241 186 2068
is_linear=0
shrinkage=0.05


Tree=218
num_leaves=31
num_cat=0
split_feature=0 9 14 20 13 19 24 24 15 22 9 24 22 18 22 14 18 9 22 4 14 24 20 22 22 9 13 22 22 20
split_gain=1.00565 1.59664 1.03024 1.54341 0.909055 1.26742 1.23972 1.74165 1.48043 2.28436 2.00406 2.22646 1.4333 1.89843 2.87106 1.34257 3.22361 3.48206 2.84646 2.1951 3.33078 2.07164 1.93104 2.45861 3.97394 1.63685 2.19371 1.99801 2.97056 1.46716
threshold=1.9350000000000003 94.745281219482436 30.150000000000002 273.40000000000003 23.950000000000003 43.655000000000008 -0.22499999999999995 -0.064999999999999988 63.500000000000007 -0.96689237009891416 673.84381103515636 0.89500000000000013 0.074116354202380205 7.5150000000000006 0.14250626876356556 30.050000000000004 4.9650000000000007 272.76518249511724 0.55656748448714433 10.665000000000001 30.750000000000004 0.83000000000000007 192.40000000000003 0.27694220057652758 0.22700754078277605 719.37036132812511 40.150000000000013 0.97696484778429815 0.98522604642031408 264.90000000000003
decision_type=2 2 2 10 2 2 8 10 2 2 2 10 2 2 2 2 2 2 2 2 2 10 8 2 2 2 2 2 2 8
left_child=1 -1 -3 -4 -2 6 -6 -8 9 -9 -11 -12 -10 14 -14 22 17 -17 -19 20 -20 -18 23 24 -16 27 -27 -24 -29 -30
right_child=4 2 3 -5 5 -7 7 8 12 10 11 -13 13 -15 15 16 21 18 19 -21 -22 -23 25 -25 -26 26 -28 28 29 -31
leaf_value=0.0026447258517594838 1.1154181504472082e-05 -0.004226368946119728 -0.0077414979238927739 0.0037262565427021322 0.00013791672004383638 0.011849063203394168 -0.001951979026403801 0.0096656515914558191 -0.0010347216202809435 -0.002833158745199254 0.0056913202953277585 -0.0037403057096178551 0.0045166356595709905 -0.00098430909984552318 -0.0010001678277617328 0.00059801367630416729 0.0016169058021031808 -0.0042552573894502205 0.010241413308791348 0.0086693156630422083 0.0021767318479747051 -0.0031240173013261339 -0.0019125132085834292 0.00099491681866756276 0.01011266630001928 0.0002757057096464062 0.0073442756919804703 0.0091947247179637436 0.0026309300483595213 -0.0047406636169439525
leaf_weight=62 261626 894 86 90 10134 70 2209 89 3055 1899 53 64 137 3361 51 323 812 61 81 70 118 523 2415 962 56 444 99 52 142 230
leaf_count=62 261626 894 86 90 10134 70 2209 89 3055 1899 53 64 137 3361 51 323 812 61 81 70 118 523 2415 962 56 444 99 52 142 230
internal_value=-2.32211e-05 -0.0015106 -0.00196262 0.00153409 -1.73978e-05 -0.000290805 -0.000307946 -0.000565123 -0.000373254 -0.00160333 -0.00194941 0.00440171 -0.000173954 0.000117237 0.000611313 0.000458921 0.00153923 0.00441807 0.0080303 0.0102416 0.00756281 0.000131085 -2.35914e-05 0.00182881 0.00901869 -0.000609108 0.00190608 -0.00109017 0.00207547 0.000510751
internal_weight=290268 1132 1070 176 289136 27510 27440 17306 15097 2105 2016 117 12992 9937 6576 6439 1988 653 330 269 199 1335 4451 1069 107 3382 543 2839 424 372
internal_count=290268 1132 1070 176 289136 27510 27440 17306 15097 2105 2016 117 12992 9937 6576 6439 1988 653 330 269 199 1335 4451 1069 107 3382 543 2839 424 372
is_linear=0
shrinkage=0.05


Tree=219
num_leaves=31
num_cat=0
split_feature=0 2 14 22 15 14 2 16 24 23 9 16 18 2 22 20 23 14 9 24 22 13 16 2 22 22 24 13 13 2
split_gain=1.00495 1.67875 3.04722 0.883191 2.40491 2.13812 1.81868 1.75761 2.30307 2.95961 2.45788 3.81243 1.64793 1.62358 1.46548 3.95548 10.4647 11.0123 2.64329 2.35579 6.46424 6.37289 3.64756 2.18508 2.05453 12.7998 10.415 9.04224 5.34343 4.41485
threshold=1.9350000000000003 -0.12999999999999942 29.750000000000004 0.99761913169647187 61.500000000000007 32.150000000000013 3.2549999999999999 8.0500000000000025 1.1900000000000002 0.029024409397335523 196.31328582763675 10.750000000000002 4.6350000000000007 -0.0899999999999994 0.97875492728876534 617.20000000000016 0.18281312110578132 29.950000000000003 73.335582733154311 1.1900000000000002 0.99466373373798567 6.9500000000000011 10.15 0.21999999999999933 0.95998215779580554 0.9550229469509578 -0.029999999999999995 1.4500000000000002 17.550000000000004 1.4200000000000008
decision_type=2 2 2 2 2 2 2 2 10 2 2 2 2 2 2 8 2 2 2 10 2 2 2 2 2 2 10 2 2 2
left_child=1 -1 -3 14 -5 6 7 -6 9 -9 11 12 -10 -7 24 -16 19 -18 -19 20 -17 22 -22 -23 25 -2 28 29 -27 -28
right_child=3 2 -4 4 5 13 -8 8 10 -11 -12 -13 -14 -15 15 16 17 18 -20 -21 21 23 -24 -25 -26 26 27 -29 -30 -31
leaf_value=-0.0041844288471237908 -3.2992638569985706e-05 -0.00097531000254363659 0.0048556379740209701 -0.0033215300555891631 -0.001623494180898922 0.0060103236582133802 -0.004411603152048439 0.001402770119168532 0.0054865613361653395 -0.001901609118644401 -0.00053060983199511335 -0.0025775366567755567 0.0018839960926447465 -0.00039482544736090734 0.0010925046615661393 -0.0026903272099706322 0.011865803617793623 0.0058113879490538992 -0.0029208798528055939 -0.0051461145130235874 0.0052657976998585409 -0.0070660089741037702 0.0035563194408041636 0.0057659970561175569 -0.001071189721489577 0.0073680372019875795 0.0067224723158499245 0.0010857245181837081 0.014304558805489823 0.0086396726978912736
leaf_weight=908 261466 151 73 1266 1438 75 520 1942 60 672 119 64 101 54 9422 1261 56 50 92 1386 90 127 74 103 7115 132 234 1065 66 86
leaf_count=908 261466 151 73 1266 1438 75 520 1942 60 672 119 64 101 54 9422 1261 56 50 92 1386 90 127 74 103 7115 132 234 1065 66 86
internal_value=-2.37379e-05 -0.0015106 0.00236607 -1.79166e-05 -0.000602917 -0.000113975 -0.000280717 5.00443e-05 0.000747125 0.000241009 0.00459302 0.00766667 0.0117702 0.00624031 -4.86286e-06 0.00052089 -0.000986417 0.0101515 0.00274648 -0.00171161 -0.000438068 0.00515228 0.0126829 -0.000217392 -2.95018e-05 -6.82502e-06 0.00447568 0.00294224 0.015202 0.0103125
internal_weight=290268 1132 224 289136 6311 5045 4916 4396 2958 2614 344 225 161 129 282825 12661 3239 198 142 3041 1655 394 164 230 270164 263049 1583 1385 198 320
internal_count=290268 1132 224 289136 6311 5045 4916 4396 2958 2614 344 225 161 129 282825 12661 3239 198 142 3041 1655 394 164 230 270164 263049 1583 1385 198 320
is_linear=0
shrinkage=0.05


Tree=220
num_leaves=31
num_cat=0
split_feature=14 22 13 15 20 16 22 19 9 14 17 14 24 22 16 9 20 9 19 17 24 9 17 22 22 22 20 16 20 20
split_gain=0.926386 2.52624 3.70534 2.99934 2.45556 2.29126 3.05386 2.39332 2.59641 3.82713 2.36324 2.10827 1.99388 1.94662 1.93583 3.21925 2.10983 2.19986 1.82369 1.99002 1.8061 2.41422 2.16988 2.87476 1.52186 2.39528 1.48825 2.33607 1.4517 3.04038
threshold=26.150000000000002 0.091259403071267925 3.6500000000000008 83.500000000000014 398.65000000000003 10.450000000000001 0.98802474685579866 3.4050000000000007 220.69055175781253 22.250000000000004 114.50000000000001 24.550000000000004 -0.49499999999999994 0.84313847884979054 5.8500000000000005 266.61647033691412 159.70000000000002 180.89792633056643 5.9650000000000007 143.50000000000003 0.095000000000000015 845.66873168945324 86.500000000000014 0.34235194516023087 -0.108376950152639 -0.14250824554987665 242.20000000000002 10.850000000000003 234.50000000000003 245.30000000000004
decision_type=2 2 2 2 10 2 2 2 2 2 2 2 10 2 2 2 8 2 2 2 10 2 2 2 2 2 10 2 8 10
left_child=1 18 5 4 12 6 7 -3 10 -10 -9 -12 -4 -11 -5 16 17 -16 -1 -20 21 -17 -22 -24 25 28 27 -23 -21 -30
right_child=-2 2 3 14 -6 -7 -8 8 9 13 11 -13 -14 -15 15 20 -18 -19 19 24 22 26 23 -25 -26 -27 -28 -29 29 -31
leaf_value=-0.0014831625317648113 1.2939456255730824e-06 0.006017287605546897 -0.0050510734668076139 -0.00081028102877400265 0.0085374631894833044 -0.0023375938085290321 -0.0046496882304334934 0.0063015234976270817 0.0052989411087337084 -0.00045005305439529253 -5.4919133752767651e-05 0.0060267710255348383 -0.00061157948665327162 0.0082665591179089237 0.0038009882318488114 -0.0024230145793608477 0.0034513319157374873 0.0089658110563960221 -0.0020758099402256691 -0.00066615535790392089 0.0048151544772301203 0.0024662155158010957 0.0040099559254012538 -0.0034467476426823505 -0.0028431474087386114 0.0035991536016579291 -0.0045544047312379701 0.010515650402748961 0.0075724596363724653 0.00066444258848631632
leaf_weight=4500 269736 59 361 824 59 246 99 56 56 434 90 115 5630 92 78 485 226 99 1670 1864 110 337 91 128 485 120 119 50 209 1840
leaf_count=4500 269736 59 361 824 59 246 99 56 56 434 90 115 5630 92 78 485 226 99 1670 1864 110 337 91 128 485 120 119 50 209 1840
internal_value=-2.25321e-05 -0.00034629 0.000231612 -0.00013784 -0.000743803 0.00277867 0.00384116 0.0047561 0.00407473 0.00221649 0.00821839 0.00573171 -0.000843767 0.000893535 0.00130153 0.00225479 0.00616625 0.0102542 -0.000878557 -0.000321591 0.0010606 -5.0466e-06 0.00427052 0.00139269 0.000223549 0.000541779 0.00241107 0.00391473 0.000328391 0.00124695
internal_weight=290268 20532 9844 8597 6050 1247 1001 902 843 582 261 205 5991 526 2547 1723 403 177 10688 6188 1320 991 329 219 4518 4033 506 387 3913 2049
internal_count=290268 20532 9844 8597 6050 1247 1001 902 843 582 261 205 5991 526 2547 1723 403 177 10688 6188 1320 991 329 219 4518 4033 506 387 3913 2049
is_linear=0
shrinkage=0.05


Tree=221
num_leaves=31
num_cat=0
split_feature=22 15 14 2 16 24 16 23 18 2 14 14 17 21 20 2 20 16 13 20 22 22 22 17 22 24 24 20 22 0
split_gain=0.934269 2.09938 1.87927 1.64465 1.63173 2.14221 2.48083 2.44629 2.40807 1.39272 1.34971 1.733 2.87855 1.83954 1.4591 1.93758 1.96854 1.33939 1.57538 1.95128 1.29219 4.50473 6.00082 7.01857 12.1092 10.8675 6.10281 5.31012 4.01316 4.09261
threshold=0.99761913169647187 61.500000000000007 32.150000000000013 3.2549999999999999 7.9500000000000011 1.1900000000000002 9.8500000000000032 0.029024409397335523 4.7350000000000012 -0.0899999999999994 27.350000000000005 30.750000000000004 48.500000000000007 12.500000000000002 185.70000000000002 -2.1799999999999988 294.90000000000003 8.9500000000000011 12.350000000000003 258.2000000000001 0.97112537654464559 0.96234642434711437 0.9550229469509578 262.50000000000006 0.95998215779580554 0.095000000000000015 1.1900000000000002 93.65000000000002 0.97314989601849466 4.6550000000000011
decision_type=2 2 2 2 2 10 2 2 2 2 2 2 2 10 8 2 10 2 2 10 2 2 2 2 2 10 10 10 2 2
left_child=20 -2 3 4 -3 7 8 10 -7 -4 -6 14 13 -13 -12 16 -16 18 19 -17 21 22 -1 -24 25 -25 -27 -26 29 -22
right_child=1 2 9 -5 5 6 -8 -9 -10 -11 11 12 -14 -15 15 17 -18 -19 -20 -21 28 -23 23 24 27 26 -28 -29 -30 -31
leaf_value=-3.3714298355762848e-05 -0.0031680611068264086 -0.0015916389973495296 0.005650542403138648 -0.0041910876917273026 -0.0020355289463669136 0.0041604727021546297 -0.000281530624998549 -0.0020489034068864455 0.0012471545265744476 -0.00037514887227416062 0.004290340738881202 0.0069997919795639621 -0.0026942751968834161 -0.00020343236773268515 0.0034532378015790345 -0.0039824570402806842 0.0092646004719883039 -0.00031002142762814785 0.0041350363919924601 0.0051775334081961529 0.0063697575649805842 -0.0025134733220770005 0.0005647876933877375 0.01240715216614705 0.0032038983783396024 -0.0027200843560513054 0.0067715377106934904 -0.0098841669743389253 0.00024809031588988957 0.0028046117120744101
leaf_weight=262548 1269 1397 76 520 193 86 150 681 126 54 101 71 474 85 219 67 82 580 54 51 105 3168 1479 273 99 198 71 256 15048 687
leaf_count=262548 1269 1397 76 520 193 86 150 681 126 54 101 71 474 85 219 67 82 580 54 51 105 3168 1479 273 99 198 71 256 15048 687
internal_value=-1.9776e-05 -0.000620266 -0.000164793 -0.000321046 -7.92512e-06 0.000645694 0.00425414 0.00015425 0.00773585 0.00576923 0.00104451 0.00147421 -0.000634922 0.00525641 0.00262565 0.00207502 0.00546512 0.000718084 0.00459302 0.00135593 -6.37596e-06 -3.23035e-05 -9.89082e-06 0.00249158 0.00598105 0.0106827 0.00355018 -0.00119718 0.000432448 0.00390151
internal_weight=290268 6336 5067 4937 4417 3020 362 2658 212 130 1977 1784 630 156 1154 1053 301 752 172 118 283932 268092 264924 2376 897 542 269 355 15840 792
internal_count=290268 6336 5067 4937 4417 3020 362 2658 212 130 1977 1784 630 156 1154 1053 301 752 172 118 283932 268092 264924 2376 897 542 269 355 15840 792
is_linear=0
shrinkage=0.05


Tree=222
num_leaves=31
num_cat=0
split_feature=17 24 5 24 5 18 2 21 18 2 17 2 23 23 23 18 24 5 23 24 24 23 23 9 5 0 23 2 5 24
split_gain=0.938652 1.3665 2.00849 1.17466 0.963409 1.04483 0.912677 0.912154 1.1018 0.890412 1.49431 0.821397 3.44573 4.40725 4.40452 5.65511 3.73702 3.07933 5.56127 3.00001 3.64095 6.75963 2.74865 4.79247 2.64514 6.03672 8.30921 4.50082 3.898 3.25316
threshold=354.50000000000006 -0.55499999999999983 16.089285714285719 -0.58499999999999985 3.0692857142857153 2.7350000000000008 -0.22000000000000039 16.900000000000002 3.4950000000000006 1.0700000000000003 246.50000000000003 -0.56999999999999995 -0.6391983530350368 -0.55656394595157355 -0.88620506325989179 5.6050000000000013 -0.064999999999999988 7.9842857142857158 -0.6652727025667432 1.3150000000000002 1.3800000000000001 -0.86974577485258975 -0.42179730054635828 243.87041473388675 8.2364285714285739 8.5350000000000019 -0.70289845916694649 -2.4799999999999986 11.467857142857145 -0.029999999999999995
decision_type=2 10 2 10 2 2 2 10 2 2 2 2 2 2 2 2 8 2 2 10 10 2 2 2 2 2 2 2 2 10
left_child=4 2 3 -2 5 -1 7 8 -7 -8 -11 12 14 -14 -6 17 -17 -16 -19 24 -21 -22 23 -15 29 26 28 -28 -26 -18
right_child=1 -3 -4 -5 11 6 9 -9 -10 10 -12 -13 13 22 15 16 19 18 -20 20 21 -23 -24 -25 25 -27 27 -29 -30 -31
leaf_value=-0.0045683197148348271 -0.00023652041640719089 -0.0013490945074942718 0.0095212972520106499 0.010263365571272621 -0.00019240240039246315 0.0031606864626662341 -0.0037924183572076269 -0.0031742336489126721 0.00050563069933054472 -0.0021718419104863117 0.0049468794308544315 5.94690240019479e-05 -0.0026165083353080006 0.001926473711101015 0.0019796407959942106 -0.0013101316564608735 0.011454003221285683 0.0034073435137294337 0.011219524259358632 -0.0018644767418598261 0.00031567905734494316 0.016690464619997205 -0.00028245335993214117 -0.0033393383793226226 0.002854946314098222 0.0019644547085647195 0.010462257947341531 0.003998382767832819 0.010722133507050497 -0.00036338052907722404
leaf_weight=352 457 3102 50 69 17489 66 368 62 73 157 77 171289 3946 4741 2438 2777 86 818 75 1414 261 57 72637 1042 670 3443 97 71 75 2009
leaf_count=352 457 3102 50 69 17489 66 368 62 73 157 77 171289 3946 4741 2438 2777 86 818 75 1414 261 57 72637 1042 670 3443 97 71 75 2009
internal_value=-1.92593e-05 -0.000812943 0.00142361 0.000513307 -9.07339e-06 -0.00145022 -0.000454547 0.00246269 0.00471223 -0.00142857 0.000982905 -3.24186e-06 -0.000107145 -0.000277786 0.000335115 0.000986284 0.000437955 0.00279045 0.00530235 0.000975802 -0.000871826 0.00396226 -0.000195742 0.000853362 0.00147186 0.00217401 0.00578861 0.0158333 0.00352349 1.1932e-05
internal_weight=290268 3678 576 526 286590 1155 803 201 139 602 234 285435 114146 82366 31780 14291 10960 3331 893 8183 1732 318 78420 5783 6451 4356 913 168 745 2095
internal_count=290268 3678 576 526 286590 1155 803 201 139 602 234 285435 114146 82366 31780 14291 10960 3331 893 8183 1732 318 78420 5783 6451 4356 913 168 745 2095
is_linear=0
shrinkage=0.05


Tree=223
num_leaves=31
num_cat=0
split_feature=5 18 17 16 16 24 16 16 22 22 23 16 2 21 14 3 2 14 24 20 16 14 15 20 13 23 20 20 22 23
split_gain=0.986809 1.06907 0.995945 1.24203 1.19945 1.79037 3.04018 1.73932 1.84552 3.2463 1.02019 1.04181 0.851298 0.909552 0.848087 2.04825 1.75327 2.4227 1.58182 2.25186 4.13722 1.4938 1.47295 2.14478 1.4147 1.34983 1.31139 1.19545 5.41375 2.94627
threshold=3.0692857142857153 2.7350000000000008 354.50000000000006 6.8500000000000005 11.450000000000001 -0.42499999999999993 10.750000000000002 7.3500000000000005 -0.861146256326485 -0.95244167294248061 -0.58481178939031186 10.750000000000002 -0.17999999999999924 16.900000000000002 23.850000000000005 9.1550000000000029 -0.4649999999999998 20.050000000000004 0.83000000000000007 300.90000000000003 7.0500000000000007 22.350000000000005 81.500000000000014 190.10000000000002 1.7500000000000002 -0.35846086284744721 159.70000000000002 200.30000000000004 0.42179998225932674 0.89309379682046119
decision_type=2 2 2 2 2 10 2 2 2 2 2 2 2 10 2 2 2 2 10 10 2 2 2 10 2 2 10 8 2 2
left_child=1 -1 14 -4 5 6 7 -5 9 -9 -7 -12 13 -3 15 16 24 -18 21 20 -20 22 23 25 -2 -19 -27 28 -16 -30
right_child=2 12 3 4 -6 10 -8 8 -10 -11 11 -13 -14 -15 27 -17 17 18 19 -21 -22 -23 -24 -25 -26 26 -28 -29 29 -31
leaf_value=-0.0043419038351128671 0.00451688405915347 0.0024203187846407862 -0.0044473800048210567 0.0065891039702573283 -0.0025481032127559603 -0.0030246114670388 0.0093470963365335068 -0.0052136142461781361 -0.0023160053245616478 0.0098895287191534832 0.00027998901171274706 -0.0039469451995059841 -0.001169910321218515 -0.00284444773389954 -0.00014583667721206959 -0.0025452749919689065 0.0029598077011976738 0.006355029563281391 -0.00047686486277056682 0.0096275523145932743 0.0045953996192107677 -0.001236549517169794 -0.0027025318914715712 0.00054924561982578441 -0.0015309547904977438 -0.0003595438598129122 0.0042371716822806925 -2.8004300952677159e-05 0.0010857458445273532 0.0053959709260908359
leaf_weight=358 92 149 523 56 699 269 82 64 275 70 1432 189 602 65 16917 1003 71 67 424 81 94 1295 191 311 1935 51 75 254242 8339 247
leaf_count=358 92 149 523 56 699 269 82 64 275 70 1432 189 602 65 16917 1003 71 67 424 81 94 1295 191 311 1935 51 75 254242 8339 247
internal_value=-1.8398e-05 -0.00146508 -1.25231e-05 -0.000832196 -0.000455996 6.7705e-05 0.00258684 0.0010215 -0.000110026 0.00470149 -0.000661377 -0.000188157 -0.000465687 0.00224299 -2.01566e-06 -0.000606328 -0.000167486 0.000676691 0.000426805 0.00267946 0.00146718 -0.000251257 0.0016187 0.00303571 -0.00127528 0.00717616 0.00412698 1.0276e-05 0.000336626 0.00135919
internal_weight=290268 1174 289094 3659 3136 2437 547 465 409 134 1890 1621 816 214 285435 5690 4687 2660 2589 599 518 1990 695 504 2027 193 126 279745 25503 8586
internal_count=290268 1174 289094 3659 3136 2437 547 465 409 134 1890 1621 816 214 285435 5690 4687 2660 2589 599 518 1990 695 504 2027 193 126 279745 25503 8586
is_linear=0
shrinkage=0.05


Tree=224
num_leaves=31
num_cat=0
split_feature=17 23 15 20 13 14 18 15 24 5 14 3 13 20 4 22 14 4 24 19 24 17 15 3 5 24 20 22 23 20
split_gain=0.936616 1.10436 1.4712 1.28556 1.46053 1.57345 1.02871 1.004 0.955585 1.56582 0.914185 1.81375 1.37254 1.72803 3.38226 3.44802 1.32321 1.25581 1.32797 1.2179 1.58201 1.21576 1.40459 1.70712 1.0278 1.04741 0.92281 4.64917 4.36733 5.12688
threshold=354.50000000000006 0.92191100909954782 78.500000000000014 321.60000000000008 2.3500000000000001 30.550000000000004 9.2850000000000019 80.500000000000014 -0.49499999999999994 10.867857142857146 23.450000000000003 9.1116666666666699 4.2500000000000009 266.10000000000008 8.8350000000000026 -0.24372957273992746 22.050000000000004 8.9650000000000016 -0.22499999999999995 11.885000000000003 0.53000000000000014 193.50000000000003 86.500000000000014 4.3283333333333349 3.0692857142857153 1.7100000000000002 200.30000000000004 0.48314048284850658 -0.8142754349318998 192.40000000000003
decision_type=2 2 2 10 2 2 2 2 10 2 2 2 2 10 2 2 2 2 10 2 10 2 2 2 2 10 8 2 2 10
left_child=10 6 3 -3 -5 -6 -2 8 9 -8 11 12 13 14 15 -1 21 -15 -19 -18 -21 22 23 -14 25 -12 27 -26 29 -29
right_child=1 2 -4 4 5 -7 7 -9 -10 -11 24 -13 16 17 -16 -17 19 18 -20 20 -22 -23 -24 -25 26 -27 -28 28 -30 -31
leaf_value=-9.549859418077133e-05 -0.0016747056411738977 -0.0012373518200645402 0.0023955641997462718 -0.0005515896180345065 0.0066055429594439 0.00056507993821721465 -0.00014815352291274321 0.0021495698653677549 -0.0015475695029771221 0.0092716795182443464 -0.0023258836830077866 -0.0025388214279225825 0.0050367059724695969 -0.005019761684870735 -0.00034630436033858316 0.0052085616174601711 -0.0019464560096899147 -0.00039928194616154682 0.005204385419841407 -0.0052195931590840192 0.0080811536071123836 -0.00026128492601755552 -0.0027427313772588886 0.0018299346192211933 -0.0001157892844907055 0.0050220899748102633 -2.7293580665262592e-05 0.0034883163110180889 0.00084907167398439527 0.010037235335738722
leaf_weight=50 2014 392 59 114 58 50 68 50 816 57 1033 756 52 129 117 86 1869 74 55 58 60 736 135 361 17805 85 255084 449 7528 68
leaf_count=50 2014 392 59 114 58 50 68 50 816 57 1033 756 52 129 117 86 1869 74 55 58 60 736 135 361 17805 85 255084 449 7528 68
internal_value=-2.01205e-05 -0.000812943 0.00101783 0.000293158 0.00333333 0.0075 -0.00122296 9.58616e-05 -0.00027099 0.0038 -9.94571e-06 -0.000713972 -0.000267056 0.00214286 0.00507905 0.0104412 -0.000643535 -0.000736435 0.00275194 -0.00145194 0.00347458 0.000607475 0.00239051 0.00383777 1.38153e-06 -0.00151163 7.40268e-06 0.000292068 0.00128962 0.00573501
internal_weight=290268 3678 673 614 222 108 3005 991 941 125 286590 4538 3782 511 253 136 3271 258 129 1987 118 1284 548 413 282052 1118 280934 25850 8045 517
internal_count=290268 3678 673 614 222 108 3005 991 941 125 286590 4538 3782 511 253 136 3271 258 129 1987 118 1284 548 413 282052 1118 280934 25850 8045 517
is_linear=0
shrinkage=0.05


Tree=225
num_leaves=31
num_cat=0
split_feature=8 14 0 19 19 16 16 14 14 15 23 20 2 24 2 1 19 2 21 8 14 24 4 24 15 20 2 16 4 1
split_gain=0.817807 0.880054 1.42146 1.11802 1.20094 1.28846 1.36469 1.04855 1.4781 0.840036 1.55819 1.02212 2.99459 2.30253 2.47623 2.33229 1.89865 2.68904 2.12328 1.76574 1.62381 1.49955 1.43129 1.34621 1.86055 1.59034 1.81731 2.08406 1.41685 1.33126
threshold=175.00000000000003 34.650000000000013 10.155000000000003 9.8250000000000011 21.355000000000004 12.15 9.6500000000000004 35.850000000000001 34.850000000000001 36.500000000000007 -0.15950993297387572 495.50000000000006 -0.65000000000000013 -0.42499999999999993 3.3800000000000021 3.0250000000000004 7.0850000000000009 2.1600000000000019 247.50000000000003 3.5000000000000004 32.850000000000001 1.4950000000000003 189.73500000000004 -0.18999999999999997 45.500000000000007 524.50000000000011 5.835 13.750000000000002 27.615000000000006 14.755000000000001
decision_type=2 2 2 2 2 2 2 2 2 2 2 10 2 10 2 2 2 2 10 2 2 10 2 10 2 10 2 2 2 2
left_child=1 9 -3 -4 7 6 -6 8 -5 10 -1 19 21 16 15 -15 17 18 -14 -11 -16 -13 -18 -22 28 -26 27 -27 -25 -21
right_child=-2 2 3 4 5 -7 -8 -9 -10 11 -12 12 13 14 20 -17 22 -19 -20 29 23 -23 -24 24 25 26 -28 -29 -30 -31
leaf_value=-0.00086220998458110291 0.0059916885793049584 0.0068216054733200365 -0.0035086906641352607 0.0097575967735930736 -0.0048772564907469769 -0.0058830359735065037 0.011850828760454334 0.0093730580439748204 -0.00013559301062170299 -1.8006808160918564e-05 0.0074268957608562593 -0.001681794262049036 -0.0017219194137649977 0.0029250907824388533 0.0011273279525256411 -2.8336529145267826e-05 -0.0023578525658049746 0.0052626303871391115 0.005996382554371283 0.002949685785970661 -0.0015806402784607446 0.00019537688561122339 0.008022885747303362 0.0062770718472825561 0.0011403829641244733 0.011949235432000632 0.0082972326814605805 0.0061684267790993869 -0.0074553877306133528 0.00044493019206633252
leaf_weight=95 73 93 103 119 61 201 76 68 242 261721 76 6355 351 51 1493 8575 2482 51 60 2130 133 1836 81 145 115 94 275 63 136 2914
leaf_count=95 73 93 103 119 61 201 76 68 242 261721 76 6355 351 51 1493 8575 2482 51 60 2130 133 1836 81 145 115 94 275 63 136 2914
internal_value=-1.75367e-05 -1.88678e-05 0.00149013 0.000862068 0.0015189 -0.00071006 0.0030292 0.00327506 0.00220221 -2.3892e-05 0.00347953 -2.59646e-05 -0.000351185 9.03923e-05 0.000424187 2.55031e-05 -0.00113223 0.00181818 0.000474451 1.21711e-06 0.00182559 -0.00111159 -0.00166407 0.00342872 0.00417874 0.00587751 0.00726852 0.0115605 0.000871885 0.000927834
internal_weight=290268 290195 963 870 767 338 137 429 361 289232 171 289061 22296 14105 11080 8626 3025 462 411 266765 2454 8191 2563 961 828 547 432 157 281 5044
internal_count=290268 290195 963 870 767 338 137 429 361 289232 171 289061 22296 14105 11080 8626 3025 462 411 266765 2454 8191 2563 961 828 547 432 157 281 5044
is_linear=0
shrinkage=0.05


Tree=226
num_leaves=31
num_cat=0
split_feature=17 21 2 9 1 17 17 23 19 1 23 19 20 21 23 23 23 9 2 9 23 23 17 9 20 19 14 23 23 21
split_gain=0.833196 2.24684 1.50122 1.82353 1.37509 1.35591 1.31428 2.12938 3.9991 3.45549 2.49434 2.91397 6.68972 3.19082 2.15594 2.25088 3.92307 5.05979 6.72923 2.21592 3.32313 12.4297 2.22414 2.10028 1.91225 2.59779 1.81986 1.79413 2.46311 5.1419
threshold=315.50000000000006 12.500000000000002 2.0000000000000018 15.094820499420168 2.3450000000000002 338.50000000000006 203.50000000000003 -0.27694043983797384 4.8850000000000007 7.0750000000000011 -0.32613736746952143 6.8450000000000006 379.30000000000001 16.900000000000002 -0.23537842981696178 -0.18493013702746822 -0.20180761162458913 65.907573699951186 1.0400000000000005 998.87963867187511 0.90070004940655357 0.91511078773075516 249.50000000000003 86.399047851562514 573.90000000000009 7.5950000000000006 29.050000000000004 -0.34234976856068178 -0.35042475891464198 12.500000000000002
decision_type=2 10 2 2 2 2 2 2 2 2 2 2 10 10 2 2 2 2 2 2 2 2 2 2 8 2 2 2 2 8
left_child=6 -2 -3 5 -5 -4 -1 10 -9 -10 27 12 13 -12 -11 16 -16 -18 -19 -17 24 26 -23 -15 -21 -26 -22 28 -8 -30
right_child=1 2 3 4 -6 -7 7 8 9 14 11 -13 -14 23 15 19 17 18 -20 20 21 22 -24 -25 25 -27 -28 -29 29 -31
leaf_value=-8.2703670872201878e-05 0.00036653240776844724 -0.00079536389224745669 0.00062261676687532181 0.0038524161490224073 -2.0683887478000548e-05 0.0144380503771261 0.00043245437021606216 -0.00082968979134098904 0.00066164991147308293 -0.0034948604196048624 -0.00026562931752638754 0.00074717396117057278 0.010504156606602056 0.0091720956319139343 9.8289167787478525e-05 -0.00024000690307800993 -0.00077174314945114523 0.0014024845705522693 0.0087618563165052475 -0.00046504625493935759 0.0079556641367490664 -0.0015187313654776446 0.0025495128604306472 0.0045198868779585876 -0.0017030960435806741 0.0081726351424576873 0.011977425407781189 -0.0040745460024614035 0.010312645708846267 0.00087778093190049112
leaf_weight=159830 9314 16570 69 65 3979 74 27640 13699 20288 768 279 682 80 81 794 31823 114 117 108 1766 61 399 621 125 76 88 71 456 64 167
leaf_count=159830 9314 16570 69 65 3979 74 27640 13699 20288 768 279 682 80 81 794 31823 114 117 108 1766 61 399 621 125 76 88 71 456 64 167
internal_value=-1.70199e-05 -0.000266205 -0.000555717 0.000290183 9.39652e-05 0.00583916 1.17783e-05 0.000153585 4.73091e-06 0.00018881 0.000509906 0.00269848 0.00535398 0.00314433 -9.99849e-05 -4.41213e-05 0.00214916 0.00665192 0.011 -0.000115314 0.00116483 0.00328993 0.00142157 0.00786408 -0.000103628 0.00506097 0.0177273 0.000413562 0.00046446 0.00560606
internal_weight=290268 30071 20757 4187 4044 143 260197 100367 70793 57094 29574 1247 565 485 36806 36038 1133 339 225 34905 3082 1152 1020 206 1930 164 132 28327 27871 231
internal_count=290268 30071 20757 4187 4044 143 260197 100367 70793 57094 29574 1247 565 485 36806 36038 1133 339 225 34905 3082 1152 1020 206 1930 164 132 28327 27871 231
is_linear=0
shrinkage=0.05


Tree=227
num_leaves=31
num_cat=0
split_feature=14 15 15 16 14 16 18 16 14 13 22 14 9 1 19 2 23 2 22 16 19 13 15 9 22 22 24 22 19 3
split_gain=0.843515 1.62489 1.55224 2.24716 1.95133 2.48879 3.52961 2.43284 1.76322 1.85467 1.64393 2.99135 1.62829 1.83867 2.58493 2.0534 2.25744 1.60872 1.95257 1.74571 1.58635 1.5728 2.18351 1.26762 1.18752 4.12423 3.84862 4.13266 4.03831 4.70083
threshold=27.450000000000003 71.500000000000014 64.500000000000014 5.1500000000000012 25.750000000000004 8.1500000000000004 5.4850000000000012 5.7500000000000009 25.450000000000003 2.8500000000000001 0.17646842360078763 24.150000000000002 211.55023956298831 13.195000000000002 15.825000000000001 1.5800000000000005 -0.73865259438682551 -2.0299999999999998 -0.065535378769913874 3.7500000000000004 5.0950000000000006 1.9500000000000002 65.500000000000014 156.75638580322268 -0.074117382312902977 -0.05695216311707673 -0.49499999999999994 0.34235194516023087 9.6750000000000025 10.145000000000003
decision_type=2 2 2 2 2 2 2 2 2 2 2 2 2 2 2 2 2 2 2 2 2 2 2 2 2 2 10 2 2 2
left_child=1 2 4 17 5 6 7 -1 12 -10 11 -9 13 14 15 16 -8 18 23 -19 -12 22 -5 -4 -2 -26 27 -27 29 -28
right_child=24 -3 3 21 -6 -7 8 10 9 -11 20 -13 -14 -15 -16 -17 -18 19 -20 -21 -22 -23 -24 -25 25 26 28 -29 -30 -31
leaf_value=-0.0013357997715380673 0.00013316542343988182 2.6498243372623167e-05 0.0045893550864124517 -0.0068047129478448574 -0.00059859122893485186 -0.00084636259632142857 0.008412172345087959 0.0048841701485214982 0.01132033557245516 0.002477943303312405 0.0099062293620580041 0.00086287445869911062 -0.0029716890884229439 -0.0022896264356422522 0.0064826101952301764 -0.0022611315881635834 0.0015744288966422057 0.0078791791955574453 0.0058285863774790577 -0.00047043822564032625 0.0026279018396290865 -0.0015655266161499746 0.0014587799358280293 -0.0048354360492090208 -0.0038345151773732061 -0.00038527089976497054 9.4179760455907671e-06 -0.0044803706863590607 -0.00053433111550926522 0.0010445274238941511
leaf_weight=75 119406 24069 50 148 6038 837 77 55 58 79 65 94 273 181 61 147 125 65 104 842 50 7751 651 55 1373 4684 71415 1563 34429 15448
leaf_count=75 119406 24069 50 148 6038 837 77 55 58 79 65 94 273 181 61 147 125 65 104 842 50 7751 651 55 1373 4684 71415 1563 34429 15448
internal_value=-1.9087e-05 -0.000226461 -0.000587496 -0.00101697 -8.2168e-05 0.00120119 0.00253731 0.0069469 0.00104395 0.00631387 0.00920454 0.00573825 0.000208332 0.00168359 0.00353658 0.00187679 0.00514851 0.00109319 0.00504785 0.000181917 0.0136957 -0.0012924 0.000819774 0.000238094 1.59461e-05 -8.92869e-05 -5.99436e-05 -0.00127021 2.38973e-06 0.000184024
internal_weight=290268 41950 17881 9666 8215 2177 1340 339 1001 137 264 149 864 591 410 349 202 1116 209 907 115 8550 799 105 248318 128912 127539 6247 121292 86863
internal_count=290268 41950 17881 9666 8215 2177 1340 339 1001 137 264 149 864 591 410 349 202 1116 209 907 115 8550 799 105 248318 128912 127539 6247 121292 86863
is_linear=0
shrinkage=0.05


Tree=228
num_leaves=31
num_cat=0
split_feature=22 0 18 9 14 1 14 0 8 24 22 24 21 20 23 24 15 0 16 22 20 22 22 17 9 17 9 22 22 20
split_gain=0.819282 1.23272 1.11896 1.31489 3.21714 1.06099 0.964884 1.62333 1.22845 0.908469 3.66964 21.5488 6.44018 3.19392 4.59067 2.71163 2.70285 2.55821 2.79539 2.40945 2.85058 2.18763 2.38434 2.15615 2.38576 1.99103 2.46466 2.34319 28.525 7.9073
threshold=-0.99940763397299126 9.2750000000000004 7.5950000000000006 402.74378967285162 28.050000000000004 3.2450000000000006 34.650000000000013 10.155000000000003 166.50000000000003 -0.089999999999999983 0.84313847884979054 -0.22499999999999995 21.900000000000002 483.65000000000003 -0.15950993297387572 -0.18999999999999997 58.500000000000007 2.7350000000000008 8.2500000000000018 -0.98214942551678475 369.30000000000001 -0.97113884758256674 -0.96689237009891416 104.50000000000001 434.05938720703131 116.50000000000001 8.6204943656921404 -0.28519255817492867 -0.33425342068356556 379.30000000000001
decision_type=2 2 2 2 2 2 2 2 2 10 2 10 10 10 2 10 2 2 2 2 10 2 2 2 2 2 2 2 2 10
left_child=1 5 -3 -4 -5 -1 8 -8 9 10 13 -12 16 14 17 -16 -13 18 -2 20 -19 23 -23 24 -21 26 -24 28 -27 -30
right_child=6 2 3 4 -6 -7 7 -9 -10 -11 11 12 -14 -15 15 -17 -18 19 -20 21 -22 22 25 -25 -26 27 -28 -29 29 -31
leaf_value=0.0053607021027466594 -0.0049383978607738833 0.0071160755157208891 -0.00085123211634063162 0.013690708051431156 0.00046322624748551641 -0.0032776110209868162 0.0077082344909355713 0.001380183393445299 0.0062356264103882973 -0.00010172214945839531 -0.0051242823372628756 0.0059024173926842541 0.0040435276468862276 -0.00076516880549051195 6.1829524469340863e-06 -0.0051556451708180476 0.010256141093450459 0.003429070017735421 0.010573185782400718 0.00083977841513866716 -0.0012888358438381373 0.0039905973606406244 0.0095609302389962469 -0.0029063378523468218 0.0029748596499477552 0.0010162798357991364 -0.00054069894094640623 -0.00039382410370612721 0.014205093818412643 0.0057837092897462371
leaf_weight=55 51 103 1279 52 177 1502 88 827 51 162043 396 59 69 12316 84320 1229 70 716 73 323 268 464 201 939 50 14373 4869 2931 184 190
leaf_count=55 51 103 1279 52 177 1502 88 827 51 162043 396 59 69 12316 84320 1229 70 716 73 323 268 464 201 939 50 14373 4869 2931 184 190
internal_value=-1.78812e-05 -0.000817552 0.000152078 -0.000192309 0.00329694 -0.00182081 -9.05727e-06 0.00161202 -1.42402e-05 -1.56232e-05 8.61856e-05 0.00400673 0.0174747 6.73284e-05 0.000151958 -2.39056e-05 0.0240698 0.000738919 0.00790322 0.000704092 0.00313008 0.000606751 0.000719023 -0.00137957 0.00183646 0.000646649 -0.000226826 0.000897159 0.00115379 0.0147861
internal_weight=290268 3168 1611 1508 229 1557 287100 915 286185 286134 124091 594 198 123497 111181 85549 129 25632 124 25508 984 24524 23212 1312 373 22748 5070 17678 14747 374
internal_count=290268 3168 1611 1508 229 1557 287100 915 286185 286134 124091 594 198 123497 111181 85549 129 25632 124 25508 984 24524 23212 1312 373 22748 5070 17678 14747 374
is_linear=0
shrinkage=0.05


Tree=229
num_leaves=31
num_cat=0
split_feature=24 22 22 23 22 2 22 22 23 0 1 2 21 23 16 20 22 22 4 22 22 20 15 21 22 22 2 1 22 1
split_gain=0.852072 2.12419 2.54049 3.254 3.01632 2.47974 1.7334 11.0101 5.34343 5.72917 3.53164 1.84547 1.76016 2.05231 1.67141 1.64867 1.60269 14.4501 5.92267 3.19091 5.2439 3.07065 2.5866 2.57407 1.99507 3.15378 2.76364 2.18992 1.91374 2.46524
threshold=-0.77999999999999992 -0.62588817255938378 -0.97113884758256674 0.16587474750015932 -0.96689237009891416 -0.54000000000000059 -0.93545489084327571 -0.92923668111203805 0.3484035575467645 7.8050000000000006 4.3050000000000006 5.2550000000000026 27.500000000000004 0.31595530242620651 7.5500000000000007 260.50000000000006 -0.79384350655589164 -0.77245553105869302 6.7150000000000007 -0.86976336936302323 -0.8781231054254196 363.90000000000003 64.500000000000014 36.900000000000006 -0.91597725483594616 -0.89406062840022227 0.18999999999999975 8.4650000000000016 -0.67803021058859214 6.955000000000001
decision_type=8 2 2 2 2 2 2 2 2 2 2 2 10 2 2 10 2 2 2 2 2 10 2 10 2 2 2 2 2 2
left_child=1 2 3 -1 5 -4 12 8 -8 10 -10 16 -6 14 -14 -3 19 18 22 20 23 -22 -18 -9 27 -26 -27 -25 -19 -30
right_child=-2 15 4 -5 6 -7 7 11 9 -11 -12 -13 13 -15 -16 -17 17 28 -20 -21 21 -23 -24 24 25 26 -28 -29 29 -31
leaf_value=-0.00041265414148171348 1.2547460190387916e-06 -0.0049341170134370414 0.0085873852072900474 -0.0052718990375879319 -0.001699961556081241 0.0015832487503705307 0.0013123856623264009 -0.0021267574325808335 0.0025299900664469965 0.00044275569157770133 0.0094567288101800092 0.013146811805318107 0.005984037688401932 0.0061950659381702616 -0.00085250513134166219 -0.0011528296714938232 0.0070028247582164613 -0.0011986431269937153 0.0034963011052234179 -0.0031810992828366943 0.0042705972960036627 0.0029006594389611854 0.0080849187340940841 0.0022281271533552854 -0.0065116719153069727 -0.0027773601797569493 0.012305440623233421 0.010673630381841041 -0.00060640742778942953 0.002520701144792989
leaf_weight=4752 273438 529 127 792 1721 269 198 1194 59 54 85 68 50 65 540 1253 56 1573 252 1574 62 132 86 118 240 59 62 69 482 309
leaf_count=4752 273438 529 127 792 1721 269 198 1194 59 54 85 68 50 65 540 1253 56 1573 252 1574 62 132 86 118 240 59 62 69 482 309
internal_value=-2.01205e-05 -0.00036542 -0.000172117 -0.00102273 0.000324073 0.00459596 0.000138339 0.000548127 0.00863636 0.0144444 0.0196528 4.26124e-05 -0.00102273 0.0011832 0.000254236 -0.00199776 -4.62679e-05 0.000855691 0.00972081 -0.000754987 0.000604338 0.00840206 0.0178873 -0.000264065 0.00257299 0.000401661 0.00698347 0.0067647 -0.000621829 0.00138432
internal_weight=290268 16830 15048 5544 9504 396 9108 6732 396 198 144 6336 2376 655 590 1782 6268 2758 394 3510 1936 194 142 1742 548 361 121 187 2364 791
internal_count=290268 16830 15048 5544 9504 396 9108 6732 396 198 144 6336 2376 655 590 1782 6268 2758 394 3510 1936 194 142 1742 548 361 121 187 2364 791
is_linear=0
shrinkage=0.05


Tree=230
num_leaves=31
num_cat=0
split_feature=24 17 14 15 19 9 23 14 17 3 2 19 9 23 13 13 15 3 23 5 22 4 19 13 0 17 19 22 22 22
split_gain=0.894012 2.04122 2.12959 2.00281 2.06537 1.99692 1.93431 2.14172 3.69805 1.73655 4.13589 1.60987 1.78918 1.74363 2.21235 1.59389 1.70448 1.56957 2.44802 2.36455 1.96327 1.49876 1.78097 1.47468 1.33773 2.15398 1.49415 1.76121 2.55781 1.21689
threshold=-0.77999999999999992 72.500000000000014 29.550000000000004 65.500000000000014 11.965000000000002 194.27187347412112 -0.24372464231556024 29.650000000000002 32.500000000000007 4.0650000000000013 -0.4649999999999998 20.105000000000004 134.27038574218753 0.2499757677084001 29.050000000000004 18.250000000000004 64.500000000000014 6.8816666666666677 -0.056951011027366626 6.8164285714285731 -0.97113884758256674 7.9150000000000009 4.9250000000000007 17.250000000000004 5.8550000000000013 251.50000000000003 9.0950000000000006 -0.77245553105869302 -0.89406062840022227 -0.97113884758256674
decision_type=8 2 2 2 2 2 2 2 2 2 2 2 2 2 2 2 2 2 2 2 2 2 2 2 2 2 2 2 2 2
left_child=1 6 11 17 9 -6 7 8 -1 10 -5 12 13 21 15 16 -15 18 19 29 -20 -3 23 -23 -22 26 27 28 -26 -4
right_child=-2 2 3 4 5 -7 -8 -9 -10 -11 -12 -13 -14 14 -16 -17 -18 -19 20 -21 24 22 -24 -25 25 -27 -28 -29 -30 -31
leaf_value=-0.00027436976076855319 1.1920087180844952e-06 -0.0025502889179516968 -0.00043940884342416299 0.0065410552891057077 0.0053112560997442071 -0.0022575938088036955 -0.0024818814845254679 -0.0047240791320212056 0.008372125187927338 0.00069835867326991459 0.00083367926052321524 0.0096750818270596502 -0.001045426678428676 0.0035903623046177517 0.0041123433334577615 -0.0021315835131518524 0.002347887617430211 -0.0011650728253062401 -0.0045914719456796663 0.0039333590245915788 -0.00033973965339018325 0.00070191093052882894 -0.00070007226441040973 0.0063882639503878404 0.0012158594880942149 -0.0010509742873555904 -0.00029665506147835566 0.00039686054273009867 0.0066734003188879858 0.0064654385840541137
leaf_weight=101 273438 411 125 50 165 74 2184 171 64 2679 143 67 4957 51 52 168 462 2191 396 99 861 64 648 51 53 208 69 80 86 100
leaf_count=101 273438 411 125 50 165 74 2184 171 64 2679 143 67 4957 51 52 168 462 2191 396 99 861 64 648 51 53 208 69 80 86 100
internal_value=-2.06373e-05 -0.000374333 -0.000143258 0.000447891 0.00141273 0.00587866 -0.00168651 0.00184524 0.00590909 0.00104109 0.00562176 -0.000772617 -0.000847903 0.000453591 0.00236698 0.00160793 0.0029922 -0.00025539 0.000729416 0.00472222 -8.55795e-06 -0.000741057 0.000570117 0.00630435 0.000895356 0.00296371 0.00576389 0.00778539 0.011187 0.00188889
internal_weight=290268 16830 14310 7379 3111 239 2520 336 165 2872 193 6931 6864 1907 733 681 513 4268 2077 324 1753 1174 763 115 1357 496 288 219 139 225
internal_count=290268 16830 14310 7379 3111 239 2520 336 165 2872 193 6931 6864 1907 733 681 513 4268 2077 324 1753 1174 763 115 1357 496 288 219 139 225
is_linear=0
shrinkage=0.05


Tree=231
num_leaves=31
num_cat=0
split_feature=8 0 2 2 5 19 15 9 22 22 2 20 23 22 9 4 1 0 19 22 13 1 9 23 22 13 21 1 0 23
split_gain=0.818287 0.784273 1.7193 2.91277 2.33879 0.8557 0.815004 2.04017 2.0202 4.80089 2.25019 2.33713 2.90872 3.24079 5.4068 2.22178 2.97959 2.3693 3.85124 3.96865 2.14271 2.02811 3.85181 4.13928 9.69217 1.86685 3.03527 1.84738 2.77689 2.67269
threshold=175.00000000000003 1.9350000000000003 -0.12999999999999942 -0.050000000000000482 5.0435714285714299 1.8550000000000002 66.500000000000014 209.05644989013675 0.99552231814189451 0.9550229469509578 2.7000000000000011 434.10000000000008 0.097680735332368748 0.96234642434711437 309.61909484863287 8.9150000000000009 9.2550000000000008 5.8050000000000006 8.6050000000000022 0.98667101781630195 11.250000000000002 7.035000000000001 998.87963867187511 0.91159213926341531 -0.39036798905311365 21.150000000000002 97.500000000000014 11.975000000000003 21.405000000000005 -0.77243990499604276
decision_type=2 2 2 2 2 2 2 2 2 2 2 8 2 2 2 2 2 2 2 2 2 2 2 2 2 2 10 2 2 2
left_child=1 2 5 4 -4 -1 7 25 9 21 11 12 13 14 -11 -14 17 -17 -19 -20 -18 -9 -23 -24 -25 27 -27 28 -3 -29
right_child=-2 6 3 -5 -6 -7 -8 8 -10 10 -12 -13 15 -15 -16 16 20 18 19 -21 -22 22 23 24 -26 26 -28 29 -30 -31
leaf_value=-0.0093313250435353347 0.0053776774044550432 0.00018054912144990854 0.00057590702731535209 -0.0042542047324766836 0.006342138688110544 -0.0011829154798668857 5.9642837797126266e-05 -0.00017154856791471381 -0.0023479747855202509 -0.0026182329641111189 -0.001099752373869816 -0.00060624865590290641 0.0013455259890940827 0.00016240535801014897 0.012043831817262554 0.0076171331207502318 -8.3567402484656478e-05 0.0040154730486740564 0.00308315246821645 0.012806991414822406 0.0090909107503690575 -0.0014062511454437333 -0.00043364297789487297 0.011389694356918027 0.0013094673450619555 -0.0011590618401883601 0.01218162216631811 0.00048552203097458233 0.0067261593846776255 -0.00060831365016392116
leaf_weight=405 73 71508 55 117 52 503 137035 17786 1599 56 787 612 278 897 52 96 201 148 75 51 87 13303 924 89 358 5652 53 9972 204 27240
leaf_count=405 73 71508 55 117 52 503 137035 17786 1599 56 787 612 278 897 52 96 201 148 75 51 87 13303 924 89 358 5652 53 9972 204 27240
internal_value=-1.9087e-05 -2.04185e-05 -0.00133392 0.00258928 0.0085514 -0.00230176 -1.52747e-05 -9.49837e-05 -0.000415654 -0.00033799 0.00146706 0.00218762 0.00303709 0.00116915 0.00935185 0.00504273 0.00662614 0.00959459 0.00722628 0.0136508 0.0028125 -0.000523723 -0.00095884 0.00156455 0.00551454 9.6386e-06 -0.000872043 5.58175e-05 0.000204149 -0.000230035
internal_weight=290268 290195 1132 224 107 908 289063 152028 37399 35800 3340 2553 1941 1005 108 936 658 370 274 126 288 32460 14674 1371 447 114629 5705 108924 71712 37212
internal_count=290268 290195 1132 224 107 908 289063 152028 37399 35800 3340 2553 1941 1005 108 936 658 370 274 126 288 32460 14674 1371 447 114629 5705 108924 71712 37212
is_linear=0
shrinkage=0.05


Tree=232
num_leaves=31
num_cat=0
split_feature=14 15 21 0 16 24 15 23 1 14 14 4 23 1 16 16 13 16 2 19 9 18 13 4 5 24 23 16 15 3
split_gain=0.885615 1.50863 2.18077 2.8157 1.33888 1.7363 2.07307 2.77594 1.97916 1.77543 1.76754 2.79907 2.51397 1.65149 1.60141 2.15912 1.54849 2.18939 3.43235 2.3168 2.25684 1.56977 1.38119 1.35562 2.40152 1.54497 2.56922 1.76705 1.31895 1.45215
threshold=27.450000000000003 71.500000000000014 16.900000000000002 8.7350000000000012 4.2500000000000009 0.24500000000000002 70.500000000000014 -0.13398942717002907 3.0250000000000004 23.750000000000004 24.050000000000004 16.185000000000006 -0.59867820553660911 5.8750000000000009 5.5500000000000007 6.5500000000000007 16.450000000000003 6.4500000000000011 -1.0499999999999978 5.8850000000000007 494.48980712890631 8.1150000000000002 12.550000000000002 9.3050000000000015 6.7535714285714308 -1.0000000180025095e-35 -0.46039597980994923 5.3500000000000005 61.500000000000007 3.5316666666666672
decision_type=2 2 8 2 2 10 2 2 2 2 2 2 2 2 2 2 2 2 2 2 2 2 2 2 2 8 2 2 2 2
left_child=1 2 3 4 -1 6 7 8 -6 14 12 23 -10 16 -7 -16 17 18 -9 -19 -20 22 -21 24 -12 27 -27 -25 29 -4
right_child=-2 -3 28 -5 5 9 -8 13 10 -11 11 -13 -14 -15 15 -17 -18 19 20 21 -22 -23 -24 25 -26 26 -28 -29 -30 -31
leaf_value=0.0036005480814349181 1.7658807483362763e-05 1.9396739095943351e-05 -0.0048600151216913572 -0.0015799645954430318 0.0069177433021239011 -0.0019548153560088387 -0.0036166449984007666 0.0092352894266045094 0.0014747066827232613 -0.00119466850868722 0.0013728994106490839 0.0055022492373689577 0.0079604300829893958 -0.00091954035005289796 0.006939027010244788 0.001228453355983131 -0.0016950500924945229 -0.00055004073456692705 0.0012231681375799415 0.0020338260436659327 0.0069836724739653537 -0.0025786252933475248 0.0077524506560541747 0.0038269805194485517 0.0056443376561407677 -0.0048804413910310245 0.0051147982562633476 -0.0033514187616171249 -0.0019938917555431209 0.00043441310021329288
leaf_weight=227 248318 24069 146 3116 74 76 417 50 107 2206 568 62 86 1756 58 74 477 1060 308 470 76 139 74 67 57 57 53 525 4379 1116
leaf_count=227 248318 24069 146 3116 74 76 417 50 107 2206 568 62 86 1756 58 74 477 1060 308 470 76 139 74 67 57 57 53 525 4379 1116
internal_value=-1.87425e-05 -0.000231229 -0.000579108 -0.00020425 0.000238929 0.000142182 0.000568408 0.000802834 0.00254831 -0.00100249 0.00217446 0.00155147 0.00665803 0.000147391 0.00341346 0.00674242 0.000934437 0.00149977 0.00467742 0.000708547 0.00307292 0.0029795 0.00419118 0.00106631 0.00276 -0.000441597 0.005 -0.0014527 -0.00139248 3.16945e-05
internal_weight=290268 41950 17881 12240 9124 8897 6483 6066 1656 2414 1582 1389 193 4410 208 132 2654 2177 434 1743 384 683 544 1327 625 702 110 592 5641 1262
internal_count=290268 41950 17881 12240 9124 8897 6483 6066 1656 2414 1582 1389 193 4410 208 132 2654 2177 434 1743 384 683 544 1327 625 702 110 592 5641 1262
is_linear=0
shrinkage=0.05


Tree=233
num_leaves=31
num_cat=0
split_feature=13 22 19 1 16 22 23 23 17 22 22 17 17 21 22 16 22 1 2 22 22 2 0 23 16 23 9 16 18 22
split_gain=0.826069 1.4383 2.40466 1.75273 1.9918 1.48955 1.47814 2.08967 4.68556 1.4625 3.7012 1.62051 1.91593 2.10684 2.50077 1.49491 1.43212 1.95443 1.58267 1.37375 1.9463 1.51484 1.6706 1.36305 1.28019 2.06779 1.56309 1.2162 1.21431 2.2959
threshold=1.0000000180025095e-35 -0.85227431625818906 8.1650000000000009 16.985000000000003 21.350000000000005 -0.78326540922535159 -0.9575230291762723 -0.92272482904738262 220.50000000000003 0.94978112945126536 0.96465729447553372 301.50000000000006 139.50000000000003 187.50000000000003 -0.65234524191686594 16.450000000000003 -0.35041564478062465 12.385000000000003 1.0700000000000003 0.9916835347852474 0.99700008544936913 2.6000000000000014 13.455000000000002 -0.94137724084408114 12.15 -0.6652727025667432 119.25447845458986 7.5500000000000007 5.6850000000000014 0.26037272046371446
decision_type=2 2 2 2 2 2 2 2 2 2 2 2 2 10 2 2 2 2 2 2 2 2 2 2 2 2 2 2 2 2
left_child=1 3 5 4 -1 -3 -4 8 16 11 -11 12 24 -14 -15 -16 -8 23 -19 -12 21 22 -21 -18 25 26 27 -9 29 -7
right_child=-2 2 6 -5 -6 28 7 9 -10 10 19 -13 13 14 15 -17 17 18 -20 20 -22 -23 -24 -25 -26 -27 -28 -29 -30 -31
leaf_value=0.00019221337256897252 -3.9259583531780789e-05 0.006613947860983938 -0.00033781473215673728 -0.0033296480866669581 0.0091303043227577829 -0.00099515899228680752 -0.0030487806342238103 0.01512772368459543 0.0076181912243014436 0.0058918924989193548 -0.00049062457482041116 -0.0013778049513551954 0.0015796896594447206 0.0066721054193160274 0.0017224443036599605 -0.0013528247903857717 -0.00028523266250704787 0.0078384664818470836 0.0051898901344079422 0.002305106289100905 -0.0049149658253235563 -0.00047425277060662244 0.0045974865923468404 0.0069410166603443256 -0.0025596812399392294 -0.0047186660863082746 -0.0066222424055374903 0.0033606210254006307 -0.0012903580323880256 0.0033320726521188088
leaf_weight=2371 275928 63 1329 1364 54 365 170 77 67 74 275 818 3070 101 87 66 195 55 60 68 58 51 65 64 713 260 54 223 1929 194
leaf_count=2371 275928 63 1329 1364 54 365 170 77 67 74 275 818 3070 101 87 66 195 55 60 68 58 51 65 64 713 260 54 223 1929 194
internal_value=-2.13263e-05 0.000348674 0.000648752 -0.000486937 0.000319586 -0.000687967 0.001075 0.00137835 0.0041653 0.00109736 0.00346024 0.000842017 0.00120297 0.00184416 0.00622047 0.00218954 0.00262868 0.00435829 0.00978261 0.00196325 0.00471074 0.00722826 0.0100376 0.00194981 -0.000403166 0.00127036 0.00375706 0.00516667 -0.000880226 0.00117173
internal_weight=290268 14340 10551 3789 2425 2551 8000 6671 611 6060 591 5469 4651 3324 254 153 544 374 115 517 242 184 133 259 1327 614 354 300 2488 559
internal_count=290268 14340 10551 3789 2425 2551 8000 6671 611 6060 591 5469 4651 3324 254 153 544 374 115 517 242 184 133 259 1327 614 354 300 2488 559
is_linear=0
shrinkage=0.05


Tree=234
num_leaves=31
num_cat=0
split_feature=14 15 20 24 16 15 24 4 23 14 5 17 19 14 15 18 16 24 1 1 17 17 16 15 17 17 2 14 23 17
split_gain=0.937108 1.622 1.68777 1.91104 1.95384 1.88059 1.77692 2.0382 2.07055 2.03397 2.6436 1.71118 2.6816 1.87818 1.79462 3.39534 3.32187 1.62771 2.08179 1.88844 1.52105 1.9296 1.72785 1.43612 1.43499 1.36868 1.30627 1.4249 1.74699 1.30544
threshold=27.450000000000003 71.500000000000014 180.30000000000004 0.05000000000000001 4.7500000000000009 64.500000000000014 -0.49499999999999994 13.195000000000002 -0.49812626372919411 25.750000000000004 6.5107142857142861 191.50000000000003 12.215000000000002 26.550000000000004 61.500000000000007 5.0550000000000006 10.850000000000003 -0.029999999999999995 5.4350000000000014 6.6350000000000007 203.50000000000003 177.50000000000003 6.1500000000000012 62.500000000000007 98.500000000000014 236.50000000000003 1.8500000000000005 24.250000000000004 0.19969739736768838 227.50000000000003
decision_type=2 2 8 8 2 2 8 2 2 2 2 2 2 2 2 2 2 10 2 2 2 2 2 2 2 2 2 2 2 2
left_child=1 2 3 4 -1 6 20 9 -9 10 17 13 14 -11 15 16 -13 18 29 23 21 22 -4 -19 -6 -17 27 28 -12 -8
right_child=-2 -3 5 -5 24 -7 7 8 -10 11 26 12 -14 -15 -16 25 -18 19 -20 -21 -22 -23 -24 -25 -26 -27 -28 -29 -30 -31
leaf_value=0.0070099791367751133 1.4645946862665627e-05 2.0389881317737936e-05 0.0036607802273614142 -0.00087363046673528662 0.0061822445647408339 -0.0012232043274288222 0.0086380734395190579 0.00028623414626550043 -0.0029830193405819927 0.0020031374401070692 0.0056308360486596667 0.0027675572580294502 0.0060826151924609669 -0.0018229979641075527 -0.0020144633599748752 0.0049130691044162959 0.0078370728787413302 -0.0023624729119835252 0.0019712610859490397 0.0094204489800522075 -0.0027032830474718579 0.0042766650774552937 -0.0048579508928295045 0.0034867571632377879 9.2038514316609201e-05 -0.0005375720680130501 -0.0029006263797963228 -0.0015491982863305221 -0.00026134320603103759 0.0090776371790411495
leaf_weight=89 248318 24069 88 305 91 8942 56 638 724 480 101 333 109 1454 743 166 78 131 100 58 1089 102 307 115 349 635 171 233 79 115
leaf_count=89 248318 24069 88 305 91 8942 56 638 724 480 101 333 109 1454 743 166 78 131 100 58 1089 102 307 115 349 635 171 233 79 115
internal_value=-2.21876e-05 -0.000240764 -0.000601478 0.00159472 0.0034121 -0.000708924 -0.000157311 0.000207853 -0.00151248 0.000662206 0.00250647 0.000127563 0.00112887 -0.000941056 0.000703324 0.00188944 0.00558394 0.00491304 0.00773063 0.00240131 -0.00165826 0.000633802 -0.000949368 0.000487804 0.00204545 -6.24339e-06 0.000136985 0.00165859 0.005 0.0110819
internal_weight=290268 41950 17881 834 529 17047 8105 6519 1362 5157 1159 3998 2064 1934 1955 1212 411 575 271 304 1586 497 395 246 440 801 584 413 180 171
internal_count=290268 41950 17881 834 529 17047 8105 6519 1362 5157 1159 3998 2064 1934 1955 1212 411 575 271 304 1586 497 395 246 440 801 584 413 180 171
is_linear=0
shrinkage=0.05


Tree=235
num_leaves=31
num_cat=0
split_feature=14 15 20 24 17 24 15 13 18 3 14 24 23 3 22 22 9 13 18 4 24 13 20 19 24 4 22 20 9 13
split_gain=0.87965 1.53658 1.48423 1.76842 1.68447 1.61449 1.70249 1.86914 3.16248 1.81537 1.78163 1.64844 1.41073 3.42421 1.71961 1.89447 1.46188 1.90981 1.49864 1.43079 1.2637 1.9922 2.86057 1.87305 1.99161 1.46733 2.76675 2.19341 1.19218 1.19148
threshold=27.450000000000003 71.500000000000014 180.30000000000004 0.05000000000000001 110.50000000000001 -0.60499999999999987 64.500000000000014 0.55000000000000016 5.6450000000000005 9.1550000000000029 25.750000000000004 0.47500000000000003 -0.10837475778693638 4.9883333333333351 0.92922379131507438 -0.16799356919963607 194.27187347412112 6.8500000000000005 4.9650000000000007 8.6850000000000005 -0.49499999999999994 3.5500000000000003 280.7000000000001 4.1250000000000009 -0.34499999999999992 10.115 0.29342972903661901 276.60000000000008 126.00497436523439 3.0500000000000003
decision_type=2 2 8 8 2 8 2 2 2 2 2 10 2 2 2 2 2 2 2 2 8 2 10 2 10 2 2 10 2 2
left_child=1 2 3 4 -1 28 9 8 -8 10 20 12 13 16 15 29 18 -18 -12 -16 -7 25 23 -23 -25 26 -22 -28 -4 -15
right_child=-2 -3 5 -5 -6 6 7 -9 -10 -11 11 -13 -14 14 19 -17 17 -19 -20 -21 21 22 -24 24 -26 -27 27 -29 -30 -31
leaf_value=0.0051063328222401986 1.3913649519523343e-05 1.9370387251858736e-05 0.00055726580872453226 -0.00082994894339852841 0.0012131889204009792 -0.0011180426977181505 0.0063987916394282369 -0.0011435343304921914 -0.0023838970269803635 -0.0014311875309707834 0.0081889824652157644 -0.0015540487183271926 -0.00019271035034956695 -0.0017719884014996065 -0.00036539748798490574 -0.0029611407510968884 0.005745801676493939 0.0070889938812761961 -0.0039748030031796127 0.0085317939138668964 0.0022768941159655833 0.0082848514119387307 -0.0035118646732984616 0.010100436470704794 0.00045777548528414588 0.0025572837953883919 0.0084931463926490921 0.0091264535229058624 -0.0026699761093469873 0.0027773111429721916
leaf_weight=109 248318 24069 409 305 420 175 51 7765 66 1522 54 1304 1965 158 54 324 53 50 60 79 174 51 272 52 281 179 52 54 1575 268
leaf_count=109 248318 24069 409 305 420 175 51 7765 66 1522 54 1304 1965 158 54 324 53 50 60 79 174 51 272 52 281 179 52 54 1575 268
internal_value=-2.18431e-05 -0.000233613 -0.0005847 0.00147482 0.00322306 -0.000685459 -0.000508864 -0.00101624 0.00525641 4.80423e-05 0.000460327 -2.17453e-05 0.000611744 0.00204545 0.000662513 -0.000266668 0.00767281 0.0119903 0.00377193 0.00590225 0.00209302 0.002713 0.000945121 0.00372396 0.00235736 0.00523965 0.0075 0.0138679 -0.00202621 0.00192488
internal_weight=290268 41950 17881 834 529 17047 15063 7882 117 7181 5659 4369 3065 1100 883 750 217 103 114 133 1290 1115 656 384 333 459 280 106 1984 426
internal_count=290268 41950 17881 834 529 17047 15063 7882 117 7181 5659 4369 3065 1100 883 750 217 103 114 133 1290 1115 656 384 333 459 280 106 1984 426
is_linear=0
shrinkage=0.05


Tree=236
num_leaves=31
num_cat=0
split_feature=8 0 9 24 23 4 18 23 23 13 20 1 13 3 18 11 24 24 23 20 0 23 20 16 23 0 23 23 9 20
split_gain=0.818873 0.782011 1.21956 0.841031 1.85778 2.13119 2.04639 1.79948 5.65993 2.58533 1.71023 1.82307 1.72975 1.67917 1.61166 1.34841 1.31186 6.30425 3.92265 6.89463 6.14591 5.2221 4.60435 4.9224 4.14667 5.13127 4.04584 3.16845 4.84354 4.678
threshold=175.00000000000003 1.9350000000000003 94.745281219482436 -0.77999999999999992 0.79253265336324141 17.635000000000002 11.755000000000001 0.83730377313544024 0.84199059757024453 16.450000000000003 272.40000000000003 8.7550000000000008 11.15 2.8916666666666671 5.8450000000000006 7.3500001430511483 -0.55499999999999983 -0.49499999999999994 0.14888728888808328 350.50000000000006 7.8050000000000006 0.029024409397335523 357.40000000000003 14.050000000000002 0.11478523713130605 12.045000000000002 0.51849435583340198 0.96177147954086928 998.87963867187511 424.50000000000006
decision_type=2 2 2 8 2 2 2 2 2 2 10 2 2 2 2 2 8 8 2 10 2 2 10 2 2 2 2 2 2 10
left_child=1 2 -1 4 5 6 13 -6 9 14 11 -8 -13 -3 -9 -7 18 27 19 -5 21 -21 23 -20 -22 -26 -24 -18 -29 -30
right_child=-2 3 -4 16 7 15 10 8 -10 -11 -12 12 -14 -15 -16 -17 17 -19 22 20 24 -23 26 -25 25 -27 -28 28 29 -31
leaf_value=0.0030013682261565513 0.0051413497606632719 -0.0043074571219745977 -0.0026282076645924276 -0.00024238149598371185 -0.0046498323863937109 -0.003947784203951042 0.0016030012503271765 -0.0001592357540816263 -0.0036015125161915325 0.0051188668768869482 0.0011353506980879369 0.0059279944109268887 0.0028977272582376167 -8.9641629159304886e-05 0.0022383535538988276 0.003208884020258148 -0.0037649082935594007 8.8284119888189461e-06 0.00034241239842857101 0.0029362888133477615 3.4285158130982451e-05 0.01157873352088915 -0.0047910132053963616 0.0029055720693260236 0.0054066706865843819 0.0014639259709765314 -0.00029137249590615227 -0.0014263255086668742 0.00132232467792122 0.0052072052590065145
leaf_weight=62 73 355 1070 947 792 988 120 96 396 51 621 74 87 13099 51 61 2963 242266 14620 94 399 116 1331 1286 88 135 4874 2556 534 63
leaf_count=62 73 355 1070 947 792 988 120 96 396 51 621 74 87 13099 51 61 2963 242266 14620 94 399 116 1331 1286 88 135 4874 2556 534 63
internal_value=-2.09818e-05 -2.23138e-05 -0.00133392 -1.71774e-05 -0.000360611 -0.000202857 -4.38853e-05 -0.002114 -3.36712e-05 0.00686869 0.00226164 0.00549822 0.00897515 -0.000198455 0.0035034 -0.00237846 4.00216e-06 -3.00356e-05 0.000357889 0.00261664 0.0059375 0.0133333 0.000176155 0.000626806 0.00344051 0.00890134 -0.00097905 -0.00161544 -0.000512212 0.00354271
internal_weight=290268 290195 1132 289063 16791 15405 14356 1386 594 198 902 281 161 13454 147 1049 272272 248382 23890 1779 832 210 22111 15906 622 223 6205 6116 3153 597
internal_count=290268 290195 1132 289063 16791 15405 14356 1386 594 198 902 281 161 13454 147 1049 272272 248382 23890 1779 832 210 22111 15906 622 223 6205 6116 3153 597
is_linear=0
shrinkage=0.05


Tree=237
num_leaves=31
num_cat=0
split_feature=8 17 23 16 16 1 23 9 9 18 14 21 22 13 14 15 9 22 22 18 22 5 18 5 21 21 1 4 14 15
split_gain=0.818766 0.78998 1.09133 1.02203 1.84318 2.33874 1.27561 1.17347 0.963971 0.985864 1.547 2.12305 1.23892 0.836999 1.01724 0.764357 1.95935 1.88999 3.84669 2.07856 2.75555 1.80662 2.15888 3.48971 2.23561 1.76727 3.3527 3.11489 1.72619 2.58444
threshold=175.00000000000003 355.50000000000006 0.92191100909954782 10.950000000000001 8.1500000000000004 15.945000000000002 -0.52765736634565841 998.87963867187511 654.16970825195324 7.3550000000000013 29.650000000000002 21.900000000000002 0.27694220057652758 3.6500000000000008 27.550000000000004 66.500000000000014 209.05644989013675 0.99552231814189451 0.9550229469509578 5.8850000000000007 0.95998215779580554 19.955000000000005 18.345000000000002 52.487142857142864 30.600000000000005 21.900000000000002 6.1950000000000012 8.9150000000000009 26.250000000000004 83.500000000000014
decision_type=2 2 2 2 2 2 2 2 2 2 2 8 2 2 2 2 2 2 2 2 2 2 2 2 10 8 2 2 2 2
left_child=1 15 3 4 -3 6 -6 13 9 10 -4 -12 -11 -8 -15 16 -1 18 -18 20 -20 28 23 24 -23 26 27 -22 29 -17
right_child=-2 2 8 -5 5 -7 7 -9 -10 12 11 -13 -14 14 -16 21 17 -19 19 -21 25 22 -24 -25 -26 -27 -28 -29 -30 -31
leaf_value=1.176386133367727e-05 0.0048842822726301131 -0.0032089056071924076 -0.0022808425113286629 -0.0027607755478681606 -0.004406746169834194 0.0050616749052105909 0.0029858350380335304 0.0098615437654778638 0.0023617260900490348 -0.0060440334632248464 0.0062356278694225683 0.00077107874672309386 0.0021897735690642006 0.0049920265691175579 -0.00098981237524922434 -0.00078100435139256995 -0.00048850987040442175 -0.0022274682421029872 0.0099880646017438384 0.00053261936804921439 0.0045456839391645005 0.0030692552955855924 -0.00081595261340061903 0.025235328736426588 -0.00095737793449678804 -0.00025544081943790941 -0.00026974741969954723 0.0073482272559397266 0.0001021997710361306 0.0003153147474739114
leaf_weight=113857 73 839 119 547 150 90 176 55 98 137 53 65 57 77 567 11644 32329 1584 99 2321 190 1683 1467 57 627 362 222 83 115606 5034
leaf_count=113857 73 839 119 547 150 90 176 55 98 137 53 65 57 77 567 11644 32329 1584 99 2321 190 1683 1467 57 627 362 222 83 115606 5034
internal_value=-2.06373e-05 -2.19692e-05 -0.000825084 -0.0012615 -0.000726716 0.00060538 -7.31719e-05 0.000657142 0.00123818 0.000220416 0.00238397 0.00644068 -0.00242268 0.000182926 -0.000652175 -1.34952e-05 -9.09332e-05 -0.000406024 -0.000330844 0.00130149 0.0032636 7.2436e-05 0.00114241 0.00207647 0.00177489 0.00235122 0.00429293 0.00800366 4.14248e-05 -0.000434106
internal_weight=290268 290195 3030 2501 1954 1115 1025 875 529 431 237 118 194 820 644 287165 151047 37190 35606 3277 956 136118 3834 2367 2310 857 495 273 132284 16678
internal_count=290268 290195 3030 2501 1954 1115 1025 875 529 431 237 118 194 820 644 287165 151047 37190 35606 3277 956 136118 3834 2367 2310 857 495 273 132284 16678
is_linear=0
shrinkage=0.05


Tree=238
num_leaves=31
num_cat=0
split_feature=13 14 23 9 23 18 18 4 9 23 23 20 15 23 23 9 17 16 5 22 22 20 1 22 16 23 4 15 23 17
split_gain=0.804868 1.20518 1.21336 1.69868 1.61237 1.70488 1.74034 1.49661 1.40167 1.38026 3.06681 3.22262 1.60569 1.58321 3.98509 2.02696 1.50241 1.48463 1.922 1.83498 2.49294 3.33741 1.6192 2.37429 1.65443 1.2823 2.1039 1.21094 3.3534 2.12382
threshold=23.950000000000003 32.45000000000001 -0.99465740988130902 541.99493408203136 -0.97874870457683594 5.9650000000000007 8.8450000000000006 11.675000000000002 275.53373718261724 -0.97111920233974802 -0.95242240592625282 155.90000000000003 71.500000000000014 -0.83375966452616657 -0.8142754349318998 383.06039428710943 221.50000000000003 8.8500000000000032 13.220714285714289 0.98049069993378934 0.98522604642031408 277.55000000000007 9.7050000000000018 0.9916835347852474 6.4500000000000011 0.99932962452255414 7.7650000000000006 76.500000000000014 0.19969739736768838 48.500000000000007
decision_type=2 2 2 2 2 2 2 2 2 2 2 10 2 2 2 2 2 2 2 2 2 8 2 2 2 2 2 2 2 2
left_child=-1 2 3 -2 5 -4 8 -5 -7 -6 11 -11 -13 -12 15 -15 -14 19 -19 25 -21 22 23 -22 -25 -16 -27 28 29 -20
right_child=1 -3 4 7 9 6 -8 -9 -10 10 13 12 16 14 17 -17 -18 18 27 20 21 -23 -24 24 -26 26 -28 -29 -30 -31
leaf_value=6.4869111070492696e-06 -0.0042876188852605758 -0.003101606143641428 -0.00074252662529110435 -0.0029474160570289714 -0.0022777983018262989 0.0071691143976434883 0.00040584185271267368 0.0069350014678622052 0.0026226216040122251 0.0068806850204291004 -0.0026183220251752844 -0.0048755770217459964 0.00033575260053793078 0.0087765539503104582 -0.00096008656781364937 -0.00039125546475197044 0.0040707656588810709 -8.1082567123305373e-06 0.013132818879240444 0.0082451021381904233 -0.0028333609536403703 -0.002757804443638468 -0.0015881960310826122 0.00037922045012372951 0.0044585791753370112 0.0059611313617395209 -0.0013187662342034193 -5.1287635547550736e-05 0.00076920514887933976 0.0061657386127202691
leaf_weight=262467 661 905 130 52 414 58 86 50 57 99 1399 89 89 99 10131 51 56 11068 55 61 73 359 94 74 172 74 96 448 507 294
leaf_count=262467 661 905 130 52 414 58 86 50 57 99 1399 89 89 99 10131 51 56 11068 55 61 73 359 94 74 172 74 96 448 507 294
internal_value=-2.13263e-05 -0.000277149 -0.000216762 -0.00218218 -0.000159378 0.00330816 0.00619403 0.00382353 0.0102174 -0.000203861 -0.000157162 0.00460961 0.00141026 -0.000220516 -0.00012386 0.008 0.00465517 -0.000175701 0.00020126 -0.000594576 0.00166266 0.000893781 0.00395884 0.00565831 0.00800813 -0.00077711 0.00352941 0.00201687 0.00311916 0.00689112
internal_weight=290268 27801 26896 763 26133 331 201 102 115 25802 25388 333 234 25055 23656 150 145 23506 12372 11134 833 772 413 319 246 10301 170 1304 856 349
internal_count=290268 27801 26896 763 26133 331 201 102 115 25802 25388 333 234 25055 23656 150 145 23506 12372 11134 833 772 413 319 246 10301 170 1304 856 349
is_linear=0
shrinkage=0.05


Tree=239
num_leaves=31
num_cat=0
split_feature=0 2 2 4 19 15 9 24 1 24 24 24 23 23 2 23 20 1 24 20 23 1 24 20 23 23 24 1 13 2
split_gain=0.784217 1.35028 2.45533 2.63849 0.969432 0.769289 1.91727 2.58213 2.32853 2.41118 1.8634 3.64951 2.89827 8.20347 7.81253 6.3981 12.8413 3.04423 2.64959 6.49835 5.19394 4.27534 3.10594 3.47515 4.19905 6.93475 6.06223 4.9622 4.21038 4.08677
threshold=1.9350000000000003 -0.12999999999999942 -0.050000000000000482 8.7850000000000019 1.8550000000000002 66.500000000000014 209.05644989013675 0.53000000000000014 5.8750000000000009 -0.65999999999999981 0.47500000000000003 -0.089999999999999983 -0.92272482904738262 -0.9575230291762723 3.8100000000000018 -0.94137724084408114 436.60000000000008 4.9150000000000009 0.83000000000000007 312.2000000000001 -0.7614016681079937 7.8650000000000011 0.89500000000000013 444.30000000000001 -0.46800559042974538 -0.58481178939031186 1.0350000000000004 44.280000000000008 0.25000000000000006 -0.20000000000000004
decision_type=2 2 2 2 2 2 2 10 2 10 8 10 2 2 2 2 10 2 8 10 2 2 8 8 2 2 8 2 2 2
left_child=1 4 3 -3 -1 6 10 8 9 -8 11 12 13 17 15 16 -15 -2 19 -12 -21 -22 -20 24 25 28 -27 -28 29 -24
right_child=5 2 -4 -5 -6 -7 7 -9 -10 -11 18 -13 -14 14 -16 -17 -18 -19 22 20 21 -23 23 -25 -26 26 27 -29 -30 -31
leaf_value=-0.00866534078889185 0.0037840258701733079 0.00039578441777725966 -0.0039037603752651012 0.0060976401112302851 -0.00096865063875110598 6.1208399966129932e-05 -0.0010630466165761467 -0.0014292466865753525 -0.00053582285731655979 0.00087322144979767955 0.00017584490730025704 -0.0008364021272153926 -6.3688922447912587e-06 0.011499299728202935 -0.0021211785851875178 0.0026540741186777562 0.0035368189074304543 -0.0011632317599150743 -0.0018661755141234151 0.00038975286474007489 0.00047780883421910604 0.0055601642025921499 0.0063267348666409696 -0.00029011640798865847 -0.00034884618973741663 -0.00020736138563382536 0.010901364325720201 0.0032668577622425362 0.00039138615875194201 0.0011230429839721244
leaf_weight=405 57 57 117 50 503 137035 1911 8371 18720 8397 3195 22154 39667 172 295 340 204 1494 2120 548 162 530 589 20179 9266 532 673 405 11031 1089
leaf_count=405 57 57 117 50 503 137035 1911 8371 18720 8397 3195 22154 39667 172 295 340 204 1494 2120 548 162 530 589 20179 9266 532 673 405 11031 1089
internal_value=-2.0465e-05 -0.00133392 0.00214286 0.00761682 -0.00219163 -1.53227e-05 -9.27356e-05 -0.000403622 -0.000180517 0.000422971 8.62987e-06 -0.000169534 0.000103127 0.00173302 0.00523739 0.00805866 0.0125532 -0.000551258 0.000236589 0.00140361 0.00447581 0.00735549 0.000123789 0.00021433 0.000626456 0.00116314 0.00425466 0.00641002 0.000771499 0.00310489
internal_weight=290268 1132 224 107 908 289136 152101 37399 29028 10308 114702 64383 42229 2562 1011 716 376 1551 50319 4435 1240 692 45884 43764 23585 14319 1610 1078 12709 1678
internal_count=290268 1132 224 107 908 289136 152101 37399 29028 10308 114702 64383 42229 2562 1011 716 376 1551 50319 4435 1240 692 45884 43764 23585 14319 1610 1078 12709 1678
is_linear=0
shrinkage=0.05


Tree=240
num_leaves=31
num_cat=0
split_feature=0 14 20 1 14 0 8 19 19 16 16 21 16 16 21 14 14 21 23 17 16 23 24 23 0 14 9 16 20 14
split_gain=0.836572 1.4573 1.71463 0.843103 0.750273 1.48202 0.939476 0.917295 0.924227 1.18326 1.76896 0.850686 1.81004 1.27533 1.95649 1.54561 2.63728 1.79593 1.27474 1.18352 1.63005 1.66877 2.02479 1.6389 1.66882 2.35116 1.66736 1.41051 1.25049 1.7397
threshold=1.9350000000000003 30.150000000000002 273.40000000000003 3.3350000000000004 34.650000000000013 10.155000000000003 166.50000000000003 9.3050000000000015 21.355000000000004 11.750000000000002 9.6500000000000004 172.50000000000003 9.6500000000000004 19.750000000000004 72.500000000000014 31.750000000000004 30.750000000000004 92.500000000000014 -0.8142754349318998 171.50000000000003 18.450000000000003 0.91511078773075516 -0.27499999999999997 -0.10837475778693638 10.835000000000003 33.750000000000007 24.528370857238773 18.850000000000005 667.00000000000011 32.650000000000013
decision_type=2 2 10 2 2 2 2 2 2 2 2 10 2 2 8 2 2 10 2 2 2 2 8 2 2 2 2 2 10 2
left_child=1 -1 -3 -4 6 -6 11 -7 -9 10 -10 13 -13 -2 -15 16 17 -16 -14 20 21 22 -20 28 -25 26 -26 -21 29 -24
right_child=4 2 3 -5 5 7 -8 8 9 -11 -12 12 18 14 15 -17 -18 -19 19 27 -22 -23 23 24 25 -27 -28 -29 -30 -31
leaf_value=-0.0025560848117901188 -1.2473304668170791e-05 -0.0046787525708674891 0.0052901260450397046 0.0023740066982480216 0.0061931302895362273 -0.0082896077196403465 0.0050864434484200714 0.0048505777071203605 -0.0045655068077694377 -0.0053471960814725815 0.012139026345267945 0.0045725761755238204 -0.0015103116652448517 -0.00078124614698783085 0.0050192515127388199 -0.0036296134071013906 0.0047663555483247067 -0.001751227974080791 -0.0028694195116107531 -0.0016840312205452985 -0.00071541302220066972 0.0048942302255174756 0.0011352522916790407 -0.00026569007922840293 0.01153031370265778 -0.0010183882669177519 0.012990740440799021 0.00075638292828025117 -0.00026234284593324705 0.014399247963462029
leaf_weight=922 279326 98 61 51 93 80 51 460 61 239 58 98 2468 380 82 60 82 123 201 1761 1126 73 536 89 77 52 54 532 918 56
leaf_count=922 279326 98 61 51 93 80 51 460 61 239 58 98 2468 380 82 60 82 123 201 1761 1126 73 536 89 77 52 54 532 918 56
internal_value=-2.14986e-05 -0.00137809 0.00238095 0.00660714 -1.61873e-05 0.00135721 -2.09108e-05 0.000734965 0.00123472 -0.000670392 0.00340336 -2.2112e-05 -0.000529164 -7.55333e-06 0.00208391 0.00479827 0.00632404 0.00329268 -0.00061249 -0.000187216 0.000436831 0.00127432 0.00100101 0.0015376 0.00511029 0.00784153 0.0114122 -0.00105321 0.000894039 0.00268581
internal_weight=290268 1132 210 112 289136 991 288145 898 818 358 119 288094 8041 280053 727 347 287 205 7943 5475 3182 2056 1983 1782 272 183 131 2293 1510 592
internal_count=290268 1132 210 112 289136 991 288145 898 818 358 119 288094 8041 280053 727 347 287 205 7943 5475 3182 2056 1983 1782 272 183 131 2293 1510 592
is_linear=0
shrinkage=0.05


Tree=241
num_leaves=31
num_cat=0
split_feature=13 24 23 23 20 14 18 24 21 24 20 9 22 22 20 20 14 22 15 21 23 23 20 20 16 21 20 22 22 19
split_gain=0.73898 1.38788 1.40961 2.68679 5.21597 1.81298 3.23294 2.23781 2.12482 1.81311 2.53646 1.73189 1.78726 2.51584 3.52998 1.68239 1.76793 1.73367 4.3327 1.55413 1.43607 1.52152 3.98339 1.82484 1.38547 1.35467 1.30794 2.12526 1.72176 1.65489
threshold=23.950000000000003 -0.22499999999999995 0.42763731121559989 0.41202506375868281 204.30000000000004 29.750000000000004 5.0050000000000008 1.0350000000000004 102.50000000000001 -0.029999999999999995 258.2000000000001 272.76518249511724 0.63920241694561786 0.79383249484937135 219.10000000000002 196.60000000000002 31.050000000000004 0.81428061195174062 69.500000000000014 12.500000000000002 0.28313308994381592 0.14888728888808328 222.20000000000002 249.90000000000003 9.4500000000000011 27.500000000000004 237.00000000000003 0.43733377705052551 0.12545942051955489 8.7750000000000004
decision_type=2 10 2 2 10 2 2 10 10 10 10 2 2 2 10 10 2 2 2 10 2 2 8 10 2 10 8 2 2 2
left_child=-1 -2 3 5 19 9 7 11 -8 -3 20 25 -13 14 -14 16 17 -4 -19 -5 21 23 -23 26 -15 -7 -11 28 -28 -30
right_child=1 2 15 4 -6 6 8 -9 -10 10 -12 12 13 24 -16 -17 -18 18 -20 -21 -22 22 -24 -25 -26 -27 27 -29 29 -31
leaf_value=6.8826826347375206e-06 0.00016841745587090919 -0.0034109902630067267 -0.00038263382638723518 -0.0047596359482538816 0.010303759245424596 0.00049914605987994704 -0.00031867735520830717 -0.0022484376753472124 0.013118775531039462 0.00040760264268105157 -0.0038698572839291597 -9.7860855229146672e-05 0.0086690632406212081 0.00018820944119038636 0.0032162803118638444 -0.0026276259640069838 -0.003476964361381841 0.0084602267692195417 0.00086481848326375166 0.0027573907108037077 -0.0032958359866991889 -0.0014483927300768197 0.0078798827848339404 0.0031325072155417399 0.0044680560180691596 0.0039418255666914016 -0.0027455723637923868 -0.003223912261121203 0.0027804856341489079 -0.0028555903666751051
leaf_weight=262467 10348 1596 1586 84 66 391 4370 151 50 2380 975 82 55 93 54 1948 540 53 265 64 453 165 97 122 97 62 155 1176 258 65
leaf_count=262467 10348 1596 1586 84 66 391 4370 151 50 2380 975 82 55 93 54 1948 540 53 265 64 453 165 97 122 97 62 155 1176 258 65
internal_value=-1.94315e-05 -0.00026456 -0.000536585 -0.000276014 0.00528037 -0.00036857 0.000328398 0.00291878 -0.00024887 -0.000874766 -0.000466987 0.00393285 0.00641732 0.0082107 0.0142661 -0.00131148 -0.000437808 0.00027836 0.0036478 6.75664e-05 -1.02768e-06 0.000273878 0.00396946 4.09035e-05 0.00473684 0.00184327 -0.0001413 -0.00122128 0.00158996 0.00366873
internal_weight=290268 27801 17453 13061 214 12847 5405 985 4420 7442 5846 834 381 299 109 4392 2444 1904 318 148 4871 4418 262 4156 190 453 4034 1654 478 323
internal_count=290268 27801 17453 13061 214 12847 5405 985 4420 7442 5846 834 381 299 109 4392 2444 1904 318 148 4871 4418 262 4156 190 453 4034 1654 478 323
is_linear=0
shrinkage=0.05


Tree=242
num_leaves=31
num_cat=0
split_feature=14 24 23 0 23 18 21 24 2 1 16 23 23 2 16 19 1 5 1 14 4 24 23 1 23 24 3 23 23 23
split_gain=0.737828 0.703135 2.03317 4.84573 7.92271 6.64838 2.78933 2.21624 2.29578 2.19169 2.31752 2.10898 4.34263 2.22124 2.09244 2.40156 2.04779 1.94829 1.85212 1.97084 2.07767 1.92498 5.49373 5.83754 6.76122 14.6563 6.91166 6.84303 4.98482 12.6119
threshold=35.750000000000007 -0.089999999999999983 -0.42179730054635828 5.7250000000000005 -0.6652727025667432 4.1050000000000013 57.500000000000007 -0.18999999999999997 8.5750000000000046 3.5850000000000004 10.15 -0.83375966452616657 -0.82413948779581736 0.70000000000000051 7.5500000000000007 6.4050000000000011 8.3450000000000006 28.063571428571432 124.20500000000003 32.95000000000001 8.8750000000000018 -0.24999999999999997 0.29958852271690523 7.8250000000000011 0.59003219687534991 -0.22499999999999995 5.0316666666666681 0.56191161272202661 0.71952396275653763 0.75438814418115718
decision_type=2 10 2 2 2 2 10 10 2 2 2 2 2 2 2 2 2 2 2 2 2 10 2 2 2 10 2 2 2 2
left_child=1 2 3 4 11 -6 -5 18 9 -9 -11 13 -13 -1 -7 -16 -14 -10 19 21 -21 -4 -23 24 25 -24 -27 -28 -26 -30
right_child=-2 -3 7 6 5 14 -8 8 17 10 -12 12 16 -15 15 -17 -18 -19 -20 20 -22 22 23 -25 28 26 27 -29 29 -31
leaf_value=-0.0017773132006131806 0.0035703122292404126 -8.5920334213177292e-05 -3.9562761352486642e-05 0.00074101068708880768 0.015418157770485805 0.0012085204910598105 -0.0013668814875641209 0.006209007489486113 0.0011447845121109301 -0.0043702934283314926 -0.00041337395436071397 0.010526139392612691 -0.0007596343623735059 0.0030010581270989607 0.009606177627484086 0.0074948124668287796 0.0038373157419738508 0.027603264440719762 0.010353771364164342 0.0017840563187052094 -0.0024035997893409261 -0.00140892796840929 -0.0015048144997870877 0.00018587431750044089 -0.0014859000424610014 0.0015397557785657488 0.0064286202078131759 0.0068173659721501691 0.0060065045937622843 0.0011634474944828455
leaf_weight=520 169 163215 81575 16402 67 107 3441 127 137 2229 2587 84 188 60 83 87 131 64 108 208 2271 3299 519 8041 1429 228 479 233 397 1783
leaf_count=520 169 163215 81575 16402 67 107 3441 127 137 2229 2587 84 188 60 83 87 131 64 108 208 2271 3299 519 8041 1429 228 479 233 397 1783
internal_value=-1.87425e-05 -2.06666e-05 6.76196e-05 0.000514878 0.00344009 0.00997093 0.000319255 -2.19472e-05 -0.00103422 -0.00124722 -0.00141819 0.00115463 0.003933 -0.000775863 0.00655235 0.01 0.00126959 0.00420398 2.98288e-05 2.27935e-05 -0.00136951 5.80191e-05 0.000552168 0.00101114 0.00234017 0.00521247 0.00893617 0.0113624 0.001179 0.00268349
internal_weight=290268 290099 126884 21170 1327 344 19843 105714 5144 4943 4816 983 403 580 277 170 319 201 100570 100462 2479 97983 16408 13109 5068 1459 940 712 3609 2180
internal_count=290268 290099 126884 21170 1327 344 19843 105714 5144 4943 4816 983 403 580 277 170 319 201 100570 100462 2479 97983 16408 13109 5068 1459 940 712 3609 2180
is_linear=0
shrinkage=0.05


Tree=243
num_leaves=31
num_cat=0
split_feature=13 2 21 14 24 16 14 23 1 1 23 5 23 23 21 24 20 15 23 23 20 20 2 19 20 23 18 23 24 13
split_gain=0.739988 1.5317 1.33538 1.0973 1.80856 1.09844 1.36589 1.88412 1.4666 1.43358 1.683 1.2204 1.13455 5.6139 1.55208 1.42847 1.97476 1.41414 1.40067 1.42081 1.388 1.50917 1.1032 1.05485 1.03246 1.39223 1.15891 1.03094 0.964493 0.916324
threshold=24.750000000000004 2.3700000000000032 57.500000000000007 32.45000000000001 -0.60499999999999987 11.550000000000002 31.750000000000004 0.19969739736768838 7.2750000000000012 4.1250000000000009 0.14888728888808328 13.105000000000002 0.90070004940655357 0.90438663683299525 21.900000000000002 -0.42499999999999993 204.30000000000004 66.500000000000014 0.94909129669788206 0.97461712852231652 239.50000000000003 313.2000000000001 -0.050000000000000482 10.135000000000003 271.35000000000008 0.51849435583340198 9.6150000000000002 -0.13398942717002907 -0.29499999999999993 41.95000000000001
decision_type=2 2 10 2 10 2 2 2 2 2 2 2 2 2 8 10 10 2 2 2 10 10 2 2 10 2 2 2 10 2
left_child=-1 3 -3 5 -5 12 9 8 -8 10 -7 -11 -2 -14 17 -16 18 -15 -17 -20 -18 -22 -12 28 26 27 -13 -26 -4 -21
right_child=1 2 23 4 -6 6 7 -9 -10 11 22 24 13 14 15 16 20 -19 19 29 21 -23 -24 -25 25 -27 -28 -29 -30 -31
leaf_value=5.5004414114969206e-06 -0.00038935000105560748 -0.0021012576036513264 0.0038227778314004522 0.0052586795583592014 -0.0041694762481347489 0.0030404041646109989 0.010836563379003745 -0.00081111461927395431 0.003107758531910807 -0.00024285069765760591 0.004842385992362459 0.0044395295056184215 0.0096952258095718089 -0.0039679958862757249 -0.0004159353889466263 0.0050762236782407382 0.0079301931209045644 3.6953289044269121e-05 -0.0088508651774974328 0.0022184922661634024 0.0015231597744396089 0.0093436478255714637 -0.00043902900400804657 0.0084221107983404788 -0.0002857857060214931 -0.0034857463483245485 0.0037229454769681586 0.0093380084938821228 -0.0035695661221850847 -0.0026059136841534991
leaf_weight=264792 15394 2727 55 57 620 53 50 127 91 2879 59 65 80 343 521 69 53 949 162 319 112 55 142 55 51 119 72 54 60 83
leaf_count=264792 15394 2727 55 57 620 53 50 127 91 2879 59 65 80 343 521 69 53 949 162 319 112 55 142 55 51 119 72 54 60 83
internal_value=-1.85702e-05 -0.000275947 -0.0013583 -0.000137075 -0.00211965 -7.57934e-05 0.000701753 0.00414179 0.00812057 0.000437892 0.00405512 0.00015432 -0.000237046 0.000699198 0.000307576 0.00147744 0.0027374 -0.000936534 0.00131911 0.000496453 0.00681818 0.00458084 0.00196517 0.00294118 0.00289474 0.00080357 0.00631387 0.005 0.00021739 0.00208955
internal_weight=290268 25476 2897 22579 677 21902 3762 268 141 3494 254 3240 18140 2746 2666 1374 853 1292 633 564 220 167 201 170 361 224 137 105 115 402
internal_count=290268 25476 2897 22579 677 21902 3762 268 141 3494 254 3240 18140 2746 2666 1374 853 1292 633 564 220 167 201 170 361 224 137 105 115 402
is_linear=0
shrinkage=0.05


Tree=244
num_leaves=31
num_cat=0
split_feature=13 21 22 19 23 20 13 22 24 24 4 20 22 9 17 20 4 22 3 17 0 9 19 23 22 9 13 19 22 9
split_gain=0.739988 1.10066 1.68424 1.29556 1.18201 1.08188 1.44658 1.79786 1.76592 1.4617 1.20407 1.23584 0.963039 1.36359 2.74152 0.930842 0.920387 1.29211 0.910679 1.33225 1.51888 1.75421 1.64938 2.2498 2.91633 4.12307 2.64195 1.60076 1.41804 1.39765
threshold=24.750000000000004 27.500000000000004 0.99966190462023474 7.5050000000000008 0.99981043035926087 267.2000000000001 54.95000000000001 0.26037272046371446 -0.22499999999999995 -0.24999999999999997 18.885000000000002 262.60000000000008 -0.55657520495441892 402.74378967285162 226.50000000000003 198.40000000000003 19.815000000000001 -0.30983472475487867 5.4466666666666681 277.50000000000006 7.1350000000000007 111.51495361328126 4.6950000000000012 0.84199059757024453 0.94425825643485939 266.61647033691412 28.150000000000002 4.1850000000000014 -0.99866806308218525 331.07556152343756
decision_type=2 10 2 2 2 10 2 2 10 8 2 10 2 2 2 10 2 2 2 2 2 2 2 2 2 2 2 2 2 2
left_child=-1 3 4 18 5 6 8 -8 9 10 11 12 13 15 -15 -3 17 -10 -2 28 21 -21 27 24 -24 -26 -25 29 -20 -23
right_child=1 2 -4 -5 -6 -7 7 -9 16 -11 -12 -13 -14 14 -16 -17 -18 -19 19 20 -22 22 23 26 25 -27 -28 -29 -30 -31
leaf_value=5.2254193409142707e-06 -0.00076363259195897813 0.0028469980915564962 0.0046528936695011463 -0.0012421849113736466 0.0021061468846327387 -0.00027464600233030904 0.00051263006336919881 0.00934106005003533 -0.0027192217505866987 0.0068495303343319635 -0.0025741359229216627 0.0038702416245217034 0.0001767310963862134 0.0031561417681847934 0.0006116989569442576 -0.00012151259683812861 0.0023755254894559825 -9.4113211145421146e-05 0.0058759724383936765 -0.0016713459048754234 -0.0004289869739929641 0.0044334886889538429 0.00070702241047216046 0.00093301244796386695 0.0094181209536475102 0.0016545475313517418 0.0054850663973516102 -0.0022783046156652168 -0.00029498258201535914 -0.00070506047066218401
leaf_weight=264792 3963 65 53 6655 74 3826 79 65 328 72 149 70 465 81 104 249 165 878 67 245 1046 191 412 59 70 85 88 148 5549 175
leaf_count=264792 3963 65 53 6655 74 3826 79 65 328 72 149 70 465 81 104 249 165 878 67 245 1046 191 412 59 70 85 88 148 5549 175
internal_value=-1.85702e-05 -0.000275947 0.000272942 -0.000472726 0.000202398 0.000131897 0.000884475 0.00576389 0.000616907 0.00197211 0.00155114 0.00215667 0.00169087 0.00321643 0.00662162 0.00121019 -0.000623634 -0.00110282 -0.000164491 0.00013829 0.00109369 0.00212831 0.00289902 0.00445378 0.00302469 0.00887097 0.00996599 0.000739298 -0.000290243 0.00251366
internal_weight=290268 25476 6723 18753 6670 6596 2770 144 2626 1255 1183 1034 964 499 185 314 1371 1206 12098 8135 2519 1473 1228 714 567 155 147 514 5616 366
internal_count=290268 25476 6723 18753 6670 6596 2770 144 2626 1255 1183 1034 964 499 185 314 1371 1206 12098 8135 2519 1473 1228 714 567 155 147 514 5616 366
is_linear=0
shrinkage=0.05


Tree=245
num_leaves=31
num_cat=0
split_feature=22 22 23 22 0 23 22 13 17 20 23 9 24 3 24 22 22 24 17 9 17 0 5 1 1 9 22 14 3 16
split_gain=0.72965 1.53846 4.01653 3.78206 2.57809 2.20663 3.40064 4.40813 2.51038 4.24458 2.18453 2.1695 2.11299 4.05387 2.37037 2.93848 4.00451 3.97727 5.06168 4.39481 3.09429 2.95098 3.04092 2.97441 2.29864 2.50393 2.09568 2.09262 2.49326 2.02225
threshold=-0.99763297024448894 -0.98523971305672675 -0.15950993297387572 -0.97113884758256674 30.275000000000002 0.16587474750015932 -0.98214942551678475 6.3500000000000005 104.50000000000001 476.35000000000008 0.18281312110578132 452.44052124023443 1.4950000000000003 4.7950000000000008 -0.22499999999999995 -0.99630266176052629 -0.99467753128998015 -0.58499999999999985 100.50000000000001 409.80174255371099 268.50000000000006 8.6950000000000021 5.1292857142857144 4.9150000000000009 14.755000000000001 67.836196899414077 -0.9905448150984083 27.450000000000003 6.7166666666666677 12.15
decision_type=2 2 2 2 2 2 2 2 2 10 2 2 10 2 10 2 2 10 2 2 2 2 2 2 2 2 2 2 2 2
left_child=-1 2 27 4 5 6 7 -3 9 11 -6 -8 14 -14 15 -4 21 19 26 -18 -21 22 -17 -24 25 -20 -19 28 -2 -25
right_child=1 3 12 -5 10 -7 8 -9 -10 -11 -12 -13 13 -15 -16 16 17 18 24 20 -22 -23 23 29 -26 -27 -28 -29 -30 -31
leaf_value=-0.00052867034443203125 0.0035311514220435092 -0.00082167562407752795 -0.0024256129738072963 2.17608377001652e-08 -0.0061756321769045911 -0.0029568420666328129 -0.00079934266750196199 0.0039580338354100316 -0.0024075672664346866 0.0075111786979606887 0.011388316703672338 0.0028154494482336943 0.010856531278166754 0.0021810880997801176 -0.001975841663006806 -0.00073611040954571147 -0.0034804744231245605 0.0036812954589190345 0.0042081909981465529 0.0013879792820091429 0.0061797742411959788 0.0011241724764934687 0.0064084049191853384 0.003282331437864822 -0.0032271427760222392 -9.2477686372356807e-05 0.011996487182691046 0.0024392492017203645 0.011499063399808438 0.0091734974283363552
leaf_weight=6336 55 393 792 268092 69 3056 426 383 1824 52 83 50 51 2127 2178 103 1266 58 489 70 50 339 68 232 384 396 59 686 51 50
leaf_count=6336 55 393 792 268092 69 3056 426 383 1824 52 83 50 51 2127 2178 103 1266 58 489 70 50 339 68 232 384 396 59 686 51 50
internal_value=-1.85702e-05 -6.72815e-06 0.000618686 -2.83875e-05 -0.0012358 -0.00139392 -0.000460359 0.00240979 -0.00140731 0.00162879 0.00519737 0.000147058 0.000308768 0.00165748 -0.000140803 0.000532598 0.00114478 0.000248917 0.00214286 -0.00164502 0.0075 0.0042803 0.00692053 0.00914286 0.00122537 0.00262712 0.012094 0.00402778 0.010566 0.00687943
internal_weight=290268 283932 9504 274428 6336 6184 3128 776 2352 528 152 476 8712 2178 6534 4356 3564 2772 1386 1386 120 792 453 350 1269 885 117 792 106 282
internal_count=290268 283932 9504 274428 6336 6184 3128 776 2352 528 152 476 8712 2178 6534 4356 3564 2772 1386 1386 120 792 453 350 1269 885 117 792 106 282
is_linear=0
shrinkage=0.05


Tree=246
num_leaves=31
num_cat=0
split_feature=13 2 22 16 22 15 5 24 20 23 23 9 14 23 3 3 20 9 14 24 21 15 2 13 13 22 23 5 15 15
split_gain=0.704584 1.49969 1.74105 1.02581 0.990988 1.94613 1.48883 1.44797 1.58815 2.22249 2.65776 2.9867 4.02698 2.05585 1.49673 1.45756 1.42563 2.39942 1.45825 2.25256 1.42447 2.14115 2.5248 1.28705 1.73461 1.62685 2.52756 1.49715 1.88347 1.28081
threshold=24.750000000000004 2.3700000000000032 -0.95244167294248061 8.2500000000000018 0.94425825643485939 74.500000000000014 13.105000000000002 -0.22499999999999995 185.70000000000002 -0.6391983530350368 -0.72694848937061807 200.50074768066409 29.750000000000004 -0.50557503990954278 6.9816666666666665 4.0650000000000013 230.50000000000003 695.77572631835949 27.950000000000003 0.095000000000000015 57.500000000000007 67.500000000000014 -0.65000000000000013 26.350000000000005 27.350000000000005 0.62587949062545845 -0.82413948779581736 6.8478571428571433 85.500000000000014 65.500000000000014
decision_type=2 2 2 2 2 2 2 10 10 2 2 2 2 2 2 2 8 2 2 10 10 2 2 2 2 2 2 2 2 2
left_child=-1 4 3 -3 7 6 -6 -2 9 10 14 -12 -13 -11 15 -9 17 18 -7 -20 -10 22 -22 -17 -25 26 27 28 -26 -15
right_child=1 2 -4 -5 5 16 -8 8 20 13 11 12 -14 29 -16 23 -18 -19 19 -21 21 -23 -24 24 25 -27 -28 -29 -30 -31
leaf_value=3.7776027295003315e-06 0.0002413807477580831 -0.0040658232458221366 -0.0020908109892366147 0.0045893800687844639 0.0012347156561631767 0.00073754390360733176 0.0096932419039306855 -0.005314631026156944 -0.0015311765492928807 -0.006073023519183738 -0.00041368370595245532 0.002717483062762037 0.0082876245057634228 -0.003139972799154761 -0.0011898725584584783 -0.0043748511652935444 -0.0029231080290430165 -0.0048042321535742144 0.0064177374639152037 0.00058646763924424122 -0.0022148073018560784 -0.00016637437300996111 0.011402659051844132 0.0067626750834471547 0.0013724953957792987 -0.0098212272968788272 0.0070448369568120051 -0.0018855524441899021 0.0059757906421224333 0.00015341562751632212
leaf_weight=264792 8391 75 2640 182 1531 269 67 89 5630 519 146 128 81 411 821 96 564 177 62 55 50 448 63 67 119 69 71 175 51 2429
leaf_count=264792 8391 75 2640 182 1531 269 67 89 5630 519 146 128 81 411 821 96 564 177 62 55 50 448 63 67 119 69 71 175 51 2429
internal_value=-1.89147e-05 -0.000270059 -0.00134104 0.00258755 -0.000132647 0.000761467 0.0018836 -0.000255365 -0.000620694 1.70701e-05 0.00137742 0.00528169 0.00911483 -0.000757667 0.000487804 0.00212347 -0.000829637 0.000950265 0.00316062 0.00782051 -0.00116379 0.00123886 0.00738938 0.00294753 0.00387681 0.00283505 0.00401442 0.00224638 0.00558823 -0.000228874
internal_weight=290268 25476 2897 257 22579 2725 1598 19854 11463 5272 1913 355 209 3359 1558 737 1127 563 386 117 6191 561 113 648 552 485 416 345 170 2840
internal_count=290268 25476 2897 257 22579 2725 1598 19854 11463 5272 1913 355 209 3359 1558 737 1127 563 386 117 6191 561 113 648 552 485 416 345 170 2840
is_linear=0
shrinkage=0.05


Tree=247
num_leaves=31
num_cat=0
split_feature=13 2 22 9 20 16 20 13 22 20 17 20 23 23 18 14 22 20 22 9 23 22 4 24 9 18 15 23 23 23
split_gain=0.860121 1.41616 1.48919 0.994086 1.34553 1.49218 2.00502 1.47963 1.68178 3.58317 1.401 1.37274 1.24053 4.06004 3.47374 2.85 1.57817 2.0166 1.40255 2.5881 1.26558 1.22334 1.55022 2.10177 1.81755 2.33333 1.2183 1.19702 1.9483 1.47817
threshold=24.750000000000004 2.5600000000000001 -0.79384350655589164 213.93643951416018 364.90000000000003 12.450000000000001 359.90000000000003 30.250000000000004 -0.37447345805034543 288.90000000000003 310.50000000000006 260.50000000000006 -0.6391983530350368 -0.72694848937061807 4.5850000000000009 29.750000000000004 -0.63921128368950708 194.50000000000003 -0.11692013674435776 998.87963867187511 -0.52765736634565841 0.62587949062545845 10.295000000000002 1.3800000000000001 349.36264038085943 5.7250000000000005 74.500000000000014 -0.50557503990954278 -0.42179730054635828 -0.45273527932988084
decision_type=2 2 2 2 10 2 10 2 2 10 2 10 2 2 2 2 2 10 2 2 2 2 2 10 2 2 2 2 2 2
left_child=-1 3 -3 27 5 6 12 8 9 11 -9 -7 13 16 15 -15 -5 18 -18 21 -14 22 23 24 25 -20 -12 -2 29 -29
right_child=1 2 -4 4 -6 7 -8 10 -10 -11 26 -13 20 14 -16 -17 17 -19 19 -21 -22 -23 -24 -25 -26 -27 -28 28 -30 -31
leaf_value=3.588722593035656e-06 -0.0017423367458162791 0.00083270788571957605 -0.0026053543115735316 0.0031510670913134607 -0.0023118070364493244 0.0046359911992133697 0.0045128776325423425 -0.00056660277725383262 0.0014122273958184454 0.0051231885675179232 0.0059053792577486363 -0.0029581480764590195 -0.0048419657876034861 0.0039515020920397517 0.0019421790783451416 0.0077848094549864705 -0.0031934217528885242 -0.0028097958729251756 1.8472523914814027e-05 0.0066238385829339138 -0.00010823688804959501 -0.0066507180109420597 -0.00023180406206234694 0.0087043643334059877 -0.00048925580475384686 0.0050953025028394666 0.0014548152407023401 0.00053432362696802921 -0.00031716653205597482 0.013374207078934962
leaf_weight=264792 2766 551 2038 62 581 91 55 601 457 81 50 54 433 114 186 76 130 621 70 51 8579 152 405 59 187 80 82 204 6567 93
leaf_count=264792 2766 551 2038 62 581 91 55 601 457 81 50 54 433 114 186 76 130 621 70 51 8579 152 405 59 187 80 82 204 6567 93
internal_value=-2.20153e-05 -0.000299499 -0.00140788 -0.000174118 0.000106735 0.000214578 2.22013e-05 0.00174435 0.00341874 0.0069469 0.000184173 0.00224138 -2.45438e-05 0.00104195 0.00577128 0.0105263 6.32899e-05 -0.000213676 0.00104056 0.00167331 -0.000284067 0.00108604 0.00186642 0.00409091 0.00256676 0.00666667 0.00484848 -0.000560749 -0.000206878 0.00375421
internal_weight=290268 25476 2589 22887 13257 12676 11260 1416 683 226 733 145 11205 2193 376 190 1817 1755 1134 1004 9012 953 801 396 337 150 132 9630 6864 297
internal_count=290268 25476 2589 22887 13257 12676 11260 1416 683 226 733 145 11205 2193 376 190 1817 1755 1134 1004 9012 953 801 396 337 150 132 9630 6864 297
is_linear=0
shrinkage=0.05


Tree=248
num_leaves=31
num_cat=0
split_feature=11 1 0 8 14 11 1 10 7 17 0 14 2 2 22 16 23 16 17 2 0 18 2 2 17 17 5 0 16 16
split_gain=0.691073 1.65121 2.81865 1.32191 1.28158 1.12784 0.929791 0.806817 0.793244 0.762154 0.71591 1.38741 2.40048 0.754286 0.720676 1.16047 1.53837 1.85583 3.38141 1.84199 1.48502 1.33999 0.990237 2.62042 1.30358 1.44857 1.30302 1.19691 0.861033 1.25138
threshold=21.23499965667725 12.135000000000003 15.535000000000002 30.500000000000004 32.150000000000013 51.295000076293952 10.005000000000001 5.8016667366027841 1.5000000000000002 339.50000000000006 1.9350000000000003 30.150000000000002 -0.12999999999999942 -2.6999999999999997 -0.99940763397299126 8.0500000000000025 -0.022575793296316496 9.7500000000000018 42.500000000000007 -0.0899999999999994 10.895000000000001 9.7650000000000023 4.1649999999999991 1.2100000000000009 72.500000000000014 133.50000000000003 13.762142857142861 10.655000000000003 12.250000000000002 11.250000000000002
decision_type=2 2 2 2 2 2 2 2 2 2 2 2 2 2 2 2 2 2 2 2 2 2 2 2 2 2 2 2 2 2
left_child=10 2 3 5 -4 -2 -7 8 -3 -9 11 -1 13 -13 15 -12 17 19 21 20 -17 -19 23 27 -25 -26 -27 -18 29 -29
right_child=1 7 4 -5 -6 6 -8 9 -10 -11 14 12 -14 -15 -16 16 22 18 -20 -21 -22 -23 -24 24 25 26 -28 28 -30 -31
leaf_value=-0.0026029877138226739 -9.2000945877254912e-05 0.0081997165041255669 0.0038566614541395263 0.01959228469245055 0.010226714180217901 0.0047125015028172028 -0.00044789928331727023 -0.00039536111854175947 -0.0026489009896427788 0.0072140120762696248 -0.0027949939343203723 -0.012514543655947475 0.0050699865204900585 0.0024022633614959005 -1.6955890847543495e-05 -0.0090360286514529885 -0.0031762364320302655 0.0024797459103642235 -0.0039191198518525455 0.0090718445914279768 0.0059397694300795841 0.0060584666150415899 -0.0045406542064908486 -0.0042961028686696297 0.0083208032042146277 -0.0014760200558909776 0.0044534990872069869 0.00083199059283428764 -0.0051470155467403904 0.011541376344286808
leaf_weight=921 845 56 54 69 73 162 93 3357 59 50 770 66 60 84 281234 65 880 51 275 94 50 52 240 59 60 83 57 180 118 51
leaf_count=921 845 56 54 69 73 162 93 3357 59 50 770 66 60 84 281234 65 880 51 275 94 50 52 240 59 60 83 57 180 118 51
internal_value=-2.09818e-05 0.000572851 0.00209876 0.0013302 0.00917323 0.00090909 0.00382353 1.1356e-05 0.00413043 -0.00012768 -3.10049e-05 -0.00128647 0.00238095 -0.001 -2.60107e-05 -0.000786063 -0.000226783 0.00198467 -0.000105821 0.00576555 0.00152174 0.00762136 -0.00097801 -0.000497313 0.00407336 0.006 0.00321428 -0.00146054 0.00101719 0.00279221
internal_weight=290268 4818 1296 1169 127 1100 255 3522 115 3407 285450 1131 210 150 284319 3085 2315 587 378 209 115 103 1728 1488 259 200 140 1229 349 231
internal_count=290268 4818 1296 1169 127 1100 255 3522 115 3407 285450 1131 210 150 284319 3085 2315 587 378 209 115 103 1728 1488 259 200 140 1229 349 231
is_linear=0
shrinkage=0.05


Tree=249
num_leaves=31
num_cat=0
split_feature=13 18 22 23 9 4 4 9 24 17 16 16 9 19 22 4 19 19 24 9 23 23 16 16 3 4 21 0 22 14
split_gain=0.79031 1.14116 1.65712 4.11481 1.26351 1.76495 1.39739 1.26984 1.22241 1.21457 1.20517 1.54448 1.45962 2.00379 1.97035 1.46382 1.42984 1.42481 1.40439 1.17355 1.1469 1.88236 1.14556 1.39824 1.16955 1.12108 1.76574 2.09353 1.64749 1.73169
threshold=24.750000000000004 7.0850000000000009 -0.8781231054254196 -0.43733099657705293 213.93643951416018 11.825000000000001 59.185000000000009 260.38023376464849 1.9550000000000003 309.50000000000006 6.0500000000000007 6.5500000000000007 504.91798400878912 6.0850000000000009 0.99966190462023474 13.145000000000001 6.5250000000000012 2.8050000000000002 1.1900000000000002 634.89492797851574 -0.013976481981245173 0.41202506375868281 12.350000000000003 12.750000000000002 5.4466666666666681 9.9550000000000018 42.500000000000007 4.7550000000000008 0.29342972903661901 29.250000000000004
decision_type=2 2 2 2 2 2 2 2 10 2 2 2 2 2 2 2 2 2 10 2 2 2 2 2 2 2 8 2 2 2
left_child=-1 8 3 -3 6 7 -5 -6 10 -10 19 16 14 20 22 -16 17 -12 -19 -2 -14 -22 24 -24 -13 26 -15 -28 -27 -30
right_child=1 2 -4 4 5 -7 -8 -9 9 -11 11 12 13 25 15 -17 -18 18 -20 -21 21 -23 23 -25 -26 28 27 -29 29 -31
leaf_value=5.2835533584100335e-06 -0.00052719189999415341 0.017210348114109573 -0.00089450044873774304 -0.0012276869819124413 0.0097987718054523502 -8.771072087600918e-05 0.011486382607867617 0.0021538327978263471 -0.0024774156645050631 0.001711775387523139 -0.0027741679447025602 -0.001435379839061358 0.0022133027082511885 -0.0013550311994102373 0.0043332608476110389 0.0022505248227145678 -0.0033839972234963205 0.0022186250771881774 0.010478842402660535 -0.0032295488395584155 -0.0034768570327109727 0.00043633084045192617 0.0043527117475385497 0.00028459378893721799 -2.8810784824895617e-05 0.00096551383162062499 0.005055201334470065 0.0014094593176231017 0.0075249529833072678 0.003063210644651879
leaf_weight=264792 1479 59 9061 1241 60 385 59 192 633 146 65 2195 467 268 51 58 184 463 98 312 306 1437 185 680 4835 162 50 141 124 80
leaf_count=264792 1479 59 9061 1241 60 385 59 192 633 146 65 2195 467 268 51 58 184 463 98 312 306 1437 185 680 4835 162 50 141 124 80
internal_value=-1.9776e-05 -0.00028576 -0.000667904 0.000636271 0.000240061 0.00206436 -0.000653847 0.00531746 7.28087e-06 -0.00191913 0.000117301 0.000300024 0.000145392 0.00107908 -0.000208647 0.00646789 0.00240741 0.00354632 0.00435829 -0.00109157 0.000294116 -0.000295469 -0.000300824 0.00141618 -0.000512092 0.00318182 0.00153595 0.00520942 0.0052459 0.00823529
internal_weight=290268 25476 11057 1996 1937 637 1300 252 14419 779 13640 11849 11039 3035 8004 109 810 626 561 1791 2210 1743 7895 865 7030 825 459 191 366 204
internal_count=290268 25476 11057 1996 1937 637 1300 252 14419 779 13640 11849 11039 3035 8004 109 810 626 561 1791 2210 1743 7895 865 7030 825 459 191 366 204
is_linear=0
shrinkage=0.05


Tree=250
num_leaves=31
num_cat=0
split_feature=22 15 14 23 24 5 14 15 21 17 15 3 14 5 22 13 17 23 22 22 20 22 15 24 22 15 14 17 20 22
split_gain=0.731546 1.99186 1.60867 1.15327 1.36265 1.86962 1.59285 2.0876 2.21999 1.54008 2.06954 2.3614 1.48615 1.42432 1.34241 1.73613 1.24637 1.14972 1.14873 7.90743 4.7721 3.64844 6.72227 4.74492 9.12861 6.67446 6.57632 3.17045 3.70291 2.99966
threshold=0.99761913169647187 61.500000000000007 32.150000000000013 0.029024409397335523 1.1900000000000002 7.172142857142858 27.350000000000005 79.500000000000014 30.600000000000005 316.50000000000006 68.500000000000014 8.6883333333333344 28.350000000000005 5.9271428571428588 0.99983759474438971 23.150000000000002 282.50000000000006 0.011826144619637555 0.90162119223771331 0.88220160189607266 159.70000000000002 0.90892735371523092 82.500000000000014 0.36500000000000005 0.9053161325100999 62.500000000000007 31.550000000000004 287.50000000000006 163.00000000000003 0.9053161325100999
decision_type=2 2 2 2 10 2 2 2 8 2 2 2 2 2 2 2 2 2 2 2 10 2 2 10 2 2 2 2 10 2
left_child=18 -2 3 4 5 -3 -7 9 -9 14 -11 -12 -6 -14 -8 16 -16 -4 19 -1 -21 22 23 29 25 -25 -27 28 -24 -20
right_child=1 2 17 -5 12 6 7 8 -10 10 11 -13 13 -15 15 -17 -18 -19 21 20 -22 -23 27 24 -26 26 -28 -29 -30 -31
leaf_value=-8.5329085659815245e-06 -0.0028240916737850659 -0.0018889959978097212 0.0053441168674808349 -0.0014677964291393993 0.0027399427017181736 -0.0014233852098651861 0.001035380104868938 0.0066256561668522384 -0.00015460507129142726 -0.00014825678741446592 0.0070157606803959455 0.0017626872870001174 -0.002577556760180991 0.0026146464678260982 -0.0037372284812556469 0.0076406052443145703 0.0055311333000612759 -0.00033432981315348066 -0.0065920954968067703 0.00088612897007388919 -0.0048542401256591065 0.00014532957755472323 0.0067295440515842955 -0.0010869261007018848 -0.0080642578159401592 0.0084792444585337755 0.011178334239155997 0.0036036238184693685 0.0093569122521078973 0.0026452975570598323
leaf_weight=245124 1269 926 77 1320 57 352 1130 55 53 151 63 88 110 106 423 50 53 53 388 1130 2830 33264 57 117 172 191 69 95 81 414
leaf_count=245124 1269 926 77 1320 57 352 1130 55 53 151 63 88 110 106 423 50 53 53 388 1130 2830 33264 57 117 172 191 69 95 81 414
internal_value=-1.78812e-05 -0.000549244 -0.000105586 -0.000250153 0.0002115 -6.57907e-05 0.000665838 0.00119555 0.00796296 0.000822266 0.00410596 0.00824503 0.00360806 0.00171296 0.000223429 -0.00186312 -0.00279412 0.00538461 -6.02376e-06 -4.36411e-05 -0.0022601 0.000262855 0.00260732 0.00125463 0.00483606 0.00919098 0.0136538 0.0104506 0.0152899 -0.00119701
internal_weight=290268 6336 5067 4937 3617 3344 2418 2066 108 1958 302 151 273 216 1656 526 476 130 283932 249084 3960 34848 1584 1351 549 377 260 233 138 802
internal_count=290268 6336 5067 4937 3617 3344 2418 2066 108 1958 302 151 273 216 1656 526 476 130 283932 249084 3960 34848 1584 1351 549 377 260 233 138 802
is_linear=0
shrinkage=0.05


Tree=251
num_leaves=31
num_cat=0
split_feature=13 2 22 19 22 17 2 21 23 22 13 4 9 23 22 0 23 23 17 1 22 23 5 9 0 4 20 23 23 22
split_gain=0.73702 1.32966 1.30337 1.02005 1.00447 1.23644 0.91092 2.60512 2.84965 3.6351 3.04087 2.61613 2.5229 2.11904 2.00094 4.0132 1.95377 3.57727 2.98156 3.20996 3.57696 2.29834 3.70598 1.98818 1.905 2.22971 4.30439 1.75539 4.26635 8.39177
threshold=24.750000000000004 2.5600000000000001 -0.79384350655589164 5.2550000000000008 0.84313847884979054 131.50000000000003 -0.56999999999999995 16.900000000000002 -0.34234976856068178 0.93544191479114935 24.350000000000005 10.935 318.02613830566412 -0.30164489695395946 0.99995780822346225 6.1750000000000007 -0.99628250747696534 -0.98801846520836312 201.50000000000003 13.505000000000001 -0.099819732675876835 -0.99983123799342477 9.8564285714285749 186.7185974121094 44.530000000000008 83.535000000000011 253.65000000000003 -0.94703994556331683 -0.94137724084408114 0.3261394409934788
decision_type=2 2 2 2 2 2 2 8 2 2 2 2 2 2 2 2 2 2 2 2 2 2 2 2 2 2 10 2 2 2
left_child=6 -2 -3 4 5 -4 7 8 9 12 13 -12 16 -10 -9 -16 21 18 -18 20 -20 22 -1 -22 25 27 -27 -19 29 -29
right_child=1 2 3 -5 -6 -7 -8 14 10 -11 11 -13 -14 -15 15 -17 17 24 19 -21 23 -23 -24 -25 -26 26 -28 28 -30 -31
leaf_value=-0.0022213207471204473 -0.00010950863996513072 0.00074656142605314044 0.0037368676512278794 -0.0030856512442990511 0.0039229625603546207 -0.0043164663854515974 6.9570486169896021e-05 -0.00033481487033103718 -0.0050331268042239641 0.0061175352905681844 0.00082665697961766546 0.0110086532448693 -0.00089609332087801539 -8.9926607573487702e-05 0.0064021157078497154 -0.0013747991194028675 0.0015970738129605915 -0.00046371937638958326 0.0094353551725898377 0.0096125518603995264 0.0049818285746724457 -0.0020354902098314934 0.0070224853260479007 -0.0046594748373849195 -0.0037226385890605524 0.024037701041644044 0.0020844451755519812 0.0093653246245451113 0.0012303704636845401 -0.011129813265853113
leaf_weight=136 22887 551 50 1814 53 121 161603 62798 766 98 89 56 1844 22695 71 70 429 1710 62 62 105 962 88 73 729 64 172 105 9933 72
leaf_count=136 22887 551 50 1814 53 121 161603 62798 766 98 89 56 1844 22695 71 70 429 1710 62 62 105 962 88 73 729 64 172 105 9933 72
internal_value=-1.9087e-05 -0.000275947 -0.00134994 -0.00193327 0.00125 -0.000614036 5.62587e-06 -0.00011043 0.000203726 0.000704757 -0.000149539 0.00706896 0.00064789 -0.000194153 -0.000311334 0.0056383 0.000866548 0.00103729 0.00443912 0.00824503 0.005625 -0.00107926 0.00348214 0.00202247 0.000842783 0.000992865 0.00580508 0.000896784 0.00114738 0.00884181
internal_weight=290268 25476 2589 2038 224 171 264792 103189 40250 16644 23606 145 16546 23461 62939 141 14702 13516 731 302 240 1186 224 178 12785 12056 236 11820 10110 177
internal_count=290268 25476 2589 2038 224 171 264792 103189 40250 16644 23606 145 16546 23461 62939 141 14702 13516 731 302 240 1186 224 178 12785 12056 236 11820 10110 177
is_linear=0
shrinkage=0.05


Tree=252
num_leaves=31
num_cat=0
split_feature=14 22 22 22 22 13 0 9 0 20 22 14 13 2 0 21 4 17 22 14 13 13 9 13 16 5 22 2 17 17
split_gain=0.698055 1.37173 2.41568 4.89324 2.37496 2.50887 3.85746 2.3335 2.79122 2.30729 2.38533 1.98937 1.89443 2.14688 1.9287 1.71489 1.66667 1.79545 2.09943 1.63709 1.53104 1.82035 1.46376 1.84839 2.05531 1.44273 1.31079 1.35981 1.23583 2.62144
threshold=27.450000000000003 -0.51297808981038739 -0.35846811432664222 -0.40614700388750385 -0.47558551945199218 2.3500000000000001 9.3550000000000022 409.80174255371099 5.3050000000000006 200.30000000000004 -0.082689790342551819 27.150000000000002 12.15 1.7500000000000004 4.455000000000001 16.900000000000002 13.575000000000001 12.500000000000002 0.40614137006726808 20.750000000000004 15.250000000000002 21.950000000000003 227.55454254150393 4.2500000000000009 9.6500000000000004 7.7664285714285732 -0.61237985104942771 2.8500000000000014 237.50000000000003 277.50000000000006
decision_type=2 2 2 2 2 2 2 2 2 8 2 2 2 2 2 10 2 2 2 2 2 2 2 2 2 2 2 2 2 2
left_child=1 26 3 4 11 6 -6 22 15 10 -4 12 13 14 -3 -9 17 18 -12 -11 -20 -22 23 -5 -25 -10 -1 -28 -19 -30
right_child=-2 2 9 7 5 -7 -8 8 25 19 16 -13 -14 -15 -16 -17 -18 28 20 -21 21 -23 -24 24 -26 -27 27 -29 29 -31
leaf_value=-0.00037319061848411833 1.0623577573957114e-05 0.00083982641492924429 -0.00089418015740652668 0.0064726742545944465 0.0064796931137394379 -0.0051500991079109458 -0.0062932496134636478 0.0082979971697953805 -0.0012663742225316355 0.0020125795593515169 0.0078552211061400229 0.006289949753450385 -0.0027961349731491151 -0.0015157203746264717 0.0068239469883048165 0.0034983336729261755 -0.0005008176512020391 0.0003783793391768791 -0.0021112895671887909 -0.00044565699556825306 0.0065138197470959508 -0.00043313715972584637 -0.00028694584140535721 -0.0022608968073439782 0.0060060479822660988 0.0017937360954395549 -0.0027549455975353749 0.001587221037681409 0.0025555542561361637 0.00053397081536361423
leaf_weight=11695 248318 73 1529 90 53 681 55 66 60 82 59 50 170 89 101 82 1298 3267 86 17971 55 50 204 121 51 50 1210 179 838 1635
leaf_count=11695 248318 73 1529 90 53 681 55 66 60 82 59 50 170 89 101 82 1298 3267 86 17971 55 50 204 121 51 50 1210 179 838 1635
internal_value=-1.87425e-05 -0.000207391 -1.48976e-05 0.00166333 -0.000204404 -0.0018948 0.00518518 0.00494475 0.00875969 -0.000139562 0.000523419 0.00255693 0.00146651 0.00412547 0.00735632 0.0132432 0.000900109 0.00125209 0.0054 -0.000463359 0.0028534 0.00690476 0.00283262 0.00530534 0.00226744 0.00272727 -0.000632071 -0.00208423 0.00107143 0.00191468
internal_weight=290268 41950 28866 1996 1272 789 108 724 258 26870 8817 483 433 263 174 148 7288 5990 250 18053 191 105 466 262 172 110 13084 1389 5740 2473
internal_count=290268 41950 28866 1996 1272 789 108 724 258 26870 8817 483 433 263 174 148 7288 5990 250 18053 191 105 466 262 172 110 13084 1389 5740 2473
is_linear=0
shrinkage=0.05


Tree=253
num_leaves=31
num_cat=0
split_feature=13 9 0 13 15 16 22 22 24 21 5 14 16 1 22 22 22 22 16 0 22 22 13 16 16 16 14 4 9 16
split_gain=0.682732 1.49008 1.62861 1.55785 1.25943 1.16434 1.13702 1.13131 1.36516 1.38826 1.19788 1.3073 1.06692 0.965766 0.856465 2.87356 1.42451 3.39766 1.39016 2.68779 2.34102 1.40738 1.63607 2.00642 3.71429 1.99004 1.20443 0.992702 0.929262 0.747928
threshold=30.850000000000005 409.80174255371099 9.5050000000000008 31.950000000000003 92.500000000000014 6.0500000000000007 0.99983759474438971 0.88220160189607266 0.36500000000000005 47.500000000000007 8.0478571428571453 30.250000000000004 7.8500000000000005 3.2450000000000006 0.9893236546938301 0.9962888416657264 0.91248814248966237 0.9053161325100999 7.7500000000000009 4.5550000000000006 0.24372619187392155 0.57077594689671507 36.850000000000001 10.250000000000002 8.6500000000000004 9.2500000000000018 28.550000000000004 9.6850000000000005 462.67344665527349 10.950000000000001
decision_type=2 2 2 2 2 2 2 2 10 8 2 2 2 2 2 2 2 2 2 2 2 2 2 2 2 2 2 2 2 2
left_child=-1 4 3 -3 6 -5 7 13 -9 -10 -11 -12 -6 -2 16 -16 17 18 19 20 -7 22 23 24 -20 -26 -21 -28 -23 -24
right_child=1 2 -4 5 12 14 -8 8 9 10 11 -13 -14 -15 15 -17 -18 -19 21 26 -22 28 29 -25 25 -27 27 -29 -30 -31
leaf_value=-1.7059198362490967e-06 -0.0047419167687406194 -0.0019428901132912332 -0.0015788185225622123 -0.0025130591129310757 0.0039327750885469496 0.00040408498078103606 0.003154002576852442 -0.0035246921962438986 0.0039811145714870695 -0.0059537807478592534 0.0078400478224891317 -0.00097856664017499911 -0.00015029273371137166 -0.00042514384430198705 0.0046120318772912942 -0.0010284794343455056 -0.0016079316815233319 0.0085100038486955638 -8.6775556956570051e-05 -0.0015456238928207616 0.0070740461138464293 0.0018733461325326163 -0.0010751490364402827 0.00054083184398430288 0.0069131607514022466 0.0036193861451324738 -8.460212530541104e-05 0.0037135724860963069 -0.0037816589726631733 0.0015021597546203711
leaf_weight=278102 220 335 626 248 72 68 52 904 98 346 55 64 60 6538 58 87 280 67 96 173 86 55 424 313 64 92 51 63 317 254
leaf_count=278102 220 335 626 248 72 68 52 904 98 346 55 64 60 6538 58 87 280 67 96 173 86 55 424 313 64 92 51 63 317 254
internal_value=-1.80535e-05 -0.00038468 0.000443172 0.000908654 -0.00075455 0.00129471 -0.000831824 -0.000878421 -0.00213702 -0.000204264 -0.00134409 0.00298319 0.00409091 -0.00060521 0.00161303 0.00534483 0.00138785 0.00182996 0.00146887 0.00395691 0.00928571 0.000789472 0.00159694 0.00358407 0.00690476 0.0116667 0.00109756 0.00508772 -0.0019086 -5.89982e-05
internal_weight=290268 12166 3757 3131 8409 2796 8277 8225 1467 563 465 119 132 6758 2548 145 2403 2123 2056 441 154 1615 1243 565 252 156 287 114 372 678
internal_count=290268 12166 3757 3131 8409 2796 8277 8225 1467 563 465 119 132 6758 2548 145 2403 2123 2056 441 154 1615 1243 565 252 156 287 114 372 678
is_linear=0
shrinkage=0.05


Tree=254
num_leaves=31
num_cat=0
split_feature=17 22 22 13 16 24 19 22 9 23 22 13 0 1 16 24 22 22 13 1 1 3 16 16 16 21 14 21 15 15
split_gain=0.658162 2.6043 8.3176 3.0627 3.56057 2.72065 1.56816 1.52769 1.47129 1.55716 5.0011 2.14651 2.61577 1.943 1.95624 2.38465 2.2178 1.98123 3.69394 1.86075 1.77316 1.70554 1.63463 2.21318 1.55841 1.88098 1.54288 1.40138 1.36851 3.32678
threshold=306.50000000000006 0.9550229469509578 0.95998215779580554 2.1500000000000008 10.450000000000001 0.095000000000000015 6.7650000000000006 0.97112537654464559 15.094820499420168 0.91159213926341531 -0.39036798905311365 2.5500000000000003 5.1050000000000013 2.9050000000000007 13.550000000000002 -0.42499999999999993 -0.34235669412071207 0.30983042691905771 13.850000000000003 5.5250000000000012 16.985000000000003 8.2083333333333375 10.550000000000002 9.4500000000000011 15.550000000000002 67.500000000000014 32.250000000000007 1.0000000180025095e-35 52.500000000000007 49.500000000000007
decision_type=2 2 2 2 2 10 2 2 2 2 2 2 2 2 2 10 2 2 2 2 2 2 2 2 2 10 2 10 2 2
left_child=-1 8 3 4 -3 6 -5 27 -2 20 19 -12 -13 -14 15 16 -15 22 -19 -11 26 -21 23 -17 25 -16 -10 -4 29 -9
right_child=1 2 7 5 -6 -7 -8 28 9 10 11 12 13 14 24 17 -18 18 -20 21 -22 -23 -24 -25 -26 -27 -28 -29 -30 -31
leaf_value=8.4556910154118997e-06 0.0031899614604578319 0.011874648390038132 0.001138329345492947 0.010926558198376875 0.0052284636790221346 0.00016606835643137837 0.0073046204481369672 -3.7263187519751624e-05 -0.00067569199864663183 0.00076994069986656552 -0.0011731281418483805 -0.0012479504921460698 0.0044127494755031652 0.0052340996610766265 0.0030786094335480182 0.00086929228393092795 -0.001188369778651066 0.00077379905960329152 0.0070036257390154446 0.0060032103177798781 0.0015067777228639518 0.01120904099423848 -0.0011111715980860065 0.0031338600965934884 0.00055587614045278446 0.0060860885897700305 -0.0031481414190916435 -0.0041054204206752458 0.00042280227456214202 0.0076911986455646536
leaf_weight=253374 662 50 178 58 59 133 56 156 20366 61 2217 1516 50 53 249 874 1394 109 52 52 1338 60 553 315 205 53 1568 548 3830 79
leaf_count=253374 662 50 178 58 59 133 56 156 20366 61 2217 1516 50 53 249 874 1394 109 52 52 1338 60 553 315 205 53 1568 548 3830 79
internal_value=-1.73645e-05 -0.00021467 0.000828637 0.00820225 0.0151835 0.00512146 0.0107895 0.000280734 -0.000383817 -0.00043349 0.000177267 -1.30902e-05 0.000522772 0.00120681 0.00107985 0.00064179 -0.000888045 0.00180504 0.0071118 0.00858381 -0.000638537 0.0124107 0.00131458 0.00235912 0.00397436 0.00625828 -0.000746331 -0.00183196 0.000658055 0.0043617
internal_weight=290268 36894 5147 356 109 247 114 4791 31747 31085 7813 7640 5423 3907 3857 3350 1447 1903 161 173 23272 112 1742 1189 507 302 21934 726 4065 235
internal_count=290268 36894 5147 356 109 247 114 4791 31747 31085 7813 7640 5423 3907 3857 3350 1447 1903 161 173 23272 112 1742 1189 507 302 21934 726 4065 235
is_linear=0
shrinkage=0.05


Tree=255
num_leaves=31
num_cat=0
split_feature=17 24 0 24 3 16 16 17 24 15 0 17 24 16 14 3 16 21 0 5 24 20 19 14 20 23 24 19 20 15
split_gain=0.780281 1.17968 1.6068 0.785099 1.12561 0.780963 1.49071 1.02919 1.24689 0.989184 1.35375 0.689351 1.4969 2.58147 2.62414 2.74136 1.49245 2.13674 2.15241 1.80768 1.95229 1.84565 2.84278 1.80537 2.10914 2.41849 1.84588 1.80303 2.08191 1.99073
threshold=356.50000000000006 -0.55499999999999983 12.375000000000002 -0.77999999999999992 6.4466666666666681 10.550000000000002 8.9500000000000011 359.50000000000006 0.53000000000000014 64.500000000000014 9.7050000000000018 203.50000000000003 -0.95499999999999985 11.950000000000001 31.050000000000004 11.538333333333336 9.4500000000000011 137.50000000000003 14.445000000000002 105.33500000000002 -0.95499999999999985 291.80000000000001 19.125000000000004 31.350000000000005 383.65000000000003 0.9980355542543059 -0.55499999999999983 13.855000000000002 393.40000000000003 63.500000000000007
decision_type=2 10 2 10 2 2 2 2 10 2 2 2 10 2 2 2 2 10 2 2 10 10 2 2 10 2 10 2 10 2
left_child=11 2 3 -2 -5 6 -3 8 9 -8 -11 16 13 -13 15 -15 17 -1 -19 20 21 22 -18 26 25 -25 -22 28 29 -26
right_child=1 5 -4 4 -6 -7 7 -9 -10 10 -12 12 -14 14 -16 -17 19 18 -20 -21 23 -23 -24 24 27 -27 -28 -29 -30 -31
leaf_value=5.4358982207910244e-05 -0.0031462654481126916 -0.0024064554932246053 0.0072693809214203504 0.0053383446822034258 -0.00013019866714788844 -0.0026580764362127331 -0.00033067886879131276 0.0074785549652322458 -0.0022586195365527804 0.00029500826590952409 0.0063236869979904579 0.00049478335820557062 3.7468605937978227e-05 0.0027357458403272808 0.0024128736698166009 0.01413638179735152 5.7937123541103777e-05 0.0016597350748282691 0.0084244370528858588 0.0045837984648307468 0.00069570055608736588 -0.0020124383620592451 0.019240700495451873 -0.00049064815242090879 0.0016210422743144347 0.0037968960602114063 -0.00048448860184274739 0.0020429280661591765 6.8111728047633708e-05 0.0069583719898520984
leaf_weight=81210 139 912 50 67 128 612 110 83 203 96 54 2645 124849 148 283 59 413 146 61 495 3498 5197 72 13028 528 107 40352 3554 11083 86
leaf_count=81210 139 912 50 67 128 612 110 83 203 96 54 2645 124849 148 283 59 413 146 61 495 3498 5197 72 13028 528 107 40352 3554 11083 86
internal_value=-1.68477e-05 -0.000904647 0.00164062 0.00038922 0.0024359 -0.00137681 -0.000747601 0.00131868 0.000399567 0.00269231 0.00533333 -9.27802e-06 7.7196e-05 0.0011563 0.00448979 0.00876811 -7.85221e-05 7.14212e-05 0.00514493 -0.00023421 -0.000253344 -0.00114572 0.00180412 -0.000183151 0.000127526 -0.000336887 -0.000384266 0.000527505 0.000227835 0.00306189
internal_weight=290268 2454 384 334 195 2070 1458 546 463 260 150 287814 127984 3135 490 207 159830 81417 207 78413 77918 5682 485 72236 28386 13135 43850 15251 11697 614
internal_count=290268 2454 384 334 195 2070 1458 546 463 260 150 287814 127984 3135 490 207 159830 81417 207 78413 77918 5682 485 72236 28386 13135 43850 15251 11697 614
is_linear=0
shrinkage=0.05


Tree=256
num_leaves=31
num_cat=0
split_feature=17 3 14 18 0 24 19 23 22 24 22 22 1 20 17 14 14 1 2 24 9 3 20 23 22 18 17 22 22 0
split_gain=0.717569 0.826145 1.69793 0.700178 5.50247 3.10723 2.54033 2.29143 4.8861 15.3034 6.78631 7.64749 4.17079 5.66575 6.80248 4.09755 6.06448 4.42726 3.99363 3.92931 4.04482 3.61881 2.9045 3.39663 4.43939 5.04001 4.80639 3.38706 5.4352 3.69238
threshold=357.50000000000006 14.681666666666668 30.750000000000004 8.1950000000000021 8.8350000000000026 1.7100000000000002 3.5550000000000002 -0.6391983530350368 0.49812943072827093 1.3800000000000001 0.58481550752069722 0.57077594689671507 7.9050000000000011 312.2000000000001 272.50000000000006 31.050000000000004 30.350000000000005 6.3550000000000013 -1.5699999999999987 0.47500000000000003 275.53373718261724 10.09166666666667 143.40000000000003 -0.90892157495189674 0.3744682635859638 4.2250000000000005 187.50000000000003 0.30983042691905771 0.27694220057652758 6.6150000000000011
decision_type=2 2 2 2 2 10 2 2 2 10 2 2 2 10 2 2 2 2 2 10 2 2 10 2 2 2 2 2 2 2
left_child=3 -2 -3 4 7 6 -5 8 22 10 11 18 -12 21 -15 16 17 -13 19 20 -10 -14 23 24 27 -26 -27 28 -1 -30
right_child=1 2 -4 5 -6 -7 -8 -9 9 -11 12 15 13 14 -16 -17 -18 -19 -20 -21 -22 -23 -24 -25 25 26 -28 -29 29 -31
leaf_value=0.00051006858271416698 -0.0010694524253550058 0.0039534016495678557 -0.001649033488342993 0.003722108689007784 0.00091467658337182471 0.00061951693651933145 -0.00018315106082808692 -0.00014819715232435252 0.012857312498318061 0.019524942877420001 -0.00019023847364766207 0.006895731208474986 0.00039485767326320059 0.0071222756308568979 -0.0036364974727282322 -0.00012999330505538938 0.011779857664076021 0.0025648583938750729 -0.00015427979121433426 0.0036633506555044716 0.0063707544986542144 0.0087135467337585825 -0.00031999281101696133 -0.0031828199168385516 -0.0008244399174058949 0.0024286304604741694 0.010074589363386765 -0.0030286270929418672 0.0024816625614685049 0.0074691427031788812
leaf_weight=1860 1705 55 89 303 16463 14790 128402 99355 68 77 5007 165 999 230 92 84 56 134 749 335 51 103 17071 893 132 167 145 426 186 76
leaf_count=1860 1705 55 89 303 16463 14790 128402 99355 68 77 5007 165 999 230 92 84 56 134 749 335 51 103 17071 893 132 167 145 426 186 76
internal_value=-1.59864e-05 -0.000997838 0.00263889 -9.69195e-06 6.78275e-05 -8.79834e-05 -0.000166856 -4.24654e-05 0.000347693 0.0013865 0.0011749 0.00404385 0.000442387 0.00283005 0.0086646 0.00969248 0.0120423 0.00921405 0.00198254 0.00568282 0.0134874 0.00112523 -5.63096e-05 0.0011776 0.00198529 0.0065991 0.0100641 0.00118132 0.00199811 0.00874046
internal_weight=290268 1849 144 288419 144924 143495 128705 128461 29106 8150 8073 1642 6431 1424 322 439 355 299 1203 454 119 1102 20956 3885 2992 444 312 2548 2122 262
internal_count=290268 1849 144 288419 144924 143495 128705 128461 29106 8150 8073 1642 6431 1424 322 439 355 299 1203 454 119 1102 20956 3885 2992 444 312 2548 2122 262
is_linear=0
shrinkage=0.05


Tree=257
num_leaves=31
num_cat=0
split_feature=2 20 23 23 23 9 18 23 13 19 5 23 16 20 14 23 20 9 1 21 14 23 9 5 20 23 15 3 13 5
split_gain=0.691415 2.29405 2.34557 3.66612 3.35415 4.67882 3.08837 2.97789 2.84228 2.82294 2.58806 3.56304 2.50252 3.76165 2.47387 3.64884 3.26986 3.0254 2.26263 2.25784 3.74661 2.15908 5.02346 3.05773 2.90838 3.49546 1.83032 2.01606 1.7947 1.79731
threshold=-0.67999999999999872 459.90000000000003 -0.6391983530350368 -0.88620506325989179 -0.95242240592625282 137.33863830566409 5.6050000000000013 -0.55656394595157355 0.15000000000000005 2.4850000000000008 7.9842857142857158 -0.6652727025667432 6.6500000000000012 349.30000000000001 30.150000000000002 -0.8142754349318998 159.70000000000002 275.53373718261724 8.1850000000000005 27.500000000000004 30.950000000000003 -0.42179730054635828 243.87041473388675 5.0857142857142863 183.20000000000002 -0.46800559042974538 56.500000000000007 6.8183333333333342 0.55000000000000016 17.289285714285715
decision_type=2 10 2 2 2 2 2 2 2 2 2 2 2 10 2 2 8 2 2 8 2 2 2 2 8 2 2 2 2 2
left_child=1 2 3 4 -1 8 10 -4 19 -9 14 -12 13 -10 16 18 17 -5 -16 20 -6 22 23 -11 25 -25 27 -8 29 -29
right_child=-2 -3 7 6 5 -7 26 9 12 21 11 -13 -14 -15 15 -17 -18 -19 -20 -21 -22 -23 -24 24 -26 -27 -28 28 -30 -31
leaf_value=0.00027233376996953917 3.5244456508178634e-05 -0.0008522247033174524 -0.0021274540056929274 0.0064665804288244304 0.0092546415531332901 -0.0036787940561603138 0.01383886367738668 -0.0029632560988311373 0.0017663217978061603 0.0069153774697903294 0.0027840019964030585 0.010616106720948133 -0.0011509409533375966 0.0082752150039054582 0.012886030151761646 0.0018154091946115656 -0.00036298435741908457 0.00027343421088087859 0.0011408901853978517 -0.0008234666679213477 0.0037521142158477164 -0.00012820550996560875 -0.0033700900619161099 0.0011511276242939944 0.0016716021753247698 0.0093002189543530036 0.00037607452764272579 0.00024534421500144464 0.00011008988191990555 0.011913852891320222
leaf_weight=9545 178868 11725 3338 79 53 2341 56 1524 270 96 785 71 2325 56 130 645 1344 84 55 114 122 63336 1006 90 3451 59 7963 120 441 176
leaf_count=9545 178868 11725 3338 79 53 2341 56 1524 270 96 785 71 2325 56 130 645 1344 84 55 114 122 63336 1006 90 3451 59 7963 120 441 176
internal_value=-1.89147e-05 -0.000116698 -3.88775e-05 0.000361343 -0.000163902 -0.00117497 0.00101305 -0.000185872 0.00015306 -0.000115869 0.00234419 0.00469626 -0.000360243 0.00374233 0.00148267 0.0036747 0.00027538 0.00696319 0.00986486 0.00486159 0.00842857 -6.81984e-05 0.000965545 0.00181818 0.00158333 0.00842282 0.000527637 0.00281841 0.00212347 0.00513513
internal_weight=290268 111400 99675 26775 14826 5281 11949 72900 2940 69562 3193 856 2651 326 2337 830 1507 163 185 289 175 68038 4702 3696 3600 149 8756 793 737 296
internal_count=290268 111400 99675 26775 14826 5281 11949 72900 2940 69562 3193 856 2651 326 2337 830 1507 163 185 289 175 68038 4702 3696 3600 149 8756 793 737 296
is_linear=0
shrinkage=0.05


Tree=258
num_leaves=31
num_cat=0
split_feature=15 0 22 19 3 23 18 20 22 22 22 22 23 19 22 23 17 3 23 21 22 9 22 22 2 20 23 22 20 1
split_gain=0.678094 2.0341 4.36577 2.9612 2.66707 2.15331 2.10164 2.29929 2.4281 2.17645 2.0594 2.02033 1.98444 4.06018 2.09745 1.96777 1.96647 1.9491 1.90499 1.80494 3.16378 1.70394 1.6991 3.34647 1.86432 2.17039 1.92942 2.41177 2.39521 2.431
threshold=66.500000000000014 6.1350000000000007 0.99995780822346225 9.4950000000000028 10.405000000000003 0.81304046271159414 7.8750000000000009 200.30000000000004 -0.63921128368950708 -0.66528616069191593 0.99700008544936913 -0.022576249993022688 -0.95242240592625282 3.9650000000000003 0.17646842360078763 -0.94137724084408114 130.50000000000003 3.9050000000000007 -0.42179730054635828 16.900000000000002 0.99466373373798567 209.05644989013675 0.99552231814189451 0.9550229469509578 2.7000000000000011 264.90000000000003 0.14888728888808328 0.96234642434711437 379.30000000000001 6.6750000000000007
decision_type=2 2 2 2 2 2 2 10 2 2 2 2 2 2 2 2 2 2 2 8 2 2 2 2 2 10 2 2 10 2
left_child=21 2 6 4 12 -5 7 10 9 18 -2 -7 13 14 -3 -14 19 -17 -9 -6 -21 -1 23 -23 25 -25 27 -27 29 -28
right_child=1 3 -4 5 16 11 -8 8 -10 -11 -12 -13 15 -15 -16 17 -18 -19 -20 20 -22 22 -24 24 -26 26 28 -29 -30 -31
leaf_value=6.5471008774949595e-06 0.00013100175237284756 0.002660289778299043 0.0043280405559623283 -0.00036963370409317923 0.0028050187630873436 0.0014497825990328712 0.00094043034081345864 0.0021639892636927823 -0.00094650130323709427 0.0029395411488879631 -0.0027928330777489269 -0.00062490526521061208 -0.0044177941338914058 0.00054844211243833924 0.0080852632977810625 0.0041329304838750294 0.00055015450260053559 9.8037380919507806e-05 -0.00027348842665573641 0.00058878079589564985 0.0044511906738882862 -0.00044299146537316757 -0.0019677068221559554 -0.00016689982318056015 -0.0010912156824206905 0.0082282292431419025 0.0074335279888615565 0.00096664158702931303 -0.0019492643248285178 0.0039023790712861268
leaf_weight=114847 18826 111 156 28739 1892 3360 2874 571 17346 349 820 2245 446 4512 65 50 9027 37177 5304 3726 184 32695 1604 863 787 96 219 924 136 317
leaf_count=114847 18826 111 156 28739 1892 3360 2874 571 17346 349 820 2245 446 4512 65 50 9027 37177 5304 3726 184 32695 1604 863 787 96 219 924 136 317
internal_value=-1.94315e-05 6.09656e-05 -0.000209317 0.000197521 0.000417904 -0.000169463 -0.00023758 -0.000324649 -0.000657617 0.000189587 7.48232e-05 0.000727028 0.000215881 0.00118601 0.00863636 9.51598e-05 0.000995009 0.000134713 -3.82991e-05 0.0017132 0.00109974 -9.2074e-05 -0.000384024 -0.000313152 0.00119389 0.00184931 0.00289007 0.00151961 0.00497024 0.00647388
internal_weight=290268 137780 46246 91534 57190 34344 46090 43216 23570 6224 19646 5605 42361 4688 176 37673 14829 37227 5875 5802 3910 152488 37641 36037 3342 2555 1692 1020 672 536
internal_count=290268 137780 46246 91534 57190 34344 46090 43216 23570 6224 19646 5605 42361 4688 176 37673 14829 37227 5875 5802 3910 152488 37641 36037 3342 2555 1692 1020 672 536
is_linear=0
shrinkage=0.05


Tree=259
num_leaves=31
num_cat=0
split_feature=24 22 24 21 22 22 22 22 20 22 24 22 9 13 22 1 22 22 22 24 9 3 22 24 18 22 22 13 9 14
split_gain=0.831119 3.08672 18.6877 5.18871 2.86007 6.75446 3.37745 5.26246 4.75443 3.91537 5.21252 4.09043 7.62555 8.30694 4.58243 4.37528 9.21378 6.02989 13.7517 18.1661 7.73967 5.69901 4.8041 4.77581 10.4355 3.97652 8.22793 8.71013 3.35423 4.27624
threshold=-0.089999999999999983 0.84313847884979054 -0.22499999999999995 21.900000000000002 -0.97113884758256674 -0.97876850416056738 -0.23537230790205757 -0.16799356919963607 483.65000000000003 -0.031173458710879235 -0.24999999999999997 0.80926549319045582 845.66873168945324 10.950000000000001 0.75014288946266361 10.805000000000001 0.59868201182722736 0.67802080537253961 0.66527693225344786 -0.22499999999999995 402.74378967285162 4.198333333333335 0.55656748448714433 -0.22499999999999995 5.5650000000000004 0.79904096188274243 0.78325454425165997 9.5500000000000025 326.82032775878912 30.850000000000005
decision_type=10 2 10 10 2 2 2 2 10 2 10 2 2 2 2 2 2 2 2 10 2 2 2 10 2 2 2 2 2 2
left_child=1 4 -3 -4 5 -1 8 -8 -6 -9 25 14 28 -14 15 16 21 18 23 20 -20 22 -12 -18 -25 26 -11 -28 29 -13
right_child=-2 2 3 -5 6 -7 7 9 -10 10 11 12 13 -15 -16 -17 17 -19 19 -21 -22 -23 -24 24 -26 -27 27 -29 -30 -31
leaf_value=-0.00010299156722256309 -8.3404683937020668e-05 -0.0048246974073140117 0.0088980343215345377 0.0039866457512123836 0.00052458925640281337 -0.0037326169828731815 -0.0022493302238664292 0.0007978525505616471 -0.0012031773408090105 -0.00055158118206237569 0.0079731869433582493 0.004027716421788799 0.011922863530121416 0.00181379303567191 -0.0028301132233089945 -0.00081230011756701012 0.0010883032183999477 0.00091770350961419337 0.010532589394671775 -0.0044583901843936787 0.0025622136677868491 -0.001974620367385254 -0.0048136073695277184 0.011445394316439346 0.003218040256254863 -0.0098545009561908023 0.0010204126571097271 0.0092042500020611245 -0.0025891667725697134 -0.0018114838077336803
leaf_weight=14256 163350 396 129 69 57199 2376 3168 6336 6557 23958 99 616 101 105 1980 2450 735 1358 113 78 60 2148 68 65 548 990 129 69 413 349
leaf_count=14256 163350 396 129 69 57199 2376 3168 6336 6557 23958 99 616 101 105 1980 2450 735 1358 113 78 60 2148 68 65 548 990 129 69 413 349
internal_value=-2.18431e-05 7.41412e-05 0.00367003 0.0162121 5.72326e-05 -0.000553753 0.000149873 -0.000176987 0.000385374 -3.1333e-05 -0.000230842 0.000661881 0.00301768 0.0119903 0.000277261 0.000827505 0.00163885 0.00348833 0.0055691 0.0163147 0.0253468 -0.000723543 0.00817365 0.00356825 0.00682708 -0.000631513 -0.000504224 0.00964646 0.00167634 0.00329015
internal_weight=290268 126918 594 198 126324 16632 109692 45936 63756 42768 36432 11286 1584 206 9702 7722 5272 2957 1599 251 173 2315 167 1348 613 25146 24156 198 1378 965
internal_count=290268 126918 594 198 126324 16632 109692 45936 63756 42768 36432 11286 1584 206 9702 7722 5272 2957 1599 251 173 2315 167 1348 613 25146 24156 198 1378 965
is_linear=0
shrinkage=0.05


Tree=260
num_leaves=31
num_cat=0
split_feature=24 23 23 23 23 17 23 23 23 23 9 19 17 19 16 18 23 5 24 1 13 23 23 2 15 4 2 9 2 15
split_gain=0.710091 1.65776 3.11888 5.61686 3.72781 4.74622 3.03816 2.99551 2.98613 4.65279 4.87305 4.53374 2.95784 3.56758 3.3456 2.9946 2.55016 2.41663 2.6112 5.15403 7.47609 4.01322 2.94436 5.34307 3.69974 3.29916 2.84514 2.81384 2.79165 2.774
threshold=-0.089999999999999983 -0.15950993297387572 0.2332836900311728 0.14888728888808328 0.080547328232315238 84.500000000000014 -0.17646730165275518 0.1318557721318592 0.04621408538533487 0.029024409397335523 119.25447845458986 6.5250000000000012 203.50000000000003 9.8750000000000018 8.6500000000000004 3.0050000000000003 0.097680735332368748 18.457142857142859 -0.24999999999999997 7.8250000000000011 3.9500000000000006 0.80290535434334509 0.26659387353423869 -0.90000000000000002 60.500000000000007 12.835000000000003 4.5750000000000028 206.99692535400393 0.029999999999999586 74.500000000000014
decision_type=10 2 2 2 2 2 2 2 2 2 2 2 2 2 2 2 2 2 10 2 2 2 2 2 2 2 2 2 2 2
left_child=1 6 3 4 8 7 12 16 9 -3 11 -11 -1 14 -14 -16 -6 18 22 20 21 26 23 24 -4 -26 27 -20 -23 -29
right_child=-2 2 17 -5 5 -7 -8 -9 -10 10 -12 -13 13 -15 15 -17 -18 -19 19 -21 -22 28 -24 -25 25 -27 -28 29 -30 -31
leaf_value=-4.1498416398833279e-06 -7.923444974016653e-05 -0.00080030228484486647 -0.00057502408216090551 -0.0034274503016298559 0.0074213935716188843 0.00050370272428447037 0.0028248740100606392 0.011570918918004365 -0.0051218657849835987 0.011814258951625273 0.00034819445230774857 0.0026872320198728424 0.00032122764445018966 0.00012380380777381097 0.011401681722786642 0.0032415976178800641 0.00052428850471144704 0.0019546517098328522 0.0048928247235370086 -0.00014775906740857624 0.00055228162154334094 0.003797183206431499 -0.0001197173756630773 0.00087108424003849629 0.0077074417561904286 0.0042066963002006684 0.0048021105774085516 0.0013924840873171529 -0.0028771887343665317 0.01099794254581765
leaf_weight=21777 163350 6534 51 2970 165 1947 594 60 1188 82 404 108 2122 4548 56 2583 204 2780 626 8552 3637 90 63871 587 53 58 188 692 333 58
leaf_count=21777 163350 6534 51 2970 165 1947 594 60 1188 82 404 108 2122 4548 56 2583 204 2780 626 8552 3637 90 63871 587 53 58 188 692 333 58
internal_value=-2.16708e-05 6.705e-05 -3.71712e-05 -0.00073635 -0.000202021 0.00154461 0.000380365 0.00630536 -0.000701059 -0.000314255 0.00392256 0.0105263 0.00031268 0.00105865 0.00201533 0.00320386 0.0046206 7.99243e-05 2.88074e-05 0.00064334 0.00181899 0.00428535 -0.000106006 0.00301068 0.0110494 0.0161712 0.00545396 0.0046657 -3.54622e-05 0.0026
internal_weight=290268 126918 95238 13662 10692 2376 31680 429 8316 7128 594 190 31086 9309 4761 2639 369 81576 78796 14176 5624 1987 64620 749 162 111 1564 1376 423 750
internal_count=290268 126918 95238 13662 10692 2376 31680 429 8316 7128 594 190 31086 9309 4761 2639 369 81576 78796 14176 5624 1987 64620 749 162 111 1564 1376 423 750
is_linear=0
shrinkage=0.05


Tree=261
num_leaves=31
num_cat=0
split_feature=13 24 23 23 13 17 16 16 18 2 16 5 5 24 23 9 5 19 19 13 16 16 15 0 17 16 15 20 9 3
split_gain=0.683198 1.0468 1.17191 1.48251 1.46098 1.57839 1.8609 2.29203 1.3143 1.12776 1.82078 1.10898 1.20777 1.09172 3.10843 3.7996 1.3629 0.955101 1.11653 1.45359 1.93192 1.09835 1.16364 0.944879 0.939187 0.936441 1.56527 1.74424 4.12115 1.50216
threshold=23.950000000000003 -0.22499999999999995 0.57605713708605399 0.87291090774974645 29.350000000000005 268.50000000000006 10.750000000000002 8.6500000000000004 9.9550000000000018 -0.90000000000000002 7.0500000000000007 4.5792857142857155 9.0121428571428606 -0.24999999999999997 0.63089349388778826 349.36264038085943 9.7678571428571459 2.8050000000000002 8.1250000000000018 24.550000000000004 9.1500000000000004 5.0500000000000007 94.500000000000014 9.4550000000000018 48.500000000000007 10.950000000000001 74.500000000000014 190.10000000000002 442.93069458007818 12.961666666666668
decision_type=2 10 2 2 2 2 2 2 2 2 2 2 2 8 2 2 2 2 2 2 2 2 2 2 2 2 2 10 2 2
left_child=-1 13 8 11 9 -6 7 -7 25 10 -5 -4 -13 17 -15 16 -16 -2 21 20 -20 -19 -23 -22 -14 -3 27 28 -27 -29
right_child=1 2 3 4 5 6 -8 -9 -10 -11 -12 12 24 14 15 -17 -18 18 19 -21 23 22 -24 -25 -26 26 -28 29 -30 -31
leaf_value=2.0862040501841061e-06 -0.0027469734422730413 -0.00017021891797873678 0.0015766359704989527 0.0040894427567427089 -0.00042421491600325037 2.9254553530980883e-05 -0.00030541908703137887 0.0053552210087067361 -0.0018249374120913626 -0.0031549337301364001 -0.00045058317540421796 -0.0040884875589080319 0.0020453120020540809 -0.0031023486606008943 -0.0058942699358888323 0.0094875427225864385 0.00627513975144787 -0.0038319747780398185 -0.00081742819892528383 -0.00086732303050035802 0.0055082707980038618 0.00050508853257199009 0.0025779220536440873 0.0023186244735950256 -0.0013758796506349645 0.0034668082356657292 -0.00062998413189868153 0.00030279974022101569 0.0082875795518538159 0.0076554353906117117
leaf_weight=262467 499 9534 83 53 407 108 112 129 2528 471 232 1288 103 206 62 73 62 258 77 2823 50 6126 54 58 488 233 683 893 55 53
leaf_count=262467 499 9534 83 53 407 108 112 129 2528 471 232 1288 103 206 62 73 62 258 77 2823 50 6126 54 58 488 233 683 893 55 53
internal_value=-2.16708e-05 -0.000257366 -0.000493613 -0.00131549 -0.00013889 0.00141534 0.00388252 0.0063924 -0.000289364 -0.00169312 0.000789472 -0.00222222 -0.00247206 0.000141089 0.00269231 0.00718274 0.00185484 3.77062e-05 0.000150327 -0.000644948 0.00364865 0.0005219 0.000655339 0.00796296 -0.000600678 -6.15679e-05 0.000946791 0.00200972 0.00541667 0.000972515
internal_weight=290268 27801 17453 3474 1512 756 349 237 13979 756 285 1962 1879 10348 403 197 124 9945 9446 3008 185 6438 6180 108 591 11451 1917 1234 288 946
internal_count=290268 27801 17453 3474 1512 756 349 237 13979 756 285 1962 1879 10348 403 197 124 9945 9446 3008 185 6438 6180 108 591 11451 1917 1234 288 946
is_linear=0
shrinkage=0.05


Tree=262
num_leaves=31
num_cat=0
split_feature=14 22 23 4 2 13 16 23 24 22 5 3 14 22 16 22 16 5 22 9 23 21 16 16 17 23 21 24 13 17
split_gain=0.663499 1.86308 2.92076 2.19343 2.19089 2.03792 2.29613 2.42393 1.91078 1.71851 1.51861 2.0202 1.50862 1.6776 2.70452 1.48697 1.4753 1.78097 1.44791 1.43054 1.38667 1.33254 1.66514 3.97238 1.75751 1.21789 2.34835 2.27349 1.99032 2.4573
threshold=26.150000000000002 0.091259403071267925 -0.99273797715557011 26.895000000000003 0.4200000000000001 4.7500000000000009 5.5500000000000007 0.98486764554468398 -0.49499999999999994 0.29342972903661901 30.295000000000005 39.178333333333342 25.350000000000005 0.43733377705052551 4.4500000000000011 0.58481550752069722 6.3500000000000005 4.0964285714285724 0.48314048284850658 773.87631225585949 0.84199059757024453 102.50000000000001 6.8500000000000005 6.1500000000000012 155.50000000000003 0.90070004940655357 12.500000000000002 0.16500000000000004 23.550000000000004 266.50000000000006
decision_type=2 2 2 2 2 2 2 2 10 2 2 2 2 2 2 2 2 2 2 2 2 8 2 2 2 2 10 10 2 2
left_child=1 10 4 5 -3 6 12 9 -7 -8 -1 -12 13 -4 -15 18 -11 -18 25 21 -21 22 23 24 -20 27 -27 -10 -29 -30
right_child=-2 2 3 -5 -6 8 7 -9 15 16 11 -13 -14 14 -16 -17 17 -19 19 20 -22 -23 -24 -25 -26 26 -28 28 29 -31
leaf_value=-0.00071440562687556783 -2.811503698021525e-07 0.0056759151935112002 -0.0025580916649307651 0.0068273867547086241 0.0011674905991984003 -0.0043785890928536323 -0.0053894118304629469 0.0078998857724616126 -0.00683755089020654 -0.0026831034811201481 0.0073163827011342806 -0.0011768784659958325 0.008955708195496714 0.0070551625085894217 0.00085152069123522718 -0.00061107287363204978 0.0040599264060031809 0.0012903474586407552 0.0054219811028337018 0.0044140281717974161 0.0026021008038244007 -0.0057944399882356532 -0.00025929859687345342 0.0065486935196788446 -0.00024819164098079804 -0.00024963367717947691 0.0052081478953510292 -0.0004120677951965764 0.0027339204632307349 -0.0045073840306891879
leaf_weight=10490 269736 50 67 89 64 436 210 66 451 166 99 99 66 53 86 4695 54 847 54 50 78 102 243 63 151 499 266 705 160 73
leaf_count=10490 269736 50 67 89 64 436 210 66 451 166 99 99 66 53 86 4695 54 847 54 50 78 102 243 63 151 499 266 705 160 73
internal_value=-2.11541e-05 -0.00029515 0.000201137 0.000107912 0.00815789 3.57835e-05 0.00165635 0.000807892 -0.000290308 0.000324979 -0.000752247 0.00358586 0.00584559 0.00373786 0.0068705 -0.000105403 0.00113871 0.00193674 0.000785836 0.00269231 0.0075 0.00168842 0.00272994 0.00544776 0.00207317 0.00012999 0.00173202 -0.000752341 0.000650319 0.00465665
internal_weight=290268 20532 9844 9730 114 9641 1615 1343 8026 1277 10688 198 272 206 139 7590 1067 901 2895 741 128 613 511 268 205 2154 765 1389 938 233
internal_count=290268 20532 9844 9730 114 9641 1615 1343 8026 1277 10688 198 272 206 139 7590 1067 901 2895 741 128 613 511 268 205 2154 765 1389 938 233
is_linear=0
shrinkage=0.05


Tree=263
num_leaves=31
num_cat=0
split_feature=15 0 22 13 19 3 24 13 18 20 22 16 22 15 0 22 22 24 22 22 23 15 22 22 9 21 22 0 19 18
split_gain=0.685903 1.85892 4.02619 2.86618 2.80182 2.33205 2.35486 1.98946 1.92095 2.26776 2.2328 2.01548 2.2105 2.43056 2.82477 2.00459 1.90527 8.93329 2.3441 1.96491 1.81789 2.55603 2.476 11.0885 10.957 3.3972 2.03996 2.13333 1.8382 1.81677
threshold=66.500000000000014 6.1350000000000007 0.99995780822346225 14.950000000000001 9.4950000000000028 10.405000000000003 0.24500000000000002 0.75000000000000011 7.8750000000000009 200.30000000000004 -0.63921128368950708 13.950000000000001 -0.90163369914317015 75.500000000000014 4.8050000000000006 0.99700008544936913 0.85673801594079257 1.6100000000000003 0.83376496542330847 0.82899317702918729 -0.11692317777808843 67.500000000000014 0.91596454896554913 0.90162119223771331 213.93643951416018 21.900000000000002 0.97508442350096236 4.5550000000000006 5.6350000000000007 5.3150000000000004
decision_type=2 2 2 2 2 2 8 2 2 10 2 2 2 2 2 2 2 10 2 2 2 2 2 2 2 8 2 2 2 2
left_child=-1 2 7 -4 5 6 -3 -2 9 15 11 -11 -13 14 -14 16 18 20 19 -9 22 -22 23 -18 -25 26 27 -24 -23 -8
right_child=1 4 3 -5 -6 -7 29 8 -10 10 -12 12 13 -15 -16 -17 17 -19 -20 -21 21 28 25 24 -26 -27 -28 -29 -30 -31
leaf_value=-8.8131888402618954e-05 0.0022910706150846344 0.00045907274687645308 0.0052783457459405535 -0.0033822816178928072 -0.00017528964714823376 0.00094630219555951573 0.0011294285000886556 -1.4229103827073482e-05 0.00087270069351019016 -8.4355965848820289e-05 -0.00093246796617789092 -0.00095414542767619014 0.0074033544693009315 -0.00011792779946850222 0.0026357806663075984 -0.0026367063477300509 -0.0027056484683556027 0.015152280351669732 -0.0074690135146210108 0.0043120791744706635 0.0083362948545052037 2.2431041525993817e-06 0.006833928432999169 0.010947952150773002 0.00043185121820139339 -0.0040938893453828255 -0.0012679786030211112 0.001409710904752223 0.0030589589312164586 -0.00044018114609637322
leaf_weight=152488 452 26263 101 55 34344 14829 1574 14272 2832 5744 17117 192 58 89 94 817 357 97 494 77 89 979 66 62 69 1206 130 55 742 14524
leaf_count=152488 452 26263 101 55 34344 14829 1574 14272 2832 5744 17117 192 58 89 94 817 357 97 494 77 89 979 66 62 69 1206 130 55 742 14524
internal_value=-2.09818e-05 5.98769e-05 -0.000198505 0.00782051 0.00019042 0.00040479 0.000215881 -0.000225647 -0.000258339 -0.000341776 -0.000674853 0.000140034 0.00342956 0.00661826 0.0104605 5.58619e-05 0.000161807 0.00115265 -9.53323e-05 2.12546e-05 0.000765645 0.00190608 -0.000295631 0.00278688 0.015229 -0.00132807 0.00396414 0.00863636 0.00147879 -0.000260282
internal_weight=290268 137780 46246 156 91534 57190 42361 46090 45638 42806 23294 6177 433 241 152 19512 18695 3852 14843 14349 3755 1810 1945 488 131 1457 251 121 1721 16098
internal_count=290268 137780 46246 156 91534 57190 42361 46090 45638 42806 23294 6177 433 241 152 19512 18695 3852 14843 14349 3755 1810 1945 488 131 1457 251 121 1721 16098
is_linear=0
shrinkage=0.05


Tree=264
num_leaves=31
num_cat=0
split_feature=14 22 23 22 22 9 18 23 23 24 1 5 13 17 0 23 17 22 1 21 13 22 23 24 22 4 15 14 17 1
split_gain=0.683695 1.19865 1.91849 1.85366 3.9665 2.67507 2.90237 2.47097 2.11061 2.10154 3.57682 4.01204 2.32438 1.81194 2.96777 1.45083 1.5312 1.36667 1.35776 1.31597 2.3378 2.56502 3.50416 2.10232 2.51919 1.92358 1.67364 2.50834 1.71923 3.23384
threshold=27.450000000000003 -0.51297808981038739 0.78724360164103002 -0.35846811432664222 -0.40614700388750385 395.71284484863287 4.1050000000000013 0.91159213926341531 0.89691351184655443 -0.089999999999999983 4.7650000000000006 4.6378571428571442 2.2500000000000004 242.50000000000003 9.8550000000000022 0.77652048701313048 266.50000000000006 -0.33425342068356556 3.5050000000000003 12.500000000000002 11.750000000000002 0.99374995976406788 -0.065537083312030994 0.05000000000000001 -0.29343379936893921 13.445000000000002 61.500000000000007 24.550000000000004 217.50000000000003 5.1550000000000011
decision_type=2 2 2 2 2 2 2 2 2 8 2 2 2 2 2 2 2 2 2 8 2 2 2 10 2 2 2 2 2 2
left_child=1 2 15 4 8 7 -7 13 9 10 11 18 -11 14 -6 16 -1 -5 -3 20 23 -22 -23 24 -19 -24 28 -28 -26 -30
right_child=-2 3 -4 17 5 6 -8 -9 -10 12 -12 -13 -14 -15 -16 -17 -18 19 -20 -21 21 22 25 -25 26 -27 27 -29 29 -31
leaf_value=-0.000187423776654217 5.2836024042937556e-06 0.0050661760129831071 -0.0034458548800115722 -0.0050577586029681093 0.0092034464164557645 0.0080391835167506545 0.0019905171925260804 -0.0014144514730485207 -0.0076599520494185034 0.0039962648535454958 0.00050564793259775219 0.0069341448679820263 -0.0057635459544811384 -0.00096809088298248618 0.00093148622546725384 0.0038168667276528229 -0.0011687683821320985 0.006827171632477526 -0.0014239838864343662 -0.00025564638438141249 -0.00073863198610572573 0.0067075977621698993 0.0016344522980096432 -0.00045987669263960318 -0.0019869437734378321 -0.0029917826464989621 -0.00016168034823189231 0.0030577468948425508 0.0047618400440059263 -0.00079828965061651432
leaf_weight=9557 248318 52 734 284 76 96 174 266 247 97 384 50 391 54 58 80 2713 84 51 18646 3440 56 92 1245 319 73 594 1588 115 334
leaf_count=9557 248318 52 734 284 76 96 174 266 247 97 384 50 391 54 58 80 2713 84 51 18646 3440 56 92 1245 319 73 594 1588 115 334
internal_value=-2.54604e-05 -0.000212159 -0.000609142 -3.2219e-05 0.00143787 0.00439226 0.00833333 0.00204846 -0.000243712 0.000756096 0.00291434 0.00937908 -0.00161885 0.00643617 0.00955224 -0.00046154 -0.000505299 -0.000141423 0.00373786 -0.000104568 0.000434508 -0.000493036 0.00472851 0.00122809 0.00193803 0.0010606 0.00169491 0.00240147 -0.000312501 0.00168151
internal_weight=290268 41950 13084 28866 1996 724 270 454 1272 1025 537 153 488 188 134 12350 12270 26870 103 26586 7940 3661 221 4279 3034 165 2950 2182 768 449
internal_count=290268 41950 13084 28866 1996 724 270 454 1272 1025 537 153 488 188 134 12350 12270 26870 103 26586 7940 3661 221 4279 3034 165 2950 2182 768 449
is_linear=0
shrinkage=0.05


Tree=265
num_leaves=31
num_cat=0
split_feature=24 22 24 16 24 1 17 22 22 22 24 24 15 21 9 22 20 13 17 20 9 22 22 17 24 23 24 17 1 5
split_gain=0.642029 2.73626 7.67045 3.64498 6.38848 2.87851 8.18928 2.41337 2.27087 6.90044 5.49964 4.99074 4.95069 3.3544 3.30146 3.87287 4.33549 3.2785 3.27089 3.20964 3.04619 3.19934 6.16454 2.94285 2.93861 4.59861 2.9176 2.80006 2.7551 3.80278
threshold=-0.089999999999999983 0.83849049182116964 -0.24999999999999997 9.9500000000000011 -0.22499999999999995 6.4750000000000005 90.500000000000014 0.84313847884979054 0.21022171450811275 0.19337368024598436 -0.49499999999999994 -0.40499999999999997 64.500000000000014 12.500000000000002 998.87963867187511 0.15951094710994371 299.85000000000008 5.5500000000000007 269.50000000000006 491.60000000000008 695.77572631835949 -0.97113884758256674 -0.97876850416056738 314.50000000000006 -0.18999999999999997 -0.056951011027366626 -0.42499999999999993 257.50000000000006 10.805000000000001 11.932142857142859
decision_type=10 2 10 2 10 2 2 2 2 2 10 10 2 10 2 2 10 2 2 10 2 2 2 2 10 2 10 2 2 2
left_child=1 8 -3 4 -4 -5 -7 -8 9 14 -10 12 13 -11 19 16 -16 -13 -17 20 21 22 24 28 25 -1 -18 -15 -12 -30
right_child=-2 2 3 5 -6 6 7 -9 10 11 23 17 -14 27 15 18 26 -19 -20 -21 -22 -23 -24 -25 -26 -27 -28 -29 29 -31
leaf_value=0.0015011558381156798 -7.5573629546877834e-05 -0.0068384303124990999 0.0033197500007812507 -0.0032410393893253218 0.0080636658866459349 0.008946064421901179 -0.0048033723782298947 0.0031663042756109728 -0.0028035201052674734 0.01191827063002864 0.00054247067681602139 -0.0076294521070316467 0.0021430492539921513 0.0018892048333227268 1.6041060498688403e-05 0.0071821518998610272 0.00071042025249637745 0.0070542515100497543 7.7509118169499989e-05 -0.0011108188731902937 -0.0015181821073668106 0.00031963065063515578 -0.0042606058923307646 -0.0011194353749823078 -0.0030574373716298359 -0.00051373721927990934 0.003881505395887476 0.019093477124029964 -0.0021960487084407053 0.0006420427689231824
leaf_weight=3165 163350 396 201 123 141 67 158 102 3762 52 13408 142 225 55 3743 116 1248 56 82 8771 2419 66676 1784 4915 2134 7478 790 64 2523 2122
leaf_count=3165 163350 396 201 123 141 67 158 102 3762 52 13408 142 225 55 3743 116 1248 56 82 8771 2419 66676 1784 4915 2134 7478 790 64 2523 2122
internal_value=-2.32211e-05 6.11406e-05 0.00244949 0.0052904 0.00918129 0.00233333 0.00478593 0.00076923 3.85735e-05 0.000148989 -0.000370372 0.00552188 0.00876263 0.0151754 0.000116557 0.00125523 0.00101972 -0.000959597 0.00813131 4.28975e-05 0.000138303 0.000190368 -0.000481081 -8.01127e-05 -9.66592e-05 0.000242881 0.00287537 0.0105462 0.000215198 -0.000834232
internal_weight=290268 126918 1188 792 342 450 327 260 125730 99000 26730 594 396 171 98406 5979 5781 198 198 92427 83656 81237 14561 22968 12777 10643 2038 119 18053 4645
internal_count=290268 126918 1188 792 342 450 327 260 125730 99000 26730 594 396 171 98406 5979 5781 198 198 92427 83656 81237 14561 22968 12777 10643 2038 119 18053 4645
is_linear=0
shrinkage=0.05


Tree=266
num_leaves=31
num_cat=0
split_feature=14 0 19 19 16 16 21 3 14 8 15 9 24 1 24 21 14 13 9 22 13 23 13 1 15 14 23 24 24 22
split_gain=0.654892 1.53222 1.05305 0.904786 1.17145 1.68581 1.1101 1.93346 0.886758 0.690062 0.688621 1.78117 2.14291 2.4568 2.43625 1.99281 1.95377 2.2012 1.91424 7.39181 3.31142 1.78501 2.88128 1.65883 1.65607 1.62678 1.59866 1.67663 3.10052 3.75507
threshold=34.650000000000013 10.155000000000003 9.8250000000000011 19.125000000000004 11.750000000000002 9.5500000000000025 167.50000000000003 34.978333333333339 34.850000000000001 166.50000000000003 66.500000000000014 209.05644989013675 0.53000000000000014 6.1150000000000011 -0.65999999999999981 16.900000000000002 24.250000000000004 14.950000000000001 845.66873168945324 0.57077594689671507 7.3500000000000005 -0.99052477729077237 1.2500000000000002 3.4250000000000003 54.500000000000007 25.950000000000003 0.99988440732898443 0.47500000000000003 -0.029999999999999995 -0.23537230790205757
decision_type=2 2 2 2 2 2 10 2 2 2 2 2 10 2 10 10 2 2 2 2 2 2 2 2 2 2 2 10 10 2
left_child=9 -2 -3 6 5 -5 8 -8 -4 10 11 16 13 14 -13 25 17 -1 21 -20 -21 22 -14 -24 -15 -16 27 28 -18 -30
right_child=1 2 3 4 -6 -7 7 -9 -10 -11 -12 12 18 24 15 -17 26 -19 19 20 -22 -23 23 -25 -26 -27 -28 -29 29 -31
leaf_value=0.0019210301275818433 0.0059307512429900115 -0.0034833605312585649 0.011134106783019527 -0.0047549086149561368 -0.004719036846243631 0.0098402493236231722 0.011662727236319052 0.0047048142278581003 -0.0003583029320638526 0.0048772290704312566 4.1085060188390612e-05 -0.001096416769110004 0.00680259010012744 -0.0019955814355352049 0.002525818396923648 -0.00025260923205845919 -2.4464198298398255e-07 0.0058847720725681727 -0.00064938057077598124 0.0021919852993274626 0.012118779624806593 -0.0019770926788531813 0.0068356238411318342 -0.0054593932213776427 -0.00035776346918271577 0.0012545545748936006 0.0030304421447731079 0.00020700698413625036 -0.0041204379947384099 -0.00059084200096799864
leaf_weight=635 93 106 72 59 265 87 52 53 204 51 137780 2121 97 1737 554 3296 54595 51 770 91 56 7181 53 211 16023 5441 280 41843 2127 14284
leaf_count=635 93 106 72 59 265 87 52 53 204 51 137780 2121 97 1737 554 3296 54595 51 770 91 56 7181 53 211 16023 5441 280 41843 2127 14284
internal_value=-2.68385e-05 0.00125631 0.000623607 0.00125 -0.00037713 0.00321918 0.00300525 0.00738095 0.00134058 -3.12342e-05 -3.22597e-05 -0.000105848 -0.000404056 -0.000200879 0.000371538 0.000720589 -7.2498e-06 0.00265306 -0.00110474 0.00105234 0.0113265 -0.00136701 0.00206371 -0.000643941 -0.000568695 0.00126355 -2.33816e-05 -3.27441e-05 -0.00018069 -0.000783317
internal_weight=290268 991 898 792 411 146 381 105 276 289277 289226 151446 37631 29172 11412 9291 113815 686 8459 917 147 7542 361 264 17760 5995 113129 112849 71006 16411
internal_count=290268 991 898 792 411 146 381 105 276 289277 289226 151446 37631 29172 11412 9291 113815 686 8459 917 147 7542 361 264 17760 5995 113129 112849 71006 16411
is_linear=0
shrinkage=0.05


Tree=267
num_leaves=31
num_cat=0
split_feature=2 24 24 23 2 22 22 23 5 18 20 1 22 24 24 22 23 5 22 3 22 17 13 23 22 19 23 13 16 22
split_gain=0.663567 2.33386 4.62022 3.60463 3.72938 3.97246 4.38865 3.52995 3.5706 4.25307 5.44844 3.25812 2.53753 3.01497 2.84989 3.4257 25.7327 9.84368 5.75246 4.62617 3.74524 2.57691 2.50235 2.49262 15.8904 3.83817 3.25644 2.93037 2.39539 2.68968
threshold=-0.67999999999999872 -0.65999999999999981 -0.55499999999999983 -0.77243990499604276 -4.0299999999999976 -0.55657520495441892 -0.56368474752277564 -0.40613878790836594 20.605000000000008 14.605000000000002 295.90000000000003 30.295000000000005 -0.50556189049999822 -0.49499999999999994 -0.22499999999999995 -0.8781231054254196 -0.46800559042974538 9.9492857142857165 -0.90893996196865023 9.5316666666666681 -0.89406062840022227 94.500000000000014 13.15 0.68274389090025245 -0.69057362043749781 9.6750000000000025 -0.022575793296316496 1.6500000000000001 10.65 0.77244481603295057
decision_type=2 8 10 2 2 2 2 2 2 2 10 2 2 10 10 2 2 2 2 2 2 2 2 2 2 2 2 2 2 2
left_child=1 -1 3 4 5 6 11 -5 -9 10 22 -3 14 -14 23 16 17 -16 -18 20 -20 -21 -10 26 25 -25 27 -4 29 -15
right_child=-2 2 12 7 -6 -7 -8 8 9 -11 -12 -13 13 28 15 -17 18 -19 19 21 -22 -23 -24 24 -26 -27 -28 -29 -30 -31
leaf_value=-0.00077427948895584175 3.235290921859459e-05 0.012114268619131795 -0.0036084229777892138 -0.0017007583648650133 0.0021911449735379182 -0.0017081661604846144 0.019960990296749817 0.00065944884943884997 0.013298946146969927 0.0028596210974102406 0.0028283657343069952 0.0032277609991089385 -0.0020796630346107442 0.00049105022866138554 0.040350845382173206 -0.0018967214687480229 -0.0013099393105445545 0.0054347331542650475 0.010515914387370085 0.010914602283427806 -0.0021805180629760278 0.00020979719798554249 0.0088439058048331975 0.0089961070425611731 -0.00028007499470981387 0.0017754951471779944 -0.0055123348062188354 0.0011600847752440233 -0.00036344080113592532 -0.00024740426138952342
leaf_weight=7599 178868 60 828 2413 345 88 52 7221 84 599 155 107 2163 27209 71 7507 8195 54 136 82 58 659 51 184 1133 59 1091 4106 22777 16314
leaf_count=7599 178868 60 828 2413 345 88 52 7221 84 599 155 107 2163 27209 71 7507 8195 54 136 82 58 659 51 184 1133 59 1091 4106 22777 16314
internal_value=-2.49437e-05 -0.000120737 -5.88157e-05 0.000901565 0.0045092 0.00851791 0.0121233 0.000678037 0.00117756 0.0041676 0.00913793 0.00817365 -0.000174682 -1.92086e-05 -0.000615198 -0.000976018 -0.000332254 0.0222 -0.000640746 0.00307487 0.00994845 0.0012753 0.0164815 0.000201999 0.00212209 0.0137243 -0.000236516 0.000310092 4.07228e-05 0.000258138
internal_weight=290268 111400 103801 11175 652 307 219 10523 8110 889 290 167 92626 68463 24163 16762 9255 125 9130 935 194 741 135 7401 1376 243 6025 4934 66300 43523
internal_count=290268 111400 103801 11175 652 307 219 10523 8110 889 290 167 92626 68463 24163 16762 9255 125 9130 935 194 741 135 7401 1376 243 6025 4934 66300 43523
is_linear=0
shrinkage=0.05


Tree=268
num_leaves=31
num_cat=0
split_feature=14 19 17 20 23 4 16 19 13 9 23 15 20 14 14 1 0 4 17 0 15 14 17 9 16 17 23 16 15 13
split_gain=0.672214 1.71862 1.42148 1.48143 1.66798 1.37625 1.96053 1.77376 1.71841 2.20318 2.18397 1.80742 1.45469 1.42182 2.6521 1.41901 1.40204 1.36734 1.37037 1.34482 1.33488 1.31084 1.28866 2.24014 1.26469 1.87365 1.70928 1.1362 2.07749 2.47086
threshold=26.150000000000002 5.6350000000000007 157.50000000000003 143.40000000000003 -0.97874870457683594 17.775000000000002 10.950000000000001 12.955000000000002 24.550000000000004 282.13146972656256 0.90070004940655357 82.500000000000014 275.50000000000006 25.250000000000004 23.750000000000004 12.295000000000002 6.2950000000000008 20.275000000000002 208.50000000000003 7.0950000000000006 83.500000000000014 25.950000000000003 32.500000000000007 331.07556152343756 9.3500000000000032 84.500000000000014 0.39629089145655322 9.2500000000000018 64.500000000000014 1.6500000000000001
decision_type=2 2 2 10 2 2 2 2 2 2 2 2 10 2 2 2 2 2 2 2 2 2 2 2 2 2 2 2 2 2
left_child=1 27 3 4 20 8 15 -8 21 12 -11 -12 13 14 -10 17 -16 -7 -19 -15 -3 -4 23 -6 -5 26 -26 28 -1 -30
right_child=-2 2 5 24 22 6 7 -9 9 10 11 -13 -14 19 16 -17 -18 18 -20 -21 -22 -23 -24 -25 25 -27 -28 -29 29 -31
leaf_value=0.0018535846247775952 -4.5686271028364078e-06 0.00030465075093572425 0.00011425044247755684 -0.0018508878055820738 0.0080966160427024154 0.0047235900562178643 0.0069538135880347135 0.002329516507252809 0.0039675434562158355 -0.0014180326596184829 -0.00057687745234846809 0.0042133450931231345 -0.0016338287082352623 -0.00053228360924076985 0.0069698684313019444 -0.00018855059398267178 0.0048651278283091378 0.0070816712134547793 -0.0041598309008497756 0.0040029688866566457 0.0033558205187749625 -0.0019019754369187455 -0.00078915465124230165 -0.00012916030471954895 0.00023147218843963578 -0.0019932229092705293 0.0043563040636268686 -0.0020870822837727094 0.0039567309075191331 -0.00087073462784850839
leaf_weight=550 269736 102 5496 2731 59 59 89 130 104 432 53 57 51 90 50 522 68 51 61 62 80 633 1060 112 96 204 80 1629 175 5646
leaf_count=550 269736 102 5496 2731 59 59 89 130 104 432 53 57 51 90 50 522 68 51 61 62 80 633 1060 112 96 204 80 1629 175 5646
internal_value=-2.66662e-05 -0.000302456 6.30374e-05 -0.000645448 0.000697097 0.000463286 0.00229167 0.00641552 0.000228296 0.00218718 7.37995e-05 0.00636364 0.00488235 0.00596257 0.00851351 0.000988455 0.0136441 0.00494152 0.00169643 0.00223684 0.00516483 -8.07648e-05 3.65545e-05 0.00406433 -0.00125522 0.00144737 0.00522727 -0.000875001 -0.000573694 -0.00085123
internal_weight=290268 20532 12532 4524 1413 8008 912 219 7096 967 542 110 425 374 222 693 118 171 112 152 182 6129 1231 171 3111 380 176 8000 6371 5821
internal_count=290268 20532 12532 4524 1413 8008 912 219 7096 967 542 110 425 374 222 693 118 171 112 152 182 6129 1231 171 3111 380 176 8000 6371 5821
is_linear=0
shrinkage=0.05


Tree=269
num_leaves=31
num_cat=0
split_feature=18 0 2 18 17 1 0 5 22 13 22 23 23 17 17 4 9 22 22 22 2 9 4 1 20 23 5 10 2 1
split_gain=0.653525 4.70614 2.84192 2.31065 2.0439 1.98815 1.94316 2.36396 2.16814 1.60225 3.11793 2.40102 6.67215 3.2764 3.20651 3.55726 4.35382 2.45028 5.50464 3.61975 5.6741 2.29274 2.14254 2.8548 2.13324 1.97059 1.92137 2.32773 2.64323 1.8369
threshold=8.1950000000000021 8.3250000000000011 4.9450000000000021 6.7650000000000006 34.500000000000007 15.235000000000001 7.8450000000000006 6.2907142857142864 -0.35846811432664222 1.0000000180025095e-35 -0.70291267844185523 -0.55656394595157355 -0.52765736634565841 14.500000000000002 62.500000000000007 20.275000000000002 60.951875686645515 0.75014288946266361 0.70290292807158605 0.72695311118111527 -0.70999999999999808 59.99919509887696 12.785000000000002 12.745000000000003 314.30000000000001 -0.9575230291762723 105.33500000000002 5.0742855072021493 18.555000000000007 4.245000000000001
decision_type=2 2 2 2 2 2 2 2 2 2 2 2 2 2 2 2 2 2 2 2 2 2 2 2 10 2 2 2 2 2
left_child=1 2 -1 4 5 -3 -2 8 -8 10 26 13 14 -11 21 -16 -17 18 -15 20 -20 -13 -21 -24 -22 -12 -9 28 -28 -14
right_child=6 3 -4 -5 -6 -7 7 9 -10 11 25 12 29 17 15 16 -18 -19 19 22 24 -23 23 -25 -26 -27 27 -29 -30 -31
leaf_value=-6.1502750522313956e-05 0.0003961138348953766 0.0017180312927942967 0.0051386203981748663 0.00032364419772171996 0.0014373267460209751 0.0080553373804631394 0.00042576240804877087 -0.00095081750742152533 -0.0023749783941669237 0.0022568423614224074 -0.00045869324923954175 0.0033257281807376701 0.0030101172928644476 -0.00061454381203160727 0.0013507054248972734 0.0039044483870819564 0.014533630815698449 -0.0031087071864031677 0.0068400220412532312 -0.0026873205065610856 0.001210723513477641 0.0072607259865339058 0.0042652395500696284 -0.0053536943365811891 0.005756355675742216 0.0016086647087890302 0.0032421668503802405 -0.000626900911581297 0.02555607838247595 -0.00010277463217288022
leaf_weight=123868 16560 632 70 14128 7182 136 1171 4255 2913 560 1263 51 367 37441 995 239 91 1470 57 204 268 74 101 63 129 5106 53 142 51 70628
leaf_count=123868 16560 632 70 14128 7182 136 1171 4255 2913 560 1263 51 367 37441 995 239 91 1470 57 204 268 74 101 63 129 5106 53 142 51 70628
internal_value=-2.6494e-05 4.80757e-05 -7.17306e-05 0.000720626 0.00140251 0.00385417 -0.000101976 -0.000168062 -0.00135162 -0.000128957 0.000450781 -0.000184855 -1.27695e-05 -0.000494256 0.00334483 0.00262264 0.00712121 -0.000547783 -0.000470822 0.00357664 0.00656388 0.011 -0.000108697 0.00414634 0.00444584 0.00116266 -0.000556544 0.00373984 0.00942308 -8.13449e-05
internal_weight=290268 146016 123938 22078 7950 768 144252 127692 4084 123608 10870 112738 72445 40293 1450 1325 330 39733 38263 822 454 125 368 164 397 6369 4501 246 104 70995
internal_count=290268 146016 123938 22078 7950 768 144252 127692 4084 123608 10870 112738 72445 40293 1450 1325 330 39733 38263 822 454 125 368 164 397 6369 4501 246 104 70995
is_linear=0
shrinkage=0.05


Tree=270
num_leaves=31
num_cat=0
split_feature=14 19 21 20 17 14 17 20 13 15 20 18 16 20 5 20 18 15 5 16 16 15 24 23 20 14 20 19 15 14
split_gain=0.675577 1.6444 1.46949 1.39956 2.60038 1.62001 1.64359 2.56662 1.79841 2.22786 1.9547 2.36459 1.87946 1.4997 1.97686 5.36138 1.36139 1.34567 1.24793 1.22088 1.60106 2.07039 1.27536 2.68508 2.353 2.30043 2.05032 2.4815 3.22572 1.2803
threshold=26.150000000000002 5.6350000000000007 16.900000000000002 334.10000000000008 207.50000000000003 21.550000000000004 267.50000000000006 337.40000000000003 5.5500000000000007 74.500000000000014 361.10000000000008 8.5550000000000015 5.8500000000000005 395.30000000000001 8.016428571428575 415.50000000000006 7.3250000000000011 49.500000000000007 4.5792857142857155 7.0500000000000007 4.6500000000000012 70.500000000000014 0.83000000000000007 0.41202506375868281 223.65000000000003 25.350000000000005 280.7000000000001 7.9350000000000014 86.500000000000014 25.650000000000002
decision_type=2 2 8 8 2 2 2 8 2 2 8 2 2 8 2 10 2 2 2 2 2 2 10 2 10 2 10 2 2 2
left_child=1 2 -1 4 -3 -5 7 -7 9 10 11 -9 -10 -14 18 -16 -4 -12 -15 20 21 -6 23 -21 -24 -26 27 28 -25 -28
right_child=-2 3 16 5 19 6 -8 8 12 -11 17 -13 13 14 15 -17 -18 -19 -20 22 -22 -23 24 26 25 -27 29 -29 -30 -31
leaf_value=-0.0001773429013470231 -2.9955751129504956e-06 -0.00084494071681196512 -0.0019932702184760646 0.0025937521005962153 0.0068752513102065113 0.007318347986769707 -0.0013922825510767 0.0047788020297258697 -0.0027283689126680177 0.0058362113194990461 0.0036231706758805826 0.0011292496022976719 -0.0019485533712387849 0.0037834119387509697 0.0077726151731760578 -0.0033063849607203469 0.0015416471228293716 -0.0001841744552415564 -0.00035103617503369749 -0.00040360400481605154 -0.00062788516369630197 0.00052993000968688147 0.00023533098191478842 0.0033692148861655608 0.0077568559646267292 0.0022013740263305587 -0.0043701057599164336 0.0015919417422438323 0.0066446275905826593 0.0020448336314517063
leaf_weight=4498 269736 5331 3379 50 70 51 546 53 424 95 74 88 166 99 64 59 123 515 320 1094 1804 215 203 261 51 100 144 439 117 99
leaf_count=4498 269736 5331 3379 50 70 51 546 53 424 95 74 88 166 99 64 59 123 515 320 1094 1804 215 203 261 51 100 144 439 117 99
internal_value=-2.59772e-05 -0.000302456 -0.000862501 5.50579e-05 -0.000215553 0.00108679 0.000912293 0.0015737 0.00128513 0.0030606 0.00212329 0.00741135 -8.83511e-06 0.0015678 0.00284133 0.00841463 -0.0016305 0.000857384 0.00120525 0.000655861 -0.000236957 0.00324561 0.00139952 0.000942431 0.00418079 0.00890728 0.00273585 0.00393513 0.00690476 -0.0012963
internal_weight=290268 20532 8000 12532 9928 2604 2554 2008 1957 825 730 141 1132 708 542 123 3502 589 419 4597 2089 285 2508 2154 354 151 1060 817 378 243
internal_count=290268 20532 8000 12532 9928 2604 2554 2008 1957 825 730 141 1132 708 542 123 3502 589 419 4597 2089 285 2508 2154 354 151 1060 817 378 243
is_linear=0
shrinkage=0.05


Tree=271
num_leaves=31
num_cat=0
split_feature=14 22 4 22 9 24 22 24 24 15 22 2 14 21 15 16 3 16 16 4 22 17 24 1 22 24 15 14 22 2
split_gain=0.722278 1.61833 1.86711 1.79514 1.84027 1.47086 1.43858 1.58831 2.09108 1.60748 1.56194 1.95829 1.59692 2.95835 1.5727 2.59259 1.42385 1.42104 1.83344 2.00372 1.80856 1.81858 1.55556 1.99696 1.40257 1.95672 2.31622 1.90471 1.80711 1.70906
threshold=26.150000000000002 0.091259403071267925 26.895000000000003 0.10837544681456425 291.71234130859381 -0.49499999999999994 0.63920241694561786 -0.24999999999999997 -0.22499999999999995 73.500000000000014 0.48314048284850658 4.3600000000000048 22.350000000000005 12.500000000000002 66.500000000000014 6.8500000000000005 5.9683333333333346 6.1500000000000012 6.5500000000000007 7.8650000000000011 0.85673801594079257 40.500000000000007 1.0000000180025095e-35 7.705000000000001 0.43733377705052551 -0.049999999999999996 83.500000000000014 24.050000000000004 0.17646842360078763 2.4200000000000017
decision_type=2 2 2 2 2 10 2 10 10 2 2 2 2 8 2 2 2 2 2 2 2 2 10 2 2 10 2 2 2 2
left_child=1 -1 3 4 -3 -5 10 -8 9 -9 24 12 13 -12 15 -14 -17 -10 19 -19 -20 22 -22 -24 25 27 -27 -7 -28 -29
right_child=-2 2 -4 5 -6 6 7 8 17 -11 11 -13 14 -15 -16 16 -18 18 20 -21 21 -23 23 -25 -26 26 28 29 -30 -31
leaf_value=-0.00058993477078710891 -2.8457963573079026e-06 0.0051031881440445001 0.0062608383552224204 -0.0031197606605519665 -0.0012646506033570093 -0.0018745658391709854 -0.0052009185747290618 0.00087390704741435255 -0.0014110193955784666 0.0048757826715684445 -0.00013410457849413659 0.0032803300617028418 0.007087068179795989 0.0041575981117894139 0.00027060891103879533 0.01029877026913352 -0.0027493909664961205 0.0063301167406424807 -0.0026056705794191733 0.00096188197486111798 -0.0002615007746281102 2.9820406718685365e-05 0.010455779636678895 0.0003472275070520577 -0.0039347993250232714 -0.001412043628128217 0.0027297215894814416 0.0060395598541017146 0.0009829401235777655 -0.0067555119608899237
leaf_weight=10688 269736 52 89 556 51 184 389 160 1686 93 61 50 90 55 927 57 69 134 601 262 77 1603 67 54 367 1083 66 432 460 69
leaf_count=10688 269736 52 89 556 51 184 389 160 1686 93 61 50 90 55 927 57 69 134 601 262 77 1603 67 54 367 1083 66 432 460 69
internal_value=-2.63217e-05 -0.000312197 0.000150344 8.45708e-05 0.00665048 1.45036e-05 0.000167105 -0.000386267 -0.000134052 0.00428854 0.000881611 0.00229564 0.00191025 0.0075 0.00134296 0.00518518 0.000555554 -0.000383587 0.000307361 0.00345959 -0.000212324 0.000580232 0.00510101 0.00863636 0.000186019 0.00064516 -0.000307646 0.00288321 0.00241445 0.00448104
internal_weight=290268 20532 9844 9755 103 9652 9096 5126 4737 253 3970 1309 1259 116 1143 216 126 4484 2798 396 2402 1801 198 121 2661 2294 1609 685 526 501
internal_count=290268 20532 9844 9755 103 9652 9096 5126 4737 253 3970 1309 1259 116 1143 216 126 4484 2798 396 2402 1801 198 121 2661 2294 1609 685 526 501
is_linear=0
shrinkage=0.05


Tree=272
num_leaves=31
num_cat=0
split_feature=14 0 13 18 19 19 9 18 0 5 5 19 0 5 22 19 18 1 9 9 13 20 13 22 15 14 1 17 9 17
split_gain=0.651731 1.53222 1.00404 0.639937 0.753369 0.995216 0.997982 0.639719 4.0877 2.00851 1.91973 1.89604 1.61674 1.92151 1.93642 1.89665 1.52496 1.45712 1.97321 1.53104 1.924 1.41881 1.33206 3.23478 1.35689 2.18368 1.65884 1.82813 4.1396 1.35304
threshold=34.650000000000013 10.155000000000003 1.5500000000000003 81.110000000000014 20.105000000000004 14.115 23.645804405212406 8.1950000000000021 10.205000000000002 32.962857142857153 8.9407142857142876 3.8450000000000002 7.8450000000000006 6.2907142857142864 -0.35846811432664222 13.165000000000001 8.3550000000000022 11.905000000000003 389.30609130859381 322.30685424804693 11.250000000000002 180.30000000000004 1.0000000180025095e-35 -0.70291267844185523 48.500000000000007 33.45000000000001 9.4550000000000018 185.50000000000003 77.362941741943374 286.50000000000006
decision_type=2 2 2 2 2 2 2 2 2 2 2 2 2 2 2 2 2 2 2 2 2 8 2 2 2 2 2 2 2 2
left_child=7 -2 3 4 5 -3 -7 8 9 -1 -10 21 16 14 15 -14 -13 18 19 -12 -21 -9 23 -15 25 26 27 -25 -29 -28
right_child=1 2 -4 -5 -6 6 -8 11 10 -11 17 12 13 22 -16 -17 -18 -19 -20 20 -22 -23 -24 24 -26 -27 29 28 -30 -31
leaf_value=-1.8075148218936171e-05 0.0056500274655874741 -0.0004482508197765217 0.0062354805311621133 0.0088445398879563406 -0.0050308815008968232 0.00451800431948791 0.0052563262024739165 -0.0040284333948490377 -0.00069444521126521639 0.012799660114998765 0.0026358668705339784 -0.00050661740446704049 -0.00053466825730126696 -0.00079582709430665735 -0.0022574898107262159 0.0027689797006579774 0.00051807410591475894 0.00091602882955463402 -0.00019446343888055717 0.0056326339770479943 0.00067509818981445968 0.0030940782518641763 -0.00019133675752741223 0.0012036154580417435 0.00065098529162924601 -0.00063417402792550234 0.003110698418291662 0.0077117328222789487 0.0020649617360240465 -0.00089767951369107511
leaf_weight=137585 93 288 102 67 264 116 61 53 1148 50 2329 1734 987 4187 2904 182 14660 4203 515 54 56 512 111832 92 4785 430 607 69 94 209
leaf_count=137585 93 288 102 67 264 116 61 53 1148 50 2329 1734 987 4187 2904 182 14660 4203 515 54 56 512 111832 92 4785 430 607 69 94 209
internal_value=-2.37379e-05 0.00125631 0.000623607 2.51244e-05 -0.000404665 0.00080645 0.00375706 -2.8123e-05 4.55655e-05 -1.94367e-05 0.00112282 -0.00010315 -0.000114589 -0.00017519 -0.00124356 0.000474764 0.000352567 0.00142727 0.00227827 0.00287208 0.00863636 0.00278761 -0.000139611 0.000399598 0.00111677 0.00242838 0.00363679 0.00715686 0.0103374 0.00253676
internal_weight=290268 991 898 796 729 465 177 289277 145940 137635 8305 143337 142772 126378 4073 1169 16394 7157 2954 2439 110 565 122305 10473 6286 1501 1071 255 163 816
internal_count=290268 991 898 796 729 465 177 289277 145940 137635 8305 143337 142772 126378 4073 1169 16394 7157 2954 2439 110 565 122305 10473 6286 1501 1071 255 163 816
is_linear=0
shrinkage=0.05


Tree=273
num_leaves=31
num_cat=0
split_feature=2 24 24 23 2 22 22 23 5 18 20 23 3 22 24 24 22 23 3 22 3 22 13 24 22 20 22 22 24 22
split_gain=0.6074 1.90802 3.89056 3.02475 2.97073 3.28411 3.26537 2.94787 3.16171 4.44131 5.15866 2.5098 2.45011 2.4177 2.87916 2.63016 2.97722 20.5649 9.53412 4.7401 4.36793 3.39109 2.31817 2.30569 3.02938 2.91536 2.55633 2.95335 2.11342 2.10059
threshold=-0.67999999999999872 -0.65999999999999981 -0.55499999999999983 -0.77243990499604276 -4.0299999999999976 -0.55657520495441892 -0.56368474752277564 -0.40613878790836594 20.605000000000008 14.605000000000002 295.90000000000003 0.04621408538533487 112.82833333333336 -0.50556189049999822 -0.49499999999999994 -0.22499999999999995 -0.8781231054254196 -0.46800559042974538 9.7550000000000043 -0.90893996196865023 9.5316666666666681 -0.89406062840022227 1.4500000000000002 0.89500000000000013 -0.46801505794253101 268.2000000000001 0.98667101781630195 0.99907018497641664 0.83000000000000007 -0.55657520495441892
decision_type=2 8 10 2 2 2 2 2 2 2 10 2 2 2 10 10 2 2 2 2 2 2 2 10 2 8 2 2 10 2
left_child=1 -1 3 4 5 6 -3 -5 -9 10 11 -10 -11 15 -15 22 17 18 -17 -19 21 -21 -4 25 -25 -16 -26 -28 -27 -24
right_child=-2 2 13 7 -6 -7 -8 8 9 12 -12 -13 -14 14 23 16 -18 19 -20 20 -22 -23 29 24 26 28 27 -29 -30 -31
leaf_value=-0.00074593799286074155 2.4843156853488262e-05 0.0077759581803978593 -0.0034587230538099486 -0.0015691091104207283 0.0019759260828436484 -0.0016902420752738297 0.018755119679886943 0.00062137639200219555 0.022057694036885379 0.00046817100861213864 0.0027021735170052936 0.0046461524884128177 0.014996936062030237 -0.001969034600186706 0.00034250389121336734 0.038445587067534169 -0.0017973860004449041 -0.0012316355037195531 0.0059798429803548129 0.0099946180628672898 0.0015356207288583271 -0.0020669927649615114 0.00083954390275699632 0.0035789879611475743 0.0004579232810078434 -0.00031190034902936936 -0.0061319084810830008 0.0016034851173532293 -0.0025108119472830818 -0.0030239549505157171
leaf_weight=7599 178868 167 905 2413 345 88 52 7221 50 540 155 85 59 2163 15915 64 7507 8195 61 136 741 58 5854 422 16602 31137 667 149 1408 642
leaf_count=7599 178868 167 905 2413 345 88 52 7221 50 540 155 85 59 2163 15915 64 7507 8195 61 136 741 58 5854 422 16602 31137 667 149 1408 642
internal_value=-2.45991e-05 -0.000116249 -6.02607e-05 0.000821028 0.00412577 0.00770358 0.0109817 0.000616268 0.00107275 0.00388639 0.00896552 0.0161111 0.00142738 -0.000166585 -1.48267e-05 -0.000596574 -0.000943206 -0.000343059 0.0198 -0.00061884 0.00275401 0.00943299 0.000188487 4.37394e-05 0.000529707 -0.000135164 0.000428291 -0.00230392 -0.000406362 0.00051878
internal_weight=290268 111400 103801 11175 652 307 219 10523 8110 889 290 135 599 92626 68463 24163 16762 9255 125 9130 935 194 7401 66300 17840 48460 17418 816 32545 6496
internal_count=290268 111400 103801 11175 652 307 219 10523 8110 889 290 135 599 92626 68463 24163 16762 9255 125 9130 935 194 7401 66300 17840 48460 17418 816 32545 6496
is_linear=0
shrinkage=0.05


Tree=274
num_leaves=31
num_cat=0
split_feature=23 16 9 23 13 9 24 23 23 24 22 17 2 0 17 22 21 17 21 19 15 19 17 14 17 17 5 16 0 14
split_gain=0.619368 2.41309 1.72831 1.67375 2.40546 2.64284 2.44592 5.88613 3.6361 3.8933 3.83204 3.19735 4.82857 3.19603 3.00979 2.91408 2.60241 2.09492 2.01675 1.91068 1.91016 1.75872 1.68416 1.64348 2.1151 1.58962 1.57209 1.88423 1.55008 1.49262
threshold=-0.99628250747696534 18.150000000000002 243.87041473388675 -0.98212955754013376 3.1500000000000008 383.06039428710943 0.05000000000000001 -0.98521978256641018 -0.98521978256641018 1.7100000000000002 -0.099819732675876835 171.50000000000003 -0.050000000000000482 11.825000000000001 234.50000000000003 0.15951094710994371 112.50000000000001 94.500000000000014 16.900000000000002 3.4850000000000008 78.500000000000014 8.8550000000000022 24.500000000000004 30.550000000000004 104.50000000000001 155.50000000000003 5.0435714285714299 7.0500000000000007 7.1750000000000007 28.550000000000004
decision_type=2 2 2 2 2 2 10 2 2 10 2 2 2 2 2 2 10 2 10 2 2 2 2 2 2 2 2 2 2 2
left_child=1 2 -1 4 20 6 7 14 9 16 13 12 -10 -11 15 -6 17 26 -16 -7 22 28 -2 -4 -25 -26 -8 -28 -13 -24
right_child=3 -3 23 -5 5 19 8 -9 11 10 -12 21 -14 -15 18 -17 -18 -19 -20 -21 -22 -23 29 24 25 -27 27 -29 -30 -31
leaf_value=-0.0010435928219240985 0.0058784449332666602 0.0027140388347271839 0.00022036273175976524 -3.1840534473963229e-05 0.002404427197973933 0.0091322442883657526 -0.0011864955078491628 -0.0069674093502799647 0.0047057772505680155 0.012117004511794049 -0.00067374601081753157 0.0014449117511827741 0.0026685286884706848 0.0023513224953357671 0.0075036407648314818 0.0045404833004895973 0.0072336446342384899 -0.0014218547287216787 0.0070574149275095827 -0.0022910964521555438 0.0049981556113715079 -0.0028403634334934428 -0.0017156047313717383 -0.00095349707673550096 0.005043252617188701 0.0023658955193904107 0.0055961903788888032 0.0011006849669926778 0.0072155912259590843 -2.0214635368346823e-05
leaf_weight=5900 73 63 1745 272844 512 78 56 167 84 50 92 125 60 53 86 77 64 1599 50 821 52 89 585 88 50 74 79 276 55 4321
leaf_count=5900 73 63 1745 272844 512 78 56 167 84 50 92 125 60 53 86 77 64 1599 50 821 52 89 585 88 50 74 79 276 55 4321
internal_value=-2.47714e-05 -0.00046086 -0.000539011 -1.25389e-05 0.000639729 0.00148334 0.00209289 0.00436099 0.00133855 0.000553106 0.00730769 0.00565375 0.0116667 0.013932 0.00631034 0.00476231 -8.19684e-05 -0.000398011 0.0130147 -0.000939934 -0.000110317 0.00243494 -0.000209883 0.000748594 0.00490566 0.0091129 0.00278589 0.00401408 0.00527778 -0.000322056
internal_weight=290268 7920 7857 282348 9504 4473 3574 892 2682 2269 195 413 144 103 725 589 2074 2010 136 899 5031 269 4979 1957 212 124 411 355 180 4906
internal_count=290268 7920 7857 282348 9504 4473 3574 892 2682 2269 195 413 144 103 725 589 2074 2010 136 899 5031 269 4979 1957 212 124 411 355 180 4906
is_linear=0
shrinkage=0.05


Tree=275
num_leaves=31
num_cat=0
split_feature=2 18 5 22 23 2 5 24 23 23 12 22 21 22 24 24 13 13 22 23 22 24 22 14 23 23 15 14 11 23
split_gain=0.607336 1.78848 3.28657 2.71542 20.6262 13.0956 5.59083 3.04885 4.92597 6.46771 3.84038 2.99736 2.77354 3.51826 2.7058 3.15346 2.85489 2.3557 4.48144 2.28961 3.54332 5.58876 2.39347 3.73581 2.26046 4.14394 4.51319 4.83247 2.49909 2.66511
threshold=-0.67999999999999872 8.1950000000000021 6.0950000000000015 -0.8041866928211282 0.57605713708605399 2.2850000000000015 10.805000000000003 -0.064999999999999988 -0.52765736634565841 -0.19337245081799007 1.0000000180025095e-35 -0.90893996196865023 30.600000000000005 -0.82415615971448097 -0.42499999999999993 -0.13999999999999999 1.0000000180025095e-35 5.2500000000000009 -0.85227431625818906 0.92191100909954782 0.3744682635859638 -0.49499999999999994 -0.24372957273992746 31.350000000000005 0.39629089145655322 0.38043945030393422 62.500000000000007 32.350000000000001 18.204999923706058 -0.30982845708428081
decision_type=2 2 2 2 2 2 2 8 2 2 2 2 10 2 10 10 2 2 2 2 2 10 2 2 2 2 2 2 2 2
left_child=-1 2 -2 4 7 -6 -7 24 10 -10 12 -11 13 -9 -5 -16 -17 -13 -19 -4 22 -22 23 -21 25 28 27 -27 -3 -30
right_child=1 3 19 14 5 6 -8 8 9 11 -12 17 -14 -15 15 16 -18 18 -20 20 21 -23 -24 -25 -26 26 -28 -29 29 -31
leaf_value=-9.6797909501090097e-05 -0.00016457242084865381 -0.00018453617203441816 0.00031274064014498101 -0.0010332127760131194 0.0017135279505917423 0.014851395668565718 0.0075907886158407545 0.010856625182129096 -0.0014568932364151304 0.0019296464072431404 0.00088293485925911648 0.0020051534467580615 0.0024904387621340757 0.00061454956378561491 0.00055398080805110631 0.0011098896929503767 -0.00043396594699140106 0.0074848017601491686 0.00032279619105074606 0.0014200934624145187 -0.004131503871112766 0.0079580166102013496 0.00046736287713509955 0.007036208095965172 -0.0022499349907463867 0.0093508446740973895 -0.0021492386197000933 0.0014677661586470396 0.015139787048511523 0.0014748952711820544
leaf_weight=111400 35247 11529 37868 10853 74 52 54 307 3343 3284 481 513 209 115 14139 3326 47751 287 173 712 53 97 4897 198 2544 55 70 70 182 385
leaf_count=111400 35247 11529 37868 10853 74 52 54 307 3343 3284 481 513 209 115 14139 3326 47751 287 173 712 53 97 4897 198 2544 55 70 70 182 385
internal_value=-2.23598e-05 3.47171e-05 0.000212337 -0.000106017 0.00036098 0.0172222 0.0284906 0.000232088 0.000974517 0.000519736 0.00408273 0.00181231 0.00664818 0.00898104 -0.000251681 -0.000130031 -0.00031296 0.00424974 0.00684782 0.000501425 0.00141262 0.009 0.00121663 0.00357143 -0.000203911 7.68843e-05 0.00730769 0.013 -3.96837e-05 0.00320106
internal_weight=290268 178868 79072 99796 23727 180 106 23547 8712 7600 1112 4257 631 422 76069 65216 51077 973 460 43825 5957 150 5807 910 14835 12291 195 125 12096 567
internal_count=290268 178868 79072 99796 23727 180 106 23547 8712 7600 1112 4257 631 422 76069 65216 51077 973 460 43825 5957 150 5807 910 14835 12291 195 125 12096 567
is_linear=0
shrinkage=0.05


Tree=276
num_leaves=31
num_cat=0
split_feature=15 14 1 13 4 13 18 0 21 24 20 9 9 5 2 14 5 15 14 2 20 16 18 0 20 16 24 24 9 4
split_gain=0.685394 1.5885 1.87529 3.45828 2.01694 1.83219 1.37843 1.75928 1.79663 1.67324 2.70118 2.69376 1.60559 1.47848 2.51913 2.04167 1.45281 1.42801 1.45667 1.3843 1.88544 1.38368 1.35257 1.50723 1.33165 2.08069 1.294 2.52837 3.19199 2.63557
threshold=66.500000000000014 28.850000000000005 2.5750000000000006 6.3500000000000005 5.9850000000000012 18.450000000000003 6.1750000000000007 8.2850000000000019 12.500000000000002 -0.13999999999999999 222.20000000000002 236.92714691162112 82.902885437011733 5.3764285714285736 -0.62000000000000066 30.950000000000003 6.2250000000000005 50.500000000000007 29.150000000000002 -2.3299999999999983 278.65000000000003 9.1500000000000004 2.7350000000000008 5.8950000000000005 362.60000000000008 8.5500000000000025 1.7100000000000002 1.6100000000000003 998.87963867187511 9.4050000000000029
decision_type=2 2 2 2 2 2 2 2 8 10 10 2 2 2 2 2 2 2 2 2 10 2 2 2 10 2 10 10 2 2
left_child=1 5 3 4 -3 -1 7 8 9 10 11 -4 13 14 15 -10 19 -12 -19 20 -11 -17 23 -2 25 -6 27 -8 -29 -30
right_child=22 2 6 -5 24 -7 26 -9 12 16 17 -13 -14 -15 -16 21 -18 18 -20 -21 -22 -23 -24 -25 -26 -27 -28 28 29 -31
leaf_value=-0.00033791800060999002 -0.0013058614442239217 0.0029325693790645865 0.0089908543396107401 -0.00038907578168184237 0.0041400532366817301 -0.0025752957982447373 -0.00014517635636829409 0.0017392961896676652 6.8380180221533056e-05 -0.001862090073534349 0.0049044029479494789 0.0026629132608012177 -0.00031588453296446623 0.00029655831969742277 0.00071841428814315431 0.0082341629779511608 -0.0013703419238973071 0.0053612846299707769 0.0010698764832760953 0.00073647011913102333 0.0057851595089976832 0.0045448408486908854 6.2911619190572467e-05 0.0034640619444248908 0.0073053787276277544 0.0010607319726882941 0.000388003490948923 -0.005439517114832159 -0.0020662747044490576 0.0077395495052461046
leaf_weight=18163 2801 138 55 511 91 2179 92991 1778 100 62 94 65 13853 3892 580 64 1074 103 1341 779 99 136 134872 107 53 88 12807 1257 62 73
leaf_count=18163 2801 138 55 511 91 2179 92991 1778 100 62 94 65 13853 3892 580 64 1074 103 1341 779 99 136 134872 107 53 88 12807 1257 62 73
internal_value=-2.49437e-05 -9.79761e-05 -3.46598e-05 0.00226447 0.00594594 -0.000509292 -5.00907e-05 0.000291795 0.000171098 0.00118192 0.00235826 0.00958333 -2.81891e-05 0.000762782 0.00261364 0.00633333 0.000213504 0.00179454 0.00140582 0.00164893 0.00586956 0.00925 5.5885e-05 -0.00101101 0.0087931 0.00673184 -0.000126879 -0.000190872 -0.00230604 0.005
internal_weight=290268 152488 132146 881 370 20342 131265 24075 22297 3672 1658 120 18625 4772 880 300 2014 1538 1444 940 161 200 137780 2908 232 179 107190 94383 1392 135
internal_count=290268 152488 132146 881 370 20342 131265 24075 22297 3672 1658 120 18625 4772 880 300 2014 1538 1444 940 161 200 137780 2908 232 179 107190 94383 1392 135
is_linear=0
shrinkage=0.05


Tree=277
num_leaves=31
num_cat=0
split_feature=0 2 4 19 15 9 24 1 21 5 24 24 2 13 1 24 24 14 24 20 16 5 1 14 14 13 13 2 15 5
split_gain=0.678444 1.35555 1.72452 1.07013 0.765549 1.38769 1.91991 2.19704 2.19846 1.79389 1.71822 2.03202 3.84023 2.53821 2.47543 1.67385 2.84786 2.46234 2.88324 5.19309 3.84793 3.24948 6.3044 2.48319 2.42548 2.82032 2.85041 2.34798 2.21179 2.18756
threshold=1.9350000000000003 -0.15000000000000016 7.9650000000000007 1.8550000000000002 66.500000000000014 209.05644989013675 0.53000000000000014 6.5550000000000006 16.900000000000002 5.861428571428573 -0.29499999999999993 -0.029999999999999995 -1.9199999999999995 0.65000000000000002 4.0650000000000004 0.47500000000000003 -0.029999999999999995 31.350000000000005 0.69500000000000006 313.2000000000001 10.850000000000003 5.4550000000000027 6.3550000000000013 23.750000000000004 32.250000000000007 7.7500000000000009 2.7500000000000004 -0.62000000000000066 51.500000000000007 11.68357142857143
decision_type=2 2 2 2 2 2 10 2 10 2 10 10 2 2 2 10 10 2 10 10 2 2 2 2 2 2 2 2 2 2
left_child=1 3 -3 -1 5 15 7 8 9 10 -7 12 -12 -14 -13 16 -2 23 19 -19 24 22 -20 -17 25 26 -21 -24 29 -18
right_child=4 2 -4 -5 -6 6 -8 -9 -10 -11 11 14 13 -15 -16 17 28 18 21 20 -22 -23 27 -25 -26 -27 -28 -29 -30 -31
leaf_value=-0.0094462543404190309 1.7310089510212293e-05 -0.0016587066326960954 0.0027520306385818566 -0.00067305657076696635 4.7796022473701544e-05 -0.00091886400268990107 -0.0011909913474965714 -0.00053625514644934247 -0.00041345996806229447 0.0015528625166847082 0.007918001449454001 0.0033286040690790396 0.0062479637820786523 0.001555604657788348 -0.0029522699971943692 0.005665270679365641 0.002146781992709419 -0.00015119382465231929 0.0013350657246069524 0.0060480515556638297 0.00032813849750616897 0.00025014942274292359 0.0088608218344176232 -0.00029593017530742376 0.0017443456099580871 -0.00041878484154365345 0.0082114706681015292 0.0043489390282434315 -0.0011935807004775294 -0.0010993706967625323
leaf_weight=376 55678 127 133 496 137035 2272 8371 16118 5090 3746 52 337 94 745 574 93 990 928 1072 216 308 23050 145 16201 272 54 77 64 15014 540
leaf_count=376 55678 127 133 496 137035 2272 8371 16118 5090 3746 52 337 94 745 574 93 990 928 1072 216 308 23050 145 16201 272 54 77 64 15014 540
internal_value=-2.39101e-05 -0.00124558 0.00192308 -0.00219037 -1.91271e-05 -9.63516e-05 -0.00036084 -0.000168459 0.000317582 0.000843989 0.000117819 0.00127081 0.00296857 0.00215137 -0.000389683 -1.01144e-05 -0.000156602 0.000238935 0.000539218 0.00243935 0.0050863 0.000394352 0.00284543 -0.000243649 0.00735864 0.0101297 0.0120648 0.0107895 -0.000732593 0.00107843
internal_weight=290268 1132 260 872 289136 152101 37399 29028 12910 7820 4074 1802 891 839 911 114702 72222 42480 26186 1855 927 24331 1281 16294 619 347 293 209 16544 1530
internal_count=290268 1132 260 872 289136 152101 37399 29028 12910 7820 4074 1802 891 839 911 114702 72222 42480 26186 1855 927 24331 1281 16294 619 347 293 209 16544 1530
is_linear=0
shrinkage=0.05


Tree=278
num_leaves=31
num_cat=0
split_feature=22 22 20 23 24 9 18 20 23 24 22 5 9 17 17 3 1 3 5 0 22 9 22 13 22 22 20 22 24 0
split_gain=0.639326 7.07127 4.13438 3.69318 9.44729 10.6837 5.77783 5.66275 4.27468 5.91004 6.3649 4.78793 3.96271 5.30166 5.62238 5.38469 4.0636 4.31799 3.72697 3.62961 2.85158 6.48185 7.29166 4.84779 8.17988 5.36061 5.5762 5.0302 4.34443 3.99547
threshold=0.90162119223771331 0.88220160189607266 220.50000000000003 -0.36648370705903521 0.36500000000000005 773.87631225585949 9.5250000000000004 271.35000000000008 -0.30164489695395946 0.24500000000000002 0.94138322595482449 7.8278571428571455 263.47666931152349 62.500000000000007 114.50000000000001 7.5650000000000013 4.7150000000000007 5.368333333333335 8.0478571428571453 6.7750000000000012 0.95998215779580554 409.80174255371099 0.94425825643485939 12.050000000000002 0.95752911693909493 0.91248814248966237 234.50000000000003 0.93845596220871974 0.095000000000000015 5.6350000000000007
decision_type=2 2 10 2 10 2 2 8 2 10 2 2 2 2 2 2 2 2 2 2 2 2 2 2 2 2 10 2 10 2
left_child=1 -1 -3 4 5 -2 7 18 9 10 11 -5 13 -9 15 16 -15 -18 -6 -19 21 22 28 24 27 26 -25 29 -10 -23
right_child=3 2 -4 8 6 -7 -8 12 20 -11 -12 -13 -14 14 -16 -17 17 19 -20 -21 -22 23 -24 25 -26 -27 -28 -29 -30 -31
leaf_value=-1.6819323112235646e-05 -0.0018855320702450833 -0.0001233861675823197 -0.0051139561094673868 0.010351444452764619 0.008963909639875603 0.0089530212004345945 -0.0015186257639059155 0.0038119361377115663 -0.0045038823451023008 -0.0051371426788744991 -0.0061331491807300811 0.0011638217416378046 -0.0003480090660528208 0.0059160214546122598 0.0019490126938908816 0.001548736049451948 0.012591915418042603 0.0073508479010852799 0.013469586220137006 0.010629673718466619 -8.1340721178729328e-05 0.00027593471486323814 0.0020027285847273812 0.0023339519122382523 0.014523905080531974 -0.00048917257047242989 0.012588381892201067 -0.00013129686693179736 0.00043657999597345918 0.0066279562619663435
leaf_weight=245124 1523 1505 2455 184 56 61 363 346 1783 2376 396 212 276 75 156 76 50 73 59 54 26136 109 3349 184 57 821 71 272 1723 343
leaf_count=245124 1523 1505 2455 184 56 61 363 346 1783 2376 396 212 276 75 156 76 50 73 59 54 26136 109 3349 184 57 821 71 272 1723 343
internal_value=-2.02928e-05 -5.04661e-05 -0.00214647 0.000162198 0.0018024 -0.000928031 0.00453283 0.00617936 2.55144e-05 -0.00173296 0.00200757 0.0064899 0.00508137 0.00680723 0.0101859 0.0139024 0.0174206 0.0215537 0.0167391 0.0166535 0.000185375 0.000968778 0.000258934 0.00358912 0.00658771 0.00141264 0.0077451 0.00515193 -0.00133486 0.00838495
internal_weight=290268 249084 3960 41184 3168 1584 1584 1221 38016 3168 792 396 1106 830 484 328 252 177 115 127 34848 8712 6855 1857 781 1076 255 724 3506 452
internal_count=290268 249084 3960 41184 3168 1584 1584 1221 38016 3168 792 396 1106 830 484 328 252 177 115 127 34848 8712 6855 1857 781 1076 255 724 3506 452
is_linear=0
shrinkage=0.05


Tree=279
num_leaves=31
num_cat=0
split_feature=23 22 9 17 14 15 15 16 16 15 9 9 18 18 16 9 9 23 3 17 1 19 16 17 24 22 14 16 19 23
split_gain=0.61975 1.80598 1.32585 1.14239 1.13894 2.31612 1.42295 1.90862 1.62032 1.973 1.82954 1.53954 1.5302 1.54169 1.39904 1.35198 1.43464 2.10269 1.89378 1.61339 1.50362 1.45122 1.393 1.41028 1.18851 1.18714 1.09945 1.12991 1.05732 1.05613
threshold=0.99681593486783593 0.039769539193789977 773.87631225585949 268.50000000000006 29.950000000000003 64.500000000000014 58.500000000000007 15.250000000000002 10.550000000000002 60.500000000000007 209.05644989013675 462.67344665527349 6.1250000000000009 4.2250000000000005 8.4500000000000011 295.06581115722662 554.93716430664074 0.99981043035926087 5.5250000000000012 249.50000000000003 9.2050000000000018 4.1850000000000014 13.15 267.50000000000006 1.8750000000000002 1.0000000180025095e-35 30.450000000000003 11.450000000000001 12.125000000000002 0.99988440732898443
decision_type=2 2 2 2 2 2 2 2 2 2 2 2 2 2 2 2 2 2 2 2 2 2 2 2 10 2 2 2 2 2
left_child=-1 4 -3 -4 15 6 14 8 12 10 -10 -11 13 -8 -6 -2 17 18 21 -20 -21 -17 -18 -24 -15 28 -16 -28 -7 -27
right_child=1 2 3 -5 5 25 7 -9 9 11 -12 -13 -14 24 26 16 22 -19 19 20 -22 -23 23 -25 -26 29 27 -29 -30 -31
leaf_value=-9.5908832369549429e-06 -0.0019354856066328497 -0.0028593852861385515 -0.0001971802134359405 0.0029634719880661893 0.0024330024823007701 -0.0036411334110523345 -0.0013955900277259929 -0.00149786715098005 0.0056603443226329892 0.0013717857656543211 0.0019773570023977507 0.0087546948846828378 -0.00063303434396950412 0.0064389032863885753 0.0063960583137187893 0.0022789700170079944 -0.0027902535741383796 -0.0027662752143676715 -0.0041714248503524681 0.00038536390848861745 0.0071658339554380992 0.006160892053046714 0.0033921408610117576 -0.0012690370118220769 0.00062531915637483999 0.002543287402542946 -0.0025899421599472204 0.00032662464866406286 0.0019551010664325577 -0.0099654040293205935
leaf_weight=282942 1282 1366 146 72 89 801 62 129 89 205 53 79 223 73 51 73 546 156 118 83 50 84 50 81 69 313 278 521 114 70
leaf_count=282942 1282 1366 146 72 89 801 62 129 89 205 53 79 223 73 51 73 546 156 118 83 50 84 50 81 69 313 278 521 114 70
internal_value=-2.09818e-05 -0.000475022 -0.0019697 0.00165137 -6.26971e-05 0.000560732 0.0016632 0.00299389 0.00385111 0.00603286 0.0108451 0.00362676 0.00167447 0.00480392 0.000271564 -0.000858107 0.000318291 0.00218085 0.00406863 0.0013745 0.00515037 0.00837579 -0.00123338 0.00339695 0.00767606 -0.00107088 -0.000352942 -0.00080726 -0.00204918 0.00126632
internal_weight=290268 7326 1584 218 5742 3219 1921 982 853 426 142 284 427 204 939 2523 1241 564 408 251 133 157 677 131 142 1298 850 799 915 383
internal_count=290268 7326 1584 218 5742 3219 1921 982 853 426 142 284 427 204 939 2523 1241 564 408 251 133 157 677 131 142 1298 850 799 915 383
is_linear=0
shrinkage=0.05


Tree=280
num_leaves=31
num_cat=0
split_feature=14 22 13 19 14 9 16 20 17 0 9 5 2 16 22 1 19 14 13 16 16 20 17 22 13 19 22 15 17 17
split_gain=0.606637 1.4203 2.9365 1.88827 1.67477 1.83628 2.38311 1.61415 3.61698 3.69067 2.22368 2.07815 1.90888 1.61671 1.46271 2.57008 2.26804 1.32223 3.62044 3.9142 1.7291 1.27464 1.58123 1.60938 1.45543 1.46894 2.57616 1.32739 4.78462 1.78226
threshold=26.150000000000002 0.091259403071267925 3.6500000000000008 3.4050000000000007 21.950000000000003 222.96364593505862 5.3500000000000005 148.00000000000003 68.500000000000014 4.6050000000000013 354.09144592285162 14.396428571428574 -3.379999999999999 6.0500000000000007 0.63920241694561786 6.4750000000000005 6.0450000000000008 21.550000000000004 15.250000000000002 5.7500000000000009 5.7500000000000009 177.80000000000004 214.50000000000003 0.99374995976406788 10.750000000000002 5.1350000000000007 0.57077594689671507 78.500000000000014 275.50000000000006 256.50000000000006
decision_type=2 2 2 2 2 2 2 8 2 2 2 2 2 2 2 2 2 2 2 2 2 10 2 2 2 2 2 2 2 2
left_child=1 -1 3 -3 -5 6 -6 8 9 13 14 17 -13 -4 15 16 -10 18 19 -9 -19 -22 23 -23 -24 -26 27 28 -27 -29
right_child=-2 2 7 4 5 -7 -8 11 10 -11 -12 12 -14 -15 -16 -17 -18 20 -20 -21 21 22 24 -25 25 26 -28 29 -30 -31
leaf_value=-0.00056493306058127783 -6.5511960220849667e-07 0.0045307187952298537 0.0041815318895354354 0.0028148648492960556 0.0076200870189517935 -0.00014287622559332601 0.0016747395673550052 0.0049058374837350587 0.0033188982411448986 0.0013131109162718357 -0.0010709086630471907 0.0061232358374670249 -0.0020078008103856476 0.0084471491691843186 0.00018549452688695098 -8.3549135599760759e-05 0.012588367648940122 -0.0022451311628366283 -0.0015512715732489179 -0.00055605543116549454 0.00053406311197694409 -0.0022663320680976302 -0.0013880904492533689 0.0011311153984889508 -0.0010523638546017918 0.0078027324310170126 0.00060651540700529748 -0.0025576479059203211 -0.00070394010114275683 0.0043886316509985429
leaf_weight=10688 269736 72 57 55 56 705 359 88 55 183 712 61 69 58 289 99 53 1787 150 72 1737 1283 736 60 380 64 439 56 58 51
leaf_count=10688 269736 72 57 55 56 705 359 88 55 183 712 61 69 58 289 99 53 1787 150 72 1737 1283 736 60 380 64 439 56 58 51
internal_value=-2.09818e-05 -0.000282974 0.000150344 0.0024178 0.00193617 0.00151786 0.00415663 -0.000178552 0.0013081 0.00624161 9.10584e-05 -0.00049429 0.00576923 0.0132609 0.00266129 0.00586956 0.0112037 -0.000611264 0.00258064 0.0078125 -0.000760037 -0.000271383 -0.000874641 -0.00217051 0.000100896 0.00129771 0.00270958 0.00700873 0.0105738 0.00294392
internal_weight=290268 20532 9844 1247 1175 1120 415 8597 1506 298 1208 7091 130 115 496 207 108 6961 310 160 6651 4864 3127 1343 1784 1048 668 229 122 107
internal_count=290268 20532 9844 1247 1175 1120 415 8597 1506 298 1208 7091 130 115 496 207 108 6961 310 160 6651 4864 3127 1343 1784 1048 668 229 122 107
is_linear=0
shrinkage=0.05


Tree=281
num_leaves=31
num_cat=0
split_feature=14 5 18 9 16 21 22 23 0 24 22 22 23 22 17 20 17 0 23 17 17 0 20 23 9 0 20 16 22 14
split_gain=0.682212 1.33699 1.33676 1.41746 1.37011 1.29206 1.18404 1.8723 2.43314 1.06062 2.30544 3.6363 1.8165 3.36093 1.02732 1.98519 2.53911 3.22521 1.88514 1.48851 2.47782 2.09973 1.43217 1.29181 2.19221 1.23241 1.10927 1.22132 1.37006 1.29148
threshold=26.150000000000002 20.605000000000008 13.365 251.68961334228518 6.2500000000000009 21.900000000000002 0.091259403071267925 -0.99273797715557011 7.9250000000000007 1.1900000000000002 -0.98214942551678475 -0.98803845231459242 -0.71502926860092908 -0.66528616069191593 227.50000000000003 148.00000000000003 68.500000000000014 3.4250000000000003 -0.013976481981245173 256.50000000000006 252.50000000000003 6.1750000000000007 413.40000000000003 -0.77243990499604276 383.06039428710943 9.0850000000000026 337.40000000000003 9.2500000000000018 0.99939377080793557 25.550000000000004
decision_type=2 2 2 2 2 10 2 2 2 8 2 2 2 2 2 8 2 2 2 2 2 2 8 2 2 2 10 2 2 2
left_child=1 6 3 -3 -4 -6 9 8 -8 -1 11 -11 13 -12 15 16 17 -9 -19 20 22 -22 -16 24 -18 26 27 28 29 -17
right_child=-2 2 4 -5 5 -7 7 14 -10 10 12 -13 -14 -15 19 25 23 18 -20 -21 21 -23 -24 -25 -26 -27 -28 -29 -30 -31
leaf_value=-0.00085380545615424449 -6.2236362210239382e-07 0.0080233928367819587 -0.0027600295804068769 0.0027852144879368206 0.0056071418734129561 -0.0061562180476627312 0.0047868137225375307 0.0068451684344751872 -0.00016020322906443318 0.00034485934851868211 0.008416558073615403 0.0090761862332889489 -0.00082851240973480728 0.00051703058950414149 0.00049390874411759115 -0.0011125152848257135 0.0038348273895268607 0.0041612836178185567 -0.00010278355333772584 1.4254576160206384e-05 0.0073970350925526909 0.0038397498820893204 0.0040957463174277472 -0.0012125515068700174 -0.0027173060524070224 -0.0032178403543662855 0.0017974559809758655 -0.0034471295617788476 0.0010293322045759048 0.00092045592290822048
leaf_weight=8132 269736 53 127 81 137 64 60 57 54 118 56 53 1410 536 604 2065 92 87 161 3641 61 75 80 419 74 581 152 591 57 854
leaf_count=8132 269736 53 127 81 137 64 60 57 54 118 56 53 1410 536 604 2065 92 87 161 3641 61 75 80 419 74 581 152 591 57 854
internal_value=-2.21876e-05 -0.000300021 0.00235931 0.00656716 0.000640243 0.00320895 -0.000361237 3.32809e-05 0.00640351 -0.000735081 0.000246202 0.00581871 -0.000229771 0.00209459 -4.19658e-05 -0.000520232 0.00162921 0.00532787 0.0028629 0.000514457 0.00243902 0.00860294 0.00121345 -0.000299146 0.00343373 -0.000965117 -0.000630547 -0.000808804 -0.000396507 -0.000546421
internal_weight=290268 20532 462 134 328 201 20070 9765 114 10305 2173 171 2002 592 9651 5190 890 305 248 4461 820 136 684 585 166 4300 3719 3567 2976 2919
internal_count=290268 20532 462 134 328 201 20070 9765 114 10305 2173 171 2002 592 9651 5190 890 305 248 4461 820 136 684 585 166 4300 3719 3567 2976 2919
is_linear=0
shrinkage=0.05


Tree=282
num_leaves=31
num_cat=0
split_feature=23 22 20 9 9 22 20 15 21 13 18 15 23 23 22 9 15 20 17 13 19 19 3 9 24 14 9 21 22 22
split_gain=0.621162 1.3773 1.82143 1.95828 1.46268 1.61647 1.42667 1.39478 2.43067 1.35894 1.29104 1.13431 1.00932 7.59397 4.77535 6.41804 3.3975 2.9874 2.47709 2.4152 2.43179 1.83957 1.94129 2.23652 2.1339 3.40888 4.5011 2.61176 2.53837 4.161
threshold=0.99681593486783593 0.039769539193789977 327.60000000000008 773.87631225585949 260.38023376464849 0.056951373111866731 604.50000000000011 76.500000000000014 82.500000000000014 16.050000000000004 5.1450000000000005 68.500000000000014 0.91159213926341531 0.89691351184655443 -0.39036798905311365 344.76246643066412 83.500000000000014 685.70000000000016 233.50000000000003 6.6500000000000012 5.8850000000000007 14.265000000000002 7.8683333333333332 383.06039428710943 -0.40499999999999997 28.750000000000004 288.62060546875006 16.900000000000002 -0.14250824554987665 -0.17647087149565668
decision_type=2 2 8 2 2 2 8 2 10 2 2 2 2 2 2 2 2 10 2 2 2 2 2 2 10 2 2 10 2 2
left_child=12 6 3 4 5 11 -2 8 9 -8 -5 -3 13 -1 15 -14 -15 21 -17 -20 -21 22 -16 24 -24 26 27 -26 29 -27
right_child=1 2 -4 10 -6 -7 7 -9 -10 -11 -12 -13 14 16 17 18 -18 -19 19 20 -22 -23 23 -25 25 28 -28 -29 -30 -31
leaf_value=-1.1111645650697775e-05 -0.0002268418298909968 0.0038424731653392804 -0.0036298781653412758 0.0030629961543049561 -0.0033314654725664127 0.0078027446847465281 0.0030900594645826163 -0.0019839656102126797 -0.00045887368677323311 0.0013251738914043982 0.0005219212839979526 -0.0035511419566355614 -0.0010690293103276551 -0.0049575273739655623 -8.2735305399267669e-05 0.0023591156642253051 0.0019125677212998354 0.0026146607131146537 0.0053489720061717493 0.0044104708225448054 0.011299574146200411 -0.0013368905940379563 0.00033866804901262548 -0.00026496737868824673 0.00048657301702102285 0.0011141931703312138 0.0084464779721616402 0.0053027139390036272 0.0004770686663064192 0.0069640769793634788
leaf_weight=248094 5367 55 952 53 246 86 89 95 135 56 57 135 366 2894 17900 153 274 200 136 70 67 2234 4417 2781 216 652 76 131 2141 140
leaf_count=248094 5367 55 952 53 246 86 89 95 135 56 57 135 366 2894 17900 153 274 200 136 70 67 2234 4417 2781 216 652 76 131 2141 140
internal_value=-2.0465e-05 -0.000475022 -0.0017803 0.000300632 -0.000977013 0.00152174 -0.000114944 0.00286667 0.00464286 0.00913793 0.00636364 -0.00105263 -8.69555e-06 -4.2228e-05 0.000257259 0.00409091 -0.00247475 0.00015896 0.00826291 0.0111172 0.0158029 0.000119264 0.000227735 0.000765585 0.00120095 0.00215137 0.00634752 0.00393372 0.0015462 0.00396465
internal_weight=290268 7326 1584 632 522 276 5742 375 280 145 110 190 282942 251262 31680 792 3168 30888 426 273 137 30688 28454 10554 7773 3356 423 347 2933 792
internal_count=290268 7326 1584 632 522 276 5742 375 280 145 110 190 282942 251262 31680 792 3168 30888 426 273 137 30688 28454 10554 7773 3356 423 347 2933 792
is_linear=0
shrinkage=0.05


Tree=283
num_leaves=31
num_cat=0
split_feature=23 22 20 9 20 4 23 9 2 9 23 20 2 15 5 3 22 4 20 20 13 9 4 23 2 19 19 16 13 9
split_gain=0.622575 1.31149 1.3811 1.54838 1.19049 1.34856 2.01065 1.16729 1.52335 1.14399 0.967293 3.19674 3.54423 3.04808 2.92716 3.66135 3.54686 3.88403 2.57184 2.23182 2.18631 2.10893 2.03052 1.72793 1.69418 2.0671 1.54516 1.23133 1.23241 1.34832
threshold=0.99681593486783593 0.039769539193789977 327.60000000000008 773.87631225585949 604.50000000000011 6.2950000000000008 0.99981043035926087 260.38023376464849 1.150000000000001 170.40092468261722 0.9863035000474919 543.20000000000016 1.5150000000000008 63.500000000000007 5.7214285714285724 5.4883333333333342 0.10837544681456425 8.5150000000000023 204.30000000000004 207.80000000000004 16.850000000000005 528.79354858398449 9.0550000000000015 0.99024581825578073 1.6500000000000001 7.1250000000000009 6.2950000000000008 9.8500000000000032 17.850000000000005 222.96364593505862
decision_type=2 2 8 2 8 2 2 2 2 2 2 8 2 2 2 2 2 2 10 10 2 2 2 2 2 2 2 2 2 2
left_child=10 4 3 7 -2 -6 -7 8 9 -3 -1 13 14 -12 20 -16 22 -18 -15 -20 -13 -22 -17 -14 -21 26 -26 -27 29 -29
right_child=1 2 -4 -5 5 6 -8 -9 -10 -11 11 12 23 18 15 16 17 -19 19 24 21 -23 -24 -25 25 27 -28 28 -30 -31
leaf_value=-2.6052793550421531e-05 -0.00021549973839643736 -0.0030991899755126407 -0.0034483842570742053 0.0019563104183077861 0.0025583865524666256 -0.00066103716850783828 0.0044329401069861203 -0.0031648921989380894 0.0070777633279449238 0.0021243279500005722 -0.001691343624574018 -0.00086139980607001325 0.0028774715126752243 -0.0016653787792636221 0.006121202187598979 -0.0029460659757717389 0.0073405706458898289 0.0043196924025288722 0.0056941365799463468 0.00041970603333940475 0.0013556551407986495 0.0036876494080755797 0.0027308017445707203 -0.0035849234193251708 0.0021891830074414029 -0.0015422834981749557 0.0061540069340718087 0.0032170265126148208 0.0045236373484687335 -0.00019350976452790669
leaf_weight=275022 5367 122 952 110 73 201 101 246 79 75 1861 308 58 854 50 92 62 147 69 2900 85 50 120 267 160 260 83 166 75 253
leaf_count=275022 5367 122 952 110 73 201 101 246 79 75 1861 308 58 854 50 92 62 147 69 2900 85 50 120 267 160 260 83 166 75 253
internal_value=-1.99483e-05 -0.000475022 -0.00174874 6.32899e-05 -0.000123651 0.0026 0.00112583 -0.0010728 0.00115942 -0.00119289 -8.16541e-06 0.000536615 0.00286925 0.000104025 0.00446389 0.00720807 0.00568883 0.010311 0.000767634 0.00130358 0.00154627 0.00685185 0.00113207 -0.00161539 0.00114575 0.00292377 0.00693416 0.0016313 0.00309716 0.00204057
internal_weight=290268 7326 1584 632 5742 375 302 522 276 197 282942 7920 1239 6681 914 471 421 209 4820 3966 443 135 212 325 3897 997 243 754 494 419
internal_count=290268 7326 1584 632 5742 375 302 522 276 197 282942 7920 1239 6681 914 471 421 209 4820 3966 443 135 212 325 3897 997 243 754 494 419
is_linear=0
shrinkage=0.05


Tree=284
num_leaves=31
num_cat=0
split_feature=13 2 22 23 24 22 22 24 21 15 13 22 22 9 24 4 13 2 22 20 15 22 15 23 17 17 21 20 24 22
split_gain=0.622604 1.05202 1.29213 1.44369 1.04678 1.52672 2.15659 3.14377 3.057 1.91821 1.86895 1.86929 1.78411 1.77599 1.25848 1.50163 1.4571 1.34956 1.89121 1.61485 1.31138 2.17694 1.17798 1.24188 1.4941 3.29221 1.55001 3.23299 1.21261 3.7914
threshold=23.950000000000003 2.5600000000000001 -0.95244167294248061 -0.15950993297387572 -0.22499999999999995 0.90162119223771331 0.90892735371523092 1.1900000000000002 36.900000000000006 74.500000000000014 30.850000000000005 0.97508442350096236 0.98372640911059162 472.27819824218756 0.095000000000000015 25.705000000000002 24.350000000000005 0.6399999999999999 -0.94705910369513524 292.80000000000001 64.500000000000014 -0.96689237009891416 65.500000000000014 0.89691351184655443 163.50000000000003 195.50000000000003 12.500000000000002 283.90000000000003 -0.24999999999999997 0.77244481603295057
decision_type=2 2 2 2 10 2 2 10 8 2 2 2 2 2 10 2 2 2 2 10 2 2 2 2 2 2 10 10 8 2
left_child=-1 4 3 -3 22 14 7 8 -7 10 -8 -12 -13 -14 15 17 -16 -6 19 -19 21 -18 23 24 -2 -26 27 -27 -24 -30
right_child=1 2 -4 -5 5 6 9 -9 -10 -11 11 12 13 -15 16 -17 20 18 -20 -21 -22 -23 28 -25 25 26 -28 -29 29 -31
leaf_value=3.0845459059976386e-06 -0.0036232858192243459 0.0045737644277734097 -0.0019092717149939136 -0.00049591362801527353 -0.0022862683569727254 0.0047844371201913385 0.0021767333506316393 -0.0066728424705282162 0.010044491619415771 -0.0013384315317186458 -0.0029151697750479369 0.0053090148474777936 -0.00079149027869246228 0.0033862127933536319 -0.0032594768573744022 0.0035067109808882718 0.0063010344280065231 0.00030000221736671751 -0.0004973319628693222 0.0068708001345171299 3.6558143210892395e-05 -0.0029312395931089729 0.00034429916001362209 -0.0032614697841830062 0.0045266404485116282 -0.0042563358570635616 -0.00087100393093236621 0.0081390413313461429 0.0083081987420503024 -0.0062064006055354368
leaf_weight=262467 481 89 2583 176 2712 120 1261 66 53 1639 510 77 355 90 342 84 80 60 550 50 6530 1124 6971 550 103 50 739 64 151 141
leaf_count=262467 481 89 2583 176 2712 120 1261 66 53 1639 510 77 355 90 342 84 80 60 550 50 6530 1124 6971 550 103 50 739 64 151 141
internal_value=-1.9776e-05 -0.000244777 -0.0011552 0.00216981 -0.000140866 -0.000389417 0.000430351 0.00504184 0.00858381 0.00015005 0.00108373 -0.000494187 0.00160919 0.000393257 -0.000685919 -0.00148438 -0.000344231 -0.00164887 0.000378787 0.00636364 -0.000203001 -0.00171927 0.00028108 -0.000797686 -2.43575e-05 0.00111925 9.96471e-05 0.00552631 0.000576207 0.00373288
internal_weight=290268 27801 2848 265 24953 15703 4171 239 173 3932 2293 1032 522 445 11532 3456 8076 3372 660 110 7734 1204 9250 1987 1437 956 853 114 7263 292
internal_count=290268 27801 2848 265 24953 15703 4171 239 173 3932 2293 1032 522 445 11532 3456 8076 3372 660 110 7734 1204 9250 1987 1437 956 853 114 7263 292
is_linear=0
shrinkage=0.05


Tree=285
num_leaves=31
num_cat=0
split_feature=23 22 5 9 4 21 21 21 3 1 23 22 19 5 0 9 9 23 22 18 15 17 4 17 1 21 9 2 23 23
split_gain=0.587159 1.1499 1.25419 1.3619 1.28434 1.05748 0.862626 2.48411 1.82038 1.5741 1.50078 1.47196 1.36613 1.38784 1.72074 1.29684 1.02178 1.00769 0.940705 1.177 0.926409 1.23114 1.20919 0.909374 0.86448 0.834916 1.56061 1.29703 0.821903 7.13331
threshold=0.99681593486783593 0.039769539193789977 9.2750000000000021 998.87963867187511 13.505000000000001 30.600000000000005 27.500000000000004 30.600000000000005 7.5316666666666672 5.4350000000000014 0.99981043035926087 1.0000000180025095e-35 5.0950000000000006 10.296428571428574 6.5750000000000011 288.62060546875006 140.55255126953128 0.99988440732898443 -0.022576249993022688 14.465000000000002 65.500000000000014 268.50000000000006 10.205000000000002 145.50000000000003 10.985000000000001 16.900000000000002 251.68961334228518 0.21999999999999933 0.91159213926341531 0.89691351184655443
decision_type=2 2 2 2 2 10 8 10 2 2 2 2 2 2 2 2 2 2 2 2 2 2 2 2 2 8 2 2 2 2
left_child=28 6 3 25 -4 -5 -2 8 9 23 18 15 -12 14 17 -10 -16 -14 19 20 21 22 -9 -8 -22 26 27 -3 29 -1
right_child=1 2 4 5 -6 -7 7 10 11 -11 12 -13 13 -15 16 -17 -18 -19 -20 -21 24 -23 -24 -25 -26 -27 -28 -29 -30 -31
leaf_value=-8.8499801870089084e-06 -0.00050850215678233134 -0.0031053469913628409 0.0045652216725363889 0.0019199389218916266 -0.00096894401174486009 -0.0010387762418707061 0.0024145150566052811 0.006253739929470971 0.0039765994926867559 -0.002886706719821336 -0.001832183054134759 0.00054954759651927576 0.003334936221052417 -0.00057850376077352107 0.0049259526238307622 0.0036560434330016852 0.0037945239238673014 -0.001617550125198436 -0.0036628177977895467 0.002047310206928958 -0.0038307976423585565 -0.001469835898960875 -6.269746655752612e-05 0.0015203703329523303 0.00096326440494107701 -0.0041818043686328386 -0.0042241112271015581 0.0066663821553300424 0.00017531124722442297 -0.0039187463295930819
leaf_weight=248094 3496 53 77 91 274 57 55 61 99 140 177 73 74 171 71 53 67 87 371 50 206 226 62 137 66 862 120 50 31680 3168
leaf_count=248094 3496 53 77 91 274 57 55 61 99 140 177 73 74 171 71 53 67 87 371 50 206 226 62 137 66 862 120 50 31680 3168
internal_value=-1.94315e-05 -0.000461372 -0.00165404 -0.00240471 0.000982905 0.00209459 -0.000132359 0.000632234 0.00352783 0.0011747 -0.000322677 0.007 0.00156878 0.00297872 0.00503344 0.00980263 0.00913043 0.00152174 -0.00149712 -0.000380031 -0.000974236 0.000730658 0.0047561 0.00411458 -0.00316177 -0.00301843 -0.000291481 0.0042233 -7.98869e-06 -3.82481e-05
internal_weight=290268 7326 1584 1233 351 148 5742 2246 557 332 1689 225 647 470 299 152 138 161 1042 671 621 349 123 192 272 1085 223 103 282942 251262
internal_count=290268 7326 1584 1233 351 148 5742 2246 557 332 1689 225 647 470 299 152 138 161 1042 671 621 349 123 192 272 1085 223 103 282942 251262
is_linear=0
shrinkage=0.05


Tree=286
num_leaves=31
num_cat=0
split_feature=17 14 3 13 15 14 15 13 17 17 24 16 4 15 17 17 2 16 0 17 4 24 2 21 24 16 13 24 14 16
split_gain=0.59767 0.900439 1.77269 0.822964 1.06173 0.59756 1.12535 1.56841 1.53355 1.78844 1.49338 1.34369 1.52512 1.59842 1.26156 3.587 2.21955 3.74184 1.46796 1.4403 1.39738 1.49748 1.37707 1.38812 2.18265 1.33854 1.22376 1.19411 1.8588 1.14052
threshold=357.50000000000006 30.750000000000004 14.681666666666668 26.150000000000002 85.500000000000014 27.150000000000002 76.500000000000014 9.9500000000000011 102.50000000000001 104.50000000000001 -0.089999999999999983 6.1500000000000012 7.7650000000000006 94.500000000000014 262.50000000000006 232.50000000000003 -1.3899999999999999 8.2500000000000018 4.8050000000000006 171.50000000000003 12.055000000000001 -0.064999999999999988 0.21999999999999933 16.900000000000002 1.1900000000000002 4.3500000000000005 17.050000000000004 1.3150000000000002 25.550000000000004 6.3500000000000005
decision_type=2 2 2 2 2 2 2 2 2 2 8 2 2 2 2 2 2 2 2 2 2 10 2 10 10 2 2 10 2 2
left_child=5 2 3 4 -2 6 7 -1 -9 -10 -11 -8 13 -13 15 19 -17 18 -18 20 21 -12 23 24 -23 -21 -26 28 -20 -14
right_child=1 -3 -4 -5 -6 -7 11 8 9 10 14 12 29 -15 -16 16 17 -19 27 25 -22 22 -24 -25 26 -27 -28 -29 -30 -31
leaf_value=-4.6670385035416282e-05 -0.00043143262896575772 -0.002727960820212056 0.0037565741135889767 -0.0050136877123992318 0.0020214893856128455 9.8808814677131131e-06 -0.00035405078251950326 -0.0025993004345733436 0.004612721305886385 -0.0016228540879580419 0.0042561457547892574 0.00096874627092773742 0.0021679823369896152 0.0068986164556063996 -0.0013374043008159877 -0.0003710195915084408 0.0040875861476222996 0.0099740508767523391 0.0067571137827864966 0.0057904803387636584 -0.0043253950064645217 0.00078769640214021918 -0.0010746097709776832 -0.0037881812600908944 0.0029627605797189873 -0.0017851721713935547 0.0062969226674306697 -0.0012381772017179063 9.4268003661663271e-05 1.5247455246146996e-05
leaf_weight=11404 1014 615 55 115 50 252746 4765 1879 51 3419 68 1802 368 52 1363 137 72 68 52 71 214 228 373 75 58 848 67 76 98 8065
leaf_count=11404 1014 615 55 115 50 252746 4765 1879 51 3419 68 1802 368 52 1363 137 72 68 52 71 214 228 373 75 58 848 67 76 98 8065
internal_value=-2.06373e-05 -0.000916713 -0.000137765 -0.000547075 -0.000112783 -1.48927e-05 -0.00020646 -0.000446391 -0.000931432 -0.000605071 -0.000670373 0.000122242 0.000443763 0.00174218 2.58412e-06 0.000668661 0.00444334 0.00647541 0.0040604 -0.000279721 0.000955677 0.00184695 0.0012422 0.00317757 0.00449008 -0.00173558 0.0098 0.00207964 0.00466667 0.000158305
internal_weight=290268 1849 1234 1179 1064 288419 35673 20621 9217 7338 7287 15052 10287 1854 3868 2505 503 366 298 2002 1083 869 801 428 353 919 125 226 150 8433
internal_count=290268 1849 1234 1179 1064 288419 35673 20621 9217 7338 7287 15052 10287 1854 3868 2505 503 366 298 2002 1083 869 801 428 353 919 125 226 150 8433
is_linear=0
shrinkage=0.05


Tree=287
num_leaves=31
num_cat=0
split_feature=23 22 20 9 9 2 9 14 22 20 0 17 4 1 22 20 15 22 20 0 17 17 14 1 4 2 14 9 2 4
split_gain=0.659513 1.15814 1.40557 1.25702 1.15642 1.72108 1.23045 0.931774 1.82492 1.38396 2.05751 2.70379 1.5298 1.26717 3.22066 1.37327 1.1598 2.3668 1.8879 1.93153 1.33575 3.94952 2.04813 1.36565 1.32453 2.25766 1.97969 1.27865 2.10748 1.14905
threshold=0.99681593486783593 0.039769539193789977 327.60000000000008 773.87631225585949 260.38023376464849 0.98999999999999999 170.40092468261722 29.950000000000003 -0.05695216311707673 225.10000000000002 5.9350000000000014 42.500000000000007 8.8350000000000026 10.305000000000001 -0.022576249993022688 308.2000000000001 64.500000000000014 -0.022576249993022688 436.60000000000008 14.885000000000003 214.50000000000003 104.50000000000001 31.350000000000005 9.3550000000000022 9.9950000000000028 0.13999999999999987 31.250000000000004 359.44091796875006 -3.379999999999999 9.5250000000000004
decision_type=2 2 8 2 2 2 2 2 2 10 2 2 2 2 2 10 2 2 10 2 2 2 2 2 2 2 2 2 2 2
left_child=-1 7 3 4 5 6 -3 9 -9 10 11 -2 -13 -11 15 -15 17 18 19 24 21 -19 -23 29 25 -10 -27 28 -18 -22
right_child=1 2 -4 -5 -6 -7 -8 8 16 13 -12 12 -14 14 -16 -17 27 20 -20 -21 23 22 -24 -25 -26 26 -28 -29 -30 -31
leaf_value=-7.8237972612798602e-06 0.0052587579959044069 -0.0028427355007552449 -0.0030638028772972292 0.0017700131426217382 -0.0028067361069369825 0.0062885693414478049 0.0021981999346761868 -0.0025929291835002756 0.0068401227048868881 -0.0021621257610285808 -0.0017504126137215541 0.0020818357951123286 -0.0020408256346946397 0.0012995396690858771 -0.0038052114472830814 0.0057308706969378849 0.0042841988943615791 -0.0017184438330721979 -6.2614029854415876e-05 0.0042537833034265405 -0.00023327569772760987 0.0087625632057988494 0.000573383826925235 -0.002639925554439673 0.001102141140329471 0.010783824507563126 -0.0010492523503766759 -0.0035191953754081132 5.5573371049054551e-05 0.0023635834529422404
leaf_weight=282942 75 115 952 110 246 86 75 425 60 1344 335 246 150 64 228 81 56 103 158 52 381 53 56 277 181 51 53 390 660 263
leaf_count=282942 75 115 952 110 246 86 75 425 60 1344 335 246 150 64 228 81 56 103 158 52 381 53 56 277 181 51 53 390 660 263
internal_value=-2.02928e-05 -0.000488672 -0.00168561 0.000142404 -0.000881227 0.00134058 -0.00131579 -0.000158483 0.000405404 -0.000877924 0.000831264 0.00296178 0.00131313 -0.00168026 0.000898122 0.00672414 0.00086972 0.00169431 0.00436937 0.00620907 0.000383935 0.00396226 0.0105963 -0.000439741 0.00485507 0.00810975 0.00365384 -0.00038879 0.000865921 0.00082298
internal_weight=290268 7326 1584 632 522 276 190 5742 3219 2523 806 471 396 1717 373 145 2794 1688 555 397 1133 212 109 921 345 164 104 1106 716 644
internal_count=290268 7326 1584 632 522 276 190 5742 3219 2523 806 471 396 1717 373 145 2794 1688 555 397 1133 212 109 921 345 164 104 1106 716 644
is_linear=0
shrinkage=0.05


Tree=288
num_leaves=31
num_cat=0
split_feature=23 22 5 16 9 21 14 20 4 17 23 18 14 17 4 21 16 13 15 14 20 0 17 14 20 0 17 15 20 0
split_gain=0.842193 1.28701 1.13815 1.58971 1.18928 1.18237 0.890142 1.17321 1.4164 1.61485 0.89745 2.11438 1.57892 1.23691 1.19283 1.14657 1.69668 1.05691 1.28955 1.33484 1.01157 1.22964 1.09945 1.91452 0.84157 1.81167 2.09533 1.34367 1.40546 1.23965
threshold=0.99681593486783593 0.039769539193789977 8.9407142857142876 9.8500000000000032 998.87963867187511 30.600000000000005 30.350000000000005 251.10000000000002 6.5450000000000008 265.50000000000006 0.99958851518450398 9.7650000000000023 32.150000000000013 324.50000000000006 8.2250000000000032 30.600000000000005 11.250000000000002 0.75000000000000011 64.500000000000014 30.950000000000003 339.7000000000001 8.4050000000000029 268.50000000000006 31.850000000000005 225.10000000000002 5.9350000000000014 42.500000000000007 79.500000000000014 217.40000000000003 5.1550000000000011
decision_type=2 2 2 2 2 10 2 8 2 2 2 2 2 2 2 8 2 2 2 2 10 2 2 2 10 2 2 2 8 2
left_child=-1 6 4 -4 -3 -6 24 -8 9 -9 11 17 15 14 -12 16 -13 -10 19 -19 -21 22 -22 -24 25 26 -2 28 -28 -26
right_child=1 2 3 -5 5 -7 7 8 10 -11 13 12 -14 -15 -16 -17 -18 18 -20 20 21 -23 23 -25 29 -27 27 -29 -30 -31
leaf_value=-7.4326073982216657e-06 0.0049899567995353349 -0.0032853401602433658 0.0064964923655412999 -0.00093333735869163533 0.0021452995624710526 -0.0018220748703504806 -0.0043253801520634046 0.0068357122379392628 -0.0020281804550226251 0.00013023362915487501 0.0032750306862512229 8.9478561662657979e-05 0.0039640891231625614 0.0036187377256940109 -0.0016609059873052329 -0.00073294434226651084 0.0055656003879356181 0.0074946022901850821 -0.0022802831465386615 -0.00061340800479815251 0.0051917804073814688 -0.00051650345289843975 0.0017980588635053481 -0.0019991857158726529 -0.0032773204495421047 -0.0014829881987413268 0.00019405911358297994 -0.0017020694555637439 0.0035420883636202876 -0.0005295839703209226
leaf_weight=282942 76 1055 87 301 87 54 287 50 202 60 126 96 74 119 777 97 88 87 251 128 68 73 53 56 663 367 188 141 96 1519
leaf_count=282942 76 1055 87 301 87 54 287 50 202 60 126 96 74 119 777 97 88 87 251 128 68 73 53 56 663 367 188 141 96 1519
internal_value=-2.08095e-05 -0.000550097 -0.00181187 0.000541236 -0.00257525 0.00173759 -0.000202021 0.000460623 0.000821205 0.00636364 0.000555554 0.00144148 0.00471831 -0.000547946 -0.0011794 0.00300712 0.00532609 0.000174291 0.00107542 0.00263441 0.00134921 0.0032 0.00545198 0.00233945 -0.000786886 0.000529953 0.00248503 0.00111765 0.00309859 -0.00131073
internal_weight=290268 7326 1584 388 1196 141 5742 2692 2405 110 2295 1273 355 1022 903 281 184 918 716 465 378 250 177 109 3050 868 501 425 284 2182
internal_count=290268 7326 1584 388 1196 141 5742 2692 2405 110 2295 1273 355 1022 903 281 184 918 716 465 378 250 177 109 3050 868 501 425 284 2182
is_linear=0
shrinkage=0.05


Tree=289
num_leaves=31
num_cat=0
split_feature=23 22 20 4 22 20 20 9 9 16 1 24 24 22 20 9 13 4 16 1 5 9 20 13 1 20 5 4 19 4
split_gain=0.842741 1.28701 1.20393 1.05457 0.915404 0.976712 1.23413 1.19035 0.9747 1.60091 2.16596 0.925796 1.49481 3.14623 2.83191 2.64899 2.17445 1.65389 1.34279 1.30152 1.20981 1.69615 1.13237 2.53039 2.05484 1.69278 2.08306 1.10701 1.82031 1.10265
threshold=0.99681593486783593 0.039769539193789977 274.50000000000006 10.475000000000003 -0.05695216311707673 202.40000000000003 397.00000000000006 340.39927673339849 68.901683807373061 9.5500000000000025 7.2750000000000012 2.0250000000000004 -0.49499999999999994 -0.03977009085991149 422.2000000000001 241.4740905761719 6.0500000000000007 5.8850000000000007 11.15 5.205000000000001 12.097857142857146 719.37036132812511 217.40000000000003 24.550000000000004 5.8350000000000009 362.60000000000008 7.0521428571428588 8.2250000000000032 4.9750000000000005 10.745000000000003
decision_type=2 2 8 2 2 10 10 2 2 2 2 10 10 2 10 2 2 2 2 2 2 2 10 2 2 10 2 2 2 2
left_child=-1 4 3 -3 5 7 -7 -2 9 10 -6 12 13 16 17 -16 18 -14 19 -10 -15 -22 -19 24 25 26 -24 28 -13 -17
right_child=1 2 -4 -5 8 6 -8 -9 11 -11 -12 27 14 20 15 29 -18 22 -20 -21 21 -23 23 -25 -26 -27 -28 -29 -30 -31
leaf_value=-7.0609770282997276e-06 0.0026877628306260304 -0.00098535517917496766 -0.0024949448141076283 0.0027070784178714834 0.00011310809295238096 -0.0044292561249828066 0.00061296592653632763 -0.00061568955082865948 -0.00048775116177857581 0.00049003154168116697 0.0043369482551560562 0.0046056873087138451 0.0032475983281856587 -0.0018587483206217307 0.0032392990702050854 0.0030344522893606652 0.0090952956940908384 -0.0024147012737708497 -0.0017737475430574694 0.0048211529971719166 0.0035169747047594708 -0.0029855117639920603 0.0033982114068720941 0.004434319208343712 -0.0005396263473933918 -0.00065528077665133585 0.0047599894061182181 -0.0038755307427543436 -0.0018622600306536206 -0.0016237436728760994
leaf_weight=282942 55 233 1190 161 82 548 100 89 54 488 79 65 99 1185 97 54 77 457 145 80 65 52 121 51 915 63 55 476 115 75
leaf_count=282942 55 233 1190 161 82 548 100 89 54 488 79 65 99 1185 97 54 77 457 145 80 65 52 121 51 915 63 55 476 115 75
internal_value=-2.06373e-05 -0.000550097 -0.00181187 0.000583755 -0.000202021 -0.0017803 -0.00260803 0.00194444 5.05039e-05 0.0018567 0.00618012 -0.000222043 8.9162e-05 -0.0010193 0.00101409 0.00628318 0.00314607 0.000337875 0.00109319 0.00470149 -0.00215822 0.00269231 -3.61023e-05 0.000767634 0.000285961 0.00441422 0.00693182 -0.00195122 0.00138889 0.00158915
internal_weight=290268 7326 1584 394 5742 792 648 144 4950 649 161 4301 3645 1658 1987 226 356 1761 279 134 1302 117 1662 1205 1154 239 176 656 180 129
internal_count=290268 7326 1584 394 5742 792 648 144 4950 649 161 4301 3645 1658 1987 226 356 1761 279 134 1302 117 1662 1205 1154 239 176 656 180 129
is_linear=0
shrinkage=0.05


Tree=290
num_leaves=31
num_cat=0
split_feature=5 1 0 14 20 0 19 19 20 9 14 1 9 9 2 14 2 24 20 15 24 24 9 14 20 16 24 19 9 3
split_gain=0.620695 0.949352 2.08481 1.00649 1.52107 0.98557 1.02206 0.940594 0.887456 0.794118 0.767686 0.755235 1.08239 1.69903 0.738982 1.23763 0.752739 0.732216 0.620204 0.555121 1.28068 2.05124 2.8656 4.93609 2.82719 2.27453 2.20794 3.36895 2.61243 2.59701
threshold=3.0692857142857153 1.9350000000000003 5.5550000000000006 30.250000000000004 261.60000000000008 1.9350000000000003 1.8550000000000002 7.0850000000000009 225.10000000000002 309.61909484863287 25.150000000000002 2.9050000000000007 417.44560241699224 695.77572631835949 -0.019999999999999903 28.150000000000002 2.0449999999999995 -0.22499999999999995 211.10000000000002 66.500000000000014 0.24500000000000002 0.36500000000000005 222.96364593505862 29.150000000000002 267.2000000000001 8.8500000000000032 0.47500000000000003 8.7750000000000004 248.98963165283206 8.5383333333333358
decision_type=2 2 2 2 10 2 2 2 10 2 2 2 2 2 2 2 2 10 10 2 8 8 2 2 10 2 8 2 2 2
left_child=7 2 3 10 -5 6 -3 11 -9 -6 -2 -1 -13 -14 15 -12 -16 18 -8 -7 -21 22 -22 -24 -25 -26 27 28 29 -23
right_child=1 5 -4 4 9 19 17 8 -10 -11 14 12 13 -15 16 -17 -18 -19 -20 20 21 26 23 24 25 -27 -28 -29 -30 -31
leaf_value=-0.0028735863211391179 0.0016573013769575465 -0.0091367836552146628 0.0046075716266092718 -0.0010463364913664763 0.0076021526946744552 -7.8015985948464925e-05 0.0041152447051984288 -0.00049294568827927066 0.0051597197567700807 0.0023047640519223032 -0.0014608601078118146 -0.0022338754419316481 0.0017610230500639213 -0.0018796062040281683 -0.00429222048685933 0.0027671839741295534 0.00012272259771307505 -0.0019582221651444488 -0.00014191263842443558 0.00014435142175136625 -0.0030368625691695956 -0.0003309883815041926 -0.0024742257286441728 0.0014135877407140032 0.0053440670748616005 0.0032486386435229353 -0.00013456086345882209 -0.0019930320346940879 0.005163617236865487 0.003647282996517621
leaf_weight=621 91 293 66 69 51 151254 55 54 55 51 60 321 72 51 235 69 226 265 81 85245 2062 699 572 286 72 213 45556 651 441 431
leaf_count=621 91 293 66 69 51 151254 55 54 55 51 60 321 72 51 235 69 226 265 81 85245 2062 699 572 286 72 213 45556 651 441 431
internal_value=-1.96038e-05 -1.49444e-05 0.00159041 0.000927229 0.00435672 -2.00584e-05 -0.00190202 -0.00116695 0.00325688 0.00823529 6.60781e-05 -0.00161972 -4.50462e-05 0.00394309 -0.000593222 0.00275194 -0.00152929 -0.000261847 0.00272059 -1.55152e-05 5.76962e-05 -0.000140538 -0.00136506 0.000643043 0.0039317 0.00745614 -5.83963e-05 0.00148065 0.00273393 0.00146018
internal_weight=290268 289094 918 852 171 288176 694 1174 109 102 681 1065 444 123 590 129 461 401 136 287482 136228 50983 3205 1143 571 285 47778 2222 1571 1130
internal_count=290268 289094 918 852 171 288176 694 1174 109 102 681 1065 444 123 590 129 461 401 136 287482 136228 50983 3205 1143 571 285 47778 2222 1571 1130
is_linear=0
shrinkage=0.05


Tree=291
num_leaves=31
num_cat=0
split_feature=23 22 5 9 16 18 20 9 5 23 18 24 9 24 20 22 4 21 9 5 9 9 20 3 19 5 19 18 23 4
split_gain=0.783044 1.08025 1.14067 1.31904 1.13032 0.905545 0.832337 1.34267 1.74796 1.36722 1.37459 0.731476 2.02921 1.82634 2.79601 2.78511 2.05212 2.32051 2.03278 1.50007 1.39994 2.64341 2.60607 1.84263 1.64731 1.45937 1.20414 1.15331 1.13729 1.30549
threshold=0.99681593486783593 0.039769539193789977 8.9407142857142876 998.87963867187511 9.6500000000000004 5.1050000000000013 604.50000000000011 494.48980712890631 5.4164285714285727 0.99981043035926087 6.9250000000000007 1.8750000000000002 64.925708770751967 -0.49499999999999994 403.65000000000003 -0.03977009085991149 8.3650000000000002 12.500000000000002 241.4740905761719 9.7207142857142887 673.84381103515636 295.06581115722662 259.30000000000001 7.4983333333333348 6.9650000000000007 8.4964285714285754 2.8050000000000002 7.0850000000000009 0.99988440732898443 7.8150000000000004
decision_type=2 2 2 2 2 2 8 2 2 2 2 10 2 10 10 2 2 10 2 2 2 2 10 2 2 2 2 2 2 2
left_child=-1 6 3 -3 -4 -5 11 8 -8 -10 -11 13 -13 15 16 20 17 -15 19 -16 21 23 -23 -2 -25 -26 -17 -20 -14 -30
right_child=1 2 4 5 -6 -7 7 -9 9 10 -12 12 28 14 18 26 -18 -19 27 -21 -22 22 -24 24 25 -27 -28 -29 29 -31
leaf_value=-6.9391873454866879e-06 -0.0020349965212059402 -0.0029907288369497901 0.006797069258784913 0.0019350388367406395 -0.00054575723830605838 -0.00034728754794940715 0.0019576657623270716 -0.0084160414158994459 -0.00059443560088062817 5.9809727073247348e-05 0.0071197636522765161 0.0023035974444764224 -0.0041189178302808126 -0.0017449238895003751 0.0037710638597342264 0.0023490857674743565 -0.00031816427135383021 0.0053866916199641355 0.0033818008717800955 0.0023597757991717424 -0.0075114017623659343 -0.00025062444148863359 0.0094190378050731799 0.0056084075073885575 0.0031186778999791548 -0.0030683495757577077 -0.001875879593134976 -0.0015552016463345104 0.003403773058243088 -0.0014898832609592681
leaf_weight=282942 283 1055 83 66 305 75 68 57 149 50 51 214 796 72 75 56 1477 102 76 96 78 75 121 52 82 88 1367 79 56 122
leaf_count=282942 283 1055 83 66 305 75 68 57 149 50 51 214 796 72 75 56 1477 102 76 96 78 75 121 52 82 88 1367 79 56 122
internal_value=-1.92593e-05 -0.000529622 -0.00168561 -0.00244983 0.000670102 0.0020922 -0.000210729 0.00206667 0.00333333 0.0014 0.00589109 -0.000369854 -0.00146465 -5.86277e-05 0.00104451 -0.00104905 0.000208963 0.00534483 0.00527607 0.00903509 0.0013543 0.00206134 0.00698979 0.000148514 0.00355856 0.00117647 -0.00236472 0.00112903 -0.00243327 0.00117977
internal_weight=290268 7326 1584 1196 388 141 5742 375 318 250 101 5367 1188 4179 1977 2202 1651 174 326 171 779 701 196 505 222 170 1423 155 974 178
internal_count=290268 7326 1584 1196 388 141 5742 375 318 250 101 5367 1188 4179 1977 2202 1651 174 326 171 779 701 196 505 222 170 1423 155 974 178
is_linear=0
shrinkage=0.05


Tree=292
num_leaves=31
num_cat=0
split_feature=23 11 14 22 20 17 9 24 24 20 13 13 2 22 22 18 1 4 22 13 9 16 22 4 14 4 13 24 16 16
split_gain=0.805735 1.03043 1.07548 0.88447 1.20355 1.11354 1.33114 0.943616 1.67776 2.80442 3.31019 1.85693 2.01972 1.72444 1.48998 1.82534 1.47865 2.662 1.66397 2.32555 1.22955 1.09223 1.07035 1.06492 0.905377 0.900145 1.27829 2.51216 2.09368 1.61438
threshold=0.99681593486783593 2.554999947547913 30.750000000000004 0.039769539193789977 327.60000000000008 252.50000000000003 773.87631225585949 2.0250000000000004 -0.49499999999999994 403.65000000000003 25.550000000000004 17.550000000000004 -1.2299999999999975 -0.03977009085991149 -0.022576249993022688 7.0050000000000008 8.4250000000000025 11.585000000000003 -0.05695216311707673 5.8500000000000005 64.925708770751967 11.15 -0.0053757284505435614 7.8150000000000004 30.750000000000004 18.505000000000006 6.4500000000000011 -0.42499999999999993 11.550000000000002 12.450000000000001
decision_type=2 2 2 2 8 2 2 10 10 8 2 2 2 2 2 2 2 2 2 2 2 2 2 2 2 2 2 10 2 2
left_child=-1 3 -3 7 5 -5 -7 8 13 10 25 12 -11 16 -14 24 18 -18 -2 21 -9 -20 -22 -24 -16 26 27 -10 -29 -30
right_child=1 2 -4 4 -6 6 -8 20 9 11 -12 -13 14 -15 15 -17 17 -19 19 -21 22 -23 23 -25 -26 -27 -28 28 29 -31
leaf_value=-6.5922279782055586e-06 -0.0023415337911010972 0.0035844566928139006 3.3904338749464642e-05 0.0014121486499937405 -0.0026331382554319856 -0.0022543472136262797 0.0014854737308728971 0.0023369970351183756 0.0068037112384290652 0.0049847741842847723 0.0041781651913411428 -0.00065329592677887914 0.0025775243579440874 -0.0014080415346349785 0.0017194522025070899 -0.0024602478516062062 0.0059739457686437594 -3.8571516596207889e-05 0.0016812774958655952 0.0079152778402368281 -0.004003419685358822 -0.0013983145151973348 0.0032335844053309314 -0.0014153890979113014 0.0032127111519185121 -0.0030265559123111032 -0.0011519711223878155 -0.0011519627441778874 0.006751969385871171 0.0012964886225234349
leaf_weight=282942 279 52 85 268 935 299 60 148 100 88 91 141 68 1532 51 115 91 141 103 69 630 103 56 122 56 299 829 379 55 81
leaf_count=282942 279 52 85 268 935 299 60 148 100 88 91 141 68 1532 51 115 91 141 103 69 630 103 56 122 56 299 829 379 55 81
internal_value=-1.87425e-05 -0.000536447 0.00375912 -0.000618307 -0.00167094 2.39223e-05 -0.00179666 -0.000326107 -3.31847e-05 0.000907351 -1.09063e-05 0.00415221 0.00597883 -0.000987922 0.00396552 0.00198198 0.000916029 0.00426724 -0.000487366 0.00227273 -0.00175732 -0.000388351 -0.00252475 0.000898875 0.00668224 -0.000496272 2.07744e-05 0.00174797 0.000339805 0.00566176
internal_weight=290268 7326 137 7189 1562 627 359 5627 4671 2353 1834 519 378 2318 290 222 786 232 554 275 956 206 808 178 107 1743 1444 615 515 136
internal_count=290268 7326 137 7189 1562 627 359 5627 4671 2353 1834 519 378 2318 290 222 786 232 554 275 956 206 808 178 107 1743 1444 615 515 136
is_linear=0
shrinkage=0.05


Tree=293
num_leaves=31
num_cat=0
split_feature=13 2 22 14 2 16 2 16 2 14 5 22 19 9 24 24 0 4 0 22 22 24 13 22 22 0 24 15 22 24
split_gain=0.630254 0.972434 1.12405 0.954498 1.32793 0.855833 1.23967 0.810891 0.725334 1.99669 1.7503 1.88611 2.13724 1.80444 1.73722 3.56433 2.38535 3.28466 5.10213 2.66781 2.25012 2.90846 2.53659 2.53757 9.16189 13.0933 4.09412 4.61302 3.02118 2.2037
threshold=23.950000000000003 2.5600000000000001 -0.95244167294248061 32.45000000000001 -7.0349999999999984 4.9500000000000011 -4.2549999999999972 15.450000000000001 -0.67999999999999872 22.350000000000005 9.2750000000000021 0.3744682635859638 10.605000000000002 364.77772521972662 -0.65999999999999981 -0.55499999999999983 32.705000000000005 53.430000000000007 12.555000000000001 -0.76141707087277943 -0.52766804058324157 0.89500000000000013 18.250000000000004 -0.8781231054254196 -0.90893996196865023 7.0550000000000006 -0.18999999999999997 64.500000000000014 -0.89406062840022227 -0.18999999999999997
decision_type=2 2 2 2 2 2 2 2 2 2 2 2 2 2 8 10 2 2 2 2 2 10 2 2 2 2 10 2 2 10
left_child=8 3 -3 5 -5 6 -2 -4 14 10 11 12 -10 -13 -1 16 17 -16 -19 -20 22 -22 23 24 -17 26 28 -28 -26 -27
right_child=1 2 7 4 -6 -7 -8 -9 9 -11 -12 13 -14 -15 15 20 -18 18 19 -21 21 -23 -24 -25 25 29 27 -29 -30 -31
leaf_value=-0.0007599115818302932 0.0039347307865165394 0.0025981626971498424 -0.0019339198788639969 0.0049324194134913232 -0.0029851209038625481 -2.8150418406624936e-05 -0.0025170084927578422 0.0040980070937264015 2.4004359828182586e-05 4.4175913423897402e-05 -0.0035158961901573813 0.0019155857396951324 0.0051749012734668819 0.0037809405738752711 0.00097207422476008681 -0.00098647007366522359 -0.0016817325816574414 0.021566301468066481 0.002105903989220839 0.010836580491271518 -0.00020671260126448903 0.0004700446364046373 0.0012700335404123104 -0.0014766000065624546 0.009328722682723823 -0.0011103746127136532 0.017286698664445519 0.0039007323588129404 -0.0031419787072180655 0.0044438866245927718
leaf_weight=6367 58 265 2532 50 719 23382 744 51 457 163544 119 178 59 139 8103 8041 1786 51 239 75 44932 15585 2249 9287 51 474 96 50 61 524
leaf_count=6367 58 265 2532 50 719 23382 744 51 457 163544 119 178 59 139 8103 8041 1786 51 239 75 44932 15585 2249 9287 51 474 96 50 61 524
internal_value=-1.8398e-05 -0.000244777 -0.00112009 -0.000144874 -0.00187906 -8.97299e-05 -0.00169576 -0.00143825 5.58046e-06 6.97269e-05 0.00235294 0.00316326 0.00129845 0.00619874 -0.000102123 -4.66149e-05 0.000831869 0.0011821 0.00582192 0.00343949 -0.000157346 -3.05818e-06 -0.000605531 -0.000797461 -0.000213511 0.00375796 0.0137984 0.0193151 0.00660714 0.00116232
internal_weight=290268 27801 2848 24953 769 24184 802 2583 262467 164496 952 833 516 317 97971 91604 10254 8468 365 314 81350 60517 20833 18584 9297 1256 258 146 112 998
internal_count=290268 27801 2848 24953 769 24184 802 2583 262467 164496 952 833 516 317 97971 91604 10254 8468 365 314 81350 60517 20833 18584 9297 1256 258 146 112 998
is_linear=0
shrinkage=0.05


Tree=294
num_leaves=31
num_cat=0
split_feature=23 5 15 1 22 23 5 16 17 0 16 23 23 4 14 1 20 17 22 14 23 19 3 17 17 14 4 1 3 18
split_gain=0.785689 1.17976 1.33793 1.37631 1.32932 1.48912 1.81298 1.46571 1.45159 1.41645 0.971689 3.45958 2.0172 0.923358 1.12071 1.3826 2.87882 0.912829 1.85443 0.86612 2.1594 1.86332 1.28523 0.854992 0.787718 1.00316 0.783297 0.961538 0.76171 1.96899
threshold=0.99681593486783593 7.6150000000000011 64.500000000000014 5.4350000000000014 -0.022576249993022688 0.99981043035926087 9.8564285714285749 10.350000000000003 324.50000000000006 15.905000000000003 12.750000000000002 0.99981043035926087 0.99988440732898443 10.035000000000002 29.250000000000004 7.4350000000000014 376.35000000000008 326.50000000000006 1.0000000180025095e-35 28.650000000000002 0.99855310097228334 6.2950000000000008 12.275 235.50000000000003 62.500000000000007 31.950000000000003 14.245000000000003 9.2050000000000018 5.6033333333333344 5.0550000000000006
decision_type=2 2 2 2 2 2 2 2 2 2 2 2 2 2 2 2 10 2 2 2 2 2 2 2 2 2 2 2 2 2
left_child=-1 10 3 -3 8 -6 7 -7 9 24 13 -12 -13 14 -2 28 23 19 -19 20 21 -4 -23 -17 -5 26 27 -26 29 -16
right_child=1 2 17 4 5 6 -8 -9 -10 -11 11 12 -14 -15 15 16 -18 18 -20 -21 -22 22 -24 -25 25 -27 -28 -29 -30 -31
leaf_value=-4.3702180181986835e-06 -0.00067973173528984999 0.0042498824169430434 -0.0014755763083565598 -0.001135766479653318 -0.0015402722676591384 4.7096993335639157e-05 -0.0015593598230510938 0.003747550192121005 -0.0024490675743285531 0.0030159085311931371 -0.0035501791671508618 0.0033783977972963852 -0.00039276444587176365 -0.0023393929017519752 -0.0010817282148256882 0.0028588981812948649 0.0050028734170267054 -0.0013088383168869415 0.0028788153239973891 -0.0017801010264066677 -0.0031363016428364527 0.0063323787765351873 0.00093768196285806031 -0.0026113866619389479 -0.0013357752935251174 0.003809336615389282 -0.00086656583051197887 0.0017405462545540624 -0.00090683747552516467 0.0021250684489355367
leaf_weight=282942 1229 57 69 54 460 82 143 112 65 60 785 72 103 462 370 51 54 146 139 1373 243 87 52 80 52 78 50 52 468 278
leaf_count=282942 1229 57 69 54 460 82 143 112 65 60 785 72 103 462 370 51 54 146 139 1373 243 87 52 80 52 78 50 52 468 278
internal_value=-1.8398e-05 -0.000529622 0.000157082 0.00144269 0.00108444 -0.000106651 0.0024184 0.00556701 0.00339416 0.00468208 -0.00111589 -0.0025 0.00385714 -0.000671793 -0.000296444 0.000726363 0.00472973 -0.000614036 0.00201754 -0.00102522 0.00087583 0.00461538 0.00794964 0.00072519 0.00321678 0.00448276 0.00214286 0.00461538 6.27228e-05 0.00117284
internal_weight=290268 7326 3374 1265 1208 797 337 194 411 346 3952 960 175 2992 2530 1301 185 2109 285 1824 451 208 139 131 286 232 154 104 1116 648
internal_count=290268 7326 3374 1265 1208 797 337 194 411 346 3952 960 175 2992 2530 1301 185 2109 285 1824 451 208 139 131 286 232 154 104 1116 648
is_linear=0
shrinkage=0.05


Tree=295
num_leaves=31
num_cat=0
split_feature=23 5 4 18 23 16 9 9 17 4 16 23 9 2 0 2 4 15 2 23 23 0 16 2 23 23 23 9 15 4
split_gain=0.827662 0.98121 1.20151 0.96528 1.97729 0.932652 1.19337 0.902966 1.40435 2.07837 1.19148 1.58477 1.09796 1.05771 1.04167 0.813652 0.872516 1.02512 1.08836 0.780643 1.1768 1.81139 1.30672 1.15069 0.728473 6.78455 4.55386 5.74197 3.44933 3.42514
threshold=0.99681593486783593 7.6150000000000011 13.505000000000001 9.9550000000000018 0.99855310097228334 11.850000000000003 68.901683807373061 998.87963867187511 236.50000000000003 8.5150000000000023 12.750000000000002 0.99981043035926087 66.896167755126967 -0.20000000000000004 6.8150000000000004 3.0700000000000012 12.725000000000003 69.500000000000014 -1.3199999999999998 0.9980355542543059 0.99855310097228334 5.0550000000000006 5.0500000000000007 0.32000000000000012 0.91159213926341531 0.89691351184655443 0.91511078773075516 344.76246643066412 83.500000000000014 8.5950000000000006
decision_type=2 2 2 2 2 2 2 2 2 2 2 2 2 2 2 2 2 2 2 2 2 2 2 2 2 2 2 2 2 2
left_child=24 7 3 15 -5 6 -4 10 9 -9 12 -12 14 -13 -2 16 -3 18 -18 -14 21 -21 -22 -23 25 -1 27 29 -27 -26
right_child=1 2 5 4 -6 -7 -8 8 -10 -11 11 13 19 -15 -16 -17 17 -19 -20 20 22 23 -24 -25 26 28 -28 -29 -30 -31
leaf_value=-3.8662335486442775e-06 0.00018845897075955612 -0.00030139836845190877 0.0013329067502430786 0.0056161666658775984 0.00096967949211187164 0.00033460148339749637 -0.0023822578110700601 0.0042833638104875331 -0.00071349752136926851 -0.00085105669332445036 -0.0034831659268592208 -0.00035662174123825535 -0.0019037801834503659 0.003421810392419353 0.0038611114508958601 0.0030491417162949318 0.0042453366541603064 -0.0020624769169568617 0.00061877398104034052 -0.0023212030407823406 0.0038111085507657374 0.0051710701932015136 -0.0010345102981039751 0.0025176306569817796 0.003469732315749624 -0.0045306498022501173 8.8788562030510257e-05 0.0058169390697454249 0.001959030712972383 -0.0057929789474296233
leaf_weight=248094 150 850 183 96 252 773 996 81 246 69 744 62 601 50 50 58 51 61 54 98 64 56 1602 79 136 2894 30888 426 274 230
leaf_count=248094 150 850 183 96 252 773 996 81 246 69 744 62 601 50 50 58 51 61 54 98 64 56 1602 79 136 2894 30888 426 274 230
internal_value=-1.85702e-05 -0.000543272 8.29864e-05 0.00118847 0.00347701 -0.000722337 -0.0016073 -0.00107794 0.00118687 0.005 -0.00133015 -0.00295561 -0.000814816 0.00258928 0.00275 0.000446926 0.000118109 0.00343373 0.00642857 -0.0011 -0.00060295 0.00272532 -0.00106843 0.00648148 -4.98455e-06 -3.34722e-05 0.000220958 0.00396465 -0.0023327 -0.000628416
internal_weight=290268 7326 3374 1422 348 1952 1179 3952 396 150 3556 856 2700 112 200 1074 1016 166 105 2500 1899 233 1666 135 282942 251262 31680 792 3168 366
internal_count=290268 7326 3374 1422 348 1952 1179 3952 396 150 3556 856 2700 112 200 1074 1016 166 105 2500 1899 233 1666 135 282942 251262 31680 792 3168 366
is_linear=0
shrinkage=0.05


Tree=296
num_leaves=31
num_cat=0
split_feature=23 5 13 4 16 16 19 15 20 9 4 16 13 1 15 9 22 14 16 23 16 4 4 24 1 9 20 16 5 5
split_gain=0.912031 0.985976 1.66615 1.7568 1.04196 1.83431 1.71252 1.9557 1.1279 1.31949 1.00332 1.58022 1.15541 1.23423 0.939778 0.89117 1.55238 1.73148 1.01543 2.50016 1.22936 1.01473 0.861471 0.827957 0.810871 0.804535 0.838549 1.07267 0.898313 0.733376
threshold=0.99681593486783593 8.1721428571428607 10.15 19.215000000000003 14.950000000000001 11.65 5.8050000000000006 64.500000000000014 444.30000000000001 175.65871429443362 13.575000000000001 9.7500000000000018 2.7500000000000004 8.7150000000000016 67.500000000000014 998.87963867187511 1.0000000180025095e-35 30.050000000000004 12.750000000000002 0.99981043035926087 14.550000000000002 7.6450000000000005 10.885000000000003 2.0250000000000004 6.4750000000000005 600.63439941406261 491.60000000000008 12.350000000000003 4.5235714285714304 8.977857142857145
decision_type=2 2 2 2 2 2 2 2 10 2 2 2 2 2 2 2 2 2 2 2 2 2 2 10 2 2 10 2 2 2
left_child=-1 15 3 4 5 10 -7 8 9 -8 11 12 -3 -14 -9 18 -17 21 22 -20 -21 -18 25 24 -4 26 27 28 -2 -13
right_child=1 2 23 -5 -6 6 7 14 -10 -11 -12 29 13 -15 -16 16 17 -19 19 20 -22 -23 -24 -25 -26 -27 -28 -29 -30 -31
leaf_value=-4.9219670163423405e-06 -0.0024730547993458869 0.00010346826968232124 0.0039335038167022697 -0.00089762919566197549 -0.00056133524520755916 -0.0021534276270424408 0.0047800985691834955 -0.0019908325589656933 0.0015613289589167245 0.0058630278366608706 -0.00030412179456272516 0.00073660156980188051 0.0020872746186651114 0.0057406794433681602 0.0021712339499228234 -0.0021958622884705138 0.0025445625384329859 0.0071305560488176892 -0.0031215228042866566 -0.00046654703855930461 0.0023760693001035685 -0.00021633092675682746 -0.0031823975227271832 -0.00456728968043174 -0.0012912901297220834 -0.0046266431001984144 -0.003321522776897034 0.0030678191653155415 0.00017571036771931532 -0.0014661658421791465
leaf_weight=282942 466 94 54 428 232 79 51 50 71 56 390 72 71 61 79 199 57 50 849 51 100 147 366 207 767 187 90 55 1869 78
leaf_count=282942 466 94 54 428 232 79 51 50 71 56 390 72 71 61 79 199 57 50 849 51 100 147 366 207 767 187 90 55 1869 78
internal_value=-1.9776e-05 -0.000570572 0.00015845 0.00107064 0.00193641 0.00255208 0.00536269 0.00705212 0.0104494 0.0136916 0.00113577 0.00297872 0.00561947 0.00863636 0.00236434 -0.0010321 0.00107064 0.00366142 -0.00126829 -0.00265 0.00327814 0.00161765 -0.000812728 -0.00144942 -0.000736907 -0.000500564 -0.000262098 -8.36832e-05 -0.000246254 -0.001
internal_weight=290268 7326 2840 1812 1384 1152 386 307 178 107 766 376 226 132 129 4486 453 254 4033 1000 151 204 3033 1028 821 2667 2480 2390 2335 150
internal_count=290268 7326 2840 1812 1384 1152 386 307 178 107 766 376 226 132 129 4486 453 254 4033 1000 151 204 3033 1028 821 2667 2480 2390 2335 150
is_linear=0
shrinkage=0.05


Tree=297
num_leaves=31
num_cat=0
split_feature=23 22 20 19 9 22 20 4 23 1 20 9 24 24 1 19 14 23 9 19 14 19 16 24 2 16 9 9 0 16
split_gain=0.848784 0.929642 1.14194 1.09708 1.14788 1.09971 0.864467 0.933033 1.2286 0.839546 0.744163 1.10142 1.50586 1.42875 2.44263 2.41169 2.41468 1.35787 1.46079 1.43717 1.88943 1.42676 1.68368 1.83845 1.14016 1.02324 1.00739 3.1403 3.20802 2.81578
threshold=0.99681593486783593 0.039769539193789977 274.50000000000006 7.6650000000000009 998.87963867187511 0.056951373111866731 604.50000000000011 6.1950000000000012 0.99981043035926087 7.0750000000000011 499.7000000000001 68.901683807373061 1.8750000000000002 -0.40499999999999997 3.5050000000000003 9.6250000000000018 30.250000000000004 0.99958851518450398 354.09144592285162 4.6450000000000005 29.350000000000005 10.955000000000002 11.850000000000003 -0.42499999999999993 2.5100000000000016 11.350000000000003 634.89492797851574 318.02613830566412 7.2950000000000008 7.2500000000000009
decision_type=2 2 8 2 2 2 8 2 2 2 10 2 10 10 2 2 2 2 2 2 2 2 2 10 2 2 2 2 2 2
left_child=-1 6 3 4 -3 -5 10 -8 -9 -10 11 -2 13 17 -15 16 25 21 19 20 -19 26 24 -24 -23 -16 27 -13 29 -29
right_child=1 2 -4 5 -6 -7 7 8 9 -11 -12 12 -14 14 15 -17 -18 18 -20 -21 -22 22 23 -25 -26 -27 -28 28 -30 -31
leaf_value=-4.6758686655333196e-06 0.0013762895552219974 -0.0019345695836941639 -0.001889357261011666 -0.00056769621141253691 0.001697606891883418 0.0083633595871907586 0.0019448059214069318 -0.00039977370363871887 0.00041749956674972598 0.0041481229359578353 -0.0011641830308791201 -0.0005520485740404588 -0.0021464460780725998 -0.0071952151891965035 -0.00082871417061745455 -0.0028267936252602522 0.0060685692111480923 -0.0006664326518827392 -0.0048655520549124127 -0.00096062288245971159 0.0052084484769405583 0.0025387372947637717 0.0025737824674900351 0.0049170815746488227 -0.0034110297881143579 0.0025156036213254971 -0.0023135580220568696 0.00058435282870462609 -0.0002920982680530462 0.0095941392271328575
leaf_weight=282942 565 217 1190 60 59 58 69 205 51 50 329 822 958 79 78 67 84 66 492 701 59 100 86 64 127 75 285 63 169 98
leaf_count=282942 565 217 1190 60 59 58 69 205 51 50 329 822 958 79 78 67 84 66 492 701 59 100 86 64 127 75 285 63 169 98
internal_value=-1.87425e-05 -0.000550097 -0.00162248 0.000710659 -0.00101449 0.00474576 -0.000254268 0.00206667 0.000882352 0.00539604 -0.000416435 -0.00026598 -0.000528729 -4.97878e-05 0.0028329 0.00486842 0.00723629 -0.0004023 -0.00162367 -0.000338984 0.0046 0.000485115 0.00322281 0.00733333 0.000506607 0.00349673 -0.000233126 0.000425346 0.00454545 0.00959627
internal_weight=290268 7326 1584 394 276 118 5742 375 306 101 5367 5038 4473 3515 383 304 237 3132 1318 826 125 1814 377 150 227 153 1437 1152 330 161
internal_count=290268 7326 1584 394 276 118 5742 375 306 101 5367 5038 4473 3515 383 304 237 3132 1318 826 125 1814 377 150 227 153 1437 1152 330 161
is_linear=0
shrinkage=0.05


Tree=298
num_leaves=31
num_cat=0
split_feature=23 5 13 4 3 16 14 23 5 4 22 9 3 9 23 23 0 16 18 13 0 23 19 3 5 4 5 23 16 18
split_gain=0.870728 0.970442 1.28229 1.39879 1.07997 1.66401 1.09979 2.20591 0.965223 0.922472 0.911576 1.41613 2.32532 1.63083 1.81817 1.45376 2.65136 1.43982 2.41401 1.776 1.38797 1.17449 1.17 1.06018 0.747697 1.1286 0.788803 1.08171 1.36813 1.07247
threshold=0.99681593486783593 7.5857142857142863 12.850000000000003 19.215000000000003 12.550000000000002 11.750000000000002 27.850000000000005 0.99855310097228334 7.889285714285716 10.525 0.039769539193789977 285.29341125488287 6.4466666666666681 583.67306518554699 0.99988440732898443 0.99981043035926087 4.7550000000000008 7.2500000000000009 4.9150000000000009 5.0500000000000007 4.1750000000000007 0.99988440732898443 4.8850000000000007 7.8016666666666667 7.9535714285714292 13.635000000000003 10.145000000000003 0.99981043035926087 11.750000000000002 9.4350000000000005
decision_type=2 2 2 2 2 2 2 2 2 2 2 2 2 2 2 2 2 2 2 2 2 2 2 2 2 2 2 2 2 2
left_child=-1 9 3 4 6 -6 7 -3 -4 10 11 21 13 14 17 -15 -17 20 -19 -20 -13 23 -23 -2 -8 26 27 29 -29 -26
right_child=1 2 8 -5 5 -7 24 -9 -10 -11 -12 12 -14 15 -16 16 -18 18 19 -21 -22 22 -24 -25 25 -27 -28 28 -30 -31
leaf_value=-4.4420752322536476e-06 -0.0013672762194388082 0.0053936750912593357 0.0027469752955201752 -0.001052128920005709 0.00030726540713428644 0.0027158871744110804 -0.0014774599340912518 -0.0013017376933096201 -0.0015801158251963197 -0.0027685688794690552 -0.0017141495515890226 0.0044924476200623306 -0.002019167215423218 -0.0040449839682066419 -0.00099640975121481927 -0.0021258696710309676 0.0040253594897431142 0.0010978271567247953 0.0021491340747102241 0.0085172141345142595 -0.0013090713973180068 0.0059559446287082455 -5.1011636463520413e-05 0.0014789237522886919 -0.0005896313590398087 -0.00066748159761852708 0.0053206706217561904 0.00017769829753378987 0.0029028695311128809 0.0015773522447430919
leaf_weight=282942 1314 57 80 468 115 92 216 56 864 399 910 67 288 152 69 109 66 79 59 65 83 50 130 88 380 589 86 96 91 208
leaf_count=282942 1314 57 80 468 115 92 216 56 864 399 910 67 288 152 69 109 66 79 59 65 83 50 130 88 380 589 86 96 91 208
internal_value=-1.87425e-05 -0.000556922 6.17999e-05 0.00066422 0.0012437 0.00466183 0.00084598 0.00561947 -0.00150424 -0.00109216 -0.000834515 -0.000360826 0.00107522 0.00254339 0.00459716 -0.000107035 0.003 0.00604816 0.0087931 0.0131452 0.00233333 -0.00130215 0.0025 -0.0017903 0.000522208 0.000931033 0.00208478 0.00158064 0.00489305 0.00052721
internal_weight=290268 7326 3398 2454 1986 207 1779 113 944 3928 3529 2619 1037 749 422 327 175 353 203 124 150 1582 180 1402 1666 1450 861 775 187 588
internal_count=290268 7326 3398 2454 1986 207 1779 113 944 3928 3529 2619 1037 749 422 327 175 353 203 124 150 1582 180 1402 1666 1450 861 775 187 588
is_linear=0
shrinkage=0.05


Tree=299
num_leaves=31
num_cat=0
split_feature=23 5 13 20 4 14 19 17 17 23 16 18 16 17 9 20 14 23 16 20 9 20 19 14 24 2 4 16 23 9
split_gain=0.727067 0.913745 1.10424 1.33966 1.09587 1.12508 1.22104 1.02093 1.15157 1.72139 2.79764 1.22661 1.00675 0.98383 1.5121 2.01411 1.22941 0.978131 1.29363 1.97647 0.964713 0.934122 0.956035 0.98002 0.794565 0.771926 1.40013 1.06599 0.926386 2.64242
threshold=0.99681593486783593 7.5857142857142863 10.15 188.00000000000003 19.215000000000003 28.150000000000002 7.8950000000000005 24.500000000000004 239.50000000000003 0.9980355542543059 11.750000000000002 5.6850000000000014 9.1500000000000004 223.50000000000003 998.87963867187511 252.40000000000003 32.250000000000007 0.99958851518450398 11.050000000000002 322.60000000000008 73.335582733154311 230.50000000000003 5.5550000000000006 27.150000000000002 -0.55499999999999983 2.2000000000000024 12.565000000000003 11.850000000000003 0.99981043035926087 254.37982940673831
decision_type=2 2 2 8 2 2 2 2 2 2 2 2 2 2 2 10 2 2 2 10 2 8 2 2 10 2 2 2 2 2
left_child=-1 13 4 -4 5 6 -3 -7 9 -9 11 -11 -5 14 16 -16 21 18 19 -14 -13 22 23 -2 -20 28 -27 -28 -10 -30
right_child=1 2 3 12 -6 7 -8 8 25 10 -12 20 17 -15 15 -17 -18 -19 24 -21 -22 -23 -24 -25 -26 26 27 -29 29 -31
leaf_value=-4.2199714706490613e-06 0.0041469312345367429 0.00049227862805582747 0.0029168210117487478 -0.0037744376169355819 -0.00095313874551739355 -0.0037467689527543252 0.004292430536387992 -0.00087752779924884323 -0.00075104317812951435 0.0038307230737698664 0.0041502085224877977 0.0019977913106130744 0.00093348076715668951 -0.0010139517914380875 -8.6172272406937882e-05 0.0058368646178463702 0.0031524416151575822 -0.0033188693690018728 0.0032820326271513081 0.0042330717740010557 -0.0011706011109691046 -0.0015634364673866056 -0.0026827173756052438 0.00079819033452916256 -0.0019585034876103027 0.0038050960525938538 -0.0028419698182450851 0.001684693729761785 0.0027884640815630185 -0.0043496998545032167
leaf_weight=282942 57 56 71 372 428 83 50 111 578 62 96 69 119 2634 79 54 55 306 60 51 179 788 111 150 253 79 71 62 159 83
leaf_count=282942 57 56 71 372 428 83 50 111 578 62 96 69 119 2634 79 54 55 306 60 51 179 788 111 150 253 79 71 62 159 83
internal_value=-1.73645e-05 -0.000509147 9.12289e-05 -0.0011039 0.000771005 0.00132911 0.00632075 0.0010049 0.00129438 0.0032205 0.00472906 0.00241935 -0.00151163 -0.00102851 0.000100462 0.00515037 -0.000478037 -0.000500635 0.00090062 0.00441176 0.000846773 -0.000840869 0.00144654 0.00345411 -0.00100639 0.000329456 0.00301887 -0.000112783 -0.000365855 0.0022314
internal_weight=290268 7326 3398 1232 2166 1738 106 1632 1549 517 406 310 1161 3928 1294 133 1161 789 483 170 248 1106 318 207 313 1032 212 133 820 242
internal_count=290268 7326 3398 1232 2166 1738 106 1632 1549 517 406 310 1161 3928 1294 133 1161 789 483 170 248 1106 318 207 313 1032 212 133 820 242
is_linear=0
shrinkage=0.05


end of trees

feature_importances:
doy_sin=1303
doy_cos=938
oni=767
rainfall=572
nearest_hotspot_km=519
pm_hari_ini=505
blh_rerata=502
wind_direction=460
temperature=388
humidity=384
pm_7h_rerata=352
pm_tren=338
wind_speed=328
pm_7h_maks=320
pm_hulu_120km=282
pm_kemarin=246
pm_hulu_60km=202
blh_min=202
pm_3h_rerata=179
hotspot_25km=137
max_frp=56
avg_frp=13
active_fire_days=5
hotspot_10km=2

parameters:
[boosting: gbdt]
[objective: quantile]
[metric: quantile]
[tree_learner: serial]
[device_type: cpu]
[data_sample_strategy: bagging]
[data: ]
[valid: ]
[num_iterations: 300]
[learning_rate: 0.05]
[num_leaves: 31]
[num_threads: 32]
[seed: 42]
[deterministic: 0]
[force_col_wise: 0]
[force_row_wise: 0]
[histogram_pool_size: -1]
[max_depth: -1]
[min_data_in_leaf: 50]
[min_sum_hessian_in_leaf: 0.001]
[bagging_fraction: 0.8]
[pos_bagging_fraction: 1]
[neg_bagging_fraction: 1]
[bagging_freq: 0]
[bagging_seed: 400]
[bagging_by_query: 0]
[feature_fraction: 0.8]
[feature_fraction_bynode: 1]
[feature_fraction_seed: 30056]
[extra_trees: 0]
[extra_seed: 12879]
[early_stopping_round: 0]
[early_stopping_min_delta: 0]
[first_metric_only: 0]
[max_delta_step: 0]
[lambda_l1: 0]
[lambda_l2: 0]
[linear_lambda: 0]
[min_gain_to_split: 0]
[drop_rate: 0.1]
[max_drop: 50]
[skip_drop: 0.5]
[xgboost_dart_mode: 0]
[uniform_drop: 0]
[drop_seed: 17869]
[top_rate: 0.2]
[other_rate: 0.1]
[min_data_per_group: 100]
[max_cat_threshold: 32]
[cat_l2: 10]
[cat_smooth: 10]
[max_cat_to_onehot: 4]
[top_k: 20]
[monotone_constraints: ]
[monotone_constraints_method: basic]
[monotone_penalty: 0]
[feature_contri: ]
[forcedsplits_filename: ]
[refit_decay_rate: 0.9]
[cegb_tradeoff: 1]
[cegb_penalty_split: 0]
[cegb_penalty_feature_lazy: ]
[cegb_penalty_feature_coupled: ]
[path_smooth: 0]
[interaction_constraints: ]
[verbosity: -1]
[saved_feature_importance_type: 0]
[use_quantized_grad: 0]
[num_grad_quant_bins: 4]
[quant_train_renew_leaf: 0]
[stochastic_rounding: 1]
[linear_tree: 0]
[max_bin: 255]
[max_bin_by_feature: ]
[min_data_in_bin: 3]
[bin_construct_sample_cnt: 200000]
[data_random_seed: 175]
[is_enable_sparse: 1]
[enable_bundle: 1]
[use_missing: 1]
[zero_as_missing: 0]
[feature_pre_filter: 1]
[pre_partition: 0]
[two_round: 0]
[header: 0]
[label_column: ]
[weight_column: ]
[group_column: ]
[ignore_column: ]
[categorical_feature: ]
[forcedbins_filename: ]
[precise_float_parser: 0]
[parser_config_file: ]
[objective_seed: 16083]
[num_class: 1]
[is_unbalance: 0]
[scale_pos_weight: 1]
[sigmoid: 1]
[boost_from_average: 1]
[reg_sqrt: 0]
[alpha: 0.9]
[fair_c: 1]
[poisson_max_delta_step: 0.7]
[tweedie_variance_power: 1.5]
[lambdarank_truncation_level: 30]
[lambdarank_norm: 1]
[label_gain: ]
[lambdarank_position_bias_regularization: 0]
[eval_at: ]
[multi_error_top_k: 1]
[auc_mu_weights: ]
[num_machines: 1]
[local_listen_port: 12400]
[time_out: 120]
[machine_list_filename: ]
[machines: ]
[gpu_platform_id: -1]
[gpu_device_id: -1]
[gpu_use_dp: 0]
[num_gpu: 1]

end of parameters

pandas_categorical:[]
