tree
version=v4
num_class=1
num_tree_per_iteration=1
label_index=0
max_feature_idx=24
objective=quantile
feature_names=pm_hari_ini pm_kemarin pm_tren pm_3h_rerata pm_7h_maks pm_7h_rerata hotspot_5km hotspot_10km hotspot_25km nearest_hotspot_km avg_frp max_frp active_fire_days rainfall temperature humidity wind_speed wind_direction pm_hulu_60km pm_hulu_120km blh_rerata blh_min doy_sin doy_cos oni
feature_infos=[0.56000000000000005:1069.3900000000001] [0.5:1069.3900000000001] [-630.92000000000007:599.44000000000005] [0.91999999999999993:836.24000000000012] [2.5499999999999998:1069.3900000000001] [1.8342857142857143:555.27428571428572] [0:91] [0:165] [0:632] [0.10893112421035767:1139.3516845703125] [0:266.80999755859375] [0:954.78997802734375] [0:7] [0:182.30000000000001] [17.899999999999999:37.899999999999999] [23:99] [2.3999999999999999:28.100000000000001] [0:360] [0.5:828.25] [0.5:1069.3900000000001] [17.899999999999999:1061] [10:805] [-0.9999994220246925:0.99998555065071859] [-0.99997919295908233:0.9999907524084426] [-0.96999999999999997:2.0600000000000001]
tree_sizes=2782 2933 2897 2904 2976 2965 2925 2937 2940 2957 2948 2956 2992 2970 2984 2977 2980 2979 3003 2939 2978 2969 2976 2967 2989 2971 2995 2999 2983 3051 3004 3026 3042 3007 3040 3007 3039 3048 3019 3024 3060 3035 3019 3074 3045 3047 3059 3071 3044 3052 3033 3058 3068 3058 3032 3069 3069 3071 3006 3077 3068 3046 3047 3086 3034 3023 3037 3063 3070 3054 3062 3051 3024 3059 3048 3018 3085 3028 3055 3069 3064 3074 3044 3028 3062 3003 3022 3021 3031 3062 3021 3073 3073 3068 3005 3010 3065 3013 3072 3021 3045 3007 3036 3006 3030 3055 3026 3017 2980 3035 2976 2932 3025 3087 2938 2979 3008 3053 3024 3016 3013 2986 3032 2948 2981 3054 2993 3066 2953 3048 3000 3012 3002 2986 2960 3040 3038 3000 2950 2990 2966 2967 3055 2961 2962 3054 2980 2969 2987 3012 2974 3032 2982 2982 2976 3062 2958 3029 2918 2996 2910 2972 2957 3008 3041 2993 3047 2968 3003 2958 2926 2950 2909 2955 2946 2944 3047 2940 2946 3013 3008 2939 2929 3007 2908 2932 2941 2937 3085 3011 2940 2967 3026 2974 2981 2959 2960 2965 2998 2943 2980 2957 3009 3031 2993 2994 2975 2982 3011 2919 2957 2943 2937 2955 3014 2969 2948 2940 2961 2991 2959 3070 2933 2937 2988 3008 3069 3019 3006 2973 2978 2968 3004 2944 2972 2983 3020 2976 2987 2943 2940 2978 2966 2939 2950 2949 2970 3001 2978 2963 2933 3027 2957 2995 2975 2976 2979 2930 2950 2933 2970 2975 2991 2956 2969 2925 2927 2960 2908 2902 2967 2993 2963 2966 2995 2967 3027 2998 2969 3005 2951 2967 2944 2952 2970 2995 2970 3004 2929 3022 2988 3004 2933 2992 2920 3009 2953 2951 3007 2931

Tree=0
num_leaves=31
num_cat=0
split_feature=3 0 3 24 0 0 9 5 13 0 5 5 5 9 5 8 13 13 24 9 24 5 20 22 17 24 17 8 22 8
split_gain=9123.73 1118.36 690.287 173.814 158.723 142.505 96.2157 88.473 77.4487 77.0886 70.5027 54.6125 38.0274 35.5333 34.8645 33.8782 28.1954 25.4186 23.3838 22.8495 21.6712 21.328 21.0541 20.7787 19.7644 19.1291 18.8188 18.683 17.6794 16.6722
threshold=15.658333333333335 22.805000000000003 11.618333333333334 2.0250000000000004 14.305000000000001 15.205000000000002 36.692527770996101 18.457142857142859 0.8500000000000002 10.255000000000001 23.308571428571433 13.61214285714286 14.396428571428574 34.920574188232429 12.183571428571431 3.5000000000000004 0.45000000000000007 3.4500000000000006 inf 55.44726753234864 -0.58499999999999985 10.245000000000003 426.60000000000008 -0.43733984355855576 129.50000000000003 1.4950000000000003 131.50000000000003 12.500000000000002 -0.11692013674435776 6.5000000000000009
decision_type=2 2 2 8 2 2 2 2 2 2 2 2 2 2 2 2 2 2 8 2 10 2 10 2 2 8 2 2 2 2
left_child=2 5 9 10 11 18 15 8 26 21 13 16 25 24 19 28 -4 -12 27 -11 -9 -1 -10 -19 -3 -8 -7 -2 -6 -22
right_child=1 3 4 -5 6 7 12 20 22 14 17 -13 -14 -15 -16 -17 -18 23 -20 -21 29 -23 -24 -25 -26 -27 -28 -29 -30 -31
leaf_value=2.8479513287544251 2.880383780023331 2.9005249195919633 2.873623673438003 2.9760422187605058 2.8880717037542154 2.8837388883475397 2.8715413928031923 2.9103116981325798 2.8811371960394596 2.8679670640852124 2.9310714491215064 2.8754764318466188 2.8807630065904077 2.8957984924316404 2.8740349498397109 2.9044212771225348 2.8653342723846436 2.9199387874306693 2.9177315552357128 2.860268506439128 2.8950547749589832 2.860961949825287 2.8901405096054078 2.9124930177283646 2.9173157345304417 2.881043354034091 2.8952162496524352 2.9110002925900518 2.8761337168453038 2.923031775155664
leaf_weight=173977 4479 414 2766 5415 1872 547 5962 899 4176 7487 2234 6520 1914 2319 2737 775 14295 1549 216 23372 3688 15810 849 662 1324 917 1957 73 790 273
leaf_count=173977 4479 414 2766 5415 1872 547 5962 899 4176 7487 2234 6520 1914 2319 2737 775 14295 1549 216 23372 3688 15810 849 662 1324 917 1957 73 790 273
internal_value=2.8679 2.8935 2.86483 2.90403 2.87127 2.88496 2.8759 2.88778 2.88439 2.8638 2.89957 2.86888 2.87312 2.89481 2.866 2.88299 2.86739 2.90392 2.87761 2.86552 2.89304 2.86341 2.88081 2.90012 2.90021 2.87139 2.89157 2.87685 2.88031 2.89145
internal_weight=290268 31074 259194 13917 35811 17157 12230 12389 7529 223383 8502 23581 8793 4057 33596 3437 17061 4445 4768 30859 4860 189787 5025 2211 1738 6879 2504 4552 2662 3961
internal_count=290268 31074 259194 13917 35811 17157 12230 12389 7529 223383 8502 23581 8793 4057 33596 3437 17061 4445 4768 30859 4860 189787 5025 2211 1738 6879 2504 4552 2662 3961
is_linear=0
shrinkage=1


Tree=1
num_leaves=31
num_cat=0
split_feature=3 0 0 0 5 24 9 5 13 5 5 5 0 22 13 5 13 13 9 24 23 24 9 8 20 5 17 22 23 24
split_gain=8356.28 1101.39 637.082 180.507 172.594 143.046 120.944 68.1241 62.893 55.9073 46.0256 45.8609 42.2386 41.1304 35.6912 35.4195 31.4092 27.6232 23.251 22.769 22.9852 22.2285 21.8417 21.2405 19.7969 20.682 19.0215 16.9466 19.9476 15.986
threshold=15.658333333333335 24.485000000000003 13.225000000000003 18.035000000000004 12.097857142857146 inf 41.095525741577156 21.38571428571429 0.65000000000000002 14.056428571428572 20.605000000000008 8.977857142857145 13.565000000000003 -0.29343379936893921 0.35000000000000003 17.63928571428572 0.95000000000000007 1.0500000000000003 40.221452713012702 1.4950000000000003 0.50370931781787065 inf 39.290842056274421 3.5000000000000004 424.50000000000006 15.843571428571432 127.50000000000001 -0.49064630004295678 -0.12545862287572049 1.1900000000000002
decision_type=2 2 2 2 2 8 2 2 2 2 2 2 2 2 2 2 2 2 2 8 2 8 2 2 10 2 2 2 2 8
left_child=2 3 4 12 11 10 13 8 26 19 18 -1 21 14 -4 17 -12 -14 -3 -8 -21 -2 -13 -6 25 -10 -5 28 -18 -16
right_child=1 5 6 7 23 -7 9 -9 24 -11 16 22 15 -15 29 -17 27 -19 -20 20 -22 -23 -24 -25 -26 -27 -28 -29 -30 -31
leaf_value=-0.019568248219403103 0.011629858892340939 0.045555406083054639 0.025965847189664215 0.018503896971490585 0.0013628602027893066 0.10354753753905073 0.00091373264789580417 0.039867317220927137 0.013519631520605211 0.010979958158493308 0.062993598739480072 -0.0016271311044693038 0.019322194540583839 0.0066385180721807756 0.010377763527891284 0.024452029241075098 0.047602528679525462 0.0095256966104351418 0.024573416344029521 0.013641296927833037 -0.00068564375799126112 0.061812555087715576 -0.0084181922674179122 0.018369374451227286 0.023912221053099581 0.018470293324351905 0.030412560866141747 0.043303161590187891 0.051551535652690807 0.020556851433978604
leaf_weight=164885 2688 979 1386 369 16058 5184 11617 2361 1392 3052 1567 8989 1323 2159 1426 2893 889 2792 976 946 611 115 46138 634 929 2389 1673 1255 1300 1293
leaf_count=164885 2688 979 1386 369 16058 5184 11617 2361 1392 3052 1567 8989 1323 2159 1426 2893 889 2792 976 946 611 115 46138 634 929 2389 1673 1255 1300 1293
internal_value=-0.000113483 0.0243879 -0.00305088 0.0168453 -0.00381498 0.0361358 0.00499111 0.0219121 0.0193557 0.00271293 0.0314556 -0.00418686 0.0121389 0.0108924 0.0138307 0.0142138 0.0339942 0.0112333 0.0249488 0.00130029 0.00697816 0.00695148 -0.0029384 0.00108675 0.0161783 0.0145715 0.0266846 0.031324 0.0286683 0.010502
internal_weight=290268 31074 259194 18924 236704 12150 22490 9113 6752 16226 6966 220012 9811 6264 4105 7008 5011 4115 1955 13174 1557 2803 55127 16692 4710 3781 2042 3444 2189 2719
internal_count=290268 31074 259194 18924 236704 12150 22490 9113 6752 16226 6966 220012 9811 6264 4105 7008 5011 4115 1955 13174 1557 2803 55127 16692 4710 3781 2042 3444 2189 2719
is_linear=0
shrinkage=0.05


Tree=2
num_leaves=31
num_cat=0
split_feature=0 4 3 4 24 0 3 15 20 8 4 15 22 4 24 0 0 8 17 0 22 4 24 4 24 8 22 24 10 24
split_gain=7626.93 884.43 806.173 146.344 138.514 125.711 121.983 82.4828 55.9875 54.4232 41.209 34.1277 39.4762 32.8023 30.5387 28.317 25.6078 23.6919 23.1069 22.6355 26.2115 21.3828 21.0805 21.0769 18.0073 24.2835 23.2026 17.3421 16.5092 16.3772
threshold=16.945000000000004 32.875000000000007 12.550000000000002 21.295000000000005 2.0250000000000004 10.835000000000003 15.433333333333335 56.500000000000007 444.30000000000001 2.5000000000000004 14.615 55.500000000000007 -0.51297808981038739 13.025 inf 14.035000000000002 13.455000000000002 2.5000000000000004 116.50000000000001 44.530000000000008 -0.88622299073327826 26.895000000000003 inf 17.905000000000005 -0.27499999999999997 1.5000000000000002 -0.99866806308218525 1.0350000000000004 2.6207141876220708 inf
decision_type=2 2 2 2 8 2 2 2 10 2 2 2 2 2 8 2 2 2 2 2 2 2 8 2 10 2 2 8 2 8
left_child=2 3 5 8 11 13 9 18 22 16 28 -3 24 -1 15 -8 -4 -12 -5 20 -6 -9 -2 -18 -13 26 -26 -10 -7 -15
right_child=1 4 6 7 19 10 14 21 27 -11 17 12 -14 29 -16 -17 23 -19 -20 -21 -22 -23 -24 -25 25 -27 -28 -29 -30 -31
leaf_value=-0.018226486065630487 0.010630834984204786 0.060156813795690413 0.00098125278949736674 0.026147907186575853 0.039241502655769894 -0.0055505177990396119 0.010668984799300986 0.018304090691203128 0.016596545362515799 0.018562574025264778 0.0020374893684111332 0.040727050746271351 0.043397527711263567 -0.0079925739301785724 0.033936561149827231 0.015051539824641301 0.0041045620019428469 0.019678096567366615 0.033042998795461721 0.10907514533329979 0.060549651467509506 0.025967507326075546 0.028045752954053871 0.010099005815386777 0.036334473643278554 0.062012767064418488 0.036091894158250697 0.029116407751534609 0.0038225303948674519 0.015734214200976714
leaf_weight=165590 4821 2061 9993 386 472 20557 3502 3877 820 1321 9792 675 1667 36484 409 4595 5980 461 2655 3347 1458 2282 100 2374 125 523 1341 701 1662 237
leaf_count=165590 4821 2061 9993 386 472 20557 3502 3877 820 1321 9792 675 1667 36484 409 4595 5980 461 2655 3347 1458 2282 100 2374 125 523 1341 701 1662 237
internal_value=-0.000228721 0.0249202 -0.00284071 0.0171487 0.0353376 -0.00379974 0.0051512 0.0211957 0.0113691 0.00298759 -0.000911864 0.030388 0.0278677 -0.00426326 0.010154 0.00948067 0.00228184 0.00171023 0.0279332 0.0413331 0.0370207 0.017869 0.00877769 0.00432487 0.0240916 0.0216968 0.018397 0.0197535 -0.00212183 -0.00291128
internal_weight=290268 27311 262957 15642 11669 234783 28174 9200 6442 19668 32472 6392 4331 202311 8506 8097 18347 10253 3041 5277 1930 6159 4921 8354 2664 1989 1466 1521 22219 36721
internal_count=290268 27311 262957 15642 11669 234783 28174 9200 6442 19668 32472 6392 4331 202311 8506 8097 18347 10253 3041 5277 1930 6159 4921 8354 2664 1989 1466 1521 22219 36721
is_linear=0
shrinkage=0.05


Tree=3
num_leaves=31
num_cat=0
split_feature=3 0 3 0 0 24 0 9 15 5 8 5 5 4 0 13 5 8 13 5 24 13 24 5 13 0 24 2 17 24
split_gain=6976.07 956.817 640.903 160.334 141.451 137.378 78.2954 69.0799 50.7377 49.3486 44.5465 43.6634 37.9488 35.713 33.227 31.2132 30.279 30.2757 26.2491 24.4193 23.6021 20.956 20.0814 19.3898 19.3382 18.4904 18.4171 17.5132 17.0019 16.5741
threshold=16.10166666666667 26.895000000000003 11.618333333333334 19.425000000000004 14.885000000000003 inf 9.5550000000000015 47.269611358642585 57.500000000000007 13.61214285714286 4.5000000000000009 20.605000000000008 24.625000000000004 14.025 14.885000000000003 0.45000000000000007 19.955000000000005 3.5000000000000004 2.3500000000000001 14.396428571428574 inf 0.55000000000000016 0.095000000000000015 9.0121428571428606 0.25000000000000006 44.530000000000008 1.3150000000000002 -12.044999999999996 84.500000000000014 inf
decision_type=2 2 2 2 2 8 2 2 2 2 2 2 2 2 2 2 2 2 2 2 8 2 10 2 2 2 8 2 2 8
left_child=2 3 6 10 9 12 23 17 28 15 14 -10 24 -8 29 -4 21 26 -14 -9 -15 -16 -13 -1 -3 -7 -6 -20 -5 -2
right_child=1 5 4 8 7 25 13 19 11 -11 -12 22 18 20 16 -17 -18 -19 27 -21 -22 -23 -24 -25 -26 -27 -28 -29 -30 -31
leaf_value=-0.019489419994465653 0.010277113426763476 0.046594656406412721 0.005812004291146311 0.026538128560945326 0.0113540913247438 0.055382053992722981 -0.0069583485784452687 0.0046630228361411365 0.017746059270600394 0.0074115345392469006 0.035757136923998588 0.03391585658106918 0.059734372691008723 -7.5339715294606523e-05 0.01950789303064052 -0.0021084400442051574 0.025552016610658191 0.033400835091995179 0.040199416726161064 0.012236706226021644 0.0306656958369914 0.011159649864348774 0.027259691154147649 -0.0088266238417294019 0.03266772521832316 0.10362138806663479 0.020343539790120747 0.04626943412799206 0.03201175360565281 0.059645857938927183
leaf_weight=146662 3183 532 3189 273 2163 1535 34879 5223 3153 7881 778 1275 1458 12134 1055 15713 1718 733 298 1804 161 3657 659 29547 1561 3347 1202 1526 2832 137
leaf_count=146662 3183 532 3189 273 2163 1535 34879 5223 3153 7881 778 1275 1458 12134 1055 15713 1718 733 298 1804 161 3657 659 29547 1561 3347 1202 1526 2832 137
internal_value=-0.000319499 0.0229567 -0.00290081 0.0162313 0.00311042 0.0352311 -0.00392091 0.00784944 0.021477 0.00114195 0.0121495 0.0184028 0.0297163 -0.00211176 0.0112308 -0.000243891 0.0133281 0.0130088 0.0330713 0.00484061 0.000205367 0.0112564 0.0243175 -0.00440525 0.0244553 0.0413027 0.011003 0.0290735 0.0265137 0.00716867
internal_weight=290268 28977 261291 18720 37908 10257 223383 11125 8192 26783 10528 5087 5375 47174 9750 18902 6430 4098 3282 7027 12295 4712 1934 176209 2093 4882 3365 1824 3105 3320
internal_count=290268 28977 261291 18720 37908 10257 223383 11125 8192 26783 10528 5087 5375 47174 9750 18902 6430 4098 3282 7027 12295 4712 1934 176209 2093 4882 3365 1824 3105 3320
is_linear=0
shrinkage=0.05


Tree=4
num_leaves=31
num_cat=0
split_feature=0 3 5 5 0 15 24 13 5 4 24 5 0 13 24 0 0 9 22 9 8 0 24 22 9 22 24 22 0 20
split_gain=6409.32 868.271 717.119 143.74 127.042 109.526 109.275 69.4227 55.1264 45.4556 39.6057 32.6179 31.9334 31.7168 36.3734 30.9523 30.2822 28.2249 25.8078 24.0882 23.3735 21.1052 20.8708 19.8274 19.4279 18.4431 18.4429 18.4231 16.0868 16.0635
threshold=18.035000000000004 12.550000000000002 24.625000000000004 16.350714285714293 10.255000000000001 57.500000000000007 2.0250000000000004 0.45000000000000007 18.039285714285718 15.875000000000002 1.0350000000000004 8.800714285714287 14.885000000000003 2.3500000000000001 0.53000000000000014 13.125000000000002 44.530000000000008 37.542234420776374 -0.89406062840022227 55.44726753234864 3.5000000000000004 13.455000000000002 1.3150000000000002 -0.86976336936302323 34.920574188232429 -0.93545489084327571 -0.18999999999999997 -0.30163705152652742 22.805000000000003 453.2000000000001
decision_type=2 2 2 2 2 2 8 2 2 2 8 2 2 2 10 2 2 2 2 2 2 2 8 2 2 2 10 2 2 10
left_child=1 4 5 7 11 10 13 21 17 19 20 -1 -9 28 25 -5 18 -7 -8 23 -2 -3 -14 -6 -11 26 -15 -23 -4 -16
right_child=2 3 6 15 9 8 16 12 -10 24 -12 -13 22 14 29 -17 -18 -19 -20 -21 -22 27 -24 -25 -26 -27 -28 -29 -30 -31
leaf_value=-0.018293219716177922 0.018826920237674849 0.0060824808892096516 0.038333225614778754 0.013220639358294968 0.0074938290131531292 0.02477869010524042 0.035701320148589399 0.00096153635992015654 0.023404658703866842 0.010893184252205895 0.035795277687000575 -0.0077802969876930479 0.0045214592226909163 0.040006382101930582 0.033416400315202162 0.018060015402792524 0.098687265000638943 0.010747483036097877 0.054844036980061954 -0.005902304552186855 0.041622118376443883 0.019068901920132993 0.013983582199520311 -0.0021234076277835147 0.0018016365828792662 0.038875666991521431 -0.0041514600848170866 0.0085909638627749401 0.055502992465233325 0.058913901679274017
leaf_weight=149018 1935 1524 294 2583 2131 1440 404 13209 3545 1574 2864 43438 4813 157 892 5243 3307 3552 1269 25981 378 1643 1402 7001 6004 1304 77 1252 1716 318
leaf_count=149018 1935 1524 294 2583 2131 1440 404 13209 3545 1574 2864 43438 4813 157 892 5243 3307 3552 1269 25981 378 1643 1402 7001 6004 1304 77 1252 1716 318
internal_value=-0.000412861 -0.00261559 0.0246478 0.00515662 -0.00366233 0.0172802 0.0350236 0.00322673 0.0138005 -0.00119475 0.0230182 -0.00420969 0.00193987 0.0296049 0.0261135 0.0110363 0.0402008 0.0104147 0.0347191 -0.0019527 0.0181517 0.00888323 0.00489541 0.000256241 0.00231723 0.0312159 0.0182906 0.0113903 0.0343781 0.0196281
internal_weight=290268 266816 23452 31669 235147 13714 9738 23843 8537 42691 5177 192456 19424 4758 2748 7826 4980 4992 1673 35113 2313 4419 6215 9132 7578 1538 234 2895 2010 1210
internal_count=290268 266816 23452 31669 235147 13714 9738 23843 8537 42691 5177 192456 19424 4758 2748 7826 4980 4992 1673 35113 2313 4419 6215 9132 7578 1538 234 2895 2010 1210
is_linear=0
shrinkage=0.05


Tree=5
num_leaves=31
num_cat=0
split_feature=0 3 5 3 5 13 13 13 5 5 0 13 22 0 17 22 9 5 0 0 3 2 17 9 17 2 22 23 22 10
split_gain=5856.43 896.323 627.385 145.507 130.121 98.7929 84.111 64.8069 51.8746 44.3463 41.124 35.8472 35.534 28.989 28.9131 25.7771 25.5393 24.9742 22.9704 22.933 19.6145 17.8614 16.7649 16.3945 15.9634 14.5773 14.3376 14.0453 13.4988 13.4379
threshold=18.675000000000004 12.851666666666668 26.162857142857149 9.5316666666666681 16.963571428571431 0.65000000000000002 2.7500000000000004 0.75000000000000011 18.039285714285718 12.370714285714287 30.275000000000002 0.35000000000000003 -0.93545489084327571 13.125000000000002 112.50000000000001 -0.54220184589352438 33.999828338623054 13.61214285714286 20.825000000000003 8.4450000000000021 77.253333333333345 -10.134999999999996 137.50000000000003 115.39485168457033 139.50000000000003 0.24000000000000113 -0.84315017450793706 -0.42958798411962301 -0.96689237009891416 5.0742855072021493
decision_type=2 2 2 2 2 2 2 2 2 2 2 2 2 2 2 2 2 2 2 2 2 2 2 2 2 2 2 2 2 2
left_child=1 3 5 19 7 14 10 16 15 11 -4 26 21 -6 -2 23 24 -9 -16 -1 -14 -8 -15 -7 -3 -11 -5 -12 -23 -27
right_child=2 4 6 9 13 8 12 17 -10 25 27 -13 20 22 18 -17 -18 -19 -20 -21 -22 28 -24 -25 -26 29 -28 -29 -30 -31
leaf_value=-0.017867674445395876 0.020826518711173581 0.010763115377766573 0.040694670808682581 0.0094192223157437659 0.013567939770036862 0.027396095144206142 0.023700549660383135 0.00085879709814918486 0.024265427273669371 1.9770327537524059e-05 0.089694628452208103 -0.0055100730584059813 0.043174755565463366 0.014216383692614487 0.023118569935956752 0.0086590495861777941 0.0069679483073212707 0.0057724159411373464 0.035877940329098267 -0.0083819795605780904 0.084098518859776317 0.04430357970163791 0.021798269951928032 0.010228760920194306 0.01822949880548258 0.0048039316897842445 0.00038595842846412621 0.06650328315762026 0.042164941758837407 0.024317180599177392
leaf_weight=141440 469 744 979 1354 2100 1608 202 9252 4359 4933 3316 41245 2168 2126 1062 2187 3029 8249 2602 40301 382 351 2902 494 1825 3836 5021 1176 217 339
leaf_count=141440 469 744 979 1354 2100 1608 202 9252 4359 4933 3316 41245 2168 2126 1062 2187 3029 8249 2602 40301 382 351 2902 494 1825 3836 5021 1176 217 339
internal_value=-0.000499161 -0.0025115 0.0245661 -0.00353964 0.00559979 0.0174943 0.0348476 0.00377744 0.0144554 -0.00132897 0.0386575 -0.00194036 0.0285693 0.0115053 0.0238531 0.0105514 0.00846016 0.00227958 0.0253493 -0.00422967 0.0314118 0.0191558 0.013566 0.0145052 0.0121273 0.00186759 0.00154902 0.0406812 0.0236972 0.00404191
internal_weight=290268 268696 21572 238469 30227 12781 8791 23099 8648 56728 5471 47620 3320 7128 4133 4289 5598 17501 3664 181741 2550 770 5028 2102 2569 9108 6375 4492 568 4175
internal_count=290268 268696 21572 238469 30227 12781 8791 23099 8648 56728 5471 47620 3320 7128 4133 4289 5598 17501 3664 181741 2550 770 5028 2102 2569 9108 6375 4492 568 4175
is_linear=0
shrinkage=0.05


Tree=6
num_leaves=31
num_cat=0
split_feature=0 3 5 5 4 24 5 13 13 13 0 0 9 23 5 0 24 0 24 0 15 2 19 24 0 0 17 8 24 17
split_gain=5328.2 762.76 644.866 144.619 105.682 100.174 99.2709 56.4984 50.5729 41.7054 38.0232 37.8715 33.5422 28.7052 25.5043 21.744 20.8647 20.8297 20.4812 19.6582 19.1625 20.5368 18.2935 18.1809 17.7262 16.7877 16.5948 16.3181 16.2899 15.31
threshold=18.335000000000004 12.011666666666668 28.063571428571432 14.396428571428574 25.145000000000003 2.0250000000000004 8.800714285714287 0.75000000000000011 0.35000000000000003 0.65000000000000002 52.645000000000003 14.885000000000003 54.515750885009773 -0.46800559042974538 18.902142857142859 11.325000000000001 inf 13.785000000000002 1.3150000000000002 13.455000000000002 47.500000000000007 -8.9349999999999969 20.675000000000004 inf 8.4450000000000021 22.055000000000003 127.50000000000001 12.500000000000002 inf 116.50000000000001
decision_type=2 2 2 2 2 8 2 2 2 2 2 2 2 2 2 2 8 2 8 2 2 2 2 8 2 2 2 2 8 2
left_child=1 6 4 8 9 20 24 22 19 26 13 23 15 -7 -13 -8 -14 -10 -19 -3 -4 -22 -6 27 -1 -23 -2 -5 -11 -9
right_child=2 3 5 11 7 10 12 29 17 28 -12 14 16 -15 -16 -17 -18 18 -20 -21 21 25 -24 -25 -26 -27 -28 -29 -30 -31
leaf_value=-0.018221667366877425 0.010661173318865609 0.0036666423674206559 0.057768801494544941 0.0080247715491027945 0.032226520463227257 0.054504490125877748 -0.0026706239599348959 0.019808394650916678 -0.0015082014819198608 0.011344895607130576 0.092353087580609783 0.0099996617198337204 -0.0062210720488133026 0.034315817539465041 0.022179802264775884 0.0047474645076583111 0.038825446188345547 0.0018119579277342023 0.010166692965882192 0.013128717089576514 0.033759134963438832 0.027876700299545889 0.039114934626650284 0.033500421789134684 -0.0089223084381981187 0.042939481607804475 0.022824448949373841 0.037082332909119928 0.025239046079330387 0.027880697701261531
leaf_weight=126564 393 1647 414 7777 1646 1229 11785 1404 11785 4512 2855 4675 51295 503 2017 4706 138 6534 1790 2379 826 159 975 323 34243 1967 1748 102 169 3708
leaf_count=126564 393 1647 414 7777 1646 1229 11785 1404 11785 4512 2855 4675 51295 503 2017 4706 138 6534 1790 2379 826 159 975 323 34243 1967 1748 102 169 3708
internal_value=-0.000583738 -0.00254781 0.0227812 0.0039126 0.0165252 0.0342305 -0.00365016 0.020527 0.00152165 0.0119892 0.0390375 0.00778703 -0.00204744 0.0331928 0.0105783 -8.51992e-05 -0.00267659 0.000497537 0.0024123 0.00663686 0.0276797 0.0262669 0.0264956 0.00550963 -0.00432714 0.0288664 0.0177697 0.005033 0.00934522 0.0174667
internal_weight=290268 267760 22508 39029 14555 7953 228731 7733 24135 6822 4587 14894 67924 1732 6692 16491 51433 20109 8324 4026 3366 2952 2621 8202 160807 2126 2141 7879 4681 5112
internal_count=290268 267760 22508 39029 14555 7953 228731 7733 24135 6822 4587 14894 67924 1732 6692 16491 51433 20109 8324 4026 3366 2952 2621 8202 160807 2126 2141 7879 4681 5112
is_linear=0
shrinkage=0.05


Tree=7
num_leaves=31
num_cat=0
split_feature=0 5 5 0 24 0 8 4 9 5 0 5 23 5 13 13 13 15 15 23 24 24 14 4 8 8 24 17 17 9
split_gain=4883.82 740.365 597.127 161.602 100.175 98.2884 85.9102 59.8731 49.9303 49.2664 45.8711 42.3474 29.2927 27.043 27.0228 24.6591 23.9783 21.695 21.4094 20.3379 18.6332 18.4493 18.1747 21.2752 19.9381 16.4364 16.3793 15.6272 14.6567 14.2948
threshold=18.675000000000004 12.563571428571432 28.063571428571432 11.385000000000003 2.0250000000000004 14.035000000000002 3.5000000000000004 25.145000000000003 55.44726753234864 17.63928571428572 52.645000000000003 7.7978571428571444 -0.46800559042974538 16.640714285714292 0.75000000000000011 0.8500000000000002 0.35000000000000003 58.500000000000007 47.500000000000007 -0.86974577485258975 1.3150000000000002 inf 30.050000000000004 59.185000000000009 7.5000000000000009 3.5000000000000004 1.4950000000000003 143.50000000000003 126.50000000000001 18.529972076416019
decision_type=2 2 2 2 8 2 2 2 2 2 2 2 2 2 2 2 2 2 2 2 8 8 2 2 2 2 8 2 2 2
left_child=1 3 6 11 18 13 7 17 16 14 12 -1 -6 -3 27 26 -5 20 -4 -20 -2 29 23 -21 -24 -13 -9 -7 -11 -15
right_child=2 5 4 8 10 9 -8 15 -10 28 -12 25 -14 21 -16 -17 -18 -19 19 22 -22 -23 24 -25 -26 -27 -28 -29 -30 -31
leaf_value=-0.017677232308030311 0.013022689262838101 0.0022762198564074687 0.054888941017896133 0.0094477174365999624 0.051786403873544051 0.008856926011588365 0.041253502526179667 0.020831300368692809 -0.0024872207686302376 0.012470407309054462 0.08773543320157931 -0.0078397970978559828 0.031371799692638092 0.028361373336319624 0.0058342726413337905 0.021962920115741327 0.0022010477240334159 0.010095766140804423 0.050563736034771413 0.033320024309745733 0.02194300104745657 0.040018941909895467 0.032638866133594534 0.024986085699402093 0.075110047921270601 0.0060918788836552351 0.031167624407418399 0.015300603853765568 0.020881012479000351 0.0076510855476792554
leaf_weight=123151 1086 14257 413 2684 1223 922 1957 954 20881 1300 2855 82403 495 487 7339 4338 6273 3520 405 741 849 215 1391 167 227 1299 951 1657 2475 3353
leaf_count=123151 1086 14257 413 2684 1223 922 1957 954 20881 1300 2855 82403 495 487 7339 4338 6273 3520 405 741 849 215 1391 167 227 1299 951 1657 2475 3353
internal_value=-0.00064351 -0.00248117 0.022246 -0.00344629 0.033171 0.0046563 0.0159118 0.0142896 -6.36891e-06 0.00786058 0.0379805 -0.00394249 0.031525 0.00226027 0.00601028 0.0176333 0.00311656 0.0104629 0.0265939 0.0250921 0.0147158 0.00586313 0.0234244 0.0290859 0.0202472 -0.00307472 0.0223753 0.0104129 0.0127219 0.0050651
internal_weight=290268 268696 21572 236691 7917 32005 13655 11698 29838 13693 4573 206853 1718 18312 9918 6243 8957 5455 3344 2931 1935 4055 2526 908 1618 83702 1905 2579 3775 3840
internal_count=290268 268696 21572 236691 7917 32005 13655 11698 29838 13693 4573 206853 1718 18312 9918 6243 8957 5455 3344 2931 1935 4055 2526 908 1618 83702 1905 2579 3775 3840
is_linear=0
shrinkage=0.05


Tree=8
num_leaves=31
num_cat=0
split_feature=0 0 0 4 4 24 4 11 0 0 15 0 8 4 8 15 24 24 23 22 20 15 17 24 14 24 14 8 20 23
split_gain=4442.8 753.695 509.582 150.322 127.83 124.522 68.9047 53.7231 38.9736 38.4449 38.1614 36.5235 33.5998 30.1134 26.7371 26.4087 26.2801 21.4363 20.3342 19.2838 21.0795 17.0359 16.5373 15.4562 14.1007 13.4705 13.6624 15.3166 13.4509 13.8771
threshold=19.425000000000004 12.735000000000001 32.705000000000005 19.045000000000005 14.025 2.0250000000000004 30.225000000000005 5.8450000286102304 8.4450000000000021 9.3550000000000022 58.500000000000007 65.610000000000014 6.5000000000000009 21.585000000000004 14.500000000000002 57.500000000000007 inf inf 0.59003219687534991 -0.83377653105606597 407.40000000000003 53.500000000000007 124.50000000000001 1.4950000000000003 31.250000000000004 -0.60499999999999987 29.650000000000002 9.5000000000000018 573.90000000000009 -0.90892157495189674
decision_type=2 2 2 2 2 8 2 2 2 2 2 2 2 2 2 2 8 8 2 2 10 2 2 8 2 10 2 2 10 2
left_child=1 4 6 7 8 14 10 15 -1 17 23 24 16 -11 28 18 22 -6 -3 20 -8 -10 -5 -2 -7 -21 -27 -28 29 -4
right_child=2 3 5 12 9 11 19 -9 21 13 -12 -13 -14 -15 -16 -17 -18 -19 -20 25 -22 -23 -24 -25 -26 26 27 -29 -30 -31
leaf_value=-0.015808842313782545 0.017762301847365453 0.0079984552924317054 0.050546036440179867 0.0070398199583127513 -0.0064095292261112605 0.050726477762456625 0.019981944108547242 0.01367691997423552 -0.00010260049453378302 -0.00047350051616257066 0.012990842207810946 0.08707946275583639 0.031464781894136873 0.0089821435929258626 0.07735844769937128 0.00045599641548887265 0.028054490925295762 0.036813856829184609 -0.003182854982845729 0.035950349959119512 0.032010975443848171 -0.0075241939386057957 0.012175003523089183 0.026951441419586671 0.050772099658797247 0.029207068353892793 0.020518621610058463 0.040379970275789018 0.047237206744727617 0.031701236697590354
leaf_weight=135300 1849 4183 212 3811 20569 569 863 2006 4895 17642 4468 2312 643 3627 341 16834 650 141 1054 870 980 51801 7415 1405 1401 665 1030 113 448 2171
leaf_count=135300 1849 4183 212 3811 20569 569 863 2006 4895 17642 4468 2312 643 3627 341 16834 650 141 1054 870 980 51801 7415 1405 1401 665 1030 113 448 2171
internal_value=-0.000696564 -0.00236557 0.02223 0.00430703 -0.00340923 0.0325369 0.0159548 0.0019963 -0.00395571 -0.000909861 0.0130847 0.038099 0.0087511 0.000583242 0.0250284 0.00128426 0.00814837 -0.00244327 0.00438514 0.0208571 0.0169208 -0.00285523 0.0075824 0.0172034 0.0330964 0.0235661 0.0211062 0.0177909 0.0234352 0.0219408
internal_weight=290268 270571 19697 36596 233975 7454 12243 24077 191996 41979 7722 4282 12519 21269 3172 22071 11876 20710 5237 4521 1843 56696 11226 3254 1970 2678 1808 1143 2831 2383
internal_count=290268 270571 19697 36596 233975 7454 12243 24077 191996 41979 7722 4282 12519 21269 3172 22071 11876 20710 5237 4521 1843 56696 11226 3254 1970 2678 1808 1143 2831 2383
is_linear=0
shrinkage=0.05


Tree=9
num_leaves=31
num_cat=0
split_feature=0 0 0 4 4 24 4 4 0 0 0 9 20 8 4 8 8 17 24 24 17 22 8 15 23 9 24 22 22 17
split_gain=4062.78 685.949 502.812 129.267 125.013 104.258 78.9619 48.2223 37.9829 36.5006 36.4703 33.9546 33.457 30.3227 28.9066 22.083 19.8162 18.7098 18.5696 17.3472 17.2218 16.4267 15.1291 14.5991 14.577 14.4961 13.7021 13.6358 18.3554 12.9209
threshold=19.425000000000004 12.735000000000001 35.57500000000001 16.965000000000003 13.635000000000003 2.0250000000000004 30.225000000000005 24.635000000000002 65.610000000000014 9.3550000000000022 8.4450000000000021 38.461023330688484 441.60000000000008 2.5000000000000004 21.585000000000004 5.5000000000000009 14.500000000000002 133.50000000000003 -0.58499999999999985 inf 120.50000000000001 -0.30163705152652742 6.5000000000000009 53.500000000000007 -0.92272482904738262 29.536043167114261 inf -0.99940763397299126 -0.83377653105606597 143.50000000000003
decision_type=2 2 2 2 2 8 2 2 2 2 2 2 10 2 2 2 2 2 10 8 2 2 2 2 2 2 8 2 2 2
left_child=1 4 6 13 10 16 11 12 25 19 -1 17 26 21 -11 20 -4 -2 -9 -6 -8 24 -20 -12 -3 -7 -5 -22 -29 -14
right_child=2 3 5 7 9 8 15 18 -10 14 23 -13 29 -15 -16 -17 -18 -19 22 -21 27 -23 -24 -25 -26 -27 -28 28 -30 -31
leaf_value=-0.015154334550968174 0.0127161909302979 0.0082732083384489032 0.036623491632019688 0.0052241468232056693 -0.0062876586889878058 0.049922756532045698 0.022680993322584563 0.02664859236377486 0.082725489618044573 -0.00069278320351732114 -0.00040700551217902331 0.012147731632380178 0.0085177462630150261 0.014940191718356616 0.0085330364132795607 0.046388993831218035 0.073390496730748822 0.023959112574021176 0.013297555065516612 0.034832951809371231 0.026474213642613723 -0.0017958845444117988 0.035168899848885125 -0.0073620792927941454 0.0023948046494911214 0.047176239557657505 0.023068387238141967 0.026080753495093263 0.027330088216821792 0.014038021515232533
leaf_weight=133061 926 392 2227 11147 23493 1121 1158 731 2312 19788 4669 4437 1063 978 3627 775 299 2359 4122 143 153 9513 274 49194 6104 573 165 1176 2181 2107
leaf_count=133061 926 392 2227 11147 23493 1121 1158 731 2312 19788 4669 4437 1063 978 3627 775 299 2359 4122 143 153 9513 274 49194 6104 573 165 1176 2181 2107
internal_value=-0.000757715 -0.00235375 0.0211664 0.00401191 -0.0033494 0.0325077 0.0155393 0.00677775 0.0375237 -0.00104578 -0.00392925 0.0122883 0.00530244 0.000819155 0.000353405 0.0201516 0.0245527 0.0161416 0.010945 -0.00243188 0.0188539 0.000297019 0.00971792 -0.00283154 0.00223522 0.0318359 0.00403023 0.0205983 0.019933 0.00984227
internal_weight=290268 270571 19697 36596 233975 6532 13165 19609 4006 47051 186924 7722 14482 16987 23415 5443 2526 3285 5127 23636 4668 16009 4396 53863 6496 1694 11312 3510 3357 3170
internal_count=290268 270571 19697 36596 233975 6532 13165 19609 4006 47051 186924 7722 14482 16987 23415 5443 2526 3285 5127 23636 4668 16009 4396 53863 6496 1694 11312 3510 3357 3170
is_linear=0
shrinkage=0.05


Tree=10
num_leaves=31
num_cat=0
split_feature=3 0 3 24 0 5 5 0 11 13 5 22 24 9 15 20 13 22 22 9 24 22 4 5 18 15 5 17 22 9
split_gain=3686.43 597.855 546.461 130.846 117.275 79.3451 70.6302 48.7602 42.7594 36.4105 36.1232 34.082 32.7673 28.7031 27.9798 25.513 21.2042 20.7783 18.9044 16.2752 15.4824 15.9471 14.8181 14.7638 13.2545 12.3765 11.8956 11.8397 11.5362 11.3678
threshold=17.891666666666669 32.705000000000005 11.391666666666667 2.0250000000000004 15.365 7.8278571428571455 23.308571428571433 65.610000000000014 11.045000076293947 0.35000000000000003 13.61214285714286 -0.75015329512557205 1.3150000000000002 39.290842056274421 47.500000000000007 573.90000000000009 0.8500000000000002 -0.86976336936302323 -0.99940763397299126 32.260301589965827 inf -0.65234524191686594 20.275000000000002 11.395000000000001 25.580000000000002 61.500000000000007 28.063571428571432 120.50000000000001 -0.8781231054254196 16.007278442382816
decision_type=2 2 2 8 2 2 2 2 2 2 2 2 8 2 2 10 2 2 2 2 8 2 2 2 2 2 2 2 2 2
left_child=2 6 5 15 10 -1 9 19 12 27 16 14 22 17 -8 29 -4 -7 -14 -5 -11 -22 -6 -15 -16 -20 -13 -2 -21 -3
right_child=1 3 4 7 8 13 11 -9 -10 20 -12 26 18 23 24 -17 -18 -19 25 28 21 -23 -24 -25 -26 -27 -28 -29 -30 -31
leaf_value=-0.015089127088410193 0.011243354645664822 0.048073576938950813 0.0035117414903663453 0.04690375707242897 0.0039657686159055086 0.008026618968466126 0.033094652708101031 0.078589215137142343 0.025668264187294232 0.011439796168004161 0.0055293156036583073 0.02396286470084449 0.027065836948978329 -0.0069325903693377121 0.022683309102416602 0.054191994663845083 -0.0019303011671212272 -0.0027883608565445785 0.016708015721895005 0.044902992732788943 0.017876740883476006 0.027972187743294664 0.0086602306170244971 -0.0016884696672816299 0.032592442588246735 0.0071581512792500482 0.029143906731805946 0.020826848802481902 0.041352251788989908 0.028538596112843508
leaf_weight=126404 303 577 5544 1348 6646 3199 346 2312 1079 7508 10630 1145 78 71951 1704 585 17745 9800 2003 190 262 192 2756 8691 625 1207 1011 1992 431 2004
leaf_count=126404 303 577 5544 1348 6646 3199 346 2312 1079 7508 10630 1145 78 71951 1704 585 17745 9800 2003 190 262 192 2756 8691 625 1207 1011 1992 431 2004
internal_value=-0.000812147 0.0186099 -0.0024469 0.0302021 0.00240543 -0.00349849 0.0128884 0.0359017 0.00629712 0.0105406 0.000825642 0.0178731 0.00548463 -0.00239537 0.0141028 0.0224953 -0.000276741 -0.000215018 0.00978102 0.0301193 0.00894122 0.0179075 0.00398213 -0.00274683 0.0121318 0.00919003 0.022551 0.0160893 0.0234219 0.0203584
internal_weight=290268 22535 267733 7447 47688 220045 15088 4281 13769 10257 33919 4831 12690 93641 2675 3166 23289 12999 3288 1969 7962 454 9402 80642 2329 3210 2156 2295 621 2581
internal_count=290268 22535 267733 7447 47688 220045 15088 4281 13769 10257 33919 4831 12690 93641 2675 3166 23289 12999 3288 1969 7962 454 9402 80642 2329 3210 2156 2295 621 2581
is_linear=0
shrinkage=0.05


Tree=11
num_leaves=31
num_cat=0
split_feature=0 3 0 3 4 3 24 11 11 8 4 0 8 8 24 24 22 22 24 0 14 0 8 0 4 24 4 22 24 14
split_gain=3331.8 618.028 457.132 102.523 101.793 98.7333 75.1466 35.0334 33.4397 31.6023 29.2281 26.4648 26.0656 25.8498 21.9279 21.8373 20.435 23.6309 20.5927 17.0874 16.9346 16.6211 16.3776 15.766 13.5671 12.3916 12.1423 11.8184 11.4129 15.4123
threshold=19.855000000000004 12.011666666666668 44.530000000000008 8.0350000000000019 32.875000000000007 15.228333333333335 2.0250000000000004 12.454999923706056 5.7850000858306894 6.5000000000000009 12.725000000000003 85.655000000000015 1.5000000000000002 12.500000000000002 1.4950000000000003 inf -0.88622299073327826 -0.97113884758256674 1.0000000180025095e-35 15.535000000000002 30.750000000000004 13.785000000000002 2.5000000000000004 10.005000000000001 8.8350000000000026 inf 23.725000000000005 -0.98214942551678475 -0.18999999999999997 30.950000000000003
decision_type=2 2 2 2 2 2 8 2 2 2 2 2 2 2 8 8 2 2 10 2 2 2 2 2 2 8 2 2 8 2
left_child=1 3 4 24 12 8 22 10 21 15 -5 20 14 16 -2 19 17 -6 28 -7 -8 -3 -4 -12 -1 -26 -21 -23 29 -18
right_child=2 5 6 7 13 9 11 -9 -10 -11 23 -13 -14 -15 -16 -17 18 -19 -20 26 -22 27 -24 -25 25 -27 -28 -29 -30 -31
leaf_value=-0.01849849758579003 0.010638598928727613 -0.00022890442826866894 0.034006092244244474 -0.0069541325320267786 0.026772057211017514 0.0055646478528291847 0.045128209736709751 0.011221768886438921 0.012529205978907854 0.027782405704957464 -0.0047695812325727043 0.082041142492039226 0.023970808425463466 0.048457919073233817 0.020766980453265846 0.023333661461393422 0.026302610091277219 0.020992104781416235 0.022104032878248157 0.0072648805334929933 0.048307143661785207 0.012359898686458521 0.060921421811050903 -0.00035795748462414751 -0.0104221593848292 0.016364437968851397 0.014114009595596109 0.0030513037046557526 0.032580694093607941 0.014501250306260385
leaf_weight=68739 4504 14936 853 48068 1165 5895 267 1764 2372 729 21490 1618 1668 556 1804 758 723 954 874 4899 1462 730 433 20815 67836 91 2791 9580 1591 303
leaf_count=68739 4504 14936 853 48068 1165 5895 267 1764 2372 729 21490 1618 1668 556 1804 758 723 954 874 4899 1462 730 433 20815 67836 91 2791 9580 1591 303
internal_value=-0.000851077 -0.00225978 0.0195193 -0.00329023 0.0150537 0.00326306 0.0331502 -0.00200121 0.00148671 0.00651805 -0.00213742 0.0370974 0.011324 0.0198784 0.00985415 0.00600188 0.0188592 0.0149858 0.0212103 0.00554104 0.0327964 0.000953417 0.0228771 -0.00117894 -0.00415927 -0.00365812 0.00709363 0.00249757 0.0234295 0.0193177
internal_weight=290268 271493 18775 228803 14142 42690 4633 92137 27618 15072 90373 3347 7976 6166 6308 14343 5610 2119 3491 13585 1729 25246 1286 42305 136666 67927 7690 10310 2617 1026
internal_count=290268 271493 18775 228803 14142 42690 4633 92137 27618 15072 90373 3347 7976 6166 6308 14343 5610 2119 3491 13585 1729 25246 1286 42305 136666 67927 7690 10310 2617 1026
is_linear=0
shrinkage=0.05


Tree=12
num_leaves=31
num_cat=0
split_feature=3 3 5 3 5 3 13 9 13 8 8 13 24 17 13 5 5 24 5 23 20 24 2 18 22 19 22 23 5 22
split_gain=2989.96 490.078 489.458 132.354 82.7682 79.8615 54.0872 39.5095 33.4742 33.3055 31.4341 27.1636 21.0453 19.0806 19.0046 19.0668 18.8817 18.4784 17.428 16.6108 16.2544 15.8285 13.9853 13.8761 13.5921 13.4023 12.8888 12.6319 12.4384 12.2361
threshold=18.265000000000004 11.391666666666667 52.487142857142864 25.901666666666674 7.889285714285716 14.681666666666668 0.65000000000000002 35.772695541381843 0.35000000000000003 4.5000000000000009 5.5000000000000009 0.65000000000000002 1.7100000000000002 130.50000000000003 1.0000000180025095e-35 14.056428571428572 11.126428571428574 0.53000000000000014 30.295000000000005 -0.48313741114591585 439.10000000000008 2.0250000000000004 -0.39000000000000029 9.2050000000000018 -0.861146256326485 37.785000000000004 -0.89406062840022227 0.16587474750015932 16.640714285714292 -0.63921128368950708
decision_type=2 2 2 2 2 2 2 2 2 2 2 2 8 2 2 2 2 10 2 2 10 8 2 2 2 2 2 2 2 2
left_child=1 4 3 10 23 9 12 25 27 14 13 26 -5 -2 -3 -16 -13 18 -8 -9 -19 22 -15 -1 -23 -4 -6 -7 -10 -14
right_child=2 5 7 6 11 8 17 19 28 -11 -12 16 29 21 15 -17 -18 20 -20 -21 -22 24 -24 -25 -26 -27 -28 -29 -30 -31
leaf_value=-0.014875623507082027 0.0090417502200766785 0.0067315458818503664 0.06459723267298205 0.02829056389004056 0.0077415243294568677 0.016601962839464683 0.022373126058641824 0.057003340912323099 0.0044406657037942329 0.018006369281026995 0.030048353687831778 -0.00667671410576665 0.040694978105398287 0.011439778430919723 -0.00058714665157770215 0.0047819913104977831 -0.0012630569436033277 0.015853843729682474 0.026202942994957647 0.043869670201319697 0.031177054047778111 0.0036845128650634922 0.016081432483010066 -0.0075048773713703556 0.027023372846428861 0.073140011795458412 -0.0011487111656269902 0.0048783455513724018 0.009864746472200767 0.04692659943805115
leaf_weight=110035 3166 2314 893 886 1941 2174 1439 251 8788 1136 986 68092 1095 2730 24658 5527 11524 1159 1743 556 638 134 3012 18670 702 1549 9783 562 3633 492
leaf_count=110035 3166 2314 893 886 1941 2174 1439 251 8788 1136 986 68092 1095 2730 24658 5527 11524 1159 1743 556 638 134 3012 18670 702 1549 9783 562 3633 492
internal_value=-0.000897758 -0.00233054 0.0170755 0.0138813 -0.0033358 0.00220302 0.0190003 0.0349508 0.0052164 0.000845101 0.0103262 -0.0021847 0.0250445 0.00946531 0.000550939 0.000216166 -0.00251558 0.0159982 0.0182872 0.0253594 0.0119449 0.0110003 0.0100644 -0.00415271 0.0174282 0.0381204 6.22642e-05 0.010223 0.0041136 0.0284909
internal_weight=290268 268837 21431 18182 220045 48792 7452 3249 15157 33635 10730 91340 2473 9744 32499 30185 79616 4979 3182 807 1797 6578 5742 128705 836 2442 11724 2736 12421 1587
internal_count=290268 268837 21431 18182 220045 48792 7452 3249 15157 33635 10730 91340 2473 9744 32499 30185 79616 4979 3182 807 1797 6578 5742 128705 836 2442 11724 2736 12421 1587
is_linear=0
shrinkage=0.05


Tree=13
num_leaves=31
num_cat=0
split_feature=5 5 5 5 5 18 24 24 13 13 8 15 22 14 13 5 24 18 1 9 24 2 22 9 24 22 23 22 17 22
split_gain=2583.92 477.22 475.053 89.3923 82.3971 78.6577 65.4922 49.3086 48.5982 36.5708 35.5505 32.2478 34.6794 30.9492 23.8395 22.9827 19.2011 18.9492 18.5101 18.1686 18.0867 17.0499 16.3573 15.4179 15.0799 15.4502 34.4744 25.1257 14.1561 12.8191
threshold=18.039285714285718 42.062857142857148 11.467857142857145 7.5578571428571442 26.162857142857149 15.585000000000003 2.0250000000000004 1.4950000000000003 0.95000000000000007 0.55000000000000016 3.5000000000000004 48.500000000000007 -0.76141707087277943 30.550000000000004 0.15000000000000005 14.396428571428574 1.6100000000000003 13.255000000000001 124.20500000000003 45.405416488647468 inf 5.0900000000000034 -0.861146256326485 902.01257324218761 -0.089999999999999983 -0.98214942551678475 -0.14250536273956091 -0.90163369914317015 136.50000000000003 -0.88622299073327826
decision_type=2 2 2 2 2 2 8 8 2 2 2 2 2 2 2 2 10 2 2 2 8 2 2 2 10 2 2 2 2 2
left_child=2 4 3 -1 9 10 19 14 17 -2 15 -6 21 -8 -7 -4 -9 -5 29 -3 22 -13 24 -11 -10 26 -26 -27 -14 -15
right_child=1 6 5 8 11 7 13 16 20 23 -12 12 28 18 -16 -17 -18 -19 -20 -21 -22 -23 -24 -25 25 27 -28 -29 -30 -31
leaf_value=-0.01372802542167988 0.021847567723534602 0.052299769140000611 1.3975310964635231e-05 -0.0010253393796222313 0.034234398010462713 0.016358897382216808 0.047655447793622865 0.022089380333821528 -0.0049189615675116864 0.011790884072555361 0.01399552227678888 0.019137285563974989 0.019701839726154788 0.03650358551891391 0.0045419826154419465 0.004481465165753552 0.012269954126475226 0.0049692787490156279 0.085743079278333953 0.021319234195248948 0.010282579692600163 0.031399967901096018 -0.0067896457114579485 0.02058621497506128 0.021639874351246174 -0.0076111473857317499 0.0029669595948387628 0.01121020000729922 0.026097287975702523 0.054406678400209699
leaf_weight=116078 2575 637 23606 15331 801 1105 465 1505 10093 8294 1721 1744 820 623 6877 9547 1472 3367 754 315 285 622 75792 317 135 1296 341 536 1619 1595
leaf_count=116078 2575 637 23606 15331 801 1105 465 1505 10093 8294 1721 1744 820 623 6877 9547 1472 3367 754 315 285 622 75792 317 135 1296 341 536 1619 1595
internal_value=-0.000939616 0.0158748 -0.00226315 -0.00321504 0.0120379 0.00237351 0.0305548 0.00606853 -0.00217381 0.00955838 0.00121236 0.0169854 0.015437 0.0337693 0.00402029 0.00084864 0.0115603 0.00014226 0.035646 0.0189496 -0.00266326 0.0111243 -0.0027039 0.00799501 -0.00102048 0.00262565 0.0106513 0.000540392 0.0196207 0.0333454
internal_weight=290268 21181 269087 223254 16792 45833 4389 10959 107176 11186 34874 5606 4805 3437 7982 33153 2977 18698 2972 952 88478 2366 88193 8611 12401 2308 476 1832 2439 2218
internal_count=290268 21181 269087 223254 16792 45833 4389 10959 107176 11186 34874 5606 4805 3437 7982 33153 2977 18698 2972 952 88478 2366 88193 8611 12401 2308 476 1832 2439 2218
is_linear=0
shrinkage=0.05


Tree=14
num_leaves=31
num_cat=0
split_feature=0 0 0 4 5 5 0 9 5 11 8 22 22 9 20 15 17 15 22 0 20 5 5 4 0 11 17 17 5 11
split_gain=2463.77 498.649 398.559 117.231 83.8511 79.2116 44.9895 37.249 34.5406 32.9792 27.0655 23.3565 23.3178 22.7133 21.4171 18.871 18.3354 16.6002 16.0222 14.5512 13.7885 13.2481 12.0556 11.374 10.9779 10.8147 11.205 10.0904 9.91955 9.62639
threshold=20.335000000000004 11.595000000000001 52.645000000000003 19.045000000000005 7.7064285714285736 28.063571428571432 85.655000000000015 51.784955978393562 13.220714285714289 8.5650000572204608 6.5000000000000009 -0.86976336936302323 -0.88622299073327826 23.645804405212406 593.00000000000011 51.500000000000007 137.50000000000003 54.500000000000007 -0.93545489084327571 6.8950000000000005 441.60000000000008 20.605000000000008 52.487142857142864 102.57500000000002 14.585000000000003 12.454999923706056 149.50000000000003 147.50000000000003 18.457142857142859 8.3649997711181658
decision_type=2 2 2 2 2 2 2 2 2 2 2 2 2 2 10 2 2 2 2 2 10 2 2 2 2 2 2 2 2 2
left_child=1 4 5 7 19 9 13 11 15 17 16 -3 14 -4 -7 -6 -5 -2 29 -1 21 -18 -14 -10 -9 26 -17 -11 -19 -8
right_child=2 3 6 10 8 12 18 24 23 27 -12 -13 22 -15 -16 25 20 28 -20 -21 -22 -23 -24 -25 -26 -27 -28 -29 -30 -31
leaf_value=-0.015901402764898088 0.017789828532329629 0.009698692868037425 0.044710677680432361 0.0049768854947394607 0.0017419117227966297 0.021379596548549974 0.040352348886575122 -0.0017873970486093696 0.0018519935513391724 0.02001955521742764 0.026704136880114873 0.0028638783063849533 0.02558697437433452 0.035724153999592549 0.037045245598278674 -0.0075485640276512951 0.0067535631908747845 0.0084565027302366102 0.06954057095069964 -0.0084966930759263672 0.013366978995778095 0.017107947134294994 0.039785763783821336 0.058403997993852909 0.0019347001901523454 0.0058748697432600199 -0.0044557175209092876 0.031800841780045538 0.014371097976914543 0.082737193782961516
leaf_weight=81528 2146 3153 1047 6244 3489 1215 134 17747 7290 638 832 8483 2311 786 437 35886 6113 2696 1617 38672 2157 1276 266 74 7081 1154 51285 1117 3321 73
leaf_count=81528 2146 3153 1047 6244 3489 1215 134 17747 7290 638 832 8483 2311 786 437 35886 6113 2696 1617 38672 2157 1276 266 74 7081 1154 51285 1117 3321 73
internal_value=-0.000969243 -0.00214678 0.0170512 0.00220152 -0.003199 0.0132477 0.0317651 0.000615126 -0.00212285 0.0108046 0.00568163 0.00294947 0.0189773 0.026233 0.0143402 -0.00238711 0.00521849 0.00946772 0.0373246 -0.00408694 0.00659648 0.00556976 0.0219499 0.00117192 -0.000478896 -0.00252958 -0.00259324 0.0170228 0.00812116 0.0242271
internal_weight=290268 272464 17804 53086 219378 14147 3657 36464 99178 9918 16622 11636 4229 1833 1652 91814 15790 8163 1824 120200 9546 7389 2577 7364 24828 88325 87171 1755 6017 207
internal_count=290268 272464 17804 53086 219378 14147 3657 36464 99178 9918 16622 11636 4229 1833 1652 91814 15790 8163 1824 120200 9546 7389 2577 7364 24828 88325 87171 1755 6017 207
is_linear=0
shrinkage=0.05


Tree=15
num_leaves=31
num_cat=0
split_feature=0 5 0 0 0 0 24 13 0 5 24 22 8 13 24 17 24 5 5 13 8 5 24 22 23 9 22 23 22 9
split_gain=2204.76 457.926 378.475 111.814 73.5455 61.602 51.0533 50.755 32.7676 25.3469 24.6057 24.1716 23.8195 23.0705 20.1073 20.0466 17.3458 17.0397 16.6015 15.7627 15.687 14.5144 14.4281 13.9016 17.5855 17.7148 13.9231 13.854 13.8114 13.5521
threshold=20.335000000000004 11.847857142857146 52.645000000000003 7.8450000000000006 30.275000000000002 15.535000000000002 2.0250000000000004 0.8500000000000002 126.53000000000002 16.640714285714292 1.3150000000000002 -0.98523971305672675 2.5000000000000004 1.0000000180025095e-35 inf 151.50000000000003 -0.43999999999999995 6.7235714285714296 23.308571428571433 0.25000000000000006 14.500000000000002 9.3550000000000022 1.4950000000000003 0.97875492728876534 0.097680735332368748 190.46273040771487 -0.91597725483594616 -0.45273527932988084 -0.75015329512557205 18.529972076416019
decision_type=2 2 2 2 2 2 8 2 2 2 8 2 2 2 8 2 8 2 2 2 2 2 8 2 2 2 2 2 2 2
left_child=1 3 4 17 13 9 20 15 19 -3 -7 -12 -6 -2 21 -5 -17 -1 22 -8 -4 -9 -15 26 -25 -26 -18 -13 -20 -11
right_child=2 5 6 7 12 10 8 14 -10 29 11 27 -14 18 -16 16 23 -19 28 -21 -22 -23 -24 24 25 -27 -28 -29 -30 -31
leaf_value=-0.016120171702762698 0.021914637561417302 0.0010611818629113483 0.034675566466587683 -0.0027775762591672956 0.02218514723266965 0.0057044208258389545 0.048559826228893987 -0.0069185815255566295 0.076830720287586307 0.020771963701566896 0.02585060654693316 0.014452544763111292 0.03548102031927549 0.0082679988136985585 0.010046401845293628 -0.0076028176975812102 0.0091999715529405921 -0.0082316286443629982 0.019992451600253494 0.037371648883673926 0.062228335505767111 -0.0029726048767069694 0.017724604126410911 0.00087599044334126484 0.019255617144865265 0.0013554613197698136 0.0019519364188366134 0.0062204502107694199 0.019453070157809144 0.006367643081717546
leaf_weight=73439 1291 25398 651 7851 3305 8784 791 47193 815 779 561 2158 1429 3934 370 1425 1443 56474 1248 1279 121 31750 1777 316 230 109 7970 1479 1163 4735
leaf_count=73439 1291 25398 651 7851 3305 8784 791 47193 815 779 561 2158 1429 3934 370 1425 1443 56474 1248 1279 121 31750 1777 316 230 109 7970 1479 1163 4735
internal_value=-0.00100111 -0.00211503 0.0160458 -0.0030133 0.0123394 0.00256254 0.0303842 -0.00174428 0.0334402 0.00134867 0.00545293 0.00860171 0.0174229 0.00978275 -0.00230435 0.000552108 0.00188245 -0.00397701 0.00879586 0.0300966 0.0189637 -0.00235886 0.00732709 0.00261323 0.00965649 0.0175664 0.00212313 0.00711163 0.012275 0.00442147
internal_weight=290268 272464 17804 228570 14147 43894 3657 98657 2885 30912 12982 4198 4734 9413 79313 19344 11493 129913 8122 2070 772 78943 5711 10068 655 339 9413 3637 2411 5514
internal_count=290268 272464 17804 228570 14147 43894 3657 98657 2885 30912 12982 4198 4734 9413 79313 19344 11493 129913 8122 2070 772 78943 5711 10068 655 339 9413 3637 2411 5514
is_linear=0
shrinkage=0.05


Tree=16
num_leaves=31
num_cat=0
split_feature=0 0 0 4 5 4 0 8 24 5 24 8 9 5 15 19 24 0 8 15 17 9 20 17 5 17 15 9 4 24
split_gain=1951.78 453.471 348.807 109.649 77.8783 55.4521 53.6566 42.1683 26.6951 26.411 25.7923 22.679 18.75 17.7474 17.6936 17.2449 17.1845 13.7338 13.4975 12.3992 12.1054 11.5472 10.9592 10.8172 10.6855 10.2026 9.70802 9.46471 9.4111 9.18166
threshold=20.825000000000003 11.325000000000001 52.645000000000003 16.615000000000006 7.4092857142857156 31.495000000000001 126.53000000000002 6.5000000000000009 1.3150000000000002 12.370714285714287 2.0250000000000004 2.5000000000000004 115.39485168457033 17.289285714285715 51.500000000000007 15.415000000000001 1.4950000000000003 6.6550000000000011 14.500000000000002 56.500000000000007 147.50000000000003 29.536043167114261 473.00000000000006 149.50000000000003 30.295000000000005 145.50000000000003 47.500000000000007 55.44726753234864 102.57500000000002 1.8750000000000002
decision_type=2 2 2 2 2 2 2 2 8 2 8 2 2 2 2 2 8 2 2 2 2 2 10 2 2 2 2 2 2 8
left_child=1 4 5 12 17 16 10 8 13 14 18 24 19 20 -6 27 26 -1 -4 -3 -5 -12 -22 -16 -7 -18 -2 -10 -11 -8
right_child=2 3 6 7 9 11 29 -9 15 28 21 -13 -14 -15 23 -17 25 -19 -20 -21 22 -23 -24 -25 -26 -27 -28 -29 -30 -31
leaf_value=-0.015247255670437942 0.018513845530475134 0.0046591697725148788 0.031526947786111502 0.00023571435122579328 0.0016496378834436913 0.017100229304727644 0.054871236848305929 0.024239323373883237 0.0099657715056581386 0.00023253996123976059 0.042468552213700626 0.033178895289933216 -0.0029446603621734093 0.0081123411221642999 -0.007197219994393305 0.015283276356724981 0.011613324005677774 -0.008301219516244655 0.05894010321232665 2.1039944205473386e-05 0.0033947229532075469 0.034271752361073667 0.009172084659822546 -0.0043658040084912034 0.022915930558658124 0.02264354319669833 0.0087334486119859025 0.0023513822011161757 0.054305200167633794 0.072980001454668458
leaf_weight=73128 207 4447 595 6278 3494 2923 68 1200 3287 9935 1453 1991 12972 4280 38193 2589 787 35719 107 12223 7914 617 1143 54597 2392 1175 3749 1918 70 817
leaf_count=73128 207 4447 595 6278 3494 2923 68 1200 3287 9935 1453 1991 12972 4280 38193 2589 787 35719 107 12223 7914 617 1143 54597 2392 1175 3749 1918 70 817
internal_value=-0.00102695 -0.00204576 0.0154727 0.00186769 -0.00310539 0.0116931 0.02914 0.00407581 0.00367416 -0.0021427 0.0257179 0.0146072 -0.000263479 0.00269054 -0.00239676 0.0061496 0.00809564 -0.00404545 0.0174359 0.00084583 0.00189599 0.0285266 0.00306558 -0.00252829 0.0129022 0.0119215 0.00619818 0.00449087 0.000302348 0.0398588
internal_weight=290268 273387 16881 58251 215136 13224 3657 28609 27409 106289 2772 7306 29642 19615 96284 7794 5918 108847 702 16670 15335 2070 9057 92790 5315 1962 3956 5205 10005 885
internal_count=290268 273387 16881 58251 215136 13224 3657 28609 27409 106289 2772 7306 29642 19615 96284 7794 5918 108847 702 16670 15335 2070 9057 92790 5315 1962 3956 5205 10005 885
is_linear=0
shrinkage=0.05


Tree=17
num_leaves=31
num_cat=0
split_feature=0 5 5 0 0 0 0 13 13 15 5 4 13 15 0 5 22 22 13 5 23 23 22 23 9 22 9 17 15 22
split_gain=1745.93 404.548 330.584 85.5499 66.3333 62.6754 55.053 34.8612 31.9692 25.1539 24.0496 20.8131 19.098 18.8723 18.8635 16.1222 15.7049 20.7908 15.4789 15.2621 13.5638 12.3018 12.135 12.1023 11.8221 11.33 11.2976 15.2751 10.8418 10.7427
threshold=18.335000000000004 36.575714285714291 10.245000000000003 85.655000000000015 13.345000000000001 7.8450000000000006 25.575000000000003 1.0000000180025095e-35 0.95000000000000007 52.500000000000007 14.396428571428574 23.725000000000005 0.25000000000000006 54.500000000000007 126.53000000000002 6.420714285714288 -0.88622299073327826 -0.91597725483594616 1.0000000180025095e-35 72.547142857142873 -0.73865259438682551 -0.46800559042974538 0.97508442350096236 0.097680735332368748 30.456964492797855 -0.048361574224334618 188.6065368652344 241.50000000000003 46.500000000000007 -0.91597725483594616
decision_type=2 2 2 2 2 2 2 2 2 2 2 2 2 2 2 2 2 2 2 2 2 2 2 2 2 2 2 2 2 2
left_child=2 6 5 7 10 15 12 21 22 -6 24 25 -2 -8 -5 -1 17 19 -12 -9 -18 -3 29 -24 -4 -11 27 -25 -23 -7
right_child=1 3 4 14 9 8 13 16 -10 11 18 -13 -14 -15 -16 -17 20 -19 -20 -21 -22 28 23 26 -26 -27 -28 -29 -30 -31
leaf_value=-0.01545778374079787 0.014694362704315532 0.043169929161155834 0.0023823899963309044 0.043933034537192585 0.012910470184478605 0.0045944313008700177 0.023741463150319143 0.024512860681639669 -0.0056903344343533016 0.0042392175852265087 0.021423397588527696 0.0098619747591039853 0.0085031096987558102 0.017091360451407658 0.068095109701800355 -0.007944794791609559 0.021132291674485632 0.0041854529379059448 0.003144115266719481 0.03648875310367173 0.03253138274097099 0.04470865560065735 0.00027000221225900018 0.0082549047761342077 -0.0020562943240845814 0.00027537052460881677 0.0004043277639253067 0.019565912444039369 0.008159924250911289 -0.0014430028073268331
leaf_weight=64876 2135 482 5266 896 2614 2006 2330 698 59898 9394 391 3744 8831 4050 884 60908 395 313 7043 230 1109 83 476 107 31534 7134 136 170 72 12063
leaf_count=64876 2135 482 5266 896 2614 2006 2330 698 59898 9394 391 3744 8831 4050 884 60908 395 313 7043 230 1109 83 476 107 31534 7134 136 170 72 12063
internal_value=-0.0010521 0.0123227 -0.00217639 0.0246106 0.000861143 -0.00319254 0.00866597 0.0199409 -0.002047 0.0030464 -0.000269477 0.00245116 0.00651742 0.0123589 0.0334831 -0.00387426 0.0174954 0.013332 0.00232445 0.0170905 0.0209308 0.0304788 2.07235e-05 0.00568616 -0.000793479 0.00168865 0.0119492 0.0177437 0.0182258 -0.000337268
internal_weight=290268 22508 267760 5162 67120 200640 17346 3382 74856 22886 44234 20272 10966 6380 1780 125784 2745 1241 7434 928 1504 637 14958 889 36800 16528 413 277 155 14069
internal_count=290268 22508 267760 5162 67120 200640 17346 3382 74856 22886 44234 20272 10966 6380 1780 125784 2745 1241 7434 928 1504 637 14958 889 36800 16528 413 277 155 14069
is_linear=0
shrinkage=0.05


Tree=18
num_leaves=31
num_cat=0
split_feature=3 0 0 4 0 0 0 8 4 22 17 8 24 22 24 8 8 15 15 22 10 24 22 4 16 21 15 24 24 24
split_gain=1565.41 363.663 308.553 81.8187 71.9975 55.7839 53.7097 28.5546 27.6337 24.7419 24.7336 23.4246 21.1327 19.6031 17.656 16.5327 14.7752 14.2135 13.5252 13.4638 13.1619 11.558 15.2258 11.4265 10.9506 9.75064 9.63046 9.39777 9.81753 9.33494
threshold=19.635000000000002 11.195000000000002 52.645000000000003 17.505000000000006 6.8950000000000005 126.53000000000002 30.275000000000002 7.5000000000000009 11.865 -0.30163705152652742 136.50000000000003 6.5000000000000009 1.4950000000000003 -0.99275805973510278 2.0250000000000004 5.5000000000000009 2.5000000000000004 61.500000000000007 50.500000000000007 -0.33425342068356556 4.3643748760223398 -0.58499999999999985 -0.92923668111203805 8.8350000000000026 11.450000000000001 112.50000000000001 45.500000000000007 0.05000000000000001 -0.42499999999999993 -0.43999999999999995
decision_type=2 2 2 2 2 2 2 2 2 2 2 2 8 2 8 2 2 2 2 2 2 10 2 2 2 8 2 10 10 8
left_child=1 4 6 9 23 11 15 10 25 19 -5 14 24 -14 -4 21 -8 -15 -10 20 -3 22 -2 -1 -12 29 -16 28 -21 -6
right_child=2 3 5 7 8 -7 16 -9 18 -11 12 -13 13 17 26 -17 -18 -19 -20 27 -22 -23 -24 -25 -26 -27 -28 -29 -30 -31
leaf_value=-0.015571728221513093 -0.0094515314336067347 0.0010301566855993385 0.026803684850173211 0.0021868491867309187 -0.009003658741054325 0.064689689285197319 0.018806501256827337 0.025566704766883754 0.0058101546105288728 -0.0019657267861488913 0.0037066238610390595 0.044669334640177201 0.024375640477553969 0.013754277698585966 0.038174055353882588 0.024273852574724735 0.030442497676331944 0.0043500914360462177 -0.0025470088950717219 -0.0099554311752111067 0.0090839819227992013 0.010124944028877026 0.018688477316495575 -0.0085105632953473113 0.008006155735105892 -0.0092786938891487088 0.031266388241667012 0.00020937796434800841 0.0108738821607854 -0.0043388218778995236
leaf_weight=54043 159 12629 536 8478 11720 885 3266 876 1454 20797 7001 884 344 1870 207 1041 1417 1158 43972 50 1791 7090 1599 48661 3986 13862 1145 150 217 38980
leaf_count=54043 159 12629 536 8478 11720 885 3266 876 1454 20797 7001 884 344 1870 207 1041 1417 1158 43972 50 1791 7090 1599 48661 3986 13862 1145 150 217 38980
internal_value=-0.00106519 -0.00201569 0.0131195 0.00144514 -0.00298135 0.0261047 0.00986069 0.00372095 -0.00209241 -6.9317e-05 0.00338113 0.0226154 0.00464552 0.00810795 0.0194703 0.00777177 0.0142718 0.00682298 -0.00114758 0.00149053 0.0012344 0.00707052 0.0106997 -0.00393334 0.00358287 -0.0027572 0.0225148 0.0103477 0.0159738 -0.0024359
internal_weight=290268 272039 18229 59347 212692 3657 14572 23713 109988 35634 22837 2772 14359 3372 1888 9889 4683 3028 45426 14837 14420 8848 1758 102704 10987 64562 1352 417 267 50700
internal_count=290268 272039 18229 59347 212692 3657 14572 23713 109988 35634 22837 2772 14359 3372 1888 9889 4683 3028 45426 14837 14420 8848 1758 102704 10987 64562 1352 417 267 50700
is_linear=0
shrinkage=0.05


Tree=19
num_leaves=31
num_cat=0
split_feature=3 4 3 4 4 13 4 23 13 22 13 24 13 18 24 2 24 24 1 22 23 24 15 8 9 23 22 24 20 22
split_gain=1378.11 313.567 279.852 81.8949 57.9164 53.1419 52.7373 40.0018 26.3962 24.395 23.1491 28.031 20.0704 19.9214 17.6603 17.428 16.753 16.467 15.7456 14.7292 41.9534 21.8235 14.2691 13.9415 11.6301 11.4878 11.4721 11.26 11.2231 11.1889
threshold=17.891666666666669 102.57500000000002 10.351666666666668 36.055000000000007 9.9550000000000018 0.25000000000000006 17.505000000000006 -0.46800559042974538 0.35000000000000003 -0.8041866928211282 0.75000000000000011 inf 0.35000000000000003 30.875000000000004 -0.13999999999999999 -4.0299999999999976 inf 1.3800000000000001 124.20500000000003 -0.98214942551678475 -0.15950993297387572 -0.43999999999999995 58.500000000000007 14.500000000000002 99.37970352172853 -0.40613878790836594 -0.99275805973510278 -0.58499999999999985 407.40000000000003 -0.75015329512557205
decision_type=2 2 2 2 2 2 2 2 2 2 2 8 2 2 8 2 8 8 2 2 2 10 2 2 2 2 2 10 10 2
left_child=2 3 4 17 -1 13 12 9 -8 -3 -6 19 -4 -5 -9 29 -10 -2 25 20 21 -12 -19 -11 -23 28 -22 -28 -16 -7
right_child=1 7 6 5 10 15 8 14 16 23 11 -13 -14 -15 18 -17 -18 22 -20 -21 26 24 -24 -25 -26 -27 27 -29 -30 -31
leaf_value=-0.010889168674747651 0.0072155069076431421 0.05887911889665394 0.0031410504548939847 0.025535351316181277 -4.8377807474518186e-05 0.010772699009813744 0.01019778705493265 0.010979163747799114 0.0028483491616058901 0.03361255052616529 -0.0040577597238448627 0.019148984329007142 -0.0014594498026559556 0.034236506459699972 0.0040547950242929842 0.020822689681793738 0.019467244185173944 0.015385704066885261 0.06221472319666619 -0.0057423321379262912 -0.0056194302028871775 0.019585867232765179 0.0079481881150654295 0.053854735976060268 0.011532008017733873 0.035716389492935215 -0.020065127465503572 0.011420709388751856 0.026722002690888869 0.015387393126301309
leaf_weight=101549 7488 748 6498 941 11354 1552 3636 128 20834 519 119 257 35237 949 169 3753 571 2275 305 83341 3089 167 1758 232 85 524 295 701 127 1067
leaf_count=101549 7488 748 6498 941 11354 1552 3636 128 20834 519 119 257 35237 949 169 3753 571 2275 305 83341 3089 167 1758 232 85 524 295 701 127 1067
internal_value=-0.00107518 0.0107999 -0.0020747 0.00860006 -0.00300654 0.0123989 0.000729602 0.0266134 0.00254363 0.0321247 -0.00214862 -0.00242261 -0.000358813 0.0197619 0.02002 0.010215 0.00187456 0.00587579 0.0220222 -0.00247087 0.000329891 0.0164286 0.00845152 0.025759 0.0247619 0.0184146 -0.00113219 0.00353414 0.0105405 0.00708476
internal_weight=290268 22535 267733 19783 200957 8262 66776 2752 25041 1499 99408 88054 41735 1890 1253 6372 21405 11521 1125 87797 4456 371 4033 751 252 820 4085 996 296 2619
internal_count=290268 22535 267733 19783 200957 8262 66776 2752 25041 1499 99408 88054 41735 1890 1253 6372 21405 11521 1125 87797 4456 371 4033 751 252 820 4085 996 296 2619
is_linear=0
shrinkage=0.05


Tree=20
num_leaves=31
num_cat=0
split_feature=0 5 5 0 0 4 13 5 13 13 9 11 24 22 22 24 5 19 5 23 13 20 24 14 22 17 24 20 22 23
split_gain=1247.55 351.226 214.735 81.904 59.8556 56.487 45.2077 34.1654 29.9823 22.5255 20.1859 15.4928 15.2811 15.2161 23.0069 14.2244 13.5509 13.3104 12.2123 12.1459 12.0039 11.9467 11.6322 11.5648 12.7748 11.4229 17.1166 11.2928 11.2678 15.7813
threshold=16.725000000000005 36.575714285714291 10.245000000000003 126.53000000000002 6.8950000000000005 30.225000000000005 1.0000000180025095e-35 14.396428571428574 0.95000000000000007 0.35000000000000003 31.391411781311039 18.865000724792484 inf -0.88622299073327826 -0.8041866928211282 1.3800000000000001 32.962857142857153 25.275000000000002 6.5107142857142861 -0.49812626372919411 4.6500000000000012 356.10000000000008 2.0250000000000004 29.250000000000004 -0.58482361983252518 155.50000000000003 -0.43999999999999995 530.30000000000007 0.97875492728876534 0.097680735332368748
decision_type=2 2 2 2 2 2 2 2 2 2 2 2 8 2 2 8 2 2 2 2 2 10 8 2 2 2 8 8 2 2
left_child=2 5 4 6 18 9 -3 10 25 -2 -4 17 27 -8 19 -11 -9 23 -1 -15 -19 -5 -18 24 -7 -6 -27 -10 -28 -30
right_child=1 3 7 21 8 11 13 16 12 15 -12 -13 -14 14 -16 -17 22 20 -20 -21 -22 -23 -24 -25 -26 26 28 -29 29 -31
leaf_value=-0.014143528862387324 0.011539365156886881 0.042518588658684409 0.0036242132609827123 0.044512304717869274 -0.0031891702047074639 0.010531060491790372 0.02273506905916434 0.0041627431497476353 -0.004837237897774958 0.0036699967311544105 -0.001173327981660803 0.029663704324768121 0.010973440362530149 0.039151566249997716 0.022754666194798025 0.011028158228922575 0.021420530128092186 0.021322815253136725 -0.0073783211052085781 0.02498003121508198 0.011396539176357176 0.061567009113178528 0.049795404235238365 0.011221412577175132 0.018204758016160987 -0.0083767367232486477 0.0019994966170759705 -0.0090044791394294776 0.00065885967161843245 0.015066125847026313
leaf_weight=59907 3455 895 7821 156 7935 446 1591 13672 70037 8606 39866 996 178 311 1399 3169 348 1243 38928 143 552 728 72 3905 653 1729 7817 13129 310 271
leaf_count=59907 3455 895 7821 156 7935 446 1591 13672 70037 8606 39866 996 178 311 1399 3169 348 1243 38928 143 552 728 72 3905 653 1729 7817 13129 310 271
internal_value=-0.00108138 0.00890187 -0.00215766 0.0206079 -0.00295272 0.00624647 0.0177817 0.000419316 -0.00209929 0.00447472 -0.000219872 0.00970815 -0.00249952 0.01518 0.0182596 0.00343312 0.00258232 0.00885498 -0.00382835 0.0280396 0.0125487 0.0344796 0.0114286 0.00752997 0.012061 -0.000252465 0.00086057 -0.00253084 0.00179328 0.00851119
internal_weight=290268 28248 262020 5223 200241 23025 4339 61779 101406 15230 47687 7795 83344 3444 1853 11775 14092 6799 98835 454 1795 884 420 5004 1099 18062 10127 83166 8398 581
internal_count=290268 28248 262020 5223 200241 23025 4339 61779 101406 15230 47687 7795 83344 3444 1853 11775 14092 6799 98835 454 1795 884 420 5004 1099 18062 10127 83166 8398 581
is_linear=0
shrinkage=0.05


Tree=21
num_leaves=31
num_cat=0
split_feature=0 5 0 4 0 5 5 23 22 22 15 24 22 15 10 22 23 22 24 22 22 2 22 24 22 20 24 9 11 11
split_gain=1110.7 323.461 192.888 68.8074 64.0582 52.9384 43.4397 34.753 30.7332 22.0089 21.7753 20.2918 17.3975 15.3506 15.0986 14.5864 13.5889 13.0029 11.6756 11.504 16.905 11.3692 11.6895 11.3503 11.1038 10.7333 10.5663 10.3085 10.2175 10.177
threshold=16.305000000000003 42.062857142857148 9.3150000000000031 30.225000000000005 126.53000000000002 12.464285714285717 6.6350000000000025 -0.46800559042974538 -0.8041866928211282 -0.76141707087277943 56.500000000000007 1.4950000000000003 -0.71504373327588355 48.500000000000007 2.0707142353057866 -0.99275805973510278 0.53312596302726967 -0.85227431625818906 0.89500000000000013 -0.90163369914317015 -0.86976336936302323 9.5999999999999996 -0.72696319516528884 inf -0.73866753694953124 353.65000000000003 1.6100000000000003 42.891584396362312 15.234999656677248 11.864999771118166
decision_type=2 2 2 2 2 2 2 2 2 2 2 8 2 2 2 2 2 2 10 2 2 2 2 8 2 10 10 2 2 2
left_child=2 3 6 11 7 10 -1 8 17 -10 16 28 -11 -5 -7 -13 -4 -3 -16 -17 -21 22 -15 29 -12 -6 -22 -23 -2 -8
right_child=1 4 5 13 25 14 23 -9 9 12 24 15 -14 21 18 19 -18 -19 -20 20 26 27 -24 -25 -26 -27 -28 -29 -30 -31
leaf_value=-0.011860149455064115 0.0041928457126733975 0.023535935832309438 0.0030463280862670691 0.020457191844617497 0.043622233547360528 0.002173605137298959 -0.0054088618209036437 0.02327050313780071 0.016185209407749663 0.040002912068727657 0.00011143319192843184 0.019801582844315178 0.029519734260148187 0.011648767702318652 0.0040221041983851021 0.0015833924735590016 -0.0034775021054698572 0.042154268418662405 0.01450931927344902 0.018970574925938614 0.0138082766256548 0.026505072670700291 0.013967482502892335 0.01743978414758264 -0.003285350228574636 0.058321634075079926 0.0049205051753259087 0.014155679973043726 0.016070622174237745 0.0048720567506855949
leaf_weight=77242 11763 273 8274 1333 147 18831 95528 1439 357 269 10676 520 617 2904 2049 846 2687 375 1363 570 954 932 2968 200 42165 733 1536 848 788 1081
leaf_count=77242 11763 273 8274 1333 147 18831 95528 1439 357 269 10676 520 617 2904 2049 846 2687 375 1363 570 954 932 2968 200 42165 733 1536 848 788 1081
internal_value=-0.00109378 0.00798721 -0.00214721 0.00590247 0.0208432 -0.000210647 -0.00310458 0.0176727 0.0221285 0.0175261 -0.000942918 0.00402986 0.0217494 0.00944073 0.00188981 0.0069408 0.00108521 0.0309568 0.00495017 0.0058935 0.00732026 0.00857815 0.00751703 -0.002399 -0.00136362 0.0328409 0.00554217 0.0120787 0.00300335 -0.00242364
internal_weight=290268 30172 260096 25962 4210 86045 174051 3330 1891 1243 63802 16977 886 8985 22243 4426 10961 648 3412 3906 3060 7652 5872 96809 52841 880 2490 1780 12551 96609
internal_count=290268 30172 260096 25962 4210 86045 174051 3330 1891 1243 63802 16977 886 8985 22243 4426 10961 648 3412 3906 3060 7652 5872 96809 52841 880 2490 1780 12551 96609
is_linear=0
shrinkage=0.05


Tree=22
num_leaves=31
num_cat=0
split_feature=0 5 5 0 5 13 5 8 13 13 24 22 11 13 5 16 5 22 20 22 24 23 22 22 22 19 11 22 22 13
split_gain=990.474 280.469 193.459 68.5585 44.8628 41.7164 39.708 21.8979 21.4122 20.1589 19.1757 18.6238 16.2657 16.2334 16.1284 16.8458 14.8824 12.5701 17.5188 15.7347 12.5438 12.358 14.377 15.4698 12.2734 10.5066 10.72 10.3118 10.3069 11.6778
threshold=16.725000000000005 52.487142857142864 9.3935714285714322 28.535000000000004 6.2607142857142861 0.45000000000000007 12.660714285714288 8.5000000000000018 2.8500000000000001 0.45000000000000007 1.4950000000000003 -0.99940763397299126 2.554999947547913 0.45000000000000007 105.33500000000002 7.6500000000000012 105.33500000000002 0.97696484778429815 356.10000000000008 0.99466373373798567 1.0350000000000004 0.50370931781787065 -0.89406062840022227 -0.97113884758256674 -0.86976336936302323 26.720000000000002 5.7249999046325692 -0.8041866928211282 -0.814291907305839 1.0500000000000003
decision_type=2 2 2 2 2 2 2 2 2 2 8 2 2 2 2 2 2 2 10 2 10 2 2 2 2 2 2 2 2 2
left_child=2 3 4 7 -1 16 9 10 17 -4 -2 -12 -8 25 24 -16 -3 -6 -19 -20 -14 22 23 -13 -7 26 -5 -26 29 -24
right_child=1 5 6 13 8 14 12 -9 -10 -11 11 21 20 -15 15 -17 -18 18 19 -21 -22 -23 28 -25 27 -27 -28 -29 -30 -31
leaf_value=-0.012049467387636062 0.0049466191159093387 0.035690949036341527 0.0023626778150789857 0.011132944555011619 -0.0029238137136246602 0.018845859038759967 0.0017456577418862381 0.026255850578367348 -0.0061584491877926572 -0.0022111639285911063 0.016180421535410244 0.015561538450879734 0.0041321509965790999 0.015147549613253378 0.017619273412823318 0.041000022373989607 0.059202075892595379 -0.0017446967487535472 0.014112280815976166 -0.0066131179876244787 0.014049232223439271 -0.00082329977584218107 0.0098407039833439368 -0.0016878649778095216 0.031626787923167268 0.024316385725092871 0.031201778919184964 0.025234052100219312 0.011253712531508992 0.029805708963135558
leaf_weight=66130 12520 926 7694 566 27899 642 22331 971 83233 49275 223 1012 2216 4223 111 496 454 1103 477 166 1496 579 222 973 157 862 598 396 1998 319
leaf_count=66130 12520 926 7694 566 27899 642 22331 971 83233 49275 223 1012 2216 4223 111 496 454 1103 477 166 1496 579 222 973 157 862 598 396 1998 319
internal_value=-0.00108741 0.00780799 -0.00204641 0.00603287 -0.0029716 0.0217913 -5.13191e-05 0.00452596 -0.00236574 -0.000790694 0.00412809 0.00664101 0.00156606 0.0105705 0.0167814 0.0234185 0.0283333 -0.00121184 0.00290378 0.00946345 0.00463093 0.00602293 0.00690318 0.00371536 0.01341 0.0142498 0.0111512 0.0188698 0.00939543 0.0155176
internal_weight=290268 28248 262020 25066 179008 3182 83012 18817 112878 56969 17846 5326 26043 6249 1802 607 1380 29645 1746 643 3712 5103 4524 1985 1195 2026 1164 553 2539 541
internal_count=290268 28248 262020 25066 179008 3182 83012 18817 112878 56969 17846 5326 26043 6249 1802 607 1380 29645 1746 643 3712 5103 4524 1985 1195 2026 1164 553 2539 541
is_linear=0
shrinkage=0.05


Tree=23
num_leaves=31
num_cat=0
split_feature=4 5 3 5 11 13 4 19 13 20 5 5 4 14 13 22 22 24 22 15 22 9 4 13 22 22 24 22 15 22
split_gain=868.553 232.311 205.597 49.8539 44.7921 44.0337 36.5524 30.0208 21.5504 18.2967 17.8752 15.9696 15.5773 14.931 12.8702 12.8231 21.7784 19.4823 13.3589 23.4083 14.3596 12.8197 11.6571 11.6547 11.6419 11.6069 11.3792 11.2312 10.9408 10.569
threshold=24.635000000000002 52.487142857142864 9.8483333333333363 6.2607142857142861 7.5250000953674325 0.15000000000000005 16.085000000000004 28.615000000000006 0.8500000000000002 316.35000000000008 21.38571428571429 105.33500000000002 134.03500000000003 29.250000000000004 0.45000000000000007 -0.98214942551678475 -0.99275805973510278 -0.58499999999999985 0.97875492728876534 51.500000000000007 0.98522604642031408 29.536043167114261 10.935 1.0000000180025095e-35 -0.71504373327588355 -0.8781231054254196 1.3800000000000001 -0.75015329512557205 60.500000000000007 -0.86976336936302323
decision_type=2 2 2 2 2 2 2 2 2 10 2 2 2 2 2 2 2 10 2 2 2 2 2 2 2 2 8 2 2 2
left_child=2 4 3 -1 7 11 14 10 -8 -5 -2 -3 25 27 -4 16 -11 -18 -17 -20 28 24 -19 -6 -14 -7 -9 -12 -21 -28
right_child=1 5 6 9 23 12 8 26 -10 15 13 -13 21 -15 -16 18 17 22 19 20 -22 -23 -24 -25 -26 -27 29 -29 -30 -31
leaf_value=-0.011446994018104735 0.0047637615780259683 0.038275057338843649 0.0017577473269623203 -0.0058161842991894174 0.027118617069232 0.013213411373146669 0.006111960382323995 0.0059399804592234788 0.0012272350416652051 -0.0029782593604158109 0.0098908562692965139 0.062259502772029102 0.0431043818051043 0.0090281870572640737 -0.0021412526361200218 -0.0036762135599120826 -0.017325746653239559 0.01331757669943108 0.019198093650697384 0.01647621669768258 -0.0027884485736501788 0.023918747361522337 0.015545449449788588 0.018380322475139269 0.023470790869562937 0.024551628335893333 0.012491779372009477 0.01506066089805215 0.0072672899346804751 0.025899552853195253
leaf_weight=66120 7938 703 7088 76460 1074 470 8362 493 26713 1678 607 311 661 5159 35075 41101 263 291 136 191 1689 483 412 2808 119 536 984 1128 277 938
leaf_count=66120 7938 703 7088 76460 1074 470 8362 493 26713 1678 607 311 661 5159 35075 41101 263 291 136 191 1689 483 412 2808 119 536 984 1128 277 938
internal_value=-0.00108758 0.00793831 -0.00191638 -0.00280615 0.00601566 0.0203122 0.000256479 0.00492346 0.00144904 -0.00220894 0.00408171 0.0289744 0.0164412 0.0059443 -0.000735599 -0.00142144 0.00195915 0.00793996 -0.00162742 0.00208678 0.000818265 0.0201386 0.0122831 0.0108681 0.0241026 0.0117992 0.0100932 0.00995677 0.00856837 0.0118314
internal_weight=290268 24412 265856 188618 21129 3283 77238 17247 35075 122498 14832 1014 2269 6894 42163 46038 2644 966 43394 2293 2157 1263 703 3882 780 1006 2415 1735 468 1922
internal_count=290268 24412 265856 188618 21129 3283 77238 17247 35075 122498 14832 1014 2269 6894 42163 46038 2644 966 43394 2293 2157 1263 703 3882 780 1006 2415 1735 468 1922
is_linear=0
shrinkage=0.05


Tree=24
num_leaves=31
num_cat=0
split_feature=0 0 0 5 8 5 5 13 24 13 0 21 24 22 22 22 23 23 13 24 22 23 22 8 24 19 14 8 5 20
split_gain=792.291 244.859 147.746 54.9067 46.2119 41.32 31.5557 27.5549 22.234 21.396 19.658 17.951 14.9761 14.072 14.6285 25.7956 13.7022 13.1009 12.8598 12.3896 12.1823 11.7105 10.787 10.5592 10.3315 10.2779 10.5387 10.1699 10.0963 17.3893
threshold=15.535000000000002 52.645000000000003 8.3250000000000011 22.296428571428578 14.500000000000002 12.370714285714287 6.0621428571428586 3.0500000000000003 1.4950000000000003 1.0000000180025095e-35 126.53000000000002 102.50000000000001 -0.43999999999999995 -0.28519255817492867 0.97875492728876534 0.99466373373798567 0.50370931781787065 -0.92272482904738262 0.35000000000000003 0.05000000000000001 -0.36647417525074694 0.44312301391210612 -0.048361574224334618 12.500000000000002 inf 30.805000000000003 28.450000000000003 19.500000000000004 8.0478571428571453 337.40000000000003
decision_type=2 2 2 2 2 2 2 2 8 2 2 8 8 2 2 2 2 2 2 10 2 2 2 2 8 2 2 2 2 10
left_child=2 3 6 8 9 7 -1 11 18 -3 -6 12 -4 17 -15 28 21 19 -2 -14 -21 -10 -9 25 -8 26 -5 -7 29 -16
right_child=1 4 5 23 10 27 24 22 16 -11 -12 -13 13 14 15 -17 -18 -19 -20 20 -22 -23 -24 -25 -26 -27 -28 -29 -30 -31
leaf_value=-0.011931819434058522 0.0094600420131644766 0.034130435943644059 -0.0049654865592927283 0.016204977671084055 0.037240788811284974 0.0020364376313570212 -0.005494553980203533 -0.0019891334806919074 0.011351892518168212 0.022020031032228472 0.062561551130655479 -0.0041605796406589497 0.0075583311262788864 -0.00072356030914003946 0.0070086488028476245 -0.010190068133014136 -0.00056116053102745725 0.0032948712817397509 0.0026549246978628122 0.009390894580263277 -0.00096424211546221642 0.023227455931513388 -0.0050338260558831279 0.027872452439572423 0.022116666555558894 0.018197491627382042 0.010178303603855505 0.023855953658886292 0.007055196939900206 0.016687521068927198
leaf_weight=56220 3406 589 3556 917 558 22077 90789 23274 4699 2158 352 7423 391 12505 138 557 730 7452 12903 155 396 300 30118 712 124 1597 5139 143 708 182
leaf_count=56220 3406 589 3556 917 558 22077 90789 23274 4699 2158 352 7423 391 12505 138 557 730 7452 12903 155 396 300 30118 712 124 1597 5139 143 708 182
internal_value=-0.00107673 0.00608779 -0.00202917 0.00461747 0.0183115 -0.000634656 -0.00306298 -0.00112688 0.00330838 0.0150764 0.0280769 -1.94364e-06 0.000616358 0.00109322 0.000127749 0.004653 0.00598795 0.00271384 0.0023671 0.00826964 0.0034392 0.00692238 -0.00183192 0.00806635 -0.00248716 0.0075245 0.00658355 0.00128938 0.00934825 0.0167187
internal_weight=290268 34060 256208 30403 3657 109075 147133 86855 22038 2747 910 33463 26040 22484 14090 1585 5729 8394 16309 942 551 4999 53392 8365 90913 7653 6056 22220 1028 320
internal_count=290268 34060 256208 30403 3657 109075 147133 86855 22038 2747 910 33463 26040 22484 14090 1585 5729 8394 16309 942 551 4999 53392 8365 90913 7653 6056 22220 1028 320
is_linear=0
shrinkage=0.05


Tree=25
num_leaves=31
num_cat=0
split_feature=0 5 0 0 4 4 5 23 22 17 11 8 13 22 22 8 17 22 23 20 9 17 24 22 22 22 23 13 24 22
split_gain=706.757 213.141 145.155 46.2276 44.9059 44.1766 31.3314 26.179 24.332 21.306 18.7408 18.5547 16.6742 15.5971 16.0952 15.2152 14.8995 14.6618 13.5338 13.4761 12.8518 12.4642 12.453 18.0589 20.5932 11.5574 12.7553 11.1887 10.873 12.2352
threshold=15.905000000000003 42.062857142857148 8.3250000000000011 126.53000000000002 14.025 24.635000000000002 6.1607142857142874 -0.46800559042974538 -0.8041866928211282 145.50000000000003 5.7850000858306894 14.500000000000002 0.95000000000000007 -0.76141707087277943 -0.71504373327588355 11.500000000000002 135.50000000000003 -0.85227431625818906 -0.4755978891912595 573.90000000000009 998.87963867187511 149.50000000000003 1.3800000000000001 -0.82415615971448097 -0.861146256326485 -0.30163705152652742 -0.94703994556331683 0.15000000000000005 1.3150000000000002 -0.98214942551678475
decision_type=2 2 2 2 2 2 2 2 2 2 2 2 2 2 2 2 2 2 2 10 2 2 8 2 2 2 2 2 8 2
left_child=2 5 6 7 12 25 -1 8 17 -7 16 -5 -4 -10 -15 18 -6 -3 22 20 -20 -8 -11 24 -24 26 -2 -16 -18 -30
right_child=1 3 4 11 10 9 21 -9 13 15 -12 -13 -14 14 27 -17 28 -19 19 -21 -22 -23 23 -25 -26 -27 -28 -29 29 -31
leaf_value=-0.011071930904524786 0.019755280584913094 0.016775170407003971 0.00015233180863289322 0.032094853719191151 -0.0014386564071985554 0.0074565203429674091 -0.0067980756962835375 0.018718578539286414 0.010571986261862976 0.0091110055935741067 0.0073739349293396456 0.059433473574122708 -0.0036661725707297851 0.033211551019888708 0.042020421079968673 0.030081330802104539 0.00083861197312289602 0.035404047639221531 0.0074437363351761406 0.020741867618019338 0.014321098724487816 -0.0039963229746197973 0.012719481686239185 0.01608276112728723 0.049890994934203188 0.0012339087155518005 0.0060610516712562264 0.014845615009666822 0.016789644502574742 0.0034627295634019305
leaf_weight=59210 73 273 13898 528 15736 5573 34775 1450 357 1066 3549 352 50577 270 175 650 21710 376 4104 437 275 53148 133 1415 157 6244 7760 442 555 5000
leaf_count=59210 73 273 13898 528 15736 5573 34775 1450 357 1066 3549 352 50577 270 175 650 21710 376 4104 437 275 53148 133 1415 157 6244 7760 442 555 5000
internal_value=-0.00106915 0.0059265 -0.00193928 0.0163947 -0.000574421 0.00434127 -0.00296919 0.0137107 0.0175832 0.00635047 0.000609021 0.0265909 -0.00142885 0.0134887 0.0170406 0.00796588 0.000320805 0.0254314 0.00733689 0.00573505 0.00489952 -0.00237043 0.0101209 0.0127713 0.0241379 0.00237018 0.0036493 0.0125851 0.00102787 0.0030018
internal_weight=290268 32110 258158 4223 111025 27887 147133 3343 1893 13810 46550 880 64475 1244 887 8237 43001 649 7587 4816 4379 87923 2771 1705 290 14077 7833 617 27265 5555
internal_count=290268 32110 258158 4223 111025 27887 147133 3343 1893 13810 46550 880 64475 1244 887 8237 43001 649 7587 4816 4379 87923 2771 1705 290 14077 7833 617 27265 5555
is_linear=0
shrinkage=0.05


Tree=26
num_leaves=31
num_cat=0
split_feature=4 5 5 5 8 8 18 17 13 24 13 24 22 22 22 8 5 5 9 17 17 24 22 22 20 22 3 17 14 20
split_gain=627.446 167.009 164.115 42.6791 34.3978 34.1598 30.8536 22.4337 20.5675 19.3892 18.3021 16.9198 16.3249 16.1251 38.3108 15.0528 13.6734 13.0988 12.5072 11.1077 10.9888 18.7895 12.7031 13.7871 10.7629 10.3607 10.034 10.0154 9.7338 9.63808
threshold=24.635000000000002 9.3935714285714322 52.487142857142864 6.0621428571428586 24.500000000000004 5.5000000000000009 14.605000000000002 143.50000000000003 1.8500000000000003 inf 0.15000000000000005 1.4950000000000003 -0.99275805973510278 -0.86976336936302323 -0.814291907305839 6.5000000000000009 105.33500000000002 13.220714285714289 998.87963867187511 147.50000000000003 163.50000000000003 -0.43999999999999995 0.97875492728876534 0.99466373373798567 543.20000000000016 -0.75015329512557205 22.358333333333338 136.50000000000003 30.950000000000003 426.60000000000008
decision_type=2 2 2 2 2 2 2 2 2 8 2 8 2 2 2 2 2 2 2 2 2 8 2 2 10 2 2 2 2 10
left_child=1 3 5 -1 10 7 15 26 20 18 29 -8 -13 -11 28 17 -6 27 24 -10 -5 -22 -23 -24 -9 -16 -2 -3 -15 -4
right_child=2 6 4 8 16 -7 11 9 19 13 -12 12 -14 14 25 -17 -18 -19 -20 -21 21 22 23 -25 -26 -27 -28 -29 -30 -31
leaf_value=-0.010441853135192237 0.0010992752482213151 -0.0034151924460469173 0.038269378375039159 -0.0037596610764264425 0.038127433089592273 0.022879006312222228 0.0018110499102778198 0.006960449512262875 -0.0066421060974964641 -0.00010991705987733383 0.021627441132122352 0.020443939365209846 0.0060389534606737107 0.052472292134047305 0.00012940719249340569 0.011256380616444102 0.060627475329017744 0.0011875914576116168 0.013025963831659867 -0.0040641736876652016 -0.0072581023225334529 0.0013457161005439415 0.012887653595274952 -0.0050234087879897525 0.013192673409983811 0.014606333635442628 0.0077282025303948374 -0.00057982429002621067 0.029952130402810542 0.026927123183862492
leaf_weight=59146 4186 19763 229 11826 302 2480 13458 7678 36143 310 2044 354 3547 121 268 1278 262 13553 483 59853 2839 8740 495 187 887 1007 3574 34674 135 446
leaf_count=59146 4186 19763 229 11826 302 2480 13458 7678 36143 310 2044 354 3547 121 268 1278 262 13553 483 59853 2839 8740 495 187 887 1007 3574 34674 135 446
internal_value=-0.0010645 -0.00176893 0.006607 -0.00264017 0.0170073 0.00499101 3.36488e-05 0.00425787 -0.00209867 0.00572183 0.0146764 0.0019186 0.00481799 0.0103992 0.0125049 -0.000438732 0.0282447 -0.000539786 0.00477011 -0.00242646 -0.000792337 0.000256503 0.00133093 0.00790322 0.00432866 0.00896078 0.00220361 -0.000886071 0.0301562 0.0218148
internal_weight=290268 265856 24412 179229 3283 21129 86627 18649 120083 10889 2719 17359 3901 1841 1531 69268 564 67990 9048 95996 24087 12261 9422 682 8565 1275 7760 54437 256 675
internal_count=290268 265856 24412 179229 3283 21129 86627 18649 120083 10889 2719 17359 3901 1841 1531 69268 564 67990 9048 95996 24087 12261 9422 682 8565 1275 7760 54437 256 675
is_linear=0
shrinkage=0.05


Tree=27
num_leaves=31
num_cat=0
split_feature=0 0 0 4 4 4 5 11 13 22 22 24 13 17 21 13 17 22 17 23 22 23 9 13 22 11 5 18 23 24
split_gain=567.487 199.605 102.231 54.7407 33.8715 33.2264 18.9121 18.6431 16.1929 15.8587 19.2095 14.792 14.5685 14.5103 13.7389 12.5038 11.9346 11.3571 10.6125 10.4871 9.85088 12.4399 11.5819 9.64783 9.33403 9.93469 9.30746 9.30168 9.22601 9.95877
threshold=13.785000000000002 35.57500000000001 6.9350000000000014 134.03500000000003 24.635000000000002 11.865 5.2950000000000008 5.8450000286102304 1.0000000180025095e-35 -0.30163705152652742 -0.35041564478062465 0.095000000000000015 0.15000000000000005 136.50000000000003 112.50000000000001 1.1500000000000001 145.50000000000003 -0.99275805973510278 161.50000000000003 -0.074115882986646633 0.97875492728876534 0.097680735332368748 188.6065368652344 1.0000000180025095e-35 -0.71504373327588355 2.9250000715255742 30.295000000000005 48.425000000000004 -0.72694848937061807 1.8750000000000002
decision_type=2 2 2 2 2 2 2 2 2 2 2 8 2 2 8 2 2 2 2 2 2 2 2 2 2 2 2 2 2 8
left_child=2 4 6 8 9 14 -1 13 27 10 11 -2 -5 -7 15 20 -6 19 -10 -13 -4 -22 -23 -15 25 -14 -9 -3 -19 -30
right_child=1 3 5 12 16 7 -8 26 18 -11 -12 17 24 23 -16 -17 -18 28 -20 -21 21 22 -24 -25 -26 -27 -28 -29 29 -31
leaf_value=-0.01364510692546983 0.0019794466810085852 0.023169274113199568 -0.00050484803816247396 0.04182694513811782 0.0056663093989321768 -0.0027704831204082058 -0.0061892372765072279 0.0050595406106201824 0.010983315220190332 0.00064539660404617735 0.0099961231076093962 0.024667100374961577 0.018721290708217875 0.0038612152026112432 -0.0065826468447718074 -0.0038849899177720165 0.010368764669463341 0.0092504319538174781 0.019100751297698341 0.010578981466309008 0.00058755091855207744 0.011663187356496314 0.0035652706963623503 -0.0003215008229568838 0.015128018441750254 0.039346892175656553 0.041695158027344623 0.026818265381189671 0.0069291657924111421 -0.0036152993765241753
leaf_weight=31580 7925 540 9073 534 5437 25256 72515 3854 1991 12893 574 232 497 2345 14181 43311 7664 1455 1800 216 289 109 90 41570 140 504 60 526 2213 894
leaf_count=31580 7925 540 9073 534 5437 25256 72515 3854 1991 12893 574 232 497 2345 14181 43311 7664 1455 1800 216 289 109 90 41570 140 504 60 526 2213 894
internal_value=-0.00105778 0.00403443 -0.0020176 0.012131 0.00269562 -0.00113595 -0.00320453 -0.00039851 0.00944307 0.00166427 0.00286142 0.00246424 0.0199254 -0.00058847 -0.00193974 -0.00156907 0.00477406 0.00459082 0.00791216 0.0121875 6.74604e-05 0.0069877 0.016608 -3.92816e-05 0.0167353 0.0184266 0.00295861 0.0148874 0.0038448 0.00230608
internal_weight=290268 46035 244233 6532 39503 140138 104095 73085 4857 26402 13509 12935 1675 69171 67053 52872 13101 5010 3791 448 9561 488 199 43915 1141 1001 3914 1066 4562 3107
internal_count=290268 46035 244233 6532 39503 140138 104095 73085 4857 26402 13509 12935 1675 69171 67053 52872 13101 5010 3791 448 9561 488 199 43915 1141 1001 3914 1066 4562 3107
is_linear=0
shrinkage=0.05


Tree=28
num_leaves=31
num_cat=0
split_feature=0 0 0 0 4 4 8 8 8 4 17 21 2 24 17 15 17 17 9 24 23 4 15 23 23 9 19 23 23 14
split_gain=506.993 170.669 98.2474 47.8624 33.6742 29.2101 19.4313 16.344 15.7071 15.5328 14.9419 14.2369 13.9201 13.5521 15.3857 12.702 12.6253 11.8344 11.3481 10.3241 9.78006 9.43356 9.30067 8.78936 9.7451 8.08565 9.12616 10.2115 10.9994 7.93765
threshold=13.785000000000002 35.57500000000001 6.6950000000000012 126.53000000000002 11.865 22.255000000000006 3.5000000000000004 31.500000000000004 55.500000000000007 8.7850000000000019 136.50000000000003 117.50000000000001 30.32 -0.43999999999999995 157.50000000000003 58.500000000000007 145.50000000000003 124.50000000000001 55.44726753234864 1.3800000000000001 -0.46800559042974538 21.585000000000004 48.500000000000007 -0.61236746317008228 -0.5129677127369543 44.421846389770515 43.655000000000008 -0.46800559042974538 -0.59867820553660911 27.150000000000002
decision_type=2 2 2 2 2 2 2 2 2 2 2 8 2 8 2 2 2 2 2 8 2 2 2 2 2 2 2 2 2 2
left_child=2 5 9 8 11 17 10 23 12 -1 -6 13 25 -4 -15 -16 -7 -2 -19 29 -21 22 -12 -5 -25 26 -3 28 -28 -18
right_child=1 3 4 7 6 16 -8 -9 -10 -11 21 -13 -14 14 15 -17 19 18 -20 20 -22 -23 -24 24 -26 -27 27 -29 -30 -31
leaf_value=-0.010379224994506379 -0.00071215123584326132 0.01594489272571822 -0.006247923500722322 0.017561926031630998 -0.0026661976504754139 0.0048233590397218805 0.0093072371868283318 0.053477732786231608 0.044299758134739735 -0.0055054162871867596 0.0041683851759250368 -0.0063464851337457738 0.027369855072485273 -0.0044105596263711517 0.0031771752387722411 -0.0015336521527613851 0.015559946901798733 0.0054923303571836508 0.0013397014170450849 0.017587765237509882 0.011501303040618478 0.0045776405823880475 -0.00054209588052053033 0.041641509218863733 0.024500923193308655 0.0094673623211338834 0.019165436390718677 0.013152680516387395 0.024033707528174006 0.0057900945868634033
leaf_weight=51176 6416 2228 13229 157 26676 6820 2019 228 228 45299 1243 15322 484 18230 5304 20596 423 7089 9326 1758 1985 3892 41247 135 365 1436 553 396 322 5686
leaf_count=51176 6416 2228 13229 157 26676 6820 2019 228 228 45299 1243 15322 484 18230 5304 20596 423 7089 9326 1758 1985 3892 41247 135 365 1436 553 396 322 5686
internal_value=-0.00104917 0.00376398 -0.00195639 0.0112508 -0.00114606 0.00252601 -0.000403387 0.0220621 0.0095564 -0.00319746 -0.000537109 -0.00191322 0.0090155 -0.00155154 -0.00113075 -0.000347492 0.00411708 0.00136415 0.00207584 0.00526187 0.00732968 5.17323e-06 -0.000210639 0.0180594 0.0213 0.00822188 0.00951843 0.0128993 0.0159143 0.00399492
internal_weight=290268 46035 244233 6532 147758 39503 75077 885 5647 96475 73058 72681 5419 57359 44130 25900 16672 22831 16415 9852 3743 46382 42490 657 500 4935 3499 1271 875 6109
internal_count=290268 46035 244233 6532 147758 39503 75077 885 5647 96475 73058 72681 5419 57359 44130 25900 16672 22831 16415 9852 3743 46382 42490 657 500 4935 3499 1271 875 6109
is_linear=0
shrinkage=0.05


Tree=29
num_leaves=31
num_cat=0
split_feature=0 5 0 0 5 0 13 13 5 9 20 17 21 24 23 17 24 4 4 15 24 2 11 24 23 23 24 24 17 17
split_gain=453.841 155.064 94.2339 39.9629 31.3373 30.5148 21.4663 19.7729 18.3412 13.8242 13.4612 11.932 10.5556 13.2333 12.3322 9.97595 13.0596 9.67459 9.13803 8.99609 8.83158 8.31753 8.06367 8.00407 7.72776 9.71027 7.58155 9.19497 8.84932 7.46152
threshold=13.785000000000002 36.575714285714291 6.6950000000000012 126.53000000000002 10.403571428571432 22.055000000000003 0.95000000000000007 1.0000000180025095e-35 5.2950000000000008 44.421846389770515 495.50000000000006 145.50000000000003 117.50000000000001 -0.43999999999999995 -0.9575230291762723 147.50000000000003 -0.43999999999999995 189.73500000000004 59.185000000000009 52.500000000000007 -0.42499999999999993 11.015000000000002 10.135000228881838 1.0350000000000004 -0.19337245081799007 -0.15950993297387572 0.24500000000000002 -0.43999999999999995 189.50000000000003 136.50000000000003
decision_type=2 2 2 2 2 2 2 2 2 2 8 2 8 8 2 2 8 2 2 2 10 2 2 8 2 2 10 8 2 2
left_child=2 5 8 7 6 9 12 -3 -1 23 15 -7 13 -4 -15 -8 -17 -5 29 -19 24 -9 -13 -2 -18 -26 27 -10 -29 -6
right_child=1 3 4 17 18 11 10 21 26 -11 -12 22 -14 14 -16 16 20 19 -20 -21 -22 -23 -24 -25 25 -27 -28 28 -30 -31
leaf_value=-0.012715336143513901 0.0033275132452787975 0.027157660560121134 -0.005900955512967679 0.023482444334961373 -0.0014377116722510224 0.0057247970382338295 -0.0046449787049344443 0.012911118999663169 -0.0076359544206089994 0.0013860796906636078 -0.0063324838260943794 0.0091614116581655771 -0.0037928263602958023 -0.0029203830881252037 0.0031433894448297545 -0.0053570084639656557 0.0043354152025250284 0.052997618191413624 0.021078043509834398 0.028403169270646591 -0.0013841343504602532 0.021148582383368617 0.021090159600463163 0.00804934965706138 0.017746463664773459 0.005376200882635386 -0.0078205867240590306 -0.0050585497706682895 -0.0014849094673215011 0.00091072861314672726
leaf_weight=30894 6170 900 2104 355 15309 3740 25719 2739 14201 19543 15017 5071 4446 2576 9065 12515 621 281 379 248 34470 805 1167 5016 73 68 25395 12213 13772 25396
leaf_count=30894 6170 900 2104 355 15309 3740 25719 2739 14201 19543 15017 5071 4446 2576 9065 12515 621 281 379 248 34470 805 1167 5016 73 68 25395 12213 13772 25396
internal_value=-0.0010397 0.00351417 -0.00189805 0.0115353 -0.00110444 0.00246432 -0.00155633 0.00960396 -0.0031135 0.00168424 -0.00187793 0.00486671 7.96978e-06 0.000692978 0.00135255 -0.00159911 -0.00117149 0.0212443 6.88821e-05 0.0255293 -0.000678646 0.00792325 0.00620551 0.003086 0.00464567 0.0152128 -0.00264032 -0.00221296 -0.00165384 -3.07207e-06
internal_weight=290268 46035 244233 5328 147758 40707 106674 4444 96475 30729 88483 9978 18191 13745 11641 73466 47747 884 41084 529 35232 3544 6238 11186 762 141 65581 40186 25985 40705
internal_count=290268 46035 244233 5328 147758 40707 106674 4444 96475 30729 88483 9978 18191 13745 11641 73466 47747 884 41084 529 35232 3544 6238 11186 762 141 65581 40186 25985 40705
is_linear=0
shrinkage=0.05


Tree=30
num_leaves=31
num_cat=0
split_feature=0 5 5 4 8 8 0 17 8 24 13 19 5 20 24 17 20 4 13 5 24 24 24 9 17 2 4 20 19 24
split_gain=405.231 134.514 89.978 41.985 25.6395 24.152 23.1891 22.4678 20.6087 17.2459 16.5761 14.8526 14.2432 13.8265 14.1262 13.3042 11.1855 9.77091 9.51732 9.17966 8.99526 8.8898 11.0335 16.6409 9.63517 7.77252 7.53225 6.78304 8.51309 6.43351
threshold=13.785000000000002 30.295000000000005 7.3507142857142878 134.03500000000003 26.500000000000004 3.5000000000000004 5.3550000000000013 138.50000000000003 11.500000000000002 1.4950000000000003 1.0000000180025095e-35 15.415000000000001 14.396428571428574 300.90000000000003 -0.43999999999999995 171.50000000000003 336.35000000000008 20.275000000000002 5.5500000000000007 11.255000000000004 inf -0.27499999999999997 -0.049999999999999996 998.87963867187511 251.50000000000003 30.32 102.57500000000002 429.10000000000008 43.655000000000008 1.8750000000000002
decision_type=2 2 2 2 2 2 2 2 2 8 2 2 2 10 8 2 10 2 2 2 8 8 10 2 2 2 2 10 2 10
left_child=2 8 6 10 25 7 -1 19 9 17 27 -11 16 -8 -15 -16 20 -2 -17 -4 -9 -18 23 -23 -25 -5 -14 28 -3 -13
right_child=1 3 5 4 -6 -7 13 12 -10 11 -12 29 26 14 15 18 21 -19 -20 -21 -22 22 -24 24 -26 -27 -28 -29 -30 -31
leaf_value=-0.010252434807534122 0.00066563866487150537 0.021588960070241872 -0.0043374507975565881 0.018656686447908091 0.046939127847359173 0.0077168918305560337 -0.0058099086579471151 -0.0022038551879526528 0.021021997778539015 0.0029510884407252238 0.011559601811802845 0.010632646070580086 0.0039401049133320773 -0.0068248686319908151 -0.0039144501177932499 0.003706703043389921 -0.0022605747107315522 0.0039114072250536506 -0.0021241719578046843 -0.0010822174748942939 0.036281720790775941 0.0026158934798675587 -0.00035612754604118452 0.016293336203958876 0.0072380566124791851 0.029261801625206869 0.041858330068724019 0.018484046040125636 0.037344422276175619 -0.00070973342557387143
leaf_weight=46822 15384 118 38010 1151 345 2782 38179 49515 1274 4852 4592 4445 4435 6385 7524 5280 10594 12264 3711 11636 50 6792 12222 69 153 307 74 783 137 383
leaf_count=46822 15384 118 38010 1151 345 2782 38179 49515 1274 4852 4592 4445 4435 6385 7524 5280 10594 12264 3711 11636 50 6792 12222 69 153 307 74 783 137 383
internal_value=-0.00102678 0.00327631 -0.00183786 0.00943562 0.016076 -0.000984069 -0.00291661 -0.00108012 0.00209031 0.00187687 0.00730906 0.00369318 -0.000581261 -0.00227484 -0.00130349 -0.000531336 -0.000736509 0.00124096 0.000766877 -0.00192322 -0.00119691 2.84936e-05 0.000669057 0.00224978 0.0157207 0.0131756 0.00215236 0.0130154 0.020098 0.00565659
internal_weight=290268 46035 244233 7433 1803 136332 107901 133550 38602 37328 5630 9680 83904 61079 22900 16515 79395 27648 8991 49646 49565 29830 19236 7014 222 1458 4509 1038 255 4828
internal_count=290268 46035 244233 7433 1803 136332 107901 133550 38602 37328 5630 9680 83904 61079 22900 16515 79395 27648 8991 49646 49565 29830 19236 7014 222 1458 4509 1038 255 4828
is_linear=0
shrinkage=0.05


Tree=31
num_leaves=31
num_cat=0
split_feature=0 5 0 8 4 4 8 2 5 9 4 21 13 22 23 22 23 5 13 14 19 13 5 22 22 22 22 22 22 5
split_gain=365.637 119.678 87.5094 36.0467 30.3533 25.7436 17.725 17.6835 16.2107 15.9006 14.7806 11.7525 9.66074 10.7639 14.3692 9.53964 9.2182 8.87111 8.72025 8.45925 8.31522 7.84621 7.74887 7.57145 7.38211 5.96501 7.79698 5.94127 8.64612 6.38651
threshold=13.785000000000002 30.295000000000005 6.2950000000000008 13.500000000000002 11.535000000000002 189.73500000000004 11.500000000000002 30.32 5.3764285714285736 34.920574188232429 20.275000000000002 117.50000000000001 1.8500000000000003 0.97875492728876534 0.097680735332368748 -0.98214942551678475 -0.074115882986646633 32.962857142857153 1.0000000180025095e-35 32.150000000000013 24.085000000000004 0.25000000000000006 14.396428571428574 -0.78326540922535159 -0.90893996196865023 -0.048361574224334618 0.48314048284850658 -0.98214942551678475 -0.99630266176052629 8.3978571428571467
decision_type=2 2 2 2 2 2 2 2 2 2 2 8 2 2 2 2 2 2 2 2 2 2 2 2 2 2 2 2 2 2
left_child=2 6 8 7 11 -5 10 18 -1 17 15 12 13 -4 -15 16 -2 21 -3 -16 24 -6 25 -7 -12 -11 -27 28 -10 -30
right_child=1 3 4 5 9 23 -8 -9 27 22 20 -13 -14 14 19 -17 -18 -19 -20 -21 -22 -23 -24 -25 -26 26 -28 -29 29 -31
leaf_value=-0.011635641647793871 0.011646211186845643 0.018255476618648261 -0.0011489209858306835 0.024680941407712546 0.005928984739598177 0.050910697384850247 0.019970897889612062 0.025545965713924885 -0.0073627287050433672 -0.00070024063836812028 0.000745295236725181 -0.0057617413257316985 -0.0036151305575836561 0.00097326854353875785 0.009902398190604381 0.00068591027464672135 0.00032043720493615878 0.03728872339757746 0.011041316766276787 0.011445470588654302 0.0093648828303690094 0.00079899264681082311 0.0019365147275596222 0.020420608830035346 0.0047679371453343486 -0.0038962728777386111 -0.0013626790551347439 -0.0056944428212843574 0.0015309882457404729 0.0099536484137150907
leaf_weight=31100 773 761 12576 983 2839 252 1274 522 1211 29957 3892 16365 46020 414 189 17222 683 89 4837 50 2932 9791 5971 78 11826 11827 24343 50230 959 302
leaf_count=31100 773 761 12576 983 2839 252 1274 522 1211 29957 3892 16365 46020 414 189 17222 683 89 4837 50 2932 9791 5971 78 11826 11827 24343 50230 959 302
internal_value=-0.00101317 0.00307429 -0.00178361 0.00888403 -0.00109957 0.0164014 0.0019556 0.00727124 -0.00309313 -0.000450206 0.00175766 -0.00182797 -0.00150036 -0.000309548 0.00594946 0.000763464 0.00464972 0.00117973 0.00645052 0.0157113 0.00275335 0.00106888 -0.000737747 0.0284848 0.00229736 -0.000893509 -0.00132569 -0.00255892 -0.000165859 0.00273196
internal_weight=290268 46035 244233 7433 160431 1313 38602 6120 83802 84817 37328 75614 59249 13229 653 18678 1456 12719 5598 239 18650 12630 72098 330 15718 66127 36170 52702 2472 1261
internal_count=290268 46035 244233 7433 160431 1313 38602 6120 83802 84817 37328 75614 59249 13229 653 18678 1456 12719 5598 239 18650 12630 72098 330 15718 66127 36170 52702 2472 1261
is_linear=0
shrinkage=0.05


Tree=32
num_leaves=31
num_cat=0
split_feature=5 5 0 4 13 8 0 17 13 5 21 11 22 22 17 21 15 17 2 20 4 20 22 22 22 17 22 22 17 22
split_gain=329.249 121.1 77.3411 34.9104 29.1337 22.3931 18.9835 16.9502 15.4994 14.3449 14.0922 13.3011 12.8828 11.4057 10.1484 9.61178 9.52637 8.71325 8.39294 7.31692 6.97342 6.73057 7.51725 6.47483 6.4027 6.35251 6.30558 11.8981 6.30032 10.508
threshold=12.563571428571432 30.295000000000005 5.9350000000000014 134.03500000000003 0.95000000000000007 44.500000000000007 18.335000000000004 149.50000000000003 1.0000000180025095e-35 5.3335714285714309 137.50000000000003 11.414999961853029 -0.98214942551678475 -0.98803845231459242 143.50000000000003 272.50000000000006 50.500000000000007 251.50000000000003 18.555000000000007 633.20000000000016 10.295000000000002 400.30000000000001 -0.99275805973510278 -0.861146256326485 -0.90163369914317015 147.50000000000003 -0.71504373327588355 -0.861146256326485 124.50000000000001 0.65233619298682533
decision_type=2 2 2 2 2 2 2 2 2 2 8 2 2 2 2 8 2 2 2 10 2 10 2 2 2 2 2 2 2 2
left_child=2 6 9 8 10 26 16 23 -3 -1 11 28 13 21 -8 20 -2 -15 19 -16 -14 -9 -23 24 -6 -18 27 -5 -4 -30
right_child=1 3 4 5 7 -7 14 12 -10 -11 -12 -13 15 17 18 -17 25 -19 -20 -21 -22 22 -24 -25 -26 -27 -28 -29 29 -31
leaf_value=-0.011683523032811394 0.0079952848005588936 0.021141991499098716 -0.0019183469811948621 0.017709158250062081 -0.0031140814655697489 0.045570165370296914 0.002315108153398891 -0.0017666343282844756 0.010619280119409462 -0.0055574287073101893 -0.0033977096466677684 0.012970539420396507 -0.0032041797873378613 0.015900044092119037 0.0061295584647665675 -0.0055026569788750425 -0.0002453055818154531 0.00096341828246774154 0.024718292862480062 0.014977051602263439 -0.0010849439405675951 0.002422724562610834 0.017209011690993852 -0.0044348995975156992 0.0056182741213905178 0.0023963472271012771 0.012029703891576508 0.029737817788115226 0.00079096059733433938 0.0053145904225148219
leaf_weight=28505 1872 1055 4685 1022 6674 224 5222 1997 4854 43476 6069 1117 24783 488 8129 7664 12983 309 311 478 47448 315 162 46102 975 15701 193 424 14611 2420
leaf_count=28505 1872 1055 4685 1022 6674 224 5222 1997 4854 43476 6069 1117 24783 488 8129 7664 12983 309 311 478 47448 315 162 46102 975 15701 193 424 14611 2420
internal_value=-0.000989914 0.0025951 -0.00178091 0.00835563 -0.00118681 0.0143237 0.00159343 -0.00149131 0.00647402 -0.00314951 0.00025569 0.000824901 -0.00104406 0.00203149 0.0031082 -0.00116997 0.000892459 0.00723337 0.00413321 0.00384164 -0.000991335 0.000355698 0.00569182 -0.00218331 -0.000836058 0.000666921 0.0122971 0.0134302 0.000551205 0.000997885
internal_weight=290268 52468 237800 7772 165819 1863 44696 136917 5909 71981 28902 22833 83166 3271 14140 79895 30556 797 8918 8607 72231 2474 477 53751 7649 28684 1639 1446 21716 17031
internal_count=290268 52468 237800 7772 165819 1863 44696 136917 5909 71981 28902 22833 83166 3271 14140 79895 30556 797 8918 8607 72231 2474 477 53751 7649 28684 1639 1446 21716 17031
is_linear=0
shrinkage=0.05


Tree=33
num_leaves=31
num_cat=0
split_feature=0 5 0 0 4 5 13 8 13 13 4 21 23 20 19 5 13 2 4 9 8 20 23 23 23 18 23 9 2 8
split_gain=303.248 95.6963 78.5272 30.3416 24.9355 18.8698 15.8432 15.0266 12.7427 12.0823 12.0504 11.4604 10.7677 9.02233 11.3137 8.3651 7.59428 7.28605 6.25693 6.1287 6.16918 6.11153 6.14084 8.47301 5.95934 5.93174 5.7831 8.08125 6.66114 5.26185
threshold=13.785000000000002 30.295000000000005 6.6950000000000012 126.53000000000002 11.635000000000003 5.0857142857142863 0.15000000000000005 44.500000000000007 1.0000000180025095e-35 1.0000000180025095e-35 22.255000000000006 217.50000000000003 0.16587474750015932 429.10000000000008 43.655000000000008 12.660714285714288 1.8500000000000003 18.555000000000007 30.225000000000005 998.87963867187511 10.500000000000002 279.7000000000001 0.80290535434334509 0.74298546529340237 0.91159213926341531 6.9650000000000007 0.75438814418115718 383.06039428710943 -0.86999999999999977 3.5000000000000004
decision_type=2 2 2 2 2 2 2 2 2 2 2 8 2 10 2 2 2 2 2 2 2 10 2 2 2 2 2 2 2 2
left_child=2 6 5 8 11 -1 12 -5 13 18 -8 16 -2 14 -3 -11 -4 -10 -6 20 -12 -7 23 -23 -21 -17 27 28 -25 -18
right_child=1 3 4 7 9 21 10 -9 17 15 19 -13 -14 -15 -16 25 29 -19 -20 24 -22 22 -24 26 -26 -27 -28 -29 -30 -31
leaf_value=-0.011349975373106384 0.0085600351447862443 0.018315940429789353 -0.00066403157972434507 0.0232836582229126 0.0026113648438498447 -0.0057264889894856411 0.00077914906169031239 0.043763304326363973 0.0098337199826245818 -0.0012786997113291554 0.0041505045983000763 -0.0055135840142591444 -0.00055438927116961245 0.015379542661121454 0.03161773277277629 0.0040924796092954912 -0.0032756900128419562 0.018496025726023504 0.028632902402290446 0.005346731861324879 0.018870766343909304 -0.003210416327067948 -0.0065677232890038548 0.0041978783343600825 0.014567325438550639 0.00024309294540695564 0.0022012134771589886 -0.0035223519723672271 0.017713096395172476 0.011578166934170594
leaf_weight=26299 4759 130 13676 715 4034 41277 19653 170 4718 60424 12204 12478 1042 891 152 2157 41891 657 163 267 538 20287 7780 53 139 12719 641 67 71 216
leaf_count=26299 4759 130 13676 715 4034 41277 19653 170 4718 60424 12204 12478 1042 891 152 2157 41891 657 163 267 538 20287 7780 53 139 12719 641 67 71 216
internal_value=-0.000968554 0.00275388 -0.00167019 0.00794901 -0.000945737 -0.00277974 0.00175353 0.0166384 0.00677459 -0.000343851 0.00132755 -0.0016467 0.00416221 0.0114962 0.0192908 -0.000489377 -0.00134028 0.00574418 0.00226709 0.00249924 0.00230654 -0.00235166 -0.00179401 -0.00135163 0.0085468 0.000572733 0.00359375 0.0112304 0.0187903 -0.00167276
internal_weight=290268 46035 244233 7433 147758 96475 38602 885 6548 79497 32801 68261 5801 1173 282 75300 55783 5375 4197 13148 12742 70176 28899 21119 406 14876 832 191 124 42107
internal_count=290268 46035 244233 7433 147758 96475 38602 885 6548 79497 32801 68261 5801 1173 282 75300 55783 5375 4197 13148 12742 70176 28899 21119 406 14876 832 191 124 42107
is_linear=0
shrinkage=0.05


Tree=34
num_leaves=31
num_cat=0
split_feature=0 5 5 8 0 17 22 23 22 23 19 24 19 13 20 24 5 20 24 17 5 20 24 22 22 13 23 1 22 13
split_gain=273.825 87.8367 71.2622 29.1135 21.7633 21.1473 19.3157 33.8833 18.6133 17.107 16.7113 14.3765 14.2294 13.6627 12.7766 14.0409 12.4566 12.3695 11.6738 11.3994 11.2824 11.0924 10.6771 10.2987 13.4649 10.8514 9.60482 9.12283 9.02916 22.3612
threshold=13.345000000000001 30.295000000000005 7.1435714285714305 60.500000000000007 4.8550000000000013 138.50000000000003 -0.98214942551678475 -0.15950993297387572 -0.28519255817492867 -0.92272482904738262 43.655000000000008 0.095000000000000015 15.415000000000001 1.0000000180025095e-35 309.30000000000001 -0.43999999999999995 52.487142857142864 456.60000000000008 -0.43999999999999995 173.50000000000003 11.395000000000001 426.60000000000008 -0.65999999999999981 -0.048361574224334618 0.48314048284850658 1.8500000000000003 -0.3744658827978154 85.335000000000022 0.97875492728876534 3.6500000000000008
decision_type=2 2 2 2 2 2 2 2 2 2 2 8 2 2 10 8 2 10 10 2 2 10 8 2 2 2 2 2 2 2
left_child=2 8 4 10 -1 -4 7 18 9 -2 -3 -11 -13 17 -6 -16 22 -12 -7 -17 21 -20 26 -24 -25 -26 -8 -5 -21 -30
right_child=1 3 5 27 14 6 16 -9 -10 11 13 12 -14 -15 15 19 -18 -19 20 28 -22 -23 23 24 25 -27 -28 -29 29 -31
leaf_value=-0.0096345764979440945 0.0097264089847354379 0.0098071360991653037 -0.0030646566201126897 0.034071106421504231 -0.0051670303847985172 -0.0029619857323286585 0.016811084091297751 0.0021090697653796549 0.00045836302372708317 0.0017162227490374134 0.029152145561206738 0.0036872972606291536 0.0095974221137128963 0.014277472341878143 -0.0060901135088261196 -0.0034201802905153601 0.044980785854730192 0.013870912426851102 0.021003183043871023 0.0010334060931245434 0.010338143769640221 0.011740542293856869 0.00021194968887609054 -0.0038574164679930772 0.0026667736558182017 -0.0014538175329740365 -0.0064121412846081111 0.044079272123693676 0.015391603163397645 -0.0011353446544428328
leaf_weight=35569 1267 4544 52370 161 43105 109 68 4007 18072 12494 313 5474 5247 1975 6195 6771 52 299 205 7351 135 109 35410 15870 4128 23852 4250 172 279 415
leaf_count=35569 1267 4544 52370 161 43105 109 68 4007 18072 12494 313 5474 5247 1975 6195 6771 52 299 205 7351 135 109 35410 15870 4128 23852 4250 172 279 415
internal_value=-0.000942372 0.00242333 -0.00164308 0.00742631 -0.00266565 -0.000917904 -0.000445321 0.0027218 0.0015458 0.00244424 0.00675151 0.00213547 0.00347869 0.00995941 -0.00211539 -0.00110442 -0.0006182 0.0164869 0.0142652 -0.00026863 0.0178285 0.0230255 -0.000633421 -0.000501515 -0.00101368 -0.000353825 -0.00305466 0.0218769 0.00100373 0.00645533
internal_weight=290268 50018 240250 7464 99685 140565 88195 4565 42554 24482 7131 23215 10721 2587 64116 21011 83630 612 558 14816 449 314 83578 79260 43850 27980 4318 333 8045 694
internal_count=290268 50018 240250 7464 99685 140565 88195 4565 42554 24482 7131 23215 10721 2587 64116 21011 83630 612 558 14816 449 314 83578 79260 43850 27980 4318 333 8045 694
is_linear=0
shrinkage=0.05


Tree=35
num_leaves=31
num_cat=0
split_feature=5 5 5 4 17 22 22 5 13 17 2 22 22 13 9 16 14 13 22 9 4 9 16 4 14 15 22 14 21 22
split_gain=248.431 81.1628 67.5017 25.5258 23.5376 23.1884 19.6976 16.8506 16.4937 15.4362 12.6216 11.7224 20.0508 10.297 10.0164 9.39968 9.95138 9.034 8.32256 8.00801 9.08626 7.83606 6.58893 6.39748 6.3791 6.23013 6.3985 6.58727 6.31317 6.14113
threshold=12.765000000000002 30.295000000000005 6.8164285714285731 134.03500000000003 136.50000000000003 -0.98214942551678475 -0.99630266176052629 4.8992857142857158 2.5500000000000003 143.50000000000003 7.9000000000000021 0.97875492728876534 0.99466373373798567 1.0000000180025095e-35 85.226921081542983 11.450000000000001 26.850000000000005 1.9500000000000002 -0.98803845231459242 19.399709701538089 189.73500000000004 79.653789520263686 11.450000000000001 11.145000000000001 32.250000000000007 53.500000000000007 0.98522604642031408 31.650000000000002 30.600000000000005 -0.048361574224334618
decision_type=2 2 2 2 2 2 2 2 2 2 2 2 2 2 2 2 2 2 2 2 2 2 2 2 2 2 2 2 8 2
left_child=2 9 7 13 21 6 -6 -1 11 -2 15 23 25 -3 18 -11 -17 -9 -8 20 -5 -4 -20 -7 -22 26 -13 -28 -27 -10
right_child=1 3 4 19 5 8 14 17 29 10 -12 12 -14 -15 -16 16 -18 -19 22 -21 24 -23 -24 -25 -26 28 27 -29 -30 -31
leaf_value=-0.010705482194916988 0.00043438236321751501 0.017904963867150965 -0.001831734440966025 0.017435834939689723 -0.0035551129381034734 -0.0017219775691891823 0.0096513803576020827 -0.0019413000226481134 -0.00095476207608658447 0.002047919684772232 0.01101098706213173 0.016491400660174207 -0.0090850278238401305 0.0088507584990693035 0.0031096401932079387 0.014759793367760683 0.0049312657146714754 -0.0051698366353089423 0.017123090811221191 0.014238186879150931 0.021598814923596114 -0.0040186027255360978 0.0099577431959285128 0.00087658119237542329 0.038214659549777069 0.011374871114287277 -0.0027364393237070536 0.014048829302097849 -0.0012674080230796287 -0.0028508099781142222
leaf_weight=24030 17416 1055 18022 491 1763 7669 1157 9657 29337 14332 2081 98 436 4854 1192 250 8373 53336 338 789 199 36153 205 17529 384 449 75 160 187 38251
leaf_count=24030 17416 1055 18022 491 1763 7669 1157 9657 29337 14332 2081 98 436 4854 1192 250 8373 53336 338 789 199 36153 205 17529 384 449 75 160 187 38251
internal_value=-0.000929453 0.00226844 -0.00159854 0.00696603 -0.000966241 -0.000507154 0.0029377 -0.00271038 -0.000677401 0.00140841 0.00220363 0.000377212 0.00482206 0.00535708 0.00547718 0.00186561 0.00317001 -0.00228065 0.00794118 0.0120692 0.014879 -0.00180388 0.0130479 0.000129374 0.0190995 0.00882869 0.0143694 0.00989362 0.00592767 -0.0010925
internal_weight=290268 50224 240044 7772 153021 98846 4655 87023 94191 42452 25036 26603 1405 5909 2892 22955 8623 62993 1700 1863 1074 54175 543 25198 583 969 333 235 636 67588
internal_count=290268 50224 240044 7772 153021 98846 4655 87023 94191 42452 25036 26603 1405 5909 2892 22955 8623 62993 1700 1863 1074 54175 543 25198 583 969 333 235 636 67588
is_linear=0
shrinkage=0.05


Tree=36
num_leaves=31
num_cat=0
split_feature=5 0 4 13 8 4 17 23 4 5 23 0 23 23 23 23 23 11 14 17 23 23 4 2 23 23 17 20 20 23
split_gain=227.15 72.1172 67.3331 26.3465 22.3078 20.9633 18.407 21.6851 14.1635 12.9315 12.2213 12.5285 11.2512 11.1733 11.863 11.137 12.6313 10.7169 10.6515 11.015 9.75959 12.2541 8.87705 8.54124 8.46526 15.321 8.3271 10.3081 8.11547 7.64949
threshold=13.61214285714286 5.9350000000000014 102.57500000000002 3.6500000000000008 66.500000000000014 30.225000000000005 151.50000000000003 0.80290535434334509 7.9150000000000009 10.245000000000003 -0.77243990499604276 13.565000000000003 0.39629089145655322 0.097680735332368748 -0.082691941062253513 0.18281312110578132 0.36447543099728863 21.644999504089359 31.650000000000002 250.50000000000003 -0.20180761162458913 -0.16799793862756093 14.545000000000002 18.555000000000007 -0.5129677127369543 -0.61236746317008228 143.50000000000003 583.65000000000009 573.90000000000009 -0.44505783185115427
decision_type=2 2 2 2 2 2 2 2 2 2 2 2 2 2 2 2 2 2 2 2 2 2 2 2 2 2 2 10 8 2
left_child=1 8 5 6 24 26 -3 10 -1 28 11 -8 13 14 20 18 -17 23 -15 -20 29 -22 -18 -7 25 -4 -2 -28 -5 -12
right_child=2 3 4 9 -6 17 7 -9 -10 -11 12 -13 -14 15 -16 16 22 -19 19 -21 21 -23 -24 -25 -26 -27 27 -29 -30 -31
leaf_value=-0.0092210550332850055 8.0767731066047835e-05 -0.0018156284193565229 0.01314772536116845 -0.0027466058031683505 0.041497805155298169 0.0054162604292247903 -0.0015540945279080656 -0.002861176168475925 -0.0044424285645443462 -0.00077393859914583684 0.0049732322941143459 0.0053579004192667182 0.00047707822395664053 0.0074781661341316577 -0.0068352760358832395 0.0017381455589111469 0.010295894841337253 0.018096022961718188 0.0065419520819834376 0.014472999413913487 0.016828310094936596 0.0049885932221024236 -0.0010373608668875652 0.012960211987594148 0.013082512931350546 0.027612794052577879 0.0028471194554652206 0.012297476309292964 -0.0051890899751723899 -0.00065335847197947779
leaf_weight=32542 10735 27864 646 72204 169 11359 8910 7815 39612 26060 3553 1694 6267 590 1020 1450 366 1468 131 298 465 1336 122 797 1588 427 14251 884 13469 2176
leaf_count=32542 10735 27864 646 72204 169 11359 8910 7815 39612 26060 3553 1694 6267 590 1020 1450 366 1468 131 298 465 1336 122 797 1588 427 14251 884 13469 2176
internal_value=-0.000906198 -0.00148409 0.00247921 -0.000937768 0.00992933 0.00194536 -0.000129339 0.000614344 -0.00281509 -0.00140124 0.00125661 -8.67609e-05 0.00205806 0.00298644 0.00207017 0.00563578 0.00341073 0.00353274 0.00986752 0.0158625 0.00275564 0.00596613 0.0103689 0.00304541 0.0088106 0.0122414 0.00110939 0.00186488 -0.00169791 0.00174638
internal_weight=290268 247944 42324 175790 2830 39494 64057 36193 72154 111733 28378 10604 17774 11507 8550 2957 1938 13624 1019 429 7530 1801 488 12156 2661 1073 25870 15135 85673 5729
internal_count=290268 247944 42324 175790 2830 39494 64057 36193 72154 111733 28378 10604 17774 11507 8550 2957 1938 13624 1019 429 7530 1801 488 12156 2661 1073 25870 15135 85673 5729
is_linear=0
shrinkage=0.05


Tree=37
num_leaves=31
num_cat=0
split_feature=5 5 5 17 24 20 4 18 24 9 24 22 11 13 22 22 17 9 5 17 22 9 24 24 13 22 11 15 13 14
split_gain=206.034 76.6671 53.048 22.1378 24.4728 26.3154 21.1767 15.3703 13.1368 12.9138 15.8652 15.7236 11.0769 10.0833 14.8871 16.6592 9.98998 9.40086 9.2607 9.17661 9.06401 9.04429 8.08857 15.4217 11.5609 10.301 8.04722 7.99536 7.96028 7.8927
threshold=11.467857142857145 30.295000000000005 5.7907142857142864 149.50000000000003 -0.43999999999999995 292.80000000000001 134.03500000000003 24.385000000000002 0.16500000000000004 998.87963867187511 -0.049999999999999996 -0.85227431625818906 2.2649999856948857 3.6500000000000008 0.97875492728876534 0.98522604642031408 149.50000000000003 65.907573699951186 7.6150000000000011 297.50000000000006 -0.98214942551678475 483.01396179199224 -0.43999999999999995 -0.029999999999999995 4.9500000000000011 0.9916835347852474 22.82499980926514 48.500000000000007 1.0000000180025095e-35 31.650000000000002
decision_type=2 2 2 2 8 10 2 2 10 2 10 2 2 2 2 2 2 2 2 2 2 2 8 10 2 2 2 2 2 2
left_child=2 7 22 17 -5 8 16 12 -6 11 19 -7 21 14 -13 18 -3 -4 -16 -11 -10 -2 -1 24 25 -24 -8 -28 -18 -17
right_child=1 6 3 4 5 9 26 -9 20 10 -12 13 -14 -15 15 29 28 -19 -20 -21 -22 -23 23 -25 -26 -27 27 -29 -30 -31
leaf_value=-0.010912733806918021 0.00022593383820286228 0.005355472949363547 -0.0017119673128042252 -0.0043228744636610765 -0.00051062758019421758 0.004487556727084608 0.015659632272102673 0.0067143866700229426 0.011897599778636428 0.0094168611663679753 -0.0065079555611087195 0.00071893142075485925 0.0044788852277540389 -0.0015624841915745232 0.018712994566841414 -0.0014162675629043435 0.021099317562014826 -0.0039819010897983167 0.013282268092475494 0.00074137998035024328 -0.0038927474630956506 0.0036803909742942017 0.0024084452758169101 -0.0078181217700994676 -0.003691842325178084 0.01423848037333017 0.038230047171033267 0.018798724594462368 0.010519891895701074 0.0089292501395158552
leaf_weight=15093 40625 2672 16773 23854 20742 5397 1433 5257 225 871 431 14792 8884 16667 94 519 660 51252 233 367 20879 4476 2887 25779 5918 58 183 247 2577 423
leaf_count=15093 40625 2672 16773 23854 20742 5397 1433 5257 225 871 431 14792 8884 16667 94 519 660 51252 233 367 20879 4476 2887 25779 5918 58 183 247 2577 423
internal_value=-0.00088725 0.00154415 -0.00161708 -0.00120445 -0.000750944 -0.000339296 0.00621333 0.000931601 -0.00121469 0.000581242 0.00488616 0.000392786 0.00068028 -1.95563e-05 0.000874477 0.00607171 0.00474784 -0.00190776 0.0157951 0.00776252 -0.00209297 0.000362408 -0.0030567 -0.00263582 -0.000836625 0.00172326 0.0108615 0.0168605 0.00661569 0.00269639
internal_weight=290268 67014 223254 173519 105494 81640 7772 59242 41846 39794 1669 38125 53985 32728 16061 1269 5909 68025 327 1238 21104 45101 49735 34642 8863 2945 1863 430 3237 942
internal_count=290268 67014 223254 173519 105494 81640 7772 59242 41846 39794 1669 38125 53985 32728 16061 1269 5909 68025 327 1238 21104 45101 49735 34642 8863 2945 1863 430 3237 942
is_linear=0
shrinkage=0.05


Tree=38
num_leaves=31
num_cat=0
split_feature=0 4 0 2 22 23 17 24 24 22 23 20 22 8 9 5 22 4 23 13 24 22 1 9 22 22 23 22 8 9
split_gain=188.548 72.7319 48.706 27.3082 20.504 20.1731 15.0134 20.3773 25.118 23.2563 20.563 17.4608 15.5965 13.681 11.6871 11.5856 11.3059 9.68646 8.18719 8.10543 11.0555 16.2079 11.4357 10.255 9.82058 8.60056 10.8701 21.5574 7.94866 7.90554
threshold=11.325000000000001 36.055000000000007 5.3550000000000013 30.32 -0.28519255817492867 -0.92272482904738262 149.50000000000003 -0.43999999999999995 -0.049999999999999996 -0.98214942551678475 -0.14250536273956091 436.60000000000008 0.98049069993378934 13.500000000000002 55.44726753234864 5.3335714285714309 0.99552231814189451 189.73500000000004 0.14888728888808328 3.8500000000000001 -0.27499999999999997 0.59868201182722736 6.7550000000000008 998.87963867187511 0.85673801594079257 -0.11692013674435776 0.36447543099728863 -0.91597725483594616 2.5000000000000004 634.89492797851574
decision_type=2 2 2 2 2 2 2 8 10 2 2 10 2 2 2 2 2 2 2 2 8 2 2 2 2 2 2 2 2 2
left_child=2 4 15 13 5 -2 28 -8 12 10 11 -10 19 -3 18 -1 -14 -15 -7 20 23 25 24 -9 -23 26 -22 -28 -4 -16
right_child=1 3 6 -5 -6 14 7 8 9 -11 -12 -13 16 17 29 -17 -18 -19 -20 -21 21 22 -24 -25 -26 -27 27 -29 -30 -31
leaf_value=-0.0096822195856145713 0.0069941580545098987 0.0073524413151740079 -0.0032479120233914194 0.022747058652963895 -0.00043846382678303271 0.0056592108066728201 -0.004046402591836174 -0.0016055138446926809 0.022207751517046261 -0.0021916672871092179 0.0040437857548974296 0.0049379863743197784 0.0081761865470921409 0.017204414347846385 -0.00020979011309765446 -0.0046338605939727218 0.0023113558471690773 0.034125833902122607 0.00028087695880031898 -4.1819338262275626e-05 0.0033029781491099065 0.012703442789222042 0.0037893144568257628 0.0082184495292310679 -0.0099960501483830483 -0.0064554768324242943 0.011486789151687516 -0.0036534021253474182 0.0035094074714561111 0.0042887292994489472
leaf_weight=24986 1785 9273 62815 931 31294 11822 22878 3407 137 44900 505 91 503 1157 13606 30394 404 202 3871 16918 3087 393 795 232 65 722 178 176 1550 1191
leaf_count=24986 1785 9273 62815 931 31294 11822 22878 3407 137 44900 505 91 503 1157 13606 30394 404 202 3871 16918 3087 393 795 232 65 722 178 176 1550 1191
internal_value=-0.00086279 0.00129359 -0.00161586 0.00494119 0.000630102 0.00151433 -0.00117291 -0.00077476 -0.000364281 -0.0010785 0.0077558 0.0202193 0.000848213 0.00422216 0.00121187 -0.00289365 0.00729327 0.00890728 0.00216243 0.000623146 0.00183048 0.00326255 0.0082482 -0.000300908 0.0145415 0.00176195 0.00280296 0.0111017 -0.00176299 0.000203756
internal_weight=290268 75132 215136 11563 63569 32275 159756 95391 72513 45633 733 228 26880 10632 30490 55380 907 1359 15693 25973 9055 5416 1253 3639 458 4163 3441 354 64365 14797
internal_count=290268 75132 215136 11563 63569 32275 159756 95391 72513 45633 733 228 26880 10632 30490 55380 907 1359 15693 25973 9055 5416 1253 3639 458 4163 3441 354 64365 14797
is_linear=0
shrinkage=0.05


Tree=39
num_leaves=31
num_cat=0
split_feature=5 5 5 8 17 24 20 18 8 9 23 24 22 13 17 13 22 23 22 14 14 23 20 24 9 23 22 22 24 17
split_gain=171.668 64.3962 42.6197 19.8219 18.2242 21.3763 23.3063 18.1529 13.274 12.3678 20.9566 11.9363 11.8054 10.3109 8.53716 8.52589 12.5947 15.9512 14.8046 12.358 10.3017 8.23933 8.22687 8.24429 8.16478 7.9316 7.60741 12.6348 26.2061 7.36844
threshold=10.68214285714286 32.962857142857153 5.7214285714285724 60.500000000000007 149.50000000000003 -0.43999999999999995 292.80000000000001 20.555000000000003 9.5000000000000018 998.87963867187511 0.94909129669788206 0.16500000000000004 -0.84315017450793706 1.0000000180025095e-35 155.50000000000003 3.6500000000000008 0.97875492728876534 0.097680735332368748 0.98522604642031408 31.650000000000002 30.850000000000005 -0.3744658827978154 429.10000000000008 1.3800000000000001 34.920574188232429 0.86004965528756494 0.80926549319045582 0.84313847884979054 -0.22499999999999995 124.50000000000001
decision_type=2 2 2 2 2 8 10 2 2 2 2 10 2 2 2 2 2 2 2 2 2 2 10 8 2 2 2 2 10 2
left_child=2 7 25 13 24 21 11 8 29 12 26 -7 -8 22 -5 16 -14 18 20 -19 -18 -6 23 -3 -4 -1 -11 28 -28 -2
right_child=1 3 4 14 5 6 9 -9 -10 10 -12 -13 15 -15 -16 -17 17 19 -20 -21 -22 -23 -24 -25 -26 -27 27 -29 -30 -31
leaf_value=-0.005584803514475923 -0.0007719899953913742 -0.0089521494944841042 -0.00040058998683400608 0.014776904026039546 0.011582251632619681 -0.00048987212328744951 0.0041996223706517429 0.0051472385554775148 0.013100732496529328 -0.0017732475893893946 0.011760535336389053 -0.0036285191967802572 0.00068738329655123947 0.0088864064506967554 0.035523363641620682 -0.0014076522829293287 0.019892214378401472 0.0054323318039034259 -0.0040846990246932299 0.014487605534953424 0.0093777289775244747 -0.0041843580605166837 0.012351893751016238 0.024710709603123243 -0.0035695813423478602 -0.0090237546242525248 -0.024363494265130185 0.0043812146081274473 0.017299121590612889 0.0011350127514565557
leaf_weight=33545 19714 54 6704 127 103 19394 4776 9608 1479 714 254 20426 13109 5124 190 15258 51 232 556 202 109 22897 874 300 56949 13905 51 493 62 43008
leaf_count=33545 19714 54 6704 127 103 19394 4776 9608 1479 714 254 20426 13109 5124 190 15258 51 232 556 202 109 22897 874 300 56949 13905 51 493 62 43008
internal_value=-0.000842292 0.00112093 -0.00159541 0.00582621 -0.00121012 -0.000784654 -0.000378996 0.000695781 0.000392438 0.000545486 0.00487929 -0.0012117 0.000346571 0.00521725 0.0180284 -2.6596e-05 0.000852443 0.00586956 0.00128492 0.0134332 0.0146875 -0.00211957 0.00933225 0.0157627 -0.00186975 -0.00291359 0.00234848 0.00646865 0.0215487 0.000282037
internal_weight=290268 80478 209790 6669 162340 98687 75687 73809 64201 35867 1574 39820 34293 6352 317 29517 14259 1150 716 434 160 23000 1228 354 63653 47450 1320 606 113 62722
internal_count=290268 80478 209790 6669 162340 98687 75687 73809 64201 35867 1574 39820 34293 6352 317 29517 14259 1150 716 434 160 23000 1228 354 63653 47450 1320 606 113 62722
is_linear=0
shrinkage=0.05


Tree=40
num_leaves=31
num_cat=0
split_feature=0 0 0 8 24 23 16 21 24 17 24 23 2 23 24 13 23 23 8 23 23 19 9 23 23 1 23 24 14 24
split_gain=157.467 53.718 43.7718 20.2189 15.9988 16.0962 12.8335 12.7425 15.2622 15.5437 14.4302 11.7378 11.6325 10.9391 9.91602 13.1463 10.3943 17.2116 9.52347 9.28751 9.52269 9.0857 9.01339 14.2321 8.63424 8.39213 8.38742 7.87384 7.61974 7.60653
threshold=11.075000000000001 28.535000000000004 5.4350000000000014 27.500000000000004 1.3150000000000002 0.50370931781787065 15.050000000000002 177.50000000000003 -0.43999999999999995 155.50000000000003 -0.049999999999999996 -0.19337245081799007 18.555000000000007 -0.43733099657705293 -0.27499999999999997 5.6500000000000012 0.097680735332368748 0.80290535434334509 7.5000000000000009 -0.074115882986646633 0.39629089145655322 15.415000000000001 998.87963867187511 0.91159213926341531 -0.58481178939031186 7.3150000000000004 0.86004965528756494 -0.40499999999999997 29.250000000000004 -0.77999999999999992
decision_type=2 2 2 2 8 2 2 8 8 2 10 2 2 2 8 2 2 2 2 2 2 2 2 2 2 2 2 10 2 8
left_child=2 4 26 12 18 11 -5 8 -4 27 14 13 -3 21 22 16 -16 25 -2 -13 -21 -6 -11 -24 -23 -18 29 -10 -25 -1
right_child=1 3 7 6 5 -7 -8 -9 9 10 -12 19 -14 -15 15 -17 17 -19 -20 20 -22 24 23 28 -26 -27 -28 -29 -30 -31
leaf_value=-0.011370065554107026 0.00010475003245312481 0.0064480968168293268 -0.0037290555947216333 0.029572820417308979 0.0022588112334949503 -0.0023562847495167557 0.0082165438539294859 -0.0037441792715567756 0.0026657010096107383 -0.0013537370290134254 -0.0012675531956165519 0.017016305392595878 0.015095134849079685 -0.0044056232865345782 0.0031710294018108551 0.00053855354220213225 0.010179966432625823 -0.0058960889796070039 0.01387360795553929 0.0050904579586279917 0.011701093051176611 0.0054264902225675538 -0.0023946898211205541 0.006332326347207754 0.017953622383487827 0.0037659578178163827 -0.0086108786530122352 -0.0025125628345478365 0.0080675743051250755 -0.0043186910734251873
leaf_weight=6116 50956 6857 27902 611 6573 2909 270 25200 1929 9257 33439 810 1569 1870 3389 7867 1023 410 870 2387 589 2489 620 265 568 1276 14776 40342 304 36825
leaf_count=6116 50956 6857 27902 611 6573 2909 270 25200 1929 9257 33439 810 1569 1870 3389 7867 1023 410 870 2387 589 2489 620 265 568 1276 14776 40342 304 36825
internal_value=-0.00081921 0.00107982 -0.00153338 0.00464865 0.00060546 0.00188101 0.0118558 -0.00109132 -0.000889021 -0.000600824 -6.82812e-05 0.00252976 0.00389509 0.00173478 0.000855965 0.00172753 0.00346999 0.00577888 0.000157642 0.00494453 0.00365255 0.00241433 -0.00030921 0.0037889 0.00466634 0.00746194 -0.00270692 -0.00132964 0.00949912 -0.00235335
internal_weight=290268 79328 210940 9307 70021 18195 881 153223 128023 100121 57850 15286 8426 11500 24411 13965 6098 2709 51826 3786 2976 9630 10446 1189 3057 2299 57717 42271 569 42941
internal_count=290268 79328 210940 9307 70021 18195 881 153223 128023 100121 57850 15286 8426 11500 24411 13965 6098 2709 51826 3786 2976 9630 10446 1189 3057 2299 57717 42271 569 42941
is_linear=0
shrinkage=0.05


Tree=41
num_leaves=31
num_cat=0
split_feature=5 4 0 4 13 21 24 24 24 22 22 11 8 22 22 9 22 24 22 22 15 22 22 22 24 8 4 22 22 17
split_gain=145.005 51.0202 41.7583 22.2667 19.0946 15.7363 20.8838 13.6974 14.7751 17.2992 12.2865 10.6524 10.5238 10.155 9.92935 9.38515 8.94755 18.1381 14.1582 20.9194 10.4613 10.4481 20.3354 17.6203 24.5299 8.83231 8.38107 7.9145 26.3831 10.9297
threshold=10.68214285714286 30.225000000000005 4.8550000000000013 134.03500000000003 5.7500000000000009 82.500000000000014 -0.43999999999999995 -0.089999999999999983 -0.27499999999999997 -0.96689237009891416 -0.98214942551678475 29.204999923706058 65.500000000000014 -0.99275805973510278 -0.98803845231459242 998.87963867187511 0.79904096188274243 -0.22499999999999995 -0.26866367175705824 -0.33425342068356556 67.500000000000014 0.58481550752069722 0.67802080537253961 0.65233619298682533 -0.22499999999999995 18.500000000000004 6.3850000000000007 0.97696484778429815 0.99466373373798567 199.50000000000003
decision_type=2 2 2 2 2 8 8 10 8 2 2 2 2 2 2 2 2 10 2 2 2 2 2 2 10 2 2 2 2 2
left_child=2 25 26 11 5 6 14 8 10 -10 13 -3 -5 -8 -4 -12 18 -18 19 -11 -19 -20 23 -23 -25 -2 -1 -9 29 -29
right_child=1 3 4 12 -6 -7 7 27 9 16 15 -13 -14 -15 -16 -17 17 20 21 -21 -22 22 -24 24 -26 -27 -28 28 -30 -31
leaf_value=-0.011764095000576309 0.00052053758620242889 0.0048774430865882127 0.0058163072023955193 0.014013555499597104 -0.0028959827189401818 -0.0030267939934814012 -0.0064497613430302379 -0.00098813766993075501 -0.0055592910047087265 0.0049184860605974668 -0.0024031322885687788 0.017362272432194174 0.033616675097337442 0.015808087927809574 -0.0044151592342913052 0.0054914064917311392 -0.0059937320087559472 0.0077976592337045143 -0.003952652203592027 0.010088981618257151 0.011806938641698385 0.0031860202169383478 -0.005186066922695202 0.015017540360064403 -0.0068286117337151885 0.017858859493252111 -0.0052461644703273745 0.00076603915233334618 -0.0074512099621564035 0.0096443727167343091
leaf_weight=11519 63400 13458 929 1713 98165 16512 131 25058 1125 3573 5254 1239 150 280 9334 383 230 356 1549 369 83 767 855 204 83 518 29629 717 1246 1439
leaf_count=11519 63400 13458 929 1713 98165 16512 131 25058 1125 3573 5254 1239 150 280 9334 383 230 356 1549 369 83 767 855 204 83 518 29629 717 1246 1439
internal_value=-0.000793371 0.00101096 -0.00148553 0.0034843 -0.00113708 -0.000509174 -9.58967e-05 0.000380759 0.00159034 0.00285295 -0.000329036 0.00283153 0.00863392 0.00801703 -0.0021256 -0.000937557 0.00366278 0.0092003 0.00316216 0.00521055 0.0151595 0.000827066 0.00330278 0.00795066 0.0185192 0.000370161 -0.00291363 -0.000267043 0.00199588 0.00534323
internal_weight=290268 80478 209790 16560 168642 70477 53965 43702 15242 9194 6048 14697 1863 411 10263 5637 8069 669 7400 3942 439 3458 1909 1054 287 63918 41148 28460 3402 2156
internal_count=290268 80478 209790 16560 168642 70477 53965 43702 15242 9194 6048 14697 1863 411 10263 5637 8069 669 7400 3942 439 3458 1909 1054 287 63918 41148 28460 3402 2156
is_linear=0
shrinkage=0.05


Tree=42
num_leaves=31
num_cat=0
split_feature=5 5 5 5 20 24 9 24 9 24 22 8 8 15 22 22 24 22 23 5 2 15 24 9 23 22 24 18 22 23
split_gain=130.978 47.1386 37.5947 18.4603 17.8967 16.6207 12.5011 12.4248 11.9347 14.6156 11.3558 10.8529 8.91845 8.80993 11.8208 14.3692 8.62994 8.50202 8.25072 8.66001 7.88333 7.07356 6.92691 7.10579 12.3623 16.7404 6.86768 10.5412 8.71357 7.22716
threshold=10.350000000000003 21.38571428571429 5.2550000000000017 105.33500000000002 263.90000000000003 -0.43999999999999995 39.290842056274421 -0.42499999999999993 998.87963867187511 -0.029999999999999995 -0.98803845231459242 3.5000000000000004 27.500000000000004 53.500000000000007 0.97875492728876534 0.99053107487289871 0.24500000000000002 -0.98214942551678475 0.94909129669788206 7.0835714285714309 18.555000000000007 48.500000000000007 inf 998.87963867187511 0.91159213926341531 -0.0053757284505435614 -0.58499999999999985 6.5650000000000004 -0.99467753128998015 -0.056951011027366626
decision_type=2 2 2 2 10 8 2 10 2 10 2 2 2 2 2 2 8 2 2 2 2 2 8 2 2 2 10 2 2 2
left_child=2 6 -1 20 16 10 12 -7 13 18 26 -5 21 14 -9 -16 -4 -18 -10 -20 -3 -2 23 -8 -25 -26 29 28 -28 -6
right_child=1 3 4 11 5 7 22 8 9 -11 -12 -13 -14 -15 15 -17 17 -19 19 -21 -22 -23 -24 24 25 -27 27 -29 -30 -31
leaf_value=-0.0069800151921656844 0.0066207164778193973 0.0055392142877869763 -0.0020820291614286413 0.0071959409178097931 0.0035527204855234796 0.004515869300880695 -0.00041586785953716269 0.00072244830353935131 0.004294149265020108 -0.0056569025383368162 -0.004145582163352742 0.024655400047206302 0.026194851891781102 -0.0013182778455789932 0.012455777092609735 -0.0028492962499635588 0.013256044832533282 -0.0044435003112046657 0.0024875966879038757 0.010264166668177421 0.01262163952346157 0.0017685126024138893 0.011757131865600956 0.0008661377982977647 0.013493078544932063 0.0021745820903320639 0.0096451386491952628 0.0080482819495030482 0.01909042842895671 -0.0090759635988473461
leaf_weight=33249 2006 12093 39803 494 616 1993 49798 6728 1643 804 19185 580 349 62527 301 238 164 34103 119 219 1348 17325 726 1817 288 361 92 384 54 861
leaf_count=33249 2006 12093 39803 494 616 1993 49798 6728 1643 804 19185 580 349 62527 301 238 164 34103 119 219 1348 17325 726 1817 288 361 92 384 54 861
internal_value=-0.000772529 0.000848482 -0.00146844 0.00344988 -0.00116744 -0.000716032 0.000328883 -0.000364883 -0.000471832 0.00273788 -0.00195168 0.00975791 0.00140498 -0.000599909 0.00104789 0.00817254 -0.00175105 -0.00233271 0.00504543 0.0121598 0.00294584 0.00126196 -7.07693e-05 -0.000138146 0.00248175 0.00840524 0.0016268 0.00650943 0.0179452 -0.000125255
internal_weight=290268 87185 203083 14515 169834 95764 72670 74572 72579 2785 21192 1074 19680 69794 7267 539 74070 34267 1981 338 13441 19331 52990 52264 2466 649 2007 530 146 1477
internal_count=290268 87185 203083 14515 169834 95764 72670 74572 72579 2785 21192 1074 19680 69794 7267 539 74070 34267 1981 338 13441 19331 52990 52264 2466 649 2007 530 146 1477
is_linear=0
shrinkage=0.05


Tree=43
num_leaves=31
num_cat=0
split_feature=5 4 5 13 8 4 21 23 24 24 22 23 23 22 13 24 22 23 24 23 1 22 22 24 23 22 23 23 9 23
split_gain=118.375 39.8721 36.0053 16.6479 15.3623 14.336 13.35 14.1301 10.7568 16.9826 16.0921 12.9424 17.6684 12.7509 8.03555 8.00642 20.8041 31.9771 10.5043 8.4885 8.84029 8.44087 10.5421 11.5301 24.8714 11.3241 7.76363 16.3541 8.45159 10.6344
threshold=10.68214285714286 36.055000000000007 5.2550000000000017 4.1500000000000012 5.5000000000000009 189.73500000000004 82.500000000000014 0.80290535434334509 -0.089999999999999983 -0.27499999999999997 -0.96689237009891416 -0.96234030595689413 -0.94137724084408114 -0.98214942551678475 0.15000000000000005 0.24500000000000002 -0.98214942551678475 -0.14250536273956091 -0.43999999999999995 -0.3744658827978154 7.3950000000000005 -0.091260668982868151 -0.19337636264337835 1.7100000000000002 -0.99052477729077237 -0.15101209918632377 -0.99465740988130902 -0.98212955754013376 998.87963867187511 0.91159213926341531
decision_type=2 2 2 2 2 2 8 2 10 8 2 2 2 2 2 10 2 2 8 2 2 2 2 10 2 2 2 2 2 2
left_child=2 14 -1 6 -3 -6 7 8 9 13 -11 -12 -13 -4 -2 18 17 -17 19 20 -5 22 -18 -24 -25 -26 -20 -28 -29 -30
right_child=1 4 3 15 5 -7 -8 -9 -10 10 11 12 -14 -15 -16 16 21 -19 26 -21 -22 -23 23 24 25 -27 27 28 29 -31
leaf_value=-0.0066310144325573972 0.0037221963390691656 0.0054113937402486293 0.0073124015978960942 -0.0033783092726857688 0.013427778779844185 0.026585497538144421 -0.0027044314371793159 -0.0031694154786241005 -0.00040304733837015695 -0.0055234267570592197 -0.0020706694227133936 0.010418197140327533 0.0049928546684307558 -0.0026961863764440545 0.00037826325437607147 0.0218975855067708 -0.0021453042234304983 -0.0035784553508462604 -0.006539838111169218 -0.0038228742817319294 0.018728645046797436 -0.0046716568702945159 -0.0032737205530940735 0.016822802163285171 0.010276262296027169 -0.0093719544917741492 0.0049150015526627025 -0.0016031109704720309 0.00058601046691218674 0.0059797564135676143
leaf_weight=33249 7212 9676 1351 107 2449 444 13920 8098 22459 947 1001 337 5234 4727 60697 156 8752 267 2213 24261 117 33209 528 82 300 230 1442 42777 3509 517
leaf_count=33249 7212 9676 1351 107 2449 444 13920 8098 22459 947 1001 337 5234 4727 60697 156 8752 267 2213 24261 117 33209 528 82 300 230 1442 42777 3509 517
internal_value=-0.000747896 0.000882352 -0.00137328 -0.00108901 0.00346925 0.00666609 -0.000395531 3.01207e-05 0.000454015 0.00156395 0.00315268 0.00403074 0.00497128 -0.000401449 0.000403554 -0.00142896 -0.00196834 0.00906619 -0.00111572 -0.00196549 0.00772321 -0.00207664 -0.000794583 0.00372807 0.00839869 0.00443396 -0.000703358 -0.000570527 -0.000732112 0.00145802
internal_weight=290268 80478 209790 176541 12569 2893 58074 44154 36056 13597 7519 6572 5571 6078 67909 118467 43524 423 74943 24485 224 43101 9892 1140 612 530 50458 48245 46803 4026
internal_count=290268 80478 209790 176541 12569 2893 58074 44154 36056 13597 7519 6572 5571 6078 67909 118467 43524 423 74943 24485 224 43101 9892 1140 612 530 50458 48245 46803 4026
is_linear=0
shrinkage=0.05


Tree=44
num_leaves=31
num_cat=0
split_feature=0 4 0 2 23 20 24 24 22 22 23 24 22 23 9 5 22 13 4 8 3 22 22 16 24 9 23 23 24 3
split_gain=109.739 40.0674 35.6625 16.944 11.6178 11.1232 12.0305 15.188 11.2316 11.071 18.6281 10.168 17.036 16.0564 26.0232 12.8405 11.748 10.0157 8.27999 8.25279 8.10068 11.5154 9.19725 7.72576 7.682 7.60606 7.4159 11.0897 16.7088 18.4334
threshold=10.595000000000001 22.255000000000006 4.8550000000000013 18.555000000000007 0.9989598388634241 169.30000000000004 -0.43999999999999995 -0.40499999999999997 -0.98803845231459242 -0.30163705152652742 -0.92272482904738262 -0.58499999999999985 -0.99275805973510278 -0.074115882986646633 305.59574890136724 8.3978571428571467 -0.99467753128998015 0.45000000000000007 6.3850000000000007 3.5000000000000004 7.5316666666666672 -0.108376950152639 -0.98214942551678475 6.9500000000000011 -0.089999999999999983 55.44726753234864 -0.99628250747696534 -0.97874870457683594 1.7100000000000002 8.1016666666666683
decision_type=2 2 2 2 2 10 8 10 2 2 2 10 2 2 2 2 2 2 2 2 2 2 2 2 10 2 2 2 10 2
left_child=2 9 18 19 5 -4 8 20 11 10 23 13 -13 14 16 -14 -7 24 -1 -3 22 -22 -8 -2 -9 -12 -19 28 -28 -30
right_child=1 3 4 -5 -6 6 7 17 -10 -11 25 12 15 -15 -16 -17 -18 26 -20 -21 21 -23 -24 -25 -26 -27 27 -29 29 -31
leaf_value=-0.010504891077062041 0.010184808934639081 0.0030782742821316251 -0.0030289820570507005 0.014145930178754011 -0.011829071389617973 0.0046277960811248768 0.018388589625863552 0.0032523930068583183 -0.003457660784597224 -0.00085086974359712536 0.0028190020419048543 0.0048497385970383789 0.0085192191013281557 -0.01091945666761873 0.0099607749542918855 0.019390245558788186 -0.0097967372081632156 -0.00550341454506394 -0.0046917308865281442 0.010291107795641165 -0.00036304048475977547 0.011040824709924749 0.0050712921046446348 0.0038615096321757145 -0.00041563274435333703 -0.00046733803874776815 0.0013860245954950268 -0.0014938865824624271 0.023694902366431601 0.002950747343242654
leaf_weight=11519 191 20369 31490 1885 2451 223 125 3483 25187 34274 11836 605 74 1305 77 97 305 3404 30153 4289 3254 241 1779 1259 5841 13886 3894 76596 73 103
leaf_count=11519 191 20369 31490 1885 2451 223 125 3483 25187 34274 11836 605 74 1305 77 97 305 3404 30153 4289 3254 241 1779 1259 5841 13886 3894 76596 73 103
internal_value=-0.000730154 0.000743899 -0.00137135 0.00236729 -0.00103318 -0.000980236 -0.000771163 -0.000512335 -0.00168855 4.26379e-05 0.000796407 0.00138496 0.00621134 -0.000575917 0.00615702 0.0201462 0.00219697 -0.000661393 -0.0026747 0.00201801 0.00206612 0.000636623 0.00469012 0.00631034 0.000893392 0.000485575 -0.00083383 -0.000737363 0.0018059 0.016875
internal_weight=290268 87989 202279 26543 160607 158156 126666 98793 27873 61446 27172 2686 776 1910 605 171 528 93394 41672 24658 5399 3495 1904 1450 9324 25722 84070 80666 4070 176
internal_count=290268 87989 202279 26543 160607 158156 126666 98793 27873 61446 27172 2686 776 1910 605 171 528 93394 41672 24658 5399 3495 1904 1450 9324 25722 84070 80666 4070 176
is_linear=0
shrinkage=0.05


Tree=45
num_leaves=31
num_cat=0
split_feature=5 4 5 17 24 24 4 19 9 23 14 17 23 17 17 23 23 24 20 13 8 8 13 1 23 17 14 20 24 14
split_gain=101.361 32.9658 31.1589 17.1068 20.6895 22.0406 13.4223 11.2173 10.4236 15.8832 9.56242 11.0843 8.85514 8.84247 8.60643 12.3461 25.1901 10.8991 9.91663 7.78911 7.56894 7.43359 7.16339 9.29693 6.92924 6.9206 6.72279 6.32045 7.71783 13.8547
threshold=10.350000000000003 30.225000000000005 4.9978571428571437 149.50000000000003 -0.43999999999999995 -0.029999999999999995 189.73500000000004 9.3050000000000015 998.87963867187511 0.95436825032516992 27.350000000000005 300.50000000000006 0.53312596302726967 145.50000000000003 141.50000000000003 -0.52765736634565841 -0.57077231802681661 -0.27499999999999997 441.60000000000008 0.15000000000000005 8.5000000000000018 3.5000000000000004 5.6500000000000012 7.2350000000000012 -0.62587551141915865 323.50000000000006 29.150000000000002 175.10000000000002 1.4950000000000003 24.350000000000005
decision_type=2 2 2 2 8 10 2 2 2 2 2 2 2 2 2 2 2 10 10 2 2 2 2 2 2 2 2 10 10 2
left_child=2 13 -1 12 -5 8 14 -7 9 22 -10 -12 21 -2 -3 16 -16 18 -18 -15 -8 -4 23 25 -22 -6 -17 -9 -29 -30
right_child=1 6 3 4 5 7 20 27 10 -11 11 -13 -14 19 15 26 17 -19 -20 -21 24 -23 -24 -25 -26 -27 -28 28 29 -31
leaf_value=-0.0069373660525580139 -0.0007330784296131007 0.0022609970914429572 -0.0023173184106924181 -0.0032854769851694992 0.0054102237355521518 -0.0025859972283989482 0.00747243023805866 -0.0036605717983943112 -0.0012327105602697114 -0.0048597269267805672 0.0072690775182235982 -0.00063420592932273952 -0.0050598776066742446 0.0043701119658468559 0.00789973568529421 0.0089058554501906303 0.037331006920342399 0.00039183130934006976 0.020612345961281708 0.00077097474892178549 0.0036461127947822513 0.0060462204407683877 0.0001483484067085977 0.0010039946032360636 0.02914338493987613 -0.002961320995937643 0.0024866182819289584 0.00011033424207011755 0.018028507901681187 0.0036662727288162482
leaf_weight=26365 28460 6002 51447 26601 3316 35141 526 2367 986 3339 1602 655 16799 4943 3224 1218 177 81 166 37222 93 813 13690 7616 296 547 4777 9446 72 2281
leaf_count=26365 28460 6002 51447 26601 3316 35141 526 2367 986 3339 1602 655 16799 4943 3224 1218 177 81 166 37222 93 813 13690 7616 296 547 4777 9446 72 2281
internal_value=-0.000713445 0.000712564 -0.00132564 -0.00108642 -0.000692419 -0.000295345 0.00272041 -0.000956965 0.000732102 0.000426546 0.00341813 0.00521267 -0.00170065 0.000241769 0.00237616 0.00330136 0.00559485 0.0170519 0.0209475 0.00070141 0.00860656 -0.00137964 0.000856409 0.00177759 0.0138946 0.00377556 0.00190575 0.000230833 0.000703872 0.00326604
internal_weight=290268 87185 203083 176718 107659 81058 16560 49307 31751 28508 3243 2257 69059 70625 15645 9643 3648 424 343 42165 915 52260 25169 11479 389 3863 5995 14166 11799 2353
internal_count=290268 87185 203083 176718 107659 81058 16560 49307 31751 28508 3243 2257 69059 70625 15645 9643 3648 424 343 42165 915 52260 25169 11479 389 3863 5995 14166 11799 2353
is_linear=0
shrinkage=0.05


Tree=46
num_leaves=31
num_cat=0
split_feature=0 0 4 17 2 17 24 22 22 24 24 24 22 24 23 23 22 24 23 23 22 22 23 20 4 24 23 22 23 22
split_gain=92.6487 32.1585 31.5497 13.7529 13.846 13.4526 14.9787 14.2365 31.3842 14.0231 17.1484 19.3424 16.2324 25.1799 12.2912 17.0136 21.6186 26.8425 14.6376 28.1044 11.3266 9.91334 9.04813 8.38588 8.37402 8.24745 8.89063 8.45046 8.92069 8.04087
threshold=10.595000000000001 4.8550000000000013 22.255000000000006 141.50000000000003 18.555000000000007 149.50000000000003 -0.65999999999999981 -0.98214942551678475 -0.99275805973510278 0.16500000000000004 -0.27499999999999997 -0.18999999999999997 0.79904096188274243 -0.22499999999999995 0.81304046271159414 0.73136292505298039 0.65233619298682533 -0.22499999999999995 0.39629089145655322 0.36447543099728863 -0.95244167294248061 -0.86976336936302323 -0.15950993297387572 426.60000000000008 6.3850000000000007 -0.089999999999999983 0.41202506375868281 -0.98523971305672675 -0.074115882986646633 -0.03977009085991149
decision_type=2 2 2 2 2 2 8 2 2 10 8 10 2 10 2 2 2 10 2 2 2 2 2 10 2 10 2 2 2 2
left_child=1 24 21 -4 -5 -3 -7 8 -8 10 29 12 14 -14 15 18 -17 -18 19 20 -12 25 23 -10 -1 -2 27 28 -27 -9
right_child=2 5 3 4 -6 6 7 9 22 -11 11 -13 13 -15 -16 16 17 -19 -20 -21 -22 -23 -24 -25 -26 26 -28 -29 -30 -31
leaf_value=-0.0096398247177223728 0.00086247457961481254 -0.0025038388873337425 0.0014381761559600435 0.0049563994849227064 0.014976131754677328 -0.0043152402104307368 -0.0029901999505708796 -8.9677956899418036e-05 0.017897033546013234 -0.002159527491118726 -0.0091230185068571397 0.00015957373424377574 -0.006352676569493826 0.010620859093333214 -0.0064836587182750737 0.0035450407077423796 0.015448967865394837 -0.0030014124548691178 -0.0051267854925890052 0.010830430509504538 0.0051002401609938179 -0.00041670954055635307 0.0113077097930398 0.0070015880949275177 -0.0043205655332588548 0.01731175041836967 0.01011105845912276 0.00095726903526474703 -2.665416166778708e-05 -0.0028259916326651888
leaf_weight=11519 8439 64320 10005 15226 1312 10512 1562 12206 246 32140 478 19955 240 455 941 932 242 98 1370 176 2190 50038 627 99 30153 592 376 1647 354 11818
leaf_count=11519 8439 64320 10005 15226 1312 10512 1562 12206 246 32140 478 19955 240 455 941 932 242 98 1370 176 2190 50038 627 99 30153 592 376 1647 354 11818
internal_value=-0.000689502 -0.00127866 0.000664911 0.00210545 0.00299069 -0.000957525 -0.000583517 -0.000365201 0.00332675 -0.00047759 3.70822e-05 0.00089984 0.00313676 0.0103957 0.0023518 0.00325738 0.00832547 0.0191176 0.00172757 0.00377285 0.00249625 4.26379e-05 0.0103807 0.0168841 -0.00251632 0.00137272 0.00363927 0.00259738 0.00636364 -0.000935316
internal_weight=290268 202279 87989 26543 16538 160607 96287 85775 2534 83241 51101 27077 7122 695 6427 5486 1272 340 4214 2844 2668 61446 972 345 41672 11408 2969 2593 946 24024
internal_count=290268 202279 87989 26543 16538 160607 96287 85775 2534 83241 51101 27077 7122 695 6427 5486 1272 340 4214 2844 2668 61446 972 345 41672 11408 2969 2593 946 24024
is_linear=0
shrinkage=0.05


Tree=47
num_leaves=31
num_cat=0
split_feature=0 0 4 17 24 22 22 24 24 4 22 13 1 22 22 24 24 17 4 22 22 9 22 22 22 13 24 22 24 22
split_gain=84.1699 30.2238 28.4043 12.5341 14.3631 13.4084 14.5139 15.5867 19.2852 10.976 10.1533 12.0574 18.4403 9.87731 18.5779 9.57024 11.4556 8.49635 8.44689 8.20143 28.7828 8.78539 7.56597 7.4869 7.4654 6.98781 6.66703 9.5552 7.07475 9.59259
threshold=10.595000000000001 4.5550000000000006 24.635000000000002 149.50000000000003 -0.65999999999999981 -0.065535378769913874 0.49812943072827093 -0.029999999999999995 -0.24999999999999997 134.03500000000003 0.58481550752069722 3.8500000000000001 6.7550000000000008 -0.30163705152652742 -0.33425342068356556 0.05000000000000001 -0.42499999999999993 147.50000000000003 6.2950000000000008 -0.98214942551678475 -0.99275805973510278 119.25447845458986 0.51297097409535064 -0.96235977360714686 0.57077594689671507 0.75000000000000011 0.095000000000000015 -0.98523971305672675 1.9550000000000003 -0.91597725483594616
decision_type=2 2 2 2 8 2 2 10 10 2 2 2 2 2 2 10 10 2 2 2 2 2 2 2 2 2 8 2 10 2
left_child=1 18 13 -3 -5 19 -7 8 24 17 22 12 -12 14 26 16 -16 -4 -1 20 -6 25 -10 -21 -8 -22 -2 -28 29 -29
right_child=2 3 9 4 5 6 7 -9 10 -11 11 -13 -14 -15 15 -17 -18 -19 -20 23 21 -23 -24 -25 -26 -27 27 28 -30 -31
leaf_value=-0.0098029728847531979 3.4730509254987865e-05 -0.0024891718254462015 0.001496551770887066 -0.0041259544277741905 -0.002955528625497343 -0.0030274874516544713 0.001967527522556676 -0.0016398760431039967 0.0088198394468540341 0.011634692203871004 0.010720482332051662 0.002948699782530791 0.0028913040392638668 -0.00066808538719638293 -0.0027093643433961402 0.0026292514273534746 0.0080446527078161644 0.0053673831121509906 -0.0044492414727661557 -0.0052877652068659721 0.0072778072804014007 0.004911815658610574 -0.0059882222706625103 0.00054132846134036477 -0.0054645983068362658 0.016912491860029459 0.012124583398832543 -0.0045557230374303108 -0.0046619222385910044 0.0040686018731622992
leaf_weight=9622 19261 67187 8578 11201 1623 20741 720 24209 83 1838 643 3815 877 36054 104 332 387 11475 24566 1251 167 375 979 31367 2393 460 1175 1507 1127 6151
leaf_count=9622 19261 67187 8578 11201 1623 20741 720 24209 83 1838 643 3815 877 36054 104 332 387 11475 24566 1251 167 375 979 31367 2393 460 1175 1507 1127 6151
internal_value=-0.000668659 -0.00123021 0.000622293 -0.000954573 -0.000602257 -0.00039146 -0.000883218 -0.000243039 0.00147213 0.00218332 0.00304283 0.00393158 0.00769737 0.000105297 0.000774862 0.00818347 0.0126171 0.00184436 -0.00258541 0.000368441 0.00305714 0.00972056 -0.00142185 0.000152062 -0.00175554 0.0133413 0.000566201 0.00161646 0.00105008 0.00159441
internal_weight=290268 202279 87989 168091 100904 89703 54460 33719 9510 21891 6397 5335 1520 66098 30044 823 491 20053 34188 35243 2625 1002 1062 32618 3113 627 29221 9960 8785 7658
internal_count=290268 202279 87989 168091 100904 89703 54460 33719 9510 21891 6397 5335 1520 66098 30044 823 491 20053 34188 35243 2625 1002 1062 32618 3113 627 29221 9960 8785 7658
is_linear=0
shrinkage=0.05


Tree=48
num_leaves=31
num_cat=0
split_feature=5 8 0 4 21 24 13 5 24 17 17 24 23 23 23 23 24 23 17 1 23 19 24 23 14 5 23 8 23 17
split_gain=78.3623 28.7777 26.6043 14.0797 13.1763 17.924 15.6366 11.4891 11.3432 9.0303 8.26584 8.05775 7.8319 15.1302 7.80379 18.9655 7.63269 7.54617 9.12282 17.5563 14.033 7.44586 10.8963 7.23721 7.35865 7.23332 6.25928 6.12489 5.70738 5.61058
threshold=9.8564285714285749 3.5000000000000004 4.455000000000001 189.73500000000004 112.50000000000001 -0.43999999999999995 3.0500000000000003 14.396428571428574 -0.089999999999999983 147.50000000000003 147.50000000000003 -0.27499999999999997 -0.96234030595689413 -0.94137724084408114 -0.056951011027366626 -0.12545862287572049 0.24500000000000002 0.80290535434334509 219.50000000000003 6.995000000000001 0.36447543099728863 9.0950000000000006 1.4950000000000003 0.53312596302726967 23.850000000000005 4.3992857142857149 0.75438814418115718 40.500000000000007 -0.61236746317008228 181.50000000000003
decision_type=2 2 2 2 8 8 2 2 10 2 2 8 2 2 2 2 10 2 2 2 2 2 10 2 2 2 2 2 2 2
left_child=2 7 25 10 5 14 8 -2 11 -8 -3 -7 -13 -14 15 -4 -11 18 -15 20 -20 -18 -23 24 -24 -1 -22 -12 -5 -10
right_child=1 3 4 28 -6 6 9 -9 29 16 27 12 13 17 -16 -17 21 -19 19 -21 26 22 23 -25 -26 -27 -28 -29 -30 -31
leaf_value=-0.01011907301140328 -0.00026027481199715756 0.0026491517570561393 -0.0027650184508678862 0.0054457252549529184 -0.0030770637229119873 0.00019603149142263218 -0.0025671723707937264 0.0020520621681039681 -0.0016350346422659254 0.00020935282570655377 0.0089603371817983234 -0.0033454303433414763 0.0094318992061944076 0.0020998319252588018 -0.003530194899052905 0.0055680322325397215 -0.0034711644259981852 -0.0052475622004452957 0.0039231483104077572 0.0029560464116298898 0.011432474906313687 -0.001839176224593599 0.015678006340065574 0.00031837265684445663 0.0084752803814829858 -0.0041878177637839917 0.0062024542500797534 0.024045440522465503 0.026473104649548624 0.001730699622369822
leaf_weight=9319 59507 3113 2123 120 31958 3987 26085 30986 10969 26847 3978 736 305 2826 28038 564 12135 353 295 1193 371 3353 55 665 721 21961 125 421 372 6787
leaf_count=9319 59507 3113 2123 120 31958 3987 26085 30986 10969 26847 3978 736 305 2826 28038 564 12135 353 295 1193 371 3353 55 665 721 21961 125 421 372 6787
internal_value=-0.000649194 0.000497121 -0.00123796 0.00337081 -0.000977969 -0.000752065 -0.000421132 0.000242946 0.000578415 -0.000820989 0.00283413 0.00190805 0.00303514 0.0036869 -0.00180553 0.000768514 -0.000382174 0.00304765 0.00356549 0.00616431 0.0119406 -0.0012136 0.000454734 0.00409091 0.00737113 -0.00257193 0.0170766 0.00422937 0.011565 -0.000184727
internal_weight=290268 98497 191771 8004 160491 128533 97808 90493 27947 69861 7512 10191 6204 5468 30725 2687 43776 5163 4810 1984 791 16929 4794 1441 776 31280 496 4399 492 17756
internal_count=290268 98497 191771 8004 160491 128533 97808 90493 27947 69861 7512 10191 6204 5468 30725 2687 43776 5163 4810 1984 791 16929 4794 1441 776 31280 496 4399 492 17756
is_linear=0
shrinkage=0.05


Tree=49
num_leaves=31
num_cat=0
split_feature=5 5 4 23 17 24 24 22 23 17 0 23 10 4 0 22 23 16 20 23 22 24 22 20 22 22 22 24 24 13
split_gain=72.0879 25.9107 25.2116 13.638 15.0169 13.8178 19.7856 10.1508 20.5482 9.34641 8.82641 8.54685 7.95659 7.75829 7.35518 8.4786 7.39683 9.61884 7.10904 7.08719 6.83431 12.4344 33.0444 13.8183 10.8639 10.2677 20.0651 18.2216 13.1226 6.15737
threshold=9.8564285714285749 4.6907142857142867 45.485000000000007 0.99855310097228334 149.50000000000003 -0.43999999999999995 -0.029999999999999995 -0.98214942551678475 -0.14250536273956091 314.50000000000006 15.535000000000002 0.53312596302726967 1.6724999547004702 189.73500000000004 7.9250000000000007 -0.091260668982868151 -0.99052477729077237 9.7500000000000018 407.40000000000003 -0.90892157495189674 0.79904096188274243 -0.22499999999999995 0.82899317702918729 273.40000000000003 0.81428061195174062 0.67802080537253961 0.65233619298682533 -0.24999999999999997 -0.22499999999999995 0.15000000000000005
decision_type=2 2 2 2 2 8 10 2 2 2 2 2 2 2 2 2 2 2 10 2 2 10 2 10 2 2 2 10 10 2
left_child=1 -1 10 4 11 -6 9 8 -8 20 -2 -3 -4 19 -9 16 17 -16 -17 -14 25 -22 23 -23 -25 26 29 -28 -29 -7
right_child=2 3 12 -5 5 6 7 14 -10 -11 -12 -13 13 -15 15 18 -18 -19 -20 -21 21 22 -24 24 -26 -27 27 28 -30 -31
leaf_value=-0.0069322009174381631 -0.00014523820744374706 -0.0019150093335468081 0.0041366226039744472 -0.010743225301923242 -0.002608277727334643 0.0035514344771920281 0.017022512013063575 -0.0024897822987924932 -0.0028043224494043507 -0.0015278098397604079 0.0020103475051323678 -0.0045226212059037672 0.026006221720972361 0.019954572524797126 0.015261273494064038 -0.0020956713252519191 0.0015152883184267017 0.00077541776643755592 0.0047841990640006332 0.0088052601216900943 -0.0088685119661471735 0.0058803639263583334 0.002447735163630256 0.015133166750924895 0.0087288046518883052 -0.0054837448498684981 -0.0071936493290250527 0.014070855940298983 -0.0028580182187555618 0.0010391209652580483
leaf_weight=19420 64337 50249 4747 3221 25458 1961 212 29441 352 5611 25495 16491 66 586 106 11702 4859 121 922 3266 508 181 2033 123 93 1598 98 194 51 16766
leaf_count=19420 64337 50249 4747 3221 25458 1961 212 29441 352 5611 25495 16491 66 586 106 11702 4859 121 922 3266 508 181 2033 123 93 1598 98 194 51 16766
internal_value=-0.00063128 -0.00119598 0.000468186 -0.00100089 -0.000939515 -0.000559138 -0.000225005 -0.000852458 0.0058156 0.000799704 0.000219742 -0.00152308 0.00304385 0.00471159 -0.000932219 -0.000127048 0.00159654 0.0104185 -0.000821452 0.00377851 0.0012357 0.00349217 0.00497942 0.0181738 0.026713 0.00091494 0.00123754 0.0132216 0.0205102 0.00101805
internal_weight=290268 191771 98497 172351 169130 102390 76932 47715 564 29217 89832 66740 8665 3918 47151 17710 5086 227 12624 3332 23606 2938 2430 397 216 20668 19070 343 245 18727
internal_count=290268 191771 98497 172351 169130 102390 76932 47715 564 29217 89832 66740 8665 3918 47151 17710 5086 227 12624 3332 23606 2938 2430 397 216 20668 19070 343 245 18727
is_linear=0
shrinkage=0.05


Tree=50
num_leaves=31
num_cat=0
split_feature=0 4 5 24 22 22 24 9 20 22 10 20 22 4 22 24 22 22 24 9 21 20 19 0 9 24 22 24 9 22
split_gain=65.8753 26.2553 21.9334 11.3527 19.4864 20.0417 17.1338 11.5607 17.1699 10.8308 10.2091 9.29016 9.01108 8.61824 8.31302 16.5259 15.6688 8.25483 8.08336 14.0675 7.45915 7.40933 7.34387 7.21086 6.66265 6.1458 12.8233 7.68736 6.77562 9.63266
threshold=9.2250000000000032 20.275000000000002 4.6907142857142867 0.24500000000000002 -0.98214942551678475 -0.9905448150984083 -0.43999999999999995 998.87963867187511 281.80000000000001 -0.98214942551678475 2.117499947547913 282.80000000000001 -0.99763297024448894 189.73500000000004 -0.98803845231459242 -0.58499999999999985 -0.99275805973510278 -0.99275805973510278 -0.95499999999999985 305.59574890136724 42.500000000000007 345.50000000000006 5.3050000000000006 5.8950000000000005 998.87963867187511 -0.42499999999999993 -0.94705910369513524 -0.43999999999999995 120.51617431640626 -0.95754239937548935
decision_type=2 2 2 10 2 2 8 2 8 2 2 10 2 2 2 10 2 2 10 2 10 10 2 2 2 10 2 10 2 2
left_child=2 9 -1 6 5 -5 14 17 -9 12 24 -10 -2 -12 15 18 22 -8 19 -4 -7 -18 -17 -6 -3 26 28 -28 -19 -30
right_child=1 10 3 4 23 20 7 8 11 -11 13 -13 -14 -15 -16 16 21 25 -20 -21 -22 -23 -24 -25 -26 -27 27 -29 29 -31
leaf_value=-0.006607531216462301 -0.0038928893997445613 0.0015932588386918948 -0.00038299699767046412 -0.002704098250387736 -0.0048451762579429236 0.01585546705897169 -0.0085354557265690714 -0.00037406847293398209 0.0075760361119686648 -0.0004740691909711899 0.0059532094778815348 0.0049774740866448779 0.0062502692678899994 0.019039713700261286 -0.0032632885571791089 0.0098621617695739874 0.011884795220111859 0.010782861831479126 -0.0099643943162173801 0.0078858217418966581 -0.0012468566858126245 0.017614046727773183 0.0014873491398513122 -0.0021611350685057872 0.0061267134428912573 -0.00064656891654853968 0.01532728461941308 -0.005706866475052922 -0.0013814680157320266 0.0091685084947222065
leaf_weight=19378 1434 23362 816 386 21426 327 1845 2962 184 80016 8777 1755 3414 552 28463 174 62 343 1222 111 61 63 467 36550 869 53221 237 1265 323 203
leaf_count=19378 1434 23362 816 386 21426 327 1845 2962 184 80016 8777 1755 3414 552 28463 174 62 343 1222 111 61 63 467 36550 869 53221 237 1265 323 203
internal_value=-0.000607336 0.000300022 -0.00123263 -0.00103125 -0.00157617 0.00630491 -0.000689638 -0.000209985 0.00212099 -0.000168153 0.00148391 0.00577875 0.00212665 0.00288938 -0.00164255 0.000900513 0.00720627 -0.000408884 -0.00134714 0.00217368 0.0143299 0.0234 0.00404836 -0.00168139 0.000942799 -0.000299685 0.00219106 -0.00060586 0.00702532 0.00346007
internal_weight=290268 118424 171844 152466 58750 774 93716 62338 4901 84864 33560 1939 4848 9329 31378 2915 766 57437 2149 927 388 125 641 57976 24231 55592 2371 1502 869 526
internal_count=290268 118424 171844 152466 58750 774 93716 62338 4901 84864 33560 1939 4848 9329 31378 2915 766 57437 2149 927 388 125 641 57976 24231 55592 2371 1502 869 526
is_linear=0
shrinkage=0.05


Tree=51
num_leaves=31
num_cat=0
split_feature=0 8 0 4 23 17 24 24 24 22 22 23 20 23 22 0 22 23 23 17 8 22 22 24 13 16 15 14 23 19
split_gain=60.441 25.4149 21.3625 13.5398 11.3142 11.2121 11.9164 10.5698 19.0585 16.1071 12.0695 11.8624 14.898 13.9373 10.3411 9.81314 9.27941 10.3877 9.21651 9.18054 8.36726 7.64285 7.47703 7.2809 7.22077 7.15003 7.01193 6.56858 6.45393 6.20057
threshold=9.2250000000000032 4.5000000000000009 4.1150000000000011 20.275000000000002 0.9980355542543059 205.50000000000003 -0.65999999999999981 -0.029999999999999995 -0.27499999999999997 -0.95244167294248061 -0.98214942551678475 0.81304046271159414 316.35000000000008 -0.96234030595689413 -0.99763297024448894 6.535000000000001 -0.98214942551678475 -0.14250536273956091 0.44312301391210612 293.50000000000006 27.500000000000004 -0.86976336936302323 0.21022171450811275 1.6100000000000003 3.4500000000000006 16.150000000000002 67.500000000000014 31.150000000000002 -0.99761278905001471 10.235000000000001
decision_type=2 2 2 2 2 2 8 10 8 2 2 2 10 2 2 2 2 2 2 2 2 2 2 8 2 2 2 2 2 2
left_child=2 3 -1 21 5 18 -7 8 10 -10 14 12 -11 -14 -8 19 17 -9 23 24 -3 -2 26 28 -15 -22 -12 -16 -4 -25
right_child=1 20 4 -5 -6 6 7 16 9 11 22 -13 13 15 27 -17 -18 -19 -20 -21 25 -23 -24 29 -26 -27 -28 -29 -30 -31
leaf_value=-0.0057628676468497427 0.0013143188476418784 0.0056419888089411967 -0.0062000147922134236 0.0020936424468491958 -0.0089441984025307297 -0.0038323684203982358 -0.0074206023738491436 0.020304001075590508 -0.0072684216936013185 0.0027618001213491833 -0.0017263070539838459 -0.0054283616586882173 -0.0032754553587925703 0.014042592636869187 0.014164272168187848 0.0060554170428715375 -0.0016238446007150195 0.0041135445207808206 -0.0039336545532892035 0.0058751421545045887 0.022074547733730687 -0.00066924011842866399 -0.0029465039374126319 0.0001806746676179038 0.0091188194247596357 0.0018310338514590865 0.0017947938262266976 0.015141982303527294 -0.0015591105033957401 0.011548189075048992
leaf_weight=24175 13105 5597 2158 28669 3497 9111 151 76 1116 5051 5996 858 510 288 187 1691 29504 215 20487 424 985 69715 6308 1654 372 353 6040 72 51265 638
leaf_count=24175 13105 5597 2158 28669 3497 9111 151 76 1116 5051 5996 858 510 288 187 1691 29504 215 20487 424 985 69715 6308 1654 372 353 6040 72 51265 638
internal_value=-0.000586838 0.00028229 -0.00118579 9.9605e-05 -0.000960223 -0.000892061 -0.000425189 -0.000164717 0.000513693 0.00224054 -0.000435642 0.00292908 0.00350528 0.00612633 0.00804878 0.00752252 -0.000826482 0.00805842 -0.0013085 0.0112362 0.00321918 -0.000224585 -0.000625274 -0.000975053 0.0149242 0.0067713 0.000105516 0.014112 -0.00109344 0.00178447
internal_weight=290268 118424 171844 111489 147669 144172 67970 58859 29064 10310 18754 9194 8336 3285 410 2775 29795 291 76202 1084 6935 82820 18344 55715 660 1338 12036 259 53423 2292
internal_count=290268 118424 171844 111489 147669 144172 67970 58859 29064 10310 18754 9194 8336 3285 410 2775 29795 291 76202 1084 6935 82820 18344 55715 660 1338 12036 259 53423 2292
is_linear=0
shrinkage=0.05


Tree=52
num_leaves=31
num_cat=0
split_feature=0 8 0 4 4 16 8 22 8 24 22 24 22 22 22 22 24 22 14 24 3 19 22 22 20 24 18 22 22 22
split_gain=56.3663 22.5486 20.1131 12.0027 7.7167 7.56198 9.8604 7.29701 7.23374 7.22581 12.4245 12.2937 10.3507 7.15065 6.68696 6.10771 8.6231 10.3301 11.4477 7.88568 6.60973 6.46257 5.69925 12.0164 15.3679 6.34925 6.07909 6.98018 7.8301 5.42064
threshold=9.2250000000000032 4.5000000000000009 4.8550000000000013 20.275000000000002 5.495000000000001 16.450000000000003 27.500000000000004 -0.98214942551678475 3.5000000000000004 0.24500000000000002 -0.97876850416056738 -0.43999999999999995 -0.9905448150984083 -0.99467753128998015 -0.99763297024448894 -0.98803845231459242 -0.58499999999999985 -0.99275805973510278 30.350000000000005 -0.95499999999999985 7.7316666666666674 5.5150000000000006 0.99466373373798567 0.97508442350096236 279.7000000000001 0.36500000000000005 8.0350000000000019 -0.048361574224334618 0.10837544681456425 -0.99275805973510278
decision_type=2 2 2 2 2 2 2 2 2 10 2 8 2 2 2 2 10 2 2 10 2 2 2 2 10 10 2 2 2 2
left_child=2 3 4 7 -1 6 -3 14 9 11 12 15 -11 -13 -2 16 19 21 -19 20 29 -18 23 26 -25 -26 -9 -28 -29 -4
right_child=1 5 8 -5 -6 -7 -8 22 -10 10 -12 13 -14 -15 -16 -17 17 18 -20 -21 -22 -23 -24 24 25 -27 27 28 -30 -31
leaf_value=-0.0095521298662805329 -0.0037495774685251948 0.0066217730778280904 0.0049695013953194502 0.0019889603245067436 -0.0036185207069917682 -0.0014272593122875874 0.020963145981776746 0.0011357480467734076 0.005616972542639433 -0.0028382451534639773 -0.0024953789310761072 -0.0082041064642620169 0.012845520610362125 -8.2774690654789358e-05 0.0052027533875600015 -0.0027743931390706343 0.011135127506875862 0.0065258321749939981 0.016513107927342899 -0.0091536833950726232 -0.0060502429824076569 -0.00026004113903986043 -0.003675229865761122 -0.001654487037873248 0.0078675392824847905 -0.0042064138369963793 -6.8531266942811563e-05 -0.0067877468043870673 -0.0012652380083911833 -0.014894825741677296
leaf_weight=6070 1372 4768 373 28669 35602 1161 1006 8460 1074 295 48704 1367 415 52047 3153 23846 110 56 61 978 363 403 2692 1506 1856 202 32678 3177 27724 80
leaf_count=6070 1372 4768 373 28669 35602 1161 1006 8460 1074 295 48704 1367 415 52047 3153 23846 110 56 61 978 363 403 2692 1506 1856 202 32678 3177 27724 80
internal_value=-0.000573919 0.000265401 -0.00115233 9.33264e-05 -0.00210837 0.00303172 0.00377208 -0.000211907 -0.000846266 -0.000880263 -0.00135529 -0.00058569 0.00521127 -0.000150149 0.00174033 -0.00147126 0.000919966 0.00595238 0.019359 -0.00084727 0.00278186 0.00289474 -0.000324735 -0.000244238 0.00258979 0.00539844 -0.000384446 -0.000551992 -0.00109074 0.00681015
internal_weight=290268 118424 171844 111489 41672 6935 5774 82820 130172 129098 49414 79684 710 53414 4525 26270 2424 630 117 1794 816 513 78295 75603 3564 2058 72039 63579 30901 453
internal_count=290268 118424 171844 111489 41672 6935 5774 82820 130172 129098 49414 79684 710 53414 4525 26270 2424 630 117 1794 816 513 78295 75603 3564 2058 72039 63579 30901 453
is_linear=0
shrinkage=0.05


Tree=53
num_leaves=31
num_cat=0
split_feature=5 9 24 24 18 23 23 24 9 24 20 22 22 20 5 23 23 9 23 24 3 22 23 14 22 22 4 20 22 14
split_gain=53.9284 27.4735 15.9125 29.386 13.3597 11.7949 14.2444 10.6074 10.197 15.0657 9.96412 8.4583 10.1217 19.7497 7.53741 7.42675 7.71249 7.74967 7.40268 12.3719 7.73804 7.37341 10.1466 8.08166 7.0484 19.4693 7.14913 6.9476 7.67528 6.90658
threshold=7.3507142857142878 39.290842056274421 -0.43999999999999995 0.47500000000000003 28.755000000000006 0.9989598388634241 0.98174098242282837 inf 998.87963867187511 -0.42499999999999993 217.40000000000003 0.99466373373798567 0.98049069993378934 245.30000000000004 4.33357142857143 -0.99628250747696534 -0.97874870457683594 634.89492797851574 0.1318557721318592 0.095000000000000015 8.9516666666666698 -0.29343379936893921 -0.94137724084408114 30.750000000000004 -0.63921128368950708 -0.67803021058859214 8.0250000000000004 382.2000000000001 0.14250626876356556 31.750000000000004
decision_type=2 2 8 10 2 2 2 8 2 10 10 2 2 10 2 2 2 2 2 10 2 2 2 2 2 2 2 8 2 2
left_child=2 4 14 -4 21 6 7 11 -8 -10 -11 12 15 -14 -1 -3 27 -18 -15 -20 -21 22 -2 -24 25 -5 -27 28 -17 -22
right_child=1 5 3 24 -6 -7 8 -9 9 10 -12 -13 13 18 -16 16 17 -19 19 20 29 -23 23 -25 -26 26 -28 -29 -30 -31
leaf_value=-0.011081612727354707 0.0092074992445304992 -0.0032993806846626766 -0.0001454734952729193 -0.0019031117148189784 0.0076744198863698673 -0.009641745693012866 0.0020463311494961461 0.0069840880201447152 -0.00043031221570725823 -0.0028566544503590419 0.016769286541404266 -0.0039549782719724329 -0.0037933187222159285 0.0038116502958071628 -0.0035445785581421385 0.0018611572762533054 -0.00097463224580178866 0.0011599174870883531 0.0026794750438398061 0.022891590970623085 0.0078756172753982768 -0.00042914704582621256 -0.00063360928557286769 0.0038120436962524647 -0.0041999867394099336 0.0048652683215103694 0.011945834986686325 -0.00072851461528649361 0.0052358980835785982 0.017905009664892207
leaf_weight=5114 528 4743 38815 3017 4859 2012 4600 2232 299 74 295 5711 1785 1650 22586 2440 102885 10209 462 141 283 11605 6127 16278 37987 245 268 2191 719 108
leaf_count=5114 528 4743 38815 3017 4859 2012 4600 2232 299 74 295 5711 1785 1650 22586 2440 102885 10209 462 141 283 11605 6127 16278 37987 245 268 2191 719 108
internal_value=-0.000556177 -3.14439e-05 -0.00144133 -0.001085 0.00113752 -0.000353861 -0.000299553 -0.000398684 0.00225133 0.00802395 0.0147832 -0.00045591 -0.000371663 0.00197674 -0.00247473 -0.000456096 -0.000378408 -0.000466162 0.00472012 0.00812877 0.0133271 0.00079217 0.00131186 0.00115041 -0.00200966 0.000127478 0.00913255 0.00147663 0.00297721 0.00970588
internal_weight=290268 182236 108032 80332 39397 142839 140827 135559 5268 668 369 133327 127616 4429 27700 123187 118444 113094 2644 994 532 34538 22933 22405 41517 3530 513 5350 3159 391
internal_count=290268 182236 108032 80332 39397 142839 140827 135559 5268 668 369 133327 127616 4429 27700 123187 118444 113094 2644 994 532 34538 22933 22405 41517 3530 513 5350 3159 391
is_linear=0
shrinkage=0.05


Tree=54
num_leaves=31
num_cat=0
split_feature=5 8 5 13 17 22 22 9 22 22 21 8 18 22 22 3 24 24 12 24 22 22 22 19 20 1 9 17 9 19
split_gain=49.848 21.6452 16.9853 10.8968 10.5131 10.597 10.1236 12.1924 10.0133 9.22251 7.86012 7.84415 7.26969 6.74038 7.56696 6.1615 5.96195 8.84155 5.72678 5.69401 13.139 5.50466 8.47602 5.84354 5.21774 5.21499 5.49642 5.12526 5.00565 4.96497
threshold=8.2364285714285739 3.5000000000000004 4.4650000000000007 5.5500000000000007 155.50000000000003 -0.048361574224334618 -0.159513159777915 998.87963867187511 -0.108376950152639 0.056951373111866731 12.500000000000002 55.500000000000007 13.805000000000001 0.96687895796550427 0.99466373373798567 8.2416666666666689 0.24500000000000002 -0.43999999999999995 5.5000000000000009 2.0250000000000004 -0.19337636264337835 -0.63921128368950708 -0.67803021058859214 11.315000000000003 391.80000000000001 1.9350000000000003 569.42919921875011 147.50000000000003 225.26151275634768 6.8450000000000006
decision_type=2 2 2 2 2 2 2 2 2 2 8 2 2 2 2 2 10 8 2 10 2 2 2 2 10 2 2 2 2 2
left_child=2 4 -1 10 -2 6 12 8 24 -7 13 27 19 -4 -15 -9 17 25 -13 -6 -21 22 23 -18 28 26 -5 -3 -8 -24
right_child=1 11 3 16 5 9 7 15 -10 -11 -12 18 -14 14 -16 -17 21 -19 -20 20 -22 -23 29 -25 -26 -27 -28 -29 -30 -31
leaf_value=-0.0064756986927782386 -0.00086789082953286087 0.0018997389473638549 0.0010012150513576859 -0.0078254587274869808 0.0001106404580255724 -0.0055429058470860965 0.0082601638302790912 0.00043269199629478731 -0.00051480740307884194 -9.2747553795197158e-05 -0.0010080475973383931 0.024563835313580779 0.0027536893227064836 0.0091659855305163407 -0.011749944410393842 0.016737109750813398 -0.0027663760790018854 -0.00073663889547254601 0.0091815703616658067 0.00074569910508875774 0.011128426763569659 -0.0038125545934737377 0.0099529799751750334 0.0074640172256856471 0.0025380777424988212 -0.0033510421072171278 0.0067571347584779425 0.0080245022511287543 0.0043233014425442451 0.0016915965439009339
leaf_weight=14897 60593 3448 8078 116 26377 3037 444 56 1348 33108 35300 317 13534 521 153 174 2153 29490 232 436 138 30751 162 314 478 19230 159 4764 323 137
leaf_count=14897 60593 3448 8078 116 26377 3037 444 56 1348 33108 35300 317 13534 521 153 174 2153 29490 232 436 138 30751 162 314 478 19230 159 4764 323 137
internal_value=-0.000539296 9.95573e-05 -0.00121132 -0.00102336 -5.12701e-05 0.000327048 0.000854575 0.00374956 0.00277092 -0.000305023 -0.000388406 0.00251056 0.00065271 0.000952924 0.00575668 0.0147826 -0.00136235 -0.00101082 0.0082969 0.000177914 0.00510453 -0.00187621 0.000260302 -0.000703285 0.00600401 -0.00183671 0.005 0.00212372 0.00855932 0.0082107
internal_weight=290268 148807 141461 126564 140046 79453 43308 2823 2593 36145 44052 8761 40485 8752 674 230 82512 48995 549 26951 574 33517 2766 2467 1245 19505 275 8212 767 299
internal_count=290268 148807 141461 126564 140046 79453 43308 2823 2593 36145 44052 8761 40485 8752 674 230 82512 48995 549 26951 574 33517 2766 2467 1245 19505 275 8212 767 299
is_linear=0
shrinkage=0.05


Tree=55
num_leaves=31
num_cat=0
split_feature=5 8 5 23 13 23 17 17 22 23 22 14 4 23 23 18 17 11 16 23 12 13 23 23 23 22 22 1 15 23
split_gain=46.1943 20.3521 16.3898 10.4785 11.0451 9.84467 10.5862 9.31112 13.1881 15.9511 11.5187 10.0602 8.55842 8.50277 6.51932 6.26953 5.65922 5.54659 5.4546 5.36597 4.60217 4.52311 4.50824 4.49564 7.38819 4.72624 13.4932 9.97296 5.91541 5.44621
threshold=8.2364285714285739 1.5000000000000002 4.4650000000000007 0.9980355542543059 5.5500000000000007 0.9989598388634241 155.50000000000003 157.50000000000003 0.97696484778429815 0.097680735332368748 0.98522604642031408 30.650000000000002 189.73500000000004 0.98174098242282837 0.96407344085605606 16.885000000000002 282.50000000000006 29.204999923706058 8.8500000000000032 0.99681593486783593 1.5000000000000002 3.1500000000000008 0.38043945030393422 -0.99628250747696534 -0.97507822412530132 -0.98214942551678475 -0.99275805973510278 6.3150000000000004 79.500000000000014 0.14888728888808328
decision_type=2 2 2 2 2 2 2 2 2 2 2 2 2 2 2 2 2 2 2 2 2 2 2 2 2 2 2 2 2 2
left_child=2 5 -1 4 7 6 -2 22 14 10 11 -10 17 15 -9 23 21 -3 19 -6 -14 -11 -4 -8 -25 26 -26 -28 -27 -29
right_child=1 12 3 -5 18 -7 13 8 9 16 -12 -13 20 -15 -16 -17 -18 -19 -20 -21 -22 -23 -24 24 25 28 27 29 -30 -31
leaf_value=-0.0061519137581393241 -0.00086404471508996707 0.0023874056426967986 -0.00087751296759899485 -0.0085808815027533878 -0.0031635673970876487 -0.0089320514688610696 -0.0034680963316311474 0.00076028410819626874 0.018807960784804831 0.013261043324628101 -0.0023903501221383874 -0.00055243462264151937 0.025024981650574343 0.0038917183773787495 -0.003350238039104845 0.0023481000787394591 0.0077410877230824184 0.0088997582526845424 -0.0013449022117669983 0.0051254404673861855 0.010663307602941367 0.0086955794017064044 -0.003842325995155299 0.0025735922981730171 -0.00097141896123464325 -0.00048746495124907968 0.012615029867372616 0.0095580333182784753 0.0020840714289810723 -0.0087121659229745189
leaf_weight=14897 57309 11497 13829 3001 39715 1665 2027 19097 68 118 748 64 140 3390 2882 10735 324 2732 40954 256 437 63 5445 2749 2138 47952 84 1050 4695 207
leaf_count=14897 57309 11497 13829 3001 39715 1665 2027 19097 68 118 748 64 140 3390 2882 10735 324 2732 40954 256 437 63 5445 2749 2138 47952 84 1050 4695 207
internal_value=-0.000518798 9.61972e-05 -0.00116573 -0.000981086 -0.000910185 -9.81721e-05 -5.01009e-05 -0.000258925 0.000412171 0.0051444 0.00107954 0.014697 0.00185533 0.000340743 0.000113971 0.000224952 0.0122277 0.00161325 -0.00125332 -0.00166884 0.00782496 0.0193094 -0.00107243 2.85693e-05 0.000108279 -1.56802e-05 0.00176919 0.00570097 -0.000133627 0.00458632
internal_weight=290268 148807 141461 126564 123563 134001 132336 42638 23364 1385 880 132 14806 75027 21979 71637 505 14229 80925 39971 577 181 19274 60902 58875 56126 3479 1341 52647 1257
internal_count=290268 148807 141461 126564 123563 134001 132336 42638 23364 1385 880 132 14806 75027 21979 71637 505 14229 80925 39971 577 181 19274 60902 58875 56126 3479 1341 52647 1257
is_linear=0
shrinkage=0.05


Tree=56
num_leaves=31
num_cat=0
split_feature=0 8 23 5 5 24 23 23 17 24 3 24 22 23 22 24 24 3 17 22 22 24 22 23 24 23 23 23 22 22
split_gain=42.4135 25.5676 15.1554 14.7599 10.3685 9.96009 14.6951 11.7616 8.69262 8.23083 7.6902 6.96571 10.5449 8.78178 18.0683 10.2598 11.4731 13.5682 10.0938 7.98677 17.4698 30.1087 7.32516 7.76801 8.96306 7.89952 10.1766 10.1673 11.0916 7.06135
threshold=5.8950000000000005 3.5000000000000004 0.9989598388634241 10.929285714285717 4.2650000000000015 0.69500000000000006 -0.80417042486635371 -0.83375966452616657 155.50000000000003 -1.0000000180025095e-35 4.0650000000000013 -0.43999999999999995 -0.091260668982868151 0.080547328232315238 0.98049069993378934 1.1900000000000002 0.095000000000000015 10.695000000000002 315.50000000000006 -0.42180583328916638 -0.41398024697495356 2.0250000000000004 -0.49064630004295678 0.84199059757024453 1.9550000000000003 0.53312596302726967 0.3484035575467645 -0.091258822863740666 -0.98214942551678475 -0.98803845231459242
decision_type=2 2 2 2 2 10 2 2 2 8 2 8 2 2 2 10 10 2 2 2 2 10 2 2 10 2 2 2 2 2
left_child=4 2 3 8 -1 6 7 9 -2 10 -6 -10 19 -14 -15 16 -16 18 -18 22 21 -21 23 25 -25 26 27 28 29 -13
right_child=1 -3 -4 -5 5 -7 -8 -9 11 -11 -12 12 13 14 15 -17 17 -19 -20 20 -22 -23 -24 24 -26 -27 -28 -29 -30 -31
leaf_value=-0.0069099504937369539 -0.0014969040498125485 0.0058403438513744219 -0.0092498615946723459 0.00069956015084185344 0.008586386596118812 -0.0044523418924201372 -0.0020588811760514979 0.0067076254719226017 -0.0016156714262288913 -0.0011732914601993159 0.0038194986645930262 0.0044516486142610759 -0.0019149493244973487 -0.00017066803742045883 0.0033124414861187171 -0.0098727512045139604 0.020013880459553136 0.0013968104530509126 0.0068146416787254541 0.014195677565213638 0.0023100156791019612 -0.0077465438222583775 -0.0084580734189848555 0.008422101839390142 -0.0087119693100375529 -0.0048251065964082084 0.0047552419558829261 -0.0059097352150115556 0.0010008420317212032 0.014112198340409693
leaf_weight=10603 57749 9270 2590 66557 53 19533 36555 534 18915 2459 1582 387 22150 17303 1155 237 173 157 91 94 7811 78 1188 310 110 2416 1126 1740 7066 276
leaf_count=10603 57749 9270 2590 66557 53 19533 36555 534 18915 2459 1582 387 22150 17303 1155 237 173 157 91 94 7811 78 1188 310 110 2416 1126 1740 7066 276
internal_value=-0.000503639 -0.000158691 -0.000272298 -0.00022476 -0.00156263 -0.00131069 -0.000869656 0.00178479 -0.000515258 0.000874449 0.00362385 -0.000186815 6.27846e-05 -0.00041269 0.000372462 0.00512134 0.00657995 0.0136461 0.0205682 0.00093089 0.0022028 0.0179651 0.000236335 0.000569204 0.0072619 0.000353162 0.000941481 0.000407117 0.0011845 0.00736802
internal_weight=290268 218949 209679 207089 71319 60716 41183 4628 140532 4094 1635 82783 63868 41266 19116 1813 1576 421 264 22602 7983 172 14619 13431 420 13011 10595 9469 7729 663
internal_count=290268 218949 209679 207089 71319 60716 41183 4628 140532 4094 1635 82783 63868 41266 19116 1813 1576 421 264 22602 7983 172 14619 13431 420 13011 10595 9469 7729 663
is_linear=0
shrinkage=0.05


Tree=57
num_leaves=31
num_cat=0
split_feature=0 11 23 4 23 23 23 24 24 17 17 13 13 8 24 20 24 22 16 22 22 22 19 17 23 23 16 24 23 22
split_gain=38.9592 22.8225 14.2593 11.9169 9.60503 10.0606 9.49553 10.9932 20.7435 10.1586 9.13223 8.64256 7.92687 7.8646 7.24415 6.87915 11.4052 22.3862 12.7038 7.08863 6.63513 7.53922 7.08686 6.19458 6.16181 6.03047 5.94775 5.87519 9.61059 8.9096
threshold=5.8950000000000005 5.1649999618530282 0.9989598388634241 19.215000000000003 -0.99628250747696534 -0.97507822412530132 0.86004965528756494 -0.77999999999999992 0.24500000000000002 197.50000000000003 155.50000000000003 5.0500000000000007 5.1500000000000012 27.500000000000004 -0.27499999999999997 393.40000000000003 1.7100000000000002 -0.13398594226331254 9.5500000000000025 0.14250626876356556 -0.98214942551678475 -0.9905448150984083 5.9650000000000007 120.50000000000001 0.080547328232315238 0.84199059757024453 15.050000000000002 -0.089999999999999983 -0.93543596745397617 0.79904096188274243
decision_type=2 2 2 2 2 2 2 8 10 2 2 2 2 2 8 8 10 2 2 2 2 2 2 2 2 2 2 8 2 2
left_child=6 2 3 4 -2 15 7 -1 9 -9 -7 -11 14 -3 -12 16 19 -18 -19 -6 21 -10 -23 -21 26 -13 -15 29 -29 -16
right_child=1 13 -4 -5 5 10 -8 8 20 11 12 25 -14 24 27 -17 17 18 -20 23 -22 22 -24 -25 -26 -27 -28 28 -30 -31
leaf_value=-0.0066194248044858838 -0.0039425596953677504 0.0025937353595543054 -0.0088263108296605698 0.0013037377115017092 0.00054244573512277365 -0.0014469800934984727 -0.0045704003710479333 -0.0013677707327958591 -0.0043700867066293701 0.0057072377542865529 -0.00073373089371673184 0.00045803222512579359 -0.00079627019340961685 0.017626113196375547 0.0024378723342976822 -0.00063505806516953663 0.00040563763596549254 0.0204931555672761 0.0068273273472363311 0.0084856302628159852 -0.0039932146671602508 0.0054855678952860747 0.016926086668328767 0.0025409356605811308 0.030648502321080542 0.0043974783789786009 -0.0021583506361449074 -0.0055146696298760105 0.0012791369609177301 0.0061044336203910287
leaf_weight=7183 5386 14519 2549 32516 3706 62736 17661 11371 132 2467 11949 8392 55859 873 5842 3369 252 120 66 383 23650 68 72 1194 80 323 418 1472 15227 433
leaf_count=7183 5386 14519 2549 32516 3706 62736 17661 11371 132 2467 11949 8392 55859 873 5842 3369 252 120 66 383 23650 68 72 1194 80 323 418 1472 15227 433
internal_value=-0.000490892 -0.00016029 -0.00030309 -0.000255849 -0.000425433 -0.000356626 -0.00150584 -0.00117485 -0.000893492 0.00019443 -0.000452326 0.00126453 -0.000131745 0.00166457 0.000459152 0.00125962 0.00231515 0.0100685 0.0232258 0.00167234 -0.00191916 0.00584559 0.0139286 0.00448002 0.00528446 0.000524956 0.00445004 0.000978496 0.000488351 0.00228287
internal_weight=290268 218949 203059 200510 167994 162608 71319 53658 46475 22553 153518 11182 90782 15890 34923 9090 5721 438 186 5283 23922 272 140 1577 1371 8715 1291 22974 16699 6275
internal_count=290268 218949 203059 200510 167994 162608 71319 53658 46475 22553 153518 11182 90782 15890 34923 9090 5721 438 186 5283 23922 272 140 1577 1371 8715 1291 22974 16699 6275
is_linear=0
shrinkage=0.05


Tree=58
num_leaves=31
num_cat=0
split_feature=5 9 5 22 9 17 18 22 22 16 17 8 17 22 22 17 20 20 17 22 22 22 20 17 22 9 22 14 22 22
split_gain=36.7286 19.7586 11.6629 11.2318 9.53749 8.79628 7.6006 7.36898 8.16087 7.3314 7.01009 7.28968 6.67255 7.03605 19.0501 8.94613 10.3494 7.61799 11.2775 11.5823 6.48169 7.60801 14.3404 6.21952 6.09355 6.25 5.89796 5.44791 5.04283 7.11793
threshold=7.2300000000000013 41.948736190795906 4.0964285714285724 -0.29343379936893921 998.87963867187511 143.50000000000003 14.465000000000002 0.9193901325473397 0.99700008544936913 10.65 143.50000000000003 152.00000000000003 203.50000000000003 -0.40614700388750385 -0.031173458710879235 246.50000000000003 370.7000000000001 332.00000000000006 248.50000000000003 0.80926549319045582 0.99466373373798567 0.97508442350096236 279.7000000000001 305.50000000000006 0.92922379131507438 318.02613830566412 0.92602006027323147 31.350000000000005 -0.56368474752277564 -0.54220184589352438
decision_type=2 2 2 2 2 2 2 2 2 2 2 2 2 2 2 2 10 8 2 2 2 2 10 2 2 2 2 2 2 2
left_child=2 3 -1 6 20 27 -2 23 24 -6 -8 28 -11 -14 15 -15 -17 -16 19 -19 21 -3 -23 -7 25 -9 -27 -4 -12 -30
right_child=1 4 5 -5 9 7 10 8 -10 12 11 -13 13 14 17 16 -18 18 -20 -21 -22 22 -24 -25 -26 26 -28 -29 29 -31
leaf_value=-0.0065939728301723476 0.0014210403638784763 -0.00068273134256230199 -0.0034305051192577637 -0.0004513996024509484 2.5586384486793161e-05 -0.00091393034585738112 0.0017830459982167944 0.0026148820155736615 -0.0075479655547118401 -0.0010584267158203276 0.0055643051494460409 0.020210397612628633 -0.00054775653152789531 0.0024827372294467464 -0.0010129177257344631 0.015258125945076771 0.0076801971640255819 0.0091588035719597054 0.0028105369921848601 0.015690928848075342 -0.0037291688226020188 -0.0014244555729234288 0.0059587772978461975 -0.0035242838339618584 0.0017644875930915589 0.0042216704569224967 0.009783065052151171 -0.00077741077640368752 0.022089155950099377 0.0090649587433987225
leaf_weight=9150 16599 125419 27761 13055 4791 40434 4388 188 793 878 7059 58 670 158 765 227 146 148 561 51 5471 2643 2539 12098 5368 98 98 7372 188 1094
leaf_count=9150 16599 125419 27761 13055 4791 40434 4388 188 793 878 7059 58 670 158 765 227 146 148 561 51 5471 2643 2539 12098 5368 98 98 7372 188 1094
internal_value=-0.000473839 -5.559e-05 -0.00123017 0.000892885 -0.00033423 -0.00106464 0.00143504 -0.000692064 0.000889991 0.00130137 0.00235121 0.0031974 0.00300499 0.00422597 0.00567607 0.0138324 0.0180563 0.00283606 0.00638158 0.016608 -0.000435138 -0.000364508 0.00151293 -0.000889174 0.00154555 0.00763021 0.0138775 -0.00169115 0.00307457 0.00595944
internal_weight=290268 186908 103360 42441 144467 94210 29386 59077 6545 8395 12787 8399 3604 2726 2056 531 373 1525 760 199 136072 130601 5182 52532 5752 384 196 35133 8341 1282
internal_count=290268 186908 103360 42441 144467 94210 29386 59077 6545 8395 12787 8399 3604 2726 2056 531 373 1525 760 199 136072 130601 5182 52532 5752 384 196 35133 8341 1282
is_linear=0
shrinkage=0.05


Tree=59
num_leaves=31
num_cat=0
split_feature=0 9 23 2 24 5 17 17 23 24 23 23 24 24 13 23 3 13 13 23 22 24 13 22 22 2 9 24 3 22
split_gain=33.6443 20.4484 11.7046 11.3804 10.3381 9.05802 9.29773 8.57181 7.74521 8.46424 9.00869 6.89648 7.65809 15.1243 10.249 8.26798 6.71929 7.36527 6.39881 6.36187 6.26057 8.18423 8.4441 8.16975 20.4581 30.3629 9.73097 10.9839 11.1788 8.74804
threshold=5.8950000000000005 44.421846389770515 0.9989598388634241 4.3600000000000048 inf 4.0964285714285724 98.500000000000014 163.50000000000003 -0.99628250747696534 -0.65999999999999981 -0.3744658827978154 0.87709077819680659 -0.029999999999999995 -0.65999999999999981 11.250000000000002 -0.80417042486635371 10.145000000000003 10.750000000000002 0.25000000000000006 -0.70289845916694649 0.21022171450811275 -0.49499999999999994 3.9500000000000006 -0.42180583328916638 -0.41398024697495356 1.6500000000000001 998.87963867187511 1.0350000000000004 8.5016666666666705 0.091259403071267925
decision_type=2 2 2 2 8 2 2 2 2 10 2 2 10 8 2 2 2 2 2 2 2 10 2 2 2 2 2 10 2 2
left_child=5 3 4 18 7 -1 19 -3 -9 10 -10 12 13 -8 15 -15 -6 -18 -2 -7 23 -22 -23 -11 25 -25 -26 28 -28 -30
right_child=1 2 -4 -5 16 6 11 8 9 20 -12 -13 -14 14 -16 -17 17 -19 -20 -21 21 22 -24 24 26 -27 27 -29 29 -31
leaf_value=-0.0065957067040763595 0.0030721625677109423 -0.0012333869211605597 -0.0083233341037453317 0.0050064757197061912 0.02026140134027974 0.00028918162468970806 -0.0040098366202625307 -0.0050248802684810523 0.019797215524259133 -5.8136452616949712e-05 -0.0029850440384077185 -0.0032119792860894609 -0.0020876414017508864 0.007058258211630343 -0.00021513676423613238 0.0032358530842978698 0.0044660496411570187 0.035348186810800049 0.00013118138182632538 -0.0047582109783491063 -0.0082575300204805347 0.0013959678544823411 -0.0010069450356069048 0.0030030444013824822 0.00095358846753169359 0.015401015183340014 0.0017078117808401632 -0.0085259811026092355 0.012449448637256777 0.00083791203965001863
leaf_weight=8590 9205 71899 2362 7560 137 2410 4180 2211 97 23875 7754 10964 18893 933 5688 4325 1631 133 30931 15336 1373 12135 29886 201 15889 131 637 321 439 142
leaf_count=8590 9205 71899 2362 7560 137 2410 4180 2211 97 23875 7754 10964 18893 933 5688 4325 1631 133 30931 15336 1373 12135 29886 201 15889 131 637 321 439 142
internal_value=-0.000456097 -0.000148871 -0.000403877 0.00076673 -0.000354993 -0.00139928 -0.00119076 -0.000396732 -8.52353e-05 -1.56127e-05 -0.00158642 -0.000808418 -0.000456952 0.000381461 0.00135849 0.00294979 0.00331141 0.00248299 0.000431532 -0.00215992 0.000129425 -0.000290825 -0.000166704 0.00056743 0.0013795 0.0136747 0.00114528 0.00494152 0.00711002 0.0121256
internal_weight=290268 218949 171253 47696 168891 71319 62729 166990 95091 92880 7851 44983 34019 15126 10946 5258 1901 1764 40136 17746 85029 43394 42021 41635 17760 332 17428 1539 1218 581
internal_count=290268 218949 171253 47696 168891 71319 62729 166990 95091 92880 7851 44983 34019 15126 10946 5258 1901 1764 40136 17746 85029 43394 42021 41635 17760 332 17428 1539 1218 581
is_linear=0
shrinkage=0.05


Tree=60
num_leaves=31
num_cat=0
split_feature=5 9 24 24 23 23 22 23 4 22 23 23 15 24 22 24 24 9 22 22 20 9 8 24 23 17 13 23 19 24
split_gain=31.2826 17.3589 12.1784 20.701 9.86656 9.64567 9.52897 8.01328 7.94047 7.87194 7.76426 10.0092 7.60974 7.46876 7.83401 18.1252 16.039 16.6476 11.1501 9.13341 11.4105 7.24408 6.97267 6.79968 6.73095 6.37122 7.40004 7.31811 5.9859 6.53393
threshold=6.7864285714285719 44.421846389770515 -0.43999999999999995 0.47500000000000003 0.9989598388634241 0.98174098242282837 -0.29343379936893921 -0.94137724084408114 22.255000000000006 0.99466373373798567 -0.99465740988130902 -0.97874870457683594 65.500000000000014 inf 0.98049069993378934 0.36500000000000005 0.095000000000000015 266.61647033691412 0.98522604642031408 0.98372640911059162 390.10000000000008 517.27493286132824 28.500000000000004 -0.029999999999999995 0.080547328232315238 179.50000000000003 6.3500000000000005 0.95178258287705175 14.415000000000001 1.0350000000000004
decision_type=2 2 8 10 2 2 2 2 2 2 2 2 2 8 2 10 10 2 2 2 10 2 2 10 2 2 2 2 2 10
left_child=2 6 -1 25 5 9 7 8 -2 10 -3 -12 -7 14 21 16 23 18 -18 -19 -21 -13 28 -16 -24 -4 27 -27 -9 -30
right_child=1 4 3 -5 -6 12 -8 22 -10 -11 11 13 -14 -15 15 -17 17 19 -20 20 -22 -23 24 -25 -26 26 -28 -29 29 -31
leaf_value=-0.0041843675812908458 0.0046250112751417861 -0.0027712676255076188 -0.0011182318794107828 -0.0031815584072654567 -0.0073186579941084007 -0.0012224987892177929 -0.00039549357856493935 0.00092819525476545552 0.01783315346281358 -0.0035454775326686176 0.0019853517186226807 -0.00091428160401911323 0.0037833941592697999 0.0075070115183081126 0.0041444105022668083 -0.0055466008605052448 0.014470269108636125 0.0023448549440347379 0.0040024394452591984 0.021657582277843212 0.0038089427001645401 0.00066404857668667789 0.011965679245238591 -0.0024694505929135423 0.030646766128022959 0.004118656028233302 -0.0001135720448981971 -0.0028661563414344262 0.0022047864706890288 0.0075645198367194147
leaf_weight=23190 507 6049 13414 33974 2331 2140 15164 19470 129 6246 5137 108762 4269 1883 649 1612 275 84 944 130 55 15819 1239 1273 65 5003 9495 816 6873 3271
leaf_count=23190 507 6049 13414 33974 2331 2140 15164 19470 129 6246 5137 108762 4269 1883 649 1612 275 84 944 130 55 15819 1239 1273 65 5003 9495 816 6873 3271
internal_value=-0.000441111 -0.000104612 -0.00124179 -0.000879718 -0.000355454 -0.000306999 0.000741897 0.00123693 0.00679245 -0.000388739 -0.000312676 -0.000235064 0.00159229 -0.000319655 -0.000365078 0.00157109 0.00363636 0.0075336 0.00504922 0.0187918 0.025 -0.000443127 0.00112265 0.000619146 0.00470092 0.000108256 0.000805144 0.00220914 0.000965083 0.00194992
internal_weight=290268 204376 85892 62702 157658 155327 46718 31554 636 148918 142672 136623 6409 131486 129603 5022 3410 1488 1219 269 185 124581 30918 1922 1304 28728 15314 5819 29614 10144
internal_count=290268 204376 85892 62702 157658 155327 46718 31554 636 148918 142672 136623 6409 131486 129603 5022 3410 1488 1219 269 185 124581 30918 1922 1304 28728 15314 5819 29614 10144
is_linear=0
shrinkage=0.05


Tree=61
num_leaves=31
num_cat=0
split_feature=5 0 23 23 22 17 24 23 24 24 17 22 22 22 9 23 1 0 23 13 17 23 23 9 2 23 24 22 22 22
split_gain=28.3183 17.0882 11.5975 9.68521 9.47438 8.47544 8.71382 10.3174 8.33625 14.6546 7.71304 10.5332 9.52089 18.1653 8.47413 12.6359 10.3062 8.06691 7.42553 6.753 6.38146 8.97057 10.1581 6.11482 6.09948 5.76079 8.02534 6.48448 8.96003 16.2745
threshold=5.7907142857142864 15.535000000000002 0.9989598388634241 -0.99628250747696534 0.99700008544936913 149.50000000000003 -0.65999999999999981 -0.35846086284744721 -0.43999999999999995 -0.029999999999999995 315.50000000000006 0.93845596220871974 -0.98214942551678475 -0.99275805973510278 806.39907836914074 0.99349222267034787 9.7050000000000018 7.6850000000000014 0.53312596302726967 5.5500000000000007 181.50000000000003 0.75438814418115718 0.73136292505298039 172.1780700683594 30.32 0.53312596302726967 1.6100000000000003 -0.90163369914317015 -0.082689790342551819 -0.13398594226331254
decision_type=2 2 2 2 2 2 8 2 8 10 2 2 2 2 2 2 2 2 2 2 2 2 2 2 2 2 10 2 2 2
left_child=8 2 3 -2 5 18 7 -7 -1 19 12 -12 13 -8 -14 -16 -17 23 -5 20 -10 22 -22 -15 -3 26 -11 -28 29 -29
right_child=1 24 -4 4 -6 6 10 -9 9 25 11 -13 14 17 15 16 -18 -19 -20 -21 21 -23 -24 -25 -26 -27 27 28 -30 -31
leaf_value=-0.005095380393669355 -0.003037370112836381 0.0015058475294295727 -0.0070170870508782443 -0.0005299588023989089 -0.00405360868763446 0.0081588376728829615 -0.0002446479987926171 -0.002638010311701394 -0.00037886175353256022 -0.0027482133445981775 -0.002399154704501963 0.0023769540733571278 0.00018488382006952325 0.014562646851513728 0.0017148862518360859 0.0025826897924309416 0.015455272267522703 0.0078548326358006699 -0.002535888963297712 -0.00061317896703426704 0.0073979760815284547 0.00092814991359747119 0.01120640242262822 0.0062069459889213009 0.010264306013173722 -0.0051881813859271158 -0.008022525577773526 0.0085325199914679916 -0.0012901112501342276 0.026232864549748991
leaf_weight=15093 6718 33129 2911 60243 5634 171 2200 9335 1283 17077 14811 3099 76595 241 6206 313 195 1262 16434 5633 997 892 58 105 931 7737 237 332 327 69
leaf_count=15093 6718 33129 2911 60243 5634 171 2200 9335 1283 17077 14811 3099 76595 241 6206 313 195 1262 16434 5633 997 892 58 105 931 7737 237 332 327 69
internal_value=-0.000425436 -0.000200868 -0.000372035 -0.000327223 -0.000263509 -0.000203965 6.8407e-05 -0.00138123 -0.00151151 -0.00108423 0.000199614 -0.000745395 0.000393894 0.00283876 0.000282141 0.0019854 0.00956693 0.00687811 -0.00061081 0.000669637 0.00249226 0.00429635 0.00741706 0.0136416 0.000836757 -0.00168723 -0.00119776 0.00323834 0.00557692 0.010586
internal_weight=290268 240533 206473 203562 196844 191210 114533 9506 49735 34642 105027 17910 87117 3808 83309 6714 508 1608 76677 8863 3230 1947 1055 346 34060 25779 18042 965 728 401
internal_count=290268 240533 206473 203562 196844 191210 114533 9506 49735 34642 105027 17910 87117 3808 83309 6714 508 1608 76677 8863 3230 1947 1055 346 34060 25779 18042 965 728 401
is_linear=0
shrinkage=0.05


Tree=62
num_leaves=31
num_cat=0
split_feature=0 13 0 23 5 18 24 24 22 9 20 14 23 22 21 2 18 22 20 22 22 4 13 5 5 23 23 24 22 1
split_gain=26.763 12.9302 12.0427 9.63154 8.7514 8.63678 7.31546 11.2664 10.8835 10.3198 11.0075 7.79101 7.87273 7.47592 6.59827 6.45036 6.06443 6.01912 8.23316 6.54651 5.86694 5.75382 5.59557 5.56285 5.45665 5.37223 8.59676 7.95829 11.0653 8.5287
threshold=7.5650000000000004 1.0000000180025095e-35 4.1150000000000011 0.9989598388634241 11.467857142857145 6.8450000000000006 0.24500000000000002 -0.43999999999999995 -0.97876850416056738 998.87963867187511 558.20000000000016 29.250000000000004 0.91159213926341531 -0.9905448150984083 72.500000000000014 9.5999999999999996 6.2150000000000007 -0.78326540922535159 385.10000000000008 -0.861146256326485 -0.05695216311707673 13.505000000000001 9.8500000000000032 72.547142857142873 4.0964285714285724 -0.99465740988130902 -0.98212955754013376 0.05000000000000001 0.15951094710994371 6.1150000000000011
decision_type=2 2 2 2 2 2 10 8 2 2 8 2 2 2 8 2 2 2 10 2 2 2 2 2 2 2 2 10 2 2
left_child=2 23 24 4 14 -6 7 17 13 21 11 -11 -13 -8 -3 -7 -16 18 -4 -20 -14 25 -21 -2 -1 -9 27 28 -27 -30
right_child=1 3 6 -5 5 15 8 9 -10 10 -12 12 20 -15 16 -17 -18 -19 19 22 -22 -23 -24 -25 -26 26 -28 -29 29 -31
leaf_value=-0.0074510977702368685 0.0021859314446932448 -0.00024464419413519877 -0.0012189362169192249 -0.0079487766493240106 0.0037033106935579173 0.00017428197107896895 -0.0013165363141712588 -0.0046553557898541039 -0.0023417156034523253 0.00053805969454207253 0.0065875739481372313 0.004620748618034738 0.013555703333269435 0.012565337352497045 0.0031264917167918836 0.0051532562008399013 -0.0020537557597516873 -0.003342161950331535 0.0028431384313104581 0.0058090066794005413 0.0022990030832010398 -0.0027607141784148463 0.016589246858765394 0.013392077817321794 -0.0029959360489816762 0.004527122711857047 0.00024720276653342655 0.0010461797986783593 0.011934717946603439 0.0044195795605997861
leaf_weight=5967 11773 76180 6669 1674 3561 50000 210 1352 39196 2115 132 864 86 278 1166 3470 17975 14793 869 87 101 5716 51 560 18208 286 26045 680 131 73
leaf_count=5967 11773 76180 6669 1674 3561 50000 210 1352 39196 2115 132 864 86 278 1166 3470 17975 14793 869 87 101 5716 51 560 18208 286 26045 680 131 73
internal_value=-0.000412517 1.83219e-06 -0.000968817 -0.000122903 -8.14573e-05 0.000408461 -0.000726133 -0.00037802 -0.0012529 0.000151538 0.00282292 0.0022331 0.00575166 0.00616803 -0.000374578 0.000249672 -0.00120448 -0.00126374 -0.000127672 0.00408639 0.0150535 -0.000105447 0.0142029 0.00155964 -0.00197001 0.000184302 0.000337129 0.00452991 0.00938775 0.0182843
internal_weight=290268 166359 123909 154026 152352 57031 99734 60050 39684 37581 3298 3166 1051 488 95321 53470 19141 22469 7676 1007 187 34283 138 12333 24175 28567 27215 1170 490 204
internal_count=290268 166359 123909 154026 152352 57031 99734 60050 39684 37581 3298 3166 1051 488 95321 53470 19141 22469 7676 1007 187 34283 138 12333 24175 28567 27215 1170 490 204
is_linear=0
shrinkage=0.05


Tree=63
num_leaves=31
num_cat=0
split_feature=5 0 18 23 13 23 16 23 24 8 21 23 23 24 23 24 13 9 23 16 4 0 18 13 14 23 23 24 24 20
split_gain=24.5731 12.4628 10.5317 9.12785 7.86871 6.58334 5.92471 6.00997 10.0863 5.8517 5.6957 5.55923 5.22765 5.12764 5.11205 6.1101 5.27399 5.22776 16.6813 9.28853 7.41419 5.27905 6.78534 5.28859 5.40818 5.23848 5.87565 5.01457 4.74642 5.42935
threshold=8.4635714285714325 4.1150000000000011 24.385000000000002 0.9980355542543059 5.5500000000000007 0.9989598388634241 8.8500000000000032 0.99681593486783593 -0.55499999999999983 27.500000000000004 12.500000000000002 0.080547328232315238 -0.99465740988130902 -0.77999999999999992 -0.98801846520836312 0.05000000000000001 0.95000000000000007 998.87963867187511 0.91159213926341531 11.450000000000001 16.725000000000005 9.2250000000000032 7.5150000000000006 0.45000000000000007 30.850000000000005 -0.87810534180523914 -0.82413948779581736 -0.40499999999999997 1.4950000000000003 382.2000000000001
decision_type=2 2 2 2 2 2 2 2 10 2 8 2 2 8 2 10 2 2 2 2 2 2 2 2 2 2 2 8 8 10
left_child=1 13 5 4 10 9 7 -6 -9 12 27 -11 -2 -1 15 16 -14 21 -19 -20 -21 -16 -23 24 -24 -25 28 -3 -27 -30
right_child=2 3 -4 -5 6 -7 -8 8 -10 11 -12 -13 14 -15 17 -17 -18 18 19 20 -22 22 23 25 -26 26 -28 -29 29 -31
leaf_value=-0.010023237271017173 -0.002232241626159114 -0.002010554024633752 0.0035266617743787269 -0.0070375667164945116 -0.0023931731289511507 -0.0061811310053868206 -0.00065830516775362716 0.017796341807495664 -6.1981885804123643e-06 0.010554337988059825 -0.00046699134835113428 0.026462457103842735 0.00022081183299743216 -0.0031671094626592672 -0.00098199006227603879 0.00097943544983015106 0.0074182112700022567 -5.4662087028020823e-05 0.0023750132470421489 0.0056121410079756689 0.012499486909553959 0.0026706517586635651 -0.0014836745846768615 -0.0021769420793765963 0.002312692558552053 0.0019443326725757924 -0.00021454539573514793 0.0025326761445296688 0.016602761686303768 0.0036336600171810712
leaf_weight=3003 4987 1862 10968 2873 38085 1534 40160 62 149 598 35941 63 174 20301 35066 1569 309 3882 671 292 189 6262 3033 8413 10849 2567 48811 7133 204 258
leaf_count=3003 4987 1862 10968 2873 38085 1534 40160 62 149 598 35941 63 174 20301 35066 1569 309 3882 671 292 189 6262 3033 8413 10849 2567 48811 7133 204 258
internal_value=-0.00039753 -0.000843725 7.6794e-05 -0.000647647 -0.000582778 -4.89872e-05 -0.000884956 -0.00132991 0.00708531 -1.00248e-05 -5.51908e-05 0.0046823 -3.43444e-05 -0.00190611 3.02316e-05 0.00250487 0.00742236 -1.19102e-05 0.00156535 0.00684896 0.0121518 -8.06764e-05 0.000142604 9.10382e-06 0.00088892 -0.000193602 -5.78823e-06 0.00107004 0.00213107 0.00679654
internal_weight=290268 149569 140699 126265 123392 129731 78456 38296 211 128197 44936 661 127536 23304 122549 2052 483 120497 5034 1152 481 115463 80397 74135 13882 60253 51840 8995 3029 462
internal_count=290268 149569 140699 126265 123392 129731 78456 38296 211 128197 44936 661 127536 23304 122549 2052 483 120497 5034 1152 481 115463 80397 74135 13882 60253 51840 8995 3029 462
is_linear=0
shrinkage=0.05


Tree=64
num_leaves=31
num_cat=0
split_feature=5 9 23 17 17 22 23 24 24 24 23 8 4 23 17 4 1 9 23 22 24 17 20 22 23 24 22 22 24 20
split_gain=23.278 15.0714 10.5295 8.84887 8.07234 7.75533 7.33672 7.3214 12.5034 6.61569 8.12128 6.31247 5.99987 5.88314 6.10274 6.57567 6.00201 5.85728 12.3501 18.2917 11.4231 9.1339 6.60695 13.9834 22.5231 6.24376 8.36656 11.8251 20.219 12.415
threshold=5.7907142857142864 44.421846389770515 0.9989598388634241 155.50000000000003 315.50000000000006 -0.78326540922535159 -0.99628250747696534 -0.43999999999999995 -0.029999999999999995 -0.65999999999999981 -0.35846086284744721 69.500000000000014 17.635000000000002 -0.90892157495189674 181.50000000000003 7.1550000000000011 3.5850000000000004 998.87963867187511 0.91852788691372023 0.074116354202380205 -0.42499999999999993 254.50000000000003 1.0000000180025095e-35 0.57077594689671507 0.84199059757024453 -0.029999999999999995 0.80926549319045582 0.84313847884979054 -0.22499999999999995 283.90000000000003
decision_type=2 2 2 2 2 2 2 8 10 8 2 2 2 2 2 2 2 2 2 2 10 2 10 2 2 10 2 2 10 10
left_child=7 5 3 -3 6 11 -5 -1 13 10 -8 -2 -7 16 -15 -16 -9 -11 20 21 -19 -20 23 24 -22 26 -24 28 -28 -30
right_child=1 2 -4 4 -6 12 9 8 -10 17 -12 -13 -14 14 15 -17 -18 18 19 -21 22 -23 25 -25 -26 -27 27 -29 29 -31
leaf_value=-0.0045912819064859002 0.002697834691836373 -0.0011404142205011783 -0.0062206750484356844 -0.0036423897618262932 -0.0016963057622170514 -0.0005739139587069489 0.0073835574470744242 0.021059685202604303 -0.0028282010833855001 0.00033711494317229868 -0.0020490764151182123 0.01927967750438369 0.0020040314566257852 -0.0019275804641731395 0.0041608108204140284 6.1780591202994961e-05 0.0042538715746505409 -0.0055557099152677546 0.0033661517152581582 0.00080773502917309717 0.014671457969958801 0.013246685261454234 0.0003754635116534075 -0.0059443726280147 -0.011904514852284357 -0.0026707164698011993 -0.018133889211026454 0.0034144709099935434 0.004714761280203629 0.014720600112241961
leaf_weight=15093 18303 76976 2923 2514 20018 19847 115 59 25779 74899 7116 277 10671 3629 2084 2895 196 1337 375 920 149 360 1401 148 92 1176 72 699 60 85
leaf_count=15093 18303 76976 2923 2514 20018 19847 115 59 25779 74899 7116 277 10671 3629 2084 2895 196 1337 375 920 149 360 1401 148 92 1176 72 699 60 85
internal_value=-0.000383061 -0.000179457 -0.000379895 -0.00033372 -4.91333e-05 0.00060206 0.000149805 -0.00136775 -0.000967324 0.000225045 -0.00122459 0.00140743 0.000111736 0.000652712 0.000430993 0.00156758 0.00813725 0.000353233 0.00175007 0.00551359 0.000556619 0.0113946 0.00192942 0.00811054 0.0155394 0.00124105 0.00274709 0.00646288 0.016659 0.0274138
internal_weight=290268 240533 191435 188512 111536 49098 91518 49735 34642 89004 7231 18580 30518 8863 8608 4979 255 81773 6874 1655 5219 735 3882 389 241 3493 2317 916 217 145
internal_count=290268 240533 191435 188512 111536 49098 91518 49735 34642 89004 7231 18580 30518 8863 8608 4979 255 81773 6874 1655 5219 735 3882 389 241 3493 2317 916 217 145
is_linear=0
shrinkage=0.05


Tree=65
num_leaves=31
num_cat=0
split_feature=0 9 23 17 2 24 16 2 24 24 23 22 22 22 15 23 22 2 24 23 22 17 19 8 13 24 1 23 24 20
split_gain=22.1946 15.0362 10.7206 8.12181 7.69192 7.54782 7.72349 7.2281 6.98697 7.88677 10.0644 6.90504 22.5479 7.04575 5.62298 7.74219 38.7983 7.18354 5.95567 6.25606 13.7487 8.07597 6.65158 5.54454 5.45953 5.36089 5.20671 8.69857 6.28545 5.27032
threshold=4.8550000000000013 44.421846389770515 0.9989598388634241 155.50000000000003 6.6150000000000002 inf 9.0500000000000025 3.0100000000000016 -0.77999999999999992 0.69500000000000006 0.86004965528756494 -0.861146256326485 -0.814291907305839 -0.84315017450793706 70.500000000000014 0.90438663683299525 -0.40614700388750385 2.6500000000000017 -0.27499999999999997 0.097680735332368748 0.98049069993378934 283.50000000000006 11.885000000000003 11.500000000000002 1.9500000000000002 0.095000000000000015 7.2350000000000012 0.80290535434334509 -0.064999999999999988 393.40000000000003
decision_type=2 2 2 2 2 8 2 2 8 10 2 2 2 2 2 2 2 2 10 2 2 2 2 2 2 10 2 2 10 10
left_child=7 4 3 -3 23 6 -5 8 -1 10 -10 -7 13 -13 18 -16 17 -17 -8 -20 24 22 25 -2 26 -22 27 28 29 -21
right_child=1 2 -4 5 -6 11 14 -9 9 -11 -12 12 -14 -15 15 16 -18 -19 19 20 21 -23 -24 -25 -26 -27 -28 -29 -30 -31
leaf_value=-0.007311514031545595 0.00046829485901523466 -0.0011287385543702075 -0.0061911100518176384 -0.00097938554733554661 0.0053879026555551379 -0.0052771171490977042 -0.0010628757575675306 0.0082631062234924287 0.00022176362025363939 -0.00421619585049373 -0.0037465305432877747 0.0054012230051196279 0.0042414543595850427 0.038689784348695071 0.00056590143625397658 0.010678183294930057 0.0024022698437039755 0.01801894108859553 -0.00035061509021816484 0.0047837778579883491 0.010063469941075168 0.0040669665871085883 0.0059498880991251798 0.0075613818141278908 0.00018113504622948684 0.018418243866792361 0.0013415889398745058 -0.0015047360835405315 0.0032345597703766805 0.0087983144486762713
leaf_weight=4738 42556 79998 2951 47854 4495 462 18503 68 14653 14375 7838 83 695 114 16048 76 4433 61 16090 113 117 566 101 2414 7905 68 2136 317 199 241
leaf_count=4738 42556 79998 2951 47854 4495 462 18503 68 14653 14375 7838 83 695 114 16048 76 4433 61 16090 113 117 566 101 2414 7905 68 2136 317 199 241
internal_value=-0.000367386 -0.000188379 -0.000382187 -0.000337192 0.000591831 -7.02358e-05 -0.000113998 -0.00143526 -0.00146188 -0.00122959 -0.000644926 0.00364106 0.00621076 0.0211421 0.000232626 0.000919584 0.00273523 0.0289416 -7.29152e-05 0.000389005 0.00126541 0.00738263 0.0142308 0.000394706 0.000787736 0.0198649 0.00260146 0.00586207 0.00964738 0.0136441
internal_weight=290268 248596 199131 196180 49465 116182 114828 41672 41604 36866 22491 1354 892 197 66974 20618 4570 137 46356 27853 11763 852 286 44970 10911 185 3006 870 553 354
internal_count=290268 248596 199131 196180 49465 116182 114828 41672 41604 36866 22491 1354 892 197 66974 20618 4570 137 46356 27853 11763 852 286 44970 10911 185 3006 870 553 354
is_linear=0
shrinkage=0.05


Tree=66
num_leaves=31
num_cat=0
split_feature=4 9 17 17 9 2 0 21 21 13 20 1 13 17 17 19 21 4 16 3 13 1 13 4 14 14 19 9 15 2
split_gain=20.5684 13.0746 6.87998 7.26576 6.7839 6.63491 6.28555 5.72179 5.13861 5.07921 5.11991 4.60194 4.09732 4.20047 4.05544 4.59522 4.37071 3.54217 4.65744 6.75573 4.59172 3.67811 3.46781 4.94344 3.39912 3.28534 3.29874 3.18007 4.70899 3.323
threshold=7.9650000000000007 41.948736190795906 155.50000000000003 315.50000000000006 998.87963867187511 3.3800000000000021 4.1750000000000007 12.500000000000002 232.50000000000003 0.45000000000000007 453.2000000000001 1.9350000000000003 5.0500000000000007 221.50000000000003 263.50000000000006 7.5050000000000008 30.600000000000005 11.485000000000001 10.050000000000002 6.7166666666666677 28.750000000000004 4.245000000000001 1.0000000180025095e-35 31.495000000000001 30.850000000000005 33.850000000000001 4.745000000000001 225.26151275634768 70.500000000000014 4.3600000000000048
decision_type=2 2 2 2 2 2 2 8 8 2 8 2 2 2 2 2 10 2 2 2 2 2 2 2 2 2 2 2 2 2
left_child=6 5 -3 4 8 9 -1 -8 27 10 22 -6 13 -13 -15 -16 -17 -14 -19 21 -21 -20 23 -2 -12 26 -11 29 -29 -4
right_child=1 2 3 -5 11 -7 7 -9 -10 25 24 12 17 14 15 16 -18 18 19 20 -22 -23 -24 -25 -26 -27 -28 28 -30 -31
leaf_value=-0.0043047189635689069 0.0054698031988710911 -0.0011052968006814976 0.00024483996021277773 -0.0015960831906667678 0.0074726989463280036 0.0036823559726235494 0.0009238993045146077 -0.0020796219400936902 -0.0018617304751411901 0.0024321466798854327 -0.0033308078224451271 -0.00060131586689342992 -0.00054466548653636009 0.0057616137388031233 -0.0015737769368051162 0.0074764084083609661 -0.0017843173563852456 -8.2288946647705139e-05 0.0030232103522915168 0.0022459094698748308 0.0079602611307036143 0.01017771355329463 0.0024564316042393793 0.022464120054633777 0.0018033103392015874 0.005186620159179027 -0.00053467147286429938 -0.0014180920376580023 0.00052488754363631547 0.002109091313708233
leaf_weight=14929 1002 80165 47459 21152 112 9429 5252 26546 6733 1538 1253 426 3386 536 342 197 88 1460 53 1318 187 133 1874 300 6069 723 23592 16526 12436 5052
leaf_count=14929 1002 80165 47459 21152 112 9429 5252 26546 6733 1538 1253 426 3386 536 342 197 88 1460 53 1318 187 133 1874 300 6069 723 23592 16526 12436 5052
internal_value=-0.000356017 -0.000171656 -0.000347921 -0.000104427 7.96305e-05 0.000589776 -0.00131691 -0.000919556 -4.8524e-05 0.00028321 0.00121071 0.00145181 0.00131307 0.00359031 0.00514617 0.00241627 0.00710526 0.000759522 0.00196604 0.00375222 0.00264119 0.0127419 0.00288728 0.00486943 0.000483473 -9.34139e-05 -0.000189018 6.11847e-05 -0.000359438 0.000293175
internal_weight=290268 243541 197761 117596 96444 45780 46727 31798 88206 36351 10498 8238 8126 1589 1163 627 285 6537 3151 1691 1505 186 3176 1302 7322 25853 25130 81473 28962 52511
internal_count=290268 243541 197761 117596 96444 45780 46727 31798 88206 36351 10498 8238 8126 1589 1163 627 285 6537 3151 1691 1505 186 3176 1302 7322 25853 25130 81473 28962 52511
is_linear=0
shrinkage=0.05


Tree=67
num_leaves=31
num_cat=0
split_feature=0 8 22 22 22 22 14 22 2 22 9 22 22 20 22 9 22 22 9 20 20 17 20 19 22 14 20 4 2 4
split_gain=19.4615 12.3926 7.4124 14.7837 10.7847 14.0439 13.0457 12.7726 24.631 12.4421 11.0823 9.80836 9.47821 8.95573 10.0836 8.11489 7.89984 10.9343 11.7179 9.84379 9.59611 7.41197 7.40551 7.57988 6.97529 7.07363 6.93861 5.99386 5.94121 5.78938
threshold=5.5150000000000006 3.5000000000000004 -0.065535378769913874 0.10837544681456425 -0.42180583328916638 -0.35846811432664222 30.050000000000004 -0.41398024697495356 1.3900000000000017 -0.46801505794253101 120.51617431640626 -0.39036798905311365 0.21022171450811275 385.10000000000008 0.14250626876356556 998.87963867187511 0.49812943072827093 0.57077594689671507 773.87631225585949 519.10000000000014 322.60000000000008 98.500000000000014 264.90000000000003 7.3950000000000005 -0.074117382312902977 29.250000000000004 447.2000000000001 10.745000000000003 3.3800000000000021 32.875000000000007
decision_type=2 2 2 2 2 2 2 2 2 2 2 2 2 8 2 2 2 2 2 8 10 2 10 2 2 2 8 2 2 2
left_child=21 2 4 15 9 6 7 8 -6 10 28 -9 13 14 -5 -4 19 18 26 -14 -19 -1 23 -8 -7 -26 -18 -20 -2 -24
right_child=1 -3 3 12 5 24 22 11 -10 -11 -12 -13 16 -15 -16 -17 17 20 27 -21 -22 -23 29 -25 25 -27 -28 -29 -30 -31
leaf_value=-0.0037707927296958574 0.00026248341133184997 0.0040257311025049831 -0.0041924432502994042 -0.00035751452521389778 0.004972851335101473 0.0003187900904575644 -5.3108695504959025e-05 0.0001879721070914165 0.015640929477507226 -0.0064954335747885311 -0.0012754123719025739 0.008007829686424368 -0.003481346009211211 -0.00076075282605699197 0.0042191427980744637 0.0028478888267539949 0.003103195352995245 -0.0012989847360813198 0.0040704208945024521 0.00038524605438922593 0.00078126369230658481 -0.0013800488357123694 0.00015645941843830849 0.0086014465192695462 0.012746807150838061 0.0027715890283634237 -0.0021730886839667822 0.01572015396082338 0.0027249515742584292 0.017207590204677659
leaf_weight=16900 37137 9316 10962 1619 164 20951 111 675 125 3584 30547 960 14672 3031 2843 867 4065 46951 341 6295 21124 43119 2620 135 185 379 1532 190 8720 148
leaf_count=16900 37137 9316 10962 1619 164 20951 111 675 125 3584 30547 960 14672 3031 2843 867 4065 46951 341 6295 21124 43119 2620 135 185 379 1532 190 8720 148
internal_value=-0.00034017 -0.000131142 -0.000206467 -0.000485712 9.39006e-05 0.000969076 0.00337383 0.00659044 0.0162803 -0.000195531 -6.04692e-05 0.00487767 -0.000292853 0.00141932 0.00284401 -0.00215952 -0.000427657 -0.000185506 0.00183747 -0.00128464 -0.00036761 -0.00114206 0.0013205 0.00963415 0.00041715 0.00590425 0.00116402 0.00893597 0.000431013 0.000581646
internal_weight=290268 230249 220933 114492 106441 26453 4938 1924 289 79988 76404 1635 102663 7493 4462 11829 95170 74203 6128 20967 68075 60019 3014 246 21515 564 5597 531 45857 2768
internal_count=290268 230249 220933 114492 106441 26453 4938 1924 289 79988 76404 1635 102663 7493 4462 11829 95170 74203 6128 20967 68075 60019 3014 246 21515 564 5597 531 45857 2768
is_linear=0
shrinkage=0.05


Tree=68
num_leaves=31
num_cat=0
split_feature=5 8 22 5 24 24 22 24 24 22 22 9 2 22 15 22 22 1 5 14 13 24 24 22 22 22 22 22 16 22
split_gain=18.5692 10.9488 8.34822 7.36827 6.33106 10.6178 5.82041 14.3429 12.0151 19.5734 11.6878 12.7134 8.77164 7.04745 6.45277 7.81606 17.4866 6.21817 6.18242 5.98693 5.67854 5.54474 8.24699 6.70923 24.9566 6.8085 13.0325 13.3879 17.229 8.92123
threshold=5.7907142857142864 3.5000000000000004 0.99700008544936913 14.056428571428572 -0.43999999999999995 -0.029999999999999995 0.97508442350096236 0.36500000000000005 0.095000000000000015 0.9916835347852474 0.97875492728876534 135.82037353515628 -0.59999999999999865 0.9962888416657264 80.500000000000014 -0.98214942551678475 -0.99763297024448894 6.2750000000000012 8.2992857142857179 31.150000000000002 6.1500000000000012 -0.49499999999999994 -0.089999999999999983 -0.83377653105606597 -0.91597725483594616 -0.41398024697495356 -0.35846811432664222 -0.38242426011641079 9.9500000000000011 -0.37447345805034543
decision_type=2 2 2 2 8 10 2 10 10 2 2 2 2 2 2 2 2 2 2 2 2 8 10 2 2 2 2 2 2 2
left_child=4 2 3 6 -1 20 14 8 -8 10 -10 -12 18 -9 15 16 -2 19 -13 -18 -6 -17 -23 24 -24 -25 27 -27 29 -29
right_child=1 -3 -4 -5 5 -7 7 13 9 -11 11 12 -14 -15 -16 21 17 -19 -20 -21 -22 22 23 25 -26 26 -28 28 -30 -31
leaf_value=-0.0040325105596186383 -0.005503936651745824 0.0037957158050845792 -0.0037424977451250905 0.0011145811782972458 0.0032457864426162818 -0.002419342916415333 0.00033681497946824122 -0.0037275440111242206 -0.0025629414584073668 -0.0017061318164080215 0.0070683400946821287 0.017727923871402689 0.012208204557729111 0.0080384428248124161 0.00092821790972767888 -0.001912477169949313 0.0048872685170927238 0.0028838336403299134 0.01779558649698347 0.0089091715162731393 -0.00051690427026241 0.00022836886052674676 -0.0044323768091561622 -0.0032146207389328325 0.0058241576244500298 -0.0008695381193567853 -0.0011102104413980339 0.009918271380286045 0.002386921190265913 0.0066734351344854247
leaf_weight=15093 3132 9346 6032 32413 3460 25779 3695 3444 327 920 791 101 524 200 13339 24039 788 4847 125 245 5403 44921 2326 12873 2615 963 71562 180 571 214
leaf_count=15093 3132 9346 6032 32413 3460 25779 3695 3444 327 920 791 101 524 200 13339 24039 788 4847 125 245 5403 44921 2326 12873 2615 963 71562 180 571 214
internal_value=-0.000327423 -0.000145574 -0.0002134 -0.000164221 -0.0012069 -0.000834537 -0.000281517 0.000885256 0.002296 0.00477403 0.00771413 0.00953601 0.0142 -0.00162459 -0.000346221 -0.000429655 0.00100311 0.00261054 0.0224336 0.00613262 0.000658354 -0.000510222 -0.000386678 -0.000659556 0.00113236 -0.000762075 -0.00057627 0.00348029 0.00764249 0.0156853
internal_weight=290268 240533 231187 225155 49735 34642 192742 10127 6483 2788 1868 1541 750 3644 182615 169276 9012 5880 226 1033 8863 160264 136225 91304 4941 86363 73490 1928 965 394
internal_count=290268 240533 231187 225155 49735 34642 192742 10127 6483 2788 1868 1541 750 3644 182615 169276 9012 5880 226 1033 8863 160264 136225 91304 4941 86363 73490 1928 965 394
is_linear=0
shrinkage=0.05


Tree=69
num_leaves=31
num_cat=0
split_feature=4 23 13 22 23 23 1 24 9 22 24 20 24 22 22 22 9 13 5 1 24 24 24 22 22 15 24 5 9 23
split_gain=16.8905 12.2874 10.8319 8.89836 8.01619 13.5961 8.59507 10.9252 8.60579 7.62021 7.39323 12.1747 9.55283 8.36366 16.9566 21.1575 21.5799 12.443 7.09724 6.82391 6.82066 11.2291 8.28914 23.2235 6.79433 6.63442 6.30186 6.1107 6.09017 6.95595
threshold=7.9650000000000007 0.9989598388634241 1.0000000180025095e-35 0.99700008544936913 -0.99465740988130902 -0.97874870457683594 5.5750000000000011 0.05000000000000001 213.93643951416018 -0.11692013674435776 -0.95499999999999985 431.60000000000008 -0.77999999999999992 -0.93545489084327571 -0.99275805973510278 -0.99940763397299126 305.59574890136724 10.550000000000002 28.063571428571432 7.6250000000000009 -0.49499999999999994 -0.089999999999999983 -0.22499999999999995 0.79904096188274243 -0.93545489084327571 54.500000000000007 1.3800000000000001 23.308571428571433 902.01257324218761 0.99349222267034787
decision_type=2 2 2 2 2 2 2 10 2 2 10 10 10 2 2 2 2 2 2 2 8 10 8 2 2 2 10 2 2 2
left_child=20 2 -2 4 26 6 7 8 9 -6 11 13 -12 14 15 -7 -17 18 -15 -19 -1 22 -22 24 -24 -26 -4 28 -14 -30
right_child=1 -3 3 -5 5 10 -8 -9 -10 -11 12 -13 27 17 -16 16 -18 19 -20 -21 21 -23 23 -25 25 -27 -28 -29 29 -31
leaf_value=-0.0043817428322619574 0.0020930202115443603 -0.0056519455512178962 -0.004170954374780802 -0.0037051051444951912 0.0052416695821608803 -0.016096639064731171 0.0016043875984381823 0.0020320835194843337 0.00429320175822606 0.017087355566919437 -0.0031923183933220026 -0.0027145046735904338 -0.00043780096652073575 0.010008706296216637 -0.0037176840421767397 0.007582745490772029 0.010049300689310576 0.0023127892735787881 0.0028097937581320824 0.025196661690580324 0.00026558443911881951 -0.0022672655196308128 -0.0011507254919673169 0.013698294633123562 0.017710584444305507 0.0051517263493943187 0.00063656808193279834 0.0029370135066245258 0.00072091056092013939 0.0065071148019374223
leaf_weight=12856 13429 3100 6135 6135 75 290 6334 550 193 103 7020 3102 171288 1205 2192 474 110 115 1901 321 5848 26706 755 164 65 333 1905 5891 10987 686
leaf_count=12856 13429 3100 6135 6135 75 290 6334 550 193 103 7020 3102 171288 1205 2192 474 110 115 1901 321 5848 26706 755 164 65 333 1905 5891 10987 686
internal_value=-0.00031347 -0.000146404 -0.000106077 -0.000187701 -0.000135529 -7.6985e-05 0.00205031 0.00656352 0.0131941 0.0211236 -0.000152057 0.00119464 -0.000218818 0.00240769 0.000495759 0.00638444 0.0118664 0.00406268 0.00295235 0.0119725 -0.00118422 -0.000812053 0.000945568 0.00452923 0.00202515 0.00731156 -0.00168532 -0.000151495 -0.000202531 0.000902509
internal_weight=290268 243541 240441 227012 220877 212837 7255 921 371 178 205582 9710 195872 6608 3066 874 584 3542 3106 436 46727 33871 7165 1317 1153 398 8040 188852 182961 11673
internal_count=290268 243541 240441 227012 220877 212837 7255 921 371 178 205582 9710 195872 6608 3066 874 584 3542 3106 436 46727 33871 7165 1317 1153 398 8040 188852 182961 11673
is_linear=0
shrinkage=0.05


Tree=70
num_leaves=31
num_cat=0
split_feature=5 23 8 22 23 17 23 22 23 17 24 22 23 16 5 22 3 22 23 20 14 23 22 24 22 21 23 22 20 23
split_gain=16.4161 12.9457 10.6171 8.96052 8.32179 8.88929 8.74176 7.77034 11.4644 8.46612 6.97304 10.1706 10.6061 25.9275 8.52009 8.25016 7.42679 7.40513 27.6133 18.0205 7.30769 7.20224 11.233 7.03689 17.6432 10.2605 9.14842 30.0137 15.2515 8.30656
threshold=4.9978571428571437 0.99855310097228334 3.5000000000000004 0.99700008544936913 -0.99628250747696534 135.50000000000003 0.53312596302726967 0.97508442350096236 0.097680735332368748 315.50000000000006 1.4950000000000003 -0.98214942551678475 -0.99052477729077237 9.5500000000000025 8.977857142857145 -0.92923668111203805 18.66833333333334 -0.814291907305839 -0.54219087765047058 441.60000000000008 25.550000000000004 0.39629089145655322 -0.861146256326485 0.05000000000000001 -0.8041866928211282 30.600000000000005 -0.94137724084408114 -0.26866367175705824 274.50000000000006 -0.98212955754013376
decision_type=2 2 2 2 2 2 2 2 2 2 8 2 2 2 2 2 2 2 2 10 2 2 2 10 2 10 2 2 10 2
left_child=-1 2 3 4 -2 6 -6 9 -9 10 23 16 13 14 -13 -14 20 18 19 -17 -12 -20 -23 26 25 -25 27 28 -7 -29
right_child=1 -3 -4 -5 5 7 -8 8 -10 -11 11 12 15 -15 -16 17 -18 -19 21 -21 -22 22 -24 24 -26 -27 -28 29 -30 -31
leaf_value=-0.0027090145862433629 -0.00254484438910005 -0.0052575351829239206 0.0035959362396224682 -0.0034497306033198609 -0.0003596057234734162 0.01876728690708741 -0.0023172271226295092 0.00021274729061901534 0.005244844403074397 -0.0015875462856894378 0.011432923243529354 0.019677346757898329 -0.0050325225188534465 -0.00088890250206732392 0.0067769945038800329 0.036399396122169587 0.00049540204275429331 0.00047720350894932002 4.0770148299223986e-05 0.0040405853767559174 0.0092571599027476397 0.010499258593468388 -0.0045183488403168553 0.012867231639644792 -0.0012192698482883309 -0.00014011906027947368 0.00024339370124833019 0.0029216853211512343 0.0073041725851045033 -0.0046663048867805618
leaf_weight=26365 7437 4270 9384 6544 63449 88 19787 4712 2795 22109 96 84 2098 293 73 163 834 12885 2201 108 1479 462 324 526 28670 374 69111 1622 548 1377
leaf_count=26365 7437 4270 9384 6544 63449 88 19787 4712 2795 22109 96 84 2098 293 73 163 834 12885 2201 108 1479 462 324 526 28670 374 69111 1622 548 1377
internal_value=-0.000303824 -0.000184974 -0.000140064 -0.00020198 -0.000152953 -0.000101115 -0.000516965 0.000125071 0.00169375 4.41493e-05 0.000205564 0.00103317 0.000639076 0.00822222 0.0246178 0.000452003 0.00409091 0.000835345 0.00296501 0.0182472 0.00611111 0.00157851 0.00568702 3.48907e-05 -0.00061549 0.00627778 0.000299259 0.00274415 0.0126101 0.000651883
internal_weight=290268 263903 259633 250249 243705 236268 83236 153032 7507 145525 123416 21100 18691 450 157 18241 2409 16143 3258 271 1575 2987 786 102316 29570 900 72746 3635 636 2999
internal_count=290268 263903 259633 250249 243705 236268 83236 153032 7507 145525 123416 21100 18691 450 157 18241 2409 16143 3258 271 1575 2987 786 102316 29570 900 72746 3635 636 2999
is_linear=0
shrinkage=0.05


Tree=71
num_leaves=31
num_cat=0
split_feature=5 23 17 18 23 16 24 24 17 13 23 23 15 23 22 8 13 23 24 22 18 24 23 15 1 14 19 14 15 22
split_gain=15.294 12.5008 10.3247 10.6153 8.78225 7.22987 7.04617 6.13469 7.18188 5.32557 5.47444 6.71233 5.18545 9.05566 25.7924 5.16013 4.98245 4.86135 5.76368 6.0389 10.593 4.98038 7.68719 4.58566 4.67602 6.04044 4.56288 4.14026 6.14166 4.01501
threshold=4.6378571428571442 0.99855310097228334 139.50000000000003 20.555000000000003 0.53312596302726967 8.6500000000000004 inf -0.49499999999999994 183.50000000000003 6.5500000000000007 0.42763731121559989 -0.99465740988130902 80.500000000000014 0.90438663683299525 -0.37447345805034543 94.500000000000014 6.5500000000000007 0.65720762023595369 1.6100000000000003 -0.72696319516528884 7.1250000000000009 -0.42499999999999993 0.99681593486783593 49.500000000000007 1.9350000000000003 28.850000000000005 6.0850000000000009 27.750000000000004 84.500000000000014 0.99552231814189451
decision_type=2 2 2 2 2 2 8 8 2 2 2 2 2 2 2 2 2 2 10 2 2 10 2 2 2 2 2 2 2 2
left_child=7 2 4 5 27 6 9 -1 -9 10 11 -4 23 -14 26 -5 -10 -6 19 20 -19 -21 -23 -7 25 -25 -15 28 -2 -13
right_child=1 -3 3 15 17 12 -8 8 16 -11 -12 29 13 14 -16 -17 -18 18 -20 21 -22 22 -24 24 -26 -27 -28 -29 -30 -31
leaf_value=-0.0066386454170901865 -0.0033565238527075709 -0.0050831936311274382 -0.005825297441511482 0.0030053467581214926 -0.0047816541936043988 0.0022585231817658685 0.0076096307441596055 -0.0042205811707379266 0.0036059910027644265 -0.0015174955185850584 -0.0019497619787011593 0.0016890043595201413 0.00080627999301149304 0.010270295960030772 0.0026973248011222754 0.019835874263453471 -0.0012640679595691661 -0.00063921874334920206 -0.0040868857733149366 -0.0029980546282375384 0.017051688871621326 0.00020129021941812654 0.014020430346736532 0.011161799911958814 5.7702186469088052e-05 0.003799316620894078 0.014854267813270417 -0.00028998747182476222 0.0013395188323789445 -0.0066984245407502559
leaf_weight=6229 7281 4448 942 10816 4744 4963 439 6434 1837 34639 5782 12368 4435 78 945 105 3804 149 6185 4018 97 6139 87 53 92048 115 77 68551 2064 396
leaf_count=6229 7281 4448 942 10816 4744 4963 439 6434 1837 34639 5782 12368 4435 78 945 105 3804 149 6185 4018 97 6139 87 53 92048 115 77 68551 2064 396
internal_value=-0.000295728 -0.000201572 -0.000157861 8.08247e-05 -0.000562102 -2.3844e-05 -0.00048895 -0.00169471 -0.00103727 -0.00054012 0.000121099 0.000665401 0.00022324 0.00171183 0.00577273 0.00158822 0.000265023 -0.00145875 -0.00105697 -0.000343185 0.00739837 -0.000529091 0.000356568 0.000138455 5.87739e-05 0.00839286 0.0246774 -0.00031555 -0.00130284 0.000965997
internal_weight=290268 271964 267516 168201 99315 157280 54566 18304 12075 54127 19488 13706 102714 5535 1100 10921 5641 21419 16675 10490 246 10244 6226 97179 92216 168 155 77896 9345 12764
internal_count=290268 271964 267516 168201 99315 157280 54566 18304 12075 54127 19488 13706 102714 5535 1100 10921 5641 21419 16675 10490 246 10244 6226 97179 92216 168 155 77896 9345 12764
is_linear=0
shrinkage=0.05


Tree=72
num_leaves=31
num_cat=0
split_feature=0 9 22 17 16 14 15 22 22 9 17 13 2 19 22 8 16 22 22 13 18 15 14 2 22 13 22 17 5 8
split_gain=16.5854 9.37047 6.04303 5.79175 5.90875 5.49407 7.52502 5.46318 10.8531 14.6932 15.0583 11.254 6.95161 5.29932 7.63613 5.2854 5.56072 5.03169 8.29989 16.2635 7.40444 5.46024 6.02617 6.08753 5.42361 6.38383 4.85293 4.64707 5.2678 4.586
threshold=3.9350000000000005 44.421846389770515 -0.78326540922535159 155.50000000000003 9.0500000000000025 27.650000000000002 77.500000000000014 0.79904096188274243 0.82414472752956958 616.95419311523449 302.50000000000006 10.950000000000001 2.3700000000000032 8.2050000000000018 -0.065535378769913874 69.500000000000014 13.850000000000003 0.67802080537253961 0.65233619298682533 3.5500000000000003 10.885000000000003 70.500000000000014 25.050000000000004 1.4899999999999991 1.0000000180025095e-35 15.550000000000002 -0.15101209918632377 181.50000000000003 8.9050000000000029 13.500000000000002
decision_type=2 2 2 2 2 2 2 2 2 2 2 2 2 2 2 2 2 2 2 2 2 2 2 2 2 2 2 2 2 2
left_child=-1 2 15 5 13 6 -3 17 9 12 11 -11 -9 -5 26 16 29 18 21 20 -20 -6 24 -24 25 -23 -15 28 -19 -2
right_child=1 3 -4 4 7 -7 -8 8 -10 10 -12 -13 -14 14 -16 -17 -18 27 19 -21 -22 22 23 -25 -26 -27 -28 -29 -30 -31
leaf_value=-0.0032789772014474197 0.0025453431831897015 -0.0048139831834800723 9.4603463799242388e-06 -0.0015095542448713166 -0.00043291409015926976 -0.00071029373744658608 -0.00015499228434797194 -0.00031951404466538697 0.00094201975577362694 0.014082348255205757 -0.011995750122407917 0.0045136095084683291 0.0063789656964773614 0.0010988115688904301 -0.0012830054737902469 0.016479169858524472 -0.0012828619961016605 -0.00090360352059486019 0.012781036132303773 0.0012205526030278672 0.0035999588142391552 0.003144421472173916 6.3341093689021861e-05 0.0028541554161935108 -0.0011038604720838327 0.010946069019745756 0.0066069010749315055 -0.0036671662353390043 0.011745793181612299 0.017885876524563193
leaf_weight=20457 13530 7669 31561 32615 38749 75510 5283 542 13453 107 61 82 181 10727 11769 277 4202 116 153 540 72 124 12687 4258 158 132 609 3723 72 849
leaf_count=20457 13530 7669 31561 32615 38749 75510 5283 542 13453 107 61 82 181 10727 11769 277 4202 116 153 540 72 124 12687 4258 158 132 609 3723 72 849
internal_value=-0.000286254 -0.000182184 0.000432475 -0.000323441 -0.000112275 -0.00063598 -0.0015874 0.000176837 0.00105157 0.00615108 0.0166 0.0235714 0.00253803 -0.000502514 7.6822e-05 0.00114063 0.00103843 -3.07659e-05 8.85294e-05 0.00526144 0.0165556 1.79998e-05 0.000754939 0.000609323 0.00671497 0.0112109 0.001003 -0.00176553 0.00590425 0.00150601
internal_weight=290268 269811 50419 219392 130930 88462 12952 75210 14426 973 250 189 723 55720 23105 18858 18581 60784 56873 765 225 56108 17359 16945 414 256 11336 3911 188 14379
internal_count=290268 269811 50419 219392 130930 88462 12952 75210 14426 973 250 189 723 55720 23105 18858 18581 60784 56873 765 225 56108 17359 16945 414 256 11336 3911 188 14379
is_linear=0
shrinkage=0.05


Tree=73
num_leaves=31
num_cat=0
split_feature=0 23 13 23 23 17 17 14 16 20 22 22 22 23 15 13 23 22 14 14 17 22 9 17 9 23 17 20 4 22
split_gain=15.4436 12.6078 8.9825 7.05934 13.8215 7.74079 7.51164 8.21689 6.79199 6.73672 6.89445 6.20109 5.76475 8.58427 5.68153 5.38017 6.28978 5.11758 5.05853 4.81868 4.73013 5.19935 4.69408 4.6634 4.64888 4.38189 4.27028 4.26786 4.22623 3.94538
threshold=3.9350000000000005 0.99855310097228334 1.0000000180025095e-35 -0.99465740988130902 -0.97874870457683594 60.500000000000007 155.50000000000003 27.750000000000004 8.4500000000000011 391.80000000000001 0.17646842360078763 -0.11692013674435776 -0.86976336936302323 0.39629089145655322 76.500000000000014 6.5500000000000007 -0.46800559042974538 0.86113431103781346 30.650000000000002 30.650000000000002 270.50000000000006 -0.814291907305839 145.36562347412112 187.50000000000003 998.87963867187511 -0.6652727025667432 177.50000000000003 648.90000000000009 14.845000000000001 0.92273069556937592
decision_type=2 2 2 2 2 2 2 2 2 8 2 2 2 2 2 2 2 2 2 2 2 2 2 2 2 2 2 10 2 2
left_child=25 2 -2 -4 5 11 7 14 15 10 -7 -5 13 -9 -6 16 17 20 -19 22 21 23 -13 -8 -3 -1 -27 29 -29 -10
right_child=1 24 3 4 6 9 8 12 27 -11 -12 19 -14 -15 -16 -17 -18 18 -20 -21 -22 -23 -24 -25 -26 26 -28 28 -30 -31
leaf_value=-9.9295453444557283e-05 0.0017918323645726307 -0.0059631092545304118 -0.0024326201264971816 -0.0023966973406178396 -0.0049394594303951364 0.0023352379494916723 0.020332005774462227 0.00029751022268351384 0.00013520450731016628 -0.00068565983374936016 0.0047715272753836866 0.021759054123300838 -0.00093654661412771647 0.0058408015406981525 -0.00077961766522406271 -0.0014853540520957632 -0.00095806600264150424 -0.00060117632260232249 0.014430596459475057 0.00083710665386792628 -0.0028761122665508193 0.0020939230037777751 0.0080888121443457497 0.0031263160118542551 0.0043466078202173677 -0.0055695878455919827 -0.0022889940739945747 0.00016868067146219514 0.011418505797495364 0.0015193051758720733
leaf_weight=3582 13945 4088 8495 122 7579 4215 172 15698 79588 2756 738 50 69012 941 5604 28583 9125 50 65 76 1209 4303 196 277 290 7411 9464 591 629 11414
leaf_count=3582 13945 4088 8495 122 7579 4215 172 15698 79588 2756 738 50 69012 941 5604 28583 9125 50 65 76 1209 4303 196 277 290 7411 9464 591 629 11414
internal_value=-0.000280569 -0.000180146 -0.00013625 -0.000204743 -0.000155211 0.00186864 -0.000225474 -0.000557198 1.55864e-05 0.0014989 0.00260145 0.00828829 -0.000378339 0.000457058 -0.00171926 -0.000497215 0.00026281 0.00150922 0.0119565 0.0119255 0.00130767 0.0020181 0.0153252 0.00713808 -0.00284148 -0.00160508 -0.00194222 0.000259048 0.00319672 0.000219664
internal_weight=290268 269811 265433 251488 242993 8153 234840 98834 136006 7709 4953 444 85651 16639 13183 43784 15201 6076 115 322 5961 4752 246 449 4378 20457 16875 92222 1220 91002
internal_count=290268 269811 265433 251488 242993 8153 234840 98834 136006 7709 4953 444 85651 16639 13183 43784 15201 6076 115 322 5961 4752 246 449 4378 20457 16875 92222 1220 91002
is_linear=0
shrinkage=0.05


Tree=74
num_leaves=31
num_cat=0
split_feature=0 5 22 14 15 13 21 14 22 22 22 14 22 4 5 2 9 2 22 22 22 20 11 4 2 22 9 1 22 14
split_gain=14.233 8.74678 6.30943 8.2517 5.94007 6.49211 6.15688 6.091 4.29901 8.98997 7.52999 5.80404 4.21285 4.07677 4.05326 4.95549 3.9831 3.96246 3.96073 6.28 7.29316 8.13136 5.6827 4.52818 3.80514 3.93415 3.78419 3.61048 3.5867 6.29424
threshold=3.9350000000000005 13.61214285714286 -0.78326540922535159 30.150000000000002 80.500000000000014 8.1500000000000004 12.500000000000002 27.350000000000005 0.99466373373798567 0.97508442350096236 0.98372640911059162 30.850000000000005 -0.99763297024448894 9.0150000000000023 3.9057142857142866 2.2400000000000011 82.902885437011733 30.32 -0.99630266176052629 -0.98214942551678475 -0.92923668111203805 453.2000000000001 12.454999923706056 12.055000000000001 -3.1499999999999986 -0.29343379936893921 257.23342895507818 6.9150000000000009 0.51297097409535064 28.850000000000005
decision_type=2 2 2 2 2 2 8 2 2 2 2 2 2 2 2 2 2 2 2 2 2 10 2 2 2 2 2 2 2 2
left_child=14 2 3 12 5 6 8 -7 9 -4 11 26 -2 -6 -1 -16 18 -3 -5 -20 -21 22 -22 -24 25 -9 -11 -18 -8 -30
right_child=1 17 4 16 13 7 28 24 -10 10 -12 -13 -14 -15 15 -17 27 -19 19 20 21 -23 23 -25 -26 -27 -28 -29 29 -31
leaf_value=-0.0063863671251659197 -0.0088664808744811571 0.00080635363174195139 0.0006828307837071474 -0.0029619212148914329 -0.00098158667593257597 -0.0035914443242014088 -0.00095076573751238331 -0.0031052862220627745 -0.0069698115094984948 0.014245448539672504 0.0036180993768802705 0.0034855929198490498 -0.00035044355073080463 0.0012611291324727304 -0.0021721269448341509 0.0074360301377738988 0.0019103941817533441 0.0075037632911271095 0.0068238646164125276 -0.0010350784063404162 0.0045911453774956585 -0.00058477371168833112 0.043683884132090622 0.014803116029705382 -0.0012522778667371358 0.0012553977678336509 0.0087422178283306992 -0.00090257747939509285 -0.0027571387483130865 0.00051094184211493377
leaf_weight=4373 1685 41335 15593 1248 3842 9126 46989 1851 534 80 771 92 18147 9310 16032 52 3341 930 2312 3307 3068 1726 79 181 61295 6437 105 5880 4379 26168
leaf_count=4373 1685 41335 15593 1248 3842 9126 46989 1851 534 80 771 92 18147 9310 16032 52 3341 930 2312 3307 3068 1726 79 181 61295 6437 105 5880 4379 26168
internal_value=-0.000274885 -0.000178478 -0.000301171 0.000260652 -0.000424556 -0.00050225 -0.000223365 -0.000837834 0.000633187 0.000774892 0.00525763 0.0123285 -0.000471966 0.000599908 -0.00154642 -0.00117943 0.000947875 0.000482076 0.00155146 0.00186311 0.00122533 0.00241986 0.00386418 0.0109615 -0.000678543 0.000326978 0.0174324 0.000167551 -0.0004131 8.67396e-06
internal_weight=290268 269811 227546 40974 186572 173420 94711 78709 17175 16641 1048 277 19832 13152 20457 16084 21142 42265 11921 10673 8361 5054 3328 260 69583 8288 185 9221 77536 30547
internal_count=290268 269811 227546 40974 186572 173420 94711 78709 17175 16641 1048 277 19832 13152 20457 16084 21142 42265 11921 10673 8361 5054 3328 260 69583 8288 185 9221 77536 30547
is_linear=0
shrinkage=0.05


Tree=75
num_leaves=31
num_cat=0
split_feature=23 5 22 17 4 22 23 23 17 22 24 22 4 22 24 24 20 14 15 22 23 23 9 2 20 21 24 4 9 13
split_gain=13.0602 11.7087 8.77107 8.16568 8.76918 8.05333 10.9233 7.87726 6.96889 7.74676 8.49153 6.82833 6.93551 6.65445 6.17565 6.88938 6.01476 6.9124 9.51247 5.94581 17.6125 6.22772 7.40447 5.83664 7.64219 5.72135 10.916 9.60232 5.3592 5.93222
threshold=0.99855310097228334 4.6907142857142867 0.99700008544936913 139.50000000000003 22.255000000000006 0.97508442350096236 0.097680735332368748 0.53312596302726967 315.50000000000006 0.9193901325473397 1.1900000000000002 0.96465729447553372 11.485000000000001 0.98522604642031408 -0.49499999999999994 1.0000000180025095e-35 279.7000000000001 30.550000000000004 60.500000000000007 -0.98214942551678475 -0.15950993297387572 -0.074115882986646633 305.59574890136724 -2.8699999999999997 400.30000000000001 157.50000000000003 0.095000000000000015 10.615 111.51495361328126 5.7500000000000009
decision_type=2 2 2 2 2 2 2 2 2 2 10 2 2 2 8 10 10 2 2 2 2 2 2 2 10 8 10 2 2 2
left_child=1 14 3 7 5 8 13 -3 19 -10 -11 12 -12 16 -1 -16 -7 18 -18 20 28 22 -22 24 -23 26 -8 -28 29 -5
right_child=-2 2 -4 4 -6 6 25 -9 9 10 11 -13 -14 -15 15 -17 17 -19 -20 -21 21 23 -24 -25 -26 -27 27 -29 -30 -31
leaf_value=-0.0056912082027859388 -0.0049637399474092361 -0.00030932419764333023 -0.0032394454803924772 0.010751425724839498 0.0023476138116270266 -0.00092526046025552414 0.0024668296465716385 -0.0020571681342907138 -0.0020788447998597152 0.00025899699193403708 0.0054006942195373824 -0.0051974465810430944 0.013180623852021844 -0.0014705951491073375 0.001479961731192277 -0.0027016835204634999 0.016989173752390625 0.0044337429959592015 0.0091941128918059459 -3.1081479465247686e-05 0.0039193215386433807 0.0027598726332260385 0.0061048956494281492 -0.0029622956659378099 0.015702494505495084 -0.0025384028012355414 0.016434030746557797 0.0087228579988843768 0.0042619295701410735 0.015199527462451054
leaf_weight=6300 4950 74490 6726 398 18502 597 1520 21255 19452 1698 259 99 129 3352 3696 8902 68 511 111 110274 1641 372 56 3207 77 436 139 601 269 181
leaf_count=6300 4950 74490 6726 398 18502 597 1520 21255 19452 1698 259 99 129 3352 3696 8902 68 511 111 110274 1641 372 56 3207 77 436 139 601 269 181
internal_value=-0.000261794 -0.000217618 -0.000132311 -8.6141e-05 0.000128118 -2.30444e-06 0.00161213 -0.000453027 -8.80457e-05 -0.000912096 0.00191075 0.007731 0.0107216 0.000141193 -0.00142026 -0.000781078 0.00319736 0.00637681 0.0148324 6.50342e-05 0.00157152 0.000510927 0.00301414 -0.000650986 0.00468819 0.00414317 0.00515487 0.0101351 0.00826651 0.0109758
internal_weight=290268 285318 266420 259694 163949 145447 7335 95745 138112 21637 2185 487 388 4639 18898 12598 1287 690 179 116475 6201 5353 1697 3656 449 2696 2260 740 848 579
internal_count=290268 285318 266420 259694 163949 145447 7335 95745 138112 21637 2185 487 388 4639 18898 12598 1287 690 179 116475 6201 5353 1697 3656 449 2696 2260 740 848 579
is_linear=0
shrinkage=0.05


Tree=76
num_leaves=31
num_cat=0
split_feature=0 23 23 23 17 18 1 9 14 16 17 23 8 23 20 23 16 2 4 9 3 23 20 22 22 23 17 4 17 17
split_gain=13.0312 11.5702 7.33279 10.7109 8.78085 8.41245 6.28435 6.5464 6.03038 6.01136 5.25824 5.10131 4.96924 4.89803 4.63729 5.65263 4.34314 4.29516 4.22805 4.20058 4.10273 4.03473 3.88188 4.29204 3.76482 3.72736 3.61878 3.572 3.54901 6.08283
threshold=3.8750000000000004 0.99855310097228334 -0.99465740988130902 -0.97874870457683594 138.50000000000003 16.885000000000002 6.0750000000000011 340.39927673339849 27.750000000000004 8.4500000000000011 44.500000000000007 0.53312596302726967 156.50000000000003 0.60383265664488517 343.2000000000001 -0.099822328936730861 14.850000000000003 2.0800000000000018 13.385000000000003 806.39907836914074 2.5283333333333338 -0.6652727025667432 383.65000000000003 0.17646842360078763 -0.55657520495441892 -0.30164489695395946 66.500000000000014 19.595000000000002 214.50000000000003 318.50000000000006
decision_type=2 2 2 2 2 2 2 2 2 2 2 2 2 2 10 2 2 2 2 2 2 2 8 2 2 2 2 2 2 2
left_child=17 2 -2 6 8 9 7 10 -5 14 -4 16 -7 -13 -6 18 -10 21 24 -3 -11 -1 23 -8 -16 -18 -24 -15 -22 -30
right_child=1 19 3 4 5 12 22 -9 11 20 -12 13 -14 27 15 -17 25 -19 -20 -21 28 -23 26 -25 -26 -27 -28 -29 29 -31
leaf_value=7.59181507143646e-06 -0.0022196227903200682 -0.0054691006801540886 0.021287662690415897 -0.0028061262399629201 -0.001098300061555858 0.0021829072623694577 0.0015928357156028744 -0.00043736650684742217 -2.8898037824119955e-05 0.0072750943776456831 0.0046480443152381356 -0.0062764460071082599 0.014249428283955635 -0.0015519935717604246 0.009894027472120849 -0.0014548901229905467 -0.0035508883494373908 0.0059409618238526083 0.00064927547085252726 0.0033424788503228029 -0.00044126449574536698 -0.0036779145492909942 0.0054422445946717534 0.0044660398132726235 0.0043713475833941882 0.00058414060142033663 -0.00083057146154907717 0.0022144612076699646 0.00088902075026142462 -0.00078598664865558348
leaf_weight=3372 8946 4055 67 11651 39456 16612 3463 574 55674 52 1329 2438 54 14433 500 2845 3937 85 1483 362 28821 15835 123 535 1050 1696 3006 1044 51936 14834
leaf_count=3372 8946 4055 67 11651 39456 16612 3463 574 55674 52 1329 2438 54 14433 500 2845 3937 85 1483 362 28821 15835 123 535 1050 1696 3006 1044 51936 14834
internal_value=-0.000253353 -0.000163964 -0.000121907 -7.30371e-05 -0.000134721 9.09321e-05 0.00161207 0.00411167 -0.000526175 -3.46522e-05 0.00595988 -0.000369974 0.00115324 -0.0011122 -0.000508891 0.000801292 -0.000153083 -0.00150892 0.002303 -0.00270206 0.000190133 -0.00155855 0.000921144 0.00195348 0.00412903 -0.00147612 -0.000397892 -0.000784068 0.000182495 0.000382656
internal_weight=290268 270976 266559 257613 248516 157643 9097 1970 90873 140977 1396 79222 16666 17915 45334 5878 61307 19292 3033 4417 95643 19207 7127 3998 1550 5633 3129 15477 95591 66770
internal_count=290268 270976 266559 257613 248516 157643 9097 1970 90873 140977 1396 79222 16666 17915 45334 5878 61307 19292 3033 4417 95643 19207 7127 3998 1550 5633 3129 15477 95591 66770
is_linear=0
shrinkage=0.05


Tree=77
num_leaves=31
num_cat=0
split_feature=23 5 22 17 23 11 22 23 22 20 14 15 17 22 24 22 22 22 23 4 24 21 24 4 24 23 24 23 9 8
split_gain=11.7324 10.6132 8.32608 7.29378 7.85582 7.73748 7.67166 8.66179 7.11877 7.27321 7.27016 8.83495 6.20991 7.0761 9.07483 6.76592 7.3124 5.77316 5.286 5.18571 4.99317 4.99312 8.82034 10.7016 4.95973 4.92936 5.34547 4.8836 5.89816 4.66612
threshold=0.99855310097228334 4.33357142857143 0.99700008544936913 139.50000000000003 0.53312596302726967 2.7549999952316289 0.97508442350096236 0.097680735332368748 0.98522604642031408 279.7000000000001 30.550000000000004 60.500000000000007 315.50000000000006 0.9193901325473397 1.1900000000000002 0.96465729447553372 0.94978112945126536 0.96465729447553372 -0.99628250747696534 11.105000000000002 -0.49499999999999994 97.500000000000014 0.095000000000000015 10.615 1.0000000180025095e-35 0.59003219687534991 1.6100000000000003 0.99681593486783593 285.29341125488287 62.500000000000007
decision_type=2 2 2 2 2 2 2 2 2 10 2 2 2 2 10 2 2 2 2 2 8 8 10 2 10 2 10 2 2 2
left_child=1 20 3 4 -3 6 12 8 9 -8 11 -11 17 -14 -15 16 -16 18 -5 -18 -1 22 -9 -24 -22 -6 27 -27 -29 -7
right_child=-2 2 -4 5 25 29 7 21 -10 10 -12 -13 13 14 15 -17 19 -19 -20 -21 24 -23 23 -25 -26 26 -28 28 -30 -31
leaf_value=-0.0060659989909053616 -0.0045009214533573315 -0.00029585987320944772 -0.0030867148309420308 -0.0027825402191932139 -0.0072168596009142237 0.0020876137906851904 -0.0010660884732545995 0.0025068650734119315 -0.0013064764081472814 0.015987524275546224 0.0048027461171782221 0.0087681278131709114 -0.001959296016508673 0.00024451828886633834 0.0029620928615376376 -0.0049988887995258101 0.00933843308624655 -0.0061727606872802607 0.00025084407448041528 0.013827345413884902 0.0019392087225247622 -0.0020755542972323441 0.015629544615567915 0.0090784207417321846 -0.003059914617025824 -0.00070463680332335079 -0.0034205336875534863 0.013681074790373692 -0.0031255194322863523 0.012481327421201475
leaf_weight=4482 4950 75831 6869 3685 2421 13005 618 1596 3494 70 540 118 21127 1787 183 97 105 1562 118364 105 2116 462 136 621 5665 12387 7369 85 83 335
leaf_count=4482 4950 75831 6869 3685 2421 13005 618 1596 3494 70 540 118 21127 1787 183 97 105 1562 118364 105 2116 462 136 621 5665 12387 7369 85 83 335
internal_value=-0.00024319 -0.00020132 -0.000136695 -9.23426e-05 -0.000434731 0.00010773 8.08053e-06 0.00155127 0.000268594 0.0033581 0.0067445 0.0152128 -7.22727e-05 -0.000819092 0.00182916 0.00785714 0.0107761 6.9127e-05 0.000107783 0.0171429 -0.0016403 0.00375666 0.00468976 0.00913474 -0.000874567 -0.00125867 -0.0009998 -0.000372363 0.00809524 0.00126312
internal_weight=290268 285318 273055 266186 98176 168010 154670 7655 4840 1346 728 188 147015 23404 2277 490 393 123611 122049 210 12263 2815 2353 757 7781 22345 19924 12555 168 13340
internal_count=290268 285318 273055 266186 98176 168010 154670 7655 4840 1346 728 188 147015 23404 2277 490 393 123611 122049 210 12263 2815 2353 757 7781 22345 19924 12555 168 13340
is_linear=0
shrinkage=0.05


Tree=78
num_leaves=31
num_cat=0
split_feature=0 23 22 24 23 3 17 22 22 22 24 9 3 24 22 15 24 8 21 14 24 23 23 23 22 21 24 18 5 20
split_gain=11.6736 10.4386 7.69747 6.87619 11.2569 9.3656 8.35245 7.72289 10.4974 7.97222 24.7844 7.7203 7.57008 6.01657 5.85008 7.40477 11.8588 6.21248 5.65889 5.98382 6.45697 5.72085 6.31742 5.62308 11.4944 10.3218 8.28722 18.5564 7.08745 7.06054
threshold=3.3350000000000004 0.99855310097228334 0.99700008544936913 -0.65999999999999981 -0.35846086284744721 9.4016666666666691 155.50000000000003 -0.065535378769913874 0.92273069556937592 0.92922379131507438 1.1900000000000002 163.74107360839847 2.5283333333333338 1.9550000000000003 -0.159513159777915 76.500000000000014 -0.42499999999999993 27.500000000000004 62.500000000000007 27.750000000000004 1.4950000000000003 0.42763731121559989 0.2332836900311728 0.097680735332368748 0.98049069993378934 107.50000000000001 0.095000000000000015 8.8050000000000015 4.9978571428571437 143.40000000000003
decision_type=2 2 2 8 2 2 2 2 2 2 10 2 2 10 2 2 10 2 8 2 10 2 2 2 2 8 10 2 2 10
left_child=-1 2 3 4 5 -2 13 14 -9 10 -10 -7 -6 18 17 -16 -17 -8 19 -5 -21 22 -22 -11 29 26 28 -28 -26 -25
right_child=1 -3 -4 6 12 11 7 8 9 23 -12 -13 -14 -15 15 16 -18 -19 -20 20 21 -23 -24 24 25 -27 27 -29 -30 -31
leaf_value=-0.003762109987824537 0.0022613888385489569 -0.0041258342570117306 -0.0029355225096682471 -0.0017445956947202961 0.0066249017728923472 0.042041365685697107 0.00070737270464500289 -0.00059256803936064042 0.0037381475292133214 -0.00011148860614490131 0.011900997258799608 0.0059171482934066572 -0.0021959180459701047 -0.0038168638516298393 0.0018966463666946214 0.012303992182964952 0.0056265257200226876 0.010784976502874046 -0.0013663008515898169 -9.062624272427164e-06 0.0034134693702781286 0.0083046923284232684 -0.00462028990756081 0.0046476994845960247 0.011335525400423194 -0.0050820071504121432 0.017785869812885245 0.0073281183708963629 0.0026390738974140225 -0.0015877366882604976
leaf_weight=10767 432 4645 6765 11014 129 73 61947 58612 551 7638 103 53 19430 4272 3978 137 607 755 31682 54244 4399 542 1052 1014 131 339 124 542 1216 3075
leaf_count=10767 432 4645 6765 11014 129 73 61947 58612 551 7638 103 53 19430 4272 3978 137 607 755 31682 54244 4399 542 1052 1014 131 339 124 542 1216 3075
internal_value=-0.000235956 -0.000173722 -0.000133999 -9.19662e-05 -0.000981012 0.0060215 -1.9842e-05 0.000233395 -0.000121686 0.0010714 0.00646789 0.0180159 -0.00118079 -0.000352363 0.000619659 0.00231681 0.00689516 0.000491849 -0.000276055 -2.88429e-05 0.000167089 0.00172451 0.00123739 0.000820725 0.00190886 0.00469388 0.00605315 0.0106156 0.00379733 0.00030692
internal_weight=290268 279501 274856 268091 20117 558 247974 140769 73345 14733 654 126 19559 107205 67424 4722 744 62702 102933 71251 60237 5993 5451 14079 6441 2352 2013 666 1347 4089
internal_count=290268 279501 274856 268091 20117 558 247974 140769 73345 14733 654 126 19559 107205 67424 4722 744 62702 102933 71251 60237 5993 5451 14079 6441 2352 2013 666 1347 4089
is_linear=0
shrinkage=0.05


Tree=79
num_leaves=31
num_cat=0
split_feature=5 23 22 23 23 13 17 20 22 17 22 23 22 15 14 17 22 14 15 20 23 14 22 22 21 14 19 22 23 22
split_gain=10.4983 8.23994 7.32199 6.38703 8.87846 7.25759 5.96241 6.05216 6.48369 5.40942 5.72603 6.7728 6.6236 6.18407 10.2388 5.45725 4.94258 4.89113 5.89429 4.85699 5.30153 4.82299 5.02341 4.80815 4.76341 5.52604 5.6821 4.45701 4.28517 4.27601
threshold=4.6907142857142867 0.99855310097228334 0.99700008544936913 -0.99465740988130902 -0.97874870457683594 1.0000000180025095e-35 60.500000000000007 462.80000000000001 0.17646842360078763 155.50000000000003 0.97508442350096236 0.097680735332368748 0.98522604642031408 60.500000000000007 30.650000000000002 316.50000000000006 0.9193901325473397 27.850000000000005 76.500000000000014 708.00000000000011 -0.15950993297387572 30.650000000000002 0.10837544681456425 -0.12546116083924153 82.500000000000014 31.750000000000004 8.7750000000000004 0.96465729447553372 0.53312596302726967 0.98049069993378934
decision_type=2 2 2 2 2 2 2 8 2 2 2 2 2 2 2 2 2 2 2 10 2 2 2 2 8 2 2 2 2 2
left_child=-1 2 3 -2 6 -6 21 8 -8 17 15 12 13 14 -12 19 -17 18 -7 27 -21 22 -5 -22 25 26 29 -11 -19 -13
right_child=1 -3 -4 4 5 9 7 -9 -10 10 11 24 -14 -15 -16 16 -18 28 -20 20 23 -23 -24 -25 -26 -27 -28 -29 -30 -31
leaf_value=-0.0023524848229788901 -0.0019763185087375893 -0.0036622539696957996 -0.0027574052830200884 0.0048086753436174575 0.0018274600648443406 -0.0040179051427601167 0.001571160777919228 -0.0012152460443639922 0.0037057069562019549 0.00022289595562334334 0.015029430790008026 0.00044138316711075281 -0.0012601449878876644 0.0017486419774188648 0.0060930887607894418 -0.0017741876773692347 0.0023942480111200531 -0.00014070398625035477 -0.00021262510742878018 -0.00057386158296065842 0.022863741347714114 -0.00051223655585435257 0.011399006964008198 0.0010474304729988794 -0.00241252021115337 0.0097359584399928784 0.00059969871990204484 -0.0057857470496363705 -0.0014756121689228976 0.0078652694619505206
leaf_weight=19420 9113 4428 6726 112 12422 7613 5365 2125 996 102397 76 259 3325 939 269 19427 2170 64190 6067 271 176 141 218 130 448 348 810 1447 18123 717
leaf_count=19420 9113 4428 6726 112 12422 7613 5365 2125 996 102397 76 259 3325 939 269 19427 2170 64190 6067 271 176 141 218 130 448 348 810 1447 18123 717
internal_value=-0.000231305 -0.000150787 -0.000115233 -7.30487e-05 -2.57613e-05 -8.30641e-05 0.00152004 0.00121612 0.00198789 -0.000146859 5.93416e-05 0.00143165 0.00028314 0.00333333 0.00905797 -1.89667e-05 -0.000742465 -0.000433002 -0.00130848 0.000130672 0.00470537 0.00699575 0.010303 0.00921569 0.0034818 0.00446579 0.00334266 0.000105253 -0.000287501 0.00591188
internal_weight=290268 270848 266420 259694 250581 241624 8957 8486 6361 229202 133209 7191 4609 1284 345 126018 21597 95993 13680 104421 577 471 330 306 2582 2134 1786 103844 82313 976
internal_count=290268 270848 266420 259694 250581 241624 8957 8486 6361 229202 133209 7191 4609 1284 345 126018 21597 95993 13680 104421 577 471 330 306 2582 2134 1786 103844 82313 976
is_linear=0
shrinkage=0.05


Tree=80
num_leaves=31
num_cat=0
split_feature=0 23 22 23 23 13 16 21 23 23 1 9 23 9 17 9 22 22 23 9 22 23 17 17 23 5 17 22 22 19
split_gain=10.53 9.29303 6.17389 6.24873 8.77425 7.32139 6.59174 6.37111 7.29889 5.95752 5.82484 6.21305 5.67995 4.24742 4.16134 6.58517 5.14765 8.48537 6.82469 7.20961 6.57409 7.33671 5.73177 5.37071 4.8736 4.12408 3.99705 3.9749 13.3992 13.5023
threshold=3.8750000000000004 0.99855310097228334 0.99700008544936913 -0.99465740988130902 -0.97874870457683594 5.7500000000000009 8.9500000000000011 72.500000000000014 0.59003219687534991 -0.12545862287572049 6.0750000000000011 340.39927673339849 -0.074115882986646633 998.87963867187511 212.50000000000003 998.87963867187511 0.97875492728876534 0.87397152483179585 -0.16799793862756093 80.701728820800795 0.81428061195174062 -0.50557503990954278 267.50000000000006 265.50000000000006 0.41202506375868281 8.6635714285714318 42.500000000000007 0.69056404122701587 0.59868201182722736 9.6750000000000025
decision_type=2 2 2 2 2 2 2 8 2 2 2 2 2 2 2 2 2 2 2 2 2 2 2 2 2 2 2 2 2 2
left_child=-1 2 3 -2 10 7 -7 8 14 -9 11 26 -11 -3 -6 16 17 20 19 -18 23 -22 -21 -16 -17 -23 -5 28 -10 -30
right_child=1 13 -4 4 5 6 -8 9 27 12 -12 -13 -14 -15 15 24 18 -19 -20 22 21 25 -24 -25 -26 -27 -28 -29 29 -31
leaf_value=-0.0025145131140185953 -0.0019776979813927935 -0.004564881371219914 -0.0025876270201748023 0.020436320377555921 0.00079500780238318238 -0.001140852524180429 -1.3396846262673475e-05 -0.0019585026974108083 -0.00084462861460875911 0.01087606933539088 0.00087960228667002772 -0.00058636651759972074 0.00017029661101445809 0.0048095521177965754 0.0031275921301344746 0.0044756107064705831 0.0048536157622455405 -0.0039093652511042352 0.0035142677766168448 0.014217002878403412 -0.0044098028336473916 0.0033246357046559762 0.012451930705597027 -0.00057244708003224691 0.0080869952257911562 0.0079830743031179107 0.0043972509952754915 -0.0053862257459873081 0.0071631720125059839 -0.00070185338798955791
leaf_weight=19292 8946 4126 6533 63 44850 61209 73690 13926 16817 493 7127 574 10319 291 6576 488 127 2396 1533 78 258 387 75 4214 65 464 1333 2034 1048 936
leaf_count=19292 8946 4126 6533 63 44850 61209 73690 13926 16817 493 7127 574 10319 291 6576 488 127 2396 1533 78 258 387 75 4214 65 464 1333 2034 1048 936
internal_value=-0.000224759 -0.000144405 -0.000106713 -6.85713e-05 -2.23048e-05 -7.96142e-05 -0.000324651 0.000229071 0.000440457 -0.000474575 0.00150214 0.00390863 0.000406029 -0.00241906 0.000714424 0.00138917 0.00120499 0.000886672 0.00371484 0.0108929 0.00143331 0.00509919 0.0182026 0.00105653 0.00675407 0.00733842 0.00570917 -0.000368372 -0.000141217 0.00374496
internal_weight=290268 270976 266559 260026 251080 241983 134899 107084 82346 24738 9097 1970 10812 4417 61511 16661 16108 14295 1813 280 11899 1109 153 10790 553 851 1396 20835 18801 1984
internal_count=290268 270976 266559 260026 251080 241983 134899 107084 82346 24738 9097 1970 10812 4417 61511 16661 16108 14295 1813 280 11899 1109 153 10790 553 851 1396 20835 18801 1984
is_linear=0
shrinkage=0.05


Tree=81
num_leaves=31
num_cat=0
split_feature=0 23 5 15 13 24 9 22 3 24 24 22 23 9 21 23 23 22 22 24 24 24 22 23 24 18 20 22 22 22
split_gain=9.64779 8.99712 6.02458 6.10473 7.05334 5.68978 8.52205 6.76332 5.55589 5.54877 6.84996 7.35343 14.2678 5.88041 4.85418 4.95844 5.25976 8.41535 14.5393 20.7981 19.1236 6.21609 18.278 15.5207 26.8033 19.484 11.3883 7.00005 6.99108 7.78107
threshold=3.3350000000000004 0.99855310097228334 13.61214285714286 84.500000000000014 8.1500000000000004 -0.95499999999999985 528.79354858398449 -0.93545489084327571 6.8500000000000005 -0.77999999999999992 0.16500000000000004 -0.98214942551678475 -0.14250536273956091 119.25447845458986 162.50000000000003 -0.99465740988130902 0.59003219687534991 0.67802080537253961 0.65233619298682533 -0.22499999999999995 -0.24999999999999997 -0.089999999999999983 -0.36647417525074694 -0.96234030595689413 -0.22499999999999995 6.1250000000000009 297.00000000000006 0.82899317702918729 -0.83377653105606597 -0.90893996196865023
decision_type=2 2 2 2 2 10 2 2 2 10 10 2 2 2 10 2 2 2 2 10 10 10 2 2 10 2 10 2 2 2
left_child=-1 2 3 4 14 6 7 -6 -9 -7 -11 12 13 -12 15 -2 21 18 -18 20 -20 22 -17 -24 -25 -26 27 -27 29 -23
right_child=1 -3 -4 -5 5 9 -8 8 -10 10 11 -13 -14 -15 -16 16 17 -19 19 -21 -22 28 23 24 25 26 -28 -29 -30 -31
leaf_value=-0.0033706513879519584 -0.0023623003844194862 -0.0035817775442886775 0.0008817464327827056 0.0014483717218889112 0.00029852921715235162 -0.0034482654356986311 0.0099784083789422901 0.0015218877053872759 0.01809558480777072 -0.00024471651468465413 0.016695174030237753 -0.0015969513942624986 -0.00077679554879195073 0.012554997968717237 -0.0021872361529514019 0.00072905776980050163 -0.00035602854208443549 -0.0044717670425008056 -0.016832393830579658 -0.0055884392449173734 0.011074618635471758 0.00026945256241772838 -0.00026774522421425627 -0.0065357045025982406 0.014979532027784166 0.011293078759263026 0.0052575449957462748 0.0063434169099524044 -0.00014519083469209245 0.0070759539546232375
leaf_weight=10767 4585 4645 41869 8030 1826 6759 52 193 192 55604 79 41554 292 50 5616 18240 26638 4057 92 255 269 2320 1095 522 110 130 1168 80 51461 1718
leaf_count=10767 4585 4645 41869 8030 1826 6759 52 193 192 55604 79 41554 292 50 5616 18240 26638 4057 92 255 269 2320 1095 522 110 130 1168 80 51461 1718
internal_value=-0.00021563 -0.000159053 -0.000122174 -0.000221408 -0.000269764 -0.000564771 0.0019156 0.00144505 0.00746753 -0.000618568 -0.000522603 -0.00100477 0.00557007 0.0194186 -4.05675e-06 6.74106e-05 0.000135684 -0.00041056 -9.42993e-05 0.0075 0.0152216 0.000358257 0.00108339 0.00462963 0.0072388 0.0106586 0.00904209 0.0197619 7.93696e-05 0.00208271
internal_weight=290268 279501 274856 232987 224957 106601 2263 2211 385 104338 97579 41975 421 129 118356 112740 108155 31311 27254 616 361 76844 21345 3105 2010 1488 1378 210 55499 4038
internal_count=290268 279501 274856 232987 224957 106601 2263 2211 385 104338 97579 41975 421 129 118356 112740 108155 31311 27254 616 361 76844 21345 3105 2010 1488 1378 210 55499 4038
is_linear=0
shrinkage=0.05


Tree=82
num_leaves=31
num_cat=0
split_feature=4 24 24 24 22 22 24 22 11 15 20 15 24 24 22 22 16 22 22 22 22 5 14 22 13 22 22 22 3 14
split_gain=8.64587 5.6212 11.6708 5.89346 10.1646 8.24417 9.56457 10.708 5.54264 5.40885 5.40004 5.10281 4.89641 6.99904 6.64439 15.4388 5.05748 5.61795 10.0538 7.49448 17.4217 9.53542 7.51272 7.09196 5.89157 4.75642 7.13771 4.71569 4.56672 4.23989
threshold=7.9150000000000009 -0.49499999999999994 -0.089999999999999983 -0.27499999999999997 0.65233619298682533 0.67802080537253961 -0.22499999999999995 0.79904096188274243 21.23499965667725 79.500000000000014 233.20000000000002 51.500000000000007 1.4950000000000003 1.9550000000000003 -0.14250824554987665 -0.30983472475487867 12.950000000000001 -0.90163369914317015 -0.97113884758256674 -0.8041866928211282 -0.85227431625818906 28.063571428571432 31.350000000000005 -0.63921128368950708 2.6500000000000008 -0.30163705152652742 -0.15101209918632377 0.3261394409934788 5.285000000000001 31.350000000000005
decision_type=2 8 10 8 2 2 10 2 2 2 10 2 8 10 2 2 2 2 2 2 2 2 2 2 2 2 2 2 2 2
left_child=1 27 3 -3 11 -6 -7 -8 9 10 -2 -5 -12 16 15 -15 17 18 -14 20 21 24 -22 -21 -19 -25 -27 -1 -9 -4
right_child=8 2 29 4 5 6 7 28 -10 -11 12 -13 13 14 -16 -17 -18 19 -20 23 22 -23 -24 25 -26 26 -28 -29 -30 -31
leaf_value=-0.0026025968359890319 -0.0009512437741658414 0.00038634318788080595 -0.0020072959039399863 0.010558705664733013 0.010916723884286945 -0.0045739497819857963 -0.0067107038714482514 0.010952081450411879 0.0040288909926490179 0.00083473524905936793 -0.00027185505982621879 0.0016534764716217617 0.0049397182625010956 -0.0028463101786415615 -0.010017502626918598 0.0066120120732100262 -0.00046997702011562933 0.0029815758397763689 -0.0025696239566881823 -0.0030191451444149357 0.031592581657187681 -0.0057302211139129431 0.014995257376103811 0.0056759873115280902 0.011968077768250056 -0.00354434609684336 0.0039307756747768499 -0.011055492786655149 0.013392384323275847 0.00079592148942392792
leaf_weight=11287 49925 4850 21466 98 64 112 80 97 4778 19751 142525 1551 3180 4492 1141 1047 5677 510 3637 1609 196 626 287 2458 549 1241 1171 1262 66 4535
leaf_count=11287 49925 4850 21466 98 64 112 80 97 4778 19751 142525 1551 3180 4492 1141 1047 5677 510 3637 1609 196 626 287 2458 549 1241 1171 1262 66 4535
internal_value=-0.000211151 -0.000844331 -0.00050108 0.00132408 0.00355899 0.0105131 0.00753521 0.013107 -9.35469e-05 -0.000127115 -0.000198189 0.00179199 -6.41647e-05 0.000542575 -0.000868265 -0.000152556 0.000988363 0.00145693 0.000383599 0.00230311 0.00484778 0.00244807 0.0132195 0.00145161 0.00533994 0.00240246 0.00082504 -0.00174476 0.0204601 -0.000986694
internal_weight=290268 45468 32919 6918 2068 419 355 243 244800 240022 220271 1649 170346 27821 6680 5539 21141 15464 6817 8647 2168 1685 483 6479 1059 4870 2412 12549 163 26001
internal_count=290268 45468 32919 6918 2068 419 355 243 244800 240022 220271 1649 170346 27821 6680 5539 21141 15464 6817 8647 2168 1685 483 6479 1059 4870 2412 12549 163 26001
is_linear=0
shrinkage=0.05


Tree=83
num_leaves=31
num_cat=0
split_feature=23 24 23 22 9 22 1 9 22 24 22 22 22 15 24 23 22 1 22 22 22 20 22 22 23 0 22 21 24 22
split_gain=8.60561 8.12853 14.0617 17.0018 28.7912 11.6074 9.29888 7.5926 7.23285 8.15775 15.2981 22.6532 11.0842 11.2486 8.035 12.3408 11.7782 24.214 14.3622 10.335 15.2114 13.3095 21.049 21.0965 10.3978 9.57896 8.98159 8.41718 7.40804 11.4
threshold=0.99855310097228334 -0.77999999999999992 -0.039769286347669845 -0.99275805973510278 305.59574890136724 -0.93545489084327571 8.5950000000000006 275.53373718261724 -0.065535378769913874 1.9550000000000003 -0.29343379936893921 -0.14250824554987665 -0.074117382312902977 73.500000000000014 1.3800000000000001 0.41202506375868281 -0.13398594226331254 7.6650000000000009 -0.099819732675876835 -0.98214942551678475 -0.88622299073327826 453.2000000000001 -0.814291907305839 -0.85227431625818906 -0.15950993297387572 13.675000000000002 -0.99630266176052629 52.500000000000007 -0.49499999999999994 0.21022171450811275
decision_type=2 8 2 2 2 2 2 2 2 10 2 2 2 2 8 2 2 2 2 2 2 10 2 2 2 2 2 10 10 2
left_child=1 2 3 4 -1 -5 -7 -8 9 12 -11 -12 14 -14 26 16 19 18 -18 24 -21 22 23 25 27 -22 -3 -16 29 -10
right_child=-2 8 -4 5 -6 6 7 -9 28 10 11 -13 13 -15 15 -17 17 -19 -20 20 21 -23 -24 -25 -26 -27 -28 -29 -30 -31
leaf_value=0.0047181543174242817 -0.003466559202734767 -0.004755285729718688 -0.0036588894412682206 -0.0038768911693969942 0.009335632145416729 0.0017621886466531072 0.030641513729508033 0.0017430728889588965 0.00077919952337504985 -0.0041108040184622682 0.0063534333171321776 -0.0089969745007950821 0.0043806043779899724 0.0136342209368718 0.013036886733517137 0.0085588341011857312 0.024802831663955138 0.0020466905973671417 0.010320899668238653 -0.0033075074560576429 0.019542339648088027 -0.0012135076879792022 0.0028629516660444846 0.027914130174956003 0.0039052131891601999 -5.9335199153695502e-05 0.00025791595149058776 -0.0030967029198327454 -0.0004049030162259916 -0.0080690739813296993
leaf_weight=865 4950 3960 12474 2772 125 433 105 56 2178 8514 1782 990 408 186 279 1188 79 575 138 7920 67 4834 5633 372 3960 380 81378 117 139788 3762
leaf_count=865 4950 3960 12474 2772 125 433 105 56 2178 8514 1782 990 408 186 279 1188 79 575 138 7920 67 4834 5633 372 3960 380 81378 117 139788 3762
internal_value=-0.000205811 -0.000169952 -0.00123589 0.00120982 0.0069697 -0.000484255 0.00585858 0.016118 -0.000103134 0.000179618 -0.00110137 0.00212482 0.000309309 0.00712121 0.000272816 0.00105082 0.00080808 0.00680555 0.0210369 0.000606484 0.000107778 0.00128655 0.00277278 0.0102625 0.00280532 0.00294183 3.99576e-05 0.0105303 -0.000341322 -0.00207071
internal_weight=290268 285318 16830 4356 990 3366 594 161 268488 122760 11286 2772 111474 594 110880 25542 24354 792 217 23562 19206 11286 6452 819 4356 447 85338 396 145728 5940
internal_count=290268 285318 16830 4356 990 3366 594 161 268488 122760 11286 2772 111474 594 110880 25542 24354 792 217 23562 19206 11286 6452 819 4356 447 85338 396 145728 5940
is_linear=0
shrinkage=0.05


Tree=84
num_leaves=31
num_cat=0
split_feature=5 22 24 22 22 17 9 22 22 18 24 20 22 4 15 9 1 24 20 22 22 22 22 24 20 22 19 22 9 22
split_gain=8.45903 5.84979 5.78926 7.08066 25.1035 7.76494 7.30073 6.97715 13.8205 10.9615 6.0502 8.98386 11.2907 8.2375 8.486 7.48737 9.57441 7.30881 7.13054 10.1287 9.43871 6.8346 16.1263 10.1349 9.01064 7.01 8.50933 6.6314 7.90468 6.22311
threshold=4.1892857142857158 0.99700008544936913 1.9550000000000003 -0.12546116083924153 -0.29343379936893921 149.50000000000003 153.272575378418 -0.63921128368950708 -0.67803021058859214 6.6050000000000013 1.7100000000000002 453.2000000000001 -0.90893996196865023 102.57500000000002 67.500000000000014 462.67344665527349 1.9350000000000003 -0.42499999999999993 155.90000000000003 0.97508442350096236 0.9962888416657264 0.59868201182722736 0.29342972903661901 -0.22499999999999995 444.30000000000001 0.30983042691905771 4.785000000000001 0.39036257410962044 654.16970825195324 -0.97113884758256674
decision_type=2 2 10 2 2 2 2 2 2 2 8 8 2 2 2 2 2 10 10 2 2 2 2 10 10 2 2 2 2 2
left_child=-1 2 10 4 7 -6 -7 8 -4 -10 15 12 13 29 -15 18 -17 27 20 -20 -2 22 -19 -23 -25 26 -24 -18 -29 -12
right_child=1 -3 3 -5 5 6 -8 -9 9 -11 11 -13 -14 14 -16 16 17 21 19 -21 -22 23 25 24 -26 -27 -28 28 -30 -31
leaf_value=-0.002863751089966646 -0.0017146651406251821 -0.0024758287073025479 -0.0030485643953753147 -0.0096953213327623418 -0.00039065143341644894 0.0047171672177890936 0.0083550611448547415 -0.0056918135689078657 0.011168102030769136 0.00043880090290821216 0.0021973531503251078 -0.00035466600915811574 0.004188682432357249 0.0042313949111538948 0.029540042317650218 0.0066662366031164794 3.1455509375599964e-05 0.00085392766535007667 -0.00034523559508675781 0.0021180686004400513 0.010068999433016488 -0.005680701937195283 0.012348292010146712 0.00060675580906945862 0.0066773927477301563 0.0040198710761706396 0.0025623072104669232 0.0046897033338318588 -0.0076743762659378717 -0.0067038596134449879
leaf_weight=10346 27575 6928 3236 1555 544 656 609 4121 257 304 1520 12986 8865 352 83 258 9640 9107 164381 7828 204 2043 79 9050 177 2982 126 161 2162 2133
leaf_count=10346 27575 6928 3236 1555 544 656 609 4121 257 304 1520 12986 8865 352 83 258 9640 9107 164381 7828 204 2043 79 9050 177 2982 126 161 2162 2133
internal_value=-0.000203399 -0.000151508 -0.000115095 -0.00122407 -0.000723246 0.00459093 0.00673913 -0.00193736 -0.000391099 0.00685383 -6.72889e-05 0.000657503 0.00158921 -0.000584639 0.00591954 -0.000147028 0.000519071 0.000449375 -0.000266217 -0.000146306 -0.00100958 0.000960362 0.00177566 7.09837e-05 0.000776524 0.00483684 0.0137805 -0.000557136 -0.00295523 -0.00135916
internal_weight=290268 279922 272994 11282 9727 1809 1265 7918 3797 561 261712 25939 12953 4088 435 235773 35785 35527 199988 172209 27779 23564 12294 11270 9227 3187 205 11963 2323 3653
internal_count=290268 279922 272994 11282 9727 1809 1265 7918 3797 561 261712 25939 12953 4088 435 235773 35785 35527 199988 172209 27779 23564 12294 11270 9227 3187 205 11963 2323 3653
is_linear=0
shrinkage=0.05


Tree=85
num_leaves=31
num_cat=0
split_feature=23 24 23 22 9 22 17 16 8 5 17 22 23 5 24 22 22 22 9 17 4 19 14 15 22 22 20 9 19 23
split_gain=7.81919 7.19995 12.5605 15.0807 22.9689 10.5974 7.05632 6.82633 7.03726 6.2649 6.04847 5.97429 7.76597 7.32157 5.93805 14.2228 13.3386 8.98108 10.0493 7.22951 9.21992 8.30148 5.83235 7.74865 5.26941 7.33627 5.58277 4.98216 5.81939 4.72128
threshold=0.99855310097228334 -0.77999999999999992 -0.039769286347669845 -0.99275805973510278 305.59574890136724 -0.93545489084327571 155.50000000000003 9.0500000000000025 89.500000000000014 7.3792857142857144 306.50000000000006 -0.065535378769913874 -0.48313741114591585 3.6778571428571434 1.1900000000000002 -0.13398594226331254 -0.814291907305839 -0.082689790342551819 132.72035217285159 197.50000000000003 83.535000000000011 22.145000000000003 27.750000000000004 77.500000000000014 -0.62588817255938378 -0.97509794945709805 335.10000000000008 359.44091796875006 9.5350000000000019 -0.8611288361322974
decision_type=2 8 2 2 2 2 2 2 2 2 2 2 2 2 8 2 2 2 2 2 2 2 2 2 2 2 10 2 2 2
left_child=1 2 3 4 -1 -5 22 10 -9 -7 11 12 13 -8 -15 16 19 18 -17 20 21 -16 23 -3 25 -4 -27 28 -11 -25
right_child=-2 6 24 5 -6 9 7 8 -10 27 -12 -13 -14 14 15 17 -18 -19 -20 -21 -22 -23 -24 29 -26 26 -28 -29 -30 -31
leaf_value=0.0044995083813074137 -0.003278559922835616 -0.0036331398584976173 -0.0091477912208663727 -0.003665549213769085 0.0088861123179002424 0.0011471810942454981 0.020158256053118564 0.00055933156873205151 0.013178047072473664 0.0094371752581159356 -0.0019458158354861066 -0.00082472604339601423 -0.00038934224138892695 0.00071473705527477587 0.013553285614763787 0.0065843071964012262 0.0017345393501395955 0.00054001744969526069 0.01901141916987259 0.0053355678779280361 0.0002166453307523848 0.030103089713476378 -0.00037384193696636005 0.0029184307051776915 -0.0087642035376105116 -0.0024296993281971067 0.0013511602662117333 0.00080944825432365669 0.02931658607357996 -0.00088498842092878333
leaf_weight=865 4950 9939 2970 2772 125 349 54 89243 120 99 15243 24968 14140 6150 158 58 2788 68 69 320 87 60 98789 1322 1782 5480 2242 75 71 4912
leaf_count=865 4950 9939 2970 2772 125 349 54 89243 120 99 15243 24968 14140 6150 158 58 2788 68 69 320 87 60 98789 1322 1782 5480 2242 75 71 4912
internal_value=-0.000201505 -0.000167323 -0.00117053 0.00114095 0.00656566 -0.000454547 -0.000104438 0.000117373 0.000399885 0.00560606 -0.000276095 -5.11158e-06 0.000559034 0.00163983 0.00153822 0.00314856 0.00239818 0.0162821 0.0241339 0.009 0.0145082 0.02 -0.000400655 -0.00128084 -0.00197771 -0.00155818 -0.000745922 0.0117347 0.0164706 0.000101058
internal_weight=290268 285318 16830 4356 990 3366 268488 153526 89363 594 64163 48920 23952 9812 9758 3608 3413 195 127 625 305 218 114962 16173 12474 10692 7722 245 170 6234
internal_count=290268 285318 16830 4356 990 3366 268488 153526 89363 594 64163 48920 23952 9812 9758 3608 3413 195 127 625 305 218 114962 16173 12474 10692 7722 245 170 6234
is_linear=0
shrinkage=0.05


Tree=86
num_leaves=31
num_cat=0
split_feature=0 23 23 23 13 23 24 24 22 22 13 23 24 9 22 15 14 16 16 22 13 15 14 18 9 13 13 22 13 22
split_gain=7.96002 6.81244 5.38162 9.05015 6.18667 5.34042 5.29269 5.11036 6.20567 13.5396 6.88732 6.14706 4.86904 18.2222 4.62315 4.58496 5.61253 6.05087 6.00778 5.15507 6.01822 5.48706 6.66927 4.5704 4.55099 5.57973 4.08055 4.07449 4.06611 9.13253
threshold=3.3350000000000004 0.99855310097228334 -0.99465740988130902 -0.97507822412530132 1.0000000180025095e-35 -0.97111920233974802 1.3800000000000001 0.16500000000000004 0.14250626876356556 0.19337368024598436 0.8500000000000002 -0.99273797715557011 1.7100000000000002 98.285961151123061 0.99700008544936913 80.500000000000014 27.850000000000005 11.050000000000002 11.15 0.9962888416657264 8.3500000000000032 57.500000000000007 31.750000000000004 15.405000000000003 998.87963867187511 7.1500000000000012 5.4500000000000011 -0.20180236284700911 4.8500000000000005 -0.082689790342551819
decision_type=2 2 2 2 2 2 10 10 2 2 2 2 10 2 2 2 2 2 2 2 2 2 2 2 2 2 2 2 2 2
left_child=-1 2 6 7 -5 -6 -2 8 27 10 -10 12 -9 -14 15 16 17 26 -19 -18 21 -21 -23 -20 -3 -26 -7 -4 -8 -30
right_child=1 24 3 4 5 14 28 11 9 -11 -12 -13 13 -15 -16 -17 19 18 23 20 -22 22 -24 -25 25 -27 -28 -29 29 -31
leaf_value=-0.0030835775537615684 -0.0032537548336108398 -0.0038574534250217446 0.0032150265669674107 0.0015982119567051524 -0.0055465316819323608 -0.0001458300649792276 -0.0018324440269350082 0.0018636008837902098 0.0054435096764081925 -0.0034086594998990003 0.010176367182760784 -0.00011016435906956785 0.001282069255644559 0.021694482386713693 -0.0022926230487123342 0.00083678216709895587 -0.00016219370999704579 0.0076790586538184671 0.00020291821550699453 -0.0029318387015662313 0.0014295174319464102 0.0080450216506379145 0.013985013677471646 0.0077024922904947741 0.010319126877959614 0.0010983743370913902 -0.0026597368242273997 0.0012891521981902593 0.013028978536864478 0.0017650434307434249
leaf_weight=10767 6929 4314 382 12572 1451 7380 1221 772 245 351 340 5767 129 60 6673 16703 189033 86 2900 50 404 99 58 360 50 281 17124 2731 77 959
leaf_count=10767 6929 4314 382 12572 1451 7380 1221 772 245 351 340 5767 129 60 6673 16703 189033 86 2900 50 404 99 58 360 50 281 17124 2731 77 959
internal_value=-0.000192375 -0.000140985 -0.000108895 -6.77544e-05 -0.000127761 -0.000183869 -0.00129872 0.00135149 0.002755 0.00632479 0.0109829 0.000506836 0.00420916 0.0114021 -0.000165651 -0.000128675 -0.000189983 -0.000852784 0.00114166 -9.26485e-05 0.00449263 0.0114251 0.0160191 0.000797545 -0.00203983 0.00361027 -0.00112512 0.00168166 0.000804164 0.00310811
internal_weight=290268 279501 274856 265670 254893 242321 9186 10777 4049 936 585 6728 961 189 240870 234197 217494 27850 3346 189644 611 207 157 3260 4645 331 24504 3113 2257 1036
internal_count=290268 279501 274856 265670 254893 242321 9186 10777 4049 936 585 6728 961 189 240870 234197 217494 27850 3346 189644 611 207 157 3260 4645 331 24504 3113 2257 1036
is_linear=0
shrinkage=0.05


Tree=87
num_leaves=31
num_cat=0
split_feature=0 23 23 23 18 17 16 17 14 5 14 22 13 23 23 3 22 3 2 9 13 16 23 15 23 9 15 15 16 22
split_gain=7.31095 6.37551 4.82099 7.98949 5.70499 5.38776 6.5317 5.35167 4.82917 4.76975 6.40251 5.47609 4.35449 4.364 4.20105 4.43522 3.95669 3.90937 3.83897 3.75513 4.51446 3.64504 4.19696 3.62173 3.96731 14.0209 3.33908 3.30909 3.28126 3.75977
threshold=3.3350000000000004 0.99855310097228334 -0.99465740988130902 -0.97874870457683594 8.8450000000000006 138.50000000000003 8.4500000000000011 44.500000000000007 27.750000000000004 13.220714285714289 26.350000000000005 -0.63921128368950708 2.4500000000000006 0.41202506375868281 0.53312596302726967 6.7166666666666677 -0.8041866928211282 2.5283333333333338 30.32 998.87963867187511 7.1500000000000012 14.750000000000002 -0.30164489695395946 78.500000000000014 -0.8611288361322974 773.87631225585949 76.500000000000014 77.500000000000014 11.250000000000002 0.056951373111866731
decision_type=2 2 2 2 2 2 2 2 2 2 2 2 2 2 2 2 2 2 2 2 2 2 2 2 2 2 2 2 2 2
left_child=-1 2 -2 4 7 8 12 -4 23 17 11 -11 13 -7 21 -16 -17 -8 -12 -3 -21 -10 -23 -5 25 -25 -9 -28 -13 -30
right_child=1 19 3 5 -6 6 9 26 14 10 18 28 -14 -15 15 16 -18 -19 -20 20 -22 22 -24 24 -26 -27 27 -29 29 -31
leaf_value=-0.0029293986760734968 -0.0018594834573623703 -0.003664580753770668 0.012625942078412646 -0.0034971650652402091 0.0001942958591754203 0.0019623251543793843 0.0063932742204254218 0.0016979581766283309 4.9842740728702227e-05 -0.0016432822748051687 0.0014849134924600021 0.0049082240703132891 -0.00095179989424168691 -0.001583146167004428 -0.0032348668740581304 -0.012172135470509285 -0.00012104481128898384 0.00014167187104976845 0.0084208250889861933 0.0098031705340616317 0.0010434556202368217 -0.0030797740238133597 0.00084802857119581983 0.00013821698392831773 -0.0011121092585854911 0.016225388280216791 0.010021836299701145 0.0048918408382528783 0.011071422727325064 0.010878591970844403
leaf_weight=10767 9186 4314 193 7950 4783 7092 76 3633 56665 134 19992 143 42000 2671 6880 699 11086 89731 497 50 281 4118 1822 420 4175 89 66 580 93 82
leaf_count=10767 9186 4314 193 7950 4783 7092 76 3633 56665 134 19992 143 42000 2671 6880 699 11086 89731 497 50 281 4118 1822 420 4175 89 66 580 93 82
internal_value=-0.000187552 -0.000138301 -0.000107257 -6.8319e-05 0.00137493 -0.000120411 5.38105e-05 0.00265876 -0.000421921 0.000270523 0.000950049 0.00683628 -0.00040985 0.000541328 -0.000280548 -0.000938924 -0.000350022 0.000112072 0.000820195 -0.00197524 0.0031571 -8.42596e-05 -0.00126263 -0.00133133 -0.000228438 0.0039391 0.00229142 0.00560371 0.0104088 0.015
internal_weight=290268 279501 274856 265670 9255 256415 162511 4472 93904 110748 20941 452 51763 9763 81270 18665 11785 89807 20489 4645 331 62605 5940 12634 4684 509 4279 646 318 175
internal_count=290268 279501 274856 265670 9255 256415 162511 4472 93904 110748 20941 452 51763 9763 81270 18665 11785 89807 20489 4645 331 62605 5940 12634 4684 509 4279 646 318 175
is_linear=0
shrinkage=0.05


Tree=88
num_leaves=31
num_cat=0
split_feature=4 23 22 15 13 22 5 16 21 14 22 22 22 23 14 23 15 23 23 22 22 16 24 24 22 22 24 22 15 3
split_gain=7.1178 5.34129 5.06514 4.89702 5.96911 8.64472 8.44069 6.22548 5.5849 6.44388 6.1352 7.32505 5.46385 8.71261 5.09943 4.95039 6.16515 5.24196 4.84791 6.20899 6.59212 8.38638 5.24567 4.55742 4.36522 8.08475 8.64668 17.8782 8.52074 7.59806
threshold=5.495000000000001 0.99855310097228334 0.99700008544936913 84.500000000000014 8.1500000000000004 0.9962888416657264 52.487142857142864 8.7500000000000018 72.500000000000014 32.250000000000007 -0.97113884758256674 -0.99630266176052629 -0.91597725483594616 -0.3744658827978154 31.750000000000004 0.19969739736768838 37.500000000000007 -0.99465740988130902 0.16587474750015932 0.9193901325473397 0.93237596376505805 10.15 0.69500000000000006 1.8150000000000002 0.87397152483179585 0.80926549319045582 -0.22499999999999995 0.85673801594079257 70.500000000000014 15.658333333333335
decision_type=2 2 2 2 2 2 2 2 8 2 2 2 2 2 2 2 2 2 2 2 2 2 8 10 2 2 10 2 2 2
left_child=-1 2 3 4 5 8 7 -6 15 18 11 -11 13 -8 -7 17 -17 -2 22 -20 21 -21 -10 -12 25 -18 -27 28 29 -28
right_child=1 -3 -4 -5 6 14 12 -9 9 10 23 -13 -14 -15 -16 16 24 -19 19 20 -22 -23 -24 -25 -26 26 27 -29 -30 -31
leaf_value=-0.0032851774788627574 -0.0019515134858207558 -0.0025940006636257333 -0.0022501241198013048 0.0013502918617566513 -0.0012755371153569024 0.004516923664380979 0.033521979810811169 -0.00012046712144320156 -0.00090207718046468393 -0.0012842641288673476 -0.00024262928599578715 0.018269403179149196 -0.00026274516298035419 0.0099250207185292497 0.012085911215803069 0.006024344320603712 -0.00029988141815617353 0.00095603153861882986 -0.00076346891308466907 0.011309366783572611 0.0029154073746064362 0.0046947283952207281 -0.0038335973113158024 0.0045597125548707401 -0.003671630740799469 -0.0057725840937936247 0.0066217993888335594 -0.0005503132604790026 0.011982065924003716 0.0096938389647742741
leaf_weight=7107 4187 4667 6996 9509 50167 148 56 66696 8896 397 6068 539 98 80 77 60 36670 66467 7669 53 1114 112 6419 512 3658 541 498 671 70 66
leaf_count=7107 4187 4667 6996 9509 50167 148 56 66696 8896 397 6068 539 98 80 77 60 36670 66467 7669 53 1114 112 6419 512 3658 541 498 671 70 66
internal_value=-0.000179801 -0.000140575 -0.000112463 -7.82338e-05 -0.000118689 9.58633e-05 -0.00038417 -0.000403166 8.06323e-05 -0.000504894 0.000774347 0.00456196 0.00910256 0.0155882 0.00988889 0.000245463 -0.000182792 0.000501457 -0.000901168 2.34677e-05 0.00324863 0.0125758 -0.0014414 0.000235561 -0.000205578 -4.88121e-05 0.00317985 0.00538314 0.0114038 0.0093617
internal_weight=290268 283161 278494 271498 261989 144892 117097 116863 144667 31779 7516 936 234 136 225 112888 42234 70654 24263 8948 1279 165 15315 6580 42174 38516 1846 1305 634 564
internal_count=290268 283161 278494 271498 261989 144892 117097 116863 144667 31779 7516 936 234 136 225 112888 42234 70654 24263 8948 1279 165 15315 6580 42174 38516 1846 1305 634 564
is_linear=0
shrinkage=0.05


Tree=89
num_leaves=31
num_cat=0
split_feature=24 23 22 15 22 3 24 22 22 24 24 22 22 22 22 22 22 3 22 16 5 2 22 2 23 23 13 22 15 23
split_gain=6.71621 9.28464 14.2873 10.8114 8.15915 7.44264 6.93559 9.5177 14.9948 8.90949 9.41921 7.10176 7.39182 6.28884 24.3814 7.59798 13.3988 9.84358 9.21722 10.131 6.18208 6.081 5.97706 7.66005 5.53704 22.251 6.72376 6.52535 5.41271 5.38223
threshold=-0.65999999999999981 -0.039769286347669845 -0.99275805973510278 69.500000000000014 -0.93545489084327571 9.4016666666666691 1.9550000000000003 -0.065535378769913874 -0.074117382312902977 -0.49499999999999994 0.24500000000000002 0.26037272046371446 0.091259403071267925 -0.12546116083924153 -0.29343379936893921 -0.63921128368950708 -0.67803021058859214 7.3050000000000006 -0.65234524191686594 8.6500000000000004 3.6778571428571434 0.34000000000000125 -0.99630266176052629 0.029999999999999586 -0.8611288361322974 -0.80417042486635371 6.6500000000000012 0.3261394409934788 73.500000000000014 0.99988440732898443
decision_type=8 2 2 2 2 2 10 2 2 10 10 2 2 2 2 2 2 2 2 2 2 2 2 2 2 2 2 2 2 2
left_child=1 2 3 -1 -4 -6 7 8 20 11 -11 12 29 14 15 16 -8 18 19 -18 -2 -3 -5 -24 27 -26 -27 -12 -10 -9
right_child=6 21 4 22 5 -7 13 9 28 10 24 -13 -14 -15 -16 -17 17 -19 -20 -21 -22 -23 23 -25 25 26 -28 -29 -30 -31
leaf_value=0.0027746070164054379 0.0114675429809747 -0.0038680361671591724 -0.0034104579302024584 0.016400334274814261 0.002247217751388547 0.02649843098153792 -0.0029453231274757788 -0.0073226969720522062 0.0059386336388923371 0.00022028264699293362 -0.0010261101726635924 -0.0091843871327157347 0.001225041112972017 -0.0089823672794192341 0.0052745232312881906 -0.0057156315078936235 0.0079510822463197579 -0.0030337248822999703 -0.0021837773095905251 0.01378756067048046 0.00043138127472001995 -0.00058039677251481932 0.007920432369222595 -0.0039213927263425053 0.0041423855321921733 6.505517408900823e-05 -0.0017890200155934568 -0.0064542487574943304 0.01300678306240562 0.0067446733116448615
leaf_weight=718 285 10948 2772 116 468 126 3366 1584 210 74052 9108 3168 1980 1584 1980 4554 108 226 103 157 105447 7664 93 63 3564 19727 30763 4950 186 198
leaf_count=718 285 10948 2772 116 468 126 3366 1584 210 74052 9108 3168 1980 1584 1980 4554 108 226 103 157 105447 7664 93 63 3564 19727 30763 4950 186 198
internal_value=-0.000173944 -0.000994428 0.00108356 0.00636364 -0.000469401 0.00484848 -0.000103443 -4.80378e-05 0.000313865 -0.000305647 -0.00022031 -0.00205628 -0.000587455 -0.00127422 -0.000830952 -0.00199319 -0.000391415 0.00653199 0.0115761 0.0165094 0.000277493 -0.00148077 0.0148529 0.00846154 -0.000644675 -0.000414772 -0.000684295 -0.00152867 0.0100253 -0.00292368
internal_weight=290268 22968 4356 990 3366 594 267300 255222 106128 149094 142164 6930 3762 12078 10494 8514 3960 594 368 265 105732 18612 272 156 68112 54054 50490 14058 396 1782
internal_count=290268 22968 4356 990 3366 594 267300 255222 106128 149094 142164 6930 3762 12078 10494 8514 3960 594 368 265 105732 18612 272 156 68112 54054 50490 14058 396 1782
is_linear=0
shrinkage=0.05


Tree=90
num_leaves=31
num_cat=0
split_feature=5 23 8 15 14 16 17 16 1 14 13 16 5 20 21 14 19 23 23 19 22 22 22 15 21 22 20 5 23 17
split_gain=6.69178 5.03858 4.65118 4.6468 5.81161 5.83559 4.29119 5.44103 4.21147 4.06493 3.73772 3.54949 3.78611 3.64634 3.52599 4.55252 5.14957 4.25258 4.68721 4.3127 3.88682 3.78673 13.1782 7.21905 5.45273 3.51754 4.36536 3.51282 3.50027 3.4474
threshold=4.0964285714285724 0.99855310097228334 11.500000000000002 80.500000000000014 27.850000000000005 11.050000000000002 193.50000000000003 11.15 12.825000000000001 26.350000000000005 5.4500000000000011 16.150000000000002 10.805000000000003 345.50000000000006 72.500000000000014 32.250000000000007 7.0050000000000008 -0.62587551141915865 -0.12545862287572049 4.3950000000000005 -0.97113884758256674 0.9193901325473397 0.98049069993378934 66.500000000000014 77.500000000000014 -0.99630266176052629 808.40000000000009 11.762142857142861 -0.048362832084465616 305.50000000000006
decision_type=2 2 2 2 2 2 2 2 2 2 2 2 2 10 8 2 2 2 2 2 2 2 2 2 10 2 10 2 2 2
left_child=-1 2 3 4 5 10 -7 -8 -9 -10 -2 12 13 -4 29 16 17 19 -19 -16 25 -20 23 -23 -25 -17 27 -27 -24 -6
right_child=1 -3 11 -5 14 6 7 8 9 -11 -12 -13 -14 -15 15 20 -18 18 21 -21 -22 22 28 24 -26 26 -28 -29 -30 -31
leaf_value=-0.0026794060335944142 -0.00033023594090502486 -0.0024641980517123214 0.039498228277977519 0.00079890270429620609 0.00015772922316572769 -0.0015939740348268885 0.0074725170955057957 0.0010420330745823684 0.010423271696755151 0.005925369290699878 -0.0024369051657368206 -0.0039539203403590583 0.0059706543881936497 0.011341303653052394 0.004164993423033443 -0.00087482938554442444 -0.0016684920460409433 -0.0033984892826798099 -0.00069568607063380202 0.00073746369309925848 0.00042415913243924372 0.0030987464615351091 0.0042606427695660656 0.0090310834608799961 -0.00077094408518901597 0.011557564356898213 0.027674677051049854 0.0029080726830709044 -0.0033328962352468239 -0.00087597141006003965
leaf_weight=9150 8458 4684 92 19580 151081 1398 87 2052 80 247 19252 791 2336 206 839 313 22395 2817 8307 3432 7841 249 268 261 57 186 54 238 1138 22379
leaf_count=9150 8458 4684 92 19580 151081 1398 87 2052 80 247 19252 791 2336 206 839 313 22395 2817 8307 3432 7841 249 268 261 57 186 54 238 1138 22379
internal_value=-0.000172049 -0.000128737 -0.000101183 -0.000124155 -0.000181492 -0.000816179 0.00100414 0.00225872 0.00180958 0.00707951 -0.00107001 0.00172993 0.002612 0.00791946 -9.11643e-05 -0.000468541 -0.000694491 -4.8366e-05 -0.000495153 0.0013217 0.000572288 -1.19209e-09 0.00196908 0.00840388 0.0133962 0.00391277 0.00661088 0.00490566 -0.00062589 1.41231e-05
internal_weight=290268 281118 276434 273009 253429 31574 3864 2466 2379 327 27710 3425 2634 298 221855 48395 39763 17368 13097 4271 8632 10280 1973 567 318 791 478 424 1406 173460
internal_count=290268 281118 276434 273009 253429 31574 3864 2466 2379 327 27710 3425 2634 298 221855 48395 39763 17368 13097 4271 8632 10280 1973 567 318 791 478 424 1406 173460
is_linear=0
shrinkage=0.05


Tree=91
num_leaves=31
num_cat=0
split_feature=0 24 22 22 22 22 3 16 24 23 23 22 20 22 3 23 19 23 23 14 9 14 9 23 23 23 24 23 22 22
split_gain=6.44735 5.60888 6.0206 21.635 6.55762 16.5814 10.2859 10.6008 5.99123 9.29301 19.1714 9.40614 8.09155 10.2899 8.20417 6.54043 6.01629 5.80279 5.77858 5.56937 5.12169 5.03269 5.02058 6.24177 11.3626 9.75567 15.1573 15.5451 15.3811 16.755
threshold=3.3350000000000004 1.9550000000000003 -0.14250824554987665 -0.29343379936893921 -0.65234524191686594 -0.67803021058859214 7.1116666666666681 8.6500000000000004 1.7100000000000002 0.95178258287705175 0.92191100909954782 0.35846314187849709 453.2000000000001 -0.90893996196865023 8.9516666666666698 -0.99465740988130902 8.7250000000000032 -0.97507822412530132 0.2332836900311728 23.950000000000003 163.74107360839847 30.650000000000002 472.27819824218756 -0.8611288361322974 -0.80417042486635371 -0.90892157495189674 -0.049999999999999996 -0.9292178835113839 -0.36647417525074694 -0.26866367175705824
decision_type=2 10 2 2 2 2 2 2 8 2 2 2 8 2 2 2 2 2 2 2 2 2 2 2 2 2 10 2 2 2
left_child=-1 8 3 4 5 -3 7 -7 15 10 12 -12 13 18 16 -2 -15 -17 19 -10 -5 -22 23 25 -25 26 28 -28 -19 -30
right_child=1 2 -4 20 -6 6 -8 -9 9 -11 11 -13 -14 14 -16 17 -18 22 -20 -21 21 -23 -24 24 -26 -27 27 -29 29 -31
leaf_value=-0.0027032158045845454 -0.0024968414504975157 -0.0025427049211001976 -0.0078380448191481857 0.0036281434535435416 -0.005001371732640301 0.0068193919849247721 -0.00062211596785846234 0.01373255344280876 0.010974470939862861 -0.0026580910157559907 0.0032547566102732054 0.0069472465844940788 -0.00070071716502795615 0.0046548025798018935 0.0030453939572323559 0.0011547397238229346 0.010054494226744353 -0.0053836981356984032 -0.0055139027801566131 0.0017629662276603172 0.005683224521744008 0.0078542924818901499 0.00049049436491202113 0.0027326220471820461 -0.00036076845162998712 -0.00500238056968276 -0.0029551200361162158 0.0026361417390167179 0.0077750154299911214 -0.0033300429525581427
leaf_weight=10767 7873 3224 1707 961 4419 102 140 136 55 3247 549 395 9192 1006 6914 9400 755 594 1769 2215 443 284 34253 7617 160409 7814 9008 3367 1178 475
leaf_count=10767 7873 3224 1707 961 4419 102 140 136 55 3247 549 395 9192 1006 6914 9400 755 594 1769 2215 443 284 34253 7617 160409 7814 9008 3367 1178 475
internal_value=-0.000167915 -0.000121664 -0.00120708 -0.000725617 -0.00180838 -0.000224876 0.00968254 0.0160084 -7.54437e-05 0.000644326 0.000999999 0.00797669 0.000699351 0.00151644 0.00248703 -0.000153067 0.00553379 -0.000105398 -0.000568211 0.00110132 0.00441943 0.00758597 -0.00015631 -0.000256535 -0.000151942 -0.00103985 -0.000277665 -0.000963638 0.00350022 0.00598004
internal_weight=290268 279501 11416 9709 8021 3602 378 238 268085 26097 22850 944 21906 12714 8675 241988 1761 234115 4039 2270 1688 727 224715 190462 168026 22436 14622 12375 2247 1653
internal_count=290268 279501 11416 9709 8021 3602 378 238 268085 26097 22850 944 21906 12714 8675 241988 1761 234115 4039 2270 1688 727 224715 190462 168026 22436 14622 12375 2247 1653
is_linear=0
shrinkage=0.05


Tree=92
num_leaves=31
num_cat=0
split_feature=24 23 22 9 22 24 22 24 24 22 15 1 19 22 1 9 22 22 0 22 22 22 22 0 20 24 23 22 5 22
split_gain=6.13947 10.0788 13.2268 18.8293 7.28733 6.55557 7.52204 9.45627 8.58631 8.42264 8.70757 6.68411 6.67864 6.33446 6.13016 5.63185 5.61039 7.4014 6.23531 5.24365 18.4768 6.76421 10.1678 8.15106 5.51318 5.18713 8.14177 8.77564 24.9799 15.7661
threshold=-0.77999999999999992 -0.039769286347669845 -0.99275805973510278 305.59574890136724 -0.93545489084327571 1.9550000000000003 -0.065535378769913874 -0.49499999999999994 0.24500000000000002 -0.074117382312902977 73.500000000000014 6.995000000000001 9.4050000000000029 0.3261394409934788 8.8050000000000015 275.53373718261724 -0.62588817255938378 -0.97509794945709805 3.8750000000000004 -0.12546116083924153 -0.29343379936893921 -0.63921128368950708 -0.67803021058859214 8.8750000000000018 311.10000000000008 1.4950000000000003 0.41202506375868281 -0.13398594226331254 7.5578571428571442 -0.082689790342551819
decision_type=8 2 2 2 2 10 2 10 10 2 2 2 2 2 2 2 2 2 2 2 2 2 2 2 10 10 2 2 2 2
left_child=1 2 3 -1 -4 6 9 13 12 25 -11 -10 -9 -8 -6 -16 17 -3 -19 20 21 22 -7 24 -24 -2 27 -27 29 -29
right_child=5 16 4 -5 14 19 7 8 11 10 -12 -13 -14 -15 15 -17 -18 18 -20 -21 -22 -23 23 -25 -26 26 -28 28 -30 -31
leaf_value=0.0039489961043031171 0.00011413710865270627 -0.0084645210861136917 -0.0031900948822520003 0.0080119936379246699 0.0014805490492832078 -0.0026508080830065072 -0.0012841882693287907 0.00064741604749187073 -0.0018439993416973378 0.0040996417748864122 0.012350566392277709 -0.00022463251447207944 -0.00077091218238918796 -0.0089347326208444999 0.030118752429743597 0.00024521572236214988 -0.0080288316448983484 -0.0080960664958323585 5.937818184284597e-05 -0.0081189024798484256 0.0047931450894021684 -0.0051835766249054898 0.0049781561366752181 -0.0026302945204246951 0.011629036742117523 0.00088574826827847095 0.0078544778016230183 0.019457049443359426 0.0013123305798188379 -0.0010660462733221652
leaf_weight=865 93654 2970 2772 125 443 3366 5346 49436 31385 408 186 36727 24616 2376 96 55 1782 1328 6394 1584 1980 4554 225 183 186 15246 1188 133 603 56
leaf_count=865 93654 2970 2772 125 443 3366 5346 49436 31385 408 186 36727 24616 2376 96 55 1782 1328 6394 1584 1980 4554 225 183 186 15246 1188 133 603 56
internal_value=-0.000163436 -0.00109032 0.000980256 0.0060606 -0.000513964 -0.000106387 -5.37585e-05 -0.000285085 -0.000192525 0.000257279 0.00619529 -0.000597693 0.000180142 -0.00198912 0.00451178 0.0132119 -0.00181337 -0.00138047 -0.000564622 -0.00124524 -0.000840481 -0.00185224 -0.00034091 0.00569023 0.00959854 0.000225468 0.00102287 0.000727022 0.00585858 0.0217196
internal_weight=290268 16830 4356 990 3366 273438 261360 149886 142164 111474 594 68112 74052 7722 594 151 12474 10692 7722 12078 10494 8514 3960 594 411 110880 17226 16038 792 189
internal_count=290268 16830 4356 990 3366 273438 261360 149886 142164 111474 594 68112 74052 7722 594 151 12474 10692 7722 12078 10494 8514 3960 594 411 110880 17226 16038 792 189
is_linear=0
shrinkage=0.05


Tree=93
num_leaves=31
num_cat=0
split_feature=24 23 23 9 23 24 16 3 23 23 18 15 5 17 24 23 15 14 24 23 23 17 13 23 16 7 15 3 17 1
split_gain=6.22247 9.44742 12.0357 17.8117 6.57341 6.45508 5.68085 5.59587 5.57581 7.0659 5.96945 5.49361 4.50689 4.4285 8.11922 7.11512 8.23283 5.76974 5.74663 16.0188 5.77218 5.6928 5.5066 6.97526 4.99379 4.69041 4.626 4.41374 4.37481 5.82397
threshold=-0.77999999999999992 -0.039769286347669845 -0.12545862287572049 305.59574890136724 -0.35846086284744721 1.9550000000000003 9.4500000000000011 10.301666666666669 0.77652048701313048 0.21652257995689161 3.9250000000000003 84.500000000000014 12.563571428571432 214.50000000000003 -0.77999999999999992 0.95178258287705175 67.500000000000014 28.950000000000003 1.8750000000000002 0.92191100909954782 0.93469109537144635 305.50000000000006 1.0000000180025095e-35 0.93469109537144635 11.350000000000003 3.5000000000000004 74.500000000000014 8.4650000000000016 258.50000000000006 7.3150000000000004
decision_type=8 2 2 2 2 10 2 2 2 2 2 2 2 2 10 2 2 2 10 2 2 2 2 2 2 2 2 2 2 2
left_child=1 2 4 -4 7 11 -7 -1 9 -3 -11 12 13 17 -15 18 -17 -2 21 -20 -21 22 23 28 25 -19 -22 -24 29 -16
right_child=5 8 3 -5 -6 6 -8 -9 -10 10 -12 -13 -14 14 15 16 -18 24 19 20 26 -23 27 -25 -26 -27 -28 -29 -30 -31
leaf_value=0.0024961473797576136 -0.0014944076751702534 -0.0080412950318079993 0.0037515462990879503 0.0076113939560284397 -0.0030305901381394076 -0.0034491048989189867 0.00011332473377971458 0.028280642957142551 -0.0076273900626534392 -0.0081434396138537809 9.0012350599939656e-05 0.0014714078105891328 0.00063819847456267418 0.019312971334602382 0.011152580829225581 -0.0026796836622183236 0.00047440010318105591 7.1230669722693611e-05 -0.0096147284491418863 0.0068439130104619569 0.00095863982508711068 -0.00065645829005820159 0.0011640205198520121 0.0046080949559178476 -0.0011367233723675631 0.022312897852394611 0.0056971376719967687 -0.00023926787513505019 -0.0010372039807653363 0.0026512599520213433
leaf_weight=498 31881 2970 865 125 2772 6986 5092 96 1782 1408 6314 9150 48758 136 125 9116 6807 57955 412 315 331 22272 27826 196 26441 141 65 18340 677 416
leaf_count=498 31881 2970 865 125 2772 6986 5092 96 1782 1408 6314 9150 48758 136 125 9116 6807 57955 412 315 331 22272 27826 196 26441 141 65 18340 677 416
internal_value=-0.000160164 -0.00109329 0.000911385 0.00575757 -0.000513964 -0.00010273 -0.00123282 0.00425926 -0.00179333 -0.00136177 -0.000564622 -5.05062e-05 -9.41688e-05 -0.00019764 7.21545e-05 5.30495e-05 -0.000902155 -0.000399338 0.000267346 0.00381567 0.00836146 0.000210301 0.000519124 0.00359264 -0.000183175 7.60798e-05 0.00434343 0.000424987 0.00218391 0.00553604
internal_weight=290268 16830 4356 990 3366 273438 12078 594 12474 10692 7722 261360 252210 203452 87034 86898 15923 116418 70975 1123 711 69852 47580 1414 84537 58096 396 46166 1218 541
internal_count=290268 16830 4356 990 3366 273438 12078 594 12474 10692 7722 261360 252210 203452 87034 86898 15923 116418 70975 1123 711 69852 47580 1414 84537 58096 396 46166 1218 541
is_linear=0
shrinkage=0.05


Tree=94
num_leaves=31
num_cat=0
split_feature=4 24 22 22 22 22 3 22 14 22 22 0 17 19 13 3 24 20 22 22 22 14 5 22 22 9 1 24 24 22
split_gain=6.22125 4.51769 5.0238 18.1068 6.19679 9.19077 6.88637 6.13542 7.37536 5.80856 9.65538 5.75135 5.08871 5.83594 6.82311 4.63444 4.38577 6.33608 8.68534 17.3528 14.36 11.6483 7.725 8.82154 26.4743 5.18495 7.05877 6.32899 5.73976 9.24306
threshold=5.3350000000000009 1.9550000000000003 -0.14250824554987665 -0.29343379936893921 -0.63921128368950708 -0.67803021058859214 7.3050000000000006 -0.65234524191686594 28.050000000000004 -0.26037633224328088 -0.19337636264337835 4.2950000000000008 210.50000000000003 11.455000000000002 12.750000000000002 6.245000000000001 1.7100000000000002 444.30000000000001 -0.86976336936302323 -0.814291907305839 -0.84315017450793706 31.250000000000004 7.5292857142857166 -0.082689790342551819 -0.13398594226331254 462.67344665527349 1.9350000000000003 1.6100000000000003 -0.42499999999999993 0.59868201182722736
decision_type=2 10 2 2 2 2 2 2 2 2 2 2 2 2 2 2 8 8 2 2 2 2 2 2 2 2 2 10 10 2
left_child=-1 16 3 4 5 -3 7 8 -7 15 -11 -12 -13 14 -14 -5 25 18 -18 20 -20 -22 23 24 -21 27 -27 -2 -28 -30
right_child=1 2 -4 9 -6 6 -8 -9 -10 10 11 12 13 -15 -16 -17 17 -19 19 22 21 -23 -24 -25 -26 26 28 -29 29 -31
leaf_value=-0.0031424692234702577 -0.00030079836955271847 -0.0024356089371558912 -0.0072678743487327949 0.0029901045145999503 -0.0045368404222113027 -0.0025095107373747784 -0.0025140080233789878 -0.0016171427188571314 0.012214548214808517 -0.00088762676731044302 0.013713685076822125 -9.1448294018777365e-05 0.010266181000140852 0.0021623282500865585 0.003642512748663498 0.0095604181640578552 -0.00051407389896499422 -0.00029674962916540864 0.0068001345315808802 0.007531668623118719 0.030770275008639277 0.012998709469608238 0.0015390682982373673 0.0013802131813186406 0.018675276472999547 0.0058763591234062586 -0.00090460001424288441 -0.0041812747428365367 0.0018208433151471592 -0.00038437664531098739
leaf_weight=5900 203844 3292 1759 99 4268 51 226 101 207 736 67 225 104 119 73 257 5145 13562 387 420 144 133 5902 451 107 349 12407 4095 12547 13291
leaf_count=5900 203844 3292 1759 99 4268 51 226 101 207 736 67 225 104 119 73 257 5145 13562 387 420 144 133 5902 451 107 349 12407 4095 12547 13291
internal_value=-0.000155685 -0.000122343 -0.00108943 -0.000648856 -0.0016237 -0.000176684 0.00559829 0.00990251 0.0139922 0.00407738 0.00255287 0.00732993 0.00555662 0.00986486 0.0156215 0.00974719 -8.12743e-05 0.000533121 0.0013362 0.00241649 0.0101355 0.0188267 0.00167151 0.00578732 0.0101803 -0.000146696 0.000385551 -0.000245482 0.000320956 0.000745413
internal_weight=290268 284368 11584 9825 8145 3877 585 359 258 1680 1324 588 521 296 177 356 272784 26251 12689 7544 664 277 6880 978 527 246533 38594 207939 38245 25838
internal_count=290268 284368 11584 9825 8145 3877 585 359 258 1680 1324 588 521 296 177 356 272784 26251 12689 7544 664 277 6880 978 527 246533 38594 207939 38245 25838
is_linear=0
shrinkage=0.05


Tree=95
num_leaves=31
num_cat=0
split_feature=4 8 22 15 14 22 1 17 16 16 16 20 22 23 14 22 22 23 22 14 17 22 22 22 0 22 9 22 17 1
split_gain=5.93521 4.41355 3.89867 3.99025 5.47634 5.52865 6.58646 4.70383 5.84235 5.26476 3.59694 3.57257 7.86963 9.1029 6.58189 5.67732 6.41102 14.3844 9.01856 10.8425 7.33107 6.97366 7.86885 8.45764 6.34454 4.98636 4.61224 4.60029 4.47575 3.94071
threshold=5.3350000000000009 18.500000000000004 0.99700008544936913 80.500000000000014 27.750000000000004 0.9962888416657264 5.0550000000000006 161.50000000000003 11.050000000000002 11.15 9.7500000000000018 212.80000000000004 0.98049069993378934 0.11478523713130605 31.750000000000004 0.98213580174693105 0.90162119223771331 0.28313308994381592 0.91596454896554913 32.350000000000001 279.50000000000006 0.92602006027323147 0.93237596376505805 0.94978112945126536 8.0450000000000017 0.98522604642031408 434.05938720703131 0.96904697354198299 336.50000000000006 8.3850000000000033
decision_type=2 2 2 2 2 2 2 2 2 2 2 10 2 2 2 2 2 2 2 2 2 2 2 2 2 2 2 2 2 2
left_child=-1 2 3 4 7 11 -7 -2 -9 -10 -4 15 -13 25 -15 16 -6 18 19 -18 26 -22 -23 -24 -25 -14 -19 -20 -27 -30
right_child=1 -3 10 -5 5 6 -8 8 9 -11 -12 12 13 14 -16 -17 17 20 27 -21 21 22 23 24 -26 28 -28 -29 29 -31
leaf_value=-0.0029853457622967439 -0.0026614829746123589 0.0055638127548950818 -0.0034753506862838408 0.00075791076450291452 -0.00090157592408579524 0.0078878318125967569 0.0043088470647791961 -0.0008834845227135707 0.0066650704226361088 0.0018057804943914697 3.2353159000402126e-05 -7.7700511826113804e-05 0.0047656689392585258 0.0035566455460561476 0.010317396564970487 -0.0053509694794505154 0.0026026118039885709 0.00103637725135875 -0.0044072239952453541 0.015562197445221927 0.0023849994894698653 0.012684073231324143 0.00058567894243478989 0.015321525511291741 0.0093113359797220574 -0.0017342431132663092 0.0065633772949750622 0.0010543202355120186 -0.0015010159258868078 0.011959344011787044
leaf_weight=5900 11530 2117 4072 19656 33319 126 497 16517 83 2546 2952 176691 520 1913 451 2349 299 819 2344 82 168 61 139 69 97 2980 256 1381 155 179
leaf_count=5900 11530 2117 4072 19656 33319 126 497 16517 83 2546 2952 176691 520 1913 451 2349 299 819 2344 82 168 61 139 69 97 2980 256 1381 155 179
internal_value=-0.00015069 -0.000118123 -0.000135182 -0.000105496 -0.000158294 -7.28129e-05 0.00463082 -0.00078498 -0.000304503 0.00188475 -0.00129841 -8.58791e-05 9.04801e-06 0.00176024 0.00420051 -0.000505402 -0.000361737 0.00118548 -0.000384804 0.00694226 0.00519267 0.00998127 0.0138525 0.0105738 0.0181928 0.000255607 0.00281395 -0.00113423 -0.000458661 0.00502994
internal_weight=290268 284368 282251 275227 255571 224895 623 30676 19146 2629 7024 224272 182889 6198 2364 41383 39034 5715 4106 381 1609 534 366 305 166 3834 1075 3725 3314 334
internal_count=290268 284368 282251 275227 255571 224895 623 30676 19146 2629 7024 224272 182889 6198 2364 41383 39034 5715 4106 381 1609 534 366 305 166 3834 1075 3725 3314 334
is_linear=0
shrinkage=0.05


Tree=96
num_leaves=31
num_cat=0
split_feature=24 23 22 9 22 22 22 0 1 24 22 24 24 22 15 22 22 1 19 22 1 23 23 22 24 17 21 22 22 19
split_gain=5.75777 8.7677 11.8992 17.9138 6.38387 5.78489 6.6142 6.16739 5.25721 5.24525 6.53066 8.2151 7.58407 7.52218 7.3321 6.33532 8.20516 6.18151 6.04922 5.5165 7.17787 5.24114 13.5165 26.4767 21.663 10.4739 12.8503 8.53199 7.69213 5.74586
threshold=-0.77999999999999992 -0.039769286347669845 -0.99275805973510278 305.59574890136724 -0.93545489084327571 -0.62588817255938378 -0.97509794945709805 3.8750000000000004 10.515000000000002 1.9550000000000003 -0.065535378769913874 -0.49499999999999994 0.24500000000000002 -0.074117382312902977 73.500000000000014 0.26037272046371446 0.091259403071267925 6.995000000000001 9.4050000000000029 0.19337368024598436 6.9150000000000009 -0.8611288361322974 -0.6523320455745395 0.71503381463111937 0.89500000000000013 177.50000000000003 30.600000000000005 0.59868201182722736 0.3261394409934788 4.4450000000000012
decision_type=8 2 2 2 2 2 2 2 2 10 2 10 10 2 2 2 2 2 2 2 2 2 2 2 10 2 8 2 2 2
left_child=1 2 3 -1 -4 6 -3 -8 -6 10 13 15 18 -2 -15 16 -12 -14 -13 20 -18 28 23 27 25 26 -25 -23 -19 -29
right_child=9 5 4 -5 8 -7 7 -9 -10 -11 11 12 17 14 -16 -17 19 21 -20 -21 -22 22 -24 24 -26 -27 -28 29 -30 -31
leaf_value=0.0035828939282024925 0.00034207639752542319 -0.0076153007367395498 -0.0028560835254277731 0.0072053211726721637 0.0025081192481663218 -0.0072270956154518173 -0.0072805503960504036 0.00011012338445682175 0.023375061760274318 -0.0018056312115160688 -0.0035454580528146125 0.00062000316762312246 -0.0016768288884795363 0.0039777221393719354 0.011752243596694432 -0.0082625886294866429 0.00031602507407075712 1.6068112747113485e-06 -0.00072099031035069991 -0.001494988603745299 0.0073362292460798272 0.0036853312818409447 -0.00062824269355626536 0.011169321195331053 -0.004994037412163109 0.0075146218210878531 0.0071709147196207888 0.0085891200881814105 -0.0061178762682371707 -0.001896229429056403
leaf_weight=865 110880 2970 2772 125 506 1782 1328 6394 88 12078 2574 49436 31385 408 186 3168 713 5563 24616 792 475 2284 21193 129 241 330 269 248 3591 2879
leaf_count=865 110880 2970 2772 125 506 1782 1328 6394 88 12078 2574 49436 31385 408 186 3168 713 5563 24616 792 475 2284 21193 129 241 330 269 248 3591 2879
internal_value=-0.000145177 -0.00104278 0.000888429 0.00570707 -0.000528819 -0.00171717 -0.00127759 -0.000506347 0.00417508 -8.99302e-05 -4.2854e-05 -0.000258398 -0.000172126 0.000246962 0.00585858 -0.00184667 -0.000652175 -0.000552914 0.000178117 0.00176768 0.00392256 -0.000112589 0.000231566 0.00224922 0.00986068 0.0141621 0.0196231 0.000886157 -0.00114923 -0.000810682
internal_weight=290268 16830 4356 990 3366 12474 10692 7722 594 273438 261360 149886 142164 111474 594 7722 4554 68112 74052 1980 1188 36727 27573 6380 969 728 398 5411 9154 3127
internal_count=290268 16830 4356 990 3366 12474 10692 7722 594 273438 261360 149886 142164 111474 594 7722 4554 68112 74052 1980 1188 36727 27573 6380 969 728 398 5411 9154 3127
is_linear=0
shrinkage=0.05


Tree=97
num_leaves=31
num_cat=0
split_feature=0 11 15 14 4 22 22 22 22 4 4 9 1 0 20 13 13 22 22 15 20 15 19 1 9 3 2 14 21 13
split_gain=5.36172 3.83218 3.20603 6.37777 6.16205 3.54316 4.26165 3.53355 4.7237 3.97881 3.70381 5.41017 4.925 3.69892 3.49648 3.07948 3.0382 3.28636 6.10359 8.45096 8.40074 3.25186 2.97155 2.89267 3.87986 2.86916 2.88775 2.71357 6.26579 3.14389
threshold=3.3350000000000004 29.935000419616703 77.500000000000014 28.950000000000003 26.315000000000001 -0.95754239937548935 -0.95244167294248061 -0.97876850416056738 -0.99763297024448894 22.635000000000002 9.7750000000000004 472.27819824218756 6.2750000000000012 5.0050000000000008 473.00000000000006 5.8500000000000005 5.4500000000000011 0.98522604642031408 0.96904697354198299 61.500000000000007 383.65000000000003 72.500000000000014 11.745000000000003 8.6350000000000033 462.67344665527349 10.518333333333336 -0.24999999999999953 33.350000000000001 42.500000000000007 0.35000000000000003
decision_type=2 2 2 2 2 2 2 2 2 2 2 2 2 2 10 2 2 2 2 2 8 2 2 2 2 2 2 2 10 2
left_child=-1 2 3 4 16 -4 25 8 22 10 -10 12 -12 -14 -15 27 17 18 21 20 -20 -2 -5 24 -8 26 -7 -16 -29 -30
right_child=1 -3 5 7 -6 6 23 -9 9 -11 11 -13 13 14 15 -17 -18 -19 19 -21 -22 -23 -24 -25 -26 -27 -28 28 29 -31
leaf_value=-0.0023697995116524063 -0.00089513941890279373 0.0041623232107497543 -0.0029173181662998302 -0.0044440273852199277 0.0040666575183826411 0.0027913343731127264 -0.00070738298199475027 -0.00016485336407404756 -0.00017264924832174384 -0.00085766916237687944 0.0060983973258462495 0.010641701918159342 0.014734634207939232 0.001261641064155148 0.0045787301361312959 0.0093683488529891223 -0.0016997157380810345 -0.0041854869521109599 0.012968747606351498 0.0011688850220038717 -0.00063742050993174481 0.0013407366359785694 0.0018974246501663444 0.0014675575640239579 0.0009870026239949673 -0.0024809821809889049 0.0091329281360601946 -0.0013954398016346541 0.016609852949611332 0.034665671226607797
leaf_weight=10767 12812 3186 2091 2673 1909 73 10942 182459 1525 2285 408 63 63 3284 875 104 30528 821 87 250 51 3225 1712 11225 6400 50 93 145 111 51
leaf_count=10767 12812 3186 2091 2673 1909 73 10942 182459 1525 2285 408 63 63 3284 875 104 30528 821 87 250 51 3225 1712 11225 6400 50 93 145 111 51
internal_value=-0.000143627 -0.00010145 -0.00012133 -0.000181735 -0.000687661 0.000358877 0.000503247 -5.33323e-05 0.000733513 0.00139443 0.00201463 0.00266066 0.00247867 0.00201489 0.00184901 0.0040591 -0.000798971 -0.000268469 -0.000114156 0.00608247 0.0160145 -0.000264078 -0.000610035 0.000450344 4.5553e-05 0.0075 0.0106626 0.00333333 0.00737785 0.0141358
internal_weight=290268 279501 276315 245441 49683 30874 28783 195758 13299 8914 6629 5104 5041 4633 4570 1286 47774 17246 16425 388 138 16037 4385 28567 17342 216 166 1182 307 162
internal_count=290268 279501 276315 245441 49683 30874 28783 195758 13299 8914 6629 5104 5041 4633 4570 1286 47774 17246 16425 388 138 16037 4385 28567 17342 216 166 1182 307 162
is_linear=0
shrinkage=0.05


Tree=98
num_leaves=31
num_cat=0
split_feature=0 23 17 17 22 23 14 23 23 22 22 17 9 20 3 2 22 20 17 23 23 23 22 18 23 20 22 22 21 17
split_gain=5.14505 3.90215 4.05325 6.00896 5.66393 6.48539 4.10975 6.60413 7.60641 5.08254 8.32847 8.65966 9.67536 7.14066 5.97975 5.85782 4.70119 4.35219 4.34119 4.32007 3.69835 6.71773 10.0584 6.68766 6.27038 6.10609 5.20517 9.28979 9.11872 5.24282
threshold=3.3350000000000004 0.99855310097228334 214.50000000000003 305.50000000000006 0.83849049182116964 0.51849435583340198 31.750000000000004 -0.8611288361322974 -0.80417042486635371 0.75014288946266361 0.72695311118111527 92.500000000000014 483.01396179199224 323.65000000000003 5.368333333333335 -5.3399999999999963 0.81428061195174062 476.35000000000008 104.50000000000001 0.68274389090025245 -0.99628250747696534 -0.90892157495189674 -0.30163705152652742 8.5150000000000023 -0.88620506325989179 254.90000000000003 0.39036257410962044 0.3261394409934788 12.500000000000002 120.50000000000001
decision_type=2 2 2 2 2 2 2 2 2 2 2 2 2 8 2 2 2 10 2 2 2 2 2 2 2 10 2 2 10 2
left_child=-1 2 6 -4 -5 -6 9 -8 -9 10 17 15 13 -13 -15 -12 -11 20 -19 -10 -2 22 25 26 -23 -22 27 29 -28 -24
right_child=1 -3 3 4 5 -7 7 8 19 16 11 12 -14 14 -16 -17 -18 18 -20 -21 21 24 23 -25 -26 -27 28 -29 -30 -31
leaf_value=-0.0022513095360697922 -0.0023190386429535461 -0.0021170911666342752 0.00052932185234398914 -0.0011936526167087363 0.00042999947340287943 0.0058693653762473645 -0.0018642023202743636 0.0049576824311698652 0.0010323872171568869 -0.0042902295730348396 0.0141060205595757 -0.00017678079195014083 0.011868694023076026 -0.0020788544134254646 0.0077066871625413539 -0.00056825288251263501 -0.0011468925950597157 0.0024928152354774537 -0.0024663717773822265 -0.0023611916626597438 0.0073600250615446826 -0.0052623508818877085 0.0033308120809856408 -0.00099647223973320354 -0.00030197778801454455 0.0026581037412169769 0.012289286116701839 -0.0072800037223619734 0.00032401250714680712 0.00049379535473576105
leaf_weight=10767 4595 4645 77583 25664 8935 239 7568 2004 25284 3990 54 284 91 68 191 857 25058 720 7565 2856 378 1963 2516 7578 61958 2209 227 993 278 3150
leaf_count=10767 4595 4645 77583 25664 8935 239 7568 2004 25284 3990 54 284 91 68 191 857 25058 720 7565 2856 378 1963 2516 7578 61958 2209 227 993 278 3150
internal_value=-0.000138115 -9.67987e-05 -7.25119e-05 0.000158288 -0.000387222 0.000679092 -0.000232248 0.000225126 0.00055666 -0.000370542 -0.000194671 0.0034466 0.00793375 0.00540516 0.0114093 0.000323819 -0.000949808 -0.000254437 -0.00134882 0.000344704 -0.000148816 -7.07704e-05 0.000802411 0.000297787 -0.00030749 0.003678 0.00139308 0.00102192 0.00628713 0.00180374
internal_weight=290268 279501 274856 112421 34838 9174 162435 37712 30144 124723 95675 1545 634 543 259 911 29048 94130 8285 28140 85845 81250 17329 14742 63921 2587 7164 6659 505 5666
internal_count=290268 279501 274856 112421 34838 9174 162435 37712 30144 124723 95675 1545 634 543 259 911 29048 94130 8285 28140 85845 81250 17329 14742 63921 2587 7164 6659 505 5666
is_linear=0
shrinkage=0.05


Tree=99
num_leaves=31
num_cat=0
split_feature=24 23 14 15 14 24 13 14 13 23 20 15 24 24 4 2 2 23 23 24 23 24 3 14 0 11 13 11 9 5
split_gain=5.86155 8.46584 6.52478 4.86646 7.48936 6.09928 5.46418 4.73272 5.21841 4.4183 3.824 3.76677 3.73205 7.81707 7.11592 3.63077 3.52065 3.42526 3.87297 4.80877 4.01067 3.80797 3.6698 4.43238 3.36769 3.29306 3.13133 3.11975 3.11536 4.36038
threshold=-0.77999999999999992 0.77652048701313048 29.650000000000002 77.500000000000014 27.850000000000005 -0.58499999999999985 4.9500000000000011 26.250000000000004 12.65 -0.35846086284744721 279.7000000000001 33.500000000000007 -0.089999999999999983 -0.40499999999999997 6.8650000000000011 -4.0299999999999976 1.2700000000000011 -0.99465740988130902 -0.97507822412530132 0.16500000000000004 -0.97111920233974802 1.3800000000000001 5.205000000000001 29.250000000000004 3.9350000000000005 17.054999351501468 4.4500000000000011 29.935000419616703 322.30685424804693 7.3792857142857144
decision_type=8 2 2 2 2 10 2 2 2 2 10 2 10 8 2 2 2 2 2 10 2 10 2 2 2 2 2 2 2 2
left_child=1 2 9 4 6 7 12 8 -5 28 -9 -6 13 -2 16 -10 -15 21 19 22 -20 -13 23 -19 -11 -4 -23 -22 29 -1
right_child=3 -3 25 5 11 -7 -8 10 15 24 -12 17 -14 14 -16 -17 -18 18 20 -21 27 26 -24 -25 -26 -27 -28 -29 -30 -31
leaf_value=0.0018588586479363978 -0.0019264101626593603 -0.0068776365105095941 0.00042066276477442129 -0.00015950941059206532 0.022475961876167194 0.00041699137107640188 -0.0022442546773066467 0.00042853251398820846 0.011139727981743616 -0.0091619804184126189 0.0075960311467079371 -0.0030360468779774669 -0.0012253996767200655 0.0074494408510414785 0.0023689477310113172 0.005486403349925866 0.012504468775299815 -0.0027054863326530492 -0.0050203924867251292 0.0001927614942014081 -0.00011066595683615297 -0.0015925557723239421 0.0019915591837195695 0.0086693922021109683 -0.0022838123873058268 0.022320277654573756 0.0027174266247642822 0.003760404996627555 -0.0020629585202621833 0.011632340094799238
leaf_weight=196 2017 1782 7309 167 114 28715 19312 1141 65 1635 287 5217 5063 175 2307 315 85 74 1224 5453 193798 1134 2814 118 5610 81 854 2989 137 80
leaf_count=196 2017 1782 7309 167 114 28715 19312 1141 65 1635 287 5217 5063 175 2307 315 85 74 1224 5453 193798 1134 2814 118 5610 81 854 2989 137 80
internal_value=-0.000134153 -0.00103981 -0.000653909 -7.84102e-05 -0.000153411 0.000514824 -0.000908009 0.00320253 0.00715722 -0.00167668 0.00168767 -5.11965e-05 6.37492e-05 0.00109729 0.00292754 0.0103947 0.0107692 -5.60442e-05 -1.8648e-05 0.00102908 -6.34068e-05 -0.00112769 0.00263473 0.00932292 -0.00196342 0.000405953 0.000734405 -4.56597e-05 0.00335351 0.00641304
internal_weight=290268 16830 15048 273438 242748 30690 28959 1975 547 7658 1428 213789 9647 4584 2567 380 260 213675 206470 8459 198011 7205 3006 192 7245 7390 1988 196787 413 276
internal_count=290268 16830 15048 273438 242748 30690 28959 1975 547 7658 1428 213789 9647 4584 2567 380 260 213675 206470 8459 198011 7205 3006 192 7245 7390 1988 196787 413 276
is_linear=0
shrinkage=0.05


Tree=100
num_leaves=31
num_cat=0
split_feature=5 23 22 15 14 22 1 16 5 14 13 8 16 22 22 20 5 14 21 22 23 14 1 22 22 23 22 14 22 20
split_gain=5.16402 3.89075 3.87015 3.54957 5.16591 4.98855 6.42403 4.60978 3.94887 3.66242 3.35361 3.34874 3.36551 3.32925 3.18578 7.42089 3.70448 3.18037 3.09365 6.29399 7.42723 5.91573 5.27293 4.51306 4.30291 11.5459 16.2337 9.60882 6.47517 7.5771
threshold=3.3450000000000011 0.99855310097228334 0.99700008544936913 80.500000000000014 27.850000000000005 0.9962888416657264 5.0550000000000006 11.050000000000002 10.296428571428574 31.750000000000004 5.4500000000000011 3.5000000000000004 18.450000000000003 -0.90893996196865023 -0.88622299073327826 198.40000000000003 9.0121428571428606 26.350000000000005 77.500000000000014 0.97875492728876534 0.11478523713130605 31.750000000000004 11.045000000000002 0.98522604642031408 0.90162119223771331 0.26659387353423869 0.91596454896554913 32.350000000000001 0.9193901325473397 264.90000000000003
decision_type=2 2 2 2 2 2 2 2 2 2 2 2 2 2 2 10 2 2 8 2 2 2 2 2 2 2 2 2 2 10
left_child=-1 2 3 4 7 11 -7 10 -9 -8 -2 18 -13 -5 15 16 -15 -10 19 -6 -21 -22 -23 24 -20 26 27 -26 -27 -30
right_child=1 -3 -4 13 5 6 9 8 17 -11 -12 12 -14 14 -16 -17 -18 -19 23 20 21 22 -24 -25 25 28 -28 -29 29 -31
leaf_value=-0.0050168076798009463 -0.00016046510691296477 -0.0021074408686586098 -0.0020068539683864655 -0.0017603003073549579 -6.1934099062665196e-05 0.0074993243110668328 -0.00024798364651398955 7.425560589643849e-05 0.0096393559278480957 0.0088445259479465535 -0.0019982115588948394 0.0027734884179909315 -0.0066456816618575033 0.0036420026182374652 0.00096850559624959216 -0.0037042020326486153 0.021775418229138407 0.002940650955122965 -0.00076931614864141865 0.00033828878969072477 0.0031172639324701674 0.013562567373401611 0.0037985523017199808 -0.004771388831165721 0.0061790161639654669 -0.0014340187476856248 -0.0027537800659767505 0.014800469261540132 0.0062308672930416927 -0.0024335320699938718
leaf_weight=2321 8891 4898 7101 2507 162149 129 400 3310 147 96 20199 8427 757 51 16877 115 54 671 36906 4245 1976 213 166 1907 255 373 3594 85 1212 236
leaf_count=2321 8891 4898 7101 2507 162149 129 400 3310 147 96 20199 8427 757 51 16877 115 54 671 36906 4245 1976 213 166 1907 255 373 3594 85 1212 236
internal_value=-0.000130536 -0.000111602 -8.74242e-05 -5.77657e-05 -0.000107357 -2.07518e-05 0.00444 -0.000689085 0.000874514 0.00185484 -0.000910967 -3.32819e-05 0.000901567 0.000590695 0.000840205 0.00681818 0.0164286 0.00398533 -7.35303e-05 2.43249e-05 0.00153788 0.00378981 0.00951187 -0.000444042 -0.000337663 0.000933969 -0.000589732 0.00985294 0.0042257 0.00573895
internal_weight=290268 287947 283049 275948 256344 223126 625 33218 4128 496 29090 222501 9184 19604 17097 220 105 818 213317 168749 6600 2355 379 44568 42661 5755 3934 340 1821 1448
internal_count=290268 287947 283049 275948 256344 223126 625 33218 4128 496 29090 222501 9184 19604 17097 220 105 818 213317 168749 6600 2355 379 44568 42661 5755 3934 340 1821 1448
is_linear=0
shrinkage=0.05


Tree=101
num_leaves=31
num_cat=0
split_feature=24 22 14 24 22 22 22 20 15 22 24 24 13 4 19 0 20 3 24 24 24 4 22 22 22 22 22 3 22 14
split_gain=5.69172 8.28332 6.00438 4.88573 5.57025 15.2644 16.8312 18.0369 16.5052 14.1822 8.71679 8.38 10.2056 7.10139 7.63435 6.84672 6.83965 5.82802 5.73662 4.77466 10.0404 6.3378 5.0942 4.6015 18.4582 6.58406 9.45694 7.006 6.40031 7.61853
threshold=-0.77999999999999992 -0.62588817255938378 28.050000000000004 1.9550000000000003 -0.29343379936893921 -0.42180583328916638 -0.35846811432664222 274.50000000000006 82.500000000000014 -0.46038400545438724 1.7100000000000002 -0.42499999999999993 4.3500000000000005 15.095000000000001 6.4050000000000011 9.7050000000000018 333.00000000000006 6.8816666666666677 -0.60499999999999987 0.05000000000000001 -0.42499999999999993 22.255000000000006 -0.33425342068356556 -0.14250824554987665 -0.29343379936893921 -0.63921128368950708 -0.67803021058859214 7.3050000000000006 -0.65234524191686594 28.050000000000004
decision_type=8 2 2 10 2 2 2 10 2 2 10 10 2 2 2 2 10 2 10 10 10 2 2 2 2 2 2 2 2 2
left_child=1 2 -1 4 5 9 7 11 10 -2 17 18 -13 14 -14 -8 -10 -9 -7 20 -17 -21 -22 24 25 26 -5 28 29 -28
right_child=3 -3 -4 23 -6 6 15 8 16 -11 -12 12 13 -15 -16 19 -18 -19 -20 21 22 -23 -24 -25 -26 -27 27 -29 -30 -31
leaf_value=-0.0041268549241924588 0.00031841877222279417 -0.0064632371052594966 -5.7999699549767816e-05 -0.0021820087260179077 -0.00028825523203460031 0.0061425539520423445 -0.0021264083749975194 0.0051234011437925296 0.013163018747971066 -0.0063419052985682345 0.0095495646065914819 0.0051157677252524512 0.008120396921604895 0.0081188524249715243 0.012407142446284472 -0.0036535081136130467 0.0078700470493203358 -0.00012672331569002707 0.00021181764034826266 -0.003635156824910381 0.0019452030913655631 0.01170434332589774 0.0063999319369798108 -0.0066113918100270718 0.0049583063437042647 -0.0044077575719466584 -0.0021016777078894885 -0.0023037344576615098 -0.0014343846012255894 0.011891530165774196
leaf_weight=3774 78210 1782 11274 3366 168498 397 3137 603 59 3564 741 219 82 83 200 443 50 2797 313 872 327 203 562 1782 1782 4554 56 226 103 209
leaf_count=3774 78210 1782 11274 3366 168498 397 3137 603 59 3564 741 219 82 83 200 443 50 2797 313 872 327 203 562 1782 1782 4554 56 226 103 209
internal_value=-0.000126574 -0.00101901 -0.000637295 -7.16445e-05 -2.62103e-05 0.000284722 0.00202561 0.00397366 0.0024 4.86695e-05 0.00189447 0.00914219 0.0135788 0.0186986 0.0224823 7.75601e-05 0.0216055 0.000823528 0.00549296 0.00208351 0.00408408 -0.00039535 0.00714848 -0.00105481 -0.000648797 -0.00161734 -0.000126264 0.00569023 0.00994565 0.0140566
internal_weight=290268 16830 15048 273438 261360 92862 11088 5544 4250 81774 4141 1294 584 365 282 5544 109 3400 710 2407 1332 1075 889 12078 10296 8514 3960 594 368 265
internal_count=290268 16830 15048 273438 261360 92862 11088 5544 4250 81774 4141 1294 584 365 282 5544 109 3400 710 2407 1332 1075 889 12078 10296 8514 3960 594 368 265
is_linear=0
shrinkage=0.05


Tree=102
num_leaves=31
num_cat=0
split_feature=24 23 22 9 22 22 20 17 16 23 3 9 17 22 22 17 24 5 22 22 20 22 9 17 23 14 23 24 17 19
split_gain=5.29766 6.53639 9.76017 15.6694 5.80621 5.48124 5.06557 4.98887 7.67718 5.17547 4.79986 5.56798 4.44619 4.26581 8.60537 10.9617 18.4749 16.6105 7.61481 9.30166 11.3005 6.47223 6.17523 5.93999 5.84814 12.6394 9.26733 6.94882 7.83585 5.73016
threshold=-0.65999999999999981 -0.039769286347669845 -0.99275805973510278 305.59574890136724 -0.93545489084327571 -0.97509794945709805 735.30000000000007 212.50000000000003 9.0500000000000025 0.99855310097228334 9.5750000000000028 162.10600280761722 270.50000000000006 0.75014288946266361 0.71503381463111937 94.500000000000014 0.47500000000000003 8.4964285714285754 0.69056404122701587 0.51297097409535064 476.35000000000008 0.84313847884979054 51.784955978393562 177.50000000000003 -0.83375966452616657 30.350000000000005 -0.75013812021657655 0.89500000000000013 80.500000000000014 5.3050000000000006
decision_type=8 2 2 2 2 2 10 2 2 2 2 2 2 2 2 2 10 2 2 2 8 2 2 2 2 2 2 10 2 2
left_child=1 2 3 -1 -4 -3 -7 13 12 -10 -6 -12 -9 14 18 -16 -17 -18 19 -2 24 -15 -19 -24 25 -21 -26 -28 29 -29
right_child=7 5 4 -5 10 6 -8 8 9 -11 11 -13 -14 21 15 16 17 22 -20 20 -22 -23 23 -25 26 -27 27 28 -30 -31
leaf_value=0.0031968890003358039 -0.00036550926546285962 -0.0069276899255706834 -0.0024507709132705197 0.0067885133256118946 0.001745247633427551 -0.0012707972173080842 0.0060923069462442622 0.000325146035541488 0.00082627733022293509 -0.0027159215357486902 0.031367721460784689 0.0016031443235399526 -0.0011501710383028862 -0.0033093046430008283 -6.0044388006585205e-05 -0.0051183221240964751 0.0048127778840884837 0.0076604549097979251 -0.0061772572282374301 -0.0013124655594009954 -0.0011562713115980958 -0.00062304970924329807 0.010730688791862451 0.0067813085598716558 -0.00039345789518920363 0.0080482061674788056 0.0024874661311725826 0.01863095060075811 0.0014984124977799589 0.0098961160201489744
leaf_weight=865 105519 2970 2772 125 471 15592 50 19208 61942 2186 70 53 25519 8128 1580 392 496 69 1644 448 3548 30074 148 51 2662 756 2600 63 155 112
leaf_count=865 105519 2970 2772 125 471 15592 50 19208 61942 2186 70 53 25519 8128 1580 392 496 69 1644 448 3548 30074 148 51 2662 756 2600 63 155 112
internal_value=-0.000126402 -0.000855104 0.000888429 0.00525252 -0.000395129 -0.00126316 -0.000889274 -6.37872e-05 0.00019682 0.000547498 0.00409091 0.0128862 -0.000305969 -0.00024283 -9.65973e-05 0.00267544 0.00637543 0.0109031 -0.000161141 -0.000113195 0.00131767 -0.000703106 0.0209328 0.025402 0.00251177 0.00567276 0.00183119 0.00377133 0.0106061 0.0178571
internal_weight=290268 22968 4356 990 3366 18612 15642 267300 108855 64128 594 123 44727 158445 120243 2736 1156 764 117507 115863 10344 38202 268 199 6796 1204 5592 2930 330 175
internal_count=290268 22968 4356 990 3366 18612 15642 267300 108855 64128 594 123 44727 158445 120243 2736 1156 764 117507 115863 10344 38202 268 199 6796 1204 5592 2930 330 175
is_linear=0
shrinkage=0.05


Tree=103
num_leaves=31
num_cat=0
split_feature=5 24 22 22 22 22 18 17 18 22 22 18 13 14 5 22 9 24 2 22 22 22 24 19 22 23 24 2 22 2
split_gain=4.82791 3.72335 4.40108 14.6256 6.17577 9.76151 6.99057 5.78875 6.37906 7.8403 6.76067 8.39384 6.45212 5.34069 4.54887 5.39725 4.39656 4.16784 5.46996 5.01532 12.4328 15.4394 38.8283 10.8852 10.3437 10.9915 20.3718 9.41299 6.0073 5.46899
threshold=3.3450000000000011 1.9550000000000003 -0.12546116083924153 -0.29343379936893921 -0.63921128368950708 -0.67803021058859214 9.4350000000000005 149.50000000000003 9.8150000000000031 -0.19337636264337835 -0.26037633224328088 5.9250000000000007 14.250000000000002 28.050000000000004 9.1207142857142891 -0.65234524191686594 162.10600280761722 -0.65999999999999981 -0.33999999999999991 -0.29343379936893921 -0.42180583328916638 -0.41398024697495356 -0.42499999999999993 7.0050000000000008 -0.46038400545438724 0.84199059757024453 -0.34499999999999992 0.82000000000000084 -0.51297808981038739 -3.3099999999999965
decision_type=2 10 2 2 2 2 2 2 2 2 2 2 2 2 2 2 2 8 2 2 2 2 10 2 2 2 10 2 2 2
left_child=-1 17 3 4 5 -3 13 -5 9 10 11 -9 -11 -7 15 -15 -13 18 -2 20 24 22 -22 -24 25 -19 28 -28 -27 -21
right_child=1 2 -4 7 -6 6 -8 8 -10 12 -12 16 -14 14 -16 -17 -18 19 -20 29 21 -23 23 -25 -26 26 27 -29 -30 -31
leaf_value=-0.0046715291900774406 -0.0024036397113737784 -0.0020992440777738834 -0.0067047022588006796 -0.001010302955139927 -0.0041647069197200291 -0.0022789454016645702 -0.005905091719368964 -0.0037066907053475043 0.00070356036282708196 0.0099848595135316465 -0.0003832921157717376 0.0074734727171804245 0.0040403760106373669 0.011173617852308549 -0.003762037048126908 0.0013304266158368017 0.0094088174155164267 0.00016667810365488027 -7.1855430589778564e-05 0.0009933406020783042 -0.012803400189356023 0.0018741272655074866 0.0053809195378509422 0.013155092962116749 -0.0052621310941698071 0.010410306013047479 0.013682070927718313 0.0061914064505679519 -0.0015461721870713612 -0.00038713071823431367
leaf_weight=2321 8992 3355 1584 602 4505 75 159 80 497 222 336 56 90 223 56 81 66 75598 12972 18016 198 9094 61 137 3168 198 296 291 1183 145756
leaf_count=2321 8992 3355 1584 602 4505 75 159 80 497 222 336 56 90 223 56 81 66 75598 12972 18016 198 9094 61 137 3168 198 296 291 1183 145756
internal_value=-0.000122095 -0.000103788 -0.000966465 -0.000592619 -0.00149279 -4.93808e-05 0.00585858 0.00331195 0.00513363 0.0077647 0.00410781 0.0113366 0.0140705 0.00913793 0.0116667 0.0140789 0.0195902 -6.63152e-05 -0.0007271 -9.17456e-06 0.000290166 0.00200211 0.0116667 0.0273232 8.89328e-05 0.00020331 0.00389228 0.0116951 0.000575669 -0.000174085
internal_weight=290268 287947 11987 10403 8454 3949 594 1949 1347 850 538 202 312 435 360 304 122 275960 21964 253996 90224 9490 396 198 80734 77566 1968 587 1381 163772
internal_count=290268 287947 11987 10403 8454 3949 594 1949 1347 850 538 202 312 435 360 304 122 275960 21964 253996 90224 9490 396 198 80734 77566 1968 587 1381 163772
is_linear=0
shrinkage=0.05


Tree=104
num_leaves=31
num_cat=0
split_feature=5 16 17 17 22 22 9 2 15 16 17 22 22 2 22 2 13 22 9 1 8 22 22 22 21 22 14 13 5 20
split_gain=4.64936 3.18357 3.16526 5.79068 6.47465 6.38176 5.86776 5.55212 4.72666 4.49189 3.92308 3.79948 32.2778 7.87037 6.992 11.5399 4.32164 3.90889 10.6046 3.82275 3.59731 3.50043 3.52971 6.67607 6.77187 5.37837 4.03462 3.94174 5.36764 5.04852
threshold=3.3450000000000011 6.4500000000000011 214.50000000000003 257.50000000000006 0.9193901325473397 0.93237596376505805 234.54366302490237 1.1200000000000006 70.500000000000014 9.0500000000000025 304.50000000000006 -0.42180583328916638 -0.41398024697495356 1.7199999999999995 -0.37447345805034543 -1.9199999999999995 35.750000000000007 0.022575936829235418 998.87963867187511 8.6350000000000033 14.500000000000002 -0.78326540922535159 -0.42180583328916638 -0.30983472475487867 107.50000000000001 -0.45274443793211405 30.550000000000004 0.45000000000000007 24.625000000000004 254.90000000000003
decision_type=2 2 2 2 2 2 2 2 2 2 2 2 2 2 2 2 2 2 2 2 2 2 2 2 10 2 2 2 2 10
left_child=-1 -2 21 -4 8 6 -6 -8 20 -10 -9 -11 13 -13 15 -14 17 18 -16 -20 -5 -3 25 24 27 26 -23 28 -24 -29
right_child=1 2 3 4 5 -7 7 10 9 11 -12 12 14 -15 16 -17 -18 -19 19 -21 -22 22 23 -25 -26 -27 -28 29 -30 -31
leaf_value=-0.0044379527305735593 -0.00093557480302845645 0.00033070759066096666 0.00087344426877490372 -0.00095596984107625637 0.0028293057306496929 0.00085981655159008102 0.0058508699876118411 0.012215753721682281 -0.000902267313868768 -0.00058215821718210806 0.0058917901355807004 0.0061938783436804104 0.009395966747013899 0.012262523848375551 0.00079828298463435797 0.00146168914399053 0.0051265781980007674 -2.9764281450462811e-05 0.0049441652025906946 0.015030148229338073 0.015467596613317237 -0.0020668491540307139 0.0045998147604138463 -0.00041848480963868281 -0.0030680756083905818 -0.0079523345478650972 -5.9058876072210208e-05 0.0034537036720500565 0.031921504699172952 0.00038720400114154578
leaf_weight=2321 29568 37848 35260 41310 373 11230 247 52 7767 3421 50 50 69 85 1668 134 482 5908 252 108 75 10110 1052 83103 909 1666 11749 775 59 2567
leaf_count=2321 29568 37848 35260 41310 373 11230 247 52 7767 3421 50 50 69 85 1668 134 482 5908 252 108 75 10110 1052 83103 909 1666 11749 775 59 2567
internal_value=-0.000121406 -0.00010344 -4.71993e-05 0.000158418 -9.49098e-05 0.000969711 0.00552631 0.0101862 -0.000302387 0.000329923 0.02 0.00092921 0.00148127 0.0257407 0.00110138 0.0102709 0.000880255 0.000601057 0.00249507 0.0102778 -0.000607105 -0.000196146 -0.000336638 -0.000191885 0.00151809 -0.000880979 -0.000672264 0.00232091 0.00490099 0.00146319
internal_weight=290268 287947 258379 108541 73281 11952 722 349 61329 19944 102 12177 8756 135 8621 203 8418 7936 2028 360 41385 149838 111990 88465 5362 23525 21859 4453 1111 3342
internal_count=290268 287947 258379 108541 73281 11952 722 349 61329 19944 102 12177 8756 135 8621 203 8418 7936 2028 360 41385 149838 111990 88465 5362 23525 21859 4453 1111 3342
is_linear=0
shrinkage=0.05


Tree=105
num_leaves=31
num_cat=0
split_feature=24 22 14 23 22 21 15 14 24 22 23 22 15 22 22 24 22 19 22 22 20 24 20 22 22 23 5 24 19 24
split_gain=4.70307 8.02244 6.05594 4.3396 10.7574 4.27903 4.19758 5.87242 5.95267 9.03443 7.07478 12.7368 6.00753 5.06524 4.33001 8.83322 19.3864 6.9289 4.08945 17.6947 10.3423 4.04451 4.00603 3.69776 3.63121 16.5001 7.59408 5.63519 17.1989 9.55084
threshold=-0.77999999999999992 -0.62588817255938378 29.650000000000002 -0.074115882986646633 -0.99630266176052629 21.900000000000002 77.500000000000014 28.950000000000003 -0.089999999999999983 -0.99985146406598202 -0.54219087765047058 -0.82415615971448097 60.500000000000007 0.48314048284850658 0.67802080537253961 -0.22499999999999995 0.80926549319045582 4.3950000000000005 -0.26866367175705824 -0.36647417525074694 282.80000000000001 -0.58499999999999985 604.50000000000011 -0.75015329512557205 -0.97876850416056738 -0.15950993297387572 17.289285714285715 -0.43999999999999995 6.0850000000000009 1.4950000000000003
decision_type=8 2 2 2 2 10 2 2 10 2 2 2 2 2 2 10 2 2 2 2 10 10 10 2 2 2 2 10 2 10
left_child=1 2 3 4 -1 -6 7 8 10 -10 11 12 -2 22 -15 -16 -17 -18 19 23 -21 -8 -12 -13 25 26 -9 28 -27 -29
right_child=6 -3 -4 -5 5 -7 21 24 9 -11 13 18 -14 14 15 16 17 -19 -20 20 -22 -23 -24 -25 -26 27 -28 29 -30 -31
leaf_value=0.0054630050770818929 0.025474203874145077 -0.0059292992192651146 0.00060484419835601499 -0.0041542318800040206 -0.0028979342343388309 0.0022100384157801006 0.0033626823112538392 0.0077090999492776414 0.0079857347948160927 -0.001686395729518004 -0.0013964670602043094 0.0054716400907101701 0.0060873082995050115 0.0026484413034204395 -0.00357128689267473 -0.0031723750468325459 -0.0020249996479724673 0.010566176590626889 -0.003840325391575845 0.01822666198942326 0.0065906831179667127 0.00042977014723115782 0.0050454718299183772 -0.00041245397888442758 -8.8416638413655588e-05 0.013650911876840914 -0.0067513948956096428 -0.0039870346666303746 0.0015585956243650131 0.003291280831435798
leaf_weight=82 60 1782 7390 5603 1125 848 1975 1246 64 27775 15048 584 71 2160 1523 526 52 206 648 58 138 28715 72 1359 181203 215 221 4502 1535 3482
leaf_count=82 60 1782 7390 5603 1125 848 1975 1246 64 27775 15048 584 71 2160 1523 526 52 206 648 58 138 28715 72 1359 181203 215 221 4502 1535 3482
internal_value=-0.00011865 -0.000929888 -0.000554228 -0.00153957 0.00042579 -0.000311709 -6.87188e-05 -0.000138375 -0.000619142 -0.00110798 -1.44424e-05 0.00228238 0.0175191 -0.000356615 0.00112268 -0.000383616 0.00392857 0.015155 0.0015662 0.00262038 0.0169388 0.000482241 -0.000793652 0.00117602 -1.25789e-05 0.000861083 0.00580436 0.000116087 0.00268571 -0.000447145
internal_weight=290268 16830 15048 7658 2055 1973 273438 242748 50344 27839 22505 2918 131 19587 4467 2307 784 258 2787 2139 196 30690 15120 1943 192404 11201 1467 9734 1750 7984
internal_count=290268 16830 15048 7658 2055 1973 273438 242748 50344 27839 22505 2918 131 19587 4467 2307 784 258 2787 2139 196 30690 15120 1943 192404 11201 1467 9734 1750 7984
is_linear=0
shrinkage=0.05


Tree=106
num_leaves=31
num_cat=0
split_feature=5 24 22 22 22 22 18 14 18 22 13 22 18 14 17 24 23 23 22 15 9 22 9 2 23 23 24 23 23 24
split_gain=4.39831 3.43508 4.33469 15.4115 5.43325 7.70018 5.98057 4.56215 4.27837 6.0554 7.56995 6.47397 10.7821 4.97906 4.65776 3.92807 8.54198 19.1354 6.33812 8.15236 6.81604 5.86918 6.02415 5.65916 5.17702 5.67091 4.80182 4.70343 13.2926 13.0985
threshold=3.3450000000000011 1.9550000000000003 -0.14250824554987665 -0.29343379936893921 -0.63921128368950708 -0.67803021058859214 9.4350000000000005 28.050000000000004 9.7150000000000016 -0.19337636264337835 14.250000000000002 -0.26037633224328088 6.1250000000000009 28.950000000000003 260.50000000000006 1.7100000000000002 0.95178258287705175 0.92191100909954782 0.35846314187849709 74.500000000000014 442.93069458007818 0.14250626876356556 462.67344665527349 3.3100000000000018 -0.99465740988130902 -0.97507822412530132 0.16500000000000004 -0.86974577485258975 -0.80417042486635371 1.3150000000000002
decision_type=2 10 2 2 2 2 2 2 2 2 2 2 2 2 2 10 2 2 2 2 2 2 2 2 2 2 10 2 2 10
left_child=-1 15 3 4 5 -3 7 -7 9 11 13 12 -5 -11 -14 24 17 23 19 -19 -21 22 -18 -17 -2 26 -26 -27 29 -29
right_child=1 2 -4 8 -6 6 -8 -9 -10 10 -12 -13 14 -15 -16 16 21 18 -20 20 -22 -23 -24 -25 25 27 -28 28 -30 -31
leaf_value=-0.0041418735932506699 -0.0020249301679394842 -0.0019208072662776779 -0.0059092547887547604 -0.0015832982879590029 -0.0039077587661616106 -0.0020422849784314744 -0.0055777188735684283 0.0078676415364224341 0.0005687421723241774 0.0044250823400013824 0.0014131587986603951 -0.00036194045186589593 0.013831425023981473 0.010221502551706169 0.00977785544422443 0.00032561432684243756 0.0027295650637355496 0.0010903331682177561 0.0066134147131281171 0.0040009462676682652 0.0078130341701747631 -0.0071175662097567125 -0.0057254780926143944 0.0036998737265019673 0.002481449295233694 -0.0011394312766708087 0.00017112160667100742 0.0031964949362555009 -0.00019430894284409002 -0.0068108362558449423
leaf_weight=2321 8066 3355 1782 156 4505 75 159 360 614 55 111 484 61 175 95 11300 1100 419 390 61 71 1945 469 2502 4157 23435 5429 9479 205553 1584
leaf_count=2321 8066 3355 1782 156 4505 75 159 360 614 55 111 484 61 175 95 11300 1100 419 390 61 71 1945 469 2502 4157 23435 5429 9479 205553 1584
internal_value=-0.000117789 -0.000100315 -0.000928924 -0.000531603 -0.0014159 -6.20422e-05 0.00518518 0.00821839 0.00373786 0.00555409 0.011129 0.00316583 0.00878205 0.0163043 0.0180769 -6.43221e-05 0.000644409 0.00117242 0.0080712 0.00461887 0.0154545 -0.00157086 0.000704269 0.000702071 -0.000114532 -7.4249e-05 0.0011183 -0.000121871 -4.90742e-05 0.00163925
internal_weight=290268 287947 11987 10205 8454 3949 594 435 1751 1137 341 796 312 230 156 275960 18257 14743 941 551 132 3514 1569 13802 257703 249637 9586 240051 216616 11063
internal_count=290268 287947 11987 10205 8454 3949 594 435 1751 1137 341 796 312 230 156 275960 18257 14743 941 551 132 3514 1569 13802 257703 249637 9586 240051 216616 11063
is_linear=0
shrinkage=0.05


Tree=107
num_leaves=31
num_cat=0
split_feature=5 9 22 23 22 22 23 16 13 22 17 14 19 22 23 22 22 2 17 9 14 20 3 2 20 2 17 2 23 22
split_gain=4.23071 3.13205 3.83842 5.44377 3.56341 22.1824 12.771 11.1422 10.3623 9.50664 9.40522 8.55237 10.7261 6.21972 4.78071 5.48286 9.58027 5.19938 4.85388 5.8562 5.47297 4.51216 6.26903 4.29853 4.19571 4.12512 4.10837 4.00955 4.00948 4.16812
threshold=3.3450000000000011 73.335582733154311 -0.78326540922535159 0.60383265664488517 -0.42180583328916638 -0.35846811432664222 -0.92272482904738262 10.450000000000001 15.250000000000002 -0.37447345805034543 268.50000000000006 30.050000000000004 5.9650000000000007 -0.49064630004295678 0.84199059757024453 -0.55657520495441892 -0.56368474752277564 -2.4299999999999988 185.50000000000003 998.87963867187511 28.450000000000003 310.25000000000006 7.1116666666666681 -3.9199999999999982 333.00000000000006 1.6500000000000001 239.50000000000003 -1.8799999999999994 0.51849435583340198 -0.99763297024448894
decision_type=2 2 2 2 2 2 2 2 2 2 2 2 2 2 2 2 2 2 2 2 2 10 2 2 10 2 2 2 2 2
left_child=-1 2 3 -2 13 6 7 26 -8 10 -10 12 27 14 15 16 21 -18 -16 20 25 28 -23 -7 -9 -20 -6 -12 29 -3
right_child=1 4 -4 -5 5 23 8 24 9 -11 11 -13 -14 -15 18 -17 17 -19 19 -21 -22 22 -24 -25 -26 -27 -28 -29 -30 -31
leaf_value=-0.0039347799135881299 0.0010671245159515671 -0.0059660587250052223 -0.00012053572065672738 0.0058990956316981062 0.0081810423235437711 0.0013324079891168198 0.00057022490154473517 0.0086612988167421908 0.0029588082476657207 -0.0046745248254166294 0.008342868501551989 0.00332988939177121 0.011713666737966186 -0.0044982805270186365 -0.0035910245147522885 -0.0039660102187650103 0.012729878777175475 0.0040799602431762401 0.011560036663525543 -0.0050183939779233702 0.0028412720956317761 0.0018191028973313515 -0.00060330835923117247 -0.00033702682443839335 -6.285871034474868e-05 -0.0014203062689643494 0.011696980200798186 0.0048144572283579379 -0.002644939954251285 -0.00027451140662212688
leaf_weight=2321 27432 2149 55367 328 297 11012 2242 58 418 189 56 109 116 3757 577 2333 56 205 266 186 923 6209 13490 129913 246 64 82 82 9910 19875
leaf_count=2321 27432 2149 55367 328 297 11012 2242 58 418 189 56 109 116 3757 577 2333 56 205 266 186 923 6209 13490 129913 246 64 82 82 9910 19875
internal_value=-0.000116411 -9.92729e-05 0.000159574 0.000639408 -0.000204327 -7.00882e-05 0.00365212 0.00986091 0.00233188 0.00664948 0.00908451 0.0149725 0.02 -0.000528335 -0.000396762 -0.000485645 -0.000379043 0.00917624 0.00199405 0.0035476 0.00477654 -0.000427344 0.000167774 -0.000172966 0.00273026 0.010303 0.0155805 0.0105797 -0.000794452 -0.000418635
internal_weight=290268 287947 83127 27760 204820 144820 3895 683 3212 970 781 363 254 60000 56243 54227 51894 261 2016 1439 1253 51633 19699 140925 304 330 379 138 31934 22024
internal_count=290268 287947 83127 27760 204820 144820 3895 683 3212 970 781 363 254 60000 56243 54227 51894 261 2016 1439 1253 51633 19699 140925 304 330 379 138 31934 22024
is_linear=0
shrinkage=0.05


Tree=108
num_leaves=31
num_cat=0
split_feature=0 13 20 17 17 9 23 23 16 9 23 20 23 1 18 22 19 23 23 22 22 4 23 23 13 23 0 0 23 1
split_gain=4.05955 3.07312 3.18313 2.99117 3.29697 2.97149 2.95475 6.80732 4.12344 2.72982 6.82928 6.93222 5.35486 4.25795 5.03231 4.22616 4.45337 4.16276 13.1545 24.9255 6.94369 7.28686 6.0145 6.35642 5.9973 5.67846 7.41705 5.4365 4.51372 4.8385
threshold=3.3350000000000004 1.0000000180025095e-35 530.30000000000007 22.500000000000004 195.50000000000003 119.25447845458986 -0.048362832084465616 -0.082691941062253513 13.850000000000003 998.87963867187511 0.99349222267034787 205.90000000000003 0.99748108949426018 1.9350000000000003 4.9150000000000009 -0.03977009085991149 10.955000000000002 0.85561368268953431 0.82293497932636273 0.55656748448714433 0.39036257410962044 11.955000000000002 0.60383265664488517 0.18281312110578132 11.15 0.57605713708605399 5.3950000000000005 5.0050000000000008 0.44312301391210612 4.7150000000000007
decision_type=2 2 8 2 2 2 2 2 2 2 2 10 2 2 2 2 2 2 2 2 2 2 2 2 2 2 2 2 2 2
left_child=6 2 5 -4 -5 -2 7 8 -1 12 13 -12 -3 14 -11 16 -13 18 22 -20 21 -19 23 -15 25 28 -27 -23 29 -25
right_child=1 9 3 4 -6 -7 -8 -9 -10 10 11 15 -14 17 -16 -17 -18 20 19 -21 -22 27 -24 24 -26 26 -28 -29 -30 -31
leaf_value=-0.00094603474403756745 0.0029048013935483235 -0.00016870932129948923 0.0055199906351802554 -0.0015423157139973366 0.0021391120054013901 -0.00044406219046336215 -0.0029033262753738352 0.0071843175737867334 0.0092875078396758553 0.0065158268631013072 -0.0028327611392572716 0.0092990136544237288 -0.0024522085803081566 -7.629390351084513e-05 -0.0011006748161727007 0.0033577922844048938 0.014437925528606777 -0.0010363703856648375 0.0019894150335892642 0.014451082986308426 -0.0063366193051511734 0.0057028725762657403 -0.0023001279333752971 -0.0038046381660894694 0.0021360859669324133 0.013810354192787457 0.0050828741274987922 0.0027223042389073393 -0.0044358768556531257 0.0072564632898741268
leaf_weight=3491 6346 243957 80 4364 1603 1884 7104 75 97 86 279 252 5113 4185 65 623 84 2535 550 171 2014 53 2238 113 1337 51 89 977 113 339
leaf_count=3491 6346 243957 80 4364 1603 1884 7104 75 97 86 279 252 5113 4185 65 623 84 2535 550 171 2014 53 2238 113 1337 51 89 977 113 339
internal_value=-0.000109348 -7.26485e-05 0.00064194 -0.00022904 -0.000357802 0.00128189 -0.00106204 9.14539e-05 -0.00022018 -0.000111115 0.000518756 0.00408724 -0.000151967 0.000222579 0.00857616 0.00610532 0.010625 0.000137147 0.000791421 0.00727462 -0.000940134 0.000385693 0.000239219 0.00103822 0.00332517 0.00705674 0.0160714 0.00393204 0.00482301 0.00705752
internal_weight=290268 279501 14277 6047 5967 8230 10767 3663 3588 265224 16154 1238 249070 14916 151 959 336 14765 9186 721 5579 3565 8465 6227 2042 705 140 1030 565 452
internal_count=290268 279501 14277 6047 5967 8230 10767 3663 3588 265224 16154 1238 249070 14916 151 959 336 14765 9186 721 5579 3565 8465 6227 2042 705 140 1030 565 452
is_linear=0
shrinkage=0.05


Tree=109
num_leaves=31
num_cat=0
split_feature=24 23 2 1 20 4 1 15 24 16 21 24 23 23 23 23 23 23 4 23 23 21 23 2 2 23 23 23 20 24
split_gain=4.41094 5.76881 5.1147 4.32213 4.20919 4.12875 4.8228 4.06293 3.87411 4.60469 3.95402 7.3924 6.83273 8.16785 6.11248 5.62026 11.2391 10.9995 6.96259 14.5878 11.1806 6.50529 6.26283 4.56028 5.47764 5.01759 4.12353 4.47707 7.04693 3.75169
threshold=-0.65999999999999981 -0.35846086284744721 -0.0899999999999994 10.515000000000002 708.00000000000011 6.8650000000000011 1.9350000000000003 84.500000000000014 1.9550000000000003 9.4500000000000011 277.50000000000006 1.4950000000000003 0.41202506375868281 0.2332836900311728 -0.99465740988130902 -0.19337245081799007 -0.15950993297387572 -0.46800559042974538 8.7850000000000019 -0.99628250747696534 -0.92272482904738262 52.500000000000007 -0.93543596745397617 -1.3899999999999999 4.2600000000000113 0.45847758937963173 -0.91595872546125101 -0.87810534180523914 422.2000000000001 1.3800000000000001
decision_type=8 2 2 2 10 2 2 2 10 2 8 10 2 2 2 2 2 2 2 2 2 10 2 2 2 2 2 2 10 10
left_child=1 3 4 -1 -3 -4 -7 8 10 -10 11 14 13 15 -2 17 21 18 19 -13 -21 -17 -20 25 -25 -14 -24 -28 -29 -16
right_child=7 2 5 -5 -6 6 -8 -9 9 -11 -12 12 23 -15 29 16 -18 -19 22 20 -22 -23 26 24 -26 -27 27 28 -30 -31
leaf_value=0.0020944780389876416 -0.0025530546546677613 -0.0025771580219881643 -0.0033603500459255726 0.020496531478181299 0.0053696420475026234 0.0059524338246196851 0.00021843141706582867 0.0012229627156604304 -0.0027581792437235643 0.0002462198087237884 -0.00074720272964177515 -0.0021480265380547058 0.020933669102026584 -0.0042847405177427866 4.0036384396894246e-05 0.011898454951372598 0.0038511456220693416 -0.0038172281486419748 8.6342290391440069e-05 0.020305579149939513 -0.00032100653478634307 -0.00089188721473349223 0.008932695221372057 0.0022064384617597704 0.012895935742550147 0.0055728967210753634 5.2866171590166628e-05 0.011594343089320317 1.4295110748649785e-05 -0.0023612724648538973
leaf_weight=506 6539 10421 3044 88 56 250 8603 9276 6769 5025 37838 219 99 2122 179854 278 4286 3043 3827 134 60 96 506 894 209 161 877 248 255 4685
leaf_count=506 6539 10421 3044 88 56 250 8603 9276 6769 5025 37838 219 99 2122 179854 278 4286 3043 3827 134 60 96 506 894 209 161 877 248 255 4685
internal_value=-0.000107454 -0.00077238 -0.000901494 0.00409091 -0.00170707 -0.000192066 0.000354116 -5.03192e-05 -8.72799e-05 -0.00097253 -4.48779e-05 4.04994e-05 0.0010298 0.000739451 -4.91434e-05 0.00118266 0.00259657 0.000464063 0.00168462 0.00795399 0.0179381 0.0109091 0.0012314 0.00442773 0.00302357 0.0103846 0.00358961 0.00217391 0.00593439 4.09008e-06
internal_weight=290268 22968 22374 594 10477 11897 8853 267300 258024 11794 246230 208392 17314 15951 191078 13829 4660 9169 6126 413 194 374 5713 1363 1103 260 1886 1380 503 184539
internal_count=290268 22968 22374 594 10477 11897 8853 267300 258024 11794 246230 208392 17314 15951 191078 13829 4660 9169 6126 413 194 374 5713 1363 1103 260 1886 1380 503 184539
is_linear=0
shrinkage=0.05


Tree=110
num_leaves=31
num_cat=0
split_feature=0 23 23 16 23 20 13 17 21 13 16 17 17 13 9 23 3 20 23 23 17 23 5 23 23 16 23 0 18 23
split_gain=3.84411 2.81373 6.21213 4.11214 2.75722 2.9966 5.44765 3.56172 3.9826 2.89415 2.8433 3.29878 4.35693 3.68025 3.10763 5.99588 6.75488 5.03579 15.8463 21.8413 4.97311 4.91806 7.07074 6.12729 9.02862 9.80927 4.08349 5.075 3.6877 3.60494
threshold=3.3350000000000004 -0.048362832084465616 -0.082691941062253513 13.850000000000003 0.9989598388634241 281.80000000000001 2.2500000000000004 318.50000000000006 77.500000000000014 1.5500000000000003 6.5500000000000007 214.50000000000003 305.50000000000006 1.0000000180025095e-35 998.87963867187511 0.99349222267034787 9.5750000000000028 808.40000000000009 0.84199059757024453 0.82293497932636273 279.50000000000006 0.91852788691372023 7.0221428571428586 0.60383265664488517 0.57605713708605399 11.050000000000002 0.98770287048522643 5.3950000000000005 5.8050000000000006 -0.54219087765047058
decision_type=2 2 2 2 2 8 2 2 10 2 2 2 2 2 2 2 2 8 2 2 2 2 2 2 2 2 2 2 2 2
left_child=1 2 3 -1 10 6 9 -7 -9 -6 -2 -12 13 -13 -15 17 -17 21 19 29 -21 23 -23 24 -16 -26 27 -24 -27 -19
right_child=4 -3 -4 -5 5 7 -8 8 -10 -11 11 12 -14 14 15 16 -18 18 -20 20 -22 22 26 -25 25 28 -28 -29 -30 -31
leaf_value=-0.00094317000583223228 -0.00075529574116304794 -0.0028075424454591636 0.0068230998758775337 0.0088761784113524367 0.0021038424305455813 -0.0039272751387419988 -0.00066791459948152467 -0.0012090380856632982 0.0097722156931597092 0.010259608077300211 -0.00022335543605917806 0.0030773539541528211 -0.00037156707849005018 0.00035839834097269876 0.00055983695930455341 0.0040288378402228387 0.012569187893342926 0.0048328870381668691 -0.0057073096960890551 0.01556906851503962 0.013868255083445802 -0.00016934556051770817 0.0075960642066986413 -0.0022755985686485655 -0.0021984634345138918 0.011644903892459238 -0.00078031689057618016 0.005260034178331271 0.0096940664583269262 -0.0017497960599581201
leaf_weight=3491 30235 7104 75 97 61 2277 1037 389 95 59 143844 2224 31164 61272 1884 429 125 70 308 51 55 608 54 2512 69 59 122 325 61 112
leaf_count=3491 30235 7104 75 97 61 2277 1037 389 95 59 143844 2224 31164 61272 1884 429 125 70 308 51 55 608 54 2512 69 59 122 325 61 112
internal_value=-0.000107109 -0.00103418 9.14539e-05 -0.000206244 -7.13963e-05 -0.00138846 0.000747622 -0.00228359 0.00161157 0.0108333 -5.26713e-05 3.70783e-06 0.000221961 0.000440004 0.000374654 0.00138515 0.00637184 0.000945945 0.00531879 0.01375 0.0317925 0.000488232 0.0034761 -0.000234461 0.00177762 0.0121958 0.00787425 0.0104354 0.0208333 0.00324176
internal_weight=290268 10767 3663 3588 279501 3918 1157 2761 484 120 275583 245348 101504 70340 68116 6844 554 6290 596 288 106 5694 1109 4585 2073 189 501 379 120 182
internal_count=290268 10767 3663 3588 279501 3918 1157 2761 484 120 275583 245348 101504 70340 68116 6844 554 6290 596 288 106 5694 1109 4585 2073 189 501 379 120 182
is_linear=0
shrinkage=0.05


Tree=111
num_leaves=31
num_cat=0
split_feature=4 22 22 23 20 22 3 21 20 16 23 0 21 2 2 4 1 4 9 2 9 22 9 20 9 16 22 9 8 23
split_gain=3.72467 2.96059 3.42363 7.19188 5.26282 4.07837 4.75084 3.91104 4.54391 3.39912 3.39388 3.4396 3.93954 3.66423 3.22018 4.53626 3.10979 3.52414 2.69633 2.67912 5.22436 4.40712 4.1644 5.52706 5.24722 3.9265 2.61494 3.92416 2.54039 3.67248
threshold=5.3350000000000009 0.99700008544936913 0.97508442350096236 0.1318557721318592 263.90000000000003 0.9962888416657264 5.325000000000002 12.500000000000002 377.80000000000001 9.7500000000000018 0.04621408538533487 6.4150000000000009 92.500000000000014 -4.3949999999999978 -1.0799999999999992 13.575000000000001 9.0550000000000015 12.725000000000003 76.258251190185561 -0.90000000000000002 246.29627990722659 0.98049069993378934 541.99493408203136 363.90000000000003 335.62925720214849 8.1500000000000004 0.97875492728876534 74.368156433105483 18.500000000000004 -0.48313741114591585
decision_type=2 2 2 2 10 2 2 8 10 2 2 2 8 2 2 2 2 2 2 2 2 2 2 8 2 2 2 2 2 2
left_child=-1 2 28 4 5 26 -7 14 19 -3 11 -11 13 -13 15 -5 17 -10 -14 20 21 -9 23 24 -22 -24 27 -4 -2 -30
right_child=1 9 3 7 -6 6 -8 8 16 10 -12 12 18 -15 -16 -17 -18 -19 -20 -21 22 -23 25 -25 -26 -27 -28 -29 29 -31
leaf_value=-0.0019319823049697459 -0.00014765143224980575 -0.0029170072563530621 0.0082781523450055315 0.015915361762287618 0.0013316298915941112 0.0083870480158534464 7.0960147693244392e-05 0.012560839802774443 0.0055204248742342617 -0.0026674536652546632 -0.0058124229141147087 0.0065963415031088483 0.0018667081928149809 0.00050894335410762211 0.004378017470028168 0.0024419964152191578 0.0023741935290803933 0.014291382365013653 0.0072354289504767931 -0.00013911118262246284 0.01184252795570518 -0.0028476799016505659 0.012184234753726979 0.0010815669829541646 0.017712990674990731 -0.0041888414916896825 -0.0029972717272756921 -0.00016569086832420068 -0.00015793309612753274 0.012995769569691402
leaf_weight=5900 261917 4072 70 86 4832 133 339 99 205 634 745 105 106 1192 506 70 216 50 170 1844 63 463 71 67 52 150 3687 323 1258 843
leaf_count=5900 261917 4072 70 86 4832 133 339 99 205 634 745 105 106 1192 506 70 216 50 170 1844 63 463 71 67 52 150 3687 323 1258 843
internal_value=-0.000104009 -7.82097e-05 -5.25352e-05 0.0007294 -2.34454e-05 -0.00124341 0.00315678 0.00252156 0.00181402 -0.00109197 0.000199863 0.00118487 0.00243802 0.00128373 0.00602719 0.0123077 0.00635881 0.010098 0.00786232 0.00105197 0.00318653 7.11732e-05 0.00753102 0.0131319 0.0197826 0.00291855 -0.00175245 0.00212468 -9.20025e-05 0.00163969
internal_weight=290268 284368 277344 13326 9384 4552 472 3942 3280 7024 2952 2207 1573 1297 662 156 471 255 276 2809 965 562 403 182 115 221 4080 393 264018 2101
internal_count=290268 284368 277344 13326 9384 4552 472 3942 3280 7024 2952 2207 1573 1297 662 156 471 255 276 2809 965 562 403 182 115 221 4080 393 264018 2101
is_linear=0
shrinkage=0.05


Tree=112
num_leaves=31
num_cat=0
split_feature=24 22 14 23 3 2 15 14 17 24 22 22 24 22 14 22 23 5 24 19 24 22 22 19 8 20 22 23 22 14
split_gain=3.8438 7.65607 5.55884 5.48509 6.07445 3.83184 3.51689 5.40766 4.00031 3.37524 3.92432 8.8943 5.48666 3.85875 3.6003 3.2128 15.4423 6.54826 5.45453 14.1035 9.16511 5.7962 9.24404 6.97933 5.09789 4.80931 4.74654 4.46402 4.1588 5.84728
threshold=-0.77999999999999992 -0.62588817255938378 28.150000000000002 -0.35846086284744721 10.145000000000003 -1.2599999999999987 77.500000000000014 27.850000000000005 161.50000000000003 0.24500000000000002 -0.95754239937548935 -0.95244167294248061 -0.22499999999999995 -0.98523971305672675 27.550000000000004 -0.97876850416056738 -0.15950993297387572 17.289285714285715 -0.43999999999999995 6.0850000000000009 1.4950000000000003 -0.98803845231459242 -0.99630266176052629 14.885000000000003 24.500000000000004 377.80000000000001 -0.99275805973510278 1.0000000180025095e-35 -0.99940763397299126 30.050000000000004
decision_type=8 2 2 2 2 2 2 2 2 10 2 2 10 2 2 2 2 2 10 2 10 2 2 2 2 10 2 2 2 2
left_child=1 2 -1 4 -4 -5 7 8 -2 10 -8 12 -12 14 -11 16 17 -9 19 28 24 22 -21 25 -20 -24 -27 -22 -18 -30
right_child=6 -3 3 5 -6 -7 9 15 -10 13 11 -13 -14 -15 -16 -17 18 -19 20 21 27 -23 23 -25 -26 26 -28 -29 29 -31
leaf_value=-0.0033102230835480892 -0.0024522686502091245 -0.0054929443673100509 0.0044073675951190952 -0.003033705162085691 0.031490102720591558 0.0004990282249034858 -0.0049589499629598549 0.0074342827942912989 -0.00040805836758876123 0.013959706415945385 0.0086616049763214038 0.0012827065163789214 0.0084144214223045681 -0.00039655934497946095 0.0014067385376328378 -0.00010913213420129177 0.0051186727790969444 -0.0063537666729198555 -0.0038851093518027383 -0.0018138352378356916 0.0079182171055546501 -0.0095241803517680246 0.0065062632583714579 -0.0022228124709355044 0.021625004603398876 0.0070187784820124333 0.015622752308031736 -0.00029604693069445613 0.0053375154071209803 0.015243571308289662
leaf_weight=3990 11179 1782 257 2392 51 8358 861 1345 17780 50 52 18198 72 11397 60 201759 75 231 4860 620 1533 510 207 132 50 88 104 2099 52 124
leaf_count=3990 11179 1782 257 2392 51 8358 861 1345 17780 50 52 18198 72 11397 60 201759 75 231 4860 620 1533 510 207 132 50 88 104 2099 52 124
internal_value=-0.000101425 -0.00083482 -0.000467837 0.000109422 0.00668831 -7.9071e-05 -5.62845e-05 -0.000120043 -0.00076125 0.000448027 0.00085414 0.00100917 0.0143548 -0.000228992 0.00909091 -3.31881e-05 0.000760597 0.00537436 6.50457e-05 0.00247908 -0.0004753 0.000809752 0.00277585 0.0076177 -0.00188391 0.0109148 0.0166146 0.00142896 0.0135259 0.0177273
internal_weight=290268 16830 15048 11058 308 10750 273438 242748 28959 30690 19183 18322 124 11507 110 213789 12030 1576 10454 1912 8542 1661 1151 531 4910 399 192 3632 251 176
internal_count=290268 16830 15048 11058 308 10750 273438 242748 28959 30690 19183 18322 124 11507 110 213789 12030 1576 10454 1912 8542 1661 1151 531 4910 399 192 3632 251 176
is_linear=0
shrinkage=0.05


Tree=113
num_leaves=31
num_cat=0
split_feature=24 22 14 23 15 22 23 1 24 18 24 13 8 24 13 24 22 15 24 23 23 1 1 8 18 23 23 22 24 3
split_gain=3.41423 7.07075 5.095 5.36313 3.16174 3.59408 20.9199 9.16445 9.04142 11.6262 9.68415 5.63054 4.48242 4.24563 7.40477 6.15007 10.9537 5.98278 5.1068 5.52667 14.3545 11.8919 6.49688 5.15072 4.43639 8.72734 6.02404 13.1255 11.1819 5.4551
threshold=-0.77999999999999992 -0.62588817255938378 30.250000000000004 -0.35846086284744721 84.500000000000014 -0.98214942551678475 -0.15950993297387572 18.355000000000004 -0.43999999999999995 5.9250000000000007 1.4950000000000003 3.5500000000000003 24.500000000000004 0.05000000000000001 10.750000000000002 -0.49499999999999994 0.26037272046371446 70.500000000000014 1.7100000000000002 0.41202506375868281 0.1318557721318592 8.0650000000000031 4.245000000000001 26.500000000000004 6.6050000000000013 -0.80417042486635371 0.73136292505298039 0.58481550752069722 -0.24999999999999997 3.9050000000000007
decision_type=8 2 2 2 2 2 2 2 10 2 10 2 2 10 2 8 2 2 10 2 2 2 2 2 2 2 2 2 10 2
left_child=1 2 3 -1 5 6 7 11 9 -8 12 -2 -10 15 18 16 17 -7 19 20 -15 22 -22 -20 25 29 -27 -28 -29 -17
right_child=4 -3 -4 -5 -6 13 8 -9 10 -11 -12 -13 -14 14 -16 24 -18 -19 23 -21 21 -23 -24 -25 -26 26 27 28 -30 -31
leaf_value=0.0043729183490268516 0.0084172301538547288 -0.0052182971489445531 0.00094256545167101182 -0.0021022016412363346 0.0011175141774554199 -0.001089136980755887 0.0092064192572355926 -0.0090332021860037703 -0.0038704468733782639 0.0030454331622835167 0.0026627327661232071 0.012229277028328604 0.020543754373228935 -0.0005549396273584078 -0.0013524955568209951 0.0082074393572447741 -0.0077187858195486543 0.0014772482846960816 0.00090028766902666257 -0.0032596506742839462 0.0089254466233162928 0.00058156893839922115 0.0050333648802082563 0.0242252725531725 5.5739783476480032e-05 -0.00010341809086378944 0.00096239292601440834 -0.00045108376836409687 0.0086232548440730635 0.0036757852414034224
leaf_weight=483 516 1782 5453 9112 9434 17665 287 180 5537 1779 3930 490 50 51215 41675 63 3017 6640 17258 4376 137 2536 1686 51 77312 15979 7943 344 681 2657
leaf_count=483 516 1782 5453 9112 9434 17665 287 180 5537 1779 3930 490 50 51215 41675 63 3017 6640 17258 4376 137 2536 1686 51 77312 15979 7943 344 681 2657
internal_value=-9.60848e-05 -0.000787286 -0.00043461 -0.00112819 -5.35417e-05 -8.56817e-05 0.000732633 0.00705733 8.50372e-05 0.00308325 -0.000565831 0.0089165 -0.00190353 -0.000127272 -0.000344058 6.76098e-05 -0.000600616 -0.000247893 -5.42991e-05 -0.000272728 -0.000138015 0.00261642 0.00569665 0.000702235 0.000241523 0.000784869 0.000491641 0.00152877 0.00685366 0.00347426
internal_weight=290268 16830 15048 9595 273438 264004 12769 1186 11583 2066 9517 1006 5587 251235 118934 132301 27322 24305 77259 59950 55574 4359 1823 17309 104979 27667 24947 8968 1025 2720
internal_count=290268 16830 15048 9595 273438 264004 12769 1186 11583 2066 9517 1006 5587 251235 118934 132301 27322 24305 77259 59950 55574 4359 1823 17309 104979 27667 24947 8968 1025 2720
is_linear=0
shrinkage=0.05


Tree=114
num_leaves=31
num_cat=0
split_feature=0 22 24 22 23 22 24 9 24 0 22 24 1 1 24 22 20 9 1 14 19 22 5 18 20 23 0 20 15 4
split_gain=3.48642 3.02166 5.5225 5.4572 11.749 5.65456 5.53309 8.28924 6.54213 12.7108 7.25297 6.4503 6.01119 5.40194 5.6133 5.8693 5.11255 6.95925 6.09337 5.02669 3.37974 4.49501 3.8826 3.93516 3.37409 3.52857 4.73548 3.58559 3.32313 3.14991
threshold=3.3350000000000004 -0.99763297024448894 1.4950000000000003 -0.98214942551678475 -0.15950993297387572 -0.98803845231459242 -0.22499999999999995 528.79354858398449 -0.58499999999999985 7.7250000000000005 -0.99467753128998015 1.4950000000000003 6.1950000000000012 17.235000000000003 -0.43999999999999995 -0.98523971305672675 382.2000000000001 132.72035217285159 10.355000000000002 30.050000000000004 16.515000000000004 -0.99275805973510278 13.467857142857145 11.535000000000002 314.30000000000001 0.11478523713130605 12.285000000000002 491.60000000000008 71.500000000000014 12.415000000000001
decision_type=2 2 10 2 2 2 10 2 10 2 2 10 2 2 10 2 10 2 2 2 2 2 2 2 10 2 2 10 2 2
left_child=-1 2 -2 4 13 6 7 8 10 12 29 -8 -10 14 15 -3 17 18 -16 -14 21 22 -11 -24 -23 27 -27 -26 -17 -6
right_child=1 3 -4 -5 5 -7 11 -9 9 20 -12 -13 19 -15 16 28 -18 -19 -20 -21 -22 24 23 -25 25 26 -28 -29 -30 -31
leaf_value=-0.0016880477425475736 -0.005268446097319095 -0.01646653049996593 0.0023097004421541709 -0.00011489918336233183 0.0030584562814892731 -0.0042718060332941638 -0.0049421327217805148 0.012131875754756832 0.014532861315531859 -0.0015330399139727765 -0.0044004970561969678 0.0038054476049667937 0.0032666060359810333 -0.0058087196404302804 0.014913603832025266 0.0090118013204748548 0.0073556945853172047 0.0055640518712346005 0.0065867430033438512 0.010157978819822933 -0.0018013932962663557 -0.010440473627795717 0.010272584674311393 0.0034911346853021491 0.011512921697971881 0.014866491805527696 0.0064684762189189966 -0.0014548514946848255 -0.0048695354262072695 -0.0034602826303299916
leaf_weight=10767 4562 193 1581 262594 477 1531 1909 100 66 482 1102 1963 90 217 211 127 479 151 127 82 448 56 67 197 150 97 78 113 52 199
leaf_count=10767 4562 193 1581 262594 477 1531 1909 100 66 482 1102 1963 90 217 211 127 479 151 127 82 448 56 67 197 150 97 78 113 52 199
internal_value=-9.5568e-05 -6.15573e-05 -0.00115823 -3.69125e-05 0.00106652 0.000387204 0.000940593 0.00229495 0.00191145 0.00393042 -0.000275592 -0.000389981 0.0147479 0.00508349 0.00626866 0.00104839 0.00827479 0.0118712 0.015858 0.00982558 0.00240521 0.00375 0.00130027 0.00617424 0.00744939 0.00892694 0.0144286 0.00526616 0.00756983 0.00380177
internal_weight=290268 279501 6143 273358 10764 9207 7676 3804 3704 1926 1778 3872 238 1557 1340 372 968 489 338 172 1688 1240 746 264 494 438 175 263 179 676
internal_count=290268 279501 6143 273358 10764 9207 7676 3804 3704 1926 1778 3872 238 1557 1340 372 968 489 338 172 1688 1240 746 264 494 438 175 263 179 676
is_linear=0
shrinkage=0.05


Tree=115
num_leaves=31
num_cat=0
split_feature=18 0 16 22 22 24 1 24 22 24 0 24 1 14 9 22 9 19 5 0 19 13 24 14 13 9 22 22 24 24
split_gain=3.28144 3.9371 3.21478 2.93651 5.09242 4.89021 3.81673 4.61799 9.36869 8.81596 13.9528 10.7774 8.84312 4.7285 3.8654 3.54445 5.29078 5.6168 3.08538 3.0425 2.92413 2.88484 3.88009 4.90259 4.58554 3.42767 4.43649 2.8811 3.20218 10.1186
threshold=3.2350000000000008 6.0550000000000006 10.950000000000001 -0.99763297024448894 -0.98214942551678475 1.4950000000000003 18.355000000000004 -0.58499999999999985 -0.99630266176052629 -0.22499999999999995 7.6850000000000014 1.4950000000000003 6.2750000000000012 24.650000000000002 472.27819824218756 -0.99275805973510278 119.25447845458986 12.215000000000002 8.8364285714285753 11.745000000000003 11.135000000000003 18.050000000000004 1.8150000000000002 33.850000000000001 0.95000000000000007 150.13784790039065 -0.9905448150984083 -0.96235977360714686 -0.089999999999999983 -0.27499999999999997
decision_type=2 2 2 2 2 10 2 10 2 10 2 10 2 2 2 2 2 2 2 2 2 2 10 2 2 2 2 2 10 10
left_child=1 -1 -3 5 6 -2 7 8 14 10 12 -11 -9 -13 -5 -12 17 -17 -14 -19 -7 22 23 24 -15 26 -23 -6 29 -29
right_child=3 2 -4 4 27 20 -8 9 -10 11 15 13 18 21 -16 16 -18 19 -20 -21 -22 25 -24 -25 -26 -27 -28 28 -30 -31
leaf_value=-0.0020665095071211912 -0.0050202283900513556 0.0016911601125570678 0.011535629720168465 0.0028455154262737089 -0.0014936571365001985 -0.0036630335451941312 -0.0026667348550430724 0.014644556012198207 -0.0022737079964989045 -0.0025939914456879713 0.00034098189800701697 0.010981337776571794 0.0067322582283646949 0.00032049084280998883 0.0060910680195698733 0.012946298503808955 -0.0034814469839345233 0.0086448986156087131 0.010070301022438291 0.0019325444959103469 0.0033198246578141593 0.013789414572688978 -0.0011039418429670128 0.038087790512172405 0.0094184037635825398 -0.00099061817613485168 0.014235724453395205 -0.00020355368403227205 -0.00027314353487500599 0.0013897502370382247
leaf_weight=9192 4582 341 100 314 7699 385 1806 132 2202 2311 734 57 179 497 50 405 206 77 84 420 1197 57 615 54 480 62 56 75080 152346 28548
leaf_count=9192 4582 341 100 314 7699 385 1806 132 2202 2311 734 57 179 497 50 405 206 77 84 420 1197 57 615 54 480 62 56 75080 152346 28548
internal_value=-9.07449e-05 -0.000998133 0.00361678 -5.95982e-05 -3.53601e-05 -0.00113887 0.00102889 0.00145018 -0.000342947 0.0021662 0.00470049 0.000812842 0.0132278 0.0036262 0.00708791 0.00287188 0.00465704 0.0063082 0.00792776 0.00274648 0.0012579 0.00318232 0.00253341 0.00440834 0.00359775 0.00928571 0.014469 -7.89437e-05 -5.02797e-05 0.000164144
internal_weight=290268 9633 441 280635 274471 6164 10798 8992 2566 6426 2237 4189 395 1878 364 1842 1108 902 263 497 1582 1821 1646 1031 977 175 113 263673 255974 103628
internal_count=290268 9633 441 280635 274471 6164 10798 8992 2566 6426 2237 4189 395 1878 364 1842 1108 902 263 497 1582 1821 1646 1031 977 175 113 263673 255974 103628
is_linear=0
shrinkage=0.05


Tree=116
num_leaves=31
num_cat=0
split_feature=18 23 22 24 22 23 13 19 22 24 24 0 22 23 9 19 24 9 15 17 24 17 5 5 22 17 17 22 24 24
split_gain=3.06274 3.01377 2.93433 4.16167 4.01923 9.38063 4.9411 4.89247 4.52939 4.9417 6.55445 15.1416 7.33215 6.27983 11.3353 6.13568 5.33669 3.78853 3.55266 4.59225 3.54191 3.84583 4.59574 3.40111 3.15837 3.3087 4.2848 3.95243 6.15056 5.95238
threshold=2.7350000000000008 0.9989598388634241 -0.99763297024448894 1.4950000000000003 -0.98214942551678475 -0.15950993297387572 8.2500000000000018 4.9250000000000007 -0.98803845231459242 -0.22499999999999995 -0.58499999999999985 6.0550000000000006 -0.99275805973510278 0.063390085881955341 251.68961334228518 5.5150000000000006 1.4950000000000003 248.98963165283206 67.500000000000014 155.50000000000003 -0.43999999999999995 181.50000000000003 11.762142857142861 7.2907142857142864 -0.96235977360714686 214.50000000000003 305.50000000000006 0.83849049182116964 -0.064999999999999988 -0.22499999999999995
decision_type=2 2 2 10 2 2 2 2 2 10 10 2 2 2 2 2 10 2 2 2 10 2 2 2 2 2 2 2 10 10
left_child=-1 2 3 -2 5 6 20 -8 9 10 12 -12 13 14 -7 -13 -11 23 -16 -20 -4 22 -22 -9 -6 -26 -27 -28 29 -29
right_child=1 -3 4 -5 24 8 7 17 -10 16 11 15 -14 -15 18 -17 -18 -19 19 -21 21 -23 -24 -25 25 26 27 28 -30 -31
leaf_value=-0.0025891287402548717 -0.0047510810969308027 -0.0016766151184722221 -0.010223079749495191 0.0021496518913055574 -0.001494148900189052 0.0013677789563740551 -0.004372187365828068 0.014271388433804042 -0.0039248790717095194 -0.0045322816226018798 0.011628440672897554 0.012634106519780246 -0.0064605738759987838 -0.0023591485662531517 0.0032398193259577848 0.0036248793318567857 0.0032096933018301906 0.0002090039622926033 0.010046605828966491 0.0034037736037646894 0.010217829881978953 -0.00074479627972959001 0.0016303118339558822 0.0084752963970173654 -0.00027638712774219454 0.00049008461543706124 -0.000880246986688245 -0.0042430422324847006 0.00039713551624928097 0.0072784017695261358
leaf_weight=4649 4670 4067 191 1584 7833 427 96 90 1561 1950 156 76 786 553 50 1737 1975 75 64 53 272 321 261 278 148255 74222 24710 70 9096 140
leaf_count=4649 4670 4067 191 1584 7833 427 96 90 1561 1950 156 76 786 553 50 1737 1975 75 64 53 272 321 261 278 148255 74222 24710 70 9096 140
internal_value=-9.17784e-05 -7.10574e-05 -5.1537e-05 -0.00112248 -2.72081e-05 0.000910498 0.0044697 0.00835807 0.000309969 0.000800433 0.00206048 0.00409091 -7.76115e-06 0.00254141 0.00611111 0.00280474 -0.00045223 0.0105756 0.0171557 0.0219231 0.00246411 0.00384075 0.00644465 0.012663 -6.61317e-05 -3.59281e-05 0.000174244 -0.000290453 0.000587792 0.00904762
internal_weight=290268 285619 281552 6254 275298 10972 1584 539 9388 7827 3902 1969 1933 1147 594 1813 3925 443 167 117 1045 854 533 368 264326 256493 108238 34016 9306 210
internal_count=290268 285619 281552 6254 275298 10972 1584 539 9388 7827 3902 1969 1933 1147 594 1813 3925 443 167 117 1045 854 533 368 264326 256493 108238 34016 9306 210
is_linear=0
shrinkage=0.05


Tree=117
num_leaves=31
num_cat=0
split_feature=5 15 14 24 22 4 22 22 24 24 4 22 19 9 24 24 22 0 16 14 22 22 1 22 18 24 17 24 4 9
split_gain=2.84562 2.6646 6.19809 6.00342 5.13922 5.09688 5.17766 25.1445 27.5311 11.4756 9.578 7.21416 6.76251 6.54912 6.51575 5.58807 6.70918 5.31727 5.27209 4.55714 4.45811 12.2225 4.41069 4.26259 4.11872 3.78231 5.62166 5.77309 3.98488 3.6429
threshold=3.3450000000000011 65.500000000000014 30.150000000000002 0.24500000000000002 -0.99985146406598202 102.57500000000002 -0.42180583328916638 -0.41398024697495356 -0.42499999999999993 -0.18999999999999997 7.2150000000000007 -0.35846811432664222 7.0050000000000008 147.14622497558597 0.05000000000000001 -0.65999999999999981 -0.62588817255938378 9.5050000000000008 12.450000000000001 30.250000000000004 -0.93545489084327571 -0.92274349529687905 6.8350000000000009 -0.39036798905311365 6.7250000000000005 -0.40499999999999997 155.50000000000003 -0.049999999999999996 8.6850000000000005 129.88130950927737
decision_type=2 2 2 10 2 2 2 2 10 8 2 2 2 2 10 10 2 2 2 2 2 2 2 2 2 8 2 10 2 2
left_child=-1 2 25 5 -5 6 9 8 10 15 -8 13 -10 23 18 16 19 -16 -15 -3 -7 -22 -6 -9 -24 -2 -27 28 -28 -4
right_child=1 3 29 4 22 20 7 11 12 -11 -12 -13 -14 14 17 -17 -18 -19 -20 -21 21 -23 24 -25 -26 26 27 -29 -30 -31
leaf_value=-0.0033043974555706616 -0.0025288241706218906 -0.00092249944914212184 0.00023817378940571432 0.0087983605174490834 -0.0011876386806972078 -0.024584961705237433 0.006323269220272632 -0.0062772305154362388 0.0052934791598990127 -0.0033341283258461344 -0.0053090710124821935 0.0005356330569880975 0.012252949660112979 0.0021192703274712714 0.008245796014384842 0.0012551779366141817 -0.0051078644827064193 0.0042379030502247466 0.0079235905120462382 0.0021507295113178428 0.031909233795752542 0.0014318765968814951 0.0011026830126286303 0.0021884087966300516 -0.00042614586304224082 -0.0024412640569461993 0.004329941981124877 -0.0010633849382756595 0.00080630611570406798 -0.00068835665773581058
leaf_weight=2321 7611 7589 72339 110 23609 67 51 284 51 6197 213 55960 134 623 62 18718 1538 67 275 1701 81 135 8361 305 23278 10437 1335 7723 4421 34672
leaf_count=2321 7611 7589 72339 110 23609 67 51 284 51 6197 213 55960 134 623 62 18718 1538 67 275 1701 81 135 8361 305 23278 10437 1335 7723 4421 34672
internal_value=-8.95391e-05 -7.54838e-05 -0.000233439 7.09785e-05 -0.000342138 0.000314137 0.000293916 0.000585522 0.0123719 -0.000179477 0.00200757 0.000493607 0.0271622 0.00378713 0.00619766 0.000230825 -0.000673256 0.0167054 0.00468819 -0.000166847 0.00701413 0.0105093 -0.000363634 -0.00041596 2.22814e-05 -0.00084959 -0.000540643 0.000133911 0.00133252 -5.19117e-05
internal_weight=290268 287947 138538 149409 55358 94051 93768 58025 449 35743 264 57576 185 1616 1027 29546 10828 129 898 9290 283 216 55248 589 31639 31527 23916 13479 5756 107011
internal_count=290268 287947 138538 149409 55358 94051 93768 58025 449 35743 264 57576 185 1616 1027 29546 10828 129 898 9290 283 216 55248 589 31639 31527 23916 13479 5756 107011
is_linear=0
shrinkage=0.05


Tree=118
num_leaves=31
num_cat=0
split_feature=24 20 23 2 4 1 1 9 4 2 2 23 17 16 16 22 22 17 24 5 22 22 20 9 22 15 5 23 21 24
split_gain=2.79384 4.89169 4.74481 4.54562 4.49102 4.1287 3.45364 6.19351 3.20955 4.20515 2.96287 2.95155 3.21399 6.17787 3.39793 3.38144 8.1373 9.52173 17.3213 13.5938 7.07217 8.09129 9.85393 6.31568 6.29614 5.39237 5.39065 5.09863 11.2221 8.22148
threshold=-0.65999999999999981 735.30000000000007 -0.35846086284744721 -0.33999999999999991 6.3850000000000007 10.515000000000002 1.9350000000000003 425.81092834472662 10.385000000000003 3.660000000000001 0.26999999999999985 0.99855310097228334 212.50000000000003 9.0500000000000025 22.750000000000004 0.75014288946266361 0.71503381463111937 92.500000000000014 0.47500000000000003 8.8692857142857182 0.69056404122701587 0.51297097409535064 476.35000000000008 51.784955978393562 0.84313847884979054 73.500000000000014 5.1292857142857144 -0.4755978891912595 137.50000000000003 0.89500000000000013
decision_type=8 10 2 2 2 2 2 2 2 2 2 2 2 2 2 2 2 2 10 2 2 2 8 2 2 2 2 2 8 10
left_child=1 2 5 -4 -5 10 7 -6 9 -9 -1 12 15 -14 -15 16 20 -18 -19 25 21 -2 -23 -21 -17 -20 -27 28 29 -26
right_child=11 -3 3 4 6 -7 -8 8 -10 -11 -12 -13 13 14 -16 24 17 18 19 23 -22 22 -24 -25 27 26 -28 -29 -30 -31
leaf_value=0.0041353023197463539 -0.00028391298796690234 0.0057483518842547376 -0.0023155035363492862 -0.003722225130409844 -0.0046173376756190381 0.018430758439865903 0.00015444561104130337 0.0099133844729384444 0.0037116463438489921 0.00075117783010048705 -0.0015390377934651027 -0.0018073927396642698 -0.00033571717462581383 0.00066061352161218487 0.0058242146496686707 -0.0029166652825741764 0.00010375065850884506 -0.0047987099129012372 0.0026868620245855744 0.006913523620814474 -0.0056785003292063414 0.002780563747113312 -0.00099086159983315233 0.010085782054589133 0.0075919890728065433 0.003868718830631944 0.0094888878235040788 -0.00069197959743365594 -0.0055014835693597379 -0.00046988388965836639
leaf_weight=254 104293 50 8994 2874 119 88 10101 99 85 52 252 4356 43783 61868 74 8128 1560 401 346 62 1644 6796 3548 185 898 61 121 27927 720 529
leaf_count=254 104293 50 8994 2874 119 88 10101 99 85 52 252 4356 43783 61868 74 8128 1560 401 346 62 1644 6796 3548 185 898 61 121 27927 720 529
internal_value=-9.29842e-05 -0.000622171 -0.000656254 -0.000773608 -0.000187548 0.00375421 0.00029361 0.00514084 0.00983051 0.0142053 0.00201581 -4.75134e-05 -2.61284e-05 0.000187041 0.000508378 -0.000169478 -3.8105e-05 0.00265716 0.00605442 0.0104194 -0.000101523 -5.48264e-05 0.001279 0.0201012 -0.000578767 0.00589015 0.0128571 -0.000245063 0.00210293 0.00467064
internal_weight=290268 22968 22918 22324 13330 594 10456 355 236 151 506 267300 262944 105725 61942 157219 119017 2736 1176 775 116281 114637 10344 247 38202 528 182 30074 2147 1427
internal_count=290268 22968 22918 22324 13330 594 10456 355 236 151 506 267300 262944 105725 61942 157219 119017 2736 1176 775 116281 114637 10344 247 38202 528 182 30074 2147 1427
is_linear=0
shrinkage=0.05


Tree=119
num_leaves=31
num_cat=0
split_feature=9 15 23 13 4 5 23 23 23 23 22 22 9 22 22 2 22 23 9 22 19 22 14 1 21 19 22 14 22 2
split_gain=2.65953 5.32351 5.03423 4.82877 4.66833 4.26585 6.86606 4.60831 5.40192 3.77503 3.45654 4.51324 3.44668 3.26648 3.46083 5.2458 3.24522 7.80864 6.80182 10.8639 4.68125 4.45694 3.86447 3.52545 3.23501 3.12053 4.84783 9.48027 6.46367 5.0212
threshold=73.335582733154311 64.500000000000014 0.94909129669788206 5.5500000000000007 13.325000000000001 8.4635714285714325 0.74298546529340237 0.68274389090025245 0.65720762023595369 0.94636490295939868 0.9550229469509578 0.95752911693909493 354.09144592285162 0.92602006027323147 0.9193901325473397 -0.39000000000000029 0.48314048284850658 -0.6391983530350368 417.44560241699224 0.72695311118111527 5.5150000000000006 0.79904096188274243 26.850000000000005 16.755000000000006 16.900000000000002 6.8450000000000006 0.98522604642031408 30.650000000000002 0.97112537654464559 1.3049999999999999
decision_type=2 2 2 2 2 2 2 2 2 2 2 2 2 2 2 2 2 2 2 2 2 2 2 2 8 2 2 2 2 2
left_child=-1 2 3 4 9 -3 7 8 16 10 13 -12 -10 14 24 -16 -7 18 20 22 -18 -19 -20 -23 -2 -13 27 28 -27 -30
right_child=1 5 -4 -5 -6 6 -8 -9 12 -11 11 25 -14 -15 15 -17 17 21 19 -21 -22 23 -24 -25 -26 26 -28 -29 29 -31
leaf_value=0.00023715469716181097 0.0012550419475443322 -0.00027191910858529475 -0.0023372181007221327 -0.0013767380007805852 -0.0011421704438169629 -0.00046186403459058103 0.0017991570470545935 -0.0038401372862122717 0.0076865402071970906 0.0046855950184679735 0.015462632998152041 -0.0012105443062568307 -0.0027886459823964821 -0.0054286296681855077 -0.0032953075424398473 0.0097118108822750425 0.0085166491558786913 -0.0046944683584218584 0.016805748337301953 0.010459020594039584 0.0013958559736507808 0.00012768751228599281 0.0022078430867122647 0.0051043112079305862 -0.00053374348922783667 0.0022061797547273244 0.0002443245119671073 0.0026152930923442445 0.011509892411948837 0.0073010279271332875
leaf_weight=83191 9102 82722 9193 29438 10987 21897 11996 1728 551 89 100 874 155 843 67 74 276 1218 63 51 2162 10802 348 980 9585 118 922 548 89 99
leaf_count=83191 9102 82722 9193 29438 10987 21897 11996 1728 551 89 100 874 155 843 67 74 276 1218 63 51 2162 10802 348 980 9585 118 922 548 89 99
internal_value=-8.67831e-05 -0.000182711 -0.000529477 -0.000369827 4.07487e-05 2.62943e-06 0.000356424 4.33733e-05 0.00015674 0.000453131 0.000412335 0.00207273 0.00449008 0.000180213 0.000316549 0.00812057 7.57985e-05 0.000619496 0.00296552 0.00852814 0.0019114 9.61527e-05 0.00582725 0.00039382 0.000257665 0.00167924 0.00288288 0.00559719 0.0126471 0.0184043
internal_weight=290268 207077 72128 62935 33497 134949 52227 40231 38503 22510 22421 2750 706 19671 18828 141 37797 15900 2900 462 2438 13000 411 11782 18687 2650 1776 854 306 188
internal_count=290268 207077 72128 62935 33497 134949 52227 40231 38503 22510 22421 2750 706 19671 18828 141 37797 15900 2900 462 2438 13000 411 11782 18687 2650 1776 854 306 188
is_linear=0
shrinkage=0.05


Tree=120
num_leaves=31
num_cat=0
split_feature=16 24 15 23 24 23 23 2 23 2 3 20 23 23 24 4 24 23 1 9 23 23 9 24 24 1 17 23 23 23
split_gain=2.62294 2.94209 2.84543 6.49522 5.29522 4.23176 17.5796 25.7847 9.23414 4.45064 4.31837 4.01261 3.94433 11.3816 4.95792 5.75342 4.54606 11.3111 6.61059 4.94762 3.93191 9.29834 14.4466 13.2341 17.6905 7.87151 7.10947 3.90871 5.67009 3.87555
threshold=6.5500000000000007 -0.77999999999999992 65.500000000000014 0.63089349388778826 1.4950000000000003 0.90438663683299525 0.90803977035715633 1.6800000000000002 0.86869874770991873 2.8000000000000029 7.4350000000000014 271.35000000000008 -0.8611288361322974 -0.82413948779581736 1.3150000000000002 25.145000000000003 0.89500000000000013 -0.85225707553516283 8.1850000000000005 107.86239242553712 0.82293497932636273 0.82777578779003613 998.87963867187511 -0.24999999999999997 -0.49499999999999994 6.3550000000000013 210.50000000000003 0.98174098242282837 0.96633974041180493 0.85561368268953431
decision_type=2 8 2 2 10 2 2 2 2 2 2 10 2 2 10 2 10 2 2 2 2 2 2 10 10 2 2 2 2 2
left_child=1 -1 3 4 12 8 7 11 20 -9 -8 -7 -2 14 16 -16 -14 18 -18 -19 -4 22 26 24 -23 -24 -22 28 -12 -26
right_child=2 -3 5 -5 -6 6 10 9 -10 -11 27 -13 13 -15 15 -17 17 19 -20 -21 21 23 25 -25 29 -27 -28 -29 -30 -31
leaf_value=-0.0045636079370500833 -0.0011721529299429231 -0.00059994954737562682 3.9240313470889515e-05 -0.0011633053275371312 0.001650140692665613 0.0044069737053323132 -0.0001293070051886366 0.0084792326899069646 -0.0044115930825277113 0.012281484291043141 0.0017405621702751548 -0.0021518825369909091 0.0033165435283767173 -0.00017097672447846952 -0.00932969370897682 0.01864187037680223 0.018574011106321286 0.006186025491258536 0.0062928336116849937 -0.0010533694410713018 0.0076778865255723557 -0.0016082064721127298 0.0073207821053335514 -0.0051962305863942591 0.0035202778673286655 0.015217532638562374 -0.00055455848978601949 0.0030827860498500548 -0.0027038153915205552 0.0073897578600736966
leaf_weight=1501 18236 31451 99982 32424 14084 137 10916 63 3830 74 3342 209 1996 60707 496 90 61 115 50 186 73 1172 64 1514 768 60 283 4255 1614 515
leaf_count=1501 18236 31451 99982 32424 14084 137 10916 63 3830 74 3342 209 1996 60707 496 90 61 115 50 186 73 1172 64 1514 768 60 283 4255 1614 515
internal_value=-8.55773e-05 -0.000505585 -3.17909e-05 -0.000198335 8.27825e-06 0.000134203 0.000790877 0.0102174 9.18956e-06 0.0285766 0.000564663 0.00294798 -0.000145662 3.99511e-05 0.00304943 -0.00107509 0.00405315 0.00883495 0.0224775 0.00380399 9.76231e-05 0.00155203 0.008125 0.000757116 0.00302444 0.0228226 0.00300562 0.00136196 0.000407586 0.00708106
internal_weight=290268 32952 257316 128445 96021 128871 20610 483 108261 137 20127 346 81937 63701 2994 586 2408 412 111 301 104431 4449 480 3969 2455 124 356 9211 4956 1283
internal_count=290268 32952 257316 128445 96021 128871 20610 483 108261 137 20127 346 81937 63701 2994 586 2408 412 111 301 104431 4449 480 3969 2455 124 356 9211 4956 1283
is_linear=0
shrinkage=0.05


Tree=121
num_leaves=31
num_cat=0
split_feature=18 23 16 20 13 17 17 21 13 17 17 16 3 13 9 0 17 15 20 14 15 9 23 3 20 23 23 17 23 23
split_gain=2.65776 2.57426 2.6387 2.58955 3.78402 4.76283 3.1401 2.85865 2.58162 2.44559 3.86125 3.57213 2.86534 2.67136 2.61305 2.78232 3.23209 3.53176 2.82489 2.57652 3.45907 2.5022 5.21596 6.23708 5.6766 17.1355 21.6636 4.63067 4.22899 5.94094
threshold=2.7350000000000008 0.9989598388634241 5.9500000000000011 298.90000000000003 2.4500000000000006 236.50000000000003 318.50000000000006 77.500000000000014 1.5500000000000003 214.50000000000003 305.50000000000006 19.150000000000002 4.8883333333333345 1.0000000180025095e-35 116.76194000244142 11.825000000000001 290.50000000000006 51.500000000000007 450.10000000000008 27.550000000000004 75.500000000000014 998.87963867187511 0.99349222267034787 8.4650000000000016 808.40000000000009 0.84199059757024453 0.82293497932636273 279.50000000000006 0.91852788691372023 0.98770287048522643
decision_type=2 2 2 8 2 2 2 10 2 2 2 2 2 2 2 2 2 2 10 2 2 2 2 2 8 2 2 2 2 2
left_child=-1 2 -2 4 5 8 -5 -8 -3 19 11 13 -13 14 15 16 17 18 -11 20 -4 -15 24 -24 28 26 -26 -28 -23 -30
right_child=1 3 9 6 -6 -7 7 -9 -10 10 -12 12 -14 21 -16 -17 -18 -19 -20 -21 -22 22 23 -25 25 -27 27 -29 29 -31
leaf_value=-0.0023186949434777053 -0.00094466488013766805 0.0025783563976710046 -0.0022251432293501892 -0.0036504936807899113 -0.00070225188467612249 -0.0030719117427761922 -0.0017546704346317291 0.0095317990000625928 0.0092256067663759548 0.0083926424923411371 -0.00037309881758559822 0.0052853704518408332 0.0036021694155697927 0.00024252666478457777 -0.00064006747775395437 0.0024893643220193808 0.00019677368063379335 0.0033606579145798246 0.0044877341146473326 -9.0118905516134115e-05 0.00010569858030608952 -0.00043845472820278655 0.0015278286082599599 0.010598498343086384 0.0026981002265436594 -0.0057569264219777053 0.014506515927559437 0.013719356242571307 0.003810106834786311 -0.0029300517254384987
leaf_weight=4649 18864 59 8979 2115 1304 70 359 95 65 64 33366 67 696 64677 770 863 198 204 153 138697 6666 4878 380 186 190 337 53 58 835 371
leaf_count=4649 18864 59 8979 2115 1304 70 359 95 65 64 33366 67 696 64677 770 863 198 204 153 138697 6666 4878 380 186 190 337 53 58 835 371
internal_value=-8.21322e-05 -6.28296e-05 -4.47887e-05 -0.00131178 0.000340453 0.00685567 -0.00227521 0.0014978 0.0127419 -3.76992e-06 0.000178316 0.000377433 0.00378113 0.000342441 0.00203819 0.00326586 0.00582391 0.00830166 0.0127419 -0.000131592 -0.000739854 0.000289376 0.00116767 0.00577738 0.000779529 0.00526646 0.0139369 0.0314865 0.000309006 0.0029602
internal_weight=290268 285619 281552 4067 1498 194 2569 454 124 262688 108346 74980 763 74217 2252 1482 619 421 217 154342 15645 71965 7288 566 6722 638 301 111 6084 1206
internal_count=290268 285619 281552 4067 1498 194 2569 454 124 262688 108346 74980 763 74217 2252 1482 619 421 217 154342 15645 71965 7288 566 6722 638 301 111 6084 1206
is_linear=0
shrinkage=0.05


Tree=122
num_leaves=31
num_cat=0
split_feature=22 22 23 22 24 24 3 22 17 23 9 24 3 18 13 9 24 24 24 24 4 22 22 16 22 22 22 4 15 9
split_gain=2.62736 3.6314 8.47765 4.47224 4.60619 5.91136 10.1392 6.98182 6.46203 5.79882 8.77209 5.09192 4.60704 4.47104 4.19855 3.79678 3.72947 3.34091 3.24069 6.35749 7.61544 5.87133 11.5938 6.85343 6.11327 6.51896 16.2486 18.5606 6.62563 4.85396
threshold=-0.99763297024448894 -0.98214942551678475 -0.15950993297387572 -0.98803845231459242 -0.22499999999999995 -0.58499999999999985 8.7250000000000032 -0.99275805973510278 233.50000000000003 0.063390085881955341 251.68961334228518 1.4950000000000003 7.9350000000000005 6.4450000000000012 8.2500000000000018 134.27038574218753 1.4950000000000003 1.4950000000000003 -0.43999999999999995 -0.089999999999999983 6.7150000000000007 0.21022171450811275 0.14250626876356556 9.1500000000000004 -0.97113884758256674 -0.78326540922535159 -0.79384350655589164 8.3250000000000011 70.500000000000014 998.87963867187511
decision_type=2 2 2 2 10 10 2 2 2 2 2 10 2 2 2 2 10 10 8 10 2 2 2 2 2 2 2 2 2 2
left_child=17 2 14 4 5 7 8 9 12 10 -4 -6 -7 -10 -2 16 -16 -1 21 20 -20 22 24 -24 -3 26 -26 -28 -27 -22
right_child=1 18 3 -5 11 6 -8 -9 13 -11 -12 -13 -14 -15 15 -17 -18 -19 19 -21 29 -23 23 -25 25 28 27 -29 -30 -31
leaf_value=-0.0044046317619221382 0.0038262038251595481 -0.0056648576669230495 0.0014519087627259345 -0.003810279320888735 -0.0042038299827132459 0.013362022050267664 0.0032427697851414514 -0.0060340879167842766 0.01020574530591558 -0.0017517379580393373 0.0055059998379807414 0.0029872548880560449 0.0053177883814807614 -0.0027000272901278395 0.011532386740363568 0.0038345897816423908 0.012105189380369117 0.0018479610152656919 0.0037070231864042309 -0.00026151958892100922 0.00028112690715169928 -0.0029711863990011037 0.00029832736195439536 0.0056117120606416875 0.00046476954124748197 -0.0019604894979408896 0.01261089046320276 0.0037169383576166498 0.00057243833721534905 0.0023628750216446266
leaf_weight=4752 1045 1782 427 1584 1980 137 1580 792 64 594 167 1980 84 115 230 232 77 1584 2012 158994 61101 7524 713 871 11484 16147 108 288 8009 3811
leaf_count=4752 1045 1782 427 1584 1980 137 1580 792 64 594 167 1980 84 115 230 232 77 1584 2012 158994 61101 7524 713 871 11484 16147 108 288 8009 3811
internal_value=-7.88594e-05 -5.63879e-05 0.000830627 0.000266203 0.000751261 0.00195707 0.00388889 2.52513e-05 0.011 0.00244949 0.00594276 -0.000454547 0.0167195 0.00393855 0.00421717 0.00780148 0.0114495 -0.00108586 -9.2435e-05 -1.39e-05 0.000394924 -0.000470529 -0.000226132 0.00396465 -0.000401662 -0.000260296 0.000698652 0.0106566 -0.00073191 0.000301022
internal_weight=290268 283932 11088 9504 7920 3960 1980 1980 400 1188 594 3960 221 179 1584 539 307 6336 272844 225918 66924 46926 39402 1584 37818 36036 11880 396 24156 64912
internal_count=290268 283932 11088 9504 7920 3960 1980 1980 400 1188 594 3960 221 179 1584 539 307 6336 272844 225918 66924 46926 39402 1584 37818 36036 11880 396 24156 64912
is_linear=0
shrinkage=0.05


Tree=123
num_leaves=31
num_cat=0
split_feature=5 22 21 23 24 9 3 0 16 15 17 22 21 1 21 22 24 22 23 3 24 22 22 9 22 23 22 19 15 1
split_gain=2.63552 2.45059 3.07004 5.38707 5.32527 7.31299 5.5555 4.6347 2.9469 2.9821 3.68956 5.61229 3.59804 3.1893 4.59962 2.65316 7.02087 13.7309 12.8479 10.293 7.55394 14.8121 10.2529 11.6379 7.37862 9.85227 8.06142 7.20351 6.3405 6.12512
threshold=3.0692857142857153 0.99700008544936913 21.900000000000002 0.04621408538533487 1.0000000180025095e-35 569.42919921875011 10.808333333333335 8.2850000000000019 8.6500000000000004 59.500000000000007 124.50000000000001 0.99865421017599998 21.900000000000002 8.2250000000000032 57.500000000000007 0.97508442350096236 0.36500000000000005 0.9962888416657264 0.19969739736768838 7.6000000000000005 0.095000000000000015 0.9916835347852474 0.97875492728876534 135.82037353515628 0.9893236546938301 0.097680735332368748 0.97696484778429815 8.1650000000000009 48.500000000000007 4.1850000000000014
decision_type=2 2 8 2 10 2 2 2 2 2 2 2 10 2 8 2 10 2 2 2 10 2 2 2 2 2 2 2 2 2
left_child=-1 15 -3 4 5 6 7 -4 -6 -10 11 12 -11 -13 -15 -2 20 18 -18 -20 24 22 -22 -24 26 -26 -17 -19 -25 -23
right_child=1 2 3 -5 8 -7 -8 -9 9 10 -12 13 -14 14 -16 16 17 27 19 -21 21 29 23 28 25 -27 -28 -29 -30 -31
leaf_value=-0.0043637544698164913 -0.00011218839067330489 -0.003329594726313348 0.0090501500051770635 -0.0053211572097568091 -0.0037556241901482035 -0.00026696628117789796 0.003915879144272172 0.015892025078685073 -0.0029019542735031155 0.010493333703436688 -0.00050585593716790517 0.00057011207934083859 0.0050675605848468606 -0.0021461056311258132 0.0097273842920390981 0.007854896198423578 -0.0032628294525014257 0.0082968543516270758 0.019962935093647903 0.0048025658836449367 -0.0025647867132935721 0.014051270893884402 0.0043179083295216674 -0.00084010219633731664 -0.0014816470247570441 0.0048794573658383035 -0.004181585798266556 -0.0038688341320791278 0.012917563804985557 -0.0020449687477022169
leaf_weight=1174 268504 3500 56 819 817 195 83 58 303 57 604 416 61 69 88 198 4554 291 58 140 396 50 925 93 1188 1188 2376 105 764 1138
leaf_count=1174 268504 3500 56 819 817 195 83 58 303 57 604 416 61 69 88 198 4554 291 58 140 396 50 925 93 1188 1188 2376 105 764 1138
internal_value=-8.04096e-05 -7.08086e-05 -0.000986529 3.30931e-05 0.0010741 0.00647959 0.0132741 0.0204386 0.000196686 0.00144556 0.00249035 0.00498553 0.0149153 0.00294066 0.00901274 -4.76662e-05 0.000637254 -0.00081391 -0.00155934 0.0109091 0.00153559 0.00336304 0.00581267 0.00742985 0.000292928 0.00230219 -0.00156177 0.00813131 0.0116278 -0.00112795
internal_weight=290268 289094 7126 3626 2807 392 197 114 2415 1598 1295 691 118 573 157 281968 13464 5148 4752 198 8316 3366 2178 1782 4950 2376 2574 396 857 1188
internal_count=290268 289094 7126 3626 2807 392 197 114 2415 1598 1295 691 118 573 157 281968 13464 5148 4752 198 8316 3366 2178 1782 4950 2376 2574 396 857 1188
is_linear=0
shrinkage=0.05


Tree=124
num_leaves=31
num_cat=0
split_feature=5 22 22 24 19 24 22 9 2 16 21 22 22 23 22 24 24 0 22 24 1 24 22 2 23 16 9 20 9 5
split_gain=2.54104 2.56266 2.62733 8.08081 6.88309 2.59316 7.77841 12.76 7.27624 2.54439 2.69065 2.42522 3.1676 8.0281 4.18541 4.26525 4.77261 10.7294 6.66969 4.73965 3.78963 4.5378 4.55808 3.5276 3.23236 6.34204 3.78828 3.19974 6.20876 4.80774
threshold=3.0692857142857153 0.99700008544936913 0.9962888416657264 0.36500000000000005 8.1650000000000009 1.0000000180025095e-35 0.99907018497641664 354.09144592285162 -1.679999999999999 8.5500000000000025 30.600000000000005 -0.99763297024448894 -0.98214942551678475 -0.15950993297387572 -0.98803845231459242 -0.22499999999999995 -0.58499999999999985 7.7250000000000005 -0.99467753128998015 -0.13999999999999999 18.355000000000004 -0.43999999999999995 -0.98523971305672675 -0.27999999999999842 0.063390085881955341 11.15 162.10600280761722 369.30000000000001 129.88130950927737 7.2907142857142864
decision_type=2 2 2 10 2 10 2 2 2 2 8 2 2 2 2 10 10 2 2 8 2 10 2 2 2 2 2 10 2 2
left_child=-1 2 11 -4 -5 6 -3 8 -8 -7 -11 -2 13 20 15 16 18 23 24 -17 21 22 -13 -18 25 26 -15 28 29 -23
right_child=1 5 3 4 -6 9 7 -9 -10 10 -12 12 -14 14 -16 19 17 -19 -20 -21 -22 27 -24 -25 -26 -27 -28 -29 -30 -31
leaf_value=-0.0041455667463256652 -0.0022870468381867683 -0.0036859438345741278 -0.0021025259956020167 0.0078820116340457321 -0.0036753924254751694 -0.0044913428225845445 0.0048257747841766287 0.00085013069880476063 0.015868654675116299 -0.0040071488994276663 0.00092240363998280853 -0.015337616084592821 -8.9414875427865705e-05 0.0025571325265310437 -0.0035728578223342467 -0.0039880290640439166 0.0067661054725753171 0.0033013389915548226 -0.0034972957013137914 0.0028435015631869112 -0.0089420377923417754 0.014019296729942489 0.0058450397984632953 0.012099339372176899 0.00021459193608840956 -9.2761881710318338e-05 0.005047289864979267 0.0062096899493769425 0.0033312279275463951 0.0090306908388963197
leaf_weight=1174 6336 792 396 291 105 2198 106 614 72 1751 1593 195 263808 130 1574 1980 205 1696 1159 1980 187 68 194 79 379 181 85 554 163 223
leaf_count=1174 6336 792 396 291 105 2198 106 614 72 1751 1593 195 263808 130 1574 1980 205 1696 1159 1980 187 68 194 79 379 181 85 554 163 223
internal_value=-8.05819e-05 -7.11545e-05 -4.74889e-05 0.00282828 0.00787879 -0.00100758 0.000776514 0.0042803 0.0160674 -0.0015175 -0.000648925 -5.55892e-05 -3.32933e-05 0.000796772 0.000244495 0.00071501 0.00188554 0.00361111 0.000118923 -0.00044192 0.00409091 0.00498568 0.000398456 0.0126056 0.00370968 0.00686869 0.0126744 0.00675595 0.00986784 0.014244
internal_weight=290268 289094 281968 792 396 7126 1584 792 178 5542 3344 281176 274840 11032 9448 7874 3914 1980 1934 3960 1584 1397 389 284 775 396 215 1008 454 291
internal_count=290268 289094 281968 792 396 7126 1584 792 178 5542 3344 281176 274840 11032 9448 7874 3914 1980 1934 3960 1584 1397 389 284 775 396 215 1008 454 291
is_linear=0
shrinkage=0.05


Tree=125
num_leaves=31
num_cat=0
split_feature=18 23 9 13 19 16 17 16 17 24 24 23 23 23 9 23 1 23 23 23 24 23 24 23 4 23 23 23 23 23
split_gain=2.38442 2.33053 2.56345 4.53752 2.50769 2.3762 2.28155 3.74664 3.59318 3.10999 7.31772 6.47745 8.50497 26.3499 14.9692 6.23904 5.72244 5.44671 4.08309 15.1731 3.77163 5.29535 5.39174 18.0058 8.50477 7.02734 6.74065 5.43757 5.30946 6.94001
threshold=2.7350000000000008 0.9989598388634241 998.87963867187511 7.1500000000000012 2.6550000000000007 5.9500000000000011 214.50000000000003 22.750000000000004 269.50000000000006 -0.43999999999999995 -0.40499999999999997 0.9863035000474919 0.91852788691372023 0.90438663683299525 998.87963867187511 -0.10837475778693638 9.2050000000000018 -0.3744658827978154 0.96633974041180493 0.92843842216862604 -0.27499999999999997 0.82777578779003613 -0.18999999999999997 0.82293497932636273 7.1550000000000011 0.75438814418115718 0.63089349388778826 0.6174544326165855 0.73136292505298039 0.75438814418115718
decision_type=2 2 2 2 2 2 2 2 2 8 10 2 2 2 2 2 2 2 2 2 10 2 10 2 2 2 2 2 2 2
left_child=-1 5 4 -4 -3 -2 -7 8 -8 17 11 12 13 15 -15 -11 -13 -10 19 20 -12 22 24 26 25 -22 27 -24 -26 -30
right_child=1 2 3 -5 -6 6 7 -9 9 10 18 16 -14 14 -16 -17 -18 -19 -20 -21 21 -23 23 -25 28 -27 -28 -29 29 -31
leaf_value=-0.0021619033972511909 -0.00088704752295158716 0.0058481957188600024 0.0087803669197266225 0.00038785666666106105 -0.0021784041990669635 -0.00018337089750157911 0.00064695408365394839 0.0051401662864178216 0.011525978745452088 0.0047988770977850153 -0.0021938518452568842 0.0022765793857747857 -0.0029120939090429209 0.010034895674196494 0.0031841445893029739 -0.0075180639287250484 0.010669878648814175 -0.0011813237673559877 -0.0030017052142351426 0.0034420354088718127 0.011028408141364882 -0.0036820472804011692 -8.9120352716094115e-06 0.01204139828837103 6.0566473445511578e-05 0.00014624895219487308 -0.0044606265653206892 0.011239761224895953 0.0093336671615534793 0.0023154827924280401
leaf_weight=4649 18864 53 51 318 3645 154342 45690 82 121 848 4974 307 971 144 152 455 231 15650 2776 2127 145 2104 24142 106 3501 95 1853 122 434 1316
leaf_count=4649 18864 53 51 318 3645 154342 45690 82 121 848 4974 307 971 144 152 455 231 15650 2776 2127 145 2104 24142 106 3501 95 1853 122 434 1316
internal_value=-8.02374e-05 -6.19544e-05 -0.00125031 0.00272358 -0.00164684 -4.47887e-05 -5.86366e-06 0.00017001 0.000161918 -8.42215e-05 0.000120397 0.00246461 0.00142023 0.00366166 0.0171284 0.000602455 0.00745353 -0.00069146 -4.63452e-05 7.95462e-05 -0.000145908 4.31711e-05 0.000204325 -9.40026e-05 0.00162903 0.0108333 -0.000177472 4.45092e-05 0.00120834 0.00345714
internal_weight=290268 285619 4067 369 3698 281552 262688 108346 108264 62574 46803 3108 2570 1599 296 1303 538 15771 43695 40919 38792 33818 31714 26223 5491 240 26117 24264 5251 1750
internal_count=290268 285619 4067 369 3698 281552 262688 108346 108264 62574 46803 3108 2570 1599 296 1303 538 15771 43695 40919 38792 33818 31714 26223 5491 240 26117 24264 5251 1750
is_linear=0
shrinkage=0.05


Tree=126
num_leaves=31
num_cat=0
split_feature=22 24 22 22 16 9 24 23 22 1 22 9 22 24 22 22 9 3 22 22 16 23 21 23 24 13 18 22 22 9
split_gain=2.49202 2.69856 5.58168 10.3693 5.53534 4.93829 5.78441 6.68554 16.476 6.91975 4.78487 10.9422 4.24585 4.84769 13.3353 9.37438 6.98003 5.17301 4.55867 4.661 6.0667 4.16252 5.92675 5.79895 17.9129 9.53153 5.63859 7.84483 4.92941 4.14587
threshold=0.99700008544936913 -0.43999999999999995 0.21022171450811275 0.14250626876356556 9.1500000000000004 744.82418823242199 1.8750000000000002 0.82293497932636273 0.55656748448714433 5.1050000000000013 0.49812943072827093 654.16970825195324 -0.99630266176052629 -0.42499999999999993 -0.94705910369513524 -0.95754239937548935 114.08300018310548 8.6116666666666699 -0.98803845231459242 -0.97113884758256674 6.6500000000000012 0.60383265664488517 1.0000000180025095e-35 0.57605713708605399 -0.22499999999999995 12.550000000000002 4.3250000000000011 0.84313847884979054 0.57077594689671507 902.01257324218761
decision_type=2 8 2 2 2 2 10 2 2 2 2 2 2 8 2 2 2 2 2 2 2 2 10 2 10 2 2 2 2 2
left_child=1 2 3 -1 -5 12 7 21 -9 -10 -4 -12 -3 14 15 16 18 -17 -14 20 -20 22 26 -24 -25 -26 27 -7 -23 -6
right_child=-2 5 10 4 29 6 -8 8 9 -11 11 -13 13 -15 -16 17 -18 -19 19 -21 -22 28 23 24 25 -27 -28 -29 -30 -31
leaf_value=-0.00041889777849244894 -0.0014485103690795361 -0.0027603301719515728 -0.0034803820314756777 0.00029435574747020281 0.0066269598311810996 0.010744505501643742 -0.0038599010829936109 0.0020604306154089233 0.0021007487502193792 0.011629422133389314 0.0048518707514047269 -0.004759116459181886 0.0027082600825096238 -5.6769110454865907e-05 -0.0029812136109786274 0.011590662146026734 -0.0013334299358646858 0.0027691541427550797 0.020964243952490032 0.0027123766420154428 0.0066204858129561006 0.012492429047060246 0.00032880522465700106 -0.011790497270390363 0.011826029089508481 0.0039263854574545917 0.0031671006333923247 0.0031318190776051611 -0.0022258669145432545 -0.00012345427771934264
leaf_weight=44352 7128 4752 7128 713 691 87 1302 2633 71 171 164 232 750 206386 2178 285 717 105 50 248 413 85 6496 207 111 111 651 71 1800 180
leaf_count=44352 7128 4752 7128 713 691 87 1302 2633 71 171 164 232 750 206386 2178 285 717 105 50 248 413 85 6496 207 111 111 651 71 1800 180
internal_value=-7.83426e-05 -5.50976e-05 -0.000375048 -0.000168279 0.00380682 1.93736e-05 0.000936502 0.00126701 0.00338261 0.0158678 -0.00163743 0.00371212 -3.92352e-05 -5.96902e-06 0.00157396 0.0040148 0.00273645 0.0111538 0.00471937 0.0075879 0.0105508 0.00063468 0.00114818 0.000675089 0.00630536 0.0161712 0.00519777 0.0136709 -0.00147215 0.00648106
internal_weight=290268 283140 53460 45936 1584 229680 13796 12494 2875 242 7524 396 215884 211132 4746 2568 2178 390 1461 711 463 9619 7734 6925 429 222 809 158 1885 871
internal_count=290268 283140 53460 45936 1584 229680 13796 12494 2875 242 7524 396 215884 211132 4746 2568 2178 390 1461 711 463 9619 7734 6925 429 222 809 158 1885 871
is_linear=0
shrinkage=0.05


Tree=127
num_leaves=31
num_cat=0
split_feature=15 14 23 23 24 4 22 22 24 24 4 22 0 23 24 22 24 2 22 23 15 16 22 23 24 1 17 22 22 16
split_gain=2.4049 6.72029 5.47078 6.33292 4.60314 4.62957 4.68607 21.0646 22.6385 10.1234 9.07758 6.98546 7.11457 6.74658 6.53886 5.98289 17.8474 5.80806 5.08113 4.98663 7.5232 6.50312 6.06176 5.2212 6.78146 7.53361 5.16263 4.61439 18.877 12.0416
threshold=65.500000000000014 30.150000000000002 0.68274389090025245 0.73136292505298039 0.24500000000000002 102.57500000000002 -0.42180583328916638 -0.41398024697495356 -0.42499999999999993 -0.18999999999999997 7.2150000000000007 -0.35846811432664222 7.4450000000000012 -0.039769286347669845 -0.65999999999999981 -0.52766804058324157 -0.34499999999999992 1.3900000000000017 -0.51297808981038739 -0.20180761162458913 90.500000000000014 9.8500000000000032 0.91596454896554913 0.98174098242282837 -0.49499999999999994 1.9350000000000003 145.50000000000003 -0.73866753694953124 -0.79384350655589164 11.750000000000002
decision_type=2 2 2 2 10 2 2 2 10 8 2 2 2 2 10 2 10 2 2 2 2 2 2 2 10 2 2 2 2 2
left_child=1 -1 -3 -4 5 6 9 8 10 13 -8 12 -9 27 -15 -16 18 -10 -17 20 22 -22 26 24 25 -21 -13 28 -2 -30
right_child=4 2 3 -5 -6 -7 7 11 17 -11 -12 19 -14 14 15 16 -18 -19 -20 23 21 -23 -24 -25 -26 -27 -28 -29 29 -31
leaf_value=-0.0011824666206790334 0.0014671948328428025 0.00024665410340988868 -0.0054177572529417323 -0.00055822931399512725 -0.00038669916104191343 0.013989426750326937 0.005756184250215326 0.0062644145557818904 0.0046250092809975466 -0.0030840827179104725 -0.0051611465848853235 0.0017246401967564923 0.0007941632580342015 -0.0021495186602516897 -1.2269429634605013e-05 0.010194203244283682 0.0091962503875882805 0.011032164094022821 -0.0014566119464059311 0.0041711899389428207 0.010678954293185184 -0.0087532349920335286 0.0070508029192355871 0.0015370797855641287 9.154009806451943e-05 -0.0039633991876132568 -0.00027141927308641569 -0.001323403367174287 0.0055957332178951736 0.012639660755174219
leaf_weight=32440 6132 84019 2462 20740 55796 283 53 674 65 6197 213 6567 950 8744 10598 186 475 120 1216 340 275 79 1463 7625 26231 4820 8910 1964 503 128
leaf_count=32440 6132 84019 2462 20740 55796 283 53 674 65 6197 213 6567 950 8744 10598 186 475 120 1216 340 275 79 1463 7625 26231 4820 8910 1964 503 128
internal_value=-7.54143e-05 -0.000224867 -3.40897e-05 -0.000713733 6.31765e-05 0.000275231 0.000256113 0.000533098 0.0112971 -0.000191325 0.00195489 0.000449303 0.00368226 0.00018934 -0.000291957 0.000442885 0.00304475 0.0247297 0.000206846 0.000356063 0.0010628 0.00827683 0.000912041 4.28018e-05 -0.000242268 -0.00189923 0.000621243 0.00135957 0.00197915 0.0102139
internal_weight=290268 139661 107221 23202 150607 94811 94528 58385 451 36143 266 57934 1624 29946 21219 12475 1877 185 1402 56310 17294 354 16940 39016 31391 5160 15477 8727 6763 631
internal_count=290268 139661 107221 23202 150607 94811 94528 58385 451 36143 266 57934 1624 29946 21219 12475 1877 185 1402 56310 17294 354 16940 39016 31391 5160 15477 8727 6763 631
is_linear=0
shrinkage=0.05


Tree=128
num_leaves=31
num_cat=0
split_feature=22 23 24 18 18 4 3 21 24 16 15 1 20 17 22 24 19 18 1 18 5 23 22 22 24 24 22 23 0 23
split_gain=2.24636 2.75148 8.19156 3.76132 4.24736 4.91664 5.65385 3.60001 3.50379 3.1755 2.94487 2.91213 3.25293 2.43278 2.30353 7.48611 5.85236 2.44133 3.20065 2.24581 3.20774 3.58403 2.37823 2.87467 9.8645 9.82479 10.0987 9.77335 9.01307 6.78677
threshold=0.99700008544936913 0.04621408538533487 1.0000000180025095e-35 6.1250000000000009 9.8150000000000031 10.525 8.8750000000000018 30.600000000000005 -0.029999999999999995 8.6500000000000004 59.500000000000007 6.995000000000001 159.70000000000002 108.50000000000001 0.9962888416657264 0.36500000000000005 8.1650000000000009 4.9150000000000009 4.6150000000000011 3.2350000000000008 8.2678571428571459 0.9863035000474919 0.99466373373798567 0.97508442350096236 0.36500000000000005 0.095000000000000015 0.9893236546938301 0.19969739736768838 7.0150000000000006 0.14888728888808328
decision_type=2 2 10 2 2 2 2 8 10 2 2 2 10 2 2 10 2 2 2 2 2 2 2 2 10 10 2 2 2 2
left_child=14 2 3 -2 5 -5 -7 -4 -8 -9 -11 -12 13 -13 19 -16 17 18 -17 20 -1 -22 23 -21 25 26 -25 -26 -29 -27
right_child=1 -3 7 4 -6 6 8 9 -10 10 11 12 -14 -15 15 16 -18 -19 -20 22 21 -23 -24 24 27 29 -28 28 -30 -31
leaf_value=-0.0017584425341884828 -0.0030632728826472211 -0.0040082095991417453 -0.0041436014030905941 -3.8666620881511432e-05 0.0004290145380746363 0.012725380767737224 0.0049273281528662482 -0.0032558167321439686 0.0071379596909724868 -0.0026151461661779573 0.0003893590909464415 0.0073630327719375142 0.0020716905282765867 0.0023325335986254998 -0.0020075739864297945 0.0059148766288567899 -0.0034685996615511729 0.0089929606789509037 -0.00014955836290957931 -7.8091899248720079e-05 0.0015483250129891717 0.010157777877146196 -0.0025796136829593108 -0.0024381868424634395 -0.0025475098672548941 0.0037461384557436711 0.0037828705101725004 0.018893991737403019 0.0064029768739639094 0.010233505077019579
leaf_weight=8665 114 1584 2778 119 247 96 137 679 79 260 560 117 297 61 396 57 105 157 77 260699 578 52 1558 2454 3826 1970 1557 50 148 791
leaf_count=8665 114 1584 2778 119 247 96 137 679 79 260 560 117 297 61 396 57 105 157 77 260699 578 52 1558 2454 3826 1970 1557 50 148 791
internal_value=-7.5931e-05 -0.000952583 -0.00042749 0.0042803 0.00569321 0.00868909 0.0119872 -0.00121212 0.0075 0.000420465 0.00187259 0.00306763 0.00594737 0.0112921 -5.38615e-05 0.00263889 0.0075 0.0111512 0.00619403 -6.14148e-05 -0.000825714 0.00261905 -3.53973e-05 -2.42189e-05 0.000775286 0.00194034 0.000360258 -0.00118539 0.00964646 0.00423578
internal_weight=290268 7128 5544 792 678 431 312 4752 216 1974 1295 1035 475 178 283140 792 396 291 134 282348 9295 630 273053 271495 10796 6772 4011 4024 198 2761
internal_count=290268 7128 5544 792 678 431 312 4752 216 1974 1295 1035 475 178 283140 792 396 291 134 282348 9295 630 273053 271495 10796 6772 4011 4024 198 2761
is_linear=0
shrinkage=0.05


Tree=129
num_leaves=31
num_cat=0
split_feature=9 15 24 22 22 23 13 5 4 23 24 22 3 15 23 17 5 21 20 1 22 22 4 22 22 23 22 22 5 23
split_gain=2.31663 4.38685 4.16589 5.51667 4.2822 4.06633 4.13364 3.6034 3.545 3.53905 4.52159 19.6519 7.85718 6.71655 5.3074 3.67106 4.42594 3.25048 2.96628 2.91046 3.04469 8.17917 5.62068 4.21365 6.30425 3.4125 25.6641 15.849 3.53821 2.92994
threshold=73.335582733154311 64.500000000000014 0.24500000000000002 -0.99763297024448894 -0.99985146406598202 0.98770287048522643 4.2500000000000009 14.760714285714288 13.325000000000001 0.14888728888808328 0.095000000000000015 0.98372640911059162 7.9666666666666677 82.500000000000014 0.28313308994381592 299.50000000000006 7.3507142857142878 102.50000000000001 685.70000000000016 6.8350000000000009 -0.63921128368950708 -0.67803021058859214 8.1750000000000025 -0.35041564478062465 -0.108376950152639 0.19969739736768838 0.92602006027323147 0.93237596376505805 7.0521428571428588 0.82293497932636273
decision_type=2 2 10 2 2 2 2 2 2 2 10 2 2 2 2 2 2 10 10 2 2 2 2 2 2 2 2 2 2 2
left_child=-1 5 3 -3 -4 6 8 9 17 -5 14 12 13 15 -11 -12 -17 -2 -16 20 21 -6 -23 -22 -25 -26 -27 -28 -29 -21
right_child=1 2 4 7 19 -7 -8 -9 -10 10 11 -13 -14 -15 18 16 -18 -19 -20 29 23 22 -24 24 25 26 27 28 -30 -31
leaf_value=0.0002312828250422872 0.00066923384858171855 -0.0060815493068498367 0.0085010897270375533 0.00078046308115430269 -6.8447800098401273e-05 -0.0025101312223731144 -0.0011735859935200798 0.0022754970998873515 -0.0010462821360761063 -0.0032753847752550018 0.0025328734861102134 0.015616702336783722 -0.0030603719474164856 0.016037474323164352 -2.3931257765131117e-05 0.0076238615602241978 0.0022158985295030894 -0.0030581997409590226 0.0049099296388064942 -0.00030984120933606253 -0.0052460932630693348 0.0047942479825012286 0.010556975431696229 0.002108227275612579 -0.002135219419289759 -0.0015169721324095283 0.011457164798806657 0.002803246192700701 0.014367997253773739 0.0017116683174216709
leaf_weight=83191 20212 1929 116 29887 1508 4695 35853 5561 10228 3966 439 86 829 79 44286 57 59 1140 73 21701 1578 123 97 1530 12194 5621 105 247 55 2823
leaf_count=83191 20212 1929 116 29887 1508 4695 35853 5561 10228 3966 439 86 829 79 44286 57 59 1140 73 21701 1578 123 97 1530 12194 5621 105 247 55 2823
internal_value=-7.3864e-05 -0.000163395 4.85249e-06 0.000210254 -0.000370876 -0.000478179 -0.000379118 0.000270035 3.79975e-05 0.000184237 -7.35866e-05 0.00258554 0.00122009 0.00541009 -0.000158822 0.00346847 0.0113793 0.000404645 -2.14281e-06 -0.000394268 -0.000797555 0.00122106 0.0102273 -0.000961089 -0.000762456 -0.00102129 -4.811e-05 0.0120762 0.00625828 -1.50885e-05
internal_weight=290268 207077 134949 87251 47698 72128 67433 85322 31580 79761 49874 1549 1463 634 48325 555 116 21352 44359 47582 23058 1728 220 21330 19752 18222 6028 407 302 24524
internal_count=290268 207077 134949 87251 47698 72128 67433 85322 31580 79761 49874 1549 1463 634 48325 555 116 21352 44359 47582 23058 1728 220 21330 19752 18222 6028 407 302 24524
is_linear=0
shrinkage=0.05


Tree=130
num_leaves=31
num_cat=0
split_feature=8 21 4 22 23 22 21 24 22 24 14 22 3 22 3 23 20 4 13 0 21 20 24 4 22 22 22 23 23 24
split_gain=2.20504 2.44845 2.66746 2.23594 2.19181 7.24017 10.0863 8.38552 4.88157 9.37293 12.9931 8.48887 5.70205 7.51128 5.55179 4.53355 18.0094 8.7904 7.48495 5.49346 4.54737 4.08484 6.73946 8.32235 15.3287 11.9854 5.88707 4.73569 4.84135 6.14921
threshold=11.500000000000002 262.50000000000006 11.825000000000001 -0.79384350655589164 -0.46039597980994923 -0.8041866928211282 21.900000000000002 1.3150000000000002 -0.84315017450793706 -0.27499999999999997 31.450000000000003 -0.82415615971448097 7.9666666666666677 -0.86976336936302323 31.873333333333338 -0.39827153806311183 1.0000000180025095e-35 7.0850000000000009 5.9500000000000011 4.5550000000000006 16.900000000000002 473.00000000000006 1.4950000000000003 8.8350000000000026 -0.082689790342551819 -0.13398594226331254 -0.75015329512557205 -0.99465740988130902 -0.97507822412530132 -0.089999999999999983
decision_type=2 10 2 2 2 2 10 10 2 10 2 2 2 2 2 2 10 2 2 2 10 10 8 2 2 2 2 2 2 10
left_child=4 2 3 -2 5 6 7 8 12 10 11 14 13 -1 -10 16 17 18 -6 -20 -17 22 27 24 25 -24 -25 -7 -29 -30
right_child=1 -3 -4 -5 15 21 -8 -9 9 -11 -12 -13 -14 -15 -16 20 -18 -19 19 -21 -22 -23 23 26 -26 -27 -28 28 29 -31
leaf_value=0.011045237599756976 0.038734815284811389 -0.005071673939152822 0.0036833291963859639 0.0040061014182363177 0.0056220446406962414 -0.0018093290082860617 -0.00044109795473082342 0.0093450658311220024 0.034673883919066464 0.0023563482926634658 0.0024363851595097545 0.01878829988259564 -0.0009735832588307165 -0.0016215361613108844 0.016123125699832534 -0.00056377507392521608 -0.0058079085006074544 0.0020178689528535508 0.011400619090271543 0.014597170584613229 0.0001396357179948564 -0.0013690606736271611 0.014102320068932084 -0.01256955153350001 -0.0040632269023329918 0.020569463256521467 0.0023586547518156665 0.0011770121207894777 0.0018363313145782904 -0.00036792667994541077
leaf_weight=213 53 442 2867 64 111 7824 3382 734 53 773 175 100 1485 169 50 94374 5506 528 51 102 87761 9913 149 525 218 81 6108 9149 7045 50263
leaf_count=213 53 442 2867 64 111 7824 3382 734 53 773 175 100 1485 169 50 94374 5506 528 51 102 87761 9913 149 525 218 81 6108 9149 7045 50263
internal_value=-7.30027e-05 0.00118797 0.00170241 0.00910256 -8.80636e-05 0.000103191 0.00163723 0.00342217 0.00225646 0.00481755 0.0112698 0.0198768 0.000677556 0.00612565 0.0299515 -0.000187946 -0.00150683 0.00554293 0.0129924 0.0201634 -0.000142341 -1.67089e-05 0.000100046 0.00157393 0.00816964 0.0171739 0.00112845 -4.04557e-05 9.65274e-05 -7.39874e-05
internal_weight=290268 3426 2984 117 286842 98409 7134 3752 3018 1151 378 203 1867 382 103 188433 6298 792 264 153 182135 91275 81362 7081 448 230 6633 74281 66457 57308
internal_count=290268 3426 2984 117 286842 98409 7134 3752 3018 1151 378 203 1867 382 103 188433 6298 792 264 153 182135 91275 81362 7081 448 230 6633 74281 66457 57308
is_linear=0
shrinkage=0.05


Tree=131
num_leaves=31
num_cat=0
split_feature=22 23 24 18 18 5 3 21 24 2 22 24 16 18 16 15 16 15 24 22 14 15 14 5 24 23 22 22 20 22
split_gain=2.21318 2.58602 7.78863 3.64914 4.01107 4.02857 6.9063 3.17279 2.85362 2.80779 2.41219 7.68182 4.26902 3.17696 2.36472 2.27198 2.33658 2.30549 2.2424 5.61103 4.86265 2.94307 3.56678 3.94997 2.95804 4.66925 4.57079 16.8295 4.82113 4.37234
threshold=0.99700008544936913 0.04621408538533487 1.0000000180025095e-35 6.1250000000000009 9.8150000000000031 8.1421428571428596 8.8750000000000018 21.900000000000002 -0.029999999999999995 -1.6400000000000001 0.9962888416657264 0.36500000000000005 12.450000000000001 9.2050000000000018 10.950000000000001 84.500000000000014 8.7500000000000018 59.500000000000007 -0.77999999999999992 -0.61237985104942771 29.650000000000002 77.500000000000014 28.950000000000003 16.089285714285719 -0.089999999999999983 -0.45273527932988084 -0.26866367175705824 -0.30163705152652742 351.60000000000008 0.48314048284850658
decision_type=2 2 10 2 2 2 2 8 10 2 2 10 2 2 2 2 2 2 8 2 2 2 2 2 10 2 2 2 10 2
left_child=10 2 3 -2 5 -5 -7 -4 9 -8 18 -12 13 14 -13 16 -9 -18 19 20 -1 22 23 24 25 26 27 -20 -29 -27
right_child=1 -3 7 4 -6 6 8 15 -10 -11 11 12 -14 -15 -16 -17 17 -19 21 -21 -22 -23 -24 -25 -26 29 -28 28 -30 -31
leaf_value=-0.0015956801830742118 -0.0029182441509580073 -0.0038256128085883395 -0.0040736582279044574 0.0017445751252154454 0.00036155887121344264 0.013803560658189749 -0.002877456667334325 -0.0031863168721115117 0.0066819173600394192 0.0080877787544673032 -0.0018810994115234993 0.0072387423760512772 -0.0039556707063454679 -0.0038336575675408553 0.0071785380631586519 0.004916295695997587 -0.0029176900883646339 0.0020768994978480897 0.002720148424689043 -0.0046680979841479927 0.00072676561400704604 0.0005717739998380558 2.033871359447511e-05 0.0026964223528775002 -0.0013422453280777782 -0.0012409741293171483 -0.0040524897859456292 0.016852337792058362 0.010112442147755623 0.0010457516273786227
leaf_weight=7726 114 1584 2335 152 247 68 72 835 80 59 396 216 76 52 52 62 296 1224 1969 1584 7520 29610 187032 2495 25507 13824 623 63 55 4340
leaf_count=7726 114 1584 2335 152 247 68 72 835 80 59 396 216 76 52 52 62 296 1224 1969 1584 7520 29610 187032 2495 25507 13824 623 63 55 4340
internal_value=-7.54143e-05 -0.000945568 -0.000436509 0.00415404 0.00554572 0.00845708 0.0120251 -0.0012016 0.00755924 0.00301527 -5.35083e-05 0.00270202 0.00762626 0.0101562 0.0123507 6.82653e-05 -0.000180468 0.000986841 -6.12377e-05 -0.000620916 -0.000326644 -2.57622e-05 -8.47376e-05 -0.000465056 -0.000569308 -0.000127912 0.00180812 0.00293004 0.0212712 -0.00041676
internal_weight=290268 7128 5544 792 678 431 279 4752 211 131 283140 792 396 320 268 2417 2355 1520 282348 16830 15246 265518 235908 48876 46381 20874 2710 2087 118 18164
internal_count=290268 7128 5544 792 678 431 279 4752 211 131 283140 792 396 320 268 2417 2355 1520 282348 16830 15246 265518 235908 48876 46381 20874 2710 2087 118 18164
is_linear=0
shrinkage=0.05


Tree=132
num_leaves=31
num_cat=0
split_feature=22 19 1 16 21 13 15 17 22 14 17 13 15 23 14 21 22 22 17 17 5 19 0 18 14 23 22 2 5 22
split_gain=2.21932 2.16835 3.09134 3.37772 2.42616 3.05515 4.93714 2.53471 2.08998 5.67795 3.05018 2.1398 3.25211 4.91036 4.23755 4.43654 3.81188 8.01967 6.02158 5.15983 3.42055 5.57539 3.80575 4.71418 3.76195 3.62285 13.6467 8.94035 3.65636 5.13185
threshold=0.99700008544936913 11.745000000000003 6.1150000000000011 10.15 122.50000000000001 16.450000000000003 59.500000000000007 74.500000000000014 0.9962888416657264 31.850000000000005 90.500000000000014 1.0000000180025095e-35 65.500000000000014 0.99349222267034787 30.150000000000002 21.900000000000002 0.97112537654464559 0.98372640911059162 214.50000000000003 289.50000000000006 8.1421428571428596 6.4850000000000012 6.5750000000000011 4.4850000000000012 32.350000000000001 0.90438663683299525 -0.40614700388750385 1.9200000000000004 52.487142857142864 -0.92274349529687905
decision_type=2 2 2 2 8 2 2 2 2 2 2 2 2 2 2 8 2 2 2 2 2 2 2 2 2 2 2 2 2 2
left_child=8 2 -2 -4 -5 6 -6 -8 11 -10 -11 -1 13 14 15 16 -13 18 -18 -20 24 22 -22 -24 -14 28 27 -27 -23 -30
right_child=1 -3 3 4 5 -7 7 -9 9 10 -12 12 20 -15 -16 -17 17 -19 19 -21 21 25 23 -25 -26 26 -28 -29 29 -31
leaf_value=0.00070046794108147813 -0.0029532698808131339 -0.0041848145181473942 -0.00095281704325447499 0.0016244136579764571 -0.0015433026882215812 -0.0061276584398183807 0.0080082353393128077 0.0037482429018725078 0.00084439071564065815 0.0094768844804765332 0.003239902986990997 -0.0008163415463905881 -0.00021086196757686784 -0.0025049698506560878 -6.9425938066761632e-05 -0.0026690938138717833 0.0028840846587887574 -0.00069145181599496262 0.012574188705296467 0.0084383738678031946 -7.5346186882607445e-05 -0.0001691710965560884 0.0050156049504946724 0.0017839411994593928 0.0079022935322979136 0.0027773985072823389 0.00095590854507625062 0.011184325559347326 0.023041221433544382 0.00012430415634671752
leaf_weight=14248 1905 1080 2558 1310 60 75 78 62 668 53 71 20790 77033 4578 89556 6830 181 717 95 96 4839 45433 908 10735 160 76 5690 80 119 184
leaf_count=14248 1905 1080 2558 1310 60 75 78 62 668 53 71 20790 77033 4578 89556 6830 181 717 95 96 4839 45433 908 10735 160 76 5690 80 119 184
internal_value=-7.42085e-05 -0.000945568 -0.000577051 0.000189475 0.00200315 0.00627273 0.0095 0.0146429 -5.22722e-05 0.00251263 0.0123387 -5.94668e-05 -9.11985e-05 -0.000280563 -0.000218367 -0.000746979 -0.0003997 0.00248393 0.00844086 0.0146335 6.89456e-05 0.000327338 0.0011279 0.00161771 -0.000158889 7.15354e-05 0.00124358 0.0158333 -7.82765e-05 0.00539604
internal_weight=290268 7128 6048 4143 1585 275 200 140 283140 792 124 282348 268100 122843 118265 28709 21879 1089 372 191 145257 68064 16482 11643 77193 51582 5846 156 45736 303
internal_count=290268 7128 6048 4143 1585 275 200 140 283140 792 124 282348 268100 122843 118265 28709 21879 1089 372 191 145257 68064 16482 11643 77193 51582 5846 156 45736 303
is_linear=0
shrinkage=0.05


Tree=133
num_leaves=31
num_cat=0
split_feature=9 22 22 23 20 24 13 16 17 2 9 24 22 22 1 24 0 22 23 2 16 22 5 22 24 23 13 22 22 1
split_gain=2.01968 3.08886 17.938 12.8653 10.4567 9.63708 9.10206 8.76556 7.94324 6.62957 7.31898 6.33228 7.62278 7.41753 6.50373 6.28222 5.90769 5.48096 4.9131 5.94905 6.68148 4.68281 4.46082 4.59726 4.35195 9.63691 4.19523 4.37321 4.91689 3.8425
threshold=73.335582733154311 -0.42180583328916638 -0.35846811432664222 -0.92272482904738262 275.50000000000006 -0.13999999999999999 15.250000000000002 8.6500000000000004 261.50000000000006 1.6800000000000002 998.87963867187511 -0.18999999999999997 -0.63921128368950708 -0.67803021058859214 5.9150000000000009 -0.65999999999999981 3.9350000000000005 -0.62588817255938378 0.75438814418115718 2.4200000000000017 8.9500000000000011 -0.36647417525074694 4.5235714285714304 -0.66528616069191593 -0.49499999999999994 0.95936279103287792 13.15 0.14250626876356556 0.19337368024598436 6.4750000000000005
decision_type=2 2 2 2 10 10 2 2 2 2 2 10 2 2 2 8 2 2 2 2 2 2 2 2 10 2 2 2 2 2
left_child=-1 11 3 4 -3 6 -5 21 16 10 -10 15 13 -13 18 17 -8 22 19 20 -15 -6 -2 -24 25 -4 27 -27 29 -29
right_child=1 2 24 5 7 -7 8 -9 9 -11 -12 12 -14 14 -16 -17 -18 -19 -20 -21 -22 -23 23 -25 -26 26 -28 28 -30 -31
leaf_value=0.00021000148824259587 -0.004682254622407369 0.010483296998563081 -0.0055424167406143299 0.001783508576813896 0.010493467754069119 -0.0032092624357994114 0.0066691848254163914 0.0016236916085566805 0.0032510823556415034 0.0092611669315045015 0.0095229030293244275 -0.0013551465307510462 -0.004664866340939355 0.0055573669394008776 0.00073131506051899798 0.00056947638974375319 0.000555840891941705 -0.0043246387255071383 -0.0091890034868942275 0.01609294395537305 0.011042533286746365 0.0049833756919886087 -0.00035813829376799521 0.0028023538939616639 -3.9101639781918481e-05 -0.0015130959147935325 0.0021514109313934241 9.0021046181181652e-05 -0.00098640416602937468 0.0082677529289738923
leaf_weight=83191 2492 154 4556 1495 86 1034 78 388 139 106 61 12692 5082 137 516 27873 312 2386 54 50 73 66 8952 470 129127 5244 2320 168 670 296
leaf_count=83191 2492 154 4556 1495 86 1034 78 388 139 106 61 12692 5082 137 516 27873 312 2386 54 50 73 66 8952 470 129127 5244 2320 168 670 296
internal_value=-7.23137e-05 -0.000155909 -3.14434e-05 0.00330569 0.00948127 0.00197674 0.0038544 0.0062037 0.00857759 0.0146078 0.00925 -0.000455519 -0.00122393 -0.000603462 0.0039759 -0.000116545 0.00384615 -0.000968533 0.00964968 0.0125 0.00880952 0.0163816 -0.00053047 -3.29029e-05 -0.000123297 -0.000986119 -1.03484e-05 -0.000672626 0.00214286 0.00609914
internal_weight=290268 207077 146300 3919 694 3225 2191 540 696 306 200 60777 18604 13522 830 42173 390 14300 314 260 210 152 11914 9422 142381 13254 8698 6378 1134 464
internal_count=290268 207077 146300 3919 694 3225 2191 540 696 306 200 60777 18604 13522 830 42173 390 14300 314 260 210 152 11914 9422 142381 13254 8698 6378 1134 464
is_linear=0
shrinkage=0.05


Tree=134
num_leaves=31
num_cat=0
split_feature=22 24 22 9 2 14 22 22 24 19 18 1 13 18 3 22 24 2 22 24 24 22 9 23 0 22 20 2 22 23
split_gain=1.98786 2.19481 6.31313 11.8055 6.10156 7.11404 2.31815 2.08796 6.3649 5.28274 2.8855 2.21361 2.12976 2.06836 2.25593 2.04679 2.82168 2.74506 2.37457 9.03412 9.39845 9.29108 9.24761 8.84504 8.53351 8.31984 7.6943 8.72031 10.4372 7.18184
threshold=0.99700008544936913 1.0000000180025095e-35 0.99907018497641664 504.91798400878912 0.054999999999997946 30.150000000000002 0.99966190462023474 0.9962888416657264 0.36500000000000005 8.1650000000000009 4.9150000000000009 4.6150000000000011 8.3500000000000032 2.7350000000000008 8.9916666666666689 0.99466373373798567 1.0000000180025095e-35 0.50000000000000033 0.97508442350096236 0.36500000000000005 0.095000000000000015 0.9893236546938301 135.82037353515628 0.19969739736768838 7.0150000000000006 0.97875492728876534 385.10000000000008 -0.12999999999999942 0.98213580174693105 0.14888728888808328
decision_type=2 10 2 2 2 2 2 2 10 2 2 2 2 2 2 2 10 2 2 10 10 2 2 2 2 2 10 2 2 2
left_child=7 2 -2 4 5 -4 -7 13 -9 10 11 -10 -12 14 -1 18 17 -17 -15 20 21 -20 -22 -21 -25 -24 27 28 -27 -30
right_child=1 -3 3 -5 -6 6 -8 8 9 -11 12 -13 -14 15 -16 16 -18 -19 19 23 22 -23 25 24 -26 26 -28 -29 29 -31
leaf_value=-0.002275403683471238 -0.0030310016977634583 -0.0019306634971433187 0.0079999232543924489 -0.00084654544322342062 0.013585374976326753 -0.0018741115412514806 0.0083738387584376441 -0.0018273088947402519 0.0053518809494792034 -0.0034390067827083873 0.010398383544440913 -0.00025792178195510558 0.0054009263912336014 -8.0363029135616977e-05 0.0083949559146999034 0.0035697525314111753 -0.004089642565884565 -0.003724219009662712 -0.0024280458584038252 -0.0024741947038439622 0.0019852025643739713 0.0037047552789573322 -0.0020416170980401801 0.017953776896776779 0.0061492962374900479 0.00033594479812419062 0.0037519545810552482 0.0091092483785551615 0.012235924533927392 0.017759200509303987
leaf_weight=4439 792 5544 52 503 73 112 52 396 57 105 87 77 70 265280 83 217 1184 179 2528 3899 1544 1573 218 50 148 54 316 451 108 77
leaf_count=4439 792 5544 52 503 73 112 52 396 57 105 87 77 70 265280 83 217 1184 179 2528 3899 1544 1573 218 50 148 54 316 451 108 77
internal_value=-7.17969e-05 -0.000896466 0.000744948 0.00390151 0.011955 0.00773148 0.00262195 -5.1036e-05 0.00251263 0.00699495 0.0104639 0.00507463 0.0150637 -5.82272e-05 -0.00111898 -4.09621e-05 -0.00183544 0.00181818 -3.06985e-05 0.000690314 0.00179866 0.000279199 0.00404985 -0.00116793 0.00914141 0.00729575 0.00921471 0.0121739 0.0198954 0.0255405
internal_weight=290268 7128 1584 792 289 216 164 283140 792 396 291 134 157 282348 4522 277826 1580 396 276246 10966 6869 4101 2768 4097 198 1224 1006 690 239 185
internal_count=290268 7128 1584 792 289 216 164 283140 792 396 291 134 157 282348 4522 277826 1580 396 276246 10966 6869 4101 2768 4097 198 1224 1006 690 239 185
is_linear=0
shrinkage=0.05


Tree=135
num_leaves=31
num_cat=0
split_feature=16 15 23 24 2 13 23 23 24 24 23 1 23 4 23 23 23 23 2 23 2 23 23 20 24 24 24 13 1 23
split_gain=1.92792 2.23275 4.80129 3.31558 3.84466 3.50682 3.52873 10.337 5.7114 6.41989 13.2546 8.05155 4.82031 3.76071 3.30713 3.07927 3.06448 11.1561 19.6967 7.59614 4.3157 4.28613 8.78148 12.6213 10.9023 11.8861 8.05495 7.9612 7.32826 3.23255
threshold=5.9500000000000011 65.500000000000014 0.99349222267034787 1.7100000000000002 1.1800000000000006 1.0000000180025095e-35 -0.8611288361322974 -0.80417042486635371 1.3150000000000002 0.89500000000000013 -0.85225707553516283 8.1850000000000005 -0.90892157495189674 38.115000000000002 0.99249573635719013 0.87709077819680659 0.90438663683299525 0.90803977035715633 1.3900000000000017 0.86869874770991873 2.8000000000000029 0.82293497932636273 0.82777578779003613 1.0000000180025095e-35 -0.24999999999999997 -0.49499999999999994 -0.24999999999999997 11.950000000000001 6.3550000000000013 0.85561368268953431
decision_type=2 2 2 10 2 2 2 2 10 10 2 2 2 2 2 2 2 2 2 2 2 2 2 10 10 10 10 2 2 2
left_child=-1 2 3 5 14 -2 12 8 9 -8 11 -11 -7 -10 -5 -9 19 18 -18 21 -20 -3 23 28 25 -24 27 -25 -23 -27
right_child=1 16 -4 4 -6 6 7 15 13 10 -12 -13 -14 -15 -16 -17 17 -19 20 -21 -22 22 24 26 -26 29 -28 -29 -30 -31
leaf_value=-0.00081740543155918693 0.00085481386525546553 2.0011224559847966e-05 -0.0022078891273954906 -0.00029048306261003095 0.0023368417822934584 -0.00070072291495612408 0.0027019952840369038 -0.00031177589922688119 -0.0061140553897577306 0.017921169730285444 0.0029026082495498574 0.0059504614028074833 -0.004403509825641954 0.014027346285920117 0.0073935256539130832 -0.0016520551992758254 0.001236102502319188 0.0005650182153893185 0.0070062364136984192 -0.0037569025839585841 0.0098020034721575822 0.0057844950604456647 -0.001330090249640258 0.0019450132381762274 -0.0046620362546148297 0.0029519942552313104 -0.0058518206149820728 0.0081338149547423889 0.012526941319060833 0.0070376221078510721
leaf_weight=19870 12052 106598 4729 9324 5758 12656 2802 72064 562 58 469 50 3731 50 51 9086 341 21083 83 4110 74 64 1198 82 1580 817 243 71 60 552
leaf_count=19870 12052 106598 4729 9324 5758 12656 2802 72064 562 58 469 50 3731 50 51 9086 341 21083 83 4110 74 64 1198 82 1580 817 243 71 60 552
internal_value=-6.81796e-05 -3.32485e-05 -0.000178805 -0.000121318 0.00057391 -0.000213947 -0.000309669 -0.000180349 0.00230393 0.00310891 0.00791161 0.0237037 -0.000981572 -0.00214052 -5.06679e-05 -0.000302527 0.000108574 0.000655436 0.00805221 6.28266e-06 0.022707 8.42571e-05 0.00156739 0.00769231 0.000799372 0.00281067 0.00333333 0.0123203 0.0216129 0.00599342
internal_weight=290268 270398 133442 128713 15133 113580 101528 85141 3991 3379 577 108 16387 612 9375 81150 136956 21581 498 115375 157 111265 4667 520 4147 2567 396 153 124 1369
internal_count=290268 270398 133442 128713 15133 113580 101528 85141 3991 3379 577 108 16387 612 9375 81150 136956 21581 498 115375 157 111265 4667 520 4147 2567 396 153 124 1369
is_linear=0
shrinkage=0.05


Tree=136
num_leaves=31
num_cat=0
split_feature=9 15 24 23 23 13 19 23 24 23 2 23 23 14 9 1 2 5 24 19 0 4 23 13 5 13 2 1 9 21
split_gain=1.90773 3.44236 3.54784 3.78615 6.92091 4.75226 4.14156 3.47136 6.47154 3.84392 4.53567 3.47486 6.89206 6.67837 5.60723 5.45871 3.61057 3.38052 5.16129 3.26755 3.39955 3.20581 3.23741 4.13388 3.12476 3.03705 3.47623 2.9687 3.90847 2.94298
threshold=73.335582733154311 64.500000000000014 0.24500000000000002 -0.25206183926700709 -0.28519997588938989 14.850000000000003 7.8950000000000005 0.74298546529340237 -0.42499999999999993 0.99981043035926087 0.70000000000000051 0.68274389090025245 0.65720762023595369 30.350000000000005 282.13146972656256 8.2650000000000023 0.16499999999999918 7.9535714285714292 1.0000000180025095e-35 4.9750000000000005 4.705000000000001 13.145000000000001 0.9863035000474919 5.5500000000000007 7.5292857142857166 12.050000000000002 -1.959999999999998 1.9350000000000003 569.42919921875011 102.50000000000001
decision_type=2 2 10 2 2 2 2 2 10 2 2 2 2 2 2 2 2 2 10 2 2 2 2 2 2 2 2 2 2 10
left_child=19 21 3 4 6 17 -3 11 9 24 25 12 -5 15 16 -14 -15 -6 -19 20 -1 22 23 29 27 26 -11 28 -9 -2
right_child=1 2 -4 7 5 -7 -8 8 -10 10 -12 -13 13 14 -16 -17 -18 18 -20 -21 -22 -23 -24 -25 -26 -27 -28 -29 -30 -31
leaf_value=-0.00079657923471560628 0.00060943893888716833 0.001580941601672564 -0.00047596373412036599 -0.00056873780363869643 0.0034675269610798445 0.00058108884178018929 -4.4409981144991086e-05 -0.0034444113084137573 0.0016093435714680878 0.011173217660423819 0.0099632033595349421 -0.0029223360535004014 -0.0026936634382479273 0.031849818482676165 0.00010970065659138933 0.007422324246308511 0.038249137522351817 0.0039178612291333294 0.015949350553943999 7.5016415376175365e-05 0.002806768527839705 -0.0014094096576878999 -0.0022287350920107865 -0.00087067193078320534 0.00071048449646497281 -0.0049499882356154141 -7.9968972833226184e-05 -0.0012513215052207009 0.0049245922953399732 -0.0028203020564564044
leaf_weight=1694 22681 11547 47698 28909 151 214 12764 160 11198 56 56 3184 649 72 77 453 77 103 89 77243 4254 21595 3989 22709 6647 132 60 10398 255 1154
leaf_count=1694 22681 11547 47698 28909 151 214 12764 160 11198 56 56 3184 649 72 77 453 77 103 89 77243 4254 21595 3989 22709 6647 132 60 10398 255 1154
internal_value=-6.88686e-05 -0.000150114 -1.07567e-06 0.000188478 0.000710148 0.00622082 0.000583891 -1.94777e-05 0.000381188 -0.000212228 0.00536184 -0.000366687 -0.000201245 0.00332078 0.0111504 0.00171506 0.0168121 0.0098688 0.0142708 0.000133367 0.00126261 -0.000428961 -0.000211051 -9.38908e-05 -0.00030928 0.00245968 0.00836207 -0.00083372 0.00331325 0.000366057
internal_weight=290268 207077 134949 87251 24868 557 24311 62383 28962 17764 304 33421 30237 1328 226 1102 149 343 192 83191 5948 72128 50533 46544 17460 248 116 10813 415 23835
internal_count=290268 207077 134949 87251 24868 557 24311 62383 28962 17764 304 33421 30237 1328 226 1102 149 343 192 83191 5948 72128 50533 46544 17460 248 116 10813 415 23835
is_linear=0
shrinkage=0.05


Tree=137
num_leaves=31
num_cat=0
split_feature=8 17 5 23 23 23 17 20 14 13 5 22 5 22 16 9 20 14 0 9 5 9 17 15 17 16 15 14 15 23
split_gain=1.98382 1.95316 1.95444 1.81072 6.80195 4.87596 4.47654 3.60513 3.12624 7.39847 2.73568 2.57255 5.81482 4.53543 2.83969 2.66916 6.03279 2.92588 3.9941 2.50388 2.36226 2.68362 2.28449 2.25995 2.42738 2.59952 2.25401 2.21357 5.02783 3.94234
threshold=64.500000000000014 355.50000000000006 3.0692857142857153 -0.99465740988130902 -0.97507822412530132 -0.97111920233974802 64.500000000000014 411.35000000000008 30.750000000000004 1.0500000000000003 8.016428571428575 0.21022171450811275 11.255000000000004 0.17646842360078763 6.7500000000000009 452.44052124023443 204.30000000000004 25.750000000000004 9.1250000000000018 101.70951461791994 6.325000000000002 600.63439941406261 12.500000000000002 75.500000000000014 269.50000000000006 13.350000000000003 75.500000000000014 30.150000000000002 70.500000000000014 0.90438663683299525
decision_type=2 2 2 2 2 2 2 8 2 2 2 2 2 2 2 2 10 2 2 2 2 2 2 2 2 2 2 2 2 2
left_child=1 2 -1 10 6 -6 8 11 9 -5 -4 13 -13 15 -15 16 17 -8 -19 -11 -16 -22 -12 -9 25 -25 -24 28 -7 -30
right_child=-2 -3 3 4 5 27 7 23 -10 19 22 12 -14 14 20 -17 -18 18 -20 -21 21 -23 26 24 -26 -27 -28 -29 29 -31
leaf_value=-0.0038816300025067384 0.0066186288282760091 -0.0019221243734368666 -0.0028107656304100781 0.010622930132411312 -0.0045754111566814653 -0.00079814305869688239 0.00086287958183195272 -0.0010019371207755799 -0.0015593087430634995 0.011827528368808611 0.0049548308075678055 -0.0060809774254804664 0.0060076603369847194 -0.00075867988470066684 0.0047077495583671336 -0.0028152150923203261 0.0012399282309755548 0.011254357244128359 0.00053002068565830127 0.003384456141758448 0.0040005959461805992 -0.0022440478591358236 -0.00089977128224324749 -0.00092702094454293624 0.0070586497757299336 0.0061926496254365825 0.0022512812557758228 0.00010221903918512229 -0.00015981127706075218 0.0010911756958089482
leaf_weight=1159 418 3030 3635 78 1552 54090 134 2821 173 84 95 467 53 202 165 436 4766 191 86 341 490 115 4738 254 52 50 944 140019 57177 12453
leaf_count=1159 418 3030 3635 78 1552 54090 134 2821 173 84 95 467 53 202 165 436 4766 191 86 341 490 115 4738 254 52 50 944 140019 57177 12453
internal_value=-6.88686e-05 -7.38325e-05 -6.04921e-05 -5.21784e-05 -2.89425e-05 -7.93669e-05 0.00119182 0.000932697 0.00513313 0.00712724 -0.00073417 0.00155876 -0.00182692 0.00182612 0.00497942 0.00128006 0.00159648 0.00740876 0.010343 0.00452941 0.00636364 0.00491735 -5.79898e-05 -0.000467423 0.00328652 0.00157895 -0.000186555 -6.29232e-05 -0.000217024 6.3908e-05
internal_weight=290268 289850 286820 285661 276249 265291 10958 10282 676 503 9412 7105 520 6585 972 5613 5177 411 277 425 770 605 5777 3177 356 304 5682 263739 123720 69630
internal_count=290268 289850 286820 285661 276249 265291 10958 10282 676 503 9412 7105 520 6585 972 5613 5177 411 277 425 770 605 5777 3177 356 304 5682 263739 123720 69630
is_linear=0
shrinkage=0.05


Tree=138
num_leaves=31
num_cat=0
split_feature=5 24 22 24 22 23 13 22 24 24 22 19 23 19 20 17 1 19 21 14 20 5 1 4 4 1 22 20 4 1
split_gain=1.87248 2.1027 1.81112 3.13215 2.63064 5.44474 3.88034 3.79932 3.85299 8.47038 6.93717 6.78492 4.45311 3.79785 6.63654 3.74892 4.6462 3.57616 3.5996 3.4534 3.43714 3.22629 3.00367 6.08053 2.89927 4.48055 2.84001 6.55311 6.13799 3.65826
threshold=3.0692857142857153 1.7100000000000002 -0.99763297024448894 1.4950000000000003 -0.98214942551678475 -0.15950993297387572 8.2500000000000018 -0.98803845231459242 -0.43999999999999995 -0.58499999999999985 -0.99275805973510278 5.5150000000000006 0.080547328232315238 14.885000000000003 456.60000000000008 233.50000000000003 7.705000000000001 4.9250000000000007 21.900000000000002 32.050000000000004 227.80000000000004 12.660714285714288 8.7550000000000008 19.215000000000003 13.085000000000003 5.1050000000000013 -0.97113884758256674 479.7000000000001 14.765000000000002 13.615
decision_type=2 10 2 10 2 2 2 2 10 10 2 2 2 2 10 2 2 2 10 2 10 2 2 2 2 2 2 10 2 2
left_child=1 -1 3 -2 5 6 -4 8 9 10 12 -11 24 14 15 16 -13 -8 20 -10 -19 -18 23 -9 25 -7 27 -6 -29 -30
right_child=2 -3 4 -5 26 7 17 22 19 11 -12 13 -14 -15 -16 -17 21 18 -20 -21 -22 -23 -24 -25 -26 -27 -28 28 29 -31
leaf_value=-0.0044286898702357181 -0.0037282193287706735 0.0093738102369113445 0.003289643104202974 0.0018985646395919778 -0.0034667968464280291 -0.00045424505231562111 -0.0040771928758291959 -0.0016745991484690974 -0.0020260066636531601 0.010119568028551098 -0.0052752657406169865 0.011544269372604133 -0.0025536231892893369 -0.0029079038214650768 0.012799998210759604 -0.0016760737883416803 0.00015441256707548047 0.0024469608977576137 0.0037474810339298997 0.0027279556602164924 0.013071182259988807 0.0082600595328374046 -0.0074129390868471244 0.0095871016538814774 -0.00082809512644439656 0.0040720148875915321 -6.9206004713164349e-05 -0.0037086934801276346 0.011759665071351517 0.011364306498881307
leaf_weight=1088 4752 86 1045 1584 3912 181 96 696 3023 170 773 71 376 154 81 200 200 54 225 1927 164 114 785 93 191 413 266999 367 99 349
leaf_count=1088 4752 86 1045 1584 3912 181 96 696 3023 170 773 71 376 154 81 200 200 54 225 1927 164 114 785 93 191 413 266999 367 99 349
internal_value=-6.85241e-05 -0.00206133 -6.04314e-05 -0.000896466 -4.16976e-05 0.000715191 0.00342803 0.000260371 0.00070866 0.00214774 0.000222336 0.00590909 0.0026658 0.00402439 0.00566066 0.00380342 0.00668831 0.00687384 0.00876975 -0.000141415 0.0133486 0.00407643 -0.00198221 0.00019645 0.00480892 0.00653199 -7.24271e-05 -0.00128729 0.00279141 0.00671875
internal_weight=290268 1174 289094 6336 282758 11032 1584 9448 7874 2924 1934 990 1161 820 666 585 385 539 443 4950 218 314 1574 789 785 594 271726 4727 815 448
internal_count=290268 1174 289094 6336 282758 11032 1584 9448 7874 2924 1934 990 1161 820 666 585 385 539 443 4950 218 314 1574 789 785 594 271726 4727 815 448
is_linear=0
shrinkage=0.05


Tree=139
num_leaves=31
num_cat=0
split_feature=24 22 22 9 22 22 18 21 22 14 3 24 23 23 22 22 15 9 19 22 9 22 14 17 17 22 22 22 23 22
split_gain=1.75829 3.98152 15.426 4.59218 4.28588 6.46885 5.5051 4.08922 3.91546 3.8641 3.64178 3.56985 6.19329 19.8997 6.37312 6.27088 7.8544 5.86804 5.85736 4.43668 4.18707 6.2824 4.17028 4.44011 5.98021 3.79639 5.12418 6.86906 4.97657 7.33424
threshold=1.9550000000000003 -0.14250824554987665 -0.29343379936893921 285.29341125488287 -0.63921128368950708 -0.67803021058859214 9.4350000000000005 27.500000000000004 -0.71504373327588355 28.150000000000002 6.2783333333333333 1.7100000000000002 0.95178258287705175 0.92191100909954782 0.14250626876356556 0.35846314187849709 73.500000000000014 462.67344665527349 7.3150000000000004 0.056951373111866731 243.87041473388675 0.3744682635859638 24.050000000000004 165.50000000000003 208.50000000000003 0.46800856592688472 -0.91597725483594616 -0.35041564478062465 -0.99052477729077237 -0.082689790342551819
decision_type=10 2 2 2 2 2 2 10 2 2 2 10 2 2 2 2 2 2 2 2 2 2 2 2 2 2 2 2 2 2
left_child=11 2 4 -4 5 8 9 -5 -2 -7 -6 -1 13 22 17 16 -15 19 20 -14 21 -17 23 -13 -25 26 -24 -28 29 -29
right_child=1 -3 3 7 10 6 -8 -9 -10 -11 -12 12 14 15 -16 18 -18 -19 -20 -21 -22 -23 25 24 -26 -27 27 28 -30 -31
leaf_value=-0.00012618570264108256 -6.9980195959674232e-05 -0.0049389648542558359 0.0034258263816277696 0.0054010159914812126 -0.004920368233967071 -0.0016011330386281786 -0.0052079039388266682 0.010483132551954377 -0.0092912311974168611 0.0070305012220944225 -0.0013534106603365964 -0.00063618461556403402 -0.00065894479316133854 0.00031043152857685558 -0.0063195984251113212 0.010151830361292575 0.0056892795337314403 -0.0050602238448067723 0.0031508599178163219 0.0045079736245938447 0.0050748954040742214 0.0037732559000448296 -0.0014744736763958957 0.010917102389312502 0.0021671668692396129 -0.008366009146344635 0.0050588444720824129 0.0091574369812978257 -0.0013462407226491008 0.00036448386111904372
leaf_weight=259776 2772 1782 1480 207 2284 77 159 95 594 358 2270 121 479 394 1980 81 200 475 194 630 69 52 4681 74 61 586 3085 580 3506 1166
leaf_count=259776 2772 1782 1480 207 2284 77 159 95 594 358 2270 121 479 394 1980 81 200 475 194 630 69 52 4681 74 61 586 3085 580 3506 1166
internal_value=-6.68015e-05 -0.000657395 -0.000279721 0.00395062 -0.00116514 3.78776e-05 0.00484848 0.00956954 -0.000811053 0.00775862 -0.00221124 -4.11601e-05 0.000631583 0.00108081 -0.00124018 0.00792929 0.00468013 0.00112374 0.012803 0.00311542 0.0187624 0.0239474 0.000591629 0.00691406 0.0131481 0.000472654 0.000649868 0.00139319 0.00029322 0.00247423
internal_weight=290268 12078 10296 1782 8514 3960 594 302 3366 435 4554 278190 18414 14850 3564 990 594 1584 396 1109 202 133 13860 256 135 13604 13018 8337 5252 1746
internal_count=290268 12078 10296 1782 8514 3960 594 302 3366 435 4554 278190 18414 14850 3564 990 594 1584 396 1109 202 133 13860 256 135 13604 13018 8337 5252 1746
is_linear=0
shrinkage=0.05


Tree=140
num_leaves=31
num_cat=0
split_feature=24 16 22 22 19 22 17 17 22 22 3 22 22 19 22 24 23 23 22 15 19 22 9 9 22 3 22 22 22 22
split_gain=1.85721 3.99227 3.1811 5.47248 4.99004 9.25305 5.09312 4.55066 3.69175 6.22594 7.95011 4.26171 4.60393 3.34103 3.44627 3.01151 5.48411 17.5106 5.33401 6.91586 5.65034 5.27173 5.22282 3.96759 6.1293 3.89193 5.78812 3.85708 4.99323 5.99366
threshold=1.9550000000000003 9.4500000000000011 -0.35846811432664222 -0.12546116083924153 10.335000000000003 -0.19337636264337835 149.50000000000003 293.50000000000006 -0.65234524191686594 -0.67803021058859214 7.1116666666666681 -0.76141707087277943 -0.8041866928211282 5.9250000000000007 -0.29343379936893921 1.7100000000000002 0.95178258287705175 0.92191100909954782 0.35846314187849709 73.500000000000014 7.3150000000000004 0.14250626876356556 462.67344665527349 243.87041473388675 0.3744682635859638 6.3483333333333336 0.091259403071267925 0.46800856592688472 -0.91597725483594616 -0.47558551945199218
decision_type=10 2 2 2 2 2 2 2 2 2 2 2 2 2 2 10 2 2 2 2 2 2 2 2 2 2 2 2 2 2
left_child=15 -2 8 4 5 7 -7 -4 9 11 -11 12 -3 -9 -15 -1 17 27 19 -19 23 22 25 24 -20 -18 -27 28 -17 -30
right_child=1 2 3 -5 -6 6 -8 13 -10 10 -12 -13 -14 14 -16 16 21 18 20 -21 -22 -23 -24 -25 -26 26 -28 -29 29 -31
leaf_value=-0.00011987641750902691 -0.0022102013439465129 -0.0019208323822823372 0.00045405039212615528 -0.0042503323649119079 -0.0010595912797443561 -0.0003057405898596096 0.010095178117555911 0.00027901936072514293 -0.0034756170966209216 0.0078971844975435461 -0.0018217194964057814 -0.0070327097670921587 0.0063211715140935598 0.0010362212251812067 0.0096682362657301759 -0.0012923621038854907 0.00060810857768985472 0.0002949099521480215 0.0096442388432279435 0.0054048155570448628 0.0029933169219255084 -0.0060036185038557606 -0.0048072126525664227 0.00482115063387052 0.0035845931050425815 0.00093700025004968572 0.0074500435033857757 -0.0080693335533992341 0.0060195275896134035 0.0011305111499608556
leaf_weight=259776 6986 550 492 566 379 52 176 78 1662 115 97 491 298 55 81 4752 767 394 81 200 194 1980 475 69 52 172 170 594 1584 6930
leaf_count=259776 6986 550 492 566 379 52 176 78 1662 115 97 491 298 55 81 4752 767 394 81 200 194 1980 475 69 52 172 170 594 1584 6930
internal_value=-6.69738e-05 -0.000673954 0.000390808 0.00202501 0.00379665 0.00576017 0.0145175 0.00293201 -0.000564894 0.00118955 0.00915094 -7.09497e-05 0.00207547 0.00901869 0.01375 -4.06209e-05 0.000577277 0.000999999 0.00742424 0.00442761 0.0119192 -0.00118406 0.000965908 0.0177723 0.0228195 0.0028449 0.0072807 0.000541124 0.000717623 0.00144233
internal_weight=290268 12078 5092 1879 1313 934 228 706 3213 1551 212 1339 848 214 136 278190 18414 14850 990 594 396 3564 1584 202 133 1109 342 13860 13266 8514
internal_count=290268 12078 5092 1879 1313 934 228 706 3213 1551 212 1339 848 214 136 278190 18414 14850 990 594 396 3564 1584 202 133 1109 342 13860 13266 8514
is_linear=0
shrinkage=0.05


Tree=141
num_leaves=31
num_cat=0
split_feature=23 23 24 5 24 9 20 2 23 2 20 22 18 23 23 24 23 24 22 22 23 18 15 16 15 15 15 16 23 19
split_gain=1.83554 5.84518 7.63718 20.7208 3.86588 3.55824 3.14092 3.12046 3.06226 5.80269 4.06785 2.81894 2.81499 2.75878 2.54888 5.48159 4.65389 3.59147 6.36742 5.26094 7.27273 5.36272 4.93735 6.16306 5.20211 4.24747 4.0733 4.11637 3.46534 2.99075
threshold=-0.99465740988130902 -0.99273797715557011 1.7100000000000002 7.889285714285716 1.3800000000000001 349.36264038085943 148.00000000000003 -1.679999999999999 -0.99938741687870725 -5.5450000000000008 143.40000000000003 0.074116354202380205 9.1050000000000022 -0.99983123799342477 -0.97507822412530132 0.16500000000000004 -0.97111920233974802 -0.049999999999999996 -0.15101209918632377 0.19337368024598436 -0.99052477729077237 9.0150000000000023 67.500000000000014 7.6500000000000012 77.500000000000014 62.500000000000007 61.500000000000007 10.15 -0.98521978256641018 7.8950000000000005
decision_type=2 2 10 2 10 2 10 2 2 2 10 2 2 2 2 10 2 10 2 2 2 2 2 2 2 2 2 2 2 2
left_child=4 2 6 -4 5 8 -2 13 9 -1 12 -6 -11 -7 15 17 -16 18 -3 20 -19 22 -22 28 -25 -20 27 -23 -24 -27
right_child=1 14 3 -5 11 7 -8 -9 -10 10 -12 -13 -14 -15 16 -17 -18 19 25 -21 21 26 23 24 -26 29 -28 -29 -30 -31
leaf_value=0.0053305275084698425 0.0043126107432294239 -0.0039862755427540258 0.019767252334472813 0.0032423644101527076 0.0018766810288605804 -0.0049321586152056059 0.00065595030497018732 -0.00047738690794925029 -0.0054511950520551265 0.0011530924820619638 -0.0032155834297375296 -0.0049767410353119936 0.0074285974197666818 0.0039261656518930635 -0.0042326282939728543 -0.0002660613124172519 -0.00010774588725033094 -0.0015207001977778764 -0.0037950215341106238 -0.0040073895384356668 0.0035784048487284646 0.0092577483048640972 -0.0017187674469146897 0.0083455071314527535 0.012537634250961133 0.0087391747609490804 0.00052232981518308518 0.0021656464652900901 0.0065702674390309447 0.0031423352336408085
leaf_weight=55 269 792 50 148 1980 62 1117 1035 4112 200 1327 396 78 259 1584 5940 268092 396 128 396 405 171 77 152 50 99 514 121 94 169
leaf_count=55 269 792 50 148 1980 62 1117 1035 4112 200 1327 396 78 259 1584 5940 268092 396 128 396 405 171 77 152 50 99 514 121 94 169
internal_value=-6.5768e-05 -4.26349e-05 0.00298611 0.0121717 -0.000749159 -0.00133137 0.00167388 0.00097345 -0.00187284 -6.02422e-05 -0.000607478 0.000997474 0.00489209 0.00528037 -5.98192e-05 0.000744948 -8.81811e-05 0.00229517 5.05039e-05 0.00341751 0.0044697 0.00598485 0.00894601 0.0130965 0.0190099 0.00522727 0.00312655 0.00784246 0.00611111 0.00880597
internal_weight=290268 280764 1584 198 9504 7128 1386 1356 5772 1660 1605 2376 278 321 279180 9504 269676 3564 1188 2376 1980 1584 778 373 202 396 806 292 171 268
internal_count=290268 280764 1584 198 9504 7128 1386 1356 5772 1660 1605 2376 278 321 279180 9504 269676 3564 1188 2376 1980 1584 778 373 202 396 806 292 171 268
is_linear=0
shrinkage=0.05


Tree=142
num_leaves=31
num_cat=0
split_feature=16 18 3 22 24 4 3 22 23 5 17 24 22 24 22 23 17 16 4 5 22 22 22 23 20 16 22 4 23 4
split_gain=1.79952 1.90392 2.37178 1.92964 3.11373 2.54747 4.85775 2.24304 8.41744 22.7972 5.57979 4.21147 6.98645 5.05852 6.2586 14.9933 8.44296 11.696 5.59799 4.89137 4.51858 4.30629 8.81098 12.1479 13.5022 8.20736 6.91971 6.87595 4.32373 7.52982
threshold=5.9500000000000011 2.7350000000000008 9.3583333333333361 -0.99763297024448894 1.4950000000000003 15.875000000000002 14.371666666666668 -0.78326540922535159 0.60383265664488517 5.0857142857142863 233.50000000000003 -0.49499999999999994 0.3261394409934788 -0.089999999999999983 -0.72696319516528884 0.67007489853957602 116.50000000000001 12.550000000000002 6.785000000000001 10.350000000000003 -0.66528616069191593 -0.41398024697495356 -0.35846811432664222 -0.92272482904738262 288.90000000000003 8.3500000000000032 -0.45274443793211405 32.875000000000007 -0.82413948779581736 19.595000000000002
decision_type=2 2 2 2 10 2 2 2 2 2 2 8 2 8 2 2 2 2 2 2 2 2 2 2 10 2 2 2 2 2
left_child=-1 2 -2 4 -3 -6 -7 8 -5 -10 -11 12 20 14 15 16 -13 19 -16 -18 -9 26 23 24 -23 -26 28 -25 29 -15
right_child=1 3 -4 7 5 6 -8 11 9 10 -12 13 -14 21 18 -17 17 -19 -20 -21 -22 22 -24 27 25 -27 -28 -29 -30 -31
leaf_value=-0.00071639153784632339 -0.0023773376862750942 -0.0036406171157873316 0.0089870801909363428 0.00036660153943301088 -0.0039393798376454224 0.015383651060104728 0.0019289044310655794 -0.0029471052904820735 0.01202049546883273 0.0064369890812625606 -0.0020571057746825022 -0.0034929332989498056 -0.006433693576215419 -0.0007218482850898856 0.0025385942572475669 0.012826667839952947 0.00052941732413935665 0.01203333505287601 0.00030186460351329164 0.0099825871724405248 -0.00012908596476644545 0.0077305784759708731 -0.00012247330719674504 -0.00051961254524756533 0.0083311626403768831 0.0015180388524765383 -0.0075079091743001647 0.033140667163548361 -0.0015168461553246807 0.0074043988597523053
leaf_weight=19870 3800 4466 63 51906 281 99 1119 3718 91 248 377 688 2106 3060 1980 168 551 135 42278 178 18823 234 114607 1625 107 797 1636 60 13857 1340
leaf_count=19870 3800 4466 63 51906 281 99 1119 3718 91 248 377 688 2106 3060 1980 168 551 135 42278 178 18823 234 114607 1625 107 797 1636 60 13857 1340
internal_value=-6.16339e-05 -2.7886e-05 -0.00112995 -1.19133e-05 -0.000901091 0.00107071 0.00206075 8.44184e-06 0.000300063 0.00568436 0.00228 -6.53541e-05 -0.000678988 1.71564e-05 0.000471094 0.00343023 0.00189433 0.00518518 0.000356093 0.00268175 -0.000421677 -0.000134829 -1.95873e-05 0.00273999 0.00673111 0.00396018 -0.000815112 4.45092e-05 -0.00053596 0.000829544
internal_weight=290268 270398 3863 266535 5965 1499 1218 260570 52622 716 625 207948 24647 183301 45978 1720 1552 864 44258 729 22541 137323 117430 2823 1138 904 19893 1685 18257 4400
internal_count=290268 270398 3863 266535 5965 1499 1218 260570 52622 716 625 207948 24647 183301 45978 1720 1552 864 44258 729 22541 137323 117430 2823 1138 904 19893 1685 18257 4400
is_linear=0
shrinkage=0.05


Tree=143
num_leaves=31
num_cat=0
split_feature=5 15 22 22 23 22 13 19 21 1 14 23 21 17 3 4 23 22 13 7 22 5 17 14 5 5 13 19 23 17
split_gain=1.7267 1.67216 1.70703 2.06525 4.87662 3.30248 3.48611 3.20703 4.14554 3.2087 2.94818 2.91493 3.87277 2.96212 3.31274 4.56883 2.98286 3.06758 2.91551 2.6255 2.57178 5.75448 4.24033 2.7046 2.54845 3.3116 3.30386 3.20423 2.48978 2.83601
threshold=3.0692857142857153 32.500000000000007 -0.99763297024448894 -0.98214942551678475 0.14888728888808328 -0.98803845231459242 8.2500000000000018 4.9250000000000007 21.900000000000002 10.985000000000001 25.650000000000002 -0.12545862287572049 16.900000000000002 256.50000000000006 7.9666666666666677 8.4150000000000009 0.097680735332368748 -0.9905448150984083 1.3500000000000003 3.5000000000000004 -0.97113884758256674 26.162857142857149 145.50000000000003 33.250000000000007 10.047857142857145 7.7978571428571444 13.550000000000002 5.8850000000000007 0.18281312110578132 86.500000000000014
decision_type=2 2 2 2 2 2 2 2 10 2 2 2 10 2 2 2 2 2 2 2 2 2 2 2 2 2 2 2 2 2
left_child=-1 -2 -3 4 5 11 -7 -8 9 -9 -6 19 -13 14 15 -14 -16 -18 -17 -4 21 23 -23 28 25 26 -20 -27 29 -5
right_child=1 2 3 20 10 6 7 8 -10 -11 -12 12 13 -15 16 18 17 -19 24 -21 -22 22 -24 -25 -26 27 -28 -29 -30 -31
leaf_value=-0.0034036119912414921 0.021419889171947717 -0.001856946139234652 -0.003292403181611156 0.0045441305652966649 0.0067283375940109776 0.0031245212723912089 -0.0038468979590596808 0.011807318693719884 0.0035594673056317909 0.0011205130639329601 -0.0036720025832144981 -0.00068866100990845212 0.00083960759175588174 -0.0010748897982857731 0.0011842136601418985 -0.0019828398659809997 0.0081416943624967267 -0.00045015520799764178 0.0078269251739943816 0.01807075622518748 -6.606655367940678e-05 -0.0012375223299592069 0.023738721225775701 0.0060638617151428974 -0.00045579792715383269 0.012034442216419545 0.00088506124599013909 0.0021279762372950692 -0.0056288409080327232 -0.0027863148280672318
leaf_weight=1174 89 6308 1534 417 50 1045 96 168 225 50 1522 2407 344 715 1565 64 478 226 158 50 266946 101 97 205 61 51 145 72 2111 1794
leaf_count=1174 89 6308 1534 417 50 1045 96 168 225 50 1522 2407 344 715 1565 64 478 226 158 50 266946 101 97 205 61 51 145 72 2111 1794
internal_value=-6.24952e-05 -5.47239e-05 -5.68341e-05 -3.86822e-05 0.000632141 0.00106093 0.00314394 0.00641002 0.00820542 0.0131193 -0.00194657 0.000641676 0.00112472 0.00210234 0.00275916 0.00533519 0.00174306 0.00444602 0.00815789 -0.00127525 -6.59081e-05 -0.00122222 0.00712121 -0.00158714 0.00947638 0.0108451 0.0080363 0.0177642 -0.00185331 -0.000680689
internal_weight=290268 289094 289005 282697 11026 9454 1584 539 443 218 1572 7870 6286 3879 3164 895 2269 704 551 1584 271671 4725 198 4527 487 426 303 123 4322 2211
internal_count=290268 289094 289005 282697 11026 9454 1584 539 443 218 1572 7870 6286 3879 3164 895 2269 704 551 1584 271671 4725 198 4527 487 426 303 123 4322 2211
is_linear=0
shrinkage=0.05


Tree=144
num_leaves=31
num_cat=0
split_feature=24 16 22 22 1 19 22 17 13 22 22 22 22 3 22 22 0 22 24 23 23 22 22 15 19 22 22 22 3 22
split_gain=1.72349 3.63602 3.05171 5.10198 7.62774 3.25744 3.893 5.21023 4.926 3.9362 7.29413 2.92261 5.1082 5.90212 3.86553 4.02291 3.5997 2.60001 2.4307 5.21966 15.2058 4.88356 4.4729 6.03702 4.54901 3.7868 4.70755 5.70562 6.14242 6.37676
threshold=1.9550000000000003 9.4500000000000011 -0.35846811432664222 -0.12546116083924153 4.0050000000000008 10.435 -0.19337636264337835 293.50000000000006 8.6500000000000004 -0.26037633224328088 -0.29343379936893921 -0.65234524191686594 -0.67803021058859214 7.1116666666666681 -0.76141707087277943 -0.8041866928211282 6.1750000000000007 -0.84315017450793706 1.7100000000000002 0.95178258287705175 0.92191100909954782 0.14250626876356556 0.35846314187849709 73.500000000000014 7.3150000000000004 0.46800856592688472 -0.91597725483594616 -0.35041564478062465 8.4283333333333363 -0.082689790342551819
decision_type=10 2 2 2 2 2 2 2 2 2 2 2 2 2 2 2 2 2 10 2 2 2 2 2 2 2 2 2 2 2
left_child=18 -2 11 4 -4 6 7 -6 -8 10 -9 12 14 -14 15 17 -17 -3 -1 20 25 -21 23 -22 -24 26 -20 -28 29 -29
right_child=1 2 3 -5 5 -7 8 9 -10 -11 -12 -13 13 -15 -16 16 -18 -19 19 21 22 -23 24 -25 -26 -27 27 28 -30 -31
leaf_value=-0.00010712937442866415 -0.0020474114006035949 0.0040532498744259146 0.0099249098817248277 -0.0040230014592599851 -0.00024989821477360263 -0.0011691776331790094 0.0091090672594353848 0.00087937718790983665 0.0052016321711195 -0.0060156871894799157 0.0097817626322192659 -0.0032148582322487299 0.0075868582024790788 -0.0016461005917727798 -0.0065965413489248214 -0.0055953132360377772 0.0066426508341537339 -0.011507483600534744 -0.0012063437507496327 0.00072904008023167723 0.00029497874194694528 -0.0056886232912566372 0.0070120709845301376 0.0051493890665989424 0.0028584653632355559 -0.007651052588322934 0.0046517044612305663 0.0095365680373764618 -0.0011085319532987518 0.0013045276944728458
leaf_weight=259776 6986 176 87 566 470 349 74 89 123 51 70 1662 115 97 491 68 230 374 4752 1584 394 1980 202 200 194 594 3168 421 3814 1111
leaf_count=259776 6986 176 87 566 470 349 74 89 123 51 70 1662 115 97 491 68 230 374 4752 1584 394 1980 202 200 194 594 3168 421 3814 1111
internal_value=-6.02559e-05 -0.000644976 0.000371169 0.00197179 0.00368241 0.00266721 0.00429304 0.0025 0.0104822 0.00904762 0.0129245 -0.000564894 0.00099613 0.00820755 -0.000145632 0.00189858 0.00657718 -0.000636365 -3.48694e-05 0.000520255 0.000932659 -0.00119809 0.00691919 0.00417508 0.0110354 0.000505049 0.000679932 0.0013836 0.000387204 0.00306136
internal_weight=290268 12078 5092 1879 1313 1226 877 680 197 210 159 3213 1551 212 1339 848 298 550 278190 18414 14850 3564 990 594 396 13860 13266 8514 5346 1532
internal_count=290268 12078 5092 1879 1313 1226 877 680 197 210 159 3213 1551 212 1339 848 298 550 278190 18414 14850 3564 990 594 396 13860 13266 8514 5346 1532
is_linear=0
shrinkage=0.05


Tree=145
num_leaves=31
num_cat=0
split_feature=24 16 15 24 2 15 5 13 24 13 16 14 13 3 8 17 3 24 9 20 21 15 14 9 19 16 20 14 5 19
split_gain=1.73671 3.10894 2.53176 2.24738 3.07906 2.85851 3.82909 4.31995 3.3203 3.25098 4.35884 3.23841 3.17673 3.16548 6.07209 3.99518 3.11306 3.6734 3.01049 2.93516 3.10786 2.83928 2.68732 2.52092 2.50555 2.45612 2.45409 2.43796 2.4072 4.2882
threshold=1.9550000000000003 10.15 61.500000000000007 1.7100000000000002 3.3100000000000018 64.500000000000014 52.487142857142864 10.750000000000002 1.6100000000000003 4.2500000000000009 11.15 30.250000000000004 0.15000000000000005 11.055000000000001 12.500000000000002 18.500000000000004 9.1550000000000029 1.3800000000000001 99.37970352172853 337.40000000000003 16.900000000000002 54.500000000000007 32.350000000000001 998.87963867187511 8.6450000000000014 4.6500000000000012 429.10000000000008 25.350000000000005 8.4635714285714325 5.2550000000000008
decision_type=10 2 2 10 2 2 2 2 10 2 2 2 2 2 2 2 2 8 2 8 8 2 2 2 2 2 8 2 2 2
left_child=3 2 -2 5 23 8 22 -8 9 10 13 -11 -12 14 15 -1 -13 24 26 -17 21 25 28 -5 -18 -21 -15 -6 -7 -30
right_child=1 -3 -4 4 27 6 7 -9 -10 11 12 16 -14 18 -16 19 17 -19 -20 20 -22 -23 -24 -25 -26 -27 -28 -29 29 -31
leaf_value=0.005584454790960894 -0.0046462208978909634 0.00072612238331250169 -0.0011454026164900875 0.00053321899876042735 0.003791493910309677 -0.00015868639516253741 0.0032192908307417945 0.023729289973942351 -0.0038514242054731294 -0.001925873088811373 0.0004645693357937374 0.00024683715414241533 -0.0011622230654636208 0.0011373040175197491 0.032566260396253655 -0.00030677196175118017 -0.00028396847190383995 0.0021413875298935433 -0.0022993909370902449 0.0081483328663338721 0.00046327923777740468 0.0030387631363733552 0.0042795083639522637 -0.0040315792880669058 -0.0028166891296057209 0.00055788704021238103 -0.0012613159314964857 0.0027337430657792695 0.00185271154415169 0.00017721017833865493
leaf_weight=905 1784 3972 6322 14917 71 83011 266 77 2202 13131 8401 17794 18888 7510 53 7866 4249 1630 2790 52 7037 3554 535 775 7699 2588 4809 2651 7291 57438
leaf_count=905 1784 3972 6322 14917 71 83011 266 77 2202 13131 8401 17794 18888 7510 53 7866 4249 1630 2790 52 7037 3554 535 775 7699 2588 4809 2651 7291 57438
internal_value=-5.80165e-05 -0.000644976 -0.00120651 -3.25329e-05 0.000501248 -7.03695e-05 7.30721e-05 0.00534985 -0.000262151 -0.000223302 3.64488e-06 -0.000551986 -0.0004762 0.000355988 0.000737927 0.000697208 -0.000276044 -0.000846223 -0.000201537 0.000557661 0.00101239 0.00182919 6.08654e-05 0.000231964 -0.00114998 0.00058712 0.000134344 0.00205364 4.80562e-05 0.000276614
internal_weight=290268 12078 8106 278190 18414 259776 148618 343 111158 108956 64453 44503 27289 37164 22055 22002 31372 13578 15109 21097 13231 6194 148275 15692 11948 2640 12319 2722 147740 64729
internal_count=290268 12078 8106 278190 18414 259776 148618 343 111158 108956 64453 44503 27289 37164 22055 22002 31372 13578 15109 21097 13231 6194 148275 15692 11948 2640 12319 2722 147740 64729
is_linear=0
shrinkage=0.05


Tree=146
num_leaves=31
num_cat=0
split_feature=23 23 16 23 23 20 13 22 16 17 13 2 23 15 19 15 20 22 2 19 1 15 21 17 15 13 17 13 16 13
split_gain=1.72375 5.35153 4.82994 2.38539 4.24926 3.25138 3.57807 3.33235 3.66478 3.35725 3.14249 2.32671 2.56099 6.5137 3.59672 2.30516 2.22517 2.80369 4.14462 4.14097 3.7243 2.99178 2.33747 2.19961 2.14825 2.11536 2.67875 2.64079 2.08661 2.03862
threshold=-0.99465740988130902 -0.99273797715557011 5.0500000000000007 -0.97507822412530132 -0.97111920233974802 393.40000000000003 17.850000000000005 0.14250626876356556 6.7500000000000009 120.50000000000001 30.550000000000004 -1.0799999999999992 -0.99938741687870725 59.500000000000007 7.705000000000001 83.500000000000014 267.2000000000001 -0.18492532721306487 -1.5699999999999987 7.3150000000000004 7.5550000000000006 68.500000000000014 16.900000000000002 92.500000000000014 66.500000000000014 25.150000000000002 66.500000000000014 1.0500000000000003 5.9500000000000011 3.2500000000000004
decision_type=2 2 2 2 2 8 2 2 2 2 2 2 2 2 2 2 10 2 2 2 2 2 10 2 2 2 2 2 2 2
left_child=11 2 -2 5 -5 6 7 16 -9 24 29 12 13 14 -1 -15 17 19 -19 -3 -21 -22 -18 -14 -10 26 27 -4 -6 -7
right_child=1 3 25 4 28 10 -8 8 9 -11 -12 -13 23 15 -16 -17 22 18 -20 20 21 -23 -24 -25 -26 -27 -28 -29 -30 -31
leaf_value=0.0051640913966588611 0.017164419590009559 -0.0013424435316205694 0.0067203003341327772 -0.0040363854558368283 -0.00080513300747249515 -0.0019000136055906649 -0.0022003443228483782 -0.00077983472058611842 0.0053743757399598354 0.0029912139252409927 0.0049084606687697964 -0.0020293333730576108 0.0020720481074199787 -0.00120162569842556 0.0028466262836189223 0.01022193304773337 -0.0015214975895326314 0.008750633294801349 -0.00051937699688485472 0.010110020624704012 0.0046650927671134657 -7.2089611846631459e-05 0.0013643012375328166 -0.0013639888763309265 0.0077432710887114405 0.0048025750783066042 0.0011741873802882971 0.0043856149440995888 -4.2387145616870069e-05 0.00078041452791595021
leaf_weight=92 81 84 51 1584 17736 2263 742 445 264 1116 65 6061 412 709 103 105 1224 142 618 51 50 58 1108 2022 165 57 1314 81 250356 1109
leaf_count=92 81 84 51 1584 17736 2263 742 445 264 1116 65 6061 412 709 103 105 1224 142 618 51 50 58 1108 2022 165 57 1314 81 250356 1109
internal_value=-6.06004e-05 -3.81827e-05 0.00285985 -5.46254e-05 -8.20626e-05 0.000723905 0.00141998 0.00187324 0.00349246 0.00464401 -0.000504802 -0.000722855 0.000315131 0.0024331 0.010641 0.000466829 0.000907045 0.00287637 0.00138158 0.00755144 0.0122956 0.00703704 6.00331e-05 -0.000562861 0.00840326 0.00221889 0.00184647 0.00863636 -6.68066e-05 -0.000714711
internal_weight=290268 280764 1584 279180 269676 9504 6067 5325 1990 1545 3437 9504 3443 1009 195 814 3335 1003 760 243 159 108 2332 2434 429 1503 1446 132 268092 3372
internal_count=290268 280764 1584 279180 269676 9504 6067 5325 1990 1545 3437 9504 3443 1009 195 814 3335 1003 760 243 159 108 2332 2434 429 1503 1446 132 268092 3372
is_linear=0
shrinkage=0.05


Tree=147
num_leaves=31
num_cat=0
split_feature=5 22 22 22 14 24 24 15 22 24 16 20 19 5 3 15 14 9 24 16 16 22 22 17 13 20 9 24 2 22
split_gain=1.80391 1.85346 6.94336 1.91405 1.86154 2.63627 4.70807 1.66789 1.65354 2.38179 2.98763 2.68021 2.32932 1.99152 4.41739 1.98537 6.39464 3.10874 2.99335 2.94751 3.31094 2.76127 26.2427 2.9393 2.5072 2.3357 2.40687 2.0549 3.33378 3.04648
threshold=3.3450000000000011 -0.8041866928211282 -0.77245553105869302 -0.108376950152639 29.850000000000005 -0.60499999999999987 1.9550000000000003 32.500000000000007 -0.99763297024448894 1.4950000000000003 13.65 267.2000000000001 5.9650000000000007 11.847857142857146 14.371666666666668 73.500000000000014 28.850000000000005 483.01396179199224 inf 19.050000000000004 20.150000000000002 -0.814291907305839 -0.84315017450793706 239.50000000000003 5.7500000000000009 107.2 260.38023376464849 -0.18999999999999997 0.55000000000000171 0.52766072109828632
decision_type=2 2 2 2 2 10 10 2 2 10 2 10 2 2 2 2 2 2 8 2 2 2 2 2 2 10 2 10 2 2
left_child=1 -1 -3 4 5 -4 -7 -2 9 11 13 -9 -13 -11 -15 16 18 27 25 24 -21 22 -20 -23 -19 26 -10 -17 29 -29
right_child=7 2 3 -5 -6 6 -8 8 15 10 -12 12 -14 14 -16 17 -18 19 21 20 -22 23 -24 -25 -26 -27 -28 28 -30 -31
leaf_value=-0.0087641865054947921 0.020374364769207624 0.0088786331089111374 -0.0040418779290254401 -0.0032662597215221464 0.0047882677203182518 0.016785670768337271 -0.0065595931192641609 -0.007616004580758555 -0.004085062632508134 -0.0017453766576541732 -0.0079336099493012725 0.0040046874023572637 -0.0030349846687250013 0.010581204273621855 0.0027005031499122666 0.00071705557650637906 2.762898128736654e-05 0.0020410174795522525 -0.0015361962231626837 0.011768244410088833 0.0032637626748325682 -0.0015759166658804412 0.02483636700045555 0.011420766735196868 0.00065118588610979446 -0.00086985335282550749 -7.1535176268941851e-05 -0.00069128938494999277 -0.0013726185300957884 0.0011938111493865135
leaf_weight=583 89 51 294 1189 67 57 80 1413 2531 210 356 795 2536 77 913 13954 186849 2414 255 70 89 348 58 60 14254 32272 1258 8863 9624 8659
leaf_count=583 89 51 294 1189 67 57 80 1413 2531 210 356 795 2536 77 913 13954 186849 2414 255 70 89 348 58 60 14254 32272 1258 8863 9624 8659
internal_value=-5.71553e-05 -0.0014455 -0.000627159 -0.00117665 0.0014257 0.000220416 0.0059489 -4.59645e-05 -4.80805e-05 -0.000849208 0.000848328 -0.00140599 -0.000631944 0.00204167 0.0029798 -3.01548e-05 -9.77291e-05 0.00023072 -0.000700344 0.000803172 0.00757862 0.0024896 0.00602236 -0.000220589 0.00073854 -0.000764123 -0.00193851 -3.65083e-06 -0.000257129 0.00015352
internal_weight=290268 2321 1738 1687 498 431 137 287947 287858 6300 1556 4744 3331 1200 990 281558 223631 57927 36782 16827 159 721 313 408 16668 36061 3789 41100 27146 17522
internal_count=290268 2321 1738 1687 498 431 137 287947 287858 6300 1556 4744 3331 1200 990 281558 223631 57927 36782 16827 159 721 313 408 16668 36061 3789 41100 27146 17522
is_linear=0
shrinkage=0.05


Tree=148
num_leaves=31
num_cat=0
split_feature=9 22 22 23 15 16 17 14 1 24 22 23 1 24 16 22 24 16 13 24 23 15 24 23 17 22 18 22 0 15
split_gain=1.72795 3.65835 14.7813 10.1386 10.6036 6.56347 6.32096 5.66706 5.65229 4.90505 4.13131 4.60744 6.64299 3.94293 4.29191 3.9323 5.07062 3.73821 3.64224 3.6416 7.94913 5.75457 3.62207 4.89275 9.21964 12.6234 5.40132 3.44547 3.36141 3.3287
threshold=123.13839721679689 -0.42180583328916638 -0.35846811432664222 -0.92272482904738262 76.500000000000014 11.850000000000003 268.50000000000006 28.150000000000002 6.3550000000000013 -0.18999999999999997 -0.63921128368950708 -0.75013812021657655 6.3150000000000004 -0.60499999999999987 6.8500000000000005 -0.39826117949089107 -0.42499999999999993 12.450000000000001 9.6500000000000004 -0.49499999999999994 0.95178258287705175 71.500000000000014 -0.29499999999999993 0.28313308994381592 104.50000000000001 -0.90163369914317015 7.4750000000000005 0.091259403071267925 4.6050000000000013 87.500000000000014
decision_type=2 2 2 2 2 2 2 2 2 10 2 2 2 10 2 2 10 2 2 10 2 2 8 2 2 2 2 2 2 2
left_child=-1 9 3 5 13 18 -6 8 -8 22 11 12 -11 14 -5 16 -15 -16 -3 20 -4 27 -2 -24 25 26 -25 -22 -13 -23
right_child=1 2 19 4 6 -7 7 -9 -10 10 -12 28 -14 15 17 -17 -18 -19 -20 -21 21 29 23 24 -26 -27 -28 -29 -30 -31
leaf_value=0.00011675107445266943 -0.00065246926660587554 0.0072604044601721068 -0.005635326109489097 0.0085941979392229802 0.003970122161992275 0.0017076216263323309 0.0064273627147669477 -0.0001315671835645042 0.008232391822594028 0.015265536150290131 -0.0048295589372188419 0.0017405802607342877 0.00027831351152644862 -0.0067729700836554677 0.00047790434765850531 -0.0037859178840288308 0.0042853420524373159 0.012716407636733935 0.021149426657485988 -2.1271816860278559e-05 -0.0021077486384413484 0.0019002717213843501 0.00025983668387801693 0.01581758805574477 0.0018045400568358506 -0.0070908808126111042 0.008772252253736304 0.001245537230413332 -0.0023149615411491983 0.0060409785614789499
leaf_weight=128176 26614 232 3471 75 309 119 99 53 100 51 3232 1298 108 266 312 882 415 53 58 103577 4594 2186 4729 65 845 82 75 1250 6846 96
leaf_count=128176 26614 232 3471 75 309 119 99 53 100 51 3232 1298 108 266 312 882 415 53 58 103577 4594 2186 4729 65 845 82 75 1250 6846 96
internal_value=-5.78443e-05 -0.000166326 -2.14575e-05 0.00345947 0.00229329 0.0107702 0.00836898 0.014246 0.0181156 -0.00055581 -0.00144127 -0.000850898 0.00757862 0.000591611 0.00477273 -0.000585414 0.00226872 0.00253425 0.0148276 -0.000111311 -0.00095154 -9.59894e-05 -0.000240668 0.000891993 0.00395033 0.013018 0.0221429 -0.000927448 -0.00101547 0.0020333
internal_weight=290268 162092 118147 2973 2564 409 561 252 199 43945 11535 8303 159 2003 440 1563 681 365 290 115174 11597 8126 32410 5796 1067 222 140 5844 8144 2282
internal_count=290268 162092 118147 2973 2564 409 561 252 199 43945 11535 8303 159 2003 440 1563 681 365 290 115174 11597 8126 32410 5796 1067 222 140 5844 8144 2282
is_linear=0
shrinkage=0.05


Tree=149
num_leaves=31
num_cat=0
split_feature=5 23 22 24 14 16 15 17 23 15 15 23 20 14 20 24 22 24 22 22 15 24 2 23 15 13 5 3 24 17
split_gain=1.69542 2.33284 6.31416 3.2573 1.90437 2.57732 1.66772 1.62641 1.57785 1.63899 1.5619 4.12496 3.47443 3.27738 5.06851 3.57189 3.55056 3.67646 3.1432 5.90365 5.90434 3.82995 4.51627 3.06666 3.11516 3.04123 3.02652 4.21667 2.84805 5.02529
threshold=3.3450000000000011 0.59003219687534991 -0.77245553105869302 1.7100000000000002 29.450000000000003 9.3500000000000032 32.500000000000007 355.50000000000006 0.68274389090025245 82.500000000000014 64.500000000000014 0.96849880583763492 297.00000000000006 30.850000000000005 524.50000000000011 -0.58499999999999985 0.99466373373798567 1.9550000000000003 0.97112537654464559 0.98372640911059162 60.500000000000007 0.24500000000000002 0.37000000000000038 0.8852232634113919 55.500000000000007 1.0000000180025095e-35 72.547142857142873 77.253333333333345 1.6100000000000003 175.50000000000003
decision_type=2 2 2 10 2 2 2 2 2 2 2 2 8 2 8 8 2 10 2 2 2 10 2 2 2 2 2 2 8 2
left_child=1 3 -3 -1 -4 -6 -2 10 9 -9 11 13 -13 14 15 -8 17 18 28 20 21 -20 -23 -16 25 -25 -12 -28 -17 -30
right_child=6 2 4 -5 5 -7 7 8 -10 -11 26 12 -14 -15 23 16 -18 -19 19 -21 -22 22 -24 24 -26 -27 27 -29 29 -31
leaf_value=-0.0059345544983957447 0.01934980897702461 0.008467324916795858 -0.0029092995343497695 0.015872193302865104 0.0065579348154492824 -0.0038865323675438151 -0.00288975003607848 -0.00087985713890067314 -0.0036330739773282219 0.0071651678193300969 7.4141220017603278e-05 0.00061910596442832323 -0.0022758531319445412 0.00013877771711695195 -0.0034086475077372497 -0.00027320422338761703 -0.0049038129114046189 -0.00725388813654128 0.0067685774996839049 -0.00024173380284816531 0.0014717128296706202 0.010980986669296245 0.0071392532644075982 0.00029573423982241586 -0.001630247267442548 0.0075644419878415905 0.013161467271563013 0.0016680271043129755 -0.00048146300086990778 0.0052940463567465743
leaf_weight=1255 89 51 807 58 84 66 3661 1687 1223 94 160208 1763 6580 79081 4340 21861 997 752 134 786 248 52 72 77 370 72 80 184 1898 1638
leaf_count=1255 89 51 807 58 84 66 3661 1687 1223 94 160208 1763 6580 79081 4340 21861 997 752 134 786 248 52 72 77 370 72 80 184 1898 1638
internal_value=-5.64663e-05 -0.00140241 0.000406745 -0.00279132 -0.000506793 0.00466667 -4.56172e-05 -4.77331e-05 -0.00120506 -0.000255476 -3.55282e-05 -0.000168514 -0.00124236 -9.13067e-05 -0.000480006 -0.00025219 -6.29451e-05 4.35468e-05 0.000140693 0.00254644 0.00675889 0.0120543 0.0183871 -0.00198498 0.0016474 0.00775168 6.75495e-05 0.00541667 1.83081e-05 0.00133484
internal_weight=290268 2321 1008 1313 957 150 287947 287858 3004 1781 284854 124382 8343 116039 36958 32099 28438 27441 26689 1292 506 258 124 4859 519 149 160472 264 25397 3536
internal_count=290268 2321 1008 1313 957 150 287947 287858 3004 1781 284854 124382 8343 116039 36958 32099 28438 27441 26689 1292 506 258 124 4859 519 149 160472 264 25397 3536
is_linear=0
shrinkage=0.05


Tree=150
num_leaves=31
num_cat=0
split_feature=5 24 17 23 23 23 24 9 17 3 16 24 20 9 5 19 2 23 14 17 9 20 23 21 24 1 23 14 16 24
split_gain=1.66532 2.03192 1.58146 1.52167 4.77285 4.1976 3.91476 3.51485 3.01818 3.32059 5.17421 5.65262 3.08619 3.03894 2.98037 3.0616 2.8568 2.58682 2.27735 2.21199 2.10793 3.14472 2.95585 2.45501 2.38363 5.68005 4.03042 3.0718 2.67835 2.44548
threshold=3.0692857142857153 1.7100000000000002 355.50000000000006 -0.99465740988130902 -0.97507822412530132 -0.97111920233974802 1.3800000000000001 349.36264038085943 64.500000000000014 8.3916666666666693 6.3500000000000005 0.83000000000000007 411.35000000000008 340.39927673339849 7.5007142857142872 3.5550000000000002 -1.679999999999999 -0.99983123799342477 29.850000000000005 12.500000000000002 349.36264038085943 207.80000000000004 -0.99273797715557011 72.500000000000014 0.83000000000000007 5.3050000000000006 -0.99052477729077237 30.150000000000002 9.2500000000000018 -0.049999999999999996
decision_type=2 10 2 2 2 2 10 2 2 2 2 10 8 2 2 2 2 2 2 2 2 10 2 10 10 2 2 2 2 10
left_child=1 -1 3 6 8 -6 7 14 9 10 -5 13 20 18 -2 -16 17 -9 -12 -17 21 22 -10 -22 25 26 27 -23 -28 -27
right_child=2 -3 -4 4 5 -7 -8 16 12 -11 11 -13 -14 -15 15 19 -18 -19 -20 -21 23 24 -24 -25 -26 29 28 -29 -30 -31
leaf_value=-0.003529701534735983 -0.0070809587470842487 0.0072772016705354818 -0.0017613958242063479 -0.0010998055381381618 -0.0039087570370139896 -5.5077304335721657e-05 0.0012391297458137314 -0.0054676720113313714 0.0089157103083752874 0.00035149303998155044 0.011823033946374446 0.00042059568892690262 -0.00062286534632071951 0.0022945316212523697 0.0041654966831767551 0.0047888429195771928 -0.00028612526170294217 0.0037812630707683942 0.012257485273133899 -0.0023970013705639295 -0.0014999588086770609 -0.0048983209922889926 0.004119017024253783 0.0054467490452553263 0.00064240499717883827 -0.00031980930172877613 0.010250988123235721 0.0030231311972402555 0.0041949022263809569 0.0026614794409842118
leaf_weight=1088 1576 86 3015 103 1552 264157 2329 60 110 306 65 95 3177 55 70 79 1027 259 52 4012 1047 69 417 71 3216 860 91 50 60 1114
leaf_count=1088 1576 86 3015 103 1552 264157 2329 60 110 306 65 95 3177 55 70 79 1027 259 52 4012 1047 69 417 71 3216 860 91 50 60 1114
internal_value=-5.42269e-05 -0.00193356 -4.6595e-05 -3.45895e-05 -1.33205e-05 -5.54942e-05 -0.000659797 -0.00124453 0.00100931 0.00424556 0.00743243 0.0111049 0.000796536 0.0165116 -0.00178403 -0.00108267 0.00105498 0.00518809 0.0210684 -0.00126008 0.00137579 0.00174795 0.00543643 -0.000617175 0.00139194 0.0026426 0.00944444 0.00256302 0.0148675 0.00171226
internal_weight=290268 1174 289094 286079 276667 265709 9412 7083 10958 676 370 267 10282 172 5737 4161 1346 319 117 4091 7105 5987 527 1118 5460 2244 270 119 151 1974
internal_count=290268 1174 289094 286079 276667 265709 9412 7083 10958 676 370 267 10282 172 5737 4161 1346 319 117 4091 7105 5987 527 1118 5460 2244 270 119 151 1974
is_linear=0
shrinkage=0.05


Tree=151
num_leaves=31
num_cat=0
split_feature=5 17 9 22 22 23 15 17 20 16 2 22 20 1 1 19 20 18 23 23 23 0 10 22 23 22 22 16 13 20
split_gain=1.59457 1.54143 1.43577 3.07656 13.7855 8.72702 9.38971 8.17673 5.96329 4.78054 3.31111 3.42322 3.1381 3.88399 2.75874 2.8969 2.64158 2.55927 2.53574 9.21769 7.5608 8.35174 7.41556 6.43136 5.8031 6.40524 4.96143 4.95359 4.93474 4.46405
threshold=3.0692857142857153 355.50000000000006 124.53853225708009 -0.42180583328916638 -0.35846811432664222 -0.92272482904738262 76.500000000000014 268.50000000000006 267.2000000000001 7.4500000000000011 -2.6499999999999986 -0.40614700388750385 310.25000000000006 7.2350000000000012 16.755000000000006 12.395000000000001 274.50000000000006 8.0750000000000011 -0.8611288361322974 -0.82413948779581736 -0.84313311835787952 5.4750000000000005 5.0407142639160165 0.51297097409535064 -0.90892157495189674 -0.28519255817492867 -0.46038400545438724 9.2500000000000018 1.0000000180025095e-35 426.60000000000008
decision_type=2 2 2 2 2 2 2 2 10 2 2 2 10 2 2 2 10 2 2 2 2 2 2 2 2 2 2 2 2 8
left_child=-1 2 18 12 5 8 16 -8 -5 -10 -9 -12 -4 -14 15 -6 -7 -11 24 20 23 -22 -23 -20 25 -2 28 -24 -26 -25
right_child=1 -3 3 4 14 6 7 10 9 17 11 -13 13 -15 -16 -17 -18 -19 19 -21 21 22 27 29 26 -27 -28 -29 -30 -31
leaf_value=-0.002915815017677144 0.0022286930560781511 -0.0016733260329960269 -0.0010757011087718284 0.010306272682115073 -5.7507711773854432e-05 0.0025615885338474342 0.0037706628581085548 0.0075317163765464268 0.0058790891351404029 0.0074676054311816932 0.0079875885823599731 0.0051026559621685091 0.0012936186270367802 -0.00090823480474218766 0.0019207654352733695 -0.0012722744414725602 -0.00072249446133800085 0.00017360601269994356 -0.0028528746179738141 0.00017245112684810226 0.0095179356178044863 0.0036455103124230902 0.027697316612154861 0.0067975914672723532 0.011983220675871327 -0.00052872411557796815 -0.0051898133799018389 0.0098646750686987254 -0.0011951962191340862 -0.0012741796817152377
leaf_weight=1174 4419 3015 29157 117 99828 780 309 53 52 58 65 118 6001 7612 3369 9113 1169 168 1271 97302 94 1439 79 526 272 16223 4180 201 1885 219
leaf_count=1174 4419 3015 29157 117 99828 780 309 53 52 58 65 118 6001 7612 3369 9113 1169 168 1271 97302 94 1439 79 526 272 16223 4180 201 1885 219
internal_value=-5.19876e-05 -4.45196e-05 -3.2667e-05 -0.00013354 9.10274e-07 0.00341121 0.00231756 0.00811926 0.0103165 0.00633093 0.0151271 0.0119399 -0.000495676 0.000131123 -8.68145e-05 -0.000130393 0.000695227 0.00318584 9.17169e-05 0.000206612 0.00261295 0.00495587 0.0041623 0.000505951 -0.000338969 6.73372e-05 -0.00166246 0.0116071 0.000285117 0.00419463
internal_weight=290268 289094 286079 157969 115199 2889 2494 545 395 278 236 183 42770 13613 112310 108941 1949 226 128110 101131 3829 1813 1719 2016 26979 20642 6337 280 2157 745
internal_count=290268 289094 286079 157969 115199 2889 2494 545 395 278 236 183 42770 13613 112310 108941 1949 226 128110 101131 3829 1813 1719 2016 26979 20642 6337 280 2157 745
is_linear=0
shrinkage=0.05


Tree=152
num_leaves=31
num_cat=0
split_feature=15 23 13 16 16 14 5 22 23 13 23 23 14 23 23 18 23 22 14 18 14 5 11 22 22 18 22 8 23 3
split_gain=1.60626 3.45719 3.42532 3.50127 3.25614 3.11592 2.9297 3.73542 11.2283 2.87495 2.42308 4.79637 4.55258 3.82758 7.41481 6.22504 5.68047 10.5083 6.78634 6.6217 4.89051 4.2193 6.54239 3.85252 7.11607 3.74655 4.187 3.68495 3.73366 3.40914
threshold=64.500000000000014 0.96849880583763492 4.2500000000000009 13.450000000000001 13.350000000000003 31.450000000000003 52.487142857142864 -0.92274349529687905 -0.35846086284744721 29.650000000000002 -0.8611288361322974 -0.44505783185115427 24.050000000000004 -0.57077231802681661 -0.54219087765047058 14.755000000000001 -0.6652727025667432 0.66527693225344786 31.050000000000004 14.185 31.350000000000005 12.987857142857147 3.0149999856948857 0.55656748448714433 0.51297097409535064 11.125000000000002 -0.86976336936302323 27.500000000000004 -0.39827153806311183 9.1116666666666699
decision_type=2 2 2 2 2 2 2 2 2 2 2 2 2 2 2 2 2 2 2 2 2 2 2 2 2 2 2 2 2 2
left_child=1 2 4 -4 10 -6 -2 8 -8 -5 -1 12 -12 16 15 -15 17 23 -19 29 -17 22 -16 24 -14 26 -24 28 -13 -20
right_child=6 -3 3 9 5 -7 7 -9 -10 -11 11 27 13 14 21 20 -18 18 19 -21 -22 -23 25 -25 -26 -27 -28 -29 -30 -31
leaf_value=-0.00043470847400042589 5.1860795777365839e-05 -0.0015740298289277921 -0.00089263657787447671 0.0010457619485674859 -0.0021719666658728113 -1.2868306597654558e-05 0.027030601709299985 0.00069959875036116389 -0.024855890879334808 0.0070986650453056556 0.011705647272155869 -0.0066600622268060631 0.0015547713046170008 0.0046125649394905092 0.0034067289215392706 0.025379806016655827 -0.0033973338475840869 -0.0019922352717732842 0.0055077157917452352 -0.0017945979027329572 0.013178892469949932 -0.0002665243732205117 0.045672549542880927 -0.0029492266099030535 0.0061114996856306749 0.010711402296376495 0.010303349761864243 0.01476877291818636 0.00024761167081675123 0.0089943370909733953
leaf_weight=13750 163316 8621 43554 4298 5481 9521 76 247 66 128 56 922 4908 235 1063 92 1973 118 201 85 187 1380 74 957 417 122 50 185 28008 177
leaf_count=13750 163316 8621 43554 4298 5481 9521 76 247 66 128 56 922 4908 235 1063 92 1973 118 201 85 187 1380 74 957 417 122 50 185 28008 177
internal_value=-5.43992e-05 -0.000188168 -0.000117517 -0.000442894 0.000105628 -0.000547262 4.90199e-05 0.00438303 0.0108451 0.000896971 0.000283842 0.000475612 0.00131252 0.00124636 0.00272713 0.00822957 0.000709596 0.00138933 0.00782272 0.0105508 0.0132796 0.00167534 0.00370894 0.000794332 0.00131925 0.0110569 0.0171774 0.00012794 8.29577e-05 0.0133862
internal_weight=290268 126563 117942 47980 69962 15002 163705 389 142 4426 54960 41210 12095 12039 3203 514 8836 6863 581 463 279 2689 1309 6282 5325 246 124 29115 28930 378
internal_count=290268 126563 117942 47980 69962 15002 163705 389 142 4426 54960 41210 12095 12039 3203 514 8836 6863 581 463 279 2689 1309 6282 5325 246 124 29115 28930 378
is_linear=0
shrinkage=0.05


Tree=153
num_leaves=31
num_cat=0
split_feature=22 23 24 19 19 21 4 3 22 22 24 19 20 1 4 1 17 22 23 22 15 19 23 22 23 24 19 22 24 24
split_gain=1.45583 2.14816 6.30604 3.51429 3.77622 3.15251 2.50461 3.37635 2.34659 2.05816 6.01136 5.1449 2.27115 1.96124 2.68009 1.8339 1.67195 1.65413 15.9792 9.0865 8.74211 7.20677 5.2494 5.42357 7.28667 6.42987 6.43175 9.16696 7.24839 7.1403
threshold=0.99700008544936913 0.04621408538533487 1.0000000180025095e-35 7.3150000000000004 9.8250000000000011 30.600000000000005 10.525 8.7250000000000032 0.99983759474438971 0.9962888416657264 0.36500000000000005 8.1650000000000009 290.7000000000001 6.955000000000001 8.9150000000000009 5.4350000000000014 275.50000000000006 0.49812943072827093 -0.80417042486635371 0.42179998225932674 90.500000000000014 6.9650000000000007 -0.78324956448884031 0.67802080537253961 0.59003219687534991 0.47500000000000003 8.6050000000000022 0.58481550752069722 -0.24999999999999997 -0.24999999999999997
decision_type=2 2 10 2 2 8 2 2 2 2 10 2 10 2 2 2 2 2 2 2 2 2 2 2 2 10 2 2 10 10
left_child=9 2 3 -2 6 -4 -5 -8 13 17 -11 12 15 -7 -15 -12 -9 19 20 -1 21 -19 -20 25 -25 26 27 28 -24 -29
right_child=1 -3 5 4 -6 8 7 16 -10 10 11 -13 -14 14 -16 -17 -18 18 22 -21 -22 -23 23 24 -26 -27 -28 29 -30 -31
leaf_value=-7.7161360955846107e-05 -0.0015220663339132773 -0.0033418452565906922 -0.0034214033121088522 0.0015923020649494545 0.0015254894522289985 0.00015934303380886906 0.011023059689876467 0.0063486475500599479 -0.0024366832272800956 -0.0016229291457761728 0.0079180632185677086 -0.0032005066107610169 0.0020383942460679397 0.0067522500354271226 0.0019963776093579709 0.006454388837499294 0.0052502444333945505 0.0048691148134376045 -0.004833668390328609 -0.0029440210173128688 0.014173117202758559 0.0018463065818658628 0.0024996983870784009 5.5775576560420413e-05 -0.0023704663047988696 -0.00069906450100905054 5.1111406437375975e-05 0.0004928291937943526 -0.0041916911873237884 0.0069865213476893217
leaf_weight=185724 232 1584 2778 71 245 849 68 84 618 396 86 105 95 53 454 110 92 1616 1584 7920 78 3850 1197 59400 8712 4950 3355 678 1403 1881
leaf_count=185724 232 1584 2778 71 245 849 68 84 618 396 86 105 95 53 454 110 92 1616 1584 7920 78 3850 1197 59400 8712 4950 3355 678 1403 1881
internal_value=-5.04373e-05 -0.000756174 -0.000292209 0.00383838 0.00598214 -0.000980641 0.00960317 0.0120082 0.000547111 -3.26705e-05 0.00251263 0.00686869 0.0102921 0.00171091 0.0041716 0.0133673 0.00835227 -3.98102e-05 0.000139 -0.000121719 0.00273809 0.00250091 -3.42725e-05 2.10834e-05 -0.000160179 0.000938056 0.0017712 0.00287943 0.00078846 0.00500391
internal_weight=290268 7128 5544 792 560 4752 315 244 1974 283140 792 396 291 1356 507 196 176 282348 88704 193644 5544 5466 83160 81576 68112 13464 8514 5159 2600 2559
internal_count=290268 7128 5544 792 560 4752 315 244 1974 283140 792 396 291 1356 507 196 176 282348 88704 193644 5544 5466 83160 81576 68112 13464 8514 5159 2600 2559
is_linear=0
shrinkage=0.05


Tree=154
num_leaves=31
num_cat=0
split_feature=18 5 22 24 20 19 17 22 19 22 23 9 1 19 22 13 13 24 24 24 24 19 22 19 22 20 13 2 14 20
split_gain=1.56378 1.86332 1.48905 2.82214 2.41813 2.25229 2.18576 2.23511 1.94069 1.91292 4.29662 3.41319 3.01275 4.56842 2.9623 3.26157 2.94475 2.71709 2.53006 4.64474 3.93344 8.46807 5.31545 3.51977 4.77922 3.17498 4.41128 4.92905 5.06771 2.69818
threshold=2.7350000000000008 9.8564285714285749 -0.99763297024448894 1.4950000000000003 267.2000000000001 11.135000000000003 253.50000000000003 -0.99985146406598202 5.9650000000000007 -0.98214942551678475 0.14888728888808328 569.42919921875011 8.7550000000000008 14.885000000000003 -0.98803845231459242 8.2500000000000018 10.350000000000003 -0.22499999999999995 -0.22499999999999995 1.4950000000000003 -0.58499999999999985 5.5150000000000006 -0.99467753128998015 16.515000000000004 -0.99275805973510278 314.30000000000001 0.15000000000000005 -2.6499999999999986 32.050000000000004 491.60000000000008
decision_type=2 2 2 10 10 2 2 2 2 2 2 2 2 2 2 2 2 10 10 10 10 2 2 2 2 10 2 2 2 10
left_child=1 -1 3 4 -2 -5 -7 -8 -6 10 11 14 13 17 18 -16 -17 -12 20 -20 22 -22 -4 24 -23 -26 29 -28 -29 -27
right_child=2 -3 9 5 8 6 7 -9 -10 -11 12 -13 -14 -15 15 16 -18 -19 19 -21 21 23 -24 -25 25 26 27 28 -30 -31
leaf_value=-0.0019281153528802977 -0.0070807487066833893 0.0073381061841792635 0.0016103907323657745 -0.0033339151997095334 0.0033291617890441462 0.0019739547794053718 0.0094458425415729266 0.0026716660976423751 -0.0028896127218017483 -5.9405285720916142e-05 -0.0070497246605365164 0.0050143359343851933 -0.006640005782813191 0.01177085955870487 0.0029806350988534399 0.010539394608537825 0.0061052307393488874 0.0022390199057329553 -0.0037549870474436822 0.0028551381358583546 0.0092402195894287914 0.0020622794230602047 -0.002983730718727966 -0.0021374218470728095 -0.0062016104481801256 0.0059579182156571254 0.010910034204379797 0.0055785662893005532 0.014705714958421446 -0.0040651830781291949
leaf_weight=4553 1388 96 723 387 746 1074 55 68 2536 268393 399 122 785 86 1045 105 433 291 1916 1967 149 798 1152 458 71 101 55 159 63 94
leaf_count=4553 1388 96 723 387 746 1074 55 68 2536 268393 399 122 785 86 1045 105 433 291 1916 1967 149 798 1152 458 71 101 55 159 63 94
internal_value=-4.64755e-05 -0.000956121 -3.16693e-05 -0.000794693 -0.00141328 0.00102904 0.00210108 0.00841463 -0.000673371 -1.45878e-05 0.000632518 0.00103549 -0.00179693 0.00041237 0.000926363 0.0028964 0.00605948 -0.00094203 0.00052167 -0.000377287 0.00143474 0.00300821 -0.000200001 0.00205948 0.00335197 0.00697053 0.00845339 0.012509 0.00918919 0.00269231
internal_weight=290268 4649 285619 6254 4670 1584 1197 123 3282 279365 10972 9411 1561 776 9289 1583 538 690 7706 3883 3823 1948 1875 1799 1341 543 472 277 222 195
internal_count=290268 4649 285619 6254 4670 1584 1197 123 3282 279365 10972 9411 1561 776 9289 1583 538 690 7706 3883 3823 1948 1875 1799 1341 543 472 277 222 195
is_linear=0
shrinkage=0.05


Tree=155
num_leaves=31
num_cat=0
split_feature=15 23 20 13 16 16 14 5 3 19 13 13 5 23 23 23 22 23 9 22 19 22 22 14 9 23 14 23 23 22
split_gain=1.45625 3.15653 3.40166 3.02919 3.22546 2.98196 2.92169 2.70801 4.07297 2.61036 2.83886 2.59552 2.43193 4.37188 3.44244 6.82714 3.85936 7.42214 6.62941 9.39225 5.20087 4.40418 3.91628 3.5002 3.3944 3.31104 3.24785 5.15931 3.18969 5.13598
threshold=64.500000000000014 0.96849880583763492 297.00000000000006 4.2500000000000009 13.450000000000001 13.350000000000003 30.850000000000005 72.547142857142873 77.253333333333345 5.8450000000000006 0.15000000000000005 29.650000000000002 8.4635714285714325 0.74298546529340237 0.68274389090025245 0.65720762023595369 0.48314048284850658 -0.62587551141915865 417.44560241699224 0.72695311118111527 5.7650000000000006 0.79904096188274243 0.42179998225932674 26.850000000000005 349.36264038085943 -0.99864786094873803 32.350000000000001 -0.36648370705903521 -0.80417042486635371 0.57077594689671507
decision_type=2 2 8 2 2 2 2 2 2 2 2 2 2 2 2 2 2 2 2 2 2 2 2 2 2 2 2 2 2 2
left_child=1 3 -3 5 -5 -1 9 12 -9 10 -7 -6 25 14 15 16 22 18 20 23 -18 -19 -14 -20 -17 -2 28 -28 29 -27
right_child=7 2 -4 4 11 6 -8 8 -10 -11 -12 -13 13 -15 -16 24 17 21 19 -21 -22 -23 -24 -25 -26 26 27 -29 -30 -31
leaf_value=0.00040690711169116947 -0.0033516807968190275 0.00070139675667527524 -0.0020966393029256251 -0.00085155601113245591 0.00096925520034020116 0.009639199113275182 -0.00016721119782859965 0.011646488613801839 0.00066113706601286749 -0.0029692477065154724 0.00018783446514823284 0.0067485660914375582 -0.00022383971587826252 0.0013786430469538897 -0.0029817817438189242 0.0074778842502428462 0.0072229292475283775 -0.0042054175194349381 0.014518234820207003 0.009983545453847692 0.0014799939307007101 0.00042602927562340937 -0.0049542774901255304 0.002024748510043875 -0.002502293407591694 0.00040943283417033843 0.009196548404970287 -0.0040987092638075538 -0.00028613214001592179 0.0047694919035707641
leaf_weight=54960 1535 1853 6768 43554 4298 51 11428 83 185 3313 210 128 32063 14073 2082 675 498 1346 63 51 3477 14600 1192 348 161 12963 205 104 77260 741
leaf_count=54960 1535 1853 6768 43554 4298 51 11428 83 185 3313 210 128 32063 14073 2082 675 498 1346 63 51 3477 14600 1192 348 161 12963 205 104 77260 741
internal_value=-4.57865e-05 -0.000173156 -0.00109674 -0.000105646 -0.000411631 0.000104198 -0.000520598 5.2685e-05 0.00507463 -0.00176833 0.00304598 0.000874377 4.44502e-05 0.000265541 6.93106e-05 0.000145573 7.56914e-05 0.000617425 0.00242619 0.00809524 0.00176729 0.000114134 -0.000256354 0.00558394 0.00462919 -0.000123805 -8.50756e-05 0.00503236 -0.000102459 0.000600553
internal_weight=290268 126563 8621 117942 47980 69962 15002 163705 268 3574 261 4426 163437 70629 56556 54474 53638 20383 4437 462 3975 15946 33255 411 836 92808 91273 309 90964 13704
internal_count=290268 126563 8621 117942 47980 69962 15002 163705 268 3574 261 4426 163437 70629 56556 54474 53638 20383 4437 462 3975 15946 33255 411 836 92808 91273 309 90964 13704
is_linear=0
shrinkage=0.05


Tree=156
num_leaves=31
num_cat=0
split_feature=16 24 24 0 24 24 1 23 23 24 22 22 23 4 2 20 9 13 16 15 22 14 22 22 23 22 22 9 23 9
split_gain=1.41167 1.86864 2.06136 2.81795 3.58432 2.69043 4.91284 2.478 2.05921 2.79076 10.843 2.18644 5.90421 2.10801 1.96773 2.00672 1.69029 1.65698 2.47686 2.13055 3.78362 1.70721 2.50677 5.57637 4.18645 2.72622 2.81518 4.15724 1.92683 2.8619
threshold=6.0500000000000007 -0.77999999999999992 0.47500000000000003 3.7350000000000008 -0.064999999999999988 1.0000000180025095e-35 3.6650000000000005 -0.49065906150552346 -0.98801846520836312 1.7100000000000002 -0.082689790342551819 -0.63921128368950708 -0.70289845916694649 11.065000000000003 1.4500000000000006 211.10000000000002 74.368156433105483 33.750000000000007 9.3500000000000032 62.500000000000007 0.94978112945126536 31.750000000000004 0.52766072109828632 0.62587949062545845 -0.6652727025667432 -0.0053757284505435614 -0.11692013674435776 335.62925720214849 0.1318557721318592 254.37982940673831
decision_type=2 8 10 2 8 10 2 2 2 10 2 2 2 2 2 10 2 2 2 2 2 2 2 2 2 2 2 2 2 2
left_child=1 -1 3 4 -3 7 -7 -6 9 13 -11 12 14 -4 15 -10 -15 -2 -19 20 -20 22 25 -24 -25 26 -21 -28 -26 -30
right_child=17 2 8 -5 5 6 -8 -9 11 10 -12 -13 -14 16 -16 -17 -18 18 19 21 -22 -23 23 24 28 -27 27 -29 29 -31
leaf_value=-0.0041705535951861604 -5.2975660508356024e-05 0.00030842289647777085 -0.0021515507815050654 -0.00025248996561155149 0.010962366262584079 0.0053369347488473416 -0.0034593895039430169 0.0040259493939046806 0.0053245367314812206 0.016568324926035913 -0.0048282508730543528 -0.0028675419216213751 -0.00064740661990119114 0.0062299903763505353 0.017759880743405763 -0.0012145035181913878 0.0010707292975096195 -0.00025587960286543453 0.0042481775424732084 0.0014555155828688284 0.0080322951959782129 -0.0075696461051884536 0.01295421838661689 0.0077070804723695201 -0.00063743509211320161 -0.0042120137856596204 -0.0028136854500547493 0.011709356018989632 0.0064092411811638344 0.0013184650627154687
leaf_weight=899 261180 843 479 11938 89 62 173 54 55 69 138 5288 1204 68 54 54 131 3759 336 1276 60 136 51 81 407 696 52 50 172 414
leaf_count=899 261180 843 479 11938 89 62 173 54 55 69 138 5288 1204 68 54 54 131 3759 336 1276 60 136 51 81 407 696 52 50 172 414
internal_value=-4.35472e-05 -0.000432449 -0.000335525 4.21753e-05 0.00233006 0.00637566 0.00308511 0.0117832 -0.000994696 0.00127119 0.00635266 -0.00129602 0.000486466 -0.000280237 0.00941718 0.00555046 0.00404522 -1.22839e-05 0.00072096 0.00163361 0.00510101 0.00122189 0.00145514 0.00335555 0.00258845 0.0004243 0.00171263 0.00970588 0.00169688 0.00353242
internal_weight=290268 21598 20699 13159 1221 378 235 143 7540 885 207 6655 1367 678 163 109 199 268670 7490 3731 396 3335 3199 1125 1074 2074 1378 102 993 586
internal_count=290268 21598 20699 13159 1221 378 235 143 7540 885 207 6655 1367 678 163 109 199 268670 7490 3731 396 3335 3199 1125 1074 2074 1378 102 993 586
is_linear=0
shrinkage=0.05


Tree=157
num_leaves=31
num_cat=0
split_feature=18 3 19 21 14 3 9 22 18 21 1 22 22 9 11 19 0 14 0 9 14 22 22 18 22 22 22 17 20 22
split_gain=1.40224 1.80575 1.64253 3.04187 5.33397 3.58148 3.57906 3.32871 4.73162 3.05679 2.83275 2.47339 3.49691 6.64629 2.906 2.67895 2.43066 2.57815 2.05816 2.02631 3.53533 2.60121 3.09389 3.50006 2.17378 2.16786 3.38795 9.61988 2.23166 2.11749
threshold=2.7350000000000008 8.9916666666666689 9.7750000000000004 77.500000000000014 32.150000000000013 8.6483333333333352 349.36264038085943 -0.97113884758256674 18.725000000000005 107.50000000000001 10.405000000000003 -0.91597725483594616 -0.86976336936302323 654.16970825195324 13.275000095367433 6.8450000000000006 18.335000000000004 33.550000000000004 8.2450000000000028 395.71284484863287 28.850000000000005 -0.99763297024448894 -0.99275805973510278 7.205000000000001 0.99865421017599998 -0.96689237009891416 -0.95244167294248061 221.50000000000003 617.20000000000016 0.9193901325473397
decision_type=2 2 2 8 2 2 2 2 2 10 2 2 2 2 2 2 2 2 2 2 2 2 2 2 2 2 2 2 10 2
left_child=1 -1 10 5 -5 6 -4 8 9 -6 19 -12 13 14 -13 -14 17 -11 -8 20 24 -21 23 -23 -2 -24 27 -27 29 -28
right_child=2 -3 3 4 7 -7 18 -9 -10 16 11 12 15 -15 -16 -17 -18 -19 -20 21 -22 22 25 -25 -26 26 28 -29 -30 -31
leaf_value=-0.0017965910866421957 -0.00068478998190679057 0.0065790420651511278 0.0011395913699176737 -0.0020253154062422397 0.0019162886586343267 -0.00041027570760123627 0.00028361290371104408 -2.0520097358659935e-05 -0.0024921302660556137 0.012253309452690049 -0.00099878405629963982 0.0024956716551481897 0.0015166821538830407 0.016087111303346443 0.01987060335180979 0.00021383136514384647 0.012980388121100764 0.020717342730200473 -0.0024030421335232539 -0.0086513649444277235 4.7332823295667772e-05 0.0018355842880577239 -0.0036049651772740846 0.01431014517825541 -0.0039017289457658126 0.0076643933313478843 9.823133586512212e-05 -0.0057232163570039227 0.0063468714134765685 0.0014473510719620365
leaf_weight=4559 34278 90 15355 10441 138 62142 2386 3758 293 122 5322 820 12005 52 90 19856 93 86 1716 332 83154 134 547 53 415 187 27003 203 137 4501
leaf_count=4559 34278 90 15355 10441 138 62142 2386 3758 293 122 5322 820 12005 52 90 19856 93 86 1716 332 83154 134 547 53 415 187 27003 203 137 4501
internal_value=-4.09633e-05 -0.000902346 -2.69427e-05 -0.000194759 -0.000850915 -7.46957e-05 0.000517293 0.000590199 0.00367486 0.006959 5.87278e-05 0.0004437 0.000605824 0.00357588 0.00258242 0.000516147 0.00978405 0.0127885 -0.000794735 -3.85585e-05 -0.000135643 0.000307126 0.000351746 0.0067647 -0.000559624 0.000314935 0.000368236 0.005 0.000311146 0.000283455
internal_weight=290268 4649 285619 96530 14931 81599 19457 4490 732 439 189089 38145 32823 962 910 31861 301 208 4102 150944 117847 33097 32765 187 34693 32578 32031 390 31641 31504
internal_count=290268 4649 285619 96530 14931 81599 19457 4490 732 439 189089 38145 32823 962 910 31861 301 208 4102 150944 117847 33097 32765 187 34693 32578 32031 390 31641 31504
is_linear=0
shrinkage=0.05


Tree=158
num_leaves=31
num_cat=0
split_feature=22 24 9 23 23 2 24 22 3 20 0 23 2 14 9 23 14 15 16 22 14 17 24 19 17 9 16 17 23 22
split_gain=1.45035 2.20129 3.2112 5.69024 8.0755 5.58705 7.03466 2.7378 2.5147 2.41047 3.36133 2.50816 3.18268 2.36943 2.35359 3.10847 2.26289 2.18939 2.05646 2.04903 6.15351 2.78518 2.32394 4.2677 3.18413 1.83492 1.80165 2.62794 3.35019 1.67199
threshold=0.99700008544936913 0.095000000000000015 528.79354858398449 0.04621408538533487 0.011826144619637555 0.080000000000000973 -0.029999999999999995 0.99966190462023474 13.068333333333337 159.70000000000002 10.535000000000002 -0.048362832084465616 1.9600000000000004 29.950000000000003 119.25447845458986 0.011826144619637555 31.250000000000004 64.500000000000014 9.3500000000000032 0.9962888416657264 31.850000000000005 90.500000000000014 0.36500000000000005 7.745000000000001 129.50000000000003 402.74378967285162 10.550000000000002 281.50000000000006 -0.013976481981245173 0.99466373373798567
decision_type=2 10 2 2 2 2 10 2 2 10 2 2 2 2 2 2 2 2 2 2 2 2 10 2 2 2 2 2 2 2
left_child=19 2 3 4 8 6 7 -6 25 10 11 12 16 -13 15 -15 -3 -17 -12 29 22 -22 -21 24 -24 -2 -11 -28 -29 -1
right_child=1 9 -4 -5 5 -7 -8 -9 -10 26 18 13 -14 14 -16 17 -18 -19 -20 20 21 -23 23 -25 -26 -27 27 28 -30 -31
leaf_value=-3.590520145154194e-05 -0.0018822002143559361 0.0065682263076680949 -0.0020117444252152616 -0.0019251292252858152 -0.017465862272492139 0.012134734118905484 0.0065793325979954772 0.0077028439908375188 0.006258445786857917 -0.0050258203321913962 0.00043404003785905173 -0.0034461838762531519 -0.0049517883740784743 -9.0706530373454826e-05 -0.0012481806188597482 0.0096502557557648361 0.0010328602925913537 0.0022852546035213978 0.0094537239577053775 -0.001542925707920486 0.0079172734295077634 0.0024057827298644046 0.0029555137440226403 -0.0039319501568172354 0.006319568063185798 0.0051701652440794147 -0.0036778363317727897 0.0076538147769718168 -0.0019634685841438725 -0.0021272205011318066
leaf_weight=280764 435 84 1029 635 89 78 82 57 51 1786 58 749 69 196 501 66 57 66 66 387 53 71 93 96 92 118 680 80 96 1584
leaf_count=280764 435 84 1029 635 89 78 82 57 51 1786 58 749 69 196 501 66 57 66 66 387 53 71 93 96 92 118 680 80 96 1584
internal_value=-4.47529e-05 -0.000749159 0.000419579 0.00186084 0.0043956 0.0110131 0.0070614 0.000479451 0.00104305 -0.00140975 -5.75326e-05 -0.000609621 0.00452381 -0.00129278 0.000548853 0.00384146 0.00882979 0.00977273 0.00790322 -2.70196e-05 0.00251263 0.0127419 0.000613771 0.00407473 0.00851351 6.32899e-05 -0.00238834 -0.000502338 0.00494318 -3.41435e-05
internal_weight=290268 7128 2574 1545 910 306 228 146 604 4554 1912 1788 210 1578 829 328 141 132 124 283140 792 124 668 281 185 553 2642 856 176 282348
internal_count=290268 7128 2574 1545 910 306 228 146 604 4554 1912 1788 210 1578 829 328 141 132 124 283140 792 124 668 281 185 553 2642 856 176 282348
is_linear=0
shrinkage=0.05


Tree=159
num_leaves=31
num_cat=0
split_feature=17 23 19 24 22 23 21 20 24 22 22 22 14 22 22 20 14 2 13 22 23 23 21 22 9 14 5 2 3 23
split_gain=1.34291 1.4991 1.45921 4.23473 4.45034 4.37529 5.41596 3.84548 5.06246 4.23351 7.06092 20.7085 9.15403 5.87484 5.18004 9.48282 3.97218 3.88821 4.00949 3.74793 7.98514 5.10407 4.97838 3.81541 4.14804 3.64088 3.60912 3.57425 6.10797 3.57113
threshold=355.50000000000006 0.68274389090025245 9.7750000000000004 1.0350000000000004 -0.30163705152652742 -0.90892157495189674 77.500000000000014 429.10000000000008 -0.95499999999999985 -0.99467753128998015 -0.85227431625818906 -0.814291907305839 28.250000000000004 -0.63921128368950708 -0.99940763397299126 324.7000000000001 32.350000000000001 -4.3949999999999978 3.3500000000000001 -0.83377653105606597 -0.5129677127369543 0.39629089145655322 36.900000000000006 -0.85227431625818906 36.692527770996101 32.250000000000007 32.962857142857153 -0.22000000000000039 11.251666666666667 -0.99938741687870725
decision_type=2 2 2 10 2 2 10 8 10 2 2 2 2 2 2 10 2 2 2 2 2 2 10 2 2 2 2 2 2 2
left_child=2 -2 26 7 5 6 -5 8 9 14 -11 12 -12 -13 -4 -16 -14 -15 -19 20 22 25 -7 24 -23 -22 -1 28 -26 -9
right_child=1 -3 3 4 -6 19 -8 29 -10 10 11 13 16 17 15 -17 -18 18 -20 -21 21 23 -24 -25 27 -27 -28 -29 -30 -31
leaf_value=4.9166581107140607e-05 -0.00024778577722173406 -0.0031755607560374367 -0.0082259791737055582 0.0060040098475915744 -0.00079579062916336745 0.016376044601214487 -0.0020025862850469246 0.0046975364700449287 -0.00041930209426239594 -0.0025641480274776747 0.021323732461865218 -0.0017316072640919248 0.020969785592567017 0.01791626245190725 0.025671118566224761 0.0063296868789545812 -0.0001070011225237528 0.0019074315440559125 0.015075620898620499 -0.0009102425465085588 -0.00093054029670332965 0.0032546034173379537 0.0002274463225658198 -0.0084638489458909536 0.018889611592105254 0.0032269302393771121 0.0080729215879661847 0.0076750238018200405 0.0063219041083037763 -0.0016306774720701433
leaf_weight=190970 1788 1242 78 1062 7595 215 444 101 50541 1923 53 1303 202 95 101 149 62 550 114 4852 4084 401 117 226 51 3045 564 371 54 17915
leaf_count=190970 1788 1242 78 1062 7595 215 444 101 50541 1923 53 1303 202 95 101 149 62 550 114 4852 4084 401 117 226 51 3045 564 371 54 17915
internal_value=-4.19969e-05 -0.00108911 -3.09511e-05 -0.00019038 0.000409245 0.000910735 0.00346613 -0.000374863 -0.000167752 0.00141469 0.000997209 0.00281841 0.0147161 0.00098933 0.00689024 0.0104 0.0109091 0.00448616 0.00313253 0.000623881 0.00125292 0.000946306 0.00885542 0.00411151 0.00560433 0.000456585 4.87108e-05 0.0087605 0.0169048 -0.0010091
internal_weight=290268 3030 287238 95704 22517 14922 1506 73187 55171 4630 4302 2379 317 2062 328 250 264 759 664 13416 8564 8232 332 1103 877 7129 191534 476 105 18016
internal_count=290268 3030 287238 95704 22517 14922 1506 73187 55171 4630 4302 2379 317 2062 328 250 264 759 664 13416 8564 8232 332 1103 877 7129 191534 476 105 18016
is_linear=0
shrinkage=0.05


Tree=160
num_leaves=31
num_cat=0
split_feature=24 22 22 22 22 3 22 17 19 16 19 22 5 22 3 17 22 4 1 3 1 9 22 20 22 22 4 4 14 1
split_gain=1.3469 3.34763 12.146 4.6599 5.17174 4.32665 4.03048 4.97061 4.39437 4.12989 3.89921 3.75917 3.61198 3.55114 5.93144 6.44352 3.69451 3.69408 3.50986 2.95579 2.52836 2.3975 2.83868 2.22774 2.14313 4.37879 5.00577 3.82708 3.01669 3.42144
threshold=1.9550000000000003 -0.14250824554987665 -0.32614396506100213 -0.63921128368950708 -0.67803021058859214 7.3050000000000006 -0.19337636264337835 141.50000000000003 11.185 9.8500000000000032 7.8250000000000011 -0.71504373327588355 5.4164285714285727 -0.26037633224328088 6.1450000000000005 335.50000000000006 -0.27694604220087021 6.4650000000000007 6.8750000000000009 5.6416666666666684 4.0050000000000008 243.87041473388675 -0.29343379936893921 295.90000000000003 -0.8041866928211282 -0.84315017450793706 11.265000000000002 13.825000000000001 32.250000000000007 9.6550000000000029
decision_type=10 2 2 2 2 2 2 2 2 2 2 2 2 2 2 2 2 2 2 2 2 2 2 10 2 2 2 2 2 2
left_child=-1 2 3 4 11 12 13 -8 9 -9 23 24 20 14 -4 16 21 -15 -5 -14 -6 -16 -23 -11 25 26 -2 -26 29 -29
right_child=1 -3 6 18 5 -7 7 8 -10 10 -12 -13 19 17 15 -17 -18 -19 -20 -21 -22 22 -24 -25 27 -27 -28 28 -30 -31
leaf_value=-2.8689606461170975e-05 0.0074962207445436026 -0.0042222821128083962 -0.0017117006966585883 -0.0045189021009662536 0.0072691247863746747 -0.0017841365171696135 -0.0068741648339165438 0.0050236024592040544 0.002267008449539826 0.011375242012557608 0.0056184536560861557 -0.0081919365650492213 0.010814314081707717 0.0064749113421156516 -0.0016242595087242199 0.0089924560423529747 0.0089791645971576146 -0.0020153517366852283 -0.00065142615618549561 0.0039476721269623826 -0.0042838514562844043 0.0015302995446152708 0.0058355941038975749 0.010233838973222973 -0.00089813452149759855 -0.011753311100307726 -0.0003431059367470203 0.0010333073333552269 -0.0013058071854714596 0.0091049722943725136
leaf_weight=278190 100 1782 302 2511 79 226 87 164 163 54 68 594 73 120 168 64 102 672 1647 126 90 106 50 58 925 792 296 165 228 266
leaf_count=278190 100 1782 302 2511 79 226 87 164 163 54 68 594 73 120 168 64 102 672 1647 126 90 106 50 58 925 792 296 165 228 266
internal_value=-4.11356e-05 -0.000558041 -0.000211734 -0.00110126 0.000126261 0.00442761 0.00310376 0.00661616 0.00851085 0.0117151 0.0169444 -0.0006328 0.00777174 0.00178661 0.00415404 0.00755102 0.00532864 -0.000580809 -0.00227032 0.0123367 0.00239645 0.00271605 0.00717949 0.0226786 0.000140691 -0.00146465 0.00282828 0.0013447 0.00425645 0.00671694
internal_weight=290268 12078 10296 8118 3960 594 2178 594 507 344 180 3366 368 1584 792 490 426 792 4158 199 169 324 156 112 2772 1188 396 1584 659 431
internal_count=290268 12078 10296 8118 3960 594 2178 594 507 344 180 3366 368 1584 792 490 426 792 4158 199 169 324 156 112 2772 1188 396 1584 659 431
is_linear=0
shrinkage=0.05


Tree=161
num_leaves=31
num_cat=0
split_feature=17 22 17 16 24 24 22 24 3 13 3 22 24 22 22 0 22 22 22 16 13 15 16 1 9 22 22 17 15 13
split_gain=1.35176 1.43245 1.43001 4.47358 3.52299 7.97947 19.4823 9.30577 7.9066 8.39318 7.54407 7.03342 6.3648 5.44079 5.2527 5.0662 7.7092 21.9816 7.52023 6.93153 4.85809 4.6659 4.45783 4.81037 4.22711 7.27651 5.98803 4.30799 4.82813 4.1877
threshold=355.50000000000006 0.76140650896573492 214.50000000000003 22.550000000000004 -0.27499999999999997 -0.18999999999999997 0.79904096188274243 -0.22499999999999995 7.2716666666666674 14.050000000000002 15.433333333333335 0.57077594689671507 -0.22499999999999995 0.49812943072827093 0.3744682635859638 8.3650000000000002 0.65233619298682533 0.69056404122701587 -0.66528616069191593 11.750000000000002 2.5500000000000003 62.500000000000007 11.15 6.2350000000000012 998.87963867187511 -0.40614700388750385 -0.24372957273992746 253.50000000000003 81.500000000000014 0.75000000000000011
decision_type=2 2 2 2 8 10 2 10 2 2 2 2 10 2 2 2 2 2 2 2 2 2 2 2 2 2 2 2 2 2
left_child=2 -2 -1 4 11 6 12 -8 9 21 20 13 15 14 24 16 18 22 19 -6 -10 -9 23 -18 -4 -26 27 -27 -29 -14
right_child=1 -3 3 -5 5 -7 7 8 10 -11 -12 -13 29 -15 -16 -17 17 -19 -20 -21 -22 -23 -24 -25 25 26 -28 28 -30 -31
leaf_value=-0.00016809476093264397 -0.0024622072006229064 0.001048199986429167 -0.00025812492791310398 0.0046203124422448281 0.0041288681786171904 0.00010149966150372824 -0.0010791763848242205 0.0094015750061649042 -0.00030009712972313066 0.0024772471536703622 0.010252915272039441 -0.0042688071661755389 0.0027020549087016493 0.0026088038601630621 -0.0037661147121112563 0.0013321161938577046 0.010420935126666617 0.00056514857829362102 0.00035999086722534609 0.010699328453721849 0.0059877593166906299 0.0099055768322706544 0.012658729788210674 0.0029426807794417581 -0.0014642215597171486 4.8190936967084746e-06 0.0018671175363615411 0.0037358904155294064 0.0077514606367015682 -0.0018584223358607968
leaf_weight=169343 2067 963 38396 108 294 56417 279 119 235 101 72 3111 828 885 3013 3846 72 277 1274 76 271 143 66 58 1524 153 2185 368 73 3651
leaf_count=169343 2067 963 38396 108 294 56417 279 119 235 101 72 3111 828 885 3013 3846 72 277 1274 76 271 143 66 58 1524 153 2185 368 73 3651
internal_value=-3.85518e-05 -0.00108911 -2.74697e-05 0.000106237 9.6911e-05 0.000330571 0.00152118 0.0075 0.00987779 0.0156612 0.00624567 -0.000223104 0.000822638 -6.94263e-05 -0.000144602 0.0018925 0.00385687 0.00948203 0.00223844 0.00851351 0.00409091 0.0203817 0.0222959 0.0169231 -2.22607e-06 0.00148385 0.00300648 0.00745791 0.00996599 -0.000601698
internal_weight=290268 3030 287238 117895 117787 68079 11662 1220 941 363 578 49708 10442 46597 45712 5963 2117 473 1644 370 506 262 196 130 42699 4303 2779 594 441 4479
internal_count=290268 3030 287238 117895 117787 68079 11662 1220 941 363 578 49708 10442 46597 45712 5963 2117 473 1644 370 506 262 196 130 42699 4303 2779 594 441 4479
is_linear=0
shrinkage=0.05


Tree=162
num_leaves=31
num_cat=0
split_feature=17 0 15 23 21 23 0 15 24 13 3 16 14 14 17 5 17 16 23 20 17 14 18 14 3 23 15 13 24 0
split_gain=1.3888 2.07435 2.50285 2.07199 2.00585 2.24484 4.06342 1.5743 3.11745 2.51566 2.4049 2.20137 3.9135 2.07324 2.89768 3.5581 2.63829 4.70044 2.57797 5.2169 3.61093 3.32093 2.66331 2.41117 2.80082 2.67217 2.43507 2.28963 2.02739 2.00135
threshold=345.50000000000006 5.3050000000000006 79.500000000000014 0.44312301391210612 36.900000000000006 0.26659387353423869 7.6850000000000014 90.500000000000014 -0.049999999999999996 36.250000000000007 5.161666666666668 11.15 26.050000000000004 26.250000000000004 161.50000000000003 13.907857142857146 276.50000000000006 4.0500000000000007 -0.013976481981245173 302.00000000000006 275.50000000000006 20.350000000000005 18.725000000000005 23.850000000000005 7.8683333333333332 -0.96234030595689413 68.500000000000014 29.050000000000004 -0.029999999999999995 5.3550000000000013
decision_type=2 2 2 2 8 2 2 2 10 2 2 2 2 2 2 2 2 2 2 10 2 2 2 2 2 2 2 2 10 2
left_child=7 -2 3 4 -3 -6 -7 13 11 10 -10 -9 -13 14 -1 16 18 -18 19 23 21 -20 -23 24 25 -16 -27 -28 -12 -30
right_child=1 2 -4 -5 5 6 -8 8 9 -11 28 12 -14 -15 15 -17 17 -19 20 -21 -22 22 -24 -25 -26 26 27 -29 29 -31
leaf_value=-0.0018853631546820442 -0.002968431747958506 -0.00030705555864056299 0.0031133298575555554 -0.0019639402743127786 0.0015877413869718313 0.01222635469303854 0.0032260806573757902 -0.0013985132356756995 0.0066505270684347811 -0.002887950043529766 0.012319408573011524 0.00010778081367663166 0.0083536238147942799 9.5958405527291169e-06 -0.0010192823331550535 0.0042127419973119334 0.0076935780914518352 -0.0019862605246592398 0.0036780472439993852 0.0052368414744310247 0.0039958107050122428 -0.0013837086290035597 0.0060460737416096807 -0.00055007609253390538 -0.0016677388899362874 0.012030419493878373 0.0023839602142633077 0.0098936983374838059 0.0062332850426797086 0.00059873407175844973
leaf_weight=6744 2188 2481 654 3572 576 51 123 1086 214 270 86 163 56 259056 142 614 84 4329 60 631 56 3473 53 2138 312 77 334 51 146 448
leaf_count=6744 2188 2481 654 3572 576 51 123 1086 214 270 86 163 56 259056 142 614 84 4329 60 631 56 3473 53 2138 312 77 334 51 146 448
internal_value=-3.99298e-05 -0.000629861 -0.000232668 -0.000516685 0.000400804 0.00266667 0.00764368 -1.96539e-05 0.00123734 0.00311856 0.00439597 -0.000440614 0.00413242 -3.08115e-05 -0.000533565 -7.85183e-05 -0.000272574 -0.00123839 0.000309129 0.00124152 -0.000634268 -0.000831011 -0.0010295 0.000386377 0.00253275 0.00451987 0.00636364 0.00474026 0.00294118 0.00190236
internal_weight=290268 9645 7457 6803 3231 750 174 280623 2469 1164 894 1305 219 278154 19098 12354 11740 4413 7327 3685 3642 3586 3526 3054 916 604 462 385 680 594
internal_count=290268 9645 7457 6803 3231 750 174 280623 2469 1164 894 1305 219 278154 19098 12354 11740 4413 7327 3685 3642 3586 3526 3054 916 604 462 385 680 594
is_linear=0
shrinkage=0.05


Tree=163
num_leaves=31
num_cat=0
split_feature=8 12 15 14 21 5 17 4 13 22 23 22 22 21 1 4 20 9 20 14 16 17 9 5 23 23 23 22 23 9
split_gain=1.3264 1.73281 1.39284 2.55537 3.00559 3.48301 5.08054 2.67627 2.59389 2.91198 2.43654 3.27591 2.70817 3.0961 3.22268 6.04445 2.67162 2.84289 2.35726 3.35444 4.72508 5.3688 2.60537 2.23515 3.77515 3.08314 5.26229 3.3046 6.60956 6.19962
threshold=64.500000000000014 2.5000000000000004 64.500000000000014 30.150000000000002 12.500000000000002 5.7907142857142864 212.50000000000003 7.0150000000000006 12.550000000000002 -0.93545489084327571 0.63089349388778826 0.67802080537253961 0.59868201182722736 397.50000000000006 7.3950000000000005 9.0550000000000015 372.2000000000001 128.510124206543 229.10000000000002 27.650000000000002 9.8500000000000032 289.50000000000006 194.27187347412112 8.4635714285714325 0.74298546529340237 0.68274389090025245 0.65720762023595369 0.48314048284850658 -0.62587551141915865 383.06039428710943
decision_type=2 2 2 2 8 2 2 2 2 2 2 2 2 8 2 2 10 2 10 2 2 2 2 2 2 2 2 2 2 2
left_child=2 -2 3 4 5 6 -1 -6 9 -8 -5 12 -12 14 15 -14 -17 -18 -11 20 22 -22 -20 -4 25 26 27 -25 29 -29
right_child=1 -3 23 10 7 -7 8 -9 -10 18 11 -13 13 -15 -16 16 17 -19 19 -21 21 -23 -24 24 -26 -27 -28 28 -30 -31
leaf_value=-0.00066883581834269873 0.01419647413761916 0.0013983042377511083 -0.00013354055107077809 0.00014057838220073518 -0.0033639698567689822 -0.00077809088966967013 -0.005266068325109576 -0.00094817828122713786 -0.0032760069803676145 -0.00062996088721534746 -0.00058206010442580678 -0.0042638338812583101 -0.0015032658161984154 -0.0074186920273628778 0.0010592326026462673 0.00256806366237574 0.010419587734934472 0.0097024367926888712 -0.0015495915103481972 0.0037141818612649864 0.0032333251641091833 0.013202062440376253 0.0087184046425849895 -0.00031367848165286588 0.0012858299765034034 -0.0028188486364677814 0.0058640438683082927 0.0021844301580596125 0.00010581592537661056 0.0062658608171189461
leaf_weight=1486 105 313 92808 74953 3862 7591 130 13703 322 102 19198 2276 135 242 1046 52 77 69 77 559 51 52 174 33511 14073 2082 836 3929 15946 508
leaf_count=1486 105 313 92808 74953 3862 7591 130 13703 322 102 19198 2276 135 242 1046 52 77 69 77 559 51 52 174 33511 14073 2082 836 3929 15946 508
internal_value=-3.9413e-05 0.00277512 -4.3472e-05 -0.000168323 -0.000588603 7.87166e-05 0.00153573 -0.000989184 0.00362304 0.00473799 -4.78349e-05 -0.000496862 -0.000299968 0.00166255 0.00257795 0.00686186 0.0124242 0.0158904 0.00564039 0.00644578 0.0102542 0.0192718 0.00655378 5.275e-05 0.000264159 8.25518e-05 0.000154393 9.33302e-05 0.000595348 0.00230223
internal_weight=290268 418 289850 126157 28109 10544 2953 17565 1467 1145 98048 23095 20819 1621 1379 333 198 146 1015 913 354 103 251 163693 70885 56812 54730 53894 20383 4437
internal_count=290268 418 289850 126157 28109 10544 2953 17565 1467 1145 98048 23095 20819 1621 1379 333 198 146 1015 913 354 103 251 163693 70885 56812 54730 53894 20383 4437
is_linear=0
shrinkage=0.05


Tree=164
num_leaves=31
num_cat=0
split_feature=5 19 24 23 23 24 23 22 22 23 23 11 9 23 22 22 24 13 22 5 19 21 3 22 9 1 5 22 22 24
split_gain=1.26469 1.35079 3.61103 4.4648 5.79538 3.15619 5.262 8.40722 5.85089 7.21752 13.4241 11.4336 5.4136 4.58697 8.57943 4.55663 7.85498 9.32058 7.03502 5.80827 4.72498 4.51353 4.24466 3.95792 3.77606 4.4068 3.61702 3.84434 21.634 7.86564
threshold=3.0692857142857153 9.7750000000000004 1.0350000000000004 0.51849435583340198 0.38043945030393422 0.24500000000000002 -0.26037106507032781 0.91596454896554913 -0.94705910369513524 -0.44505783185115427 -0.50557503990954278 11.414999961853029 340.39927673339849 -0.013976481981245173 0.98049069993378934 0.99552231814189451 0.095000000000000015 8.8500000000000032 0.9893236546938301 6.9928571428571447 8.3650000000000002 42.500000000000007 5.7516666666666678 0.98372640911059162 998.87963867187511 4.5150000000000006 14.056428571428572 0.67802080537253961 0.59868201182722736 -0.24999999999999997
decision_type=2 2 10 2 2 10 2 2 2 2 2 2 2 2 2 2 10 2 2 2 2 10 2 2 2 2 2 2 2 10
left_child=-1 5 -3 4 -4 6 7 8 12 10 22 -12 -2 -8 26 16 18 19 23 -18 -17 -9 -10 24 -16 -26 27 28 -15 -30
right_child=1 2 3 -5 -6 -7 13 21 9 -11 11 -13 -14 14 15 20 17 -19 -20 -21 -22 -23 -24 -25 25 -27 -28 -29 29 -31
leaf_value=-0.0027427277080105091 0.0037485533023611985 -0.0004873743128701251 0.0007350628057403337 -0.0014504887978143656 0.0063766552643555272 -0.00031470033691812096 -0.0016480041377590318 0.00578835534359874 0.0022465539608693876 -0.0037519633466941275 0.0051899916012106383 0.041499194671975187 0.0065184929400570095 -0.00014632538170262691 -0.0062151080134999004 -0.0012472842105681432 0.011394874533468666 0.018137159377175329 0.0052923435449698207 0.0070062372929610775 0.0041157080898634041 0.016150214798523545 0.00019163968150274021 -0.0048147695081077043 0.000452556424501963 0.012768671813612742 0.0022058720991295542 -0.0013820787164436148 0.00081290623198729522 0.0074093168045506683
leaf_weight=1174 1538 73884 17909 3673 1050 74608 6487 1213 3850 2871 1295 85 136 53217 139 1447 51 59 815 242 501 77 22688 615 88 97 3982 14407 771 1299
leaf_count=1174 1538 73884 17909 3673 1050 74608 6487 1213 3850 2871 1295 85 136 53217 139 1447 51 59 815 242 501 77 22688 615 88 97 3982 14407 771 1299
internal_value=-4.02743e-05 -3.36235e-05 -0.000186292 0.000366294 0.000675404 4.28905e-05 0.000203864 0.000731341 0.000574037 0.000417518 0.000663012 0.00547101 0.00345281 -7.54124e-06 9.90597e-05 0.00233843 0.00395062 0.010767 0.00258267 0.00711604 0.000595481 0.00468992 0.000412991 -0.000367413 0.00410494 0.00878378 -2.4161e-05 -0.000107901 8.16636e-05 0.00509662
internal_weight=290268 289094 96516 22632 18959 192578 117970 33753 32463 30789 27918 1380 1674 84217 77730 4054 2106 352 1754 293 1948 1290 26538 939 324 185 73676 69694 55287 2070
internal_count=290268 289094 96516 22632 18959 192578 117970 33753 32463 30789 27918 1380 1674 84217 77730 4054 2106 352 1754 293 1948 1290 26538 939 324 185 73676 69694 55287 2070
is_linear=0
shrinkage=0.05


Tree=165
num_leaves=31
num_cat=0
split_feature=14 15 4 20 13 13 22 20 13 9 21 4 20 17 20 22 19 22 9 22 22 16 17 18 19 19 11 20 3 18
split_gain=1.32544 6.24144 3.851 3.58804 3.43547 2.49334 2.72241 3.57476 3.37026 4.5709 2.41755 2.72449 2.41085 2.30481 4.98924 2.2537 2.22339 2.16504 2.27508 2.41889 10.0294 2.09558 2.33893 2.06314 2.53123 2.18097 2.72422 2.50907 2.17092 3.0942
threshold=28.950000000000003 73.500000000000014 26.315000000000001 274.50000000000006 12.15 33.750000000000007 0.51297097409535064 251.10000000000002 36.250000000000007 483.01396179199224 12.500000000000002 8.3250000000000011 372.2000000000001 116.50000000000001 271.35000000000008 -0.99763297024448894 4.0150000000000006 0.57077594689671507 184.82224273681643 0.878110924644389 0.83849049182116964 10.050000000000002 289.50000000000006 8.9750000000000032 6.4850000000000012 9.2150000000000016 27.435000419616703 444.30000000000001 10.301666666666669 3.1250000000000004
decision_type=2 2 2 8 2 2 2 10 2 2 8 2 10 2 10 2 2 2 2 2 2 2 2 2 2 2 2 8 2 2
left_child=1 2 10 4 -4 23 7 -7 9 -8 11 17 -10 14 -9 -3 -12 21 -19 20 -20 -1 -23 25 -25 28 27 -27 -2 -30
right_child=5 15 3 -5 -6 6 8 13 12 -11 16 -13 -14 -15 -16 -17 -18 18 19 -21 -22 22 -24 24 -26 26 -28 -29 29 -31
leaf_value=-0.00047058286397061802 -2.1649981229532636e-05 -0.0046353366719376517 0.0039684962597934231 -2.9020742520401399e-05 0.012357136634295475 -0.0038305962065342601 0.0045209757368556893 0.011483613294833911 0.0012579628704256645 0.0093112091882654787 -0.0032464826353495986 -0.00097987692372709999 0.0062321289442277229 0.00091642787387385179 0.0027794857022702939 0.00033710848350584731 -0.0010434548651387617 -0.00073361670885926141 0.0032903237446804908 0.00086040260262474169 0.012671505176001916 0.0013559280208817774 0.0068949154683784278 0.0015903359881991816 -0.00032768713588458913 0.001300038829638011 0.017094671271390787 -0.00048983966451749902 0.012035694313214579 0.00096866479461743093
leaf_weight=2413 81451 846 393 896 139 1059 430 77 1218 82 4264 9402 54 1238 306 41432 21868 310 348 302 50 273 93 4460 93304 9028 90 3241 58 11143
leaf_count=2413 81451 846 393 896 139 1059 430 77 1218 82 4264 9402 54 1238 306 41432 21868 310 348 302 50 273 93 4460 93304 9028 90 3241 58 11143
internal_value=-4.25136e-05 -0.000211313 -0.000652869 0.00189776 0.00515037 2.51147e-05 0.001194 0.000186566 0.0027074 0.00613281 -0.000745494 -0.000193694 0.00132862 0.00166255 0.00505222 0.000214295 -0.00102403 0.000938241 0.00292079 0.0045 0.0070603 0.000217703 0.00374317 -6.17639e-07 -0.000165911 0.000153268 0.000777165 0.000713586 7.00459e-05 0.000722702
internal_weight=290268 83029 40751 1428 532 207239 4464 2680 1784 512 39323 13191 1272 1621 383 42278 26132 3789 1010 700 398 2779 366 202775 97764 105011 12359 12269 92652 11201
internal_count=290268 83029 40751 1428 532 207239 4464 2680 1784 512 39323 13191 1272 1621 383 42278 26132 3789 1010 700 398 2779 366 202775 97764 105011 12359 12269 92652 11201
is_linear=0
shrinkage=0.05


Tree=166
num_leaves=31
num_cat=0
split_feature=17 0 15 23 24 1 23 17 20 20 16 19 13 4 24 16 13 20 24 18 0 21 4 23 24 23 1 17 24 14
split_gain=1.31978 1.89985 2.13981 1.80511 1.74879 1.7656 2.13187 1.41828 2.53416 1.78102 1.81334 1.38993 1.38885 3.70616 3.71399 3.03994 2.42483 2.1231 2.03429 2.39933 5.09118 4.72945 3.21438 2.85186 2.73177 2.88921 5.04285 3.20261 3.25841 3.43421
threshold=345.50000000000006 5.3050000000000006 79.500000000000014 0.44312301391210612 1.1900000000000002 8.8550000000000022 0.18281312110578132 343.50000000000006 405.50000000000006 362.60000000000008 5.8500000000000005 7.9750000000000005 10.750000000000002 102.57500000000002 2.0250000000000004 8.6500000000000004 30.250000000000004 200.30000000000004 1.7100000000000002 7.285000000000001 7.7650000000000006 12.500000000000002 9.9550000000000018 0.99349222267034787 -0.029999999999999995 -0.98212955754013376 4.245000000000001 108.50000000000001 -0.27499999999999997 30.750000000000004
decision_type=2 2 2 2 8 2 2 2 10 8 2 2 2 2 8 2 2 8 10 2 2 8 2 2 8 2 2 2 10 2
left_child=7 -2 3 4 -3 6 -6 12 9 10 -9 -8 18 15 -15 17 -17 -14 19 20 21 22 -1 24 25 26 -23 -27 29 -29
right_child=1 2 -4 -5 5 -7 11 8 -10 -11 -12 -13 13 14 -16 16 -18 -19 -20 -21 -22 23 -24 -25 -26 27 -28 28 -30 -31
leaf_value=0.0022374149880271458 -0.002709370467479461 -0.00013024252115679765 0.0029171823765649779 -0.0018675732169001068 0.0013124585464485312 0.0017683012032585434 0.0086076803229511775 0.005518509997128526 0.012281498841091951 -0.0035932520531512264 0.0019606343307429679 0.0064191792492355251 8.0104081951414138e-05 0.0020664794610299126 0.022737239431919794 -8.988535543541985e-05 0.0011989180790222603 -0.0010244764067465527 0.0006912890217368597 -0.00019599222403610778 0.0019044833100491855 0.0095397959571262118 -0.00021771360907211061 -0.0024614092202837681 -0.00072948752088562382 -0.0013189785948882575 0.0026373738829667259 -0.00042537720629499953 0.0027967010116820056 0.0024708412083201841
leaf_weight=5419 2188 2690 654 3572 101 316 65 81 107 269 781 59 11986 121 58 51939 6956 32666 18554 106573 8150 52 3152 1956 16299 4110 371 6064 2717 2242
leaf_count=5419 2188 2690 654 3572 101 316 65 81 107 269 781 59 11986 121 58 51939 6956 32666 18554 106573 8150 52 3152 1956 16299 4110 371 6064 2717 2242
internal_value=-4.44084e-05 -0.000619493 -0.000239374 -0.000501986 0.000354378 0.00294824 0.00633333 -2.46428e-05 0.00166397 0.000968169 0.00207656 0.0107258 -3.21253e-05 -0.000177199 0.00701117 -0.000189625 4.62676e-05 -0.000500763 5.354e-05 -4.9342e-06 0.000278832 5.87502e-05 0.0011078 -0.000207182 -9.33931e-05 0.000380559 0.00445626 0.000266635 0.000710785 0.000219118
internal_weight=290268 9645 7457 6803 3231 541 225 280623 1238 1131 862 124 279385 103726 179 103547 58895 44652 175659 157105 50532 42382 8571 33811 31855 15556 423 15133 11023 8306
internal_count=290268 9645 7457 6803 3231 541 225 280623 1238 1131 862 124 279385 103726 179 103547 58895 44652 175659 157105 50532 42382 8571 33811 31855 15556 423 15133 11023 8306
is_linear=0
shrinkage=0.05


Tree=167
num_leaves=31
num_cat=0
split_feature=14 15 23 23 22 17 14 24 23 23 24 22 9 9 22 18 9 17 15 23 17 16 17 0 14 24 14 23 23 23
split_gain=1.24173 4.68944 3.28522 3.53348 17.2862 10.0278 5.21656 5.52789 3.71107 4.60745 8.16157 11.5396 6.77048 4.55129 5.34261 4.02616 3.7735 3.60694 3.03456 3.0012 3.37422 4.45573 2.99736 2.93499 2.86779 2.86515 2.52293 2.46425 7.28105 4.91407
threshold=30.050000000000004 70.500000000000014 -0.97874870457683594 0.90070004940655357 -0.37447345805034543 268.50000000000006 28.150000000000002 2.0250000000000004 0.87291090774974645 0.82293497932636273 -0.24999999999999997 0.54219432480460406 695.77572631835949 998.87963867187511 0.55656748448714433 6.5650000000000004 236.92714691162112 326.50000000000006 74.500000000000014 -0.99983123799342477 58.500000000000007 10.750000000000002 249.50000000000003 3.7350000000000008 25.850000000000005 1.9550000000000003 26.550000000000004 0.68274389090025245 0.73136292505298039 0.67007489853957602
decision_type=2 2 2 2 2 2 2 10 2 2 10 2 2 2 2 2 2 2 2 2 2 2 2 2 2 10 2 2 2 2
left_child=1 25 19 8 5 23 7 26 9 -4 11 12 16 -12 -15 -13 -11 24 -8 -3 21 -21 -17 -5 -18 -1 -7 29 -29 -2
right_child=27 2 3 4 -6 6 18 -9 -10 10 13 15 -14 14 -16 22 17 -19 -20 20 -22 -23 -24 -25 -26 -27 -28 28 -30 -31
leaf_value=-0.00055964344868286871 0.00019858106104473917 -0.0030707402061028607 -0.0002432174674447828 0.0061220666539576855 0.00034257093247283028 0.0057284689905685573 0.0043879233666004004 0.00399597063903861 -0.0035451284120999235 0.0025086288099937732 -0.0062182957051683703 0.0029390675196708385 -0.0012394899512385377 -0.0067792707990769604 0.011950033038229231 0.0070434883778643601 0.010540749373833376 -0.0044957529651504322 -0.00069899593930394192 0.0031201036670976947 0.0012130015478625791 0.010496490155711729 0.0070315038541751852 0.0016284528098401718 0.0066507202099779401 -0.0038064426972699433 0.0088680089782003143 -0.0038827631996029379 -8.3970475866130786e-05 0.0060115281172930879
leaf_weight=55315 120999 569 52038 101 11816 52 87 80 2036 440 1028 69 770 81 57 53 80 60 75 378 4136 56 66 459 496 1878 74 3600 32484 835
leaf_count=55315 120999 569 52038 101 11816 52 87 80 2036 440 1028 69 770 81 57 53 80 60 75 378 4136 56 66 459 496 1878 74 3600 32484 835
internal_value=-4.26859e-05 -0.000155649 0.000103981 1.44237e-05 0.000767419 0.00733836 0.01375 0.0190291 -0.000153125 -7.58548e-05 0.00176562 0.00367748 0.00247562 -0.00156947 0.00695652 0.0154787 0.00503717 0.0075 0.00703704 0.00132419 0.00175055 0.0059447 0.0210504 0.003125 0.00871528 -0.000496828 0.0255556 5.19878e-05 -0.000310942 0.000159478
internal_weight=290268 132350 75157 70018 12744 928 368 206 57274 55238 3200 2034 1846 1166 138 188 1076 636 162 5139 4570 434 119 560 576 57193 126 157918 36084 121834
internal_count=290268 132350 75157 70018 12744 928 368 206 57274 55238 3200 2034 1846 1166 138 188 1076 636 162 5139 4570 434 119 560 576 57193 126 157918 36084 121834
is_linear=0
shrinkage=0.05


Tree=168
num_leaves=31
num_cat=0
split_feature=9 22 22 23 15 16 13 24 22 3 23 24 22 2 22 24 23 22 9 2 22 22 13 24 23 15 15 16 4 16
split_gain=1.27371 2.71408 12.2603 8.50008 7.7622 5.79548 4.81484 4.68599 3.79265 4.06244 3.96447 3.70317 3.40521 5.60159 5.53677 3.31317 4.48861 7.338 5.69026 5.68889 3.20004 7.81203 3.18716 3.17263 8.1729 5.13517 3.43231 3.14566 3.11809 3.03362
threshold=124.53853225708009 -0.42180583328916638 -0.35846811432664222 -0.92272482904738262 76.500000000000014 11.850000000000003 15.250000000000002 -0.18999999999999997 -0.63921128368950708 5.7916666666666679 -0.71502926860092908 -0.60499999999999987 -0.39826117949089107 2.0000000000000018 -0.41398024697495356 -0.29499999999999993 0.28313308994381592 -0.90163369914317015 331.07556152343756 -1.2599999999999987 -0.84315017450793706 -0.73866753694953124 9.6500000000000004 -0.49499999999999994 0.95936279103287792 87.500000000000014 57.500000000000007 6.8500000000000005 8.9650000000000016 12.450000000000001
decision_type=2 2 2 2 2 2 2 10 2 2 2 10 2 2 2 8 2 2 2 2 2 2 2 10 2 2 2 2 2 2
left_child=-1 7 3 5 11 22 -6 15 9 10 -9 27 13 -13 -15 -2 20 18 19 -18 -17 28 -3 24 -4 26 -26 -5 -22 -29
right_child=1 2 23 4 6 -7 -8 8 -10 -11 -12 12 -14 14 -16 16 17 -19 -20 -21 21 -23 -24 -25 25 -27 -28 29 -30 -31
leaf_value=9.7837247769502823e-05 -0.00051178231273923654 0.0065316044022356995 -0.0045792803247903325 0.0083187071469159723 0.0031465010091980836 0.0013435303945245338 0.0058590384558308345 0.0091907848693917864 -0.0042952360108278699 -0.0021897303069978494 0.0010902828486427244 -9.9939808337326172e-05 -0.0033829460957168233 0.0075077391824991515 0.0021814484865891096 -0.0017019368611771613 0.010571624859633975 -0.010641146054646642 0.0018980617203444205 0.0055795763297714698 0.0088909510837298349 -0.0011625833742499709 0.019645418828786579 -5.2103597763724699e-06 -0.0039319141974320159 0.0058038398285994476 0.00044634343183949741 0.00032026603090091967 0.0044410057003244786 0.012035572499536754
leaf_weight=129266 26435 229 4075 73 264 117 297 65 3193 6405 1709 537 879 57 83 1923 81 235 421 324 85 1660 56 102946 910 83 6484 312 1011 53
leaf_count=129266 26435 229 4075 73 264 117 297 65 3193 6405 1709 537 879 57 83 1923 81 235 421 324 85 1660 56 102946 910 83 6484 312 1011 53
internal_value=-4.28581e-05 -0.000136708 -1.17078e-05 0.00316706 0.00210372 0.00992537 0.00729946 -0.000473857 -0.00134629 -0.000775768 0.0013416 0.000641925 -0.000501287 0.00216396 0.0110714 -0.000165502 0.000923344 0.00385957 0.00607748 0.0103086 0.000257532 0.00134978 0.0137719 -9.3802e-05 -0.000879503 0.000102313 -3.65173e-05 0.0047032 0.00462591 0.00280822
internal_weight=290268 161002 117455 2957 2555 402 561 43547 11372 8179 1774 1994 1556 677 140 32175 5740 1061 826 405 4679 2756 285 114498 11552 7477 7394 438 1096 365
internal_count=290268 161002 117455 2957 2555 402 561 43547 11372 8179 1774 1994 1556 677 140 32175 5740 1061 826 405 4679 2756 285 114498 11552 7477 7394 438 1096 365
is_linear=0
shrinkage=0.05


Tree=169
num_leaves=31
num_cat=0
split_feature=0 22 24 4 3 22 23 1 4 22 3 19 21 9 24 23 23 24 14 4 13 22 16 13 15 16 24 24 22 24
split_gain=1.28599 1.48036 2.33934 2.06925 4.61552 1.72543 4.06148 2.94522 4.84499 2.6729 4.19344 6.60722 2.81415 2.70418 4.26076 5.11225 3.69529 3.85601 3.34222 3.52856 2.88723 3.13345 3.09628 3.42958 3.19659 2.51042 2.39435 3.36489 5.06054 3.26241
threshold=2.7350000000000008 -0.99763297024448894 1.4950000000000003 15.265000000000002 14.371666666666668 -0.98214942551678475 0.14888728888808328 8.7550000000000008 19.215000000000003 -0.98523971305672675 7.6650000000000018 5.1750000000000007 16.900000000000002 246.29627990722659 -0.18999999999999997 0.097680735332368748 0.097680735332368748 -0.58499999999999985 26.650000000000002 13.255000000000001 19.350000000000005 -0.9905448150984083 13.550000000000002 3.8500000000000001 57.500000000000007 9.2500000000000018 -0.22499999999999995 1.4950000000000003 -0.9905448150984083 -0.58499999999999985
decision_type=2 2 10 2 2 2 2 2 2 2 2 2 10 2 10 2 2 10 2 2 2 2 2 2 2 2 10 10 2 10
left_child=-1 2 -2 -4 -5 6 9 8 -8 12 11 -11 26 16 15 18 -14 -18 -15 -20 21 22 23 24 -19 -22 29 -28 -29 -3
right_child=1 5 3 4 -6 -7 7 -9 -10 10 -12 -13 13 14 -16 -17 17 20 19 -21 25 -23 -24 -25 -26 -27 27 28 -30 -31
leaf_value=-0.0014752070016255127 -0.0028939887752231514 -0.0015771545422604413 -0.002716510195995342 0.012467684888539929 0.001557695958562583 -4.8414551276555561e-05 -0.0012882569868357258 -0.0060767101714872332 0.009286173075016349 -0.00072985822972104341 0.0020082193905378016 0.011177659900176875 0.00039315201233695082 -0.001760455303840548 -0.0055685663770673978 0.00046742522325098643 -0.0019347866913146509 0.0039560292063185488 0.0078599151110232308 0.0054502892401347876 0.0071991795944200384 -0.0034800561441200744 0.011370828060165799 -8.7741788369013205e-05 0.0098455135948504937 0.012488356630454429 -0.0059554862882315145 -0.002820944984581237 0.010840147564775887 0.0037105399239818777
leaf_weight=4580 4674 733 291 122 1171 268453 692 785 93 91 574 127 3371 60 122 239 252 102 202 90 54 208 139 254 86 65 1174 484 150 830
leaf_count=4580 4674 733 291 122 1171 268453 692 785 93 91 574 127 3371 60 122 239 252 102 202 90 54 208 139 254 86 65 1174 484 150 830
internal_value=-4.21691e-05 -2.88438e-05 -0.000789391 0.000871211 0.00172854 -1.18109e-05 0.000602622 -0.00175159 0.000414012 0.000995534 0.00377525 0.0096789 0.000739987 0.00146453 0.00432679 0.00608291 0.00101412 0.00344827 0.00991477 0.0121233 0.00496696 0.00387199 0.00575731 0.00371041 0.00882979 0.0122269 -0.000387127 -0.00162611 0.00130915 0.00104606
internal_weight=290268 285688 6258 1584 1293 279430 10977 1570 785 9407 792 218 8615 5244 713 591 4531 1160 352 292 908 789 581 442 188 119 3371 1808 634 1563
internal_count=290268 285688 6258 1584 1293 279430 10977 1570 785 9407 792 218 8615 5244 713 591 4531 1160 352 292 908 789 581 442 188 119 3371 1808 634 1563
is_linear=0
shrinkage=0.05


Tree=170
num_leaves=31
num_cat=0
split_feature=23 23 24 0 24 13 18 9 5 23 20 17 13 17 0 20 13 3 23 13 20 17 23 23 9 19 9 13 15 9
split_gain=1.23722 4.0929 6.77092 18.568 3.59147 3.5633 3.02129 2.95279 2.9663 2.54276 4.11734 3.85028 2.2811 4.6727 2.39788 2.27937 3.02333 3.40407 2.24349 4.1344 2.53007 2.52232 2.14491 2.8188 2.29578 2.07455 2.26929 2.16508 2.17756 2.02668
threshold=-0.99465740988130902 -0.99273797715557011 1.7100000000000002 8.6550000000000029 1.3800000000000001 4.8500000000000005 7.285000000000001 349.36264038085943 7.2300000000000013 -0.99938741687870725 1.0000000180025095e-35 129.50000000000003 1.0000000180025095e-35 163.50000000000003 5.0550000000000006 148.00000000000003 5.7500000000000009 7.4650000000000007 -0.99983123799342477 28.450000000000003 422.2000000000001 52.500000000000007 -0.99761278905001471 -0.99864786094873803 97.133220672607436 16.755000000000006 143.74427795410159 3.4500000000000006 67.500000000000014 541.99493408203136
decision_type=2 2 10 2 10 2 2 2 2 2 10 2 2 2 2 10 2 2 2 2 8 2 2 2 2 2 2 2 2 2
left_child=4 2 15 -4 7 22 -7 8 -1 10 11 -10 13 -12 -14 16 17 -2 -9 20 21 29 23 24 -6 26 27 -17 -29 -20
right_child=1 -3 3 -5 5 6 -8 18 9 -11 12 -13 14 -15 -16 25 -18 -19 19 -21 -22 -23 -24 -25 -26 -27 -28 28 -30 -31
leaf_value=-0.0072321607888097082 0.0055026155512105206 -4.7718179178153217e-05 0.018554241334385213 0.0018120659883703223 -0.0044637218254431595 0.00035660175677921244 0.0030530488747215773 -0.0029258385886954084 0.0082623905138955109 -0.0036003886767765158 0.0039176225728711168 0.00092708767649746389 0.0039088503589249837 -0.0050621232650633532 -0.0021666804406519249 0.00025601552719715578 -0.00018452834602497256 0.001784041323211428 -0.00087562067688892297 0.0053548355090213516 0.0065379452731494873 -0.00051401295937481104 -0.0060716307596338217 0.0029975582421040074 0.0040701634340303263 0.006333755362403836 -0.0031515745351098456 0.0073019212582135134 0.0023376046534531246 0.007830490183023512
leaf_weight=1371 56 279180 51 147 360 495 648 303 67 3086 63 106 52 57 970 314 126 87 54 77 54 793 501 137 235 59 600 61 83 75
leaf_count=1371 56 279180 51 147 360 495 648 303 67 3086 63 106 52 57 970 314 126 87 54 77 54 793 501 137 235 59 600 61 83 75
internal_value=-4.07911e-05 -2.17989e-05 0.00251263 0.0111616 -0.000601853 0.00108165 0.00309274 -0.00116302 -0.00165627 -0.00102363 0.000817489 0.00800578 -0.000271455 0.00625 -0.00103718 0.00127706 0.00540892 0.0103846 0.000936577 0.00202754 0.00114754 0.000531452 -0.000782645 0.000942622 -0.00054622 0.000282004 -0.000226844 0.00242358 0.0075 0.0070155
internal_weight=290268 280764 1584 198 9504 2376 1143 7128 5772 4401 1315 173 1142 120 1022 1386 269 143 1356 1053 976 922 1233 732 595 1117 1058 458 144 129
internal_count=290268 280764 1584 198 9504 2376 1143 7128 5772 4401 1315 173 1142 120 1022 1386 269 143 1356 1053 976 922 1233 732 595 1117 1058 458 144 129
is_linear=0
shrinkage=0.05


Tree=171
num_leaves=31
num_cat=0
split_feature=23 23 23 24 13 22 1 17 2 24 17 20 17 19 14 21 20 20 22 22 14 14 1 22 5 22 16 2 13 24
split_gain=1.40415 3.82362 3.91908 3.39229 3.12503 4.53296 3.16756 3.04056 2.88448 3.72662 4.00185 3.23925 2.78033 2.73498 4.15385 2.70905 4.45539 2.66439 2.59717 3.74527 3.63675 5.58265 3.20936 2.42217 4.61128 3.08353 2.17584 2.12362 1.99077 8.84455
threshold=-0.99465740988130902 -0.97507822412530132 -0.97111920233974802 1.3800000000000001 5.7500000000000009 -0.082689790342551819 5.9150000000000009 64.500000000000014 -0.33999999999999991 0.05000000000000001 165.50000000000003 207.80000000000004 231.50000000000003 7.8250000000000011 30.550000000000004 16.900000000000002 312.2000000000001 411.35000000000008 -0.11692013674435776 0.17646842360078763 30.650000000000002 28.050000000000004 6.7150000000000007 0.21022171450811275 11.255000000000004 0.17646842360078763 6.8500000000000005 -3.6249999999999987 4.3500000000000005 1.7100000000000002
decision_type=2 2 2 10 2 2 2 2 2 10 2 10 2 2 2 10 10 8 2 2 2 2 2 2 2 2 2 2 2 10
left_child=3 7 -3 8 -5 -6 -7 18 9 10 15 -11 -8 14 -14 16 27 23 -2 20 21 -20 -23 25 -25 28 -27 -1 -9 -30
right_child=1 2 -4 4 5 6 12 17 -10 11 -12 -13 13 -15 -16 -17 -18 -19 19 -21 -22 22 -24 24 -26 26 -28 -29 29 -31
leaf_value=-0.0069510573929538154 -0.0025660493481888015 -0.0035779556447560106 -6.1700782341868855e-05 -0.00092824216026920678 0.007842381681086431 -0.0049066654869982761 0.0014084042727536212 0.00029552485851415947 -0.0034627709796543667 0.00135817773347588 -0.00044251316793803166 -0.0051149262459289982 -0.0050348295477936423 0.0065357463737537773 0.007406532518228791 0.001915584015807977 0.0075866852037198467 -0.00055337856273361739 0.002494868381302316 -0.00023504615795873031 0.00024951252298511091 0.014670977700221834 0.0046883961603223813 -0.0059749420258528203 0.0056621915991983225 -0.00078956436273515764 0.0031904319546617143 0.0036734704436191807 0.0013883290205643779 0.013464630892448013
leaf_weight=50 171 1584 268092 1348 83 265 515 3163 3560 909 717 1442 54 61 50 259 79 3195 116 167 92 70 63 484 53 217 779 112 2419 99
leaf_count=50 171 1584 268092 1348 83 265 515 3163 3560 909 717 1442 54 61 50 259 79 3195 116 167 92 70 63 484 53 217 779 112 2419 99
internal_value=-4.09633e-05 -2.07303e-05 -5.8145e-05 -0.00063868 0.000997474 0.00307393 0.00208995 0.000889248 -0.00118406 -0.000179373 0.00206656 -0.00134198 0.00389706 0.00954545 0.00461538 0.0055 0.00931535 0.000677778 0.00413107 0.0059252 0.00892962 0.0120683 0.0190601 0.00121015 -0.00202049 0.00146997 0.00403614 0.0045679 0.00102007 0.0020691
internal_weight=290268 280764 269676 9504 2376 1028 945 11088 7128 3568 1217 2351 680 165 104 500 241 10409 679 508 341 249 133 7214 537 6677 996 162 5681 2518
internal_count=290268 280764 269676 9504 2376 1028 945 11088 7128 3568 1217 2351 680 165 104 500 241 10409 679 508 341 249 133 7214 537 6677 996 162 5681 2518
is_linear=0
shrinkage=0.05


Tree=172
num_leaves=31
num_cat=0
split_feature=23 23 24 0 24 13 5 5 23 0 9 16 13 20 13 16 16 23 4 23 23 20 13 0 9 9 9 18 13 16
split_gain=1.4532 3.50032 7.07071 18.568 3.17764 2.89279 2.61898 2.58347 2.72527 3.07845 2.16526 2.54702 2.29201 2.16499 3.25935 3.28943 1.92644 1.91327 2.12785 2.08441 1.82005 2.73372 5.63714 2.21108 1.77972 1.7084 1.57888 2.23556 2.07782 1.61862
threshold=-0.99465740988130902 -0.99273797715557011 1.7100000000000002 8.6550000000000029 1.3800000000000001 4.4500000000000011 7.5007142857142872 4.33357142857143 -0.99628250747696534 8.3250000000000011 349.36264038085943 10.050000000000002 14.250000000000002 107.2 3.2500000000000004 7.1500000000000012 6.4500000000000011 -0.99761278905001471 15.175000000000002 -0.99864786094873803 -0.99938741687870725 169.30000000000004 5.7500000000000009 5.0550000000000006 97.133220672607436 54.515750885009773 137.33863830566409 14.605000000000002 3.4500000000000006 7.9500000000000011
decision_type=2 2 10 2 10 2 2 2 2 2 2 2 2 10 2 2 2 2 2 2 2 10 2 2 2 2 2 2 2 2
left_child=4 2 13 -4 6 17 -1 -7 -9 -10 20 16 -13 14 15 -2 -12 18 19 24 21 22 -8 -23 -6 -5 28 -28 -15 -30
right_child=1 -3 3 25 5 7 10 8 9 -11 11 12 -14 26 -16 -17 -18 -19 -20 -21 -22 23 -24 -25 -26 -27 27 -29 29 -31
leaf_value=-0.003978365911281926 0.00059520483331876404 -4.6174181594493615e-05 0.016953297651139673 -0.0038307972369812995 -0.0050742664365153976 -0.0090720723846257293 0.0097717507593705188 0.0020344515714991172 0.0078980757985164986 0.0015279510888263016 0.0033515840552861467 0.0016042570350366554 0.007151811073639461 0.00040526673233413289 -0.00019282421606161665 0.0052839968576829342 -0.001675523627800172 -0.0064034906690600179 0.0057629857827949538 0.0024810969775589877 -0.0034477775855833639 0.0038424605643711815 0.00052569158161398116 -0.0011378885973782765 0.0025976636936911974 0.0047496950043936391 -0.0031481345628338454 0.0059692894379945296 0.0070057673574998678 0.0030431513224744126
leaf_weight=2184 50 279180 51 83 285 165 55 931 62 60 118 152 84 329 120 52 405 472 123 92 2916 51 159 1004 186 64 633 51 55 96
leaf_count=2184 50 279180 51 83 285 165 55 931 62 60 118 152 84 329 120 52 405 472 123 92 2916 51 159 1004 186 64 633 51 55 96
internal_value=-4.11356e-05 -2.05523e-05 0.00232323 0.0111616 -0.000649202 0.000934342 -0.00117705 0.00263547 0.00354701 0.0105738 -0.00054005 0.00191699 0.00622881 0.0010606 0.00558558 0.0121569 -2.86819e-05 -0.000854923 0.000830903 -0.000470694 -0.000985664 0.000594955 0.00574766 -0.000450238 -0.00181529 0.00214286 0.000197593 -0.00134503 0.00239583 0.00725165
internal_weight=290268 280764 1584 198 9504 2376 7128 1218 1053 122 4944 759 236 1386 222 102 523 1158 686 563 4185 1269 214 1055 471 147 1164 684 480 151
internal_count=290268 280764 1584 198 9504 2376 7128 1218 1053 122 4944 759 236 1386 222 102 523 1158 686 563 4185 1269 214 1055 471 147 1164 684 480 151
is_linear=0
shrinkage=0.05


Tree=173
num_leaves=31
num_cat=0
split_feature=23 23 24 18 24 13 22 4 4 19 20 23 22 4 20 13 24 17 3 15 20 23 13 23 24 23 22 22 17 3
split_gain=1.22695 3.49553 6.67244 16.9731 2.80896 2.62366 3.97297 2.56501 2.40397 2.19597 2.81691 1.9813 2.10833 2.23835 1.92217 3.00344 1.8956 2.07877 1.67937 1.556 1.53333 1.82092 1.58356 1.50971 4.73965 3.54239 3.29783 5.52064 4.77256 3.76735
threshold=-0.99465740988130902 -0.99273797715557011 1.7100000000000002 8.9750000000000032 1.3800000000000001 4.4500000000000011 -0.082689790342551819 10.745000000000003 6.6250000000000009 4.1850000000000014 373.40000000000003 -0.99761278905001471 -0.048361574224334618 15.175000000000002 107.2 1.2500000000000002 0.83000000000000007 16.500000000000004 9.8950000000000031 85.500000000000014 280.7000000000001 -0.99864786094873803 12.750000000000002 -0.97507822412530132 0.095000000000000015 -0.97111920233974802 0.21022171450811275 0.14250626876356556 52.500000000000007 4.6016666666666683
decision_type=2 2 10 2 10 2 2 2 2 2 8 2 2 2 10 2 10 2 2 2 10 2 2 2 8 2 2 2 2 2
left_child=4 2 14 -4 7 11 -7 19 -8 10 -9 12 -6 -14 15 -2 17 -11 -5 -1 -10 22 -22 24 26 -25 27 -3 -29 -30
right_child=1 23 3 18 5 6 8 9 20 16 -12 -13 13 -15 -16 -17 -18 -19 -20 -21 21 -23 -24 25 -26 -27 -28 28 29 -31
leaf_value=-0.0037842462674341965 0.0030289066591282876 0.0013758493623538838 0.01584297178019815 0.0057105886404105197 0.0028729882872622872 0.007181456997463205 -0.0063919399384864605 0.00028041535328554595 0.00035521106076647868 0.0030653375761369932 0.0089685911567582641 -0.0060833161356070066 -0.0018048227012705564 0.0059425810138327316 0.00024401369430234528 0.001639257493977036 -0.0050810212396055592 -0.00015225872356259483 -0.0044427927747595188 0.0021998927288870208 -0.00026455960939362263 0.0058979366041415774 0.0052768784564031935 -0.0033967491534384678 -0.00020891974217716278 -5.6307034145033055e-05 -0.0088582077435552919 0.011923081159021801 0.0067354690949085905 0.0048163925950176247
leaf_weight=2595 76 2574 54 60 93 83 178 163 460 81 58 472 488 105 1164 146 1213 2932 84 86 180 238 79 1584 5940 268092 198 50 65 677
leaf_count=2595 76 2574 54 60 93 83 178 163 460 81 58 472 488 105 1164 146 1213 2932 84 86 180 238 79 1584 5940 268092 198 50 65 677
internal_value=-3.78628e-05 -1.89495e-05 0.00232323 0.0109091 -0.000596592 0.000892255 0.00251231 -0.00109287 0.00174009 -0.000356421 0.00450226 -0.000811746 0.000903789 -0.00019393 0.00109668 0.00536036 -0.000610508 6.13994e-05 0.00194444 -0.00231444 0.0027325 0.00465795 0.00175676 -3.22385e-05 0.00058712 -5.40661e-05 0.00202862 0.0023975 0.00604798 0.00504043
internal_weight=290268 280764 1584 198 9504 2376 1218 7128 1135 4447 221 1158 686 593 1386 222 4226 3013 144 2681 957 497 259 279180 9504 269676 3564 3366 792 742
internal_count=290268 280764 1584 198 9504 2376 1218 7128 1135 4447 221 1158 686 593 1386 222 4226 3013 144 2681 957 497 259 279180 9504 269676 3564 3366 792 742
is_linear=0
shrinkage=0.05


Tree=174
num_leaves=31
num_cat=0
split_feature=23 23 24 0 24 5 19 17 0 22 23 4 1 9 3 19 18 14 9 17 20 3 19 22 20 9 16 24 23 9
split_gain=1.33808 3.04229 6.14367 16.8889 2.44444 2.6409 2.755 1.93394 2.60944 1.69731 2.1819 1.93102 3.126 1.84207 1.75238 3.47522 1.91543 1.74833 1.64156 1.54819 2.08589 4.21252 1.54724 1.5391 3.56444 1.49415 1.4491 1.80699 2.54557 10.114
threshold=-0.99465740988130902 -0.99273797715557011 1.7100000000000002 8.6550000000000029 1.3800000000000001 7.3792857142857144 3.5550000000000002 18.500000000000004 11.595000000000001 0.074116354202380205 -0.99864786094873803 15.175000000000002 10.745000000000003 94.745281219482436 7.7316666666666674 5.8050000000000006 8.8450000000000006 31.450000000000003 61.953834533691413 96.500000000000014 324.7000000000001 8.3150000000000031 16.755000000000006 -0.065535378769913874 307.2000000000001 472.27819824218756 5.9500000000000011 0.47500000000000003 -0.80417042486635371 845.66873168945324
decision_type=2 2 10 2 10 2 2 2 2 2 2 2 2 2 2 2 2 2 2 2 8 2 2 2 10 2 2 10 2 2
left_child=4 2 19 -4 5 25 -7 8 -8 10 11 13 -13 -6 15 -12 -17 -15 -5 20 -2 -22 -21 -16 -25 -1 27 28 29 -3
right_child=1 26 3 18 9 6 7 -9 -10 -11 14 12 -14 17 23 16 -18 -19 -20 22 21 -23 -24 24 -26 -27 -28 -29 -30 -31
leaf_value=-0.0057709430165652671 -0.0019821710554104861 0.0011554219011353911 0.015313484179572776 -0.0029208821298067028 -0.0041489139977203861 0.0042180384505957954 0.0067971145128681715 -0.0010876156668507453 -0.0053154144403886857 -0.0045734468015817984 0.0010432115779128494 0.0061661854592883949 -0.00027608190896290686 -0.00012332943894085731 -0.0014819510136510365 0.0062829263184491961 0.0014403045082870781 0.0081069919242734451 0.0041559953085659141 -0.0004317490226405634 0.0047797012189785028 0.00051521415517941549 0.0058530576976857018 -0.0027319569602749908 0.0054992592505504019 0.00020512956919653948 -1.5026853559345761e-06 -0.0015802275067113083 -0.00050948113382990776 0.011303297201670516
leaf_weight=1647 113 1956 51 92 427 103 93 4822 51 396 121 69 124 502 277 95 54 66 55 1043 77 96 57 102 143 412 260501 6340 10304 79
leaf_count=1647 113 1956 51 92 427 103 93 4822 51 396 121 69 124 502 277 95 54 66 55 1043 77 96 57 102 143 412 260501 6340 10304 79
internal_value=-3.9413e-05 -1.96618e-05 0.0021654 0.010404 -0.000622897 -0.00108586 -0.000472481 -0.000640356 0.00506944 0.000765992 0.00136364 8.41632e-06 0.00458549 -0.000879398 0.00339646 0.00666667 0.0117785 0.000985914 0.00180272 0.000988455 0.00426573 0.00771676 0.000136362 0.00170498 0.00459184 -0.00259592 -3.20594e-05 -0.000457467 -0.000104953 0.00151106
internal_weight=290268 280764 1584 198 9504 7128 5069 4966 144 2376 1980 1188 193 995 792 270 149 568 147 1386 286 173 1100 522 245 2059 279180 18679 12339 2035
internal_count=290268 280764 1584 198 9504 7128 5069 4966 144 2376 1980 1188 193 995 792 270 149 568 147 1386 286 173 1100 522 245 2059 279180 18679 12339 2035
is_linear=0
shrinkage=0.05


Tree=175
num_leaves=31
num_cat=0
split_feature=23 23 23 17 3 16 22 2 20 5 17 22 5 19 16 3 23 5 5 2 1 20 14 23 20 17 2 14 16 17
split_gain=1.24559 2.60611 3.18261 2.28537 2.69713 4.10437 5.03737 2.68485 2.26722 2.25662 2.20931 2.0946 4.63268 2.01274 2.11245 1.79104 1.96888 2.64862 2.31828 2.32593 1.89365 1.85067 1.86687 1.55326 3.78558 6.85808 2.05696 2.04772 1.87274 1.91087
threshold=-0.99465740988130902 -0.97507822412530132 -0.97111920233974802 64.500000000000014 8.5016666666666705 6.3500000000000005 -0.11692013674435776 1.5800000000000005 476.35000000000008 8.1092857142857167 18.500000000000004 0.21022171450811275 11.255000000000004 8.7250000000000032 17.350000000000005 16.35166666666667 -0.98521978256641018 9.9992857142857172 6.0950000000000015 0.29000000000000187 8.0250000000000004 287.80000000000001 28.950000000000003 -0.99938741687870725 1.0000000180025095e-35 132.50000000000003 -0.56999999999999995 32.050000000000004 11.15 82.500000000000014
decision_type=2 2 2 2 2 2 2 2 8 2 2 2 2 2 2 2 2 2 2 2 2 10 2 2 10 2 2 2 2 2
left_child=9 3 -3 4 5 -2 -7 -8 11 -1 -11 15 -13 14 -10 16 17 -5 19 -18 -19 22 -22 24 25 -12 27 -26 -25 -30
right_child=1 2 -4 8 -6 6 7 -9 13 10 23 12 -14 -15 -16 -17 18 20 -20 -21 21 -23 -24 28 26 -27 -28 -29 29 -31
leaf_value=-0.0021089651078442834 -0.0018011723388997353 -0.0032268365614987432 -5.1319831644757916e-05 6.3378655401094577e-05 -6.6155777427007379e-05 -0.0015012553303568091 0.0092450949464215944 0.010194419405518969 0.00026082427998565385 0.0046133092744702394 0.00671111879862492 -0.0053930682312720319 0.005391911849694812 -0.0017849927780946885 0.0078580534195807801 -0.0030787853846347864 0.0028064402712920508 0.0097754093643877063 0.0015754990778178838 0.0043422355168301202 0.00046324477644313496 0.0014918847494811054 0.005001381368590253 -0.0020621586383378046 0.00119617450231536 -0.00033283662929875095 -0.0015845225868567571 0.0041215979907231184 0.0040619880744345235 0.00047929055177530378
leaf_weight=3841 104 1584 268092 3488 300 87 122 66 830 131 90 492 53 1306 70 442 317 60 2287 221 86 630 127 2712 641 109 979 86 56 859
leaf_count=3841 104 1584 268092 3488 300 87 122 66 830 131 90 492 53 1306 70 442 317 60 2287 221 86 630 127 2712 641 109 979 86 56 859
internal_value=-3.88963e-05 -1.98399e-05 -5.07287e-05 0.00073142 0.00354197 0.00634565 0.00954545 0.0141489 0.000548082 -0.000601853 3.2667e-05 0.000930756 -0.00206422 -0.000874888 0.000944443 0.0011439 0.00133315 0.000670689 0.00236283 0.00531598 0.00308416 0.00247331 0.00650235 -0.000119307 0.00103674 0.00756281 0.000275497 0.00229023 -0.000726497 0.00122951
internal_weight=290268 280764 269676 11088 679 379 275 188 10409 9504 5663 8203 545 2206 900 7658 7216 4391 2825 538 903 843 213 5532 1905 199 1706 727 3627 915
internal_count=290268 280764 269676 11088 679 379 275 188 10409 9504 5663 8203 545 2206 900 7658 7216 4391 2825 538 903 843 213 5532 1905 199 1706 727 3627 915
is_linear=0
shrinkage=0.05


Tree=176
num_leaves=31
num_cat=0
split_feature=15 23 13 16 19 15 17 16 17 14 17 13 1 22 24 23 4 4 14 14 15 0 24 14 13 24 23 23 17 23
split_gain=1.2732 2.44101 2.55558 2.72807 2.8505 2.52434 2.46383 2.94038 3.31893 3.23076 2.43183 2.41986 2.4152 2.47281 3.47718 2.69359 2.39763 2.2459 2.24279 2.17334 2.37598 2.09383 2.97473 4.49811 2.03859 2.02816 7.72594 4.93604 6.08955 3.42097
threshold=64.500000000000014 0.96849880583763492 9.2500000000000018 9.3500000000000032 11.135000000000003 55.500000000000007 138.50000000000003 7.2500000000000009 18.500000000000004 30.050000000000004 279.50000000000006 5.7500000000000009 5.5750000000000011 -0.96235977360714686 -0.029999999999999995 0.81304046271159414 10.665000000000001 83.535000000000011 27.150000000000002 26.150000000000002 80.500000000000014 4.8050000000000006 -0.60499999999999987 27.250000000000004 19.950000000000003 0.89500000000000013 0.92191100909954782 0.96177147954086928 301.50000000000006 0.64414586362404946
decision_type=2 2 2 2 2 2 2 2 2 2 2 2 2 2 10 2 2 2 2 2 2 2 10 2 2 8 2 2 2 2
left_child=1 2 6 -4 10 -3 7 9 11 -1 -5 18 13 -8 15 16 -15 24 -9 20 -2 22 -17 -24 -6 -14 29 28 -28 -27
right_child=19 5 3 4 17 -7 12 8 -10 -11 -12 -13 25 14 -16 21 -18 -19 -20 -21 -22 -23 23 -25 -26 26 27 -29 -30 -31
leaf_value=-0.0015155699965139194 -0.0011753160303565591 -0.003585026056339348 -0.0017380463995194341 0.0010368984878443598 -0.0038939013927797523 -0.00082265161117554191 -0.0035886488894406863 0.0096981694128242448 -0.0010867437879422514 0.0028656037987033578 -0.0014541138468759152 -0.0026200328372012142 -0.00018863371773997163 0.0045933277898935771 0.00022537494367770204 -0.0082182600901692347 0.0006885388858154577 0.0092409916841576355 0.0026994639059868498 0.00014033196176043856 0.00045715388326196061 -0.0022862920071724537 0.0077919504246877179 0.0026361976161941875 0.0015796838618556627 0.00080609799741317644 0.0032534916893203454 -0.0054835156347969524 0.0081943565931267663 -0.0042335526631914764
leaf_weight=1597 11199 1500 13859 8028 2412 7121 599 56 26613 2576 2787 542 30385 1761 3304 139 620 86 1858 146015 6491 623 56 173 673 17998 179 62 114 842
leaf_count=1597 11199 1500 13859 8028 2412 7121 599 56 26613 2576 2787 542 30385 1761 3304 139 620 86 1858 146015 6491 623 56 173 673 17998 179 62 114 842
internal_value=-3.78628e-05 -0.000156959 -9.75915e-05 -0.000516252 -2.35962e-05 -0.000969146 3.17979e-05 -0.000310151 -0.000488322 0.000930984 0.000362921 0.00127036 0.000231729 0.00108247 0.0013586 0.00248814 0.00339983 -0.00134185 0.00210554 5.42122e-05 -0.000469193 0.000297678 0.00328804 0.00679039 -0.00156402 0.000106897 0.000509246 0.0078169 0.010529 0.000371549
internal_weight=290268 126563 117942 27845 13986 8621 90097 33242 29069 4173 10815 2456 56855 7275 6676 3372 2381 3171 1914 163705 17690 991 368 229 3085 49580 19195 355 293 18840
internal_count=290268 126563 117942 27845 13986 8621 90097 33242 29069 4173 10815 2456 56855 7275 6676 3372 2381 3171 1914 163705 17690 991 368 229 3085 49580 19195 355 293 18840
is_linear=0
shrinkage=0.05


Tree=177
num_leaves=31
num_cat=0
split_feature=15 23 20 20 24 16 23 22 5 23 14 20 20 22 22 1 5 22 23 14 18 17 23 22 17 17 0 2 16 23
split_gain=1.20862 3.63147 3.42365 3.14278 3.72917 2.72143 2.1732 2.48375 2.11143 1.83263 4.28073 2.43716 2.08586 1.8089 7.18687 3.01353 3.1318 2.60275 2.3349 2.20172 2.18819 2.12281 1.89597 7.91892 5.78285 5.22915 2.7187 2.16897 2.35339 2.10176
threshold=59.500000000000007 0.96849880583763492 324.7000000000001 342.00000000000006 1.7100000000000002 9.1500000000000004 -0.48313741114591585 -0.814291907305839 10.245000000000003 -0.54219087765047058 30.650000000000002 310.25000000000006 327.60000000000008 0.97875492728876534 0.99053107487289871 13.725000000000003 11.324285714285717 0.9893236546938301 -0.16799793862756093 31.950000000000003 8.8450000000000006 281.50000000000006 0.93469109537144635 0.30983042691905771 309.50000000000006 236.50000000000003 4.6550000000000011 -1.9999999999999984 10.250000000000002 0.82293497932636273
decision_type=2 2 8 10 8 2 2 2 2 2 2 8 8 2 2 2 2 2 2 2 2 2 2 2 2 2 2 2 2 2
left_child=1 3 -3 4 -1 6 7 -6 -9 10 -7 -11 -13 22 15 16 17 18 19 -15 21 -20 29 26 25 -25 -24 -27 -29 -5
right_child=-2 2 -4 13 5 9 -8 8 -10 11 -12 12 -14 14 -16 -17 -18 -19 20 -21 -22 -23 23 24 -26 27 -28 28 -30 -31
leaf_value=-0.0015200477465491316 2.4601822736653135e-05 0.0011681080941197343 -0.0032233645680153724 3.7201306842432409e-05 0.013756679495633944 0.023660126077568008 -0.0043598195598960809 0.0041204558447576487 -0.0019257482622950948 -0.0034939205224569984 0.0040208189379680433 0.0090904000482252591 0.0023987568203666953 0.010461866626256264 -0.0014496219008956368 -0.0013274844634393202 0.012269514942285835 0.0050677633268686444 0.0021998437121149529 0.0067162026328061305 -0.0014702583756244735 0.012464039768363935 0.0034958478499995341 -0.0018111815122947455 -0.0019862917414437834 0.0095637709548297353 -0.0012637054761078814 0.0056381936171945694 0.0051248492942373991 -0.0025628045088168672
leaf_weight=14501 223122 790 2997 40217 72 67 823 314 475 341 168 125 514 51 1208 148 60 112 64 106 225 50 120 86 136 51 1169 53 195 1908
leaf_count=14501 223122 790 2997 40217 72 67 823 314 475 341 168 125 514 51 1208 148 60 112 64 106 225 50 120 86 136 51 1169 53 195 1908
internal_value=-3.56234e-05 -0.000221608 -0.00172564 -0.000131711 -0.000704024 0.000933079 -0.000368172 0.00138792 0.000576678 0.00273662 0.00670213 0.00178571 0.0036072 8.49658e-05 0.00154644 0.00517157 0.0066018 0.00552631 0.00397177 0.00901274 0.00163717 0.0072807 1.76385e-05 0.00160221 0.00680422 0.00993506 -0.000500389 0.0130602 0.011129 -5.04463e-05
internal_weight=290268 67146 3787 63359 17400 2899 1684 861 789 1215 235 980 639 45959 2024 816 668 608 496 157 339 114 43935 1810 521 385 1289 299 248 42125
internal_count=290268 67146 3787 63359 17400 2899 1684 861 789 1215 235 980 639 45959 2024 816 668 608 496 157 339 114 43935 1810 521 385 1289 299 248 42125
is_linear=0
shrinkage=0.05


Tree=178
num_leaves=31
num_cat=0
split_feature=22 24 20 21 5 3 21 24 5 13 17 17 5 16 0 21 13 2 13 13 17 15 13 23 22 23 16 7 22 23
split_gain=1.19695 1.87926 2.77099 2.00241 1.90404 3.08821 2.23147 1.78282 4.08715 2.13627 1.95276 2.77739 2.20711 3.05256 2.83966 1.7904 2.53829 1.78173 1.68269 4.88174 1.82925 1.66297 1.53617 1.52816 1.43517 3.75782 2.9812 2.45602 2.48838 3.3836
threshold=-0.99763297024448894 1.4950000000000003 214.30000000000004 52.500000000000007 10.993571428571432 14.371666666666668 16.900000000000002 -0.43999999999999995 4.8485714285714296 10.550000000000002 177.50000000000003 88.500000000000014 8.0478571428571453 10.350000000000003 8.4450000000000021 77.500000000000014 5.9500000000000011 -2.6999999999999997 0.45000000000000007 1.6500000000000001 201.50000000000003 63.500000000000007 8.7500000000000018 1.0000000180025095e-35 -0.98214942551678475 0.14888728888808328 6.3500000000000005 6.5000000000000009 -0.98803845231459242 -0.12545862287572049
decision_type=2 10 10 10 2 2 10 10 2 2 2 2 2 2 2 10 2 2 2 2 2 2 2 2 2 2 2 2 2 2
left_child=1 2 -1 4 -3 6 -6 9 -9 10 11 22 -13 21 -15 23 -17 -7 -19 -20 -21 -14 -4 -10 25 27 -27 28 29 -2
right_child=24 3 7 -5 5 17 -8 8 15 -11 -12 12 13 14 -16 16 -18 18 19 20 -22 -23 -24 -25 -26 26 -28 -29 -30 -31
leaf_value=-0.0080246150602600336 -0.0033720066159641719 -0.0013934797799123875 -0.0039714049886054106 -0.0056784646773893263 0.0031675925523420032 -0.0024506813090667354 0.022245682253561744 0.0092389126078977479 -0.0066756753350849605 -0.0045558297464563186 -0.0034547549064811766 -0.0010769453240191751 0.013836933533778803 0.01522912590651062 6.1419508190202216e-05 -0.0047543927114659153 0.011195003394966038 0.00059863113594939375 0.012328205704463557 -0.0036080646170098558 0.0083392286250475404 0.024087076328922513 0.013390287794405809 -0.00096024549237765002 -5.2011745545316781e-05 0.0058640650117146647 -0.0034359566820340842 0.01283615467379298 0.0043442219164235721 0.0012264606455294307
leaf_weight=693 1555 182 311 444 50 275 58 69 1236 754 366 124 97 51 173 74 64 248 86 124 117 72 52 616 272844 127 1457 103 1577 6269
leaf_count=693 1555 182 311 444 50 275 58 69 1236 754 366 124 97 51 173 74 64 248 86 124 117 72 52 616 272844 127 1457 103 1577 6269
internal_value=-3.52789e-05 -0.000714963 -0.00121212 0.000776514 0.00188596 0.00277662 0.0107407 -0.000713231 -0.00174599 0.000349999 0.00162119 0.00289773 0.00525145 0.00708651 0.00325893 -0.00216081 0.00333333 0.0017647 0.00334782 0.00570336 0.00205394 0.0121598 -0.000454547 -0.0025702 -2.01116e-05 0.000537517 -0.00171717 0.000913298 0.000829166 0.000463956
internal_weight=290268 6336 4752 1584 1140 958 108 4059 2059 2000 1246 880 517 393 224 1990 138 850 575 327 241 169 363 1852 283932 11088 1584 9504 9401 7824
internal_count=290268 6336 4752 1584 1140 958 108 4059 2059 2000 1246 880 517 393 224 1990 138 850 575 327 241 169 363 1852 283932 11088 1584 9504 9401 7824
is_linear=0
shrinkage=0.05


Tree=179
num_leaves=31
num_cat=0
split_feature=15 13 14 21 1 17 21 4 17 9 13 0 14 16 19 2 20 17 14 17 9 17 2 19 1 21 21 14 5 19
split_gain=1.2401 3.08343 2.46169 3.73602 2.00984 1.93443 1.6726 2.36602 3.36315 1.99225 1.87191 2.97319 3.0505 2.10673 1.80313 1.69595 1.65149 3.40063 2.64921 2.92114 1.83441 1.6242 2.18248 2.17929 3.85262 3.64069 3.18115 2.34947 2.27301 2.83312
threshold=59.500000000000007 0.15000000000000005 32.050000000000004 82.500000000000014 9.4050000000000029 10.500000000000002 12.500000000000002 9.6050000000000022 197.50000000000003 167.14442443847659 5.3500000000000005 4.955000000000001 27.250000000000004 11.65 8.6450000000000014 0.6399999999999999 469.30000000000001 56.500000000000007 32.850000000000001 169.50000000000003 335.62925720214849 315.50000000000006 13.560000000000002 6.6450000000000005 8.2650000000000023 52.500000000000007 322.50000000000006 32.250000000000007 7.2021428571428592 3.7750000000000004
decision_type=2 2 2 8 2 2 10 2 2 2 2 2 2 2 2 2 10 2 2 2 2 2 2 2 2 8 10 2 2 2
left_child=1 4 3 6 5 -1 7 8 15 -8 11 12 -10 -12 -13 -3 17 -7 -19 -20 -18 23 -23 24 26 -25 -2 28 -26 -30
right_child=21 2 -4 -5 -6 16 9 -9 10 -11 13 14 -14 -15 -16 -17 20 18 19 -21 -22 22 -24 25 27 -27 -28 -29 29 -31
leaf_value=0.0052742685455970731 4.481850061133961e-05 0.0010735830641280231 -4.2041126982112121e-05 -0.0028803726215936454 -5.3086352667675593e-06 -0.0041934035961384451 -0.00046074557996917938 -0.00090203230703882805 0.012694633673053971 -0.0023567182809322972 -0.00054776307824226937 0.0017057883077558828 0.0049180545714894346 0.008742721900810135 0.0058940362699783236 -0.0029316404011261155 -4.6745503934381448e-06 0.0027468433705323363 0.0028874171171495906 0.0071372495835292527 0.01011138149478563 -0.00055876692516815903 0.016069813725110346 0.00010466836239879005 -0.00086792301628099721 -0.00067300677763667844 0.0037377636134603379 0.0040388690125560765 0.0035157338545663188 0.0010935168976532116
leaf_weight=64 54147 690 23435 3360 10625 367 10196 5864 61 5722 562 468 176 62 166 667 2518 1852 120 109 62 24719 88 95293 2838 28308 150 700 1925 14954
leaf_count=64 54147 690 23435 3360 10625 367 10196 5864 61 5722 562 468 176 62 166 667 2518 1852 120 109 62 24719 88 95293 2838 28308 150 700 1925 14954
internal_value=-3.54512e-05 -0.000223842 -0.000411151 -0.000727657 0.000389068 0.00120581 -0.000514331 4.24495e-05 0.0012237 -0.0008192 0.00285953 0.00435706 0.00913502 0.00076923 0.00257098 -0.000578483 0.00109586 0.00202614 0.00280874 0.00788209 0.000213177 2.12428e-05 -0.000360182 6.89548e-05 0.000282141 -5.99117e-05 6.19728e-05 0.000867658 0.000766596 0.000986728
internal_weight=290268 67146 51429 27994 15717 5092 24634 8716 2852 15918 1495 871 237 624 634 1357 5028 2448 2081 229 2580 223122 24807 198315 74714 123601 54297 20417 19717 16879
internal_count=290268 67146 51429 27994 15717 5092 24634 8716 2852 15918 1495 871 237 624 634 1357 5028 2448 2081 229 2580 223122 24807 198315 74714 123601 54297 20417 19717 16879
is_linear=0
shrinkage=0.05


Tree=180
num_leaves=31
num_cat=0
split_feature=15 14 21 13 4 22 22 23 14 23 18 22 22 13 23 23 21 2 23 22 2 2 0 19 21 17 14 15 9 21
split_gain=1.23132 2.15834 2.51945 2.89334 2.0349 2.30492 9.38529 5.38259 3.48837 1.91273 3.23531 3.55983 4.49261 7.34232 2.85141 7.34466 5.93293 4.79605 4.52001 3.44967 2.93556 2.79623 3.17055 2.0621 1.98842 1.97179 1.9109 2.18584 2.84521 2.01447
threshold=64.500000000000014 30.150000000000002 16.900000000000002 6.1500000000000012 10.615 0.95752911693909493 0.98372640911059162 0.19969739736768838 27.750000000000004 0.63089349388778826 10.415000000000001 0.67802080537253961 0.65233619298682533 1.8500000000000003 -0.8611288361322974 -0.80417042486635371 12.500000000000002 5.610000000000003 -0.85225707553516283 0.3261394409934788 -3.9199999999999982 3.2549999999999999 7.7650000000000006 8.8950000000000014 117.50000000000001 24.500000000000004 26.150000000000002 80.500000000000014 73.335582733154311 27.500000000000004
decision_type=2 2 8 2 2 2 2 2 2 2 2 2 2 2 2 2 8 2 2 2 2 2 2 2 10 2 2 2 2 8
left_child=1 2 3 4 5 -1 7 8 -7 14 11 12 -11 -14 19 16 17 18 -16 21 -20 24 -23 -12 -3 -18 27 -2 29 -29
right_child=26 9 -4 -5 -6 6 -8 -9 -10 10 23 -13 13 -15 15 -17 25 -19 20 -21 -22 22 -24 -25 -26 -27 -28 28 -30 -31
leaf_value=0.00093267658852478415 -0.0011138654549913802 -0.00027720599128995733 -0.0015770395090787519 -0.0015451149098414043 -0.00053638164499946871 0.013319763327904808 -0.0018048020978636563 -0.00033837907350070127 0.0084224455350860213 7.1549791554168798e-05 0.00084018377017681511 -0.0040455810600410957 0.0093541370860135212 0.0007673025880430281 0.015055139708160151 0.00016135395271440697 0.0066147570378567375 -0.0050532036196047391 0.019184553186758369 -0.0037410262821257877 0.0040036072162338244 0.0066670110467760176 0.0011327580728602369 -0.0024142166005055449 -0.003043414157542577 0.0018314240611796606 0.00013548221769155497 0.0039498992173689837 0.00012414769533425737 0.00904463433820407
leaf_weight=4609 11199 10720 9892 7860 5345 54 226 53 75 15043 1028 1553 67 114 88 54440 72 128 62 2554 443 55 2522 5290 1584 2686 146015 142 6295 54
leaf_count=4609 11199 10720 9892 7860 5345 54 226 53 75 15043 1028 1553 67 114 88 54440 72 128 62 2554 443 55 2522 5290 1584 2686 146015 142 6295 54
internal_value=-3.78628e-05 -0.000154983 -0.000541368 -0.000192625 0.000356108 0.00107933 0.00468137 0.0131319 0.0186434 -4.46436e-05 -0.000442738 -7.95744e-05 0.000153047 0.00798342 7.7367e-05 0.000246118 0.00247341 0.00651179 0.00840641 -0.000483225 0.00658416 -0.000191857 0.00130578 -0.00140709 -0.000505528 0.00141769 5.2685e-05 -0.000438102 0.000291941 0.00622449
internal_weight=290268 126563 28114 18222 10362 5017 408 182 129 98449 23095 16777 15224 181 75354 57919 3479 721 593 17435 505 14881 2577 6318 12304 2758 163705 17690 6491 196
internal_count=290268 126563 28114 18222 10362 5017 408 182 129 98449 23095 16777 15224 181 75354 57919 3479 721 593 17435 505 14881 2577 6318 12304 2758 163705 17690 6491 196
is_linear=0
shrinkage=0.05


Tree=181
num_leaves=31
num_cat=0
split_feature=22 24 20 4 3 18 24 5 24 24 21 13 14 16 18 20 2 5 3 24 9 8 22 24 1 22 2 24 22 24
split_gain=1.13608 1.76184 2.30494 2.02855 3.66864 1.56592 1.94018 2.75938 3.09652 1.68582 1.6017 2.0496 1.60162 2.0751 3.30652 4.93064 1.38935 1.3632 2.82711 1.95788 2.33298 1.29298 2.56154 2.04875 2.65897 1.70537 1.45817 1.31464 4.72556 21.1178
threshold=-0.99763297024448894 1.4950000000000003 214.30000000000004 15.505000000000001 14.371666666666668 5.5250000000000012 -0.58499999999999985 4.9478571428571438 -0.43999999999999995 -0.43999999999999995 77.500000000000014 5.9500000000000011 29.950000000000003 9.6500000000000004 11.905000000000003 323.65000000000003 -2.1799999999999988 18.902142857142859 23.338333333333338 1.8150000000000002 57.327766418457038 32.500000000000007 -0.8781231054254196 -0.43999999999999995 124.20500000000003 -0.94139628442229062 -12.044999999999996 -0.18999999999999997 0.83849049182116964 -0.22499999999999995
decision_type=2 10 10 2 2 2 10 2 10 10 10 2 2 2 2 10 2 2 2 10 2 2 2 10 2 2 2 8 2 10
left_child=1 2 -1 -3 -5 6 -4 -8 -9 12 -11 -12 -7 14 -14 -16 -10 -6 19 20 -19 27 23 24 -23 -25 -24 28 -2 -30
right_child=21 3 5 4 17 9 7 8 16 10 11 -13 13 -15 15 -17 -18 18 -20 -21 -22 22 26 25 -26 -27 -28 -29 29 -31
leaf_value=-0.0076082564240457064 0.00010061515203661615 -0.0024721249228412986 -0.0027529323517627596 0.011213995777989786 -0.0052344388201775284 -0.0048452412602360368 0.009271091298999827 0.009301323791957054 0.0049112783039331805 -0.0041858652028058715 -0.0050273192857368341 0.0087739843901349229 0.0024939736905837864 -0.0014705096370821093 0.025098096281026674 0.005505433547712834 -0.0045809229237027778 0.026320651921528205 0.00013996316472205669 0.00027012698799566194 0.0052490875155906157 -0.018756102670446549 0.0091075502091024062 0.0097770830224195287 0.0087223611719439657 0.043416873010004728 -0.002455427392363348 -0.00014301316874114982 -0.0014676247960688222 0.0082722485773053973
leaf_weight=693 101501 297 395 116 256 556 51 89 83 1624 69 61 262 575 53 70 171 55 719 82 59 99 130 149 62 83 550 180170 792 396
leaf_count=693 101501 297 395 116 256 556 51 89 83 1624 69 61 262 575 53 70 171 55 719 82 59 99 130 149 62 83 550 180170 792 396
internal_value=-3.70015e-05 -0.00069918 -0.00118056 0.000744948 0.00160451 -0.000725549 0.00127376 0.00375634 0.00214286 -0.00120795 -0.0022634 0.00307692 1.31914e-05 0.00125 0.00409091 0.0108537 -0.000669293 0.000764303 0.00166667 0.00698979 0.0112281 -2.22248e-05 0.00171016 0.00492366 0.000590061 0.00793103 -0.00014706 -2.87965e-05 0.000113984 0.00324916
internal_weight=290268 6336 4752 1584 1287 4059 789 394 343 3270 1754 130 1516 960 385 123 254 1171 915 196 114 283932 1073 393 161 232 680 282859 102689 1188
internal_count=290268 6336 4752 1584 1287 4059 789 394 343 3270 1754 130 1516 960 385 123 254 1171 915 196 114 283932 1073 393 161 232 680 282859 102689 1188
is_linear=0
shrinkage=0.05


Tree=182
num_leaves=31
num_cat=0
split_feature=15 23 20 20 24 13 1 23 20 16 23 9 23 23 24 23 23 23 23 13 1 9 23 23 0 5 4 18 17 20
split_gain=1.17093 3.45323 3.18725 2.57175 3.48458 3.01407 3.01417 2.93529 2.12598 1.94095 1.92889 2.83583 2.07946 1.76594 1.63845 3.57827 14.9705 4.26299 6.279 7.38258 3.70288 6.31423 6.41247 4.98359 5.04214 4.78019 3.21397 2.88043 2.74451 2.70615
threshold=59.500000000000007 0.96849880583763492 324.7000000000001 342.00000000000006 1.7100000000000002 0.35000000000000003 32.795000000000009 0.90070004940655357 333.00000000000006 9.1500000000000004 0.2332836900311728 89.879718780517592 0.92191100909954782 -0.45273527932988084 -0.18999999999999997 -0.55656394595157355 -0.67801649466304881 -0.46800559042974538 -0.45273527932988084 23.750000000000004 13.615 206.99692535400393 -0.61236746317008228 -0.6652727025667432 13.025 8.2678571428571459 12.615 13.055000000000001 219.50000000000003 143.40000000000003
decision_type=2 2 8 10 8 2 2 2 8 2 2 2 2 2 10 2 2 2 2 2 2 2 2 2 2 2 2 2 2 10
left_child=1 3 -3 4 -1 7 9 8 -6 13 11 -11 -12 -7 15 16 -2 -17 19 27 21 22 23 26 28 -24 -18 -19 -25 -20
right_child=14 2 -4 -5 5 6 -8 -9 -10 10 12 -13 -14 -15 -16 17 20 18 29 -21 -22 -23 25 24 -26 -27 -28 -29 -30 -31
leaf_value=-0.0013641957857541524 -0.00061947080839029481 0.0010551015142014019 -0.0030296574856889347 8.6002954848578712e-05 0.0027299154459017056 0.0025016873786882759 -0.010883018418787568 -0.0034025055010797447 0.0075471765445156679 0.0023584212905583928 -0.00092668281014060452 0.019041849530687299 0.0056202892912017577 -0.0033934640178250939 -0.00011206386219850072 -0.0043646644081673921 -0.0012341479511321141 0.013611402341838538 -0.0017395347463980025 0.024912322577209475 0.0042336657238770418 0.0021486515505574604 0.0081034707538242406 0.010524399861684991 0.0060187658965370977 0.0021557341765054204 0.0089710072421708472 -0.010494382012645223 0.011329251196781149 0.00024818091883287098
leaf_weight=14501 3796 790 2997 45959 116 644 298 65 100 164 538 100 170 704 135583 1026 57 87 2854 62 734 472 77 123 51 246 50 67 64 77773
leaf_count=14501 3796 790 2997 45959 116 644 298 65 100 164 538 100 170 704 135583 1026 57 87 2854 62 734 472 77 123 51 246 50 67 64 77773
internal_value=-3.63125e-05 -0.000219374 -0.00168603 -0.000131711 -0.000649426 0.000933079 0.000404888 0.00585409 0.00865741 0.00101293 0.00271605 0.00636364 0.00135593 -0.000215135 1.87778e-05 0.000187401 0.00140212 0.000103274 0.00014392 0.00865741 0.0050587 0.0068421 0.00997006 0.0147101 0.0187395 0.00490712 0.00574766 0.00279221 0.0225401 0.000121112
internal_weight=290268 67146 3787 63359 17400 2899 2618 281 216 2320 972 264 708 1348 223122 87539 5670 81869 80843 216 1874 1140 668 345 238 323 107 154 187 80627
internal_count=290268 67146 3787 63359 17400 2899 2618 281 216 2320 972 264 708 1348 223122 87539 5670 81869 80843 216 1874 1140 668 345 238 323 107 154 187 80627
is_linear=0
shrinkage=0.05


Tree=183
num_leaves=31
num_cat=0
split_feature=22 19 19 9 24 0 17 13 17 17 24 19 16 23 8 12 19 24 22 23 23 4 9 22 22 21 24 23 23 23
split_gain=1.31261 1.55124 1.3399 2.24032 2.22177 2.13228 1.85547 3.03885 2.39501 2.3631 1.73028 2.01064 2.6176 1.88723 1.28879 1.5436 1.24918 3.1283 4.23003 4.29918 2.73262 3.6575 3.81824 3.12465 5.46478 2.33203 2.21234 5.96007 9.46637 7.42848
threshold=-0.99763297024448894 53.32500000000001 5.4750000000000005 340.39927673339849 -0.58499999999999985 11.825000000000001 233.50000000000003 6.1500000000000012 151.50000000000003 108.50000000000001 -0.95499999999999985 10.285000000000002 9.4500000000000011 -0.056951011027366626 64.500000000000014 2.5000000000000004 12.475000000000003 1.0350000000000004 -0.30163705152652742 -0.90892157495189674 0.68274389090025245 17.775000000000002 57.327766418457038 -0.65234524191686594 -0.69057362043749781 21.900000000000002 0.05000000000000001 0.14888728888808328 0.28313308994381592 0.080547328232315238
decision_type=2 2 2 2 10 2 2 2 2 2 10 2 2 2 2 2 2 10 2 2 2 2 2 2 2 10 10 2 2 2
left_child=1 2 3 4 -1 -4 7 8 -6 -9 11 -7 -13 -12 16 -16 26 -18 19 -19 21 23 -23 24 -21 -26 27 29 -29 -2
right_child=14 -3 5 -5 6 10 -8 9 -10 -11 13 12 -14 -15 15 -17 17 18 -20 20 -22 22 -24 -25 25 -27 -28 28 -30 -31
leaf_value=-0.0020144430977784406 0.00058542358931067725 0.0074206431114149781 -0.0035980538905026659 -0.0058923853941559544 -0.0087568589169173521 -0.0074902097051621694 -0.0018042607098005528 0.0081246955425747919 0.0082791891506750117 0.011170415912345563 -0.0084791777671144302 0.023830781950859001 0.002921540190717691 0.00021666722251283723 0.013432545564287773 0.0012941071799331652 -0.00068484321356883588 0.005826688315361761 -0.0012667356102783176 0.0039207174442117297 -0.0059278980515542461 0.0029044875614965891 -0.0036231421114321693 -0.0024752669763903044 0.016310549906673882 0.0065762448924602942 -0.00018176039754086594 -0.0031478204174024277 8.1049405529274633e-05 0.0031818205988926908
leaf_weight=385 43813 68 2854 221 73 61 131 104 54 63 347 73 76 1826 103 285 36989 743 3285 1772 326 3242 1797 352 52 57 106049 6980 74692 3395
leaf_count=385 43813 68 2854 221 73 61 131 104 54 63 347 73 76 1826 103 285 36989 743 3285 1772 326 3242 1797 352 52 57 106049 6980 74692 3395
internal_value=-3.47622e-05 -0.000746529 -0.000828017 0.000819591 0.00203704 -0.00115238 0.00452941 0.00673469 0.000905511 0.0111677 -4.82597e-05 0.00428571 0.00741611 -0.000467097 -1.8879e-05 0.00286082 -2.28195e-05 -0.000253524 0.000461895 0.00106042 0.000705448 0.000906214 0.000159753 0.00259068 0.00339979 0.0142661 2.49212e-05 0.000164105 -9.44032e-05 0.000611336
internal_weight=290268 6336 6268 1031 810 5237 425 294 127 167 2383 210 149 2173 283932 388 283544 48615 11626 8341 7598 7272 5039 2233 1881 109 234929 128880 81672 47208
internal_count=290268 6336 6268 1031 810 5237 425 294 127 167 2383 210 149 2173 283932 388 283544 48615 11626 8341 7598 7272 5039 2233 1881 109 234929 128880 81672 47208
is_linear=0
shrinkage=0.05


Tree=184
num_leaves=31
num_cat=0
split_feature=22 24 20 5 3 0 21 18 22 24 3 1 17 17 24 23 20 20 17 16 3 23 21 14 9 16 14 22 14 0
split_gain=1.13963 1.61116 2.34148 1.76259 3.55682 1.38485 1.3424 1.33777 1.77441 2.29384 3.12999 2.15028 2.78821 2.27827 1.52118 1.47222 10.1692 1.77463 1.47028 1.84764 1.98969 1.38924 1.68948 1.58624 3.3331 1.261 1.38239 1.40961 1.63291 1.24579
threshold=-0.99763297024448894 1.4950000000000003 214.30000000000004 11.932142857142859 14.371666666666668 6.0950000000000006 27.500000000000004 5.5250000000000012 -0.99866806308218525 -0.58499999999999985 4.6483333333333352 6.0750000000000011 207.50000000000003 127.50000000000001 -0.43999999999999995 -0.039769286347669845 315.30000000000001 400.30000000000001 208.50000000000003 10.050000000000002 8.2783333333333378 -0.022575793296316496 21.900000000000002 31.250000000000004 121.83880996704103 13.65 32.350000000000001 -0.99940763397299126 28.550000000000004 2.7350000000000008
decision_type=2 10 10 2 2 2 10 2 2 10 2 2 2 2 10 2 10 10 2 2 2 2 10 2 2 2 2 2 2 2
left_child=1 2 -1 5 6 -3 -5 8 9 -4 -11 -12 13 -13 15 16 -9 -17 19 -19 -21 -16 -23 24 -24 26 27 28 -6 -2
right_child=29 3 7 4 25 -7 -8 14 -10 10 11 12 -14 -15 21 17 -18 18 -20 20 -22 22 23 -25 -26 -27 -28 -29 -30 -31
leaf_value=-0.0072639805863316089 -0.0014735472995668977 0.0015259617733775334 -0.0017381065455877418 0.010643114897361914 0.0070228578484202225 -0.0040337532331918028 0.016927766375697647 0.025194174638335582 -0.010062879640786268 0.0084945852733411403 -0.0021516552905671239 0.0028850283588478152 -0.0049129982771562832 0.011100847969236383 -0.0054228852215676285 -0.0043456467451921414 -0.006394448658033923 0.008302148172519121 -0.0089750674719114472 0.010837861884144422 -0.0053713530527049781 -0.0037617314478188067 0.0095395797308651109 -0.0014339339537637347 -0.00057140094820484451 -0.0054964914588470611 0.0038800290255755405 -0.0092756912519186153 -0.0004316454240319643 -1.1087963423231408e-05
leaf_weight=693 4502 51 319 56 50 256 53 67 141 51 89 76 62 51 974 874 283 68 53 51 120 482 68 127 103 253 490 180 195 279430
leaf_count=693 4502 51 319 56 50 256 53 67 141 51 89 76 62 51 974 874 283 68 53 51 120 482 68 127 103 253 490 180 195 279430
internal_value=-3.5968e-05 -0.00069918 -0.00115951 0.000681817 0.00149961 -0.00271987 0.0101376 -0.000700913 0.00114702 0.00225309 0.00518237 0.00309352 0.00611111 0.0103543 -0.00114679 1.31914e-05 0.00285714 -0.000840481 0.00253425 0.00420502 0.00143275 -0.00214937 -0.000576924 0.00238255 0.00552631 0.000693492 0.00155738 -0.000529413 0.00193877 -2.11682e-05
internal_weight=290268 6336 4752 1584 1277 307 109 4059 789 648 329 278 189 127 3270 1516 350 1166 292 239 171 1754 780 298 171 1168 915 425 245 283932
internal_count=290268 6336 4752 1584 1277 307 109 4059 789 648 329 278 189 127 3270 1516 350 1166 292 239 171 1754 780 298 171 1168 915 425 245 283932
is_linear=0
shrinkage=0.05


Tree=185
num_leaves=31
num_cat=0
split_feature=22 19 20 19 0 9 16 22 23 17 0 20 0 20 22 23 1 22 9 19 18 9 22 20 4 1 4 20 2 2
split_gain=1.45614 1.56758 1.21765 1.19354 1.86268 1.75504 1.78523 1.69126 2.00319 3.32285 2.17307 1.21409 1.91104 1.36795 1.18872 3.12554 2.72907 2.37225 2.95726 2.27497 3.23252 2.73874 2.24478 5.13173 5.68156 4.28893 2.95143 2.20565 3.03112 2.07646
threshold=-0.99763297024448894 53.32500000000001 163.00000000000003 5.4750000000000005 11.525 340.39927673339849 6.9500000000000011 -0.99866806308218525 0.011826144619637555 212.50000000000003 6.1350000000000007 370.7000000000001 6.8950000000000005 400.30000000000001 -0.98214942551678475 -0.15950993297387572 18.355000000000004 -0.98523971305672675 569.42919921875011 4.9250000000000007 7.0450000000000008 134.27038574218753 -0.97113884758256674 479.7000000000001 14.545000000000002 13.615 42.925000000000004 766.10000000000014 4.4600000000000035 -0.84000000000000041
decision_type=2 2 10 2 2 2 2 2 2 2 2 10 2 10 2 2 2 2 2 2 2 2 2 10 2 2 2 10 2 2
left_child=1 2 -1 5 11 6 -4 8 -8 10 -10 -5 13 -13 15 16 19 18 27 -2 -21 29 23 -16 -25 -26 -27 -17 -29 -22
right_child=14 -3 3 4 -6 -7 7 -9 9 -11 -12 12 -14 -15 22 17 -18 -19 -20 20 21 -23 -24 24 25 26 -28 28 -30 -31
leaf_value=-0.0055028188532157442 -0.0030759957020140751 0.0068556095045654592 0.0074519688544059763 -0.0043181630953778903 -3.1858053710493852e-06 -0.0052836660419227121 -0.001460312472559543 -0.0077429570595978596 0.0089857134030241325 -0.0011814326572753551 0.012439931474497845 -0.0036068632052218778 -0.0022880741939529949 0.0079059411735584537 -0.0029342547092568974 0.00018131867054602509 -0.0089962946155275354 -0.003275837520683333 0.0041739401734107789 0.0092296555089529213 -0.00066996057966622164 -0.0038187120290562246 -2.9356537797395533e-05 -0.0035725454498310135 0.010381748410708241 0.001226646195653601 0.022148096815220005 0.016604085826191155 -0.011877899445760507 0.0072312401964185055
leaf_weight=316 146 68 114 1741 2349 190 296 128 87 111 50 73 714 99 3929 8397 187 792 133 230 200 224 268092 368 101 253 101 127 55 597
leaf_count=316 146 68 114 1741 2349 190 296 128 87 111 50 73 714 99 3929 8397 187 792 133 230 200 224 268092 368 101 253 101 127 55 597
internal_value=-3.63125e-05 -0.000785986 -0.000867902 -0.000707326 -0.0010209 0.000891392 0.00193384 0.00095238 0.00216912 0.00548387 0.0106934 -0.00193567 -0.000428895 0.00430232 -1.95833e-05 0.000487914 0.00254419 0.000145201 0.000383378 0.00330351 0.0039928 0.00278648 -4.02073e-05 -0.00111743 0.00247266 0.00620879 0.00361582 0.000268678 0.00571428 0.00415935
internal_weight=290268 6336 6268 5952 4976 976 786 672 544 248 137 2627 886 172 283932 11088 1584 9504 8712 1397 1251 1021 272844 4752 823 455 354 8579 182 797
internal_count=290268 6336 6268 5952 4976 976 786 672 544 248 137 2627 886 172 283932 11088 1584 9504 8712 1397 1251 1021 272844 4752 823 455 354 8579 182 797
is_linear=0
shrinkage=0.05


Tree=186
num_leaves=31
num_cat=0
split_feature=22 13 3 19 15 9 23 16 22 23 3 19 22 19 21 5 14 17 17 16 20 17 17 14 17 22 23 3 13 19
split_gain=1.42962 1.72441 2.01717 1.65405 1.22427 2.3646 7.55829 5.72332 4.73733 2.41667 2.39573 1.57563 1.60914 1.48805 1.23171 1.21663 1.20689 2.38131 3.10724 4.18444 2.36912 3.91152 2.98699 3.13516 2.46052 2.98384 1.91369 1.83211 1.82597 1.70456
threshold=-0.99763297024448894 10.750000000000002 3.4083333333333337 53.32500000000001 90.500000000000014 773.87631225585949 -0.79382744783423187 6.9500000000000011 1.0000000180025095e-35 0.28313308994381592 4.6483333333333352 4.0150000000000006 0.30983042691905771 6.2150000000000007 147.50000000000003 8.0478571428571453 26.250000000000004 161.50000000000003 276.50000000000006 4.0500000000000007 300.90000000000003 248.50000000000003 231.50000000000003 24.250000000000004 272.50000000000006 -0.21861968191509915 0.6174544326165855 7.371666666666667 12.850000000000003 9.7750000000000004
decision_type=2 2 2 2 2 2 2 2 2 2 2 2 2 2 8 2 2 2 2 2 10 2 2 2 2 2 2 2 2 2
left_child=1 2 -1 15 16 10 7 -7 9 -8 11 -6 -13 -11 -10 -4 17 -2 20 28 24 22 23 -22 -19 -26 27 -24 -20 -18
right_child=4 -3 3 -5 5 6 8 -9 14 13 -12 12 -14 -15 -16 -17 29 18 19 -21 21 -23 26 -25 25 -27 -28 -29 -30 -31
leaf_value=0.0082684206337301242 -0.001562570651239854 -0.0032884029216640673 -0.0028772994242267282 0.0066693479981382213 0.0011239225021855855 0.013793586908497383 -0.001268209395642911 0.0070826395750260111 -0.0033202194748657189 0.010005409868458236 -0.00053412392889490496 0.0015869815764074564 0.0083377222474498042 0.0081578603181327834 0.0038450553997701857 -1.0656316194512753e-05 0.00011395137451583018 -8.961748047503614e-06 0.0021114775908371987 -0.0015539130960739492 0.0050794784893587039 -0.0011521941174977548 0.014203890901414842 0.00025919930157124871 0.0042244964701338514 0.00042865986205455195 0.0015870730200878242 0.0075283735532980928 0.0078732283104717745 -0.00024280686276733217
leaf_weight=51 6530 2200 757 57 124 52 58 50 423 55 1550 70 55 61 55 3271 173111 6020 75 4985 264 568 52 420 98 170 62 70 52 88902
leaf_count=51 6530 2200 757 57 124 52 58 50 423 55 1550 70 55 61 55 3271 173111 6020 75 4985 264 568 52 420 98 170 62 70 52 88902
internal_value=-3.52789e-05 -0.000778095 -0.0001765 -0.000299879 -1.87029e-05 0.00107129 0.00342175 0.0160784 0.00144172 0.00850575 8.61578e-05 0.00463855 0.0086 0.0126724 -0.00112971 -0.000419564 -2.85925e-05 -0.000409482 -1.40243e-05 -0.000970267 0.000618849 0.00245125 0.00456221 0.00304093 0.00020038 0.00488806 0.0102174 0.0138525 0.00799212 -4.40102e-07
internal_weight=290268 6336 4136 4085 283932 2553 754 102 652 174 1799 249 125 116 478 4028 281379 19366 12836 5112 7724 1436 868 684 6288 268 184 122 127 262013
internal_count=290268 6336 4136 4085 283932 2553 754 102 652 174 1799 249 125 116 478 4028 281379 19366 12836 5112 7724 1436 868 684 6288 268 184 122 127 262013
is_linear=0
shrinkage=0.05


Tree=187
num_leaves=31
num_cat=0
split_feature=15 4 23 23 18 24 23 23 23 9 24 24 1 24 13 23 17 9 9 24 17 19 4 14 23 15 3 23 1 9
split_gain=1.18013 2.03654 1.66432 7.54213 7.97366 9.78539 6.49195 3.26877 8.51729 17.0557 9.39243 11.6164 6.959 6.90708 6.96464 3.72527 4.15755 3.76741 3.66324 7.36473 3.8401 3.44039 3.11055 3.09855 2.9861 2.76486 2.74082 2.70699 2.62564 3.66498
threshold=64.500000000000014 5.3350000000000009 0.90438663683299525 0.90803977035715633 8.4750000000000032 -0.42499999999999993 0.86869874770991873 0.82293497932636273 0.82777578779003613 998.87963867187511 -0.24999999999999997 -0.49499999999999994 6.3150000000000004 -0.24999999999999997 14.15 0.85561368268953431 175.50000000000003 209.05644989013675 209.05644989013675 -0.34499999999999992 236.50000000000003 4.4450000000000012 20.775000000000002 29.850000000000005 0.81800285027139286 80.500000000000014 4.7950000000000008 0.85561368268953431 1.9350000000000003 569.42919921875011
decision_type=2 2 2 2 2 10 2 2 2 2 10 10 2 10 2 2 2 2 2 10 2 2 2 2 2 2 2 2 2 2
left_child=1 -1 6 4 23 -6 7 24 9 13 11 25 -11 14 -9 17 -17 -13 19 -18 -20 -22 -8 26 -2 -10 -4 -27 29 -5
right_child=2 -3 3 28 5 -7 22 8 10 12 -12 15 -14 -15 -16 16 18 -19 20 -21 21 -23 -24 -25 -26 27 -28 -29 -30 -31
leaf_value=-0.0024584362702223207 2.2647075251475422e-05 -0.0001706387287112525 0.0045757661969063543 -0.0016699164205386441 -0.0084790688779465186 0.0078452300881625275 -0.0033896416342329865 0.0018967718824367198 -0.00206597765889478 0.0076004583700636959 -0.0036698620559384972 -0.0020666211456339596 0.011724407850494355 -0.0058657677167964703 0.0081342547499521807 -0.00017745438699936413 0.0041607619843844496 0.0034067601183188825 0.0077570168298114446 0.012373132346035893 0.005424171650079323 0.00066412655261424507 0.0045054357339396863 -0.0045968375026699494 -0.0056013217241344324 0.0077453989111919974 0.001763126011308312 -0.0052948958024506988 0.00029479530531535333 0.0052336664292555492
leaf_weight=2259 127510 124304 60 185 51 117 4541 111 1251 71 1929 196 75 297 61 118 91 770 81 86 50 217 267 152 541 87 204 62 24271 253
leaf_count=2259 127510 124304 60 185 51 117 4541 111 1251 71 1929 196 75 297 61 118 91 770 81 86 50 217 267 152 541 87 204 62 24271 253
internal_value=-3.32119e-05 -0.000147872 5.54339e-05 0.000428378 0.00604452 0.0152381 -1.27169e-05 5.22428e-05 0.00123987 0.00678862 0.000548804 0.00229478 0.0217123 0.00214286 0.0101163 0.00519267 0.00814152 0.00322981 0.0100476 0.015904 0.00706896 0.00417603 -0.0018178 0.00233173 7.407e-07 -0.00103572 0.00560606 0.00540268 0.00029564 0.00413242
internal_weight=290268 126563 163705 25293 584 168 138412 133604 5553 615 4938 3009 146 469 172 1609 643 966 525 177 348 267 4808 416 128051 1400 264 149 24709 438
internal_count=290268 126563 163705 25293 584 168 138412 133604 5553 615 4938 3009 146 469 172 1609 643 966 525 177 348 267 4808 416 128051 1400 264 149 24709 438
is_linear=0
shrinkage=0.05


Tree=188
num_leaves=31
num_cat=0
split_feature=22 13 3 19 22 18 0 0 19 5 13 5 9 4 0 18 24 24 22 22 22 24 13 22 17 5 9 22 18 20
split_gain=1.22982 1.82498 1.98766 1.30313 1.13245 1.10821 7.00728 4.59398 2.49989 2.41841 2.81828 2.35678 2.30399 2.28774 4.38817 3.4597 2.79924 3.65409 6.826 6.44263 5.12674 4.91405 4.91583 5.42628 4.8505 4.59376 5.21766 3.83577 3.81644 3.8589
threshold=-0.99763297024448894 10.750000000000002 3.4083333333333337 53.32500000000001 0.99995780822346225 8.9750000000000032 10.475000000000003 8.4050000000000029 5.8450000000000006 8.2992857142857179 0.15000000000000005 9.2750000000000021 23.645804405212406 15.265000000000002 8.3250000000000011 4.4850000000000012 0.69500000000000006 -0.27499999999999997 0.63920241694561786 0.51297097409535064 -0.99467753128998015 -0.18999999999999997 3.6500000000000008 -0.96689237009891416 265.50000000000006 4.5792857142857155 158.50785064697268 0.3261394409934788 5.4450000000000012 125.30000000000003
decision_type=2 2 2 2 2 2 2 2 2 2 2 2 2 2 2 2 10 8 2 2 2 10 2 2 2 2 2 2 2 8
left_child=1 2 -1 -4 5 6 13 8 -7 10 -9 -8 -13 16 -15 -16 17 18 19 20 -2 22 23 -19 25 -21 -27 -22 29 -23
right_child=4 -3 3 -5 -6 7 11 9 -10 -11 -12 12 -14 14 15 -17 -18 21 -20 24 27 28 -24 -25 -26 26 -28 -29 -30 -31
leaf_value=0.0078538672598017657 0.0031063221621737127 -0.0031251151293434465 -0.00040594997031663597 0.0063444125346668566 -0.0027788294398376745 0.0034937497121314155 -0.00050967202750334787 0.0010741833345450401 0.00076971962148708584 -0.00020071799789228925 -0.0013167433161049293 -0.00078859589477438914 0.0023245572081636587 -0.0023514317945963459 0.0073624881702476427 0.00033609648193748962 -0.00034994200731363137 -0.0039376268122868876 -0.0046578352935682582 0.00034143694381929131 1.0728876829535328e-05 0.0060451015645995275 0.0011720986698647105 0.0042615051094507901 -0.00017357845100429822 -0.0045685327406999382 0.0053926340704019025 -0.0022096806151699973 -6.6052860419284022e-05 0.0010827184756493956
leaf_weight=51 663 2200 4028 57 792 1034 1774 1498 13352 86731 15339 1133 8069 7917 228 3952 44583 239 2399 236 37912 343 6707 2261 426 83 367 4431 29615 11848
leaf_count=51 663 2200 4028 57 792 1034 1774 1498 13352 86731 15339 1133 8069 7917 228 3952 44583 239 2399 236 37912 343 6707 2261 426 83 367 4431 29615 11848
internal_value=-3.39009e-05 -0.000722855 -0.000103966 -0.000226439 -1.85268e-05 -1.32455e-05 7.03438e-05 -0.000130306 0.000706936 -0.000246602 -0.000794977 0.001291 0.00161269 -1.65371e-05 -0.000676615 0.00063397 3.96504e-05 0.000189684 -0.000130814 1.04254e-05 -8.67333e-05 0.000481935 0.00152764 0.00342 0.00376798 0.00637026 0.00933333 -0.000155045 0.000251637 0.000996226
internal_weight=290268 6336 4136 4085 283932 283140 165186 117954 14386 103568 16837 10976 9202 154210 12097 4180 142113 97530 46517 44118 43006 51013 9207 2500 1112 686 450 42343 41806 12191
internal_count=290268 6336 4136 4085 283932 283140 165186 117954 14386 103568 16837 10976 9202 154210 12097 4180 142113 97530 46517 44118 43006 51013 9207 2500 1112 686 450 42343 41806 12191
is_linear=0
shrinkage=0.05


Tree=189
num_leaves=31
num_cat=0
split_feature=9 16 19 16 17 17 13 20 20 3 2 23 20 24 4 14 23 23 4 3 16 1 20 3 16 17 4 14 17 16
split_gain=1.10561 3.33004 2.8218 2.2524 2.53592 2.73278 2.43146 2.65651 2.62392 2.15639 2.47213 2.38438 2.15433 2.2302 2.27102 3.67666 2.11765 4.08139 2.06169 2.04494 2.18419 2.26933 2.39673 2.89546 2.00336 1.96273 1.99409 2.23513 2.0647 3.6075
threshold=73.335582733154311 19.150000000000002 4.9750000000000005 12.950000000000001 209.50000000000003 250.50000000000003 0.8500000000000002 303.00000000000006 648.90000000000009 7.5316666666666672 1.5800000000000005 0.16587474750015932 413.40000000000003 -0.049999999999999996 15.975000000000003 31.350000000000005 -0.52765736634565841 -0.57077231802681661 189.73500000000004 11.695000000000002 7.3500000000000005 11.475000000000003 508.90000000000003 10.248333333333337 5.8500000000000005 191.50000000000003 12.055000000000001 30.350000000000005 100.50000000000001 8.7500000000000018
decision_type=2 2 2 2 2 2 2 8 10 2 2 2 8 10 2 2 2 2 2 2 2 2 8 2 2 2 2 2 2 2
left_child=2 -2 9 6 18 -6 12 -8 19 10 11 -1 13 14 15 -4 17 24 -5 20 -9 -22 -23 -24 -16 26 -11 28 -28 -30
right_child=1 -3 3 4 5 -7 7 8 -10 25 -12 -13 -14 -15 16 -17 -18 -19 -20 -21 21 22 23 -25 -26 -27 27 -29 29 -31
leaf_value=0.0018147123009846573 -0.00013753456014823189 0.0018348529968445085 0.0018168146047388733 -0.0013216988465664158 0.0029110612983761532 -0.00039565768081855664 0.00075957121771713979 0.0016235349459082016 0.0082748508705971589 0.0061868143895689107 0.0059437417161594258 -0.0023589351195772434 0.00038153375133723449 0.00068262290334425175 0.013526731926012579 0.0079270963811575654 -0.00081714266265728698 0.01313670870075128 0.011503790785556151 -0.0014198416667775885 -0.00041821432744715693 0.0011435536370768046 0.0094440895512497014 0.0035254267194226446 0.0025529133309762329 0.0012097725092137558 0.0026523986846596235 0.00087658586373414718 0.0095848611645277786 0.00052200163406572778
leaf_weight=1605 205631 1446 682 13622 1409 2905 13682 1851 209 343 331 1657 10662 3259 89 531 929 97 156 11783 12948 1168 63 147 1051 1109 174 585 88 56
leaf_count=1605 205631 1446 682 13622 1409 2905 13682 1851 209 343 331 1657 10662 3259 89 531 929 97 156 11783 12948 1168 63 147 1051 1109 174 585 88 56
internal_value=-3.32119e-05 -9.50624e-05 0.000120745 3.99377e-05 -0.000448266 0.000609642 0.00018926 -1.68467e-05 -0.000294474 0.00117014 0.000399387 -1.83948e-05 0.00068786 0.001395 0.00229506 0.0040272 0.00132502 0.00267987 -0.000779505 -0.000336196 2.87433e-05 -0.000180093 0.00174891 0.00666667 0.0018421 0.00234607 0.00370786 0.00247508 0.00584906 0.0102778
internal_weight=290268 207077 83191 77243 18092 4314 59151 41851 28169 5948 3593 3262 17300 6638 3379 1213 2166 1237 13778 27960 16177 14326 1378 210 1140 2355 1246 903 318 144
internal_count=290268 207077 83191 77243 18092 4314 59151 41851 28169 5948 3593 3262 17300 6638 3379 1213 2166 1237 13778 27960 16177 14326 1378 210 1140 2355 1246 903 318 144
is_linear=0
shrinkage=0.05


Tree=190
num_leaves=31
num_cat=0
split_feature=15 15 23 20 20 24 22 22 23 22 4 22 23 5 22 22 22 22 1 4 14 24 4 24 9 23 22 9 5 17
split_gain=1.16104 1.21551 2.89566 2.92478 2.28956 3.33435 2.35362 6.54943 2.57018 3.9295 4.06322 3.45377 2.41066 2.14862 1.76376 1.80135 1.71546 6.49009 2.61164 3.28331 6.20792 2.07032 2.82678 4.07954 1.76238 2.35851 5.97479 5.2534 3.31314 2.42185
threshold=32.500000000000007 59.500000000000007 0.96849880583763492 324.7000000000001 342.00000000000006 1.7100000000000002 0.43733377705052551 0.45273815774107123 -0.48313741114591585 -0.814291907305839 11.185 -0.082689790342551819 0.95936279103287792 7.8571428571428585 -0.75015329512557205 -0.47558551945199218 0.97875492728876534 0.99053107487289871 13.725000000000003 14.615 31.650000000000002 0.36500000000000005 10.575000000000001 0.095000000000000015 236.92714691162112 0.93469109537144635 0.30983042691905771 103.08131027221681 4.6907142857142867 302.50000000000006
decision_type=2 2 2 8 10 8 2 2 2 2 2 2 2 2 2 2 2 2 2 2 2 10 2 10 2 2 2 2 2 2
left_child=-1 2 4 -4 5 -2 8 -8 9 -7 11 -11 -10 -9 -12 -16 24 18 19 21 -21 22 23 -18 25 -6 28 29 -27 -28
right_child=1 -3 3 -5 16 6 7 13 12 10 14 -13 -14 -15 15 -17 17 -19 -20 20 -22 -23 -24 -25 -26 26 27 -29 -30 -31
leaf_value=0.016822543786945379 -0.0013145466177513086 2.2276591181994429e-05 0.00095934320720641943 -0.0028371940334715601 -1.7851325415499356e-05 0.015854216784649922 0.0059890168194202502 -0.0028033534062262039 -0.0019307107402057027 0.011975619865656446 -0.014870157683688984 0.0028875923969630662 0.0068906377606096194 0.0044418103517303593 0.0050495863902321149 -0.0022372009202479984 -0.00020565799957261797 -0.0013500175699498163 -0.0011680020483394349 -0.0030231744140660167 0.011800764459744702 -0.0057171749289030337 0.002401199689591362 0.0099705295467566509 -0.001532214066297754 0.0060251935991880827 0.0039032698895657887 0.0055250199548693476 -0.00079851557911720511 -0.0019485345721993235
leaf_weight=89 14501 223122 790 2997 38936 98 51 128 1454 78 149 89 56 104 273 419 52 1207 144 52 97 53 316 97 3344 72 203 157 1017 123
leaf_count=89 14501 223122 790 2997 38936 98 51 128 1454 78 149 89 56 104 273 419 52 1207 144 52 97 53 316 97 3344 72 203 157 1017 123
internal_value=-3.57957e-05 -3.7547e-05 -0.000224213 -0.0015672 -0.000143829 -0.000632185 0.000915832 0.00524735 0.000447247 0.00227848 0.00134921 0.00847305 -0.000894041 0.00168103 -6.53995e-05 0.000997109 4.14202e-05 0.0014668 0.00492602 0.00624438 0.0127852 0.00436293 0.00543011 0.0111074 -2.41734e-05 6.68992e-05 0.00196565 0.0065942 -8.72372e-05 0.00297546
internal_weight=290268 290179 67057 3787 63270 17400 2899 283 2616 1106 1008 167 1510 232 841 692 45870 2018 811 667 149 518 465 149 43852 40508 1572 483 1089 326
internal_count=290268 290179 67057 3787 63270 17400 2899 283 2616 1106 1008 167 1510 232 841 692 45870 2018 811 667 149 518 465 149 43852 40508 1572 483 1089 326
is_linear=0
shrinkage=0.05


Tree=191
num_leaves=31
num_cat=0
split_feature=23 23 23 24 13 22 9 2 13 24 22 5 23 1 16 22 5 2 23 20 9 23 24 22 16 20 23 9 14 1
split_gain=1.12933 2.70625 3.01405 2.48162 2.83212 3.53261 2.60833 2.43947 2.4115 4.95205 13.4557 2.29313 2.24958 2.06854 2.06022 1.93793 3.85295 1.8529 4.58988 1.83942 4.78917 3.3012 2.47898 3.11752 3.44523 2.35457 2.20672 2.00833 1.91891 3.34959
threshold=-0.99465740988130902 -0.97507822412530132 -0.97111920233974802 1.3800000000000001 4.4500000000000011 -0.082689790342551819 349.36264038085943 -1.4600000000000004 3.4500000000000006 1.7100000000000002 -0.13398594226331254 7.2300000000000013 -0.99983123799342477 5.9150000000000009 16.750000000000004 0.21022171450811275 11.539285714285716 -6.2849999999999984 -0.99864786094873803 262.60000000000008 389.30609130859381 -0.98212955754013376 0.16500000000000004 -0.20180236284700911 10.550000000000002 230.50000000000003 -0.99273797715557011 71.13336563110353 30.050000000000004 6.4750000000000005
decision_type=2 2 2 10 2 2 2 2 2 10 2 2 2 2 2 2 2 2 2 8 2 2 10 2 2 10 2 2 2 2
left_child=3 8 -3 6 -5 -6 11 12 19 14 -11 -1 -8 -7 15 -10 -17 18 -13 20 21 27 23 24 -21 -23 -24 -2 -25 -30
right_child=1 2 -4 4 5 13 7 -9 9 10 -12 17 -14 -15 -16 16 -18 -19 -20 22 -22 25 26 28 -26 -27 -28 -29 29 -31
leaf_value=-0.0058070501908916985 0.0076553120398096478 -0.0029547645095286887 -4.6475253358698629e-05 -0.0011963307919332922 0.006658482658593385 -0.0043085387406245424 -0.0037925846129930121 -0.00018889291542504227 0.0014421013715204111 -0.0039234588269081742 0.013311539348044852 0.0053604536980752931 0.0035047320659153066 0.0020996838357414996 0.0062474047932357364 -0.0041441555957898264 0.0034622171417976488 -0.0014999378043187555 -0.0052588606847660986 0.0053049382062623461 -0.0034094725830795536 0.0053652428622826074 0.0012267137119543383 -0.0012905200587078327 0.00076194519575858814 0.0052260604724137967 -0.0017498496235032808 -0.00017097755283403246 0.0043705944549661665 0.00027561363288221085
leaf_weight=1371 68 1584 268092 1158 83 297 70 997 4382 84 64 67 289 838 62 615 66 4217 117 67 192 93 511 546 90 63 3061 208 222 694
leaf_count=1371 68 1584 268092 1158 83 297 70 997 4382 84 64 67 289 838 62 615 66 4217 117 67 192 93 511 546 90 63 3061 208 222 694
internal_value=-3.42454e-05 -1.61001e-05 -4.75768e-05 -0.000570287 0.000829123 0.00251231 -0.00103676 0.000936577 0.000749458 0.0015238 0.0105405 -0.00150035 0.00447075 0.00178414 0.00126341 0.00115248 -0.00132893 -0.000944105 0.00396739 4.72903e-05 0.00261218 0.00553241 -0.00026103 0.00136195 0.00805732 0.0113462 -0.000996642 0.00224638 0.000642954 0.00204148
internal_weight=290268 280764 269676 9504 2376 1218 7128 1356 11088 5273 148 5772 359 1135 5125 5063 681 4401 184 5815 624 432 5191 1619 157 156 3572 276 1462 916
internal_count=290268 280764 269676 9504 2376 1218 7128 1356 11088 5273 148 5772 359 1135 5125 5063 681 4401 184 5815 624 432 5191 1619 157 156 3572 276 1462 916
is_linear=0
shrinkage=0.05


Tree=192
num_leaves=31
num_cat=0
split_feature=21 16 21 4 0 22 24 9 19 0 3 24 24 24 22 22 22 22 19 22 22 16 22 22 4 13 17 17 1 24
split_gain=1.21145 1.51777 1.82813 1.57834 2.25564 1.88827 1.36815 1.12202 2.67493 2.55132 3.1897 2.14097 3.36205 3.58843 4.42471 7.09522 3.35597 4.95756 2.7714 3.02132 3.65189 2.83394 2.76469 3.2435 2.63865 2.60478 2.56062 2.9686 2.73204 2.42223
threshold=562.50000000000011 20.350000000000005 322.50000000000006 11.105000000000002 9.8050000000000015 -0.2102246306142678 -0.064999999999999988 73.335582733154311 4.9750000000000005 5.5150000000000006 5.161666666666668 -0.22499999999999995 0.36500000000000005 0.05000000000000001 -0.36647417525074694 -0.26866367175705824 -0.49064630004295678 -0.56368474752277564 10.495000000000003 -0.29343379936893921 -0.32614396506100213 7.3500000000000005 0.98049069993378934 0.98522604642031408 22.255000000000006 0.95000000000000007 296.50000000000006 127.50000000000001 11.405000000000003 0.24500000000000002
decision_type=10 2 10 2 2 2 8 2 2 2 2 8 10 10 2 2 2 2 2 2 2 2 2 2 2 2 2 2 2 10
left_child=1 7 3 -3 5 -5 -2 8 9 -1 -11 -10 13 14 16 25 17 -13 21 20 -20 -14 29 -24 -22 -16 27 28 -19 -15
right_child=6 2 -4 4 -6 -7 -8 -9 11 10 -12 12 18 22 15 -17 -18 26 19 -21 24 -23 23 -25 -26 -27 -28 -29 -30 -31
leaf_value=-5.2465182984434456e-05 0.0015496325458394294 -1.1982827910607178e-05 -0.00052898130359630585 0.0060716544269808631 0.0030772642040249642 0.0036309815561662595 -0.0045654951138782698 -0.00012220050758457343 0.00086667920663389519 0.0074715759453571513 0.0022544107799096348 -0.0011425016244400955 0.0020605281988184702 -0.002276286236371865 0.0065953658943828878 0.00054988240403150955 -0.004993980719266905 0.0089075386324918605 0.0024514344622460129 -0.00019379346004789818 0.0046707348651167171 -0.00045856100713178888 0.0095467905505516003 -0.00079178919278118846 0.01368718772212014 0.00017887909441439268 0.011987940357772672 0.0013607418758886675 0.0028340955977392518 -0.0074738954469480041
leaf_weight=2572 86 233 606 62 354 83 386 206271 15661 124 3238 13935 1844 3959 517 5817 1237 113 8818 5138 83 15749 153 990 61 169 63 899 128 919
leaf_count=2572 86 233 606 62 354 83 386 206271 15661 124 3238 13935 1844 3959 517 5817 1237 113 8818 5138 83 15749 153 990 61 169 63 899 128 919
internal_value=-3.25229e-05 -2.84005e-05 0.00165172 0.00333333 0.00491984 0.0101724 -0.00256356 -3.61936e-05 0.00012003 0.00114257 0.00204937 4.04562e-05 -9.42381e-05 -0.000484274 -0.000198445 0.000904966 -0.000636642 -0.000432027 0.000261413 0.000783687 0.00133787 -0.000157166 -0.00157034 0.000643043 0.00923611 0.00571428 0.00264755 0.00210526 0.00703319 -0.00208897
internal_weight=290268 289796 1338 732 499 145 472 288458 82187 5934 3362 76253 60592 28899 22878 6503 16375 15138 31693 14100 8962 17593 6021 1143 144 686 1203 1140 241 4878
internal_count=290268 289796 1338 732 499 145 472 288458 82187 5934 3362 76253 60592 28899 22878 6503 16375 15138 31693 14100 8962 17593 6021 1143 144 686 1203 1140 241 4878
is_linear=0
shrinkage=0.05


Tree=193
num_leaves=31
num_cat=0
split_feature=21 16 14 15 9 22 17 9 14 22 23 15 22 20 0 13 23 21 9 14 22 23 20 9 22 22 17 17 19 22
split_gain=1.2103 1.51995 2.09417 2.46824 1.6742 2.91732 1.97937 1.48304 2.15741 1.0844 14.1151 7.18886 6.77014 5.96708 5.77299 5.69602 4.93899 4.41386 5.27778 4.85401 4.21102 5.64381 5.02739 7.43225 4.83235 20.1636 5.61386 8.42231 4.78407 5.50758
threshold=562.50000000000011 20.350000000000005 30.250000000000004 48.500000000000007 37.542234420776374 -0.23537230790205757 122.50000000000001 409.80174255371099 31.350000000000005 0.49812943072827093 -0.80417042486635371 89.500000000000014 0.42179998225932674 159.70000000000002 5.9350000000000014 5.8500000000000005 -0.78324956448884031 27.500000000000004 773.87631225585949 30.650000000000002 0.67802080537253961 0.69521084835931835 648.90000000000009 719.37036132812511 0.55656748448714433 0.57077594689671507 226.50000000000003 282.50000000000006 9.6750000000000025 0.59868201182722736
decision_type=10 2 2 2 2 2 2 2 2 2 2 2 2 8 2 2 2 8 2 2 2 2 8 2 2 2 2 2 2 2
left_child=1 9 -3 -4 6 -6 -5 8 -7 12 11 14 -1 -13 15 -11 -12 18 19 -16 22 -22 28 -24 -25 26 -26 -28 29 -18
right_child=-2 2 3 4 5 7 -8 -9 -10 10 16 13 -14 -15 17 -17 20 -19 -20 -21 21 -23 23 24 25 -27 27 -29 -30 -31
leaf_value=-5.3847046994206013e-05 -0.0025777894632763513 -0.00056527457806549949 -0.003353033603960982 -0.0070609674721312399 0.0046194423899044166 0.0045847664780590382 0.007214547966099296 -0.0043263904290098522 -0.0012184499844746042 8.0949339299432084e-05 -0.0044547245522190268 0.012687651226219392 -0.00244887308791388 0.0017238482813263234 0.00088358074507714182 0.0059478244147246175 0.00050566589121834953 -0.00039646110565368645 0.0090947276185970784 0.0046565929259407392 -0.00010015850549389785 -0.0040930919897467439 -0.0036772238671726725 -0.0078198683561381682 0.0034187081980554218 -0.00011406403191168779 0.012398803195277447 0.0096642171335822643 -0.00037236572478282446 0.0036433568242960133
leaf_weight=184168 472 680 83 96 88 123 134 53 81 310 1582 60 7867 52 1248 670 3257 1950 50 1196 73565 2366 2443 253 50 566 61 87 3115 3542
leaf_count=184168 472 680 83 96 88 123 134 53 81 310 1582 60 7867 52 1248 670 3257 1950 50 1196 73565 2366 2443 253 50 566 61 87 3115 3542
internal_value=-3.37286e-05 -2.96082e-05 0.00165172 0.00366261 0.00482609 0.00702898 0.00152174 0.00433852 0.00627451 -3.7407e-05 9.94046e-05 0.00255058 -0.000106102 0.0150893 0.00229167 0.0057653 -4.98983e-05 0.00152565 0.002919 0.00259002 -8.41011e-07 -0.000144935 0.000817256 -0.000823701 0.00276794 0.00475131 0.0184848 0.0233784 0.00138995 0.0021334
internal_weight=290268 289796 1338 658 575 345 230 257 204 288458 96423 5536 192035 112 5424 980 90887 4444 2494 2444 89305 75931 13374 3460 1017 764 198 148 9914 6799
internal_count=290268 289796 1338 658 575 345 230 257 204 288458 96423 5536 192035 112 5424 980 90887 4444 2494 2444 89305 75931 13374 3460 1017 764 198 148 9914 6799
is_linear=0
shrinkage=0.05


Tree=194
num_leaves=31
num_cat=0
split_feature=15 14 21 13 24 24 2 5 4 24 24 4 3 15 2 14 16 14 13 20 2 14 15 21 24 2 13 24 20 24
split_gain=1.1095 1.84188 2.6031 2.56403 2.60315 2.66475 3.81489 3.92847 2.63853 2.76127 2.30558 2.57013 3.32579 2.48966 2.29526 2.23918 2.13099 2.1361 1.67642 2.40554 2.93486 1.64209 1.89519 2.39364 2.09706 2.60861 2.1658 1.90231 6.1181 4.1684
threshold=64.500000000000014 30.150000000000002 16.900000000000002 6.1500000000000012 1.1900000000000002 1.3800000000000001 0.080000000000000973 7.9535714285714292 9.9550000000000018 -0.40499999999999997 -0.049999999999999996 6.5450000000000008 4.7516666666666678 47.500000000000007 0.84999999999999987 27.150000000000002 11.350000000000003 29.450000000000003 43.050000000000004 287.80000000000001 -0.95999999999999974 26.150000000000002 81.500000000000014 67.500000000000014 -0.064999999999999988 0.4499999999999999 45.850000000000001 0.24500000000000002 143.40000000000003 0.095000000000000015
decision_type=2 2 8 2 8 8 2 2 2 10 10 2 2 2 2 2 2 2 2 10 2 2 2 10 8 2 2 10 10 10
left_child=1 2 3 4 8 6 -6 -8 9 -1 11 12 14 -12 -11 -13 -7 -18 -3 -20 -21 22 23 -2 -24 26 27 28 -26 -30
right_child=21 18 -4 -5 5 16 7 -9 -10 10 13 15 -14 -15 -16 -17 17 -19 19 20 -22 -23 24 -25 25 -27 -28 -29 29 -31
leaf_value=-0.0014099844711126439 -0.0010644098140048042 -6.9733182433290525e-05 -0.0014901263941618063 -0.0014135001109737688 -0.0022716900868484605 0.0011925517252416077 0.016302672102298847 0.005468835734873655 -0.0010958416155516495 0.0031008744953979917 0.0091998221929522443 0.0050591328860783557 -0.0025988215393339966 -0.00013402452402768095 0.0084671922509748261 0.00081698720192413586 0.018542640940172921 -0.00097040731080308906 -0.0073715898210266577 -0.0016399261237701468 0.0063910859798509707 0.0001294498693986219 -0.00082067090213875792 0.0066522059682207375 0.0072599904559481031 -0.00087933542879410978 -0.0065644245485735929 0.0017537743886798911 -0.00085682798449432862 0.014531125533389134
leaf_weight=1234 11614 98229 9892 7860 114 1875 90 76 4402 85 58 313 65 1182 71 663 80 54 81 56 83 146015 3027 71 448 871 147 1016 433 63
leaf_count=1234 11614 98229 9892 7860 114 1875 90 76 4402 85 58 313 65 1182 71 663 80 54 81 56 83 146015 3027 71 448 871 147 1016 433 63
internal_value=-3.23506e-05 -0.000143527 -0.000500464 -0.000145979 0.000370584 0.00185889 0.00642857 0.0112651 -5.14071e-05 0.000938435 0.00191424 0.00347953 0.00834842 0.000403225 0.0123077 0.00237705 0.001222 0.00731343 -4.15963e-05 0.00431818 0.00830935 5.36013e-05 -0.000401358 -0.000772359 0.000320565 0.00126259 0.00221405 0.00265306 0.00426907 0.000443547
internal_weight=290268 126563 28114 18222 10362 2289 280 166 8073 3671 2437 1197 221 1240 156 976 2009 134 98449 220 139 163705 17690 11685 6005 2978 2107 1960 944 496
internal_count=290268 126563 28114 18222 10362 2289 280 166 8073 3671 2437 1197 221 1240 156 976 2009 134 98449 220 139 163705 17690 11685 6005 2978 2107 1960 944 496
is_linear=0
shrinkage=0.05


Tree=195
num_leaves=31
num_cat=0
split_feature=15 23 13 1 23 23 23 22 4 23 10 22 22 24 3 2 22 13 21 24 0 15 24 23 16 12 24 22 15 4
split_gain=1.10816 2.67456 2.22445 2.41762 2.52689 9.2952 10.8777 4.38701 3.04426 1.99872 1.82194 1.7936 3.98481 3.11027 2.82728 2.47303 1.95771 1.83646 1.80343 2.45537 2.76943 2.62192 3.05328 1.73492 2.26192 1.71413 1.67966 1.62333 2.33563 3.25617
threshold=59.500000000000007 0.96849880583763492 0.15000000000000005 9.4050000000000029 0.11478523713130605 0.38043945030393422 0.36447543099728863 0.9550229469509578 12.005000000000001 0.87709077819680659 5.8016667366027841 0.99053107487289871 0.97112537654464559 1.0000000180025095e-35 11.325000000000001 2.6500000000000017 0.96465729447553372 4.8500000000000005 97.500000000000014 0.095000000000000015 7.7250000000000005 57.500000000000007 0.36500000000000005 0.96633974041180493 10.950000000000001 1.0000000180025095e-35 1.4950000000000003 0.97875492728876534 45.500000000000007 13.635000000000003
decision_type=2 2 2 2 2 2 2 2 2 2 2 2 2 10 2 2 2 2 8 10 2 2 10 2 2 2 10 2 2 2
left_child=1 2 3 4 10 6 7 -6 -9 -7 -1 12 16 14 15 17 23 -13 19 -14 21 22 -21 -4 -25 -20 -12 -22 -29 -30
right_child=-2 -3 11 -5 5 9 -8 8 -10 -11 26 13 18 -15 -16 -17 -18 -19 25 20 27 -23 -24 24 -26 -27 -28 28 29 -31
leaf_value=-1.6516867318283192e-05 2.726840747553271e-05 -0.0019013884399847057 -0.00043452556120457685 -2.7222368378527313e-05 -0.0019719741531076642 -0.0015714306460295664 0.016974107105256871 0.0062163158473926847 0.0078386827950467398 0.0022878858724792385 0.0062264028281034285 0.0018918064515117768 -0.0010473950186192739 -0.0045771481751850918 -0.002878489563556904 -0.0012471506892900331 -0.0069084529018824037 0.0074757591637020981 -0.0027817131786259906 0.011575020296347301 -0.0015237130218284302 -0.00016099225239816307 0.0064918730471636632 0.0075335174907805507 -0.00011466444957711532 0.0097111187572524026 -0.0085537493181490568 -0.0053112669839438529 0.0021957274635497127 0.010990231234940542
leaf_weight=2526 223122 3787 44100 10533 126 672 73 118 52 666 282 67 295 1651 91 87 457 99 300 77 151 54 97 64 98 52 55 70 286 160
leaf_count=2526 223122 3787 44100 10533 126 672 73 118 52 666 282 67 295 1651 91 87 457 99 300 77 151 54 97 64 98 52 55 70 286 160
internal_value=-3.23506e-05 -0.000210438 -0.000133289 0.000396278 0.00135667 0.00287932 0.00990515 0.00564189 0.0108824 0.000941703 0.000448829 -0.000299031 -0.000235729 -0.00176692 0.00255814 0.00527668 -0.0003219 0.00885542 0.00226329 0.00319328 0.00449721 0.00925438 0.0122414 -0.000288285 0.00487654 -0.000880683 0.00390208 0.00287106 0.00420543 0.00553812
internal_weight=290268 67146 63359 15103 4570 1707 369 296 170 1338 2863 48256 46261 1995 344 253 44719 166 1542 1190 895 228 174 44262 162 352 337 667 516 446
internal_count=290268 67146 63359 15103 4570 1707 369 296 170 1338 2863 48256 46261 1995 344 253 44719 166 1542 1190 895 228 174 44262 162 352 337 667 516 446
is_linear=0
shrinkage=0.05


Tree=196
num_leaves=31
num_cat=0
split_feature=14 15 4 20 13 13 24 9 24 23 15 20 23 20 20 17 24 24 14 15 24 23 9 4 9 23 4 4 23 24
split_gain=1.11454 4.81228 3.51578 3.06391 3.00497 2.28513 3.12508 4.24712 3.94474 3.88737 3.18404 3.08904 4.89053 1.99493 3.43153 6.5077 1.95307 3.72525 3.41548 3.23999 3.15431 9.25744 14.3205 3.31964 5.16004 3.44281 3.10349 3.06062 2.8587 2.65045
threshold=28.950000000000003 73.500000000000014 26.315000000000001 274.50000000000006 12.15 33.750000000000007 0.05000000000000001 483.01396179199224 -0.064999999999999988 0.41202506375868281 61.500000000000007 320.50000000000006 -0.28519997588938989 252.40000000000003 271.35000000000008 120.50000000000001 -0.65999999999999981 -0.089999999999999983 24.350000000000005 62.500000000000007 -0.13999999999999999 -0.96234030595689413 140.55255126953128 7.9150000000000009 773.87631225585949 -0.43733099657705293 14.315000000000003 12.905000000000003 -0.16799793862756093 0.53000000000000014
decision_type=2 2 2 8 2 2 10 2 10 2 2 8 2 10 10 2 8 10 2 2 8 2 2 2 2 2 2 2 2 10
left_child=1 2 16 4 -4 -2 8 -8 13 10 -10 -9 -13 -7 15 -15 -1 20 19 28 23 -22 26 24 25 -18 -23 -24 -19 -21
right_child=5 -3 3 -5 -6 6 7 11 9 -11 -12 12 -14 14 -16 -17 17 18 -20 29 21 22 27 -25 -26 -27 -28 -29 -30 -31
leaf_value=-0.0029144966540127154 9.8571224621192237e-06 0.00021772384682476904 0.0037177117452291846 6.0565911685066992e-05 0.01146522773860202 -0.0017241430016952089 -0.0020429531710953719 -0.0064273324472806223 0.0060806442719438794 0.010598250002487687 0.0023674872592161383 0.008972185027084063 0.0034092112600923557 0.011385988041297604 0.0016328096608185562 0.0030583188030535976 0.007650844378823015 0.0072426012101245406 -0.0015282462729423879 -0.0035044985137221603 -0.0055489284918689638 0.0068995629575681243 0.013522739780917498 -0.00076429060893992836 -0.003187044300427066 0.0018116664806935565 0.00058479912665193178 0.016831901929524364 -0.0012708719897642623 0.002523716973582538
leaf_weight=3894 202775 42278 393 896 139 605 1731 66 91 55 422 68 158 53 1045 170 85 139 19008 576 472 120 50 10390 666 2705 286 53 68 811
leaf_count=3894 202775 42278 393 896 139 605 1731 66 91 55 422 68 158 53 1045 170 85 139 19008 576 472 120 50 10390 666 2705 286 53 68 811
internal_value=-3.18338e-05 -0.000186623 -0.000574343 0.00186274 0.00486842 3.01814e-05 0.00114919 -0.000304005 0.00235354 0.00600352 0.00464912 0.00527397 0.0080531 0.00124666 0.00237382 0.00800448 -0.000662845 -0.000546023 -0.000980974 0.00124216 5.83383e-05 0.00279816 0.00747544 -0.00013578 0.0012066 0.00215054 0.00325123 0.0241262 0.00707729 0.000371304
internal_weight=290268 83029 40751 1428 532 207239 4464 2023 2441 568 513 292 226 1873 1268 223 39323 35429 20602 1594 14827 981 509 13846 3456 2790 406 103 207 1387
internal_count=290268 83029 40751 1428 532 207239 4464 2023 2441 568 513 292 226 1873 1268 223 39323 35429 20602 1594 14827 981 509 13846 3456 2790 406 103 207 1387
is_linear=0
shrinkage=0.05


Tree=197
num_leaves=31
num_cat=0
split_feature=14 15 5 20 13 24 22 9 23 20 23 16 15 9 22 22 16 18 13 24 9 18 22 18 24 24 22 22 22 22
split_gain=1.0595 4.55496 2.51721 3.75407 2.0668 2.99196 4.72892 4.02694 3.19882 2.97887 4.45235 2.12084 3.12899 1.99046 1.98026 3.5764 1.96265 1.92625 2.22236 1.88279 2.38568 1.74771 2.30997 1.73345 3.46763 5.11203 7.36946 4.51544 21.1424 4.27321
threshold=28.950000000000003 73.500000000000014 15.843571428571432 264.90000000000003 33.750000000000007 0.05000000000000001 0.89787622492179153 483.01396179199224 0.38043945030393422 320.50000000000006 -0.28519997588938989 9.3500000000000032 63.500000000000007 349.36264038085943 -0.86976336936302323 -0.82415615971448097 10.050000000000002 11.675000000000002 41.050000000000004 inf 66.896167755126967 4.2250000000000005 -0.99467753128998015 8.9750000000000032 0.53000000000000014 0.69500000000000006 0.85226249403558707 0.77244481603295057 0.71503381463111937 0.73865729060996177
decision_type=2 2 2 8 2 10 2 2 2 8 2 2 2 2 2 2 2 2 2 8 2 2 2 2 10 10 2 2 2 2
left_child=1 2 19 16 23 6 17 -7 11 -9 -11 13 -13 -8 -5 -16 -4 -6 -19 21 -21 22 -1 -2 -25 26 27 28 -26 -30
right_child=4 -3 3 14 5 7 8 9 -10 10 -12 12 -14 -15 15 -17 -18 18 -20 20 -22 -23 -24 24 25 -27 -28 -29 29 -31
leaf_value=0.0031821886772231025 0.00018461978686864846 0.00020683765448352727 0.0045257730982045906 -0.0066937394157170248 0.0011170345892519895 -0.001940805512540609 0.003407575531592941 -0.0061059658249165844 0.010045461849918115 0.0085235757757298712 0.0032387506970877294 0.0064077664842190742 0.0046517351331276614 -0.0062337510161203169 0.017527831664477633 0.00016466738371792648 0.0070073697198707388 0.0020092662551711368 0.0098733629528562263 0.0006862214076273893 0.015914967075337516 -0.00062379972033377014 -0.0020757682260990977 -0.00049754508406085524 0.00060685114879667588 0.00014550146401637323 0.0092682924611756212 -0.0035535497201535609 0.0089666017433989911 0.0052580734470238253
leaf_weight=243 105011 42278 500 435 1799 1731 90 66 56 68 158 51 152 73 76 795 101 151 69 123 64 31201 7213 67040 1717 27904 165 558 223 157
leaf_count=243 105011 42278 500 435 1799 1731 90 66 56 68 158 51 152 73 76 795 101 151 69 123 64 31201 7213 67040 1717 27904 165 558 223 157
internal_value=-3.14893e-05 -0.000182407 -0.000559619 0.00121395 2.8975e-05 0.00109319 0.00227161 -0.000328721 0.00708531 0.00510274 0.00783186 0.00538251 0.0087931 0.00113497 -0.000290966 0.00108496 0.00448419 0.00126548 0.00568182 -0.000646691 0.00435829 -0.000670902 -0.00135864 5.54683e-06 -0.000145965 0.000293906 0.00232269 0.0016855 0.00274916 0.0134211
internal_weight=290268 83029 40751 1907 207239 4464 2441 2023 422 292 226 366 203 163 1306 871 601 2019 220 38844 187 38657 7456 202775 97764 30724 2820 2655 2097 380
internal_count=290268 83029 40751 1907 207239 4464 2441 2023 422 292 226 366 203 163 1306 871 601 2019 220 38844 187 38657 7456 202775 97764 30724 2820 2655 2097 380
is_linear=0
shrinkage=0.05


Tree=198
num_leaves=31
num_cat=0
split_feature=17 0 15 23 21 23 0 23 17 14 22 19 20 14 23 3 17 17 23 13 23 1 19 21 21 23 14 22 13 20
split_gain=1.06158 1.77956 1.93087 1.63019 1.80261 2.12642 3.53687 1.55645 1.37569 2.15342 2.03586 3.97651 2.33692 4.4802 2.70017 2.74138 2.72542 2.95467 2.71455 3.3753 4.12545 3.99903 3.2465 2.60584 2.52695 3.3172 2.40038 2.08131 4.62807 3.14882
threshold=345.50000000000006 5.3050000000000006 79.500000000000014 0.44312301391210612 36.900000000000006 0.18281312110578132 7.6850000000000014 -0.94703994556331683 208.50000000000003 27.650000000000002 -0.95754239937548935 9.1750000000000025 685.70000000000016 31.250000000000004 0.99855310097228334 4.701666666666668 308.50000000000006 231.50000000000003 0.99024581825578073 8.1500000000000004 0.96177147954086928 3.7350000000000008 3.3250000000000006 72.500000000000014 42.500000000000007 0.96849880583763492 31.250000000000004 -0.95244167294248061 10.550000000000002 344.30000000000001
decision_type=2 2 2 2 8 2 2 2 2 2 2 2 10 2 2 2 2 2 2 2 2 2 2 10 8 2 2 2 2 10
left_child=8 -2 3 4 -3 7 -7 -6 9 -1 11 -10 14 -14 15 18 17 -16 19 20 22 24 -12 -18 25 -22 -20 28 29 -17
right_child=1 2 -4 -5 5 6 -8 -9 10 -11 12 -13 13 -15 16 27 23 -19 26 -21 21 -23 -24 -25 -26 -27 -28 -29 -30 -31
leaf_value=-0.00069191431242603563 -0.0024038351569140434 -0.00029688443580047814 0.0027279747648733003 -0.0017754986212642947 0.0043174404053168145 0.0082851310942078059 0.0024818837153024191 -0.00024040457983249492 -0.002082726487858321 -3.7918870577853505e-05 -0.0025784682978739343 0.0013008684049180259 0.0043965149798835586 0.00019575941584445649 0.0033802432666153594 0.012968738267244678 0.0001991843494061993 -0.0033580368421236729 -0.003774081963073086 0.00055660263185335665 0.0092878325401834425 0.002205541830621043 0.0026041654830194355 0.0090953707653042594 0.0022376067262169729 0.0052774088975261653 0.003218557647879794 0.00011538316122950443 -0.0005267984780866397 0.0061887771291167445
leaf_weight=23504 2188 2481 654 3572 50 73 180 447 4906 140598 641 3034 172 373 404 140 660 2214 699 6301 54 252 2292 117 77 125 72 93548 331 109
leaf_count=23504 2188 2481 654 3572 50 73 180 447 4906 140598 641 3034 172 373 404 140 660 2214 699 6301 54 252 2292 117 77 125 72 93548 331 109
internal_value=-3.11448e-05 -0.000546917 -0.000179028 -0.000428489 0.000385328 0.00253333 0.00626482 0.000633802 -1.34178e-05 -0.000106703 0.00011796 -0.000654913 0.000174477 0.00344037 0.000158002 0.000203026 -0.00122975 -0.00200153 0.000968799 0.00119483 0.00245423 0.00661417 0.00173372 0.00137066 0.0110156 0.0142737 -0.00188716 0.000117498 0.00310345 0.00825301
internal_weight=290268 9645 7457 6803 3231 750 253 497 280623 164102 116521 7940 108581 545 108036 104641 3395 2618 10513 9742 3441 508 2933 777 256 179 771 94128 580 249
internal_count=290268 9645 7457 6803 3231 750 253 497 280623 164102 116521 7940 108581 545 108036 104641 3395 2618 10513 9742 3441 508 2933 777 256 179 771 94128 580 249
is_linear=0
shrinkage=0.05


Tree=199
num_leaves=31
num_cat=0
split_feature=17 0 17 20 16 13 24 17 4 24 22 24 13 19 5 22 22 20 13 0 22 22 24 22 2 22 2 22 24 18
split_gain=1.1018 1.62395 1.33349 1.95541 1.63604 1.23919 1.25181 1.17639 1.11794 1.11195 3.87749 38.2726 8.32076 5.99469 5.7084 4.36172 10.4737 5.169 5.1208 4.48107 3.45006 8.1165 8.13786 8.07959 9.95438 7.67417 11.3251 6.85402 25.7201 14.1802
threshold=345.50000000000006 5.3050000000000006 343.50000000000006 405.50000000000006 5.8500000000000005 29.950000000000003 -0.49499999999999994 344.50000000000006 53.430000000000007 -0.18999999999999997 0.80926549319045582 -0.22499999999999995 1.8500000000000003 4.1250000000000009 10.993571428571432 0.82899317702918729 0.83849049182116964 309.30000000000001 14.750000000000002 5.3950000000000005 0.69056404122701587 0.59868201182722736 -0.24999999999999997 0.61237135649459018 0.82000000000000084 0.63920241694561786 1.8800000000000019 0.65233619298682533 -0.22499999999999995 10.885000000000003
decision_type=2 2 2 10 2 2 10 2 2 8 2 10 2 2 2 2 2 10 2 2 2 2 10 2 2 2 2 2 10 2
left_child=2 -2 9 4 -4 8 -7 -5 -3 10 20 -12 14 -14 -13 18 -17 -18 19 -15 21 -1 25 24 -24 26 -23 -25 29 -29
right_child=1 5 3 7 -6 6 -8 -9 -10 -11 11 12 13 15 -16 16 17 -19 -20 -21 -22 22 23 27 -26 -27 -28 28 -30 -31
leaf_value=3.3717915538250819e-05 -0.0022836433990683432 -0.00048594163733859459 0.0052987661364792913 0.013655503501930361 0.00037451619069099184 0.0047902303156250221 0.0017685858473535827 0.0016002144494394065 0.010760166546622419 -0.00011946460737598149 -0.0034569721313079966 0.00050352255112399503 0.0011600739384373068 0.012351709867465893 0.0077052598903529406 -0.00012665929069145633 0.0059000469213444061 0.012764350857716098 0.003472872406235691 0.0084992022086724083 -0.0018667634439575431 0.00043569612786508485 0.011661743323714174 5.3197900544902293e-05 0.00018624154383502006 -0.0077365488413949027 0.010891492759450646 0.0096519831747819591 -0.0029481591016567795 0.0013677002275982526
leaf_weight=89407 2188 7030 93 55 1038 50 309 52 68 177749 1888 268 84 52 50 115 78 99 56 152 5449 510 219 1137 147 746 52 368 557 202
leaf_count=89407 2188 7030 93 55 1038 50 309 52 68 177749 1888 268 84 52 50 115 78 99 56 152 5449 510 219 1137 147 746 52 368 557 202
internal_value=-3.18338e-05 -0.000557285 -1.37741e-05 0.00162359 0.00101238 -0.000205848 0.00266017 0.00808411 -0.000350804 -2.10295e-05 0.000110885 0.00193174 0.0100943 0.0133962 0.00349056 0.0152899 0.0110959 0.0187288 0.02 0.0236765 5.85044e-05 0.000129893 0.00235145 0.00395437 0.010847 -0.000871561 0.00354092 0.0028401 0.00560337 0.0130702
internal_weight=290268 9645 280623 1238 1131 7457 359 107 7098 279385 101636 2842 954 636 318 552 292 177 260 204 98794 93345 3938 2630 366 1308 562 2264 1127 570
internal_count=290268 9645 280623 1238 1131 7457 359 107 7098 279385 101636 2842 954 636 318 552 292 177 260 204 98794 93345 3938 2630 366 1308 562 2264 1127 570
is_linear=0
shrinkage=0.05


Tree=200
num_leaves=31
num_cat=0
split_feature=15 23 20 20 23 0 24 13 23 1 16 0 13 6 24 23 5 24 1 23 17 17 22 23 20 0 5 15 23 22
split_gain=1.12392 2.35344 2.88461 2.02052 3.27422 4.22732 2.57691 3.07235 2.82422 2.52861 2.02827 1.70553 2.23087 1.69908 1.68225 1.67883 1.67001 1.57119 1.51022 2.2233 1.77191 1.49709 2.45528 3.23881 4.14969 4.40995 5.15193 2.42437 2.31724 2.54521
threshold=59.500000000000007 0.96849880583763492 324.7000000000001 342.00000000000006 -0.99938741687870725 6.8150000000000004 1.7100000000000002 0.35000000000000003 0.90070004940655357 32.795000000000009 7.5500000000000007 8.2450000000000028 0.65000000000000002 1.0000000180025095e-35 1.3800000000000001 0.95936279103287792 8.0478571428571453 1.9550000000000003 6.6750000000000007 0.99988440732898443 292.50000000000006 315.50000000000006 0.9193901325473397 0.29958852271690523 405.50000000000006 8.3250000000000011 6.8478571428571433 78.500000000000014 0.90438663683299525 -0.40614700388750385
decision_type=2 2 8 10 2 2 8 2 2 2 2 2 2 2 10 2 2 10 2 2 2 2 2 2 8 2 2 2 2 2
left_child=1 3 11 4 5 -1 13 8 10 15 -8 12 -3 14 -6 17 -15 -9 -4 -20 -21 -2 28 -24 -25 26 27 -26 -23 -30
right_child=21 2 18 -5 6 -7 7 9 -10 -11 -12 -13 -14 16 -16 -17 -18 -19 19 20 -22 22 23 24 25 -27 -28 -29 29 -31
leaf_value=0.0090196426759235962 7.7945709286094647e-05 0.0065980923715995236 -0.004386997737844559 5.0789688940351441e-05 -0.0010343227910615059 -4.3688501461674376e-05 0.0010065550356753597 0.0017647823306945955 -0.0031379520016610431 -0.010172987790496905 0.0065036774052992788 -0.0028059214028557009 0.0011283147858010894 0.022790930377345323 -0.0031715925957666426 0.0065670000782153239 -0.0007157372849370048 -0.0039534349122460075 -0.0022389460465487938 -0.0059855766276009602 0.0018798555430770214 -0.0012884389707855702 0.00022991890112353545 0.00035163479724262562 0.0072647669310794364 0.001227132001680193 0.011355054544907189 -0.00037826005441456969 0.0037527437861813815 0.00019768172202734599
leaf_weight=51 198315 51 1368 45959 12214 79 70 1721 65 298 146 209 530 50 2071 56 63 516 1472 75 82 14946 3860 381 87 117 53 50 137 5176
leaf_count=51 198315 51 1368 45959 12214 79 70 1721 65 298 146 209 530 50 2071 56 63 516 1472 75 82 14946 3860 381 87 117 53 50 137 5176
internal_value=-3.18338e-05 -0.000211183 -0.00142197 -0.000138813 -0.000597702 0.00730769 -0.00065721 0.000710305 0.00567616 0.000171747 0.00842592 0.00126582 0.00265921 -0.000929991 -0.0009783 0.000734844 0.00517699 0.000520786 -0.00213046 -0.0011019 0.00455414 2.21392e-05 -0.000344057 0.000705804 0.00386628 0.00819218 0.0128947 0.00777372 -0.000579744 0.000317145
internal_weight=290268 67146 3787 63359 17400 130 17270 2872 281 2591 216 790 581 14398 14285 2293 113 2237 2997 1629 157 223122 24807 4548 688 307 190 137 20259 5313
internal_count=290268 67146 3787 63359 17400 130 17270 2872 281 2591 216 790 581 14398 14285 2293 113 2237 2997 1629 157 223122 24807 4548 688 307 190 137 20259 5313
is_linear=0
shrinkage=0.05


Tree=201
num_leaves=31
num_cat=0
split_feature=21 16 21 24 4 9 23 23 17 23 20 22 4 21 23 24 9 3 2 3 20 13 17 5 17 2 22 24 24 18
split_gain=1.01773 1.38514 1.99424 1.26839 1.20478 1.87423 1.80904 2.62558 1.64291 1.82257 1.13162 1.01046 2.32888 2.28187 3.8767 3.94966 6.87028 6.76248 3.14005 2.32027 2.39919 5.41921 4.1185 2.6085 1.95489 1.91663 1.83019 7.51288 8.74874 8.3836
threshold=562.50000000000011 20.350000000000005 322.50000000000006 -0.064999999999999988 11.105000000000002 58.207529067993171 0.96177147954086928 0.8852232634113919 241.50000000000003 -0.55656394595157355 593.00000000000011 0.99466373373798567 20.775000000000002 16.900000000000002 0.04621408538533487 1.0000000180025095e-35 554.93716430664074 10.808333333333335 0.32000000000000012 13.925000000000002 175.10000000000002 7.0500000000000007 28.500000000000004 4.4650000000000007 50.500000000000007 1.4899999999999991 0.97314989601849466 0.36500000000000005 0.095000000000000015 4.8250000000000011
decision_type=10 2 10 8 2 2 2 2 2 2 8 2 2 8 2 10 2 2 2 2 10 2 2 2 2 2 2 10 10 2
left_child=1 11 4 -2 10 -6 7 8 9 -7 -3 26 13 25 15 16 17 18 -15 20 21 22 -17 -24 -25 -13 -1 28 -28 -30
right_child=3 2 -4 -5 5 6 -8 -9 -10 -11 -12 12 -14 14 -16 19 -18 -19 -20 -21 -22 -23 23 24 -26 -27 27 -29 29 -31
leaf_value=-5.5567501559753248e-05 0.0016045065734852965 -0.0028289613034315261 -0.00049625735904666236 -0.0042199628397548081 0.00012543506443182304 0.004104824010289645 -0.00095774282807234684 0.0051481866735094686 0.0015556447886245542 0.0047939647599612627 0.0012612404499685592 -0.00069495708568666106 -0.0059302061021651456 0.0060880072605200963 -0.0023934180400992911 0.0089347850213991383 -0.0002567924433089368 0.0018085315977774052 0.013065721011207313 0.0046486204032396899 -0.0012909404491025873 -0.00036877937476778252 -0.0030245708740696143 -0.0012585948697778058 0.005026091686321398 -0.0047498215762667266 0.00028521797098627873 -0.0013508313039039311 0.010534459973120289 0.0043430303576822357
leaf_weight=267086 86 131 606 386 161 76 67 50 90 55 102 2349 815 88 1305 76 277 92 53 111 1706 1121 103 113 382 910 4554 4356 64 2897
leaf_count=267086 86 131 606 386 161 76 67 50 90 55 102 2349 815 88 1305 76 277 92 53 111 1706 1121 103 113 382 910 4554 4356 64 2897
internal_value=-3.18338e-05 -2.80554e-05 0.00157698 -0.0023517 0.00333333 0.00471944 0.00683432 0.00865314 0.00631222 0.00988549 0.000364806 -3.55003e-05 -0.000542576 -0.000302787 0.000325225 0.00107715 0.00519608 0.0115236 0.0184043 0.000495569 0.000269922 0.00154596 0.00508902 0.00369565 0.00520202 -0.00134857 -1.82298e-05 0.00058925 0.0015469 0.00366261
internal_weight=290268 289796 1338 472 732 499 338 271 221 131 233 288458 9501 8686 5427 4122 510 233 141 3612 3501 1795 674 598 495 3259 278957 11871 7515 2961
internal_count=290268 289796 1338 472 732 499 338 271 221 131 233 288458 9501 8686 5427 4122 510 233 141 3612 3501 1795 674 598 495 3259 278957 11871 7515 2961
is_linear=0
shrinkage=0.05


Tree=202
num_leaves=31
num_cat=0
split_feature=21 16 21 3 19 24 9 19 24 16 24 24 23 22 11 22 18 17 20 22 22 23 24 5 22 22 23 23 23 21
split_gain=1.01985 1.31733 1.77524 1.38993 1.35899 1.26839 1.0245 2.14961 2.10506 2.46195 2.45685 3.23184 5.86465 5.557 8.33219 5.43159 4.01656 3.47556 6.60537 3.00906 5.6192 2.81237 2.77814 3.50956 2.66394 2.66022 2.60373 2.51119 3.43905 2.62136
threshold=562.50000000000011 20.350000000000005 322.50000000000006 6.3816666666666677 6.0050000000000008 -0.064999999999999988 73.335582733154311 4.9750000000000005 -0.29499999999999993 12.950000000000001 0.36500000000000005 0.05000000000000001 -0.26037106507032781 -0.86976336936302323 10.425000190734865 -0.8781231054254196 14.755000000000001 157.50000000000003 343.2000000000001 -0.36647417525074694 -0.26866367175705824 -0.18493013702746822 -0.13999999999999999 11.539285714285716 -0.95754239937548935 -0.16799356919963607 0.51849435583340198 -0.97507822412530132 -0.97874870457683594 287.50000000000006
decision_type=10 2 10 2 2 8 2 2 8 2 8 10 2 2 2 2 2 2 10 2 2 2 10 2 2 2 2 2 2 8
left_child=1 6 3 -3 -5 -2 7 -1 -9 10 11 12 13 14 15 16 24 18 -16 22 -21 27 23 -15 -10 -22 -14 28 -13 -29
right_child=5 2 -4 4 -6 -7 -8 8 9 -11 -12 21 26 19 17 -17 -18 -19 -20 20 25 -23 -24 -25 -26 -27 -28 29 -30 -31
leaf_value=0.0015491891746560931 0.0015242812448110305 -0.00058693833367213144 -0.00047144449109433383 0.0070686368700297875 0.0023276705413984604 -0.004008964697767058 -0.00010601665651735102 0.00092279198810962945 0.0054277012628256458 -0.00089198246733509861 0.000547311998554443 -0.00074768814622277861 -0.0030125597103388274 0.0074500391602147775 0.017776539080365153 0.015436104632800901 0.014274191113750591 0.013962653821621235 0.054484541753187676 0.005294198524594982 -0.0070610557329490566 0.00042303692302534898 -0.0019553484522732609 -0.0025644363443476583 -0.004801328206289663 0.0014987402903172467 0.00087447499302005711 -0.006169981389484375 0.0032933001481062008 0.00016659970695792896
leaf_weight=5934 86 113 606 66 553 386 206271 12485 87 14296 29534 523 4402 740 53 78 152 171 80 548 279 1401 2612 882 623 2922 1340 2417 87 541
leaf_count=5934 86 113 606 66 553 386 206271 12485 87 14296 29534 523 4402 740 53 78 152 171 80 548 279 1401 2612 882 623 2922 1340 2417 87 541
internal_value=-2.94223e-05 -2.56399e-05 0.00153961 0.00319672 0.00412762 -0.0023517 -3.29003e-05 0.00011638 4.50462e-05 -7.11968e-05 9.58106e-05 -0.000333034 3.37352e-05 0.000814456 0.00392283 0.00159574 0.000452435 0.0111184 0.0171804 0.000330075 0.0013617 -0.00143792 -0.000583374 0.00104192 -0.00112676 0.000560761 -0.00122083 -0.0021833 0.000737704 -0.00278567
internal_weight=290268 289796 1338 732 619 472 288458 82187 76253 63768 49472 19938 14969 9227 1244 940 862 304 133 7983 3749 4969 4234 1622 710 3201 5742 3568 610 2958
internal_count=290268 289796 1338 732 619 472 288458 82187 76253 63768 49472 19938 14969 9227 1244 940 862 304 133 7983 3749 4969 4234 1622 710 3201 5742 3568 610 2958
is_linear=0
shrinkage=0.05


Tree=203
num_leaves=31
num_cat=0
split_feature=15 14 21 9 24 24 24 13 2 19 13 24 24 23 23 23 23 13 20 9 20 24 23 23 3 24 1 23 20 23
split_gain=1.23924 1.88011 3.66756 3.40557 2.65699 2.79764 2.5447 3.7504 3.10206 2.63354 4.36371 3.2568 3.15193 7.03639 10.9892 6.27778 5.20692 3.90784 2.79753 2.89166 2.51378 2.44605 3.69211 7.88672 6.29751 4.56391 3.37097 2.3365 3.98766 2.25461
threshold=64.500000000000014 30.950000000000003 107.50000000000001 275.53373718261724 1.9550000000000003 -0.58499999999999985 0.36500000000000005 27.550000000000004 1.4899999999999991 8.8950000000000014 0.95000000000000007 -0.60499999999999987 -0.65999999999999981 0.57605713708605399 0.56191161272202661 0.77652048701313048 0.80290535434334509 1.5500000000000003 413.40000000000003 38.461023330688484 450.10000000000008 0.83000000000000007 -0.36648370705903521 -0.38243420677835349 7.8016666666666667 0.69500000000000006 7.745000000000001 -0.99938741687870725 358.65000000000003 0.92191100909954782
decision_type=2 2 8 2 10 8 10 2 2 2 2 10 8 2 2 2 2 2 8 2 10 10 2 2 2 10 2 2 10 2
left_child=1 2 4 -4 5 -1 7 9 21 11 18 12 -3 14 -14 -15 -17 -18 19 -11 -9 22 23 25 -25 -8 -27 28 -13 -23
right_child=-2 6 3 -5 -6 -7 8 20 -10 10 -12 27 13 15 -16 16 17 -19 -20 -21 -22 29 -24 24 -26 26 -28 -29 -30 -31
leaf_value=-0.0019639238100114921 6.4677001743671143e-05 0.00068949535438402401 -0.0027882008033219357 0.00091808519263881735 -0.0050524116299505324 -1.9032626003274213e-06 0.0012418662957278592 0.0023999135548079891 0.0014550168431901661 0.0049826730495022738 -0.0019170701582537121 0.004529414692350831 0.004441850044587475 -0.0039465085216144917 0.022531153956347676 0.012894719514727093 0.0069653399828960155 -0.0034795593463928689 -0.00075123926181990485 -1.1471282591522476e-05 0.0056643746926403208 -0.00056801701952215546 -0.00018088538051045397 0.015135408783859923 0.0052152212660828258 0.014043405900565326 0.0023739163740934483 -0.00029868798942697889 -0.00021415364521884498 0.0019001699073293154
leaf_weight=5631 163705 2875 4189 845 1125 32692 1443 1159 10972 1740 14935 63 224 413 59 85 58 125 9313 2438 52 16497 2055 65 53 68 74 15854 112 1349
leaf_count=5631 163705 2875 4189 845 1125 32692 1443 1159 10972 1740 14935 63 224 413 59 85 58 125 9313 2438 52 16497 2055 65 53 68 74 15854 112 1349
internal_value=-3.23506e-05 -0.000149848 -0.000411628 -0.00168256 -0.000249443 -0.000179136 -7.98111e-06 -0.000233816 0.000335215 -0.00030273 -0.000611413 0.000138916 0.00144699 0.00392116 0.0105477 0.0011674 0.00712686 0.00237705 4.03961e-05 0.00111537 0.00251445 -1.24989e-05 0.00114689 0.00286847 0.015339 0.00194006 0.010493 -0.000174373 0.00557143 -0.000256641
internal_weight=290268 126563 44482 5034 39448 38323 82081 49505 32576 48294 28426 19868 3839 964 283 681 268 183 13491 4178 1211 21604 3758 1703 118 1585 142 16029 175 17846
internal_count=290268 126563 44482 5034 39448 38323 82081 49505 32576 48294 28426 19868 3839 964 283 681 268 183 13491 4178 1211 21604 3758 1703 118 1585 142 16029 175 17846
is_linear=0
shrinkage=0.05


Tree=204
num_leaves=31
num_cat=0
split_feature=15 23 20 17 13 0 13 14 0 9 9 22 13 5 9 22 22 14 23 23 23 14 3 13 13 23 21 14 23 22
split_gain=1.08204 2.32536 2.46518 1.87904 2.72127 2.8656 3.1361 2.70234 2.60722 2.28127 2.97691 3.07307 2.14978 2.38037 2.21177 2.10069 2.29449 3.03226 1.80172 1.73406 3.24439 2.15323 2.6952 3.20333 1.85437 1.82872 2.3605 1.78797 1.77509 1.56656
threshold=59.500000000000007 0.96849880583763492 324.7000000000001 155.50000000000003 3.7500000000000004 5.8050000000000006 3.1500000000000008 29.950000000000003 4.6050000000000013 236.92714691162112 695.77572631835949 0.79904096188274243 28.450000000000003 7.9535714285714292 409.80174255371099 -0.99630266176052629 -0.93545489084327571 26.650000000000002 0.70747208174348741 -0.88620506325989179 -0.80417042486635371 31.750000000000004 5.7516666666666678 0.8500000000000002 1.0000000180025095e-35 -0.86974577485258975 30.600000000000005 33.150000000000013 -0.99983123799342477 -0.861146256326485
decision_type=2 2 8 2 2 2 2 2 2 2 2 2 2 2 2 2 2 2 2 2 2 2 2 2 2 2 10 2 2 2
left_child=1 3 -3 7 5 6 15 -1 -8 29 -11 18 14 -14 19 -5 -17 -18 -12 21 24 22 23 -9 25 26 -21 -27 -23 -7
right_child=-2 2 -4 4 -6 9 8 12 -10 10 11 -13 13 -15 -16 16 17 -19 -20 20 -22 28 -24 -25 -26 27 -28 -29 -30 -31
leaf_value=-0.0021833752942119196 2.7900364985528651e-05 0.00089634931874163883 -0.002460619651092844 0.0088759435716684806 -0.00072378757690128546 -0.00030497342017214284 0.0068645208836220278 0.0066162987152014827 0.0048565820835362421 -0.0030423500464842111 -0.0076333066424542767 0.0061069036720815713 -0.0026415871261512812 0.011222239212461866 -0.0037945986046721831 -0.0064885778979803582 0.0074120770830689775 0.0019925550840038035 0.0024811256650046766 0.003619838516224029 -0.00029604901724778062 0.0038316019105784568 -0.00036648138830018101 0.0046176063878415816 0.0018918562441898072 6.7236369871504645e-05 0.028138593438885293 0.018595706035738967 -0.0030501588920775449 0.00094598537325472096
leaf_weight=3936 223122 790 2997 55 10906 6685 60 50 63 1746 121 76 100 144 431 180 91 1294 56 72 16228 99 1640 100 1410 187 68 60 2647 14854
leaf_count=3936 223122 790 2997 55 10906 6685 60 50 63 1746 121 76 100 144 431 180 91 1294 56 72 16228 99 1640 100 1410 187 68 60 2647 14854
internal_value=-2.925e-05 -0.000205226 -0.00140877 -0.000133289 0.00010266 0.000387444 0.00234366 -0.000447521 0.0100406 0.000242585 -0.00137319 0.00369565 -0.000242298 0.00442623 -0.000291842 0.00175926 0.00142172 0.00211191 8.47446e-05 -0.00022406 -4.16208e-06 -0.00109788 0.000251395 0.00666667 0.00201168 0.00507752 0.00964286 0.00248988 -0.00197742 0.000392543
internal_weight=290268 67146 3787 63359 36187 25281 1743 27172 123 23538 1999 253 23236 244 22992 1620 1565 1385 177 22561 18025 4536 1790 150 1797 387 140 247 2746 21539
internal_count=290268 67146 3787 63359 36187 25281 1743 27172 123 23538 1999 253 23236 244 22992 1620 1565 1385 177 22561 18025 4536 1790 150 1797 387 140 247 2746 21539
is_linear=0
shrinkage=0.05


Tree=205
num_leaves=31
num_cat=0
split_feature=15 23 20 13 24 23 23 1 14 21 23 24 3 12 23 23 23 14 16 1 23 23 23 23 14 20 19 5 23 24
split_gain=1.0596 2.33112 2.22041 1.81483 2.16828 5.63722 3.41429 2.13624 1.9271 2.49225 2.97049 2.34684 3.02302 2.24721 2.09938 2.67099 1.98868 2.1412 1.88619 1.70856 1.73862 1.69518 8.41523 9.86208 8.1108 4.95498 3.3242 3.27831 3.17941 3.16596
threshold=59.500000000000007 0.96849880583763492 324.7000000000001 0.15000000000000005 -0.089999999999999983 -0.9292178835113839 -0.96234030595689413 13.615 32.050000000000004 82.500000000000014 0.96633974041180493 1.4950000000000003 10.195000000000002 5.5000000000000009 0.81304046271159414 -0.8611288361322974 -0.80417042486635371 32.550000000000004 16.850000000000005 6.995000000000001 0.99988440732898443 -0.46800559042974538 -0.58481178939031186 -0.54219087765047058 29.350000000000005 379.30000000000001 10.235000000000001 8.2678571428571459 -0.6652727025667432 1.4950000000000003
decision_type=2 2 8 2 8 2 2 2 2 8 2 10 2 2 2 2 2 2 2 2 2 2 2 2 2 10 2 2 2 8
left_child=1 3 -3 4 5 6 -1 -7 9 10 21 12 14 -13 15 -10 17 -17 -18 -4 -21 22 28 24 27 26 -26 -24 29 -5
right_child=-2 2 19 8 -6 7 -8 -9 11 -11 -12 13 -14 -15 -16 16 18 -19 -20 20 -22 -23 23 -25 25 -27 -28 -29 -30 -31
leaf_value=0.0020009318071560699 2.6505346736255855e-05 0.00085153185280456394 -0.003578226203127457 -0.00086583158919818206 -0.00015814589348026913 0.0014747928443235537 0.0071508525048215978 -0.0022963381797683892 -0.0025702110856345986 -0.0023062681914345772 0.0074132029089390488 0.0014175068563657594 -0.0014584057904484401 0.011899410670720719 -0.004045179769499101 0.007927180887494804 0.00098438603092324732 0.0014942247748596434 0.0070313664197843018 -0.0019098192474245976 0.0011427247631877568 -0.0010676613402752677 0.012233694564584688 0.0008968173583471465 0.0084938084080908669 0.00050777184559566897 0.030582812830171016 0.019844588063307689 -0.0063269012599744103 0.0021110398749650365
leaf_weight=233 223122 790 1545 5138 9623 3450 333 1464 997 3089 76 5629 9119 76 672 140 5486 143 159 1324 128 13626 53 783 57 147 56 52 712 2046
leaf_count=233 223122 790 1545 5138 9623 3450 333 1464 997 3089 76 5629 9119 76 672 140 5486 143 159 1324 128 13626 53 783 57 147 56 52 712 2046
internal_value=-2.95945e-05 -0.000203736 -0.00140877 -0.000131711 0.000346619 0.00114051 0.00586572 0.000596254 -0.000281417 -0.00057577 -0.000394796 5.77572e-05 -0.000241088 0.000933391 0.000495589 0.000754511 0.00115722 0.00524735 0.000952169 -0.00203036 -0.000798899 -0.000427879 0.000102829 0.00410279 0.0108904 0.00615384 0.0140265 0.022619 -0.000478725 -0.000162863
internal_weight=290268 67146 3787 63359 15103 5480 566 4914 48256 25835 22746 22421 16716 5705 7597 6925 5928 283 5645 2997 1452 22670 9044 1148 365 260 113 105 7896 7184
internal_count=290268 67146 3787 63359 15103 5480 566 4914 48256 25835 22746 22421 16716 5705 7597 6925 5928 283 5645 2997 1452 22670 9044 1148 365 260 113 105 7896 7184
is_linear=0
shrinkage=0.05


Tree=206
num_leaves=31
num_cat=0
split_feature=15 24 23 24 23 21 14 23 23 15 20 24 1 0 24 16 21 17 0 3 14 17 17 18 23 23 23 17 9 2
split_gain=1.05874 1.70153 2.67253 7.33243 5.03246 6.37496 3.86785 3.82496 8.27906 4.65877 4.48952 4.82721 3.8067 6.08358 2.94395 2.84949 4.78609 3.20939 3.6306 2.82472 2.80034 3.58148 3.07753 2.74523 2.61922 4.35133 3.71362 3.01728 4.32337 4.30299
threshold=64.500000000000014 0.24500000000000002 -0.19337245081799007 0.36500000000000005 -0.16799793862756093 21.900000000000002 32.350000000000001 -0.6652727025667432 -0.71502926860092908 72.500000000000014 172.40000000000003 0.89500000000000013 9.1050000000000022 13.225000000000003 0.89500000000000013 14.15 377.50000000000006 280.50000000000006 8.8750000000000018 6.785000000000001 29.350000000000005 92.500000000000014 139.50000000000003 5.1050000000000013 0.69521084835931835 0.91159213926341531 0.96177147954086928 254.50000000000003 673.84381103515636 -0.7899999999999997
decision_type=2 10 2 10 2 8 2 2 2 2 10 10 2 2 10 2 8 2 2 2 2 2 2 2 2 2 2 2 2 2
left_child=-1 -2 3 -3 5 -4 7 8 -5 -10 -9 -12 20 14 -14 24 -17 -18 19 -19 -11 -22 -23 -24 -6 -26 27 -27 29 -29
right_child=1 2 4 6 15 -7 -8 10 9 12 11 -13 13 -15 -16 16 17 18 -20 -21 21 22 23 -25 25 26 -28 28 -30 -31
leaf_value=-0.00017101190636864701 0.00021749794244749698 -0.004842184576937413 0.0085647058367262306 -0.00024623117152715329 0.00063410486233809213 -0.0012038191792201945 0.0054648962060666016 -0.0032502966684230779 0.0009716879968334007 0.0029372998453228941 0.0016728318265454554 -0.002659616693606771 0.010190096416062916 -0.00051717897569924143 0.012451280436403553 -0.001563494992712863 0.0025418990491071014 0.0093673112432075458 0.0010852901304777051 0.010745619786755671 -0.0013606524898937822 0.0095356898867291883 0.0080321863346673635 0.00049791907964391797 -0.0022366230729473809 -1.6619417177378869e-05 -0.00057330527050119314 0.0040412257663164667 0.0081399784422043469 0.00085965969406046668
leaf_weight=126563 103039 2445 204 18936 11984 150 378 5279 1074 428 3334 3291 82 64 63 526 508 101 77 62 86 56 58 68 5193 887 4203 309 59 761
leaf_count=126563 103039 2445 204 18936 11984 150 378 5279 1074 428 3334 3291 82 64 63 526 508 101 77 62 86 56 58 68 5193 887 4203 309 59 761
internal_value=-3.09726e-05 5.29905e-05 -0.000157091 -0.000435162 0.000238969 0.00615819 -0.000240535 -0.000298456 0.000108772 0.00318595 -0.00101395 -0.000147171 0.00582873 0.0117464 0.0174138 0.000154032 0.00245683 0.00502674 0.00979167 0.0140184 0.00405172 0.0080597 0.012033 0.00769841 2.86362e-05 -0.000513496 0.000378677 0.00214286 0.00385739 0.00313084
internal_weight=290268 163705 60666 35642 25024 354 33197 32819 20915 1979 11904 6625 905 209 145 24670 1274 748 240 163 696 268 182 126 23396 11412 6219 2016 1129 1070
internal_count=290268 163705 60666 35642 25024 354 33197 32819 20915 1979 11904 6625 905 209 145 24670 1274 748 240 163 696 268 182 126 23396 11412 6219 2016 1129 1070
is_linear=0
shrinkage=0.05


Tree=207
num_leaves=31
num_cat=0
split_feature=21 24 13 5 24 23 22 17 22 9 23 22 4 9 22 24 22 22 0 1 9 22 20 19 22 22 20 24 22 23
split_gain=1.01939 1.26839 1.01702 3.76202 2.73674 2.74154 2.61806 4.10635 3.23204 2.63835 2.59578 2.33325 2.2525 2.3106 2.18617 1.99214 4.81913 5.34874 3.5613 3.29092 2.89225 3.86369 2.80365 2.79848 2.00052 5.44403 4.37889 9.28347 9.63294 7.82767
threshold=562.50000000000011 -0.064999999999999988 10.750000000000002 52.487142857142864 1.8750000000000002 0.91159213926341531 0.30983042691905771 236.50000000000003 -0.12546116083924153 472.27819824218756 -0.35846086284744721 -0.84315017450793706 9.5250000000000004 349.36264038085943 -0.99763297024448894 -0.95499999999999985 -0.99467753128998015 -0.93545489084327571 4.1150000000000011 7.3150000000000004 229.79859161376956 -0.99275805973510278 287.80000000000001 8.2050000000000018 0.89787622492179153 0.93237596376505805 188.00000000000003 -0.029999999999999995 0.9053161325100999 -0.39827153806311183
decision_type=10 8 2 2 10 2 2 2 2 2 2 2 2 2 2 10 2 2 2 2 2 2 10 2 2 2 10 10 2 2
left_child=2 -2 -1 4 14 11 8 -8 12 -9 -5 -6 -7 -14 -4 16 23 20 -19 -20 -18 -22 -23 -16 -17 26 29 28 -28 -26
right_child=1 -3 3 10 5 6 7 9 -10 -11 -12 -13 13 -15 15 24 17 18 19 -21 21 22 -24 -25 25 -27 27 -29 -30 -31
leaf_value=5.5738430848771062e-05 0.0014312381497748588 -0.0036344392872188686 -0.0027967851459084945 0.02131490205703682 0.0054022019639836357 -0.00031270754715632851 -0.0016470192658869125 0.0039586564105183568 -0.0022280680968715335 0.0076341261301222443 0.0011208333632654968 -0.0031948200108256521 0.001991580686016496 0.0063546510040156145 0.0015192813089992348 -0.00023199560349405508 -0.0023352500875233307 0.0086234641312743828 -0.0013608081978034672 0.0084041208794601394 0.0067114617035907423 -0.0024012123235617128 0.0042041976166389897 0.0067780066475906457 0.013654036065525683 -3.9732866750363598e-05 0.0090216165155298771 -0.0022671736015766014 0.0021410961103038445 0.0043050792800583921
leaf_weight=180998 86 386 2191 79 99 971 163 167 2826 52 75 3883 585 83 80 77422 1186 64 197 294 71 117 50 59 171 14521 148 1592 363 1289
leaf_count=180998 86 386 2191 79 99 971 163 167 2826 52 75 3883 585 83 80 77422 1186 64 197 294 71 117 50 59 171 14521 148 1592 363 1289
internal_value=-2.9939e-05 -0.0023517 -2.61575e-05 -0.000146971 -0.00015804 -0.00100181 -0.00020322 0.00376963 -0.000543114 0.00824201 0.00766234 -0.00197388 0.00122331 0.00345808 -8.34055e-05 -4.835e-05 0.00146837 0.00083628 0.005 0.00355397 -0.000786518 0.0042437 8.98192e-05 0.0104676 -8.19856e-05 0.000391505 0.00214286 0.000682357 0.00654599 0.00424657
internal_weight=290268 472 289796 108798 108644 8829 4847 382 4465 219 154 3982 1639 668 99815 97624 2118 1979 555 491 1424 238 167 139 95506 18084 3563 2103 511 1460
internal_count=290268 472 289796 108798 108644 8829 4847 382 4465 219 154 3982 1639 668 99815 97624 2118 1979 555 491 1424 238 167 139 95506 18084 3563 2103 511 1460
is_linear=0
shrinkage=0.05


Tree=208
num_leaves=31
num_cat=0
split_feature=19 5 10 3 20 2 9 14 9 14 14 15 16 5 4 5 21 17 17 9 15 14 14 20 17 19 15 14 2 14
split_gain=1.03319 2.6476 2.02824 1.87307 2.52581 2.23457 2.42368 2.12795 1.88764 1.86706 1.44902 2.04341 2.47155 2.17751 2.02638 2.83721 1.92093 2.01176 2.70815 1.73275 1.51252 3.16478 1.43699 2.07898 5.03419 1.44376 1.41121 2.39928 2.13094 2.09512
threshold=12.475000000000003 32.962857142857153 12.873749732971193 8.6483333333333352 536.60000000000014 -0.81999999999999995 340.39927673339849 24.850000000000005 55.44726753234864 31.250000000000004 26.550000000000004 81.500000000000014 4.1500000000000012 18.457142857142859 8.5950000000000006 5.3764285714285736 12.500000000000002 276.50000000000006 219.50000000000003 33.999828338623054 55.500000000000007 25.450000000000003 24.550000000000004 320.50000000000006 255.50000000000003 6.9650000000000007 65.500000000000014 32.350000000000001 1.4200000000000008 28.850000000000005
decision_type=2 2 2 2 8 2 2 2 2 2 2 2 2 2 2 2 8 2 2 2 2 2 2 10 2 2 2 2 2 2
left_child=1 10 -3 4 5 7 -7 -2 -5 -10 11 12 14 16 15 -1 20 18 -18 -13 21 -14 -20 -24 25 -25 29 -28 -29 -12
right_child=3 2 -4 8 -6 6 -8 -9 9 -11 26 19 13 -15 -16 -17 17 -19 22 -21 -22 -23 23 24 -26 -27 27 28 -30 -31
leaf_value=0.0019608635945043327 0.0099889441209473715 0.003823512444823849 0.020376429244928024 -3.3058990762153858e-05 -0.0025015575050702198 0.0010450480187671253 -0.0015401020309517165 0.0033613406014288945 -0.0004553159518288619 -0.0018751675691748731 -0.00094448121371998707 0.0054078510519627145 -0.0022960895845563728 0.0075190473637874317 -0.00018390172079861371 0.0067339924422657963 -0.0017185491984787464 -0.0035537395806832608 0.0018147911177868556 0.00038710335136552801 -0.00027362453998228624 0.010126407640986379 -0.0013985140067318217 0.0035522218984439212 -0.0041918543544814694 0.010271731982994737 0.00017632292884720409 0.003611486754120707 0.0071668100262466733 -2.0170324032756842e-05
leaf_weight=152 55 1018 57 20044 908 4693 1249 1246 15104 7701 11162 57 97 52 290 68 5183 3129 669 6704 5187 90 1071 59 103 67 113373 215 53 90412
leaf_count=152 55 1018 57 20044 908 4693 1249 1246 15104 7701 11162 57 97 52 290 68 5183 3129 669 6704 5187 90 1071 59 103 67 113373 215 53 90412
internal_value=-3.09726e-05 1.25788e-05 0.00248837 -0.000235295 0.000459452 0.000771088 0.000360147 0.00264796 -0.000367454 -0.00067858 1.40523e-06 -0.000376013 -0.00068046 -0.000791686 0.0027451 0.00636364 -0.000825616 -0.00122605 -0.000763424 0.000354236 -5.95472e-05 0.00435829 0.000815133 -0.000153847 0.0041703 0.010873 4.17013e-05 0.000162748 0.00488806 -9.3726e-05
internal_weight=290268 239268 1075 51000 8151 7243 5942 1301 42849 22805 238193 22978 16217 15707 510 220 15655 10281 7152 6761 5374 187 1969 1300 229 126 215215 113641 268 101574
internal_count=290268 239268 1075 51000 8151 7243 5942 1301 42849 22805 238193 22978 16217 15707 510 220 15655 10281 7152 6761 5374 187 1969 1300 229 126 215215 113641 268 101574
is_linear=0
shrinkage=0.05


Tree=209
num_leaves=31
num_cat=0
split_feature=24 23 20 23 23 23 23 4 21 23 15 23 9 17 9 13 9 16 0 5 15 23 23 16 23 0 14 16 23 23
split_gain=1.13445 4.21315 3.80682 3.19317 8.20102 4.9582 9.9224 14.1501 4.85607 6.82367 4 3.2009 3.15632 2.9808 2.9313 2.84221 2.82383 3.21203 3.89103 2.56875 2.5382 2.81507 5.27954 5.51341 2.51622 3.30579 2.4287 2.27217 2.26167 3.22706
threshold=-0.77999999999999992 0.78724360164103002 263.90000000000003 0.42763731121559989 0.47369649395226454 0.59003219687534991 0.6174544326165855 8.1250000000000018 82.500000000000014 0.45847758937963173 64.500000000000014 0.48877522411129348 600.63439941406261 193.50000000000003 180.89792633056643 8.3500000000000032 225.26151275634768 8.6500000000000004 13.225000000000003 5.0435714285714299 65.500000000000014 -0.039769286347669845 -0.10837475778693638 10.850000000000003 -0.35846086284744721 5.4350000000000014 31.050000000000004 13.750000000000002 0.2332836900311728 0.3484035575467645
decision_type=8 2 10 2 2 2 2 2 10 2 2 2 2 2 2 2 2 2 2 2 2 2 2 2 2 2 2 2 2 2
left_child=1 2 16 20 8 11 7 10 9 27 -7 13 19 -6 26 -14 17 -1 24 -8 -4 22 -22 -24 25 -19 -11 -5 -26 -30
right_child=-2 -3 3 4 5 6 12 -9 -10 14 -12 -13 15 -15 -16 -17 -18 18 -20 -21 21 -23 23 -25 28 -27 -28 -29 29 -31
leaf_value=-0.002071521275007386 -9.306185298572766e-06 -0.0039037655544516131 -0.002697029714715817 -0.0029043602530842909 0.0035572178910201072 0.010303711255318171 -0.0059791165467207238 0.0016875760296079616 0.014818996471156646 0.0031589981805435967 0.012225658052031305 -0.0078097178969548922 0.0058339053773355356 -0.00085746527357547268 0.00095702385487055031 0.00097748946003954943 -0.0026631812974937199 0.0085919582453742975 0.014437728961044472 0.00081611024083204104 0.0012455180106912432 -0.00057189100000739831 0.013810049663942399 0.00058540268390648998 -0.0018884066831872032 -0.00053474351861859399 0.011959292062148536 0.0080283837780179192 0.0058475139954141577 0.00025944931036932619
leaf_weight=1347 273438 1584 2845 172 67 50 311 145 74 55 50 851 85 131 50 204 3039 51 81 1138 1051 1812 98 102 609 53 68 94 184 429
leaf_count=1347 273438 1584 2845 172 67 50 311 145 74 55 50 851 85 131 50 204 3039 51 81 1138 1051 1812 98 102 609 53 68 94 184 429
internal_value=-3.23506e-05 -0.00043078 -0.000175785 0.000442715 0.00162905 0.00063984 0.00211044 0.0115306 0.00747563 0.00547836 0.026 -0.00214013 0.000782507 0.00358586 0.0132081 0.00555363 -0.00118505 -2.54188e-05 0.00164534 -0.000169083 -0.000269128 0.000729676 0.00255396 0.01 0.000995474 0.00846154 0.0173577 0.000451127 0.000360064 0.00250408
internal_weight=290268 16830 15246 9453 3545 3032 1983 245 513 439 100 1049 1738 198 173 289 5793 2754 1407 1449 5908 3063 1251 200 1326 104 123 266 1222 613
internal_count=290268 16830 15246 9453 3545 3032 1983 245 513 439 100 1049 1738 198 173 289 5793 2754 1407 1449 5908 3063 1251 200 1326 104 123 266 1222 613
is_linear=0
shrinkage=0.05


Tree=210
num_leaves=31
num_cat=0
split_feature=24 22 19 2 9 9 23 9 23 23 23 22 22 13 5 22 20 22 1 22 22 22 5 5 19 17 22 0 1 1
split_gain=1.31865 3.78741 3.45469 4.51178 3.79697 2.64098 2.48349 3.77985 2.39689 2.34234 4.29316 4.24008 8.86277 5.68051 6.3492 3.56368 3.8462 5.46794 6.22263 2.8722 7.67175 13.2836 5.77707 2.4775 2.48704 2.63368 2.36521 2.34517 2.32684 2.18442
threshold=-0.77999999999999992 -0.62588817255938378 4.0150000000000006 -1.5699999999999987 998.87963867187511 9.6827178001403826 -0.17646730165275518 131.21736145019534 -0.35846086284744721 0.21652257995689161 0.029024409397335523 -0.8781231054254196 -0.89406062840022227 12.550000000000002 7.6150000000000011 -0.99467753128998015 316.35000000000008 -0.99940763397299126 8.6750000000000025 -0.8041866928211282 -0.78326540922535159 -0.79384350655589164 5.1707142857142872 4.5792857142857155 5.3950000000000005 209.50000000000003 -0.91597725483594616 3.7350000000000008 4.3050000000000006 6.6750000000000007
decision_type=8 2 2 2 2 2 2 2 2 2 2 2 2 2 2 2 10 2 2 2 2 2 2 2 2 2 2 2 2 2
left_child=1 2 6 8 5 -5 7 -1 -4 10 15 12 23 14 -14 16 17 -7 -19 -13 21 28 -23 -11 25 -25 -26 -17 -21 -6
right_child=-2 -3 3 4 29 9 -8 -9 -10 11 -12 19 13 -15 -16 27 -18 18 -20 20 -22 22 -24 24 26 -27 -28 -29 -30 -31
leaf_value=0.0091074172905662928 -8.8408760336540417e-06 -0.0035601981018203196 0.0036924645271902267 0.013212278019641605 0.0018283262045418341 -0.00030273228583082055 -0.00450715131824681 -0.002520865003659748 -0.0026214374458492767 -0.0029283425935563161 -0.004253777573080153 -0.0037009125720969395 0.012880274982768017 -0.00032198460592761113 5.5603826752605357e-05 0.0079426551172044491 0.00068906480085360498 0.0025592733999751684 0.025034681655839022 0.0025494696594583286 -0.00051384499891223836 0.012029994235354025 0.0075373752104568818 0.0062647865808077704 0.0024067588604821115 0.001901144861555787 -0.0096616306395508004 -0.0012228548319785351 -0.0063090409360308007 0.0039622281342299335
leaf_weight=144 273438 1782 90 116 188 156 2261 133 2173 351 1396 910 169 72 61 71 709 169 51 53 1683 58 53 108 900 228 241 2334 110 60
leaf_count=144 273438 1782 90 116 188 156 2261 133 2173 351 1396 910 169 72 61 71 709 169 51 53 1683 58 53 108 900 228 241 2334 110 60
internal_value=-3.39009e-05 -0.000463459 -0.000205344 0.00013589 0.00058212 0.000430542 -0.00188731 0.00258123 -0.00188467 0.000342506 -0.000435941 0.00110366 0.00279343 0.0107285 0.0145652 0.000501431 0.00288018 0.00696808 0.0120455 -0.000151728 0.000927439 0.00868613 0.022027 0.00148249 0.00237982 0.00616071 0.00126643 -0.000571727 -0.000398774 0.00669355
internal_weight=290268 16830 15048 12510 10247 9999 2538 277 2263 9883 4886 4997 2130 302 230 3490 1085 376 220 2867 1957 274 111 1828 1477 336 1141 2405 163 248
internal_count=290268 16830 15048 12510 10247 9999 2538 277 2263 9883 4886 4997 2130 302 230 3490 1085 376 220 2867 1957 274 111 1828 1477 336 1141 2405 163 248
is_linear=0
shrinkage=0.05


Tree=211
num_leaves=31
num_cat=0
split_feature=24 22 20 2 5 22 22 9 0 23 9 4 22 23 15 22 22 22 5 15 22 22 9 22 9 5 22 22 2 16
split_gain=1.20414 3.65063 3.2182 3.26173 3.46737 2.76481 9.4975 2.57725 3.06652 2.30057 2.70001 2.28865 2.27273 2.26934 4.32998 2.25727 3.43964 8.9005 4.21575 4.11407 3.50189 2.93635 6.01366 2.71514 2.38956 2.30931 1.93289 3.21155 3.2397 2.38065
threshold=-0.77999999999999992 -0.61237985104942771 263.90000000000003 -0.70999999999999808 4.33357142857143 -0.8041866928211282 -0.78326540922535159 225.26151275634768 13.225000000000003 -0.10837475778693638 13.329298019409181 18.045000000000005 -0.55657520495441892 -0.056951011027366626 69.500000000000014 -0.97509794945709805 -0.8781231054254196 -0.90163369914317015 7.9842857142857158 63.500000000000007 -0.79384350655589164 -0.77245553105869302 162.10600280761722 -0.67803021058859214 48.29777908325196 6.325000000000002 -0.97113884758256674 -0.96689237009891416 0.054999999999997946 9.1500000000000004
decision_type=8 2 10 2 2 2 2 2 2 2 2 2 2 2 2 2 2 2 2 2 2 2 2 2 2 2 2 2 2 2
left_child=1 2 7 -4 5 -5 -7 8 26 10 -6 -10 -3 14 -11 24 17 -17 19 -19 -18 22 -22 -23 -15 -21 -1 28 -28 -29
right_child=-2 12 3 4 9 6 -8 -9 11 13 -12 -13 -14 15 -16 16 20 18 -20 25 21 23 -24 -25 -26 -27 27 29 -30 -31
leaf_value=-0.0026044976033750742 -8.3988322319801447e-06 -0.0056692451095020505 -0.0013657100974750703 -0.0062095768694351771 0.020978427847279366 0.0094343242442713037 -0.0056389415842709317 -0.0025148020048753128 0.016183045230750238 0.0025441691881535932 -0.001653597952501916 0.0014730480974957387 -0.0010700320521414522 0.0096000692221873546 0.0092245631469366086 0.0013416930589942825 -0.0028386093532642067 0.0036228786901168993 0.000810852861313041 0.018544117385488067 0.011230917986299306 -0.00060373559698286862 -0.00021563196756114371 0.0021835902437224641 -0.0026749113023977378 0.010273619549167268 0.0063008220977091292 -0.0016906534104362482 -0.0006302344187487075 0.0028985465252891994
leaf_weight=943 273438 792 2899 817 65 52 137 3039 50 336 1283 66 792 194 58 752 636 76 72 84 52 559 67 473 767 74 56 930 51 658
leaf_count=943 273438 792 2899 817 65 52 137 3039 50 336 1283 66 792 194 58 752 636 76 72 84 52 559 67 473 767 74 56 930 51 658
internal_value=-3.21784e-05 -0.000442663 -0.000205301 0.000363376 0.000981079 -0.00171968 0.00373016 -0.00113327 -2.54188e-05 0.0014708 -0.000326411 0.00793103 -0.00272727 0.00204762 0.0056599 0.00167367 0.00238137 0.00464083 0.0118301 0.0150855 0.00104365 0.00268896 0.010126 0.00183139 -0.000421437 0.0196835 -0.000375285 0.000634217 0.00901869 6.92683e-05
internal_weight=290268 16830 15246 9453 6554 1006 189 5793 2754 5548 1348 116 1584 4200 394 3806 2845 1058 306 234 1787 1151 119 1032 961 158 2638 1695 107 1588
internal_count=290268 16830 15246 9453 6554 1006 189 5793 2754 5548 1348 116 1584 4200 394 3806 2845 1058 306 234 1787 1151 119 1032 961 158 2638 1695 107 1588
is_linear=0
shrinkage=0.05


Tree=212
num_leaves=31
num_cat=0
split_feature=24 23 14 23 3 4 23 23 5 9 14 1 24 23 19 23 23 18 5 2 23 20 3 23 14 5 16 20 20 23
split_gain=1.4823 3.41177 3.23553 3.74479 5.33669 3.47988 3.0159 2.77321 2.67151 2.23192 2.43818 2.08048 1.86736 7.94343 12.543 8.29685 11.7615 6.08432 5.74304 5.97531 6.12581 5.5254 4.21751 3.61334 5.11382 5.51163 3.19071 3.35857 2.89064 2.83051
threshold=-0.77999999999999992 0.77652048701313048 26.550000000000004 -0.35846086284744721 10.465000000000002 23.725000000000005 -0.3744658827978154 0.74298546529340237 8.4964285714285754 326.82032775878912 30.850000000000005 2.7550000000000003 -0.60499999999999987 0.6174544326165855 4.6450000000000005 0.76556758748011056 0.78724360164103002 8.2750000000000004 15.843571428571432 6.6150000000000002 0.56191161272202661 735.30000000000007 5.205000000000001 0.82777578779003613 31.050000000000004 7.1150000000000011 7.1500000000000012 444.30000000000001 456.60000000000008 0.77652048701313048
decision_type=8 2 2 2 2 2 2 2 2 2 2 2 8 2 2 2 2 2 2 2 2 10 2 2 2 2 2 10 10 2
left_child=1 2 -1 4 6 7 -4 11 9 -9 -11 -5 13 14 -2 -15 22 26 -19 20 -20 23 -17 24 -18 -26 -16 -28 -27 -24
right_child=12 -3 3 5 -6 -7 -8 8 -10 10 -12 -13 -14 15 17 16 21 18 19 -21 -22 -23 29 -25 25 28 27 -29 -30 -31
leaf_value=-0.0033401104514915406 0.020781562177466555 -0.0031927648489070552 0.0002060154568616445 -0.0083422492806696971 0.02592860345775598 -0.01285181893664256 0.0075324181020524411 -0.0020204519644650156 0.005490346919763571 0.0013583878643806831 0.0053429409460780224 -1.2911070387316722e-05 -3.9483509188750857e-05 -0.0040720371952934591 0.010789047092654408 0.0090778548992405637 0.00020678943250523868 -0.00095812296442428137 0.0033251564847366476 -0.003913071433256139 0.014777752268197436 0.0053536292413336045 0.0019041676120591525 -4.075618388425966e-05 0.012370249150110695 0.0017755531782192456 0.0048706777489066835 0.0094469045482791902 0.0086880073706794222 0.010755859166704733
leaf_weight=1767 56 1782 287 358 56 432 55 208 71 185 60 11569 261360 2376 54 58 449 870 56 54 52 50 175 6880 62 213 384 58 68 163
leaf_count=1767 56 1782 287 358 56 432 55 208 71 185 60 11569 261360 2376 54 58 449 870 56 54 52 50 175 6880 62 213 384 58 68 163
internal_value=-3.47622e-05 -0.000490197 -0.000245217 2.2211e-05 0.00479899 -0.00012536 0.00245614 2.77074e-05 0.00358779 0.00217439 0.00540816 -0.000128701 -6.73032e-06 0.000601092 0.00390151 0.000102915 0.000863512 0.00304974 0.000862402 0.00950617 0.0162963 0.000432529 0.00926768 0.000324556 0.00352273 0.00811953 0.00760081 0.00619909 0.00514235 0.00713018
internal_weight=290268 16830 15048 13281 398 12883 342 12451 524 453 245 11927 273438 12078 1584 10494 8118 1528 1032 162 108 7722 396 7672 792 343 496 442 281 338
internal_count=290268 16830 15048 13281 398 12883 342 12451 524 453 245 11927 273438 12078 1584 10494 8118 1528 1032 162 108 7722 396 7672 792 343 496 442 281 338
is_linear=0
shrinkage=0.05


Tree=213
num_leaves=31
num_cat=0
split_feature=24 22 14 23 1 4 22 22 22 5 1 21 22 22 20 22 15 4 23 15 1 19 23 19 16 17 23 22 22 9
split_gain=1.34015 3.09334 2.79856 2.85584 3.83806 2.78195 2.6673 2.63105 2.49537 2.49671 2.34912 2.00403 1.87966 3.35648 3.15724 5.7455 4.54939 4.19323 3.06346 4.49208 5.93895 2.57214 5.54855 2.58514 2.55588 2.71374 2.31309 2.15821 2.63486 2.15781
threshold=-0.77999999999999992 -0.61237985104942771 26.550000000000004 -0.35846086284744721 10.515000000000002 23.725000000000005 -0.55657520495441892 -0.92923668111203805 -0.54220184589352438 6.2250000000000005 2.7550000000000003 16.900000000000002 -0.97113884758256674 -0.99275805973510278 336.35000000000008 -0.96689237009891416 70.500000000000014 9.6450000000000014 -0.039769286347669845 69.500000000000014 6.8350000000000009 5.4750000000000005 -0.26037106507032781 4.9250000000000007 14.65 260.50000000000006 -0.17646730165275518 -0.89406062840022227 -0.8781231054254196 148.78940582275393
decision_type=8 2 2 2 2 2 2 2 2 2 2 10 2 2 10 2 2 2 2 2 2 2 2 2 2 2 2 2 2 2
left_child=1 2 -1 4 7 10 -3 -4 9 -8 -5 -11 13 18 15 16 -14 21 19 -12 -21 22 -16 -24 -17 -26 -15 -23 -29 -22
right_child=-2 6 3 5 -6 -7 8 -9 -10 11 12 -13 14 26 17 24 -18 -19 -20 20 29 27 23 -25 25 -27 -28 28 -30 -31
leaf_value=-0.0032262334767464845 -8.8538344079167639e-06 -0.0052261446115815825 0.0071557971969498204 -0.0078327114920144197 0.021873761611334058 -0.012209227989810438 -0.0023420384136876556 0.00047438444419583355 -0.0028944397346491063 0.0031950384886546643 0.00090543119532068112 0.0006280289267809753 0.0029095108898231337 0.00058741739926511393 0.013546789977868311 -0.00068515319979470224 0.0059443672098896099 -8.3884460948308167e-05 -0.0012869487561573394 -2.4170937515635688e-05 0.0078269526702453747 -0.0004631897775438175 0.0030175508247643991 0.0080633190861606231 -0.00035843011424979698 0.0060711420388898443 -0.0042809832513856913 0.010137122662629387 0.002635085556391499 0.011727433321755179
leaf_weight=1782 273438 792 55 370 53 432 67 290 594 67 649 64 136 695 50 4781 99 1175 1365 102 58 352 231 113 136 111 1618 81 439 73
leaf_count=1782 273438 792 55 370 53 432 67 290 594 67 649 64 136 695 50 4781 99 1175 1365 102 58 352 231 113 136 111 1618 81 439 73
internal_value=-3.33841e-05 -0.00046643 -0.000247935 -1.48663e-06 0.00417085 -0.000128579 -0.00256945 0.00224638 -0.000517678 0.00434343 6.33093e-06 0.00835878 0.000124754 -0.000679826 0.000600985 -8.83538e-05 0.00755319 0.00208726 0.000696483 0.0029932 0.0089485 0.00408373 0.00743655 0.00517442 -0.000445506 0.00451417 -0.00201686 0.00256881 0.00461538 0.0159924
internal_weight=290268 16830 15246 13464 398 13066 1584 345 792 198 12634 131 12264 4560 7704 5263 235 2441 2247 882 233 1266 394 344 5028 247 2313 872 520 131
internal_count=290268 16830 15246 13464 398 13066 1584 345 792 198 12634 131 12264 4560 7704 5263 235 2441 2247 882 233 1266 394 344 5028 247 2313 872 520 131
is_linear=0
shrinkage=0.05


Tree=214
num_leaves=31
num_cat=0
split_feature=24 22 20 1 2 9 9 22 2 19 14 5 15 24 22 24 16 4 20 19 22 22 5 20 2 14 17 22 24 22
split_gain=1.30783 3.29988 2.56632 2.44734 2.58113 3.46158 2.39994 2.34912 2.03791 3.67612 2.01865 1.99826 1.80915 1.67795 4.31709 17.1734 8.90909 6.03242 3.38987 3.20893 4.499 7.76728 4.52846 4.34963 5.96087 5.73793 4.78754 4.01702 3.40201 6.91568
threshold=-0.77999999999999992 -0.61237985104942771 169.30000000000004 3.4250000000000003 -1.5699999999999987 998.87963867187511 11.649849414825441 -0.55657520495441892 -1.2599999999999987 4.1850000000000014 26.950000000000003 8.0478571428571453 55.500000000000007 -0.18999999999999997 0.83849049182116964 -0.22499999999999995 9.8500000000000032 17.385000000000002 309.30000000000001 14.885000000000003 -0.35846811432664222 -0.42180583328916638 14.056428571428572 230.50000000000003 0.84999999999999987 27.150000000000002 252.50000000000003 -0.45274443793211405 -0.24999999999999997 0.58481550752069722
decision_type=8 2 10 2 2 2 2 2 2 2 2 2 2 8 2 8 2 2 10 2 2 2 2 10 2 2 2 2 10 2
left_child=1 2 -1 -4 -5 6 -6 -3 9 -9 -8 -10 -12 14 19 -16 18 -18 -17 20 21 27 28 24 -23 -26 -27 -2 -22 -30
right_child=13 7 3 4 5 -7 10 8 11 -11 12 -13 -14 -15 15 16 17 -19 -20 -21 22 23 -24 -25 25 26 -28 -29 29 -31
leaf_value=-0.0032062427167808384 0.00084674440658829566 -0.004964837381002494 -0.0034170005973842791 -0.0014902752669847549 0.012046463860681802 0.0027829207528652436 -0.0038364695419773904 0.0037040110315658564 -0.0040131645924277089 -0.0024685974002159419 -0.0043709303986607349 0.0020743550070417343 0.00073774480015459279 -0.00012009515819717939 -0.0010133722255137726 0.0054526861076952329 0.0036690573553584283 0.0093761446457334974 0.013237058352385901 -0.0010974069660345514 -0.0005612130484532827 0.0019260486961554014 0.0025109101834405261 0.0020654536284838662 0.0024319583633600501 0.0059361595021367834 0.010646068284473342 -0.0052342479254009226 -0.0046572402451358777 0.0017956713470048996
leaf_weight=1212 32728 792 1348 2537 156 234 1078 65 484 121 374 122 8307 183744 792 76 214 50 56 8625 32486 279 2776 1687 52 56 76 1116 1726 6899
leaf_count=1212 32728 792 1348 2537 156 234 1078 65 484 121 374 122 8307 183744 792 76 214 50 56 8625 32486 279 2776 1687 52 56 76 1116 1726 6899
internal_value=-3.26951e-05 -0.000460488 -0.000234817 -4.41796e-05 0.000171054 0.000527637 0.000385778 -0.00263258 -0.000707072 0.00387097 0.000287426 -0.00211221 0.000540835 -6.36461e-06 0.000170913 0.00316498 0.0116667 0.00636364 0.0222727 0.000130724 0.000229653 0.000643995 -0.00011017 0.00355814 0.00785097 0.014837 0.0203788 0.000458869 -0.00024215 0.000640579
internal_weight=290268 16830 15246 14034 12686 10149 9915 1584 792 186 9759 606 8681 273438 89694 1188 396 264 132 88506 79881 35994 43887 2150 463 184 132 33844 41111 8625
internal_count=290268 16830 15246 14034 12686 10149 9915 1584 792 186 9759 606 8681 273438 89694 1188 396 264 132 88506 79881 35994 43887 2150 463 184 132 33844 41111 8625
is_linear=0
shrinkage=0.05


Tree=215
num_leaves=31
num_cat=0
split_feature=24 22 23 20 9 0 23 4 20 2 22 9 13 22 2 21 4 23 2 21 4 22 3 19 22 24 22 24 4 16
split_gain=1.26553 3.1284 2.71792 3.00018 2.6932 2.61707 3.86711 2.93128 2.67332 2.41281 2.34912 2.25511 2.99566 2.12163 2.32525 1.95841 1.885 1.79091 1.86552 1.77502 2.72986 2.46914 1.52605 1.49699 1.64165 1.46982 3.65351 15.1936 9.2395 5.0713
threshold=-0.77999999999999992 -0.61237985104942771 -0.35846086284744721 169.30000000000004 38.461023330688484 3.9950000000000006 -0.26037106507032781 23.725000000000005 306.10000000000008 0.34000000000000125 -0.55657520495441892 998.87963867187511 8.3500000000000032 -0.54220184589352438 -2.1299999999999968 21.900000000000002 7.8650000000000011 -0.30982845708428081 -1.429999999999999 97.500000000000014 8.4150000000000009 -0.90163369914317015 6.6850000000000014 4.495000000000001 -0.95244167294248061 -0.18999999999999997 0.83849049182116964 -0.22499999999999995 9.0550000000000015 9.8500000000000032
decision_type=8 2 2 8 2 2 2 2 10 2 2 2 2 2 2 10 2 2 2 10 2 2 2 2 2 8 2 10 2 2
left_child=1 2 4 -4 -1 6 8 11 -5 15 -3 17 -13 16 -15 -6 -12 -7 -19 -20 21 -21 -14 -8 -25 26 -2 -28 -29 -30
right_child=25 10 3 5 9 7 23 -9 -10 -11 13 12 22 14 -16 -17 -18 18 19 20 -22 -23 -24 24 -26 -27 27 28 29 -31
leaf_value=0.024937456341455881 0.00014743577947312731 -0.004716595511952369 -0.0036201522296972232 -0.00032279871605887973 0.00044120436354698852 -0.0058749506628231508 -0.006235638294200113 -0.012536709384111944 0.012012718700113955 -0.0018490060487013548 -0.0018935538416359234 0.0035808054094804338 -0.0029927829792914455 0.0028613361417780519 -0.0059138099590344308 0.005607850447591144 0.0020883595382933358 -0.0013956969860878258 0.00046661655917067915 0.0028452300835963987 0.0016697906196660778 0.021803338653275255 0.0023505172032259694 -0.0029389213932187888 0.0021501159678007239 -0.0001140904002873184 -0.0009627036142380778 0.010976440528187992 0.0082940294740632345 0.0043257738690561471
leaf_weight=61 88506 792 1134 52 138 480 1464 392 50 266 62 86 102 86 508 129 136 1856 7857 63 356 51 116 282 311 183744 792 50 100 246
leaf_count=61 88506 792 1134 52 138 480 1464 392 50 266 62 86 102 86 508 129 136 1856 7857 63 356 51 116 282 311 183744 792 50 100 246
internal_value=-3.37286e-05 -0.000454547 -0.000234817 -0.000369234 0.00308081 -0.000162007 -0.00175776 0.000141296 0.0077451 0.00194184 -0.00256945 0.000293151 0.00453947 -0.000643941 -0.00213805 0.00529962 0.00383838 0.000172089 0.000312775 0.000632279 0.00361702 0.0103509 0.00142202 -0.00222898 -0.000109613 -7.82746e-06 0.000158092 0.00291246 0.0109091 0.00800578
internal_weight=290268 16830 15246 14652 594 13518 2159 11359 102 533 1584 10967 304 792 594 267 198 10663 10183 8327 470 114 218 2057 593 273438 89694 1188 396 346
internal_count=290268 16830 15246 14652 594 13518 2159 11359 102 533 1584 10967 304 792 594 267 198 10663 10183 8327 470 114 218 2057 593 273438 89694 1188 396 346
is_linear=0
shrinkage=0.05


Tree=216
num_leaves=31
num_cat=0
split_feature=24 22 19 2 9 2 23 9 22 22 0 4 2 9 5 23 1 9 20 23 22 22 13 5 22 22 22 22 22 13
split_gain=1.22469 3.15483 2.37526 3.03809 2.82177 2.87533 2.25035 3.49653 2.05114 1.95716 1.75633 1.68545 1.63735 2.95477 1.94102 1.63233 1.53752 1.52763 2.63266 2.33401 3.16164 6.60003 5.60954 4.476 2.8955 6.04746 3.94484 9.5806 11.1145 3.66283
threshold=-0.77999999999999992 -0.61237985104942771 4.0150000000000006 -1.5699999999999987 998.87963867187511 0.6399999999999999 -0.26037106507032781 131.21736145019534 -0.55657520495441892 -0.66528616069191593 4.0550000000000006 21.005000000000006 -1.2599999999999987 179.18568420410159 8.0478571428571453 -0.35846086284744721 7.6250000000000009 263.47666931152349 286.80000000000001 0.21652257995689161 -0.93545489084327571 -0.94139628442229062 20.350000000000005 7.3207142857142875 -0.90163369914317015 -0.8781231054254196 -0.8041866928211282 -0.78326540922535159 -0.79384350655589164 7.9500000000000011
decision_type=8 2 2 2 2 2 2 2 2 2 2 2 2 2 2 2 2 2 10 2 2 2 2 2 2 2 2 2 2 2
left_child=1 2 6 15 11 9 7 -1 -3 -6 -8 17 13 -10 -14 -4 -16 19 -19 -5 21 23 -23 -21 -22 29 -27 28 -28 -26
right_child=-2 8 3 4 5 -7 10 -9 12 -11 -12 -13 14 -15 16 -17 -18 18 -20 20 24 22 -24 -25 25 26 27 -29 -30 -31
leaf_value=0.0068767335207529055 -9.555775682067908e-06 -0.0044807657363547509 0.003360961521768094 -8.5815938392569627e-05 0.0025828952916513099 0.00035325110524993595 -0.0067601767596316619 -0.002602730310813661 -0.0020494772012754491 0.0057192475575337 -0.00033474634681027448 -0.0074556371614201561 -0.0038529782597811224 0.0034032898867422941 0.00370467170361247 -0.0022532093777788125 -0.0078434567906874569 -0.0020975571918284367 0.0013481680443314873 0.0005760214136588998 -0.0051692235504659139 0.0022319933252077013 0.0076667985939081725 0.0093104331476196265 0.0070036050313656813 -0.0034744618454938926 0.0014673752439929666 0.0006397023576323387 0.011403432683745395 -0.00016270345809124705
leaf_weight=99 273438 792 90 3731 61 137 1400 102 111 50 943 348 484 75 59 2189 63 1816 900 529 511 56 54 123 167 645 97 1054 82 62
leaf_count=99 273438 792 90 3731 61 137 1400 102 111 50 943 348 484 75 59 2189 63 1816 900 529 511 56 54 123 167 645 97 1054 82 62
internal_value=-3.16616e-05 -0.000445634 -0.000224978 5.4321e-05 0.000415906 0.00568548 -0.0016195 0.00345771 -0.00256945 0.0116667 -0.00205506 0.000287468 -0.000770203 0.00333333 -0.0020297 -0.00159939 0.00360656 0.000408567 -0.000600148 0.000793839 0.00174556 0.00458005 0.0159091 0.00266871 0.000920549 0.00173944 0.000804046 0.00246147 0.0131564 0.00941048
internal_weight=290268 16830 15246 12702 10423 248 2544 201 1584 111 2343 10175 792 186 606 2279 122 9827 2716 7111 3380 762 110 652 2618 2107 1878 1233 179 229
internal_count=290268 16830 15246 12702 10423 248 2544 201 1584 111 2343 10175 792 186 606 2279 122 9827 2716 7111 3380 762 110 652 2618 2107 1878 1233 179 229
is_linear=0
shrinkage=0.05


Tree=217
num_leaves=31
num_cat=0
split_feature=24 22 22 5 4 22 2 5 23 14 22 22 13 22 22 17 2 19 22 22 22 22 4 15 13 19 18 16 14 17
split_gain=1.39697 2.62227 2.12374 2.09747 2.40439 2.06229 2.27405 2.18581 1.89878 3.24962 2.58043 20.1822 4.07475 1.7624 1.83774 2.0613 2.35471 1.93664 1.69092 7.86419 2.7384 2.89847 3.46975 2.36263 3.42969 3.33079 2.59531 2.80921 2.28813 2.11373
threshold=-0.77999999999999992 -0.61237985104942771 -0.55657520495441892 4.5235714285714304 23.725000000000005 -0.54220184589352438 -2.1299999999999968 6.2250000000000005 -0.26037106507032781 28.850000000000005 -0.8041866928211282 -0.78326540922535159 13.850000000000003 -0.66528616069191593 -0.63921128368950708 258.50000000000006 0.55000000000000171 7.3550000000000013 -0.86976336936302323 -0.90163369914317015 -0.8041866928211282 -0.72696319516528884 6.785000000000001 60.500000000000007 4.3500000000000005 5.4350000000000014 8.5550000000000015 10.750000000000002 31.050000000000004 287.50000000000006
decision_type=8 2 2 2 2 2 2 2 2 2 2 2 2 2 2 2 2 2 2 2 2 2 2 2 2 2 2 2 2 2
left_child=1 3 -3 8 13 7 -7 -4 9 -1 -10 12 -12 18 15 16 -15 -18 19 -5 -20 22 -22 -21 26 -26 27 -25 -24 -30
right_child=-2 2 5 4 -6 6 -8 -9 10 -11 11 -13 -14 14 -16 -17 17 -19 20 23 21 -23 28 24 25 -27 -28 -29 29 -31
leaf_value=-0.0021678170429956125 -9.0779868979755824e-06 -0.0042567274495370101 -0.0017369516583110286 -3.8975939082766721e-05 -0.010155865449981795 0.0025829046641256269 -0.0054525219739512548 0.0022236780679633795 -0.0052497369228394096 0.0065157226994506691 0.0089940246191639872 -0.0054666199378548205 0.0090876640167332681 0.0055091126870492205 3.9175621638026887e-06 6.9835338484688064e-07 0.0037252188301718976 -0.001054474675914739 -0.005670177901639129 -0.00014595501920228209 0.013416582099746508 -0.0027690728188410102 -0.00012536311768201469 0.0037312573243740606 0.013355422556678371 3.1085225791824824e-05 0.002541972478920173 0.012586143994283584 0.0052934681162055521 -0.0035569655750657663
leaf_weight=164 273438 792 67 7742 469 86 508 131 1942 93 52 493 63 69 333 116 64 62 1116 120 89 790 799 50 80 202 93 58 132 55
leaf_count=164 273438 792 67 7742 469 86 508 131 1942 93 52 493 63 69 333 116 64 62 1116 120 89 790 799 50 80 202 93 58 132 55
internal_value=-3.32119e-05 -0.000475343 -0.00241162 -0.000274171 4.42039e-06 -0.000580809 -0.00205387 0.00383838 -0.00150873 0.00258755 -0.00192157 0.000921051 0.0197826 0.000142021 0.00268633 0.00545016 0.00858974 0.00452381 -2.64996e-06 0.000362491 -0.00102483 0.000147452 0.00183721 0.00586235 0.00742236 0.00386525 0.0124129 0.0176852 0.000983772 0.00596257
internal_weight=290268 16830 1584 15246 12439 792 594 198 2807 257 2550 608 115 11970 644 311 195 126 11326 8345 2981 1865 1075 603 483 282 201 108 986 187
internal_count=290268 16830 1584 15246 12439 792 594 198 2807 257 2550 608 115 11970 644 311 195 126 11326 8345 2981 1865 1075 603 483 282 201 108 986 187
is_linear=0
shrinkage=0.05


Tree=218
num_leaves=31
num_cat=0
split_feature=24 22 19 4 22 14 22 5 21 9 13 9 19 5 4 19 21 4 18 21 24 22 19 22 22 0 5 20 22 0
split_gain=1.41909 2.61423 2.19987 2.58177 2.12374 1.91686 1.83333 2.03811 1.78022 1.67373 2.52025 1.80723 1.65243 1.97596 2.43314 1.50501 1.49474 1.99198 2.01773 2.43104 1.45204 6.52823 11.9943 7.36617 9.91831 6.31849 5.68483 5.1108 4.33925 3.59396
threshold=-0.77999999999999992 -0.61237985104942771 4.0150000000000006 21.005000000000006 -0.55657520495441892 28.550000000000004 -0.54220184589352438 6.2250000000000005 16.900000000000002 998.87963867187511 3.5500000000000003 634.89492797851574 12.655000000000003 10.095714285714289 15.975000000000003 3.5550000000000002 92.500000000000014 8.8750000000000018 5.2650000000000006 137.50000000000003 -0.60499999999999987 -0.78326540922535159 4.6450000000000005 -0.63921128368950708 -0.55657520495441892 8.2050000000000018 15.843571428571432 735.30000000000007 -0.82415615971448097 6.3350000000000009
decision_type=8 2 2 2 2 2 2 2 10 2 2 2 2 2 2 2 10 2 2 10 8 2 2 2 2 2 2 10 2 2
left_child=1 2 5 9 -3 -1 7 -6 -9 11 -11 12 16 -14 -15 -8 -4 18 -18 -20 21 22 -2 -23 29 -24 -27 -26 -28 -25
right_child=20 4 3 -5 6 -7 15 8 -10 10 -12 -13 13 14 -16 -17 17 -19 19 -21 -22 23 25 24 27 26 28 -29 -30 -31
leaf_value=-0.0056416355697068666 0.019694149439139511 -0.0040438910770601673 -8.0154217569956563e-05 -0.0085745384403362445 -0.0016501040753954784 -0.00022337131681679433 0.0035057516171401824 0.0030455884139836439 0.00028645182467702286 0.003375548161854871 0.00071915973789995211 -0.0044441489135945197 0.00093400870015750972 0.020830764567871793 0.0017265945195586573 -0.0034463599498686368 -0.000828651878079924 0.00033739621968530159 0.0191252493711387 0.0021007381294743093 -3.523852782891687e-05 -0.00389060585457221 0.0073551413002519968 0.0087703879376461614 -5.6783177260171522e-05 -0.00097194453756822309 0.0011862940675076469 0.005108011022565309 0.013182728757685528 0.0040470727900708504
leaf_weight=1211 56 792 9982 564 67 1333 55 67 64 50 279 567 550 54 60 539 63 420 62 51 261360 2376 461 247 6880 894 89 50 84 941
leaf_count=1211 56 792 9982 564 67 1333 55 67 64 50 279 567 550 54 60 539 63 420 62 51 261360 2376 461 247 6880 894 89 50 84 941
internal_value=-3.26951e-05 -0.000478314 -0.000277451 -8.66125e-06 -0.00241162 -0.0016195 -0.000580809 0.00358586 0.00721374 0.000144998 0.00366261 4.69969e-05 0.000185909 0.00260542 0.00859649 -0.0019697 3.40317e-05 0.00246644 0.00693182 0.0109292 -5.26747e-06 0.000530716 0.00352273 7.90916e-05 0.000795761 0.00268979 0.000576381 7.21489e-05 0.00887283 0.00501683
internal_weight=290268 16830 15246 12702 1584 2544 792 198 131 12138 329 11809 11242 664 114 594 10578 596 176 113 273438 12078 1584 10494 8118 1528 1067 6930 173 1188
internal_count=290268 16830 15246 12702 1584 2544 792 198 131 12138 329 11809 11242 664 114 594 10578 596 176 113 273438 12078 1584 10494 8118 1528 1067 6930 173 1188
is_linear=0
shrinkage=0.05


Tree=219
num_leaves=31
num_cat=0
split_feature=24 22 23 1 0 20 1 9 2 9 13 22 2 9 22 5 19 24 22 23 2 22 22 19 10 14 23 5 14 16
split_gain=1.48792 2.58219 2.27683 2.45071 2.84801 2.3914 2.13565 2.10019 2.00143 2.38785 2.13539 1.70707 1.63735 2.95477 1.67034 2.91494 1.44346 3.52643 3.56619 3.10829 3.42234 2.94935 8.58681 4.56716 6.02558 3.45523 2.92246 2.74916 2.41661 2.54296
threshold=-0.77999999999999992 -0.61237985104942771 -0.35846086284744721 8.8050000000000015 3.8750000000000004 169.30000000000004 3.4250000000000003 275.53373718261724 -1.5699999999999987 998.87963867187511 5.2500000000000009 -0.55657520495441892 -1.2599999999999987 179.18568420410159 -0.54220184589352438 7.3207142857142875 12.475000000000003 1.0350000000000004 -0.30163705152652742 -0.90892157495189674 -4.3949999999999978 -0.85227431625818906 -0.8041866928211282 24.085000000000004 4.6058332920074472 28.250000000000004 0.68274389090025245 32.962857142857153 31.350000000000005 10.15
decision_type=8 2 2 2 2 10 2 2 2 2 2 2 2 2 2 2 2 10 2 2 2 2 2 2 2 2 2 2 2 2
left_child=1 2 3 4 -1 -4 -7 -5 -8 -10 -11 -3 13 -13 15 -14 27 21 19 -19 -21 -18 23 -23 25 -25 28 -2 29 -22
right_child=16 11 5 7 -6 6 8 -9 9 10 -12 12 14 -15 -16 -17 17 18 -20 20 26 22 -24 24 -26 -27 -28 -29 -30 -31
leaf_value=0.0060526964708736471 4.091299597684805e-05 -0.0038416965232071481 -0.0032985278904028728 0.019787434989429468 -0.0010101304644495987 -0.0031969503871688478 -0.0017679648591836503 0.00026393019403665919 0.00018854769184823203 0.0044527215458883811 0.0016237240154068527 -0.0018380115471499595 -0.0011703931255437467 0.0033304639102457339 -0.0067395215319021352 0.0041701095088868571 -0.0022530379098206796 0.005527713397950211 -0.0011341031680646785 -0.0033035623881894093 0.0019913052873365873 0.0016670802102495793 -0.00063835730702606255 0.018549697827338823 0.00014317297989960588 0.014871771849539009 -0.0054662569213405603 0.0046223735823663339 0.0033921358810306904 -0.0030511559490893126
leaf_weight=64 222317 792 1134 96 379 1326 2446 55 9513 52 181 111 90 75 452 64 8880 745 3285 1462 2081 997 26737 66 279 336 315 1053 3933 952
leaf_count=64 222317 792 1134 96 379 1326 2446 55 9513 52 181 111 90 75 452 64 8880 745 3285 1462 2081 997 26737 66 279 336 315 1053 3933 952
internal_value=-3.39009e-05 -0.000490197 -0.000290569 0.00274411 0.000869073 -0.000413597 -0.000228585 0.00824503 -2.13267e-05 0.000299609 0.00530043 -0.00241162 -0.000770203 0.00333333 -0.0020297 0.00246753 -5.81604e-06 -0.000248463 0.000468565 0.000960159 0.000695984 -0.000494035 -0.00024547 0.00322408 0.00638032 0.0102985 0.00113927 4.85729e-05 0.00135228 0.000291789
internal_weight=290268 16830 15246 594 443 14652 13518 151 12192 9746 233 1584 792 186 606 154 273438 50068 12773 9488 8743 37295 28415 1678 681 402 7281 223370 6966 3033
internal_count=290268 16830 15246 594 443 14652 13518 151 12192 9746 233 1584 792 186 606 154 273438 50068 12773 9488 8743 37295 28415 1678 681 402 7281 223370 6966 3033
is_linear=0
shrinkage=0.05


Tree=220
num_leaves=31
num_cat=0
split_feature=24 22 1 22 22 22 15 20 18 13 5 17 22 22 13 22 22 15 13 21 16 13 17 19 5 22 19 22 9 24
split_gain=1.34468 2.60868 2.03143 1.80705 3.09645 2.19531 4.90532 2.59535 3.14938 3.56911 2.67715 2.55114 2.52573 5.06004 2.47367 2.49788 10.5035 5.25307 4.45169 3.27546 3.70867 2.39616 2.40393 1.83366 2.37794 3.79925 1.70059 2.45439 2.90147 4.98368
threshold=-0.77999999999999992 -0.62588817255938378 2.7550000000000003 -0.97113884758256674 -0.99275805973510278 -0.96689237009891416 66.500000000000014 335.10000000000008 7.245000000000001 6.0500000000000007 4.0078571428571452 242.50000000000003 -0.79384350655589164 -0.77245553105869302 14.950000000000001 -0.94139628442229062 -0.92923668111203805 80.500000000000014 15.250000000000002 16.900000000000002 9.6500000000000004 1.0500000000000003 205.50000000000003 7.4250000000000007 3.6778571428571434 -0.8041866928211282 12.565000000000003 -0.99763297024448894 151.7052917480469 -0.95499999999999985
decision_type=8 2 2 2 2 2 2 10 2 2 2 2 2 2 2 2 2 2 2 10 2 2 2 2 2 2 2 2 2 10
left_child=1 2 -1 4 26 6 -5 14 9 10 -9 21 -11 -14 -7 -16 17 19 -18 -17 -21 -12 -23 24 25 -20 27 -4 -29 -30
right_child=-2 -3 3 5 -6 7 -8 8 -10 12 11 -13 13 -15 15 16 18 -19 23 20 -22 22 -24 -25 -26 -27 -28 28 29 -31
leaf_value=-0.0057131903931070772 -1.1756886626506225e-05 -0.0021876913433574443 -0.002652466806153349 -0.0048474079446597478 -0.0029043225786008612 -0.0015173036276218553 0.0052011737238151935 -0.0052154874228309825 -0.00015204809004730084 -0.0010712278990865124 0.0014590844061328258 0.0046695747987566278 0.0072388526534335265 0.0015839022987132135 -0.0015012323198981051 0.0061752053517462177 0.01424925071164743 -0.0010076310605596475 -0.0021069797980621508 0.0083727385662500133 -0.00025126261173095369 0.003816578309924391 0.0082897978847858208 0.0022332180434044909 -0.0025283950911698591 0.0061298986485049415 0.0055041397685917821 -0.00081191061506324989 0.0041570185636541834 0.00012991642969014774
leaf_weight=529 273438 1782 1372 176 2695 3496 208 58 1324 495 68 141 62 231 638 95 55 80 80 67 52 94 98 502 1060 51 234 491 249 347
leaf_count=529 273438 1782 1372 176 2695 3496 208 58 1324 495 68 141 62 231 638 95 55 80 80 67 52 94 98 502 1060 51 234 491 249 347
internal_value=-3.56234e-05 -0.000469401 -0.000255185 -0.000144295 -0.000870454 0.000284196 0.00398437 0.000121755 0.00145663 0.00325982 0.0067647 0.00821696 0.00121827 0.00489761 -0.000433939 0.000708954 0.00156219 0.0103061 9.1532e-05 0.0143925 0.00886555 0.0111538 0.0140104 -0.000363262 -0.00143157 0.00492366 0.000328629 -5.89683e-05 0.00171573 0.0040604
internal_weight=290268 16830 15048 14519 5388 9131 384 8747 2571 1247 459 401 788 293 6176 2680 2042 294 1748 214 119 260 192 1693 1191 131 2693 2459 1087 596
internal_count=290268 16830 15048 14519 5388 9131 384 8747 2571 1247 459 401 788 293 6176 2680 2042 294 1748 214 119 260 192 1693 1191 131 2693 2459 1087 596
is_linear=0
shrinkage=0.05


Tree=221
num_leaves=31
num_cat=0
split_feature=24 22 4 19 23 14 2 22 19 20 19 18 0 0 4 0 18 24 23 23 22 16 23 22 23 23 24 20 23 4
split_gain=1.29837 2.01803 2.01115 2.26168 2.28257 3.1486 2.05982 1.84091 1.84149 1.61496 1.54747 1.46472 4.96519 4.86679 2.26089 3.85682 3.05908 2.67266 4.55145 4.92037 9.66463 9.69068 4.79736 8.68172 4.71768 5.81831 7.26619 8.13411 6.01253 3.67317
threshold=-0.77999999999999992 -0.61237985104942771 23.725000000000005 4.0150000000000006 -0.17646730165275518 28.850000000000005 -1.5699999999999987 -0.55657520495441892 3.3250000000000006 316.35000000000008 4.0750000000000011 9.4350000000000005 8.4050000000000029 10.895000000000001 13.825000000000001 8.2450000000000028 4.4850000000000012 0.24500000000000002 0.87709077819680659 0.74298546529340237 0.65233619298682533 11.450000000000001 0.90070004940655357 -0.35846811432664222 0.19969739736768838 0.080547328232315238 0.095000000000000015 379.30000000000001 0.14888728888808328 11.635000000000003
decision_type=8 2 2 2 2 2 2 2 2 10 2 2 2 2 2 2 2 10 2 2 2 2 2 2 2 2 10 10 2 2
left_child=1 2 3 4 5 -1 -5 -3 -9 -7 -8 13 -13 14 17 -16 -17 18 19 24 -21 -22 -20 -24 25 -2 28 -28 29 -27
right_child=11 7 -4 6 -6 9 10 8 -10 -11 -12 12 -14 -15 15 16 -18 -19 22 20 21 -23 23 -25 -26 26 27 -29 -30 -31
leaf_value=-0.0015620494904731792 0.00062820232524732345 -0.0035402271298789235 -0.0093429316899984668 -0.0013611855260364002 -0.0034308815688952016 0.0027378554264754517 0.0044490578978222672 0.003001328129228363 -0.0012638047055448247 0.015130279079578294 0.00029610889588236624 0.0011641199698312846 -0.0003728956889633151 0.0014513106033061482 -0.0015014830544798515 0.0056024647374755664 0.00013955102414079623 -0.00019803434619769912 -0.0043423989799353966 0.0015035869365495704 0.0033586174976576277 0.011469697102367449 0.0026861950024377936 -0.00041189081423040753 -0.00044412890308833953 0.0039271703309272108 0.013919371388492086 0.0024231353431598338 -0.00063948787810050669 0.0072062123351314782
leaf_weight=138 25449 792 469 2108 2250 72 117 75 717 59 10033 10436 96413 11268 13002 347 8624 58616 2157 7525 179 85 1408 17723 17348 1246 114 110 1181 207
leaf_count=138 25449 792 469 2108 2250 72 117 75 717 59 10033 10436 96413 11268 13002 347 8624 58616 2157 7525 179 85 1408 17723 17348 1246 114 110 1181 207
internal_value=-3.42454e-05 -0.000460488 -0.00028401 -0.000181702 -0.00154625 0.00280669 9.87099e-05 -0.00215909 -0.000454547 0.00835878 0.000394087 -8.01032e-06 -0.000152506 8.46683e-05 1.18774e-05 -0.000458063 0.000339426 8.9314e-05 0.00028756 0.000533829 0.00169534 0.0110985 -0.000330704 -7.86693e-05 0.000335669 0.000733563 0.00287264 0.0115179 0.00213743 0.00429112
internal_weight=290268 16830 15246 14777 2519 269 12258 1584 792 131 10150 273438 106849 166589 155321 21973 8971 133348 74732 53444 7789 264 21288 19131 45655 28307 2858 224 2634 1453
internal_count=290268 16830 15246 14777 2519 269 12258 1584 792 131 10150 273438 106849 166589 155321 21973 8971 133348 74732 53444 7789 264 21288 19131 45655 28307 2858 224 2634 1453
is_linear=0
shrinkage=0.05


Tree=222
num_leaves=31
num_cat=0
split_feature=24 23 4 1 9 23 0 2 23 23 23 13 17 14 4 9 23 23 14 21 23 2 9 21 9 4 23 23 9 2
split_gain=1.20338 2.12984 2.03578 2.0233 1.92303 3.16679 2.4641 2.05458 1.77336 1.56093 2.66239 7.6797 2.08807 1.7792 2.12871 2.02193 2.52001 2.47015 2.31575 2.68261 2.22759 1.80005 2.21252 2.68816 4.56608 1.82719 1.72942 5.23785 3.59668 3.52791
threshold=-0.77999999999999992 0.78724360164103002 23.725000000000005 2.7550000000000003 39.290842056274421 -0.17646730165275518 5.0050000000000008 3.895 0.82777578779003613 0.31595530242620651 0.3484035575467645 20.350000000000005 292.50000000000006 31.050000000000004 9.7250000000000032 206.99692535400393 0.42763731121559989 0.70747208174348741 31.750000000000004 16.900000000000002 0.57605713708605399 -1.4999999999999991 998.87963867187511 82.500000000000014 326.82032775878912 4.245000000000001 -0.056951011027366626 -0.12545862287572049 162.10600280761722 -1.1050000000000002
decision_type=8 2 2 2 2 2 2 2 2 2 2 2 2 2 2 2 2 2 2 10 2 2 2 10 2 2 2 2 2 2
left_child=1 2 3 -1 5 6 -5 -7 -3 26 11 -11 13 21 15 16 -15 18 19 -18 -20 -12 23 25 -25 -23 27 -6 -29 -30
right_child=-2 8 -4 4 9 7 -8 -9 -10 10 12 -13 -14 14 -16 -17 17 -19 20 -21 -22 22 -24 24 -26 -27 -28 28 29 -31
leaf_value=-0.0053547322843812764 -9.992098149280636e-06 -0.0033632157733849734 -0.0088757851054985341 0.013297627976780503 -0.00090788715499647379 -0.00079393432877275603 0.0094039921917749864 0.011492683134371628 -0.00029067176710032493 -0.00011554855254146432 -0.0033924487100744807 0.0058562678551805072 -0.0025673168676090779 -0.0046418603990825173 -0.00028615767657337934 -3.5249018065279823e-05 0.0033268260160025497 -0.001577873312620487 -0.00099837337146961905 0.013571046899051854 0.010955707218760893 0.0036482910793833425 0.0019129931625686608 0.0010506855152700699 0.014302337054157841 -0.00044748994432822382 -0.0021706777644189567 0.00044558099065692623 0.0060995889353903793 0.0039262303372029411
leaf_weight=528 273438 792 469 50 2635 832 325 55 792 228 713 94 1073 77 400 194 55 70 71 76 51 95 208 137 68 2417 3671 358 52 244
leaf_count=528 273438 792 469 50 2635 832 325 55 792 228 713 94 1073 77 400 194 55 70 71 76 51 95 208 137 68 2417 3671 358 52 244
internal_value=-3.52789e-05 -0.000445634 -0.000264333 -0.000161401 -4.87765e-05 0.00181458 0.00566667 0.000186019 -0.00219066 -0.000229846 0.000359216 0.00478261 0.000109552 0.000569947 0.00244467 0.00434343 0.006375 0.00831269 0.0106126 0.015229 0.00565574 5.77228e-05 0.000606836 0.000226351 0.00573171 -0.000222931 -0.000739944 9.27322e-05 0.00409786 0.00817567
internal_weight=290268 16830 15246 14777 14249 1262 375 887 1584 12987 6027 322 5705 4632 994 594 400 323 253 131 122 3638 2925 2717 205 2512 6960 3289 654 296
internal_count=290268 16830 15246 14777 14249 1262 375 887 1584 12987 6027 322 5705 4632 994 594 400 323 253 131 122 3638 2925 2717 205 2512 6960 3289 654 296
is_linear=0
shrinkage=0.05


Tree=223
num_leaves=31
num_cat=0
split_feature=24 23 17 3 20 1 4 15 22 23 17 22 5 13 2 22 22 2 15 14 22 3 20 15 16 13 22 2 16 18
split_gain=1.24156 2.01314 2.28212 2.58258 2.55456 2.00331 2.28045 1.99255 1.67702 1.61289 1.59482 2.31087 2.12073 1.76868 1.66245 1.57311 1.73772 1.95022 1.52216 1.64516 2.33974 4.34093 3.45184 3.06126 3.09944 1.55036 1.46623 2.82338 2.48861 2.49997
threshold=-0.77999999999999992 -0.35846086284744721 138.50000000000003 9.6183333333333358 194.50000000000003 4.0050000000000008 23.725000000000005 83.500000000000014 -0.62588817255938378 -0.32613736746952143 238.50000000000003 -0.66528616069191593 6.9928571428571447 7.2500000000000009 3.8100000000000018 -0.55657520495441892 -0.54220184589352438 -2.1299999999999968 55.500000000000007 30.950000000000003 -0.95244167294248061 8.3516666666666683 307.2000000000001 59.500000000000007 11.15 16.850000000000005 -0.99467753128998015 -1.1350000000000005 9.7500000000000018 10.205000000000002
decision_type=8 2 2 2 10 2 2 2 2 2 2 2 2 2 2 2 2 2 2 2 2 2 10 2 2 2 2 2 2 2
left_child=1 2 -1 4 -4 -3 7 8 9 -7 11 18 -13 -12 -15 -10 -17 -18 -11 -20 26 22 25 -24 -25 -22 27 -21 29 -29
right_child=-2 5 3 -5 -6 6 -8 -9 15 10 13 12 -14 14 -16 16 17 -19 19 20 21 -23 23 24 -26 -27 -28 28 -30 -31
leaf_value=-0.00084734515000833019 -9.4924932418138239e-06 -0.0026210568631065212 0.005579235388464835 0.021050470074895258 -0.00014693658370962183 -0.0083469343198332106 -0.0089736449553559482 -0.0027416769624608248 -0.0028196423240145849 -0.0045518736542441767 -0.0027232729213858783 0.0016480813191117952 0.0047516442500839633 -0.0001163335669758318 0.0087936257977216208 0.001784023243253074 0.0025476091601858881 -0.0039674271680825521 0.00016310556453527929 -0.0040495928058701383 -0.0034254375575119528 -0.00082342492727102061 0.0026860220696308611 0.0077217222255507555 0.0034694709707579646 0.0028116868839224178 -0.0019613058464853232 0.0013134616142203293 0.0026287799449494168 0.029618523220748674
leaf_weight=293 273438 2677 75 54 172 311 438 572 902 266 957 128 77 3153 89 150 83 410 4502 101 82 204 89 97 77 50 504 77 178 62
leaf_count=293 273438 2677 75 54 172 311 438 572 902 266 957 128 77 3153 89 150 83 410 4502 101 82 204 89 97 77 50 504 77 178 62
internal_value=-3.47622e-05 -0.000451576 0.00240741 0.00546512 0.00329959 -0.000556173 -0.00030939 -0.000190917 -5.93685e-05 0.000157214 0.00026045 0.000751462 0.00597561 -0.00049893 5.86046e-05 -0.00160194 0.000287713 -0.00114605 0.000581172 0.000744644 0.00216634 0.00459933 0.00765823 0.0109696 0.0148276 0.0010606 0.000585682 0.00277512 0.00509464 0.0101079
internal_weight=290268 16830 594 301 247 16236 13559 13121 12549 11004 10693 6494 205 4199 3242 1545 643 493 6289 6023 1521 599 395 263 174 132 922 418 317 139
internal_count=290268 16830 594 301 247 16236 13559 13121 12549 11004 10693 6494 205 4199 3242 1545 643 493 6289 6023 1521 599 395 263 174 132 922 418 317 139
is_linear=0
shrinkage=0.05


Tree=224
num_leaves=31
num_cat=0
split_feature=24 22 19 4 15 20 22 22 22 15 22 23 23 0 15 20 3 14 17 18 13 14 22 22 22 0 13 5 23 22
split_gain=1.14551 1.78848 1.90425 1.90251 1.69208 1.80147 1.57828 1.51741 2.67774 4.83011 2.52221 3.68244 2.33518 2.16955 2.03282 1.93299 2.58953 4.10068 2.44902 2.24489 1.91033 1.86625 1.84943 1.82504 1.81734 1.81128 1.76395 2.68554 2.96314 7.48249
threshold=-0.77999999999999992 -0.61237985104942771 2.8050000000000002 23.725000000000005 55.500000000000007 143.40000000000003 -0.55657520495441892 -0.97113884758256674 -0.96689237009891416 70.500000000000014 -0.99275805973510278 -0.056951011027366626 -0.17646730165275518 14.305000000000001 70.500000000000014 342.00000000000006 6.245000000000001 30.850000000000005 210.50000000000003 8.5550000000000015 2.4500000000000006 31.150000000000002 -0.79384350655589164 -0.65234524191686594 -0.98214942551678475 6.2550000000000008 14.850000000000003 3.3450000000000011 0.38043945030393422 -0.94139628442229062
decision_type=8 2 2 2 2 10 2 2 2 2 2 2 2 2 2 10 2 2 2 2 2 2 2 2 2 2 2 2 2 2
left_child=1 2 -1 4 -4 -6 -3 10 9 -9 11 14 24 -13 21 26 17 -17 19 20 -18 -7 -19 -20 -12 -16 -10 -28 29 -29
right_child=-2 6 3 -5 5 7 -8 8 15 -11 12 13 -14 -15 25 16 18 22 23 -21 -22 -23 -24 -25 -26 -27 27 28 -30 -31
leaf_value=-0.0059465032121830451 -9.0178685797303467e-06 -0.0030540728685149875 -0.004155927311158417 -0.0079539933666124499 -0.0029982493237340688 -2.4023378450470415e-05 -0.00028827060550745193 0.00054850725441467167 -0.0009807444744759366 0.0055976165624426347 0.0040324096356922018 -0.0014749303035343669 -0.003790568957490532 0.011774229357902672 0.0057769674363378288 0.0014517521416460646 0.0040841676425387814 0.0047772161280493566 -0.0023042160100544442 0.00040366098127731631 0.0024461671217600768 0.011923367867227771 0.007573296231332953 0.0027827629820984371 -0.0010320863789604622 0.0020976473150320046 0.0053263986279317287 -0.00092171738288432468 -0.0010959829795865077 0.0048441108151862401
leaf_weight=605 273438 792 487 468 540 332 792 209 3306 115 178 1544 1742 81 83 500 57 185 809 275 135 139 88 134 557 112 111 569 1404 481
leaf_count=605 273438 792 487 468 540 332 792 209 3306 115 178 1544 1742 81 83 500 57 185 809 275 135 139 88 134 557 112 111 569 1404 481
internal_value=-3.33841e-05 -0.00043375 -0.000267612 -0.000154021 -5.04492e-05 5.26073e-05 -0.00203283 0.000168871 0.000574122 0.00503086 -0.000543206 0.000652552 -0.00164917 -0.00063077 0.00378378 0.000394834 0.00166514 0.00399094 0.00039007 0.00335118 0.0075 0.00200637 0.00891941 -0.00107635 0.000714285 0.00807692 -7.75008e-05 0.000906432 0.000562346 0.00257143
internal_weight=290268 16830 15246 14641 14173 13686 1584 13146 8378 324 4768 2291 2477 1625 666 8054 2183 773 1410 467 192 471 273 943 735 195 5871 2565 2454 1050
internal_count=290268 16830 15246 14641 14173 13686 1584 13146 8378 324 4768 2291 2477 1625 666 8054 2183 773 1410 467 192 471 273 943 735 195 5871 2565 2454 1050
is_linear=0
shrinkage=0.05


Tree=225
num_leaves=31
num_cat=0
split_feature=24 1 9 23 0 20 23 20 4 15 23 14 4 15 2 17 19 24 22 23 2 5 22 22 1 14 17 16 4 22
split_gain=1.34682 1.74579 1.68072 2.00821 4.33242 3.81179 1.93573 1.8458 1.79754 1.64608 1.61026 2.22236 1.57127 1.50286 1.3699 1.47536 1.30727 2.99746 3.04497 2.72906 2.83351 2.46141 2.43148 6.75327 4.02447 4.09293 5.08242 4.87655 2.15234 2.07206
threshold=-0.77999999999999992 2.7550000000000003 383.06039428710943 -0.35846086284744721 11.195000000000002 196.60000000000002 -0.32613736746952143 335.10000000000008 8.4650000000000016 83.500000000000014 -0.022575793296316496 28.450000000000003 23.725000000000005 55.500000000000007 5.0900000000000034 179.50000000000003 12.475000000000003 1.0350000000000004 -0.30163705152652742 0.68274389090025245 -5.3399999999999963 32.962857142857153 -0.85227431625818906 -0.8041866928211282 124.20500000000003 28.150000000000002 185.50000000000003 7.1500000000000012 9.3550000000000022 -0.31799228562170639
decision_type=8 2 2 2 2 10 2 10 2 2 2 2 2 2 2 2 2 10 2 2 2 2 2 2 2 2 2 2 2 2
left_child=1 -1 3 4 5 -3 -5 10 -9 12 11 -4 13 -8 -15 -16 21 22 19 20 -19 -2 28 24 25 26 27 -24 -18 -22
right_child=16 2 7 6 -6 -7 9 8 -10 -11 -12 -13 -14 14 15 -17 17 18 -20 -21 29 -23 23 -25 -26 -27 -28 -29 -30 -31
leaf_value=-0.0051521982921689463 3.6022694223675123e-05 0.0051141848746086493 -0.00087411517119784362 -0.0094856526354358036 0.02351515532508533 -0.0004761748017332643 -0.0036083193859494014 0.0041454513357252172 -0.00083222694058122492 -0.0030208725464177543 -0.0032075180704011011 0.0031970306104058587 -0.0077045007064178786 8.9163219353978286e-05 -0.0023679929076876566 0.01563775117667841 0.0042740711406374131 -0.0026049735632635677 -0.0010585270416710753 -0.0052129576316740098 0.0023979750342412211 0.0044119126550260616 0.010760142878670774 -0.00058988541789978483 0.020272129861798712 0.0024313520795923478 0.0014094751799156042 0.017888450758309162 -0.0022617904083683401 0.0095591396733486385
leaf_weight=560 222317 57 244 374 50 356 478 195 369 376 2063 77 311 11188 53 79 194 1332 3285 326 7778 1053 51 26737 76 1377 114 60 8686 52
leaf_count=560 222317 57 244 374 50 356 478 195 369 376 2063 77 311 11188 53 79 194 1332 3285 326 7778 1053 51 26737 76 1377 114 60 8686 52
internal_value=-3.52789e-05 -0.000469401 -0.000374924 -0.000135867 0.00309935 0.00141646 -0.000252354 -0.00145523 0.00111702 -0.000146177 -0.00206376 0.00123053 -4.5009e-05 4.74645e-05 0.000163426 0.00522727 -8.55889e-06 -0.000239476 0.000421591 0.000875842 0.0010358 4.32007e-05 -0.000465881 -0.000240191 0.00283671 0.00230337 0.00855555 0.0161712 -0.00118806 0.00139847
internal_weight=290268 16830 16270 13322 463 413 12859 2948 564 12485 2384 321 12109 11798 11320 132 273438 50068 12773 9488 9162 223370 37295 28415 1678 1602 225 111 8880 7830
internal_count=290268 16830 16270 13322 463 413 12859 2948 564 12485 2384 321 12109 11798 11320 132 273438 50068 12773 9488 9162 223370 37295 28415 1678 1602 225 111 8880 7830
is_linear=0
shrinkage=0.05


Tree=226
num_leaves=31
num_cat=0
split_feature=12 8 8 16 20 19 3 18 21 9 2 1 4 1 17 18 23 9 23 14 23 20 18 23 14 3 23 23 23 23
split_gain=1.0993 2.17465 1.30976 1.09261 1.01211 0.991516 2.11301 2.11219 2.06556 3.01383 2.86478 1.88288 2.31923 2.2284 2.03838 1.88993 1.74591 1.8332 1.7262 2.74164 2.64269 2.27183 2.51573 2.25854 1.63672 1.62073 1.61577 2.17514 9.23525 6.01446
threshold=3.5000000000000004 102.50000000000001 11.500000000000002 14.250000000000002 558.20000000000016 9.7750000000000004 8.6483333333333352 25.580000000000002 72.500000000000014 349.36264038085943 0.29000000000000187 10.005000000000001 15.335000000000003 8.7550000000000008 34.500000000000007 7.0850000000000009 -0.62587551141915865 211.55023956298831 0.98174098242282837 26.050000000000004 0.98770287048522643 388.40000000000003 15.585000000000003 0.97461712852231652 31.950000000000003 13.925000000000002 -0.99761278905001471 -0.90892157495189674 -0.9292178835113839 -0.87810534180523914
decision_type=2 2 2 2 8 2 2 2 8 2 2 2 2 2 2 2 2 2 2 2 2 8 2 2 2 2 2 2 2 2
left_child=1 2 5 4 -2 7 8 11 9 -7 -11 12 26 16 15 24 17 -14 23 -20 21 22 -21 -8 -13 -9 -1 28 -28 -29
right_child=3 -3 -4 -5 -6 6 18 25 -10 10 -12 14 13 -15 -16 -17 -18 -19 19 20 -22 -23 -24 -25 -26 -27 27 29 -30 -31
leaf_value=-0.0011945722643810612 -0.0015609915481117965 0.01706065781345743 0.0038163279200951043 -0.0041691006733688158 0.0028031519327050385 0.00093854600221427288 -0.00046473084332315388 0.0095856408587149892 -0.00089630843726550425 0.0014731828301261247 -0.0020219762645056053 0.003121911891620388 0.0018096989196384394 0.00049781095030143098 0.00028662055100475096 0.00090770372893381277 -0.003091958736765103 -0.0030415677608227106 0.0057845691902468424 0.0041025738721065805 -1.7690406618761585e-05 -0.0026617133073824338 0.0075401294561093755 -0.005503175766196626 0.0057644467422422341 0.0033950974148048716 0.00012721252324878583 -0.0042347522050152102 0.0049945006006996964 -9.5626525347757923e-06
leaf_weight=3108 2260 58 1894 1133 583 15233 65738 93 4278 1407 2675 1065 1029 2774 38252 2617 4991 405 74 182 1741 93 55 484 161 276 12861 2041 1715 120992
leaf_count=3108 2260 58 1894 1133 583 15233 65738 93 4278 1407 2675 1065 1029 2774 38252 2617 4991 405 74 182 1741 93 55 484 161 276 12861 2041 1715 120992
internal_value=-3.70015e-05 -2.55346e-05 -2.74962e-05 -0.000862677 -0.000339431 -3.62254e-05 -0.000171271 2.83282e-05 0.000236722 0.000456898 -0.000749634 2.10653e-05 -6.19025e-05 -0.00083107 0.000316545 0.00141426 -0.00134241 0.000195257 -0.000312067 0.00108391 0.000746015 0.00484848 0.00744726 -0.000357284 0.00303426 0.00380759 -1.16203e-05 1.38424e-05 0.000591382 -5.458e-05
internal_weight=290268 286292 286234 3976 2843 284340 91960 192380 23593 19315 4082 192011 149916 9199 42095 3843 6425 1434 68367 2145 2071 330 237 66222 1226 369 140717 137609 14576 123033
internal_count=290268 286292 286234 3976 2843 284340 91960 192380 23593 19315 4082 192011 149916 9199 42095 3843 6425 1434 68367 2145 2071 330 237 66222 1226 369 140717 137609 14576 123033
is_linear=0
shrinkage=0.05


Tree=227
num_leaves=31
num_cat=0
split_feature=24 1 4 22 14 22 23 19 22 3 18 1 23 23 22 23 23 22 23 22 22 14 23 13 19 14 13 4 23 24
split_gain=1.36989 1.62676 1.6282 1.78825 1.62844 1.57311 1.52054 1.94782 1.6154 1.56946 1.33947 4.88419 3.68826 2.9007 2.8406 2.64111 3.72964 10.0711 4.3647 5.9095 6.02046 6.30071 5.81555 4.67655 4.2803 4.14573 3.97677 3.06009 2.80707 2.68356
threshold=-0.77999999999999992 2.7550000000000003 23.725000000000005 -0.61237985104942771 27.050000000000004 -0.55657520495441892 -0.35846086284744721 9.6250000000000018 -0.92274349529687905 5.6416666666666684 7.0050000000000008 8.2650000000000023 0.99530134160901229 0.9863035000474919 0.99939377080793557 -0.99628250747696534 -0.80417042486635371 0.51297097409535064 -0.90892157495189674 -0.35041564478062465 0.39036257410962044 29.250000000000004 -0.94703994556331683 10.250000000000002 6.8850000000000007 30.850000000000005 4.9500000000000011 11.065000000000003 -0.78324956448884031 1.7100000000000002
decision_type=8 2 2 2 2 2 2 2 2 2 2 2 2 2 2 2 2 2 2 2 2 2 2 2 2 2 2 2 2 10
left_child=1 -1 3 4 -3 -5 7 8 9 -6 11 12 14 -13 15 -2 17 18 19 24 22 23 29 -22 -17 -23 -19 -28 -18 -21
right_child=10 2 -4 5 6 -7 -8 -9 -10 -11 -12 13 -14 -15 -16 16 28 26 -20 20 21 25 -24 -25 -26 -27 27 -29 -30 -31
leaf_value=-0.0048941102449337644 -0.0022097950186472808 -0.0018247545743405626 -0.0072808818251589363 -0.0028381756958700505 0.0049370946013702907 -0.00016661320065283582 1.1028067131539173e-06 0.016444662223712745 -0.0034310702008107197 0.00082239673633314678 -0.00012356196250456238 0.00084800496618738809 -0.0020865896692749907 0.003248833167870455 -0.0025732272290494465 0.0065074629425357147 -0.0058810314216870864 0.0015687185312775337 -0.0021914900351188804 0.0009036729332162919 0.012146466337624957 0.013780273825993367 -0.0050532454215455698 -0.0028484304884750771 0.0077699223704174349 0.006909621948494829 0.0052574711069106094 0.0084403120904809597 3.7585263030536611e-06 0.0095295273721709879
leaf_weight=560 1917 2182 468 788 61 765 11713 65 143 85 174736 21530 4091 1345 1032 98 737 341 1858 4942 87 137 1066 193 68 102 604 120 58284 150
leaf_count=560 1917 2182 468 788 61 765 11713 65 143 85 174736 21530 4091 1345 1032 98 737 341 1858 4942 87 137 1066 193 68 102 604 120 58284 150
internal_value=-3.75182e-05 -0.000475343 -0.000384144 -0.000298065 -0.000122466 -0.00190921 0.00010483 0.00333333 0.00157439 0.00527397 -1.05703e-05 0.000136673 -5.65114e-05 0.000777048 2.67636e-05 6.47759e-05 0.000115791 0.00102089 0.000459141 0.00104267 0.000810992 0.00598266 0.000375121 0.000892856 0.0103614 0.0119456 0.00561033 0.00770718 -3.39722e-05 0.00107816
internal_weight=290268 16830 16270 15802 14249 1553 12067 354 289 146 273438 98702 75827 22875 71736 70704 68787 9766 8701 6843 6677 519 6158 280 166 239 1065 724 59021 5092
internal_count=290268 16830 16270 15802 14249 1553 12067 354 289 146 273438 98702 75827 22875 71736 70704 68787 9766 8701 6843 6677 519 6158 280 166 239 1065 724 59021 5092
is_linear=0
shrinkage=0.05


Tree=228
num_leaves=31
num_cat=0
split_feature=24 15 20 22 18 4 24 22 24 4 16 0 23 22 24 22 0 22 22 22 9 22 22 1 15 9 15 22 17 16
split_gain=1.28477 1.60722 1.88832 1.67459 1.68083 1.68055 1.36882 3.34742 13.7883 7.91564 4.84842 5.38377 3.40271 6.82555 3.63447 6.06692 5.64611 3.33058 6.4076 10.9156 7.9979 6.7217 12.6659 3.96568 3.49326 3.66324 6.77139 4.8603 5.22096 3.48754
threshold=-0.77999999999999992 55.500000000000007 143.40000000000003 -0.62588817255938378 2.5550000000000002 23.725000000000005 -0.18999999999999997 0.83849049182116964 -0.22499999999999995 9.0550000000000015 9.8500000000000032 16.105000000000004 0.14888728888808328 -0.96689237009891416 -0.43999999999999995 -0.99630266176052629 5.2550000000000008 -0.99467753128998015 -0.94705910369513524 -0.95754239937548935 114.08300018310548 -0.83377653105606597 -0.73866753694953124 9.3050000000000015 58.500000000000007 220.69055175781253 78.500000000000014 -0.79384350655589164 104.50000000000001 9.8500000000000032
decision_type=8 2 10 2 2 2 8 2 10 2 2 2 2 2 10 2 2 2 2 2 2 2 2 2 2 2 2 2 2 2
left_child=1 -1 -3 4 -4 -6 7 12 -9 -10 -11 -12 14 -14 15 -2 -17 -16 19 20 -19 -20 24 -21 -23 26 27 -26 -29 -28
right_child=6 2 3 -5 5 -7 -8 8 9 10 11 -13 13 -15 17 16 -18 18 21 23 -22 22 -24 -25 25 -27 29 28 -30 -31
leaf_value=-0.0037992691631979119 0.00043065181660166925 -0.0031581433802602751 -0.0069481437733892766 -0.0014045795048295995 8.9990016621853671e-05 -0.0070791592031093338 -0.00011721022244050792 -0.00089121198471989443 0.01045097495058488 0.0078521163750344975 -0.0005150647445912505 0.01246152007731212 -0.0038805535146863262 7.6307897001447051e-05 -0.0018209454498821346 0.010758723853473824 0.0048139904133300913 0.0045455067590362821 -0.0034813903704978633 0.010270698094090544 -0.0011851066327902395 -0.00038078072204993855 -0.00067799222711759815 -0.0004472472075058864 0.0042893188851088736 0.0021089731886954925 0.0065217048299937245 0.0022222969354590339 0.010307580943195402 0.0097473113445160596
leaf_weight=570 990 622 327 1691 13184 436 183744 792 50 100 191 55 2376 70686 2178 74 718 1501 2970 320 1271 292 3564 76 432 545 74 128 258 53
leaf_count=570 990 622 327 1691 13184 436 183744 792 50 100 191 55 2376 70686 2178 74 718 1501 2970 320 1271 292 3564 76 432 545 74 128 258 53
internal_value=-3.64847e-05 -0.000460488 -0.000369005 -0.000261544 -8.13807e-05 3.66988e-06 -1.03875e-05 0.00014973 0.00278619 0.010404 0.00771676 0.00394309 0.000114341 -2.81964e-05 0.000788655 0.00291246 0.00617424 0.000511637 0.000851618 0.00276515 0.00165584 0.000122654 0.00118219 0.0105303 0.00462402 0.00560403 0.00748677 0.00581907 0.00989637 0.0182283
internal_weight=290268 16830 16260 15638 13947 13620 273438 89694 1188 396 346 246 88506 73062 15444 1782 792 13662 11484 3168 2772 8316 5346 396 1782 1490 945 818 386 127
internal_count=290268 16830 16260 15638 13947 13620 273438 89694 1188 396 346 246 88506 73062 15444 1782 792 13662 11484 3168 2772 8316 5346 396 1782 1490 945 818 386 127
is_linear=0
shrinkage=0.05


Tree=229
num_leaves=31
num_cat=0
split_feature=24 23 23 0 14 2 20 15 0 23 21 22 4 15 22 22 22 21 4 15 10 18 22 22 4 22 22 22 4 4
split_gain=1.18502 1.55584 1.66543 1.65636 2.41284 2.04002 2.24851 1.6383 1.64112 2.95719 3.12409 1.80034 1.93592 1.36605 1.54856 2.00473 2.58707 1.56249 1.50584 1.34847 1.32755 1.24548 3.75514 5.36517 9.34249 2.48507 1.80133 2.67406 2.05307 1.52428
threshold=-0.77999999999999992 -0.35846086284744721 -0.32613736746952143 10.595000000000001 27.450000000000003 0.5800000000000004 194.50000000000003 83.500000000000014 3.9950000000000006 -0.26037106507032781 16.900000000000002 -0.62588817255938378 17.905000000000005 55.500000000000007 -0.66528616069191593 -0.72696319516528884 -0.73866753694953124 21.900000000000002 11.535000000000002 73.500000000000014 2.2619999647140507 6.1250000000000009 -0.8041866928211282 -0.78326540922535159 8.1250000000000018 -0.85227431625818906 -0.86976336936302323 -0.89406062840022227 8.4150000000000009 6.8650000000000011
decision_type=8 2 2 2 2 2 10 2 2 2 10 2 2 2 2 2 2 10 2 2 2 2 2 2 2 2 2 2 2 2
left_child=1 3 -3 5 -5 6 -1 8 9 10 -4 12 13 -10 15 16 21 -18 19 -16 -14 22 25 24 -24 29 27 -23 -29 -15
right_child=-2 2 7 4 -6 -7 -8 -9 11 -11 -12 -13 20 14 18 -17 17 -19 -20 -21 -22 26 23 -25 -26 -27 -28 28 -30 -31
leaf_value=0.0047984674897942007 -1.0910236791589397e-05 -0.0087796077119433671 -0.00059853369346845274 -0.00013011368314900582 0.020490595935963071 -0.0043185591512355506 0.00095606786008640792 -0.0026615810122178822 -0.0032393893924540073 -0.0027809496011717751 0.013052599929796333 -0.0014789998482770284 -0.0059296821256514028 -0.0010989168152990122 0.00069191356037964238 -0.0031344884425867827 0.0012728009685980906 0.027462708126823783 0.0037030378793601612 0.0042611008170066111 0.0061981614617857344 3.5586601818304929e-05 0.0092176065802747429 0.00029770370791446508 0.0017099916834557667 -0.0068777222329662706 -0.0018677392846080231 0.010999317627185586 0.0012846442131567541 0.0016281959059866041
leaf_weight=76 273438 396 50 51 55 182 230 648 369 2459 51 1503 741 747 372 693 71 68 66 61 87 3901 81 211 106 339 1196 72 211 1737
leaf_count=76 273438 396 50 51 55 182 230 648 369 2459 51 1503 741 747 372 693 71 68 66 61 87 3901 81 211 106 339 1196 72 211 1737
internal_value=-3.54512e-05 -0.000442663 -0.000534616 0.00207071 0.00773585 0.000840163 0.00333333 -0.000454547 -0.000349527 -0.00150391 0.00688119 -0.000115581 0.000103782 0.000290747 0.000401731 0.000258135 0.000463386 0.00723021 0.00311623 0.00204388 -0.00222222 0.000354027 0.00113163 0.00567839 0.0118449 0.000490612 -0.000111525 0.000377628 0.00507067 0.00103865
internal_weight=290268 16830 16236 594 106 488 306 15840 15192 2560 101 12632 11129 10301 9932 9433 8740 139 499 433 828 8601 3221 398 187 2823 5380 4184 283 2484
internal_count=290268 16830 16236 594 106 488 306 15840 15192 2560 101 12632 11129 10301 9932 9433 8740 139 499 433 828 8601 3221 398 187 2823 5380 4184 283 2484
is_linear=0
shrinkage=0.05


Tree=230
num_leaves=31
num_cat=0
split_feature=24 5 22 22 22 13 4 19 16 23 14 19 22 22 24 22 24 16 0 9 23 22 22 17 22 22 19 22 24 19
split_gain=1.33934 1.47889 1.98284 12.8014 7.08904 3.25153 1.72909 1.38766 1.81534 1.51082 3.12862 1.31562 1.41327 3.63426 1.21173 2.95482 12.1633 7.68182 3.9815 3.51522 2.99408 6.11591 4.88362 13.9665 7.49025 7.89201 5.06869 4.79037 18.5562 9.08014
threshold=-0.77999999999999992 4.8485714285714296 -0.77245553105869302 -0.8041866928211282 -0.78326540922535159 14.950000000000001 21.005000000000006 4.0150000000000006 13.15 -0.26037106507032781 28.850000000000005 4.2350000000000012 -0.99467753128998015 -0.99763297024448894 -0.18999999999999997 0.83849049182116964 -0.22499999999999995 9.8500000000000032 16.105000000000004 295.06581115722662 0.14888728888808328 -0.95754239937548935 -0.90163369914317015 120.50000000000001 -0.93545489084327571 -0.94705910369513524 7.1250000000000009 -0.76141707087277943 -0.34499999999999992 4.5950000000000006
decision_type=8 2 2 2 2 2 2 2 2 2 2 2 2 2 8 2 10 2 2 2 2 2 2 2 2 2 2 2 10 2
left_child=1 2 3 7 5 -5 -3 9 11 10 -1 -9 13 -13 15 20 -17 19 -19 -18 -2 -22 23 24 25 -23 -25 28 29 -24
right_child=14 6 -4 4 -6 -7 -8 8 -10 -11 -12 12 -14 -15 -16 16 17 18 -20 -21 21 22 27 26 -26 -27 -28 -29 -30 -31
leaf_value=-0.0043725107618432851 0.0011614492266065039 -6.1017073335696038e-05 -0.00412291142296951 0.007320964734579734 -0.0023459850326508613 0.0087298134667618647 -0.0053385208581357988 0.0017578304988895507 0.005459401709709071 -0.0060053765047728015 0.0079689241625586615 -0.013299254317533194 -0.0034323645076884076 0.004810420094632205 -0.00011080419947888318 -0.00084610587364431769 0.011893047569289326 0.0018435188761995085 0.011838989585286112 0.0041413576171207651 -0.0031361971693078085 0.0083546862496122389 0.017769338200430855 -0.002725105859813102 0.015163274298985225 -0.0062515870540991378 0.0021835842723525243 0.00013048958698703652 -0.0086730683525737505 0.001352912893753853
leaf_weight=59 15444 12457 917 67 72 71 601 149 94 1158 50 85 973 77 183744 792 78 209 55 54 3168 202 84 1025 101 128 2108 60390 2970 2886
leaf_count=59 15444 12457 917 67 72 71 601 149 94 1158 50 85 973 77 183744 792 78 209 55 54 3168 202 84 1025 101 128 2108 60390 2970 2886
internal_value=-3.64847e-05 -0.000469401 -0.00134146 -0.00069177 0.0111905 0.0178261 -0.000217492 -0.00163516 -0.000537011 -0.00282952 0.00279816 -0.00102804 -0.00160793 0.00271605 -9.83889e-06 0.000140811 0.00261784 0.00977273 0.00484848 0.0196212 0.000107562 -2.61434e-05 7.12496e-05 0.0018743 0.0103132 0.00666667 0.000713373 -2.56306e-05 -0.00138047 0.00141414
internal_weight=290268 16830 3772 2855 210 138 13058 2645 1378 1267 109 1284 1135 162 273438 89694 1188 396 264 132 88506 73062 69894 3564 431 330 3133 66330 5940 2970
internal_count=290268 16830 3772 2855 210 138 13058 2645 1378 1267 109 1284 1135 162 273438 89694 1188 396 264 132 88506 73062 69894 3564 431 330 3133 66330 5940 2970
is_linear=0
shrinkage=0.05


Tree=231
num_leaves=31
num_cat=0
split_feature=22 22 22 20 23 15 23 5 13 2 22 15 9 9 21 9 23 21 23 4 1 9 22 22 2 15 19 15 23 23
split_gain=1.104 8.88996 8.03648 7.44619 8.26441 4.8546 4.39203 4.71013 4.10256 3.8972 6.66753 3.50481 3.35384 2.81464 2.63274 2.65046 2.52756 2.51961 2.44166 4.08974 3.15719 2.23874 2.23145 9.26827 3.65638 3.39406 3.35141 3.10626 2.1011 8.70839
threshold=-0.42180583328916638 -0.45274443793211405 -0.35846811432664222 264.90000000000003 -0.92272482904738262 82.500000000000014 -0.92272482904738262 7.9535714285714292 2.4500000000000006 2.0800000000000018 -0.40614700388750385 66.500000000000014 206.99692535400393 517.27493286132824 47.500000000000007 84.095909118652358 -0.77243990499604276 16.900000000000002 -0.70289845916694649 10.575000000000001 5.6150000000000011 269.99696350097662 -0.52766804058324157 -0.50556189049999822 -1.1050000000000002 70.500000000000014 3.2450000000000006 71.500000000000014 -0.84313311835787952 -0.82413948779581736
decision_type=2 2 2 10 2 2 2 2 2 2 2 2 2 2 8 2 2 10 2 2 2 2 2 2 2 2 2 2 2 2
left_child=1 12 3 4 8 6 7 17 -2 -6 -11 -10 28 -7 15 -9 -14 -5 19 20 -18 -22 -20 24 25 -24 -25 -26 -1 -30
right_child=2 -3 -4 5 9 13 -8 14 11 10 -12 -13 16 -15 -16 -17 18 -19 22 -21 21 -23 23 26 27 -27 -28 -29 29 -31
leaf_value=-0.0014671356498930288 0.0039620549610850254 -0.0052816829983565227 -2.7016606148377947e-05 0.010286057719412238 0.001722086890904748 0.001383992500330489 -0.00045078527844605938 0.0017471230981867003 0.015324224492459865 0.0074067234836213431 0.0034654946152780962 0.0056887905420926286 -0.0039900984756525183 0.0083709788181585906 -0.00079186329408641306 0.005061194750239726 0.0091382641518572786 0.0031774980224617503 -0.00081654162751016834 -0.00054986668186962477 -0.0036946808338925302 0.0073553005865429127 0.0061093401117839861 0.0098820286309942787 -0.0009162359407884588 0.0060760952242535143 -0.0030338200588473801 0.0075641200042840659 0.0065110831136977777 9.4164152856392584e-05
leaf_weight=4523 65 3168 178398 91 1007 50 3357 492 50 57 216 80 936 66 484 171 59 150 22209 340 52 51 127 50 284 157 1185 228 1397 70768
leaf_count=4523 65 3168 178398 91 1007 50 3357 492 50 57 216 80 936 66 484 171 59 150 22209 340 52 51 127 50 284 157 1185 228 1397 70768
internal_value=-3.70015e-05 -0.000166014 3.67002e-05 0.00178661 0.0048983 0.000842418 0.000595362 0.00296109 0.0144872 0.0034375 0.00873626 0.0196154 -8.52834e-05 0.0109483 0.00162598 0.0036727 -0.000579875 0.00931535 -0.00048339 0.00296813 0.00950617 0.0042233 -0.000554869 0.00103151 0.00523869 0.00978873 -0.00168016 0.00271484 8.03243e-05 0.000145845
internal_weight=290268 105534 184734 6336 1475 4861 4745 1388 195 1280 273 130 102366 116 1147 663 25678 241 24742 502 162 103 24240 2031 796 284 1235 512 76688 72165
internal_count=290268 105534 184734 6336 1475 4861 4745 1388 195 1280 273 130 102366 116 1147 663 25678 241 24742 502 162 103 24240 2031 796 284 1235 512 76688 72165
is_linear=0
shrinkage=0.05


Tree=232
num_leaves=31
num_cat=0
split_feature=15 14 21 4 24 13 23 1 13 18 2 5 0 19 0 18 23 5 14 0 16 13 5 23 23 24 13 18 2 13
split_gain=1.13292 1.88696 2.63984 2.0679 2.05107 2.37854 2.21231 2.75773 2.38358 2.01667 1.93367 1.79841 3.35773 2.82367 3.03599 4.50638 2.26421 2.16836 2.0118 3.56657 2.00254 1.97364 1.88273 1.8149 4.30625 2.55323 3.36898 2.06131 1.81384 2.03283
threshold=65.500000000000014 30.150000000000002 16.900000000000002 10.615 -0.40499999999999997 6.2500000000000009 0.68274389090025245 3.8050000000000002 0.75000000000000011 9.0150000000000023 0.26999999999999985 8.1421428571428596 8.4050000000000029 7.0850000000000009 6.6950000000000012 4.535000000000001 0.76556758748011056 10.193571428571433 32.350000000000001 5.8550000000000013 8.3500000000000032 0.25000000000000006 20.605000000000008 0.68274389090025245 0.65720762023595369 -0.29499999999999993 15.550000000000002 12.145000000000001 -2.5299999999999998 17.250000000000004
decision_type=2 2 8 2 8 2 2 2 2 2 2 2 2 2 2 2 2 2 2 2 2 2 2 2 2 10 2 2 2 2
left_child=1 2 3 4 -1 6 -6 -8 10 -10 -9 12 18 14 17 -16 21 -13 -2 -20 -14 -15 -18 24 -23 26 27 -26 29 -27
right_child=11 -3 -4 -5 5 -7 7 8 9 -11 -12 13 20 16 15 -17 22 -19 19 -21 -22 23 -24 -25 25 28 -28 -29 -30 -31
leaf_value=-0.00087508461104898348 1.5681553732243172e-05 -3.9727180062485302e-05 -0.0012631768674651969 -0.00086560607315923344 0.0016163309507082426 -0.00017908783444837799 0.0077556088567395627 0.0051339557268862985 -0.0026113656527641791 0.0036508333022727507 0.0022660700135954544 0.00026632276943950553 -0.0020072907353752413 -0.0037451867314911473 0.0043165899884000719 0.0011607878495030388 0.00061968706037944141 -0.003084566058154263 -0.0012215535520625569 0.0097774386386689505 -0.0005105224150848954 -7.9750622256610375e-05 0.005334309999264689 -0.0021440620490330124 0.011375076369031933 0.00011279210109971802 0.01402399525027765 -0.00095085310128908182 -0.00013223850084689783 0.012225705476747147
leaf_weight=3461 68504 107221 11801 9477 3283 3722 143 65 300 75 113 4794 4327 666 1022 14680 7969 1420 78 63 6608 37380 581 1939 57 53 55 67 290 54
leaf_count=3461 68504 107221 11801 9477 3283 3722 143 65 300 75 113 4794 4327 666 1022 14680 7969 1420 78 63 6608 37380 581 1939 57 53 55 67 290 54
internal_value=-3.49344e-05 -0.000137513 -0.000471641 -0.000130579 0.000330585 0.000784962 0.00163483 0.0041954 0.00259494 0.000333332 0.00735955 6.01886e-05 -0.000103042 0.000243075 0.000715002 0.00108521 3.24763e-05 -0.000220471 2.65849e-05 0.00599291 -0.000916782 -0.000123396 0.000771929 -7.83318e-05 -2.1089e-06 0.00428819 0.00924581 0.00467742 0.0020529 0.00761682
internal_weight=290268 139661 32440 20639 11162 7701 3979 696 553 375 178 150607 79580 71027 21916 15702 49111 6214 68645 141 10935 40561 8550 39895 37956 576 179 124 397 107
internal_count=290268 139661 32440 20639 11162 7701 3979 696 553 375 178 150607 79580 71027 21916 15702 49111 6214 68645 141 10935 40561 8550 39895 37956 576 179 124 397 107
is_linear=0
shrinkage=0.05


Tree=233
num_leaves=31
num_cat=0
split_feature=15 13 1 4 23 4 23 23 2 23 0 15 22 3 23 23 17 21 23 22 0 22 22 9 13 23 2 15 9 23
split_gain=1.0174 1.90929 1.47291 2.53438 2.4534 2.20619 2.04062 6.76818 2.76725 4.84455 3.53922 2.18163 2.53079 1.94539 4.85961 1.79739 2.53941 1.56772 1.42961 1.40975 1.77126 1.36677 4.46853 3.05512 2.56656 2.30902 2.4783 2.09593 2.081 3.9612
threshold=60.500000000000007 0.25000000000000006 9.6550000000000029 7.9650000000000007 0.99988440732898443 32.875000000000007 0.1318557721318592 0.39629089145655322 5.0900000000000034 0.36447543099728863 9.4550000000000018 43.500000000000007 0.3261394409934788 5.7516666666666678 -0.89404254237865755 0.73136292505298039 70.500000000000014 232.50000000000003 -0.99983123799342477 -0.63921128368950708 5.5550000000000006 0.99053107487289871 0.97112537654464559 291.71234130859381 1.0500000000000003 -0.16799793862756093 5.0900000000000034 55.500000000000007 143.74427795410159 -0.99938741687870725
decision_type=2 2 2 2 2 2 2 2 2 2 2 2 2 2 2 2 2 8 2 2 2 2 2 2 2 2 2 2 2 2
left_child=1 2 3 19 5 6 13 8 9 -8 -11 12 -9 14 -5 -13 17 -17 -4 20 -1 22 28 25 -25 -24 -27 -26 -3 -30
right_child=-2 21 18 4 -6 -7 7 11 -10 10 -12 15 -14 -15 -16 16 -18 -19 -20 -21 -22 -23 23 24 27 26 -28 -29 29 -31
leaf_value=0.012871446756277173 2.3014406181318489e-05 -0.00021038683234499795 0.0029469139630429659 0.0076428435346927812 0.002014479882763888 0.016405778783496403 0.0040016218669245637 -0.00010653291568842022 0.0076811906922474044 0.0094115289252835431 0.002128556428570481 -0.0032343213555835978 0.0067231108670825178 -2.9268424438532679e-05 -0.0036633295749230136 0.0039739373340861037 0.00018775441198215308 0.0040130287252771761 -0.00019921484529470849 -0.002586438820292929 -0.00049104294420250949 -0.0020187692114214902 0.0047238037664746454 -0.0059134450890218409 0.0079019893598510308 -0.0012143249659629283 0.0045139161741606327 0.0079564766640373916 0.0046100517096108306 -0.0011041484331144357
leaf_weight=67 212487 36081 83 87 76 52 339 94 86 51 51 439 84 3459 118 80 1046 55 12454 977 97 2341 551 57 82 819 64 202 88 17701
leaf_count=67 212487 36081 83 87 76 52 339 94 86 51 51 439 84 3459 118 80 1046 55 12454 977 97 2341 551 57 82 819 64 202 88 17701
internal_value=-3.56234e-05 -0.000190343 0.000233644 0.000800495 0.00120402 0.00109171 0.00100267 0.00216129 0.00714421 0.00554422 0.015098 0.000700777 0.00595505 0.000267466 0.005 0.000123456 0.00113886 0.00759259 -9.45214e-05 -0.00136284 0.00292683 -0.000335082 -0.000285292 0.0021831 0.00643695 0.00117155 -0.000413365 0.00838028 -0.000366625 -0.000809209
internal_weight=290268 77781 19795 7258 6117 6041 5989 2325 527 441 102 1798 178 3664 205 1620 1181 135 12537 1141 164 57986 55645 1775 341 1434 883 284 53870 17789
internal_count=290268 77781 19795 7258 6117 6041 5989 2325 527 441 102 1798 178 3664 205 1620 1181 135 12537 1141 164 57986 55645 1775 341 1434 883 284 53870 17789
is_linear=0
shrinkage=0.05


Tree=234
num_leaves=31
num_cat=0
split_feature=24 18 15 20 4 23 19 23 5 23 23 4 23 23 23 23 9 21 1 1 23 19 23 19 9 15 14 21 14 23
split_gain=1.02121 1.57442 1.55177 1.60918 1.40386 1.47518 1.81397 1.37082 2.41076 1.72618 2.46732 6.79162 3.83844 5.02725 2.93178 2.76864 2.73264 2.68325 2.40977 2.86402 2.87688 2.36711 2.5784 2.69023 2.36012 2.15998 2.07089 2.03282 1.91354 2.05073
threshold=-0.77999999999999992 2.3250000000000006 55.500000000000007 137.60000000000002 23.725000000000005 0.77652048701313048 2.9350000000000005 0.74298546529340237 8.4964285714285754 0.69521084835931835 0.59003219687534991 5.3350000000000009 0.48877522411129348 0.42763731121559989 0.39629089145655322 0.33222858587828868 39.290842056274421 82.500000000000014 6.995000000000001 3.7350000000000008 0.3484035575467645 14.265000000000002 -0.17646730165275518 5.0550000000000006 504.91798400878912 65.500000000000014 31.050000000000004 21.900000000000002 30.750000000000004 0.2499757677084001
decision_type=8 2 2 10 2 2 2 2 2 2 2 2 2 2 2 2 2 10 2 2 2 2 2 2 2 2 2 10 2 2
left_child=1 -1 -3 -4 5 7 -7 9 -9 10 12 -12 13 14 15 16 21 24 19 -17 -21 22 23 -5 -15 -18 -13 -28 29 -27
right_child=-2 2 3 4 -6 6 -8 8 -10 -11 11 26 -14 17 -16 18 25 -19 -20 20 -22 -23 -24 -25 -26 28 27 -29 -30 -31
leaf_value=-0.008120436705281335 -1.3714075854161536e-05 -0.0034133952641139942 -0.003983186336599373 0.027393696517137592 -0.0062652860059756862 0.0026987754773587017 -0.0016471836833719161 0.00074822558215995884 0.0043710476092954035 -0.0031819892019410477 0.0065152620533026799 5.2175033520278642e-05 -0.0047804635455928396 0.0026823237743117696 -0.01247342406779877 -0.0012537435651512334 -0.0028558118127439756 0.010826318488601085 -0.0016194040353188681 0.0052314470599479747 0.003133914314819743 0.028102297640539921 -0.00052223155669848306 0.005433334634991592 -0.0064179258627249441 0.00022596401496592124 0.00088755590679344811 0.0086228687956259112 0.0028787975529767518 -0.0040765364028493897
leaf_weight=206 273438 560 509 54 441 57 1637 477 67 741 111 1141 1261 520 373 149 2210 89 240 88 238 50 475 281 78 3676 146 98 274 583
leaf_count=206 273438 560 509 54 441 57 1637 477 67 741 111 1141 1261 520 373 149 2210 89 240 88 238 50 475 281 78 3676 146 98 274 583
internal_value=-3.49344e-05 -0.000412954 -0.000359121 -0.000268925 -0.0001784 -9.7262e-05 -0.0014876 7.82402e-05 0.00253676 -2.56303e-05 0.000117428 0.00201872 -0.000149921 0.000198335 -0.000127144 6.73227e-05 -0.000212417 0.00431586 0.00304196 0.00510526 0.00773006 0.00244186 0.00179012 0.00514925 0.00311037 -0.000550943 0.00106498 0.0052459 7.39013e-05 -0.000186665
internal_weight=290268 16830 16624 16064 15555 15114 1694 13420 544 12876 12135 1496 10639 9378 8691 8318 7603 687 715 475 326 860 810 335 598 6743 1385 244 4533 4259
internal_count=290268 16830 16624 16064 15555 15114 1694 13420 544 12876 12135 1496 10639 9378 8691 8318 7603 687 715 475 326 860 810 335 598 6743 1385 244 4533 4259
is_linear=0
shrinkage=0.05


Tree=235
num_leaves=31
num_cat=0
split_feature=24 18 23 9 23 17 15 4 22 22 22 5 19 1 5 23 22 5 9 22 17 15 19 22 22 3 24 23 5 20
split_gain=1.24798 1.54442 1.34057 2.02939 1.71541 1.61009 1.46849 1.51447 1.51914 1.48186 1.55576 2.13557 1.65273 1.58067 1.34848 1.66077 1.4838 2.3385 2.28647 1.86181 1.72898 1.48891 1.30121 1.26393 4.33747 5.53106 5.07187 4.51209 4.22175 3.85127
threshold=-0.77999999999999992 2.3250000000000006 -0.35846086284744721 38.461023330688484 -0.32613736746952143 304.50000000000006 83.500000000000014 23.725000000000005 -0.61237985104942771 -0.55657520495441892 -0.54220184589352438 6.389285714285716 3.5550000000000002 7.2750000000000012 4.5235714285714304 -0.26037106507032781 -0.67803021058859214 8.4635714285714325 600.63439941406261 -0.71504373327588355 264.50000000000006 65.500000000000014 5.8450000000000006 -0.99630266176052629 -0.98214942551678475 8.6883333333333344 -0.22499999999999995 0.14888728888808328 9.1207142857142891 245.30000000000004
decision_type=8 2 2 2 2 2 2 2 2 2 2 2 2 2 2 2 2 2 2 2 2 2 2 2 2 2 10 2 2 10
left_child=1 -1 3 -3 -4 -5 7 8 14 -10 11 -11 -12 -13 15 -6 18 20 19 22 -18 -19 -16 -2 25 26 28 -27 29 -25
right_child=23 2 4 5 6 -7 -8 -9 9 10 12 13 -14 -15 16 -17 17 21 -20 -21 -22 -23 -24 24 -26 27 -28 -29 -30 -31
leaf_value=-0.0077144148700172659 -0.00092118137522951323 0.015631516175807894 -0.0082462536883930702 -0.0002353548132057209 0.0039820126540493607 0.0044736241109402499 -0.0023967219454687407 -0.0065230252141323655 -0.0025635017263373108 -0.00099802206376338703 0.0032958672422012886 0.0031606779665608975 -0.0024179982042153991 0.0020344051550959205 0.00118155452401733 -0.0021456901351039367 0.0010809976182528341 0.0012415394640693106 -0.0048392120646813591 -0.0053121256112863662 -0.0018903029036253329 0.0062347546038541432 -5.2805215045278751e-05 0.010160576261711031 -3.7975522593367894e-05 0.0018493286116317898 0.0019347663442820476 -0.0046749685135749584 0.0096831428578055684 0.0058468935413904521
leaf_weight=206 5940 61 396 438 90 92 643 380 788 74 55 71 534 50 3211 2339 435 57 551 440 178 63 5678 101 260370 4430 1326 814 57 400
leaf_count=206 5940 61 396 438 90 92 643 380 788 74 55 71 534 50 3211 2339 435 57 551 440 178 63 5678 101 260370 4430 1326 814 57 400
internal_value=-3.6657e-05 -0.000454547 -0.000401228 0.00193739 -0.000487433 0.000943395 -0.00040513 -0.00030479 -0.000223759 -0.00169211 -0.000153062 0.00371795 -0.00143464 0.00780992 -4.67732e-05 -0.00110951 0.000196456 0.00236698 3.54239e-05 0.00022028 0.00111745 0.00875 0.000377432 -1.0936e-05 5.08296e-06 0.00122194 0.00354565 0.000387108 0.0075448 0.00607784
internal_weight=290268 16830 16624 591 16033 530 15637 14994 14614 1572 784 195 589 121 13042 2429 10613 733 9880 9329 613 120 8889 273438 267498 7128 1884 5244 558 501
internal_count=290268 16830 16624 591 16033 530 15637 14994 14614 1572 784 195 589 121 13042 2429 10613 733 9880 9329 613 120 8889 273438 267498 7128 1884 5244 558 501
is_linear=0
shrinkage=0.05


Tree=236
num_leaves=31
num_cat=0
split_feature=24 5 21 4 23 23 23 13 23 20 5 18 0 24 4 23 23 9 24 9 23 24 23 20 24 20 24 24 20 23
split_gain=1.17178 1.43026 1.43848 1.359 1.23583 8.50241 4.77184 2.74893 1.47381 2.28288 1.20285 1.1922 6.83358 2.98544 4.83041 4.26326 4.21989 4.35615 4.75613 3.56652 3.93925 7.20603 4.2819 4.27743 3.67122 3.47506 2.94909 4.92289 2.92519 2.74651
threshold=-0.77999999999999992 4.5235714285714304 62.500000000000007 23.725000000000005 0.63089349388778826 0.59003219687534991 0.6174544326165855 14.950000000000001 -0.074115882986646633 204.30000000000004 4.0964285714285724 7.0050000000000008 8.0850000000000026 0.69500000000000006 15.095000000000001 0.87709077819680659 0.74298546529340237 719.37036132812511 -0.34499999999999992 248.98963165283206 0.80290535434334509 -0.22499999999999995 0.86439018870140905 336.35000000000008 -0.40499999999999997 491.60000000000008 -0.27499999999999997 -0.34499999999999992 373.40000000000003 0.84199059757024453
decision_type=8 2 10 2 2 2 2 2 2 10 2 2 2 10 2 2 2 2 10 2 2 10 2 10 10 10 8 10 10 2
left_child=1 2 4 -3 5 8 7 -7 9 -1 -4 12 13 14 15 16 26 19 -19 20 21 25 -22 24 -24 -18 27 28 -2 -21
right_child=11 3 10 -5 -6 6 -8 -9 -10 -11 -12 -13 -14 -15 -16 -17 17 18 -20 29 22 -23 23 -25 -26 -27 -28 -29 -30 -31
leaf_value=0.0049715295051923018 0.00028436961831070052 -9.2469351693349558e-05 -0.00018478955526111739 -0.0053676684373445372 -0.0040224442459695997 0.0071074655525351421 -0.0022392591077734485 0.0078759753602004913 -0.0041742345960735254 -0.0013890401117336957 0.0093808349134829171 -0.00011571511842584392 0.0018394871849320774 -0.00051275572931930779 -0.0023866769755576879 -0.0005067373816187462 0.00085660814772199861 -0.0038402654091161583 0.0023221601359352971 0.0031301159435816444 -0.0051916158666992888 0.013284430285529746 -0.0047604750978070378 0.0051740113368564595 0.0092527314289406522 0.0080017242753634681 0.00073648589191329837 -0.0037995752864057267 0.0062798561116626066 0.0059171056587146746
leaf_weight=57 2369 13304 101 469 663 56 62 59 1630 372 57 174736 10400 31506 3737 14722 542 661 584 1341 775 70 121 53 51 58 27910 2789 364 649
leaf_count=57 2369 13304 101 469 663 56 62 59 1630 372 57 174736 10400 31506 3737 14722 542 661 584 1341 775 70 121 53 51 58 27910 2789 364 649
internal_value=-3.47622e-05 -0.000439692 -0.00141806 -0.000222538 -0.00167127 -0.00110912 0.00940678 0.0154348 -0.00201311 0.000594404 0.00322785 -9.83889e-06 0.000129074 -1.37042e-05 0.00020283 0.000325203 0.000602941 0.00197248 -0.000582331 0.00284153 0.00113772 0.00410448 -0.000850001 0.00522222 0.00139535 0.00233333 0.000402009 -0.00065375 0.000854371 0.00427136
internal_weight=290268 16830 3057 13773 2899 2236 177 115 2059 429 158 273438 98702 88302 56796 53059 38337 4905 1245 3660 1670 670 1000 225 172 600 33432 5522 2733 1990
internal_count=290268 16830 3057 13773 2899 2236 177 115 2059 429 158 273438 98702 88302 56796 53059 38337 4905 1245 3660 1670 670 1000 225 172 600 33432 5522 2733 1990
is_linear=0
shrinkage=0.05


Tree=237
num_leaves=31
num_cat=0
split_feature=22 22 22 20 23 22 18 14 23 16 17 13 14 13 15 23 23 23 23 9 1 17 17 17 21 22 22 9 17 19
split_gain=1.0004 8.20244 7.14056 7.14958 7.85887 3.6602 4.39682 3.3329 6.15585 6.78677 4.05758 4.27502 3.16986 3.06805 3.51263 2.6134 4.15376 4.14775 5.67016 8.5262 3.664 6.28882 4.82072 3.6095 3.81406 2.68665 4.46851 3.9515 3.61231 2.59848
threshold=-0.42180583328916638 -0.45274443793211405 -0.35846811432664222 257.2000000000001 -0.92272482904738262 -0.41398024697495356 9.5750000000000011 30.050000000000004 -0.92272482904738262 12.15 268.50000000000006 16.850000000000005 30.150000000000002 2.6500000000000008 67.500000000000014 -0.77243990499604276 -0.45273527932988084 -0.32613736746952143 -0.29342786347392819 340.39927673339849 7.035000000000001 173.50000000000003 292.50000000000006 203.50000000000003 27.500000000000004 -0.52766804058324157 -0.50556189049999822 227.55454254150393 240.50000000000003 14.555000000000001
decision_type=2 2 2 10 2 2 2 2 2 2 2 2 2 2 2 2 2 2 2 2 2 2 2 2 10 2 2 2 2 2
left_child=1 12 3 4 13 6 -6 8 9 29 -10 -12 15 -2 -15 -1 20 -18 19 23 21 -17 -23 -19 -25 28 27 -27 -20 -5
right_child=2 -3 -4 7 5 -7 -8 -9 10 -11 11 -13 -14 14 -16 16 17 18 25 -21 -22 22 -24 24 -26 26 -28 -29 -30 -31
leaf_value=-0.0021391127251202428 0.0039241603835862074 -0.0049997166681137739 -3.1068321638725908e-05 0.0093966672173483 0.0019166833529756554 0.0019812984055859969 0.007337215827899337 -0.00010195102777057292 -0.00091974741755155112 -5.1885337576484916e-05 0.0011891345462568157 0.0048305209336361307 0.00022540091551180482 0.013508882073440679 0.0042330417202420907 -0.00075512838112801238 -0.0037215889208043044 -0.0013268711175044442 -0.0001739945465895976 0.0059904303479414401 0.00012754007226656807 0.0060369076082756766 -0.0011433782217914212 0.0015798783046679931 0.010628411898044032 1.093259913671138e-05 -0.00079320145046870736 0.0055805470567118929 -0.001760534601402393 0.0033960156142731979
leaf_weight=3866 58 3168 178398 198 181 895 55 3299 887 162 324 104 57248 55 64 892 3566 372 16663 84 6207 919 264 302 94 385 1358 524 9622 54
leaf_count=3866 58 3168 178398 198 181 895 55 3299 887 162 324 104 57248 55 64 892 3566 372 16663 84 6207 919 264 302 94 385 1358 524 9622 54
internal_value=-3.56234e-05 -0.000158434 3.4535e-05 0.00168403 0.00497706 0.00344385 0.00898305 0.000827366 0.00260555 0.0079227 0.000931558 0.00492991 -8.08874e-05 0.014774 0.0193697 -0.000394301 -0.000277806 -0.00052927 -0.000333969 0.00368544 0.000723254 0.00254217 0.00493237 0.00203125 0.00535353 -0.00045391 0.00119762 0.00391089 -0.000596349 0.0130556
internal_weight=290268 105534 184734 6336 1308 1131 236 5028 1729 414 1315 428 102366 177 119 45118 41252 32970 29404 852 8282 2075 1183 768 396 28552 2267 909 26285 252
internal_count=290268 105534 184734 6336 1308 1131 236 5028 1729 414 1315 428 102366 177 119 45118 41252 32970 29404 852 8282 2075 1183 768 396 28552 2267 909 26285 252
is_linear=0
shrinkage=0.05


Tree=238
num_leaves=31
num_cat=0
split_feature=15 13 14 23 23 23 14 17 18 17 23 5 23 23 22 14 20 4 17 20 3 22 9 13 23 23 15 16 20 17
split_gain=0.99012 1.92628 2.12847 2.33937 5.81571 6.90626 8.4644 4.53451 3.36775 3.23461 2.97472 2.59758 2.07134 2.40344 2.37648 3.13177 2.40747 2.98852 1.74132 1.9475 1.51622 2.42897 1.5156 1.51387 1.57409 1.79707 1.55812 1.5031 1.46828 2.16492
threshold=59.500000000000007 0.15000000000000005 32.050000000000004 -0.46800559042974538 -0.58481178939031186 -0.54219087765047058 29.350000000000005 231.50000000000003 17.705000000000002 84.500000000000014 -0.6652727025667432 8.2678571428571459 -0.30982845708428081 -0.16799793862756093 0.97112537654464559 31.750000000000004 299.85000000000008 8.7850000000000019 10.500000000000002 550.10000000000014 10.195000000000002 -0.84315017450793706 41.948736190795906 18.450000000000003 -0.8611288361322974 -0.80417042486635371 56.500000000000007 10.250000000000002 519.10000000000014 145.50000000000003
decision_type=2 2 2 2 2 2 2 2 2 2 2 2 2 2 2 2 10 2 2 8 2 2 2 2 2 2 2 2 10 2
left_child=1 18 3 4 10 6 11 8 -8 -7 -3 -6 -5 14 22 16 -16 -18 19 -1 23 -22 27 24 -4 26 -26 -14 -23 -30
right_child=-2 2 20 12 5 9 7 -9 -10 -11 -12 -13 13 -15 15 -17 17 -19 -20 -21 21 28 -24 -25 25 -27 -28 -29 29 -31
leaf_value=0.00081146348917325085 1.3398127918695645e-05 -0.00026654599432142937 -0.0013911516033326692 -0.0061865807682267909 0.011334413883231051 0.0083224454533342204 -0.0034676480262985721 0.015915377547981072 0.022837680429684381 -0.00076932495314991408 -0.0058341763939469965 0.017188119740920538 0.0074318382637447583 -0.0011647197210094189 -0.00060807665175212182 -0.0047806163192891694 0.0085112386912759314 0.0056528255878324123 0.00029915241956024685 0.0067350514766654976 0.00074198801892385582 -0.0017366091205629174 -0.0013116072954427647 -0.0024816866209964091 0.00060253241680584561 0.00095542343467384147 0.0078390843878230042 0.0010533095148466032 -0.0041426944072437341 0.0039429356225027757
leaf_weight=87 223122 8170 1160 1581 53 89 184 50 69 771 776 52 97 14792 53 62 50 86 15579 51 5673 5987 868 967 137 7907 130 191 522 952
leaf_count=87 223122 8170 1160 1581 53 89 184 50 69 771 776 52 97 14792 53 62 50 86 15579 51 5673 5987 868 967 137 7907 130 191 522 952
internal_value=-3.83795e-05 -0.000206715 -0.000354762 -0.000649069 -4.60165e-05 0.00312303 0.00848039 0.00424092 0.00152174 0.000581394 -0.000495195 0.0207143 -0.000995502 -0.000826904 0.00114783 0.00555777 0.00875661 0.0122794 0.000277724 0.00586956 -3.20153e-06 -0.000359374 0.00019031 0.000450926 0.000646024 0.000890628 0.00492509 0.00333333 -0.000952286 0.000461329
internal_weight=290268 67146 51429 27994 10214 1268 408 303 253 860 8946 105 17780 16199 1407 251 189 136 15717 138 23435 13134 1156 10301 9334 8174 267 288 7461 1474
internal_count=290268 67146 51429 27994 10214 1268 408 303 253 860 8946 105 17780 16199 1407 251 189 136 15717 138 23435 13134 1156 10301 9334 8174 267 288 7461 1474
is_linear=0
shrinkage=0.05


Tree=239
num_leaves=31
num_cat=0
split_feature=24 15 23 1 0 20 3 1 9 17 20 20 15 15 9 16 20 23 23 13 18 23 23 12 23 23 4 2 2 24
split_gain=0.998992 1.45354 1.57998 1.83089 2.06826 1.71532 1.56444 1.60219 1.48823 1.21506 1.39359 1.67938 1.49534 1.6152 2.34828 1.33324 1.29929 1.25798 2.73205 1.83618 2.85704 1.6447 2.59374 1.54771 1.42295 1.94978 1.54189 1.37705 1.55018 1.18734
threshold=-0.77999999999999992 55.500000000000007 -0.35846086284744721 8.8050000000000015 3.8750000000000004 169.30000000000004 16.10166666666667 4.5650000000000004 275.53373718261724 238.50000000000003 264.90000000000003 288.90000000000003 78.500000000000014 72.500000000000014 180.89792633056643 6.9500000000000011 307.2000000000001 0.42763731121559989 0.48877522411129348 5.7500000000000009 8.5550000000000015 0.56191161272202661 0.63089349388778826 1.0000000180025095e-35 0.77652048701313048 0.65720762023595369 10.975000000000003 -0.39000000000000029 1.8200000000000003 -0.60499999999999987
decision_type=8 2 2 2 2 10 2 2 2 2 10 10 2 2 2 2 10 2 2 2 2 2 2 2 2 2 2 2 2 8
left_child=1 -1 3 4 -3 -4 7 -7 -5 10 15 12 13 -12 -15 -9 -13 23 19 20 -19 -20 -23 -18 25 -24 -27 -25 -29 -2
right_child=29 2 5 8 -6 6 -8 9 -10 -11 11 16 -14 14 -16 -17 17 18 21 -21 -22 22 24 27 -26 26 -28 28 -30 -31
leaf_value=-0.0031589348383231661 0.00062579509991580746 0.0043857035108122253 -0.0027961657819331525 0.013056268005477613 -0.0008973302737637518 -0.0012453190122547466 -0.0085722693299323076 -0.0030389740779916716 0.00067816930332430941 -0.00049169922334452252 0.0020500599652717318 -0.001885066922812936 -0.0024648308073776824 0.0048303909079129501 0.0055723042765367459 6.8366732553551635e-05 -0.00011604536799078654 0.0056419692544248503 -0.0057538133112422229 -0.00078534239300300879 0.001456424027360269 0.004007488926167424 -0.0021576968879499533 -0.0012664314391493574 -0.0011852976001713344 0.001819843429737472 0.0041269713572272444 0.021464389189867029 0.0025329171288970514 -4.5563449122171938e-05
leaf_weight=570 12078 60 1169 95 362 3501 267 355 55 4552 501 504 98 62 51 1637 1780 81 161 51 96 80 92 91 175 196 50 76 62 261360
leaf_count=570 12078 60 1169 95 362 3501 267 355 55 4552 501 504 98 62 51 1637 1780 81 161 51 96 80 92 91 175 196 50 76 62 261360
internal_value=-3.90685e-05 -0.000412954 -0.000325954 0.00225524 0.000568719 -0.000420067 -0.000271714 -0.000200675 0.007 0.00010185 0.000557347 0.00107321 0.00328652 0.00420195 0.00960177 -0.00053213 0.000622316 0.00101805 0.00248472 0.0072807 0.00968926 0.00103448 0.00225126 0.000301144 0.000945418 0.00284024 0.0051626 0.0041703 0.00731884 -1.6056e-05
internal_weight=290268 16830 16260 572 422 15688 14519 14252 150 10751 6199 4207 712 614 113 1992 3495 2991 982 228 177 754 593 2009 513 338 246 229 138 273438
internal_count=290268 16830 16260 572 422 15688 14519 14252 150 10751 6199 4207 712 614 113 1992 3495 2991 982 228 177 754 593 2009 513 338 246 229 138 273438
is_linear=0
shrinkage=0.05


Tree=240
num_leaves=31
num_cat=0
split_feature=24 15 23 22 22 20 19 9 15 17 20 0 9 22 22 15 22 0 22 22 22 22 3 16 22 22 14 16 9 16
split_gain=1.00452 1.3526 1.38859 2.67588 4.61208 3.11978 2.92024 2.60487 3.36863 2.71832 2.37218 1.9046 1.59909 1.50392 2.08641 3.6967 1.59103 2.78337 2.39122 3.08164 9.77295 5.78478 4.80492 4.10853 3.01752 4.3771 2.5244 3.78339 1.98176 1.83846
threshold=-0.77999999999999992 55.500000000000007 -0.039769286347669845 -0.99275805973510278 -0.98523971305672675 316.35000000000008 12.215000000000002 39.290842056274421 67.500000000000014 351.50000000000006 283.90000000000003 2.7350000000000008 190.46273040771487 -0.97509794945709805 -0.96689237009891416 65.500000000000014 -0.94705910369513524 11.525 -0.86976336936302323 -0.8041866928211282 -0.78326540922535159 -0.79384350655589164 4.2616666666666676 8.6500000000000004 -0.90163369914317015 -0.91597725483594616 28.850000000000005 11.750000000000002 167.14442443847659 12.550000000000002
decision_type=8 2 2 2 2 10 2 2 2 2 10 2 2 2 2 2 2 2 2 2 2 2 2 2 2 2 2 2 2 2
left_child=1 -1 3 5 -5 6 -3 8 10 -9 -6 -4 -7 -13 15 -15 17 -16 24 -20 21 23 -23 -21 25 29 27 -26 -24 -18
right_child=-2 2 11 4 7 12 -8 9 -10 -11 -12 13 -14 14 16 -17 18 -19 19 20 -22 22 28 -25 26 -27 -28 -29 -30 -31
leaf_value=-0.0030009880964070065 -1.8091200878626392e-05 0.0031415638693069441 -0.0059391805429121472 -0.0098493481839159042 0.018660236905264731 -0.0015595993103120634 0.017320750917516742 -0.00015832054947110424 -0.0013562733379255862 0.0039938337444508009 0.0071078977952213742 -0.0019979403074911581 0.0047258297443303447 -0.002867844698542581 -0.0052149773888882315 0.0048878804053562232 0.0021857442573390957 0.010709121132807611 -0.0045374853462943959 0.0038314027445850267 -0.00062833648421470008 0.008087386413709317 0.009322848632988082 -0.0035531451449271369 0.00052994029791047874 -0.01174665537520766 0.0019808055183008406 0.01060548883645636 0.00062720745510941919 -0.0020806303928315876
leaf_weight=570 273438 355 469 567 50 412 55 2168 171 57 178 2788 64 132 681 230 817 51 1283 51 4164 50 66 143 62 385 538 68 80 125
leaf_count=570 273438 355 469 567 50 412 55 2168 171 57 178 2788 64 132 681 230 817 51 1283 51 4164 50 66 143 62 385 538 68 80 125
internal_value=-3.8035e-05 -0.000412954 -0.000329029 0.000469707 -0.000205266 0.00290068 0.00609756 0.000678352 0.0043985 1.12348e-05 0.00837719 -0.000596324 0.000147058 -0.000471232 -0.000154606 0.00356353 -0.000311771 -0.00254098 -0.000103423 -0.000614187 -4.39294e-06 0.0075641 0.0136224 0.0014433 0.00139098 1.13025e-05 0.00413174 0.0103846 0.00904109 0.00184713
internal_weight=290268 16830 16260 4077 3191 886 410 2624 399 2225 228 12183 476 11714 8926 362 8564 732 7832 5837 4554 390 196 194 1995 1327 668 130 146 942
internal_count=290268 16830 16260 4077 3191 886 410 2624 399 2225 228 12183 476 11714 8926 362 8564 732 7832 5837 4554 390 196 194 1995 1327 668 130 146 942
is_linear=0
shrinkage=0.05


Tree=241
num_leaves=31
num_cat=0
split_feature=15 13 17 20 14 24 24 2 22 23 22 16 20 21 23 19 22 22 16 2 13 23 2 3 20 13 19 24 23 16
split_gain=0.983461 1.73073 1.75522 1.9475 1.7349 2.4382 4.19058 3.26096 3.2497 4.17408 8.09763 2.31842 2.6627 2.15722 1.80485 2.25812 2.14851 3.14558 2.97596 2.02731 2.11506 3.57803 1.79135 1.79767 1.76615 1.7413 1.7243 1.6795 5.61588 3.75107
threshold=59.500000000000007 0.15000000000000005 10.500000000000002 550.10000000000014 32.050000000000004 -0.089999999999999983 -0.049999999999999996 1.0400000000000005 -0.98803845231459242 -0.091258822863740666 -0.99467753128998015 11.450000000000001 385.10000000000008 21.900000000000002 0.86869874770991873 7.2750000000000012 -0.861146256326485 -0.814291907305839 11.450000000000001 -0.41999999999999976 5.3500000000000005 0.69521084835931835 4.9450000000000021 10.195000000000002 648.90000000000009 15.350000000000003 17.035000000000004 -0.089999999999999983 -0.9292178835113839 20.550000000000004
decision_type=2 2 2 8 2 10 10 2 2 2 2 2 10 8 2 2 2 2 2 2 2 2 2 2 10 2 2 8 2 2
left_child=1 2 3 -1 13 14 7 11 9 10 -8 12 -7 -3 15 16 -6 18 -18 -19 21 -21 23 -10 -16 26 -11 28 -4 -30
right_child=-2 4 27 -5 5 6 8 -9 22 25 -12 -13 -14 -15 24 -17 17 19 -20 20 -22 -23 -24 -25 -26 -27 -28 -29 29 -31
leaf_value=0.0007740730472146351 1.6453722603255579e-05 -0.00041463046700269523 0.0051958034087646911 0.0064014816353322613 -0.00086267245757386832 0.0049248617561323286 0.030107821405288324 8.1428121548785529e-05 0.00059558549274089673 -0.0033674204722018986 0.0015978819657366324 0.0043513716511780183 0.009281277506208465 -0.0015248303015821159 -0.0035443557461456859 -0.0011046013582196176 0.0089756511230567049 -0.00074082804802582888 0.017236308432883828 0.0034805652132370137 0.0017471893603608155 0.0095268185692845269 0.0024151531463470696 -0.0012166877177376115 0.0028936399122235731 0.015658561153803412 0.0033286187345490815 -0.00025773643274348699 0.00028861433852419427 0.0067080545502480621
leaf_weight=87 223122 18893 566 51 683 84 87 257 5795 348 130 127 99 9101 1487 6666 52 391 53 73 192 79 1151 5114 64 63 440 9564 5399 50
leaf_count=87 223122 18893 566 51 683 84 87 257 5795 348 130 127 99 9101 1487 6666 52 391 53 73 192 79 1151 5114 64 63 440 9564 5399 50
internal_value=-3.5968e-05 -0.000203736 0.000255455 0.00586956 -0.000344068 -2.66707e-05 0.000403431 0.00461199 0.000221662 0.00286517 0.0090553 0.00806451 0.0116667 -0.000609775 -0.000631418 -0.000335207 0.00140184 0.00309524 0.0111905 0.00193877 0.00473837 0.00914474 -1.2439e-05 -0.000210378 -0.00219536 0.00128672 0.000647207 0.000205724 0.000860348 0.000367956
internal_weight=290268 67146 15717 138 51429 23435 13695 567 13128 1068 217 310 183 27994 9740 8189 1523 840 105 735 344 152 12060 10909 1551 851 788 15579 6015 5449
internal_count=290268 67146 15717 138 51429 23435 13695 567 13128 1068 217 310 183 27994 9740 8189 1523 840 105 735 344 152 12060 10909 1551 851 788 15579 6015 5449
is_linear=0
shrinkage=0.05


Tree=242
num_leaves=31
num_cat=0
split_feature=12 8 2 14 16 8 23 14 14 17 23 1 24 5 21 23 23 23 20 4 23 10 24 23 23 19 17 16 14 21
split_gain=0.967572 1.86714 1.51186 1.08305 1.10292 1.30766 1.60068 1.48175 2.03523 2.01541 1.23289 1.73254 0.973144 1.36197 1.66245 1.49948 10.0744 5.51864 2.81721 1.35359 1.32014 1.22026 1.21498 2.79749 6.45503 6.18068 5.38974 8.01178 4.99162 4.88725
threshold=1.5000000000000002 40.500000000000007 2.4200000000000017 36.050000000000004 13.450000000000001 19.500000000000004 -0.48313741114591585 33.95000000000001 32.050000000000004 161.50000000000003 -0.78324956448884031 39.170000000000009 -0.77999999999999992 4.7978571428571444 97.500000000000014 0.63089349388778826 0.59003219687534991 0.6174544326165855 279.7000000000001 17.905000000000005 0.85561368268953431 2.2619999647140507 -0.18999999999999997 -0.54219087765047058 -0.57077231802681661 14.415000000000001 199.50000000000003 11.850000000000003 27.250000000000004 12.500000000000002
decision_type=2 2 2 2 2 2 2 2 2 2 2 2 8 2 10 2 2 2 10 2 2 2 10 2 2 2 2 2 2 10
left_child=1 12 -3 4 5 -2 10 8 -8 -10 11 -7 13 14 15 16 -1 18 -18 -15 -17 -21 23 24 26 29 -14 -28 -29 -26
right_child=3 2 -4 -5 -6 6 7 -9 9 -11 -12 -13 22 19 -16 20 17 -19 -20 21 -22 -23 -24 -25 25 -27 27 28 -30 -31
leaf_value=-0.00236674841248698 -0.00083499958181017491 0.020442412503935161 0.0018266736422464652 0.01202390543606221 -0.0024558262253821079 -6.6943453540546264e-05 -0.0018234141732625768 -0.0043650327419302876 0.037230273426036707 0.0076944131213311914 -0.0038020414562109413 0.01321069983679048 -0.00034869385555058395 -3.3939304139256074e-06 0.011872373646515805 -0.0043513668700624437 0.0084200712914755515 -0.0019772488298753555 0.0031256859381137807 -0.004393431027825025 0.0017820481150533059 0.0069219644797538634 -8.8106882968549038e-05 6.4353779791161329e-05 0.0098689119317688957 0.016211990854688579 0.0016185253770478964 0.0085201981406467092 0.0084795267806257162 -0.0032431910320933513
leaf_weight=2512 8078 83 82 57 3013 138 77 60 63 104 373 63 5885 11998 84 814 73 71 62 868 53 86 168122 84361 113 233 2063 51 386 242
leaf_count=2512 8078 83 82 57 3013 138 77 60 63 104 373 63 5885 11998 84 814 73 71 62 868 53 86 168122 84361 113 233 2063 51 386 242
internal_value=-3.32119e-05 -1.42334e-05 0.00530303 -0.000472311 -0.000505056 -0.000226665 0.00160592 0.00453947 0.00627049 0.00937126 5.22636e-05 0.00320895 -1.73885e-05 -0.000388365 -0.00123876 -0.00140167 -0.000824137 0.00980582 0.0157407 -0.000147469 -0.00321223 -0.00196017 6.19488e-06 0.000150855 0.000990192 0.00605442 0.000635061 0.00258 0.00872998 0.00190141
internal_weight=290268 278242 165 12026 11969 8956 878 304 244 167 574 201 278077 16621 3669 3585 2718 206 135 12952 867 954 261456 93334 8973 588 8385 2500 437 355
internal_count=290268 278242 165 12026 11969 8956 878 304 244 167 574 201 278077 16621 3669 3585 2718 206 135 12952 867 954 261456 93334 8973 588 8385 2500 437 355
is_linear=0
shrinkage=0.05


Tree=243
num_leaves=31
num_cat=0
split_feature=13 5 23 24 23 23 23 19 5 24 23 23 23 20 23 14 23 16 23 23 2 1 23 14 19 23 18 20 2 15
split_gain=1.0002 2.88525 2.43203 2.41233 2.47038 2.16999 2.15268 2.22976 3.09948 2.07674 2.20083 4.81525 10.2749 4.17743 4.22254 4.12748 3.90786 3.82209 3.80711 4.21357 4.2826 3.51665 4.75897 2.83335 3.58417 2.76604 2.75157 2.58508 3.05993 2.08665
threshold=10.65 52.487142857142864 -0.3744658827978154 1.8750000000000002 0.91159213926341531 0.76556758748011056 0.73136292505298039 9.3050000000000015 5.3335714285714309 1.7100000000000002 0.99530134160901229 0.92191100909954782 0.93158198870884079 386.80000000000001 0.99249573635719013 31.450000000000003 0.92843842216862604 10.15 0.89691351184655443 0.89309379682046119 1.1200000000000006 3.5050000000000003 -0.90161545992537195 31.050000000000004 6.0050000000000008 0.95436825032516992 4.4850000000000012 132.00000000000003 0.4200000000000001 68.500000000000014
decision_type=2 2 2 10 2 2 2 2 2 10 2 2 2 8 2 2 2 2 2 2 2 2 2 2 2 2 2 8 2 2
left_child=9 3 -3 -2 5 6 -5 8 -8 -1 11 18 16 17 25 -16 -13 -14 19 21 -21 22 -11 -18 -25 -15 -19 28 -12 -28
right_child=1 2 -4 4 -6 -7 7 -9 -10 10 27 12 13 14 15 -17 23 26 -20 20 -22 -23 -24 24 -26 -27 29 -29 -30 -31
leaf_value=-2.248827805831343e-05 -9.7556821294683628e-05 0.020648264375221076 0.004305924716997039 -0.0021879441790024832 -0.00019075619291836717 -0.0042762323694953948 -0.0013424453011698053 -0.0017041193043092666 0.0056471641241732451 0.010133816310513546 0.0065706874159782687 0.002234307523402711 0.0012120254018889711 0.0014170701437869117 0.00066058148232388291 0.0076145811826615964 0.0021402764609843319 0.0074164511337457897 -0.0041802091645141825 0.00094150968970643496 0.0053867719357672704 0.00030281347768192567 0.0041412897227441877 0.0099955356053212357 0.0055187563733864776 -0.0046947681855823917 0.0058164848705068752 -0.0039329303906020597 -0.0011641011391449682 6.5304089131089916e-05
leaf_weight=161350 100829 70 84 1441 4891 2317 63 80 108 78 51 180 902 385 123 60 61 51 818 102 67 13153 290 50 76 1005 385 993 56 149
leaf_count=161350 100829 70 84 1441 4891 2317 63 80 108 78 51 180 902 385 123 60 61 51 818 102 67 13153 290 50 76 1005 385 993 56 149
internal_value=-3.18338e-05 -0.000150752 0.00668831 -0.000160351 -0.000949439 -0.00186954 -0.000508275 0.00376494 0.0069883 4.06064e-05 0.00053454 0.000667688 0.00235337 0.00140523 -0.000390974 0.00674863 0.0102589 0.00330531 0.000269505 0.000467493 0.00831361 0.000369424 0.00519022 0.0153209 0.0196032 -0.00133094 0.00645299 -0.00163636 0.00574766 0.00539326
internal_weight=290268 109883 154 109729 8900 4009 1692 251 171 180385 19035 17935 3427 3060 1573 183 367 1487 14508 13690 169 13521 368 187 126 1390 585 1100 107 534
internal_count=290268 109883 154 109729 8900 4009 1692 251 171 180385 19035 17935 3427 3060 1573 183 367 1487 14508 13690 169 13521 368 187 126 1390 585 1100 107 534
is_linear=0
shrinkage=0.05


Tree=244
num_leaves=31
num_cat=0
split_feature=22 23 24 22 18 13 24 21 9 9 23 24 22 1 22 23 23 20 22 19 24 3 5 17 23 20 24 17 18 22
split_gain=0.949789 12.9995 7.19622 6.93927 6.34451 6.34758 5.93364 5.53543 7.31642 5.19724 4.0671 3.70652 12.3823 7.68182 4.09571 3.5509 7.49982 4.03533 5.7668 4.02531 3.95325 3.22585 3.77806 3.40509 3.09585 8.47277 8.12587 5.84673 3.15347 10.3372
threshold=0.48314048284850658 -0.80417042486635371 1.3800000000000001 0.42179998225932674 5.7650000000000006 5.4500000000000011 1.8750000000000002 27.500000000000004 773.87631225585949 282.13146972656256 -0.78324956448884031 0.89500000000000013 0.52766072109828632 8.8050000000000015 0.58481550752069722 -0.6652727025667432 -0.54219087765047058 352.55000000000007 0.65233619298682533 7.8950000000000005 0.89500000000000013 11.391666666666667 9.8114285714285732 175.50000000000003 -0.4755978891912595 202.40000000000003 0.89500000000000013 102.50000000000001 9.9550000000000018 0.86113431103781346
decision_type=2 2 10 2 2 2 10 8 2 2 2 10 2 2 2 2 2 10 2 2 10 2 2 2 2 10 10 2 2 2
left_child=3 2 4 -1 5 -2 -5 8 11 -8 -3 -6 13 -13 -14 17 -17 -12 -19 -20 21 22 23 -21 25 -18 27 28 -27 -30
right_child=1 10 -4 6 7 -7 9 -9 -10 -11 15 12 14 -15 -16 16 24 18 19 20 -22 -23 -24 -25 -26 26 -28 -29 29 -31
leaf_value=-4.6977795120475802e-05 -0.00036950515573799174 -0.0041804051976580131 -0.0060439044233791782 -0.0036205749967998125 0.0020556078800074247 0.0061690949450819528 0.0010449903757519354 0.0001644651318596101 0.011571776884750832 0.00474476036444464 0.00062257500054777222 0.015356566117958756 0.0013588745763041838 0.0042997801299758101 0.0056455634202638681 -0.0026965599786323139 -0.0030390423997359636 -0.0043592398223137501 0.0029141978106974361 0.0087057124367621967 -0.0047566581745051078 0.0030729767557871358 0.0067727077034968027 -0.0014049462121077621 -3.6251816905632138e-05 0.0059915101502796995 -0.0014326087838096128 0.004068341088846854 0.010666059195626238 0.013699686761625939
leaf_weight=185724 244 1584 396 5544 2004 707 696 2224 85 96 6936 98 441 56 81 7128 1061 256 305 103 65 108 97 50 72072 230 707 974 110 86
leaf_count=185724 244 1584 396 5544 2004 707 696 2224 85 96 6936 98 441 56 81 7128 1061 256 305 103 65 108 97 50 72072 230 707 974 110 86
internal_value=-3.32119e-05 9.32702e-05 0.00228377 -9.78873e-05 0.00271885 0.00646162 -0.00172506 0.00200541 0.00349909 0.00232323 -5.7799e-05 0.00304104 0.0062426 0.0187013 0.00256705 -1.3735e-05 -0.000110967 0.000997474 0.0039939 0.00626374 0.0094208 0.0114804 0.0146 0.00970588 3.5884e-05 0.00156566 0.00340057 0.00560714 0.010493 0.0151531
internal_weight=290268 98208 6336 192060 5940 951 6336 4989 2765 792 91872 2680 676 154 522 90288 82368 7920 984 728 423 358 250 153 75240 3168 2107 1400 426 196
internal_count=290268 98208 6336 192060 5940 951 6336 4989 2765 792 91872 2680 676 154 522 90288 82368 7920 984 728 423 358 250 153 75240 3168 2107 1400 426 196
is_linear=0
shrinkage=0.05


Tree=245
num_leaves=31
num_cat=0
split_feature=12 8 5 24 4 20 20 10 13 5 22 22 13 5 23 22 22 22 20 24 22 22 23 1 5 14 16 13 16 1
split_gain=0.947164 1.63324 1.36905 1.16699 1.51584 1.53689 2.28898 1.5953 1.13793 0.98494 1.4582 1.13522 0.966375 2.7682 3.05659 2.58756 4.72636 4.03334 3.92396 8.50038 8.38598 6.30891 5.63104 5.4795 5.03843 4.13358 4.65534 6.1542 3.94651 3.78396
threshold=3.5000000000000004 40.500000000000007 11.847857142857146 -0.18999999999999997 45.485000000000007 349.30000000000001 431.60000000000008 5.6612498760223398 0.8500000000000002 105.33500000000002 -0.63921128368950708 -0.79384350655589164 10.750000000000002 52.487142857142864 -0.3744658827978154 0.89787622492179153 0.93237596376505805 0.89017062131308955 188.00000000000003 -0.029999999999999995 0.9053161325100999 0.92273069556937592 -0.39827153806311183 7.5550000000000006 7.4392857142857158 28.950000000000003 8.2500000000000018 25.150000000000002 11.350000000000003 6.995000000000001
decision_type=2 2 2 10 2 10 10 2 2 2 2 2 2 2 2 2 2 2 10 10 2 2 2 2 2 2 2 2 2 2
left_child=1 12 -3 9 -5 -6 -7 -8 -9 10 -2 -11 -1 15 -15 17 18 -14 22 20 24 -21 23 -17 -20 26 -24 -28 -23 -22
right_child=3 2 -4 4 5 6 7 8 -10 11 -12 -13 13 14 -16 16 -18 -19 19 21 29 28 25 -25 -26 -27 27 -29 -30 -31
leaf_value=5.6971757746702177e-05 -0.0079175101047415427 0.033322025455517594 0.0051415057977430272 -0.00094463575902090579 -0.0030152892080515734 0.025079447992373799 -0.0032654466707367708 0.0067191487782673285 0.013553691013838491 0.005205572489184301 0.0020928636100274608 -0.010544548170259058 -0.00027209832349116275 0.019840291989504745 -0.0029259045407694449 0.013666862598819189 -2.7399701426767814e-05 -0.0066087683655580379 0.0033531238849994396 -0.0068433832881698844 -0.0050036902052587456 0.0031198950367475838 0.0042421542598086266 -0.0027344596995909683 0.0099648234725046702 0.00058354832079982022 0.023182984052005782 0.00055423852333701888 0.010296730572960044 0.0043420578276934345
leaf_weight=177529 1217 50 317 1610 158 68 116 81 50 318 252 106 89529 58 57 116 14501 693 72 1078 156 438 351 55 76 736 128 72 73 207
leaf_count=177529 1217 50 317 1610 158 68 116 81 50 318 252 106 89529 58 57 116 14501 693 72 1078 156 438 351 55 76 736 128 72 73 207
internal_value=-3.33841e-05 -2.27402e-05 0.00331063 -0.0007998 1.68015e-05 0.00250528 0.00452381 0.00228745 0.0060687 -0.00169836 -0.0023111 0.000424527 -2.70188e-05 -0.000144656 0.00760869 -0.00015289 0.000393431 -0.000262243 0.00202642 0.000642856 0.00625244 -0.00116111 0.0040192 0.0125439 0.0162838 0.00288656 0.00616152 0.01225 0.00341487 0.00216253
internal_weight=290268 286292 367 3976 2083 473 315 247 131 1893 1469 424 285925 108396 115 108281 18059 90222 3558 2100 511 1589 1458 171 148 1287 551 200 511 363
internal_count=290268 286292 367 3976 2083 473 315 247 131 1893 1469 424 285925 108396 115 108281 18059 90222 3558 2100 511 1589 1458 171 148 1287 551 200 511 363
is_linear=0
shrinkage=0.05


Tree=246
num_leaves=31
num_cat=0
split_feature=12 8 5 2 24 5 15 3 24 12 24 13 24 23 5 22 22 15 23 22 9 14 22 15 3 22 22 22 2 23
split_gain=0.978502 1.50229 1.41799 1.84656 0.940685 0.922924 1.01866 0.979872 0.927216 1.01263 1.84069 0.897604 2.41998 2.50914 2.42586 2.40667 2.85025 2.67595 2.14695 2.06748 2.75726 2.81452 2.00877 1.85794 3.9375 1.84735 4.40541 4.24342 3.88147 15.0847
threshold=3.5000000000000004 40.500000000000007 11.847857142857146 -10.134999999999996 -0.18999999999999997 23.308571428571433 74.500000000000014 22.358333333333338 -0.13999999999999999 5.5000000000000009 1.4950000000000003 10.750000000000002 1.8750000000000002 0.91159213926341531 52.487142857142864 0.30983042691905771 -0.12546116083924153 81.500000000000014 -0.3744658827978154 -0.29343379936893921 364.77772521972662 30.150000000000002 -0.84315017450793706 78.500000000000014 5.7150000000000007 0.89787622492179153 0.93237596376505805 0.78325454425165997 -4.0299999999999976 0.41202506375868281
decision_type=2 2 2 2 10 2 2 2 10 2 10 2 10 2 2 2 2 2 2 2 2 2 2 2 2 2 2 2 2 2
left_child=1 11 -3 -4 -2 -6 7 -7 -9 -10 -11 -1 14 22 25 16 19 -17 -16 23 21 -21 -14 -15 -25 27 28 -13 29 -27
right_child=4 2 3 -5 5 6 -8 8 9 10 -12 12 13 15 18 17 -18 -19 -20 20 -22 -23 -24 24 -26 26 -28 -29 -30 -31
leaf_value=5.4123169859374731e-05 -0.0041065559341222479 0.031655924182741706 0.012755500540733815 0.00036929750080067945 -0.0009941788765386358 0.013857767431196731 -0.018375193501852814 0.03182453416593322 -0.0015072321013454087 -0.0072903564494538999 0.013151880236078059 -5.558267346370685e-05 0.0053568450434078839 -0.0021554966759728101 0.018848277390029502 0.0013975345004698832 -0.0020465970832767729 0.0065723170012519138 -0.00036531209948177093 -0.00046133453356902261 0.0086951983348143736 0.0041015377215545962 -0.0028657741576557302 -0.0039010850023788756 0.0048391706201219463 0.0018855098599406261 -2.6029716355425585e-05 -0.0016105353218919532 0.0020146808511357366 0.017065339423913858
leaf_weight=177529 1893 50 56 261 1445 61 55 73 342 51 56 72347 98 619 58 322 2824 60 51 442 73 361 3874 63 81 249 14501 9064 3228 81
leaf_count=177529 1893 50 56 261 1445 61 55 73 342 51 56 72347 98 619 58 322 2824 60 51 442 73 361 3874 63 81 249 14501 9064 3228 81
internal_value=-3.33841e-05 -2.25656e-05 0.00317439 0.00194006 -0.000812375 -7.92139e-05 0.0015047 0.00211835 0.00141762 0.000567928 0.00481308 -2.6669e-05 -0.000140043 -0.000933992 -6.97448e-05 -0.00017028 -0.000496304 0.00363874 0.00738532 0.00116229 0.00281963 0.00197385 -0.00186556 -0.000740499 0.004375 -7.79141e-05 0.000379588 -0.0001794 0.00195615 0.00712121
internal_weight=290268 286292 367 317 3976 2083 638 583 522 449 107 285925 108396 8817 99579 4845 4463 382 109 1639 876 803 3972 763 144 99470 18059 81411 3558 330
internal_count=290268 286292 367 317 3976 2083 638 583 522 449 107 285925 108396 8817 99579 4845 4463 382 109 1639 876 803 3972 763 144 99470 18059 81411 3558 330
is_linear=0
shrinkage=0.05


Tree=247
num_leaves=31
num_cat=0
split_feature=18 22 22 17 22 22 9 15 22 13 17 20 22 23 20 1 20 18 0 4 24 24 22 17 23 22 22 22 24 22
split_gain=0.951888 1.23851 2.11071 1.86929 1.5356 3.13614 2.93322 3.26806 1.9685 1.59352 1.42625 1.64728 1.21826 2.20673 1.54825 1.3882 1.37898 1.20979 5.93062 2.89384 3.10888 3.98453 3.61312 2.84747 2.71075 6.70642 5.56666 7.10387 8.51394 6.94883
threshold=2.7350000000000008 -0.73866753694953124 -0.99467753128998015 74.500000000000014 -0.091260668982868151 -0.14250824554987665 673.84381103515636 69.500000000000014 -0.45274443793211405 13.550000000000002 237.50000000000003 257.2000000000001 0.49812943072827093 0.8511460603353429 361.10000000000008 7.035000000000001 143.40000000000003 6.9650000000000007 8.0850000000000026 13.195000000000002 0.69500000000000006 -0.27499999999999997 0.29342972903661901 34.500000000000007 0.57605713708605399 0.58481550752069722 0.67802080537253961 0.65233619298682533 -0.22499999999999995 0.80926549319045582
decision_type=2 2 2 2 2 2 2 2 2 2 2 10 2 2 10 2 8 2 2 2 10 8 2 2 2 2 2 2 10 2
left_child=1 2 3 -1 5 6 8 -8 10 -7 -3 -12 15 14 16 -6 -14 18 19 20 21 22 -2 -20 -23 -26 27 28 -27 -28
right_child=17 4 -4 -5 12 9 7 -9 -10 -11 11 -13 13 -15 -16 -17 -18 -19 23 -21 -22 24 -24 -25 25 26 29 -29 -30 -31
leaf_value=0.0063943542867387834 0.00013742374093332711 8.2729487011162558e-05 -0.0040740143819535512 -0.0025977525458279783 -0.0038092735682619368 0.010068691356643185 -0.0027122562740147984 0.011457600087559486 -0.0036418459116362976 0.0020568276110551646 0.0010266229388946886 0.0086218560077539214 0.0070425426961271288 0.011171925884795693 0.006525452970700331 0.0024181263053086816 -0.0019252635183171348 -0.00012744536048269422 0.0051635602557116647 -0.0011005557509437801 -0.00043668251499499037 0.00073360136115679106 -0.0015611262221837268 0.0013007959853880337 -0.0038255332178661057 0.00063686260106569871 -0.00026688890259885233 0.0083163893748791646 0.011254081338219181 0.0085908201683089266
leaf_weight=56 23017 240 673 78 1103 62 61 99 680 53 52 55 82 64 61 171 1059 183333 1051 10290 26801 23919 5456 9590 685 329 712 168 125 143
leaf_count=56 23017 240 673 78 1103 62 61 99 680 53 52 55 82 64 61 171 1059 183333 1051 10290 26801 23919 5456 9590 685 329 712 168 125 143
internal_value=-3.13171e-05 -0.000741021 -0.00252169 0.00320895 -0.000366998 0.00102918 0.000265374 0.0065625 -0.000715678 0.00891304 0.0023487 0.00714953 -0.00108268 1.57966e-05 -0.000465891 -0.00217426 -0.000880808 -1.97653e-05 0.000118001 -1.17312e-05 8.81925e-05 0.000304834 -0.000104135 0.00123532 0.000751312 0.00244681 0.00434326 0.00794212 0.00469163 0.00172515
internal_weight=290268 4649 807 134 3842 1302 1187 160 1027 115 347 107 2540 1266 1202 1274 1141 285619 102286 91645 81355 54554 28473 10641 26081 2162 1477 622 454 855
internal_count=290268 4649 807 134 3842 1302 1187 160 1027 115 347 107 2540 1266 1202 1274 1141 285619 102286 91645 81355 54554 28473 10641 26081 2162 1477 622 454 855
is_linear=0
shrinkage=0.05


Tree=248
num_leaves=31
num_cat=0
split_feature=18 14 21 23 2 23 24 1 23 19 0 18 18 23 5 4 22 23 24 23 22 1 2 17 23 23 0 22 4 17
split_gain=1.07079 1.39924 2.28225 1.89145 2.31591 1.29752 1.9357 1.22332 1.60775 1.20011 2.82992 2.82277 2.80233 2.31261 2.02133 1.99331 1.82765 3.95354 1.82209 3.34218 5.71004 3.84908 3.68718 3.27737 2.92475 8.29799 2.8756 2.78494 2.45391 3.17901
threshold=2.7350000000000008 29.250000000000004 30.600000000000005 0.14888728888808328 -0.15000000000000016 -0.80417042486635371 0.05000000000000001 6.955000000000001 0.81800285027139286 6.6450000000000005 7.9250000000000007 4.4250000000000007 9.1550000000000029 -0.9575230291762723 7.1435714285714305 18.685000000000006 0.24372619187392155 -0.6523320455745395 0.53000000000000014 -0.80417042486635371 0.49812943072827093 5.6550000000000011 -4.3949999999999978 254.50000000000003 -0.96234030595689413 -0.95242240592625282 5.7650000000000006 0.57077594689671507 8.0750000000000011 52.500000000000007
decision_type=2 2 10 2 2 2 10 2 2 2 2 2 2 2 2 2 2 2 10 2 2 2 2 2 2 2 2 2 2 2
left_child=1 5 7 -4 -5 6 -1 -3 -9 10 12 16 15 -14 -13 18 -12 -18 19 20 21 23 -22 24 28 -26 27 -24 -2 -30
right_child=9 2 3 4 -6 -7 -8 8 -10 -11 11 14 13 -15 -16 -17 17 -19 -20 -21 22 -23 26 -25 25 -27 -28 -29 29 -31
leaf_value=0.0077667672814665679 -0.0015225859003236287 -0.0010451400668288621 0.0081170457175327362 -0.0013433495196524541 0.010647047685612431 -0.002642971188984827 -0.00046371058322493817 0.00093381230772701565 0.0089150243877298783 -0.0001215730202279119 0.0020351400002589317 -0.001157915444792307 0.0075904401280040452 0.0016047797530960011 0.001059602111088717 -0.0036127081523958434 0.010197439120882168 0.0034687772762306878 -0.00043598301511215142 1.8597617879418513e-05 0.0088487842550414499 -0.00027333381091154365 0.0025271044604555475 -0.0011481778001427719 0.0091896462267823369 0.0026348351781525 0.00033005238760908063 0.005118582226886971 0.010483041970655527 0.0016510663485966599
leaf_weight=59 275 1078 68 135 53 2601 469 136 50 189190 544 2320 128 1168 16592 1509 97 338 24875 43705 68 2937 137 391 96 478 216 135 50 370
leaf_count=59 275 1078 68 135 53 2601 469 136 50 189190 544 2320 128 1168 16592 1509 97 338 24875 43705 68 2937 137 391 96 478 216 135 50 370
internal_value=-3.13171e-05 -0.000784041 0.000460525 0.00476562 0.00218085 -0.00138862 0.000871211 -0.000411394 0.00333333 -1.9065e-05 0.000124495 0.000655823 -1.35892e-05 0.00229167 0.000520303 -5.32959e-05 0.00327375 0.00568965 -1.64796e-05 0.000160873 0.00136522 0.000786381 0.00615108 0.00271084 0.00394405 0.00658536 0.00463115 0.00805147 0.00176259 0.00416667
internal_weight=290268 4649 1520 256 188 3129 528 1264 186 285619 96429 19891 76538 1296 18912 75242 979 435 73733 48858 5153 4597 556 1660 1269 574 488 272 695 420
internal_count=290268 4649 1520 256 188 3129 528 1264 186 285619 96429 19891 76538 1296 18912 75242 979 435 73733 48858 5153 4597 556 1660 1269 574 488 272 695 420
is_linear=0
shrinkage=0.05


Tree=249
num_leaves=31
num_cat=0
split_feature=18 3 18 0 4 24 24 22 18 24 22 22 9 22 22 9 19 3 16 17 23 22 13 1 5 1 14 19 13 4
split_gain=0.954662 1.35839 1.09137 5.21761 2.49994 2.54579 3.21688 3.28928 2.68159 2.54724 2.80242 3.37249 4.74783 2.52988 4.27814 3.24778 2.63614 3.4832 2.83504 2.28417 2.12061 8.5395 2.19071 3.09737 2.24265 2.09528 2.11875 1.9843 1.98369 2.56
threshold=2.7350000000000008 9.1950000000000021 6.9650000000000007 8.0850000000000026 13.025 0.69500000000000006 -0.27499999999999997 0.29342972903661901 6.8850000000000007 -0.49499999999999994 0.79904096188274243 0.77244481603295057 504.91798400878912 0.63920241694561786 0.48314048284850658 150.13784790039065 5.7250000000000005 6.7516666666666678 10.850000000000003 34.500000000000007 0.67007489853957602 0.58481550752069722 1.8500000000000003 7.2350000000000012 6.2607142857142861 3.5050000000000003 26.550000000000004 4.1850000000000014 15.750000000000002 10.205000000000002
decision_type=2 2 2 2 2 10 8 2 2 10 2 2 2 2 2 2 2 2 2 2 2 2 2 2 2 2 2 2 2 2
left_child=1 -1 3 4 5 6 7 -2 -7 -9 11 13 -13 14 -11 -16 17 18 25 -5 -8 -22 23 24 -23 -17 -27 -4 -24 -30
right_child=2 -3 27 19 -6 8 20 9 -10 10 -12 12 -14 -15 15 16 -18 -19 -20 -21 21 22 28 -25 -26 26 -28 -29 29 -31
leaf_value=-0.0010206995054845226 0.00014808431417060786 0.0065017633115883105 0.0020257781018105129 0.0047422628715180657 -0.0010239753457309579 -0.00048515723254578336 0.00070885982534345108 -0.0046223854367148367 0.0025685759186838187 -0.002308380421431523 -0.0061535548758931344 0.0082575517840172905 -0.0029526074758973028 -0.0051211224778347567 -0.0060557223887059359 -0.0014313682359105386 5.8641607392022227e-05 0.0056017507934469695 0.0039782065046792964 0.0012079418322349612 -0.0036241606793442553 0.005800640312002738 0.0040312212271865766 -0.00025557386489476929 0.0093339278732279367 0.0053192708387072548 0.0027322533134426503 -0.00013722756740592348 0.013306972412034383 0.0042913304366446062
leaf_weight=4570 22886 79 1886 1051 10943 26110 24306 1862 530 1223 589 88 53 658 137 130 263 50 95 9590 681 94 484 50 50 64 199 181447 50 50
leaf_count=4570 22886 79 1886 1051 10943 26110 24306 1862 530 1223 589 88 53 658 137 130 263 50 95 9590 681 94 484 50 50 64 199 181447 50 50
internal_value=-3.02836e-05 -0.000741021 -1.87149e-05 0.000112135 -9.5489e-06 8.66138e-05 0.000283747 -8.42857e-05 -0.00031344 -0.00119294 -0.000407158 0.000219593 0.00776596 -0.000157859 0.000668671 0.00320895 0.00442572 0.00643123 0.00514344 0.00116013 0.000687948 0.00253941 0.00611825 0.0107216 0.0144444 0.00326972 0.0058365 -9.17195e-05 0.00458904 0.011
internal_weight=290268 4649 285619 102286 91645 80702 54062 28297 26640 5411 3549 2960 141 2819 2161 938 801 538 488 10641 25765 1459 778 194 144 393 263 183333 584 100
internal_count=290268 4649 285619 102286 91645 80702 54062 28297 26640 5411 3549 2960 141 2819 2161 938 801 538 488 10641 25765 1459 778 194 144 393 263 183333 584 100
is_linear=0
shrinkage=0.05


Tree=250
num_leaves=31
num_cat=0
split_feature=15 23 20 1 0 23 20 20 23 0 24 22 22 17 23 23 15 14 0 6 5 13 13 23 22 17 17 4 5 1
split_gain=0.91699 1.71254 2.22989 1.66346 1.59588 1.57928 1.6691 1.53055 2.90927 3.80249 2.12869 2.85232 6.77294 2.56521 1.91626 1.70715 2.14095 1.8634 1.67282 1.6454 1.67001 1.50339 1.45439 1.39267 5.5816 4.48732 4.4455 2.70458 3.75372 2.84298
threshold=59.500000000000007 0.96849880583763492 324.7000000000001 6.955000000000001 8.2450000000000028 0.99988440732898443 530.30000000000007 342.00000000000006 -0.99938741687870725 7.8450000000000006 1.7100000000000002 0.43733377705052551 0.46800856592688472 58.500000000000007 0.95936279103287792 -0.6652727025667432 56.500000000000007 27.950000000000003 9.8050000000000015 1.0000000180025095e-35 8.0478571428571453 0.65000000000000002 3.1500000000000008 0.93469109537144635 0.30983042691905771 309.50000000000006 236.50000000000003 16.395000000000003 8.2364285714285739 8.1450000000000014
decision_type=2 2 8 2 2 2 10 10 2 2 8 2 2 2 2 2 2 2 2 2 2 2 2 2 2 2 2 2 2 2
left_child=1 7 4 -4 21 -5 -7 8 9 -1 19 14 13 -13 15 16 17 -12 -14 -10 -21 -3 -23 -9 -25 26 -26 28 29 -28
right_child=-2 2 3 5 -6 6 -8 23 10 -11 11 12 18 -15 -16 -17 -18 -19 -20 20 -22 22 -24 24 25 -27 27 -29 -30 -31
leaf_value=0.005801300201017481 2.3626193975624826e-05 0.0063507160874740594 -0.0031841157439918841 -0.0014886600391226194 -0.0026696880555323911 -0.00059830251661807047 0.0018534686976760435 -4.8906248169968708e-05 -0.0011624912870089154 -0.0047449478565308057 0.0095575288964983816 0.002033502741527696 -0.011286818539814902 0.0078769002124338457 0.0057581985364035179 -0.0017083376116109957 -0.00061538300312707515 0.0033823222060441645 0.0021817945514573593 0.021864860309856134 -0.00038053597138289788 -0.0038445495867709422 0.0018966097322213342 -0.00037507204791372204 -0.0021286656362594601 -0.0018316787335772894 0.0029805253599933246 0.01147498308312761 0.002514008296768584 0.0055724459546028504
leaf_weight=71 223122 51 1527 1340 209 79 51 44149 14285 59 52 54 110 59 56 1701 435 345 60 50 63 105 425 1289 86 136 75 50 113 61
leaf_count=71 223122 51 1527 1340 209 79 51 44149 14285 59 52 54 110 59 56 1701 435 345 60 50 63 105 425 1289 86 136 75 50 113 61
internal_value=-2.90778e-05 -0.000191077 -0.00122393 -0.00184685 0.00113924 -0.00064626 0.00461538 -0.000129344 -0.000528737 0.00692308 -0.00058483 0.000658077 0.00542403 0.0149115 0.000137117 -6.51413e-05 0.00179086 0.00444584 -0.000882354 -0.000832756 0.00517699 0.00248709 0.00169811 2.18661e-05 0.00138121 0.00574856 0.00850649 0.011388 0.00925703 0.0148529
internal_weight=290268 67146 3787 2997 790 1470 130 63359 17400 130 17270 2872 283 113 2589 2533 832 397 170 14398 113 581 530 45959 1810 521 385 299 249 136
internal_count=290268 67146 3787 2997 790 1470 130 63359 17400 130 17270 2872 283 113 2589 2533 832 397 170 14398 113 581 530 45959 1810 521 385 299 249 136
is_linear=0
shrinkage=0.05


Tree=251
num_leaves=31
num_cat=0
split_feature=14 12 8 5 2 17 23 22 22 23 17 13 20 23 22 19 5 0 5 0 13 11 5 4 19 20 20 14 0 5
split_gain=0.874118 1.0046 1.43844 1.43782 1.57278 0.857723 1.07513 1.39275 1.71957 1.30701 4.10532 1.18004 1.2093 1.00023 1.41382 0.908742 2.53639 1.94434 3.88755 1.82834 2.02475 1.70471 1.59206 1.45289 1.38702 1.57692 1.35414 1.51396 2.23307 1.70119
threshold=36.350000000000001 3.5000000000000004 40.500000000000007 11.847857142857146 -10.134999999999996 355.50000000000006 0.50370931781787065 -0.94139628442229062 -0.65234524191686594 0.21652257995689161 358.50000000000006 4.2500000000000009 299.85000000000008 0.97263757644091875 -0.03977009085991149 9.7750000000000004 52.487142857142864 10.655000000000003 8.9050000000000029 8.4050000000000029 50.250000000000007 4.1050000190734872 6.7235714285714296 23.345000000000002 3.2450000000000006 254.90000000000003 409.30000000000001 29.650000000000002 12.045000000000002 17.63928571428572
decision_type=2 2 2 2 2 2 2 2 2 2 2 2 8 2 2 2 2 2 2 2 2 2 2 2 2 8 10 2 2 2
left_child=1 2 5 -4 -5 15 7 -7 -9 11 -11 12 -10 -8 -15 16 17 23 -19 20 -17 24 -21 -1 25 -20 27 29 -29 -26
right_child=-2 -3 3 4 -6 6 13 8 9 10 -12 -13 -14 14 -16 19 -18 18 21 22 -22 -23 -24 -25 26 -27 -28 28 -30 -31
leaf_value=-5.330765013321343e-06 0.015261493851503103 -0.0015247626564603646 0.030091621619285604 0.012504067425993325 0.00071198895360123692 -0.0065657181428221039 -0.0027670163310384117 0.0037253902767488017 0.011133196713077075 -0.0011102471191616759 0.011635317225200288 -0.0019829270115945112 -0.00047575280538485063 0.0054935990857014816 -0.0044103328610608644 0.00038066335114643799 0.016118805239902376 -0.0012175539815958121 -0.0018427281064595784 -0.0013921550818201283 0.0065228927523150034 -0.0012777394424097874 -0.00028417200514350321 -0.0027167840875075961 0.0010383781273828221 0.0058668231281879656 0.0020817180702662592 0.0013662455306995714 -0.00033667559792908779 0.0040650717602910393
leaf_weight=161639 65 3949 50 55 258 214 1311 117 58 164 88 683 120 83 182 16736 63 3446 79 2685 58 1959 72823 2200 4740 161 3671 3748 7727 1136
leaf_count=161639 65 3949 50 55 258 214 1311 117 58 164 88 683 120 83 182 16736 63 3446 79 2685 58 1959 72823 2200 4740 161 3671 3748 7727 1136
internal_value=-2.83888e-05 -2.96873e-05 -1.87608e-05 0.00312672 0.00186901 -2.27546e-05 -0.000860928 0.000124653 0.000772357 0.000166216 0.00333333 -0.000760745 0.00286517 -0.00176396 0.00103773 -1.38061e-05 4.85639e-05 4.52467e-05 0.000441181 -0.000142577 0.000329283 0.000673742 -0.000247525 -1.91969e-05 0.00080378 0.00458333 0.000760631 0.000576046 0.000241829 0.00122873
internal_weight=290268 290203 286254 363 313 285891 3020 1444 1230 1113 252 861 178 1576 265 282871 190569 190506 26667 92302 16794 23221 75508 163839 21262 240 21022 17351 11475 5876
internal_count=290268 290203 286254 363 313 285891 3020 1444 1230 1113 252 861 178 1576 265 282871 190569 190506 26667 92302 16794 23221 75508 163839 21262 240 21022 17351 11475 5876
is_linear=0
shrinkage=0.05


Tree=252
num_leaves=31
num_cat=0
split_feature=14 12 8 2 16 16 13 0 22 9 22 20 22 17 15 17 22 2 2 22 22 9 16 17 9 5 17 22 9 4
split_gain=0.87391 0.943081 1.31491 1.3474 1.79321 0.972318 0.978385 0.851971 1.1312 1.36753 1.34644 1.19827 1.64518 1.22699 1.18697 1.40981 1.06667 3.03095 2.48031 1.13534 1.57401 1.04549 1.1135 0.960969 0.926441 1.25938 1.7972 0.921323 0.897572 2.8383
threshold=36.350000000000001 3.5000000000000004 40.500000000000007 1.0700000000000003 14.850000000000003 14.250000000000002 3.9500000000000006 2.7350000000000008 -0.99866806308218525 269.99696350097662 -0.65234524191686594 361.10000000000008 0.46800856592688472 278.50000000000006 83.500000000000014 167.50000000000003 -0.03977009085991149 -0.12999999999999942 -0.050000000000000482 -0.35846811432664222 -0.159513159777915 583.67306518554699 4.9500000000000011 292.50000000000006 84.095909118652358 4.2650000000000015 98.500000000000014 0.80926549319045582 998.87963867187511 7.4650000000000007
decision_type=2 2 2 2 2 2 2 2 2 2 2 10 2 2 2 2 2 2 2 2 2 2 2 2 2 2 2 2 2 2
left_child=1 2 7 4 -4 -3 -7 8 -1 14 -11 16 13 -13 24 -16 17 19 -19 -12 -21 22 -18 -24 25 26 -10 -23 -9 -30
right_child=-2 5 3 -5 -6 6 -8 28 9 10 11 12 -14 -15 15 -17 21 18 -20 20 -22 27 23 -25 -26 -27 -28 -29 29 -31
leaf_value=0.0049828549015506381 0.014498419158927946 -0.00065633762809067875 0.021558169027869903 0.001543337610270301 -0.00021798627748152732 -0.0043548404323034929 0.0071922170470889672 -4.3863200139305028e-05 -0.0030166611276382363 -0.0042542195522201776 0.0051145222148731104 0.0038120399019539314 0.0079214104694902403 -0.0051786793565023496 0.0096982778857822582 -0.00070358233082316911 0.0068514227933893545 0.011693771002431127 0.0041489972047923157 -0.0072957136865295829 0.0028984444293883595 -0.0039505338186689156 0.0013140285570640434 -0.0095589050518254705 -0.003779624297979184 -0.0031182039769080405 0.0056667811191762549 0.0022095778588583732 -0.00089159090088720755 0.00063600728831817474
leaf_weight=71 65 2832 81 218 64 1030 87 264155 55 313 148 58 54 57 53 64 69 53 97 245 73 494 599 119 1654 134 51 119 3368 13788
leaf_count=71 65 2832 81 218 64 1030 87 264155 55 313 148 58 54 57 53 64 69 53 97 245 73 494 599 119 1654 134 51 119 3368 13788
internal_value=-2.76997e-05 -2.89981e-05 -1.84114e-05 0.00298898 0.00672414 -0.000796405 -0.00204566 -2.22299e-05 -0.000698691 -0.000797295 -1.6014e-05 0.00042334 0.00446745 0.00108696 -0.00176778 0.00311966 8.43242e-05 0.00181818 0.008 -0.000171675 -0.00185535 -0.000678573 0.000527318 -5.57115e-05 -0.00206969 0.000833332 0.00490566 -0.00222675 -1.12165e-05 0.000339239
internal_weight=290268 290203 286254 363 145 3949 1117 285891 4580 4509 2498 2185 169 115 2011 117 2016 616 150 466 318 1400 787 718 1894 240 106 613 281311 17156
internal_count=290268 290203 286254 363 145 3949 1117 285891 4580 4509 2498 2185 169 115 2011 117 2016 616 150 466 318 1400 787 718 1894 240 106 613 281311 17156
is_linear=0
shrinkage=0.05


Tree=253
num_leaves=31
num_cat=0
split_feature=18 14 21 24 16 17 14 1 0 17 18 0 4 24 17 21 22 22 22 13 9 15 24 17 22 16 24 22 24 22
split_gain=0.877479 1.37797 2.01381 1.64994 1.20004 2.84638 1.19801 1.16341 1.09404 2.72302 1.04159 4.33577 3.06342 3.30722 2.60761 2.49519 2.36694 2.62975 3.9452 3.69923 3.55994 2.7163 2.48991 3.50345 2.63752 2.2644 2.22554 2.16141 4.83419 3.0225
threshold=2.7350000000000008 29.250000000000004 30.600000000000005 -0.40499999999999997 4.5500000000000007 288.50000000000006 30.650000000000002 3.2450000000000006 3.5050000000000003 54.500000000000007 6.4850000000000012 6.6550000000000011 14.935 0.69500000000000006 40.500000000000007 12.500000000000002 0.93544191479114935 0.75014288946266361 0.57077594689671507 30.250000000000004 395.71284484863287 85.500000000000014 1.0000000180025095e-35 283.50000000000006 0.83849049182116964 12.950000000000001 1.0350000000000004 -0.20180236284700911 -0.49499999999999994 -0.42180583328916638
decision_type=2 2 10 10 2 2 2 2 2 2 2 2 2 10 2 10 2 2 2 2 2 2 10 2 2 2 10 2 8 2
left_child=1 4 8 7 5 -1 -5 -4 -3 -10 11 12 13 15 26 16 17 18 -2 25 -21 22 23 -19 -25 -20 -13 29 -29 -17
right_child=10 2 3 6 -6 -7 -8 -9 9 -11 -12 14 -14 -15 -16 27 -18 21 19 20 -22 -23 -24 24 -26 -27 -28 28 -30 -31
leaf_value=-0.0025501597642782589 0.00054125877797902438 -0.0016395036498365807 0.0079124671501378148 0.0072592531732976881 -0.0021318033169566305 0.014463860021009392 0.0052875922207882876 -0.0050197027098781563 0.0068477693307343367 3.9501388421620206e-05 -9.5707027210284099e-05 0.0017917609045189312 -0.0021807008760361042 -0.0005659911815862474 0.00074510852857961798 0.00013756009897627426 0.0029009325616517548 -0.0016554750948527626 0.0020769269632693638 0.0032119822713948011 0.0088570057692894215 0.0041209166511564296 -0.0045664485351127205 0.0018324940261080901 0.0075838230757962703 0.0060282272855757711 0.0056699202247853632 -0.0024726735994895217 0.00011102793420318158 0.0022116564972464101
leaf_weight=109 7741 901 60 50 2954 66 54 92 55 308 198686 1624 3353 21842 15612 11315 1420 501 1415 69 59 166 1414 88 83 50 598 4071 13633 1879
leaf_count=109 7741 901 60 50 2954 66 54 92 55 308 198686 1624 3353 21842 15612 11315 1420 501 1415 69 59 166 1414 88 83 50 598 4071 13633 1879
internal_value=-2.73552e-05 -0.000708756 0.000526315 0.00457031 -0.00130873 0.00271428 0.00942308 0.00125 -0.000292723 0.00202479 -1.62641e-05 0.000128086 -5.13044e-05 2.38786e-05 0.000823146 0.000274006 0.000854989 0.000618849 0.000988857 0.00325486 0.0114062 -0.000914744 -0.0014046 0.00110119 0.0072807 0.00254266 0.00242574 2.94506e-05 -0.000331565 0.000513869
internal_weight=290268 4649 1520 256 3129 175 104 152 1264 363 285619 86933 69099 65746 17834 43904 13006 11586 9334 1593 128 2252 2086 672 171 1465 2222 30898 17704 13194
internal_count=290268 4649 1520 256 3129 175 104 152 1264 363 285619 86933 69099 65746 17834 43904 13006 11586 9334 1593 128 2252 2086 672 171 1465 2222 30898 17704 13194
is_linear=0
shrinkage=0.05


Tree=254
num_leaves=31
num_cat=0
split_feature=23 23 24 23 13 22 18 23 13 24 22 0 0 17 23 22 16 9 24 23 19 16 17 15 9 22 16 17 16 17
split_gain=0.875442 3.15466 2.7694 2.2771 2.23373 2.75513 2.41205 2.1599 2.14425 3.88289 11.4629 3.14585 2.29213 2.48928 3.49817 3.39065 2.2845 2.13123 2.41124 2.86906 3.79336 2.22178 2.97696 2.44425 2.15992 2.21648 5.12435 2.03921 2.87817 1.97152
threshold=-0.99465740988130902 -0.97507822412530132 1.3800000000000001 -0.97111920233974802 4.4500000000000011 -0.082689790342551819 7.3250000000000011 -0.99761278905001471 3.4500000000000006 1.7100000000000002 -0.13398594226331254 4.9050000000000011 9.7550000000000008 58.500000000000007 -0.98521978256641018 0.12545942051955489 14.750000000000002 349.36264038085943 0.83000000000000007 -0.99938741687870725 4.5950000000000006 10.050000000000002 42.500000000000007 74.500000000000014 98.285961151123061 0.074116354202380205 11.050000000000002 86.500000000000014 9.2500000000000018 315.50000000000006
decision_type=2 2 10 2 2 2 2 2 2 10 2 2 2 2 2 2 2 2 10 2 2 2 2 2 2 2 2 2 2 2
left_child=2 8 17 -3 7 -6 -7 -4 -2 11 -11 -10 13 14 15 -13 -15 18 19 20 -1 -19 -23 -24 25 -21 -27 28 -22 -14
right_child=1 3 4 -5 5 6 -8 -9 9 10 -12 12 29 16 -16 -17 -18 21 -20 24 27 22 23 -25 -26 26 -28 -29 -30 -31
leaf_value=0.0086617627883899487 0.00012848403219937644 -0.0026104510844740421 0.00092342187887619427 -4.1266257680659248e-05 0.0058445355762695075 -0.0012463715553380382 0.0021526547294455083 -0.0052419121877867441 -0.0016749906569934238 -0.003447184562072777 0.012078878885253353 0.0027915020232467187 -0.00025382929090079267 0.0015967611587709724 -0.00028955660978586807 0.009926712398666342 0.0056731867417807169 -0.00026406999129344779 -0.0058344126294701294 -0.0021727370571010536 0.0047897521302037154 0.0086020952317453978 -0.0013872798882108685 0.0043835723108709614 -0.0049366093358866811 0.00021416005956211026 0.0092486737208660932 -0.00016485868657084552 -0.00066713633288437808 0.005988165857414289
leaf_weight=71 5815 1584 686 268092 83 490 645 472 878 84 64 54 1268 2582 83 77 122 966 1918 716 58 56 189 145 1642 283 75 937 72 61
leaf_count=71 5815 1584 686 268092 83 490 645 472 878 84 64 54 1268 2582 83 77 122 966 1918 716 58 56 189 145 1642 283 75 937 72 61
internal_value=-2.9939e-05 -1.39631e-05 -0.000501895 -4.79476e-05 0.00097643 0.00247126 0.00182819 -0.000595856 0.000812589 0.00154276 0.00952703 0.00131219 0.00187544 0.00265935 0.00785047 0.0129389 0.00224852 -0.00099467 -0.00141372 -0.000692788 0.00141476 0.000789084 0.00397436 0.00218563 -0.00157585 0.000167597 0.00337989 0.000670102 0.00653846 0.00015425
internal_weight=290268 280764 9504 269676 2376 1218 1135 1158 11088 5273 148 5125 4247 2918 214 131 2704 7128 5772 3854 1138 1356 390 334 2716 1074 358 1067 130 1329
internal_count=290268 280764 9504 269676 2376 1218 1135 1158 11088 5273 148 5125 4247 2918 214 131 2704 7128 5772 3854 1138 1356 390 334 2716 1074 358 1067 130 1329
is_linear=0
shrinkage=0.05


Tree=255
num_leaves=31
num_cat=0
split_feature=23 23 24 23 24 15 5 17 17 16 5 3 5 23 1 19 17 3 16 24 15 5 1 17 15 23 23 23 24 23
split_gain=0.893776 2.7564 2.55682 1.98763 2.05114 1.90298 1.88362 1.87367 1.68713 3.31201 1.57966 2.29674 3.59146 1.858 2.20119 1.56697 1.50117 1.80607 3.69968 3.62123 1.67501 1.31755 2.70507 1.4837 1.27285 1.265 1.16959 8.49441 6.29162 11.8791
threshold=-0.99465740988130902 -0.97507822412530132 1.3800000000000001 -0.97111920233974802 0.83000000000000007 49.500000000000007 7.3792857142857144 48.500000000000007 18.500000000000004 10.750000000000002 4.1892857142857158 7.5316666666666672 8.2678571428571459 -0.99628250747696534 7.9850000000000012 3.5550000000000002 64.500000000000014 7.7633333333333345 6.7500000000000009 0.83000000000000007 68.500000000000014 10.509285714285719 10.515000000000002 236.50000000000003 85.500000000000014 -0.99864786094873803 -0.87810534180523914 -0.90892157495189674 -0.049999999999999996 -0.9292178835113839
decision_type=2 2 10 2 10 2 2 2 2 2 2 2 2 2 2 2 2 2 2 10 2 2 2 2 2 2 2 2 10 2
left_child=2 5 6 4 -3 -2 24 -6 9 -8 -4 12 13 14 -12 -10 17 18 -7 20 -20 -13 25 -24 -1 -23 27 28 29 -5
right_child=1 3 10 26 7 16 8 -9 15 -11 11 21 -14 -15 -16 -17 -18 -19 19 -21 -22 22 23 -25 -26 -27 -28 -29 -30 -31
leaf_value=-0.0035292483254749118 -0.0043658878321719725 -0.0077502635201315137 -0.0094620840466474957 0.0050577392734740328 0.0064211597565805431 -0.0015379750469616969 -0.00038481594351014972 -0.00075461447869203265 0.0033221866770423952 0.0084271337706254262 4.9604257929457084e-05 -0.00072804008075085858 0.004919546908444151 0.0056697096609809343 0.0043733475443250526 -0.00091055628333217096 0.00065555051902001563 0.00020374202971913246 0.0070215615298765957 0.00058340382035294933 0.009178963036558397 0.0054221969148795304 -0.001881666882011137 0.005512735636467472 0.0025011270972764405 0.0025137084145045781 -4.7893938993907814e-06 -0.0030593832060659409 -0.00015794971184024409 -0.0043232326002672133
leaf_weight=1990 233 792 179 1584 59 114 95 733 99 53 421 1092 51 96 53 4822 10179 347 64 84 67 72 295 61 69 56 244332 6336 15246 594
leaf_count=1990 233 792 179 1584 59 114 95 733 99 53 421 1092 51 96 53 4822 10179 347 64 84 67 72 295 61 69 56 244332 6336 15246 594
internal_value=-3.02836e-05 -1.41412e-05 -0.000507156 -4.59081e-05 -0.00181187 0.000758476 -0.000980641 -1.26275e-05 -0.000462617 0.0047973 0.000913298 0.00128129 0.00385668 0.0027193 0.0014346 -0.00062081 0.000854444 0.00313609 0.00579027 0.00965116 0.0148473 0.000266496 0.00243802 0.000196628 -0.00225595 0.00867187 -3.54741e-05 -0.000370372 0.000199723 0.0027135
internal_weight=290268 280764 9504 269676 1584 11088 7128 792 5069 148 2376 2197 621 570 474 4921 10855 676 329 215 131 1576 484 356 2059 128 268092 23760 17424 2178
internal_count=290268 280764 9504 269676 1584 11088 7128 792 5069 148 2376 2197 621 570 474 4921 10855 676 329 215 131 1576 484 356 2059 128 268092 23760 17424 2178
is_linear=0
shrinkage=0.05


Tree=256
num_leaves=31
num_cat=0
split_feature=23 24 23 20 24 2 22 14 23 22 20 24 22 17 22 1 20 9 24 24 22 17 3 22 17 22 1 2 14 22
split_gain=0.927065 2.37093 2.36339 2.22122 2.89721 2.7288 2.63321 2.25009 2.06145 2.03563 2.30506 1.9798 1.75275 3.41927 3.83422 4.97855 1.6545 1.81613 2.00661 5.97826 8.1227 8.72432 4.54583 3.78589 3.66741 3.40724 3.49845 2.21928 2.50625 2.78991
threshold=-0.99465740988130902 1.3800000000000001 -0.97507822412530132 207.80000000000004 0.05000000000000001 -1.1050000000000002 0.056951373111866731 31.450000000000003 -0.97111920233974802 0.074116354202380205 327.60000000000008 0.83000000000000007 0.022575936829235418 134.50000000000003 0.039769539193789977 5.9150000000000009 385.10000000000008 452.44052124023443 -0.049999999999999996 0.83000000000000007 -0.16799356919963607 151.50000000000003 8.0350000000000019 -0.15101209918632377 56.500000000000007 -0.13398594226331254 8.0250000000000004 1.3049999999999999 30.250000000000004 0.10837544681456425
decision_type=2 10 2 10 10 2 2 2 2 2 10 10 2 2 2 2 8 2 10 10 2 2 2 2 2 2 2 2 2 2
left_child=1 3 16 6 5 -5 7 12 11 -7 -11 -4 -1 14 15 -14 17 18 23 20 21 -20 -23 -2 -22 26 -25 -26 -29 -30
right_child=2 -3 8 4 -6 9 -8 -9 -10 10 -12 -13 13 -15 -16 -17 -18 -19 19 -21 24 22 -24 25 27 -27 -28 28 29 -31
leaf_value=4.7919618159724851e-05 -0.0043650096995097067 0.00062293525307128813 -0.0073627503441249312 0.0016459067855082495 -0.0045154585276582469 -0.0038243873333513277 -0.0031470133105436665 0.0077705846352398664 -3.8321206797121495e-05 -0.005063949951772808 0.0077434808982770643 -0.00012810881539888631 -0.000468295246676294 -0.00081727907775642605 -0.00023211740874038345 0.008212368025538019 -8.478814876963725e-05 -0.0014093831321636034 0.0098385971669675016 0.00058032692970608082 0.0093162869760988008 0.0055077195367146115 0.0013068247350073257 0.0099105566561246833 -4.0967259410240212e-05 0.00014277974552265893 0.0058530756409282923 0.0019001160585720986 -0.0012251757137690536 0.014046900747207852
leaf_weight=1122 646 2376 792 822 2718 1053 731 55 268092 99 102 792 52 181 90 103 4109 792 95 3494 66 90 183 55 692 280 71 304 54 157
leaf_count=1122 646 2376 792 822 2718 1053 731 55 268092 99 102 792 52 181 90 103 4109 792 95 3494 66 90 183 55 692 280 71 304 54 157
internal_value=-3.20061e-05 -0.000517678 -1.55659e-05 -0.000973626 -0.00158949 -0.000183046 0.000291344 0.00142545 -4.49811e-05 -0.00165072 0.0029602 -0.00184344 0.00107235 0.00380282 0.00765306 0.0124194 0.000699855 0.0011685 0.00145709 0.00186465 0.00435405 0.0108967 0.00635531 -0.000532321 0.00246269 0.00325123 0.0100794 0.00183513 0.00432039 0.00850711
internal_weight=290268 9504 280764 7128 4794 2076 2334 1603 269676 1254 201 1584 1548 426 245 155 11088 6979 6187 5135 1641 368 273 1052 1273 406 126 1207 515 211
internal_count=290268 9504 280764 7128 4794 2076 2334 1603 269676 1254 201 1584 1548 426 245 155 11088 6979 6187 5135 1641 368 273 1052 1273 406 126 1207 515 211
is_linear=0
shrinkage=0.05


Tree=257
num_leaves=31
num_cat=0
split_feature=14 15 23 9 23 2 16 23 23 2 1 5 13 20 17 1 23 20 2 15 17 20 23 13 23 23 20 2 13 13
split_gain=0.875261 0.883627 1.50629 3.87243 6.18265 5.30427 4.07224 3.52459 5.09412 12.9992 3.36722 3.34836 3.2255 4.88878 3.11394 2.76054 2.70245 3.12557 2.34405 3.1719 2.32907 3.12942 2.16489 3.45169 2.4836 2.20778 3.61656 2.58417 2.12863 2.14771
threshold=36.350000000000001 64.500000000000014 0.98174098242282837 234.54366302490237 0.99748108949426018 0.53000000000000014 10.15 0.96633974041180493 0.96407344085605606 -3.8199999999999985 3.1350000000000002 4.0078571428571452 8.1500000000000004 282.80000000000001 76.500000000000014 8.0650000000000031 0.99349222267034787 217.40000000000003 -3.8199999999999985 74.500000000000014 251.50000000000003 327.60000000000008 0.99981043035926087 7.3500000000000005 0.9980355542543059 0.99681593486783593 223.65000000000003 -0.75999999999999923 10.050000000000002 19.550000000000004
decision_type=2 2 2 2 2 2 2 2 2 2 2 2 2 8 2 2 2 10 2 2 2 8 2 2 2 2 10 2 2 2
left_child=1 -1 7 4 5 16 14 8 -3 -10 28 -9 13 -8 -7 22 18 -18 19 -4 21 -14 24 -24 25 -5 27 -27 -11 -30
right_child=-2 2 3 15 -6 6 12 11 9 10 -12 -13 20 -15 -16 -17 17 -19 -20 -21 -22 -23 23 -25 -26 26 -28 -29 29 -31
leaf_value=-0.00016405973808670122 0.013782502395260899 3.10683906612751e-05 0.0086680626746991531 -0.00097080411159492549 -0.00071801513668381337 0.010078279458861941 0.013652648376326681 0.0029846901513440782 0.0080896245750158788 0.0067950800012019398 -0.0013369650173989675 -0.002414758800368861 0.0053097336038368196 0.0053355155504025767 0.0013010475154263317 0.0015655359779798022 0.004833063585419641 -0.0064853121886218768 0.0025165284818029886 0.00022210355139102892 0.00091520592216142696 0.013335559668197966 0.0074307623972613372 0.00082999958137785427 -0.0069850777300729311 0.0077728314057908497 -0.0010047050903196964 0.0062201025207571153 -0.0013876392294447722 0.0035413860282631779
leaf_weight=126498 65 148221 67 3242 1525 106 52 238 62 54 259 3575 100 212 433 2408 76 389 758 50 145 53 66 335 695 73 204 154 74 79
leaf_count=126498 65 148221 67 3242 1525 106 52 238 62 54 259 3575 100 212 433 2408 76 389 758 50 145 53 66 335 695 73 204 154 74 79
internal_value=-3.21784e-05 -3.34778e-05 4.32168e-05 0.000604414 0.00185829 0.00341868 0.00599001 2.22741e-06 4.0705e-05 0.00494318 0.00208154 -0.00149882 0.00896797 0.0129924 0.00288497 -8.84783e-05 0.00130597 -0.00177419 0.00294286 0.00952991 0.00540268 0.00970588 -0.000785281 0.00273067 -0.00110806 -0.000589438 0.00277262 0.00711454 0.00683575 0.00382353
internal_weight=290268 290203 163705 11143 3966 2441 1101 152562 148749 528 466 3813 562 264 539 7177 1340 465 875 117 298 153 4769 401 4368 3673 431 227 207 153
internal_count=290268 290203 163705 11143 3966 2441 1101 152562 148749 528 466 3813 562 264 539 7177 1340 465 875 117 298 153 4769 401 4368 3673 431 227 207 153
is_linear=0
shrinkage=0.05


Tree=258
num_leaves=31
num_cat=0
split_feature=14 15 23 23 22 22 2 22 9 18 1 16 22 17 16 22 1 19 3 20 22 9 20 9 3 17 9 16 14 20
split_gain=0.919948 2.97954 1.97127 2.29504 3.98718 5.3162 4.04579 3.84025 4.2718 4.77186 3.42618 3.6788 3.31365 3.21663 3.1805 4.49581 2.85416 3.6008 2.54483 2.41908 2.24819 3.33108 2.98032 2.98393 2.23929 2.16848 2.22703 2.16523 2.12453 2.31738
threshold=30.050000000000004 70.500000000000014 -0.97874870457683594 0.82293497932636273 -0.05695216311707673 -0.159513159777915 1.3300000000000005 0.54219432480460406 998.87963867187511 6.5650000000000004 3.1350000000000002 7.9500000000000011 -0.26037633224328088 284.50000000000006 10.850000000000003 -0.074117382312902977 8.1450000000000014 5.9650000000000007 6.6500000000000012 226.60000000000002 -0.48314718476766422 634.89492797851574 239.50000000000003 236.92714691162112 5.245000000000001 131.50000000000003 998.87963867187511 4.0500000000000007 28.050000000000004 222.20000000000002
decision_type=2 2 2 2 2 2 2 2 2 2 2 2 2 2 2 2 2 2 2 8 2 2 10 2 2 2 2 2 2 10
left_child=1 -1 25 27 5 6 20 18 9 -9 28 -12 -13 19 15 -7 24 -18 -6 -11 21 22 23 -5 -16 26 -3 -4 29 -8
right_child=-2 2 3 4 7 14 10 8 -10 13 11 12 -14 -15 16 -17 17 -19 -20 -21 -22 -23 -24 -25 -26 -27 -28 -29 -30 -31
leaf_value=-0.0004594598666648046 6.0116066870374247e-05 0.0022094510339870795 0.0041844071923141718 0.0028211088049315035 -0.0012427806459260106 9.3777618849788004e-06 0.0063344389252183294 -0.0021675550746867128 0.010492139938728322 0.0048548458142798762 -0.0019288750175266958 0.0038095988136189539 -0.0070649686469705045 0.0019826423769800038 0.009549888593803053 0.010332579733574843 0.015993432409837898 0.0049007191074232417 0.00065470423801295644 0.0054258285246953529 -0.00061131961284136005 -0.0060849720064576696 0.00027341214053003748 0.011426800723585474 0.00074822270811268079 0.00029794306021070893 -0.0038870084633511482 -0.00026251939828097381 0.0028705804549151778 0.0015931705359836191
leaf_weight=57193 157918 1714 577 176 5098 643 94 301 58 74 498 818 179 130 108 207 68 187 4330 63 3909 154 323 196 230 3293 132 51461 84 52
leaf_count=57193 157918 1714 577 176 5098 643 94 301 58 74 498 818 179 130 108 207 68 187 4330 63 3909 154 323 196 230 3293 132 51461 84 52
internal_value=-3.23506e-05 -0.000129582 7.73702e-05 7.99675e-06 0.000494993 0.00133358 0.000722658 -0.000166104 0.0036262 0.00230634 0.0027971 0.00192308 0.00367603 0.00717228 0.00407831 0.00211765 0.0068887 0.0108824 -0.000417905 0.0125182 -2.94253e-05 0.00230271 0.00377698 0.00682796 0.00387574 0.00102257 0.00239437 -0.000160269 0.00847826 0.0121233
internal_weight=290268 132350 75157 70018 17980 7926 6483 10054 626 568 1725 1495 997 267 1443 850 593 255 9428 137 4758 849 695 372 338 5139 1846 52038 230 146
internal_count=290268 132350 75157 70018 17980 7926 6483 10054 626 568 1725 1495 997 267 1443 850 593 255 9428 137 4758 849 695 372 338 5139 1846 52038 230 146
is_linear=0
shrinkage=0.05


Tree=259
num_leaves=31
num_cat=0
split_feature=14 12 8 4 15 13 22 22 22 20 24 22 22 13 1 24 1 0 3 1 4 22 13 5 0 9 20 24 20 22
split_gain=0.874845 0.904737 1.2 1.34852 1.02811 0.92343 2.12414 3.92944 3.63884 3.52494 7.00225 7.30876 5.78084 5.22183 3.27085 3.21109 2.81118 3.41006 2.70618 2.65947 4.35056 3.32587 3.50417 2.65819 2.81714 3.40831 3.6388 2.64845 3.61631 2.51242
threshold=36.350000000000001 3.5000000000000004 40.500000000000007 17.905000000000005 40.500000000000007 10.750000000000002 0.89787622492179153 0.89017062131308955 0.93237596376505805 188.00000000000003 -0.029999999999999995 0.9053161325100999 0.92273069556937592 25.750000000000004 6.995000000000001 1.0000000180025095e-35 6.6350000000000007 6.7750000000000012 7.2716666666666674 3.6650000000000005 7.4050000000000011 0.92602006027323147 26.350000000000005 8.3650000000000038 11.135000000000003 260.38023376464849 166.10000000000002 0.24500000000000002 397.00000000000006 0.93845596220871974
decision_type=2 2 2 2 2 2 2 2 2 10 10 2 2 2 2 10 2 2 2 2 2 2 2 2 2 2 8 10 10 2
left_child=1 2 5 -4 -5 -1 7 -7 9 19 11 13 -12 -11 -13 -14 17 -17 -16 -8 21 22 -21 -22 25 -25 -27 28 -10 -29
right_child=-2 -3 3 4 -6 6 8 -9 27 10 12 14 15 -15 18 16 -18 -19 -20 20 23 -23 -24 24 -26 26 -28 29 -30 -31
leaf_value=5.4700631751432581e-05 0.013090371472154347 -0.001399453137351977 0.027205232027251065 0.0094585898809270135 0.0005754054735572214 -0.0002557511944091038 -0.0027044841612778288 -0.0062612630418174874 0.00055310524560489615 0.0057299330744423026 -0.0065706803200116628 -0.0049161386932280414 -0.0077103644628326046 0.0090796671773241116 0.0094829229824234806 0.0031282396068631349 0.0036578525351965013 0.011152422105432597 0.0016982137793679327 0.010528069650792612 0.0012128850272609102 0.0090316071879174148 -0.0018036916559982154 0.0022179006907964644 -0.0011536538594265242 0.008965916959183735 0.016294056022046075 -0.0077826721176629081 0.0066046172982335343 -0.00060396754358842109
leaf_weight=177498 65 3949 57 55 251 89641 182 693 7554 75 1078 156 106 73 50 69 285 51 157 240 584 78 80 88 94 61 51 370 234 6343
leaf_count=177498 65 3949 57 55 251 89641 182 693 7554 75 1078 156 106 73 50 69 285 51 157 240 584 78 80 88 94 61 51 370 234 6343
internal_value=-3.08003e-05 -3.20994e-05 -2.17301e-05 0.00285124 0.00153595 -2.5378e-05 -0.00014037 -0.000239335 0.00035467 0.00178752 0.000476189 0.00556751 -0.00116111 0.0149324 0.00174931 0.00321918 0.00524691 0.0116667 0.00586956 0.00367627 0.00448276 0.00881909 0.0065625 0.00251708 0.00639456 0.00975 0.0155357 3.10204e-06 0.000630456 -0.000724714
internal_weight=290268 290203 286254 363 306 285891 108393 90334 18059 3558 2100 511 1589 148 363 511 405 120 207 1458 1276 398 320 878 294 200 112 14501 7788 6713
internal_count=290268 290203 286254 363 306 285891 108393 90334 18059 3558 2100 511 1589 148 363 511 405 120 207 1458 1276 398 320 878 294 200 112 14501 7788 6713
is_linear=0
shrinkage=0.05


Tree=260
num_leaves=31
num_cat=0
split_feature=23 5 24 3 2 24 9 15 23 13 24 3 4 23 24 16 18 24 14 2 21 18 24 23 16 14 3 9 1 18
split_gain=0.9357 2.77039 1.82131 3.10314 2.1838 3.13091 4.0954 1.94406 1.55401 2.49062 6.67416 8.36236 2.11837 1.99515 1.90972 1.85719 1.56775 1.64425 2.53577 3.34821 1.54314 1.48974 1.47905 6.15944 4.9073 2.98835 1.52671 1.82148 1.88438 5.63514
threshold=-0.99628250747696534 6.8778571428571444 1.3800000000000001 7.5316666666666672 0.26999999999999985 0.83000000000000007 998.87963867187511 68.500000000000014 -0.97507822412530132 3.4500000000000006 1.7100000000000002 6.4466666666666681 16.085000000000004 -0.97111920233974802 0.83000000000000007 16.750000000000004 4.9150000000000009 1.3800000000000001 30.250000000000004 -0.17999999999999924 222.50000000000003 16.195000000000004 0.16500000000000004 -0.97874870457683594 10.550000000000002 29.450000000000003 4.9383333333333352 151.7052917480469 7.3550000000000013 9.8550000000000022
decision_type=2 2 10 2 2 10 2 2 2 2 10 2 2 2 10 2 2 10 2 2 8 2 10 2 2 2 2 2 2 2
left_child=1 -1 4 7 5 -3 -7 -4 9 22 15 -12 -13 14 -10 16 -11 -18 -19 -20 -6 -5 23 25 -25 -2 -27 28 29 -28
right_child=8 2 3 21 20 6 -8 -9 13 10 11 12 -14 -15 -16 -17 17 18 19 -21 -22 -23 -24 24 -26 26 27 -29 -30 -31
leaf_value=-0.0035790353048263113 -0.0030880773529769396 0.0013728777865429382 0.0026542037467589992 3.4732498098832076e-05 -0.0043267536418277125 -0.0057708363954894039 0.011577623435136172 0.0029064795745547996 -0.0069858362378087228 -0.0010920269520563388 0.0094529896843237246 0.0032512883017115665 -0.0056613669203213817 -3.6553858346322574e-05 -0.00011924122265567495 0.0053664404702439585 0.00082997267715759898 -0.0001895365513475298 0.0014884116989051174 0.0042050385183644212 0.00098435188396067924 0.0057523664905332113 -0.0006410932200657856 0.0057266000800763155 0.00080912845813831949 0.0029998050910689201 0.0017582148547992148 -0.00059371132129036619 0.0020084616246376428 0.010549223314518213
leaf_weight=1715 668 1887 143 1214 1550 846 62 80 792 1095 66 120 58 268092 792 62 4365 196 114 135 362 61 4282 103 102 50 162 442 573 79
leaf_count=1715 668 1887 143 1214 1550 846 62 80 792 1095 66 120 58 268092 792 62 4365 196 114 135 362 61 4282 103 102 50 162 442 573 79
internal_value=-3.21784e-05 -0.000568183 -7.65524e-05 0.00144192 -0.000559806 0.000330947 -0.0020815 0.00688341 -1.71432e-05 0.000523989 0.00123893 0.00934426 0.00370786 -4.25708e-05 -0.00181187 0.00090749 0.000817103 0.00120582 0.00410112 0.0074498 -0.00186193 0.000490195 -0.000163289 0.000897199 0.00914634 4.05257e-05 0.00143185 0.00109076 0.00249386 0.00620332
internal_weight=290268 7920 6205 1498 4707 2795 908 223 282348 12672 6211 244 178 269676 1584 5967 5905 4810 445 249 1912 1275 6461 2179 205 1974 1306 1256 814 241
internal_count=290268 7920 6205 1498 4707 2795 908 223 282348 12672 6211 244 178 269676 1584 5967 5905 4810 445 249 1912 1275 6461 2179 205 1974 1306 1256 814 241
is_linear=0
shrinkage=0.05


Tree=261
num_leaves=31
num_cat=0
split_feature=19 24 20 23 23 23 20 2 3 24 23 23 24 5 17 17 16 23 20 2 5 0 3 23 15 24 5 18 24 23
split_gain=0.858962 2.5452 2.6908 3.97876 2.63491 5.42885 4.30725 2.69992 2.70174 2.52601 3.8065 8.01027 7.67484 9.22233 2.87483 2.86182 2.67265 2.52646 2.48434 2.59067 2.44838 5.39451 2.31486 4.07319 3.70403 3.30612 3.40069 2.18211 2.08435 11.592
threshold=9.7750000000000004 0.53000000000000014 424.50000000000006 -0.99938741687870725 0.51849435583340198 0.38043945030393422 354.90000000000003 1.9200000000000004 13.178333333333336 -0.18999999999999997 -0.54219087765047058 -0.58481178939031186 -0.27499999999999997 52.487142857142864 78.500000000000014 261.50000000000006 14.350000000000003 -0.40613878790836594 403.65000000000003 4.2600000000000113 72.547142857142873 65.610000000000014 14.205 -0.6652727025667432 63.500000000000007 -0.27499999999999997 12.765000000000002 22.605000000000004 0.69500000000000006 -0.52034141052533245
decision_type=2 10 8 2 2 2 8 2 2 10 2 2 10 2 2 2 2 2 10 2 2 2 2 2 2 10 2 2 10 2
left_child=-1 2 9 -4 5 28 7 8 -7 10 11 14 13 27 -2 -11 22 -12 -8 -20 -19 -22 23 25 -25 26 -16 -13 29 -3
right_child=1 4 3 -5 -6 6 18 -9 -10 15 17 12 -14 -15 16 -17 -18 20 19 -21 21 -23 -24 24 -26 -27 -28 -29 -30 -31
leaf_value=3.4281597299951184e-05 -0.0057590286249224951 0.0010712299052547752 0.0045668282700085236 -0.0013820217298697215 -0.001154206578227902 0.014217058546332687 -0.0011720585175235389 0.0051265460068664458 0.010857261291252598 -0.0010971884042894336 -0.0044253591039546628 0.022032656957218878 0.0021842598217501575 0.0047374645573570054 0.0053547452144551803 0.00082009354513941303 0.0099663734947817734 -1.4017450872567884e-06 0.0039461846627338835 0.013111864137269997 0.013945751283201411 -1.88320398896321e-05 -0.00043027176351999677 -0.0032634080277437784 0.0066002507715667742 -0.00075354603719264286 0.011601669027262482 0.020818716973156862 0.00011869081495777046 0.012610980420163698
leaf_weight=193724 419 2710 99 17387 3675 109 318 118 54 16208 1500 51 321 99 176 4677 88 22603 318 135 72 159 2029 84 321 829 65 92 21694 134
leaf_count=193724 419 2710 99 17387 3675 109 318 118 54 16208 1500 51 321 99 176 4677 88 22603 318 135 72 159 2029 84 321 829 65 92 21694 134
internal_value=-2.90778e-05 -0.000150917 -0.000320235 -0.000853827 0.000238338 0.000418131 0.00393536 0.00923487 0.0134049 -0.000132851 0.000169848 0.00149322 0.00707815 0.0138017 0.000709298 -0.000551833 0.00116648 -7.89031e-05 0.00200389 0.0043819 5.16761e-05 0.00517316 0.000950341 0.00245763 0.00672839 0.00084112 0.00599585 0.0219231 0.000267339 0.00154008
internal_weight=290268 96544 67279 17486 29265 25590 1052 281 163 49793 28908 4574 563 242 4011 20885 3592 24334 771 453 22834 231 3504 1475 405 1070 241 143 24538 2844
internal_count=290268 96544 67279 17486 29265 25590 1052 281 163 49793 28908 4574 563 242 4011 20885 3592 24334 771 453 22834 231 3504 1475 405 1070 241 143 24538 2844
is_linear=0
shrinkage=0.05


Tree=262
num_leaves=31
num_cat=0
split_feature=14 9 4 5 22 22 22 22 21 22 23 9 13 17 23 21 22 13 22 5 14 24 22 1 13 0 22 5 3 24
split_gain=0.874325 0.825088 2.4062 3.89102 3.00756 2.25279 4.23318 3.65952 9.0555 23.9891 10.5294 7.77594 6.22611 4.2315 3.84692 3.50534 4.43011 4.03158 3.03401 3.83886 3.57379 3.74567 7.97465 5.69892 3.01801 3.41978 2.79096 2.69927 3.81594 2.57376
threshold=36.350000000000001 124.53853225708009 13.505000000000001 11.126428571428574 -0.65234524191686594 0.89787622492179153 0.87397152483179585 0.92922379131507438 1.0000000180025095e-35 0.92602006027323147 -0.39827153806311183 326.82032775878912 5.8500000000000005 279.50000000000006 0.029024409397335523 167.50000000000003 0.98802474685579866 0.8500000000000002 0.98522604642031408 6.9350000000000014 30.850000000000005 0.24500000000000002 0.94704596667653973 5.5250000000000012 5.1500000000000012 6.455000000000001 0.95752911693909493 8.4321428571428587 7.8016666666666667 0.095000000000000015
decision_type=2 2 2 2 2 2 2 2 10 2 2 2 2 2 2 8 2 2 2 2 2 10 2 2 2 2 2 2 2 10
left_child=1 -1 5 -4 -5 6 -3 8 9 10 12 -11 -7 -13 15 18 -17 -18 19 20 21 22 23 -9 -23 26 -26 -10 -29 -16
right_child=-2 2 3 4 -6 7 -8 14 27 11 -12 13 -14 -15 29 16 17 -19 -20 -21 -22 24 -24 -25 25 -27 -28 28 -30 -31
leaf_value=8.6470812880258999e-05 0.012431746050716062 -4.115576961665105e-05 -0.0013680807761291768 -0.0015067394244800763 0.00045944236607282522 0.0047855915460470718 -0.0036070978545528092 0.00022735702113344048 -0.0013882849161764473 0.0050263241228257621 -0.00026505179515043853 0.011687842057320744 0.012655378904813384 0.0087865216975517631 0.00030867602309904717 -0.0075891073922883766 0.0045997342515917746 -0.0004528892717282503 -0.0011271687176581217 -0.00035806376116786641 -0.00075503331167533767 0.0095049773045206756 -0.0016582990836970079 0.01718331573132378 0.0018387957407074711 -0.0015552071282729776 0.0086448906724564019 0.0078560238474820413 0.0014792160883069214 0.0028082720736270794
leaf_weight=129203 65 99369 17116 6467 15357 95 2541 51 1722 50 775 52 146 60 4692 1420 50 1281 3444 1665 412 126 395 70 54 99 94 113 430 2854
leaf_count=129203 65 99369 17116 6467 15357 95 2541 51 1722 50 775 52 146 60 4692 1420 50 1281 3444 1665 412 126 395 70 54 99 94 113 430 2854
internal_value=-2.90778e-05 -3.03765e-05 -0.000105902 -0.000448127 -5.49973e-06 3.27588e-06 -9.22394e-05 0.000486351 0.00197066 0.00552631 0.00267716 0.0233951 0.011805 0.0307143 0.000180462 -0.000508133 -0.00200109 7.13737e-05 0.000132604 0.00130479 0.00333974 0.00512373 0.00236434 0.013595 0.00894102 0.00572874 0.0105405 0.000121412 0.00319521 0.00101643
internal_weight=290268 290203 161000 38940 21824 122060 101910 20150 3443 1178 1016 162 241 112 16707 9161 2751 1331 6410 2966 1301 889 516 121 373 247 148 2265 543 7546
internal_count=290268 290203 161000 38940 21824 122060 101910 20150 3443 1178 1016 162 241 112 16707 9161 2751 1331 6410 2966 1301 889 516 121 373 247 148 2265 543 7546
is_linear=0
shrinkage=0.05


Tree=263
num_leaves=31
num_cat=0
split_feature=23 23 24 0 24 9 5 13 22 18 23 13 16 2 9 23 22 9 20 2 24 22 22 22 20 22 2 19 20 20
split_gain=0.825918 1.91957 5.32549 14.3604 1.85536 2.23345 1.84768 1.78653 2.27989 1.812 1.69586 2.64077 2.10684 2.24863 2.13846 1.69339 2.10833 1.8973 1.57998 1.53332 1.66515 3.21126 1.879 2.69458 5.30688 2.30369 3.57071 1.75693 1.64949 1.6298
threshold=-0.99465740988130902 -0.99273797715557011 1.7100000000000002 8.6550000000000029 1.3800000000000001 349.36264038085943 7.2300000000000013 4.4500000000000011 -0.082689790342551819 7.3250000000000011 -0.99983123799342477 28.750000000000004 10.250000000000002 -1.4999999999999991 806.39907836914074 -0.99761278905001471 -0.048361574224334618 104.30410385131837 280.7000000000001 1.1800000000000006 0.83000000000000007 -0.031173458710879235 0.091259403071267925 0.074116354202380205 254.90000000000003 0.056951373111866731 -5.5450000000000008 5.8450000000000006 447.2000000000001 316.35000000000008
decision_type=2 2 10 2 10 2 2 2 2 2 2 2 2 2 2 2 2 2 10 2 10 2 2 2 10 2 2 2 10 10
left_child=4 2 -2 -4 5 6 -1 15 -9 -10 -7 12 -12 -14 -15 16 -6 -18 -11 20 21 -8 23 25 -25 26 -23 -22 -21 -28
right_child=1 -3 3 -5 7 10 19 8 9 18 11 -13 13 14 -16 -17 17 -19 -20 28 27 22 -24 24 -26 -27 29 -29 -30 -31
leaf_value=-0.0046505175843382712 0.00053370078058421555 -2.5428668014960999e-05 0.012265710669142522 0.00083966021948959555 0.0026893046092951274 -0.0024060123999566398 -0.0047252959038565842 0.004975704395000633 -0.0011446840900093034 0.00012619719890721626 -0.0001483558546127486 0.0052355270321481672 0.0049997546425175707 0.0055169125136688328 -0.0037209471045362603 -0.005032230431171761 -0.0036519972635857207 0.0039015368755029168 0.0026294868456035875 -0.0038099624813653097 0.0026037312721912472 0.0055738997886132314 -0.0041546257019188845 0.0012371784787911792 0.0076962877696479916 -0.0035842496581923 0.0033605517738112527 -0.0070362017810232146 0.0047172733338899262 -0.00041545544310159362
leaf_weight=1371 1386 279180 51 147 93 303 706 83 490 266 711 71 67 113 91 472 385 208 379 1237 231 58 220 115 84 194 366 768 60 362
leaf_count=1371 1386 279180 51 147 93 303 706 83 490 266 711 71 67 113 91 472 385 208 379 1237 231 58 220 115 84 194 366 768 60 362
internal_value=-2.76997e-05 -1.21822e-05 0.00172348 0.00939394 -0.000486112 -0.000889451 -0.00131844 0.000723905 0.00206075 0.00147577 0.000936577 0.00188509 0.00121181 0.0049631 0.00235294 -0.000682212 0.000903789 -0.00019393 0.00321705 -0.000819133 -0.000215852 0.000581947 0.00196926 0.00276081 0.00806533 0.00168367 0.00288804 -0.0018969 -0.00226292 0.00193681
internal_weight=290268 280764 1584 198 9504 7128 5772 2376 1218 1135 1356 1053 982 271 204 1158 686 593 645 4401 3104 2105 1399 1179 199 980 786 999 1297 728
internal_count=290268 280764 1584 198 9504 7128 5772 2376 1218 1135 1356 1053 982 271 204 1158 686 593 645 4401 3104 2105 1399 1179 199 980 786 999 1297 728
is_linear=0
shrinkage=0.05


Tree=264
num_leaves=31
num_cat=0
split_feature=23 5 23 13 24 0 0 23 24 22 22 4 9 5 22 22 1 24 9 24 13 23 17 24 3 0 18 9 24 22
split_gain=0.973758 1.94176 1.48208 2.21703 6.09205 9.16678 2.0195 1.86702 1.77336 1.73955 1.63636 3.09926 1.60033 1.58495 5.80257 3.20881 2.07716 4.90485 3.80507 2.07056 1.47517 1.76582 1.64632 1.46424 2.86231 2.12671 1.5899 1.50502 1.41711 1.40155
threshold=-0.99628250747696534 6.8478571428571433 -0.97507822412530132 3.4500000000000006 1.7100000000000002 7.6450000000000005 4.8550000000000013 -0.97111920233974802 0.83000000000000007 -0.13398594226331254 0.22700754078277605 12.565000000000003 409.80174255371099 9.5935714285714315 -0.20180236284700911 0.19337368024598436 8.8550000000000022 1.7100000000000002 100.3701515197754 1.0350000000000004 0.55000000000000016 -0.99983123799342477 179.50000000000003 1.3800000000000001 7.5316666666666672 6.6550000000000011 16.195000000000004 85.226921081542983 0.16500000000000004 0.19337368024598436
decision_type=2 2 2 2 10 2 2 2 10 2 2 2 2 2 2 2 2 10 2 10 2 2 2 10 2 2 2 2 10 2
left_child=1 -1 3 13 6 -6 29 8 12 -7 -10 -12 -4 14 19 28 17 -16 -19 -2 21 22 -3 -22 25 -25 -26 -27 -15 -5
right_child=2 20 7 4 5 9 -8 -9 10 -11 11 -13 -14 15 16 -17 -18 18 -20 -21 23 -23 -24 24 26 27 -28 -29 -30 -31
leaf_value=-0.0032891068290211499 0.0050229657500825151 0.0023870165128969897 -0.0073494891223637327 -7.6052480028488323e-05 0.009164788712449367 -0.0040389217872949775 0.0010880205401985665 -2.9885315475203841e-05 -0.0023060257904447727 0.0025514939939509842 0.00024670985538901078 0.0082493821043620186 0.0060446001997151071 0.0021328775355322223 -0.00073134404046675374 0.0072398347957886829 -0.002999156829357049 0.0016473514709276034 0.0091627025864695882 -0.00038258888644633095 -0.00028658362801543493 -0.0067023632673415493 -0.0072914146377392091 0.00018268044883266706 9.6041704228197998e-05 0.0022214991647625053 0.0058419575191865211 0.0043402050319114142 -0.00035772310260377054 -0.0067542257121661013
leaf_weight=1680 128 165 735 809 73 83 4893 268092 396 88 328 68 57 573 2444 89 1181 63 53 59 4065 614 93 94 1035 50 59 65 1871 265
leaf_count=1680 128 165 735 809 73 83 4893 268092 396 88 328 68 57 573 2444 89 1181 63 53 59 4065 614 93 94 1035 50 59 65 1871 265
internal_value=-2.76997e-05 -0.000574496 -1.23618e-05 0.000516097 0.00119063 0.00893443 0.000873972 -3.7194e-05 -0.00174874 0.00260234 -7.57588e-05 0.00219697 -0.00342172 -0.000132334 -0.000761203 0.000842873 -0.00119086 -0.000390626 0.00965517 0.00783422 -0.00016827 -0.00207569 0.00139535 0.000141579 0.00160015 0.00696172 0.000575867 0.0115217 0.000503272 -0.00108939
internal_weight=290268 7920 282348 12672 6211 244 5967 269676 1584 171 792 396 792 6461 3928 2533 3741 2560 116 187 6240 872 258 5368 1303 209 1094 115 2444 1074
internal_count=290268 7920 282348 12672 6211 244 5967 269676 1584 171 792 396 792 6461 3928 2533 3741 2560 116 187 6240 872 258 5368 1303 209 1094 115 2444 1074
is_linear=0
shrinkage=0.05


Tree=265
num_leaves=31
num_cat=0
split_feature=23 23 24 0 0 24 20 22 1 14 22 17 15 5 24 0 17 20 0 17 22 13 24 9 13 9 13 5 22 23
split_gain=0.936955 1.58777 4.20779 12.0368 1.43365 1.40292 1.93668 2.53467 2.36463 2.25009 1.60531 2.92229 3.75614 1.93677 1.5934 1.61043 1.91117 1.75451 1.58534 1.5701 2.16023 2.50107 1.88732 1.58505 3.98368 1.56944 1.53429 1.9352 2.08389 1.56889
threshold=-0.99465740988130902 -0.99273797715557011 1.7100000000000002 8.6550000000000029 9.8550000000000022 1.3800000000000001 207.80000000000004 0.056951373111866731 7.8250000000000011 31.450000000000003 0.022575936829235418 134.50000000000003 75.500000000000014 8.4321428571428587 0.05000000000000001 6.1750000000000007 155.50000000000003 307.2000000000001 9.2750000000000004 199.50000000000003 -0.048361574224334618 5.8500000000000005 0.16500000000000004 616.95419311523449 14.65 528.79354858398449 4.4500000000000011 4.2650000000000015 -0.082689790342551819 -0.99761278905001471
decision_type=2 2 10 2 2 10 10 2 2 2 2 2 2 2 10 2 2 10 2 2 2 2 10 2 2 2 2 2 2 2
left_child=5 2 -2 -4 -5 6 7 9 -8 10 19 12 13 -12 15 -10 17 -17 -19 20 21 -1 -21 24 -24 -16 29 -28 -29 -7
right_child=1 -3 3 4 -6 26 8 -9 14 -11 11 -13 -14 -15 25 16 -18 18 -20 22 -22 -23 23 -25 -26 -27 27 28 -30 -31
leaf_value=0.0090611429842055082 0.0005216067121910405 -2.3758498986243375e-05 0.011194185700062937 0.0057861006233616945 -0.002003017410428408 0.00089494908602946721 -0.0042335674801160126 -0.0028561922839425639 0.0022541868668596982 0.0072493337743155155 -0.000673552175162691 -0.000934299904366409 0.0080199968349220531 0.0041726915618249599 -0.0047967891871108876 -0.00079486722649374422 -0.001787020539891695 0.0062235291925494584 0.0015095411648546964 -0.001357678619851889 -0.0038817221441930167 -0.00095819357294023202 0.0033190258303925461 0.0078271299807949526 -0.0034021200042372753 0.0044426972799126553 -0.0080269506922941297 0.0043135329618245307 0.001527250565373524 -0.00476047066189222
leaf_weight=57 1386 279180 51 50 97 686 1929 731 92 55 101 181 64 80 1236 259 886 100 234 198 449 141 90 87 100 58 157 69 992 472
leaf_count=57 1386 279180 51 50 97 686 1929 731 92 55 101 181 64 80 1236 259 886 100 234 198 449 141 90 87 100 58 157 69 992 472
internal_value=-2.94223e-05 -1.28946e-05 0.00156566 0.00838384 0.00112245 -0.000517678 -0.000868407 0.000312767 -0.00144347 0.00142545 0.00107235 0.00368544 0.0072449 0.00356353 -0.000532287 0.000537873 0.000138606 0.00233558 0.00473054 8.02127e-05 -0.00152241 0.00282828 0.00226316 0.0049278 0.00236842 -0.00183153 0.000534511 0.0017734 0.00254006 -0.000768568
internal_weight=290268 280764 1584 198 147 9504 7128 2334 4794 1603 1548 426 245 181 2865 1571 1479 593 334 1122 647 198 475 277 190 1294 2376 1218 1061 1158
internal_count=290268 280764 1584 198 147 9504 7128 2334 4794 1603 1548 426 245 181 2865 1571 1479 593 334 1122 647 198 475 277 190 1294 2376 1218 1061 1158
is_linear=0
shrinkage=0.05


Tree=266
num_leaves=31
num_cat=0
split_feature=23 23 24 0 19 9 22 1 0 13 4 15 1 18 9 13 15 14 22 22 14 16 16 19 22 18 0 24 14 13
split_gain=0.881844 1.52351 3.93948 12.329 1.48039 2.2815 1.73423 1.35331 1.50958 1.2902 1.71508 2.18559 1.59348 1.50789 1.48924 1.94805 1.44945 1.23955 1.22663 1.99489 4.04156 1.66156 1.22211 1.42596 1.40165 1.34759 1.17175 1.13 1.10622 1.09983
threshold=-0.99465740988130902 -0.99273797715557011 1.7100000000000002 8.6550000000000029 4.3450000000000006 200.50074768066409 0.10837544681456425 8.6350000000000033 10.595000000000001 2.7500000000000004 10.745000000000003 56.500000000000007 4.4150000000000009 10.765000000000002 719.37036132812511 14.950000000000001 85.500000000000014 26.550000000000004 0.022575936829235418 0.039769539193789977 29.250000000000004 11.350000000000003 10.250000000000002 12.655000000000003 0.056951373111866731 7.7950000000000008 9.8550000000000022 0.83000000000000007 32.050000000000004 3.3500000000000001
decision_type=2 2 10 2 2 2 2 2 2 2 2 2 2 2 2 2 2 2 2 2 2 2 2 2 2 2 2 10 2 2
left_child=9 2 4 -4 5 -2 -6 -8 -9 -1 16 13 -13 -12 17 -16 22 -14 28 20 -20 -21 -11 24 -24 -26 -5 -22 29 -19
right_child=1 -3 3 26 6 -7 7 8 -10 10 11 12 14 -15 15 -17 -18 18 19 21 27 -23 23 -25 25 -27 -28 -29 -30 -31
leaf_value=-0.0017552811078368148 0.010286142942010241 -2.2570574036923744e-05 0.010634476415059785 0.0054967955921936089 -0.0032139819053573489 0.0003213226346448656 0.0025891679013220377 -0.0029795347207931195 0.0017606467600044858 -0.0021835260430449074 0.004611426778372279 0.0037776196577635258 -0.0042951278366810709 0.00091364542934156126 0.00040066570131999332 0.0076790167079034098 0.0022775318623684238 0.0044037428255416563 0.0056614080893436945 -0.0013420464286097893 0.0024665736879334725 0.0031265348415538846 -0.0015233114168615352 0.013322991140977312 0.006624783826058989 -0.00044750941081163023 -0.0019028665399069876 -0.00080060392458244012 0.0053673236886287966 -0.001663080047789457
leaf_weight=3077 50 279180 51 50 451 101 311 202 271 2038 71 87 268 58 154 77 109 62 99 866 72 168 491 57 82 50 97 145 73 1400
leaf_count=3077 50 279180 51 50 451 101 311 202 271 2038 71 87 268 58 154 77 109 62 99 866 72 168 491 57 82 50 97 145 73 1400
internal_value=-2.82165e-05 -1.21822e-05 0.00153409 0.00813131 0.000591629 0.0052649 2.02417e-05 0.00144133 -0.00024313 -0.000501895 -9.88031e-05 0.000624999 0.000387495 0.0070155 0.00021572 0.00409091 -0.00102052 -6.81902e-05 0.000233968 0.00133333 0.00481013 0.000270792 -0.00124724 0.000588234 -0.000104335 0.0044697 0.000782312 0.000990782 -0.0007329 -0.00103283
internal_weight=290268 280764 1584 198 1386 151 1235 784 473 9504 6427 3600 3471 129 3384 231 2827 3153 2885 1350 316 1034 2718 680 623 132 147 217 1535 1462
internal_count=290268 280764 1584 198 1386 151 1235 784 473 9504 6427 3600 3471 129 3384 231 2827 3153 2885 1350 316 1034 2718 680 623 132 147 217 1535 1462
is_linear=0
shrinkage=0.05


Tree=267
num_leaves=31
num_cat=0
split_feature=23 5 13 20 21 13 2 23 3 5 23 17 20 3 23 13 24 3 23 4 16 20 22 24 17 24 22 16 5 13
split_gain=0.973144 1.77201 1.25851 1.96334 2.0917 1.52258 1.73485 1.96537 1.84995 1.70789 1.47003 1.54638 1.46939 1.31059 1.18932 2.15721 4.96165 7.25397 1.80396 1.68775 1.55186 1.53211 3.56994 2.59286 2.94287 1.57987 1.96509 1.8926 1.45622 1.49742
threshold=-0.99628250747696534 6.8778571428571444 0.55000000000000016 453.2000000000001 47.500000000000007 14.950000000000001 -0.86999999999999977 -0.99761278905001471 11.695000000000002 8.0778571428571464 -0.99983123799342477 179.50000000000003 439.10000000000008 7.6650000000000018 -0.97507822412530132 3.4500000000000006 1.7100000000000002 6.4466666666666681 -0.97111920233974802 16.085000000000004 16.750000000000004 262.60000000000008 -0.18492532721306487 0.83000000000000007 143.50000000000003 0.16500000000000004 -0.20180236284700911 11.450000000000001 3.7978571428571439 17.850000000000005
decision_type=2 2 2 8 8 2 2 2 2 2 2 2 10 2 2 2 10 2 2 2 2 8 2 10 2 10 2 2 2 2
left_child=1 -1 10 -4 -5 6 8 9 -6 -8 11 12 -3 -11 15 21 20 -18 -16 -19 28 22 -2 -24 -25 26 27 -23 -17 -30
right_child=14 2 3 4 5 -7 7 -9 -10 13 -12 -13 -14 -15 18 16 17 19 -20 -21 -22 25 23 24 -26 -27 -28 -29 29 -31
leaf_value=-0.0029642529245674449 0.0047313159680447969 0.0029582847083875685 -0.00031912836650743672 0.0051736149684420349 -0.0015875432026623577 -0.0024821650986100357 0.0013177045170063397 -0.0022853177554561189 0.0066986220133209082 0.0063556682128056404 -0.0063161321434676704 -0.0068073149704574168 -0.005905643710767761 0.0033896270864143814 -0.0023655674319934504 -0.0083435145959493522 0.0081639682329601778 0.002784304869812214 -2.6074596050280118e-05 -0.0054696231299209627 0.005073909138373205 0.0048020386237288262 -0.0023458285303616599 0.0068520226010999486 0.00080233041353586047 -0.0010297873122186527 0.00067621892242624142 -0.00079179345484607384 0.0012494089419922464 -0.00064536356297047008
leaf_weight=1715 75 114 4329 54 255 203 111 101 53 53 611 93 50 178 1584 169 66 120 268092 58 62 92 378 92 160 4018 1581 65 4384 1352
leaf_count=1715 75 114 4329 54 255 203 111 101 53 53 611 93 50 178 1584 169 66 120 268092 58 62 92 378 92 160 4018 1581 65 4384 1352
internal_value=-2.7872e-05 -0.000574496 -0.000181307 0.000105864 0.00209325 0.00155136 0.00258988 0.00459368 -0.000292209 0.00640351 -0.00194701 0.00122568 0.00414634 0.00885281 -1.25389e-05 0.000460857 0.00112623 0.00811475 -3.47837e-05 0.00286517 0.000840455 -0.000178766 0.00202128 0.00079365 0.00472222 -0.000448229 0.000811276 0.0061465 0.000757831 0.000892607
internal_weight=290268 7920 6205 5337 1008 954 751 443 308 342 868 257 164 231 282348 12672 6211 244 269676 178 5967 6461 705 630 252 5756 1738 157 5905 5736
internal_count=290268 7920 6205 5337 1008 954 751 443 308 342 868 257 164 231 282348 12672 6211 244 269676 178 5967 6461 705 630 252 5756 1738 157 5905 5736
is_linear=0
shrinkage=0.05


Tree=268
num_leaves=31
num_cat=0
split_feature=23 23 19 24 9 20 13 16 24 9 20 23 13 9 17 17 9 23 4 5 3 23 20 13 4 20 20 9 17 23
split_gain=0.941589 1.34163 3.48236 2.10115 2.35184 1.40037 1.38667 3.11538 1.18743 1.85982 1.53432 1.42411 2.35713 1.59414 3.52888 2.13355 1.85312 2.88177 1.78726 1.66978 1.66949 1.38096 3.51752 3.19394 1.53424 2.80753 1.35077 1.91618 1.64035 1.32089
threshold=-0.99465740988130902 -0.99273797715557011 3.8450000000000002 1.3800000000000001 117.96585083007814 508.90000000000003 3.2500000000000004 7.2500000000000009 1.3800000000000001 349.36264038085943 299.85000000000008 -0.99983123799342477 28.750000000000004 806.39907836914074 143.50000000000003 226.50000000000003 504.91798400878912 -0.99761278905001471 10.525 6.5107142857142861 5.4466666666666681 -0.99938741687870725 317.35000000000008 11.450000000000001 11.485000000000001 302.00000000000006 207.80000000000004 158.50785064697268 86.500000000000014 -0.99761278905001471
decision_type=2 2 2 10 2 8 2 2 10 2 8 2 2 2 2 2 2 2 2 2 2 2 10 2 2 10 10 2 2 2
left_child=8 2 -2 5 -5 -4 7 -7 9 10 26 -11 13 14 16 -15 18 -18 -13 -17 -16 22 23 24 -12 -26 27 28 -1 -23
right_child=1 -3 3 4 -6 6 -8 -9 -10 11 21 12 -14 15 20 19 17 -19 -20 -21 -22 29 -24 -25 25 -27 -28 -29 -30 -31
leaf_value=0.0069855183076524066 0.0063006140198059377 -2.0747210577216779e-05 -0.0016236292023842339 0.0020873882437455467 0.0061744833760969259 -0.0004618276705850945 -0.0014315162252554288 0.004435714770278436 0.00033145747109407982 -0.0019784903514531026 0.0040966901468054446 -0.001863252600191542 0.0048126369175830255 -0.0033994384265365069 0.00207378037158468 -0.0024254651395496023 0.0001021640955347247 0.0071498480849344877 0.0042374676116951502 0.0052365980581240909 -0.0028251603013265212 -0.0031690269932828927 -0.0013417797418321818 -0.00013817639525661788 0.0063591469055515153 0.0021278856097422818 -0.0047645696827124488 -0.0047139171733095973 0.00089494158101737539 0.00021692107470767222
leaf_weight=61 105 279180 903 311 65 52 96 52 2376 303 90 77 71 284 56 69 52 56 70 107 211 1265 657 178 65 58 1923 263 160 1052
leaf_count=61 105 279180 903 311 65 52 96 52 2376 303 90 77 71 284 56 69 52 56 70 107 211 1265 657 178 65 58 1923 263 160 1052
internal_value=-2.82165e-05 -1.1648e-05 0.00143939 0.000814738 0.00404255 -0.000285586 0.0035 0.0075 -0.000517678 -0.000840349 -0.00123181 0.000825958 0.00169516 0.00105906 0.00295019 -0.00108696 0.00715686 0.0121296 0.0035034 0.00323864 -0.00106742 -0.000542349 0.000963739 0.00471867 0.00884976 0.0124797 -0.00219568 0.000165288 0.00359728 -0.00122357
internal_weight=290268 280764 1584 1479 376 1103 200 104 9504 7128 5772 1356 1053 982 522 460 255 108 147 176 267 3365 1048 391 213 123 2407 484 221 2317
internal_count=290268 280764 1584 1479 376 1103 200 104 9504 7128 5772 1356 1053 982 522 460 255 108 147 176 267 3365 1048 391 213 123 2407 484 221 2317
is_linear=0
shrinkage=0.05


Tree=269
num_leaves=31
num_cat=0
split_feature=23 2 15 20 23 13 13 5 20 0 0 9 3 23 5 9 9 18 20 15 4 2 0 15 1 9 5 17 16 18
split_gain=1.00192 1.25214 1.90905 1.7221 2.69317 2.78132 2.11822 2.22726 1.89793 1.79762 1.58892 1.55075 1.29131 1.22711 2.62264 1.74668 1.32025 2.00759 1.72245 1.99795 2.14346 1.74236 1.7118 1.21494 1.48496 1.47236 1.36462 1.21093 1.15122 1.065
threshold=-0.99465740988130902 -1.0799999999999992 83.500000000000014 453.2000000000001 -0.99761278905001471 0.55000000000000016 14.950000000000001 8.4321428571428587 499.7000000000001 4.7550000000000008 8.5350000000000019 583.67306518554699 8.4650000000000016 -0.99273797715557011 4.7464285714285728 248.98963165283206 211.55023956298831 9.8150000000000031 204.30000000000004 57.500000000000007 11.825000000000001 -0.27999999999999842 13.785000000000002 56.500000000000007 10.515000000000002 103.08131027221681 18.039285714285718 122.50000000000001 10.750000000000002 2.7350000000000008
decision_type=2 2 2 8 2 2 2 2 8 2 2 2 2 2 2 2 2 2 8 2 2 2 2 2 2 2 2 2 2 2
left_child=1 2 23 -3 5 -5 7 9 -6 -7 11 -4 -9 14 15 -2 17 18 -16 20 -20 -21 -18 24 25 -1 -25 -11 -29 -15
right_child=13 3 10 4 8 6 -8 12 -10 27 -12 -13 -14 29 16 -17 22 -19 19 21 -22 -23 -24 26 -26 -27 -28 28 -30 -31
leaf_value=0.0026987079976601102 0.0015133157041089876 -0.0015027146314356291 -0.0018607163146579413 -0.0058909169746540896 0.0084247873715275114 0.0042700660404912235 -0.0017453654754281929 0.0054085883087992576 -0.004653464377408126 -0.0024179545687036093 0.0078497798127680121 0.0046669371733262903 0.0030050674110299984 -0.00087680470135708018 0.0087054025561001166 0.0071732243494039812 -0.0011022207918715838 -0.00069104810096842079 0.0094111791436496724 -0.0015580581315286094 0.0021825471597328879 0.0033305612795816071 0.0055866813565685104 -0.00036543053328816404 -9.9611578151896087e-06 0.0056193351396784958 0.0046945201635519469 -0.00078809146702483015 0.0030162093080429299 -6.3469366495166465e-06
leaf_weight=52 51 4813 97 128 58 50 136 65 418 92 56 75 159 4461 50 62 594 344 51 189 50 143 50 2887 165 54 57 79 63 274719
leaf_count=52 51 4813 97 128 58 50 136 65 418 92 56 75 159 4461 50 62 594 344 51 189 50 143 50 2887 165 54 57 79 63 274719
internal_value=-2.8561e-05 -0.000533461 0.000227998 -0.000966013 0.000689101 0.00251295 0.00385093 0.00533464 -0.00226891 0.00239437 0.00464912 0.00226744 0.0090625 -1.14699e-05 0.00137626 0.00871681 0.000812371 0.00213422 0.00421325 0.00319861 0.00935643 0.0013253 -0.000885094 -8.55377e-05 0.00311808 0.00773585 -0.000380436 0.000555554 0.0034507 -1.93436e-05
internal_weight=290268 9504 3443 6061 1248 772 644 508 476 284 228 172 224 280764 1584 113 1471 827 483 433 101 332 644 3215 271 106 2944 234 142 279180
internal_count=290268 9504 3443 6061 1248 772 644 508 476 284 228 172 224 280764 1584 113 1471 827 483 433 101 332 644 3215 271 106 2944 234 142 279180
is_linear=0
shrinkage=0.05


Tree=270
num_leaves=31
num_cat=0
split_feature=23 24 3 20 16 19 14 15 13 1 20 16 1 17 24 9 18 13 3 14 23 23 24 9 15 9 24 24 23 17
split_gain=1.06272 1.26613 1.41367 1.68527 1.46727 1.66763 1.5625 1.29354 1.26772 1.77803 1.34182 1.12023 1.90336 1.10384 1.80537 1.77277 1.1122 1.75903 1.09732 2.02311 1.0908 1.67762 1.57828 1.52611 1.50214 1.44492 1.66172 3.47607 4.5216 7.10078
threshold=-0.99465740988130902 1.3800000000000001 8.0016666666666705 207.80000000000004 4.7500000000000009 3.9050000000000007 28.350000000000005 70.500000000000014 12.050000000000002 5.2550000000000008 297.80000000000001 10.750000000000002 6.2750000000000012 131.50000000000003 1.0350000000000004 138.954704284668 8.0350000000000019 5.6500000000000012 8.0350000000000019 27.950000000000003 -0.97507822412530132 -0.97111920233974802 0.83000000000000007 409.80174255371099 49.500000000000007 583.67306518554699 0.16500000000000004 -0.049999999999999996 -0.99052477729077237 127.50000000000001
decision_type=2 10 2 10 2 2 2 2 2 2 10 2 2 2 10 2 2 2 2 2 2 2 10 2 2 2 10 10 2 2
left_child=1 2 3 4 -1 6 -6 -4 -3 -10 18 -7 -13 16 -15 -16 17 -9 19 -11 24 22 23 -22 -2 26 27 -26 -29 -30
right_child=20 8 7 -5 5 11 -8 13 9 10 -12 12 -14 14 15 -17 -18 -19 -20 -21 21 -23 -24 -25 25 -27 -28 28 29 -31
leaf_value=0.0014609725071628478 -0.0040868496175411363 -0.00015552824165475466 -0.00097551644027944794 -0.0034276134198080455 -5.9529494643788276e-05 -0.0020216238037548181 0.0083174406962723425 0.0084108250739143558 -0.00354954829704627 7.7321839976644989e-05 0.0064775440130284551 0.0063521720911338111 -0.0038305741978668091 -0.0014544305268351747 -0.0015873957102683651 0.0091256075107815984 0.00072987499174685146 0.0033090678262324476 -0.00040570988120193843 0.004372256290260234 -0.0068600651336333798 -2.3416158886430726e-05 -0.00015015334971377349 0.0058643197223415336 -0.00045251753130998157 -0.0015371844924922081 0.00019971851265054613 -0.00055595495624861122 0.0065337157045197341 0.0024643976748233818
leaf_weight=79 233 1875 2644 1987 72 871 72 50 139 72 87 64 60 619 59 61 369 121 145 58 735 268092 792 57 1341 666 6573 672 410 1193
leaf_count=79 233 1875 2644 1987 72 871 72 50 139 72 87 64 60 619 59 61 369 121 145 58 735 268092 792 57 1341 666 6573 672 410 1193
internal_value=-2.925e-05 -0.000549244 -0.000882437 -0.00166147 -0.000197046 -0.000654084 0.004375 -0.000245986 0.000450336 0.00268463 0.00453039 -0.00138191 0.00306451 0.00105942 -0.000196212 0.00541667 0.00277778 0.00611111 0.00281818 0.00615384 -1.1648e-05 -3.16317e-05 -0.00165404 -0.00323232 0.000474386 0.000559649 0.000707134 0.00156803 0.00275824 0.0042015
internal_weight=290268 9504 7128 3205 1218 1139 144 3923 2376 501 362 995 124 1279 739 120 540 171 275 130 280764 269676 1584 792 11088 10855 10189 3616 2275 1603
internal_count=290268 9504 7128 3205 1218 1139 144 3923 2376 501 362 995 124 1279 739 120 540 171 275 130 280764 269676 1584 792 11088 10855 10189 3616 2275 1603
is_linear=0
shrinkage=0.05


Tree=271
num_leaves=31
num_cat=0
split_feature=14 12 8 16 9 16 18 24 21 22 18 8 17 2 21 16 14 9 14 9 17 1 9 4 15 5 22 22 22 21
split_gain=0.873702 0.824293 1.07403 1.07185 1.03061 1.03021 1.20003 1.75305 1.63757 1.38756 2.0705 1.23391 1.17368 0.943017 1.93483 0.921678 1.7054 1.88458 2.65194 1.64305 1.62433 0.814086 0.809208 2.46088 3.59901 2.64512 2.14279 3.98847 5.06494 4.03172
threshold=36.350000000000001 3.5000000000000004 11.500000000000002 15.050000000000002 17.788528442382816 17.150000000000002 10.825000000000001 1.3150000000000002 142.50000000000003 -0.861146256326485 8.3550000000000022 24.500000000000004 145.50000000000003 -4.8249999999999975 16.900000000000002 20.150000000000002 30.350000000000005 37.542234420776374 31.350000000000005 326.82032775878912 132.50000000000003 12.475000000000003 120.51617431640626 13.505000000000001 63.500000000000007 9.677857142857146 0.89787622492179153 0.67802080537253961 0.49812943072827093 36.900000000000006
decision_type=2 2 2 2 2 2 2 8 8 2 2 2 2 2 10 2 2 2 2 2 2 2 2 2 2 2 2 2 2 8
left_child=1 2 15 -3 5 6 7 9 13 12 -11 -10 -4 14 -8 22 -17 21 19 20 -19 -18 -1 26 -25 -26 27 28 -24 -30
right_child=-2 3 4 -5 -6 -7 8 -9 11 10 -12 -13 -14 -15 -16 16 17 18 -20 -21 -22 -23 23 24 25 -27 -28 -29 29 -31
leaf_value=9.0526584371777483e-05 0.011819070146114087 -0.00060739884383565184 0.032529509011667124 -0.0039380692325635151 -0.0086685934777709587 -0.0021900274569986691 0.015195708075008516 -0.00093147574010154957 0.0094245171353160382 -0.0065304694662939033 0.012199653954449025 0.015552092829011099 0.027603066438935939 -0.00030870844712550973 -0.00014301223352950382 -0.00029613074275057868 0.0017233713805902319 0.0017079050543306379 2.4177627008233213e-06 0.00073159096508178722 0.005551962798376886 -0.0055569065041100475 -0.00010112633593770754 -0.0017920433457441509 -0.0015678092216039972 0.0001016844799514674 0.00055218853266672085 -0.0012088534046322784 0.0018211018993716786 -0.00011550974534418036
leaf_weight=119319 65 3026 50 923 144 283 73 124 81 51 66 73 53 812 132 959 122 80 155 79 85 107 74208 10533 5493 23566 20498 17540 6700 4868
leaf_count=119319 65 3026 50 923 144 283 73 124 81 51 66 73 53 812 132 959 122 80 155 79 85 107 74208 10533 5493 23566 20498 17540 6700 4868
internal_value=-2.70107e-05 -2.8309e-05 -1.84114e-05 -0.00074576 0.00115345 0.00147942 0.0019967 0.00459302 0.00123399 0.00727273 0.00354701 0.00603896 0.0115049 0.00050639 0.00353658 -2.64158e-05 0.00117517 0.00320064 0.00527569 0.00852459 0.0113636 -0.000414848 -3.31606e-05 -0.000105444 -0.000448577 -0.000161569 4.27942e-06 -8.83709e-05 5.21113e-05 0.00102524
internal_weight=290268 290203 286254 3949 1942 1798 1515 344 1171 220 117 154 103 1017 205 284312 1587 628 399 244 165 229 282725 163406 39592 29059 123814 103316 85776 11568
internal_count=290268 290203 286254 3949 1942 1798 1515 344 1171 220 117 154 103 1017 205 284312 1587 628 399 244 165 229 282725 163406 39592 29059 123814 103316 85776 11568
is_linear=0
shrinkage=0.05


Tree=272
num_leaves=31
num_cat=0
split_feature=14 15 4 1 20 21 0 0 1 20 13 9 19 13 5 21 13 18 1 9 15 22 19 20 15 22 17 21 14 17
split_gain=0.883959 3.26087 2.11147 2.73558 2.3627 1.67512 1.66988 1.54236 2.04497 1.50812 2.25075 2.15901 2.98518 3.10595 1.91678 1.80413 2.9675 1.86102 1.74351 1.98895 1.71402 1.63212 1.53545 1.51877 1.47178 1.71273 1.42764 2.14375 1.37706 2.79676
threshold=28.950000000000003 73.500000000000014 26.315000000000001 7.8250000000000011 274.50000000000006 16.900000000000002 3.2350000000000008 30.275000000000002 25.655000000000005 215.70000000000002 33.750000000000007 462.67344665527349 7.1250000000000009 36.250000000000007 5.6450000000000014 27.500000000000004 45.850000000000001 6.6450000000000005 11.545000000000002 211.55023956298831 84.500000000000014 0.51297097409535064 7.8650000000000011 251.10000000000002 71.500000000000014 0.55656748448714433 249.50000000000003 12.500000000000002 24.650000000000002 250.50000000000003
decision_type=2 2 2 2 8 8 2 2 2 8 2 2 2 2 2 8 2 2 2 2 2 2 2 8 2 2 2 10 2 2
left_child=1 2 5 -4 7 28 -7 8 -5 -2 20 14 13 21 -12 16 26 -18 -17 22 -11 -13 -20 -15 25 -25 -16 -28 29 -1
right_child=9 -3 3 4 -6 6 -8 -9 -10 10 11 12 -14 23 15 18 17 -19 19 -21 -22 -23 -24 24 -26 -27 27 -29 -30 -31
leaf_value=0.0017305239484089992 -0.00054530388480371447 0.00017340812783675039 0.011718682121348771 0.0027473882567396724 -0.00081276955313834803 -0.0029492360676502166 -0.00088361842824753408 -0.0011683944106271056 0.0098352113898919832 3.9782921273771388e-05 -0.0023603606856672961 0.0036789448004015536 -0.00080546113896130659 -0.0021498441064625689 -0.00016840917598314909 -0.00070574529439236381 0.0071343968782782057 0.0040441768462162247 0.0050011346234548658 0.0090509455304264262 0.0064124434787509819 0.0087942069487397662 -0.0038581411362629764 -0.002434051300631753 0.0051780743025309382 0.006327614205299272 0.0077788476346523673 0.0017352805389272874 -0.00052202453626786968 -0.0010718370513933529
leaf_weight=1727 10774 42278 59 226 876 1447 13468 160 107 192432 464 95 233 85 575 1284 67 114 71 73 59 58 126 111 124 73 85 336 21520 1161
leaf_count=1727 10774 42278 59 226 876 1447 13468 160 107 192432 464 95 233 85 575 1284 67 114 71 73 59 58 126 111 124 73 85 336 21520 1161
internal_value=-2.40824e-05 -0.000161933 -0.000481094 0.00140756 0.000953249 -0.000549679 -0.000967148 0.00372211 0.00566066 3.11464e-05 6.27326e-05 0.00124056 0.00360077 0.00562271 0.000665101 0.0011699 0.00264656 0.00853591 5.14789e-05 0.0037037 3.84162e-05 0.0116667 0.00109137 0.00326972 0.0049026 0.00206522 0.0015763 0.0037886 -0.000294577 0.000730608
internal_weight=290268 83029 40751 1428 1369 39323 14915 493 333 207239 196465 3974 779 546 3195 2731 1177 181 1554 270 192491 153 197 393 308 184 996 421 24408 2888
internal_count=290268 83029 40751 1428 1369 39323 14915 493 333 207239 196465 3974 779 546 3195 2731 1177 181 1554 270 192491 153 197 393 308 184 996 421 24408 2888
is_linear=0
shrinkage=0.05


Tree=273
num_leaves=31
num_cat=0
split_feature=13 16 22 23 22 2 20 22 23 24 4 2 22 13 22 23 20 17 22 13 22 23 13 16 24 5 23 13 24 2
split_gain=0.918244 1.89631 2.61057 5.60373 11.6815 7.82887 3.46341 2.77681 2.59957 2.58923 2.47339 2.34046 3.87818 2.65367 2.32996 7.80048 4.90251 2.78075 2.1195 4.22653 2.48634 2.06288 5.98172 3.31819 5.04593 1.93495 1.80184 1.76965 1.74602 2.74437
threshold=10.65 8.6500000000000004 0.89787622492179153 0.29958852271690523 0.94978112945126536 -2.1299999999999968 340.90000000000003 0.87397152483179585 0.19969739736768838 0.05000000000000001 11.915000000000001 -3.2299999999999986 0.92602006027323147 20.550000000000004 0.9893236546938301 0.029024409397335523 190.10000000000002 296.50000000000006 -0.98523971305672675 17.050000000000004 -0.9905448150984083 0.1318557721318592 30.850000000000005 11.750000000000002 0.095000000000000015 11.539285714285716 0.04621408538533487 21.550000000000004 0.89500000000000013 0.76000000000000001
decision_type=2 2 2 2 2 2 10 2 2 10 2 2 2 2 2 2 10 2 2 2 2 2 2 2 10 2 2 2 10 2
left_child=28 9 7 8 6 -6 11 -3 21 14 -7 12 13 -5 -2 25 -17 -18 19 -11 27 26 23 -23 -25 -16 -4 -21 -1 -30
right_child=1 2 3 4 5 10 -8 -9 -10 18 -12 -13 -14 -15 15 16 17 -19 -20 20 -22 22 -24 24 -26 -27 -28 -29 29 -31
leaf_value=-5.3355398000724635e-05 -0.00014998773624958755 -5.0962339610741646e-05 0.00072874281836937541 0.0069094215970378946 0.012555684868288487 0.00087383399204029623 -0.0041309473929048842 -0.0039288905523720474 -0.0033185663429252028 -0.0057845281715460219 0.010072738969833218 0.0020704131229047715 -0.00028338382907348484 0.011373864115412932 -0.0039024023046708971 0.0108547759828342 0.0046632990455307945 -0.001051706851835675 -0.0010531559118699438 0.0083979538421935628 0.008986375738022627 -0.00044475142432412153 0.0057517140932642034 -0.0053761725455928845 0.014639542824279454 0.0042232969464575908 -0.0022433729383886658 -0.011732472402889341 -2.2094066553752712e-05 0.00095221455974083902
leaf_weight=133816 24594 50758 5461 60 54 63 311 1378 1284 141 67 1372 95 77 488 92 260 136 21383 50 77 451 67 64 74 60 913 53 26393 20176
leaf_count=133816 24594 50758 5461 60 54 63 311 1378 1284 141 67 1372 95 77 488 92 260 136 21383 50 77 451 67 64 74 60 913 53 26393 20176
internal_value=-2.27043e-05 -0.000136647 4.40443e-05 0.000766829 0.00307527 0.0151087 0.00191906 -0.000100316 0.000184026 -0.000375418 0.00846154 0.00285536 0.0075 0.0128832 -3.51163e-05 0.00228764 0.00688524 0.0044697 -0.000777277 0.00325545 0.00833333 0.000561876 0.00323171 0.00162139 0.0084058 -0.00180657 0.000287103 0.00325243 4.67045e-05 0.000310398
internal_weight=290268 109883 62549 10413 2099 184 1915 52136 8314 47334 130 1604 232 137 25630 1036 488 396 21704 321 180 7030 656 589 138 548 6374 103 180385 46569
internal_count=290268 109883 62549 10413 2099 184 1915 52136 8314 47334 130 1604 232 137 25630 1036 488 396 21704 321 180 7030 656 589 138 548 6374 103 180385 46569
is_linear=0
shrinkage=0.05


Tree=274
num_leaves=31
num_cat=0
split_feature=19 24 22 23 15 23 0 24 22 2 22 22 17 22 22 13 14 20 23 23 3 24 22 16 22 22 17 9 23 22
split_gain=0.883292 2.02873 2.81711 7.17401 4.33393 3.36934 7.28994 3.17014 10.0123 7.72425 3.54506 22.0262 4.36056 3.00873 3.08161 4.67789 2.57477 2.48708 3.55448 2.37323 3.33466 2.30838 6.64364 4.87584 4.00559 4.85555 7.33217 4.15522 3.85592 5.49877
threshold=9.7750000000000004 0.53000000000000014 -0.83377653105606597 -0.5129677127369543 62.500000000000007 0.39629089145655322 7.3750000000000009 0.69500000000000006 0.85226249403558707 1.7500000000000004 0.71503381463111937 0.75014288946266361 138.50000000000003 -0.97113884758256674 -0.88622299073327826 1.2500000000000002 31.350000000000005 424.50000000000006 -0.99938741687870725 -0.21022037796396451 7.5650000000000013 -0.18999999999999997 0.81428061195174062 11.15 -0.38242426011641079 -0.28519255817492867 134.50000000000003 61.953834533691413 -0.52765736634565841 -0.814291907305839
decision_type=2 10 2 2 2 2 2 10 2 2 2 2 2 2 2 2 2 8 2 2 2 10 2 2 2 2 2 2 2 2
left_child=-1 17 3 4 -3 13 -7 8 10 -10 -4 12 -12 19 -15 -16 -8 21 -19 -5 -21 22 28 -24 -23 26 27 -26 29 -2
right_child=1 2 7 5 -6 6 16 -9 9 -11 11 -13 -14 14 15 -17 -18 18 -20 20 -22 24 23 -25 25 -27 -28 -29 -30 -31
leaf_value=3.7411340791541544e-05 0.0096886797579886098 0.0062839179209921037 -0.00044365286879475033 -0.0090731159766804913 0.019468911921042137 0.014704241752319078 -0.0013303092747080055 -0.00041594782295881682 0.013994545353407448 0.00046860688643134488 0.01040952351869223 -0.0027458906837033777 0.0070532415905732691 -0.0034142807396597913 -0.0019922657246658616 0.0080112935554337156 0.0060594055558800411 0.0039355924894490003 -0.0013057306848459746 0.008018319474192204 0.0023923909965189211 -0.0029860016180562228 0.005150491224733089 -5.7097978564134657e-05 0.0051651118211523952 -0.00046482273224676565 0.00097371847955578174 0.006866919642377004 -0.00024121760318857795 0.0011455836424472889
leaf_weight=193724 740 221 1865 220 114 72 407 17824 76 58 55 572 218 2703 280 174 640 99 17387 91 3675 4407 273 166 84 15581 741 72 23718 4011
leaf_count=193724 740 221 1865 220 114 72 407 17824 76 58 55 572 218 2703 280 174 640 99 17387 91 3675 4407 273 166 84 15581 741 72 23718 4011
internal_value=-2.32211e-05 -0.000146774 0.000200751 0.000961381 0.00813433 0.000670539 0.00322163 -0.000115639 0.0014346 0.0147761 0.000774907 0.00346154 0.0151465 0.000270893 -0.000882168 0.00292951 0.00216332 -0.00029794 -0.000810936 0.00118414 0.00147902 -0.000117789 0.000171578 0.00627563 -0.000518316 -0.000160215 0.00341694 0.0132692 7.74515e-05 0.0013776
internal_weight=290268 96544 29265 8597 335 8262 1119 20668 2844 134 2710 845 273 7143 3157 454 1047 67279 17486 3986 3766 49793 28908 439 20885 16478 897 156 28469 4751
internal_count=290268 96544 29265 8597 335 8262 1119 20668 2844 134 2710 845 273 7143 3157 454 1047 67279 17486 3986 3766 49793 28908 439 20885 16478 897 156 28469 4751
is_linear=0
shrinkage=0.05


Tree=275
num_leaves=31
num_cat=0
split_feature=19 18 18 24 13 24 9 3 23 23 14 17 23 5 3 23 22 22 14 5 17 9 18 13 0 17 17 2 22 17
split_gain=0.923371 1.95561 1.8834 1.77821 2.15679 1.76161 2.22732 2.71712 3.10124 6.37063 5.32089 2.31678 2.32998 1.7614 1.72702 1.66462 5.28443 6.37156 3.45152 3.46085 3.51032 2.003 1.96173 1.83609 1.74184 1.71498 1.61459 1.58446 1.90729 1.54449
threshold=9.7750000000000004 25.580000000000002 8.9750000000000032 1.7100000000000002 47.550000000000004 0.53000000000000014 54.515750885009773 14.205 -0.7614016681079937 -0.73865259438682551 31.050000000000004 56.500000000000007 -0.86974577485258975 9.3935714285714322 13.925000000000002 0.98174098242282837 -0.03977009085991149 0.15951094710994371 29.350000000000005 8.9407142857142876 267.50000000000006 110.43804168701173 11.325000000000001 5.2500000000000009 8.2850000000000019 279.50000000000006 251.50000000000003 1.0950000000000009 -0.28519255817492867 122.50000000000001
decision_type=2 2 2 8 2 10 2 2 2 2 2 2 2 2 2 2 2 2 2 2 2 2 2 2 2 2 2 2 2 2
left_child=1 -1 3 4 -2 15 13 8 11 10 -10 12 -8 -7 -3 24 18 -18 25 -20 -21 -19 -23 -22 -4 26 -17 29 -29 -15
right_child=2 14 5 -5 -6 6 7 -9 9 -11 -12 -13 -14 27 -16 16 17 21 19 20 23 22 -24 -25 -26 -27 -28 28 -30 -31
leaf_value=2.9922224196118744e-05 0.00021664724094319545 0.0091551175892085196 0.0006386466614426837 0.0023218143022370164 0.0054204955846856367 -0.00086599378400449762 0.00055256757496272653 -0.0026073111189955536 0.011475531189940944 0.0007276723755476152 0.0022718618870685874 -0.0013161197383470182 0.006818894354368059 -0.0019949933525246137 0.0025862142920255798 0.0071335409700405278 -0.0023680065814786523 0.012160116323885728 -0.0015223751334207036 0.00046226473592353201 0.007039695418243657 0.01297226262424586 -0.00059991979191603413 0.0052411467695677068 -0.00073635876857019555 0.0036091881390868021 0.011982997466959723 0.0037312683482836947 -8.8091407134102914e-05 0.0013451898887692187
leaf_weight=193333 12548 93 4567 1237 57 1660 92 3621 82 5226 125 4089 54 1304 298 132 1247 59 275 132 72 50 80 62 50844 59 52 3620 1272 3926
leaf_count=193333 12548 93 4567 1237 57 1660 92 3621 82 5226 125 4089 54 1304 298 132 1247 59 275 132 72 50 80 62 50844 59 52 3620 1272 3926
internal_value=-2.76997e-05 3.52552e-05 -0.000154024 0.000385781 0.00020825 -0.000244373 0.000105499 -0.000338251 9.92955e-05 0.000889931 0.00949275 -0.000914995 0.00527397 0.000606008 0.00356777 -0.000396576 0.000945945 -0.000856547 0.00424745 0.00202403 0.00609022 0.00769841 0.00423077 0.011791 -0.000450363 0.00919753 0.0115761 0.000853585 0.00150041 0.000248565
internal_weight=290268 193724 96544 13842 12605 82702 25071 13289 9668 5433 207 4235 146 11782 391 57631 2220 1436 784 541 266 189 130 134 55411 243 184 10122 4892 5230
internal_count=290268 193724 96544 13842 12605 82702 25071 13289 9668 5433 207 4235 146 11782 391 57631 2220 1436 784 541 266 189 130 134 55411 243 184 10122 4892 5230
is_linear=0
shrinkage=0.05


Tree=276
num_leaves=31
num_cat=0
split_feature=13 24 24 4 15 20 1 20 13 14 15 14 1 20 20 16 20 15 20 14 5 24 24 20 9 5 14 24 24 9
split_gain=0.875128 1.7192 2.36789 2.24811 2.18547 2.02892 1.93447 1.72998 1.57138 1.86477 1.80277 1.60698 1.70999 2.14059 2.46317 1.7616 1.49354 1.45572 2.22047 1.42785 2.16446 1.41457 1.79812 2.54835 2.39553 1.67552 1.59239 1.40603 1.86676 2.38753
threshold=10.65 0.69500000000000006 0.53000000000000014 102.57500000000002 84.500000000000014 238.15000000000001 3.2450000000000006 192.40000000000003 15.15 27.250000000000004 74.500000000000014 25.250000000000004 5.995000000000001 198.40000000000003 137.60000000000002 8.3500000000000032 247.80000000000004 65.500000000000014 311.10000000000008 24.650000000000002 6.3564285714285722 -0.42499999999999993 0.47500000000000003 1.0000000180025095e-35 248.98963165283206 4.7978571428571444 30.050000000000004 1.7100000000000002 1.6100000000000003 845.66873168945324
decision_type=2 10 8 2 2 8 2 8 2 2 2 2 2 8 10 2 8 2 10 2 2 10 10 10 2 2 2 10 10 2
left_child=27 2 8 -4 5 -3 16 -6 11 10 17 -2 21 14 -14 -16 -7 19 -19 20 -10 26 23 24 -23 -25 -13 28 -1 -30
right_child=1 4 3 -5 7 6 -8 -9 9 -11 -12 12 13 -15 15 -17 -18 18 -20 -21 -22 22 -24 25 -26 -27 -28 -29 29 -31
leaf_value=1.6201011653420229e-05 -0.0032072529162814126 -0.0018287943342974661 0.0016522127389903597 0.017526778138225476 -0.00051635860043831828 0.0039500902729559277 -0.00032726389280563791 0.0027344920303127677 0.0048053832348817632 0.00028642479735070295 -2.1668902155398735e-05 -0.0015161178827728641 -0.0032410294989318545 -0.00095980141994672576 0.0037707430077591852 -0.00010499599119781975 -0.0039134655711684854 -0.0032086980955926847 0.0026671040586132826 -0.00052372292750011589 -0.0014720103873000407 -5.2008217072369154e-05 -0.0035303579558907568 0.0040364090006784472 0.0074453364508255447 0.00041456311222632069 0.0020724036241794286 0.00053516407525007004 -0.0026943898131976795 0.0017059544244000507
leaf_weight=158344 1523 6085 1956 58 938 65 21554 1055 58 40134 7039 2086 318 16199 940 640 1071 2282 105 861 78 92 412 501 156 2684 993 19035 2614 392
leaf_count=158344 1523 6085 1956 58 938 65 21554 1055 58 40134 7039 2086 318 16199 940 640 1071 2282 105 861 78 92 412 501 156 2684 993 19035 2614 392
internal_value=-2.63217e-05 -0.000137557 -1.4221e-05 0.00167825 -0.000454694 -0.000565596 -0.000348172 0.00114651 -5.8431e-05 0.000105128 -0.000490743 -0.000369953 -0.000273971 -0.000529647 0.00105901 0.00186709 -0.00235916 -0.00143913 -0.00210934 0.000165495 0.00492647 0.00039428 0.00103381 0.00140839 0.00629032 0.00102826 -0.000404353 4.1438e-05 -6.50878e-06 -0.00124085
internal_weight=290268 109883 79115 2014 30768 28775 22690 1993 77101 50557 10423 26544 25021 18097 1898 1580 1136 3384 2387 997 136 6924 3845 3433 248 3185 3079 180385 161350 3006
internal_count=290268 109883 79115 2014 30768 28775 22690 1993 77101 50557 10423 26544 25021 18097 1898 1580 1136 3384 2387 997 136 6924 3845 3433 248 3185 3079 180385 161350 3006
is_linear=0
shrinkage=0.05


Tree=277
num_leaves=31
num_cat=0
split_feature=14 12 7 14 24 24 4 20 13 24 0 4 16 9 13 4 16 16 1 5 2 14 24 24 19 2 14 15 9 5
split_gain=0.873858 0.876034 0.937187 0.824847 2.23128 2.22523 4.03861 2.75697 2.15608 2.10155 2.3399 2.69331 2.036 4.25541 2.64041 3.22179 2.52912 3.23191 3.23401 2.60444 2.16542 2.05993 3.13551 2.09046 2.0558 1.97625 1.97494 1.91132 1.86881 2.01519
threshold=36.350000000000001 6.5000000000000009 27.500000000000004 30.050000000000004 0.24500000000000002 -0.49499999999999994 6.7150000000000007 708.00000000000011 4.9500000000000011 -0.55499999999999983 7.9250000000000007 11.345000000000001 10.65 998.87963867187511 14.450000000000001 19.595000000000002 11.350000000000003 11.65 4.8650000000000011 6.1935714285714303 1.5499999999999998 29.250000000000004 -0.29499999999999993 -0.27499999999999997 7.5950000000000006 -3.9199999999999982 25.550000000000004 55.500000000000007 483.01396179199224 11.467857142857145
decision_type=2 2 2 2 10 8 2 10 2 10 2 2 2 2 2 2 2 2 2 2 2 2 10 10 2 2 2 2 2 2
left_child=1 2 3 4 5 7 8 9 -7 27 -11 -12 20 21 16 25 -15 -18 19 -19 -8 22 -14 -24 -17 -16 -22 -1 -6 -30
right_child=-2 -3 -4 -5 28 6 12 -9 -10 10 11 -13 13 14 15 24 17 18 -20 -21 26 -23 23 -25 -26 -27 -28 -29 29 -31
leaf_value=-0.0034842566465156963 0.01108039886770709 -0.0073281256618223508 0.006436234690692569 6.7585634435324355e-05 -0.00067406243060218445 0.0032554415360076267 0.00015640531826554909 0.0031536468716275678 0.0010341522550187357 -0.0025656495884882418 0.0030407311919315397 -0.0038634223998178369 0.002501527994226278 -0.00081742763886014785 0.0058738691777294695 0.010025209344319377 0.0065206274652450727 0.0023500610532953283 0.0027276312790469178 0.0058118314480811286 -0.0027423798472686798 -0.00072132822238029574 -0.0045449868628209536 0.0003972539594101186 0.0019097451687597391 -0.0016292728982449066 -0.00047638645655786939 -0.00010955683057418777 0.00015319129919824469 0.0041159978269497827
leaf_weight=822 65 477 76 157317 37092 912 31727 58 2486 3234 401 328 2325 232 131 64 94 84 722 57 1477 5862 452 5595 50 729 11265 20792 4963 379
leaf_count=822 65 477 76 157317 37092 912 31727 58 2486 3234 401 328 2325 232 131 64 94 84 722 57 1477 5862 452 5595 50 729 11265 20792 4963 379
internal_value=-2.75275e-05 -2.88258e-05 -2.5301e-05 -2.67576e-05 -0.000118755 2.23016e-05 0.000179415 -0.000371564 0.00185697 -0.000396256 -0.00145471 0.00110425 8.5761e-05 0.000561992 0.00262829 0.000698151 0.00420942 0.00534483 0.00438586 0.0113121 -8.98391e-05 0.000247997 0.000751313 0.000151314 0.00859649 -0.000348838 -0.000640403 -0.000202185 -0.000417591 0.000456757
internal_weight=290268 290203 289726 289650 132333 89899 64264 25635 3398 25577 3963 729 60866 16397 2163 974 1189 957 863 141 44469 14234 8372 6047 114 860 12742 21614 42434 5342
internal_count=290268 290203 289726 289650 132333 89899 64264 25635 3398 25577 3963 729 60866 16397 2163 974 1189 957 863 141 44469 14234 8372 6047 114 860 12742 21614 42434 5342
is_linear=0
shrinkage=0.05


Tree=278
num_leaves=31
num_cat=0
split_feature=23 23 13 24 4 5 24 0 22 17 0 18 9 20 1 24 1 20 24 4 17 0 24 5 23 23 22 22 21 13
split_gain=0.807684 1.176 2.60846 3.31362 4.93154 1.90163 2.48292 8.57421 1.96036 1.91496 1.56965 2.22954 1.91109 3.38677 4.98944 3.36257 2.6804 2.37132 1.47131 1.36278 1.36423 1.25914 1.23958 1.881 1.2045 7.09521 6.89194 14.1827 6.41234 9.68174
threshold=-0.99465740988130902 -0.97874870457683594 3.9500000000000006 1.7100000000000002 12.675000000000002 9.7207142857142887 1.7100000000000002 8.6950000000000021 0.19337368024598436 127.50000000000001 4.9050000000000011 8.8450000000000006 349.36264038085943 202.40000000000003 5.5250000000000012 0.05000000000000001 7.1950000000000012 291.80000000000001 0.05000000000000001 8.8750000000000018 252.50000000000003 5.3050000000000006 1.0350000000000004 5.7214285714285724 -0.87810534180523914 -0.90892157495189674 0.39036257410962044 0.3261394409934788 16.900000000000002 4.7500000000000009
decision_type=2 2 2 10 2 2 10 2 2 2 2 2 2 8 2 10 2 8 10 2 2 2 10 2 2 2 2 2 10 2
left_child=-1 2 5 10 -5 6 9 -8 -7 22 18 12 13 16 15 -15 -12 -17 -4 -14 -21 -11 23 -2 25 26 27 -3 29 -28
right_child=1 24 3 4 -6 8 7 -9 -10 21 11 -13 19 14 -16 17 -18 -19 -20 20 -22 -23 -24 -25 -26 -27 28 -29 -30 -31
leaf_value=-0.00041763362814079441 0.0039636314721853355 0.00048606363399966869 0.0040083393086796336 0.0094276726029375001 0.00040773960900803829 0.00065165950772689022 0.0091848223070664127 -0.00047221671418601845 0.0065669636244546975 0.00085166424405464295 0.0018543555654677243 1.0845992013721616e-05 -0.0048013638606696878 0.012036335161560559 0.00085157468327666866 -0.00035246242110166526 0.0093457454595000568 0.0041871719402775988 -0.0030589387777008861 5.5807845154745792e-05 0.0046097007430543338 -0.0025602264918379736 -0.001753752164726727 0.00088079289201174109 5.4569934776372978e-06 -0.0028599013767760194 0.01195629300522822 -0.0061815845900413374 -0.0009168749174542954 0.0044155285092587699
leaf_weight=9504 54 15840 107 51 63 1910 52 265 75 256 63 1262 174 79 1031 107 86 149 531 207 68 2036 270 608 244332 6336 228 3168 689 667
leaf_count=9504 54 15840 107 51 63 1910 52 265 75 256 63 1262 174 79 1031 107 86 149 531 207 68 2036 270 608 244332 6336 228 3168 689 667
internal_value=-2.75275e-05 -1.21822e-05 0.000534511 0.00151081 0.00991228 -0.000168297 -0.000862752 0.00335962 0.00107053 -0.00127792 0.00126294 0.0017111 0.00276476 0.00361386 0.00283309 0.00813433 0.0107718 0.00535156 -0.00100314 -0.000100224 0.00209091 -0.00205498 0.000633046 0.00179758 -3.13364e-05 -0.000348709 0.000101495 -0.000162564 0.0032702 0.00606145
internal_weight=290268 280764 9504 3978 114 5526 3541 317 1985 3224 3864 3226 1964 1515 1366 335 149 256 638 449 275 2292 932 662 271260 26928 20592 19008 1584 895
internal_count=290268 280764 9504 3978 114 5526 3541 317 1985 3224 3864 3226 1964 1515 1366 335 149 256 638 449 275 2292 932 662 271260 26928 20592 19008 1584 895
is_linear=0
shrinkage=0.05


Tree=279
num_leaves=31
num_cat=0
split_feature=14 19 5 18 0 24 13 24 9 3 23 23 14 23 22 3 17 23 23 4 24 24 14 22 23 19 13 18 13 22
split_gain=0.874221 0.865081 2.01265 1.67285 1.7246 1.67633 1.91439 1.5051 2.82614 1.84849 1.93987 6.81765 5.03317 1.9806 10.3014 2.14461 1.96419 2.04982 1.56398 1.48299 1.44558 1.44468 1.44189 1.42464 2.87573 1.42259 1.81129 1.40007 1.43892 1.37798
threshold=36.350000000000001 9.7750000000000004 32.962857142857153 9.4350000000000005 8.4050000000000029 1.7100000000000002 47.550000000000004 0.53000000000000014 54.515750885009773 14.205 -0.7614016681079937 -0.73865259438682551 30.450000000000003 -0.6652727025667432 0.71503381463111937 9.4016666666666691 56.500000000000007 -0.86974577485258975 -0.72694848937061807 45.485000000000007 1.8750000000000002 0.36500000000000005 28.650000000000002 -0.814291907305839 -0.54219087765047058 10.285000000000002 4.1500000000000012 10.585000000000003 45.850000000000001 -0.9905448150984083
decision_type=2 2 2 2 2 8 2 10 2 2 2 2 2 2 2 2 2 2 2 2 8 10 2 2 2 2 2 2 2 2
left_child=1 2 27 5 -5 6 22 21 25 10 16 12 -12 14 18 -16 17 -10 -13 -4 -21 -6 -3 24 -15 -9 -27 -1 -29 -11
right_child=-2 3 19 4 7 -7 -8 8 9 29 11 13 -14 23 15 -17 -18 -19 -20 20 -22 -23 -24 -25 -26 26 -28 28 -30 -31
leaf_value=-2.4232538953157464e-05 0.010526106074647851 -0.00070354898480572549 -0.0063050055055479566 0.0007092177156726565 -0.0005662307673335767 0.0021525678603477043 0.0051865013516482058 -0.0016765507550632868 -0.00022960982237937456 0.00042122341012426921 0.013842493001406275 0.0029542507083886033 0.0029331191349951545 0.012621665923459261 0.0043123391648806509 0.0094533849291228503 -0.0014660297167443438 0.0066213793791564382 -0.0043016709690908636 0.0041965195097654652 0.02203464528347697 -0.0033137339861095509 0.0004618745567174616 -0.00082573276386468236 0.00067428966920268058 0.0019523245918520043 -0.00038446911482773789 0.00053557359617023527 0.0080042639742218934 -0.0031896228423447244
leaf_weight=175662 65 4643 63 6071 49516 1528 66 896 79 674 53 91 110 97 59 89 3338 50 279 423 75 1014 11298 2344 1152 7327 2818 17429 61 2898
leaf_count=175662 65 4643 63 6071 49516 1528 66 896 79 674 53 91 110 97 59 89 3338 50 279 423 75 1014 11298 2344 1152 7327 2818 17429 61 2898
internal_value=-2.87333e-05 -3.00319e-05 3.0895e-05 -0.000152349 -0.00025046 0.00028942 0.000138376 -0.000317904 2.37082e-05 -0.00053169 -9.75338e-05 0.000615347 0.0106442 0.000217707 0.00310811 0.0142568 -0.00097635 0.00507752 -0.00135135 0.00302139 0.00393574 -0.000469029 0.000103192 -0.000198999 0.00116493 0.000592789 0.000761458 2.22093e-05 0.000448827 -0.00147257
internal_weight=290268 290203 193713 96490 78955 17535 16007 72884 22354 11313 7741 4274 163 4111 518 148 3467 129 370 561 498 50530 15941 3593 1249 11041 10145 193152 17490 3572
internal_count=290268 290203 193713 96490 78955 17535 16007 72884 22354 11313 7741 4274 163 4111 518 148 3467 129 370 561 498 50530 15941 3593 1249 11041 10145 193152 17490 3572
is_linear=0
shrinkage=0.05


Tree=280
num_leaves=31
num_cat=0
split_feature=14 12 22 22 22 14 20 2 1 18 17 13 8 2 5 18 2 20 16 14 9 14 13 1 9 9 2 20 14 17
split_gain=0.874273 0.854197 1.23085 2.29229 3.60507 2.12545 4.49111 1.64281 1.35192 1.19846 1.5782 1.37215 1.1606 1.26013 1.03212 1.69715 1.20701 1.43296 0.98183 1.81963 1.48315 2.11229 2.47385 1.64736 1.34279 0.966606 2.2246 3.4386 2.57969 1.81797
threshold=36.350000000000001 1.5000000000000002 -0.61237985104942771 -0.54220184589352438 -0.56368474752277564 30.650000000000002 429.10000000000008 30.32 65.060000000000016 6.2550000000000008 187.50000000000003 14.250000000000002 39.500000000000007 2.4200000000000017 8.2992857142857179 5.7250000000000005 0.26999999999999985 252.40000000000003 20.150000000000002 30.350000000000005 37.542234420776374 31.350000000000005 9.4500000000000011 9.8550000000000022 182.93508911132815 115.39485168457033 2.7549999999999999 243.20000000000002 31.250000000000004 14.500000000000002
decision_type=2 2 2 2 2 2 10 2 2 2 2 2 2 2 2 2 2 10 2 2 2 2 2 2 2 2 2 8 2 2
left_child=1 12 7 4 -4 -6 -7 9 -9 10 -3 -12 18 -14 15 -5 17 -17 25 -20 -21 22 23 24 -22 29 -27 -28 -29 -1
right_child=-2 2 3 14 5 6 -8 8 -10 -11 11 -13 13 -15 -16 16 -18 -19 19 20 21 -23 -24 -25 -26 26 27 28 -30 -31
leaf_value=0.0015387453454514431 0.0099998007709154527 -0.00085765392265377434 -0.00015719627270047027 -0.0016604661083591118 4.1092994677715498e-05 0.021585427398221963 0.0047176946185663628 0.0079539404223005119 0.00020369232649188201 -0.0020899476040835037 0.0098224577127466531 0.001152280315432131 0.015613195157605031 -0.00084930430883103621 -0.00068229541800816776 0.018259285623452956 0.001121461643913817 0.0020929079155124117 -0.00018147823958697179 -4.4799749365540773e-05 0.0030539673607255947 5.5318544420819856e-05 -0.007489140242023214 0.0067731428584949932 0.00022742446153387996 -2.6819918398027416e-05 -0.0018195138481068625 0.00025802852331941486 -0.0014678330250215968 6.7797615590678084e-05
leaf_weight=3367 65 215 340 193 64 67 93 149 280 7438 73 68 86 84 2729 62 158 54 938 225 64 152 54 68 54 143614 5964 12042 4952 106556
leaf_count=3367 65 215 340 193 64 67 93 149 280 7438 73 68 86 84 2729 62 158 54 938 225 64 152 54 68 54 143614 5964 12042 4952 106556
internal_value=-2.89055e-05 -3.02042e-05 -0.000443546 0.00030585 0.00324468 0.00816964 0.01125 -0.000786211 0.00222611 -0.000952016 0.00188202 0.00599291 -1.24015e-05 0.00411765 -0.000212767 0.00195931 0.00448905 0.00836207 -1.49266e-05 0.00123794 0.00334684 0.00520408 0.008125 0.0108602 0.00728813 -2.19727e-05 -9.79168e-05 -0.000554928 -0.000192422 9.31094e-05
internal_weight=290268 290203 11983 3760 564 224 160 8223 429 7794 356 141 278220 170 3196 467 274 116 278050 1555 617 392 240 186 118 276495 166572 22958 16994 109923
internal_count=290268 290203 11983 3760 564 224 160 8223 429 7794 356 141 278220 170 3196 467 274 116 278050 1555 617 392 240 186 118 276495 166572 22958 16994 109923
is_linear=0
shrinkage=0.05


Tree=281
num_leaves=31
num_cat=0
split_feature=14 12 14 22 22 23 16 17 24 0 5 5 18 24 22 22 24 21 20 18 17 4 23 22 22 22 4 20 0 4
split_gain=0.87417 0.791549 0.823695 2.05452 12.2706 7.36254 6.82672 4.23063 4.34996 4.49792 3.82411 3.42153 4.35971 3.40077 3.78618 4.84739 4.84922 5.13359 7.64052 3.19848 3.08206 3.94095 2.62548 6.46709 4.19332 7.08919 5.09467 4.3971 3.39924 3.15375
threshold=36.350000000000001 6.5000000000000009 30.050000000000004 -0.42180583328916638 -0.35846811432664222 -0.92272482904738262 12.15 278.50000000000006 -0.60499999999999987 3.7350000000000008 18.039285714285718 10.350000000000003 5.3550000000000013 -0.18999999999999997 -0.63921128368950708 -0.67803021058859214 1.3150000000000002 16.900000000000002 315.30000000000001 7.4750000000000005 294.50000000000006 10.035000000000002 -0.45273527932988084 -0.73866753694953124 -0.88622299073327826 -0.84315017450793706 19.595000000000002 252.40000000000003 4.955000000000001 8.5550000000000015
decision_type=2 2 2 2 2 2 2 2 10 2 2 2 2 10 2 2 10 10 10 2 2 2 2 2 2 2 2 10 2 2
left_child=1 2 3 13 5 6 11 8 9 -7 -6 12 -5 22 15 -15 -17 18 -18 -14 21 -9 23 24 26 -26 27 -1 -25 -27
right_child=-2 -3 -4 4 10 7 -8 20 -10 -11 -12 -13 19 14 -16 16 17 -19 -20 -21 -22 -23 -24 28 25 29 -28 -29 -30 -31
leaf_value=0.022577515303081257 0.0094998107323696727 -0.0068291833098342433 6.2881272942034774e-05 0.0046044651028302368 -0.00014667705673457971 0.0055238214264754226 -1.0759414975653527e-05 0.0066950014714788524 -0.00093691672336975872 0.0023865131344694263 0.0027846513346501912 0.0047519490918069103 0.011451934826311841 -0.00086271566042753472 -0.0030375209591242186 -0.0032300229611098041 0.0046221510329066207 0.0025549958753241769 0.015996398626518731 0.0091705827410196034 0.0024927398851077131 0.0027049137052090259 -0.00032983458756766649 0.0030158585383777553 -0.0039041950996134729 0.0069781159881690293 -0.0050536632253178415 0.0073861001684617112 -0.0017532118476733475 0.0043218147565799465
leaf_weight=55 65 477 157391 52 83094 80 162 52 1155 365 1750 91 52 9886 4308 272 139 225 62 153 506 97 24852 264 572 84 52 52 2391 1512
leaf_count=55 65 477 157391 52 83094 80 162 52 1155 365 1750 91 52 9886 4308 272 139 225 62 153 506 97 24852 264 572 84 52 52 2391 1512
internal_value=-2.8561e-05 -2.98596e-05 -2.6509e-05 -0.000118451 2.23139e-05 0.00330018 0.00872549 0.00207317 0.000687499 0.00488764 -8.45092e-05 0.0126724 0.0156226 -0.000394179 -0.00101128 -0.000502647 0.00352435 0.00685446 0.0126617 0.0189024 0.00545801 0.0117785 -8.61445e-05 0.00096146 0.00288569 0.00231088 0.0107233 0.0169626 -0.000725048 0.00402256
internal_weight=290268 290203 289726 132335 87609 2765 510 2255 1600 445 84844 348 257 44726 14892 10584 698 426 201 205 655 149 29834 4982 2327 2168 159 107 2655 1596
internal_count=290268 290203 289726 132335 87609 2765 510 2255 1600 445 84844 348 257 44726 14892 10584 698 426 201 205 655 149 29834 4982 2327 2168 159 107 2655 1596
is_linear=0
shrinkage=0.05


Tree=282
num_leaves=31
num_cat=0
split_feature=14 19 23 22 13 17 18 23 22 24 22 17 21 20 23 20 15 19 17 19 24 17 21 18 19 9 23 1 21 23
split_gain=0.87365 0.877166 2.60149 8.82689 6.49265 3.76176 5.23742 3.74295 6.02258 5.55913 5.01798 4.8971 5.2889 3.86634 3.85759 5.31293 3.62083 2.99683 2.85414 3.26877 3.68792 3.12221 2.82051 2.85262 2.91148 2.73969 2.64094 2.51177 3.86027 2.52416
threshold=36.350000000000001 6.6450000000000005 -0.80417042486635371 0.49812943072827093 6.7500000000000009 238.50000000000003 5.8050000000000006 -0.90892157495189674 0.39036257410962044 1.3800000000000001 0.3261394409934788 243.50000000000003 16.900000000000002 226.60000000000002 -0.97111920233974802 403.65000000000003 82.500000000000014 5.3550000000000013 280.50000000000006 4.3450000000000006 -0.049999999999999996 165.50000000000003 12.500000000000002 5.0050000000000008 5.4350000000000014 196.31328582763675 -0.98212955754013376 7.5950000000000006 347.50000000000006 0.99530134160901229
decision_type=2 2 2 2 2 2 2 2 2 10 2 2 10 10 2 8 2 2 2 2 10 2 8 2 2 2 2 2 10 2
left_child=1 2 3 7 -5 6 16 8 10 11 14 12 22 -13 26 25 17 -6 19 21 -21 -17 -10 -24 -25 -16 -1 28 29 -4
right_child=-2 -3 27 4 5 -7 -8 -9 9 -11 -12 13 -14 -15 15 18 -18 -19 -20 20 -22 -23 23 24 -26 -27 -28 -29 -30 -31
leaf_value=0.00058328181023129953 0.0090248201957511699 -0.00010884618145783986 -0.0001572816592803882 0.00018201054056625208 0.0054886443964275869 0.001484718596603871 0.0049818290626173368 -0.0022805386627898667 0.013011540427386135 -0.003304005466720833 -0.0063012617358422359 -0.0033084703929615782 0.0041494519905921241 0.012510087434886481 0.003264592174076146 0.0094034165255324764 0.0092236442168358076 0.0080621759329681294 -0.0015419749241376928 0.0083149489737184747 0.00220252294604017 0.0021268621305126907 0.0026461411027756811 0.011281005187607142 0.0097735529119990991 -0.0011418016470948213 -0.0019064659508435868 0.00047837446972323584 0.0033074152199341691 -0.0020298098535601375
leaf_weight=5085 65 189198 54713 531 203 267 297 2585 55 148 1064 138 92 54 1001 84 50 69 90 59 315 54 54 62 79 944 1353 28058 104 3397
leaf_count=5085 65 189198 54713 531 203 267 297 2585 55 148 1064 138 92 54 1001 84 50 69 90 59 315 54 54 62 79 944 1353 28058 104 3397
internal_value=-2.68385e-05 -2.81367e-05 9.08359e-05 0.000704879 0.0044566 0.00707675 0.00921648 0.000305646 0.00071708 0.00526393 0.000408497 0.00764045 0.0112281 0.00125 0.000792987 0.00244012 0.0136335 0.0113603 0.00654485 0.00798828 0.0055615 0.0145652 0.015 0.0121795 0.015922 0.00116966 0.000141347 -1.40266e-05 -0.000201327 -0.000218552
internal_weight=290268 290203 101005 14733 1417 886 619 13316 10731 682 10049 534 342 192 8985 2547 322 272 602 512 374 138 250 195 141 1945 6438 86272 58214 58110
internal_count=290268 290203 101005 14733 1417 886 619 13316 10731 682 10049 534 342 192 8985 2547 322 272 602 512 374 138 250 195 141 1945 6438 86272 58214 58110
is_linear=0
shrinkage=0.05


Tree=283
num_leaves=31
num_cat=0
split_feature=14 13 23 23 24 2 15 14 17 9 2 20 19 17 24 23 13 23 22 22 22 2 23 22 24 19 4 23 24 14
split_gain=0.874481 0.82972 1.88903 2.30256 3.77274 2.92738 2.97757 2.93965 2.46687 2.56051 3.82459 2.17017 2.01411 2.60815 2.76667 2.88321 1.9203 1.79365 1.73176 3.49727 3.38811 3.89766 11.781 4.08814 16.568 3.73389 3.28397 9.0947 3.96231 8.15221
threshold=36.350000000000001 10.65 0.9989598388634241 0.9863035000474919 -0.49499999999999994 2.1200000000000032 87.500000000000014 29.850000000000005 238.50000000000003 998.87963867187511 -4.139999999999997 310.25000000000006 6.6850000000000014 124.50000000000001 -0.40499999999999997 0.99249573635719013 25.950000000000003 0.99748108949426018 0.89787622492179153 0.89017062131308955 0.93237596376505805 -4.0299999999999976 0.41202506375868281 0.92273069556937592 1.1900000000000002 6.2150000000000007 7.0150000000000006 -0.39827153806311183 -0.029999999999999995 28.850000000000005
decision_type=2 2 2 2 10 2 2 2 2 2 2 10 2 2 10 2 2 2 2 2 2 2 2 2 10 2 2 2 10 2
left_child=1 -1 3 18 5 6 16 -7 12 -10 -11 -12 13 -6 -15 -16 17 -5 19 -3 21 22 -20 26 25 -25 27 -23 29 -28
right_child=-2 2 -4 4 8 7 -8 -9 9 10 11 -13 -14 14 15 -17 -18 -19 20 -21 -22 23 -24 24 -26 -27 28 -29 -30 -31
leaf_value=4.0287269705713779e-05 0.0085735791859635965 -0.00024792230826475712 -0.0021165161658008975 0.0032287890841818283 0.0010536311124174549 0.011090895459383224 0.0059089384519967637 0.0016522059766060108 -0.0026266165597688697 0.013780456478803826 -0.0031209644671166287 0.006485027958597323 -2.8853693900410767e-05 0.00041632665814453568 0.01483660639416109 0.0035169945840865567 -0.0031855175627984547 -0.0052623675876192801 0.0017243951386786797 -0.0056057931946865832 -7.1509135131909225e-05 0.011992019680122689 0.015807875862026793 -0.0027348692325982393 0.0096351136934661151 0.0065203113827487589 -0.0062547854193462206 -0.00030652620130566734 -0.0027399548247150599 0.0064755950289279059
leaf_weight=180324 65 84900 1488 787 339 101 57 84 1555 51 193 51 775 87 52 129 219 91 254 698 14631 88 81 400 91 518 202 264 1480 213
leaf_count=180324 65 84900 1488 787 339 101 57 84 1555 51 193 51 775 87 52 129 219 91 254 698 14631 88 81 400 91 518 202 264 1480 213
internal_value=-2.95945e-05 -3.08934e-05 -0.0001392 -0.000114909 0.000983372 0.00321508 0.00227903 0.00905405 5.87859e-05 -0.00113514 0.00313559 0.000532786 0.00165702 0.00381384 0.0075 0.0110221 0.00170009 0.00274487 -0.000163265 -0.000257484 0.000279331 0.00165553 0.00679104 0.00112715 0.00377106 0.00175381 -6.00813e-05 0.004375 -0.000883906 0.00343373
internal_weight=290268 290203 109879 108391 4571 1339 1154 185 3232 1850 295 244 1382 607 268 181 1097 878 103820 85598 18222 3591 335 3256 1009 918 2247 352 1895 415
internal_count=290268 290203 109879 108391 4571 1339 1154 185 3232 1850 295 244 1382 607 268 181 1097 878 103820 85598 18222 3591 335 3256 1009 918 2247 352 1895 415
is_linear=0
shrinkage=0.05


Tree=284
num_leaves=31
num_cat=0
split_feature=15 20 22 14 24 24 17 4 13 14 24 22 22 17 23 22 22 16 2 16 13 24 24 22 22 17 16 5 21 20
split_gain=0.793853 1.75598 1.74051 1.63226 2.53314 2.3014 2.47831 3.73555 2.77488 2.64707 2.60601 5.10896 4.52028 2.54142 2.34334 2.27451 3.38994 2.98584 4.21399 2.59863 2.02177 1.99234 2.60475 2.12984 10.4498 2.44018 1.91482 1.81125 2.04242 2.0654
threshold=65.500000000000014 808.40000000000009 0.99983759474438971 29.850000000000005 1.9550000000000003 -0.60499999999999987 207.50000000000003 10.665000000000001 22.750000000000004 23.750000000000004 1.7100000000000002 -0.082689790342551819 -0.55657520495441892 155.50000000000003 -0.96234030595689413 -0.95754239937548935 -0.91597725483594616 11.350000000000003 1.0100000000000013 12.15 20.350000000000005 -0.40499999999999997 0.47500000000000003 0.98372640911059162 0.97314989601849466 289.50000000000006 6.5500000000000007 5.9271428571428588 12.500000000000002 297.00000000000006
decision_type=2 10 2 2 10 8 2 2 2 2 8 2 2 2 2 2 2 2 2 2 2 10 10 2 2 2 2 2 10 10
left_child=2 -2 3 4 5 20 9 8 10 13 14 12 -12 -7 -8 26 17 18 -17 21 -1 -18 23 24 27 -26 -16 28 -23 -30
right_child=1 -3 -4 -5 -6 6 7 -9 -10 -11 11 -13 -14 -15 15 16 19 -19 -20 -21 -22 22 -24 -25 25 -27 -28 -29 29 -31
leaf_value=-0.0028796608519607988 5.0809522526765455e-05 0.002819444375447659 -0.0034991288315721126 -2.0837539303726514e-05 -0.0059819748572858588 -0.00073960719688370203 -0.0024052100157830377 -0.00072078637777323311 -0.003685725268298419 -0.00093539614254312402 0.0057502755731037294 0.0004136470886973477 0.013657311354645766 0.0082900048606646612 0.0046729421508949348 0.0086281129294460673 -0.00076548406930004832 0.00022027623767116198 0.0015502141427297328 0.0043117637094263403 0.0027503394029861016 0.0055235997992548504 -0.00052427405394315141 -0.0013721134513660844 0.012456115501574301 0.010850939194490011 -0.0075503895641203175 0.00096281819412139262 0.0040228117098094615 -0.0032456050532607174
leaf_weight=2822 150515 92 552 111413 808 104 598 4074 409 13428 68 170 62 108 88 97 1047 99 66 364 266 462 773 220 51 58 263 778 198 215
leaf_count=2822 150515 92 552 111413 808 104 598 4074 409 13428 68 170 62 108 88 97 1047 99 66 364 266 462 773 220 51 58 263 778 198 215
internal_value=-2.87333e-05 5.08929e-05 -0.0001146 -0.000103481 -0.000446997 -0.000364104 -0.00019748 0.0003937 0.00117811 -0.000637831 0.00146468 0.006 0.0134615 0.00490566 0.00121164 0.00158087 0.00188798 0.00740458 0.0115644 0.00154105 -0.00164832 0.00115465 0.00186025 0.00282038 0.00339954 0.0183945 -0.00229345 0.00241077 0.00397143 0.00141646
internal_weight=290268 150607 139661 139109 27696 26888 23800 10160 6086 13640 5677 300 130 212 5377 4779 4428 262 163 4166 3088 3802 2755 1982 1762 109 351 1653 875 413
internal_count=290268 150607 139661 139109 27696 26888 23800 10160 6086 13640 5677 300 130 212 5377 4779 4428 262 163 4166 3088 3802 2755 1982 1762 109 351 1653 875 413
is_linear=0
shrinkage=0.05


Tree=285
num_leaves=31
num_cat=0
split_feature=22 9 15 5 9 19 5 9 4 23 23 22 22 22 21 22 9 22 17 22 0 17 5 22 1 2 19 1 15 23
split_gain=0.778656 0.898718 1.18375 2.85214 0.82346 0.82249 2.41446 2.59471 2.30523 2.24545 1.81942 5.76457 3.116 3.4632 6.01823 4.14232 2.94704 2.46353 2.44838 3.79059 5.86675 2.73967 3.27198 2.40186 2.92418 2.37037 2.25802 2.6377 2.70952 2.22615
threshold=0.99995780822346225 569.42919921875011 70.500000000000014 10.245000000000003 85.226921081542983 6.6450000000000005 8.1421428571428596 11.649849414825441 10.335000000000003 0.99530134160901229 -0.88620506325989179 0.29342972903661901 -0.41398024697495356 -0.30163705152652742 97.500000000000014 -0.38242426011641079 583.67306518554699 -0.21861968191509915 134.50000000000003 -0.35041564478062465 7.3750000000000009 208.50000000000003 10.245000000000003 0.3744682635859638 3.8050000000000002 0.73000000000000032 10.185 15.395000000000001 59.500000000000007 -0.80417042486635371
decision_type=2 2 2 2 2 2 2 2 2 2 2 2 2 2 10 2 2 2 2 2 2 2 2 2 2 2 2 2 2 2
left_child=5 2 4 -4 -2 6 7 -1 9 -9 11 12 -7 14 15 -14 23 -15 26 20 -20 -22 25 -13 -25 -23 -17 28 -28 -12
right_child=1 -3 3 -5 -6 10 -8 8 -10 -11 29 16 13 17 -16 18 -18 -19 19 -21 21 22 -24 24 -26 -27 27 -29 -30 -31
leaf_value=0.0039094708693708791 0.00037743413775382707 -0.0084161363589619689 -0.001205230429876707 0.0070662222112022922 -0.0032458051390726259 -0.0035878298576832975 0.00062060585918549801 0.00012317639950871212 -0.00077338308004098089 -0.0014577064618899068 0.00114458618606172 -0.0051986033797000869 -0.00029998363361671788 -0.0024282879413839611 -0.0024407398170056957 0.0011004925166368273 0.0020036098204217708 -3.9276441731895663e-06 0.0079452493261123469 0.00059487805008220018 0.0014391287964293509 0.006714741257709024 0.0036705428447508606 0.018165361588300299 -0.0020443905263646759 0.0036348735525802388 0.0036458422391360936 0.0037340266036106264 0.0075513104778747358 -8.037744155842976e-05
leaf_weight=381 113 178 175 56 270 2139 28683 56048 12433 3114 11261 2169 1237 3475 990 167 99 16750 105 1237 662 54 183 51 2990 54 73 82 97 144942
leaf_count=381 113 178 175 56 270 2139 28683 56048 12433 3114 11261 2169 1237 3475 990 167 99 16750 105 1237 662 54 183 51 2990 54 73 82 97 144942
internal_value=-2.52882e-05 -0.00159091 -0.00068404 0.00214286 -0.00238904 -2.10047e-05 9.44265e-05 -6.01601e-05 -8.206e-05 4.80026e-05 -8.25414e-05 -0.000422213 -0.000129098 2.6622e-05 0.00121332 0.00208681 -0.00192974 -0.000263289 0.00317981 0.00253813 0.00473535 0.00349947 0.00754295 -0.00209213 -0.00118547 0.0144444 0.00669451 0.00968254 0.0132353 -1.16207e-05
internal_weight=290268 792 614 231 383 289476 100659 71976 71595 59162 188817 32614 27305 25166 4941 3951 5309 20225 2714 2295 1058 953 291 5210 3041 108 419 252 170 156203
internal_count=290268 792 614 231 383 289476 100659 71976 71595 59162 188817 32614 27305 25166 4941 3951 5309 20225 2714 2295 1058 953 291 5210 3041 108 419 252 170 156203
is_linear=0
shrinkage=0.05


Tree=286
num_leaves=31
num_cat=0
split_feature=21 16 14 15 14 4 13 13 24 1 13 20 2 13 5 12 24 15 24 2 20 24 17 20 13 4 15 21 3 8
split_gain=0.84674 1.09731 1.21545 1.84626 1.60469 1.13491 1.24538 2.32705 1.08799 0.827943 1.58199 0.867595 0.794118 0.755845 1.69789 1.7569 1.49832 1.50374 1.48725 2.30023 2.28144 1.7085 1.67963 1.65468 3.50978 2.8266 2.16334 1.72114 1.55118 3.77345
threshold=557.50000000000011 20.150000000000002 30.350000000000005 60.500000000000007 31.250000000000004 11.185 2.1500000000000008 9.8500000000000032 1.1900000000000002 9.8050000000000015 10.950000000000001 479.7000000000001 0.13999999999999987 10.65 52.487142857142864 1.5000000000000002 1.8750000000000002 86.500000000000014 0.89500000000000013 0.76000000000000001 175.10000000000002 0.83000000000000007 98.500000000000014 453.2000000000001 1.0000000180025095e-35 36.055000000000007 81.500000000000014 42.500000000000007 11.538333333333336 19.500000000000004
decision_type=10 2 2 2 2 2 2 2 8 2 2 8 2 2 2 2 10 2 10 2 8 10 2 8 2 2 2 10 2 2
left_child=1 13 9 4 8 12 -7 -8 -4 10 -3 -11 -5 18 16 -16 -15 -18 21 23 -21 28 -23 24 25 27 -25 -20 29 -1
right_child=-2 2 3 5 -6 6 7 -9 -10 11 -12 -13 -14 14 15 -17 17 -19 19 20 -22 22 -24 26 -26 -27 -28 -29 -30 -31
leaf_value=9.1409083015026933e-05 -0.0015630325192958856 0.0020232182077441446 0.0055136118625759142 -0.0068349944397540054 -0.0013507113079477195 0.0018423850417385876 0.0091606684467694845 0.0021103868017090083 6.5972232673315942e-05 0.0051594564034713342 -0.0025450714485844789 -0.0029859630759319928 0.0017799435299603074 -9.5640668269395413e-05 0.015368732192366653 -0.00094776568553665949 -0.0010391917920079586 0.0025693595141364016 0.0020809290714655696 -0.0032090376875976985 0.00093463033997292523 0.00078788841097983051 -0.0020016686627571958 -0.00080543014885298212 0.00023727519688829664 0.02899546986866236 0.0052896010445114593 0.0088579613194594495 -0.00040084157284817046 0.028761166347250192
leaf_weight=92692 485 299 64 51 274 94 64 53 50 62 84 347 51 100624 78 75 8607 289 335 444 19473 697 3342 10989 14371 54 84 68 36013 55
leaf_count=92692 485 299 64 51 274 94 64 53 50 62 84 347 51 100624 78 75 8607 289 335 444 19473 697 3342 10989 14371 54 84 68 36013 55
internal_value=-2.59772e-05 -2.24835e-05 0.00132954 0.00284593 0.000541236 0.00570287 0.00779621 0.0112393 0.00552631 -1.26275e-05 0.00165796 -0.00157702 0.00137255 -2.94854e-05 -0.000132805 0.00513072 -0.000140158 -0.000762141 3.39541e-05 0.000279583 0.000683586 -5.07922e-05 -0.00106338 -3.10811e-05 0.000314269 0.00462801 -0.000493544 0.00318858 -1.90288e-05 8.91122e-05
internal_weight=290268 289783 1493 701 388 313 211 117 114 792 383 409 102 288290 109673 153 109520 8896 178617 45818 19917 132799 4039 25901 14828 457 11073 403 128760 92747
internal_count=290268 289783 1493 701 388 313 211 117 114 792 383 409 102 288290 109673 153 109520 8896 178617 45818 19917 132799 4039 25901 14828 457 11073 403 128760 92747
is_linear=0
shrinkage=0.05


Tree=287
num_leaves=31
num_cat=0
split_feature=22 9 20 15 13 19 0 13 24 23 23 2 23 23 20 23 24 22 22 0 22 22 2 9 20 9 24 22 1 22
split_gain=0.77917 1.05051 1.03696 0.833355 1.60956 0.762058 1.49844 2.04123 1.96928 2.97474 2.65041 7.28817 1.87976 1.65584 1.53054 2.49594 1.63245 3.19292 12.8452 4.4702 3.77614 3.28178 2.3115 1.85697 1.8358 2.45422 1.92562 5.388 4.02986 5.21097
threshold=0.99995780822346225 106.70024871826173 395.30000000000001 70.500000000000014 10.050000000000002 9.7750000000000004 8.4050000000000029 50.250000000000007 1.7100000000000002 0.5475998096715059 0.39629089145655322 -0.22000000000000039 0.21652257995689161 -0.28519997588938989 192.40000000000003 -0.99938741687870725 0.53000000000000014 0.71503381463111937 0.73865729060996177 11.965000000000002 0.86113431103781346 -0.29343379936893921 -5.1449999999999996 364.77772521972662 379.30000000000001 600.63439941406261 -0.95499999999999985 -0.62588817255938378 14.905000000000003 -0.92274349529687905
decision_type=2 2 8 2 2 2 2 2 8 2 2 2 2 2 10 2 10 2 2 2 2 2 2 2 10 2 10 2 2 2
left_child=5 2 -2 -3 -5 -1 7 8 13 10 12 -12 -10 -7 15 -8 24 21 19 -19 23 22 -18 -20 26 -26 27 28 29 -16
right_child=1 3 -4 4 -6 6 14 -9 9 -11 11 -13 -14 -15 16 -17 17 18 20 -21 -22 -23 -24 -25 25 -27 -28 -29 -30 -31
leaf_value=3.9617814349078063e-05 -0.0018904350665969701 -0.0039327464837995386 0.002875722535709935 0.0065298443916255028 -0.005016632111261965 -0.00045924806532514502 0.0030880749622077871 0.0055975905195628098 0.0041666840365832169 -0.0001840893382298562 0.015443571522209175 -9.9794434051879481e-05 -0.0051209402113823795 0.00062956284394422805 0.0020694170332104713 -0.0013788292654286593 -0.0026520927700145391 0.0093500613451481234 -0.0039955149455110214 0.0044806761976464672 0.0070705579249591578 -0.00082556211585333101 0.0015088799813887648 0.0047068856633651034 -0.0010868317536397354 0.0022895674584763916 -0.00021885783063916198 0.011203949217477549 -0.0012072094283470309 0.017130894491327327
leaf_weight=193128 111 337 76 100 168 6792 89 58 506 788 54 64 124 8576 521 6490 1630 92 558 91 99 7561 11284 51 20907 347 27300 374 1866 126
leaf_count=193128 111 337 76 100 168 6792 89 58 506 788 54 64 124 8576 521 6490 1630 92 558 91 99 7561 11284 51 20907 347 27300 374 1866 126
internal_value=-2.47714e-05 -0.00159091 0.00168449 -0.00260331 -0.000522389 -2.04865e-05 -0.000135344 0.000291238 0.000259109 0.00196614 0.0042246 0.0111017 0.00293651 8.84944e-05 -0.000226489 -0.000956834 -0.000160494 0.00020687 0.00313692 0.0149454 8.47446e-05 7.93639e-05 0.000563728 -0.00138752 -0.000313078 -0.000669052 -6.24453e-05 0.00116557 0.000332271 0.00373261
internal_weight=290268 792 187 605 268 289476 96348 16962 16904 1536 748 118 630 15368 79386 6579 72807 21366 891 183 708 20475 12914 609 51441 21254 30187 2887 2513 647
internal_count=290268 792 187 605 268 289476 96348 16962 16904 1536 748 118 630 15368 79386 6579 72807 21366 891 183 708 20475 12914 609 51441 21254 30187 2887 2513 647
is_linear=0
shrinkage=0.05


Tree=288
num_leaves=31
num_cat=0
split_feature=22 9 24 9 23 5 13 15 22 5 0 9 13 16 17 9 23 24 0 20 3 4 0 20 9 18 5 4 18 14
split_gain=0.844145 0.86281 1.59311 1.04168 0.780532 1.06513 1.44773 1.62474 2.19498 1.35666 1.23948 1.16383 2.34269 1.15777 1.41693 1.13738 1.05362 2.82549 9.42807 1.25965 2.17176 1.42184 1.10205 1.79025 1.0717 0.995102 0.989063 1.58652 0.984829 1.20133
threshold=0.99995780822346225 569.42919921875011 0.24500000000000002 84.095909118652358 -0.99465740988130902 8.1092857142857167 1.4500000000000002 56.500000000000007 0.056951373111866731 17.63928571428572 9.3550000000000022 773.87631225585949 15.350000000000003 15.15 151.50000000000003 79.653789520263686 -0.99273797715557011 1.7100000000000002 8.6550000000000029 261.60000000000008 5.245000000000001 12.965000000000002 10.475000000000003 277.55000000000007 51.784955978393562 9.2450000000000028 9.5135714285714332 13.385000000000003 2.7350000000000008 29.350000000000005
decision_type=2 2 10 2 2 2 2 2 2 2 2 2 2 2 2 2 2 10 2 8 2 2 2 10 2 2 2 2 2 2
left_child=4 2 -2 -4 5 10 25 8 -8 11 -1 13 -13 -9 -15 -11 17 19 -19 21 -21 -6 -22 -24 -20 26 -7 -28 29 -18
right_child=1 -3 3 -5 16 6 7 9 -10 15 -12 12 -14 14 -16 -17 28 18 24 20 22 -23 23 -25 -26 -27 27 -29 -30 -31
leaf_value=-0.00091905362197741919 0.0045290762219192425 -0.0077841989084613695 0.0017914692841122697 -0.0023487923602504889 -0.0038391762964842613 -0.0015240036934322267 0.00055617524015390393 -0.00021894839153198086 0.006331559517444474 0.00052810625023676596 -0.0060784830731633946 -5.3141571075665962e-05 0.0082592950992882008 0.0048249526337298268 -0.0022137007413674452 0.0052466178727670195 -0.0015472726817123252 0.0085378043006293716 -0.0042750878411006504 0.0038376392614861894 -0.00053403740169520771 0.0047607007456298223 0.0040979079747235506 0.00046521763447973186 0.0035858369696492088 -0.0034076919604092721 0.004182339820266316 -5.6979392795862694e-05 3.1585707074038089e-07 0.00058537977124920536
leaf_weight=3579 85 178 136 393 352 301 126 3469 58 61 262 139 67 81 51 58 3035 51 76 95 524 90 84 241 71 930 90 232 273952 1401
leaf_count=3579 85 178 136 393 352 301 126 3469 58 61 262 139 67 81 51 58 3035 51 76 95 524 90 84 241 71 930 90 232 273952 1401
internal_value=-2.39101e-05 -0.00165404 -0.000765474 -0.00178639 -1.94501e-05 -0.000465069 -2.91377e-05 0.000462286 0.00505435 0.00024707 -0.00110779 8.27411e-05 0.00373786 -0.000126355 0.0044697 0.0055042 -4.32305e-06 0.00128156 0.00686869 0.000483404 0.00151483 -0.00171946 0.000712602 0.003 0.000442176 -0.00132969 0.000216692 0.00214286 -1.16396e-05 -0.000750677
internal_weight=290268 792 614 529 289476 9504 5663 4110 184 3926 3841 3807 206 3601 132 119 279972 1584 198 1386 944 442 849 325 147 1553 623 322 278388 4436
internal_count=290268 792 614 529 289476 9504 5663 4110 184 3926 3841 3807 206 3601 132 119 279972 1584 198 1386 944 442 849 325 147 1553 623 322 278388 4436
is_linear=0
shrinkage=0.05


Tree=289
num_leaves=31
num_cat=0
split_feature=9 4 1 5 21 19 9 5 0 22 22 24 22 22 13 22 22 22 22 1 22 24 13 16 23 21 22 1 22 20
split_gain=0.802471 2.08613 3.2843 2.94113 2.3311 2.94482 2.29019 1.86665 3.84178 2.08141 2.07652 5.05129 16.4297 4.94213 6.35187 4.5169 13.2853 3.92149 6.45211 3.57174 3.39402 8.89145 5.75992 3.82862 2.95673 4.85971 6.60423 4.7589 4.68394 2.92533
threshold=124.53853225708009 13.505000000000001 8.3850000000000033 9.8564285714285749 122.50000000000001 9.0150000000000023 998.87963867187511 8.4321428571428587 8.4450000000000021 0.99939377080793557 0.90892735371523092 0.83000000000000007 0.95998215779580554 0.94978112945126536 5.1500000000000012 0.93237596376505805 0.92602006027323147 0.67802080537253961 0.54219432480460406 5.4350000000000014 0.59868201182722736 0.47500000000000003 31.550000000000004 4.4500000000000011 0.2499757677084001 36.900000000000006 0.91596454896554913 11.345000000000001 0.9962888416657264 237.00000000000003
decision_type=2 2 2 2 8 2 2 2 2 2 2 8 2 2 2 2 2 2 2 2 2 10 2 2 2 8 2 2 2 10
left_child=-1 7 6 -4 -5 -6 -3 8 9 10 17 24 13 15 -15 16 -13 18 -2 -18 22 -22 23 -20 25 27 -27 -12 -28 -25
right_child=1 2 3 4 5 -7 -8 -9 -10 -11 11 12 -14 14 -16 -17 19 -19 20 -21 21 -23 -24 29 -26 26 28 -29 -30 -31
leaf_value=9.4438152989400546e-05 -2.3432737256087575e-05 -0.0021671733177843085 -0.0014758231769741803 -0.00010494327778045935 0.0034590159755751981 -0.00092333991116869206 0.00098120211714227985 0.00044806771997450982 -0.00095149677554673862 -0.0021432782387970045 0.0020271711324993317 0.0032040397976839581 -0.0024059212030743725 0.014405158511819081 0.0070182298113996046 0.00038899706842906718 0.0096125123376327309 -0.0012424787834200619 0.0067612201647671791 0.0077463076547899731 0.0039911152582005642 -0.0025823399471139076 0.007789414022893501 0.003010782420034129 -0.002172664926327597 0.0084560328001359545 -0.0030957960144355617 0.0094622165870279096 0.0029249245241933122 0.00021413363412359188
leaf_weight=129266 53529 8645 3989 23393 1208 789 918 20832 15883 915 5059 250 760 64 86 232 73 13300 67 64 1221 1933 94 1412 2122 144 2515 76 365 1064
leaf_count=129266 53529 8645 3989 23393 1208 789 918 20832 15883 915 5059 250 760 64 86 232 73 13300 67 64 1221 1933 94 1412 2122 144 2515 76 365 1064
internal_value=-2.18431e-05 -9.63354e-05 -0.000414977 -0.000153002 4.52922e-05 0.00168503 -0.00121981 5.32406e-06 -8.33773e-05 4.95038e-05 7.5209e-05 0.000690092 0.00337148 0.00852406 0.0166667 0.00655089 0.00985788 -2.47878e-05 0.00014919 0.0223723 0.00173459 0.000627773 0.0030584 0.00260912 0.000291313 0.000723739 -0.000866403 0.00166017 -0.00138889 0.00228998
internal_weight=290268 161002 38942 29379 25390 1997 9563 122060 101228 85345 84430 11810 1529 769 150 619 387 72620 59320 137 5791 3154 2637 2543 10281 8159 3024 5135 2880 2476
internal_count=290268 161002 38942 29379 25390 1997 9563 122060 101228 85345 84430 11810 1529 769 150 619 387 72620 59320 137 5791 3154 2637 2543 10281 8159 3024 5135 2880 2476
is_linear=0
shrinkage=0.05


Tree=290
num_leaves=31
num_cat=0
split_feature=15 20 14 24 24 24 0 24 4 4 21 24 2 20 20 9 3 14 20 2 9 9 2 20 9 9 16 4 19 24
split_gain=0.806836 1.75311 1.50182 2.21724 1.97583 2.62605 3.83864 2.13899 4.06451 1.85118 2.74929 1.90282 2.35753 1.57017 1.66783 2.55678 2.93225 2.16807 1.55188 1.746 1.53723 1.51953 1.4913 1.48507 1.45156 1.43966 1.4378 3.30778 3.32437 2.50037
threshold=65.500000000000014 808.40000000000009 29.850000000000005 1.9550000000000003 -0.65999999999999981 -0.049999999999999996 6.5750000000000011 -0.42499999999999993 7.5850000000000009 13.145000000000001 16.900000000000002 1.7100000000000002 -1.3899999999999999 251.10000000000002 273.40000000000003 275.53373718261724 4.1350000000000007 26.650000000000002 417.60000000000008 6.3100000000000023 344.76246643066412 156.75638580322268 -2.5299999999999998 508.90000000000003 251.68961334228518 263.47666931152349 7.6500000000000012 13.325000000000001 6.7250000000000005 1.3800000000000001
decision_type=2 10 2 10 8 10 2 8 2 2 8 10 2 10 10 2 2 2 10 2 2 2 2 10 2 2 2 2 2 10
left_child=2 -2 3 4 22 6 7 23 13 10 11 -7 -13 -9 20 16 21 -18 19 -8 -15 -16 -1 -6 -14 -12 27 28 -4 -30
right_child=1 -3 26 -5 5 9 18 8 -10 -11 25 12 24 14 15 -17 17 -19 -20 -21 -22 -23 -24 -25 -26 -27 -28 -29 29 -31
leaf_value=0.0035762035375902709 4.9788393434827054e-05 0.0027018882816326555 -0.00014471328248344035 -0.005624273444972577 -0.00020515275569031157 4.8575373598137041e-06 -0.0011323999235034806 0.000807418879159345 0.0013795789743904316 -0.0024305327721789415 -0.0024356932961570716 0.011553072239119434 0.00079852553463731827 0.0048984112381049655 0.007479606399026866 0.0012225151201376101 0.0069529612786854312 0.0015068040067460625 0.0009558134845346468 0.0023490565705646966 0.0077272595230073876 0.0072721818139693684 -0.0027355598592077976 0.0029901807815678008 0.010795675130983177 0.00033421070793504965 -0.00012655648541157996 -0.00062399296486889482 0.0027158212813560762 -0.00079179535751586281
leaf_weight=73 150515 92 3575 808 1933 4909 5811 189 2181 2654 2977 85 325 65 54 257 52 186 1460 415 62 75 2241 58 57 917 97447 6262 3737 796
leaf_count=73 150515 92 3575 808 1933 4909 5811 189 2181 2654 2977 85 325 65 54 257 52 186 1460 415 62 75 2241 58 57 917 97447 6262 3737 796
internal_value=-2.37379e-05 5.65367e-05 -0.000110304 -0.000438875 -0.000361741 -0.00023097 0.000266447 0.00132825 0.00214514 -0.000764845 -0.000431501 0.000301338 0.00335118 0.00489362 0.00591877 0.00485577 0.00753406 0.0042437 -0.000439762 -0.000783811 0.0111417 0.0136046 -0.00175886 4.77135e-05 0.00167539 -0.00144325 -2.84852e-05 0.000438412 0.00110508 0.00200419
internal_weight=290268 150607 139661 27844 27036 24722 12798 5112 3121 11924 9270 5376 467 940 751 624 367 238 7686 6226 127 129 2314 1991 382 3894 111817 14370 8108 4533
internal_count=290268 150607 139661 27844 27036 24722 12798 5112 3121 11924 9270 5376 467 940 751 624 367 238 7686 6226 127 129 2314 1991 382 3894 111817 14370 8108 4533
is_linear=0
shrinkage=0.05


Tree=291
num_leaves=31
num_cat=0
split_feature=21 16 21 19 19 21 3 23 4 20 23 24 9 4 9 4 5 3 22 14 21 23 22 23 24 9 9 18 22 22
split_gain=0.76836 0.884845 1.18597 1.3414 1.19486 1.07432 1.46906 1.03827 0.830423 1.11305 1.56536 1.09401 1.37464 0.955787 0.778403 2.0939 3.32157 2.52296 2.50076 2.43732 2.12735 2.04321 3.07213 2.4257 2.19655 2.17923 4.48694 1.95759 1.82901 3.37633
threshold=557.50000000000011 20.150000000000002 322.50000000000006 4.5950000000000006 6.0850000000000009 512.50000000000011 7.8016666666666667 -0.6523320455745395 23.345000000000002 583.65000000000009 0.79253265336324141 -0.22499999999999995 182.93508911132815 12.205000000000002 124.53853225708009 13.825000000000001 11.056428571428574 9.0316666666666681 -0.82415615971448097 30.950000000000003 122.50000000000001 0.75438814418115718 -0.48314718476766422 0.60383265664488517 -0.34499999999999992 845.66873168945324 673.84381103515636 11.675000000000002 0.89787622492179153 0.87397152483179585
decision_type=10 2 10 2 2 10 2 2 2 10 2 10 2 2 2 2 2 2 2 2 8 2 2 2 10 2 2 2 2 2
left_child=1 14 3 -3 -5 6 -4 -7 9 11 13 -6 -13 -11 -1 28 -17 -18 -19 20 21 23 25 24 -20 26 -23 -21 29 -16
right_child=-2 2 5 4 8 7 -8 -9 -10 10 -12 12 -14 -15 15 16 17 18 19 27 -22 22 -24 -25 -26 -27 -28 -29 -30 -31
leaf_value=9.1377859586760566e-05 -0.0015397301036185291 -0.002349054287121519 0.0019864335977303393 0.0042511606925146493 -0.0025992534215448222 0.012339689923246267 -0.0022620810677463033 -0.00053693825912632038 -0.0047998338736332533 0.0042382547479747693 0.0043245410779091387 -0.00095246699802951191 0.0045560764160966979 0.0010253530319841301 -4.8053676220850605e-05 -0.00140133799115638 -0.0037964654965422793 -0.0016933115704812702 0.0099608901762083465 0.00050751218566280924 0.0028113914180228883 0.0044958275614278677 0.0012874353028855051 -0.0022354143940971458 0.00052432551020564452 -0.00097737789983972203 0.0079598216266214411 -0.0021821564190024722 0.00054514060482124913 -0.0030879442677132036
leaf_weight=127921 485 69 60 99 135 54 441 81 117 59 68 83 78 149 101357 14024 1584 4365 70 2223 936 366 2974 1084 5749 103 88 2188 20670 2588
leaf_count=127921 485 69 60 99 135 54 441 81 117 59 68 83 78 149 101357 14024 1584 4365 70 2223 936 366 2974 1084 5749 103 88 2188 20670 2588
internal_value=-2.18431e-05 -1.8515e-05 0.00119558 0.00240957 0.00299492 -0.000440253 -0.00150699 0.00351852 0.00225689 0.00304196 0.00532609 0.000912161 0.00369565 0.00317308 -2.48026e-05 -9.8181e-05 -0.000435477 -4.83215e-05 0.000102749 0.000395728 0.00078276 0.000577917 0.00155622 7.75013e-05 0.00048204 0.00496409 0.00645374 -0.000601906 -1.40552e-06 -8.6826e-05
internal_weight=290268 289783 1493 857 788 636 501 135 689 572 276 296 161 208 288290 160369 35754 21730 20146 15781 11370 10434 3531 6903 5819 557 454 4411 124615 103945
internal_count=290268 289783 1493 857 788 636 501 135 689 572 276 296 161 208 288290 160369 35754 21730 20146 15781 11370 10434 3531 6903 5819 557 454 4411 124615 103945
is_linear=0
shrinkage=0.05


Tree=292
num_leaves=31
num_cat=0
split_feature=9 24 24 23 22 22 23 13 4 22 22 20 4 22 20 16 22 17 3 20 18 18 3 16 22 17 23 24 2 17
split_gain=0.798605 3.59451 4.79751 4.39393 3.41525 10.6978 15.7172 4.76836 3.73953 3.24042 4.12533 6.12138 5.18627 3.14978 4.87938 2.9541 3.33099 5.11697 3.57144 3.09955 2.99842 3.92843 2.77778 2.67026 2.5591 4.8404 2.51404 3.83186 2.95681 3.20738
threshold=998.87963867187511 -0.42499999999999993 -0.40499999999999997 0.91852788691372023 0.29342972903661901 0.57077594689671507 0.83258597624099873 2.3500000000000001 9.8550000000000022 -0.65234524191686594 -0.90893996196865023 183.20000000000002 10.385000000000003 0.80926549319045582 283.90000000000003 7.5500000000000007 -0.30983472475487867 246.50000000000003 5.5650000000000013 340.90000000000003 10.765000000000002 6.4850000000000012 7.6000000000000005 4.5500000000000007 -0.861146256326485 86.500000000000014 0.93469109537144635 -0.49499999999999994 -0.11000000000000019 137.50000000000003
decision_type=2 10 10 2 2 2 2 2 2 2 2 10 2 2 10 2 2 2 2 10 2 2 2 2 2 2 2 10 2 2
left_child=-1 3 15 9 24 6 7 -6 -9 10 -2 12 -12 -7 23 -3 18 -18 -17 20 21 -19 -10 -15 25 -4 28 -28 -5 -30
right_child=1 2 4 26 5 13 -8 8 22 -11 11 -13 -14 14 -16 16 17 19 -20 -21 -22 -23 -24 -25 -26 -27 27 -29 29 -31
leaf_value=-5.0212503234176586e-05 -0.0041636513771046981 -0.00098419375988990769 0.0094361059034874205 0.0048047752878948241 0.0042086712450719764 -0.0015690390376480292 0.00080478479121037577 0.0075016904934286314 0.0076316948853492744 -0.0031150300332927197 0.00088654034185086652 0.00048765967621581142 0.014947083441433293 0.01410580240391187 0.0039354302764647783 0.0084432732634254389 0.0010687647561810616 0.0096103567812039076 0.00051337380883784828 0.01378996951855805 0.010414947607100154 -0.00064194914185257629 0.0051832159980169995 -0.001249262423281803 -0.0011052366716584946 0.00069049296246739052 0.0011784290444606437 -0.0044824659680619307 0.0085594748943486672 -0.0026086518486726287
leaf_weight=272474 405 234 58 284 62 1213 598 203 90 2987 51 692 51 50 1203 58 180 57 442 67 58 92 60 1988 3576 338 1593 792 71 241
leaf_count=272474 405 234 58 284 62 1213 598 203 90 2987 51 692 51 50 1203 58 180 57 442 67 58 92 60 1988 3576 338 1593 792 71 241
internal_value=-2.21876e-05 0.000302348 0.00088595 -0.000562998 0.000509057 0.00131974 0.00595755 0.0134337 0.0156799 -0.00160774 0.000587989 0.00268262 0.0141176 0.000264929 0.00107837 0.00388047 0.0051153 0.00821586 0.0023 0.0125182 0.00949275 0.00573825 0.0216667 -0.00041217 -0.000606748 0.00320707 0.000904058 0.000178196 0.00380872 0.000448717
internal_weight=290268 17794 10627 7167 9439 5467 1013 415 353 4186 1199 794 102 4454 3241 1188 954 454 500 274 207 149 150 2038 3972 396 2981 2385 596 312
internal_count=290268 17794 10627 7167 9439 5467 1013 415 353 4186 1199 794 102 4454 3241 1188 954 454 500 274 207 149 150 2038 3972 396 2981 2385 596 312
is_linear=0
shrinkage=0.05


Tree=293
num_leaves=31
num_cat=0
split_feature=9 2 18 16 22 19 22 22 22 22 22 17 14 2 0 22 22 24 22 22 2 14 22 2 13 22 17 16 0 22
split_gain=0.744189 1.8968 1.99924 1.85216 1.79068 2.59827 1.97571 2.99013 2.81467 3.47758 5.60142 6.46041 6.70678 5.36019 5.82989 3.24204 4.09744 3.58624 3.15492 3.91795 3.04459 2.80747 2.59483 5.50934 4.15185 3.76289 3.19165 4.797 3.2813 2.88651
threshold=124.53853225708009 2.6500000000000017 4.1650000000000009 9.4500000000000011 0.99907018497641664 3.7050000000000005 0.98667101781630195 0.97508442350096236 0.93237596376505805 0.92273069556937592 0.92602006027323147 62.500000000000007 31.950000000000003 1.2100000000000009 10.255000000000001 0.89017062131308955 0.84313847884979054 0.69500000000000006 0.78325454425165997 0.80417553764032002 -1.5699999999999987 27.250000000000004 0.51297097409535064 -3.9199999999999982 7.0500000000000007 0.40614137006726808 181.50000000000003 7.9500000000000011 8.0850000000000026 0.55656748448714433
decision_type=2 2 2 2 2 2 2 2 2 2 2 2 2 2 2 2 2 10 2 2 2 2 2 2 2 2 2 2 2 2
left_child=4 -2 3 -3 6 -6 7 8 9 15 11 20 -13 -12 -15 16 18 -17 22 -20 -11 -9 25 24 -24 -1 28 -28 -26 -25
right_child=1 2 -4 -5 5 -7 -8 21 -10 10 13 12 -14 14 -16 17 -18 -19 19 -21 -22 -23 23 29 26 -27 27 -29 -30 -31
leaf_value=0.00011788962656173633 -2.491862947483213e-05 0.0017550865354166658 -0.0005496478146228516 0.0087840212306474607 0.01256635129731924 0.0013645143551324706 -0.0011844267496928678 0.0085867757998356661 -0.0017095005127607647 0.013199849517324109 -0.0046955217215076585 0.018236324285556639 0.013040073605054985 0.011314258692738402 -0.0024767816926511209 -0.0053866703577494781 0.0022954912591843231 0.0017879290963217717 -0.0075970679323392482 -0.00048096588073193657 -0.0037126330921633146 0.0019279193550049399 0.0014793998851324749 0.0029202180348948574 0.010927525682913816 -0.0025987803247109146 0.0093523314249248438 0.0010743729546186509 0.010398934150444782 0.00022985674189285074
leaf_weight=92476 137593 146 23208 55 69 765 4050 55 4997 51 385 100 68 93 86 1885 3129 580 883 2220 120 1853 371 1471 93 3951 56 193 92 9174
leaf_count=92476 137593 146 23208 55 69 765 4050 55 4997 51 385 100 68 93 86 1885 3129 580 883 2220 120 1853 371 1471 93 3951 56 193 92 9174
internal_value=-2.45991e-05 -9.63354e-05 -0.000512411 0.00445274 6.4749e-05 0.0023741 4.97528e-05 8.51397e-05 5.4541e-05 0.000103977 0.0031949 0.00827434 0.0152381 0.000141843 0.0072905 8.00338e-05 0.000118789 -0.001714 6.84796e-05 -0.00150339 0.00143275 0.00204927 0.000113693 0.000825326 0.00481366 2.91919e-05 0.00813364 0.00443775 0.0131081 0.000523719
internal_weight=290268 161002 23409 201 129266 834 128432 124382 122474 117477 903 339 168 564 179 116574 114109 2465 110980 3103 171 1908 107877 11450 805 96427 434 249 185 10645
internal_count=290268 161002 23409 201 129266 834 128432 124382 122474 117477 903 339 168 564 179 116574 114109 2465 110980 3103 171 1908 107877 11450 805 96427 434 249 185 10645
is_linear=0
shrinkage=0.05


Tree=294
num_leaves=31
num_cat=0
split_feature=22 12 22 22 22 10 20 18 18 15 1 20 22 8 10 16 17 22 0 10 4 23 23 14 20 22 19 18 24 10
split_gain=0.777971 0.707841 1.15049 2.7726 2.95704 2.52768 3.56063 1.59765 1.059 2.519 1.38244 1.92266 1.3013 1.75664 1.77316 1.99675 2.75392 1.44379 1.22745 1.19683 0.988936 3.84907 2.74829 1.3805 1.37402 1.30367 0.889884 0.899478 0.88756 1.14781
threshold=0.99995780822346225 1.5000000000000002 -0.59869031648930193 -0.53493989022977317 -0.56368474752277564 5.5300772190094003 429.10000000000008 9.8150000000000031 81.110000000000014 41.500000000000007 65.060000000000016 426.60000000000008 -0.89406062840022227 24.500000000000004 5.7037036418914804 16.950000000000003 165.50000000000003 -0.97876850416056738 8.2850000000000019 3.3011403083801274 134.03500000000003 -0.40613878790836594 -0.35846086284744721 30.950000000000003 633.20000000000016 -0.8781231054254196 13.855000000000002 12.405000000000003 0.16500000000000004 3.5303332805633549
decision_type=2 2 2 2 2 2 10 2 2 2 2 10 2 2 2 2 2 2 2 2 2 2 2 2 10 2 2 2 8 2
left_child=1 20 8 4 26 7 -7 -6 12 -10 11 -11 13 -3 -15 16 17 -16 19 -14 -1 24 23 -23 25 -22 27 -4 -5 -30
right_child=-2 2 3 28 5 6 -8 -9 9 10 -12 -13 18 14 15 -17 -18 -19 -20 -21 21 22 -24 -25 -26 -27 -28 -29 29 -31
leaf_value=-9.7901862428872718e-06 -0.0019164751201167004 -0.0010757227063216887 -0.0019570254861354169 -0.002252805043297041 0.010004565484180281 0.020235006912379651 0.0073333355944094382 -0.0061959272414815088 0.015010942342912862 0.016442793971747756 -0.0018614984366536998 -0.0055444130471099893 0.0024160598789152838 -0.0060602477796832905 0.0097214934496119062 -0.0070332250826391253 0.0038402650525881455 0.035242621845564495 -0.003738972772362876 -0.0045749883234705614 -0.010675514670543522 0.014421616604853599 0.00092155925562600817 0.0091612740829790131 0.015692941274481394 0.00060617756739934946 -0.0069936798360979036 0.0086694019661923451 -0.00060034945280218921 0.0034315972917290669
leaf_weight=276661 792 3594 79 1080 50 52 67 57 101 58 639 50 185 105 57 78 90 55 3267 97 214 74 110 51 60 291 101 50 1273 830
leaf_count=276661 792 3594 79 1080 50 52 67 57 101 58 639 50 185 105 57 78 90 55 3267 97 214 74 110 51 60 291 101 50 1273 830
internal_value=-2.59772e-05 -2.16956e-05 -0.000397421 0.000344874 0.00399123 0.0080531 0.0130672 0.00247663 -0.000719915 0.000955187 -4.68553e-05 0.00518518 -0.000908609 -0.000287762 0.00292208 0.005 0.00762376 0.0128571 -0.00160468 0.00156028 -5.42538e-06 0.00175 0.00712766 0.0122 -0.000486727 -0.00133663 -1.19209e-09 0.00275194 -0.000177507 0.000420826
internal_weight=290268 289476 12015 3639 456 226 119 107 8376 848 747 108 7528 3979 385 280 202 112 3549 282 277461 800 235 125 565 505 230 129 3183 2103
internal_count=290268 289476 12015 3639 456 226 119 107 8376 848 747 108 7528 3979 385 280 202 112 3549 282 277461 800 235 125 565 505 230 129 3183 2103
is_linear=0
shrinkage=0.05


Tree=295
num_leaves=31
num_cat=0
split_feature=15 20 14 17 14 23 16 0 16 14 13 23 2 9 5 4 23 17 0 18 0 23 23 23 2 20 16 23 23 20
split_gain=0.756034 1.49015 1.44061 2.3092 1.41962 3.3556 2.17444 3.22316 1.6481 1.53489 1.45136 2.37721 1.77218 1.62282 1.414 3.31451 2.78923 2.35366 2.0982 1.8532 3.63996 1.84031 1.70893 2.94648 4.04086 1.94872 1.84354 1.73276 1.61168 2.11529
threshold=65.500000000000014 808.40000000000009 28.850000000000005 161.50000000000003 25.750000000000004 0.87291090774974645 7.7500000000000009 4.1750000000000007 12.550000000000002 25.550000000000004 1.8500000000000003 -0.70289845916694649 0.6399999999999999 137.33863830566409 9.677857142857146 13.885000000000003 0.75438814418115718 134.50000000000003 10.255000000000001 4.8250000000000011 8.6550000000000029 0.97263757644091875 0.48877522411129348 0.41202506375868281 -4.0299999999999976 214.30000000000004 6.0500000000000007 -0.40613878790836594 0.78724360164103002 239.50000000000003
decision_type=2 10 2 2 2 2 2 2 2 2 2 2 2 2 2 2 2 2 2 2 2 2 2 2 2 8 2 2 2 8
left_child=2 14 3 -1 5 6 7 -5 -6 10 -9 12 -12 -13 15 18 17 19 -2 20 -16 -20 23 25 -25 27 -27 -21 29 -18
right_child=1 -3 -4 4 8 -7 -8 9 -10 -11 11 13 -14 -15 16 -17 28 -19 21 22 -22 -23 -24 24 -26 26 -28 -29 -30 -31
leaf_value=-0.0014876931005192114 7.1889945480978139e-05 0.0025671890223910548 -6.8682404636601383e-05 0.0058382785894490925 -0.00059022330643772585 -0.0027531709075146746 0.00025642532408902673 -0.0019132549919758956 0.0016476862264961864 0.0071999967848992196 0.0044456946210690504 0.0069809335376783124 0.0073975822139568312 -0.00089332123485907954 0.00059560811050310501 -0.0017321357987773842 0.0063346874882948658 -0.00037340800443402388 -0.0012045859793773813 0.00045424330311110263 0.0073160338822927939 0.0025402487549347312 -0.0015067023181159203 0.018325881769048646 0.0024926998639204956 -0.0045329206185668802 0.0011669403888894926 -0.0028897293358427288 0.0011461415017232394 0.00094434765644783565
leaf_weight=7014 93435 92 121535 52 8477 447 724 146 692 77 71 89 114 223 354 4849 169 21196 6740 1387 199 580 1721 54 195 287 9737 1171 7983 458
leaf_count=7014 93435 92 121535 52 8477 447 724 146 692 77 71 89 114 223 354 4849 169 21196 6740 1387 199 580 1721 54 195 287 9737 1171 7983 458
internal_value=-2.61494e-05 5.15568e-05 -0.000109946 -0.000525765 -7.7395e-05 0.00115028 0.0022861 0.00413212 -0.000337552 0.00326389 0.00246501 0.00375251 0.00824324 0.00108974 4.76685e-05 -5.22719e-05 0.000282669 9.07677e-05 9.17949e-06 0.000567692 0.00340868 -0.000806012 0.000459729 0.00065817 0.00604418 0.00055158 0.000865921 -0.00068022 0.00109175 0.00353269
internal_weight=290268 150607 139661 18126 11112 1943 1496 772 9169 720 643 497 185 312 150515 105604 44911 36301 100755 15105 553 7320 14552 12831 249 12582 10024 2558 8610 627
internal_count=290268 150607 139661 18126 11112 1943 1496 772 9169 720 643 497 185 312 150515 105604 44911 36301 100755 15105 553 7320 14552 12831 249 12582 10024 2558 8610 627
is_linear=0
shrinkage=0.05


Tree=296
num_leaves=31
num_cat=0
split_feature=24 22 24 13 16 20 23 22 24 22 22 24 14 22 22 0 22 22 16 19 13 1 22 24 24 19 19 16 16 9
split_gain=0.764455 3.37489 3.66667 5.4961 3.52683 2.17864 2.14634 7.32464 2.84302 9.25345 7.61271 14.7615 10.8219 6.30127 13.529 13.2228 8.46886 10.7065 7.29671 5.45826 7.16671 4.82097 4.58815 14.5075 8.12664 6.3762 5.45376 6.77993 4.56324 4.40282
threshold=-0.18999999999999997 0.84313847884979054 -0.22499999999999995 30.250000000000004 9.8500000000000032 143.40000000000003 0.14888728888808328 -0.97113884758256674 -0.24999999999999997 0.63920241694561786 0.80926549319045582 -0.22499999999999995 30.350000000000005 -0.91597725483594616 -0.93545489084327571 10.105000000000002 0.58481550752069722 0.69056404122701587 11.15 4.3950000000000005 1.8500000000000003 10.805000000000001 0.65233619298682533 -0.22499999999999995 -0.22499999999999995 6.1750000000000007 11.965000000000002 11.65 8.8500000000000032 198.3420333862305
decision_type=8 2 10 2 2 10 2 2 10 2 2 10 2 2 2 2 2 2 2 2 2 2 2 10 10 2 2 2 2 2
left_child=1 5 3 -3 -4 -1 -7 -8 9 -9 13 -12 19 14 -10 18 -15 21 -16 -13 -21 22 24 26 -18 -26 27 29 -22 -24
right_child=-2 2 4 -5 -6 6 7 8 10 -11 11 12 -14 16 15 -17 17 -19 -20 20 28 -23 23 -25 25 -27 -28 -29 -30 -31
leaf_value=-0.0012718144171106659 -9.6460347353551488e-05 -0.0012057015759332824 0.0070881475913484012 0.006218085315293634 0.0028907552698465302 0.00070636519176546216 -0.0036027373635915128 7.0178762390099597e-05 0.00037708061311362011 -0.0048553740553078026 -0.0020611092359959322 0.0028072701850868323 0.001197991846742184 -0.0043207002256747057 0.011222794910905878 0.0010796494970962613 -0.00098161600981214853 -0.0012502328997302621 0.0023374784890775636 0.00033191831661245056 0.0030138982746164022 0.00018922384651208683 0.00043656772547480573 -0.0021266589163802842 0.011019378713048597 0.0038316004824513433 0.0010712156298880071 0.011057977186884378 0.0099485804427282536 0.0072168064927190557
leaf_weight=3047 183744 336 100 60 98 21232 2929 61195 1355 3483 792 74 354 3526 160 306 711 3870 124 63 67 1001 74 252 111 587 96 103 230 188
leaf_count=3047 183744 336 100 60 98 21232 2929 61195 1355 3483 792 74 354 3526 160 306 711 3870 124 63 67 1001 74 252 111 587 96 103 230 188
internal_value=-2.6494e-05 8.00747e-05 0.00383838 0.0010606 0.00939394 5.9e-05 9.80228e-05 -1.84333e-05 7.29136e-05 -6.71028e-05 0.000717743 0.00398734 0.00883249 0.000303272 0.00291774 0.00923729 -0.000180151 0.000827255 0.017007 0.0141244 0.0166667 0.00300512 0.00435438 0.00762272 0.0027005 0.00653295 0.0128959 0.0156849 0.0199158 0.0114122
internal_weight=290268 106524 594 396 198 105930 102883 81651 78722 64678 14044 1580 788 12464 1945 590 10519 6993 284 434 360 3123 2122 713 1409 698 461 365 297 262
internal_count=290268 106524 594 396 198 105930 102883 81651 78722 64678 14044 1580 788 12464 1945 590 10519 6993 284 434 360 3123 2122 713 1409 698 461 365 297 262
is_linear=0
shrinkage=0.05


Tree=297
num_leaves=31
num_cat=0
split_feature=14 22 22 22 22 24 15 24 22 22 23 0 9 20 17 17 4 21 21 22 20 22 14 4 23 13 4 22 23 17
split_gain=0.828859 1.62951 1.63916 2.20372 3.41014 1.79241 1.28168 1.71611 2.73834 3.57139 4.10871 3.19049 3.00161 3.26605 2.4087 2.30682 1.90625 1.68356 1.45784 2.17752 1.56512 2.27046 3.80534 1.56401 2.35688 3.86589 2.84391 1.73579 2.09574 2.26954
threshold=26.150000000000002 -0.99985146406598202 -0.99630266176052629 -0.98214942551678475 -0.98523971305672675 1.4950000000000003 83.500000000000014 -0.049999999999999996 0.29342972903661901 0.59868201182722736 0.41202506375868281 5.7650000000000006 773.87631225585949 125.30000000000003 32.500000000000007 189.50000000000003 6.4650000000000007 67.500000000000014 12.500000000000002 -0.93545489084327571 323.65000000000003 -0.78326540922535159 22.350000000000005 9.0550000000000015 0.95691861501572195 10.750000000000002 10.615 0.51297097409535064 -0.082691941062253513 309.50000000000006
decision_type=2 2 2 2 2 10 2 10 2 2 2 2 2 8 2 2 2 10 8 2 8 2 2 2 2 2 2 2 2 2
left_child=1 -1 -3 4 5 -4 17 -8 15 12 14 -12 13 -10 -11 -9 -17 18 19 -5 21 22 -21 27 -25 26 -26 -23 -29 -30
right_child=-2 2 3 6 -6 -7 7 8 9 10 11 -13 -14 -15 -16 16 -18 -19 -20 20 -22 23 -24 24 25 -27 -28 28 29 -31
leaf_value=0.0045396515210595579 -5.6930229768313712e-06 -0.0025511770024379148 -8.4084089349136559e-05 -0.0065534285786407525 0.010152590473078503 0.0056050151263762121 -0.00051723980609630859 -0.0037135736956140602 0.0069374925699134176 0.0057359221338276721 0.014372472412710613 0.0018962212353419716 0.0098006523629187783 0.0013322377073079423 -0.001107985647775997 0.0055597879872853889 0.00058921837268837568 0.0052533730740105733 -0.0012076545843693609 0.011482545755512899 0.0027691524459564684 -0.00049983547096435997 0.0020998182651336193 -0.0023789463931597806 0.001668791126670003 -0.0054700056059458725 0.005767217552434826 -0.00013829293469889821 0.0049473844841639858 0.0052066080287173286
leaf_weight=87 269736 452 425 347 73 108 2581 444 95 86 51 60 62 140 610 60 552 89 9111 64 531 1115 426 2123 59 116 53 299 247 66
leaf_count=87 269736 452 425 347 73 108 2581 444 95 86 51 60 62 140 610 60 552 89 9111 64 531 1115 426 2123 59 116 53 299 247 66
internal_value=-2.7872e-05 -0.000334114 -0.000363171 -0.000295855 0.00267327 0.00128518 -0.000388664 0.000325879 0.00136574 0.00310688 0.00138166 0.0103153 0.00779461 0.00521276 -4.31046e-05 -0.000454547 0.00153595 -0.000619966 -0.000661882 -1.46909e-05 0.000246125 -5.25406e-05 0.00316326 -0.000438942 -0.00127818 0.00355263 0.0101786 0.000703531 0.00284314 0.00570287
internal_weight=290268 20532 20445 19993 606 533 19387 4741 2160 1104 807 111 297 235 696 1056 612 14646 14557 5446 5099 4568 490 4078 2351 228 112 1727 612 313
internal_count=290268 20532 20445 19993 606 533 19387 4741 2160 1104 807 111 297 235 696 1056 612 14646 14557 5446 5099 4568 490 4078 2351 228 112 1727 612 313
is_linear=0
shrinkage=0.05


Tree=298
num_leaves=31
num_cat=0
split_feature=14 22 22 22 22 15 14 13 20 16 15 13 23 23 23 23 14 13 23 23 16 16 20 16 0 4 4 22 20 22
split_gain=0.783301 1.62486 1.41461 1.8448 2.69668 1.23009 1.82387 1.5431 1.58946 1.37831 2.93305 1.65832 2.04631 3.14805 3.74151 2.65584 2.46722 2.18603 1.97451 3.48873 2.11394 1.70597 2.87662 2.14987 1.55301 1.53584 1.72431 2.07331 2.22947 2.29052
threshold=26.150000000000002 -0.99985146406598202 -0.99630266176052629 -0.98214942551678475 -0.98523971305672675 65.500000000000014 28.850000000000005 0.15000000000000005 808.40000000000009 7.5500000000000007 57.500000000000007 9.6500000000000004 -0.35846086284744721 -0.8611288361322974 -0.85225707553516283 -0.22700609751797865 32.650000000000013 8.7500000000000018 -0.039769286347669845 -0.082691941062253513 7.1500000000000012 5.8500000000000005 299.85000000000008 5.4500000000000011 8.9550000000000018 19.815000000000001 12.155000000000003 0.29342972903661901 262.60000000000008 0.24372619187392155
decision_type=2 2 2 2 2 2 2 2 10 2 2 2 2 2 2 2 2 2 2 2 2 2 10 2 2 2 2 2 10 2
left_child=1 -1 -3 4 -4 6 -2 -7 -9 10 -8 12 13 25 -15 -14 17 21 19 20 24 23 -23 -16 -17 26 27 28 29 -12
right_child=5 2 3 -5 -6 7 9 8 -10 -11 11 -13 15 14 16 18 -18 -19 -20 -21 -22 22 -24 -25 -26 -27 -28 -29 -30 -31
leaf_value=0.0043126689450065777 -0.00073947486020136213 -0.0024236181523160146 0.00099102472070722596 -0.00037944510595897424 0.0096449609494245747 -0.0020161103255272646 -0.0008573579649807534 0.00011717613246256449 0.00256380936162899 -0.00013550313160901585 0.0035350922380463362 -0.00012115312320102678 -0.0091877097521636565 0.013103850766720871 0.0035998042700913918 0.0025377900088861326 0.011996432597649187 0.0099374112949976983 0.00043701363863553273 0.015895609348391689 -0.0031333411521879367 -0.00075669610275261008 0.0046166221914995783 0.011049321731954871 0.0082880429327609126 0.0059833199967281236 -0.0010395365426480875 -0.0039135753497001212 0.00063258491728822167 0.0056896594391018726
leaf_weight=87 14624 452 533 19387 73 940 5256 132548 89 105706 188 3398 337 67 149 123 73 66 2588 78 123 654 774 101 96 218 862 208 415 55
leaf_count=87 14624 452 533 19387 73 940 5256 132548 89 105706 188 3398 337 67 149 123 73 66 2588 78 123 654 774 101 96 218 862 208 415 55
internal_value=-2.66662e-05 -0.000324373 -0.000353388 -0.000290853 0.00242574 -4.00511e-06 -0.000109763 0.000103797 0.000118103 -4.62842e-05 0.000388842 0.000868721 0.00129965 0.00208877 0.00354565 0.000396112 0.00311778 0.00274082 0.000867685 0.00404762 0.00187134 0.00238975 0.00172269 0.0062 0.00481735 0.000678313 0.000179397 0.0017552 0.0031307 0.00693416
internal_weight=290268 20532 20445 19993 606 269736 136159 133577 132637 121535 15829 10573 7175 3830 1884 3345 1817 1744 3008 420 342 1678 1428 250 219 1946 1728 866 658 243
internal_count=290268 20532 20445 19993 606 269736 136159 133577 132637 121535 15829 10573 7175 3830 1884 3345 1817 1744 3008 420 342 1678 1428 250 219 1946 1728 866 658 243
is_linear=0
shrinkage=0.05


Tree=299
num_leaves=31
num_cat=0
split_feature=12 8 19 23 23 21 2 2 24 17 13 14 5 20 11 9 17 17 14 2 16 16 4 14 15 4 5 24 20 24
split_gain=0.726644 0.959806 1.38099 0.879416 1.66108 1.86631 2.1847 1.1729 1.10896 1.33097 1.92547 0.980867 0.968371 1.18139 1.52779 1.09032 0.959228 0.853513 0.807969 0.924704 1.01037 0.950288 0.804957 0.800244 2.83453 1.60321 2.34953 6.43996 1.86509 1.82331
threshold=1.5000000000000002 39.500000000000007 18.315000000000001 -0.80417042486635371 -0.84313311835787952 16.900000000000002 -2.6999999999999997 30.32 -0.089999999999999983 82.500000000000014 7.8500000000000005 36.050000000000004 9.1207142857142891 508.90000000000003 14.664999961853029 184.82224273681643 214.50000000000003 195.50000000000003 32.45000000000001 1.6199999999999999 8.1500000000000004 9.1500000000000004 9.9950000000000028 28.950000000000003 73.500000000000014 26.315000000000001 17.63928571428572 1.8150000000000002 282.80000000000001 -0.34499999999999992
decision_type=2 2 2 2 2 8 2 2 8 2 2 2 2 10 2 2 2 2 2 2 2 2 2 2 2 2 2 8 10 8
left_child=1 23 -3 4 8 6 -6 11 -2 10 -10 12 13 14 15 18 -9 -7 19 20 -5 -22 -23 24 25 -1 27 -27 29 -28
right_child=3 2 -4 7 5 17 -8 16 9 -11 -12 -13 -14 -15 -16 -17 -18 -19 -20 -21 21 22 -24 -25 -26 26 28 -29 -30 -31
leaf_value=-0.00056121926200418469 -0.0056845750516543682 0.015055419129539796 -0.001329603477991322 -0.001727858900688284 0.018957141703994793 -0.00072262418245315008 0.0061830770654254068 0.0015976943339817262 0.0072459139292490038 -0.00027904932818897168 -0.0044514347985699053 0.0049146796790273698 -0.0017198831727788394 -0.0029402940064025191 0.017473701921532064 -0.005449620423850751 0.011765875072635252 0.0064989990029198728 -0.0027251620645099136 -0.0021389685688605136 0.0095354747023828502 4.3721232769381349e-05 0.0086203927551951436 4.3793108918385527e-05 0.00015212445720723698 -0.0024038062848548616 0.0072998479962837317 0.012881317465648162 -0.0012706429044781011 0.0021197982446802522
leaf_weight=38961 287 82 90 94 50 255 127 365 70 1575 51 55 7983 228 97 130 69 52 121 139 52 100 126 196321 41491 74 81 51 689 402
leaf_count=38961 287 82 90 94 50 255 127 365 70 1575 51 55 7983 228 97 130 69 52 121 139 52 100 126 196321 41491 74 81 51 689 402
internal_value=-2.94223e-05 -1.29755e-05 0.00372093 -0.000409946 0.000431697 0.00305785 0.00714689 -0.000627159 -0.00020928 0.000277121 0.00533058 -0.000747946 -0.000788314 0.000611774 0.001461 0.00070866 0.00191244 0.000700325 0.00156645 0.0024364 0.00373656 0.0052518 0.00384956 -1.52851e-05 -0.000146731 -0.000445627 0.00128373 0.0078 0.000588736 0.00297101
internal_weight=290268 278242 172 12026 2467 484 177 9559 1983 1696 121 9125 9070 1087 859 762 434 307 632 511 372 278 226 278070 81749 40258 1297 125 1172 483
internal_count=290268 278242 172 12026 2467 484 177 9559 1983 1696 121 9125 9070 1087 859 762 434 307 632 511 372 278 226 278070 81749 40258 1297 125 1172 483
is_linear=0
shrinkage=0.05


end of trees

feature_importances:
doy_sin=1580
doy_cos=1172
oni=914
wind_direction=483
nearest_hotspot_km=463
rainfall=445
pm_7h_rerata=432
blh_rerata=424
pm_hari_ini=355
temperature=355
pm_7h_maks=332
humidity=307
wind_speed=280
pm_tren=240
pm_hulu_120km=239
pm_kemarin=218
pm_3h_rerata=195
blh_min=178
pm_hulu_60km=173
hotspot_25km=133
max_frp=37
active_fire_days=22
avg_frp=17
hotspot_10km=4
hotspot_5km=2

parameters:
[boosting: gbdt]
[objective: quantile]
[metric: quantile]
[tree_learner: serial]
[device_type: cpu]
[data_sample_strategy: bagging]
[data: ]
[valid: ]
[num_iterations: 300]
[learning_rate: 0.05]
[num_leaves: 31]
[num_threads: 32]
[seed: 42]
[deterministic: 0]
[force_col_wise: 0]
[force_row_wise: 0]
[histogram_pool_size: -1]
[max_depth: -1]
[min_data_in_leaf: 50]
[min_sum_hessian_in_leaf: 0.001]
[bagging_fraction: 0.8]
[pos_bagging_fraction: 1]
[neg_bagging_fraction: 1]
[bagging_freq: 0]
[bagging_seed: 400]
[bagging_by_query: 0]
[feature_fraction: 0.8]
[feature_fraction_bynode: 1]
[feature_fraction_seed: 30056]
[extra_trees: 0]
[extra_seed: 12879]
[early_stopping_round: 0]
[early_stopping_min_delta: 0]
[first_metric_only: 0]
[max_delta_step: 0]
[lambda_l1: 0]
[lambda_l2: 0]
[linear_lambda: 0]
[min_gain_to_split: 0]
[drop_rate: 0.1]
[max_drop: 50]
[skip_drop: 0.5]
[xgboost_dart_mode: 0]
[uniform_drop: 0]
[drop_seed: 17869]
[top_rate: 0.2]
[other_rate: 0.1]
[min_data_per_group: 100]
[max_cat_threshold: 32]
[cat_l2: 10]
[cat_smooth: 10]
[max_cat_to_onehot: 4]
[top_k: 20]
[monotone_constraints: ]
[monotone_constraints_method: basic]
[monotone_penalty: 0]
[feature_contri: ]
[forcedsplits_filename: ]
[refit_decay_rate: 0.9]
[cegb_tradeoff: 1]
[cegb_penalty_split: 0]
[cegb_penalty_feature_lazy: ]
[cegb_penalty_feature_coupled: ]
[path_smooth: 0]
[interaction_constraints: ]
[verbosity: -1]
[saved_feature_importance_type: 0]
[use_quantized_grad: 0]
[num_grad_quant_bins: 4]
[quant_train_renew_leaf: 0]
[stochastic_rounding: 1]
[linear_tree: 0]
[max_bin: 255]
[max_bin_by_feature: ]
[min_data_in_bin: 3]
[bin_construct_sample_cnt: 200000]
[data_random_seed: 175]
[is_enable_sparse: 1]
[enable_bundle: 1]
[use_missing: 1]
[zero_as_missing: 0]
[feature_pre_filter: 1]
[pre_partition: 0]
[two_round: 0]
[header: 0]
[label_column: ]
[weight_column: ]
[group_column: ]
[ignore_column: ]
[categorical_feature: ]
[forcedbins_filename: ]
[precise_float_parser: 0]
[parser_config_file: ]
[objective_seed: 16083]
[num_class: 1]
[is_unbalance: 0]
[scale_pos_weight: 1]
[sigmoid: 1]
[boost_from_average: 1]
[reg_sqrt: 0]
[alpha: 0.9]
[fair_c: 1]
[poisson_max_delta_step: 0.7]
[tweedie_variance_power: 1.5]
[lambdarank_truncation_level: 30]
[lambdarank_norm: 1]
[label_gain: ]
[lambdarank_position_bias_regularization: 0]
[eval_at: ]
[multi_error_top_k: 1]
[auc_mu_weights: ]
[num_machines: 1]
[local_listen_port: 12400]
[time_out: 120]
[machine_list_filename: ]
[machines: ]
[gpu_platform_id: -1]
[gpu_device_id: -1]
[gpu_use_dp: 0]
[num_gpu: 1]

end of parameters

pandas_categorical:[]
