nama,jenis,lat,lon,provinsi
Sukamara,town,-2.71056,111.17141,KALIMANTAN TENGAH
Ketapang,city,-1.84467,109.97841,KALIMANTAN BARAT
Padang,village,-1.63908,108.95199,KALIMANTAN BARAT
Derangga,village,-2.44964,112.14589,KALIMANTAN TENGAH
Riam,village,-1.92692,111.89741,KALIMANTAN TENGAH
Panyumpa,village,-1.78215,112.02362,KALIMANTAN TENGAH
Tanjung Putri,village,-2.87482,111.45222,KALIMANTAN TENGAH
Karang Mas,village,-1.55268,111.20275,KALIMANTAN TENGAH
Betenung,village,-1.59789,110.61921,KALIMANTAN BARAT
Sungai Kinjil,village,-1.88134,109.98656,KALIMANTAN BARAT
Selimantan Jaya,village,-2.28918,110.58883,KALIMANTAN BARAT
Sungai Bedaun,village,-2.76206,111.78302,KALIMANTAN TENGAH
Nanga Palikodan,village,-1.9863,111.51202,KALIMANTAN TENGAH
Semantun,village,-2.19404,111.15902,KALIMANTAN TENGAH
Suka Mulia,village,-2.3389,110.6462,KALIMANTAN BARAT
Belibi,village,-1.8266,111.43112,KALIMANTAN TENGAH
Purbasari,village,-2.60558,111.72164,KALIMANTAN TENGAH
Derawa,village,-2.14974,112.16607,KALIMANTAN TENGAH
Babual Baboti,village,-2.58273,111.32033,KALIMANTAN TENGAH
Kemuning Biutak,village,-1.94649,110.40384,KALIMANTAN BARAT
Sungai Bakau,village,-2.98259,111.5862,KALIMANTAN TENGAH
Arga Mulya,village,-2.14228,111.39486,KALIMANTAN TENGAH
Benakitan,village,-1.68972,111.16507,KALIMANTAN TENGAH
Kepuluk,village,-1.8406,110.41899,KALIMANTAN BARAT
Tri Tunggal,village,-2.19335,111.55861,KALIMANTAN TENGAH
Jihing,village,-2.40653,111.15186,KALIMANTAN TENGAH
Batang Belian,hamlet,-2.28127,110.68073,KALIMANTAN BARAT
Tanjung Paring,village,-2.36252,112.17487,KALIMANTAN TENGAH
Pebihingan,village,-1.7431,110.56945,KALIMANTAN BARAT
Sidorejo,village,-2.67961,111.63374,KALIMANTAN TENGAH
Natai Kerbau,village,-2.54184,111.89852,KALIMANTAN TENGAH
Nanuah,village,-1.98954,111.65496,KALIMANTAN TENGAH
Suka Karya,village,-2.1257,110.70674,KALIMANTAN BARAT
Kahingai,village,-1.57973,111.40795,KALIMANTAN TENGAH
Pangkut,village,-2.18869,111.91934,KALIMANTAN TENGAH
Suka Mandang,village,-2.05317,112.18967,KALIMANTAN TENGAH
Lembah Hijau Dua,village,-1.5622,110.45935,KALIMANTAN BARAT
Sagu Suka Mulya,village,-2.36717,111.30529,KALIMANTAN TENGAH
Negeri Baru,village,-1.85006,110.01322,KALIMANTAN BARAT
Sabuai,village,-2.93427,111.47727,KALIMANTAN TENGAH
Beruta,village,-2.03429,111.46471,KALIMANTAN TENGAH
Riam Tinggi,village,-1.69102,111.0577,KALIMANTAN TENGAH
Manis Mata,village,-2.45066,111.02824,KALIMANTAN BARAT
Mekar Mulya,village,-2.28477,111.55737,KALIMANTAN TENGAH
Lupu Peruca,village,-2.31447,111.23761,KALIMANTAN TENGAH
Banda Sari,village,-2.2956,110.79923,KALIMANTAN BARAT
Durian Kait,village,-2.20789,112.14055,KALIMANTAN TENGAH
Semayok Baru,village,-1.70212,110.52101,KALIMANTAN BARAT
Raja,village,-2.67063,111.63942,KALIMANTAN TENGAH
Sukaharja,village,-2.34955,110.67399,KALIMANTAN BARAT
Runtu,village,-2.34045,111.70257,KALIMANTAN TENGAH
Melata,village,-1.9819,111.62855,KALIMANTAN TENGAH
Natai Sedawak,village,-2.762,111.20858,KALIMANTAN TENGAH
Randai,village,-2.10321,110.52314,KALIMANTAN BARAT
Kerabu,village,-2.04959,111.9529,KALIMANTAN TENGAH
Bukit Buluh,village,-1.97002,112.17123,KALIMANTAN TENGAH
Ipuh Bangun Jaya,village,-2.32335,111.37561,KALIMANTAN TENGAH
Sumber Cahaya,village,-1.96219,111.45139,KALIMANTAN TENGAH
Lopus,village,-1.62835,111.03597,KALIMANTAN TENGAH
Tengah,village,-1.84292,109.96828,KALIMANTAN BARAT
Biku Sarana,village,-2.09965,110.98297,KALIMANTAN BARAT
Kumai Hilir,village,-2.74531,111.72119,KALIMANTAN TENGAH
Toka,village,-1.88156,111.5995,KALIMANTAN TENGAH
Bangun Jaya,village,-2.29874,111.18636,KALIMANTAN TENGAH
Banjar Sari,village,-2.52449,110.22072,KALIMANTAN BARAT
Tapin Bini,village,-1.89453,111.31427,KALIMANTAN TENGAH
Pangkalan Tiga,village,-2.45342,111.83608,KALIMANTAN TENGAH
Nanga Tayap,village,-1.52272,110.56443,KALIMANTAN BARAT
Batu Agung,village,-2.17016,112.08249,KALIMANTAN TENGAH
Sungai Awan Kiri,village,-1.72582,110.00419,KALIMANTAN BARAT
Kinjil,village,-2.46482,111.3501,KALIMANTAN TENGAH
Suka Damai,village,-2.38139,110.58278,KALIMANTAN BARAT
Kali Nilam,village,-1.81879,109.95865,KALIMANTAN BARAT
Medang Sari,village,-2.49823,111.68129,KALIMANTAN TENGAH
Kujan,village,-2.21064,111.46613,KALIMANTAN TENGAH
Kartamulia,village,-2.68142,111.23935,KALIMANTAN TENGAH
Suka Ria,village,-2.2864,110.74834,KALIMANTAN BARAT
Bukit Raya,village,-2.06925,111.6367,KALIMANTAN TENGAH
Sandul,village,-2.27611,112.16274,KALIMANTAN TENGAH
Sumber Mukti,village,-2.5281,111.23975,KALIMANTAN TENGAH
Kudangan,village,-1.60137,111.03652,KALIMANTAN TENGAH
Riam Danau Kanan,village,-1.77138,110.9453,KALIMANTAN BARAT
Karang Mulya,village,-2.46122,111.9245,KALIMANTAN TENGAH
Batu Tunggal,village,-1.83146,111.655,KALIMANTAN TENGAH
Sungai Bundung,village,-3.01907,110.88474,KALIMANTAN TENGAH
Pemuatan Jaya,village,-1.88771,110.49118,KALIMANTAN BARAT
Sungai Tuat,village,-1.79247,111.09568,KALIMANTAN TENGAH
Lada Mandala Jaya,village,-2.51548,111.77635,KALIMANTAN TENGAH
Ringin Agung,village,-2.08088,112.08574,KALIMANTAN TENGAH
Dawak,village,-2.4247,111.3347,KALIMANTAN TENGAH
Segar Wangi,village,-1.86936,110.52303,KALIMANTAN BARAT
Danau Buntar,village,-2.64439,110.92817,KALIMANTAN BARAT
Sumber Mulya,village,-2.15887,111.39265,KALIMANTAN TENGAH
Riam Panahan,village,-1.73463,111.08877,KALIMANTAN TENGAH
Sengkaharak,village,-1.83648,110.5534,KALIMANTAN BARAT
Penopa,village,-1.94133,111.17564,KALIMANTAN TENGAH
Pangkalan Muntai,village,-2.39368,111.25006,KALIMANTAN TENGAH
Kendawangan Kiri,village,-2.51606,110.19899,KALIMANTAN BARAT
Serengkah,village,-1.7764,110.70264,KALIMANTAN BARAT
Beringin Jaya,village,-1.72554,110.39691,KALIMANTAN BARAT
Muntai,village,-2.4029,110.67971,KALIMANTAN BARAT
Kebon Agung,village,-2.37374,111.90862,KALIMANTAN TENGAH
Pulau Nibung,village,-2.89677,110.85434,KALIMANTAN TENGAH
Sungai Bakau,village,-1.98018,110.11095,KALIMANTAN BARAT
Karang Besi,village,-1.73498,111.44985,KALIMANTAN TENGAH
Pandau,village,-1.98177,111.92986,KALIMANTAN TENGAH
Rantau Pulut,village,-1.92541,112.11723,KALIMANTAN TENGAH
Siantau Raya,village,-1.63612,110.52397,KALIMANTAN BARAT
Batu Kotam,village,-2.28863,111.47328,KALIMANTAN TENGAH
Rungun,village,-2.38011,111.45477,KALIMANTAN TENGAH
Teluk Bogam,village,-3.01252,111.54991,KALIMANTAN TENGAH
Suka Maju,village,-1.90838,111.51174,KALIMANTAN TENGAH
Liku,village,-1.67078,111.17462,KALIMANTAN TENGAH
Bukit Gajah,village,-2.36375,110.91473,KALIMANTAN BARAT
Candi,village,-2.73152,111.71974,KALIMANTAN TENGAH
Bakonsu,village,-1.93179,111.38352,KALIMANTAN TENGAH
Nibung Terjun,village,-2.24309,111.09376,KALIMANTAN TENGAH
Air Upas,village,-2.31693,110.8235,KALIMANTAN BARAT
Suka Maju,village,-2.21881,112.05728,KALIMANTAN TENGAH
Pembuang Hulu I,village,-2.49985,112.12789,KALIMANTAN TENGAH
Sungai Melayu Baru,village,-1.77945,110.40993,KALIMANTAN BARAT
Suka Ramai,village,-2.70467,111.16656,KALIMANTAN TENGAH
Rangda,village,-2.40251,111.60321,KALIMANTAN TENGAH
Modang Mas,village,-2.02137,111.68414,KALIMANTAN TENGAH
Sungai Pasir,village,-2.92738,111.27617,KALIMANTAN TENGAH
Periangan,village,-2.05929,110.87029,KALIMANTAN BARAT
Purwareja,village,-2.23416,111.51303,KALIMANTAN TENGAH
Asam Baru,village,-2.3965,112.18944,KALIMANTAN TENGAH
Sungai Putri,village,-1.62359,110.05193,KALIMANTAN BARAT
Pangke,village,-1.66366,111.98338,KALIMANTAN TENGAH
Kumpai Batu Bawah,village,-2.77298,111.5349,KALIMANTAN TENGAH
Kina,village,-1.50403,111.1543,KALIMANTAN TENGAH
Bumi Harjo,village,-2.62041,111.74234,KALIMANTAN TENGAH
Sungkup,village,-1.95611,111.5729,KALIMANTAN TENGAH
Laman Baru,village,-2.24288,111.28887,KALIMANTAN TENGAH
Sukaraja,village,-2.3362,110.61703,KALIMANTAN BARAT
Sungai Buluh,village,-1.9238,111.4125,KALIMANTAN TENGAH
Sungai Rangit Jaya,village,-2.56499,111.75663,KALIMANTAN TENGAH
Sungai Kelik,village,-1.55896,110.4055,KALIMANTAN BARAT
Gantung Pangayuh,village,-2.13687,112.18148,KALIMANTAN TENGAH
Tempayung,village,-2.53672,111.31218,KALIMANTAN TENGAH
Sungai Nanjung,village,-2.14688,110.11493,KALIMANTAN BARAT
Suka Mulya,village,-1.80828,110.41322,KALIMANTAN BARAT
Bunut,village,-2.11601,111.4617,KALIMANTAN TENGAH
Pudu,village,-2.6942,111.19672,KALIMANTAN TENGAH
Air Dua,village,-2.3829,111.15333,KALIMANTAN TENGAH
Terusan,village,-2.2551,110.95057,KALIMANTAN BARAT
Tanjung Rangas II,village,-2.32017,112.18694,KALIMANTAN TENGAH
Mendawai,village,-2.68331,111.62266,KALIMANTAN TENGAH
Lalang Panjang,village,-1.75993,110.54882,KALIMANTAN BARAT
Mulya Jadi,village,-2.56785,111.86443,KALIMANTAN TENGAH
Sepondam,village,-1.86652,111.59328,KALIMANTAN TENGAH
Kuala Jelai,village,-2.98579,110.73919,KALIMANTAN TENGAH
Pesaguan Kanan,village,-2.03956,110.12384,KALIMANTAN BARAT
Nanga Matu,village,-1.53399,111.39012,KALIMANTAN TENGAH
Sembikuan,village,-2.213,111.13062,KALIMANTAN TENGAH
Ayawan,village,-2.03633,112.19245,KALIMANTAN TENGAH
Ulak Medang,village,-1.66492,110.27317,KALIMANTAN BARAT
Kotawaringin Hilir,village,-2.4904,111.43983,KALIMANTAN TENGAH
Tanjung Pasar,village,-1.82452,110.10123,KALIMANTAN BARAT
Sungai Kapitan,village,-2.751,111.69851,KALIMANTAN TENGAH
Tamiang,village,-1.99695,111.42559,KALIMANTAN TENGAH
Landau Kantu,village,-1.67398,111.05069,KALIMANTAN TENGAH
Belaban Tujuh,village,-1.83761,110.46746,KALIMANTAN BARAT
Asam Besar,village,-2.40257,111.01303,KALIMANTAN BARAT
Cuhai,village,-1.83486,111.1061,KALIMANTAN TENGAH
Sekuningan Baru,village,-2.34032,111.18543,KALIMANTAN TENGAH
Silat,village,-2.27882,110.94785,KALIMANTAN BARAT
Batu Tajam,village,-1.81611,110.58251,KALIMANTAN BARAT
Raja Seberang,village,-2.66773,111.63256,KALIMANTAN TENGAH
Sungai Pelang,village,-1.92595,110.06859,KALIMANTAN BARAT
Bukit Kelambing,village,-2.36831,110.68299,KALIMANTAN BARAT
Marga Mulya,village,-2.47771,111.8878,KALIMANTAN TENGAH
Bukit Makmur,village,-2.08916,111.59684,KALIMANTAN TENGAH
Sungai Raja,village,-3.05197,111.01792,KALIMANTAN TENGAH
Pangkalan Batu,village,-2.21385,110.39302,KALIMANTAN BARAT
Batu Tambun,village,-1.767,111.12651,KALIMANTAN TENGAH
Sambi,village,-1.99447,112.01115,KALIMANTAN TENGAH
Tumbang Bai,village,-1.95394,112.1612,KALIMANTAN TENGAH
Suka Makmur,village,-2.36262,111.35585,KALIMANTAN TENGAH
Pedongatan,village,-1.86149,111.52504,KALIMANTAN TENGAH
Kubung,village,-1.63341,110.94467,KALIMANTAN TENGAH
Tanjung Pura,village,-1.73259,110.20703,KALIMANTAN BARAT
Suka Baru,village,-1.85657,109.93992,KALIMANTAN BARAT
Semantun,village,-2.06833,111.00023,KALIMANTAN BARAT
Suja,village,-1.92053,111.26419,KALIMANTAN TENGAH
Ajang,village,-2.26509,111.21781,KALIMANTAN TENGAH
Gahang,village,-2.31107,110.74299,KALIMANTAN BARAT
Karang Taba,village,-1.89379,111.13641,KALIMANTAN TENGAH
Pandu Sanjaya,village,-2.4753,111.76759,KALIMANTAN TENGAH
Parang Batang,village,-2.61965,112.18768,KALIMANTAN TENGAH
Sahabu,village,-2.19805,112.15074,KALIMANTAN TENGAH
Piansak,village,-1.7046,110.39582,KALIMANTAN BARAT
Suka Harapan,village,-2.31012,110.59029,KALIMANTAN BARAT
Tumbang Titi,village,-1.82666,110.61239,KALIMANTAN BARAT
Kendawangan Kanan,village,-2.54108,110.2156,KALIMANTAN BARAT
Nanga Bulik,town,-2.1832,111.43288,KALIMANTAN TENGAH
Sukaraja,village,-2.48682,111.25441,KALIMANTAN TENGAH
Kelampai,village,-2.13744,110.94589,KALIMANTAN BARAT
Sumber Jaya,village,-2.10083,111.67603,KALIMANTAN TENGAH
Pembuang Hulu II,village,-2.48173,112.13274,KALIMANTAN TENGAH
Palih Baru,village,-2.28313,111.36467,KALIMANTAN TENGAH
Penyombaan,village,-1.59316,111.04298,KALIMANTAN TENGAH
Kalimas Baru,village,-1.81745,110.50608,KALIMANTAN BARAT
Kumai Hulu,village,-2.73712,111.72661,KALIMANTAN TENGAH
Nanga Kemujan,village,-1.79127,111.67896,KALIMANTAN TENGAH
Natai Kondang,village,-2.25388,111.17968,KALIMANTAN TENGAH
Pematang Gadung,village,-1.99211,110.13124,KALIMANTAN BARAT
Bayat,village,-1.78646,111.42494,KALIMANTAN TENGAH
Sumber Agung,village,-2.57697,111.73645,KALIMANTAN TENGAH
Kotawaringin Hulu,village,-2.40281,111.53278,KALIMANTAN TENGAH
Nanga Kelampai,village,-1.93197,110.47836,KALIMANTAN BARAT
Air Dekakah,village,-2.33056,110.98042,KALIMANTAN BARAT
Kubu,village,-2.85444,111.70169,KALIMANTAN TENGAH
Bukit Indah,village,-2.13207,111.37333,KALIMANTAN TENGAH
Sepoyu,village,-1.69521,111.10094,KALIMANTAN TENGAH
Sampit,village,-1.83366,109.96397,KALIMANTAN BARAT
Bina Bhakti,village,-2.2033,111.54099,KALIMANTAN TENGAH
Petarikan,village,-2.43121,111.16762,KALIMANTAN TENGAH
Kemuning,village,-2.2293,110.94668,KALIMANTAN BARAT
Tempurukan,village,-1.69425,110.02762,KALIMANTAN BARAT
Kumpai Batu Atas,village,-2.78659,111.57205,KALIMANTAN TENGAH
Sungai Melayu Jaya,village,-1.76878,110.46809,KALIMANTAN BARAT
Sido Mulyo,village,-2.40175,111.8628,KALIMANTAN TENGAH
Topalan,village,-1.99896,111.70205,KALIMANTAN TENGAH
Sungai Tabuk,village,-3.00857,111.14743,KALIMANTAN TENGAH
Batu Menang,hamlet,-2.01824,110.91285,KALIMANTAN BARAT
Benuatan,village,-1.64643,111.43578,KALIMANTAN TENGAH
Nanga Mua,village,-2.19068,111.91231,KALIMANTAN TENGAH
Teluk Bayur,village,-2.12938,112.17462,KALIMANTAN TENGAH
Kondang,village,-2.3451,111.44996,KALIMANTAN TENGAH
Keraya,village,-2.98054,111.53139,KALIMANTAN TENGAH
Sungai Mentawa,village,-2.05906,111.43965,KALIMANTAN TENGAH
Mengkalang,village,-1.63637,111.17401,KALIMANTAN TENGAH
Sungai Besar,village,-1.95645,110.09888,KALIMANTAN BARAT
Lembah Mukti,village,-2.36854,110.93307,KALIMANTAN BARAT
Nanga Belantikan,village,-1.97199,111.41997,KALIMANTAN TENGAH
Bukit Sungkai,village,-2.35028,111.21072,KALIMANTAN TENGAH
Suak Burung,village,-2.33616,111.05172,KALIMANTAN BARAT
Suka Makmur,village,-2.1838,112.04616,KALIMANTAN TENGAH
Karya Mukti,village,-1.70388,110.47766,KALIMANTAN BARAT
Umpang,village,-2.23745,111.78609,KALIMANTAN TENGAH
Mukti Manunggal,village,-2.04014,111.65627,KALIMANTAN TENGAH
Mendawai,village,-2.72028,111.17103,KALIMANTAN TENGAH
Pesaguan Kiri,village,-2.02461,110.11673,KALIMANTAN BARAT
Bintang Mangalih,village,-1.51588,111.36325,KALIMANTAN TENGAH
Tanjung Hara,village,-2.3804,112.17861,KALIMANTAN TENGAH
Nyalang,village,-1.65939,111.0459,KALIMANTAN TENGAH
Batu Sedau,village,-2.41576,111.0411,KALIMANTAN BARAT
Pangkalan Satu,village,-2.6477,111.75911,KALIMANTAN TENGAH
Nanga Koring,village,-1.89409,111.57958,KALIMANTAN TENGAH
Kenawan,village,-2.2446,111.33431,KALIMANTAN TENGAH
Air Durian Jaya,village,-2.36898,110.86025,KALIMANTAN BARAT
Tangga Batu,village,-1.84926,111.42323,KALIMANTAN TENGAH
Pangkalan Banteng,village,-2.49688,111.86735,KALIMANTAN TENGAH
Sungai Perlu,village,-3.47977,111.97208,KALIMANTAN TENGAH
Suka Jaya,village,-2.16376,112.10575,KALIMANTAN TENGAH
Natai Panjang,village,-1.81403,110.64898,KALIMANTAN BARAT
Sakabulin,village,-2.50063,111.30692,KALIMANTAN TENGAH
Mahawa,village,-1.93188,110.67525,KALIMANTAN BARAT
Kendawangan Kiri,village,-2.72506,110.09022,KALIMANTAN BARAT
Natai Raya,village,-2.66739,111.71269,KALIMANTAN TENGAH
Guci,village,-2.26781,111.44017,KALIMANTAN TENGAH
Padang,village,-2.70281,111.17407,KALIMANTAN TENGAH
Runjai Jaya,village,-2.11509,110.78155,KALIMANTAN BARAT
Jangkar Prima,village,-2.25965,111.53521,KALIMANTAN TENGAH
Harapan Baru,village,-2.07169,110.12821,KALIMANTAN BARAT
Sebabi,village,-2.30728,112.19984,KALIMANTAN TENGAH
Mendawai Seberang,village,-2.6782,111.62045,KALIMANTAN TENGAH
Tanggerang,village,-1.98858,110.75279,KALIMANTAN BARAT
Amin Jaya,village,-2.4442,111.96785,KALIMANTAN TENGAH
Merambang,village,-1.85079,111.60997,KALIMANTAN TENGAH
Sungai Baru,village,-2.99535,110.85168,KALIMANTAN TENGAH
Sungai Jawi,village,-1.90899,110.03037,KALIMANTAN BARAT
Tanjung Beringin,village,-1.80632,111.09623,KALIMANTAN TENGAH
Gandis,village,-2.14312,111.94275,KALIMANTAN TENGAH
Mugi Panyuhu,village,-1.99137,112.18282,KALIMANTAN TENGAH
Lembah Hijau Satu,village,-1.5524,110.48083,KALIMANTAN BARAT
Riam Durian,village,-2.44596,111.3374,KALIMANTAN TENGAH
Mayak,village,-1.75493,110.21062,KALIMANTAN BARAT
Air Hitam Hulu,village,-2.78561,110.62727,KALIMANTAN BARAT
Bukit Jaya,village,-1.90488,111.4829,KALIMANTAN TENGAH
Ginih,village,-1.69999,111.18493,KALIMANTAN TENGAH
Baru,village,-1.84891,109.95963,KALIMANTAN BARAT
Kawa,village,-1.87995,111.1152,KALIMANTAN TENGAH
Balai Riam,village,-2.33326,111.15588,KALIMANTAN TENGAH
Sari Bekayas,village,-2.29742,110.83821,KALIMANTAN BARAT
Sukorejo,village,-2.26617,112.06101,KALIMANTAN TENGAH
Baru,village,-2.66787,111.65202,KALIMANTAN TENGAH
Jairan Jaya,village,-1.76118,110.44598,KALIMANTAN BARAT
Suka Sari,village,-2.38705,110.61727,KALIMANTAN BARAT
Arga Mulya,village,-2.39681,111.92036,KALIMANTAN TENGAH
Lubuk Hiju,village,-1.86588,111.77549,KALIMANTAN TENGAH
Sungai Damar,village,-3.01899,111.12407,KALIMANTAN TENGAH
Belaban,village,-2.05975,110.64957,KALIMANTAN BARAT
Kinipan,village,-1.73642,111.182,KALIMANTAN TENGAH
Penyombaan,village,-2.02478,111.94844,KALIMANTAN TENGAH
Durian Tunggal,village,-1.94921,112.15105,KALIMANTAN TENGAH
Lalang,village,-2.4288,111.45766,KALIMANTAN TENGAH
Nuangan,village,-1.91723,111.51544,KALIMANTAN TENGAH
Sekombulan,village,-1.62925,110.93715,KALIMANTAN TENGAH
Paya Kumang,village,-1.81345,109.97045,KALIMANTAN BARAT
Mulia Kerta,village,-1.84932,109.99388,KALIMANTAN BARAT
Kesuma Jaya,village,-1.9461,110.84488,KALIMANTAN BARAT
Sungai Tendang,village,-2.72295,111.70897,KALIMANTAN TENGAH
Sekoban,village,-1.89861,111.3618,KALIMANTAN TENGAH
Pempaning,village,-2.29968,111.10755,KALIMANTAN TENGAH
Kalang,village,-2.22253,112.12764,KALIMANTAN TENGAH
Makarti Jaya,village,-2.45986,111.72433,KALIMANTAN TENGAH
Bahaur,village,-2.53712,112.1611,KALIMANTAN TENGAH
Batu Menangis,village,-2.18415,112.16667,KALIMANTAN TENGAH
Petebang Jaya,village,-1.867,110.74863,KALIMANTAN BARAT
Sungai Awan Kanan,village,-1.75562,109.99472,KALIMANTAN BARAT
Bumi Agung,village,-2.15354,111.41817,KALIMANTAN TENGAH
Sungai Cabang Barat,village,-2.98998,111.17668,KALIMANTAN TENGAH
Harapan Baru,village,-2.26191,110.86576,KALIMANTAN BARAT
Bukit Harum,village,-2.12727,111.64582,KALIMANTAN TENGAH
Sungai Sekonyer,village,-2.82507,111.80179,KALIMANTAN TENGAH
Pangkalan Bun,town,-2.68539,111.63223,KALIMANTAN TENGAH
Batu Ampar,village,-1.95416,111.74693,KALIMANTAN TENGAH
Perigi Raya,village,-2.08578,111.54887,KALIMANTAN TENGAH
Nanga Pamalontian,village,-2.04559,111.52762,KALIMANTAN TENGAH
Batu Hambawang,village,-2.23933,111.4708,KALIMANTAN TENGAH
Tajok Kayong,village,-1.58894,110.58434,KALIMANTAN BARAT
Kayong Hulu,village,-1.55918,110.65953,KALIMANTAN BARAT
Mekar Jaya,village,-2.27735,110.79834,KALIMANTAN BARAT
Sidahari,village,-1.93449,110.75577,KALIMANTAN BARAT
Teluk Runjai,village,-1.98015,110.78661,KALIMANTAN BARAT
Pangkalan Suka,village,-1.95047,110.89294,KALIMANTAN BARAT
Riam Batu Gading,village,-2.11021,110.72563,KALIMANTAN BARAT
Deranuk,village,-2.04371,110.84739,KALIMANTAN BARAT
Asam Jelai,village,-2.07045,110.92868,KALIMANTAN BARAT
Sengkuang Merabong,village,-2.21048,110.95793,KALIMANTAN BARAT
Kalimantan,village,-2.32606,110.98899,KALIMANTAN BARAT
Sepauhan Raya,village,-1.97783,110.60425,KALIMANTAN BARAT
Batu Beransak,village,-1.79443,110.70271,KALIMANTAN BARAT
Beringin Rayo,village,-1.74054,110.74296,KALIMANTAN BARAT
Air Dua,village,-1.9463,110.81581,KALIMANTAN BARAT
Limpang,village,-1.87701,110.8332,KALIMANTAN BARAT
Karang Dangin,village,-1.93119,110.91701,KALIMANTAN BARAT
Pasir Mayang,village,-1.86751,110.78257,KALIMANTAN BARAT
Tebing Berseri,village,-1.99249,110.86405,KALIMANTAN BARAT
Titi Baru,village,-1.83671,110.6168,KALIMANTAN BARAT
Riam Danau Kanan,village,-1.9477,110.84747,KALIMANTAN BARAT
Aur Gading,village,-1.80179,110.59836,KALIMANTAN BARAT
Tanjung Beulang,village,-1.74727,110.69753,KALIMANTAN BARAT
Serengkah Kanan,village,-1.77964,110.70788,KALIMANTAN BARAT
Suka Damai,village,-1.80341,110.67545,KALIMANTAN BARAT
Jelayan,village,-1.80975,110.63515,KALIMANTAN BARAT
Tanjung Maloi,village,-1.80727,110.66364,KALIMANTAN BARAT
Air Tarap,village,-2.51736,110.76492,KALIMANTAN BARAT
Samu Jaya,village,-1.88127,111.32948,KALIMANTAN TENGAH
Kenambui,village,-2.3605,111.64255,KALIMANTAN TENGAH
Sulung,village,-2.3452,111.63706,KALIMANTAN TENGAH
Rimba Jaya,village,-2.22916,111.58721,KALIMANTAN TENGAH
Wonorejo,village,-2.24507,111.57191,KALIMANTAN TENGAH
Pangkalan Durin,village,-2.58831,111.7547,KALIMANTAN TENGAH
Pangkalan Dewa,village,-2.4903,111.82438,KALIMANTAN TENGAH
Sungai Melawen,village,-2.52584,111.74078,KALIMANTAN TENGAH
Kadipi Atas,village,-2.49952,111.71315,KALIMANTAN TENGAH
Berambai Makmur,village,-2.53308,111.87636,KALIMANTAN TENGAH
Sungai Pulau,village,-2.59897,111.86001,KALIMANTAN TENGAH
Karang Sari,village,-2.58498,111.87797,KALIMANTAN TENGAH
Simpang Berambai,village,-2.49365,111.90455,KALIMANTAN TENGAH
Sungai Pakit,village,-2.42602,111.94012,KALIMANTAN TENGAH
Sungai Hijau,village,-2.44631,111.91264,KALIMANTAN TENGAH
Sungai Kuning,village,-2.37399,111.87677,KALIMANTAN TENGAH
Batu Belaman,village,-2.73388,111.67493,KALIMANTAN TENGAH
UPT Kumai Seberang,hamlet,-2.77661,111.73975,KALIMANTAN TENGAH
Kumai Seberang,hamlet,-2.76696,111.74608,KALIMANTAN TENGAH
Teluk Pulai,village,-2.97737,111.80648,KALIMANTAN TENGAH
Sabuai Timur,village,-2.95873,111.50333,KALIMANTAN TENGAH
Natai Baru,village,-2.60363,111.68788,KALIMANTAN TENGAH
Tanjung Terantang,village,-2.80966,111.50492,KALIMANTAN TENGAH
Pasir Panjang,village,-2.70919,111.65149,KALIMANTAN TENGAH
Madurejo,village,-2.68891,111.6389,KALIMANTAN TENGAH
Sungai Dau,village,-1.97147,112.07023,KALIMANTAN TENGAH
Panahan,village,-1.88728,111.89362,KALIMANTAN TENGAH
Sukarami,village,-2.16658,111.94665,KALIMANTAN TENGAH
Kotawaringin Hulu,village,-2.48228,111.44308,KALIMANTAN TENGAH
Suka Jaya,village,-2.44538,111.30874,KALIMANTAN TENGAH
Natai Kuini,village,-2.94566,110.75055,KALIMANTAN BARAT
Muara Semayok,village,-1.70728,110.54877,KALIMANTAN BARAT
Kerta Baru,village,-1.76246,110.60098,KALIMANTAN BARAT
Usaha Baru,village,-1.69329,110.49272,KALIMANTAN BARAT
Pateh Benteng,village,-1.64023,110.57255,KALIMANTAN BARAT
Sepakat Jaya,village,-1.63018,110.5095,KALIMANTAN BARAT
Kayung Tuhe,village,-1.57589,110.61182,KALIMANTAN BARAT
Muara Gerunggang,village,-1.64145,110.44889,KALIMANTAN BARAT
Batu Mas,village,-1.67922,110.5821,KALIMANTAN BARAT
Simpang Tiga Sembelangaan,village,-1.50173,110.38681,KALIMANTAN BARAT
Kayong Utara,village,-1.50997,110.65113,KALIMANTAN BARAT
Cegolak,village,-1.6628,110.57579,KALIMANTAN BARAT
Sungai Melayu,village,-1.77879,110.47154,KALIMANTAN BARAT
Makmur Abadi,village,-1.6775,110.28814,KALIMANTAN BARAT
Mekar Jaya,village,-1.72947,110.40598,KALIMANTAN BARAT
Suka Maju,village,-1.74933,110.00409,KALIMANTAN BARAT
Rangga Intan,village,-1.89757,110.75679,KALIMANTAN BARAT
Kusik Batu Lapu,village,-2.04412,110.9122,KALIMANTAN BARAT
Sepuring Indah,village,-1.77865,110.60261,KALIMANTAN BARAT
Jungkal,village,-1.93886,110.46336,KALIMANTAN BARAT
Pengatapan Raya,village,-1.78604,110.55208,KALIMANTAN BARAT
Perimping,hamlet,-2.28952,110.77839,KALIMANTAN BARAT
Batu Keling,hamlet,-2.24789,110.77585,KALIMANTAN BARAT
Bangun Sari,village,-2.22563,110.74249,KALIMANTAN BARAT
Karya Baru,village,-2.25966,110.72567,KALIMANTAN BARAT
Pelanjau Jaya,village,-2.26367,110.64453,KALIMANTAN BARAT
Rangkung,village,-2.15379,110.49762,KALIMANTAN BARAT
Bangkal Serai,village,-2.45259,110.60777,KALIMANTAN BARAT
Seriam,village,-2.5525,110.27584,KALIMANTAN BARAT
Sungai Jelayan,village,-2.15738,110.46849,KALIMANTAN BARAT
Kedondong,village,-2.29311,110.37949,KALIMANTAN BARAT
Air Hitam Besar,village,-2.80784,110.62393,KALIMANTAN BARAT
Pembedilan,village,-2.83506,110.54668,KALIMANTAN BARAT
Keramat Jaya,village,-2.53182,110.2066,KALIMANTAN BARAT
Mekar Utama,village,-2.35839,110.14765,KALIMANTAN BARAT
Pagar Mentimun,village,-2.2401,110.08938,KALIMANTAN BARAT
Mekar Sari,village,-1.88896,110.0667,KALIMANTAN BARAT
Padang,village,-1.89218,110.0007,KALIMANTAN BARAT
Tuan-Tuan,village,-1.87594,109.98424,KALIMANTAN BARAT
Kinjil Pesisir,village,-1.86975,109.96456,KALIMANTAN BARAT
Banjar,village,-1.86638,109.97319,KALIMANTAN BARAT
Kauman,village,-1.85542,109.96602,KALIMANTAN BARAT
Mulia Baru,village,-1.83378,109.98368,KALIMANTAN BARAT
Kantor,village,-1.85965,109.97501,KALIMANTAN BARAT
Suka Harja,village,-1.80813,109.9778,KALIMANTAN BARAT
Suka Bangun Dalam,village,-1.7834,109.94559,KALIMANTAN BARAT
Suka Bangun,village,-1.80477,109.95795,KALIMANTAN BARAT
Sungai Buluh,village,-2.61242,111.03221,KALIMANTAN BARAT
Seguling,village,-2.51792,111.07948,KALIMANTAN BARAT
Jambi,village,-2.66429,111.0597,KALIMANTAN BARAT
Ratu Elok,village,-2.46331,111.03239,KALIMANTAN BARAT
Pelempangan,village,-2.19673,111.00065,KALIMANTAN BARAT
Pakit Selaba,village,-2.22568,110.96174,KALIMANTAN BARAT
Tribun Jaya,village,-2.17585,110.96924,KALIMANTAN BARAT
Mekar Jaya,village,-2.35618,111.02101,KALIMANTAN BARAT
Pangkalan Paket,village,-1.96351,110.7352,KALIMANTAN BARAT
Bantan Sari,village,-2.16701,110.79726,KALIMANTAN BARAT
Bayam Raya,village,-2.10905,110.94137,KALIMANTAN BARAT
Perigi,village,-2.01343,110.80908,KALIMANTAN BARAT
Bumi Jaya,village,-2.29971,112.07333,KALIMANTAN TENGAH
Panca Jaya,village,-2.10285,112.07791,KALIMANTAN TENGAH
Tangga Batu,village,-2.09661,112.15919,KALIMANTAN TENGAH
Panimba Raya,village,-2.34509,112.18562,KALIMANTAN TENGAH
Hulu Jojabo,village,-1.60521,110.95599,KALIMANTAN TENGAH
Batu Payung Dua,village,-2.08015,110.55335,KALIMANTAN BARAT
Tanah Hitam,village,-2.39973,110.65538,KALIMANTAN BARAT
Pantai Ketikal,village,-2.47474,110.71996,KALIMANTAN BARAT
Perendaman,hamlet,-2.2502,110.81957,KALIMANTAN BARAT
Penyarang,village,-2.02736,110.89783,KALIMANTAN BARAT
Kekura,hamlet,-1.94122,110.71792,KALIMANTAN BARAT
Persiapan Sumber Sari,village,-2.46763,111.92088,KALIMANTAN TENGAH
Persiapan Mulya Raya,village,-2.45525,111.93357,KALIMANTAN TENGAH
Semanggang,hamlet,-2.43405,111.90241,KALIMANTAN TENGAH
Persiapan Pangkalan Lada,village,-2.49185,111.73273,KALIMANTAN TENGAH
SP6 Sukaraja,hamlet,-2.34761,110.59893,KALIMANTAN BARAT
Pengancing,hamlet,-1.87664,110.55122,KALIMANTAN BARAT
UPT Trans Kahingai,hamlet,-1.59397,111.41257,KALIMANTAN TENGAH
Persiapan Batu Selipi,village,-1.78078,111.41162,KALIMANTAN TENGAH
Sangkarapuyan,hamlet,-1.96345,111.40304,KALIMANTAN TENGAH
Kuala Asam,hamlet,-2.41392,111.03089,KALIMANTAN BARAT
Sunsang,hamlet,-2.38783,110.97697,KALIMANTAN BARAT
Bagan Kusik,hamlet,-2.39669,110.99824,KALIMANTAN BARAT
Tarahan,hamlet,-2.51417,111.01634,KALIMANTAN BARAT
Bagan Kajang,hamlet,-2.51932,110.98457,KALIMANTAN BARAT
Suren,hamlet,-2.55516,110.90445,KALIMANTAN BARAT
Banjarmasin,city,-3.31875,114.59258,KALIMANTAN SELATAN
Sampit,town,-2.53891,112.94939,KALIMANTAN TENGAH
Martapura,town,-3.40865,114.84884,KALIMANTAN SELATAN
Amuntai,city,-2.41965,115.25393,KALIMANTAN SELATAN
Jorong,village,-3.98083,114.93227,KALIMANTAN SELATAN
Buntok,town,-1.71761,114.83866,KALIMANTAN TENGAH
Marabahan,town,-2.98047,114.76704,KALIMANTAN SELATAN
Rantau,city,-2.93265,115.15468,KALIMANTAN SELATAN
Palangka Raya,city,-2.20729,113.91644,KALIMANTAN TENGAH
Murung Asam,village,-2.49435,115.21218,KALIMANTAN SELATAN
Podok,village,-3.41524,114.52018,KALIMANTAN SELATAN
Baung,village,-2.87748,112.25727,KALIMANTAN TENGAH
Banua Supanggal,village,-2.57504,115.3564,KALIMANTAN SELATAN
Bentok Darat,village,-3.57133,114.84153,KALIMANTAN SELATAN
Mentawa Baru Hulu,village,-2.54487,112.95357,KALIMANTAN TENGAH
Purut,village,-2.97585,115.14367,KALIMANTAN SELATAN
Gunung Batu,village,-2.44809,115.60346,KALIMANTAN SELATAN
Bararawa,village,-2.44916,114.98314,KALIMANTAN SELATAN
Juru Banu,village,-2.25115,114.94616,KALIMANTAN TENGAH
Sirap,village,-2.27654,115.56716,KALIMANTAN SELATAN
Teluk Tamba,village,-2.80684,114.63931,KALIMANTAN SELATAN
Kandan,village,-2.38873,112.92395,KALIMANTAN TENGAH
Tanjung,village,-2.16428,115.38034,KALIMANTAN SELATAN
Handiwung,village,-2.88563,114.51427,KALIMANTAN TENGAH
Bincau,village,-3.42105,114.87963,KALIMANTAN SELATAN
Setiap,village,-2.53037,115.3184,KALIMANTAN SELATAN
Awang Bangkal Barat,village,-3.48943,114.9751,KALIMANTAN SELATAN
Sembuluh II,village,-2.72481,112.3744,KALIMANTAN TENGAH
Kandangan Utara,village,-2.77507,115.26568,KALIMANTAN SELATAN
Tabanio,village,-3.76293,114.61611,KALIMANTAN SELATAN
Malilingin,village,-2.8645,115.31965,KALIMANTAN SELATAN
Bahaur Tengah,village,-3.21373,114.10685,KALIMANTAN TENGAH
Angkipih,village,-3.11319,115.364,KALIMANTAN SELATAN
Bangkau,village,-2.68105,115.19643,KALIMANTAN SELATAN
Hilir Mesjid,village,-2.43294,115.18394,KALIMANTAN SELATAN
Baliuk,village,-2.99372,114.77786,KALIMANTAN SELATAN
Tri Mulya,village,-3.66285,115.71412,KALIMANTAN SELATAN
Bina Sejahtera,village,-2.69964,114.71907,KALIMANTAN TENGAH
Lok Tangga,village,-3.42203,114.92577,KALIMANTAN SELATAN
Mantaren II,village,-2.79502,114.24788,KALIMANTAN TENGAH
Cempaka,village,-2.44947,115.22988,KALIMANTAN SELATAN
Mandi Angin Barat,village,-3.48824,114.93172,KALIMANTAN SELATAN
Tewang Manyangen,village,-1.71377,113.28725,KALIMANTAN TENGAH
Jembatan Merah,village,-2.80979,115.28977,KALIMANTAN SELATAN
Riam Adungan,village,-3.69636,115.16049,KALIMANTAN SELATAN
Mangkayahu,village,-2.31196,115.5013,KALIMANTAN SELATAN
Tangkawang Baru,village,-2.92266,115.11744,KALIMANTAN SELATAN
Tanta Hulu,village,-2.19485,115.3786,KALIMANTAN SELATAN
Sungai Tabuk,village,-2.34017,115.37375,KALIMANTAN SELATAN
Baliangin,village,-3.21782,115.12522,KALIMANTAN SELATAN
Gunung Ulin,village,-3.3803,114.9691,KALIMANTAN SELATAN
Pudak Setegal,village,-2.28693,115.29492,KALIMANTAN SELATAN
Tampulang,village,-2.45411,114.8792,KALIMANTAN TENGAH
Jamil,village,-2.64324,115.28756,KALIMANTAN SELATAN
Purui,village,-1.88542,115.68171,KALIMANTAN SELATAN
Cempaka Putih,village,-1.886,112.85636,KALIMANTAN TENGAH
Lok Tunggul,village,-3.31166,115.08491,KALIMANTAN SELATAN
Bambulung,village,-1.80349,115.05111,KALIMANTAN TENGAH
Teluk Betung,village,-2.46356,115.20977,KALIMANTAN SELATAN
Paharangan,village,-2.56504,115.14303,KALIMANTAN SELATAN
Pamalongan,village,-3.82895,114.88085,KALIMANTAN SELATAN
Murung Jambu,village,-2.33483,115.42233,KALIMANTAN SELATAN
Binaan Baru,village,-3.11953,114.5939,KALIMANTAN SELATAN
Piyait,village,-2.40241,115.5572,KALIMANTAN SELATAN
Lamunti Permai,village,-2.60448,114.45378,KALIMANTAN TENGAH
Handil Bakti,village,-3.27573,114.60301,KALIMANTAN SELATAN
Tayur,village,-2.34703,115.31772,KALIMANTAN SELATAN
Kalanis,village,-2.26407,114.89938,KALIMANTAN TENGAH
Datar Ajab,village,-2.64905,115.53614,KALIMANTAN SELATAN
Mulya Agung,village,-1.61295,112.67506,KALIMANTAN TENGAH
Tanjung Harapan,village,-1.80209,112.65573,KALIMANTAN TENGAH
Gudang Tengah,village,-3.32678,114.71104,KALIMANTAN SELATAN
Ramang,village,-1.72339,113.92401,KALIMANTAN TENGAH
Tambak Anyar Ulu,village,-3.39034,114.87486,KALIMANTAN SELATAN
Telaga Langsat,village,-2.72959,115.32801,KALIMANTAN SELATAN
Puntik Dalam,village,-3.17432,114.62988,KALIMANTAN SELATAN
Bintang Ara,village,-1.96924,115.44438,KALIMANTAN SELATAN
Timpah,village,-1.72506,114.47703,KALIMANTAN TENGAH
Sidorejo,village,-3.32985,114.4644,KALIMANTAN SELATAN
Teluk Sinar,village,-2.50322,115.17246,KALIMANTAN SELATAN
Peramasan Dua Kali Sanga,village,-2.86434,115.81559,KALIMANTAN SELATAN
Babai,village,-2.55392,115.37489,KALIMANTAN SELATAN
Cempaka,village,-3.48706,114.85338,KALIMANTAN SELATAN
Parebok,village,-2.93348,112.98884,KALIMANTAN TENGAH
Shabah,village,-2.98187,115.16985,KALIMANTAN SELATAN
Jahanjang,village,-2.32109,113.44411,KALIMANTAN TENGAH
Tanjung Selor,village,-2.68898,115.04792,KALIMANTAN SELATAN
Teluk Mampun,village,-1.59935,114.83781,KALIMANTAN TENGAH
Liyu,village,-2.16627,115.62592,KALIMANTAN SELATAN
Matang Batas,village,-3.16532,115.13795,KALIMANTAN SELATAN
Tamban Baru Tengah,village,-3.24276,114.39806,KALIMANTAN TENGAH
Wayau,village,-2.11047,115.40661,KALIMANTAN SELATAN
Bungai Jaya,village,-2.93463,114.31498,KALIMANTAN TENGAH
Tambak Baru Ulu,village,-3.38875,114.88453,KALIMANTAN SELATAN
Tapuk,village,-2.47059,115.47045,KALIMANTAN SELATAN
Sungai Paring,village,-3.43385,114.84812,KALIMANTAN SELATAN
Pajukungan,village,-2.60002,115.35452,KALIMANTAN SELATAN
Kurau,village,-3.59182,114.61869,KALIMANTAN SELATAN
Parit,village,-2.15406,112.98665,KALIMANTAN TENGAH
Suato Tatakan,village,-3.07032,115.10568,KALIMANTAN SELATAN
Wonorejo,village,-3.43686,115.77646,KALIMANTAN SELATAN
Cakru,village,-2.40791,115.2604,KALIMANTAN SELATAN
Tangkiling,village,-1.9789,113.76035,KALIMANTAN TENGAH
Bahalayung,village,-2.96651,114.7785,KALIMANTAN SELATAN
Harapan Baru,village,-2.71192,114.64311,KALIMANTAN TENGAH
Sungai Arfat,village,-3.40369,114.91165,KALIMANTAN SELATAN
Tahai Baru,village,-3.0558,114.21637,KALIMANTAN TENGAH
Ujung Murung,village,-2.44104,115.23934,KALIMANTAN SELATAN
Awang Bangkal Timur,village,-3.48618,114.97707,KALIMANTAN SELATAN
Luwuk Kiri,village,-1.97543,113.42568,KALIMANTAN TENGAH
Baluti,village,-2.79979,115.26803,KALIMANTAN SELATAN
Pahandut Seberang,village,-2.19943,113.93453,KALIMANTAN TENGAH
Masta,village,-2.86804,115.10477,KALIMANTAN SELATAN
Hanjak Maju,village,-2.75575,114.31798,KALIMANTAN TENGAH
Sukadamai,village,-3.25683,115.76088,KALIMANTAN SELATAN
Bayan Sari,village,-3.68506,115.60053,KALIMANTAN SELATAN
Gunung Batu,village,-3.22944,115.09164,KALIMANTAN SELATAN
Tambak Bitin,village,-2.62529,115.1043,KALIMANTAN SELATAN
Manarap,village,-2.45918,115.14765,KALIMANTAN SELATAN
Gaung Baru,village,-1.77515,113.71832,KALIMANTAN TENGAH
Terusan Raya,village,-3.15926,114.29015,KALIMANTAN TENGAH
Hantakan,village,-2.63791,115.457,KALIMANTAN SELATAN
Setarap,village,-3.79768,115.52266,KALIMANTAN SELATAN
Sebungsu,village,-1.86064,112.77366,KALIMANTAN TENGAH
Pengaron,village,-3.29593,115.09397,KALIMANTAN SELATAN
Rodok,village,-1.82244,115.17904,KALIMANTAN TENGAH
Pajukungan Hilir,village,-2.49115,115.11253,KALIMANTAN SELATAN
Kamawakan,village,-2.85297,115.48427,KALIMANTAN SELATAN
Bluru,village,-3.86533,114.83644,KALIMANTAN SELATAN
Baruh Panyambaran,village,-2.25744,115.63697,KALIMANTAN SELATAN
Banua Hanyar Hulu,village,-2.90205,115.14232,KALIMANTAN SELATAN
Padang Panjang,village,-2.2579,115.46869,KALIMANTAN SELATAN
Tangalin,village,-2.4103,115.49357,KALIMANTAN SELATAN
Sungai Pinang Baru,village,-3.29163,114.68589,KALIMANTAN SELATAN
Simpang Jaya,village,-3.06791,114.56518,KALIMANTAN SELATAN
Sungai Rukam II,village,-2.31486,115.30533,KALIMANTAN SELATAN
Barikin,village,-2.67879,115.32505,KALIMANTAN SELATAN
Tumbang Getas,village,-1.77155,112.36676,KALIMANTAN TENGAH
Munggu Raya,village,-3.34829,114.847,KALIMANTAN SELATAN
Penda Barania,village,-2.13272,113.92668,KALIMANTAN TENGAH
Batu Perahu,village,-2.60207,115.59989,KALIMANTAN SELATAN
Martadah Baru,village,-3.62335,114.80492,KALIMANTAN SELATAN
Baruh Bahinu Luar,village,-2.35739,115.4823,KALIMANTAN SELATAN
Anjir Muara Lama,village,-3.1668,114.51816,KALIMANTAN SELATAN
Janah Jari,village,-1.97515,115.19597,KALIMANTAN TENGAH
Kaladan Jaya,village,-2.58615,114.52992,KALIMANTAN TENGAH
Kasai,village,-2.43148,115.43917,KALIMANTAN SELATAN
Sungai Ramania,village,-3.24739,114.65528,KALIMANTAN SELATAN
Haur Gading,village,-2.37834,115.23571,KALIMANTAN SELATAN
Talio,village,-1.84775,114.83765,KALIMANTAN TENGAH
Mandingin,village,-2.56265,115.40849,KALIMANTAN SELATAN
Perintis Raya,village,-2.92715,115.15298,KALIMANTAN SELATAN
Kampung Melayu,village,-2.97407,113.26393,KALIMANTAN TENGAH
Mangkirana,village,-3.05832,115.88242,KALIMANTAN SELATAN
Astambul Seberang,village,-3.38098,114.89769,KALIMANTAN SELATAN
Muara Ulang,village,-2.75853,115.48188,KALIMANTAN SELATAN
Tinggiran Darat,village,-3.2675,114.48307,KALIMANTAN SELATAN
Muka Haji,village,-1.55118,115.08008,KALIMANTAN TENGAH
Seradang,village,-2.04139,115.55344,KALIMANTAN SELATAN
Sungai Telan Muara,village,-3.43054,114.49402,KALIMANTAN SELATAN
Murung Panti Hilir,village,-2.53287,115.13757,KALIMANTAN SELATAN
Hampang,village,-2.92166,115.83732,KALIMANTAN SELATAN
Kapar,village,-2.55398,115.4171,KALIMANTAN SELATAN
Kait-kait Baru,village,-3.59075,114.80769,KALIMANTAN SELATAN
Eka Bahurui,village,-2.61204,112.94731,KALIMANTAN TENGAH
Lusan,village,-1.53672,115.73358,KALIMANTAN TIMUR
Pandulangan,village,-2.97499,115.096,KALIMANTAN SELATAN
Tariwin,village,-2.46789,115.49999,KALIMANTAN SELATAN
Palimbang Sari,village,-2.39868,115.24657,KALIMANTAN SELATAN
Mamantang,village,-2.29935,115.72985,KALIMANTAN SELATAN
Pantang Raya,village,-2.81609,114.60333,KALIMANTAN SELATAN
Palingkau Jaya,village,-2.80976,114.48679,KALIMANTAN TENGAH
Padangin,village,-2.2621,115.3391,KALIMANTAN SELATAN
Pasar Kamis,village,-3.39583,114.62951,KALIMANTAN SELATAN
Hapingin,village,-2.52431,115.42384,KALIMANTAN SELATAN
Aluh Aluh Kecil,village,-3.43708,114.55185,KALIMANTAN SELATAN
Ulak Batu,village,-2.75656,112.20748,KALIMANTAN TENGAH
Banua Kupang,village,-2.6018,115.32002,KALIMANTAN SELATAN
Gunung Makmur,village,-3.88387,114.64909,KALIMANTAN SELATAN
Natai Baru,village,-2.60293,112.63461,KALIMANTAN TENGAH
Pabaungan Hilir,village,-2.85918,114.9945,KALIMANTAN SELATAN
Sebangau Mulya,village,-2.89261,113.77122,KALIMANTAN TENGAH
Giri Mulya,village,-3.50553,115.69594,KALIMANTAN SELATAN
Rampah,village,-3.04687,115.25017,KALIMANTAN SELATAN
Palanjungan Sari,village,-2.41178,115.29966,KALIMANTAN SELATAN
Tangga Ulin Hilir,village,-2.41779,115.25769,KALIMANTAN SELATAN
Kalampangan,village,-2.27871,114.01125,KALIMANTAN TENGAH
Wungkur Baru,village,-1.60114,114.99096,KALIMANTAN TENGAH
Batik,village,-2.99884,114.7856,KALIMANTAN SELATAN
Upt Dadahup C2,village,-2.62551,114.76662,KALIMANTAN TENGAH
Handil Baru,village,-3.37497,114.55126,KALIMANTAN SELATAN
Mawani,village,-1.96415,115.40548,KALIMANTAN SELATAN
Teluk Cati,village,-2.4386,115.19155,KALIMANTAN SELATAN
Pemurus,village,-3.47717,114.53858,KALIMANTAN SELATAN
Buntut Bali,village,-1.68087,113.25607,KALIMANTAN TENGAH
Sirih,village,-2.81993,115.17939,KALIMANTAN SELATAN
Bumi Asih,village,-3.97957,114.73143,KALIMANTAN SELATAN
Jungkal,village,-2.32363,115.41198,KALIMANTAN SELATAN
Budi Mulya,village,-2.89826,115.23374,KALIMANTAN SELATAN
Sungai Buluh,village,-2.25537,115.31459,KALIMANTAN SELATAN
Lampihong Selatan,village,-2.35384,115.36227,KALIMANTAN SELATAN
Bawahan Selan,village,-3.32926,114.95471,KALIMANTAN SELATAN
Pendalaman,village,-3.0279,114.6876,KALIMANTAN SELATAN
Bangkiling,village,-2.325,115.26159,KALIMANTAN SELATAN
Masiraan,village,-2.61149,115.32813,KALIMANTAN SELATAN
Baampah,village,-2.13313,112.64155,KALIMANTAN TENGAH
Binjai,village,-1.87585,115.54153,KALIMANTAN SELATAN
Kelampaian Ulu,village,-3.3545,114.87301,KALIMANTAN SELATAN
Bereng Jun,village,-1.51858,113.51783,KALIMANTAN TENGAH
Paminggir,village,-2.52132,114.86435,KALIMANTAN TENGAH
Pahampangan,village,-2.82769,115.27175,KALIMANTAN SELATAN
Halubau Utara,village,-2.33793,115.43998,KALIMANTAN SELATAN
Anjir Pasar Lama,village,-3.13103,114.48489,KALIMANTAN SELATAN
Murutuwu,village,-2.10487,115.06271,KALIMANTAN TENGAH
Sei Kapar,village,-2.65036,114.39273,KALIMANTAN TENGAH
Pelajau,village,-2.439,115.45827,KALIMANTAN SELATAN
Jelapat Baru,village,-3.25297,114.54665,KALIMANTAN SELATAN
Air Tawar,village,-2.36128,115.30269,KALIMANTAN SELATAN
Teluk Timbau,village,-2.09958,114.87417,KALIMANTAN TENGAH
Hapulang,village,-2.65531,115.38941,KALIMANTAN SELATAN
Tangka Robah,village,-1.99482,112.53874,KALIMANTAN TENGAH
Simpang Empat,village,-3.36517,114.62455,KALIMANTAN SELATAN
Goha,village,-1.64692,113.92822,KALIMANTAN TENGAH
Pasungkan,village,-2.60251,115.10278,KALIMANTAN SELATAN
Angsau,village,-3.79996,114.7758,KALIMANTAN SELATAN
Anjir Muara Kota Tengah,village,-3.19504,114.54332,KALIMANTAN SELATAN
Kupang Nunding,village,-1.96175,115.57168,KALIMANTAN SELATAN
Lawang Kamah,village,-1.55887,114.51846,KALIMANTAN TENGAH
Sekata Baru,village,-3.3461,114.37759,KALIMANTAN SELATAN
Tatah Laban,village,-2.48653,115.19604,KALIMANTAN SELATAN
Sungai Buluh,village,-2.56216,115.23223,KALIMANTAN SELATAN
Serawi,village,-2.94091,115.1115,KALIMANTAN SELATAN
Asem Kumbang,village,-2.15035,113.49779,KALIMANTAN TENGAH
Sebamban Baru,village,-3.83108,115.36195,KALIMANTAN SELATAN
Telaga Sili Sili,village,-2.75497,115.30438,KALIMANTAN SELATAN
Gunung Riut,village,-2.19021,115.6291,KALIMANTAN SELATAN
Panca Karya,village,-3.18164,114.6254,KALIMANTAN SELATAN
Sebabi,village,-2.41648,112.56631,KALIMANTAN TENGAH
Tarung Manuah,village,-2.91707,114.26728,KALIMANTAN TENGAH
Masingai II,village,-2.11698,115.54648,KALIMANTAN SELATAN
Belayung Baru,village,-3.37634,114.60709,KALIMANTAN SELATAN
Muara Rintis,village,-2.50141,115.40576,KALIMANTAN SELATAN
Layap Baru,village,-3.42266,114.572,KALIMANTAN SELATAN
Kuala Pembuang II,village,-3.39617,112.55074,KALIMANTAN TENGAH
Bingkulu,village,-3.67971,114.68574,KALIMANTAN SELATAN
Bapinang Hilir Laut,village,-2.9209,113.03413,KALIMANTAN TENGAH
Pulau Pinang Utara,village,-3.08811,115.09358,KALIMANTAN SELATAN
Bakarangan,village,-3.50803,115.77588,KALIMANTAN SELATAN
Murung Padang,village,-2.39676,115.31172,KALIMANTAN SELATAN
Dahai,village,-2.27653,115.48295,KALIMANTAN SELATAN
Asia Baru,village,-2.67198,114.79424,KALIMANTAN SELATAN
Bakungin,village,-2.96377,114.43814,KALIMANTAN TENGAH
Cindai Alus,village,-3.4185,114.80522,KALIMANTAN SELATAN
Wono Agung,village,-2.88133,114.13652,KALIMANTAN TENGAH
Pararain,village,-2.4635,115.10271,KALIMANTAN SELATAN
Bunipah,village,-3.46089,114.56042,KALIMANTAN SELATAN
Tewang Rangas,village,-1.81174,113.30963,KALIMANTAN TENGAH
Bago Tanggul,village,-2.82423,115.13574,KALIMANTAN SELATAN
Padang Luas,village,-3.60869,114.61781,KALIMANTAN SELATAN
Margasari Hulu,village,-2.8741,114.93366,KALIMANTAN SELATAN
Simpur,village,-2.58575,114.22353,KALIMANTAN TENGAH
Sidomulyo,village,-3.28826,115.83974,KALIMANTAN SELATAN
Batang Banyu,village,-3.19267,115.15424,KALIMANTAN SELATAN
Sungai Mandala,village,-2.62968,115.10881,KALIMANTAN SELATAN
Sungai Bahadangan,village,-2.42018,115.26621,KALIMANTAN SELATAN
Bukit Sua,village,-1.68112,113.69914,KALIMANTAN TENGAH
Terusan Makmur,village,-3.21621,114.24892,KALIMANTAN TENGAH
Lepasan,village,-2.97531,114.77588,KALIMANTAN SELATAN
Sungai Kumap,village,-1.76124,115.50885,KALIMANTAN SELATAN
Dadahup Raya,village,-2.68296,114.54225,KALIMANTAN TENGAH
Benteng,village,-3.29938,115.10593,KALIMANTAN SELATAN
Ampah Kota,village,-1.79968,115.15085,KALIMANTAN TENGAH
Sungai Pandan Hilir,village,-2.46126,115.21157,KALIMANTAN SELATAN
Mawangi,village,-2.82208,115.34293,KALIMANTAN SELATAN
Hukai,village,-2.32011,115.54484,KALIMANTAN SELATAN
Parandakan,village,-2.87636,115.22565,KALIMANTAN SELATAN
Murung Sari,village,-2.41839,115.22987,KALIMANTAN SELATAN
Mantimin,village,-2.39174,115.42998,KALIMANTAN SELATAN
Lok Gabang,village,-3.35168,114.88506,KALIMANTAN SELATAN
Sukaramai,village,-3.07552,114.64129,KALIMANTAN SELATAN
Harus,village,-2.40241,115.22117,KALIMANTAN SELATAN
Taras Padang,village,-2.62679,115.36162,KALIMANTAN SELATAN
Bukit Makmur,village,-1.77311,112.69485,KALIMANTAN TENGAH
Sungai Rangas Hambuku,village,-3.32545,114.77671,KALIMANTAN SELATAN
Parahangan,village,-1.86038,113.95324,KALIMANTAN TENGAH
Aing Bantai,village,-2.62434,115.63414,KALIMANTAN SELATAN
Bajuin,village,-3.75693,114.83253,KALIMANTAN SELATAN
Pupuyuan,village,-2.31654,115.38196,KALIMANTAN SELATAN
Gandaria,village,-3.09574,114.55721,KALIMANTAN SELATAN
Ampari,village,-1.96934,115.26317,KALIMANTAN TENGAH
Bihara Hilir,village,-2.43889,115.53271,KALIMANTAN SELATAN
Mandomai,village,-2.81845,114.35546,KALIMANTAN TENGAH
Pulau Alalak,village,-3.27964,114.565,KALIMANTAN SELATAN
Sungai Limas,village,-2.38889,115.2477,KALIMANTAN SELATAN
Mangaris,village,-1.74166,114.97573,KALIMANTAN TENGAH
Sungai Harang,village,-2.7073,115.38151,KALIMANTAN SELATAN
Landasan Ulin Timur,village,-3.44666,114.74972,KALIMANTAN SELATAN
Tumbang Batu,village,-1.72016,112.44258,KALIMANTAN TENGAH
Buni'in Jaya,village,-2.9663,115.28175,KALIMANTAN SELATAN
Perigi,village,-2.8393,113.2711,KALIMANTAN TENGAH
Dalam Pagar Ulu,village,-3.36907,114.83134,KALIMANTAN SELATAN
Parigi,village,-2.63432,115.07944,KALIMANTAN SELATAN
Jejangkit Barat,village,-3.16425,114.78602,KALIMANTAN SELATAN
Kasiau,village,-2.12157,115.4585,KALIMANTAN SELATAN
Sei Ahas,village,-2.36666,114.40715,KALIMANTAN TENGAH
Paramasan Atas,village,-2.91048,115.54697,KALIMANTAN SELATAN
Danau Caramin,village,-2.52488,115.22522,KALIMANTAN SELATAN
Banua Jingah,village,-2.56837,115.38505,KALIMANTAN SELATAN
Prayon,village,-1.61571,115.83246,KALIMANTAN TIMUR
Samuda Kota,village,-2.84298,112.96983,KALIMANTAN TENGAH
Pematang Karangan,village,-2.94546,115.08534,KALIMANTAN SELATAN
Mantewe,village,-3.24329,115.76285,KALIMANTAN SELATAN
Padang Tanggul,village,-2.41287,115.20576,KALIMANTAN SELATAN
Murung Paken,village,-1.68234,114.77147,KALIMANTAN TENGAH
Burakai,village,-3.17069,115.14361,KALIMANTAN SELATAN
Pulau Ku'u,village,-2.28632,115.39547,KALIMANTAN SELATAN
Pangkalan Rekan,village,-3.01162,114.35609,KALIMANTAN TENGAH
Tunggul Irang,village,-3.4062,114.85868,KALIMANTAN SELATAN
Aluh Aluh Kecil Muara,village,-3.43537,114.52827,KALIMANTAN SELATAN
Sembuluh I,village,-2.73624,112.38116,KALIMANTAN TENGAH
Banua Asam,village,-2.58722,115.34756,KALIMANTAN SELATAN
Handil Labuan Amas,village,-3.54157,114.59379,KALIMANTAN SELATAN
Bagendang Hulu,village,-2.74516,112.90619,KALIMANTAN TENGAH
Rumintin,village,-3.02215,115.12385,KALIMANTAN SELATAN
Mekar Jaya,village,-2.91437,113.80481,KALIMANTAN TENGAH
Sejahtera Mulia,village,-3.69784,115.35851,KALIMANTAN SELATAN
Rantau Nangka,village,-3.1965,115.25605,KALIMANTAN SELATAN
Sungai Karias,village,-2.42264,115.26469,KALIMANTAN SELATAN
Banjang,village,-2.40858,115.31378,KALIMANTAN SELATAN
Danau Tundai,village,-2.20636,114.00488,KALIMANTAN TENGAH
Anjir Serapat Timur,village,-3.11278,114.47313,KALIMANTAN TENGAH
Karya Tani,village,-2.96676,114.66681,KALIMANTAN SELATAN
Palingkau Asri,village,-2.79859,114.5014,KALIMANTAN TENGAH
Pulau Nyiur,village,-3.4464,114.99034,KALIMANTAN SELATAN
Galagah Hulu,village,-2.44919,115.19753,KALIMANTAN SELATAN
Lawahan,village,-3.4901,114.60292,KALIMANTAN SELATAN
Manduing Lama,village,-1.65564,113.26324,KALIMANTAN TENGAH
Ulin,village,-2.78691,115.22115,KALIMANTAN SELATAN
Kandangan Lama,village,-4.05416,114.68093,KALIMANTAN SELATAN
Pabaungan Hulu,village,-2.8541,115.01153,KALIMANTAN SELATAN
Talio Muara,village,-3.09463,114.12448,KALIMANTAN TENGAH
Murung Baru,village,-2.2178,115.33109,KALIMANTAN SELATAN
Tundakan,village,-2.39233,115.57826,KALIMANTAN SELATAN
Antaraku,village,-3.2584,115.18892,KALIMANTAN SELATAN
Sungai Tunjang,village,-3.03543,114.75843,KALIMANTAN SELATAN
Hapalah,village,-2.3452,115.24991,KALIMANTAN SELATAN
Binjai Pemangkih,village,-2.6038,115.26565,KALIMANTAN SELATAN
Meho,hamlet,-1.89637,115.40815,KALIMANTAN SELATAN
Sari Harapan,village,-1.98293,112.78494,KALIMANTAN TENGAH
Antasan Sutun,village,-3.30062,114.76701,KALIMANTAN SELATAN
Fajar Harapan,village,-1.50333,113.41598,KALIMANTAN TENGAH
Sungai Nyiur,village,-2.50047,115.11311,KALIMANTAN SELATAN
Malinau,village,-2.86007,115.41503,KALIMANTAN SELATAN
Asri Mulia,village,-3.94408,115.06142,KALIMANTAN SELATAN
Binjai,village,-2.37592,115.53465,KALIMANTAN SELATAN
Banua Hanyar,village,-2.89801,115.14007,KALIMANTAN SELATAN
Baramban,village,-2.42202,115.54118,KALIMANTAN SELATAN
Berangas Barat,village,-3.25411,114.56353,KALIMANTAN SELATAN
Waringin,village,-2.36304,115.2479,KALIMANTAN SELATAN
Salat Baru,village,-2.05795,114.89019,KALIMANTAN TENGAH
Tabudarat Hilir,village,-2.66215,115.30083,KALIMANTAN SELATAN
Kuala Kuayan,village,-1.96593,112.50532,KALIMANTAN TENGAH
Sungai Tuan Ulu,village,-3.37415,114.88563,KALIMANTAN SELATAN
Pandawei,village,-1.58035,113.90907,KALIMANTAN TENGAH
Balah Paikat,village,-2.6286,115.11907,KALIMANTAN SELATAN
Tirta Jaya,village,-3.79901,114.81856,KALIMANTAN SELATAN
Batu Piring,village,-2.34698,115.46437,KALIMANTAN SELATAN
Jejangkit Timur,village,-3.14991,114.80039,KALIMANTAN SELATAN
Tampu Langit,village,-2.10429,114.97317,KALIMANTAN TENGAH
Marindi,village,-2.01807,115.61217,KALIMANTAN SELATAN
Lamunti,village,-2.58815,114.39861,KALIMANTAN TENGAH
Tamban Bangun,village,-3.33919,114.49929,KALIMANTAN SELATAN
Hambuku Baru,village,-2.51604,115.16817,KALIMANTAN SELATAN
Wawai Gardu,village,-2.55224,115.48603,KALIMANTAN SELATAN
Bakarangan,village,-2.92782,115.12499,KALIMANTAN SELATAN
Kampung Keramat,village,-3.22238,113.31743,KALIMANTAN TENGAH
Sumber Makmur,village,-3.86987,114.64581,KALIMANTAN SELATAN
Panjampang Bahagia,village,-2.78799,115.20537,KALIMANTAN SELATAN
Jejangkit Muara,village,-3.19275,114.75323,KALIMANTAN SELATAN
Agung,village,-2.14982,115.38754,KALIMANTAN SELATAN
Tabunganen Pemurus,village,-3.42359,114.45354,KALIMANTAN SELATAN
Maringgit,village,-2.51154,115.40673,KALIMANTAN SELATAN
Tatah Bangkal Tengah,village,-3.40184,114.56954,KALIMANTAN SELATAN
Bangun Harja,village,-3.29097,112.56048,KALIMANTAN TENGAH
Gambah,village,-2.61162,115.40919,KALIMANTAN SELATAN
Pandahan,village,-3.52505,114.72208,KALIMANTAN SELATAN
Makarti Jaya,village,-2.74195,112.94987,KALIMANTAN TENGAH
Banua Padang Hilir,village,-2.96335,115.1498,KALIMANTAN SELATAN
Kuranji,village,-3.48818,115.69762,KALIMANTAN SELATAN
Telaga Silaba,village,-2.41412,115.21192,KALIMANTAN SELATAN
Lok Batung,village,-2.30142,115.51934,KALIMANTAN SELATAN
Muara Pulau,village,-2.73113,114.74307,KALIMANTAN SELATAN
Sumber Makmur,village,-2.39525,112.46866,KALIMANTAN TENGAH
Pamarangan Kiwa,village,-2.19408,115.34764,KALIMANTAN SELATAN
Pekauman,village,-3.39543,114.84098,KALIMANTAN SELATAN
Sidodadi,village,-2.92395,114.10773,KALIMANTAN TENGAH
Banua Hanyar,village,-2.43512,115.18219,KALIMANTAN SELATAN
Mandi Angin Timur,village,-3.4918,114.94249,KALIMANTAN SELATAN
Kalumpang,village,-2.8223,115.15841,KALIMANTAN SELATAN
Tambak Karya,village,-3.6584,114.62926,KALIMANTAN SELATAN
Batang Kulur Kanan,village,-2.85261,115.21976,KALIMANTAN SELATAN
Surian Hanyar,village,-3.24573,114.96578,KALIMANTAN SELATAN
Muning Tengah,village,-2.64545,115.12286,KALIMANTAN SELATAN
Rantau Bujur Tengah,village,-2.4457,115.16953,KALIMANTAN SELATAN
Pulau Kupang,village,-3.08182,114.35783,KALIMANTAN TENGAH
Penghulu,village,-2.99013,114.77685,KALIMANTAN SELATAN
Manggala Permai,village,-2.73744,114.5491,KALIMANTAN TENGAH
Jawa,village,-3.42324,114.84924,KALIMANTAN SELATAN
Anjir Pulang Pisau,village,-2.76632,114.28164,KALIMANTAN TENGAH
Sungai Dalam,village,-2.49677,115.1132,KALIMANTAN SELATAN
Tumingki,village,-2.83108,115.48763,KALIMANTAN SELATAN
Kalahiang,village,-2.32805,115.43256,KALIMANTAN SELATAN
Sungai Puting,village,-2.94181,114.91071,KALIMANTAN SELATAN
Ambakiang,village,-2.39827,115.56603,KALIMANTAN SELATAN
Sungai Lurus,village,-3.23409,115.16816,KALIMANTAN SELATAN
Banua Anyar Sungai Tuan,village,-3.37301,114.86474,KALIMANTAN SELATAN
Teluk Haur,village,-2.36626,115.24507,KALIMANTAN SELATAN
Rangga Ilung,village,-2.33004,114.87385,KALIMANTAN TENGAH
Pemangkih Seberang,village,-2.62137,115.28082,KALIMANTAN SELATAN
Mekar Sari,village,-1.69567,112.83215,KALIMANTAN TENGAH
Nalui,village,-1.83552,115.65106,KALIMANTAN SELATAN
Paku Alam,village,-3.28567,114.66547,KALIMANTAN SELATAN
Tuyau,village,-1.83265,115.04482,KALIMANTAN TENGAH
Sungai Pandan Hulu,village,-2.4687,115.21405,KALIMANTAN SELATAN
Haruyan Seberang,village,-2.6878,115.3542,KALIMANTAN SELATAN
Sungai Bakar,village,-3.77073,114.85345,KALIMANTAN SELATAN
Matang Hanau,village,-2.32257,115.37576,KALIMANTAN SELATAN
Sungai Gampa Asahi,village,-3.08104,114.70498,KALIMANTAN SELATAN
Saka Tamiang,village,-2.79141,114.44856,KALIMANTAN TENGAH
Mauya,village,-2.36938,115.70517,KALIMANTAN SELATAN
Bangkit Baru,village,-3.22178,114.66185,KALIMANTAN SELATAN
Murung Karangan,village,-2.39026,115.27946,KALIMANTAN SELATAN
Pamangka,village,-1.68812,114.96735,KALIMANTAN TENGAH
Tabat Padang,village,-2.71055,115.35145,KALIMANTAN SELATAN
Tumbang Sangai,village,-1.81801,112.55247,KALIMANTAN TENGAH
Akar Bagantung,village,-3.36578,114.84917,KALIMANTAN SELATAN
Manen Paduran,village,-1.78874,113.95392,KALIMANTAN TENGAH
Manarap Baru,village,-3.35576,114.66377,KALIMANTAN SELATAN
Bakarung,village,-2.74817,115.28171,KALIMANTAN SELATAN
Karang Indah,village,-3.15966,114.65626,KALIMANTAN SELATAN
Simpung Layung,village,-1.91545,115.58201,KALIMANTAN SELATAN
Tumbang Muroi,village,-2.02309,114.39969,KALIMANTAN TENGAH
Tinggiran Baru,village,-3.30133,114.51071,KALIMANTAN SELATAN
Sungai Janjam,village,-2.53254,115.14996,KALIMANTAN SELATAN
Kias,village,-2.56994,115.41934,KALIMANTAN SELATAN
Basirih Hulu,village,-2.81135,112.9505,KALIMANTAN TENGAH
Kaladan,village,-2.96185,114.83136,KALIMANTAN SELATAN
Galinggang,village,-2.56755,113.33175,KALIMANTAN TENGAH
Pandan Sari,village,-3.35998,115.85238,KALIMANTAN SELATAN
Bayur,village,-2.4078,115.24783,KALIMANTAN SELATAN
Majundre,village,-1.55397,114.91742,KALIMANTAN TENGAH
Pualam Sari,village,-3.1494,115.10726,KALIMANTAN SELATAN
Palampai,village,-3.44701,114.34298,KALIMANTAN TENGAH
Bilas,village,-2.10222,115.56521,KALIMANTAN SELATAN
Manarap Lama,village,-3.36518,114.64079,KALIMANTAN SELATAN
Awang,village,-2.50561,115.368,KALIMANTAN SELATAN
Sungai Alang,village,-3.45575,114.9464,KALIMANTAN SELATAN
Tanjung Hanau,village,-2.68306,112.20691,KALIMANTAN TENGAH
Kayu Bawang,village,-2.61039,115.38995,KALIMANTAN SELATAN
Handil Maluka,village,-3.56715,114.59922,KALIMANTAN SELATAN
Cempaka Mulia Timur,village,-2.32158,113.01515,KALIMANTAN TENGAH
Tandui,village,-3.04594,115.10443,KALIMANTAN SELATAN
Sapala,village,-2.46271,114.9535,KALIMANTAN SELATAN
Murung Sari,village,-2.42144,115.25465,KALIMANTAN SELATAN
Habaring Hurung,village,-2.02664,113.71968,KALIMANTAN TENGAH
Anjir Serapat Baru,village,-3.07695,114.44749,KALIMANTAN TENGAH
Murung Raya,village,-2.96775,114.76614,KALIMANTAN SELATAN
Manuntung,village,-2.61896,114.66646,KALIMANTAN TENGAH
Balau,village,-3.40167,114.9929,KALIMANTAN SELATAN
Gandang Barat,village,-2.96145,114.09107,KALIMANTAN TENGAH
Pasar Sabtu,village,-2.43525,115.18824,KALIMANTAN SELATAN
Babirik,village,-3.50492,114.59982,KALIMANTAN SELATAN
Kasongan Baru,village,-1.9119,113.38801,KALIMANTAN TENGAH
Wasah Hilir,village,-2.80938,115.21745,KALIMANTAN SELATAN
Pahandut,village,-2.20701,113.93506,KALIMANTAN TENGAH
Batalas,village,-2.80937,114.8948,KALIMANTAN SELATAN
Satiung,village,-3.52928,115.83447,KALIMANTAN SELATAN
Belimbing Lama,village,-3.14972,115.31748,KALIMANTAN SELATAN
Simpang Nungki,village,-3.04221,114.77281,KALIMANTAN SELATAN
Jirak,village,-2.30528,115.31128,KALIMANTAN SELATAN
Haliau,village,-2.63239,115.42828,KALIMANTAN SELATAN
Karang Sari,village,-1.9404,112.85877,KALIMANTAN TENGAH
Sungai Danau,village,-3.77448,115.39912,KALIMANTAN SELATAN
Mataraman,village,-3.32537,114.97333,KALIMANTAN SELATAN
Runggu Raya,village,-1.92346,115.14726,KALIMANTAN TENGAH
Datu Kuning,village,-2.47374,115.22609,KALIMANTAN SELATAN
Tumbang Lahang,village,-1.52168,113.1415,KALIMANTAN TENGAH
Karang Paci,village,-2.8329,115.12308,KALIMANTAN SELATAN
Karang Rejo,village,-3.97959,115.00941,KALIMANTAN SELATAN
Balida,village,-2.32854,115.48135,KALIMANTAN SELATAN
Parigi Kacil,village,-2.92628,115.09408,KALIMANTAN SELATAN
Pimping,village,-2.37517,115.31967,KALIMANTAN SELATAN
Sungai Bangkal,village,-3.31932,114.74605,KALIMANTAN SELATAN
Halangan,village,-2.32692,115.31015,KALIMANTAN SELATAN
Janggi,village,-1.95138,114.90879,KALIMANTAN TENGAH
Hinas Kiri,village,-2.61626,115.56735,KALIMANTAN SELATAN
Tanjung Jariangau,village,-1.90442,112.54714,KALIMANTAN TENGAH
Tanah Abang,village,-3.33276,114.95884,KALIMANTAN SELATAN
Sigi,village,-2.03147,113.9453,KALIMANTAN TENGAH
Bayanan,village,-2.63441,115.11099,KALIMANTAN SELATAN
Inan,village,-2.37757,115.50758,KALIMANTAN SELATAN
Hilir Mesjid,village,-3.16149,114.51172,KALIMANTAN SELATAN
Jaweten,village,-2.04084,115.13409,KALIMANTAN TENGAH
Munjung,village,-2.44953,115.46851,KALIMANTAN SELATAN
Sumber Makmur,village,-2.5909,114.54207,KALIMANTAN TENGAH
Pulau Sugara,village,-3.25893,114.56178,KALIMANTAN SELATAN
Kuangan,village,-2.38854,115.28444,KALIMANTAN SELATAN
Cantung Kanan,village,-2.92211,115.79851,KALIMANTAN SELATAN
Teluk Sampudau,village,-1.8344,114.77704,KALIMANTAN TENGAH
Birayang Timur,village,-2.54928,115.45734,KALIMANTAN SELATAN
Parigi,village,-2.92891,115.10904,KALIMANTAN SELATAN
Kampung Tengah,village,-3.19099,113.31207,KALIMANTAN TENGAH
Takisung,village,-3.87089,114.61186,KALIMANTAN SELATAN
Amparaya,village,-2.79595,115.19851,KALIMANTAN SELATAN
Puntik Tengah,village,-3.19925,114.64687,KALIMANTAN SELATAN
Marga Jaya,village,-1.62997,115.07786,KALIMANTAN TENGAH
Suput,village,-2.0375,115.48331,KALIMANTAN SELATAN
Tabunganen Tengah,village,-3.42196,114.47612,KALIMANTAN SELATAN
Rantau Karau Raya,village,-2.49585,115.18303,KALIMANTAN SELATAN
Banua Hanyar,village,-2.59668,115.33576,KALIMANTAN SELATAN
Banyu Irang,village,-3.5367,114.80076,KALIMANTAN SELATAN
Terantang Hilir,village,-2.45677,113.06165,KALIMANTAN TENGAH
Cempaka,village,-2.98998,115.1121,KALIMANTAN SELATAN
Ju'uh,village,-2.45589,115.5686,KALIMANTAN SELATAN
Panangian,village,-2.39606,115.29459,KALIMANTAN SELATAN
Tewah Pupuh,village,-2.13236,115.28779,KALIMANTAN TENGAH
Babayau,village,-2.30433,115.51398,KALIMANTAN SELATAN
Tamba Jaya,village,-2.79166,114.67395,KALIMANTAN SELATAN
Baamang Hilir,village,-2.52971,112.95639,KALIMANTAN TENGAH
Sulingan,village,-2.17271,115.38592,KALIMANTAN SELATAN
Tungkaran,village,-3.40304,114.82068,KALIMANTAN SELATAN
Abung,village,-2.52035,115.4758,KALIMANTAN SELATAN
Tambak Sirang Laut,village,-3.43159,114.61539,KALIMANTAN SELATAN
Tanggul Harapan (d-1),hamlet,-3.208,112.45223,KALIMANTAN TENGAH
Madang,village,-2.78465,115.3133,KALIMANTAN SELATAN
Kandangan Baru,village,-3.92453,114.71226,KALIMANTAN SELATAN
Sawaja,village,-2.73708,114.97573,KALIMANTAN SELATAN
Sei. Rungun,village,-3.27065,114.08488,KALIMANTAN TENGAH
Lok Tanah,village,-3.10374,115.22196,KALIMANTAN SELATAN
Jumba,village,-2.42361,115.23714,KALIMANTAN SELATAN
Tangga Ulin Hulu,village,-2.41577,115.26009,KALIMANTAN SELATAN
Sarimbuah,village,-1.59694,115.05745,KALIMANTAN TENGAH
Kolam Makmur,village,-3.03095,114.59226,KALIMANTAN SELATAN
Sari Mulya,village,-3.64118,115.75355,KALIMANTAN SELATAN
Suka Mukti,village,-2.76745,114.64716,KALIMANTAN TENGAH
Sungai Besar,village,-3.42064,114.94481,KALIMANTAN SELATAN
Ramania,village,-2.06856,115.31757,KALIMANTAN TENGAH
Panyiuran,village,-2.4522,115.22733,KALIMANTAN SELATAN
Aranio,village,-3.50812,114.99514,KALIMANTAN SELATAN
Karya Unggang,village,-1.72484,113.13904,KALIMANTAN TENGAH
Telaga Bidadari,village,-2.80713,115.25396,KALIMANTAN SELATAN
Suryatama,village,-2.23128,115.6416,KALIMANTAN SELATAN
Pariok,village,-2.87651,114.90801,KALIMANTAN SELATAN
Rejo Winangun,village,-3.3944,115.82591,KALIMANTAN SELATAN
Tigarun,village,-2.3112,115.61103,KALIMANTAN SELATAN
Batu Tanam,village,-3.25948,115.10068,KALIMANTAN SELATAN
Sungai Kupang,village,-2.72794,115.22716,KALIMANTAN SELATAN
Habau,village,-2.29502,115.2643,KALIMANTAN SELATAN
Batu Tunggal,village,-2.64833,115.44317,KALIMANTAN SELATAN
Jaro,village,-1.8386,115.63294,KALIMANTAN SELATAN
Penda Durian,village,-2.08455,112.61264,KALIMANTAN TENGAH
Danau Salak,village,-3.35623,114.93193,KALIMANTAN SELATAN
Lampeong,village,-1.80367,115.08832,KALIMANTAN TENGAH
Pinang Kara,village,-2.50436,115.2925,KALIMANTAN SELATAN
Tanah Bangkang,village,-2.83397,115.25869,KALIMANTAN SELATAN
Kunyit,village,-3.78162,114.79723,KALIMANTAN SELATAN
Tarangan,village,-2.33517,115.43315,KALIMANTAN SELATAN
Gandaraya,village,-3.10381,114.56559,KALIMANTAN SELATAN
Simpang Nadung,village,-2.43688,115.61543,KALIMANTAN SELATAN
Sei Dusun,village,-2.70395,114.44591,KALIMANTAN TENGAH
Beringin,village,-3.22828,114.57272,KALIMANTAN SELATAN
Tabing Liring,village,-2.35389,115.32224,KALIMANTAN SELATAN
Pindahan Baru,village,-3.51861,114.57886,KALIMANTAN SELATAN
Mahajandau,village,-2.29872,114.83995,KALIMANTAN TENGAH
Pengambau Hulu,village,-2.70783,115.35819,KALIMANTAN SELATAN
Rantau Tampang,village,-1.74953,112.59018,KALIMANTAN TENGAH
Banyu Hirang,village,-3.36491,114.67617,KALIMANTAN SELATAN
Hurung,village,-1.75554,113.92805,KALIMANTAN TENGAH
Pakan Dalam,village,-2.62032,115.10239,KALIMANTAN SELATAN
Anjir Serapat Baru I,village,-3.1704,114.51608,KALIMANTAN SELATAN
Pasar Batu,village,-1.94457,115.57024,KALIMANTAN SELATAN
Aruk,village,-1.85133,114.46522,KALIMANTAN TENGAH
Purwosari I,village,-3.32794,114.47738,KALIMANTAN SELATAN
Pinang Habang,village,-2.49869,115.23282,KALIMANTAN SELATAN
Limbur,village,-2.83731,115.69571,KALIMANTAN SELATAN
Cukan Lipai,village,-2.57446,115.45375,KALIMANTAN SELATAN
Lampuyang,village,-3.06385,112.92512,KALIMANTAN TENGAH
Mandurian Hilir,village,-2.95124,115.11916,KALIMANTAN SELATAN
Petak Bahandang,village,-2.02796,113.4676,KALIMANTAN TENGAH
Batilai,village,-3.82768,114.7096,KALIMANTAN SELATAN
Pantai Ulin,village,-2.78009,115.2116,KALIMANTAN SELATAN
Karya,village,-2.18825,115.65227,KALIMANTAN SELATAN
Tabatan,village,-2.58136,114.81078,KALIMANTAN SELATAN
Tamban Baru Selatan,village,-3.26144,114.36283,KALIMANTAN TENGAH
Juai,village,-2.08494,115.42028,KALIMANTAN SELATAN
Sungai Lakum,village,-3.37887,114.63862,KALIMANTAN SELATAN
Kayu Rabah,village,-2.54921,115.28634,KALIMANTAN SELATAN
Pemangkih Baru,village,-3.42001,114.59169,KALIMANTAN SELATAN
Kuala Pembuang I,village,-3.38732,112.54342,KALIMANTAN TENGAH
Barabai Darat,village,-2.59058,115.38257,KALIMANTAN SELATAN
Kurau Utara,village,-3.58653,114.62229,KALIMANTAN SELATAN
Patai,village,-2.2147,112.95639,KALIMANTAN TENGAH
Kambang Habang Baru,village,-3.08111,115.14431,KALIMANTAN SELATAN
Bitin,village,-2.45606,115.14123,KALIMANTAN SELATAN
Benua Anyar,village,-2.9614,114.79657,KALIMANTAN SELATAN
Sungai Cuka,village,-3.79828,115.36702,KALIMANTAN SELATAN
Kahuripan Permai,village,-2.59426,114.72165,KALIMANTAN TENGAH
Murung Keraton,village,-3.40639,114.85024,KALIMANTAN SELATAN
Badirih,village,-2.98813,114.16733,KALIMANTAN TENGAH
Kembang Kuning,village,-2.44145,115.24383,KALIMANTAN SELATAN
Simpang Warga,village,-3.46126,114.53061,KALIMANTAN SELATAN
Banut Kalanaman,village,-1.88448,113.3273,KALIMANTAN TENGAH
Garunggang,village,-2.80337,115.20513,KALIMANTAN SELATAN
Tumbang Rungan,village,-2.16987,113.92499,KALIMANTAN TENGAH
Binderang,village,-2.90949,115.19831,KALIMANTAN SELATAN
Pantik,village,-3.11468,114.22465,KALIMANTAN TENGAH
Sepakat,village,-3.29855,115.86062,KALIMANTAN SELATAN
Sekapuk,village,-3.69024,115.54741,KALIMANTAN SELATAN
Sungkai Baru,village,-3.19313,115.06356,KALIMANTAN SELATAN
Manarap Hulu,village,-2.45721,115.15596,KALIMANTAN SELATAN
Rantau Bujur,village,-2.42393,115.27975,KALIMANTAN SELATAN
Pager,village,-1.80499,113.68048,KALIMANTAN TENGAH
Murung A,village,-2.62832,115.40788,KALIMANTAN SELATAN
Satui Barat,village,-3.7586,115.44629,KALIMANTAN SELATAN
Beringin Tunggal Jaya,village,-1.90757,112.8836,KALIMANTAN TENGAH
Lok Buntar,village,-3.31719,114.72345,KALIMANTAN SELATAN
Batuah,village,-1.72404,115.18464,KALIMANTAN TENGAH
Sungai Tabukan,village,-2.45651,115.20205,KALIMANTAN SELATAN
Karang Jawa,village,-2.79039,115.2889,KALIMANTAN SELATAN
Paringin Timur,village,-2.33406,115.46407,KALIMANTAN SELATAN
Pandahan,village,-2.93567,115.07892,KALIMANTAN SELATAN
Takulat,village,-2.26889,115.29241,KALIMANTAN SELATAN
Mayanau,village,-2.43711,115.62423,KALIMANTAN SELATAN
Kahelaan,village,-3.29862,115.29367,KALIMANTAN SELATAN
Sungai Sahurai,village,-3.0689,114.72649,KALIMANTAN SELATAN
Batang Banyu,village,-2.35213,115.27004,KALIMANTAN SELATAN
Pemangkih,village,-2.61478,115.27621,KALIMANTAN SELATAN
Tumbang Panyahuan,village,-1.80327,112.4257,KALIMANTAN TENGAH
Sungai Tabuk Keramat,village,-3.31599,114.70004,KALIMANTAN SELATAN
Bahu Palawa,village,-1.9572,113.95411,KALIMANTAN TENGAH
Haruyan Dayak,village,-2.68982,115.46899,KALIMANTAN SELATAN
Tebing Siring,village,-3.68703,114.84995,KALIMANTAN SELATAN
Lok Panginangan,village,-2.34903,115.36307,KALIMANTAN SELATAN
Rangga Surya,village,-3.14622,114.59334,KALIMANTAN SELATAN
Biwan,village,-1.96025,115.24315,KALIMANTAN TENGAH
Sidomulyo,village,-2.54895,114.56004,KALIMANTAN TENGAH
Sungai Pumpung,village,-2.45124,115.51282,KALIMANTAN SELATAN
Terantang,village,-3.27318,114.63582,KALIMANTAN SELATAN
Tambak Sari Panji,village,-2.38187,115.23334,KALIMANTAN SELATAN
Baru,village,-1.77776,114.80601,KALIMANTAN TENGAH
Mangunang Seberang,village,-2.67185,115.37121,KALIMANTAN SELATAN
Tumbang Saluang,village,-1.56731,112.26102,KALIMANTAN TENGAH
Antasari,village,-2.93469,115.13631,KALIMANTAN SELATAN
Teluk Sebulu,village,-3.02682,113.25791,KALIMANTAN TENGAH
Dalam Pagar,village,-3.36526,114.82901,KALIMANTAN SELATAN
Banua Hanyar,village,-2.63095,115.07124,KALIMANTAN SELATAN
Bahandang,village,-3.2082,114.73717,KALIMANTAN SELATAN
Muara Singan,village,-1.53868,115.14294,KALIMANTAN TENGAH
Mahe Pasar,village,-2.04257,115.45622,KALIMANTAN SELATAN
Tabunganen Kecil,village,-3.4111,114.49061,KALIMANTAN SELATAN
Rantau Karau Hilir,village,-2.50138,115.17636,KALIMANTAN SELATAN
Mantaas,village,-2.59342,115.18369,KALIMANTAN SELATAN
Muara Langon,village,-1.68815,115.70715,KALIMANTAN TIMUR
Lawahan,village,-2.98308,115.10428,KALIMANTAN SELATAN
Hamparaya,village,-2.44821,115.41427,KALIMANTAN SELATAN
Panangkalaan,village,-2.39814,115.26175,KALIMANTAN SELATAN
Sungai Katapi,village,-2.29286,115.47768,KALIMANTAN SELATAN
Lembeng,village,-1.66775,114.85229,KALIMANTAN TENGAH
Asam Randah,village,-3.13956,115.2027,KALIMANTAN SELATAN
Tinduk,village,-2.39316,113.03058,KALIMANTAN TENGAH
Anjir Palambang,village,-2.8586,114.50671,KALIMANTAN TENGAH
Sungai Pimping,village,-2.20544,115.33034,KALIMANTAN SELATAN
Pekauman Ulu,village,-3.39976,114.8403,KALIMANTAN SELATAN
Ilung,village,-2.51902,115.41052,KALIMANTAN SELATAN
Tatah Bangkal,village,-3.4157,114.56303,KALIMANTAN SELATAN
Cempaka Baru,village,-2.8193,112.25648,KALIMANTAN TENGAH
Pantai Batung,village,-2.62999,115.38841,KALIMANTAN SELATAN
Benua Raya,village,-3.61406,114.70088,KALIMANTAN SELATAN
Seragam Jaya,village,-2.5431,112.99436,KALIMANTAN TENGAH
Rawana Hulu,village,-2.79501,114.94542,KALIMANTAN SELATAN
Talio,village,-3.12985,114.14728,KALIMANTAN TENGAH
Jombang,village,-3.70436,115.40771,KALIMANTAN SELATAN
Simpang Lima,village,-3.23431,114.77951,KALIMANTAN SELATAN
Padang Darat,village,-2.42265,115.22111,KALIMANTAN SELATAN
Teluk Sari,village,-2.41614,115.22313,KALIMANTAN SELATAN
Bukit Tunggal,village,-2.18825,113.88228,KALIMANTAN TENGAH
Tamban Lupak,village,-3.29929,114.3241,KALIMANTAN TENGAH
Banitan,village,-2.87637,114.80596,KALIMANTAN SELATAN
Mampai,village,-2.80251,114.5724,KALIMANTAN TENGAH
Mekar Sari,village,-3.3935,114.57433,KALIMANTAN SELATAN
Ampari Bura,village,-1.95222,115.33892,KALIMANTAN TENGAH
Sungai Namang,village,-2.47928,115.1102,KALIMANTAN SELATAN
Rumpiang,village,-3.47603,114.58194,KALIMANTAN SELATAN
Dahian Tunggal,village,-1.62008,113.24618,KALIMANTAN TENGAH
Kandangan Kota,village,-2.78433,115.26623,KALIMANTAN SELATAN
Suka Ramah,village,-3.95156,114.76749,KALIMANTAN SELATAN
Kusambi Hulu,village,-2.32497,115.40739,KALIMANTAN SELATAN
Margasari Hilir,village,-2.87917,114.92612,KALIMANTAN SELATAN
Pamarangan Kanan,village,-2.19974,115.34234,KALIMANTAN SELATAN
Pudak,village,-2.38466,115.51651,KALIMANTAN SELATAN
Simpang Empat,village,-3.27597,115.02657,KALIMANTAN SELATAN
Pinang Habang,village,-3.04512,114.55026,KALIMANTAN SELATAN
Madang,village,-2.27671,115.33126,KALIMANTAN SELATAN
Pundu,village,-1.97522,113.05486,KALIMANTAN TENGAH
Uwie,village,-1.89584,115.57214,KALIMANTAN SELATAN
Bawahan Seberang,village,-3.32689,114.96229,KALIMANTAN SELATAN
Lebo,village,-1.77097,115.10389,KALIMANTAN TENGAH
Hambuku Tengah,village,-2.49801,115.1763,KALIMANTAN SELATAN
Sarang Halang,village,-2.8202,115.2439,KALIMANTAN SELATAN
Asam Asam,village,-3.92455,115.0751,KALIMANTAN SELATAN
Maradap,village,-2.3616,115.49229,KALIMANTAN SELATAN
Sungai Salai Hilir,village,-2.93118,114.85738,KALIMANTAN SELATAN
Matabu,village,-2.13238,115.19254,KALIMANTAN TENGAH
Harapan Jaya,village,-2.64305,114.44181,KALIMANTAN TENGAH
Putat Basiun,village,-2.41689,115.5287,KALIMANTAN SELATAN
Anjir Serapat Muara I,village,-3.22401,114.53682,KALIMANTAN SELATAN
Sungai Binuang,village,-2.36648,115.25571,KALIMANTAN SELATAN
Sungai Musang,village,-3.52314,114.53855,KALIMANTAN SELATAN
Lehai,village,-2.18597,114.90364,KALIMANTAN TENGAH
Bulayak,village,-2.64519,115.4528,KALIMANTAN SELATAN
Satiung,village,-2.05731,112.57403,KALIMANTAN TENGAH
Rantau Balai,village,-3.42884,115.15891,KALIMANTAN SELATAN
Baruh Jaya,village,-2.63041,115.08009,KALIMANTAN SELATAN
Guntung Besar,village,-3.81249,114.69581,KALIMANTAN SELATAN
Panggung,village,-2.37193,115.49936,KALIMANTAN SELATAN
Pindahan Baru,village,-3.11063,114.70053,KALIMANTAN SELATAN
Hayup,village,-1.97778,115.52379,KALIMANTAN SELATAN
Sekata Bangun,village,-2.65407,114.46518,KALIMANTAN TENGAH
Damsari,village,-3.31977,114.44158,KALIMANTAN SELATAN
Banyu Tajun Dalam,village,-2.48578,115.21522,KALIMANTAN SELATAN
Tembok Bahalang,village,-2.54093,115.41381,KALIMANTAN SELATAN
Bungur,village,-2.9596,115.15155,KALIMANTAN SELATAN
Tewang Tampang,village,-1.98361,113.42837,KALIMANTAN TENGAH
Tampang,village,-3.84748,114.79599,KALIMANTAN SELATAN
Hamak Utara,village,-2.76166,115.39206,KALIMANTAN SELATAN
Andaman,village,-3.15456,114.50371,KALIMANTAN SELATAN
Puain Kiwa,village,-2.18223,115.35962,KALIMANTAN SELATAN
Tambak Anyar Ilir,village,-3.40233,114.86174,KALIMANTAN SELATAN
Telang,village,-2.48566,115.40241,KALIMANTAN SELATAN
Pasar Lama,village,-3.43108,114.92788,KALIMANTAN SELATAN
Muara Dua,village,-3.07385,112.30159,KALIMANTAN TENGAH
Rantau Bujur,village,-2.58339,115.21397,KALIMANTAN SELATAN
Sungai Pinang,village,-3.6566,114.76294,KALIMANTAN SELATAN
Ketapang,village,-2.56349,112.96751,KALIMANTAN TENGAH
Hangui,village,-2.99904,115.26891,KALIMANTAN SELATAN
Anjir Baru,village,-3.48877,115.79219,KALIMANTAN SELATAN
Baruh Tabing,village,-2.40936,115.29959,KALIMANTAN SELATAN
Wonorejo,village,-2.21057,115.57013,KALIMANTAN SELATAN
Kuripan,village,-2.61616,114.79496,KALIMANTAN TENGAH
Pamalian,village,-2.25684,112.86165,KALIMANTAN TENGAH
Betung,village,-3.62478,115.84249,KALIMANTAN SELATAN
Tunggul Irang Ilir,village,-3.40677,114.85208,KALIMANTAN SELATAN
Mintin,village,-2.85068,114.2092,KALIMANTAN TENGAH
Pasar Senin,village,-2.44568,115.24322,KALIMANTAN SELATAN
Guntung Ujung,village,-3.47652,114.64502,KALIMANTAN SELATAN
Tewang Baringin,village,-1.82824,113.31384,KALIMANTAN TENGAH
Pandulangan,village,-2.76559,115.30029,KALIMANTAN SELATAN
Sungai Bakau,village,-3.70833,114.62385,KALIMANTAN SELATAN
Batu Laki,village,-2.85901,115.29897,KALIMANTAN SELATAN
Garung,village,-2.65203,114.21797,KALIMANTAN TENGAH
Pulau Tanjung,village,-3.57424,115.89474,KALIMANTAN SELATAN
Pasar Baru,village,-3.20753,115.17843,KALIMANTAN SELATAN
Pakapuran Kacil,village,-2.63036,115.09734,KALIMANTAN SELATAN
Gampa Raya,village,-2.43747,115.17935,KALIMANTAN SELATAN
Petuk Barunai,village,-1.73278,113.71025,KALIMANTAN TENGAH
Barambai,village,-3.04321,114.67926,KALIMANTAN SELATAN
Solan,village,-1.77473,115.64788,KALIMANTAN SELATAN
Upt Dadahup F5,village,-2.57051,114.62083,KALIMANTAN TENGAH
Lok Cantung,village,-3.32049,115.01047,KALIMANTAN SELATAN
Banyu Tajun Pangkalan,village,-2.46655,115.22144,KALIMANTAN SELATAN
Wasah Tengah,village,-2.79968,115.22778,KALIMANTAN SELATAN
Buntu Karau,village,-2.28154,115.54682,KALIMANTAN SELATAN
Batung,village,-2.93056,115.40363,KALIMANTAN SELATAN
Bahungin,village,-2.26226,115.28267,KALIMANTAN SELATAN
Badalungga Hilir,village,-2.40988,115.53072,KALIMANTAN SELATAN
Sungai Batang Ilir,village,-3.34471,114.8043,KALIMANTAN SELATAN
Astambul Kota,village,-3.37676,114.89535,KALIMANTAN SELATAN
Harusan,village,-2.4065,115.21702,KALIMANTAN SELATAN
Tabatan,village,-2.55251,114.83707,KALIMANTAN SELATAN
Murung Taal,village,-2.63497,115.37545,KALIMANTAN SELATAN
Tanjung Jorong,village,-1.69394,112.75018,KALIMANTAN TENGAH
Sungai Tandipah,village,-3.30361,114.64305,KALIMANTAN SELATAN
Bukit Bamba,village,-1.90745,113.95779,KALIMANTAN TENGAH
Paramaian,village,-2.61293,115.1,KALIMANTAN SELATAN
Ujung Batu,village,-3.72053,114.71016,KALIMANTAN SELATAN
Paringin,city,-2.33657,115.45967,KALIMANTAN SELATAN
Sungai Kambat,village,-3.02359,114.72838,KALIMANTAN SELATAN
Lok Batu,village,-2.46342,115.49939,KALIMANTAN SELATAN
Sei Kayu,village,-2.90713,114.37696,KALIMANTAN TENGAH
Tinggiran II Luar,village,-3.30783,114.55272,KALIMANTAN SELATAN
Telaga Bamban,village,-2.38122,115.26999,KALIMANTAN SELATAN
Hilir Seper,village,-1.7253,114.83326,KALIMANTAN TENGAH
Pengambau Hilir Luar,village,-2.69324,115.31978,KALIMANTAN SELATAN
Sungai Hanya,village,-1.5641,112.64074,KALIMANTAN TENGAH
Tumbang Payang,village,-1.78578,112.29675,KALIMANTAN TENGAH
Tangkas,village,-3.36077,114.82151,KALIMANTAN SELATAN
Tewang Kampung,village,-2.93959,113.27882,KALIMANTAN TENGAH
Pematang Baru,village,-3.38282,114.85526,KALIMANTAN SELATAN
Taniran Kubah,village,-2.73604,115.26955,KALIMANTAN SELATAN
Anjir Seberang Pasar II,village,-3.14081,114.49139,KALIMANTAN SELATAN
Sarapat,village,-2.11327,115.11272,KALIMANTAN TENGAH
Mahe Seberang,village,-2.05039,115.45348,KALIMANTAN SELATAN
Mantangai Hulu,village,-2.49182,114.49856,KALIMANTAN TENGAH
Sungai Telan Kecil,village,-3.43488,114.48654,KALIMANTAN SELATAN
Babirik Hilir,village,-2.54149,115.13601,KALIMANTAN SELATAN
Cantung Kiri Hulu,village,-3.01329,115.75065,KALIMANTAN SELATAN
Mahang Matang Landung,village,-2.57433,115.30635,KALIMANTAN SELATAN
Loktabat Selatan,village,-3.44939,114.81437,KALIMANTAN SELATAN
Samuda Besar,village,-2.89009,112.99672,KALIMANTAN TENGAH
Rantau Kanan,village,-2.92982,115.14702,KALIMANTAN SELATAN
Parupuk,village,-2.41574,113.35822,KALIMANTAN TENGAH
Teluk Mesjid,village,-2.46076,115.12085,KALIMANTAN SELATAN
Penda Asam,village,-1.62918,114.84417,KALIMANTAN TENGAH
Pulau Pinang,village,-3.10343,115.08538,KALIMANTAN SELATAN
Walangkir,village,-2.25689,115.35842,KALIMANTAN SELATAN
Tambun Raya,village,-2.96765,114.32234,KALIMANTAN TENGAH
Gambut,village,-3.4047,114.67063,KALIMANTAN SELATAN
Hilir Banua,village,-2.53465,115.3475,KALIMANTAN SELATAN
Tambak Sirang Baru,village,-3.4452,114.58541,KALIMANTAN SELATAN
Bakti,village,-2.59707,115.4157,KALIMANTAN SELATAN
Handil Gayam,village,-3.54692,114.62238,KALIMANTAN SELATAN
Bagendang Tengah,village,-2.73415,112.87251,KALIMANTAN TENGAH
Uko,village,-1.67584,115.82029,KALIMANTAN TIMUR
Paring Guling,village,-3.02433,115.21835,KALIMANTAN SELATAN
Karang Intan,village,-3.56997,115.74093,KALIMANTAN SELATAN
Sungai Pinang,village,-3.2043,115.23043,KALIMANTAN SELATAN
Pulau Tambak,village,-2.42642,115.20745,KALIMANTAN SELATAN
Teluk Buluh,village,-2.41684,115.27353,KALIMANTAN SELATAN
Tumbang Tahai,village,-2.01817,113.76332,KALIMANTAN TENGAH
Lupak Timur,village,-3.30777,114.34136,KALIMANTAN TENGAH
Palingkau,village,-2.86927,114.80086,KALIMANTAN SELATAN
Upt Dadahup A1,village,-2.6952,114.61703,KALIMANTAN TENGAH
Labuan Tabu,village,-3.41261,114.8797,KALIMANTAN SELATAN
Dayu,village,-1.98035,115.07424,KALIMANTAN TENGAH
Pematang Benteng,village,-2.45238,115.20205,KALIMANTAN SELATAN
Bakambat,village,-3.50566,114.52012,KALIMANTAN SELATAN
Tumbang Tungku,village,-1.57313,113.21971,KALIMANTAN TENGAH
Amawang Kanan,village,-2.78943,115.2533,KALIMANTAN SELATAN
Batu Tungku,village,-4.0057,114.69915,KALIMANTAN SELATAN
Baulin,village,-2.86578,114.93596,KALIMANTAN SELATAN
Belanti Siam,village,-3.1376,114.18785,KALIMANTAN TENGAH
Sari Mulya,village,-3.2726,115.88986,KALIMANTAN SELATAN
Sikontan,village,-2.38471,115.54828,KALIMANTAN SELATAN
Lok Tamu,village,-3.31153,115.00343,KALIMANTAN SELATAN
Pendalaman Baru,village,-3.04738,114.70853,KALIMANTAN SELATAN
Sungai Anyar,village,-2.31382,115.28676,KALIMANTAN SELATAN
Durian Gantang,village,-2.61631,115.34873,KALIMANTAN SELATAN
Wonorejo,village,-3.71076,115.5028,KALIMANTAN SELATAN
Kabuau,village,-2.10866,112.75003,KALIMANTAN TENGAH
Sumber Harapan,village,-3.27065,115.27673,KALIMANTAN SELATAN
Patung,village,-1.86948,115.17192,KALIMANTAN TENGAH
Tumbang Bajanei,village,-1.70329,112.57687,KALIMANTAN TENGAH
Sungai Kuini,village,-2.47825,115.23097,KALIMANTAN SELATAN
Sungai Kali,village,-2.83942,115.21996,KALIMANTAN SELATAN
Damit Hulu,village,-3.88388,114.93505,KALIMANTAN SELATAN
Baruh Bahinu Dalam,village,-2.37508,115.53049,KALIMANTAN SELATAN
Pipitak Jaya,village,-2.95012,115.35904,KALIMANTAN SELATAN
Murung Karangan,village,-2.24131,115.32071,KALIMANTAN SELATAN
Kedondong,village,-2.42275,115.50968,KALIMANTAN SELATAN
Pematang Hambawang,village,-3.3453,114.92094,KALIMANTAN SELATAN
Pimping,village,-2.37001,115.31103,KALIMANTAN SELATAN
Paau,village,-3.5829,115.08297,KALIMANTAN SELATAN
Muara Arai,village,-1.82032,114.87106,KALIMANTAN TENGAH
Mangunang,village,-2.65954,115.37124,KALIMANTAN SELATAN
Pemantang,village,-2.00339,112.52034,KALIMANTAN TENGAH
Keliling Benteng Tengah,village,-3.30297,114.77233,KALIMANTAN SELATAN
Tumbang Nusa,village,-2.36791,114.13857,KALIMANTAN TENGAH
Taluk Haur,village,-2.60883,115.10092,KALIMANTAN SELATAN
Sumber Mulia,village,-3.8737,114.79228,KALIMANTAN SELATAN
Halubau,village,-2.36061,115.43173,KALIMANTAN SELATAN
Sungai Punggu,village,-3.13519,114.5726,KALIMANTAN SELATAN
Didi,village,-2.04395,115.21807,KALIMANTAN TENGAH
Pulau Kaladan,village,-2.5373,114.44581,KALIMANTAN TENGAH
Marajai,village,-2.39131,115.71698,KALIMANTAN SELATAN
Tatah Mesjid,village,-3.26187,114.58526,KALIMANTAN SELATAN
Rantau Karau Tengah,village,-2.49408,115.18677,KALIMANTAN SELATAN
Ayuang,village,-2.54325,115.38734,KALIMANTAN SELATAN
Papagan Makmur,village,-2.96453,115.05884,KALIMANTAN SELATAN
Jaya Makmur,village,-3.196,113.35001,KALIMANTAN TENGAH
Kampung Baru,village,-3.87647,114.76901,KALIMANTAN SELATAN
Bajayau Lama,village,-2.71898,115.00936,KALIMANTAN SELATAN
Cahaya Baru,village,-3.17944,114.69815,KALIMANTAN SELATAN
Kinarum,village,-2.04569,115.62173,KALIMANTAN SELATAN
Sungai Teras Dalam,village,-3.38206,114.47512,KALIMANTAN SELATAN
Rangas,village,-2.54555,115.46636,KALIMANTAN SELATAN
Benua Riam,village,-3.52586,115.12283,KALIMANTAN SELATAN
Kartika Bhakti,village,-3.34088,112.59759,KALIMANTAN TENGAH
Barabai Timur,village,-2.5793,115.38537,KALIMANTAN SELATAN
Nusa Indah,village,-3.56243,114.73721,KALIMANTAN SELATAN
Sawahan,village,-2.53591,112.94655,KALIMANTAN TENGAH
Labung,village,-2.96403,115.11678,KALIMANTAN SELATAN
Manuntung,village,-3.49431,115.8045,KALIMANTAN SELATAN
Telaga Sari,village,-2.41559,115.21778,KALIMANTAN SELATAN
Lamida Bawah,village,-2.29994,115.52464,KALIMANTAN SELATAN
Baruang,village,-1.56774,114.97491,KALIMANTAN TENGAH
Tabukan Raya,village,-2.80849,114.63599,KALIMANTAN SELATAN
Kota Besi Hulu,village,-2.39987,112.975,KALIMANTAN TENGAH
Sei Asam,village,-2.98384,114.42931,KALIMANTAN TENGAH
Maburai,village,-2.18585,115.44467,KALIMANTAN SELATAN
Pasayangan,village,-3.40223,114.84527,KALIMANTAN SELATAN
Anduhum,village,-2.54403,115.48188,KALIMANTAN SELATAN
Sungai Kupang,village,-3.47449,114.61194,KALIMANTAN SELATAN
Bangkuang,village,-1.80747,113.28761,KALIMANTAN TENGAH
Muning Dalam,village,-2.76524,115.04268,KALIMANTAN SELATAN
Hariti,village,-2.8567,115.24052,KALIMANTAN SELATAN
Bahaur Hulu,village,-3.19328,114.11115,KALIMANTAN TENGAH
Karang Mulya,village,-3.53394,115.78356,KALIMANTAN SELATAN
Sumber Sari,village,-3.22493,114.86105,KALIMANTAN SELATAN
Kayu Abang,village,-2.71366,115.28064,KALIMANTAN SELATAN
Rantau Bujur Hulu,village,-2.44365,115.17164,KALIMANTAN SELATAN
Roham Raya,village,-3.06815,114.59713,KALIMANTAN SELATAN
Palangkau Baru,village,-2.65652,114.78873,KALIMANTAN TENGAH
Handil Bujur,village,-3.37718,114.56417,KALIMANTAN SELATAN
Mantaren I,village,-2.77706,114.24452,KALIMANTAN TENGAH
Rantau Bujur Hilir,village,-2.44893,115.16231,KALIMANTAN SELATAN
Tewang Papari,village,-1.70847,113.26434,KALIMANTAN TENGAH
Jambu Hulu,village,-2.81801,115.27885,KALIMANTAN SELATAN
Salaman,village,-3.75424,115.1281,KALIMANTAN SELATAN
Muara Ninian,village,-2.30028,115.53332,KALIMANTAN SELATAN
Tangkawang,village,-2.92355,115.10599,KALIMANTAN SELATAN
Sela Selilau,village,-3.36171,115.87082,KALIMANTAN SELATAN
Batu Balian,village,-3.24187,115.04746,KALIMANTAN SELATAN
Pematang Panjang,village,-3.34719,114.69035,KALIMANTAN SELATAN
Kayakah,village,-2.41314,115.19133,KALIMANTAN SELATAN
Rantau Bahuang,village,-2.46484,114.87417,KALIMANTAN TENGAH
Banua Kepayang,village,-2.64527,115.34506,KALIMANTAN SELATAN
Jati Waringin,village,-1.8706,112.87838,KALIMANTAN TENGAH
Hegar Manah,village,-1.74456,115.36201,KALIMANTAN SELATAN
Maniapun,village,-3.30342,115.1149,KALIMANTAN SELATAN
Ketab,village,-1.8739,115.02081,KALIMANTAN TENGAH
Hambuku Hulu,village,-2.47828,115.19028,KALIMANTAN SELATAN
Hamayung Utara,village,-2.57324,115.13705,KALIMANTAN SELATAN
Tungkaran,village,-3.74424,114.69223,KALIMANTAN SELATAN
Murung Abuin,village,-2.37691,115.52618,KALIMANTAN SELATAN
Parimata,village,-3.11368,114.61291,KALIMANTAN SELATAN
Anjir Kalampan,village,-2.78761,114.30468,KALIMANTAN TENGAH
Teluk Karya,village,-2.39618,115.32217,KALIMANTAN SELATAN
Marabahan Baru,village,-3.20824,114.54908,KALIMANTAN SELATAN
Pulantani,village,-2.37109,115.23785,KALIMANTAN SELATAN
Dangka,village,-1.65121,115.03365,KALIMANTAN TENGAH
Pengambau Hilir Dalam,village,-2.7038,115.34142,KALIMANTAN SELATAN
Bhakti Karya,village,-1.60077,112.69286,KALIMANTAN TENGAH
Tukang Langit,village,-1.82835,112.54748,KALIMANTAN TENGAH
Sungai Tabuk Kota,village,-3.32483,114.69455,KALIMANTAN SELATAN
Tambak,village,-1.71466,113.91284,KALIMANTAN TENGAH
Gunung Melati,village,-3.85471,114.81198,KALIMANTAN SELATAN
Hamak,village,-2.74249,115.34694,KALIMANTAN SELATAN
Andaman II,village,-3.14687,114.49643,KALIMANTAN SELATAN
Muara Uya,village,-1.88727,115.59779,KALIMANTAN SELATAN
Lungkuh Layang,village,-1.67569,114.48324,KALIMANTAN TENGAH
Tamban Bangun Baru,village,-3.34299,114.50088,KALIMANTAN SELATAN
Sungai Papuyu,village,-2.51872,115.12233,KALIMANTAN SELATAN
Paya,village,-2.576,115.44165,KALIMANTAN SELATAN
Palam,village,-3.49821,114.79873,KALIMANTAN SELATAN
Basirih Hilir,village,-2.83359,112.96501,KALIMANTAN TENGAH
Rangda Malingkung,village,-2.93853,115.15138,KALIMANTAN SELATAN
Tumbang Runen,village,-2.28521,113.4433,KALIMANTAN TENGAH
Pakapuran,village,-2.41216,115.25708,KALIMANTAN SELATAN
Aniungan,village,-2.24196,115.70828,KALIMANTAN SELATAN
Tanjung Jawa,village,-1.56486,114.83312,KALIMANTAN TENGAH
Gunung Batu,village,-3.17618,115.10659,KALIMANTAN SELATAN
Sumber Makmur,village,-2.72057,112.90124,KALIMANTAN TENGAH
Masingai I,village,-2.10015,115.54579,KALIMANTAN SELATAN
Mandar Sari,village,-3.37193,114.64372,KALIMANTAN SELATAN
Kabang,village,-2.48024,115.49455,KALIMANTAN SELATAN
Terapu,village,-3.39889,114.52649,KALIMANTAN SELATAN
Layuh,village,-2.60851,115.47027,KALIMANTAN SELATAN
Pantai Harapan,village,-3.55388,114.5608,KALIMANTAN SELATAN
Keruing,village,-2.06081,113.00875,KALIMANTAN TENGAH
Sukaramai,village,-2.98445,115.08705,KALIMANTAN SELATAN
Tapus,village,-3.435,115.69312,KALIMANTAN SELATAN
Kutai Kecil,village,-2.42437,115.21562,KALIMANTAN SELATAN
Simpang Tiga,village,-2.41746,115.21246,KALIMANTAN SELATAN
Sei Gohong,village,-1.96467,113.75622,KALIMANTAN TENGAH
Anjir Serapat Tengah,village,-3.10558,114.46447,KALIMANTAN TENGAH
Ulu Benteng,village,-2.98169,114.74373,KALIMANTAN SELATAN
Batu Meranti,village,-3.61465,115.69828,KALIMANTAN SELATAN
Bentuk Jaya,village,-2.67358,114.66885,KALIMANTAN TENGAH
Keraton,village,-3.41347,114.84781,KALIMANTAN SELATAN
Kanamit,village,-2.89197,114.17875,KALIMANTAN TENGAH
Kota Raden Hilir,village,-2.43683,115.24535,KALIMANTAN SELATAN
Padang Panjang,village,-3.46972,114.92763,KALIMANTAN SELATAN
Tewang Kadamba,village,-1.96674,113.40212,KALIMANTAN TENGAH
Jambu Hilir,village,-2.79386,115.27764,KALIMANTAN SELATAN
Kereng Bangkirai,village,-2.29439,113.91197,KALIMANTAN TENGAH
Candi Laras,village,-2.87077,114.93636,KALIMANTAN SELATAN
Talio Hulu,village,-3.08638,114.09259,KALIMANTAN TENGAH
Bulu Rejo,village,-3.27084,115.81009,KALIMANTAN SELATAN
Indra Loka Jaya,village,-3.57333,115.6998,KALIMANTAN SELATAN
Keramat Mina,village,-3.20821,115.02652,KALIMANTAN SELATAN
Tumbukan Banyu,village,-2.63171,115.10652,KALIMANTAN SELATAN
Kaludan Kecil,village,-2.42316,115.28495,KALIMANTAN SELATAN
Terusan Mulya,village,-3.26601,114.22804,KALIMANTAN TENGAH
Atiran,village,-2.6122,115.57414,KALIMANTAN SELATAN
Mekar Jaya,village,-1.99384,112.73197,KALIMANTAN TENGAH
Angsana,village,-3.70764,115.57986,KALIMANTAN SELATAN
Keliling Benteng Ulu,village,-3.31011,114.77731,KALIMANTAN SELATAN
Ampah II,village,-1.80803,115.13715,KALIMANTAN TENGAH
Sungai Sandung,village,-2.46395,115.21889,KALIMANTAN SELATAN
Muara Urie,village,-2.7964,115.81693,KALIMANTAN SELATAN
Tura,village,-1.52869,113.16912,KALIMANTAN TENGAH
Baru,village,-2.84332,115.212,KALIMANTAN SELATAN
Tajau Pecah,village,-3.9076,114.80606,KALIMANTAN SELATAN
Binjai Punggal,village,-2.27144,115.63683,KALIMANTAN SELATAN
Paul,village,-2.91688,115.13707,KALIMANTAN SELATAN
Mantuil,village,-2.23194,115.32405,KALIMANTAN SELATAN
Matang Lurus,village,-2.3912,115.32172,KALIMANTAN SELATAN
Kaliukan,village,-3.35426,114.89586,KALIMANTAN SELATAN
Tumih,village,-3.07879,114.58961,KALIMANTAN SELATAN
Tamunti,village,-2.32184,115.31139,KALIMANTAN SELATAN
Tumbang Torung,village,-1.73878,112.35245,KALIMANTAN TENGAH
Banua Anyar Danau Salak,village,-3.35164,114.94279,KALIMANTAN SELATAN
Bukit Rawi,village,-2.08481,113.94917,KALIMANTAN TENGAH
Muara Hungi,village,-2.55928,115.62216,KALIMANTAN SELATAN
Gunung Raja,village,-3.64291,114.70301,KALIMANTAN SELATAN
Simpang Tiga,village,-2.33788,115.37717,KALIMANTAN SELATAN
Sungai Punggu Baru,village,-3.14837,114.56024,KALIMANTAN SELATAN
Bangkirayen,village,-2.02335,115.22431,KALIMANTAN TENGAH
Muara Jaya,village,-2.43134,115.53028,KALIMANTAN SELATAN
Lamunti Baru,village,-2.6326,114.52805,KALIMANTAN TENGAH
Semangat Karya,village,-3.26925,114.63634,KALIMANTAN SELATAN
Teluk Daun,village,-2.38151,115.29602,KALIMANTAN SELATAN
Tampijak,village,-1.8558,114.80492,KALIMANTAN TENGAH
Jatuh,village,-2.54362,115.35504,KALIMANTAN SELATAN
Landasan Ulin Selatan,village,-3.47204,114.69876,KALIMANTAN SELATAN
Ayunan Papan,village,-2.94918,115.19035,KALIMANTAN SELATAN
Singam Raya,village,-3.10663,113.31971,KALIMANTAN TENGAH
Pingaran Ilir,village,-3.38491,114.89344,KALIMANTAN SELATAN
Gumbil,village,-2.71445,115.34286,KALIMANTAN SELATAN
Pantai Hambawang,village,-3.21007,114.68181,KALIMANTAN SELATAN
Sire,village,-1.5521,115.08999,KALIMANTAN TENGAH
Kitang,village,-2.0598,115.45007,KALIMANTAN SELATAN
Sungai Teras Luar,village,-3.40249,114.49089,KALIMANTAN SELATAN
Tapus Dalam,village,-2.51343,115.22543,KALIMANTAN SELATAN
Palajau,village,-2.58021,115.35431,KALIMANTAN SELATAN
Ujung,village,-3.58315,114.71842,KALIMANTAN SELATAN
Long Sayo,village,-1.532,115.86416,KALIMANTAN TIMUR
Mentaya Seberang,village,-2.53913,112.97036,KALIMANTAN TENGAH
Timbaan,village,-2.97242,115.11433,KALIMANTAN SELATAN
Gunung Manau,village,-2.47256,115.51506,KALIMANTAN SELATAN
Durian Bungkuk,village,-3.91216,114.86984,KALIMANTAN SELATAN
Loksoga,village,-2.39489,115.24994,KALIMANTAN SELATAN
Muara Ripung,village,-1.68206,114.812,KALIMANTAN TENGAH
Paran,village,-2.30864,115.50696,KALIMANTAN SELATAN
Pantang Baru,village,-2.82002,114.59297,KALIMANTAN TENGAH
Bajarum,village,-2.3887,112.95814,KALIMANTAN TENGAH
Mabu'un,village,-2.17271,115.42248,KALIMANTAN SELATAN
Palingkau Lama,village,-2.84133,114.52576,KALIMANTAN TENGAH
Pasayangan Utara,village,-3.40644,114.84582,KALIMANTAN SELATAN
Awang Baru,village,-2.5286,115.37636,KALIMANTAN SELATAN
Sungai Asam,village,-3.44288,114.96358,KALIMANTAN SELATAN
Paren,village,-2.74865,112.20697,KALIMANTAN TENGAH
Aluan Besar,village,-2.59263,115.40627,KALIMANTAN SELATAN
Telaga Langsat,village,-3.90534,114.65195,KALIMANTAN SELATAN
Bumi Berkat,village,-2.8641,115.20419,KALIMANTAN SELATAN
Sebangau Jaya,village,-2.89081,113.83469,KALIMANTAN TENGAH
Harapan Jaya,village,-3.56265,115.8121,KALIMANTAN SELATAN
Rantau Bujur,village,-3.07182,115.21043,KALIMANTAN SELATAN
Hulu Pasar,village,-2.41983,115.26268,KALIMANTAN SELATAN
Rintisan,village,-2.45977,115.08046,KALIMANTAN SELATAN
Kameloh Baru,village,-2.26612,114.06246,KALIMANTAN TENGAH
Kayumban,village,-1.54478,115.02329,KALIMANTAN TENGAH
Surya Kanta,village,-2.99332,114.52832,KALIMANTAN SELATAN
Rawa Subur,village,-2.6508,114.71852,KALIMANTAN TENGAH
Thaibah Raya,village,-3.39885,114.58519,KALIMANTAN SELATAN
Gohong,village,-2.69059,114.28343,KALIMANTAN TENGAH
Paminggir Seberang,village,-2.52594,114.86876,KALIMANTAN SELATAN
Jambu Burung,village,-3.49185,114.55347,KALIMANTAN SELATAN
Kuluk Bali,village,-1.66824,113.2496,KALIMANTAN TENGAH
Sirih Hulu,village,-2.82101,115.18756,KALIMANTAN SELATAN
Hujan Mas,village,-2.33037,115.42134,KALIMANTAN SELATAN
Harakit,village,-2.94727,115.38237,KALIMANTAN SELATAN
Binturu,village,-2.24308,115.29788,KALIMANTAN SELATAN
Tanah Habang Kiri,village,-2.38101,115.33286,KALIMANTAN SELATAN
Panyiuran,village,-3.2213,115.20163,KALIMANTAN SELATAN
Bamban,village,-2.70964,115.30082,KALIMANTAN SELATAN
Bangkiling Raya,village,-2.33435,115.25381,KALIMANTAN SELATAN
Baru,village,-2.64689,115.43194,KALIMANTAN SELATAN
Dambung Raya,village,-1.78032,115.34241,KALIMANTAN SELATAN
Kawan Batu,village,-2.10585,112.60353,KALIMANTAN TENGAH
Lobang Baru,village,-3.30568,115.09075,KALIMANTAN SELATAN
Hambuku Raya,village,-2.48243,115.19326,KALIMANTAN SELATAN
Karasikan,village,-2.81583,115.25569,KALIMANTAN SELATAN
Alur,village,-3.97409,114.91348,KALIMANTAN SELATAN
Lampihong Kiri,village,-2.33169,115.38124,KALIMANTAN SELATAN
Banyiur,village,-3.12089,114.56224,KALIMANTAN SELATAN
Ajung,village,-2.45382,115.67989,KALIMANTAN SELATAN
Tarantang,village,-2.62514,114.3897,KALIMANTAN TENGAH
Sungai Lumbah,village,-3.23683,114.57753,KALIMANTAN SELATAN
Sungai Turak Dalam,village,-2.3718,115.27894,KALIMANTAN SELATAN
Muara Halayung,village,-3.49775,114.57418,KALIMANTAN SELATAN
Batilap,village,-2.03564,114.81142,KALIMANTAN TENGAH
Perumahan,village,-2.638,115.26385,KALIMANTAN SELATAN
Rantau Katang,village,-1.79901,112.55319,KALIMANTAN TENGAH
Sungai Tuan Ilir,village,-3.37196,114.8772,KALIMANTAN SELATAN
Bawan,village,-1.62742,113.91964,KALIMANTAN TENGAH
Samuda,village,-2.627,115.0733,KALIMANTAN SELATAN
Atu Atu,village,-3.79691,114.78921,KALIMANTAN SELATAN
Patih Muhur,village,-3.17383,114.5671,KALIMANTAN SELATAN
Argo Mulyo,village,-1.97825,115.46413,KALIMANTAN SELATAN
Tumbang Randang,village,-1.54332,114.47533,KALIMANTAN TENGAH
Tamban Sari Baru,village,-3.33664,114.48925,KALIMANTAN SELATAN
Teluk Mesjid,village,-2.48272,115.21184,KALIMANTAN SELATAN
Tandilang,village,-2.57304,115.53792,KALIMANTAN SELATAN
Timbung,village,-2.97496,115.16326,KALIMANTAN SELATAN
Talingke,village,-2.09698,113.47751,KALIMANTAN TENGAH
Lungau,village,-2.73859,115.22187,KALIMANTAN SELATAN
Lalayau,village,-2.2077,115.63042,KALIMANTAN SELATAN
Tungkap,village,-3.16884,115.08267,KALIMANTAN SELATAN
Tanah Putih,village,-2.43402,112.61003,KALIMANTAN TENGAH
Masukau,village,-2.11911,115.42393,KALIMANTAN SELATAN
Batu Nindan,village,-2.89519,114.25184,KALIMANTAN TENGAH
Rantau Bujur,village,-3.44393,115.14272,KALIMANTAN SELATAN
Kambat Utara,village,-2.52942,115.34304,KALIMANTAN SELATAN
Kayu Bawang,village,-3.4155,114.65233,KALIMANTAN SELATAN
Sungai Bakau,village,-3.30027,112.78469,KALIMANTAN TENGAH
Banua Budi,village,-2.57092,115.36969,KALIMANTAN SELATAN
Tambang Ulang,village,-3.68388,114.72704,KALIMANTAN SELATAN
Bapinang Hilir,village,-2.84506,112.98543,KALIMANTAN TENGAH
Padang Sari,village,-3.12139,115.12297,KALIMANTAN SELATAN
Karang Sari,village,-3.41226,115.7998,KALIMANTAN SELATAN
Sungai Malang,village,-2.41236,115.23738,KALIMANTAN SELATAN
Kabuau,village,-2.67877,114.79167,KALIMANTAN SELATAN
Bina Jaya,village,-2.65744,114.64149,KALIMANTAN TENGAH
Tunggul Irang Ulu,village,-3.40641,114.85502,KALIMANTAN SELATAN
Kanamit Barat,village,-2.87677,114.11626,KALIMANTAN TENGAH
Telaga Mas,village,-2.47415,115.15458,KALIMANTAN SELATAN
Guntung Papuyu,village,-3.46625,114.63388,KALIMANTAN SELATAN
Kasongan Lama,village,-1.89599,113.39075,KALIMANTAN TENGAH
Hamak Timur,village,-2.77179,115.36984,KALIMANTAN SELATAN
Tambak Sarinah,village,-3.63818,114.62757,KALIMANTAN SELATAN
Sungai Rutas Hulu,village,-2.88787,115.0477,KALIMANTAN SELATAN
Sakakajang,village,-2.58141,114.19388,KALIMANTAN TENGAH
Guntung,village,-3.42492,115.70907,KALIMANTAN SELATAN
Pasar Lama,village,-3.20433,115.05758,KALIMANTAN SELATAN
Banjar Baru,village,-2.63659,115.11449,KALIMANTAN SELATAN
Danau Panggang,village,-2.46492,115.10468,KALIMANTAN SELATAN
Barambai Kolam Kiri,village,-2.98357,114.66321,KALIMANTAN SELATAN
Bunati,village,-3.75114,115.6256,KALIMANTAN SELATAN
Menteng Karya,village,-2.68664,114.54076,KALIMANTAN TENGAH
Alimukim,village,-3.30409,115.17081,KALIMANTAN SELATAN
Puri,village,-1.74657,115.15007,KALIMANTAN TENGAH
Kalumpang Dalam,village,-2.49955,115.14888,KALIMANTAN SELATAN
Karang Bulan,village,-2.82342,115.14314,KALIMANTAN SELATAN
Hamarung,village,-2.33266,115.55471,KALIMANTAN SELATAN
Badaun,village,-2.9069,115.14425,KALIMANTAN SELATAN
Warukin,village,-2.24677,115.42268,KALIMANTAN SELATAN
Tanah Habang Kanan,village,-2.38879,115.33339,KALIMANTAN SELATAN
Ati'im,village,-3.28526,115.14278,KALIMANTAN SELATAN
Handil Barabai,village,-3.07072,114.6541,KALIMANTAN SELATAN
Hariang,village,-2.32802,115.29207,KALIMANTAN SELATAN
Sungai Rangas,village,-2.62719,115.33872,KALIMANTAN SELATAN
Wonosari,village,-1.74209,112.6916,KALIMANTAN TENGAH
Pejambuan,village,-3.32255,114.73624,KALIMANTAN SELATAN
Petuk Liti,village,-1.9927,113.95222,KALIMANTAN TENGAH
Karatungan,village,-2.50382,115.47873,KALIMANTAN SELATAN
Jilatan,village,-3.93141,114.84444,KALIMANTAN SELATAN
Lingsir,village,-2.36093,115.44893,KALIMANTAN SELATAN
Bambangin,village,-3.08255,114.63377,KALIMANTAN SELATAN
Wungkur Nanakan,village,-1.9825,115.25358,KALIMANTAN TENGAH
Bakung,village,-2.4613,115.48925,KALIMANTAN SELATAN
Semangat Bakti,village,-3.28287,114.62391,KALIMANTAN SELATAN
Jingah Bujur,village,-2.38605,115.2339,KALIMANTAN SELATAN
Muara Talang,village,-1.81065,114.77701,KALIMANTAN TENGAH
Panggung,village,-2.68381,115.32012,KALIMANTAN SELATAN
Guntung Payung,village,-3.43944,114.79377,KALIMANTAN SELATAN
Lunuk Bagantung,village,-1.67707,112.30596,KALIMANTAN TENGAH
Sungai Bahalang,village,-2.97025,115.07108,KALIMANTAN SELATAN
Tumbang Bulan,village,-2.66041,113.3527,KALIMANTAN TENGAH
Melayu Ilir,village,-3.38046,114.83831,KALIMANTAN SELATAN
Patih Muhur Baru,village,-3.15513,114.57128,KALIMANTAN SELATAN
Ugang Sayu,village,-1.63451,115.14561,KALIMANTAN TENGAH
Kembang Kuning,village,-2.07339,115.52005,KALIMANTAN SELATAN
Katunjung,village,-2.26409,114.41976,KALIMANTAN TENGAH
Paramasan Bawah,village,-2.99906,115.46852,KALIMANTAN SELATAN
Pondok Babaris,village,-2.5195,115.20205,KALIMANTAN SELATAN
Buluan,village,-2.56495,115.3403,KALIMANTAN SELATAN
Binangon,village,-1.61963,115.76296,KALIMANTAN TIMUR
Sawang,village,-2.99198,115.13059,KALIMANTAN SELATAN
Mangkalapi,village,-3.44683,115.63265,KALIMANTAN SELATAN
Suka Mulya,village,-2.25361,112.22234,KALIMANTAN TENGAH
Darussalam,village,-2.46498,115.11519,KALIMANTAN SELATAN
Madara,village,-1.68676,114.71126,KALIMANTAN TENGAH
Batu Hapu,village,-3.13017,115.17427,KALIMANTAN SELATAN
Batanjung,village,-3.35544,114.24441,KALIMANTAN TENGAH
Basarang Jaya,village,-2.93823,114.29327,KALIMANTAN TENGAH
Pulau,village,-2.27748,115.29843,KALIMANTAN SELATAN
Pasayangan Selatan,village,-3.40367,114.84551,KALIMANTAN SELATAN
Ilung Tengah,village,-2.52222,115.40849,KALIMANTAN SELATAN
Mandi Kapau Barat,village,-3.46407,114.95728,KALIMANTAN SELATAN
Bangkal,village,-2.6203,112.4281,KALIMANTAN TENGAH
Barabai Barat,village,-2.58939,115.37796,KALIMANTAN SELATAN
Padang,village,-3.60134,114.70216,KALIMANTAN SELATAN
Sungai Paring,village,-2.3291,113.01604,KALIMANTAN TENGAH
Pantai Cabe,village,-3.0461,115.1792,KALIMANTAN SELATAN
Paduran Mulya,village,-2.86624,113.79592,KALIMANTAN TENGAH
Mustika,village,-3.53962,115.69772,KALIMANTAN SELATAN
Telaga Baru,village,-3.096,115.19859,KALIMANTAN SELATAN
Antasari,village,-2.42238,115.25903,KALIMANTAN SELATAN
Palampitan Hulu,village,-2.42118,115.24869,KALIMANTAN SELATAN
Menteng,village,-2.22523,113.89977,KALIMANTAN TENGAH
Bandar Raya,village,-3.20191,114.38254,KALIMANTAN TENGAH
Karya Indah,village,-2.84398,114.63551,KALIMANTAN SELATAN
Sebamban Lama,village,-3.68554,115.68143,KALIMANTAN SELATAN
Palingkau Sejahtera,village,-2.78541,114.4962,KALIMANTAN TENGAH
Indrasari,village,-3.43196,114.87064,KALIMANTAN SELATAN
Tampa,village,-1.9239,115.12527,KALIMANTAN TENGAH
Tambalang Raya,village,-2.45406,115.16262,KALIMANTAN SELATAN
Kampung Baru,village,-3.49913,114.62235,KALIMANTAN SELATAN
Tumbang Banjang,village,-1.65264,113.25858,KALIMANTAN TENGAH
Sungai Paring,village,-2.78727,115.24416,KALIMANTAN SELATAN
Rawana,village,-2.80329,114.93216,KALIMANTAN SELATAN
Masintan,village,-2.2613,115.31391,KALIMANTAN SELATAN
Tundi,village,-2.378,115.55436,KALIMANTAN SELATAN
Pasiraman,village,-3.32168,114.93498,KALIMANTAN SELATAN
Sawahan,village,-3.0375,114.78446,KALIMANTAN SELATAN
Telaga Itar,village,-2.30186,115.29279,KALIMANTAN SELATAN
Jaranih,village,-2.60554,115.34508,KALIMANTAN SELATAN
Pelantaran,village,-2.04748,112.98114,KALIMANTAN TENGAH
Lumbang,village,-1.89369,115.62448,KALIMANTAN SELATAN
Lok Baintan,village,-3.29061,114.66232,KALIMANTAN SELATAN
Sungai Luang Hulu,village,-2.50328,115.11804,KALIMANTAN SELATAN
Padang Batung,village,-2.81943,115.29999,KALIMANTAN SELATAN
Sabuhur,village,-3.99819,114.79985,KALIMANTAN SELATAN
Panimbaan,village,-2.29955,115.61655,KALIMANTAN SELATAN
Gadung Keramat,village,-2.90077,115.11999,KALIMANTAN SELATAN
Pulantan,village,-2.42503,115.53189,KALIMANTAN SELATAN
Lok Rawa,village,-3.25395,114.64709,KALIMANTAN SELATAN
Padang Luar,village,-2.35569,115.30875,KALIMANTAN SELATAN
Bangkuang,village,-2.0352,114.89621,KALIMANTAN TENGAH
Pahalatan,village,-2.63505,115.22003,KALIMANTAN SELATAN
Apar Batu,village,-1.95268,115.29761,KALIMANTAN TENGAH
Tumbang Tilap,village,-1.92382,112.48624,KALIMANTAN TENGAH
Pemakuan,village,-3.3068,114.69484,KALIMANTAN SELATAN
Pangi,village,-1.56221,113.92446,KALIMANTAN TENGAH
Sungai Garuda,village,-2.62947,115.11379,KALIMANTAN SELATAN
Telaga,village,-3.82039,114.72246,KALIMANTAN SELATAN
Bungin,village,-2.34583,115.45158,KALIMANTAN SELATAN
Samuda,village,-3.11856,114.61264,KALIMANTAN SELATAN
Maipe,village,-2.08164,115.03812,KALIMANTAN TENGAH
Bongkang,village,-2.00439,115.56977,KALIMANTAN SELATAN
Tamban Muara Baru,village,-3.34932,114.51845,KALIMANTAN SELATAN
Sungai Luang Hilir,village,-2.5146,115.12295,KALIMANTAN SELATAN
Lok Besar,village,-2.54429,115.43481,KALIMANTAN SELATAN
Bitahan Baru,village,-2.95939,115.21257,KALIMANTAN SELATAN
Handiwung,village,-1.99399,113.42515,KALIMANTAN TENGAH
Benua Lawas,village,-3.86044,114.67581,KALIMANTAN SELATAN
Badaun,village,-2.68363,115.02405,KALIMANTAN SELATAN
Anjir Muara Kota,village,-3.19973,114.54713,KALIMANTAN SELATAN
Jangkung,village,-2.17318,115.36981,KALIMANTAN SELATAN
Masaran,village,-1.51536,114.44308,KALIMANTAN TENGAH
Tambak Baru Ilir,village,-3.39535,114.87618,KALIMANTAN SELATAN
Hawang,village,-2.52026,115.49495,KALIMANTAN SELATAN
Bunglai,village,-3.47791,115.08383,KALIMANTAN SELATAN
Persil Raya,village,-3.36346,112.55842,KALIMANTAN TENGAH
Barabai Utara,village,-2.58282,115.38141,KALIMANTAN SELATAN
Liang Anggang,village,-3.54332,114.72681,KALIMANTAN SELATAN
Rawa Sari,village,-2.72169,112.961,KALIMANTAN TENGAH
Linuh,village,-3.00602,115.23593,KALIMANTAN SELATAN
Tigarun,village,-2.40584,115.22382,KALIMANTAN SELATAN
Ha'uwai,village,-2.2417,115.67206,KALIMANTAN SELATAN
Jambu Baru,village,-2.73627,114.74989,KALIMANTAN SELATAN
Hanjalipan,village,-2.21633,112.75033,KALIMANTAN TENGAH
Pulau Salak,village,-3.61933,115.87334,KALIMANTAN SELATAN
Narahan,village,-2.91779,114.48562,KALIMANTAN TENGAH
Tambak Baru,village,-3.40094,114.87058,KALIMANTAN SELATAN
Kanamit Jaya,village,-2.92089,114.15543,KALIMANTAN TENGAH
Kandang Halang,village,-2.44924,115.23405,KALIMANTAN SELATAN
Makmur,village,-3.45675,114.61285,KALIMANTAN SELATAN
Tumbang Tarusan,village,-1.74903,113.27374,KALIMANTAN TENGAH
Amawang Kiri,village,-2.76668,115.23913,KALIMANTAN SELATAN
Sarikandi,village,-3.64689,114.63536,KALIMANTAN SELATAN
Batang Kulur Kiri,village,-2.84295,115.22976,KALIMANTAN SELATAN
Papuyu II Sei. Barunai,village,-3.29855,114.04097,KALIMANTAN TENGAH
Salimuran,village,-3.58305,115.87281,KALIMANTAN SELATAN
Karya Makmur,village,-3.22749,114.83679,KALIMANTAN SELATAN
Muning Baru,village,-2.66857,115.14029,KALIMANTAN SELATAN
Kota Raden Hulu,village,-2.43188,115.2473,KALIMANTAN SELATAN
Sei Lunuk,village,-3.06173,114.36818,KALIMANTAN TENGAH
Badandan,village,-3.00476,114.74645,KALIMANTAN SELATAN
Marga Mulya,village,-3.65235,115.77014,KALIMANTAN SELATAN
Belawang,village,-2.7932,114.66907,KALIMANTAN SELATAN
Abirau,village,-3.43015,114.98198,KALIMANTAN SELATAN
Unsum,village,-1.68774,115.14445,KALIMANTAN TENGAH
Sungai Pandan Tengah,village,-2.46673,115.21222,KALIMANTAN SELATAN
Simpur,village,-2.81494,115.20938,KALIMANTAN SELATAN
Marias,village,-2.2931,115.54074,KALIMANTAN SELATAN
Ketapang,village,-2.90379,115.12974,KALIMANTAN SELATAN
Pematang Ulin,village,-3.37959,115.84265,KALIMANTAN SELATAN
Mantuyan,village,-2.33247,115.67758,KALIMANTAN SELATAN
Sinar Baru,village,-3.06,114.74347,KALIMANTAN SELATAN
Tampakang,village,-2.38965,115.02338,KALIMANTAN SELATAN
Panca Karsa,village,-2.39068,114.84141,KALIMANTAN TENGAH
Pantai Hambawang Timur,village,-2.64166,115.33409,KALIMANTAN SELATAN
Teratau,village,-1.88225,115.6526,KALIMANTAN SELATAN
Damar Makmur,village,-1.66508,112.8824,KALIMANTAN TENGAH
Surian,village,-3.34082,114.93422,KALIMANTAN SELATAN
Pinang Tunggal,village,-1.82473,115.0579,KALIMANTAN TENGAH
Hakurung,village,-2.55862,115.12305,KALIMANTAN SELATAN
Panjaratan,village,-3.77833,114.69285,KALIMANTAN SELATAN
Galumbang,village,-2.36578,115.49859,KALIMANTAN SELATAN
Sungai Bamban,village,-3.06988,114.71522,KALIMANTAN SELATAN
Teluk Mesjid,village,-2.43276,115.41892,KALIMANTAN SELATAN
Penda Katapi,village,-2.7646,114.46522,KALIMANTAN TENGAH
Jelapat II,village,-3.27309,114.52123,KALIMANTAN SELATAN
Palukahan,village,-2.46286,115.1086,KALIMANTAN SELATAN
Sababilah,village,-1.69212,114.90859,KALIMANTAN TENGAH
Batu Panggung,village,-2.71189,115.42145,KALIMANTAN SELATAN
Tewai Hara,village,-1.78193,112.33515,KALIMANTAN TENGAH
Sungai Jati,village,-3.35248,115.03423,KALIMANTAN SELATAN
Manen Kaleka,village,-1.79899,113.89695,KALIMANTAN TENGAH
Telok Selong,village,-3.36806,114.82586,KALIMANTAN SELATAN
Angkinang,village,-2.72774,115.29291,KALIMANTAN SELATAN
Tanjung Harapan,village,-3.16141,114.58493,KALIMANTAN SELATAN
Palapi,village,-1.9384,115.58922,KALIMANTAN SELATAN
Danau Rawah,village,-1.95372,114.362,KALIMANTAN TENGAH
Tamban Raya,village,-3.30307,114.43708,KALIMANTAN SELATAN
Pematang Limau,village,-1.53196,113.91758,KALIMANTAN TENGAH
Sungai Durait Hilir,village,-2.53385,115.16299,KALIMANTAN SELATAN
Binjai Pirua,village,-2.58907,115.25881,KALIMANTAN SELATAN
Jaya Karet,village,-2.80384,112.94089,KALIMANTAN TENGAH
Batang Lantik,village,-2.93722,115.11598,KALIMANTAN SELATAN
Tampelas,village,-2.47287,113.30555,KALIMANTAN TENGAH
Hati'if,village,-3.45814,115.67044,KALIMANTAN SELATAN
Palimbangan,village,-2.40099,115.2387,KALIMANTAN SELATAN
Sanggu,village,-1.67346,114.90281,KALIMANTAN TENGAH
A Yani Pura,village,-3.15592,115.10156,KALIMANTAN SELATAN
Sungai Teras,village,-3.35485,114.3234,KALIMANTAN TENGAH
Kambitin Raya,village,-2.07271,115.37192,KALIMANTAN SELATAN
Lunuk Ramba,village,-2.9696,114.34344,KALIMANTAN TENGAH
Pingaran Ulu,village,-3.391,114.90676,KALIMANTAN SELATAN
Mahela,village,-2.52859,115.45799,KALIMANTAN SELATAN
Sungai Landas,village,-3.45163,114.94095,KALIMANTAN SELATAN
Bukat,village,-2.59342,115.36685,KALIMANTAN SELATAN
Bumi Harapan,village,-3.57932,114.62796,KALIMANTAN SELATAN
Jemaras,village,-2.2822,112.98495,KALIMANTAN TENGAH
Suato Lama,village,-3.07737,115.17523,KALIMANTAN SELATAN
Teluk Paring,village,-2.43099,115.2339,KALIMANTAN SELATAN
Banyu Hirang,village,-2.41991,115.20905,KALIMANTAN SELATAN
Petuk Katimpun,village,-2.12789,113.87895,KALIMANTAN TENGAH
Sungai Lirik,village,-2.97225,114.76304,KALIMANTAN SELATAN
Muara Dadahup,village,-2.81264,114.59619,KALIMANTAN TENGAH
Biih,village,-3.41207,114.97087,KALIMANTAN SELATAN
Garantung,village,-2.93155,114.1318,KALIMANTAN TENGAH
Rantau Bujur Darat,village,-2.44317,115.15963,KALIMANTAN SELATAN
Salat Makmur,village,-3.51322,114.61634,KALIMANTAN SELATAN
Tewang Karangan,village,-1.60492,113.22384,KALIMANTAN TENGAH
Karang Jawa Muka,village,-2.77446,115.27907,KALIMANTAN SELATAN
Panarung,village,-2.23594,113.93653,KALIMANTAN TENGAH
Marampiau Hilir,village,-2.87597,114.96644,KALIMANTAN SELATAN
Pangkoh Hulu,village,-3.06273,114.15779,KALIMANTAN TENGAH
Sungai Loban,village,-3.64573,115.80848,KALIMANTAN SELATAN
Berkat Mulya,village,-3.19367,115.04084,KALIMANTAN SELATAN
Sungai Kali,village,-3.06183,114.66185,KALIMANTAN SELATAN
Pampanan,village,-2.33413,115.34978,KALIMANTAN SELATAN
Pagat,village,-2.62526,115.41967,KALIMANTAN SELATAN
Sumber Makmur,village,-3.67441,115.51691,KALIMANTAN SELATAN
Sumber Makmur,village,-1.93199,112.8578,KALIMANTAN TENGAH
Lawiran,village,-3.30716,115.04109,KALIMANTAN SELATAN
Kalamus,village,-1.91847,115.2268,KALIMANTAN TENGAH
Batu Agung,village,-1.67828,112.4896,KALIMANTAN TENGAH
Sungai Pinang,village,-2.45493,115.2111,KALIMANTAN SELATAN
Tewang Panjang,village,-1.51534,113.12712,KALIMANTAN TENGAH
Malutu,village,-2.85914,115.28294,KALIMANTAN SELATAN
Swarangan,village,-4.05121,114.92624,KALIMANTAN SELATAN
Binju,village,-2.25392,115.62527,KALIMANTAN SELATAN
Pematang Karangan Hilir,village,-2.92786,115.07098,KALIMANTAN SELATAN
Barimbun,village,-2.2243,115.39872,KALIMANTAN SELATAN
Buntu Pilanduk,village,-2.31596,115.68739,KALIMANTAN SELATAN
Sungai Langsat,village,-3.2935,115.07455,KALIMANTAN SELATAN
Keramat,village,-2.3738,115.24008,KALIMANTAN SELATAN
Babai,village,-1.91708,114.84889,KALIMANTAN TENGAH
Teluk Mesjid,village,-2.6698,115.34309,KALIMANTAN SELATAN
Tumbang Kaminting,village,-1.88176,112.4637,KALIMANTAN TENGAH
Gudang Hirang,village,-3.32181,114.66633,KALIMANTAN SELATAN
Jabiren,village,-2.52039,114.18561,KALIMANTAN TENGAH
Habirau Tengah,village,-2.63635,115.09147,KALIMANTAN SELATAN
Sarang Halang,village,-3.80768,114.79003,KALIMANTAN SELATAN
Barunai Baru,village,-3.15463,114.50622,KALIMANTAN SELATAN
Haringen,village,-2.08327,115.16726,KALIMANTAN TENGAH
Suka Maju,village,-2.67638,114.50777,KALIMANTAN TENGAH
Batu Mandi,village,-2.42757,115.42473,KALIMANTAN SELATAN
Tatah Alayung,village,-3.25418,114.69652,KALIMANTAN SELATAN
Pandawanan,village,-2.38327,115.31091,KALIMANTAN SELATAN
Walatung,village,-2.55447,115.32351,KALIMANTAN SELATAN
Busui,village,-1.74398,115.83061,KALIMANTAN TIMUR
Keramat,village,-2.91717,115.15377,KALIMANTAN SELATAN
Kampung Baru,village,-3.05453,113.27571,KALIMANTAN TENGAH
Gambah Dalam Barat,village,-2.74715,115.25644,KALIMANTAN SELATAN
Sepakat Bersama,village,-3.19353,114.53726,KALIMANTAN SELATAN
Nawin,village,-2.01643,115.53168,KALIMANTAN SELATAN
Karya Baru,village,-3.42636,114.46665,KALIMANTAN SELATAN
Murung Panti Hulu,village,-2.53166,115.14464,KALIMANTAN SELATAN
Jingah Habang Ulu,village,-3.422,114.90831,KALIMANTAN SELATAN
Matang Ginalon,village,-2.58936,115.36532,KALIMANTAN SELATAN
Bentok Kampung,village,-3.54525,114.77394,KALIMANTAN SELATAN
Mentawa Baru Hilir,village,-2.55231,112.95726,KALIMANTAN TENGAH
Tirik,village,-2.96438,115.13276,KALIMANTAN SELATAN
Nungka,village,-2.44766,115.54219,KALIMANTAN SELATAN
Danau Terate,village,-2.40539,115.28528,KALIMANTAN SELATAN
Telang Baru,village,-2.22902,114.94739,KALIMANTAN TENGAH
Mungkur Uyam,village,-2.26754,115.57623,KALIMANTAN SELATAN
Balukung,village,-2.79399,114.77692,KALIMANTAN SELATAN
Baamang Tengah,village,-2.5213,112.95295,KALIMANTAN TENGAH
Sei Tatas,village,-2.88007,114.49249,KALIMANTAN TENGAH
Puain Kanan,village,-2.18915,115.36407,KALIMANTAN SELATAN
Antasan Senor,village,-3.40153,114.85415,KALIMANTAN SELATAN
Sumanggi Seberang,village,-2.51363,115.38112,KALIMANTAN SELATAN
Pandak Daun,village,-3.42618,114.92048,KALIMANTAN SELATAN
Telaga Pulang,village,-2.86139,112.26813,KALIMANTAN TENGAH
Tambingkar,village,-2.81602,115.16765,KALIMANTAN SELATAN
Raden,village,-3.70019,114.6359,KALIMANTAN SELATAN
Buas Buas,village,-2.7533,114.9315,KALIMANTAN SELATAN
Bahaur Hilir,village,-3.23451,114.09819,KALIMANTAN TENGAH
Remo,village,-3.00353,115.28648,KALIMANTAN SELATAN
Tambangan,village,-2.63156,115.09285,KALIMANTAN SELATAN
Garunggang,village,-2.41296,115.29328,KALIMANTAN SELATAN
Sungai Raya,village,-3.00878,114.73561,KALIMANTAN SELATAN
Palangkau Lama,village,-2.69385,114.77121,KALIMANTAN TENGAH
Tanjung Rema,village,-3.41726,114.85408,KALIMANTAN SELATAN
Kambitin,village,-2.0812,115.35037,KALIMANTAN SELATAN
Sungai Panangah,village,-2.47136,115.10715,KALIMANTAN SELATAN
Tanipah,village,-3.49041,114.52316,KALIMANTAN SELATAN
Tewang Rangkang,village,-1.73818,113.28818,KALIMANTAN TENGAH
Hamalau,village,-2.80503,115.25963,KALIMANTAN SELATAN
Halong,village,-2.26139,115.65541,KALIMANTAN SELATAN
Baringin A,village,-2.88248,114.93653,KALIMANTAN SELATAN
Panaitan,village,-2.35029,115.34724,KALIMANTAN SELATAN
Madurejo,village,-3.2428,115.08608,KALIMANTAN SELATAN
Pandulangan,village,-2.70806,115.3171,KALIMANTAN SELATAN
Ampukung,village,-2.29367,115.29574,KALIMANTAN SELATAN
Batang Bahalang,village,-2.64827,115.35923,KALIMANTAN SELATAN
Bajarau,village,-1.99916,112.84514,KALIMANTAN TENGAH
Muang,village,-1.86185,115.64645,KALIMANTAN SELATAN
Mangkalawat,village,-3.32762,114.97962,KALIMANTAN SELATAN
Bararawa,village,-1.80558,115.06774,KALIMANTAN TENGAH
Tambalang Kecil,village,-2.47873,115.20324,KALIMANTAN SELATAN
Siang Gantung,village,-2.66428,115.06363,KALIMANTAN SELATAN
Ketapang,village,-3.78935,114.80813,KALIMANTAN SELATAN
Sungai Awang,village,-2.32873,115.38514,KALIMANTAN SELATAN
Belawang,village,-3.1139,114.60522,KALIMANTAN SELATAN
Magantis,village,-2.1295,115.15485,KALIMANTAN TENGAH
Manusup,village,-2.6713,114.43306,KALIMANTAN TENGAH
Badalungga,village,-2.4145,115.5391,KALIMANTAN SELATAN
Antasan Segara,village,-3.2072,114.70416,KALIMANTAN SELATAN
Guntung,village,-2.35159,115.31476,KALIMANTAN SELATAN
Kalaan,village,-3.54711,115.11076,KALIMANTAN SELATAN
Mengkatip,village,-2.23471,114.85868,KALIMANTAN TENGAH
Hinas Kanan,village,-2.62322,115.49949,KALIMANTAN SELATAN
Bukit Indah,village,-1.61237,112.51422,KALIMANTAN TENGAH
Luwuk Kowan,village,-1.73517,112.59014,KALIMANTAN TENGAH
Manarap Tengah,village,-3.36096,114.65198,KALIMANTAN SELATAN
Hanua,village,-1.7357,113.92253,KALIMANTAN TENGAH
Baru,village,-3.39683,115.02122,KALIMANTAN SELATAN
Teluk Labak,village,-2.59781,115.10944,KALIMANTAN SELATAN
Beringin Jaya,village,-3.18015,114.52937,KALIMANTAN SELATAN
Mangkupum,village,-1.954,115.59718,KALIMANTAN SELATAN
Lawang Kajang,village,-1.82201,114.5029,KALIMANTAN TENGAH
Tamban Muara,village,-3.34027,114.51283,KALIMANTAN SELATAN
Banyu Tajun Hilir,village,-2.48186,115.20215,KALIMANTAN SELATAN
Pandawan,village,-2.56954,115.35112,KALIMANTAN SELATAN
Basawang,village,-2.94475,113.00108,KALIMANTAN TENGAH
Mandurian,village,-2.95873,115.1291,KALIMANTAN SELATAN
Karuing,village,-2.37293,113.39392,KALIMANTAN TENGAH
Taniran Selatan,village,-2.74315,115.27588,KALIMANTAN SELATAN
Rimbun Tulang,village,-2.61031,114.79591,KALIMANTAN TENGAH
Kambitin,village,-2.1023,115.37048,KALIMANTAN SELATAN
Tambak Anyar,village,-3.39539,114.86657,KALIMANTAN SELATAN
Labunganak,village,-2.50888,115.42884,KALIMANTAN SELATAN
Apuai,village,-3.46089,115.13055,KALIMANTAN SELATAN
Kali Besar,village,-3.59954,114.63926,KALIMANTAN SELATAN
Rubung Buyung,village,-2.18666,112.97355,KALIMANTAN TENGAH
Tatakan,village,-3.05789,115.1162,KALIMANTAN SELATAN
Binawara,village,-3.48208,115.77614,KALIMANTAN SELATAN
Pamintangan,village,-2.4129,115.25275,KALIMANTAN SELATAN
Belawang Kolam Kanan,village,-3.00367,114.62809,KALIMANTAN SELATAN
Tanjung Harapan,village,-2.59685,114.71904,KALIMANTAN TENGAH
Kuin Kecil,village,-3.36864,114.52783,KALIMANTAN SELATAN
Tahai Jaya,village,-3.02245,114.18397,KALIMANTAN TENGAH
Simpang Empat,village,-2.44454,115.21624,KALIMANTAN SELATAN
Tambak Sirang Darat,village,-3.445,114.62341,KALIMANTAN SELATAN
Talangkah,village,-1.87696,113.31518,KALIMANTAN TENGAH
Gambah Dalam,village,-2.76126,115.26283,KALIMANTAN SELATAN
Tanjung Pinang,village,-2.23929,113.96959,KALIMANTAN TENGAH
Gadung,village,-2.89359,115.12135,KALIMANTAN SELATAN
Mulyasari,village,-3.04972,114.10324,KALIMANTAN TENGAH
Rejosari,village,-3.23235,115.76796,KALIMANTAN SELATAN
Sebamban Baru,village,-3.6821,115.67137,KALIMANTAN SELATAN
Garis Hanyar,village,-3.18408,115.01832,KALIMANTAN SELATAN
Mandala Murung Mesjid,village,-2.62685,115.1089,KALIMANTAN SELATAN
Rukam Hilir,village,-2.43197,115.20873,KALIMANTAN SELATAN
Panjehang,village,-1.75753,113.71486,KALIMANTAN TENGAH
Alat,village,-2.62215,115.48166,KALIMANTAN SELATAN
Barunang Miri,village,-1.89934,112.79053,KALIMANTAN TENGAH
Satui Timur,village,-3.78057,115.42615,KALIMANTAN SELATAN
Lok Baintan Dalam,village,-3.28077,114.67607,KALIMANTAN SELATAN
Saing,village,-1.8482,115.1806,KALIMANTAN TENGAH
Pandulangan,village,-2.45749,115.21067,KALIMANTAN SELATAN
Halunuk,village,-2.81868,115.36945,KALIMANTAN SELATAN
Pantai Linuh,village,-3.84264,114.85499,KALIMANTAN SELATAN
Miawa,village,-2.95941,115.27723,KALIMANTAN SELATAN
Habau Hulu,village,-2.28519,115.26147,KALIMANTAN SELATAN
Tambak Danau,village,-3.34853,114.90788,KALIMANTAN SELATAN
Sungai Rasau,village,-3.04699,114.74368,KALIMANTAN SELATAN
Sungai Durian,village,-2.34466,115.27845,KALIMANTAN SELATAN
Pandanu,village,-2.6869,115.30125,KALIMANTAN SELATAN
Tumbang Sapia,village,-1.76989,112.39019,KALIMANTAN TENGAH
Sungai Rangas Tengah,village,-3.31842,114.77764,KALIMANTAN SELATAN
Pamarunan,village,-1.93132,113.95541,KALIMANTAN TENGAH
Patikalain,village,-2.65868,115.50095,KALIMANTAN SELATAN
Tanjung,village,-3.72159,114.86498,KALIMANTAN SELATAN
Lampihong Kanan,village,-2.34439,115.3726,KALIMANTAN SELATAN
Karang Bunga,village,-3.15517,114.65685,KALIMANTAN SELATAN
Karang Langit,village,-2.03102,115.17551,KALIMANTAN TENGAH
Merah,village,-2.43122,115.51331,KALIMANTAN SELATAN
Mantangai Tengah,hamlet,-2.50109,114.49776,KALIMANTAN TENGAH
Pulau Sewangi,village,-3.26452,114.56461,KALIMANTAN SELATAN
Pihaung,village,-2.37825,115.25034,KALIMANTAN SELATAN
Andang,village,-2.68477,115.33035,KALIMANTAN SELATAN
Rantau Kiwa,village,-2.92998,115.16237,KALIMANTAN SELATAN
Mendawai,village,-2.99248,113.26861,KALIMANTAN TENGAH
Akar Baru,village,-3.36835,114.84216,KALIMANTAN SELATAN
Bajayau Tengah,village,-2.70974,115.01157,KALIMANTAN SELATAN
Anjir Serapat Lama,village,-3.20286,114.54374,KALIMANTAN SELATAN
Patas I,village,-1.53485,115.16044,KALIMANTAN TENGAH
Pangelak,village,-2.07357,115.61989,KALIMANTAN SELATAN
Kuala Lupak,village,-3.45542,114.36879,KALIMANTAN SELATAN
Teluk Limbung,village,-2.52958,115.13439,KALIMANTAN SELATAN
Tanah Habang,village,-2.58788,115.46008,KALIMANTAN SELATAN
Ujung Baru,village,-3.57209,114.72827,KALIMANTAN SELATAN
Tambarangan,village,-3.00138,115.12764,KALIMANTAN SELATAN
Dayak Pitap,village,-2.46786,115.64497,KALIMANTAN SELATAN
Ambawang,village,-3.91675,114.90151,KALIMANTAN SELATAN
Wana Tirta,village,-2.21391,112.23269,KALIMANTAN TENGAH
Sungai Baring,village,-2.40287,115.2281,KALIMANTAN SELATAN
Pamait,village,-1.69363,114.87688,KALIMANTAN TENGAH
Lasung Batu,village,-2.3051,115.47107,KALIMANTAN SELATAN
Bandar Karya,village,-2.80951,114.62566,KALIMANTAN SELATAN
Luwuk Bunter,village,-2.36411,112.99312,KALIMANTAN TENGAH
Tantaringin,village,-2.24706,115.32191,KALIMANTAN SELATAN
Palingkau Baru,village,-2.84385,114.51991,KALIMANTAN TENGAH
Tatah Layap,village,-3.39135,114.58399,KALIMANTAN SELATAN
Labuhan,village,-2.5404,115.49533,KALIMANTAN SELATAN
Karang Intan,village,-3.43387,114.92508,KALIMANTAN SELATAN
Palingkau,village,-2.76222,112.21723,KALIMANTAN TENGAH
Paya Besar,village,-2.58409,115.423,KALIMANTAN SELATAN
Handil Birayang Atas,village,-3.55088,114.63717,KALIMANTAN SELATAN
Pondok Damar,village,-2.6007,112.55675,KALIMANTAN TENGAH
Teluk Haur,village,-2.79957,114.90211,KALIMANTAN SELATAN
Paduran Sebangau,village,-2.986,113.8506,KALIMANTAN TENGAH
Sungai Rukam,village,-3.50115,115.80841,KALIMANTAN SELATAN
Alalak Padang,village,-3.19718,114.90147,KALIMANTAN SELATAN
Kebun Sari,village,-2.42539,115.25003,KALIMANTAN SELATAN
Pandulangan,village,-2.41638,115.2845,KALIMANTAN SELATAN
Sabaru,village,-2.28138,113.92187,KALIMANTAN TENGAH
Tamban Baru Mekar,village,-3.24544,114.38961,KALIMANTAN TENGAH
Karya Jadi,village,-2.84659,114.66594,KALIMANTAN SELATAN
Bina Karya,village,-2.66523,114.74318,KALIMANTAN TENGAH
Jingah Habang Ilir,village,-3.4174,114.89418,KALIMANTAN SELATAN
Kotam,village,-1.94763,115.35255,KALIMANTAN TENGAH
Galagah,village,-2.44322,115.19403,KALIMANTAN SELATAN
Tiwingan Baru,village,-3.53877,115.05439,KALIMANTAN SELATAN
Tewang Darayu,village,-1.69247,113.26647,KALIMANTAN TENGAH
Balimau,village,-2.83041,115.12096,KALIMANTAN SELATAN
Batu Mulya,village,-3.9624,114.74863,KALIMANTAN SELATAN
Haur Batu,hamlet,-2.32091,115.46692,KALIMANTAN SELATAN
Hiyung,village,-2.91748,115.06438,KALIMANTAN SELATAN
Tanta,village,-2.20345,115.37548,KALIMANTAN SELATAN
Jimamun,village,-2.36897,115.34487,KALIMANTAN SELATAN
Tajau Landung,village,-3.30532,114.76117,KALIMANTAN SELATAN
Bagagap,village,-3.0558,114.66547,KALIMANTAN SELATAN
Purai,village,-2.27715,115.27585,KALIMANTAN SELATAN
Tabat,village,-2.6213,115.22676,KALIMANTAN SELATAN
Santu'un,village,-1.86412,115.60622,KALIMANTAN SELATAN
Tumbang Koling,village,-1.76948,112.92379,KALIMANTAN TENGAH
Sungai Pinang Lama,village,-3.29938,114.67905,KALIMANTAN SELATAN
Takaras,village,-1.58503,113.62107,KALIMANTAN TENGAH
Parupukan,village,-2.50927,115.11863,KALIMANTAN SELATAN
Paring Agung,village,-2.83263,115.23197,KALIMANTAN SELATAN
Kandang Jaya,village,-2.37526,115.34281,KALIMANTAN SELATAN
Danda Jaya,village,-3.10644,114.67048,KALIMANTAN SELATAN
Tebing Tinggi,village,-2.43986,115.60892,KALIMANTAN SELATAN
Sari Makmur,village,-2.66474,114.48392,KALIMANTAN TENGAH
Mekar Sari,village,-3.27039,114.41757,KALIMANTAN SELATAN
Tangkawang,village,-2.35972,115.24996,KALIMANTAN SELATAN
Haur Kuning,village,-3.52423,114.59788,KALIMANTAN SELATAN
Damparan,village,-2.13609,114.86973,KALIMANTAN TENGAH
Murung B,village,-2.64474,115.46318,KALIMANTAN SELATAN
Santilik,village,-1.99301,112.57372,KALIMANTAN TENGAH
Telok Selong Ulu,village,-3.37879,114.83336,KALIMANTAN SELATAN
Pahawan,village,-1.66765,113.94111,KALIMANTAN TENGAH
Pihanin Raya,village,-2.63343,115.11794,KALIMANTAN SELATAN
Sungai Seluang Pasar,village,-3.13079,114.5893,KALIMANTAN SELATAN
Ribang,village,-1.97011,115.54721,KALIMANTAN SELATAN
Danau Pantau,village,-1.65908,114.48874,KALIMANTAN TENGAH
Purwosari II,village,-3.32423,114.45354,KALIMANTAN SELATAN
Rantau Karau Hulu,village,-2.49307,115.19082,KALIMANTAN SELATAN
Ilung Pasar Lama,village,-2.52903,115.41066,KALIMANTAN SELATAN
Kalumpang,village,-3.00165,115.18537,KALIMANTAN SELATAN
Luwuk Kanan,village,-1.97309,113.42999,KALIMANTAN TENGAH
Sungai Riam,village,-3.90078,114.72745,KALIMANTAN SELATAN
Lok Binuang,village,-2.72974,115.31304,KALIMANTAN SELATAN
Pandan Sari,village,-3.15978,114.50836,KALIMANTAN SELATAN
Bagendang Permai,village,-2.7705,112.9076,KALIMANTAN TENGAH
Belimbing,village,-2.14827,115.40151,KALIMANTAN SELATAN
Mekar,village,-3.39631,114.84649,KALIMANTAN SELATAN
Batu Tangga,village,-2.52866,115.53232,KALIMANTAN SELATAN
Tampang Awang,village,-3.41494,114.58447,KALIMANTAN SELATAN
Jahitan,village,-3.00173,112.30241,KALIMANTAN TENGAH
Benawa Tengah,village,-2.59264,115.39028,KALIMANTAN SELATAN
Pulau Sari,village,-3.66083,114.70754,KALIMANTAN SELATAN
Satiruk,village,-3.03746,113.09579,KALIMANTAN TENGAH
Kambang Habang Lama,village,-3.09892,115.14831,KALIMANTAN SELATAN
Longkong,village,-2.44483,115.14958,KALIMANTAN SELATAN
Lamida Atas,hamlet,-2.27272,115.51672,KALIMANTAN SELATAN
Jarenang,village,-2.66654,114.79556,KALIMANTAN SELATAN
Camba,village,-2.35782,112.87532,KALIMANTAN TENGAH
Mali Mali,village,-3.41481,114.91439,KALIMANTAN SELATAN
Purwodadi,village,-2.88728,114.15587,KALIMANTAN TENGAH
Ambahai,village,-2.51392,114.91788,KALIMANTAN SELATAN
Keladan Baru,village,-3.48041,114.62203,KALIMANTAN SELATAN
Hapalam,village,-1.7784,113.31389,KALIMANTAN TENGAH
Gambah Luar Muka,village,-2.76113,115.2743,KALIMANTAN SELATAN
Handil Negara,village,-3.60203,114.6265,KALIMANTAN SELATAN
Tamiyang,village,-2.85024,115.20485,KALIMANTAN SELATAN
Henda,village,-2.60664,114.21017,KALIMANTAN TENGAH
Cintapuri,village,-3.22029,115.00458,KALIMANTAN SELATAN
Sungai Pinang,village,-2.63333,115.10157,KALIMANTAN SELATAN
Sungai Haji,village,-2.44087,115.17922,KALIMANTAN SELATAN
Mungku Baru,village,-1.64669,113.69511,KALIMANTAN TENGAH
Terusan Karya,village,-3.23401,114.24026,KALIMANTAN TENGAH
Marabahan Kota,village,-2.98397,114.76099,KALIMANTAN SELATAN
Salikung,village,-1.773,115.53127,KALIMANTAN SELATAN
Sumber Alaska,village,-2.64378,114.55801,KALIMANTAN TENGAH
Sumber Baru,village,-3.29204,115.24961,KALIMANTAN SELATAN
Muara Palantau,village,-1.93993,114.99981,KALIMANTAN TENGAH
Putat Atas,village,-2.46976,115.17945,KALIMANTAN SELATAN
Kaliring,village,-2.79561,115.29064,KALIMANTAN SELATAN
Teluk Bayur,village,-2.26364,115.58969,KALIMANTAN SELATAN
Lokpaikat,village,-2.89475,115.21302,KALIMANTAN SELATAN
Kalintamui,village,-2.40822,115.30664,KALIMANTAN SELATAN
Baru,village,-2.39735,115.52684,KALIMANTAN SELATAN
Cabi,village,-3.29607,115.01829,KALIMANTAN SELATAN
Sungai Kitano,village,-3.36336,114.82622,KALIMANTAN SELATAN
Murung Panggang,village,-2.4086,115.19854,KALIMANTAN SELATAN
Sukakarya,village,-2.36469,114.85139,KALIMANTAN TENGAH
Kadundung,village,-2.63442,115.31198,KALIMANTAN SELATAN
Tumbang Mujam,village,-1.7635,112.75537,KALIMANTAN TENGAH
Penggalaman,village,-3.33391,114.74049,KALIMANTAN SELATAN
Tahawa,village,-1.87973,113.95328,KALIMANTAN TENGAH
Datar Batung,village,-2.51961,115.62959,KALIMANTAN SELATAN
Panggung Baru,village,-3.74101,114.73478,KALIMANTAN SELATAN
Paringin Kota,village,-2.33803,115.453,KALIMANTAN SELATAN
Simpang Arja,village,-3.0558,114.7318,KALIMANTAN SELATAN
Saka Mangkahai,village,-2.8259,114.35219,KALIMANTAN TENGAH
Sungsum,village,-2.44643,115.59488,KALIMANTAN SELATAN
Tamban Raya Baru,village,-3.2927,114.43286,KALIMANTAN SELATAN
Kamayahan,village,-2.38694,115.29343,KALIMANTAN SELATAN
Danau Ganting,village,-1.75129,114.85215,KALIMANTAN TENGAH
Haruyan,village,-2.69314,115.34977,KALIMANTAN SELATAN
Landasan Ulin Tengah,village,-3.45577,114.7269,KALIMANTAN SELATAN
Buana Mustika,village,-1.86512,112.66882,KALIMANTAN TENGAH
Sungai Batang,village,-3.35535,114.81433,KALIMANTAN SELATAN
Mekar Tani,village,-2.96342,113.28985,KALIMANTAN TENGAH
Tambangan,village,-3.37024,114.85525,KALIMANTAN SELATAN
Angkinang Selatan,village,-2.7341,115.28671,KALIMANTAN SELATAN
Karang Buah,village,-3.14943,114.6357,KALIMANTAN SELATAN
Kalumpang,village,-2.45736,114.48985,KALIMANTAN TENGAH
Sungai Telan Besar,village,-3.44247,114.49928,KALIMANTAN SELATAN
Sungai Durait Tengah,village,-2.5312,115.17134,KALIMANTAN SELATAN
Lunjuk,village,-2.56024,115.44839,KALIMANTAN SELATAN
Bangkal,village,-3.51317,114.81678,KALIMANTAN SELATAN
Samuda Kecil,village,-2.87121,112.97981,KALIMANTAN TENGAH
Andhika,village,-2.96527,115.09041,KALIMANTAN SELATAN
Auh,village,-2.46386,115.59594,KALIMANTAN SELATAN
Baru,village,-2.45635,115.13066,KALIMANTAN SELATAN
Pararapak,village,-1.62215,114.82154,KALIMANTAN TENGAH
Tarungin,village,-3.14293,115.17583,KALIMANTAN SELATAN
Pulau Telo,village,-2.99105,114.37448,KALIMANTAN TENGAH
Talan,village,-2.26165,115.26975,KALIMANTAN SELATAN
Pasayangan Barat,village,-3.40587,114.84147,KALIMANTAN SELATAN
Sumanggi,village,-2.51893,115.38721,KALIMANTAN SELATAN
Penyambaran,village,-3.44261,114.93878,KALIMANTAN SELATAN
Banua Usang,village,-2.70502,112.21086,KALIMANTAN TENGAH
Awang Besar,village,-2.62096,115.38827,KALIMANTAN SELATAN
Handil Suruk,village,-3.55501,114.61481,KALIMANTAN SELATAN
Batu Botuk,village,-1.6995,115.81695,KALIMANTAN TIMUR
Bagendang Hilir,village,-2.79109,112.92656,KALIMANTAN TENGAH
Pematang Karangan Hulu,village,-2.95567,115.10214,KALIMANTAN SELATAN
Pakutik,village,-3.18694,115.24408,KALIMANTAN SELATAN
Telaga Hanyar,village,-2.42709,115.22539,KALIMANTAN SELATAN
Beringin,village,-2.40418,115.31582,KALIMANTAN SELATAN
Banturung,village,-1.99386,113.76013,KALIMANTAN TENGAH
Tamban Baru Timur,village,-3.25303,114.40566,KALIMANTAN SELATAN
Antar Baru,village,-2.91624,114.72804,KALIMANTAN SELATAN
Petak Batuah,village,-2.70232,114.62799,KALIMANTAN TENGAH
Banua Hanyar,village,-3.38963,114.63832,KALIMANTAN SELATAN
Wuran,village,-1.90646,115.04946,KALIMANTAN TENGAH
Keramat,village,-2.45495,115.22652,KALIMANTAN SELATAN
Labat Muara,village,-3.49478,114.52024,KALIMANTAN SELATAN
Geragu,village,-1.56195,113.19175,KALIMANTAN TENGAH
Tibung Raya,village,-2.79479,115.26172,KALIMANTAN SELATAN
Kuringkit,village,-3.98602,114.70677,KALIMANTAN SELATAN
Pabaungan Pantai,village,-2.82764,115.01993,KALIMANTAN SELATAN
Pangkoh Hilir,village,-3.06736,114.15374,KALIMANTAN TENGAH
Mangkusip,village,-2.21066,115.36981,KALIMANTAN SELATAN
Tampang,village,-2.36146,115.35826,KALIMANTAN SELATAN
Keliling Benteng Ilir,village,-3.31149,114.75756,KALIMANTAN SELATAN
Babat Raya,village,-3.02683,114.62701,KALIMANTAN SELATAN
Banua Rantau,village,-2.30192,115.27688,KALIMANTAN SELATAN
Samhurang,village,-2.61467,115.24721,KALIMANTAN SELATAN
Parenggean,village,-2.02491,112.79733,KALIMANTAN TENGAH
Karang Indah,village,-3.71425,115.60577,KALIMANTAN SELATAN
Sungai Rangas,village,-3.31408,114.77813,KALIMANTAN SELATAN
Tumbang Sepayang,village,-1.64487,112.61211,KALIMANTAN TENGAH
Pangkalan Sari,village,-2.47613,115.21266,KALIMANTAN SELATAN
Asam,village,-2.83932,115.20305,KALIMANTAN SELATAN
Batalang,village,-3.91915,114.92404,KALIMANTAN SELATAN
Layap,village,-2.33519,115.44414,KALIMANTAN SELATAN
Kakaran,village,-2.90725,115.14856,KALIMANTAN SELATAN
Padangin,village,-2.23711,115.34602,KALIMANTAN SELATAN
Binuang Santang,village,-2.39579,115.69447,KALIMANTAN SELATAN
Tanipah,village,-3.22887,114.66945,KALIMANTAN SELATAN
Pandamaan,village,-2.46169,115.10408,KALIMANTAN SELATAN
Batampang,village,-1.99218,114.79595,KALIMANTAN TENGAH
Tabudarat Hulu,village,-2.6573,115.31642,KALIMANTAN SELATAN
Tumbang Sapiri,village,-1.98482,112.49465,KALIMANTAN TENGAH
Takuti,village,-3.35346,115.00379,KALIMANTAN SELATAN
Tanjung Sangalang,village,-2.15393,113.94321,KALIMANTAN TENGAH
Baruh Kembang,village,-2.62253,115.10551,KALIMANTAN SELATAN
Martadah,village,-3.63042,114.77777,KALIMANTAN SELATAN
Sungai Pantai,village,-3.13396,114.68731,KALIMANTAN SELATAN
Telang,village,-2.09702,115.01909,KALIMANTAN TENGAH
Usih,village,-1.9905,115.4481,KALIMANTAN SELATAN
Sekata Makmur,village,-2.57271,114.49932,KALIMANTAN TENGAH
Jelapat I,village,-3.26307,114.54801,KALIMANTAN SELATAN
Kalumpang Luar,village,-2.52244,115.12981,KALIMANTAN SELATAN
Wawai,village,-2.55386,115.46938,KALIMANTAN SELATAN
Baramban,village,-2.95273,115.26455,KALIMANTAN SELATAN
Subur Indah,village,-3.15951,113.33538,KALIMANTAN TENGAH
Benua Tengah,village,-3.87623,114.66063,KALIMANTAN SELATAN
Lok Lahung,village,-2.80489,115.50321,KALIMANTAN SELATAN
Anjir Serapat Baru,village,-3.17599,114.52251,KALIMANTAN SELATAN
Ruhing Raya,village,-1.57603,115.06342,KALIMANTAN TENGAH
Suriyan,village,-2.01965,115.47188,KALIMANTAN SELATAN
Beringin Kencana,village,-3.39591,114.40419,KALIMANTAN SELATAN
Karau,village,-2.51514,115.45071,KALIMANTAN SELATAN
Malintang,village,-3.43012,114.63052,KALIMANTAN SELATAN
Halimaung Jaya,village,-3.2565,112.55105,KALIMANTAN TENGAH
Tungkup,village,-2.59948,115.28074,KALIMANTAN SELATAN
Sungai Jelai,village,-3.70715,114.74441,KALIMANTAN SELATAN
Bapeang,village,-2.65392,112.96922,KALIMANTAN TENGAH
Harapan Masa,village,-2.98105,115.13975,KALIMANTAN SELATAN
Paliwara,village,-2.41495,115.25131,KALIMANTAN SELATAN
Sumber Rejeki,village,-2.24292,115.58221,KALIMANTAN SELATAN
Jambu,village,-2.71229,114.76724,KALIMANTAN TENGAH
Kota Besi Hilir,village,-2.39306,112.99408,KALIMANTAN TENGAH
Teluk Palinget,village,-2.94692,114.43658,KALIMANTAN TENGAH
Keramat Baru,village,-3.38878,114.83211,KALIMANTAN SELATAN
Ilir Mesjid,village,-2.44602,115.23651,KALIMANTAN SELATAN
Artain,village,-3.52195,115.14133,KALIMANTAN SELATAN
Tarusan Danum,village,-1.78007,113.29858,KALIMANTAN TENGAH
Balanti,village,-2.82101,115.15394,KALIMANTAN SELATAN
Ranggang Dalam,village,-3.82165,114.68244,KALIMANTAN SELATAN
Batang Kulur Tengah,village,-2.84936,115.23012,KALIMANTAN SELATAN
Papuyu III Sei. Pudak,village,-3.3109,114.04264,KALIMANTAN TENGAH
Benua Anyar,village,-3.18899,114.95256,KALIMANTAN SELATAN
Habirau,village,-2.63533,115.09665,KALIMANTAN SELATAN
Rukam Hulu,village,-2.43876,115.21195,KALIMANTAN SELATAN
Bagus,village,-3.00069,114.7779,KALIMANTAN SELATAN
Bumi Rahayu,village,-2.72865,114.52828,KALIMANTAN TENGAH
Jawa Laut,village,-3.41276,114.85358,KALIMANTAN SELATAN
Sarang Burung,village,-2.46952,115.1353,KALIMANTAN SELATAN
Tebing Tinggi,village,-2.81862,115.20017,KALIMANTAN SELATAN
Sungai Cuka,village,-3.8387,115.33356,KALIMANTAN SELATAN
Balang,village,-2.31688,115.49687,KALIMANTAN SELATAN
Baringin B,village,-2.87987,114.93988,KALIMANTAN SELATAN
Tibarau Panjang,village,-3.43617,115.72312,KALIMANTAN SELATAN
Batu Merah,village,-2.35659,115.38678,KALIMANTAN SELATAN
Mangkauk,village,-3.27527,115.11156,KALIMANTAN SELATAN
Kertak Hanyar II,village,-3.35999,114.63234,KALIMANTAN SELATAN
Tuhuran,village,-2.35603,115.24811,KALIMANTAN SELATAN
Rantau Kujang,village,-2.44606,114.91396,KALIMANTAN TENGAH
Mahang Baru,village,-2.65518,115.29359,KALIMANTAN SELATAN
Lano,village,-1.74995,115.66045,KALIMANTAN SELATAN
Tangar,village,-2.18433,112.67528,KALIMANTAN TENGAH
Pasar Jati,village,-3.36322,114.91519,KALIMANTAN SELATAN
Kupang Bersih,village,-1.84954,115.03302,KALIMANTAN TENGAH
Padang Bangkal,village,-2.48398,115.16124,KALIMANTAN SELATAN
Hamayung,village,-2.58074,115.11676,KALIMANTAN SELATAN
Panggung,village,-3.76034,114.76748,KALIMANTAN SELATAN
Kupang,village,-2.3257,115.39247,KALIMANTAN SELATAN
Patih Selera,village,-3.09798,114.64323,KALIMANTAN SELATAN
Awayan Hilir,village,-2.40591,115.52811,KALIMANTAN SELATAN
Pantai,village,-2.78672,114.41073,KALIMANTAN TENGAH
Anjir Serapat Muara,village,-3.21245,114.53783,KALIMANTAN SELATAN
Palimbang Gusti,village,-2.398,115.23352,KALIMANTAN SELATAN
Tetei Lanan,village,-1.69966,115.00382,KALIMANTAN TENGAH
Lokbuntar,village,-2.69803,115.35678,KALIMANTAN SELATAN
Waringin Agung,village,-1.55267,112.69272,KALIMANTAN TENGAH
Beringin Agung,village,-1.80958,112.62151,KALIMANTAN TENGAH
Jati Baru,village,-3.37858,114.90947,KALIMANTAN SELATAN
Bereng Rambang,village,-1.81062,113.95628,KALIMANTAN TENGAH
Damar Lima,village,-3.90306,114.8811,KALIMANTAN SELATAN
Mandala,village,-2.73624,115.33714,KALIMANTAN SELATAN
Belandean Muara,village,-3.17987,114.58195,KALIMANTAN SELATAN
Burum,village,-1.94137,115.43686,KALIMANTAN SELATAN
Lahei Mangkutup,village,-1.9757,114.23086,KALIMANTAN TENGAH
Tinggiran Tengah,village,-3.28911,114.51326,KALIMANTAN SELATAN
Hambuku Lima,village,-2.50902,115.16576,KALIMANTAN SELATAN
Banua Batung,village,-2.55734,115.36204,KALIMANTAN SELATAN
Sungai Tiung,village,-3.50141,114.84069,KALIMANTAN SELATAN
Jaya Kelapa,village,-2.82626,112.95914,KALIMANTAN TENGAH
Kupang,village,-2.94628,115.14653,KALIMANTAN SELATAN
Baun Bango,village,-2.27033,113.47282,KALIMANTAN TENGAH
Padang Basar Hilir,village,-2.40229,115.26411,KALIMANTAN SELATAN
Puyun,village,-2.19281,115.66138,KALIMANTAN SELATAN
Binuang,village,-3.15731,115.08742,KALIMANTAN SELATAN
Kasiau Raya,village,-2.08354,115.46246,KALIMANTAN SELATAN
Panarung,village,-2.93451,114.28566,KALIMANTAN TENGAH
Mekar Raya,village,-3.37851,114.66067,KALIMANTAN SELATAN
Haur Gading,village,-2.46742,115.40661,KALIMANTAN SELATAN
Balimau,village,-3.43972,114.58267,KALIMANTAN SELATAN
Rantau Keminting,village,-2.61116,115.30587,KALIMANTAN SELATAN
Handil Birayang Bawah,village,-3.56921,114.63629,KALIMANTAN SELATAN
Cempaka Mulia Barat,village,-2.30491,113.00877,KALIMANTAN TENGAH
Salam Babaris,village,-3.04058,115.1907,KALIMANTAN SELATAN
Kota Raja,village,-2.42873,115.24184,KALIMANTAN SELATAN
Mamar,village,-2.41401,115.22563,KALIMANTAN SELATAN
Kanarakan,village,-1.8844,113.76314,KALIMANTAN TENGAH
Anjir Serapat Barat,village,-3.09119,114.45619,KALIMANTAN TENGAH
Karya Baru,village,-3.01353,114.62942,KALIMANTAN SELATAN
Saka Binjai,village,-2.68912,114.70326,KALIMANTAN TENGAH
Pandan Sari,village,-3.38265,114.58063,KALIMANTAN SELATAN
Kantan Dalam,village,-3.00541,114.09542,KALIMANTAN TENGAH
Cangkering,village,-2.44029,115.21986,KALIMANTAN SELATAN
Aluh Aluh Besar,village,-3.45592,114.52458,KALIMANTAN SELATAN
Tumbang Liting,village,-1.94597,113.38592,KALIMANTAN TENGAH
Panggungan,village,-2.81934,115.40013,KALIMANTAN SELATAN
Batakan,village,-4.08294,114.63617,KALIMANTAN SELATAN
Balawaian,village,-2.93427,115.44641,KALIMANTAN SELATAN
Pangkoh Sari,village,-3.05771,114.1334,KALIMANTAN TENGAH
Sari Utama,village,-3.57689,115.77767,KALIMANTAN SELATAN
Kupang Rejo,village,-3.20431,115.21564,KALIMANTAN SELATAN
Waringin Kencana,village,-3.05071,114.54466,KALIMANTAN SELATAN
Jarang Kuantan,village,-2.4344,115.24093,KALIMANTAN SELATAN
Aluan Mati,village,-2.6141,115.42327,KALIMANTAN SELATAN
Karang Tunggal,village,-1.97301,112.86263,KALIMANTAN TENGAH
Limamar,village,-3.3504,114.87728,KALIMANTAN SELATAN
Putai,village,-1.80255,115.11973,KALIMANTAN TENGAH
Pajukungan Hulu,village,-2.48397,115.11099,KALIMANTAN SELATAN
Mirah Kalanaman,village,-1.58792,112.96124,KALIMANTAN TENGAH
Jelatang,village,-2.83499,115.29408,KALIMANTAN SELATAN
Tajau Mulia,village,-3.89856,114.81277,KALIMANTAN SELATAN
Puncak Harapan,village,-2.89259,115.23491,KALIMANTAN SELATAN
Pasar Panas,village,-2.19973,115.24341,KALIMANTAN TENGAH
Tabuan,village,-2.3078,115.67662,KALIMANTAN SELATAN
Lumpangi,village,-3.28018,115.13773,KALIMANTAN SELATAN
Belawang Kolam Kiri,village,-3.05625,114.61019,KALIMANTAN SELATAN
Bungin,village,-2.3323,115.27523,KALIMANTAN SELATAN
Tilahan,village,-2.67045,115.45539,KALIMANTAN SELATAN
Bawan,village,-1.93793,112.53425,KALIMANTAN TENGAH
Kelampaian Tengah,village,-3.35802,114.86952,KALIMANTAN SELATAN
Tuwung,village,-2.05835,113.94461,KALIMANTAN TENGAH
Pandan Sari,village,-2.63206,115.11281,KALIMANTAN SELATAN
Kayu Abang,village,-3.64091,114.65074,KALIMANTAN SELATAN
Hilir Pasar,village,-2.33407,115.37772,KALIMANTAN SELATAN
Anjir Pasar Kota II,village,-3.15221,114.50421,KALIMANTAN SELATAN
Tangkan,village,-2.01296,115.27291,KALIMANTAN TENGAH
Sriwidadi,village,-2.58112,114.52206,KALIMANTAN TENGAH
Karuh,village,-2.45887,115.4757,KALIMANTAN SELATAN
Indah Sari,village,-3.26712,114.41285,KALIMANTAN SELATAN
Sungai Turak,village,-2.3861,115.2786,KALIMANTAN SELATAN
Bintang Kurung,village,-1.84846,114.77766,KALIMANTAN TENGAH
Birayang,village,-2.54897,115.44751,KALIMANTAN SELATAN
Agung Mulya,village,-1.77177,112.6266,KALIMANTAN TENGAH
Banua Halat Kiri,village,-2.91393,115.15194,KALIMANTAN SELATAN
Bangun Jaya,village,-3.08827,113.29239,KALIMANTAN TENGAH
Batu Ampar,village,-3.88633,114.83166,KALIMANTAN SELATAN
Bamban Selatan,village,-2.71821,115.29845,KALIMANTAN SELATAN
Belandean,village,-3.18989,114.59185,KALIMANTAN SELATAN
Gagutur,village,-1.60869,115.14413,KALIMANTAN TENGAH
Waling,village,-2.02585,115.44581,KALIMANTAN SELATAN
Tabunganen Muara,village,-3.41758,114.49286,KALIMANTAN SELATAN
Hambuku Hilir,village,-2.52605,115.16973,KALIMANTAN SELATAN
Hulu Rasau,village,-2.57827,115.36366,KALIMANTAN SELATAN
Kait Kait,village,-3.60194,114.80468,KALIMANTAN SELATAN
Batuah,village,-2.47354,113.05725,KALIMANTAN TENGAH
Muara Payang,village,-1.52768,115.83417,KALIMANTAN TIMUR
Rantau Bujur,village,-3.0155,115.24722,KALIMANTAN SELATAN
Timbun Tulang,village,-2.43753,115.4182,KALIMANTAN SELATAN
Pal Batu,village,-2.42191,115.01713,KALIMANTAN SELATAN
Bamban,village,-2.15051,115.26895,KALIMANTAN TENGAH
Galumbang,village,-2.25369,115.60696,KALIMANTAN SELATAN
Mabuan,village,-1.67148,114.81444,KALIMANTAN TENGAH
Karya Makmur,village,-2.8182,114.64311,KALIMANTAN SELATAN
Kenyala,village,-2.28734,112.68254,KALIMANTAN TENGAH
Bunga Mawar,village,-2.91508,114.46398,KALIMANTAN TENGAH
Pembataan,village,-2.17311,115.40023,KALIMANTAN SELATAN
Antasan Senor Ilir,village,-3.4019,114.84872,KALIMANTAN SELATAN
Abung Surapati,village,-2.53282,115.47296,KALIMANTAN SELATAN
Lihung,village,-3.4371,114.92685,KALIMANTAN SELATAN
Mekar Indah,village,-3.21935,112.49589,KALIMANTAN TENGAH
Kandangan Barat,village,-2.7787,115.25771,KALIMANTAN SELATAN
Kuala Tambangan,village,-3.94225,114.65539,KALIMANTAN SELATAN
Ida Manggala,village,-2.86665,115.23488,KALIMANTAN SELATAN
Sebangau Permai,village,-2.92808,113.82595,KALIMANTAN TENGAH
Belimbing Baru,village,-3.14372,115.3114,KALIMANTAN SELATAN
Palampitan Hilir,village,-2.42466,115.24487,KALIMANTAN SELATAN
Patarikan,village,-2.41393,115.26434,KALIMANTAN SELATAN
Bereng Bengkel,village,-2.25226,114.02841,KALIMANTAN TENGAH
Tabak Kanilan,village,-1.55741,115.05505,KALIMANTAN TENGAH
Sido Mulyo,village,-3.01818,114.59526,KALIMANTAN SELATAN
Sumber Mulya,village,-2.61241,114.74423,KALIMANTAN TENGAH
Tanjung Rema Darat,village,-3.42165,114.85514,KALIMANTAN SELATAN
Pulau Padang,village,-2.08496,115.31507,KALIMANTAN TENGAH
Rantawan,village,-2.4578,115.22896,KALIMANTAN SELATAN
Simpang Warga Dalam,village,-3.47086,114.52998,KALIMANTAN SELATAN
Manduing Taheta,village,-1.66209,113.26124,KALIMANTAN TENGAH
Amawang Kiri Muka,village,-2.78178,115.25643,KALIMANTAN SELATAN
Mekar Sari,village,-3.85553,115.33471,KALIMANTAN SELATAN
Kapul,village,-2.25803,115.65936,KALIMANTAN SELATAN
Bundung,village,-2.89602,115.13669,KALIMANTAN SELATAN
Pacakan,village,-3.45509,115.76579,KALIMANTAN SELATAN
Uren,village,-2.34061,115.71938,KALIMANTAN SELATAN
Paring Tali,village,-3.26862,115.07885,KALIMANTAN SELATAN
Bamban Utara,village,-2.70503,115.30791,KALIMANTAN SELATAN
Tamiyang,village,-2.26334,115.42755,KALIMANTAN SELATAN
Taal,village,-2.64327,115.36896,KALIMANTAN SELATAN
Tanjung Bantur,village,-2.07629,112.62028,KALIMANTAN TENGAH
Namun,village,-1.85983,115.61921,KALIMANTAN SELATAN
Bawahan Pasar,village,-3.33574,114.95142,KALIMANTAN SELATAN
Nagaleah,village,-1.80778,115.09899,KALIMANTAN TENGAH
Tambalang Tengah,village,-2.47686,115.19688,KALIMANTAN SELATAN
Batu Bini,village,-2.81852,115.32313,KALIMANTAN SELATAN
Pabahanan,village,-3.77599,114.77335,KALIMANTAN SELATAN
Gulinggang,village,-2.34281,115.56514,KALIMANTAN SELATAN
Sungai Seluang,village,-3.12732,114.5908,KALIMANTAN SELATAN
Teluk Hiri,village,-2.73537,114.4396,KALIMANTAN TENGAH
Awayan,village,-2.41241,115.52991,KALIMANTAN SELATAN
Puntik Luar,village,-3.24271,114.66098,KALIMANTAN SELATAN
Panawakan,village,-2.36248,115.26595,KALIMANTAN SELATAN
Kiram Atas,hamlet,-3.54952,114.92575,KALIMANTAN SELATAN
Sungai Jaya,village,-2.37438,114.7757,KALIMANTAN TENGAH
Kindingan,village,-2.73516,115.4336,KALIMANTAN SELATAN
Tumbang Mangkup,village,-1.77789,112.55435,KALIMANTAN TENGAH
Abumbun Jaya,village,-3.33794,114.7033,KALIMANTAN SELATAN
Tumbang Tarusan,village,-1.5815,113.92717,KALIMANTAN TENGAH
Baru,village,-2.68099,115.05448,KALIMANTAN SELATAN
Galam,village,-3.80561,114.83134,KALIMANTAN SELATAN
Sampurna,village,-3.19926,114.72777,KALIMANTAN SELATAN
Kampung Baru,village,-1.94378,115.61312,KALIMANTAN SELATAN
Purwosari Baru,village,-3.33999,114.47403,KALIMANTAN SELATAN
Jalan Lurus,village,-2.49062,115.21625,KALIMANTAN SELATAN
Limbar,village,-2.53913,115.44001,KALIMANTAN SELATAN
Ujung Pandaran,village,-3.16281,113.00386,KALIMANTAN TENGAH
Bungur Baru,village,-2.95652,115.14725,KALIMANTAN SELATAN
Petak Bahandang,village,-2.07389,113.44818,KALIMANTAN TENGAH
Ranggang,village,-3.83766,114.68724,KALIMANTAN SELATAN
Hulu Banyu,village,-2.79874,115.45208,KALIMANTAN SELATAN
Mihu,village,-2.22238,115.61968,KALIMANTAN SELATAN
Tabatan Baru,village,-2.57033,114.82799,KALIMANTAN SELATAN
Palangan,village,-2.3084,112.74465,KALIMANTAN TENGAH
Hikun,village,-2.14002,115.38917,KALIMANTAN SELATAN
Pekauman Dalam,village,-3.39118,114.83669,KALIMANTAN SELATAN
Limpasu,village,-2.49156,115.48777,KALIMANTAN SELATAN
Tatah Jaruju,village,-3.42545,114.60319,KALIMANTAN SELATAN
Pematang Panjang,village,-3.37255,112.57503,KALIMANTAN TENGAH
Mahang Putat,village,-2.5769,115.34185,KALIMANTAN SELATAN
Sungai Rasau,village,-3.58214,114.58617,KALIMANTAN SELATAN
Bapinang Hulu,village,-2.79511,112.94993,KALIMANTAN TENGAH
Kambang Kuning,village,-3.14348,115.1416,KALIMANTAN SELATAN
Pakacangan,village,-2.41445,115.25636,KALIMANTAN SELATAN
Sungai Telang,village,-1.56098,114.94935,KALIMANTAN TENGAH
Dwipa Sari,village,-2.97189,114.55881,KALIMANTAN SELATAN
Kerta Buana,village,-3.65327,115.69452,KALIMANTAN SELATAN
Sungai Sipai,village,-3.42193,114.82906,KALIMANTAN SELATAN
Sei Baru Tewu,village,-2.87143,114.19355,KALIMANTAN TENGAH
Karias Dalam,village,-2.42412,115.2715,KALIMANTAN SELATAN
Tiwingan Lama,village,-3.52111,115.00703,KALIMANTAN SELATAN
Talian Kereng,village,-1.90608,113.354,KALIMANTAN TENGAH
Gambah Luar,village,-2.76811,115.26638,KALIMANTAN SELATAN
Bawah Layung,village,-3.67227,114.62549,KALIMANTAN SELATAN
Bitahan,village,-2.92263,115.17978,KALIMANTAN SELATAN
Sanggang,village,-3.08572,114.20129,KALIMANTAN TENGAH
Teluk Kepayang,village,-3.42245,115.68884,KALIMANTAN SELATAN
Tri Martani,village,-3.62929,115.67165,KALIMANTAN SELATAN
Sindang Jaya,village,-3.22798,114.81247,KALIMANTAN SELATAN
Bajayau,village,-2.69411,115.01504,KALIMANTAN SELATAN
Teluk Baru,village,-2.43803,115.2317,KALIMANTAN SELATAN
Petuk Bukit,village,-1.85598,113.72718,KALIMANTAN TENGAH
Sei Jangkit,village,-3.10638,114.34649,KALIMANTAN TENGAH
Barambai Kolam Kanan,village,-2.99093,114.70708,KALIMANTAN SELATAN
Bandar Agung,village,-1.91783,112.85762,KALIMANTAN TENGAH
Sumber Baru,village,-3.72779,115.56102,KALIMANTAN SELATAN
Kertak Empat,village,-3.28661,115.08384,KALIMANTAN SELATAN
Lenggang,village,-1.73446,115.14952,KALIMANTAN TENGAH
Tapus,village,-2.49066,115.23464,KALIMANTAN SELATAN
Wasah Hulu,village,-2.79246,115.23124,KALIMANTAN SELATAN
Telaga Purun,village,-2.37693,115.53735,KALIMANTAN SELATAN
Batu Ampar,village,-2.94544,115.30227,KALIMANTAN SELATAN
Manduin,village,-2.22479,115.32742,KALIMANTAN SELATAN
Banua Hanyar,village,-2.40225,115.43099,KALIMANTAN SELATAN
Pembantanan,village,-3.29572,114.69441,KALIMANTAN SELATAN
Sungai Gampa,village,-3.06073,114.71421,KALIMANTAN SELATAN
Pugaan,village,-2.33576,115.31305,KALIMANTAN SELATAN
Kasarangan,village,-2.61978,115.29369,KALIMANTAN SELATAN
Merah,village,-1.74239,112.75491,KALIMANTAN TENGAH
Hakim Makmur,village,-3.34024,115.25092,KALIMANTAN SELATAN
Bukit Liti,village,-1.98111,113.94952,KALIMANTAN TENGAH
Pauh,village,-2.50108,115.48739,KALIMANTAN SELATAN
Jilatan Alur,village,-3.96215,114.88006,KALIMANTAN SELATAN
Sungai Batung,village,-2.34815,115.58233,KALIMANTAN SELATAN
Anjir Pasar Kota,village,-3.1497,114.50226,KALIMANTAN SELATAN
Hayaping,village,-1.97757,115.23697,KALIMANTAN TENGAH
Pematang,village,-2.44116,115.51723,KALIMANTAN SELATAN
Rantau Jaya,village,-2.54025,114.5377,KALIMANTAN TENGAH
Panyaungan,village,-2.37829,115.29792,KALIMANTAN SELATAN
Teluk Telaga,village,-1.79691,114.7901,KALIMANTAN TENGAH
Pasting,village,-2.67934,115.43338,KALIMANTAN SELATAN
Loktabat Utara,village,-3.42902,114.80029,KALIMANTAN SELATAN
Tumbang Tawan,village,-1.63049,112.27805,KALIMANTAN TENGAH
Sungai Salai,village,-2.92274,114.86446,KALIMANTAN SELATAN
Setia Mulia,village,-3.03577,113.26773,KALIMANTAN TENGAH
Kertak Hanyar I,village,-3.35642,114.62932,KALIMANTAN SELATAN
Anjir Seberang Pasar,village,-3.13357,114.48518,KALIMANTAN SELATAN
Bipak Kali,village,-1.56534,115.15776,KALIMANTAN TENGAH
Catur Karya,village,-2.05223,115.51115,KALIMANTAN SELATAN
Tanggul Rejo,village,-3.41996,114.39977,KALIMANTAN SELATAN
Murung Kupang,village,-2.53721,115.13549,KALIMANTAN SELATAN
Banua Rantau,village,-2.54872,115.4241,KALIMANTAN SELATAN
Muara Kuaro,village,-1.63028,115.80532,KALIMANTAN TIMUR
Kepayang,village,-2.93712,115.09664,KALIMANTAN SELATAN
Serdangan,village,-3.50112,115.86437,KALIMANTAN SELATAN
Padang Basar,village,-2.39533,115.26967,KALIMANTAN SELATAN
Kalahien,village,-1.64566,114.80779,KALIMANTAN TENGAH
Hatungun,village,-3.14451,115.16529,KALIMANTAN SELATAN
Baamang Hulu,village,-2.5059,112.97957,KALIMANTAN TENGAH
Banyu Tajun,village,-2.22282,115.31177,KALIMANTAN SELATAN
Murung Kenanga,village,-3.40425,114.85389,KALIMANTAN SELATAN
Pembakulan,village,-2.52584,115.5706,KALIMANTAN SELATAN
Pemangkih Darat,village,-3.43332,114.59343,KALIMANTAN SELATAN
Terawan,village,-2.58385,112.3905,KALIMANTAN TENGAH
Bati Bati,village,-3.60775,114.70275,KALIMANTAN SELATAN
Terantang,village,-2.40438,113.05618,KALIMANTAN TENGAH
Buas Buas Hilir,village,-2.76661,114.93644,KALIMANTAN SELATAN
Dandang,village,-3.15248,114.13015,KALIMANTAN TENGAH
Lasung,village,-3.51012,115.80899,KALIMANTAN SELATAN
Rantau Bakula,village,-3.18202,115.26824,KALIMANTAN SELATAN
Kaludan Besar,village,-2.42032,115.29358,KALIMANTAN SELATAN
Teluk Sarikat,village,-2.40274,115.30765,KALIMANTAN SELATAN
Palangka,village,-2.20282,113.90748,KALIMANTAN TENGAH
Warna Sari,village,-3.18332,114.37643,KALIMANTAN TENGAH
Antar Jaya,village,-2.86298,114.67986,KALIMANTAN SELATAN
Dwi Marga Utama,village,-3.67997,115.70076,KALIMANTAN SELATAN
Tajepan,village,-2.8211,114.55025,KALIMANTAN TENGAH
Jaruju Laut,village,-3.40994,114.60152,KALIMANTAN SELATAN
Bentot,village,-2.05867,115.32834,KALIMANTAN TENGAH
Mawar Sari,village,-2.49197,115.28371,KALIMANTAN SELATAN
Tambak Padi,village,-3.51803,114.64785,KALIMANTAN SELATAN
Tumbang Lawang,village,-1.64469,113.245,KALIMANTAN TENGAH
Bariang,village,-2.78309,115.24596,KALIMANTAN SELATAN
Panyipatan,village,-3.96057,114.71245,KALIMANTAN SELATAN
Murung Ilung,village,-2.32251,115.49193,KALIMANTAN SELATAN
Marampiau,village,-2.86757,114.98105,KALIMANTAN SELATAN
Luk Bayur,village,-2.21685,115.35729,KALIMANTAN SELATAN
Pamurus,village,-2.34629,115.55111,KALIMANTAN SELATAN
Sungai Raya,village,-3.292,115.05496,KALIMANTAN SELATAN
Bantuil,village,-3.01792,114.77501,KALIMANTAN SELATAN
Banua Lawas,village,-2.32074,115.278,KALIMANTAN SELATAN
Bumi Makmur,village,-1.93647,115.45624,KALIMANTAN SELATAN
Pantai Harapan,village,-2.02467,113.08159,KALIMANTAN TENGAH
Sungai Alat,village,-3.36937,114.89459,KALIMANTAN SELATAN
Hambuku Pasar,village,-2.49309,115.18417,KALIMANTAN SELATAN
Durian Rabung,village,-2.82496,115.298,KALIMANTAN SELATAN
Asam Jaya,village,-3.96465,115.03134,KALIMANTAN SELATAN
Kusambi Hilir,village,-2.32691,115.40129,KALIMANTAN SELATAN
Banua Halat Kanan,village,-2.91145,115.154,KALIMANTAN SELATAN
Jaar,village,-2.14295,115.20338,KALIMANTAN TENGAH
Riwa,village,-2.4141,115.43008,KALIMANTAN SELATAN
Berangas,village,-3.25986,114.56828,KALIMANTAN SELATAN
Muara Baruh,village,-2.37133,115.29887,KALIMANTAN SELATAN
Handil Purai,village,-3.5151,114.59359,KALIMANTAN SELATAN
Teluk Betung,village,-2.01471,114.88664,KALIMANTAN TENGAH
Panggang Marak,village,-2.67571,115.29172,KALIMANTAN SELATAN
Pahirangan,village,-2.06212,112.59328,KALIMANTAN TENGAH
Melayu Tengah,village,-3.38508,114.83982,KALIMANTAN SELATAN
Tangkahen,village,-1.55978,113.89956,KALIMANTAN TENGAH
Murung Raya,village,-2.62591,115.1215,KALIMANTAN SELATAN
Karang Taruna,village,-3.81159,114.7603,KALIMANTAN SELATAN
Lok Hamawang,village,-2.33002,115.38896,KALIMANTAN SELATAN
Karang Dukuh,village,-3.14544,114.63758,KALIMANTAN SELATAN
Balawa,village,-2.04637,115.05142,KALIMANTAN TENGAH
Wirang,village,-2.00292,115.59023,KALIMANTAN SELATAN
Warga Mulya,village,-2.62559,114.50831,KALIMANTAN TENGAH
Koanda,village,-3.33563,114.44974,KALIMANTAN SELATAN
Banyu Tajun Hulu,village,-2.48419,115.23491,KALIMANTAN SELATAN
Kambat Selatan,village,-2.54864,115.34381,KALIMANTAN SELATAN
Jingah Babaris,village,-2.90999,115.1499,KALIMANTAN SELATAN
Tumbang Panggo,village,-2.02379,113.40874,KALIMANTAN TENGAH
Sumber Jaya,village,-3.82827,115.32626,KALIMANTAN SELATAN
Ambutun,village,-2.76135,115.32325,KALIMANTAN SELATAN
Tabing Rimbah,village,-3.18555,114.65827,KALIMANTAN SELATAN
Nateh,village,-2.51895,115.5508,KALIMANTAN SELATAN
Malintang Baru,village,-3.42189,114.64264,KALIMANTAN SELATAN
Tanjung Rangas,village,-3.19156,112.36456,KALIMANTAN TENGAH
Banua Binjai,village,-2.57576,115.37771,KALIMANTAN SELATAN
Sambangan,village,-3.5255,114.76464,KALIMANTAN SELATAN
Pelangsian,village,-2.62181,112.97249,KALIMANTAN TENGAH
Banua Padang,village,-2.97003,115.14644,KALIMANTAN SELATAN
Waringin Tunggal,village,-3.47107,115.69852,KALIMANTAN SELATAN
Bajawit,village,-2.41711,115.19732,KALIMANTAN SELATAN
Bata,village,-2.24128,115.60682,KALIMANTAN SELATAN
Rantau Bamban,village,-2.74041,114.67982,KALIMANTAN TENGAH
Simpur,village,-2.29435,112.81081,KALIMANTAN TENGAH
Beringin,village,-3.61626,115.8917,KALIMANTAN SELATAN
Pemangkih Tengah,village,-3.39568,114.59684,KALIMANTAN SELATAN
Buntoi,village,-2.81267,114.2001,KALIMANTAN TENGAH
Pematang Benteng Hilir,village,-2.44573,115.19735,KALIMANTAN SELATAN
Pulantan,village,-3.46627,114.51905,KALIMANTAN SELATAN
Hampalit,village,-1.89097,113.29399,KALIMANTAN TENGAH
Tabihi,village,-2.78143,115.2831,KALIMANTAN SELATAN
Maluka Baulin,village,-3.68616,114.65106,KALIMANTAN SELATAN
Sungai Raya Selatan,village,-2.83914,115.2496,KALIMANTAN SELATAN
Papuyu I Sei Pasaman,village,-3.28785,114.04844,KALIMANTAN TENGAH
Maju Mulyo,village,-3.31833,115.82903,KALIMANTAN SELATAN
Sungkai,village,-3.21717,115.05493,KALIMANTAN SELATAN
Panggandingan,village,-2.62894,115.09983,KALIMANTAN SELATAN
Pawalutan,village,-2.49865,115.37837,KALIMANTAN SELATAN
Sumber Rahayu,village,-2.98668,114.52929,KALIMANTAN SELATAN
Suka Reja,village,-2.72193,114.66765,KALIMANTAN TENGAH
Kuin Besar,village,-3.38294,114.52837,KALIMANTAN SELATAN
Baruyan,village,-1.65792,115.15245,KALIMANTAN TENGAH
Tambalang,village,-2.47382,115.19215,KALIMANTAN SELATAN
Kapuh,village,-2.80646,115.23858,KALIMANTAN SELATAN
Juai,village,-2.25683,115.59718,KALIMANTAN SELATAN
Bataratat,village,-2.88602,115.21895,KALIMANTAN SELATAN
Harus,village,-2.24489,115.33424,KALIMANTAN SELATAN
Guha,village,-2.41858,115.45846,KALIMANTAN SELATAN
Simpang Tiga,village,-3.32494,114.99405,KALIMANTAN SELATAN
Kelampaian Ilir,village,-3.36309,114.86575,KALIMANTAN SELATAN
Pematang,village,-2.33934,115.29228,KALIMANTAN SELATAN
Makmur Merata,village,-2.41214,114.83124,KALIMANTAN TENGAH
Pantai Hambawang Barat,village,-2.64555,115.32923,KALIMANTAN SELATAN
Luwuk Sampun,village,-1.73401,112.75888,KALIMANTAN TENGAH
Garagata,village,-1.80857,115.65357,KALIMANTAN SELATAN
Tanah Intan,village,-3.32367,115.02968,KALIMANTAN SELATAN
Balukon,village,-1.92525,113.96141,KALIMANTAN TENGAH
Pandak Daun,village,-2.60556,115.09779,KALIMANTAN SELATAN
Ambungan,village,-3.74796,114.76352,KALIMANTAN SELATAN
Bangkal,village,-2.25559,115.61584,KALIMANTAN SELATAN
Danau Karya,village,-3.09569,114.542,KALIMANTAN SELATAN
Tambak Bajai,village,-2.48211,114.737,KALIMANTAN TENGAH
Bihara,village,-2.44318,115.54002,KALIMANTAN SELATAN
Karang Mekar,village,-3.28141,114.42274,KALIMANTAN SELATAN
Panangkalaan Hulu,village,-2.39218,115.27025,KALIMANTAN SELATAN
Jelapat,village,-1.74078,114.83019,KALIMANTAN TENGAH
Juhu,village,-2.70309,115.67411,KALIMANTAN SELATAN
Gunung Makmur,village,-1.65127,112.69392,KALIMANTAN TENGAH
Tumbang Kania,village,-1.78849,112.26855,KALIMANTAN TENGAH
Lawang Uru,village,-1.78116,113.9135,KALIMANTAN TENGAH
Melayu Ulu,village,-3.39159,114.84338,KALIMANTAN SELATAN
Pakuan Timur,village,-2.72268,115.31185,KALIMANTAN SELATAN
Jejangkit Pasar,village,-3.1779,114.77039,KALIMANTAN SELATAN
Pulau Patai,village,-2.15462,115.10755,KALIMANTAN TENGAH
Garunggung,village,-2.06811,115.44017,KALIMANTAN SELATAN
Petak Puti,village,-1.92783,114.49429,KALIMANTAN TENGAH
Tamban Kecil,village,-3.33514,114.53177,KALIMANTAN SELATAN
Tampelas,village,-1.51111,113.91378,KALIMANTAN TENGAH
Babirik Hulu,village,-2.53542,115.142,KALIMANTAN SELATAN
Mahang Sungai Hanyar,village,-2.57904,115.32617,KALIMANTAN SELATAN
Sungai Besar,village,-3.44874,114.85334,KALIMANTAN SELATAN
Sebamban,village,-2.90836,112.98936,KALIMANTAN TENGAH
Antasari Hilir,village,-2.93637,115.12689,KALIMANTAN SELATAN
Telaga,village,-2.42042,113.32983,KALIMANTAN TENGAH
Darasan Binjai,village,-3.43075,115.69923,KALIMANTAN SELATAN
Harusan Telaga,village,-2.40952,115.21524,KALIMANTAN SELATAN
Telang Andrau,village,-1.60655,115.00186,KALIMANTAN TENGAH
Bagak,village,-3.15987,115.21031,KALIMANTAN SELATAN
Lupak Dalam,village,-3.28099,114.31178,KALIMANTAN TENGAH
Batuah,village,-2.9494,114.29977,KALIMANTAN TENGAH
Lok Batu,village,-2.1271,115.52137,KALIMANTAN SELATAN
Keramat,village,-3.38406,114.83582,KALIMANTAN SELATAN
Birayang Surapati,village,-2.54636,115.45117,KALIMANTAN SELATAN
Mandi Kapau Timur,village,-3.46874,114.95836,KALIMANTAN SELATAN
Kalibaru,village,-2.60738,115.45274,KALIMANTAN SELATAN
Handil Babirik,village,-3.53654,114.62963,KALIMANTAN SELATAN
Muara Komam,village,-1.68266,115.81742,KALIMANTAN TIMUR
Luwuk Ranggan,village,-2.25063,112.96626,KALIMANTAN TENGAH
Suato Baru,village,-3.06291,115.18813,KALIMANTAN SELATAN
Sumber Arum,village,-3.61021,115.50118,KALIMANTAN SELATAN
Paku,village,-3.18959,115.02612,KALIMANTAN SELATAN
Lok Bangkai,village,-2.41777,115.26849,KALIMANTAN SELATAN
Tambalangan,village,-2.41836,115.26195,KALIMANTAN SELATAN
Marang,village,-2.06181,113.79652,KALIMANTAN TENGAH
Sidorejo,village,-3.19876,114.40655,KALIMANTAN TENGAH
Antar Raya,village,-2.87906,114.69456,KALIMANTAN SELATAN
Purwodadi,village,-3.68393,115.57069,KALIMANTAN SELATAN
Dadahup,village,-2.65637,114.60101,KALIMANTAN TENGAH
Bincau Muara,village,-3.40886,114.87242,KALIMANTAN SELATAN
Maliku Baru,village,-2.97383,114.15864,KALIMANTAN TENGAH
Muara Tapus,village,-2.46083,115.22545,KALIMANTAN SELATAN
Jambu Raya,village,-3.50962,114.59645,KALIMANTAN SELATAN
Tumbang Tungku,village,-1.58611,113.23016,KALIMANTAN TENGAH
Lumpangi,village,-2.81362,115.41669,KALIMANTAN SELATAN
Langkai,village,-2.22829,113.92326,KALIMANTAN TENGAH
Sungai Rutas,village,-2.86051,115.02308,KALIMANTAN SELATAN
Gadabung,village,-3.16925,114.20004,KALIMANTAN TENGAH
Dukuh Rejo,village,-3.22789,115.79616,KALIMANTAN SELATAN
Tawahan,village,-2.35568,115.58091,KALIMANTAN SELATAN
Makmur Karya,village,-3.19698,114.86612,KALIMANTAN SELATAN
Mentaren,village,-3.08255,114.54338,KALIMANTAN SELATAN
Sungai Rukam I,village,-2.31186,115.29881,KALIMANTAN SELATAN
Guha,village,-2.61357,115.37539,KALIMANTAN SELATAN
Tehang,village,-2.16089,112.76376,KALIMANTAN TENGAH
Sungai Dua Laut,village,-3.69522,115.75309,KALIMANTAN SELATAN
Sungai Rangas Ulu,village,-3.33076,114.79374,KALIMANTAN SELATAN
Simpang Bingkuang,village,-1.88281,115.16165,KALIMANTAN TENGAH
Tumbang Boloi,village,-1.65479,112.61967,KALIMANTAN TENGAH
Nelayan,village,-2.45169,115.19487,KALIMANTAN SELATAN
Sungai Raya Utara,village,-2.82609,115.25292,KALIMANTAN SELATAN
Damit,village,-3.89851,114.9082,KALIMANTAN SELATAN
Lajar,village,-2.31018,115.38955,KALIMANTAN SELATAN
Waringin,village,-2.91063,115.1213,KALIMANTAN SELATAN
Karangan Putih,village,-2.24474,115.27715,KALIMANTAN SELATAN
Simpang Bumbuan,village,-2.43877,115.61827,KALIMANTAN SELATAN
Pematang Danau,village,-3.33235,114.92901,KALIMANTAN SELATAN
Tabalong Mati,village,-2.37394,115.26628,KALIMANTAN SELATAN
Malitin,village,-1.9016,114.91873,KALIMANTAN TENGAH
Mundar,village,-2.67097,115.30981,KALIMANTAN SELATAN
Tanah Haluan,village,-1.85045,112.44716,KALIMANTAN TENGAH
Sungai Bakung,village,-3.31052,114.63387,KALIMANTAN SELATAN
Pilang,village,-2.47729,114.19486,KALIMANTAN TENGAH
Longawang,village,-2.71212,115.32761,KALIMANTAN SELATAN
Bumi Jaya,village,-3.82679,114.79891,KALIMANTAN SELATAN
Mampari,village,-2.37538,115.4118,KALIMANTAN SELATAN
Murung Keramat,village,-3.13431,114.60808,KALIMANTAN SELATAN
Dorong,village,-2.09491,115.18779,KALIMANTAN TENGAH
Bungur,village,-2.42053,115.42878,KALIMANTAN SELATAN
Basuta Raya,village,-2.719,114.49391,KALIMANTAN TENGAH
Semangat Dalam,village,-3.2611,114.61715,KALIMANTAN SELATAN
Sungai Durait Hulu,village,-2.52184,115.17208,KALIMANTAN SELATAN
Bakapas,village,-2.54708,115.39983,KALIMANTAN SELATAN
Lumbu Raya,village,-2.92141,115.15472,KALIMANTAN SELATAN
Pagatan Hulu,village,-3.23731,113.31925,KALIMANTAN TENGAH
Gunung Mas,village,-3.89266,114.81891,KALIMANTAN SELATAN
Loksado,village,-2.79468,115.49602,KALIMANTAN SELATAN
Sungai Pitung,village,-3.21422,114.57944,KALIMANTAN SELATAN
Halong,village,-2.01487,115.50873,KALIMANTAN SELATAN
Sungai Jingah Besar,village,-3.36652,114.47646,KALIMANTAN SELATAN
Pelaihari,city,-3.80224,114.76787,KALIMANTAN SELATAN
Paliat,village,-2.27027,115.31024,KALIMANTAN SELATAN
Kaong,village,-2.08003,115.60137,KALIMANTAN SELATAN
Tanjung,town,-2.16529,115.38314,KALIMANTAN SELATAN
Tamiang Layang,town,-2.11726,115.16938,KALIMANTAN TENGAH
Pari-Pari,hamlet,-2.28276,115.29535,KALIMANTAN SELATAN
Sungai Wangi,hamlet,-2.30695,115.2771,KALIMANTAN SELATAN
Sungai Ulin,village,-3.455,114.86405,KALIMANTAN SELATAN
Mentaos,village,-3.43369,114.83927,KALIMANTAN SELATAN
Kemuning,village,-3.45412,114.83246,KALIMANTAN SELATAN
Guntung Paikat,village,-3.4504,114.83709,KALIMANTAN SELATAN
Guntung Manggis,village,-3.45134,114.77139,KALIMANTAN SELATAN
Landasan Ulin Barat,village,-3.43681,114.68805,KALIMANTAN SELATAN
Landasan Ulin Utara,village,-3.42858,114.72435,KALIMANTAN SELATAN
Syamsudin Noor,village,-3.426,114.75755,KALIMANTAN SELATAN
Barabai,town,-2.58544,115.38459,KALIMANTAN SELATAN
Kandangan,city,-2.78654,115.26587,KALIMANTAN SELATAN
Bakuta,hamlet,-2.42211,114.75945,KALIMANTAN TENGAH
Bambaler,hamlet,-1.73181,114.76324,KALIMANTAN TENGAH
Danau Ganting,hamlet,-1.74954,114.85387,KALIMANTAN TENGAH
Muara Pinungku,hamlet,-2.11067,114.93189,KALIMANTAN TENGAH
Muara Puning,hamlet,-2.09379,114.84931,KALIMANTAN TENGAH
Danau Sadar,village,-1.77266,114.82795,KALIMANTAN TENGAH
Pendang,village,-1.50773,114.87234,KALIMANTAN TENGAH
Komet,village,-3.44111,114.83757,KALIMANTAN SELATAN
Sekumpul,village,-3.43166,114.85775,KALIMANTAN SELATAN
Munggu Lahung,hamlet,-2.98982,115.42,KALIMANTAN SELATAN
Bagok,village,-2.21603,115.27389,KALIMANTAN TENGAH
Gudang Seng,village,-2.22,115.28794,KALIMANTAN TENGAH
Kandris,village,-2.17922,115.25052,KALIMANTAN TENGAH
Kuala Perak,hamlet,-2.34097,115.30568,KALIMANTAN SELATAN
Taniran,village,-2.19391,115.23269,KALIMANTAN TENGAH
Harara,village,-2.14381,115.12813,KALIMANTAN TENGAH
Siong,village,-2.09724,115.01128,KALIMANTAN TENGAH
Banjarbaru,city,-3.44305,114.83085,KALIMANTAN SELATAN
Belimbing Raya,village,-2.16141,115.39972,KALIMANTAN SELATAN
Kapar,village,-2.13572,115.39981,KALIMANTAN SELATAN
Kayu Gatah,hamlet,-2.34092,115.33312,KALIMANTAN SELATAN
Sekuan Makmur,village,-1.63496,115.709,KALIMANTAN TIMUR
Selerong,village,-1.6721,115.77789,KALIMANTAN TIMUR
Songka,village,-1.82884,115.88206,KALIMANTAN TIMUR
Kasongan,town,-1.9166,113.3805,KALIMANTAN TENGAH
Tabiku,village,-2.67394,112.43116,KALIMANTAN TENGAH
Pulang Pisau,town,-2.74617,114.26224,KALIMANTAN TENGAH
Tanuhi,hamlet,-2.79611,115.45184,KALIMANTAN SELATAN
Saka Batur,village,-2.96248,114.47017,KALIMANTAN TENGAH
Haratai,village,-2.77382,115.53645,KALIMANTAN SELATAN
Haratai 2,hamlet,-2.75966,115.54863,KALIMANTAN SELATAN
Kadayang,hamlet,-2.74667,115.55562,KALIMANTAN SELATAN
Kandihin,hamlet,-2.83726,115.38576,KALIMANTAN SELATAN
Menotoi,hamlet,-2.80848,115.4974,KALIMANTAN SELATAN
Muara Bubuhi,hamlet,-2.83086,115.37281,KALIMANTAN SELATAN
Muara Tanuhi,hamlet,-2.79807,115.45056,KALIMANTAN SELATAN
Kalo Apangan,hamlet,-2.79702,115.51396,KALIMANTAN SELATAN
Anjir Mambulau Barat,village,-3.04329,114.41714,KALIMANTAN TENGAH
Anjir Mambulau Tengah,village,-3.05994,114.42346,KALIMANTAN TENGAH
Anjir Mambulau Timur,village,-3.07166,114.43476,KALIMANTAN TENGAH
Barimba,village,-3.00558,114.41401,KALIMANTAN TENGAH
Basungkai,village,-2.95821,114.35613,KALIMANTAN TENGAH
Dahirang,village,-3.01085,114.40646,KALIMANTAN TENGAH
Hampatung,village,-3.01729,114.40246,KALIMANTAN TENGAH
Mambulau,village,-3.02485,114.39737,KALIMANTAN TENGAH
Murung Keramat,village,-3.02852,114.3809,KALIMANTAN TENGAH
Panamas,village,-3.02233,114.36197,KALIMANTAN TENGAH
Pangkalan Sari,village,-2.94482,114.36904,KALIMANTAN TENGAH
Pulau Mambulau,village,-3.03426,114.39336,KALIMANTAN TENGAH
Pulau Telo Baru,village,-2.98414,114.38364,KALIMANTAN TENGAH
Sei Pasah,village,-2.99744,114.42288,KALIMANTAN TENGAH
Selat Barat,village,-3.00086,114.38237,KALIMANTAN TENGAH
Selat Dalam,village,-3.00163,114.39369,KALIMANTAN TENGAH
Selat Hilir,village,-3.01423,114.38063,KALIMANTAN TENGAH
Selat Hulu,village,-2.99673,114.39681,KALIMANTAN TENGAH
Selat Tengah,village,-3.01346,114.39407,KALIMANTAN TENGAH
Selat Utara,village,-2.97032,114.41171,KALIMANTAN TENGAH
Danau Masura,village,-1.68952,114.78961,KALIMANTAN TENGAH
Mangkatir,village,-2.21478,114.90544,KALIMANTAN TENGAH
Palu Rejo,village,-1.62637,115.17739,KALIMANTAN TENGAH
Wayun,village,-1.6216,115.18655,KALIMANTAN TENGAH
Simpang Telo,hamlet,-1.95899,114.80953,KALIMANTAN TENGAH
Bantai Napu,village,-1.93729,115.19178,KALIMANTAN TENGAH
Betang Nalong,village,-2.05529,115.27908,KALIMANTAN TENGAH
Danau,village,-1.95401,115.25451,KALIMANTAN TENGAH
Gandrung,village,-1.86711,115.25776,KALIMANTAN TENGAH
Gumpa,village,-2.10269,115.2522,KALIMANTAN TENGAH
Janah Mansiwui,village,-1.93858,115.27671,KALIMANTAN TENGAH
Jango,village,-1.89778,115.34522,KALIMANTAN TENGAH
Kali Napu,village,-2.10896,114.932,KALIMANTAN TENGAH
Kandris,village,-2.00707,115.11834,KALIMANTAN TENGAH
Kupang Baru,village,-1.93812,115.11301,KALIMANTAN TENGAH
Lagan,village,-1.96604,115.13151,KALIMANTAN TENGAH
Lalap,village,-1.99837,115.32514,KALIMANTAN TENGAH
Luau Jawuk,village,-1.91039,115.12315,KALIMANTAN TENGAH
Malintut,village,-1.69708,115.19718,KALIMANTAN TENGAH
Mangkarap,village,-2.10431,115.20334,KALIMANTAN TENGAH
Maragut,village,-2.15726,115.25247,KALIMANTAN TENGAH
Matarah,village,-2.05782,115.25146,KALIMANTAN TENGAH
Muara Awang,village,-1.74155,115.26788,KALIMANTAN TENGAH
Muru Duyung,village,-1.81657,115.08193,KALIMANTAN TENGAH
Paku Beto,village,-1.94217,115.236,KALIMANTAN TENGAH
Pangkan,village,-1.87691,115.20445,KALIMANTAN TENGAH
Pianggu,village,-1.98214,115.28266,KALIMANTAN TENGAH
Putut Tawuluh,village,-1.95178,115.15561,KALIMANTAN TENGAH
Sibung,village,-1.73471,115.18452,KALIMANTAN TENGAH
Simpang Naneng,village,-1.99465,115.09272,KALIMANTAN TENGAH
Sumber Garunggung,village,-1.81606,115.20297,KALIMANTAN TENGAH
Sumber Rejo,village,-1.78665,115.03557,KALIMANTAN TENGAH
Sumur,village,-2.05569,115.13569,KALIMANTAN TENGAH
Tangkum,village,-1.72654,115.19337,KALIMANTAN TENGAH
Tarinsing,village,-1.90298,115.18027,KALIMANTAN TENGAH
Tumpung Ulung,village,-1.79601,115.1093,KALIMANTAN TENGAH
Turan Amis,village,-1.70239,115.15395,KALIMANTAN TENGAH
Gunung Karasik,hamlet,-1.91823,115.30572,KALIMANTAN TENGAH
Banyu Landas,village,-2.20538,115.25104,KALIMANTAN TENGAH
Bereng,village,-2.71698,114.27232,KALIMANTAN TENGAH
Gandang,village,-2.96742,114.11943,KALIMANTAN TENGAH
Kalawa,village,-2.73038,114.25586,KALIMANTAN TENGAH
Tanjung Taruna,village,-2.29472,114.10095,KALIMANTAN TENGAH
Bahaur Batu Raya,village,-3.20232,114.12948,KALIMANTAN TENGAH
Bahaur Hulu Permai,village,-3.16521,114.12196,KALIMANTAN TENGAH
Kantan Atas,village,-2.99732,114.07573,KALIMANTAN TENGAH
Kantan Muara,village,-3.0099,114.11884,KALIMANTAN TENGAH
Karya Bersama,village,-3.15977,114.13638,KALIMANTAN TENGAH
Bamban Raya,village,-3.19283,114.34121,KALIMANTAN TENGAH
Bangun Harjo,village,-3.16938,114.39865,KALIMANTAN TENGAH
Pematang,village,-3.38935,114.25962,KALIMANTAN TENGAH
Sei Bakut,village,-3.26917,114.33692,KALIMANTAN TENGAH
Sidomulyo,village,-3.17558,114.40069,KALIMANTAN TENGAH
Terusan Baguntan Raya,village,-3.19707,114.28297,KALIMANTAN TENGAH
Terusan Raya Barat,village,-3.20556,114.19003,KALIMANTAN TENGAH
Terusan Raya Hulu,village,-3.21143,114.16008,KALIMANTAN TENGAH
Wargo Mulyo,village,-3.25912,114.34236,KALIMANTAN TENGAH
Kambiyain,village,-2.4956,115.61311,KALIMANTAN SELATAN
Langkap,village,-2.44348,115.63325,KALIMANTAN SELATAN
Padang Raya,village,-2.28395,115.67006,KALIMANTAN SELATAN
Mungkur Palawan,hamlet,-2.2509,115.36784,KALIMANTAN SELATAN
Sialing,hamlet,-1.91621,115.50857,KALIMANTAN SELATAN
Kuala Pembuang,town,-3.38264,112.54646,KALIMANTAN TENGAH
Hatiwin,village,-3.06674,115.15677,KALIMANTAN SELATAN
Belangian,village,-3.59719,115.0597,KALIMANTAN SELATAN
Karangan Putih,village,-3.13934,115.07905,KALIMANTAN SELATAN
Sumber Agung,village,-2.22914,115.65594,KALIMANTAN SELATAN
Katimpun,village,-2.41452,114.43737,KALIMANTAN TENGAH
Talekung Punei,village,-2.7362,114.60455,KALIMANTAN TENGAH
Manyahi,village,-2.61551,114.48168,KALIMANTAN TENGAH
Basarang,village,-2.99833,114.35015,KALIMANTAN TENGAH
Kanjarau,hamlet,-1.94588,114.46608,KALIMANTAN TENGAH
Kasali Baru,village,-1.69984,113.91886,KALIMANTAN TENGAH
Barabai Selatan,village,-2.58557,115.38551,KALIMANTAN SELATAN
Kuala Kapuas,town,-3.00894,114.38762,KALIMANTAN TENGAH
Tatah Pemangkih Laut,village,-3.38261,114.59958,KALIMANTAN SELATAN
Kintapura,village,-3.87034,115.20747,KALIMANTAN SELATAN
Dadap Kusan Raya,village,-3.36808,115.4382,KALIMANTAN SELATAN
Tamunih,village,-3.29938,115.54127,KALIMANTAN SELATAN
Batu Bulan,village,-3.34972,115.45632,KALIMANTAN SELATAN
Karya Bakti,village,-3.56122,115.87358,KALIMANTAN SELATAN
Sumber Sari,village,-3.70059,115.71131,KALIMANTAN SELATAN
Wanasari,village,-3.64092,115.77479,KALIMANTAN SELATAN
Damar Indah,village,-3.65316,115.74332,KALIMANTAN SELATAN
Sumber Makmur,village,-3.66602,115.73248,KALIMANTAN SELATAN
Biduri Bersujud,village,-3.64182,115.72042,KALIMANTAN SELATAN
Ringkit,village,-3.5577,115.73679,KALIMANTAN SELATAN
Gunung Raya,village,-3.1988,115.6505,KALIMANTAN SELATAN
Emil Baru,village,-3.03175,115.52018,KALIMANTAN SELATAN
Mantawakan Mulia,village,-3.25119,115.80456,KALIMANTAN SELATAN
Karang Rejo,village,-3.40172,115.82678,KALIMANTAN SELATAN
Maju Sejahtera,village,-3.32386,115.88106,KALIMANTAN SELATAN
Sumber Wangi,village,-3.37718,115.87297,KALIMANTAN SELATAN
Makmur Mulia,village,-3.78127,115.39232,KALIMANTAN SELATAN
Sinar Bulan,village,-3.7688,115.41545,KALIMANTAN SELATAN
Pandamaran Jaya,village,-3.75778,115.51,KALIMANTAN SELATAN
Al Kautsar,village,-3.74812,115.48699,KALIMANTAN SELATAN
Tegal Sari,village,-3.71235,115.53169,KALIMANTAN SELATAN
Makmur,village,-3.66002,115.63149,KALIMANTAN SELATAN
Banjar Sari,village,-3.69068,115.62555,KALIMANTAN SELATAN
Mekar Jaya,village,-3.72329,115.62878,KALIMANTAN SELATAN
Hulu Sampanahan,village,-2.86017,115.64549,KALIMANTAN SELATAN
Limbungan,village,-2.99029,115.88973,KALIMANTAN SELATAN
Simpang Empat Sungai Baru,village,-3.8985,115.09034,KALIMANTAN SELATAN
Pandansari,village,-3.88879,115.15311,KALIMANTAN SELATAN
Kintap,village,-3.85963,115.21311,KALIMANTAN SELATAN
Kintap Kecil,village,-3.85558,115.23255,KALIMANTAN SELATAN
Pasir Putih,village,-3.85126,115.21579,KALIMANTAN SELATAN
Muara Kintap,village,-3.90547,115.26053,KALIMANTAN SELATAN
Kebun Raya,village,-3.86383,115.29207,KALIMANTAN SELATAN
Bukit Mulia,village,-3.83287,115.28142,KALIMANTAN SELATAN
Taringen,village,-1.59311,113.54069,KALIMANTAN TENGAH
Bereng Malaka,village,-1.54961,113.63471,KALIMANTAN TENGAH
Penyang,village,-2.46203,112.70771,KALIMANTAN TENGAH
Biru Maju,village,-2.29506,112.44824,KALIMANTAN TENGAH
Lanpasa,village,-2.61822,112.355,KALIMANTAN TENGAH
Selunuk,village,-2.44244,112.44824,KALIMANTAN TENGAH
Rungau Raya,village,-2.34262,112.3164,KALIMANTAN TENGAH
Pematang Limau,village,-3.3427,112.55415,KALIMANTAN TENGAH
Sungai Undang,village,-3.41478,112.55964,KALIMANTAN TENGAH
Tri Buana,village,-1.63629,112.50716,KALIMANTAN TENGAH
Selucing,village,-1.87873,113.0166,KALIMANTAN TENGAH
Sungai Ubar Mandiiri,village,-2.12389,113.04627,KALIMANTAN TENGAH
Sudan,village,-2.13675,113.00954,KALIMANTAN TENGAH
Bukit Batu,village,-2.00216,113.03412,KALIMANTAN TENGAH
Bukit Raya,village,-2.13377,112.96314,KALIMANTAN TENGAH
Bukit Harapan,village,-1.97125,112.77015,KALIMANTAN TENGAH
Karya Bersama,village,-1.98938,112.75418,KALIMANTAN TENGAH
Menjalin,village,-2.04617,112.81656,KALIMANTAN TENGAH
Pamadauan,hamlet,-2.2714,112.83347,KALIMANTAN TENGAH
Soren,village,-2.3149,112.82917,KALIMANTAN TENGAH
Kapuk,village,-2.1482,112.45324,KALIMANTAN TENGAH
Pantap,village,-2.18787,112.51738,KALIMANTAN TENGAH
Rongkang,hamlet,-2.63634,112.72934,KALIMANTAN TENGAH
Kuin Permai,village,-2.99696,112.96585,KALIMANTAN TENGAH
Sei Ijum Raya,village,-2.92436,112.98376,KALIMANTAN TENGAH
Regei Lestari,village,-2.97638,112.98778,KALIMANTAN TENGAH
Handil Sohor,village,-2.85578,112.97615,KALIMANTAN TENGAH
Bangkuang Makmur,village,-2.63512,112.95248,KALIMANTAN TENGAH
Bapanggang Raya,village,-2.66695,112.93702,KALIMANTAN TENGAH
Serambut,village,-2.9881,113.07085,KALIMANTAN TENGAH
Dusun Kalampan,village,-2.94328,113.04528,KALIMANTAN TENGAH
Hantipan,village,-2.90691,113.05524,KALIMANTAN TENGAH
Babirah,village,-2.85802,112.99054,KALIMANTAN TENGAH
Babaung,village,-2.83507,112.98286,KALIMANTAN TENGAH
Penyaguan,village,-2.82039,112.97383,KALIMANTAN TENGAH
Bamadu,village,-2.80931,112.96379,KALIMANTAN TENGAH
Hanaut,village,-2.75863,112.91789,KALIMANTAN TENGAH
Ganepo,village,-2.66947,112.97405,KALIMANTAN TENGAH
Telaga Baru,village,-2.5947,112.98318,KALIMANTAN TENGAH
Baamang Barat,village,-2.51013,112.94211,KALIMANTAN TENGAH
Tanah Mas,village,-2.48626,113.01181,KALIMANTAN TENGAH
Pasir Putih,village,-2.48878,112.86362,KALIMANTAN TENGAH
Sebangau Jaya,village,-3.06293,113.61075,KALIMANTAN TENGAH
Sungai Kaki,village,-3.08153,113.54065,KALIMANTAN TENGAH
Bakung Raya,village,-3.02711,113.285,KALIMANTAN TENGAH
Bumi Subur,village,-3.1369,113.32546,KALIMANTAN TENGAH
Makmur Utama,village,-3.21733,113.36165,KALIMANTAN TENGAH
Raya Belanti,village,-3.15605,115.06905,KALIMANTAN SELATAN
Mekar Sari,village,-3.13259,115.10788,KALIMANTAN SELATAN
Sulangai,hamlet,-1.73557,115.63158,KALIMANTAN SELATAN
Ribang 2,hamlet,-1.98436,115.53914,KALIMANTAN SELATAN
UPT Trans Danau,hamlet,-1.92965,115.53821,KALIMANTAN SELATAN
Bukit Batu,village,-1.74947,114.35286,KALIMANTAN TENGAH
Desa,village,-1.50732,114.24666,KALIMANTAN TENGAH
Sei Gita,village,-1.67696,114.3483,KALIMANTAN TENGAH
Sei Gawing,village,-1.80746,114.29084,KALIMANTAN TENGAH
Mamigang,village,-2.35814,115.72779,KALIMANTAN SELATAN
UPT Hiang Bana,hamlet,-2.11741,113.44736,KALIMANTAN TENGAH
UPT Buntut Bali,hamlet,-1.65631,113.30553,KALIMANTAN TENGAH
Danau Indah,village,-3.44784,115.84956,KALIMANTAN SELATAN
Pulau Damar,village,-2.44547,115.38464,KALIMANTAN SELATAN
Trans Pupuyuan,hamlet,-2.30526,115.35999,KALIMANTAN SELATAN
Mundar,village,-2.33077,115.36604,KALIMANTAN SELATAN
Gayaba,hamlet,-2.4856,115.47653,KALIMANTAN SELATAN
Mantarungin,hamlet,-2.49528,115.43108,KALIMANTAN SELATAN
Aluan,village,-2.60025,115.42962,KALIMANTAN SELATAN
Karantina,hamlet,-2.54126,115.30349,KALIMANTAN SELATAN
Runtayan,hamlet,-2.68199,115.34188,KALIMANTAN SELATAN
Tumarin,hamlet,-2.73915,115.38342,KALIMANTAN SELATAN
Masimpan,hamlet,-2.73219,115.33711,KALIMANTAN SELATAN
Trans Siong,hamlet,-2.07511,114.96945,KALIMANTAN TENGAH
Bagugus,hamlet,-1.90195,114.15277,KALIMANTAN TENGAH
Wakatitir,hamlet,-1.78322,115.18513,KALIMANTAN TENGAH
Tanjung Kalanis,hamlet,-2.07631,114.42433,KALIMANTAN TENGAH
Tumbang Mangkutup,village,-2.18754,114.39429,KALIMANTAN TENGAH
Humbang Raya,village,-1.88341,114.13768,KALIMANTAN TENGAH
Tabore,village,-2.03133,114.24022,KALIMANTAN TENGAH
Sumber Agung,village,-2.63487,114.69055,KALIMANTAN TENGAH
Upt Dadahup F2,village,-2.60852,114.58978,KALIMANTAN TENGAH
Karya Bersama,village,-2.82426,114.57776,KALIMANTAN TENGAH
Manusup Hilir,village,-2.68109,114.43966,KALIMANTAN TENGAH
Kuin Utara,village,-3.29236,114.57161,KALIMANTAN SELATAN
Alalak Selatan,village,-3.28505,114.57168,KALIMANTAN SELATAN
Alalak Tengah,village,-3.27498,114.56918,KALIMANTAN SELATAN
Alalak Utara,village,-3.27816,114.57842,KALIMANTAN SELATAN
Berangas Timur,village,-3.27006,114.58053,KALIMANTAN SELATAN
Karang Mekar,village,-3.32977,114.60612,KALIMANTAN SELATAN
Pemurus Luar,village,-3.3443,114.63048,KALIMANTAN SELATAN
Kuripan,village,-3.3228,114.60516,KALIMANTAN SELATAN
Kebun Bunga,village,-3.32628,114.61082,KALIMANTAN SELATAN
Sungai Bilu,village,-3.31672,114.60944,KALIMANTAN SELATAN
Benua Anyar,village,-3.30709,114.61167,KALIMANTAN SELATAN
Pengambangan,village,-3.31538,114.61824,KALIMANTAN SELATAN
Sungai Lulut,village,-3.32031,114.62921,KALIMANTAN SELATAN
Sungai Andai,village,-3.29288,114.6105,KALIMANTAN SELATAN
Sungai Jingah,village,-3.3145,114.60582,KALIMANTAN SELATAN
Surgi Mufti,village,-3.30899,114.60077,KALIMANTAN SELATAN
Antasan Kecil Timur,village,-3.30561,114.59327,KALIMANTAN SELATAN
Sungai Miai,village,-3.29453,114.59475,KALIMANTAN SELATAN
Pangeran,village,-3.30124,114.58487,KALIMANTAN SELATAN
Kuin Cerucuk,village,-3.29523,114.57158,KALIMANTAN SELATAN
Kuin Selatan,village,-3.29805,114.5784,KALIMANTAN SELATAN
Belitung Utara,village,-3.30402,114.57989,KALIMANTAN SELATAN
Belitung Selatan,village,-3.30851,114.57729,KALIMANTAN SELATAN
Pelambuan,village,-3.31966,114.56436,KALIMANTAN SELATAN
Telaga Biru,village,-3.32663,114.56809,KALIMANTAN SELATAN
Basirih,village,-3.3346,114.56541,KALIMANTAN SELATAN
Teluk Tiram,village,-3.33852,114.58066,KALIMANTAN SELATAN
Telawang,village,-3.32965,114.57991,KALIMANTAN SELATAN
Teluk Dalam,village,-3.32026,114.57833,KALIMANTAN SELATAN
Mawar,village,-3.3259,114.58201,KALIMANTAN SELATAN
Kertak Baru Ulu,village,-3.32187,114.59057,KALIMANTAN SELATAN
Kertak Baru Ilir,village,-3.32534,114.58978,KALIMANTAN SELATAN
Antasan Besar,village,-3.31368,114.58887,KALIMANTAN SELATAN
Pasar Lama,village,-3.30878,114.59025,KALIMANTAN SELATAN
Seberang Mesjid,village,-3.31115,114.59608,KALIMANTAN SELATAN
Gadang,village,-3.31801,114.59417,KALIMANTAN SELATAN
Melayu,village,-3.31719,114.60064,KALIMANTAN SELATAN
Sungai Baru,village,-3.32269,114.59719,KALIMANTAN SELATAN
Pekapuran Laut,village,-3.32572,114.59852,KALIMANTAN SELATAN
Pekapuran Raya,village,-3.3349,114.60381,KALIMANTAN SELATAN
Kelayan Luar,village,-3.32808,114.59683,KALIMANTAN SELATAN
Pemurus Baru,village,-3.34333,114.61271,KALIMANTAN SELATAN
Pemurus Dalam,village,-3.35189,114.61861,KALIMANTAN SELATAN
Kelayan Dalam,village,-3.33285,114.59697,KALIMANTAN SELATAN
Murung Raya,village,-3.34238,114.59527,KALIMANTAN SELATAN
Tanjung Pagar,village,-3.36553,114.59943,KALIMANTAN SELATAN
Kelayan Timur,village,-3.34417,114.59075,KALIMANTAN SELATAN
Kelayan Tengah,village,-3.3355,114.59313,KALIMANTAN SELATAN
Kelayan Barat,village,-3.33091,114.59403,KALIMANTAN SELATAN
Pekauman,village,-3.33134,114.58873,KALIMANTAN SELATAN
Kelayan Selatan,village,-3.33747,114.58661,KALIMANTAN SELATAN
Basirih Selatan,village,-3.34948,114.57466,KALIMANTAN SELATAN
Mantuil,village,-3.35115,114.54664,KALIMANTAN SELATAN
Tamban Luar,village,-3.14589,114.3819,KALIMANTAN TENGAH
Simpang Bunga Tanjung,village,-3.34464,114.23965,KALIMANTAN TENGAH
Baranggau,village,-3.31591,114.32088,KALIMANTAN TENGAH
Budi Mufakat,village,-3.07035,114.35214,KALIMANTAN TENGAH
Maliku Mulia,village,-2.99086,114.14646,KALIMANTAN TENGAH
Bahaur Basantan,village,-3.24243,114.09853,KALIMANTAN TENGAH
Tanjung Perawan,village,-3.25483,114.09964,KALIMANTAN TENGAH
Sei Hambawang,village,-3.2601,113.64324,KALIMANTAN TENGAH
Sei Bakau,village,-3.40465,113.61802,KALIMANTAN TENGAH
Kiram,village,-3.51606,114.91163,KALIMANTAN SELATAN
Sungai Lulut,village,-3.31787,114.64882,KALIMANTAN SELATAN
Simpang Sebabi,hamlet,-2.40367,112.46275,KALIMANTAN TENGAH
Emil,hamlet,-3.00468,115.49978,KALIMANTAN SELATAN
Pariangan,hamlet,-2.84091,115.34162,KALIMANTAN SELATAN
Mampahe,hamlet,-1.86533,115.20743,KALIMANTAN TENGAH
Bambulung Baru,hamlet,-1.81826,115.02983,KALIMANTAN TENGAH
Misim,hamlet,-1.67363,115.39657,KALIMANTAN SELATAN
Batu Sahur,hamlet,-1.7745,115.20073,KALIMANTAN TENGAH
Murung Baki,hamlet,-1.79181,115.16798,KALIMANTAN TENGAH
Jahon,hamlet,-1.8053,115.21014,KALIMANTAN TENGAH
Batu Putih,hamlet,-1.79361,115.21452,KALIMANTAN TENGAH
Bantai Karau,hamlet,-1.78846,115.13101,KALIMANTAN TENGAH
Janah Harapan,hamlet,-1.78553,115.15086,KALIMANTAN TENGAH
Barombot,hamlet,-1.80245,115.16159,KALIMANTAN TENGAH
Muluh,hamlet,-1.7951,115.18581,KALIMANTAN TENGAH
Urup,hamlet,-1.80133,115.14319,KALIMANTAN TENGAH
Tohe,hamlet,-1.9101,115.5365,KALIMANTAN SELATAN
Pupuh,hamlet,-1.77094,115.62815,KALIMANTAN SELATAN
Trans Lama Lalapin,hamlet,-2.99775,115.86793,KALIMANTAN SELATAN
Galigur,hamlet,-2.22915,115.29102,KALIMANTAN SELATAN
Gambut Barat,village,-3.39189,114.65774,KALIMANTAN SELATAN
Aluan Sumur,village,-2.61215,115.43558,KALIMANTAN SELATAN
Kahakan,village,-2.60025,115.44294,KALIMANTAN SELATAN
Marangga,hamlet,-2.12211,115.2206,KALIMANTAN TENGAH
Sido Makmur,village,-2.92433,114.71352,KALIMANTAN SELATAN
Karya Maju,village,-2.89567,114.6943,KALIMANTAN SELATAN
Barambai Kolam Kiri Dalam,village,-2.99021,114.67048,KALIMANTAN SELATAN
Narahan Baru,village,-2.91108,114.48995,KALIMANTAN TENGAH
Banama,village,-2.86598,114.5184,KALIMANTAN TENGAH
Mawar Mekar,village,-2.90405,114.47293,KALIMANTAN TENGAH
Sei Tatas Hilir,village,-2.90085,114.49161,KALIMANTAN TENGAH
Palangkai,village,-2.90435,114.49577,KALIMANTAN TENGAH
Saka Lagon,village,-2.93798,114.45784,KALIMANTAN TENGAH
Campan,hamlet,-2.4558,115.56206,KALIMANTAN SELATAN
Tumbang Pangkoh,hamlet,-2.93152,113.87504,KALIMANTAN TENGAH
Sei Kehu,village,-2.95479,114.38619,KALIMANTAN TENGAH
Petak Puti lama,hamlet,-1.92439,114.48664,KALIMANTAN TENGAH
Rantau Pusi,hamlet,-1.9183,115.10799,KALIMANTAN TENGAH
Trans 200 Wuran,hamlet,-1.92745,115.05804,KALIMANTAN TENGAH
Tuanan,hamlet,-2.1708,114.42667,KALIMANTAN TENGAH
Teluk Kajang,hamlet,-2.05036,114.42455,KALIMANTAN TENGAH
Lapetan,village,-1.9848,114.42106,KALIMANTAN TENGAH
Tawia,village,-2.72276,115.2723,KALIMANTAN SELATAN
Makmur Jaya,village,-3.78617,115.39136,KALIMANTAN SELATAN
Persiapan Perintis Bersujud,village,-3.77826,115.39614,KALIMANTAN SELATAN
Persiapan Berkah Bersama,village,-3.77958,115.39978,KALIMANTAN SELATAN
Barakat Mufakat,village,-3.78394,115.40651,KALIMANTAN SELATAN
Persiapan Sungai Danau Raya,village,-3.77466,115.40776,KALIMANTAN SELATAN
Beruntung Raya,village,-3.78084,115.411,KALIMANTAN SELATAN
Persiapan Bumisari,village,-3.26615,115.81476,KALIMANTAN SELATAN
Longkang,hamlet,-2.16835,115.22196,KALIMANTAN TENGAH
Mabidek,hamlet,-2.07107,115.18174,KALIMANTAN TENGAH
Katambung,hamlet,-2.04461,115.16749,KALIMANTAN TENGAH
Eba Raya,hamlet,-2.10413,115.13589,KALIMANTAN TENGAH
Kincung,hamlet,-2.18568,115.22998,KALIMANTAN TENGAH
Mandam,hamlet,-2.90163,115.75381,KALIMANTAN SELATAN
Kamboyan,hamlet,-3.07114,115.81542,KALIMANTAN SELATAN
Hapungu,hamlet,-2.79832,115.84808,KALIMANTAN SELATAN
Merta Buana,hamlet,-3.60735,115.76076,KALIMANTAN SELATAN
Pulosari,hamlet,-3.66247,115.68771,KALIMANTAN SELATAN
Persiapan Mekar Mulya,village,-3.51085,115.68912,KALIMANTAN SELATAN
Muara Ubar,hamlet,-2.37722,112.70063,KALIMANTAN TENGAH
Tampaan,hamlet,-2.30999,115.74677,KALIMANTAN SELATAN
Aruhuyan,hamlet,-2.70451,115.48985,KALIMANTAN SELATAN
Pantai Mangkiling,hamlet,-2.65487,115.54402,KALIMANTAN SELATAN
Pantai Cabai,hamlet,-2.66715,115.50667,KALIMANTAN SELATAN
Datarlaga,hamlet,-2.64798,115.46013,KALIMANTAN SELATAN
Batu Hayam Makmur,hamlet,-2.65746,115.46032,KALIMANTAN SELATAN
Timan,hamlet,-2.64168,115.47084,KALIMANTAN SELATAN
Pancur Bungur,hamlet,-2.71499,115.44422,KALIMANTAN SELATAN
Tau Raya,hamlet,-2.67813,115.39875,KALIMANTAN SELATAN
Cangkulan Bangkuyan,hamlet,-2.69354,115.3965,KALIMANTAN SELATAN
Lok Anglai,hamlet,-2.68403,115.37274,KALIMANTAN SELATAN
Sungai Jaranih,village,-2.6776,115.36139,KALIMANTAN SELATAN
Haus,hamlet,-2.23944,115.41055,KALIMANTAN SELATAN
Duhat,hamlet,-2.26974,115.37015,KALIMANTAN SELATAN
Dahur,hamlet,-2.24283,115.38818,KALIMANTAN SELATAN
Batu Harang,hamlet,-3.26744,115.69827,KALIMANTAN SELATAN
Trans 100 Wuran,hamlet,-1.91117,115.0442,KALIMANTAN TENGAH
Purwodadi,hamlet,-3.19553,114.3811,KALIMANTAN TENGAH
Ipu Mea,village,-1.91935,115.08562,KALIMANTAN TENGAH
"Pulau Bali, Dayu",hamlet,-1.9577,115.08999,KALIMANTAN TENGAH
Sungai Tabuk,village,-3.32031,115.02449,KALIMANTAN SELATAN
"Mula Jari, Dayu",hamlet,-1.96572,115.08155,KALIMANTAN TENGAH
Batu Tiris,hamlet,-3.42123,115.01319,KALIMANTAN SELATAN
Guntung Buluh,hamlet,-3.43516,114.99976,KALIMANTAN SELATAN
Rejo Sari,hamlet,-3.37461,115.05112,KALIMANTAN SELATAN
Puruwian,hamlet,-2.01544,115.06725,KALIMANTAN TENGAH
Tanah Abang RT 3,hamlet,-3.34682,114.95267,KALIMANTAN SELATAN
Limpana,hamlet,-3.03293,115.23822,KALIMANTAN SELATAN
16B,hamlet,-3.01853,115.20075,KALIMANTAN SELATAN
Pahiwin,hamlet,-3.14684,115.18912,KALIMANTAN SELATAN
Bukit Kupang,hamlet,-2.26997,112.71474,KALIMANTAN TENGAH
Rasau Tumbuh,village,-2.28193,112.79411,KALIMANTAN TENGAH
Rikut Jawu,hamlet,-1.69952,114.92529,KALIMANTAN TENGAH
Bandar Mekar,village,-3.21414,114.36437,KALIMANTAN TENGAH
Tamban Jaya,village,-3.23389,114.39179,KALIMANTAN TENGAH
Tamban Makmur,village,-3.25926,114.40783,KALIMANTAN SELATAN
Gayam,hamlet,-2.26835,115.27893,KALIMANTAN SELATAN
Teluk Lintai,hamlet,-2.33219,115.29818,KALIMANTAN SELATAN
Pasintik,hamlet,-2.25803,115.28256,KALIMANTAN SELATAN
Tange Landa,hamlet,-1.89785,115.30255,KALIMANTAN TENGAH
Kereng Pangi,hamlet,-1.89654,113.2969,KALIMANTAN TENGAH
Sungai Gampa,hamlet,-2.31786,115.27389,KALIMANTAN SELATAN
Mantuyup,hamlet,-1.95907,115.43746,KALIMANTAN SELATAN
Kutam,hamlet,-1.96779,115.40673,KALIMANTAN SELATAN
Duyun Baru,hamlet,-2.00771,115.44458,KALIMANTAN SELATAN
Sidorejo,hamlet,-2.04912,115.44195,KALIMANTAN SELATAN
Pagar Haur,hamlet,-2.85189,115.28907,KALIMANTAN SELATAN
Tumbang Tanjung,village,-1.53027,113.17486,KALIMANTAN TENGAH
Bangkal,village,-2.60877,115.36197,KALIMANTAN SELATAN
Muara Sebamban,hamlet,-3.73831,115.66335,KALIMANTAN SELATAN
Dermaga,hamlet,-3.72066,115.66304,KALIMANTAN SELATAN
Penyiputan,hamlet,-3.73443,115.68812,KALIMANTAN SELATAN
Taniti,hamlet,-2.72648,115.35281,KALIMANTAN SELATAN
Bagandah,hamlet,-2.9138,115.45122,KALIMANTAN SELATAN
Lalapin,hamlet,-2.90724,115.39482,KALIMANTAN SELATAN
Pangkulan,hamlet,-2.88086,115.29994,KALIMANTAN SELATAN
Lok Bahan,hamlet,-2.88112,115.3432,KALIMANTAN SELATAN
Paniungan,hamlet,-2.8971,115.36174,KALIMANTAN SELATAN
Tambak Pipi'i,hamlet,-2.90818,115.3118,KALIMANTAN SELATAN
Panaan,village,-1.85864,115.35799,KALIMANTAN SELATAN
Sido Rejo,village,-3.70618,115.49993,KALIMANTAN SELATAN
Batang Alai,hamlet,-2.61038,115.15496,KALIMANTAN SELATAN
Nyali,hamlet,-1.88716,115.5426,KALIMANTAN SELATAN
Danau Ruyan,hamlet,-1.78991,115.18001,KALIMANTAN TENGAH
Ambata,hamlet,-2.31679,115.78712,KALIMANTAN SELATAN
Sisirin,hamlet,-2.33878,115.74927,KALIMANTAN SELATAN
Hampang,hamlet,-2.32632,115.74883,KALIMANTAN SELATAN
Kampung Hijau,village,-3.31546,114.60784,KALIMANTAN SELATAN
Baru,village,-1.7719,114.71574,KALIMANTAN TENGAH
Muara Telake,village,-1.61784,116.51336,KALIMANTAN TIMUR
Tarjun,village,-3.2774,116.10026,KALIMANTAN SELATAN
Tajur,village,-1.6308,116.20062,KALIMANTAN TIMUR
Kersik Putih,village,-3.48856,115.99811,KALIMANTAN SELATAN
Semisir,village,-3.63163,116.00938,KALIMANTAN SELATAN
Sungai Betung,village,-2.6929,116.2423,KALIMANTAN SELATAN
Segendang,village,-2.31788,116.3895,KALIMANTAN TIMUR
Pulau Panci,village,-3.11751,116.02121,KALIMANTAN SELATAN
Long Ikis,village,-1.58178,116.1996,KALIMANTAN TIMUR
Megasari,village,-3.34808,116.17613,KALIMANTAN SELATAN
Tanette,village,-3.59286,115.96718,KALIMANTAN SELATAN
Tepian Batang,village,-1.8801,116.17382,KALIMANTAN TIMUR
Selaru,village,-3.44607,116.09723,KALIMANTAN SELATAN
Papaan,village,-2.64993,116.32434,KALIMANTAN SELATAN
Seniung Jaya,village,-2.02282,116.22411,KALIMANTAN TIMUR
Bandar Raya,village,-3.99094,116.11811,KALIMANTAN SELATAN
Sampanahan,village,-2.6329,116.18768,KALIMANTAN SELATAN
Samurangau,village,-1.9068,115.93347,KALIMANTAN TIMUR
Rampa,village,-3.24085,116.2212,KALIMANTAN SELATAN
Sungai Lembu,village,-3.61269,115.91075,KALIMANTAN SELATAN
Mulyoharjo,village,-2.35153,116.32069,KALIMANTAN SELATAN
Lomu,village,-2.29788,116.2673,KALIMANTAN TIMUR
Wilas,village,-2.81154,116.30676,KALIMANTAN SELATAN
Suka Maju,village,-3.0884,116.04769,KALIMANTAN SELATAN
Pait,village,-1.60508,116.16752,KALIMANTAN TIMUR
Kulipak,village,-3.40732,116.22424,KALIMANTAN SELATAN
Penyolongan,village,-3.5796,115.95455,KALIMANTAN SELATAN
Tanah Periuk,village,-1.93579,116.20866,KALIMANTAN TIMUR
Pakatellu,village,-3.55553,115.94378,KALIMANTAN SELATAN
Keladen,village,-2.33252,116.4473,KALIMANTAN TIMUR
Tata Mekar,village,-3.99916,116.10049,KALIMANTAN SELATAN
Sampanahan Hilir,village,-2.63595,116.20548,KALIMANTAN SELATAN
Pembelacanan,village,-3.13859,116.1898,KALIMANTAN SELATAN
Banua Lawas,village,-3.04428,115.9772,KALIMANTAN SELATAN
Sebatung,village,-3.24065,116.22731,KALIMANTAN SELATAN
Gusunge,village,-3.61263,115.91551,KALIMANTAN SELATAN
Binturung,village,-2.40234,116.39687,KALIMANTAN SELATAN
Tanjung Seloka,village,-3.89954,116.30687,KALIMANTAN SELATAN
Mangka,village,-2.38553,116.06976,KALIMANTAN SELATAN
Bekoso,village,-1.9444,116.10372,KALIMANTAN TIMUR
Sang Sang,village,-2.81007,116.16793,KALIMANTAN SELATAN
Tanjung Pinang,village,-2.16104,115.92215,KALIMANTAN TIMUR
Sarang Tiung,village,-3.2455,116.27008,KALIMANTAN SELATAN
Langkang Baru,village,-3.43111,116.21989,KALIMANTAN SELATAN
Sawit Jaya,village,-1.58702,116.15745,KALIMANTAN TIMUR
Rantau Panjang Hilir,village,-3.56368,115.9635,KALIMANTAN SELATAN
Pagarruyung,village,-3.60231,115.92486,KALIMANTAN SELATAN
Kanibungan,village,-3.57947,116.382,KALIMANTAN SELATAN
Manunggal,village,-3.33455,115.92725,KALIMANTAN SELATAN
Teluk Kemuning,village,-4.03159,116.14149,KALIMANTAN SELATAN
Sepapah,village,-2.71148,116.23612,KALIMANTAN SELATAN
Mandala,village,-3.18035,116.04942,KALIMANTAN SELATAN
Cantung Kiri Hilir,village,-3.05861,115.91995,KALIMANTAN SELATAN
Tegal Rejo,village,-3.18821,115.9795,KALIMANTAN SELATAN
Jemparing,village,-1.55866,116.25537,KALIMANTAN TIMUR
Maju Makmur,village,-3.42083,115.93753,KALIMANTAN SELATAN
Berangas,village,-3.38531,116.23642,KALIMANTAN SELATAN
Batarang,village,-3.57994,115.92175,KALIMANTAN SELATAN
Rantau Jaya,village,-2.49427,116.07478,KALIMANTAN SELATAN
Padang Pengrapat,village,-1.84476,116.2422,KALIMANTAN TIMUR
Bekambit,village,-3.48566,116.20635,KALIMANTAN SELATAN
Betung,village,-2.35946,116.22963,KALIMANTAN SELATAN
Damit,village,-1.93249,116.16725,KALIMANTAN TIMUR
Kasungai,village,-1.80831,115.91728,KALIMANTAN TIMUR
Karang Payau,village,-3.03098,116.01121,KALIMANTAN SELATAN
Karang Liwar,village,-2.91375,116.022,KALIMANTAN SELATAN
Sebakung Makmur,village,-1.56225,116.38774,KALIMANTAN TIMUR
Hilir Muara,village,-3.22688,116.2379,KALIMANTAN SELATAN
Pasir Mayang,village,-1.76851,116.22416,KALIMANTAN TIMUR
Gunungtinggi,village,-3.48276,115.96401,KALIMANTAN SELATAN
Bakau,village,-2.41126,116.23848,KALIMANTAN SELATAN
Sekapung,village,-3.62958,116.38468,KALIMANTAN SELATAN
Luan,village,-1.95424,115.99281,KALIMANTAN TIMUR
Tanjung Sungkai,village,-4.05325,116.09872,KALIMANTAN SELATAN
Serongga,village,-3.20085,115.99711,KALIMANTAN SELATAN
Kerta Bhakti,village,-1.54335,116.16065,KALIMANTAN TIMUR
Pantai Baru,village,-3.3866,116.14187,KALIMANTAN SELATAN
Jone,village,-1.86808,116.20873,KALIMANTAN TIMUR
Bekambit Asri,village,-3.47298,116.21315,KALIMANTAN SELATAN
Sukamaju,village,-2.66218,116.18748,KALIMANTAN SELATAN
Suatang,village,-2.01486,116.15029,KALIMANTAN TIMUR
Lontar Selatan,village,-3.97659,116.06021,KALIMANTAN SELATAN
Mulyodadi,village,-2.61746,116.36199,KALIMANTAN SELATAN
Sungai Terik,village,-1.83697,115.94779,KALIMANTAN TIMUR
Sungai Pinang,village,-2.99898,116.25009,KALIMANTAN SELATAN
Pudi,village,-2.8867,116.34556,KALIMANTAN SELATAN
Baharu Selatan,village,-3.2471,116.22565,KALIMANTAN SELATAN
Babulu Laut,village,-1.52169,116.51489,KALIMANTAN TIMUR
Rangan,village,-1.79527,116.09907,KALIMANTAN TIMUR
Harapan Baru,village,-2.45311,116.32371,KALIMANTAN SELATAN
Suweto,village,-1.99584,115.9574,KALIMANTAN TIMUR
Banjarsari,village,-2.69811,116.18539,KALIMANTAN SELATAN
Sungai Kupang Jaya,village,-3.06453,116.06211,KALIMANTAN SELATAN
Sekurou Jaya,village,-1.56013,116.14209,KALIMANTAN TIMUR
Bukit Saloka,village,-1.61757,116.26386,KALIMANTAN TIMUR
Sejakah,village,-3.56171,116.22281,KALIMANTAN SELATAN
Sengayam,village,-2.35694,116.00568,KALIMANTAN SELATAN
Lori,village,-2.07862,116.40042,KALIMANTAN TIMUR
Tanjung Lalak Selatan,village,-3.99238,116.17794,KALIMANTAN SELATAN
Magalau Hilir,village,-2.6509,116.15675,KALIMANTAN SELATAN
Petangis,village,-2.10974,116.1031,KALIMANTAN TIMUR
Karang Bintang,village,-3.39874,115.90705,KALIMANTAN SELATAN
Stagen,village,-3.29547,116.17145,KALIMANTAN SELATAN
Sri Raharja,village,-1.56688,116.45553,KALIMANTAN TIMUR
Muara Pagatan Tengah,village,-3.57744,115.97842,KALIMANTAN SELATAN
Buluh Kuning,village,-2.49277,115.94231,KALIMANTAN SELATAN
Lolo,village,-1.87669,116.08454,KALIMANTAN TIMUR
Sepagar,village,-3.91128,116.08394,KALIMANTAN SELATAN
Lempesu,village,-1.95908,116.06251,KALIMANTAN TIMUR
Sungai Seluang,village,-2.89305,116.28956,KALIMANTAN SELATAN
Libur Dinding,village,-2.08466,115.9257,KALIMANTAN TIMUR
Langadai,village,-3.23071,116.13085,KALIMANTAN SELATAN
Muara Adang II,village,-1.6337,116.36472,KALIMANTAN TIMUR
Kotabaru Hilir,village,-3.23568,116.23065,KALIMANTAN SELATAN
Teluk Waru,village,-1.64999,116.29479,KALIMANTAN TIMUR
Pasar Baru,village,-3.60604,115.92962,KALIMANTAN SELATAN
Batu Tunau,village,-3.62629,116.28033,KALIMANTAN SELATAN
Labuan Mas,village,-3.7497,116.32086,KALIMANTAN SELATAN
Laburan,village,-2.89266,115.90057,KALIMANTAN SELATAN
Mengkudu,village,-2.28044,116.1631,KALIMANTAN TIMUR
Tanjung Pelayar,village,-4.04758,116.08647,KALIMANTAN SELATAN
Sungai Hanyar,village,-2.91871,116.32266,KALIMANTAN SELATAN
Kayungo Sari,village,-1.5343,116.19822,KALIMANTAN TIMUR
Gunung Ulin,village,-3.28882,116.202,KALIMANTAN SELATAN
Sakadoyan,village,-2.49036,116.36053,KALIMANTAN SELATAN
Tanah Grogot,village,-1.91492,116.19507,KALIMANTAN TIMUR
Pasir Belengkong,village,-1.95236,116.21087,KALIMANTAN TIMUR
Senakin,village,-2.97105,116.28414,KALIMANTAN SELATAN
Tamiang Bakung,village,-2.82339,116.1994,KALIMANTAN SELATAN
Tirawan,village,-3.24198,116.24115,KALIMANTAN SELATAN
Muara Adang,village,-1.67071,116.30987,KALIMANTAN TIMUR
Juku Eja,village,-3.61061,115.92612,KALIMANTAN SELATAN
Balaimea,village,-2.37533,116.28523,KALIMANTAN SELATAN
Semaras,village,-3.79225,116.07191,KALIMANTAN SELATAN
Kerang,village,-2.23891,116.07482,KALIMANTAN TIMUR
Bangkalaan Dayak,village,-2.88707,115.99486,KALIMANTAN SELATAN
Lombok,village,-1.61603,116.15634,KALIMANTAN TIMUR
Sungup Kanan,village,-3.40497,116.11711,KALIMANTAN SELATAN
Pulau Satu,village,-3.60147,115.93712,KALIMANTAN SELATAN
Pepara,village,-1.92943,116.22814,KALIMANTAN TIMUR
Mekar Pura,village,-3.46426,116.07476,KALIMANTAN SELATAN
Senipah,village,-2.40729,116.5536,KALIMANTAN TIMUR
Teluk Aru,village,-4.01828,116.15553,KALIMANTAN SELATAN
Sidomulyo,village,-3.09475,115.96999,KALIMANTAN SELATAN
Tebing Tinggi,village,-2.88038,116.18392,KALIMANTAN SELATAN
Semayap,village,-3.2621,116.20842,KALIMANTAN SELATAN
Modang,village,-1.72583,116.1305,KALIMANTAN TIMUR
Wonorejo,village,-2.39841,116.28811,KALIMANTAN SELATAN
Pondong Baru,village,-1.8086,116.24785,KALIMANTAN TIMUR
Mayang Sari,village,-2.333,116.02093,KALIMANTAN SELATAN
Rantau Bintungan,village,-1.93076,115.93615,KALIMANTAN TIMUR
Mangga,village,-2.85582,116.31205,KALIMANTAN SELATAN
Rantau Layung,village,-1.62113,115.99969,KALIMANTAN TIMUR
Batuah,village,-3.23232,116.23901,KALIMANTAN SELATAN
Long Kali,village,-1.52144,116.3235,KALIMANTAN TIMUR
Krayan Bahagia,village,-1.58839,116.211,KALIMANTAN TIMUR
Sungaidua,village,-3.30516,116.00141,KALIMANTAN SELATAN
Babulu Darat,village,-1.50584,116.45131,KALIMANTAN TIMUR
Lontar Utara,village,-3.97005,116.06225,KALIMANTAN SELATAN
Magalau Hulu,village,-2.66558,116.07745,KALIMANTAN SELATAN
Selengot,village,-2.15519,116.51648,KALIMANTAN TIMUR
Telaga Sari,village,-3.15253,115.99885,KALIMANTAN SELATAN
Sungai Kupang,village,-3.04506,115.98324,KALIMANTAN SELATAN
Saring Sungai Binjai,village,-3.56805,115.91126,KALIMANTAN SELATAN
Sebelimbingan,village,-3.33075,116.18566,KALIMANTAN SELATAN
Manurung,village,-3.58948,115.92787,KALIMANTAN SELATAN
Manunggul Lama,village,-2.51216,116.1632,KALIMANTAN SELATAN
Rantau Panjang,village,-1.90976,116.25197,KALIMANTAN TIMUR
Bepara,village,-2.38221,116.16894,KALIMANTAN SELATAN
Suliliran Baru,village,-1.98712,116.25541,KALIMANTAN TIMUR
Bangun Rejo,village,-3.97004,116.12771,KALIMANTAN SELATAN
Bungkukan,village,-2.79523,116.07627,KALIMANTAN SELATAN
Senakin Seberang,village,-2.94383,116.30483,KALIMANTAN SELATAN
Sebakung Taka,village,-1.58578,116.42279,KALIMANTAN TIMUR
Baharu Utara,village,-3.24086,116.23319,KALIMANTAN SELATAN
Krayan Makmur,village,-1.61467,116.2398,KALIMANTAN TIMUR
Batuah,village,-3.60669,115.9251,KALIMANTAN SELATAN
Riwang,village,-2.24826,116.31146,KALIMANTAN TIMUR
Kampung Baru,village,-4.01116,116.06358,KALIMANTAN SELATAN
Tanjung Sari,village,-2.74135,116.18546,KALIMANTAN SELATAN
Olung,village,-1.5684,116.19698,KALIMANTAN TIMUR
Langkang Lama,village,-3.41738,116.22367,KALIMANTAN SELATAN
Mekar Jaya,village,-3.59722,115.92078,KALIMANTAN SELATAN
Sempulang,village,-1.85817,116.15358,KALIMANTAN TIMUR
Salino,village,-3.52033,116.0429,KALIMANTAN SELATAN
Terombong Sari,village,-2.49848,116.1216,KALIMANTAN SELATAN
Keresik Bura,village,-1.98955,116.18532,KALIMANTAN TIMUR
Lontar Timur,village,-3.98016,116.06893,KALIMANTAN SELATAN
Tamiang,village,-2.43131,116.29509,KALIMANTAN SELATAN
Legai,village,-1.87184,115.93301,KALIMANTAN TIMUR
Bangkalaan Melayu,village,-2.92604,116.05412,KALIMANTAN SELATAN
Dirgahayu,village,-3.25374,116.21544,KALIMANTAN SELATAN
Sumber Sari,village,-1.5593,116.42734,KALIMANTAN TIMUR
Kuaro,village,-1.82343,116.08531,KALIMANTAN TIMUR
Pejala,village,-3.60952,115.92941,KALIMANTAN SELATAN
Muser,village,-2.01769,115.9351,KALIMANTAN TIMUR
Gunung Calang,village,-2.72425,116.33663,KALIMANTAN SELATAN
Sangking Baru,village,-3.07222,116.10582,KALIMANTAN SELATAN
Krayan Jaya,village,-1.58159,116.25829,KALIMANTAN TIMUR
Sungai Limau,village,-3.40619,116.24664,KALIMANTAN SELATAN
Barugelang,village,-3.60115,115.90897,KALIMANTAN SELATAN
Sungai Tuak,village,-1.9184,116.20818,KALIMANTAN TIMUR
Batulicin Irigasi,village,-3.31509,115.91445,KALIMANTAN SELATAN
Api-api,village,-3.54631,115.96511,KALIMANTAN SELATAN
Mandin,village,-3.51661,116.3684,KALIMANTAN SELATAN
Gendang Timburu,village,-2.55947,115.97215,KALIMANTAN SELATAN
Marga Jaya,village,-2.34005,116.00035,KALIMANTAN SELATAN
Labuangkallo,village,-2.12112,116.4928,KALIMANTAN TIMUR
Tepian Balai,village,-3.98147,116.05698,KALIMANTAN SELATAN
Sakalimau,village,-2.64722,116.3527,KALIMANTAN SELATAN
Tanjung Selayar,village,-2.98338,116.27402,KALIMANTAN SELATAN
Sembilang,village,-2.91195,116.21276,KALIMANTAN SELATAN
Rawa Mulia,village,-1.56908,116.47314,KALIMANTAN TIMUR
Sepunggur,village,-3.52408,115.96271,KALIMANTAN SELATAN
Wirittasi,village,-3.61151,115.9224,KALIMANTAN SELATAN
Kalian,village,-2.42237,116.26931,KALIMANTAN SELATAN
Harapan Baru,village,-1.78316,116.41605,KALIMANTAN TIMUR
Sumber Sari,village,-3.89555,116.09979,KALIMANTAN SELATAN
Batuah,village,-2.44448,115.95025,KALIMANTAN SELATAN
Suliliran,village,-1.96104,116.24195,KALIMANTAN TIMUR
Sukadana,village,-2.75795,116.34034,KALIMANTAN SELATAN
Rantau Atas,village,-2.14754,115.91739,KALIMANTAN TIMUR
Sigam,village,-3.22336,116.25083,KALIMANTAN SELATAN
Batulicin,village,-3.45217,115.99648,KALIMANTAN SELATAN
Semuntai,village,-1.64679,116.15378,KALIMANTAN TIMUR
Muara Pagatan,village,-3.60341,115.96799,KALIMANTAN SELATAN
Kota Pagatan,village,-3.60907,115.93627,KALIMANTAN SELATAN
Sungai Pasir,village,-3.58895,116.04243,KALIMANTAN SELATAN
Gemuruh,village,-3.96228,116.06615,KALIMANTAN SELATAN
Talusi,village,-2.68694,116.33904,KALIMANTAN SELATAN
Tempakan,village,-2.26108,116.12324,KALIMANTAN TIMUR
Sebuli,village,-2.91459,116.28214,KALIMANTAN SELATAN
Bumi Asih,village,-3.11789,116.18483,KALIMANTAN SELATAN
Kayungo,village,-1.57073,116.22393,KALIMANTAN TIMUR
Tungkaran Pangeran,village,-3.4152,116.01121,KALIMANTAN SELATAN
Teluk Mesjid,village,-3.37683,116.2375,KALIMANTAN SELATAN
Mudalang,village,-3.59853,115.92939,KALIMANTAN SELATAN
Rantau Buda,village,-2.51578,116.10147,KALIMANTAN SELATAN
Muara Pasir,village,-1.87469,116.39911,KALIMANTAN TIMUR
Mekar Sari,village,-3.32139,115.93051,KALIMANTAN SELATAN
Betung,village,-3.44544,116.21192,KALIMANTAN SELATAN
Sekayu Baru,village,-2.31701,116.1874,KALIMANTAN TIMUR
Sangkuriman,village,-1.9384,116.17662,KALIMANTAN TIMUR
Teluk Sirih,village,-3.92261,116.25744,KALIMANTAN SELATAN
Gunung Batu Besar,village,-2.62258,116.29426,KALIMANTAN SELATAN
Rantau Buta,village,-1.74133,115.9615,KALIMANTAN TIMUR
Tanah Rata,village,-2.95019,116.26297,KALIMANTAN SELATAN
Lalapin,village,-3.006,115.90848,KALIMANTAN SELATAN
Kotabaru Tengah,village,-3.23762,116.22671,KALIMANTAN SELATAN
Sandeley,village,-1.67682,116.14566,KALIMANTAN TIMUR
Kampung Baru,village,-3.60849,115.95031,KALIMANTAN SELATAN
Lintang Jaya,village,-2.36055,116.34732,KALIMANTAN SELATAN
Kerang Dayo,village,-2.3034,116.03788,KALIMANTAN TIMUR
Batang Kulur,village,-2.82114,116.07034,KALIMANTAN SELATAN
Long Gelang,village,-1.51623,116.1463,KALIMANTAN TIMUR
Kampung Baru,village,-3.42241,115.99875,KALIMANTAN SELATAN
Gunung Sari,village,-3.31217,116.17766,KALIMANTAN SELATAN
Sarakaman,village,-3.4835,116.36346,KALIMANTAN SELATAN
Laburan Baru,village,-1.9703,116.3104,KALIMANTAN TIMUR
Tanjung Lalak Utara,village,-3.98242,116.19661,KALIMANTAN SELATAN
Manunggul Baru,village,-2.55292,116.20665,KALIMANTAN SELATAN
Pelajau Baru,village,-3.11973,115.98964,KALIMANTAN SELATAN
Siayuh,village,-2.71132,116.07245,KALIMANTAN SELATAN
Kotabaru Hulu,village,-3.24232,116.22428,KALIMANTAN SELATAN
Gunung Mulia,village,-1.53059,116.41069,KALIMANTAN TIMUR
Kerta Bumi,village,-1.74333,116.07523,KALIMANTAN TIMUR
Pondok Labu,village,-2.44638,116.50026,KALIMANTAN SELATAN
Biu,village,-1.98681,115.93133,KALIMANTAN TIMUR
Sekandis,village,-2.73586,116.35828,KALIMANTAN SELATAN
Sungai Nipah,village,-3.0933,116.13658,KALIMANTAN SELATAN
Sebakung,village,-1.55787,116.33865,KALIMANTAN TIMUR
Karang Sari Indah,village,-3.43332,116.24574,KALIMANTAN SELATAN
Krayan Sentosa,village,-1.5989,116.26534,KALIMANTAN TIMUR
Rantau Panjang Hulu,village,-3.57123,115.94593,KALIMANTAN SELATAN
Balambus,village,-3.49606,116.34754,KALIMANTAN SELATAN
Gosong Panjang,village,-4.02058,116.04684,KALIMANTAN SELATAN
Basuang,village,-2.64038,116.33141,KALIMANTAN SELATAN
Langgai,village,-2.15274,116.21832,KALIMANTAN TIMUR
Pantai Baru,village,-3.08989,116.15547,KALIMANTAN SELATAN
Pudi Seberang,village,-2.85299,116.3555,KALIMANTAN SELATAN
Sungai Taib,village,-3.26829,116.19246,KALIMANTAN SELATAN
Sebakung Jaya,village,-1.54013,116.46176,KALIMANTAN TIMUR
Rampa Cengal,village,-2.48658,116.40375,KALIMANTAN SELATAN
Janju,village,-1.84903,116.14693,KALIMANTAN TIMUR
Sungai Bulan,village,-3.9066,116.27188,KALIMANTAN SELATAN
Pamukan Indah,village,-2.3882,116.25645,KALIMANTAN SELATAN
Laburan,village,-1.99704,116.33723,KALIMANTAN TIMUR
Sulangkit,village,-2.8089,116.33777,KALIMANTAN SELATAN
Batu Kajang,village,-1.82247,115.91409,KALIMANTAN TIMUR
Sungai Panggawa,village,-2.99459,116.26296,KALIMANTAN SELATAN
Tanah Grogot,town,-1.91389,116.19803,KALIMANTAN TIMUR
Maruat,village,-1.57914,116.50206,KALIMANTAN TIMUR
Senaken,village,-1.89616,116.21739,KALIMANTAN TIMUR
Tapis,village,-1.87683,116.19598,KALIMANTAN TIMUR
Baroqah,village,-3.41222,115.98086,KALIMANTAN SELATAN
Batu Ampar,village,-3.2396,115.99229,KALIMANTAN SELATAN
Bersujud,village,-3.41502,115.99291,KALIMANTAN SELATAN
Gunungantasari,village,-3.40956,116.00479,KALIMANTAN SELATAN
Gunungbesar,village,-3.368,116.00787,KALIMANTAN SELATAN
Sejahtera,village,-3.42617,116.00646,KALIMANTAN SELATAN
Polewali Marajae,village,-3.5026,115.9762,KALIMANTAN SELATAN
Batulicin,city,-3.44891,116.00224,KALIMANTAN SELATAN
Kotabaru,city,-3.24115,116.22578,KALIMANTAN SELATAN
Muara Andeh,village,-2.26388,115.90249,KALIMANTAN TIMUR
Keluang Paser Jaya,village,-1.8816,116.1166,KALIMANTAN TIMUR
Atang Pait,village,-1.60335,116.18742,KALIMANTAN TIMUR
Putang,village,-1.53673,116.28627,KALIMANTAN TIMUR
Tajer Mulya,village,-1.55089,116.24595,KALIMANTAN TIMUR
Petiku,village,-1.61572,116.45892,KALIMANTAN TIMUR
Gunung Makmur,village,-1.53031,116.39226,KALIMANTAN TIMUR
Gunung Putar,village,-1.5077,116.34882,KALIMANTAN TIMUR
Suatang Keteban,village,-1.95647,116.19432,KALIMANTAN TIMUR
Kendarom,village,-1.7763,116.09815,KALIMANTAN TIMUR
Padang Jaya,village,-1.79417,116.05784,KALIMANTAN TIMUR
Klempang Sari,village,-1.83514,116.095,KALIMANTAN TIMUR
Saring Sungai Bubu,village,-3.55034,115.92544,KALIMANTAN SELATAN
Madu Retno,village,-3.29439,115.90182,KALIMANTAN SELATAN
Sukamaju,village,-3.41227,115.95735,KALIMANTAN SELATAN
Brewe,village,-1.56342,116.12275,KALIMANTAN TIMUR
Sunge Batu,village,-1.93979,116.43879,KALIMANTAN TIMUR
Sungai Langir,village,-2.03387,116.45546,KALIMANTAN TIMUR
Perepat,village,-1.99069,116.4519,KALIMANTAN TIMUR
Olong Pinang,village,-1.93589,116.12399,KALIMANTAN TIMUR
Adang Jaya,village,-1.63923,116.33466,KALIMANTAN TIMUR
Random,village,-2.35507,116.52443,KALIMANTAN TIMUR
Bai Jaya,village,-2.09498,116.24223,KALIMANTAN TIMUR
Pengguren Jaya,village,-2.33349,116.33923,KALIMANTAN TIMUR
Geronggang,village,-2.85825,116.20557,KALIMANTAN SELATAN
Rangan Timur,hamlet,-1.79458,116.12157,KALIMANTAN TIMUR
Pekasau,hamlet,-1.76393,116.13033,KALIMANTAN TIMUR
Tebru Paser Damai,village,-2.15817,116.10759,KALIMANTAN TIMUR
Pulau Rantau,village,-1.89561,116.2629,KALIMANTAN TIMUR
Sahapi,village,-3.22206,115.96032,KALIMANTAN SELATAN
Maju Bersama,village,-3.42758,115.95629,KALIMANTAN SELATAN
Oka-Oka,village,-3.95471,116.20402,KALIMANTAN SELATAN
Tanjung Seloka Utara,village,-3.89335,116.30272,KALIMANTAN SELATAN
Trans Siayuh,hamlet,-2.75933,116.12332,KALIMANTAN SELATAN
Mantau,hamlet,-2.99318,115.96228,KALIMANTAN SELATAN
Bu'un,hamlet,-1.85588,115.93162,KALIMANTAN TIMUR
Saing Prupuk,village,-2.05216,116.12076,KALIMANTAN TIMUR
UPT Trans Sisipan,hamlet,-1.50891,116.37741,KALIMANTAN TIMUR
Tambong,hamlet,-1.51969,116.44426,KALIMANTAN TIMUR
Gunung Intan,village,-1.51159,116.42195,KALIMANTAN TIMUR
Kupang Berkah Jaya,village,-3.3964,115.97574,KALIMANTAN SELATAN
Hidayah Makmur,village,-3.40315,115.98466,KALIMANTAN SELATAN
Plajau Mulia,village,-3.41942,115.98859,KALIMANTAN SELATAN
Persiapan Nunggal Jaya,village,-3.32795,115.92286,KALIMANTAN SELATAN
Karang Nunggal,village,-3.34953,115.9368,KALIMANTAN SELATAN
Persiapan Anugerah Bersujud,village,-3.3414,115.90458,KALIMANTAN SELATAN
Persiapan Gunung Kanuar,village,-3.38445,116.01273,KALIMANTAN SELATAN
Persiapan Bintang Makmur,village,-3.39158,115.91809,KALIMANTAN SELATAN
Segumbang,village,-3.51171,115.97696,KALIMANTAN SELATAN
Persiapan Tanamerah Indah,village,-3.47655,115.998,KALIMANTAN SELATAN
Banian,hamlet,-2.51662,115.95791,KALIMANTAN SELATAN
Temputuk,hamlet,-2.39896,115.97435,KALIMANTAN SELATAN
Perigi,hamlet,-1.63181,116.15156,KALIMANTAN TIMUR
Lombok,hamlet,-1.6293,116.15388,KALIMANTAN TIMUR
Serogok,hamlet,-2.41374,116.22645,KALIMANTAN SELATAN
Sembuting,hamlet,-1.81876,115.90228,KALIMANTAN TIMUR
Tokare,hamlet,-1.81887,115.91443,KALIMANTAN TIMUR
Mariga,hamlet,-1.82578,115.91877,KALIMANTAN TIMUR
Pontianak,city,-0.02269,109.34475,KALIMANTAN BARAT
Sekadau,city,0.02191,110.88834,KALIMANTAN BARAT
Sintang,city,0.0636,111.48662,KALIMANTAN BARAT
Kapuas,city,0.12306,110.59578,KALIMANTAN BARAT
Mempawah Hilir,city,0.36239,108.95662,KALIMANTAN BARAT
Bengkayang,city,0.81935,109.48358,KALIMANTAN BARAT
Sambas,city,1.36176,109.30712,KALIMANTAN BARAT
Swadaya,village,0.70634,111.45039,KALIMANTAN BARAT
Sarang Burung Kuala,village,1.3913,109.07476,KALIMANTAN BARAT
Benuang,village,0.39196,109.28448,KALIMANTAN BARAT
Nanga Ansar,village,0.27659,111.19361,KALIMANTAN BARAT
Pasir Putih,village,-0.25568,109.21462,KALIMANTAN BARAT
Landau Apin,village,-0.49908,110.70351,KALIMANTAN BARAT
Lamolda,village,0.98052,109.54243,KALIMANTAN BARAT
Kemboja,village,-1.0294,109.72305,KALIMANTAN BARAT
Mandor Kiru,village,0.34967,110.10593,KALIMANTAN BARAT
Sebangun,village,1.29086,109.18742,KALIMANTAN BARAT
Pancaroba,village,-0.01162,109.69182,KALIMANTAN BARAT
Laman Bukit,village,-0.21362,111.56962,KALIMANTAN BARAT
Sungai Nibung,village,-0.4799,109.13381,KALIMANTAN BARAT
Panggi Agung,village,0.58193,111.30041,KALIMANTAN BARAT
Tumiang,village,0.757,109.28751,KALIMANTAN BARAT
Tanjung Lalau,village,-0.21482,112.17412,KALIMANTAN BARAT
Pasak Piang,village,-0.2093,109.54535,KALIMANTAN BARAT
Riyai,village,0.39258,110.22132,KALIMANTAN BARAT
Daratsekip,village,-0.02969,109.33508,KALIMANTAN BARAT
Tanjung Sekayam,village,0.12594,110.6111,KALIMANTAN BARAT
Nanga Ella Hilir,village,-0.39737,112.00087,KALIMANTAN BARAT
Sumsum,village,0.31857,109.46544,KALIMANTAN BARAT
Mensiap Baru,village,0.14878,111.3463,KALIMANTAN BARAT
Sungai Mawang,village,0.13998,110.77667,KALIMANTAN BARAT
Nibung,village,0.64709,112.18067,KALIMANTAN BARAT
Lalang,village,-0.24521,110.31292,KALIMANTAN BARAT
Sebangki,village,0.11644,109.61044,KALIMANTAN BARAT
Dungun Perapakan,village,1.18596,109.16361,KALIMANTAN BARAT
Selange,village,0.72543,109.75986,KALIMANTAN BARAT
Bangun Sari,village,0.76251,109.51264,KALIMANTAN BARAT
Semajau Mekar,village,0.36688,111.30575,KALIMANTAN BARAT
Kampet,village,0.66907,109.51862,KALIMANTAN BARAT
Sekulat,village,0.78637,112.14888,KALIMANTAN BARAT
Bereng Berkawat,village,0.66778,110.36517,KALIMANTAN BARAT
Manggala,village,-0.4534,111.79729,KALIMANTAN BARAT
Tunang,village,0.6719,109.38873,KALIMANTAN BARAT
Senangak,village,-0.27333,110.77377,KALIMANTAN BARAT
Telaga Arum,village,-0.8927,109.85994,KALIMANTAN BARAT
Penyaho Dangku,village,0.46811,109.79302,KALIMANTAN BARAT
Sengawang,village,1.32118,109.17354,KALIMANTAN BARAT
Rantau Panjang,village,-1.13543,109.95341,KALIMANTAN BARAT
Tengah,village,0.34849,108.96305,KALIMANTAN BARAT
Merapi,village,0.03331,110.98924,KALIMANTAN BARAT
Teluk Gelam,village,-0.36257,109.17581,KALIMANTAN BARAT
Karimunting,village,0.75939,108.8858,KALIMANTAN BARAT
Nanga Dedai,village,-0.06166,111.65205,KALIMANTAN BARAT
Tanjung Bunut,village,-0.05081,110.21381,KALIMANTAN BARAT
Tanap,village,0.51081,110.36615,KALIMANTAN BARAT
Bagak Sahwa,village,0.87269,109.08508,KALIMANTAN BARAT
Tanjung Baik Budi,village,-1.48496,110.06858,KALIMANTAN BARAT
Bintang Mas,village,-0.26859,109.28799,KALIMANTAN BARAT
Tanjung Paoh,village,-0.36124,111.80335,KALIMANTAN BARAT
Teluk Nibung,village,-0.80137,109.49196,KALIMANTAN BARAT
Tumbang Setawai,village,-0.95889,112.0718,KALIMANTAN TENGAH
Jahandung,village,0.7226,109.11732,KALIMANTAN BARAT
Rasau Jaya Umum,village,-0.23954,109.37894,KALIMANTAN BARAT
Hibun,village,0.23468,110.45155,KALIMANTAN BARAT
Laja Sandang,village,0.88634,111.7091,KALIMANTAN BARAT
Sejotang,village,-0.00056,110.05143,KALIMANTAN BARAT
Bora,village,-0.62771,111.76613,KALIMANTAN BARAT
Ngarak,village,0.32305,109.24735,KALIMANTAN BARAT
Tauk,village,0.04595,111.68273,KALIMANTAN BARAT
Sejiram,village,1.2228,109.16956,KALIMANTAN BARAT
Penjernang,village,-0.33182,111.41935,KALIMANTAN BARAT
Sungai Asam,village,-0.27858,109.56172,KALIMANTAN BARAT
Sebente,village,0.77059,109.5299,KALIMANTAN BARAT
Sepang,village,0.42993,109.26853,KALIMANTAN BARAT
Jesape,village,1.05811,109.6356,KALIMANTAN BARAT
Mensade,village,1.12852,109.53295,KALIMANTAN BARAT
Kantuk Bunut,village,0.93926,111.66536,KALIMANTAN BARAT
Semongan,village,0.71968,110.67554,KALIMANTAN BARAT
Madong Jaya,village,-0.86935,111.52661,KALIMANTAN BARAT
Salumang,village,0.71797,109.24403,KALIMANTAN BARAT
Rawak Hilir,village,-0.13019,110.87891,KALIMANTAN BARAT
Sungkung Ii,village,1.08029,110.0626,KALIMANTAN BARAT
Semandang Hulu,village,-0.58943,110.47366,KALIMANTAN BARAT
Ta'as,village,0.53466,109.61257,KALIMANTAN BARAT
Wana Bakti,village,0.83266,111.48629,KALIMANTAN BARAT
Sumber Harapan,village,1.38424,109.35904,KALIMANTAN BARAT
Sungai Rasau,village,0.30379,109.08587,KALIMANTAN BARAT
Setuntung,village,0.22878,111.20986,KALIMANTAN BARAT
Sungai Bulan,village,-0.29992,109.54372,KALIMANTAN BARAT
Belimbing,village,0.97652,109.51495,KALIMANTAN BARAT
Gema,village,-0.8357,110.39919,KALIMANTAN BARAT
Hilir Tengah,village,0.38079,109.97308,KALIMANTAN BARAT
Nyarumkop,village,0.8916,109.06701,KALIMANTAN BARAT
Lumbang,village,1.33962,109.29709,KALIMANTAN BARAT
Sungai Burung,village,0.15739,109.15985,KALIMANTAN BARAT
Mengkalang Jambu,village,-0.53864,109.26994,KALIMANTAN BARAT
Tumbang Manjul,village,-1.29789,111.92676,KALIMANTAN TENGAH
Sungai Mali,village,0.56575,111.64612,KALIMANTAN BARAT
Mungguk Bantok,village,-0.00885,111.58377,KALIMANTAN BARAT
Sungai Kakap,village,-0.06032,109.17654,KALIMANTAN BARAT
Selampung,village,0.2958,110.74601,KALIMANTAN BARAT
Benuamelayu Laut,village,-0.03855,109.34926,KALIMANTAN BARAT
Bulu Bala,village,0.1226,110.16811,KALIMANTAN BARAT
Perembang,village,-0.13966,111.48355,KALIMANTAN BARAT
Nanga Keberak,village,-0.38935,111.51439,KALIMANTAN BARAT
Sekilap,village,0.30021,109.48486,KALIMANTAN BARAT
Tempunak Kapuas,village,0.04848,111.37056,KALIMANTAN BARAT
Sempalai,village,1.25009,109.17051,KALIMANTAN BARAT
Benua Baru,village,-0.16835,111.33567,KALIMANTAN BARAT
Seranggam,village,1.07153,109.05764,KALIMANTAN BARAT
Balai Ingin,village,0.1553,110.23479,KALIMANTAN BARAT
Baru,village,0.34319,111.79754,KALIMANTAN BARAT
Maribas,village,1.14125,109.27905,KALIMANTAN BARAT
Kampar Sebomban,village,-0.63655,110.04428,KALIMANTAN BARAT
Sejowet,village,0.71361,109.82784,KALIMANTAN BARAT
Kenerak,village,0.50752,111.96065,KALIMANTAN BARAT
Suka Maju,village,0.81172,109.38467,KALIMANTAN BARAT
Jamuat,village,-1.47306,111.14849,KALIMANTAN BARAT
Ansiap,village,0.57973,109.23497,KALIMANTAN BARAT
Gamang,village,0.63563,109.48974,KALIMANTAN BARAT
Madang Permai,village,0.61969,112.00476,KALIMANTAN BARAT
Idas,village,0.5986,110.53481,KALIMANTAN BARAT
Tolok,village,0.62124,109.7647,KALIMANTAN BARAT
Meragun,village,-0.28472,110.88286,KALIMANTAN BARAT
Baung Sengatap,village,0.34588,111.46447,KALIMANTAN BARAT
Lamoanak,village,0.43137,109.364,KALIMANTAN BARAT
Dalam Kaum,village,1.36195,109.31741,KALIMANTAN BARAT
Muara Jekak,village,-1.20548,110.55489,KALIMANTAN BARAT
Sengkubang,village,0.43615,108.9453,KALIMANTAN BARAT
Peniti,village,-0.0042,110.79095,KALIMANTAN BARAT
Pinang Dalam,village,-0.36592,109.41049,KALIMANTAN BARAT
Sepandan,village,0.93264,112.12204,KALIMANTAN BARAT
Bumi Emas,village,0.81478,109.47881,KALIMANTAN BARAT
Riam Bunut,village,-0.96342,110.47618,KALIMANTAN BARAT
Sansat,village,-0.1291,109.96155,KALIMANTAN BARAT
Tunggul Boyok,village,0.42443,110.62106,KALIMANTAN BARAT
Sanggau Kulor,village,0.86175,109.00548,KALIMANTAN BARAT
Peniraman,village,0.23285,109.11453,KALIMANTAN BARAT
Nanga Ella Hulu,village,-0.37443,112.16423,KALIMANTAN BARAT
Kubu Padi,village,0.12202,109.42879,KALIMANTAN BARAT
Tumbang Sepan,village,-0.95736,112.06951,KALIMANTAN TENGAH
Sungai Buaya,village,0.08933,112.05486,KALIMANTAN BARAT
Rantau,village,0.81194,109.07525,KALIMANTAN BARAT
Merarai Satu,village,-0.11627,111.45514,KALIMANTAN BARAT
Mukti Jaya,village,-0.17072,110.31943,KALIMANTAN BARAT
Mengkiang,village,0.24337,110.63315,KALIMANTAN BARAT
Dalam,village,0.61293,112.12906,KALIMANTAN BARAT
Beringin,village,0.12214,110.5937,KALIMANTAN BARAT
Harapan Jaya,village,-0.68099,111.39709,KALIMANTAN BARAT
Baning Kota,village,0.06304,111.49515,KALIMANTAN BARAT
Sekubang,village,-0.2603,111.12758,KALIMANTAN BARAT
Senyabang,village,0.18153,110.16886,KALIMANTAN BARAT
Tengon,village,0.97714,110.02717,KALIMANTAN BARAT
Sebetung Menyala,village,0.82461,109.52816,KALIMANTAN BARAT
Nanga Biang,village,-0.0146,110.66907,KALIMANTAN BARAT
Lesabela,village,1.03177,109.60474,KALIMANTAN BARAT
Nanga Lungu,village,0.18718,112.18465,KALIMANTAN BARAT
Bentunai,village,1.08168,109.02969,KALIMANTAN BARAT
Nanga Sokan,village,-0.90278,111.49976,KALIMANTAN BARAT
Parigi,village,0.67568,109.24161,KALIMANTAN BARAT
Tapang Perodah,village,-0.15909,111.03381,KALIMANTAN BARAT
Tangguh,village,1.21583,109.90588,KALIMANTAN BARAT
Temawang Muntai,village,-0.08407,111.2181,KALIMANTAN BARAT
Antan Rayan,village,0.49734,109.76717,KALIMANTAN BARAT
Sumber Sari,village,0.67836,111.33564,KALIMANTAN BARAT
Jagur,village,1.36672,109.30415,KALIMANTAN BARAT
Sungai Mawang,village,0.9604,111.76282,KALIMANTAN BARAT
Sotok,village,0.75688,110.46143,KALIMANTAN BARAT
Merbang,village,0.21333,110.98145,KALIMANTAN BARAT
Sungai Radak Dua,village,-0.37561,109.65144,KALIMANTAN BARAT
Seles,village,0.94525,109.62629,KALIMANTAN BARAT
Sepotong,village,-0.85299,110.50107,KALIMANTAN BARAT
Sekais,village,0.49101,110.1211,KALIMANTAN BARAT
Jawa,village,0.92523,108.97887,KALIMANTAN BARAT
Suah Api,village,1.28849,109.04387,KALIMANTAN BARAT
Kuala Tolak,village,-1.45024,110.07623,KALIMANTAN BARAT
Sambora,village,0.3465,109.28125,KALIMANTAN BARAT
Semabi,village,0.10035,110.87594,KALIMANTAN BARAT
Sumber Agung,village,-0.80872,109.8008,KALIMANTAN BARAT
Mongoh Juoi,village,-1.19326,112.08319,KALIMANTAN TENGAH
Kenuak,village,0.37564,111.61723,KALIMANTAN BARAT
Sebandut,village,0.63369,109.01007,KALIMANTAN BARAT
Kuala Buayan,village,-0.10028,110.37252,KALIMANTAN BARAT
Tanggung,village,0.51184,110.76268,KALIMANTAN BARAT
Saigon,suburb,-0.04083,109.36892,KALIMANTAN BARAT
Sungai Ambawang Kuala,village,-0.03669,109.41057,KALIMANTAN BARAT
Pemuar,village,-0.30377,111.64416,KALIMANTAN BARAT
Aur Sampuk,village,0.3366,109.58122,KALIMANTAN BARAT
Kapuas Kanan Hilir,village,0.07984,111.48271,KALIMANTAN BARAT
Bekut,village,1.24248,109.16056,KALIMANTAN BARAT
Punggur Kecil,village,-0.12415,109.24177,KALIMANTAN BARAT
Sosok,village,0.29155,110.23546,KALIMANTAN BARAT
Mawan,village,0.68962,112.19515,KALIMANTAN BARAT
Melugai,village,0.02088,110.12637,KALIMANTAN BARAT
Repak Sari,village,-0.10738,111.36926,KALIMANTAN BARAT
Senempak,village,-0.49958,111.76126,KALIMANTAN BARAT
Manggang,village,0.27197,109.48935,KALIMANTAN BARAT
Bongkong,village,0.26872,111.91477,KALIMANTAN BARAT
Matang Labong,village,1.15293,109.12247,KALIMANTAN BARAT
Nyayum,village,0.58379,110.10835,KALIMANTAN BARAT
Jongkong Hulu,village,0.49842,112.13605,KALIMANTAN BARAT
Pentek,village,0.51627,109.15477,KALIMANTAN BARAT
Sahan,village,1.12774,109.77601,KALIMANTAN BARAT
Pala Kota,village,0.36046,111.92845,KALIMANTAN BARAT
Engkahan,village,0.87052,110.40496,KALIMANTAN BARAT
Durian Jaya,village,-0.76026,111.45981,KALIMANTAN BARAT
Sala'as,village,0.62739,109.39686,KALIMANTAN BARAT
Petarikan,village,-1.49723,111.41101,KALIMANTAN TENGAH
Nanga Mahap,village,-0.42224,110.75895,KALIMANTAN BARAT
Nanga Merkak,village,0.52341,111.54901,KALIMANTAN BARAT
Beringin,village,1.38865,109.44442,KALIMANTAN BARAT
Pak Laheng,village,0.41669,109.22378,KALIMANTAN BARAT
Balai Sepuak,village,0.44136,111.20746,KALIMANTAN BARAT
Madura,village,-0.2623,109.23205,KALIMANTAN BARAT
Tirta Kencana,village,0.79608,109.45958,KALIMANTAN BARAT
Teluk Melano,village,-1.1011,109.96092,KALIMANTAN BARAT
Papung,village,0.38024,110.12292,KALIMANTAN BARAT
Semelagi Kecil,village,0.98448,109.02373,KALIMANTAN BARAT
Jawai Laut,village,1.26998,108.99311,KALIMANTAN BARAT
Peniti Dalam I,village,0.15576,109.19743,KALIMANTAN BARAT
Paritmayor,village,-0.05387,109.37701,KALIMANTAN BARAT
Seruat Tiga,village,-0.41012,109.1928,KALIMANTAN BARAT
Tumbang Setoli,village,-1.27788,111.67897,KALIMANTAN TENGAH
Merpak,village,0.08241,111.66774,KALIMANTAN BARAT
Monterado,village,0.75599,109.13746,KALIMANTAN BARAT
Lebak Ubah,village,-0.24715,111.44064,KALIMANTAN BARAT
Puguk,village,-0.09778,109.51024,KALIMANTAN BARAT
Dusun Kedian,village,0.37769,110.25275,KALIMANTAN BARAT
Mariana,village,-0.02068,109.32828,KALIMANTAN BARAT
Ilir Kota,village,0.12363,110.60337,KALIMANTAN BARAT
Kajang Baru,village,-0.0906,111.47872,KALIMANTAN BARAT
Senakin,village,0.37108,109.56987,KALIMANTAN BARAT
Nanga Jetak,village,-0.00629,111.64351,KALIMANTAN BARAT
Segarau Parit,village,1.25038,109.09595,KALIMANTAN BARAT
Bernayau,village,-0.34538,111.15714,KALIMANTAN BARAT
Sungai Mawang,village,0.14094,110.52896,KALIMANTAN BARAT
Mensusai,village,0.53415,112.10892,KALIMANTAN BARAT
Tanjung,village,0.74234,109.58438,KALIMANTAN BARAT
Enggadai,village,-0.27243,110.26942,KALIMANTAN BARAT
Demit,village,-1.17821,110.65893,KALIMANTAN BARAT
Sungai Segak,village,0.20007,109.55387,KALIMANTAN BARAT
Tenguwe,village,0.78941,109.92659,KALIMANTAN BARAT
Cupang Gading,village,-0.2246,110.92194,KALIMANTAN BARAT
Gernis Jaya,village,-0.001,111.25154,KALIMANTAN BARAT
Sungai Laki,village,0.5484,109.43444,KALIMANTAN BARAT
Thang Raya,village,0.7375,110.35375,KALIMANTAN BARAT
Tempoak,village,0.55087,109.25937,KALIMANTAN BARAT
Wonorejo,village,-0.88515,109.82202,KALIMANTAN BARAT
Ongkol Padang,village,0.51839,109.57131,KALIMANTAN BARAT
Bakau,village,1.34812,109.06089,KALIMANTAN BARAT
Sungai Bakau Besar Laut,village,0.29574,109.03717,KALIMANTAN BARAT
Landau Kodah,village,0.11854,110.91945,KALIMANTAN BARAT
Teluk Bayur,village,-0.37512,109.54892,KALIMANTAN BARAT
Cipta Karya,village,0.82978,109.43425,KALIMANTAN BARAT
Pelaik,village,0.02528,111.92941,KALIMANTAN BARAT
Lalang,village,-0.03845,109.97693,KALIMANTAN BARAT
Sejuah,village,0.5969,110.45104,KALIMANTAN BARAT
Simpang Kanan,village,-0.07267,109.50455,KALIMANTAN BARAT
Beloyang,village,-0.32162,111.51217,KALIMANTAN BARAT
Tasik Malaya,village,-0.75391,109.25187,KALIMANTAN BARAT
Tumbang Kalang,village,-1.19594,111.96083,KALIMANTAN TENGAH
Betung Sari,hamlet,0.16057,111.55927,KALIMANTAN BARAT
SP2 Capkala,hamlet,0.64842,109.09597,KALIMANTAN BARAT
Dosan,village,0.27791,110.50319,KALIMANTAN BARAT
Emberas,village,0.05399,110.25632,KALIMANTAN BARAT
Nanga Pintas,village,-0.61754,111.77386,KALIMANTAN BARAT
Kayu Tanam,village,0.31323,109.27338,KALIMANTAN BARAT
Bukit Mulya,village,1.23896,109.5123,KALIMANTAN BARAT
Kuala Mandor A,village,0.00871,109.60066,KALIMANTAN BARAT
Kenepai Komplek,village,0.66677,111.75566,KALIMANTAN BARAT
Ampar Benteng,village,0.76273,109.5659,KALIMANTAN BARAT
Sungai Duri II,village,0.53185,108.9178,KALIMANTAN BARAT
Dawar,hamlet,1.04314,109.80487,KALIMANTAN BARAT
Tebuah Elok,village,1.07119,109.4956,KALIMANTAN BARAT
Malenggang,village,0.79039,110.72663,KALIMANTAN BARAT
Bina Karya,village,-0.78648,111.58,KALIMANTAN BARAT
Nangka,village,0.52124,109.29525,KALIMANTAN BARAT
Tinting Boyok,village,-0.08017,110.78755,KALIMANTAN BARAT
Semandang Kiri,village,-0.62652,110.43815,KALIMANTAN BARAT
Mamek,village,0.57171,109.64732,KALIMANTAN BARAT
Sungai Seria,village,0.79435,110.79923,KALIMANTAN BARAT
Sebayan,village,1.37991,109.31336,KALIMANTAN BARAT
Pangkalan Buton,village,-1.24727,109.96238,KALIMANTAN BARAT
Pasir,village,0.40457,108.94732,KALIMANTAN BARAT
Semadu,village,0.35895,111.00737,KALIMANTAN BARAT
Radak Baru,village,-0.42546,109.62639,KALIMANTAN BARAT
Tembaga,village,-0.50151,110.67868,KALIMANTAN BARAT
Dayung,village,1.00704,109.64739,KALIMANTAN BARAT
Penjalaan,village,-1.12863,109.99385,KALIMANTAN BARAT
Hilir Kantor,village,0.38153,109.96164,KALIMANTAN BARAT
Sungai Rasau,village,0.96368,109.02303,KALIMANTAN BARAT
Pendawan,village,1.35851,109.30752,KALIMANTAN BARAT
Engkurai,village,-0.29822,111.98634,KALIMANTAN BARAT
Kubu,village,-0.48802,109.37938,KALIMANTAN BARAT
Tanjung Tukal,village,-1.30517,111.76356,KALIMANTAN TENGAH
Begelang Jaya,village,0.64433,111.28056,KALIMANTAN BARAT
Sungai Raya,village,0.71052,108.88928,KALIMANTAN BARAT
Mangkurat Baru,village,-0.10393,111.2732,KALIMANTAN BARAT
Tanjung Saleh,village,-0.12992,109.14172,KALIMANTAN BARAT
Sanjan Emberas,hamlet,0.38315,110.35508,KALIMANTAN BARAT
Sungai Jaman,village,0.03487,110.31233,KALIMANTAN BARAT
Nusa Kenyikap,village,-0.41537,111.65684,KALIMANTAN BARAT
Selutung,village,0.36879,109.39035,KALIMANTAN BARAT
Riam Panjang,village,0.03464,112.18029,KALIMANTAN BARAT
Sepuk Tanjung,village,1.26775,109.19554,KALIMANTAN BARAT
Sinar Pekayau,village,-0.35631,111.13485,KALIMANTAN BARAT
Sungai Nyirih,village,1.05145,108.97363,KALIMANTAN BARAT
Marita,village,0.14746,110.33373,KALIMANTAN BARAT
Keling Panggau,village,0.80315,111.78345,KALIMANTAN BARAT
Penyalimau,village,-0.10132,110.43949,KALIMANTAN BARAT
Harapan Baru,village,-0.75938,110.5138,KALIMANTAN BARAT
Kalon,village,1.28285,109.68678,KALIMANTAN BARAT
Perigi,village,0.34579,111.78388,KALIMANTAN BARAT
Sungai Kelambu,village,1.18182,109.12829,KALIMANTAN BARAT
Semuntik,village,0.63871,110.15093,KALIMANTAN BARAT
Kerengas,village,0.51515,112.09127,KALIMANTAN BARAT
Suti Semarang,village,0.85861,109.74691,KALIMANTAN BARAT
Bedayan,village,-0.12705,111.15373,KALIMANTAN BARAT
Kersik Belantian,village,0.51386,110.08112,KALIMANTAN BARAT
Sungai Alai,village,-0.05914,110.46959,KALIMANTAN BARAT
Tunggal Bhakti,village,0.62864,110.36157,KALIMANTAN BARAT
Sungai Tapah,village,0.45542,111.06475,KALIMANTAN BARAT
Raba,village,0.50589,109.3212,KALIMANTAN BARAT
Nanga Engkulun,village,-0.37944,110.69745,KALIMANTAN BARAT
Beginci Darat,village,-1.23104,110.98952,KALIMANTAN BARAT
Lingkonong,village,0.4788,109.43683,KALIMANTAN BARAT
Saing Rambi,village,1.34768,109.28326,KALIMANTAN BARAT
Pemangkat,village,-1.09578,109.88368,KALIMANTAN BARAT
Kuala Secapah,village,0.32777,108.96654,KALIMANTAN BARAT
Tapang Semadak,village,-0.00247,111.10084,KALIMANTAN BARAT
Jangkang Dua,village,-0.43302,109.39325,KALIMANTAN BARAT
Cinta Manis,village,-1.17299,110.75606,KALIMANTAN BARAT
Cupang,village,-0.18881,110.30814,KALIMANTAN BARAT
Tanjung Merpati,village,0.55612,110.40561,KALIMANTAN BARAT
Pangmilang,village,0.79683,108.99161,KALIMANTAN BARAT
Sepuk Laut,village,-0.21674,109.08152,KALIMANTAN BARAT
Ambarawa,village,-0.83528,109.26564,KALIMANTAN BARAT
Nusa Tujuh,hamlet,-1.03332,111.71127,KALIMANTAN TENGAH
Binjai Hilir,village,0.20364,111.43744,KALIMANTAN BARAT
Goa Boma,village,0.73972,109.06075,KALIMANTAN BARAT
Nyangkom,village,-0.02819,111.89661,KALIMANTAN BARAT
Padi Kaye,village,0.17491,110.075,KALIMANTAN BARAT
Penyuguk,village,-0.7184,112.03644,KALIMANTAN TENGAH
Tonang,village,0.36601,109.53473,KALIMANTAN BARAT
Nanga Tempunak,village,0.04673,111.38179,KALIMANTAN BARAT
Arga Pura,village,1.19415,109.5088,KALIMANTAN BARAT
Bentiang Madomang,village,0.91151,109.91655,KALIMANTAN BARAT
Sumber Karya,village,0.74847,109.62987,KALIMANTAN BARAT
Beginjan,village,-0.00124,110.24904,KALIMANTAN BARAT
Sinar Tebudak,village,1.07745,109.71945,KALIMANTAN BARAT
Nanga Luan,village,0.19496,112.16225,KALIMANTAN BARAT
Selakau Tua,village,1.0622,109.08988,KALIMANTAN BARAT
Kenaman,village,0.81163,110.41522,KALIMANTAN BARAT
Landau Sandak,village,-0.8471,111.66992,KALIMANTAN BARAT
Meranti,village,0.70129,109.74669,KALIMANTAN BARAT
Nanga Pemubuh,village,-0.10658,111.05803,KALIMANTAN BARAT
Tawang,village,1.09047,109.91505,KALIMANTAN BARAT
Nyi'in,village,0.39901,110.09358,KALIMANTAN BARAT
Tanjung Sari,village,0.71878,111.55959,KALIMANTAN BARAT
Kartiasa,village,1.38408,109.27256,KALIMANTAN BARAT
Antibar,village,0.35982,108.96909,KALIMANTAN BARAT
Janangran,hamlet,0.12164,111.17042,KALIMANTAN BARAT
Arus Deras,village,-0.27118,109.24009,KALIMANTAN BARAT
Karang Betung,village,-0.5741,110.8709,KALIMANTAN BARAT
Setia Budi,village,0.86786,109.55654,KALIMANTAN BARAT
Randau,village,-1.05079,110.58547,KALIMANTAN BARAT
Pahauman,village,0.31862,109.66504,KALIMANTAN BARAT
Sungai Wie,village,0.93536,108.97098,KALIMANTAN BARAT
Sari Makmur,village,1.29491,109.11335,KALIMANTAN BARAT
Laman Satong,village,-1.38786,110.16895,KALIMANTAN BARAT
Anjungan Dalam,village,0.34999,109.15589,KALIMANTAN BARAT
Nanga Man,village,-0.31751,111.89876,KALIMANTAN BARAT
Marandang,village,-1.31277,111.84182,KALIMANTAN TENGAH
Nanga Lebang,village,0.21754,111.64377,KALIMANTAN BARAT
Sungai Pangkalan I,village,0.62141,108.93562,KALIMANTAN BARAT
Nanga Toran,village,-0.04638,112.08987,KALIMANTAN BARAT
Bengkarek,village,-0.13424,109.54026,KALIMANTAN BARAT
Bahta,village,0.34257,110.63133,KALIMANTAN BARAT
Poring,village,-0.43111,111.71381,KALIMANTAN BARAT
Kayu Ara,village,0.31907,109.381,KALIMANTAN BARAT
Kapuas Kiri Hilir,village,0.09094,111.47923,KALIMANTAN BARAT
Sarilaba A,village,1.27108,109.03179,KALIMANTAN BARAT
Sungai Raya,village,-0.20254,109.39633,KALIMANTAN BARAT
Sungai Daun,village,1.01526,108.9829,KALIMANTAN BARAT
Temiang Mali,village,0.1281,110.0884,KALIMANTAN BARAT
Semuntai,village,0.06915,110.73282,KALIMANTAN BARAT
Bengkawan,village,1.15597,109.836,KALIMANTAN BARAT
Pangkalan Kongsi,village,1.17029,109.14334,KALIMANTAN BARAT
Temoyok,village,0.67043,110.05068,KALIMANTAN BARAT
Tapen,village,0.90846,109.8228,KALIMANTAN BARAT
Suak Barangan,village,0.65851,109.20107,KALIMANTAN BARAT
Karangan,village,0.55683,109.37678,KALIMANTAN BARAT
Nanga Leboyan,village,0.77087,112.19248,KALIMANTAN BARAT
Entikong,village,0.96471,110.35607,KALIMANTAN BARAT
Tabuk Hulu,village,0.50245,111.23634,KALIMANTAN BARAT
Babatn,village,0.59429,109.30449,KALIMANTAN BARAT
Nanga Koman,village,-0.33379,110.75001,KALIMANTAN BARAT
Kualan Hulu,village,-0.48628,110.56231,KALIMANTAN BARAT
Keranji Mancal,village,0.43099,109.75877,KALIMANTAN BARAT
Dungun Laut,village,1.30682,109.04184,KALIMANTAN BARAT
Harapan Mulia,village,-1.1735,109.93869,KALIMANTAN BARAT
Sungai Dungun,village,0.4707,108.92758,KALIMANTAN BARAT
Gonis Tekam,village,-0.00011,111.01225,KALIMANTAN BARAT
Jangkang I,village,-0.37428,109.44216,KALIMANTAN BARAT
Sungaipaduan,village,-1.01539,109.7998,KALIMANTAN BARAT
Amboyo Utara,village,0.39133,109.85403,KALIMANTAN BARAT
Batulayang,village,0.01726,109.31021,KALIMANTAN BARAT
Pasir Wan Salim,village,0.32277,108.97058,KALIMANTAN BARAT
Siantan Hilir,village,0.00748,109.33733,KALIMANTAN BARAT
Sungai Pukat,village,0.1653,111.83927,KALIMANTAN BARAT
Bana,village,0.79577,109.57846,KALIMANTAN BARAT
Tertung Mau,village,-0.0366,112.01006,KALIMANTAN BARAT
Kuala Rosan,village,-0.22767,110.46708,KALIMANTAN BARAT
Kelompu,village,0.45083,110.36166,KALIMANTAN BARAT
Nanga Kantuk,village,0.8403,111.74466,KALIMANTAN BARAT
Sungai Batu,village,0.03925,110.54236,KALIMANTAN BARAT
Gurung Kempadik,village,-0.07323,111.53546,KALIMANTAN BARAT
Nanga Tikan,village,-0.38046,111.56031,KALIMANTAN BARAT
Angan Tembawang,village,0.24008,110.08179,KALIMANTAN BARAT
Sempurna,village,1.20738,109.56411,KALIMANTAN BARAT
Gurung Mali,village,-0.29741,111.30303,KALIMANTAN BARAT
Pusat Damai,village,0.20726,110.43778,KALIMANTAN BARAT
Jambu Tembawang,village,0.7503,110.07674,KALIMANTAN BARAT
Lulang,village,0.7389,109.52334,KALIMANTAN BARAT
Harapan Makmur,village,-0.19572,110.36416,KALIMANTAN BARAT
Twi Mentibar,village,1.06793,109.00544,KALIMANTAN BARAT
Ansolok,village,0.72604,109.31538,KALIMANTAN BARAT
Rawak Hulu,village,-0.135,110.87487,KALIMANTAN BARAT
Sirang Setambang,village,-0.07437,111.1802,KALIMANTAN BARAT
Sungai Lubang,village,0.59086,109.73098,KALIMANTAN BARAT
Margahayu,village,0.70262,111.32048,KALIMANTAN BARAT
Lorong,village,1.36434,109.2957,KALIMANTAN BARAT
Kasro Mego,village,0.6989,110.3901,KALIMANTAN BARAT
Nanga Libas,village,-1.08899,111.48153,KALIMANTAN BARAT
Kampung Baru,village,-0.40472,109.40477,KALIMANTAN BARAT
Sebalo,village,0.83289,109.48565,KALIMANTAN BARAT
Sungai Sepeti,village,-0.86738,109.88035,KALIMANTAN BARAT
Amang,village,0.52501,109.82036,KALIMANTAN BARAT
Pajintan,village,0.89791,109.03737,KALIMANTAN BARAT
Sentebang,village,1.3187,109.04814,KALIMANTAN BARAT
Pasir Palembang,village,0.34516,108.9742,KALIMANTAN BARAT
Belitang Satu,village,0.13144,111.25079,KALIMANTAN BARAT
Teluk Empening,village,-0.35855,109.59436,KALIMANTAN BARAT
Mojang Baru,village,-1.49983,111.99597,KALIMANTAN TENGAH
Pelimping,village,0.15179,111.79129,KALIMANTAN BARAT
Sungai Duri,village,0.56372,108.9295,KALIMANTAN BARAT
Penyak Lalang,village,-0.07444,111.67591,KALIMANTAN BARAT
Balai Belungai,village,-0.11301,110.11181,KALIMANTAN BARAT
Semirau,village,0.43141,110.91793,KALIMANTAN BARAT
Tengah,village,0.91569,108.9756,KALIMANTAN BARAT
Lingga,village,-0.03357,109.60288,KALIMANTAN BARAT
Belonsat,village,-0.27618,111.50068,KALIMANTAN BARAT
Tumbang Gugup,village,-1.21665,111.80185,KALIMANTAN TENGAH
Semperiuk B,village,1.24251,109.04714,KALIMANTAN BARAT
Betuah,village,-0.26879,109.96171,KALIMANTAN BARAT
Gapura,village,1.35972,109.2319,KALIMANTAN BARAT
Lintang Kapuas,village,0.03378,110.59253,KALIMANTAN BARAT
Nanga Payak,village,-0.12479,112.00052,KALIMANTAN BARAT
Nanga Raya,village,-0.51699,111.49775,KALIMANTAN BARAT
Temiang Sawi,village,0.3218,110.00122,KALIMANTAN BARAT
Madak,village,1.21892,109.38746,KALIMANTAN BARAT
Selat Remis,village,-0.34588,109.14531,KALIMANTAN BARAT
Jagoi,village,1.33323,109.933,KALIMANTAN BARAT
Toho Ilir,village,0.42992,109.21347,KALIMANTAN BARAT
Sango,village,1.16823,109.72554,KALIMANTAN BARAT
Belimbing,village,0.2698,112.02684,KALIMANTAN BARAT
Serunai,village,1.12606,109.0596,KALIMANTAN BARAT
Sungai Tekam,village,0.87202,110.7157,KALIMANTAN BARAT
Nanga Sayan,village,-0.71641,111.66285,KALIMANTAN BARAT
Kuala Behe,village,0.5847,110.00209,KALIMANTAN BARAT
Cenayan,village,-0.38572,110.63817,KALIMANTAN BARAT
Senduruhan,village,-0.99768,110.76829,KALIMANTAN BARAT
Galar,village,0.52037,109.50337,KALIMANTAN BARAT
Gut Jaya Bhakti,village,0.86555,111.38694,KALIMANTAN BARAT
Simpang Tiga,village,-1.3606,110.06993,KALIMANTAN BARAT
Sungai Limau,village,0.48564,108.91487,KALIMANTAN BARAT
Kumpang Bis,village,0.28221,111.09465,KALIMANTAN BARAT
Teluk Pakedai Satu,village,-0.26361,109.12085,KALIMANTAN BARAT
Padu Banjar,village,-1.03069,109.82976,KALIMANTAN BARAT
Tebedak,village,0.36053,109.9941,KALIMANTAN BARAT
Sungai Rambah,village,1.31762,109.27293,KALIMANTAN BARAT
Wajok Hulu,village,0.02674,109.25794,KALIMANTAN BARAT
Batu Buil,village,-0.28916,111.60442,KALIMANTAN BARAT
Batu Ampar,village,-0.74744,109.53912,KALIMANTAN BARAT
Argo Mulyo,village,0.6319,111.42823,KALIMANTAN BARAT
Nanga Tebidah,village,-0.14369,112.08214,KALIMANTAN BARAT
Pampang Dua,village,-0.22657,110.41771,KALIMANTAN BARAT
Sami,village,0.40194,110.56543,KALIMANTAN BARAT
Sungaibeliung,village,-0.00733,109.2984,KALIMANTAN BARAT
Bajau Andai,village,0.78908,111.80535,KALIMANTAN BARAT
Cowet,village,0.09334,110.11973,KALIMANTAN BARAT
Mentunai,village,-0.12806,111.81574,KALIMANTAN BARAT
Nanga Nuak,village,-0.425,112.10532,KALIMANTAN BARAT
Saham,village,0.24637,109.68353,KALIMANTAN BARAT
Tanjung Ria,village,0.06401,111.20812,KALIMANTAN BARAT
Tebing Batu,village,1.30445,109.2258,KALIMANTAN BARAT
Tae,village,0.15381,110.06197,KALIMANTAN BARAT
Sungai Kembayau,village,-0.26555,110.48535,KALIMANTAN BARAT
Penjawaan,village,-1.31554,110.48975,KALIMANTAN BARAT
Rantau Panjang,village,0.06716,109.53456,KALIMANTAN BARAT
Seberu,village,0.30563,111.94402,KALIMANTAN BARAT
Perapakan,village,1.1733,109.02472,KALIMANTAN BARAT
Randau Limat,village,-0.68062,110.65833,KALIMANTAN BARAT
Sepangah,village,0.74683,110.11449,KALIMANTAN BARAT
Nanga Seberuang,village,0.43868,111.8874,KALIMANTAN BARAT
Puteng,village,0.77977,109.51167,KALIMANTAN BARAT
Tawang Sari,village,-0.123,111.22392,KALIMANTAN BARAT
Mentonyek,village,0.5779,109.3861,KALIMANTAN BARAT
Semuntik,village,0.99824,111.92033,KALIMANTAN BARAT
Sungai Ilai,village,0.65888,110.32147,KALIMANTAN BARAT
Landau Garong,village,-0.5067,111.83398,KALIMANTAN BARAT
Bilayuk,village,0.63016,109.31995,KALIMANTAN BARAT
Nanga Biaban,village,-0.26456,110.9536,KALIMANTAN BARAT
Mas Bangun,village,-0.93891,109.74963,KALIMANTAN BARAT
Sompak,village,0.50441,109.47535,KALIMANTAN BARAT
Sungai Sapa',village,1.17613,109.55073,KALIMANTAN BARAT
Kepayang,village,0.34114,109.18615,KALIMANTAN BARAT
Tanjung Bunga,village,-0.39356,109.11651,KALIMANTAN BARAT
Tunas Baru,village,0.82471,109.62691,KALIMANTAN BARAT
Meliau Hulu,village,-0.12737,110.29103,KALIMANTAN BARAT
Sebuduh,village,0.49186,110.35765,KALIMANTAN BARAT
Sedau,village,0.84718,108.92791,KALIMANTAN BARAT
Korek,village,-0.03267,109.55019,KALIMANTAN BARAT
Beringin Baru,village,0.8152,109.13078,KALIMANTAN BARAT
Sarai,village,-0.31136,111.48152,KALIMANTAN BARAT
Pulau Limbung,village,-0.26755,109.85347,KALIMANTAN BARAT
Palem Jaya,village,0.2295,110.39342,KALIMANTAN BARAT
Kumang Jaya,village,0.89542,111.7975,KALIMANTAN BARAT
Semerangkai,village,-0.01332,110.46936,KALIMANTAN BARAT
Bina Jaya,village,-0.77091,111.60324,KALIMANTAN BARAT
Kayu Ara,village,0.29108,110.09248,KALIMANTAN BARAT
Belinyuk Sibau,village,-0.00858,111.76909,KALIMANTAN BARAT
Mekar Sekuntum,village,1.21539,109.12911,KALIMANTAN BARAT
Limbung,village,-0.25736,109.50174,KALIMANTAN BARAT
Temia Sio,village,0.83537,109.56508,KALIMANTAN BARAT
Sungai Kunyit Dalam,village,0.49529,108.935,KALIMANTAN BARAT
Suka Jaya,village,1.10881,109.60257,KALIMANTAN BARAT
Nanga Dangkan,village,0.24901,111.99212,KALIMANTAN BARAT
Sungai Toman,village,1.12888,109.03926,KALIMANTAN BARAT
Lubuk Sabuk,village,0.8257,110.5359,KALIMANTAN BARAT
Sijau,village,-0.95424,111.44283,KALIMANTAN BARAT
Paku Raya,village,0.5803,110.06876,KALIMANTAN BARAT
Engkersik,village,-0.07586,111.07371,KALIMANTAN BARAT
Sinjang Permai,village,1.15142,109.98089,KALIMANTAN BARAT
Sukaramai,village,-0.9425,110.50222,KALIMANTAN BARAT
Menjalin,village,0.47262,109.33892,KALIMANTAN BARAT
Senaning,village,0.90575,111.03187,KALIMANTAN BARAT
Penibung,village,0.41853,108.94695,KALIMANTAN BARAT
Menawai Tekam,village,0.25976,110.98481,KALIMANTAN BARAT
Rasau Jaya Satu,village,-0.26531,109.36407,KALIMANTAN BARAT
Suka Maju,village,0.94009,109.73449,KALIMANTAN BARAT
Sempurna,village,-1.18779,110.45426,KALIMANTAN BARAT
Bebatung,village,0.35638,109.43807,KALIMANTAN BARAT
Setapuk Besar,village,0.97794,109.03174,KALIMANTAN BARAT
Sungai Deden,village,1.27176,109.53333,KALIMANTAN BARAT
Wajok Hilir,village,0.05672,109.2142,KALIMANTAN BARAT
Mengkalang,village,-0.5028,109.22354,KALIMANTAN BARAT
Tumbang Hentas,village,-1.28892,111.717,KALIMANTAN TENGAH
Kerta Sari,village,0.47566,111.30406,KALIMANTAN BARAT
Sungai Ukoi,village,-0.02529,111.44901,KALIMANTAN BARAT
Sungai Belidak,village,-0.06705,109.21935,KALIMANTAN BARAT
Kedakas,village,0.30033,110.26216,KALIMANTAN BARAT
Tambelansampit,village,-0.03363,109.3531,KALIMANTAN BARAT
Paribang Baru,village,-0.07392,111.30499,KALIMANTAN BARAT
Tanjung Sari,village,-0.38923,111.69073,KALIMANTAN BARAT
Temiang Sawi,village,0.3859,109.98656,KALIMANTAN BARAT
Teluk Kelansam,village,0.13802,111.41655,KALIMANTAN BARAT
Sebawi,village,1.28597,109.21231,KALIMANTAN BARAT
Tinum Baru,village,-0.12265,111.30217,KALIMANTAN BARAT
Gelik,village,1.07833,109.04771,KALIMANTAN BARAT
Gunam,village,0.18212,110.38539,KALIMANTAN BARAT
Bagan Asam,village,-0.396,110.11644,KALIMANTAN BARAT
Tanjung Beringin,village,-0.78516,110.50226,KALIMANTAN BARAT
Bukit Sigoler,village,1.13822,109.15486,KALIMANTAN BARAT
Semedang,village,0.60674,110.039,KALIMANTAN BARAT
Nangka,village,0.86566,109.66867,KALIMANTAN BARAT
Bum-bun,village,0.54571,109.10188,KALIMANTAN BARAT
Anik Dingir,village,0.53437,109.73533,KALIMANTAN BARAT
Tanjung,village,0.61733,112.00799,KALIMANTAN BARAT
Sepantai,village,1.30156,109.56048,KALIMANTAN BARAT
Kuala Dua,village,0.63714,110.40384,KALIMANTAN BARAT
Terduk Dampak,village,0.60163,111.16531,KALIMANTAN BARAT
Sidan,village,0.68104,109.62731,KALIMANTAN BARAT
Nanga Taman,village,-0.26533,110.81931,KALIMANTAN BARAT
Setungkup,village,0.41128,111.46457,KALIMANTAN BARAT
Mengkunyit,village,0.40545,109.50809,KALIMANTAN BARAT
Merubung,village,1.3002,109.15645,KALIMANTAN BARAT
Petai Patah,village,-1.19427,110.60046,KALIMANTAN BARAT
Pasir Panjang,village,0.3309,108.97506,KALIMANTAN BARAT
Sepakat Baru,village,-0.37585,109.18052,KALIMANTAN BARAT
Pasti Jaya,village,0.80642,109.30847,KALIMANTAN BARAT
Banyu Abang,village,-0.94366,109.80603,KALIMANTAN BARAT
Bakti Jaya,village,-0.13355,110.39416,KALIMANTAN BARAT
Berakak,village,0.45738,110.22888,KALIMANTAN BARAT
Sijangkung,village,0.83339,108.97416,KALIMANTAN BARAT
Nusapati,village,0.25705,109.0915,KALIMANTAN BARAT
Sungai Pinang,village,-0.34067,111.9631,KALIMANTAN BARAT
Sungai Besar,village,-0.76874,109.25308,KALIMANTAN BARAT
Riam Batang,village,-0.91046,112.0642,KALIMANTAN TENGAH
Baning Panjang,village,0.10596,111.76409,KALIMANTAN BARAT
Mekar Baru,village,0.84389,109.1261,KALIMANTAN BARAT
Nanga Ungai,village,-0.10349,112.09999,KALIMANTAN BARAT
Entibuh,village,0.21328,110.76449,KALIMANTAN BARAT
Semoncol,village,0.08681,110.03526,KALIMANTAN BARAT
Kerangan Kora,village,-0.65609,112.06098,KALIMANTAN BARAT
Dara Itam I,village,0.19516,109.99455,KALIMANTAN BARAT
Ladang,village,0.06962,111.48906,KALIMANTAN BARAT
Sempatung Lawek,village,0.95623,110.09829,KALIMANTAN BARAT
Malo Jelayan,village,0.81404,109.50439,KALIMANTAN BARAT
Lintang Pelaman,village,-0.04414,110.61495,KALIMANTAN BARAT
Kamuh,village,1.061,109.68329,KALIMANTAN BARAT
Parit Baru,village,1.11476,108.96866,KALIMANTAN BARAT
Tanjung Sokan,village,-0.90524,111.49595,KALIMANTAN BARAT
Caokng,village,0.67043,109.26306,KALIMANTAN BARAT
Sekonau,village,-0.17768,110.82065,KALIMANTAN BARAT
Hli Buei,village,1.27718,109.95739,KALIMANTAN BARAT
Banying,village,0.4218,109.67341,KALIMANTAN BARAT
Empura,village,0.74136,111.25074,KALIMANTAN BARAT
Sungai Baru,village,1.35216,109.19811,KALIMANTAN BARAT
Sungai Dangin,village,0.6635,110.55462,KALIMANTAN BARAT
Timpuk,village,0.14764,110.93904,KALIMANTAN BARAT
Pinang Luar,village,-0.29161,109.3643,KALIMANTAN BARAT
Mekar Raya,village,-0.81961,110.35422,KALIMANTAN BARAT
Amboyo Inti,village,0.36629,109.92163,KALIMANTAN BARAT
Roban,village,0.90923,109.00646,KALIMANTAN BARAT
Matang Segarau,village,1.27971,109.09929,KALIMANTAN BARAT
Dema,village,0.33552,109.21998,KALIMANTAN BARAT
Guhung,village,-0.24841,111.52717,KALIMANTAN BARAT
Nipah Panjang,village,-0.77642,109.45244,KALIMANTAN BARAT
Tusuk Belawan,village,-1.21766,111.92604,KALIMANTAN TENGAH
Sungai Keran,village,0.69332,108.9054,KALIMANTAN BARAT
Kumpang,village,-0.05023,111.77992,KALIMANTAN BARAT
Sebemban,village,-0.04454,110.20823,KALIMANTAN BARAT
Empiyang,village,0.48734,110.69123,KALIMANTAN BARAT
Parittokaya,village,-0.06443,109.32742,KALIMANTAN BARAT
Jungkat,village,0.07179,109.19291,KALIMANTAN BARAT
Tekelak,village,-0.32749,111.74102,KALIMANTAN BARAT
Simpang Kasturi,village,0.32532,109.32339,KALIMANTAN BARAT
Sarilaba B,village,1.23694,109.03179,KALIMANTAN BARAT
Rarai,village,-0.23941,111.48185,KALIMANTAN BARAT
Kalimas,village,-0.08561,109.22326,KALIMANTAN BARAT
Pangkalan Bemban,village,1.04916,108.99575,KALIMANTAN BARAT
Layak Omang,village,0.21783,110.84337,KALIMANTAN BARAT
Jonti,village,0.02358,110.5152,KALIMANTAN BARAT
Bonet Engkabang,village,-0.2105,111.54388,KALIMANTAN BARAT
Balai Lagas,village,-0.55921,111.31754,KALIMANTAN BARAT
Seluas,village,1.27399,109.80055,KALIMANTAN BARAT
Jelutung,village,1.13119,108.97091,KALIMANTAN BARAT
Angkanyar,village,0.63459,109.90233,KALIMANTAN BARAT
Muhi Bersatu,village,0.88775,109.72406,KALIMANTAN BARAT
Sekabuk,village,0.5,109.12931,KALIMANTAN BARAT
Lembang,village,1.14795,109.69933,KALIMANTAN BARAT
Emperiang,village,0.46516,112.0369,KALIMANTAN BARAT
Suruh Tembawang,village,1.09914,110.1539,KALIMANTAN BARAT
Togan Baru,village,-0.8089,111.38838,KALIMANTAN BARAT
Kayu Ara,village,0.64344,109.67532,KALIMANTAN BARAT
Nanga Mongko,village,-0.30429,110.7462,KALIMANTAN BARAT
Senibung,village,0.59049,111.50659,KALIMANTAN BARAT
Angkaras,village,0.58866,109.60054,KALIMANTAN BARAT
Cepala,village,1.29166,109.15262,KALIMANTAN BARAT
Pangkalan Telok,village,-1.41765,110.44566,KALIMANTAN BARAT
Semudun,village,0.45303,108.93786,KALIMANTAN BARAT
Kumpang Ilong,village,0.35417,111.18618,KALIMANTAN BARAT
Seruat,village,-0.4145,109.15005,KALIMANTAN BARAT
Kekurak,village,0.96745,111.86072,KALIMANTAN BARAT
Bhakti Mulya,village,0.79445,109.48062,KALIMANTAN BARAT
Bengaras,village,-0.95821,110.48892,KALIMANTAN BARAT
Raja,village,0.39835,109.95673,KALIMANTAN BARAT
Siantan Hulu,village,0.00083,109.36387,KALIMANTAN BARAT
Sempadian,village,1.30983,109.12632,KALIMANTAN BARAT
Peniti Dalam II,village,0.17123,109.21588,KALIMANTAN BARAT
Bangkabelitung Darat,village,-0.07897,109.35224,KALIMANTAN BARAT
Air Putih,village,-0.44306,109.34717,KALIMANTAN BARAT
Tumbang Taberau,village,-0.8602,112.08117,KALIMANTAN TENGAH
Telaga Dua,village,0.20384,111.39478,KALIMANTAN BARAT
Jambu,village,-0.18792,112.0093,KALIMANTAN BARAT
Sungai Itik,village,-0.03261,109.19226,KALIMANTAN BARAT
Semombat,village,0.41416,110.67233,KALIMANTAN BARAT
Sungaijawi Dalam,village,-0.01877,109.31203,KALIMANTAN BARAT
Ubay,village,0.11113,110.7658,KALIMANTAN BARAT
Paal,village,-0.3449,111.74965,KALIMANTAN BARAT
Jelimpo,village,0.3157,110.09014,KALIMANTAN BARAT
Pengkadan Baru,village,0.01452,111.6724,KALIMANTAN BARAT
Segedong,village,1.19506,109.09908,KALIMANTAN BARAT
Nanga Pari,village,-0.41079,111.17448,KALIMANTAN BARAT
Entakai,village,0.20647,110.69414,KALIMANTAN BARAT
Engkangin,village,0.82058,110.11878,KALIMANTAN BARAT
Mantan,village,0.53687,112.01783,KALIMANTAN BARAT
Taruna Jaya,village,0.76886,109.54851,KALIMANTAN BARAT
Pedalaman,village,-0.03747,110.11942,KALIMANTAN BARAT
Balai Peluntan,village,0.21224,109.97889,KALIMANTAN BARAT
Penjajap,village,1.18559,108.98119,KALIMANTAN BARAT
Parek,village,0.83757,109.84029,KALIMANTAN BARAT
Tapang Tingang,village,-0.18678,110.71209,KALIMANTAN BARAT
Re'es,village,0.50076,109.25797,KALIMANTAN BARAT
Janting,village,1.03259,111.90959,KALIMANTAN BARAT
Empoto,village,0.69766,110.5143,KALIMANTAN BARAT
Keluing Taja,village,-0.97269,111.45391,KALIMANTAN BARAT
Kelampai Setolo,village,0.66025,109.71992,KALIMANTAN BARAT
Podorukun,village,-0.90385,109.79499,KALIMANTAN BARAT
Bengkawe,village,0.43823,109.3843,KALIMANTAN BARAT
Tanjung Mekar,village,1.36859,109.31353,KALIMANTAN BARAT
Pulau Pedalaman,village,0.37061,108.96148,KALIMANTAN BARAT
Sungai Kunyit,village,0.04492,110.76314,KALIMANTAN BARAT
Terentang Hilir,village,-0.38104,109.62995,KALIMANTAN BARAT
Mensiku,village,0.19862,111.50276,KALIMANTAN BARAT
Pengkadan Sungai Rupa,village,-0.0684,111.71372,KALIMANTAN BARAT
Pulau Tayan Utara,village,-0.04138,110.11061,KALIMANTAN BARAT
Sebongkuh,village,0.59955,110.39854,KALIMANTAN BARAT
Kuala,village,0.91287,108.95912,KALIMANTAN BARAT
Jeruju Besar,village,-0.00677,109.19628,KALIMANTAN BARAT
Nanga Kebebu,village,-0.36251,111.84876,KALIMANTAN BARAT
Dabung,village,-0.59503,109.25704,KALIMANTAN BARAT
Tumbang Bahan,village,-1.11288,111.99162,KALIMANTAN TENGAH
Sungai Risap,village,0.23921,111.40343,KALIMANTAN BARAT
Nanga Tonggoi,village,-0.2287,112.09525,KALIMANTAN BARAT
Arang Limbung,village,-0.21515,109.43115,KALIMANTAN BARAT
Kambong,village,0.27756,110.62858,KALIMANTAN BARAT
Belangin,village,0.02049,110.63429,KALIMANTAN BARAT
Nanga Nyuruh,village,-0.55357,112.11331,KALIMANTAN BARAT
Pawis Hilir,village,0.3001,110.01291,KALIMANTAN BARAT
Kapuas Kanan Hulu,village,0.06652,111.47732,KALIMANTAN BARAT
Makrampai,village,1.23483,109.15181,KALIMANTAN BARAT
Sungai Enau,village,0.06867,109.48607,KALIMANTAN BARAT
Sejiram,village,0.42793,111.99679,KALIMANTAN BARAT
Teriak,village,0.74867,109.54509,KALIMANTAN BARAT
Sungai Duri I,village,0.55182,108.92387,KALIMANTAN BARAT
Suka Damai,village,1.1288,109.56732,KALIMANTAN BARAT
Sungai Sena,village,0.34022,111.85806,KALIMANTAN BARAT
Serindang,village,1.14497,109.13313,KALIMANTAN BARAT
Raut Muara,village,0.81509,110.34551,KALIMANTAN BARAT
Pekawai,village,-0.75883,111.68472,KALIMANTAN BARAT
Moro Betung,village,0.69122,109.68623,KALIMANTAN BARAT
Setawar,village,-0.10765,111.00933,KALIMANTAN BARAT
Kumba,village,1.37459,109.81093,KALIMANTAN BARAT
Sekucing Labai,village,-0.42994,110.10982,KALIMANTAN BARAT
Garu,village,0.53338,109.37401,KALIMANTAN BARAT
Jasa,village,1.00262,111.23994,KALIMANTAN BARAT
Pelimpaan,village,1.36962,109.07019,KALIMANTAN BARAT
Sejahtera,village,-1.30981,110.04699,KALIMANTAN BARAT
Sejegi,village,0.37346,108.96775,KALIMANTAN BARAT
Sungai Deras,village,-0.24874,109.17785,KALIMANTAN BARAT
Teluk Kebau,village,-0.50474,110.73672,KALIMANTAN BARAT
Lomba Karya,village,0.96366,109.69272,KALIMANTAN BARAT
Pulau Kumbang,village,-1.08331,109.83986,KALIMANTAN BARAT
Paloan,village,0.33352,109.62207,KALIMANTAN BARAT
Sungai Bulan,village,0.95516,109.0277,KALIMANTAN BARAT
Durian,village,1.36123,109.2962,KALIMANTAN BARAT
Parit Bugis,village,0.15427,109.19158,KALIMANTAN BARAT
Nanga Kayan,village,-0.17996,111.69775,KALIMANTAN BARAT
Seruat Dua,village,-0.44692,109.19783,KALIMANTAN BARAT
Rangkang Munduk,village,-1.30365,111.78105,KALIMANTAN TENGAH
Tirta Karya,village,0.65518,111.59045,KALIMANTAN BARAT
Siaga,village,0.72894,109.16565,KALIMANTAN BARAT
Sungai Ambangah,village,-0.14876,109.43818,KALIMANTAN BARAT
Upe,village,0.37105,110.52145,KALIMANTAN BARAT
Tanjung Hulu,village,-0.02652,109.37048,KALIMANTAN BARAT
Tanjung Kapuas,village,0.12247,110.61057,KALIMANTAN BARAT
Nanga Mau,village,-0.11046,111.92037,KALIMANTAN BARAT
Nanga Siyai,village,-0.42188,112.15416,KALIMANTAN BARAT
Tubang Raeng,village,0.33418,110.01087,KALIMANTAN BARAT
Kapuas Kiri Hulu,village,0.08233,111.4935,KALIMANTAN BARAT
Rambayan,village,1.25289,109.12069,KALIMANTAN BARAT
Pana,village,0.16997,110.66163,KALIMANTAN BARAT
Gudang Hilir,village,0.61831,112.12286,KALIMANTAN BARAT
Tapang Dulang,village,-0.1612,110.4679,KALIMANTAN BARAT
Pak Mayam,village,0.15847,109.85073,KALIMANTAN BARAT
Belikai,village,0.32999,112.13329,KALIMANTAN BARAT
Pemangkat Kota,town,1.17835,108.9721,KALIMANTAN BARAT
Engkadik Pade,village,0.72895,110.02943,KALIMANTAN BARAT
Benuis,village,0.50273,112.16262,KALIMANTAN BARAT
Setia Jaya,village,0.73383,109.53513,KALIMANTAN BARAT
Semuntai,village,0.29815,111.25748,KALIMANTAN BARAT
Bagak,village,0.55326,109.69527,KALIMANTAN BARAT
Gudang Hulu,village,0.61057,112.12307,KALIMANTAN BARAT
Kawat,village,-0.03547,110.11292,KALIMANTAN BARAT
Majel,village,0.59686,110.64832,KALIMANTAN BARAT
Mengaret,village,0.57473,111.26687,KALIMANTAN BARAT
Lintah Betung,village,0.66501,109.65952,KALIMANTAN BARAT
Rirang Jati,village,-0.22336,110.83254,KALIMANTAN BARAT
Pakumbang,village,0.45869,109.50226,KALIMANTAN BARAT
Tempatan,village,1.32364,109.19801,KALIMANTAN BARAT
Dusun Besar,village,-1.10776,109.46035,KALIMANTAN BARAT
Sungai Batang,village,0.28829,109.05412,KALIMANTAN BARAT
Sungai Bemban,village,-0.38885,109.24292,KALIMANTAN BARAT
Nanga Tikan,village,-0.0037,111.91426,KALIMANTAN BARAT
Penyalimau Jaya,village,-0.12465,110.43736,KALIMANTAN BARAT
Engkasan,village,0.51586,110.24291,KALIMANTAN BARAT
Rasau Jaya Tiga,village,-0.24213,109.35691,KALIMANTAN BARAT
Tanjung Harapan,village,-0.86427,109.27988,KALIMANTAN BARAT
Tumbang Kasai,village,-1.03003,112.03498,KALIMANTAN TENGAH
Ensabang,village,0.2329,111.27426,KALIMANTAN BARAT
Serindu,village,0.6993,109.10175,KALIMANTAN BARAT
Ransi Dakan,village,-0.03871,111.52241,KALIMANTAN BARAT
Empirang Ujung,village,0.18807,110.13422,KALIMANTAN BARAT
Kayu Tunu,village,-0.00789,110.56812,KALIMANTAN BARAT
Nanga Kempangai,village,-0.60763,112.08774,KALIMANTAN BARAT
Agak,village,0.17658,109.59877,KALIMANTAN BARAT
Kenyauk,village,0.08838,111.13348,KALIMANTAN BARAT
Tebas Kuala,village,1.22783,109.14233,KALIMANTAN BARAT
Merti Jaya,village,-0.28919,111.33476,KALIMANTAN BARAT
Sungai Nipah,village,-0.23337,109.19082,KALIMANTAN BARAT
Benteng,village,0.74941,109.5034,KALIMANTAN BARAT
Sungai Bundung Laut,village,0.51613,108.92394,KALIMANTAN BARAT
Tebuah Marong,village,1.0936,109.54376,KALIMANTAN BARAT
Miau Merah,village,0.25463,111.77921,KALIMANTAN BARAT
Buduk Sempadang,village,1.03818,109.18766,KALIMANTAN BARAT
Pengadang,village,0.81241,110.44544,KALIMANTAN BARAT
Loka Jaya,village,-0.80301,111.54007,KALIMANTAN BARAT
Tanjung Balai,village,0.61604,109.94292,KALIMANTAN BARAT
Boti,village,-0.13051,110.94962,KALIMANTAN BARAT
Sungkung I,village,1.07631,110.01279,KALIMANTAN BARAT
Ladangan,village,0.56533,109.56754,KALIMANTAN BARAT
Sebadak,village,0.78938,111.09205,KALIMANTAN BARAT
Puringan,village,1.38384,109.22133,KALIMANTAN BARAT
Padak,village,0.25285,111.18382,KALIMANTAN BARAT
Teluk Pakedai Hulu,village,-0.3117,109.15214,KALIMANTAN BARAT
Lembah Beringin,village,-0.48027,110.75953,KALIMANTAN BARAT
Seren Selimbau,village,0.98494,109.42632,KALIMANTAN BARAT
Menyumbung,village,-1.03858,110.76306,KALIMANTAN BARAT
Kerohok,village,0.34373,109.41084,KALIMANTAN BARAT
Sungai Garam Hilir,village,0.94215,108.99127,KALIMANTAN BARAT
Semanjang,village,1.28893,109.22971,KALIMANTAN BARAT
Pangkalan Suka,village,-1.35723,110.59834,KALIMANTAN BARAT
Mega Timur,village,-0.01793,109.38536,KALIMANTAN BARAT
Teluk Nangka,village,-0.47026,109.39322,KALIMANTAN BARAT
Tumbang Suei,village,-1.31659,111.85651,KALIMANTAN TENGAH
Air Nyuruk,village,0.58267,111.55396,KALIMANTAN BARAT
Sungai Jaga B,village,0.60582,108.93172,KALIMANTAN BARAT
Balai Harapan,village,0.01793,111.35652,KALIMANTAN BARAT
Gunung Tamang,village,-0.1782,109.89194,KALIMANTAN BARAT
Rahayu,village,0.30572,110.38183,KALIMANTAN BARAT
Sungaibangkong,village,-0.03702,109.32125,KALIMANTAN BARAT
Sungai Kupah,village,0.01501,109.20524,KALIMANTAN BARAT
Baya Betung,village,-0.17171,111.53204,KALIMANTAN BARAT
Tumabang,hamlet,0.42325,109.70779,KALIMANTAN BARAT
Mangat Baru,village,0.08982,111.77884,KALIMANTAN BARAT
Sempalai Sebedang,village,1.25547,109.17466,KALIMANTAN BARAT
Entogong,village,-0.14667,112.07756,KALIMANTAN BARAT
Semelagi Besar,village,1.00147,108.98585,KALIMANTAN BARAT
Sungai Sengkuang,village,0.14465,110.60833,KALIMANTAN BARAT
Penyeladi,village,0.08205,110.66822,KALIMANTAN BARAT
Danti,village,1.17805,109.66468,KALIMANTAN BARAT
Beluis Harum,village,0.35362,112.0784,KALIMANTAN BARAT
Batu Makjage,village,1.16189,109.15848,KALIMANTAN BARAT
Semandang Kanan,village,-0.80175,110.35556,KALIMANTAN BARAT
Permiit,village,0.62114,109.96881,KALIMANTAN BARAT
Kelayan,village,0.99608,109.75413,KALIMANTAN BARAT
Amawang,village,0.5545,109.13963,KALIMANTAN BARAT
Mu'un,village,0.57643,109.82143,KALIMANTAN BARAT
Nanga Suhaid,village,0.61469,112.00353,KALIMANTAN BARAT
Semanget,village,0.92005,110.38147,KALIMANTAN BARAT
Batuk Mulau,village,0.49794,111.14155,KALIMANTAN BARAT
Sehe Lusur,village,0.65094,109.81431,KALIMANTAN BARAT
Nanga Suri,village,-0.40031,110.7727,KALIMANTAN BARAT
Nanga Sejirak,village,0.32643,111.34363,KALIMANTAN BARAT
Mungguk,village,0.46176,109.93862,KALIMANTAN BARAT
Tanjung Bugis,village,1.36021,109.31253,KALIMANTAN BARAT
Benawai Agung,village,-1.18956,109.9851,KALIMANTAN BARAT
Kecurit,village,0.3797,109.17009,KALIMANTAN BARAT
Muara Tiga,village,-0.81742,109.83875,KALIMANTAN BARAT
Marunsu,village,0.79547,109.20512,KALIMANTAN BARAT
Dusun Kecil,village,-1.06139,109.46236,KALIMANTAN BARAT
Mobui,village,0.52475,110.5002,KALIMANTAN BARAT
Pallima,village,-0.02488,109.28863,KALIMANTAN BARAT
Sungai Pinyuh,village,0.27922,109.0735,KALIMANTAN BARAT
Tanjung Niaga,village,-0.33128,111.73556,KALIMANTAN BARAT
Retok,village,0.10343,109.50176,KALIMANTAN BARAT
Dak Jaya,village,0.17634,111.48726,KALIMANTAN BARAT
Sendoreng,village,0.82812,109.09481,KALIMANTAN BARAT
Meranggau,village,-0.20915,110.26707,KALIMANTAN BARAT
Bonti,village,0.40119,110.53921,KALIMANTAN BARAT
Kebadu,village,0.1454,110.12012,KALIMANTAN BARAT
Tembawang Panjang,village,-0.38466,111.72542,KALIMANTAN BARAT
Sebirang,village,0.23861,109.92621,KALIMANTAN BARAT
Melingkat,village,0.06114,111.96952,KALIMANTAN BARAT
Balai Gemuruh,village,1.15559,109.47156,KALIMANTAN BARAT
Benua Kencana,village,-0.35921,111.34551,KALIMANTAN BARAT
Suka Mulya,village,0.22677,110.35988,KALIMANTAN BARAT
Serimbu,village,0.75209,110.10112,KALIMANTAN BARAT
Dharma Bhakti,village,0.80201,109.51786,KALIMANTAN BARAT
Teraju,village,-0.24395,110.10546,KALIMANTAN BARAT
Sebadak Raya,village,-1.37068,110.73268,KALIMANTAN BARAT
Serangkat,village,1.05039,109.55371,KALIMANTAN BARAT
Kuala,village,1.06614,108.96481,KALIMANTAN BARAT
Madya Raya,village,-0.86492,111.66228,KALIMANTAN BARAT
Sailo,village,0.58493,109.42044,KALIMANTAN BARAT
Sungai Sambang,village,-0.15867,110.9538,KALIMANTAN BARAT
Siding,village,1.20638,110.05587,KALIMANTAN BARAT
Buluh Kuning,village,-0.05576,111.16086,KALIMANTAN BARAT
Songga,village,0.61433,109.60171,KALIMANTAN BARAT
Wirayuda,village,0.69103,111.52177,KALIMANTAN BARAT
Parit Setia,village,1.35997,109.06579,KALIMANTAN BARAT
Noyan,village,0.76382,110.58192,KALIMANTAN BARAT
Nanga Ora,village,-1.15398,111.42826,KALIMANTAN BARAT
Tanjung Beringin,village,-0.42926,109.80571,KALIMANTAN BARAT
Magmagan Karya,village,0.89783,109.49449,KALIMANTAN BARAT
Durian Sebatang,village,-0.77896,109.93466,KALIMANTAN BARAT
Keranji Paidang,village,0.35881,109.70244,KALIMANTAN BARAT
Bukit Batu,village,0.92828,108.99565,KALIMANTAN BARAT
Matang Terap,village,1.28212,109.02638,KALIMANTAN BARAT
Anjungan Melancar,village,0.36058,109.16532,KALIMANTAN BARAT
Sungai Ayak I,village,0.10941,111.06152,KALIMANTAN BARAT
Sungai Terus,village,-0.49392,109.41748,KALIMANTAN BARAT
Rantau Panjang,village,-1.29145,112.02695,KALIMANTAN TENGAH
Binjai Hulu,village,0.20064,111.47103,KALIMANTAN BARAT
Aris,village,0.62863,109.11196,KALIMANTAN BARAT
Tertung,village,0.03067,111.541,KALIMANTAN BARAT
Meliau Hilir,village,-0.1176,110.28671,KALIMANTAN BARAT
Semayang,village,0.58875,110.3316,KALIMANTAN BARAT
Benuamelayu Darat,village,-0.03546,109.33941,KALIMANTAN BARAT
Ampera Raya,village,-0.03946,109.38338,KALIMANTAN BARAT
Lengkong Nyadom,village,-0.37262,112.02597,KALIMANTAN BARAT
Padang Tikar Dua,village,-0.70363,109.26435,KALIMANTAN BARAT
Empaci,village,0.05874,111.74392,KALIMANTAN BARAT
Jelu Air,village,1.24071,109.00661,KALIMANTAN BARAT
Punggur Besar,village,-0.17662,109.2459,KALIMANTAN BARAT
Peruan Dalam,village,0.29322,110.15886,KALIMANTAN BARAT
Subah,village,0.00371,109.95134,KALIMANTAN BARAT
Merarai Dua,village,-0.1439,111.45037,KALIMANTAN BARAT
Junjung Permai,village,-0.3958,111.55294,KALIMANTAN BARAT
Salatiga,village,0.32846,109.29351,KALIMANTAN BARAT
Pangeran,village,0.32947,111.77229,KALIMANTAN BARAT
Maktangguk,village,1.15239,109.10737,KALIMANTAN BARAT
Ampadi,village,0.74236,109.78156,KALIMANTAN BARAT
Sekida,village,1.35667,109.90055,KALIMANTAN BARAT
Bukit Batu,village,0.52318,108.94767,KALIMANTAN BARAT
Gua,village,1.1436,109.67475,KALIMANTAN BARAT
Seburing,village,1.13009,109.06609,KALIMANTAN BARAT
Bantan,hamlet,0.86816,110.44384,KALIMANTAN BARAT
Mekar Pelita,village,-0.68582,111.74415,KALIMANTAN BARAT
Kedama,village,0.66484,109.84542,KALIMANTAN BARAT
Sebabas,village,-0.4482,110.78716,KALIMANTAN BARAT
Balai Pinang,village,-0.52495,110.3634,KALIMANTAN BARAT
Rasau,village,0.97276,111.09946,KALIMANTAN BARAT
Terap,village,0.39897,109.20251,KALIMANTAN BARAT
Bukit Rambat,village,0.58114,111.21639,KALIMANTAN BARAT
Permata,village,-0.25852,109.78721,KALIMANTAN BARAT
Alur Bandung,village,-1.02872,109.79102,KALIMANTAN BARAT
Maya Sopa,village,0.93792,109.12069,KALIMANTAN BARAT
Teluk Kaseh,village,1.31002,109.16541,KALIMANTAN BARAT
Sungai Purun Kecil,village,0.21484,109.14355,KALIMANTAN BARAT
Batu Nanta,village,-0.26021,111.55153,KALIMANTAN BARAT
Tumbang Magin,village,-1.25009,111.64786,KALIMANTAN TENGAH
Ensaid Panjang,village,0.10209,111.72835,KALIMANTAN BARAT
Pal Sembilan,village,-0.06012,109.26138,KALIMANTAN BARAT
Sape,village,0.31122,110.80135,KALIMANTAN BARAT
Sungaijawi Luar,village,-0.0097,109.3186,KALIMANTAN BARAT
Bunut,village,0.13409,110.55995,KALIMANTAN BARAT
Sungai Mali,village,-0.09405,111.65773,KALIMANTAN BARAT
Langan,village,-0.43115,111.39491,KALIMANTAN BARAT
Amboyo Selatan,village,0.37481,109.81133,KALIMANTAN BARAT
Telaga Satu,village,0.17603,111.3584,KALIMANTAN BARAT
Sabaran,village,1.25144,109.0705,KALIMANTAN BARAT
Trimulya,village,0.19486,110.81315,KALIMANTAN BARAT
Telidik,village,0.78015,109.54614,KALIMANTAN BARAT
Kunyil,village,-0.27463,110.36878,KALIMANTAN BARAT
Sandai Kiri,village,-1.24753,110.51967,KALIMANTAN BARAT
Nyari,village,0.94627,110.17248,KALIMANTAN BARAT
Bati,village,0.36645,112.11264,KALIMANTAN BARAT
Singaraya,village,1.17716,109.04921,KALIMANTAN BARAT
Sekendal,village,0.66217,110.17146,KALIMANTAN BARAT
Mondi,village,-0.18762,110.94376,KALIMANTAN BARAT
Karya Bhakti,village,0.77979,109.38725,KALIMANTAN BARAT
Darit,village,0.5896,109.62855,KALIMANTAN BARAT
Bantai,village,0.50773,110.58517,KALIMANTAN BARAT
Sungai Antu Hulu,village,0.64964,111.14557,KALIMANTAN BARAT
Padang Pio,village,0.70319,109.55198,KALIMANTAN BARAT
Sungai Lawak,village,-0.23458,110.7583,KALIMANTAN BARAT
Seponti Jaya,village,-0.86041,109.82963,KALIMANTAN BARAT
Tapakng,village,0.47379,109.52854,KALIMANTAN BARAT
Sabung,village,1.27875,109.39117,KALIMANTAN BARAT
Tanjung,village,0.33614,108.93475,KALIMANTAN BARAT
Seraras,village,0.06074,111.02049,KALIMANTAN BARAT
Terentang Hulu,village,-0.45474,109.56818,KALIMANTAN BARAT
Suka Bangun,village,0.82064,109.38026,KALIMANTAN BARAT
Manis Raya,village,-0.01805,111.16812,KALIMANTAN BARAT
Belungai Dalam,village,-0.05464,110.06603,KALIMANTAN BARAT
Balai Sebut,village,0.47277,110.82301,KALIMANTAN BARAT
Durian,village,-0.06089,109.43652,KALIMANTAN BARAT
Baru,village,-0.31549,111.69925,KALIMANTAN BARAT
Padang Tikar Satu,village,-0.67577,109.26516,KALIMANTAN BARAT
Tumbang Kubang,village,-1.11691,111.78633,KALIMANTAN TENGAH
Sepan Lebang,village,0.17054,111.81855,KALIMANTAN BARAT
Capkala,village,0.65054,109.03543,KALIMANTAN BARAT
Melayang Sari,village,-0.28604,111.43249,KALIMANTAN BARAT
Menyabo,village,0.24365,110.20294,KALIMANTAN BARAT
Inggis,village,0.02326,110.71502,KALIMANTAN BARAT
Tanjung Bunga,village,-0.13678,112.05622,KALIMANTAN BARAT
Ulak Muid,village,-0.69839,111.52976,KALIMANTAN BARAT
Mandor,village,0.31786,109.33798,KALIMANTAN BARAT
Tanjung Puri,village,0.07945,111.50663,KALIMANTAN BARAT
Tebas Sungai,village,1.22267,109.14578,KALIMANTAN BARAT
Limbung,village,-0.12873,109.40176,KALIMANTAN BARAT
Tubajur,village,0.82451,109.58436,KALIMANTAN BARAT
Mendalok,village,0.46211,108.93309,KALIMANTAN BARAT
Semangat,village,1.07263,109.59261,KALIMANTAN BARAT
Nanga Ngeri,village,0.1844,112.07704,KALIMANTAN BARAT
Balai Karangan,village,0.82826,110.43846,KALIMANTAN BARAT
Suka Maju,village,-0.79262,111.54394,KALIMANTAN BARAT
Semade,village,0.72628,109.4849,KALIMANTAN BARAT
Nanga Menterap,village,-0.05084,110.93112,KALIMANTAN BARAT
Gersik,village,1.32826,109.82967,KALIMANTAN BARAT
Rasan,village,0.53719,109.87154,KALIMANTAN BARAT
Suak Medang,village,0.83711,111.28431,KALIMANTAN BARAT
Pak Utan,village,0.42325,109.2729,KALIMANTAN BARAT
Tapang Pulau,village,0.19398,111.11044,KALIMANTAN BARAT
Rasau Jaya Dua,village,-0.2641,109.39694,KALIMANTAN BARAT
Batu Pahat,village,-0.43903,110.75524,KALIMANTAN BARAT
Rodaya,village,0.99249,109.56093,KALIMANTAN BARAT
Nipah Kuning,village,-1.11486,109.93006,KALIMANTAN BARAT
Setapuk Kecil,village,0.9709,109.02225,KALIMANTAN BARAT
Pasar Melayu,village,1.36381,109.30308,KALIMANTAN BARAT
Peniti Luar,village,0.12576,109.15573,KALIMANTAN BARAT
Tanjung Beringin,village,-0.33926,112.13373,KALIMANTAN BARAT
Olak-Olak Kubu,village,-0.48006,109.35078,KALIMANTAN BARAT
Tumbang Langkai,village,-1.30927,111.74261,KALIMANTAN TENGAH
Rukma Jaya,village,0.67054,108.92071,KALIMANTAN BARAT
Kapur,village,-0.08252,109.40305,KALIMANTAN BARAT
Terati,village,0.37652,110.72488,KALIMANTAN BARAT
Pandu Raya,village,0.08198,110.45359,KALIMANTAN BARAT
Nobal,village,-0.15566,111.52264,KALIMANTAN BARAT
Bina Jaya,village,-0.47337,111.90604,KALIMANTAN BARAT
Sebatih,village,0.29313,109.69794,KALIMANTAN BARAT
Kebong,village,0.05853,111.63983,KALIMANTAN BARAT
Mukti Raharja,village,1.25554,109.44049,KALIMANTAN BARAT
Bonet Lama,village,-0.2087,111.5209,KALIMANTAN BARAT
Seret Ayon,village,1.05222,109.36633,KALIMANTAN BARAT
Sebarra,village,0.17308,110.47188,KALIMANTAN BARAT
Baru Lombak,village,-0.31185,110.2669,KALIMANTAN BARAT
Sentangau Jaya,village,1.25306,109.74494,KALIMANTAN BARAT
Seneban,village,0.34152,112.10218,KALIMANTAN BARAT
Serumpun Buluh,village,1.1883,109.14086,KALIMANTAN BARAT
Satai Lestari,village,-1.17311,109.6858,KALIMANTAN BARAT
Tahu,village,0.80375,109.75125,KALIMANTAN BARAT
Kiung,village,0.87482,109.61354,KALIMANTAN BARAT
Nanga Libau,village,-0.15121,111.14873,KALIMANTAN BARAT
Ringo Lojok,village,0.61718,109.54819,KALIMANTAN BARAT
Pulau Majang,village,0.89889,111.99295,KALIMANTAN BARAT
Tanjung Bunga,village,0.60257,110.30512,KALIMANTAN BARAT
Sebetung,village,0.59083,111.09737,KALIMANTAN BARAT
Temahar,village,0.54817,110.19328,KALIMANTAN BARAT
Lubuk Tajau,village,-0.34173,110.83075,KALIMANTAN BARAT
Tanjung Baung,village,0.29927,111.63793,KALIMANTAN BARAT
Sungai Keli,village,0.46983,109.87738,KALIMANTAN BARAT
Tumuk Manggis,village,1.36436,109.30959,KALIMANTAN BARAT
Randau Jungkal,village,-1.17788,110.69789,KALIMANTAN BARAT
Galang,village,0.28948,109.09941,KALIMANTAN BARAT
Ambawang,village,-0.41631,109.28053,KALIMANTAN BARAT
Bani Amas,village,0.8392,109.51828,KALIMANTAN BARAT
Telukbatang,village,-0.98554,109.76807,KALIMANTAN BARAT
Balai Tinggi,village,-0.19332,110.2283,KALIMANTAN BARAT
Kampuh,village,0.44009,110.47817,KALIMANTAN BARAT
Sagatani,village,0.79703,109.02807,KALIMANTAN BARAT
Pasak,village,-0.11382,109.55105,KALIMANTAN BARAT
Sungai Jawi,village,-0.8074,109.25477,KALIMANTAN BARAT
Tumbang Laku,village,-1.06478,111.72843,KALIMANTAN TENGAH
Bengkuang,village,0.14191,111.86656,KALIMANTAN BARAT
Gerantung,village,0.86212,109.12809,KALIMANTAN BARAT
Lundang Baru,village,-0.07993,111.56209,KALIMANTAN BARAT
Suka Gerundi,village,0.25758,110.33354,KALIMANTAN BARAT
Tintin Peninjau,village,0.85235,111.81717,KALIMANTAN BARAT
Hilir,village,0.13858,110.09683,KALIMANTAN BARAT
Pelita Jaya,village,-0.75627,111.52128,KALIMANTAN BARAT
Andeng,village,0.38651,109.56205,KALIMANTAN BARAT
Riguk,village,-0.00778,111.68432,KALIMANTAN BARAT
Pusaka,village,1.20039,109.10751,KALIMANTAN BARAT
Sekujam Timbai,village,-0.18187,111.19753,KALIMANTAN BARAT
Merayuh,village,0.90876,110.17977,KALIMANTAN BARAT
Karya Baru,village,0.81063,109.58554,KALIMANTAN BARAT
Melobok,village,-0.04063,110.36986,KALIMANTAN BARAT
Landau Badai,village,0.18919,112.13739,KALIMANTAN BARAT
Serumpun,village,1.10218,109.06382,KALIMANTAN BARAT
Mawang Muda,village,0.76759,110.27921,KALIMANTAN BARAT
Nanga Betangai,village,-0.95612,111.49829,KALIMANTAN BARAT
Bengawan Ampar,village,0.68447,109.84092,KALIMANTAN BARAT
Perongkan,village,-0.08877,110.89975,KALIMANTAN BARAT
Amawakng,village,0.50786,109.5338,KALIMANTAN BARAT
Sepiluk,village,0.78892,110.92519,KALIMANTAN BARAT
Berlimang,village,1.371,109.21441,KALIMANTAN BARAT
Pisang,village,0.58749,110.74526,KALIMANTAN BARAT
Belitang Dua,village,0.13326,111.23845,KALIMANTAN BARAT
Teluk Pakedai Dua,village,-0.27912,109.16622,KALIMANTAN BARAT
Tiga Berkat,village,0.93766,109.47136,KALIMANTAN BARAT
Tanjung Maju,village,-0.70971,110.49117,KALIMANTAN BARAT
Sebadu,village,0.36433,109.46835,KALIMANTAN BARAT
Naram,village,0.94171,109.02442,KALIMANTAN BARAT
Tekarang,village,1.26846,109.12597,KALIMANTAN BARAT
Sungai Bakau Besar Darat,village,0.31182,109.04703,KALIMANTAN BARAT
Sungai Kerawang,village,-0.83304,109.76278,KALIMANTAN BARAT
Tumbang Salau,village,-1.29692,111.81237,KALIMANTAN TENGAH
Sungai Pangkalan II,village,0.63383,108.93691,KALIMANTAN BARAT
Mandong,village,0.34983,110.23992,KALIMANTAN BARAT
Teluk Kapuas,village,-0.09602,109.3963,KALIMANTAN BARAT
Sungai Nipah,village,0.09481,109.17234,KALIMANTAN BARAT
Bancoh,village,-0.1131,111.53204,KALIMANTAN BARAT
Tiong Keranjik,village,-0.37163,111.52858,KALIMANTAN BARAT
Gombang,village,0.42895,109.59245,KALIMANTAN BARAT
Emparu,village,0.07731,111.80275,KALIMANTAN BARAT
Semperiuk A,village,1.26687,109.04246,KALIMANTAN BARAT
Tebang Kacang,village,-0.18908,109.4689,KALIMANTAN BARAT
Sungai Rusa,village,1.0345,108.9776,KALIMANTAN BARAT
Maringin Jaya,village,0.27828,110.46121,KALIMANTAN BARAT
Entipan,village,0.74292,111.82505,KALIMANTAN BARAT
Embala,village,0.09585,110.40823,KALIMANTAN BARAT
Nanga Kalan,village,-0.48074,112.01606,KALIMANTAN BARAT
Mayak,village,1.22462,109.76082,KALIMANTAN BARAT
Setunggul,village,0.38513,111.88237,KALIMANTAN BARAT
Sepinggan,village,1.16579,109.08877,KALIMANTAN BARAT
Berinang Mayun,village,0.71749,109.62012,KALIMANTAN BARAT
Gurung,village,0.44613,112.03641,KALIMANTAN BARAT
Cempaka Putih,village,0.93691,109.74447,KALIMANTAN BARAT
Sungai Kunyit Hulu,village,0.49142,108.95806,KALIMANTAN BARAT
Ansang,village,0.60312,109.62246,KALIMANTAN BARAT
Nanga Bayan,village,1.008,111.28317,KALIMANTAN BARAT
Pakit Mulau,village,0.54555,111.1538,KALIMANTAN BARAT
Tembawang Bale,village,0.63764,109.56349,KALIMANTAN BARAT
Pantok,village,-0.35512,110.83142,KALIMANTAN BARAT
Kualan Tengah,village,-0.40962,110.4798,KALIMANTAN BARAT
Pauh,village,0.5356,109.47453,KALIMANTAN BARAT
Lubuk Dagang,village,1.35515,109.31415,KALIMANTAN BARAT
Sandai,village,-1.24327,110.52827,KALIMANTAN BARAT
Sungai Kunyit Laut,village,0.49616,108.91111,KALIMANTAN BARAT
Ijuk,village,0.4093,111.17916,KALIMANTAN BARAT
Kuala Karang,village,-0.44484,109.11945,KALIMANTAN BARAT
Seriang,village,1.07778,111.97625,KALIMANTAN BARAT
Sungai Mata-Mata,village,-1.07702,109.9915,KALIMANTAN BARAT
Semenok,village,0.39548,109.47716,KALIMANTAN BARAT
Siantan Tengah,village,-0.00595,109.34847,KALIMANTAN BARAT
Peniti Besar,village,0.15955,109.2006,KALIMANTAN BARAT
Dalambugis,village,-0.02731,109.35027,KALIMANTAN BARAT
Tanjung Paku,village,-0.74768,112.09702,KALIMANTAN TENGAH
Kerapa Sepan,village,0.08602,111.91095,KALIMANTAN BARAT
Nek Ginap,village,0.71943,109.20406,KALIMANTAN BARAT
Manter,village,-0.07872,111.48513,KALIMANTAN BARAT
Lumut,village,-0.17901,110.08419,KALIMANTAN BARAT
Empodis,village,0.44013,110.56033,KALIMANTAN BARAT
Maju Karya,village,0.16175,110.42798,KALIMANTAN BARAT
Tuguk,village,-0.06918,111.86098,KALIMANTAN BARAT
Batu Ampar,village,-0.35278,111.59494,KALIMANTAN BARAT
Keramas,village,0.28544,109.5403,KALIMANTAN BARAT
Suka Jaya,village,-0.03081,111.34029,KALIMANTAN BARAT
Semparuk,village,1.18691,109.0841,KALIMANTAN BARAT
Temiang Taba,village,0.19764,110.18355,KALIMANTAN BARAT
Dange Aji,village,0.7768,110.00207,KALIMANTAN BARAT
Semitau Hilir,village,0.52943,111.96645,KALIMANTAN BARAT
Sekaruh,village,0.78172,109.57964,KALIMANTAN BARAT
Kampung Baru,village,-0.25719,109.95502,KALIMANTAN BARAT
Kumpang Tengah,village,0.15715,109.63018,KALIMANTAN BARAT
Parit Baru,village,1.05972,108.97346,KALIMANTAN BARAT
Sabaka,village,0.69641,109.34486,KALIMANTAN BARAT
Nanga Kiungkang,village,-0.20593,110.79922,KALIMANTAN BARAT
Pahokng,village,0.57936,109.34714,KALIMANTAN BARAT
Panding Jaya,village,0.71688,111.61529,KALIMANTAN BARAT
Ketori,village,0.60374,110.9211,KALIMANTAN BARAT
Gelata,village,-1.01806,111.49488,KALIMANTAN BARAT
Untang,village,0.71165,109.51127,KALIMANTAN BARAT
Sidai,village,0.92125,109.67254,KALIMANTAN BARAT
Batu Barat,village,-1.08179,110.05884,KALIMANTAN BARAT
Sepahat,village,0.44868,109.32501,KALIMANTAN BARAT
Sungai Nyirih,village,1.33786,109.05831,KALIMANTAN BARAT
Kuala Satong,village,-1.40822,110.08279,KALIMANTAN BARAT
Terusan,village,0.36711,108.95103,KALIMANTAN BARAT
Sungai Dungun,village,-0.43527,109.48164,KALIMANTAN BARAT
Sungai Maram,village,0.15408,111.73225,KALIMANTAN BARAT
Sungai Jaga A,village,0.58621,108.93075,KALIMANTAN BARAT
Pakak,village,0.01163,111.97284,KALIMANTAN BARAT
Sungai Mayam,village,-0.09513,110.33769,KALIMANTAN BARAT
Jangkang Benua,village,0.47927,110.78188,KALIMANTAN BARAT
Melayu,village,0.90672,108.97105,KALIMANTAN BARAT
Sungai Rengas,village,0.01022,109.24482,KALIMANTAN BARAT
Upit,village,-0.38215,111.40878,KALIMANTAN BARAT
Tumbang Darap,village,-1.05154,112.00652,KALIMANTAN TENGAH
Pawangi,village,0.64543,108.98845,KALIMANTAN BARAT
Semuntai,village,-0.16495,111.26486,KALIMANTAN BARAT
Kuala Dua,village,-0.23676,109.47009,KALIMANTAN BARAT
Semangau,village,1.30504,109.25315,KALIMANTAN BARAT
Binjai,village,0.26558,110.31165,KALIMANTAN BARAT
Semanggis Raya,village,0.01254,110.72898,KALIMANTAN BARAT
Karangan Purun,village,-0.64609,111.66927,KALIMANTAN BARAT
Pongok,village,0.31753,109.43268,KALIMANTAN BARAT
Tanjung Perada,village,0.0638,111.33386,KALIMANTAN BARAT
Karaban Jaya,village,1.23172,109.46895,KALIMANTAN BARAT
Kuala Mandor B,village,-0.00105,109.47483,KALIMANTAN BARAT
Bengkilu,village,1.04445,109.74786,KALIMANTAN BARAT
Bange,village,1.11338,109.68772,KALIMANTAN BARAT
Nanga Nuar,village,0.25206,111.87857,KALIMANTAN BARAT
Sepadu,village,1.13655,109.07421,KALIMANTAN BARAT
Nekan,village,0.86841,110.38235,KALIMANTAN BARAT
Batu Begigi,village,-0.79563,111.54932,KALIMANTAN BARAT
Tiang Tanjung,village,0.70492,109.42414,KALIMANTAN BARAT
Landau Kumpai,village,-0.38222,110.7436,KALIMANTAN BARAT
Tamong,village,1.10459,109.8473,KALIMANTAN BARAT
Merawa,village,-0.50636,110.41924,KALIMANTAN BARAT
Sampuro,village,0.50554,109.39911,KALIMANTAN BARAT
Ngabang,city,0.38304,109.95684,KALIMANTAN BARAT
Sidas,village,0.3981,109.75621,KALIMANTAN BARAT
village,village,0.92298,110.32249,KALIMANTAN BARAT
village,village,0.92505,110.29846,KALIMANTAN BARAT
Merau,hamlet,0.94913,110.27818,KALIMANTAN BARAT
Serangkang,hamlet,0.95886,110.31283,KALIMANTAN BARAT
Pasiran,village,0.89391,108.97869,KALIMANTAN BARAT
Singkawang,city,0.90699,108.98897,KALIMANTAN BARAT
Sekip Lama,village,0.91928,108.98893,KALIMANTAN BARAT
Pangkalan Jihing,hamlet,-1.2666,110.40704,KALIMANTAN BARAT
Cali,village,-1.31218,110.37603,KALIMANTAN BARAT
Arang Limbung,village,-0.11145,109.40959,KALIMANTAN BARAT
Banjar Serasan,village,-0.04158,109.36039,KALIMANTAN BARAT
Batang Tarang,hamlet,0.13526,110.09867,KALIMANTAN BARAT
Setulang,village,1.11146,112.19209,KALIMANTAN BARAT
Nanga Pinoh,city,-0.3316,111.737,KALIMANTAN BARAT
Sukadana,city,-1.23812,109.95714,KALIMANTAN BARAT
Kuala Randau,hamlet,-0.59171,110.47422,KALIMANTAN BARAT
Temu,hamlet,0.74613,109.63158,KALIMANTAN BARAT
Tonye,village,0.23463,110.69397,KALIMANTAN BARAT
Biding,village,0.24744,110.70917,KALIMANTAN BARAT
Sungai Kunang,hamlet,0.28787,110.6655,KALIMANTAN BARAT
Segelam,village,-0.08196,110.16193,KALIMANTAN BARAT
Tengkuyung,hamlet,-0.10265,110.17401,KALIMANTAN BARAT
Sintete,hamlet,1.1963,109.05486,KALIMANTAN BARAT
Sindang Kasih,hamlet,1.33252,109.78379,KALIMANTAN BARAT
Nusantara,hamlet,1.19907,108.99136,KALIMANTAN BARAT
Tanjung Medan,village,-1.42718,110.4337,KALIMANTAN BARAT
Mensubang,village,-1.36192,110.45337,KALIMANTAN BARAT
Pendulangan,hamlet,-1.16467,110.8059,KALIMANTAN BARAT
Sira,hamlet,-1.24721,110.97257,KALIMANTAN BARAT
Aur Gading,hamlet,-1.23178,110.8141,KALIMANTAN BARAT
Riam Dadap,village,-1.18897,110.82632,KALIMANTAN BARAT
Sekukun,village,-1.23933,110.84108,KALIMANTAN BARAT
Batu Lapis,village,-1.26483,110.87007,KALIMANTAN BARAT
Lubuk Kakap,village,-1.30896,111.14105,KALIMANTAN BARAT
Kenyabur,village,-0.74371,110.90354,KALIMANTAN BARAT
Sunge Bengaras,village,-0.83181,110.84018,KALIMANTAN BARAT
Krio Hulu,village,-0.87168,110.82692,KALIMANTAN BARAT
Tanjung Lambai,hamlet,-0.91818,110.79044,KALIMANTAN BARAT
Benua Krio,village,-1.1211,110.72599,KALIMANTAN BARAT
Batu Daya,village,-0.85948,110.32975,KALIMANTAN BARAT
Sei Temborang,hamlet,-0.44178,110.27533,KALIMANTAN BARAT
Labai Hilir,village,-0.50013,109.9663,KALIMANTAN BARAT
Balai Pinang Hulu,village,-0.45675,110.40234,KALIMANTAN BARAT
Kenanga,village,-0.67412,110.52832,KALIMANTAN BARAT
Legong,village,-0.57451,110.51093,KALIMANTAN BARAT
Paoh Concong,village,-0.67809,110.43953,KALIMANTAN BARAT
Merabu Jaya,village,-0.65354,110.67934,KALIMANTAN BARAT
Selangkut Raya,village,-0.7574,110.52296,KALIMANTAN BARAT
Lanjut Mekar Sari,village,-0.93306,110.53486,KALIMANTAN BARAT
Teluk Mutiara,village,-0.88925,110.50716,KALIMANTAN BARAT
Kepari,village,-0.88236,110.52866,KALIMANTAN BARAT
Sinar Kuri,village,-0.94438,110.45724,KALIMANTAN BARAT
Mekar Harapan,village,-1.03007,110.42842,KALIMANTAN BARAT
Bayun Sari,village,-1.10923,110.46122,KALIMANTAN BARAT
Teluk Bayur,village,-1.16891,110.4692,KALIMANTAN BARAT
Matan Jaya,village,-1.09788,110.2011,KALIMANTAN BARAT
Jago Bersatu,village,-1.20128,110.45426,KALIMANTAN BARAT
Istana,village,-1.22657,110.53594,KALIMANTAN BARAT
Telukbatang Utara,village,-0.97087,109.75033,KALIMANTAN BARAT
Telukbatang Selatan,village,-1.00425,109.78286,KALIMANTAN BARAT
Medan Jaya,village,-1.09164,109.9651,KALIMANTAN BARAT
Lubuk Batu,village,-1.02527,110.24571,KALIMANTAN BARAT
Sedahan Jaya,village,-1.19793,110.01124,KALIMANTAN BARAT
Gunungsembilan,village,-1.21481,109.93382,KALIMANTAN BARAT
Sutera,village,-1.23273,109.95257,KALIMANTAN BARAT
Pampang Harapan,village,-1.26832,109.9989,KALIMANTAN BARAT
Sungai Daka,village,-0.97385,110.46622,KALIMANTAN BARAT
Pendamaran Indah,village,-1.04881,110.58975,KALIMANTAN BARAT
Alam Pakuan,village,-1.12655,110.59749,KALIMANTAN BARAT
Merimbang Jaya,village,-1.06169,110.57659,KALIMANTAN BARAT
Botuh Bosi,village,-0.53267,110.3625,KALIMANTAN BARAT
Kamora,village,-0.83143,110.28456,KALIMANTAN BARAT
Buntut Sapau,village,-1.01056,111.72653,KALIMANTAN TENGAH
Rantau Betung,village,-1.27036,111.80933,KALIMANTAN TENGAH
Sebandang,hamlet,-0.13989,110.10256,KALIMANTAN BARAT
Pasir Mentawak,hamlet,-0.09225,109.9792,KALIMANTAN BARAT
Kelapuk,hamlet,-0.36722,109.92591,KALIMANTAN BARAT
Mungguk Pasir,hamlet,-0.29498,110.05443,KALIMANTAN BARAT
Mangkup,hamlet,-0.27427,110.09907,KALIMANTAN BARAT
Modang,hamlet,-0.33136,110.16845,KALIMANTAN BARAT
Pemansak,hamlet,-0.38737,110.23836,KALIMANTAN BARAT
Punggur Kapuas,village,-0.12739,109.18975,KALIMANTAN BARAT
Pematang Tujuh,village,-0.24874,109.25938,KALIMANTAN BARAT
Sungai Radak I,village,-0.40398,109.64081,KALIMANTAN BARAT
Sungai Selamat,village,-0.39371,109.21213,KALIMANTAN BARAT
Pelita Jaya,village,-0.51204,109.34607,KALIMANTAN BARAT
Medan Mas,village,-0.75031,109.41868,KALIMANTAN BARAT
Jawa Tengah,village,-0.04051,109.47035,KALIMANTAN BARAT
Teluk Bakung,village,0.01279,109.80899,KALIMANTAN BARAT
Sungai Malaya,village,0.02601,109.38484,KALIMANTAN BARAT
Madu Sari,village,-0.11167,109.43979,KALIMANTAN BARAT
Kalibandung,village,-0.33429,109.60399,KALIMANTAN BARAT
Muara Baru,village,-0.27061,109.76637,KALIMANTAN BARAT
Tanjung Durian,hamlet,-0.26101,109.93222,KALIMANTAN BARAT
Martalaya,hamlet,-0.26276,109.94558,KALIMANTAN BARAT
Gempar,hamlet,-0.22142,109.94133,KALIMANTAN BARAT
Pulau Jambu,village,-0.24149,109.9508,KALIMANTAN BARAT
Seberang Kapuas,village,0.03218,110.89105,KALIMANTAN BARAT
Tanjung,village,0.02426,110.89499,KALIMANTAN BARAT
Sungai Ringin,village,0.01763,110.8821,KALIMANTAN BARAT
Nanga Kenaya,hamlet,-0.14203,110.85912,KALIMANTAN BARAT
Selintah Hilir,hamlet,-0.13793,110.8529,KALIMANTAN BARAT
Selintah Hulu,hamlet,-0.13404,110.84532,KALIMANTAN BARAT
Bansir Darat,village,-0.0769,109.33757,KALIMANTAN BARAT
Bansir Laut,village,-0.05442,109.34967,KALIMANTAN BARAT
Tengah,village,-0.02266,109.33628,KALIMANTAN BARAT
Akcaya,village,-0.04721,109.32787,KALIMANTAN BARAT
Kotabaru,village,-0.06163,109.31379,KALIMANTAN BARAT
Sungaijawi,village,-0.0333,109.30487,KALIMANTAN BARAT
Bangkabelitung Laut,village,-0.05733,109.35945,KALIMANTAN BARAT
Tanjung Hilir,village,-0.0242,109.35714,KALIMANTAN BARAT
Batu Lintang,town,1.01967,111.55298,KALIMANTAN BARAT
Nanga Kompi,village,-0.85243,111.76731,KALIMANTAN BARAT
Bekuan,village,0.33476,112.08492,KALIMANTAN BARAT
Tanjung Keliling,village,0.38695,112.06255,KALIMANTAN BARAT
Nanga Lot,village,0.27849,112.15584,KALIMANTAN BARAT
Ranyai,village,0.35595,112.01612,KALIMANTAN BARAT
Nanga Pala,village,0.40456,111.97769,KALIMANTAN BARAT
Tajau Mada,village,0.42898,112.02074,KALIMANTAN BARAT
Jerenjang,village,0.45586,112.00086,KALIMANTAN BARAT
Akcaya,village,0.08083,111.53737,KALIMANTAN BARAT
Lalang Baru,village,0.02732,111.51176,KALIMANTAN BARAT
Jerora Satu,village,0.08494,111.55537,KALIMANTAN BARAT
Kebiau Baru,village,0.12868,111.5716,KALIMANTAN BARAT
Alai,village,0.07564,111.49241,KALIMANTAN BARAT
Sungai Ana,village,0.06304,111.5134,KALIMANTAN BARAT
Merti Guna,village,0.03669,111.48171,KALIMANTAN BARAT
Mengkurai,village,0.08593,111.46856,KALIMANTAN BARAT
Kedabang,village,0.09176,111.44416,KALIMANTAN BARAT
Rawa Mambok,village,0.05594,111.47729,KALIMANTAN BARAT
Sengkuang,village,0.04918,111.47035,KALIMANTAN BARAT
Anggah Jaya,village,0.07944,111.43081,KALIMANTAN BARAT
Tanjung Kelansam,village,0.12678,111.39704,KALIMANTAN BARAT
Batu Lalau,village,0.10873,111.41101,KALIMANTAN BARAT
Mekar Jaya,village,0.10746,111.4454,KALIMANTAN BARAT
Menyumbung Tengah,village,0.08584,111.50299,KALIMANTAN BARAT
Ulak Jaya,village,0.09504,111.51458,KALIMANTAN BARAT
Baras,village,0.01371,111.73516,KALIMANTAN BARAT
Umin Jaya,village,0.03558,111.77482,KALIMANTAN BARAT
Apin Baru,village,-0.05415,111.75277,KALIMANTAN BARAT
Hulu Dedai,village,-0.04902,111.78873,KALIMANTAN BARAT
Jangkang,village,-0.05935,111.6951,KALIMANTAN BARAT
Menaong Baru,village,0.06054,111.83366,KALIMANTAN BARAT
Merempit Baru,village,0.08311,111.82436,KALIMANTAN BARAT
Terusan,village,0.04487,111.7181,KALIMANTAN BARAT
Samak,hamlet,0.06153,111.66807,KALIMANTAN BARAT
Mengkirai Jaya,village,-0.13213,111.67106,KALIMANTAN BARAT
Gandis Hulu,village,-0.10015,111.63236,KALIMANTAN BARAT
Gandis,village,-0.10349,111.6186,KALIMANTAN BARAT
Dedai Kanan,village,-0.05777,111.64283,KALIMANTAN BARAT
Manyam,village,-0.03609,111.6426,KALIMANTAN BARAT
Sungai Tapang,village,-0.02719,111.62128,KALIMANTAN BARAT
Tanjung,village,-0.00344,111.63857,KALIMANTAN BARAT
Batu Landung,village,0.00312,111.6093,KALIMANTAN BARAT
Mail Jampong,village,0.03605,111.5955,KALIMANTAN BARAT
Tebing Raya,village,0.00606,111.5701,KALIMANTAN BARAT
Sungai Jaung,village,0.17249,111.26724,KALIMANTAN BARAT
Sukau Bersatu,village,0.10563,111.29222,KALIMANTAN BARAT
Makong,hamlet,-0.02934,111.37992,KALIMANTAN BARAT
Jaya Mentari,village,-0.32083,111.28809,KALIMANTAN BARAT
Riam Batu,village,-0.37767,111.3207,KALIMANTAN BARAT
Pekulai Bersatu,village,-0.27356,111.28575,KALIMANTAN BARAT
Sungai Buluh,village,-0.25349,111.2887,KALIMANTAN BARAT
Melimbuk,hamlet,-0.23316,111.32648,KALIMANTAN BARAT
Kuala Tiga,village,-0.24096,111.31915,KALIMANTAN BARAT
Kupan Jaya,village,-0.2357,111.32745,KALIMANTAN BARAT
Pulau Jaya,village,-0.22431,111.32577,KALIMANTAN BARAT
Pudau Bersatu,village,-0.19527,111.37401,KALIMANTAN BARAT
Kenyabur Baru,village,-0.15988,111.41285,KALIMANTAN BARAT
Pagal Baru,village,-0.11284,111.41292,KALIMANTAN BARAT
Pangkal Baru,village,-0.15711,111.29913,KALIMANTAN BARAT
Mensiap Jaya,village,0.10656,111.33291,KALIMANTAN BARAT
Temiang Kapuas,village,0.05584,111.31,KALIMANTAN BARAT
Tebedak,hamlet,-0.15434,111.25193,KALIMANTAN BARAT
Bungkong Baru,village,-0.31997,111.04173,KALIMANTAN BARAT
Limau Bakti,village,-0.30057,111.08634,KALIMANTAN BARAT
Sungai Segak,village,-0.46247,111.18049,KALIMANTAN BARAT
Tanjung Mawang,village,-0.33077,111.08047,KALIMANTAN BARAT
Temawang Bulai,village,-0.41532,111.21217,KALIMANTAN BARAT
Sunsong,village,-0.32311,111.02242,KALIMANTAN BARAT
Kemantan,village,-0.28691,111.13816,KALIMANTAN BARAT
Riam Kempadik,village,-0.21639,111.22598,KALIMANTAN BARAT
Nanga Layung,village,-0.20511,111.23992,KALIMANTAN BARAT
Landau Panjang,village,-0.22399,111.12624,KALIMANTAN BARAT
Bangun,village,-0.20432,111.14634,KALIMANTAN BARAT
Kambong,hamlet,-0.1577,111.18026,KALIMANTAN BARAT
Mengkurai,hamlet,-0.1752,111.26726,KALIMANTAN BARAT
Lubuk Buyu,hamlet,-0.11922,111.2498,KALIMANTAN BARAT
Tanjung Balai,village,-0.07337,111.23675,KALIMANTAN BARAT
Mait Hilir,village,-0.06093,111.27193,KALIMANTAN BARAT
Peninsung,village,-0.11024,111.26221,KALIMANTAN BARAT
Paoh Benua,village,-0.01726,111.29425,KALIMANTAN BARAT
Sinar Harapan,village,0.02769,111.14236,KALIMANTAN BARAT
Sepulut,village,-5e-05,111.1816,KALIMANTAN BARAT
Lengkenat,village,0.01195,111.2182,KALIMANTAN BARAT
Tanjung Hulu,village,0.02233,111.20969,KALIMANTAN BARAT
Sungai Raya,village,0.09395,111.23049,KALIMANTAN BARAT
Nanga Sepauk,village,0.06946,111.20118,KALIMANTAN BARAT
Entabuk,village,0.07978,111.19771,KALIMANTAN BARAT
Sungai Gandal,hamlet,0.31981,111.1588,KALIMANTAN BARAT
SP3 Padak,hamlet,0.23994,111.16529,KALIMANTAN BARAT
Menua Prama,village,0.28913,111.1744,KALIMANTAN BARAT
Maboh Permai,village,0.18076,111.18164,KALIMANTAN BARAT
Setalon,hamlet,0.16507,111.23153,KALIMANTAN BARAT
Pakan,hamlet,0.48192,111.19021,KALIMANTAN BARAT
Janang Pelintang,hamlet,0.32169,111.10709,KALIMANTAN BARAT
Pateh,hamlet,0.37252,111.1654,KALIMANTAN BARAT
Balau Nyawang,hamlet,0.41403,111.01214,KALIMANTAN BARAT
Keliat,hamlet,0.44347,111.08884,KALIMANTAN BARAT
Mertawai,hamlet,0.46726,111.07111,KALIMANTAN BARAT
Singkam,hamlet,0.38629,111.2206,KALIMANTAN BARAT
Sui Munong,hamlet,0.40208,111.23935,KALIMANTAN BARAT
Empajak,village,0.19514,111.06193,KALIMANTAN BARAT
Sungai Ayak Dua,village,0.10141,111.06704,KALIMANTAN BARAT
Persiapan Sepantak,village,0.11454,111.06287,KALIMANTAN BARAT
Tanjak Dait,hamlet,0.02568,110.77903,KALIMANTAN BARAT
Serasau Jaya,hamlet,-0.02504,110.76569,KALIMANTAN BARAT
Amak,hamlet,0.02308,110.77129,KALIMANTAN BARAT
Mungguk,village,0.00687,110.91003,KALIMANTAN BARAT
Selalong,village,-0.03118,110.87257,KALIMANTAN BARAT
Semapuk,hamlet,-0.02066,111.01204,KALIMANTAN BARAT
Ensalang,village,-0.02021,110.8102,KALIMANTAN BARAT
Beringkai Raya,village,0.21692,110.95222,KALIMANTAN BARAT
Persiapan Tigur Jaya,village,0.18115,110.96103,KALIMANTAN BARAT
Sempelas,hamlet,0.16354,110.91838,KALIMANTAN BARAT
Selimus,hamlet,0.11248,110.98035,KALIMANTAN BARAT
Tabai,hamlet,0.1953,110.91517,KALIMANTAN BARAT
Beringin Maju,hamlet,0.16447,110.93782,KALIMANTAN BARAT
Sungai Akar,hamlet,0.06387,110.91444,KALIMANTAN BARAT
Teluk Pasir,hamlet,0.06042,110.93135,KALIMANTAN BARAT
Sempulau Indah,village,0.08833,110.95518,KALIMANTAN BARAT
Bokak Sebumbun,village,-0.00613,110.95459,KALIMANTAN BARAT
Empering,hamlet,-0.03582,111.08366,KALIMANTAN BARAT
Penjernang Hulu,village,-0.27029,111.38505,KALIMANTAN BARAT
Kunyai,village,-0.03921,111.42231,KALIMANTAN BARAT
Riam Kijang,village,-0.2074,111.42773,KALIMANTAN BARAT
Lundang,hamlet,-0.07114,111.59701,KALIMANTAN BARAT
Sabang Surai,village,-0.13741,111.51615,KALIMANTAN BARAT
Laman Raya,village,-0.14754,111.55434,KALIMANTAN BARAT
Baya Mulya,village,-0.17161,111.56569,KALIMANTAN BARAT
Solam Raya,village,-0.18985,111.4706,KALIMANTAN BARAT
Balai Agung,village,0.01112,111.45074,KALIMANTAN BARAT
Nanga Pau,village,-0.43261,111.43906,KALIMANTAN BARAT
Nanga Entebah,village,-0.38027,111.44783,KALIMANTAN BARAT
Kayu Bunga,village,-0.52114,111.53643,KALIMANTAN BARAT
Piawas,village,-0.4108,111.51055,KALIMANTAN BARAT
Tekaban,village,-0.36501,111.57602,KALIMANTAN BARAT
Labang,village,-0.34933,111.67847,KALIMANTAN BARAT
Nanga Menunuk,village,-0.33232,111.64224,KALIMANTAN BARAT
Sepan Tonak,village,-0.22724,111.56461,KALIMANTAN BARAT
Nusa Pandau,village,-0.38466,111.96582,KALIMANTAN BARAT
Tebing Karangan,village,-0.33299,111.88201,KALIMANTAN BARAT
Tanjung Arak,village,-0.35904,111.84017,KALIMANTAN BARAT
Semadin Lengkong,village,-0.34749,111.80935,KALIMANTAN BARAT
Kelakik,village,-0.35373,111.78168,KALIMANTAN BARAT
Kenual,village,-0.3401,111.74098,KALIMANTAN BARAT
Labai Mandiri,village,-0.41293,111.74802,KALIMANTAN BARAT
Tanjung Lay,village,-0.37966,111.72765,KALIMANTAN BARAT
Sidomulyo,village,-0.33555,111.72745,KALIMANTAN BARAT
Tanjung Tengang,village,-0.35623,111.69651,KALIMANTAN BARAT
Natai Mulan,hamlet,-0.17969,111.86049,KALIMANTAN BARAT
Nanga Lidau,village,-0.15381,111.79907,KALIMANTAN BARAT
Kayan Semapau,village,-0.16049,111.70474,KALIMANTAN BARAT
Senibung,village,-0.23055,111.7578,KALIMANTAN BARAT
Tengkajau,village,-0.2239,111.72386,KALIMANTAN BARAT
Melamut Bersatu,village,-0.25397,111.69815,KALIMANTAN BARAT
Nanga Belimbing,village,-0.26903,111.65214,KALIMANTAN BARAT
Suka Damai,village,-0.29875,111.69596,KALIMANTAN BARAT
Natai Panjang,village,-0.23175,111.87036,KALIMANTAN BARAT
Manding,village,-0.24793,111.8613,KALIMANTAN BARAT
Sungai Raya,village,-0.26322,111.81777,KALIMANTAN BARAT
Kompas Raya,village,-0.31248,111.76447,KALIMANTAN BARAT
Melawi Kiri Hilir,village,-0.32341,111.72466,KALIMANTAN BARAT
Merah Arai,village,-0.29641,111.9056,KALIMANTAN BARAT
Merpak,village,-0.25771,112.0304,KALIMANTAN BARAT
Natai Tebedak,village,-0.11389,111.74787,KALIMANTAN BARAT
Sungai Ranap,village,-0.09592,111.76371,KALIMANTAN BARAT
Kempas Raya,village,0.03989,111.95673,KALIMANTAN BARAT
Karya Baru,village,-0.01687,111.97482,KALIMANTAN BARAT
Jaya Sakti,village,-0.05135,111.96518,KALIMANTAN BARAT
Sungai Emang,village,-0.04028,111.98844,KALIMANTAN BARAT
Tertung Mau,village,-0.02492,112.00396,KALIMANTAN BARAT
Linggam Permai,village,0.00426,111.82923,KALIMANTAN BARAT
Ipoh Emang,village,-0.03779,111.8302,KALIMANTAN BARAT
Tanjung Putar,village,0.00635,111.92554,KALIMANTAN BARAT
Buluk Panjang,village,0.06011,111.93709,KALIMANTAN BARAT
Buluk Jegara,village,0.04383,111.91962,KALIMANTAN BARAT
Mekar Mandiri,village,-0.09544,111.89981,KALIMANTAN BARAT
Engkerangan,village,-0.12941,111.887,KALIMANTAN BARAT
Monbai Begununk,village,-0.12075,111.92944,KALIMANTAN BARAT
Kelam Sejahtera,hamlet,0.09135,111.64174,KALIMANTAN BARAT
Karya Jaya Bhakti,village,0.18555,111.65227,KALIMANTAN BARAT
Sungai Lais,village,0.1942,111.72488,KALIMANTAN BARAT
Mandiri Jaya,village,0.26534,111.64268,KALIMANTAN BARAT
Gemba Raya,village,0.20412,111.8164,KALIMANTAN BARAT
Landau Kodam,village,0.12431,111.89911,KALIMANTAN BARAT
Sungai Labi,village,0.15806,111.91426,KALIMANTAN BARAT
Mensiku Pantai,hamlet,0.21805,111.55346,KALIMANTAN BARAT
Empaka Kabiau Raya,village,0.13356,111.59787,KALIMANTAN BARAT
Sungai Risap Mensiku Bersatu,village,0.25672,111.44282,KALIMANTAN BARAT
Simba Raya,village,0.14487,111.50406,KALIMANTAN BARAT
Sungai Jelawai,hamlet,0.21178,111.62498,KALIMANTAN BARAT
Sungai Kuncit,hamlet,0.337,111.65638,KALIMANTAN BARAT
Inggut,hamlet,0.16588,112.15388,KALIMANTAN BARAT
Lebak Najah,village,0.24284,112.036,KALIMANTAN BARAT
Tanjung Luar,hamlet,0.20863,112.11762,KALIMANTAN BARAT
Perjuk,village,0.13886,112.13388,KALIMANTAN BARAT
Nanga Pengga,hamlet,0.1902,112.12797,KALIMANTAN BARAT
Selimu,village,0.20539,112.14429,KALIMANTAN BARAT
Entibab,hamlet,0.25391,111.99719,KALIMANTAN BARAT
Rumbih,village,0.28883,111.88311,KALIMANTAN BARAT
Sentabai,village,0.44686,111.80526,KALIMANTAN BARAT
Penai,village,0.33498,111.70989,KALIMANTAN BARAT
Bukit Penai,village,0.33397,111.74533,KALIMANTAN BARAT
Menapar,village,0.54171,112.06032,KALIMANTAN BARAT
Laut Tawang,village,0.77589,111.981,KALIMANTAN BARAT
Nanga Kenelang,hamlet,0.77731,111.97834,KALIMANTAN BARAT
Laut Tawang,village,0.74538,111.96163,KALIMANTAN BARAT
Tanjung Harapan,village,0.61635,112.00955,KALIMANTAN BARAT
Sekedau,village,0.583,111.76048,KALIMANTAN BARAT
Tua' Abang,village,0.62541,111.77091,KALIMANTAN BARAT
Padung Kumang,village,0.72129,111.75805,KALIMANTAN BARAT
Nanga Kenepai,village,0.61597,111.93377,KALIMANTAN BARAT
Marsedan Raya,village,0.56383,111.96365,KALIMANTAN BARAT
Semitau Hulu,village,0.54792,111.96077,KALIMANTAN BARAT
Nanga Lemedak,village,0.48599,111.892,KALIMANTAN BARAT
Tempurau,village,0.9055,112.18583,KALIMANTAN BARAT
Vega,village,0.7167,112.17881,KALIMANTAN BARAT
Titian Kuala,village,0.61547,112.12519,KALIMANTAN BARAT
Sungai Deras,village,0.43719,111.34929,KALIMANTAN BARAT
Betung Permai,village,0.49367,111.39897,KALIMANTAN BARAT
Bakti Senabung,village,0.5353,111.33587,KALIMANTAN BARAT
Landau Buaya,village,0.47973,111.33558,KALIMANTAN BARAT
Beluh Mulyo,village,0.4876,111.47407,KALIMANTAN BARAT
Lepung Pantak,village,0.35415,111.39557,KALIMANTAN BARAT
Ratu Damai,village,0.29358,111.30627,KALIMANTAN BARAT
Bukit Sidin Permai,village,0.56896,111.5685,KALIMANTAN BARAT
Pampang Dua,village,0.50297,111.68639,KALIMANTAN BARAT
Mungguk Kelapa,village,0.53552,111.69698,KALIMANTAN BARAT
Batu Nyadi,village,0.49619,111.57851,KALIMANTAN BARAT
Maung,village,0.45269,111.58645,KALIMANTAN BARAT
Batu Ampar,village,0.42975,111.65274,KALIMANTAN BARAT
Jentawang Hilir,village,0.42506,111.65308,KALIMANTAN BARAT
Nanga Ketungau,village,0.35726,111.61847,KALIMANTAN BARAT
Kubu Berangan,village,0.77196,111.40544,KALIMANTAN BARAT
Lubuk Kedang,hamlet,0.92211,111.38627,KALIMANTAN BARAT
Nanga Kelapan,village,0.90828,111.39498,KALIMANTAN BARAT
Semareh,village,0.97978,111.32511,KALIMANTAN BARAT
Mungguk Gelombang,village,0.85943,111.45885,KALIMANTAN BARAT
Sebara,hamlet,0.80076,111.54239,KALIMANTAN BARAT
Binda Engkirap,hamlet,0.77833,111.62993,KALIMANTAN BARAT
Kayu Dujung,village,0.78068,111.68866,KALIMANTAN BARAT
Landau Temiang,village,0.72276,111.64208,KALIMANTAN BARAT
Padung Kumang,village,0.69888,111.67361,KALIMANTAN BARAT
Radin Jaya,village,0.76984,111.57318,KALIMANTAN BARAT
Senangan Jaya,village,0.73981,111.49856,KALIMANTAN BARAT
Senangan Kecil,village,0.705,111.53514,KALIMANTAN BARAT
Mungguk Lawang,village,0.65523,111.67048,KALIMANTAN BARAT
Nanga Merakai,hamlet,0.68782,111.51584,KALIMANTAN BARAT
Sungai Areh,village,0.66156,111.20502,KALIMANTAN BARAT
Panggi Ruguk,village,0.59892,111.34371,KALIMANTAN BARAT
Engkitan,village,0.5599,111.39354,KALIMANTAN BARAT
Melingkat,hamlet,0.77356,111.05179,KALIMANTAN BARAT
Pedian,hamlet,0.77626,110.87637,KALIMANTAN BARAT
Sejawak,village,0.8887,111.24973,KALIMANTAN BARAT
Sungai Bugau,village,0.89181,111.14533,KALIMANTAN BARAT
Idai,village,0.9632,111.29274,KALIMANTAN BARAT
Engkeruh,village,0.93611,111.08929,KALIMANTAN BARAT
Sebuluh,village,1.00642,111.13671,KALIMANTAN BARAT
Riam Sejawak,village,1.0044,111.15278,KALIMANTAN BARAT
Sungai Kelik,village,1.01819,111.20138,KALIMANTAN BARAT
Sungai Mawang,village,0.88801,111.31532,KALIMANTAN BARAT
Nanga Sebawang,village,0.84542,111.24337,KALIMANTAN BARAT
Sekaih,village,0.85353,111.20919,KALIMANTAN BARAT
Sebetung Paluk,village,0.93751,111.25262,KALIMANTAN BARAT
Sungai Pisau,village,0.89122,111.04496,KALIMANTAN BARAT
Bekuan Luyang,village,0.85987,111.01077,KALIMANTAN BARAT
Muakan Petinggi,village,0.88486,110.97462,KALIMANTAN BARAT
Neraci Jaya,village,0.90631,110.94233,KALIMANTAN BARAT
Empunak Tapang Keladan,village,0.84875,110.98655,KALIMANTAN BARAT
Ujung Kempas,village,0.78057,110.99036,KALIMANTAN BARAT
Nanga Bugau,village,0.7554,111.13937,KALIMANTAN BARAT
Mungguk Entawak,village,0.73458,111.1793,KALIMANTAN BARAT
Embaleh,village,0.72038,111.26147,KALIMANTAN BARAT
Kantuk Asam,village,0.97801,111.75446,KALIMANTAN BARAT
Merakai Panjang,village,1.00971,111.67101,KALIMANTAN BARAT
Langau,village,0.94961,111.5816,KALIMANTAN BARAT
Sungai Antu,village,0.98113,111.60795,KALIMANTAN BARAT
Meramun Kunyit,hamlet,0.51103,109.8006,KALIMANTAN BARAT
Engkadu,village,0.5109,110.03265,KALIMANTAN BARAT
Ambarang,village,0.49719,109.98693,KALIMANTAN BARAT
Selaba,hamlet,0.42541,109.94116,KALIMANTAN BARAT
Pesayangan,hamlet,0.40298,109.95648,KALIMANTAN BARAT
Sungai Tuba,hamlet,0.54892,109.82817,KALIMANTAN BARAT
Reo Majau,hamlet,0.42231,109.79374,KALIMANTAN BARAT
Tareng,hamlet,0.4115,109.81068,KALIMANTAN BARAT
Semuhut,hamlet,0.3875,109.81241,KALIMANTAN BARAT
Sebetuk,hamlet,0.51416,109.74241,KALIMANTAN BARAT
Beram,hamlet,0.42866,109.85805,KALIMANTAN BARAT
Kelepuk,hamlet,0.43238,109.88876,KALIMANTAN BARAT
Singkut Buluh,hamlet,0.43265,109.62889,KALIMANTAN BARAT
Rabak,village,0.4749,109.65257,KALIMANTAN BARAT
Gundaleng,hamlet,0.35468,109.56867,KALIMANTAN BARAT
Kepayang,hamlet,0.28136,109.70158,KALIMANTAN BARAT
Liansipi,hamlet,0.32373,109.35757,KALIMANTAN BARAT
Pak Bulu,village,0.34098,109.20919,KALIMANTAN BARAT
Betung Pulai,hamlet,0.35736,109.50355,KALIMANTAN BARAT
Gutok,hamlet,0.61324,109.25775,KALIMANTAN BARAT
Tampah,hamlet,0.54687,109.0797,KALIMANTAN BARAT
Untang,hamlet,0.53845,109.15037,KALIMANTAN BARAT
Tikalong,hamlet,0.57212,109.20561,KALIMANTAN BARAT
Tahuban,hamlet,0.62463,109.45096,KALIMANTAN BARAT
Pakato,hamlet,0.61088,109.40026,KALIMANTAN BARAT
Bawat,hamlet,0.60785,109.34212,KALIMANTAN BARAT
Sebangki,hamlet,0.71916,109.41185,KALIMANTAN BARAT
Kalumpe,hamlet,0.69875,109.37096,KALIMANTAN BARAT
Keranji,hamlet,0.65913,109.266,KALIMANTAN BARAT
Pelanjau,hamlet,0.67999,109.28386,KALIMANTAN BARAT
Tikalong,hamlet,0.65008,109.39413,KALIMANTAN BARAT
Lirang,hamlet,0.60514,109.39687,KALIMANTAN BARAT
Jame,hamlet,0.43857,109.50796,KALIMANTAN BARAT
Liantong,hamlet,0.38486,109.35398,KALIMANTAN BARAT
Baweng,hamlet,0.40051,109.35732,KALIMANTAN BARAT
Saledok,hamlet,0.39527,109.39885,KALIMANTAN BARAT
Malino,hamlet,0.433,109.43165,KALIMANTAN BARAT
Setutuk,hamlet,0.44788,109.45606,KALIMANTAN BARAT
Silung,hamlet,0.44815,109.34761,KALIMANTAN BARAT
Mensio,hamlet,0.46865,109.35246,KALIMANTAN BARAT
Tanjam,hamlet,0.49806,109.36641,KALIMANTAN BARAT
Konyo,hamlet,0.50717,109.30503,KALIMANTAN BARAT
Tengkuning,hamlet,0.45682,109.30807,KALIMANTAN BARAT
Babunting,hamlet,0.55149,109.74107,KALIMANTAN BARAT
Bacang,hamlet,0.56141,109.76142,KALIMANTAN BARAT
Ampadan,hamlet,0.65767,109.55854,KALIMANTAN BARAT
Pelaik Kemayo,hamlet,0.64969,109.49814,KALIMANTAN BARAT
Medang,hamlet,0.64528,109.53921,KALIMANTAN BARAT
Peranuk,hamlet,0.73797,109.53969,KALIMANTAN BARAT
Sentibak,hamlet,0.73197,109.53278,KALIMANTAN BARAT
Atong,hamlet,0.41022,109.54153,KALIMANTAN BARAT
Berinang,hamlet,0.53054,109.4555,KALIMANTAN BARAT
Sungai Pinang,hamlet,0.49158,109.45995,KALIMANTAN BARAT
Mangaro,hamlet,0.48434,109.49233,KALIMANTAN BARAT
Kencok,hamlet,0.54425,109.46628,KALIMANTAN BARAT
Moro Behe,hamlet,0.7125,109.72278,KALIMANTAN BARAT
Jelayan,hamlet,0.67644,109.74201,KALIMANTAN BARAT
Sejowet Rantau,hamlet,0.71198,109.82888,KALIMANTAN BARAT
Berangan Pale,hamlet,0.73057,109.83042,KALIMANTAN BARAT
Sengkeruh,hamlet,0.60245,109.89605,KALIMANTAN BARAT
Senunuk,hamlet,0.22892,109.57239,KALIMANTAN BARAT
Sahek,hamlet,0.20015,109.60629,KALIMANTAN BARAT
Setaik,hamlet,0.1319,109.58671,KALIMANTAN BARAT
Belangiran,hamlet,0.13774,109.62474,KALIMANTAN BARAT
Empawah,hamlet,0.06021,110.12991,KALIMANTAN BARAT
Cempedak,village,0.05959,110.08221,KALIMANTAN BARAT
Mungguk Dian,hamlet,0.05313,110.16707,KALIMANTAN BARAT
Biyu,hamlet,0.10516,110.20386,KALIMANTAN BARAT
Pasang Surut,hamlet,0.06283,110.16892,KALIMANTAN BARAT
Mak Kawing,village,0.10829,110.07551,KALIMANTAN BARAT
Tebang Benua,village,0.0753,110.0743,KALIMANTAN BARAT
Keranjik,hamlet,0.17192,110.10042,KALIMANTAN BARAT
Temiang Keranjik,hamlet,0.18648,110.09002,KALIMANTAN BARAT
Ceriak,hamlet,0.09211,110.1747,KALIMANTAN BARAT
Embinyer,hamlet,0.12189,110.15157,KALIMANTAN BARAT
Mungguk Tampui,hamlet,0.11038,110.14773,KALIMANTAN BARAT
Manang,hamlet,0.08805,110.13393,KALIMANTAN BARAT
Mungguk Tawak,hamlet,0.10782,110.12899,KALIMANTAN BARAT
Tibung,hamlet,0.11306,110.04363,KALIMANTAN BARAT
Padang,hamlet,0.16576,110.04143,KALIMANTAN BARAT
Penyakat,hamlet,0.06296,109.90967,KALIMANTAN BARAT
Tantang B,hamlet,0.34153,110.44208,KALIMANTAN BARAT
Pandan Sembuat,village,0.31682,110.32949,KALIMANTAN BARAT
Guna Banir,hamlet,0.8382,110.653,KALIMANTAN BARAT
Segumon,hamlet,0.83459,110.61692,KALIMANTAN BARAT
Sungai Daun,hamlet,0.78397,110.67361,KALIMANTAN BARAT
Miruk,hamlet,0.78793,110.74438,KALIMANTAN BARAT
Sungai Sadong,hamlet,0.76784,110.46419,KALIMANTAN BARAT
Ruis,hamlet,0.78621,110.46201,KALIMANTAN BARAT
Ramayan,hamlet,0.79218,110.45802,KALIMANTAN BARAT
Bungkang,village,0.8432,110.48561,KALIMANTAN BARAT
Semayong,hamlet,0.75856,110.30567,KALIMANTAN BARAT
Bengkuang Sari,hamlet,0.70227,110.35947,KALIMANTAN BARAT
Lomur,hamlet,0.8118,110.39347,KALIMANTAN BARAT
Gun Tembawang,hamlet,1.17323,110.1789,KALIMANTAN BARAT
Gun Jemak,hamlet,1.13615,110.16609,KALIMANTAN BARAT
Senutul,hamlet,1.05623,110.12838,KALIMANTAN BARAT
Pool,hamlet,1.0512,110.14559,KALIMANTAN BARAT
Entabang,hamlet,0.99818,110.26211,KALIMANTAN BARAT
Mangkau,hamlet,1.0343,110.22693,KALIMANTAN BARAT
Suruh Engkadok,hamlet,1.05445,110.20019,KALIMANTAN BARAT
Pala Pasang,village,1.0734,110.22201,KALIMANTAN BARAT
Lintang,hamlet,0.21543,110.33642,KALIMANTAN BARAT
Nala,hamlet,0.11117,110.41275,KALIMANTAN BARAT
Rian,hamlet,0.14005,110.46344,KALIMANTAN BARAT
Engkalet,hamlet,0.22749,110.49626,KALIMANTAN BARAT
Serosat,hamlet,0.23554,110.48401,KALIMANTAN BARAT
Ensoyong,hamlet,0.26187,110.52662,KALIMANTAN BARAT
Bukong,hamlet,0.06153,110.43763,KALIMANTAN BARAT
Gok Nala,hamlet,0.29679,110.5494,KALIMANTAN BARAT
Sebotuh,hamlet,0.16776,110.42869,KALIMANTAN BARAT
Sedowai,hamlet,0.13254,110.43517,KALIMANTAN BARAT
Layau,hamlet,0.22898,110.39626,KALIMANTAN BARAT
Bodok,hamlet,0.20489,110.43507,KALIMANTAN BARAT
Pasir,hamlet,-0.07194,110.3167,KALIMANTAN BARAT
Sengkuang Daok,hamlet,-0.13925,110.36723,KALIMANTAN BARAT
Suak Mansi,hamlet,-0.2494,110.41605,KALIMANTAN BARAT
Batu Laut,hamlet,-0.22117,110.50846,KALIMANTAN BARAT
Melawi Makmur,village,-0.27894,110.42396,KALIMANTAN BARAT
Sebotuh,hamlet,0.44559,110.67139,KALIMANTAN BARAT
Empoyu,hamlet,0.46826,110.66598,KALIMANTAN BARAT
Engkolai,hamlet,0.52411,110.72529,KALIMANTAN BARAT
Empiyang Sedua,hamlet,0.51817,110.69456,KALIMANTAN BARAT
Balau Nyawang,hamlet,0.46749,110.92966,KALIMANTAN BARAT
Serambai Jaya,village,0.26248,110.81003,KALIMANTAN BARAT
Keladau,hamlet,0.06447,110.52302,KALIMANTAN BARAT
Embaong,hamlet,0.11201,110.53586,KALIMANTAN BARAT
Engkalet,village,-0.11923,110.59772,KALIMANTAN BARAT
Dusun Biang Rosan,village,-0.09999,110.68843,KALIMANTAN BARAT
Cuka,hamlet,-0.18855,110.83649,KALIMANTAN BARAT
Sungai Durian,hamlet,-0.07462,110.98694,KALIMANTAN BARAT
Penepah,hamlet,-0.06329,110.91483,KALIMANTAN BARAT
Jabai,hamlet,-0.10471,110.89724,KALIMANTAN BARAT
Nanga Kerabat,hamlet,-0.07165,110.95578,KALIMANTAN BARAT
Sejirak,hamlet,-0.07968,110.87379,KALIMANTAN BARAT
Pangkin,hamlet,-0.02156,110.91421,KALIMANTAN BARAT
Enturah,hamlet,-0.48998,110.68287,KALIMANTAN BARAT
Kesimoi,hamlet,-0.57383,110.76999,KALIMANTAN BARAT
Nyonak,hamlet,-0.57723,110.70041,KALIMANTAN BARAT
Landau Menserai,hamlet,-0.50668,110.71057,KALIMANTAN BARAT
Sungai Langsat,hamlet,-0.43868,110.74108,KALIMANTAN BARAT
Sakan,hamlet,-0.41478,110.72421,KALIMANTAN BARAT
Teluk Pilin,hamlet,-0.49879,110.75846,KALIMANTAN BARAT
Tembesuk,village,-0.48385,110.79445,KALIMANTAN BARAT
Manjang,hamlet,-0.50288,110.85404,KALIMANTAN BARAT
Pait,hamlet,-0.48017,110.83825,KALIMANTAN BARAT
Setugal,hamlet,-0.45375,110.80791,KALIMANTAN BARAT
Batu Koran,hamlet,-0.46584,110.82147,KALIMANTAN BARAT
Pekawai,hamlet,-0.35358,110.77632,KALIMANTAN BARAT
Tamang,village,-0.41265,110.68161,KALIMANTAN BARAT
Tajau Bunga,hamlet,-0.3931,110.74411,KALIMANTAN BARAT
Tembiar,hamlet,-0.18428,110.70506,KALIMANTAN BARAT
Nanga Mentukak,village,-0.26882,110.81602,KALIMANTAN BARAT
Dungkan,hamlet,0.80853,109.50795,KALIMANTAN BARAT
Malo Jelayan,village,0.79337,109.55195,KALIMANTAN BARAT
Sungai Senunuk,village,1.11105,112.08595,KALIMANTAN BARAT
Tajum,village,1.06874,112.04147,KALIMANTAN BARAT
Sebindang,village,1.05378,111.90643,KALIMANTAN BARAT
Tinting Seligi,village,0.91938,111.85747,KALIMANTAN BARAT
Nanga Badau,hamlet,1.0256,111.88512,KALIMANTAN BARAT
Badau,village,1.04309,111.90133,KALIMANTAN BARAT
Sungai Bakah,village,-0.52514,111.87956,KALIMANTAN BARAT
Nyanggai,village,-0.61442,111.80135,KALIMANTAN BARAT
Mandau Baru,village,-0.61518,111.79406,KALIMANTAN BARAT
Nanga Kelawai,village,-0.58431,111.74783,KALIMANTAN BARAT
Landau Tubun,village,-0.49722,111.81996,KALIMANTAN BARAT
Bayur Raya,village,-0.48765,111.80415,KALIMANTAN BARAT
Pelinggang,village,-0.43709,111.88798,KALIMANTAN BARAT
Siling Permai,village,-0.71713,111.64732,KALIMANTAN BARAT
Nanga Pak,village,-0.58398,111.69676,KALIMANTAN BARAT
Berobai Permai,village,-0.62863,111.66304,KALIMANTAN BARAT
Nanga Raku,village,-0.76914,111.79694,KALIMANTAN BARAT
Nanga Mancur,village,-0.85743,111.66257,KALIMANTAN BARAT
Tumbak Raya,village,-0.77885,111.6628,KALIMANTAN BARAT
Lingkar Indah,village,-0.74872,111.66577,KALIMANTAN BARAT
Sayan Jaya,village,-0.71975,111.67531,KALIMANTAN BARAT
Meta Bersatu,village,-0.6972,111.7895,KALIMANTAN BARAT
Nanga Kasai,village,-0.66596,111.75222,KALIMANTAN BARAT
Ganjang,village,-0.8384,111.33369,KALIMANTAN BARAT
Keluas Hulu,village,-0.67237,111.35287,KALIMANTAN BARAT
Laja,village,-0.68466,111.46351,KALIMANTAN BARAT
Lintah Taum,village,-0.65836,111.5066,KALIMANTAN BARAT
Bukit Raya,village,-0.73163,111.49485,KALIMANTAN BARAT
Pelita Kenaya,village,-0.84462,111.57305,KALIMANTAN BARAT
Bata Luar,village,-0.84864,111.49673,KALIMANTAN BARAT
Keranjik,village,-0.83502,111.5303,KALIMANTAN BARAT
Maris Permai,village,-0.71724,111.58375,KALIMANTAN BARAT
Tanjung Gunung,village,-0.79648,111.54029,KALIMANTAN BARAT
Tanjung Beringin Raya,village,-0.76487,111.57248,KALIMANTAN BARAT
Melana,village,-0.93843,111.49682,KALIMANTAN BARAT
Tanjung Mahung,village,-0.98049,111.45209,KALIMANTAN BARAT
Teluk Pongkal,village,-0.97013,111.32112,KALIMANTAN BARAT
Telaga Raya,village,-0.93351,111.45673,KALIMANTAN BARAT
Penyengkuang,village,-1.15121,111.38416,KALIMANTAN BARAT
Nanga Tangkit,village,-1.05417,111.48647,KALIMANTAN BARAT
Landau Kabu,village,-1.01501,111.4932,KALIMANTAN BARAT
Muara Tanjung,village,-0.90339,111.49562,KALIMANTAN BARAT
Sepakat,village,-0.9068,111.50153,KALIMANTAN BARAT
Nanga Potai,village,-0.91324,111.50337,KALIMANTAN BARAT
Gayung Bersambut,village,1.01097,109.03223,KALIMANTAN BARAT
Parit Kongsi,village,1.05969,109.01965,KALIMANTAN BARAT
Lonam,village,1.17256,108.99652,KALIMANTAN BARAT
Harapan,village,1.17599,108.98352,KALIMANTAN BARAT
Gugah Sejahtera,village,1.17014,108.97936,KALIMANTAN BARAT
Sebatuan,village,1.11827,108.94123,KALIMANTAN BARAT
Salatiga,village,1.11571,109.02318,KALIMANTAN BARAT
Entuma,hamlet,0.07786,110.45139,KALIMANTAN BARAT
Jagoi Sejaro,hamlet,1.35769,109.90238,KALIMANTAN BARAT
Jagoi Belida,hamlet,1.38058,109.88967,KALIMANTAN BARAT
Jagoi Kindau,hamlet,1.3745,109.9155,KALIMANTAN BARAT
Paket A,hamlet,1.08966,109.72344,KALIMANTAN BARAT
Taum,hamlet,1.05769,109.7184,KALIMANTAN BARAT
Laek,hamlet,1.0247,109.7541,KALIMANTAN BARAT
Pisak,village,1.07136,109.75963,KALIMANTAN BARAT
Sei Sibo,hamlet,0.98821,109.49399,KALIMANTAN BARAT
Madi,hamlet,0.91934,109.44256,KALIMANTAN BARAT
Mensere,village,1.2108,109.12174,KALIMANTAN BARAT
Rantau Panjang,village,1.29649,109.24017,KALIMANTAN BARAT
Senabah,hamlet,1.3791,109.51548,KALIMANTAN BARAT
Trans SP1 Sabung,hamlet,1.27633,109.36386,KALIMANTAN BARAT
Karangan,hamlet,1.17528,109.38912,KALIMANTAN BARAT
Sapak Hulu Trans,village,1.19632,109.54911,KALIMANTAN BARAT
Semayas,hamlet,1.00987,109.57735,KALIMANTAN BARAT
Momong,hamlet,1.17939,109.62892,KALIMANTAN BARAT
Lambau,village,1.3778,109.07205,KALIMANTAN BARAT
Kebarau,village,-0.13303,112.06828,KALIMANTAN BARAT
Mapan Jaya,village,-0.21386,112.04827,KALIMANTAN BARAT
Tonak Goneh,village,-0.19241,112.0862,KALIMANTAN BARAT
Nangkak Lestari,village,-0.08422,112.18836,KALIMANTAN BARAT
Nanga Oran,village,-0.11999,112.16186,KALIMANTAN BARAT
Landau Bara,village,-0.12949,112.09801,KALIMANTAN BARAT
Merahau Permai,village,-0.10641,112.01335,KALIMANTAN BARAT
Emponyang,village,-0.13451,112.02024,KALIMANTAN BARAT
Empakan,village,-0.2056,112.13778,KALIMANTAN BARAT
Topan Nanga,village,-0.15254,112.10727,KALIMANTAN BARAT
Dusun,hamlet,-0.29685,112.15306,KALIMANTAN BARAT
Dusun,hamlet,-0.40186,112.19714,KALIMANTAN BARAT
Dusun,hamlet,-0.46157,112.16759,KALIMANTAN BARAT
Belaban Ella,village,-0.53006,112.1907,KALIMANTAN BARAT
Nanga Keruap,village,-0.36595,112.14043,KALIMANTAN BARAT
Pelaik Keruap,village,-0.3228,112.18626,KALIMANTAN BARAT
Batu Badak,village,-0.3863,112.19646,KALIMANTAN BARAT
Sungai Labuk,village,-0.64412,112.12021,KALIMANTAN BARAT
Perembang Nyuruh,village,-0.62139,112.13502,KALIMANTAN BARAT
Jabai,village,-0.66442,112.01359,KALIMANTAN BARAT
Kahiya,village,-0.53018,111.9603,KALIMANTAN BARAT
Bemban Permai,village,-0.49464,111.97652,KALIMANTAN BARAT
Senggalang,hamlet,-0.44563,112.01423,KALIMANTAN BARAT
Nanga Nawak,hamlet,-0.36784,112.01712,KALIMANTAN BARAT
Natai Compa,village,-0.36038,112.01772,KALIMANTAN BARAT
Pelempai Jaya,village,-0.40404,112.00392,KALIMANTAN BARAT
UPT Lengkong Nyadom,hamlet,-0.37276,112.04905,KALIMANTAN BARAT
Sungai Mentoba,village,-0.31646,112.05578,KALIMANTAN BARAT
Popai,village,-0.40653,112.06822,KALIMANTAN BARAT
Nyangau,village,-0.48434,112.12296,KALIMANTAN BARAT
Domet Permai,village,-0.42239,112.09437,KALIMANTAN BARAT
Engkode,village,0.16945,110.73512,KALIMANTAN BARAT
Beringin,village,0.17702,110.83132,KALIMANTAN BARAT
Ketapang,village,0.14978,110.85261,KALIMANTAN BARAT
Sungai Mawang,village,0.14377,110.85129,KALIMANTAN BARAT
Setanding,hamlet,0.13586,110.83056,KALIMANTAN BARAT
Entobas,hamlet,0.10451,110.84955,KALIMANTAN BARAT
Dusun Engkiteh,village,0.11939,110.80055,KALIMANTAN BARAT
Sape,village,0.35475,110.81806,KALIMANTAN BARAT
Trans SP4 Desa Sape,village,0.30699,110.80041,KALIMANTAN BARAT
Temu Perbatu,hamlet,0.78287,109.66009,KALIMANTAN BARAT
Siran,village,0.38963,110.26676,KALIMANTAN BARAT
Dusun Sebemban,village,0.31947,110.30691,KALIMANTAN BARAT
Dusun Senyobong,village,0.22958,110.76828,KALIMANTAN BARAT
Dusun Seriam Landak,village,0.23114,110.77775,KALIMANTAN BARAT
Dusun Sei Ubah,village,0.22866,110.79195,KALIMANTAN BARAT
Dusun Tokang,village,0.1625,110.77324,KALIMANTAN BARAT
Dusun Tokang Jaya,village,0.1867,110.7988,KALIMANTAN BARAT
Enserumbak,village,0.24076,110.85192,KALIMANTAN BARAT
Dusun Empusa Kedukul,village,0.253,110.84851,KALIMANTAN BARAT
Dusun Empurang,village,0.26233,110.85283,KALIMANTAN BARAT
Rambin,village,-0.07465,110.67145,KALIMANTAN BARAT
Dusun Labak,village,-0.04997,110.65554,KALIMANTAN BARAT
Sei Akar,hamlet,0.05241,110.71443,KALIMANTAN BARAT
Dusun Pelaik,village,0.08226,110.74854,KALIMANTAN BARAT
Kedukul,village,0.10598,110.77372,KALIMANTAN BARAT
Malan 1,village,0.10919,110.74961,KALIMANTAN BARAT
Dusun Malan 2,village,0.10158,110.74525,KALIMANTAN BARAT
Sungai Muntik,village,0.02595,110.57327,KALIMANTAN BARAT
Trans SP 5,village,0.30734,110.82538,KALIMANTAN BARAT
Sebude,village,-0.19851,110.57342,KALIMANTAN BARAT
Biang Poring,village,-0.15353,110.61612,KALIMANTAN BARAT
Sebuda,village,0.33851,110.86383,KALIMANTAN BARAT
Jelawat,village,0.2913,110.71531,KALIMANTAN BARAT
Sonau,village,0.27024,110.771,KALIMANTAN BARAT
Sei Omang,village,0.3338,110.86889,KALIMANTAN BARAT
Ciau Muara,village,0.27864,110.70205,KALIMANTAN BARAT
Boyok,hamlet,0.31942,110.85198,KALIMANTAN BARAT
Pulau Bali,hamlet,0.13056,110.7806,KALIMANTAN BARAT
Sekumpai,hamlet,0.06615,110.77614,KALIMANTAN BARAT
Serirang,hamlet,0.08212,110.79717,KALIMANTAN BARAT
Kompor,hamlet,0.14389,110.75008,KALIMANTAN BARAT
Bodap,hamlet,0.34994,110.78699,KALIMANTAN BARAT
Enjaber,hamlet,0.26584,110.72715,KALIMANTAN BARAT
Endoya,hamlet,0.37276,110.84279,KALIMANTAN BARAT
Engkiting,hamlet,-0.11145,110.61347,KALIMANTAN BARAT
Entibuh Kenual,hamlet,-0.03923,110.70342,KALIMANTAN BARAT
Sebemban,hamlet,0.00611,110.55401,KALIMANTAN BARAT
Perontas,hamlet,0.15037,110.42089,KALIMANTAN BARAT
Kopo,hamlet,0.12839,110.70283,KALIMANTAN BARAT
Lape,village,0.13497,110.50095,KALIMANTAN BARAT
Sepati,hamlet,0.12183,110.88934,KALIMANTAN BARAT
Pelimao Empaong,hamlet,-0.15984,110.53809,KALIMANTAN BARAT
Embaloh,hamlet,-0.08315,110.13911,KALIMANTAN BARAT
Sungai Kunyit,hamlet,-0.10149,110.49518,KALIMANTAN BARAT
Riam Putih,hamlet,-0.14201,110.50771,KALIMANTAN BARAT
Keramas,village,-0.06388,110.246,KALIMANTAN BARAT
Embangai,hamlet,-0.15695,110.08872,KALIMANTAN BARAT
Sungai Galing,hamlet,-0.07888,110.25465,KALIMANTAN BARAT
Kraya,hamlet,-0.12933,110.1443,KALIMANTAN BARAT
Nek Bindang,hamlet,-0.13689,110.12695,KALIMANTAN BARAT
Selimut,hamlet,-0.11995,110.15841,KALIMANTAN BARAT
Serampuk,hamlet,0.0498,110.7779,KALIMANTAN BARAT
Sungai Putat,hamlet,0.01809,110.85103,KALIMANTAN BARAT
Seluang Danau,hamlet,0.31679,109.93482,KALIMANTAN BARAT
Tareng,hamlet,0.25537,109.89411,KALIMANTAN BARAT
Damar,hamlet,0.25926,109.91214,KALIMANTAN BARAT
Nahaya,hamlet,0.22955,109.86563,KALIMANTAN BARAT
Sebua,hamlet,0.21064,109.87516,KALIMANTAN BARAT
Ampar Saga II,hamlet,0.18017,109.84561,KALIMANTAN BARAT
Jelau Belangiran,hamlet,0.15014,109.80458,KALIMANTAN BARAT
Danau Sumok,hamlet,0.12935,110.8249,KALIMANTAN BARAT
Natai Bunyau,hamlet,-0.16606,111.88836,KALIMANTAN BARAT
Melanjan Raya,village,0.19402,111.13965,KALIMANTAN BARAT
Sarik,hamlet,-0.28162,110.65794,KALIMANTAN BARAT
Leminang,hamlet,-0.30394,110.67997,KALIMANTAN BARAT
Mulai,hamlet,-0.30982,110.61841,KALIMANTAN BARAT
Nanga Kenaak,hamlet,-0.31847,110.62387,KALIMANTAN BARAT
Iloh,hamlet,-0.34757,110.65284,KALIMANTAN BARAT
Kure,hamlet,-0.35822,110.6646,KALIMANTAN BARAT
Leban Para,hamlet,-0.36348,110.68745,KALIMANTAN BARAT
Engkulun Hulu,village,-0.34587,110.64953,KALIMANTAN BARAT
Cumbu,hamlet,0.94804,109.25937,KALIMANTAN BARAT
Janyat,village,0.93924,109.28249,KALIMANTAN BARAT
Papan Tembawang,village,0.9274,109.27594,KALIMANTAN BARAT
Saka Taru,village,0.91011,109.3207,KALIMANTAN BARAT
Lembah Bawang,village,0.95235,109.32536,KALIMANTAN BARAT
Tempapan,village,0.89001,109.27498,KALIMANTAN BARAT
Papan Uduk,village,0.88036,109.28368,KALIMANTAN BARAT
Kinande,village,0.91469,109.22867,KALIMANTAN BARAT
Godang Damar,village,0.85818,109.21866,KALIMANTAN BARAT
Separong,hamlet,0.82161,109.2149,KALIMANTAN BARAT
Saperak,hamlet,0.74807,109.2287,KALIMANTAN BARAT
Kelawit,hamlet,0.74102,109.23266,KALIMANTAN BARAT
Malaba'e,hamlet,0.77112,109.21945,KALIMANTAN BARAT
Saba'u,village,0.76783,109.20986,KALIMANTAN BARAT
Marunsu,village,0.79433,109.21198,KALIMANTAN BARAT
Bukit Serayan,village,0.79487,109.24253,KALIMANTAN BARAT
Samalantan,village,0.79413,109.19522,KALIMANTAN BARAT
Babane,village,0.79437,109.26629,KALIMANTAN BARAT
NANGA EMPANANG,hamlet,0.74511,111.96215,KALIMANTAN BARAT
Parit Banjar,village,0.30449,109.0188,KALIMANTAN BARAT
Sungai Bakau Kecil,village,0.31147,109.00975,KALIMANTAN BARAT
Malikian,village,0.44799,108.9424,KALIMANTAN BARAT
Semparong Parit Raden,village,0.46213,108.96943,KALIMANTAN BARAT
Sungai Purun Besar,village,0.19934,109.15021,KALIMANTAN BARAT
Medang,hamlet,0.66761,109.01909,KALIMANTAN BARAT
Parit Mas,hamlet,0.67973,109.05961,KALIMANTAN BARAT
SP1 Capkala,hamlet,0.65007,109.06744,KALIMANTAN BARAT
Setanduk,village,0.61375,109.03356,KALIMANTAN BARAT
Mandor,village,0.64861,109.00277,KALIMANTAN BARAT
Sungai Soga,hamlet,0.74526,108.88653,KALIMANTAN BARAT
Tanjung Gundul,hamlet,0.81875,108.8637,KALIMANTAN BARAT
Sungai Sinjun,hamlet,0.77961,108.87827,KALIMANTAN BARAT
Pangkalan Pasir,hamlet,0.64647,108.95205,KALIMANTAN BARAT
Pasar Gunung,hamlet,0.64835,108.94491,KALIMANTAN BARAT
Rantau Sebaju,hamlet,0.80244,109.05564,KALIMANTAN BARAT
Lara Gunung,hamlet,0.79259,109.43369,KALIMANTAN BARAT
Jirak,hamlet,0.75798,109.40056,KALIMANTAN BARAT
Bemuran,hamlet,0.77165,109.37837,KALIMANTAN BARAT
Sengkabang,hamlet,0.87008,109.3527,KALIMANTAN BARAT
Sepoteng,hamlet,0.85152,109.35903,KALIMANTAN BARAT
Serukam,hamlet,0.7969,109.32733,KALIMANTAN BARAT
Roca,hamlet,-0.09799,110.95892,KALIMANTAN BARAT
Engkorong,hamlet,-0.1785,110.97742,KALIMANTAN BARAT
Emperarak,hamlet,-0.14853,111.07488,KALIMANTAN BARAT
Ensawak,hamlet,-0.11029,111.10003,KALIMANTAN BARAT
Jerajau,hamlet,-0.08975,111.09742,KALIMANTAN BARAT
Merundang,hamlet,-0.05646,111.10318,KALIMANTAN BARAT
Balok,hamlet,-0.06974,111.10052,KALIMANTAN BARAT
Sejaong,hamlet,-0.05721,111.03764,KALIMANTAN BARAT
Sejori,hamlet,-0.0502,111.05722,KALIMANTAN BARAT
Hulu Sangkan,hamlet,-0.23588,111.08987,KALIMANTAN BARAT
Sungai Balo,hamlet,-0.22921,111.041,KALIMANTAN BARAT
Danau Raya,hamlet,-0.17799,111.04094,KALIMANTAN BARAT
Beransit,hamlet,-0.13473,111.02964,KALIMANTAN BARAT
Teluk Ogong,hamlet,-0.12776,111.02484,KALIMANTAN BARAT
Sidap,hamlet,-0.12189,111.01771,KALIMANTAN BARAT
Ulak Limau,hamlet,-0.06476,110.94307,KALIMANTAN BARAT
Ampar Bedang,village,0.14159,111.55891,KALIMANTAN BARAT
Engkam,hamlet,0.19801,110.83022,KALIMANTAN BARAT
Ciau Kora,hamlet,0.27409,110.70742,KALIMANTAN BARAT
Sepundu Hantu,village,-1.17124,111.77735,KALIMANTAN TENGAH
Senari (Dusun Kompor Baru),hamlet,0.15511,110.7442,KALIMANTAN BARAT
Sebungkang,hamlet,0.15439,110.71392,KALIMANTAN BARAT
Sungai Raya,town,-0.07712,109.38219,KALIMANTAN BARAT
Camp PT Pulau Tiga Lestari Jaya,hamlet,-0.1039,110.63532,KALIMANTAN BARAT
Seburuk Satu,village,0.56385,111.01641,KALIMANTAN BARAT
Sulang Betung,hamlet,-0.16317,110.9398,KALIMANTAN BARAT
Semerawai,village,-0.24467,110.68245,KALIMANTAN BARAT
Nanga Dakan,hamlet,-0.23576,110.66869,KALIMANTAN BARAT
Nanga Rambin,hamlet,-0.23085,110.69451,KALIMANTAN BARAT
Meromo,hamlet,-0.23949,110.63442,KALIMANTAN BARAT
Sungai Kase,hamlet,-0.22688,110.77623,KALIMANTAN BARAT
Senapan,hamlet,-0.23883,110.73726,KALIMANTAN BARAT
Landau Mentawa,hamlet,-0.37786,110.81117,KALIMANTAN BARAT
Kenabu,hamlet,-0.35912,110.82831,KALIMANTAN BARAT
Keyayo,hamlet,-0.37354,110.85214,KALIMANTAN BARAT
Perigi,village,0.70746,109.51165,KALIMANTAN BARAT
Bayur Jekak,hamlet,-1.13845,110.59227,KALIMANTAN BARAT
Belonseh,hamlet,-0.56913,110.43541,KALIMANTAN BARAT
Kualan Hilir,village,-0.61225,110.22643,KALIMANTAN BARAT
Siong,hamlet,-0.39738,110.4818,KALIMANTAN BARAT
Tanang Paoh,hamlet,-0.40652,110.50604,KALIMANTAN BARAT
Sungai Bansi,hamlet,-0.51908,110.49152,KALIMANTAN BARAT
Taga,hamlet,-0.58951,110.53071,KALIMANTAN BARAT
Botong,hamlet,-0.48683,110.56422,KALIMANTAN BARAT
Empasi,hamlet,-0.48048,110.54331,KALIMANTAN BARAT
Kek Baok,hamlet,-0.52108,110.53521,KALIMANTAN BARAT
Gebok,hamlet,-0.68025,110.52722,KALIMANTAN BARAT
Sungai Nibung,hamlet,-0.66461,110.54149,KALIMANTAN BARAT
Mungguk Meranang,hamlet,-0.7136,110.57162,KALIMANTAN BARAT
Betentang,hamlet,-0.92822,110.49759,KALIMANTAN BARAT
Semapau Kuala,hamlet,-0.94586,110.50554,KALIMANTAN BARAT
Sungai Tandok,village,1.03333,111.54112,KALIMANTAN BARAT
Munggu Demam,village,1.02892,111.54764,KALIMANTAN BARAT
Purai,village,1.02686,111.55262,KALIMANTAN BARAT
Entebar,village,1.0184,111.55297,KALIMANTAN BARAT
Rampu Wie,village,1.01904,111.55812,KALIMANTAN BARAT
Sungai Labi,village,1.0218,111.56358,KALIMANTAN BARAT
Munggu Ruan,village,1.02258,111.56424,KALIMANTAN BARAT
Sungai Reboh,village,1.02804,111.57022,KALIMANTAN BARAT
Ijok,village,1.02698,111.57073,KALIMANTAN BARAT
Temiang,village,1.0172,111.55756,KALIMANTAN BARAT
Temiang Lama,village,1.00718,111.56231,KALIMANTAN BARAT
Titingkah,village,0.99212,111.53943,KALIMANTAN BARAT
Jering,hamlet,0.30797,109.76062,KALIMANTAN BARAT
Ipaan,hamlet,0.23501,109.75475,KALIMANTAN BARAT
Pa' Upat,hamlet,0.23996,109.71806,KALIMANTAN BARAT
Nilas,hamlet,0.25974,109.75913,KALIMANTAN BARAT
Menjalin,hamlet,0.16437,109.74834,KALIMANTAN BARAT
Kuala Sangah,hamlet,0.15143,109.79747,KALIMANTAN BARAT
Dekan Buayan,hamlet,-0.17095,110.38142,KALIMANTAN BARAT
Tapang Sedendang,hamlet,-0.20401,110.39303,KALIMANTAN BARAT
Suak Kenyaok,hamlet,-0.21808,110.40163,KALIMANTAN BARAT
Kayu Ara,hamlet,-0.18492,110.40114,KALIMANTAN BARAT
Tayok,hamlet,-0.13812,110.2908,KALIMANTAN BARAT
Danau Batu,hamlet,-0.13563,110.24518,KALIMANTAN BARAT
Cingka,hamlet,-0.12358,110.18975,KALIMANTAN BARAT
Balai Beringin,hamlet,-0.16592,110.21389,KALIMANTAN BARAT
Suka Damai,hamlet,-0.21597,110.2194,KALIMANTAN BARAT
Ensunak,hamlet,-0.28232,110.23433,KALIMANTAN BARAT
Dusun Panji,hamlet,0.55367,109.69564,KALIMANTAN BARAT
Berlimang,village,1.3854,109.19641,KALIMANTAN BARAT
Muara Teweh,town,-0.95847,114.89702,KALIMANTAN TENGAH
Putussibau,city,0.87107,112.92302,KALIMANTAN BARAT
Melapi 1,hamlet,0.8199,112.97725,KALIMANTAN BARAT
Menua Sadap,village,1.1563,112.37311,KALIMANTAN BARAT
Jaras Dua,hamlet,0.84856,112.87687,KALIMANTAN BARAT
Tumbang Malahoi,village,-1.21915,113.52296,KALIMANTAN TENGAH
Tumbang Marikoi,village,-0.8983,113.45947,KALIMANTAN TENGAH
Tarusan,village,-1.38171,114.85923,KALIMANTAN TENGAH
Tanjung Riu,village,-1.15018,113.87974,KALIMANTAN TENGAH
Batu Raya I,village,-1.34918,115.24913,KALIMANTAN TENGAH
Muara Babuat,village,-0.6561,114.28227,KALIMANTAN TENGAH
Linggang Muara Batuq,village,0.03093,115.77617,KALIMANTAN TIMUR
Balok Asa,village,-0.20727,115.64639,KALIMANTAN TIMUR
Ujung Said,village,0.673,112.37981,KALIMANTAN BARAT
Lanjas,village,-0.96364,114.88919,KALIMANTAN TENGAH
Nanga Kemangai,village,-0.24353,112.71352,KALIMANTAN BARAT
Penda Siron,village,-0.33886,114.74313,KALIMANTAN TENGAH
Linggang Purwodadi,village,-0.14686,115.60596,KALIMANTAN TIMUR
Nanga Jelundung,village,-0.4947,112.53542,KALIMANTAN BARAT
Sambung,village,-1.00029,115.74358,KALIMANTAN TIMUR
Tumbang Labehu,village,-1.35721,113.08328,KALIMANTAN TENGAH
Temuyuk,village,0.39847,112.5503,KALIMANTAN BARAT
Tiong Bu'u,village,0.79789,114.23012,KALIMANTAN TIMUR
Kensuray,village,0.56099,112.96001,KALIMANTAN BARAT
Dirung Bakung,village,-0.55518,114.59434,KALIMANTAN TENGAH
Batu Tuhup,village,-0.61121,114.66093,KALIMANTAN TENGAH
Tumbang Sepan,village,-1.4033,113.42214,KALIMANTAN TENGAH
Datah Bilang Ulu,village,0.23139,115.45852,KALIMANTAN TIMUR
Tumbang Habangoi,village,-0.8603,112.92976,KALIMANTAN TENGAH
Sayut,village,0.80132,113.04299,KALIMANTAN BARAT
Muara Joloi II,village,-0.11711,114.09461,KALIMANTAN TENGAH
Tumbang Danau,village,-1.31337,113.92585,KALIMANTAN TENGAH
Tumbang Sabetung,village,-1.17329,112.29835,KALIMANTAN TENGAH
Tumbang Lapan,village,-0.82916,113.555,KALIMANTAN TENGAH
Pulau Manak,village,1.12542,112.37901,KALIMANTAN BARAT
Marawan Lama,village,-1.4508,114.88372,KALIMANTAN TENGAH
Liang Buah,village,-0.95889,115.20388,KALIMANTAN TENGAH
Tanjung Andan,village,-0.01807,112.72948,KALIMANTAN BARAT
Pagar Lebata,village,-0.27286,112.57081,KALIMANTAN BARAT
Keay,village,-0.3271,115.70236,KALIMANTAN TIMUR
Samba Bakumpai,village,-1.44928,113.10144,KALIMANTAN TENGAH
Pandran Raya,village,-1.15446,114.9568,KALIMANTAN TENGAH
Muara Tupuh,village,-0.46122,114.69521,KALIMANTAN TENGAH
Bengahon,village,-0.73203,115.08342,KALIMANTAN TENGAH
Kuluk Sapangi,village,-0.97459,112.44072,KALIMANTAN TENGAH
Muara Bomboy,village,-0.46581,115.6781,KALIMANTAN TIMUR
Landau Kumpang,village,0.35216,112.32185,KALIMANTAN BARAT
Batu Majang,village,0.551,115.21634,KALIMANTAN TIMUR
Tumbang Bukoi,village,-0.6873,113.8636,KALIMANTAN TENGAH
Tumbang Bondang,village,-0.29721,114.65334,KALIMANTAN TENGAH
Tumbang Tukun,village,-1.08998,114.09646,KALIMANTAN TENGAH
Tumbang Kuayan,village,-1.18912,113.50322,KALIMANTAN TENGAH
Tumbang Labaning,village,-1.15661,112.61982,KALIMANTAN TENGAH
Tumbang Pasangon,village,-0.92441,113.56723,KALIMANTAN TENGAH
Tokung,village,-0.29115,114.48668,KALIMANTAN TENGAH
Nanga Masau,village,-0.18796,112.30899,KALIMANTAN BARAT
Kuala Kurun,village,-1.10391,113.86285,KALIMANTAN TENGAH
Linggang Marimun,village,-0.08755,115.77876,KALIMANTAN TIMUR
Tanjung Harapan,village,-1.13172,115.49247,KALIMANTAN TENGAH
Baratu,village,-0.61569,114.27474,KALIMANTAN TENGAH
Jangkang Baru,village,-0.78473,114.92093,KALIMANTAN TENGAH
Belempung Ulaq,village,-0.23215,115.73792,KALIMANTAN TIMUR
Kamanto,village,-1.31795,113.08982,KALIMANTAN TENGAH
Piasak,village,0.65604,112.22861,KALIMANTAN BARAT
Jambu,village,-0.95899,114.91443,KALIMANTAN TENGAH
Tumbang Kalang,village,-1.49557,112.64132,KALIMANTAN TENGAH
Randa Empas,village,-1.0517,115.7507,KALIMANTAN TIMUR
Muara Laung II,village,-0.59118,114.7374,KALIMANTAN TENGAH
Tumbang Kajuei,village,-1.36659,113.56135,KALIMANTAN TENGAH
Liu Mulang,village,0.90523,114.9309,KALIMANTAN TIMUR
Tumbang Paku,village,-1.27791,112.71739,KALIMANTAN TENGAH
Tumbang Ngahan,village,-1.34209,112.66346,KALIMANTAN TENGAH
Buhut Jaya,village,-1.09005,114.36547,KALIMANTAN TENGAH
Mahanyan,village,-0.51748,114.58368,KALIMANTAN TENGAH
Rubei,village,-1.26327,114.82138,KALIMANTAN TENGAH
Tumbang Hakau,village,-1.26353,113.89882,KALIMANTAN TENGAH
Tumbang Topus,village,0.44041,114.99416,KALIMANTAN TENGAH
Maruga,village,-1.42863,114.95506,KALIMANTAN TENGAH
Majangkan,village,-1.27976,115.07628,KALIMANTAN TENGAH
Ngenyan Asa,village,-0.21565,115.73218,KALIMANTAN TIMUR
Napu Sahur,village,-1.4254,113.06505,KALIMANTAN TENGAH
Liang Naga,village,-0.98269,114.99364,KALIMANTAN TENGAH
Batu Tojah,village,-0.34171,114.96826,KALIMANTAN TENGAH
Empakuq,village,-0.28343,115.85654,KALIMANTAN TIMUR
Karendan,village,-0.61132,115.15629,KALIMANTAN TENGAH
Besiq,village,-0.55422,115.55947,KALIMANTAN TIMUR
Gerayau,village,0.51593,112.20923,KALIMANTAN BARAT
Dehes Asem,village,-0.97154,112.44609,KALIMANTAN TENGAH
Olung Muro,village,-0.64143,114.4411,KALIMANTAN TENGAH
Muara Ja'an,village,-0.70905,114.55587,KALIMANTAN TENGAH
Batu Puter,village,-1.11201,113.54613,KALIMANTAN TENGAH
Danum Paroy,village,0.30759,115.40017,KALIMANTAN TIMUR
Penda Tanggaring Baru,village,-1.17675,112.50123,KALIMANTAN TENGAH
Penda Rangas,village,-0.86644,113.59389,KALIMANTAN TENGAH
Langan Baru,village,1.13179,112.48906,KALIMANTAN BARAT
Tumbang Masao,village,-0.53779,114.16445,KALIMANTAN TENGAH
Malungai Raya,village,-1.41099,115.25668,KALIMANTAN TENGAH
Batu Nyiwuh,village,-0.98655,113.65729,KALIMANTAN TENGAH
Lutan,village,0.20795,115.49831,KALIMANTAN TIMUR
Nanga Sake,village,-0.10758,112.76085,KALIMANTAN BARAT
Liju,village,-1.10093,115.30766,KALIMANTAN TENGAH
Batu Putih,village,-0.71618,114.43226,KALIMANTAN TENGAH
Lahei II,village,-0.86665,114.92662,KALIMANTAN TENGAH
Temula,village,-0.29558,115.53941,KALIMANTAN TIMUR
Tumbang Jala,village,-1.02162,112.97986,KALIMANTAN TENGAH
Rimba Sari,village,-0.89159,114.70617,KALIMANTAN TENGAH
Rantau Pandan,village,-1.06579,112.30423,KALIMANTAN TENGAH
Hujung Pata,village,-1.31505,113.46438,KALIMANTAN TENGAH
Long Pakaq,village,0.76744,114.45591,KALIMANTAN TIMUR
Rangan Surai,village,-1.19055,112.6999,KALIMANTAN TENGAH
Buntut Nusa,village,-1.25453,112.51475,KALIMANTAN TENGAH
Rahung Bungai,village,-0.95306,114.04556,KALIMANTAN TENGAH
Muwun,village,-0.48724,114.52899,KALIMANTAN TENGAH
Kamawen,village,-1.1702,114.82856,KALIMANTAN TENGAH
Muara Tuhup,village,-0.61956,114.81506,KALIMANTAN TENGAH
Manis,village,-1.22281,114.35674,KALIMANTAN TENGAH
Tumbang Miwan,village,-1.21877,113.87347,KALIMANTAN TENGAH
Kiaq,village,-0.6958,115.87201,KALIMANTAN TIMUR
Sandung Tambun,village,-0.91181,113.64524,KALIMANTAN TENGAH
Ingko' Tambe,village,0.79621,113.00379,KALIMANTAN BARAT
Tamparak,village,-1.45252,115.09471,KALIMANTAN TENGAH
Lawarang,village,-1.14333,115.59989,KALIMANTAN TENGAH
Sungai Batang,village,-0.72344,114.23467,KALIMANTAN TENGAH
Pepas Eheng,village,-0.27947,115.60325,KALIMANTAN TIMUR
Tumbang Kalemei,village,-1.4064,112.95838,KALIMANTAN TENGAH
Bintang Ninggi II,village,-1.06373,114.86201,KALIMANTAN TENGAH
Laman Mumbung,village,-0.39959,112.28212,KALIMANTAN BARAT
Lakutan,village,-0.40875,114.71524,KALIMANTAN TENGAH
Dilang Puti,village,-0.71517,115.76428,KALIMANTAN TIMUR
Mentawit,village,0.43697,112.26159,KALIMANTAN BARAT
Naha Tifab,village,0.91595,114.07811,KALIMANTAN TIMUR
Tanjung Batik,village,-0.83134,112.25619,KALIMANTAN TENGAH
Datah Kotou,village,-0.67623,114.48983,KALIMANTAN TENGAH
Juking Pajang,village,-0.62512,114.58975,KALIMANTAN TENGAH
Tumbang Jalemu,village,-1.35541,113.3466,KALIMANTAN TENGAH
Tanjunglokang,village,0.73204,113.46649,KALIMANTAN BARAT
Long Merah,village,0.38749,115.42203,KALIMANTAN TIMUR
Tumbang Sanamang,village,-1.15795,112.43578,KALIMANTAN TENGAH
Mensiau,village,1.14483,112.27088,KALIMANTAN BARAT
Olong Liko,village,-0.45779,114.10043,KALIMANTAN TENGAH
Rabauh,village,-1.42017,113.91946,KALIMANTAN TENGAH
Tumbang Mahuroi,village,-0.78175,113.33077,KALIMANTAN TENGAH
Linggang Kelubaq,village,-0.06079,115.61272,KALIMANTAN TIMUR
Benangin III,village,-1.01394,115.37924,KALIMANTAN TENGAH
Pelaci,village,-0.4426,114.79906,KALIMANTAN TENGAH
Muara Bakah,village,-0.8223,114.94123,KALIMANTAN TENGAH
Buntut Sabon,village,-0.30664,112.94616,KALIMANTAN BARAT
Muara Tokong,village,-0.40371,115.62993,KALIMANTAN TIMUR
Bontai,village,0.59935,112.30274,KALIMANTAN BARAT
Karamuan,village,-0.7544,114.88309,KALIMANTAN TENGAH
Riam Muntik,village,-0.05358,112.23827,KALIMANTAN BARAT
Penda Nange,village,-1.03402,112.28079,KALIMANTAN TENGAH
Muara Kelawit,village,-0.57102,115.8953,KALIMANTAN TIMUR
Lubuk Antuk,village,0.35663,112.2788,KALIMANTAN BARAT
Datah Naha,village,0.83593,114.63944,KALIMANTAN TIMUR
Tumbang Sirat,village,-0.87322,114.00607,KALIMANTAN TENGAH
Km. 45,hamlet,-0.42423,114.43374,KALIMANTAN TENGAH
Ketapang,village,-1.29544,114.98152,KALIMANTAN TENGAH
Karukus,village,-1.149,114.36062,KALIMANTAN TENGAH
Linau,village,-1.26076,113.56302,KALIMANTAN TENGAH
Mendung,village,-0.43105,115.87149,KALIMANTAN TIMUR
Sebaung,village,-1.07112,112.75388,KALIMANTAN TENGAH
Lawang Kanji,village,-0.90557,113.36808,KALIMANTAN TENGAH
Hulu Tampang,village,-1.34942,115.01682,KALIMANTAN TENGAH
Penda Pilang,village,-1.07596,113.80364,KALIMANTAN TENGAH
Berong,village,-1.15593,115.6393,KALIMANTAN TENGAH
Purnama,village,-0.70071,114.31933,KALIMANTAN TENGAH
Engkuni Pasek,village,-0.31011,115.6456,KALIMANTAN TIMUR
Lemo II,village,-1.01331,114.82598,KALIMANTAN TENGAH
Tumbang Bantian,village,-0.60713,114.36528,KALIMANTAN TENGAH
Teluk Malewai,village,-0.7442,114.90277,KALIMANTAN TENGAH
Anan Jaya,village,-0.88974,115.68094,KALIMANTAN TIMUR
Tumbang Taranei,village,-1.25588,113.08532,KALIMANTAN TENGAH
Tiong Ohang,village,0.77362,114.27256,KALIMANTAN TIMUR
Rantau Sawang,village,-1.47863,112.36112,KALIMANTAN TENGAH
Dingin,village,-0.47731,115.79394,KALIMANTAN TIMUR
Tino Talih,village,-0.61648,114.54023,KALIMANTAN TENGAH
Muara Sumpoi,village,-0.61162,114.59627,KALIMANTAN TENGAH
Luwuk Tukau,village,-1.21163,113.31582,KALIMANTAN TENGAH
Ujung Pandang,village,0.78019,112.49966,KALIMANTAN BARAT
Matalibaq,village,0.24312,115.52251,KALIMANTAN TIMUR
Batu Badak,village,-0.99369,112.92824,KALIMANTAN TENGAH
Konut,village,-0.62598,114.51525,KALIMANTAN TENGAH
Tumpung Laung II,village,-1.32064,114.81664,KALIMANTAN TENGAH
Rangan Tate,village,-1.37106,113.91197,KALIMANTAN TENGAH
Mangkuhung,village,-0.62672,113.65032,KALIMANTAN TENGAH
Labian,village,1.1033,112.28975,KALIMANTAN BARAT
Tumbang Olong I,village,-0.00034,114.30962,KALIMANTAN TENGAH
Muyub Aket,village,-0.02299,115.71663,KALIMANTAN TIMUR
Talekoi,village,-1.48892,114.92744,KALIMANTAN TENGAH
Jaman,village,-1.21329,115.1553,KALIMANTAN TENGAH
Melona,village,-0.36876,112.36442,KALIMANTAN BARAT
Sekolaq Darat,village,-0.28408,115.74874,KALIMANTAN TIMUR
Telok,village,-1.47128,113.10796,KALIMANTAN TENGAH
Sei Liju,village,-1.03564,115.33446,KALIMANTAN TENGAH
Tumbang Bauh,village,-0.39605,114.93648,KALIMANTAN TENGAH
Tumbang Kuai,village,-1.00112,112.43658,KALIMANTAN TENGAH
Damai Kota,village,-0.45347,115.69771,KALIMANTAN TIMUR
Tekalong,village,0.56993,112.8431,KALIMANTAN BARAT
Pala Pulau,village,0.88925,112.93114,KALIMANTAN BARAT
Kalang Dohong,village,-0.29894,114.65209,KALIMANTAN TENGAH
Tanjung Raya,village,-0.32767,112.44162,KALIMANTAN BARAT
Kaburan,village,-1.12884,114.17661,KALIMANTAN TENGAH
Sei Antai,village,-1.05411,113.54344,KALIMANTAN TENGAH
Long Bagun Ilir,village,0.54671,115.21147,KALIMANTAN TIMUR
Batu Panahan,village,-0.99779,112.51967,KALIMANTAN TENGAH
Kedamin Hilir,suburb,0.85391,112.9216,KALIMANTAN BARAT
Tumbang Manyarung,village,-0.69891,114.02864,KALIMANTAN TENGAH
Tumbang Hamputung,village,-0.88731,113.48396,KALIMANTAN TENGAH
Saruhung,village,-0.38076,114.50013,KALIMANTAN TENGAH
Tumbang Pajangei,village,-1.06533,113.76882,KALIMANTAN TENGAH
Muyub Ulu,village,-0.01992,115.70678,KALIMANTAN TIMUR
Payang,village,-1.13573,115.623,KALIMANTAN TENGAH
Tambelum,village,-0.5961,114.41205,KALIMANTAN TENGAH
Nihan Hulu,village,-0.78159,114.89206,KALIMANTAN TENGAH
Bedaha,village,-0.28407,112.48642,KALIMANTAN BARAT
Dempar,village,-0.34666,115.51284,KALIMANTAN TIMUR
Tumbang Kawei,village,-1.2001,113.06183,KALIMANTAN TENGAH
Nanga Tuan,village,0.72702,112.5582,KALIMANTAN BARAT
Trahean,village,-1.04198,114.89637,KALIMANTAN TENGAH
Kelakar,village,0.39819,112.31211,KALIMANTAN BARAT
Sei Nanjan,village,-1.09874,112.42012,KALIMANTAN TENGAH
Payang,village,-0.50059,115.7498,KALIMANTAN TIMUR
Tanjung,village,0.47524,112.96632,KALIMANTAN BARAT
Tumbang Bahan,village,-0.59126,114.67853,KALIMANTAN TENGAH
Talangkah,village,-1.43396,113.60108,KALIMANTAN TENGAH
Long Isun,village,0.91813,114.58993,KALIMANTAN TIMUR
Tumbang Dakei,village,-1.19286,112.69519,KALIMANTAN TENGAH
Kuluk Telawang,village,-1.43602,112.64487,KALIMANTAN TENGAH
Tumbang Diring,village,-1.07391,114.0959,KALIMANTAN TENGAH
Kalang Kaluh,village,-0.581,114.43498,KALIMANTAN TENGAH
Montallat II,village,-1.32391,114.89896,KALIMANTAN TENGAH
Dirung Sararong,village,-0.54423,114.93144,KALIMANTAN TENGAH
Kota Baru,village,-1.45922,114.41794,KALIMANTAN TENGAH
Dahian Tambuk,village,-1.28389,113.92739,KALIMANTAN TENGAH
Rangan Hiran,village,-0.60358,113.6628,KALIMANTAN TENGAH
Takajung,village,0.45917,114.72121,KALIMANTAN TENGAH
Marawan Baru,village,-1.43214,114.89462,KALIMANTAN TENGAH
Siwau,village,-1.21668,115.21091,KALIMANTAN TENGAH
Kelian Luar,village,0.01645,115.52992,KALIMANTAN TIMUR
Juhan Asa,village,-0.21043,115.60394,KALIMANTAN TIMUR
Samba Katung,village,-1.43235,113.10055,KALIMANTAN TENGAH
Buntok Baru,village,-1.13674,114.8845,KALIMANTAN TENGAH
Nanga Abai,village,-0.08651,112.20787,KALIMANTAN BARAT
Muara Maruwei I,village,-0.36829,114.7325,KALIMANTAN TENGAH
Damai Seberang,village,-0.45678,115.69406,KALIMANTAN TIMUR
Karya Baru,village,0.53737,112.28134,KALIMANTAN BARAT
Long Apari,village,0.92133,114.08037,KALIMANTAN TIMUR
Tumbang Tonduk,village,-0.26101,114.54975,KALIMANTAN TENGAH
Sepang Kota,village,-1.4965,113.90444,KALIMANTAN TENGAH
Rukun Damai,village,0.38844,115.41435,KALIMANTAN TIMUR
Batu Bango,village,-1.16655,112.56251,KALIMANTAN TENGAH
Putussibau Kota,suburb,0.87238,112.92285,KALIMANTAN BARAT
Saujung Giling Manik,village,1.08463,112.45638,KALIMANTAN BARAT
Tumbang Tuan,village,-0.38014,114.06731,KALIMANTAN TENGAH
Patas II,village,-1.49861,115.1771,KALIMANTAN TENGAH
Kasintu,village,-0.99703,113.71011,KALIMANTAN TENGAH
Tumbang Korik,village,-0.79353,113.4602,KALIMANTAN TENGAH
Linggang Muyub Ilir,village,-0.06155,115.73859,KALIMANTAN TIMUR
Benangin V,village,-1.00113,115.36869,KALIMANTAN TENGAH
Dirung,village,-0.70425,114.36587,KALIMANTAN TENGAH
Mukut,village,-0.83565,114.90324,KALIMANTAN TENGAH
Benung,village,-0.33994,115.65915,KALIMANTAN TIMUR
Batu Tukan,village,-0.99066,113.07624,KALIMANTAN TENGAH
Beringin Raya,village,-0.92185,114.6929,KALIMANTAN TENGAH
Parang,village,0.3538,112.22442,KALIMANTAN BARAT
Tumbang Dahuei,village,-1.07374,112.31379,KALIMANTAN TENGAH
Selaup,village,0.46084,112.74588,KALIMANTAN BARAT
Luwuk Kantor,village,-1.33842,113.57149,KALIMANTAN TENGAH
Tumbang Lambi,village,-1.13716,112.6074,KALIMANTAN TENGAH
Tumbang Ramei,village,-1.26932,112.60203,KALIMANTAN TENGAH
Hurung Tampang,village,-0.87138,113.83565,KALIMANTAN TENGAH
Saripoi,village,-0.52817,114.51005,KALIMANTAN TENGAH
Ruji,village,-1.25785,114.77955,KALIMANTAN TENGAH
Dirung Pundu,village,-0.4878,114.70943,KALIMANTAN TENGAH
Pujon,village,-1.35088,114.36574,KALIMANTAN TENGAH
Jalemu Masulan,village,-1.25731,113.45069,KALIMANTAN TENGAH
Rangan Mihing,village,-0.96856,113.64648,KALIMANTAN TENGAH
Melapi,village,0.82007,112.97226,KALIMANTAN BARAT
Teluk Nyatu,village,-1.16007,113.89152,KALIMANTAN TENGAH
Batu Raya II,village,-1.31323,115.2605,KALIMANTAN TENGAH
Juking Sopan,village,-0.65252,114.25835,KALIMANTAN TENGAH
Barong Tongkok,village,-0.23065,115.68458,KALIMANTAN TIMUR
Sabuh,village,-0.96548,115.09421,KALIMANTAN TENGAH
Batu Bua II,village,-0.32383,114.71614,KALIMANTAN TENGAH
Nanga Riyoi,village,-0.40033,112.69744,KALIMANTAN BARAT
Tende,village,-1.01598,115.76399,KALIMANTAN TIMUR
Tumbang Kaman,village,-1.34668,113.09271,KALIMANTAN TENGAH
Permata,village,0.52327,112.29012,KALIMANTAN BARAT
Long Kerioq,village,0.9179,114.36555,KALIMANTAN TIMUR
Tabulang,village,-0.52917,114.60262,KALIMANTAN TENGAH
Bahitom,village,-0.67805,114.58241,KALIMANTAN TENGAH
Tumbang Talaken,village,-1.35285,113.38234,KALIMANTAN TENGAH
Rantau Kalis,village,0.59732,112.94902,KALIMANTAN BARAT
Muara Ratah,village,0.30553,115.40349,KALIMANTAN TIMUR
Daya Manunggal,village,-1.26483,113.12281,KALIMANTAN TENGAH
Parahau Baru,village,-0.11117,114.07966,KALIMANTAN TENGAH
Tewai Baru,village,-1.46512,113.92002,KALIMANTAN TENGAH
Tumbang Kaburai,village,-0.77182,112.26622,KALIMANTAN TENGAH
Tumbang Siruk,village,-0.75367,113.58223,KALIMANTAN TENGAH
Banua Martinus,village,1.10715,112.3941,KALIMANTAN BARAT
Tering Baru,village,-0.07185,115.65596,KALIMANTAN TIMUR
Nanga Menakon,village,-0.25617,112.94429,KALIMANTAN BARAT
Panaen,village,-0.97859,115.17291,KALIMANTAN TENGAH
Buntut Pimpin,village,-0.02059,112.80697,KALIMANTAN BARAT
Mangkahui,village,-0.70716,114.45713,KALIMANTAN TENGAH
Lumpat Dahuq,village,-0.44092,115.63719,KALIMANTAN TIMUR
Tumbang Bauh,village,-0.37941,114.95085,KALIMANTAN TENGAH
Rahaden,village,-0.7058,115.11071,KALIMANTAN TENGAH
Teluk Tampang,village,-1.05388,112.43324,KALIMANTAN TENGAH
Engkerengas,village,0.61321,112.23173,KALIMANTAN BARAT
Long Melaham,village,0.44835,115.28163,KALIMANTAN TIMUR
Suka Maju,village,0.81354,113.12533,KALIMANTAN BARAT
Karetau Manta'a,village,-0.71389,113.88341,KALIMANTAN TENGAH
Cangkang,village,-0.50674,114.59087,KALIMANTAN TENGAH
Bajuh,village,-1.32262,114.35885,KALIMANTAN TENGAH
Jangkit,village,-1.19941,113.55037,KALIMANTAN TENGAH
Tumbang Taei,village,-1.10123,112.71999,KALIMANTAN TENGAH
Tumbang Miri,village,-0.91602,113.55268,KALIMANTAN TENGAH
Sibau Hulu,village,1.2835,113.02494,KALIMANTAN BARAT
Olung Balo,village,-0.26605,114.47612,KALIMANTAN TENGAH
Tumbang Tambirah,village,-1.0632,113.82557,KALIMANTAN TENGAH
Lampeong II,village,-1.14044,115.6021,KALIMANTAN TENGAH
Sungai Sampuk,village,-0.37412,112.3223,KALIMANTAN BARAT
Long Pipa,village,1.38915,115.70901,KALIMANTAN TIMUR
Linon Besi I,village,-1.12658,115.54528,KALIMANTAN TENGAH
Pantai Laga,village,-0.58888,114.25689,KALIMANTAN TENGAH
Benao Hulu,village,-0.75401,114.89089,KALIMANTAN TENGAH
Bangun Sari,village,-1.45182,113.37454,KALIMANTAN TENGAH
Intu Lingau,village,-0.2342,115.35066,KALIMANTAN TIMUR
Kuluk Habuhus,village,-1.30693,113.09214,KALIMANTAN TENGAH
Entibab,village,0.64948,112.56307,KALIMANTAN BARAT
Malawaken,village,-0.92973,114.93421,KALIMANTAN TENGAH
Bugang,village,0.41071,112.30749,KALIMANTAN BARAT
Long Penaneh III,village,0.77416,114.27948,KALIMANTAN TIMUR
Tumbang Manya,village,-1.49187,112.60877,KALIMANTAN TENGAH
Lambing,village,-0.45939,115.76024,KALIMANTAN TIMUR
Bahenap,village,0.50006,113.00049,KALIMANTAN BARAT
Beras Balange,village,-0.59362,114.79702,KALIMANTAN TENGAH
Naha Aru,village,0.86896,114.66032,KALIMANTAN TIMUR
Buntut Leleng,village,-1.24395,112.71848,KALIMANTAN TENGAH
Melemba,village,0.91272,112.35812,KALIMANTAN BARAT
Supang,village,-1.01193,114.05828,KALIMANTAN TENGAH
Olung Dojou,village,-0.54039,114.54782,KALIMANTAN TENGAH
Hurung Bunut,village,-1.23549,113.90616,KALIMANTAN TENGAH
Tendiq,village,-0.72955,115.88386,KALIMANTAN TIMUR
Tumbang Napoi,village,-0.70552,113.59121,KALIMANTAN TENGAH
Nanga Sambus,village,0.86564,112.95092,KALIMANTAN BARAT
Tumbang Tohan,village,-0.08185,113.61931,KALIMANTAN TENGAH
Hingan,village,-1.43488,114.97211,KALIMANTAN TENGAH
Kandui,village,-1.25882,115.1205,KALIMANTAN TENGAH
Sungai Lobang,village,-0.69326,114.23126,KALIMANTAN TENGAH
Batu Badinding,village,-1.42646,113.04984,KALIMANTAN TENGAH
Teluk Sindur,village,0.83645,112.88085,KALIMANTAN BARAT
Mampuak I,village,-1.11745,115.35369,KALIMANTAN TENGAH
Tumbang Baloi,village,-0.32322,114.98326,KALIMANTAN TENGAH
Haragandang,village,-0.5462,115.12179,KALIMANTAN TENGAH
Nanga Mentatai,village,-0.34263,112.37553,KALIMANTAN BARAT
Bermai,village,-0.55625,115.56502,KALIMANTAN TIMUR
Nanga Suruk,village,0.531,112.65561,KALIMANTAN BARAT
Nanga Yen,village,0.34575,112.37066,KALIMANTAN BARAT
Tumbang Karuei,village,-0.86567,112.26751,KALIMANTAN TENGAH
Olung Hanangan,village,-0.6602,114.46141,KALIMANTAN TENGAH
Merako Jaya,village,-0.33079,112.6871,KALIMANTAN BARAT
Tumbang Rahuyan,village,-1.07254,113.55633,KALIMANTAN TENGAH
Memahak Besar,village,0.4502,115.40592,KALIMANTAN TIMUR
Tumbang Hangei II,village,-1.17133,112.49719,KALIMANTAN TENGAH
Masaha,village,-0.84233,114.03687,KALIMANTAN TENGAH
Tumbang Tajungan,village,-0.83238,113.48203,KALIMANTAN TENGAH
Datah Dian,village,1.2278,113.24721,KALIMANTAN BARAT
Batu Makap,village,-0.5137,114.13451,KALIMANTAN TENGAH
Datah Bilang Ilir,village,0.22709,115.46387,KALIMANTAN TIMUR
Sampirang I,village,-1.06115,115.37866,KALIMANTAN TENGAH
Karya Jaya,village,-0.2596,112.65209,KALIMANTAN BARAT
Nanga Laar,village,-0.07153,112.22331,KALIMANTAN BARAT
Tumbang Saan,village,-0.59208,114.37437,KALIMANTAN TENGAH
Sakaq Lotoq,village,-0.18172,115.89671,KALIMANTAN TIMUR
Lahei I,village,-0.87235,114.9367,KALIMANTAN TENGAH
Belawan Mulia,village,-1.4428,113.40456,KALIMANTAN TENGAH
Mu'ut,village,-0.2742,115.58554,KALIMANTAN TIMUR
Tumbang Pangka,village,-1.22284,113.06053,KALIMANTAN TENGAH
Nanga Boyan,village,0.57144,112.55645,KALIMANTAN BARAT
Long Sule,village,1.39149,115.70989,KALIMANTAN TIMUR
Sei Rahayu I,village,-0.86706,114.76466,KALIMANTAN TENGAH
Nanga Tepuai,village,0.37167,112.31045,KALIMANTAN BARAT
Muara Lawa,village,-0.4683,115.75675,KALIMANTAN TIMUR
Tumbang Jutuh,village,-1.28179,113.57611,KALIMANTAN TENGAH
Lirung Ubing,village,0.825,114.59581,KALIMANTAN TIMUR
Tumbang Hiran,village,-1.18969,112.69405,KALIMANTAN TENGAH
Tumbang Gagu,village,-1.22445,112.48498,KALIMANTAN TENGAH
Tangirang,village,-0.99969,113.95813,KALIMANTAN TENGAH
Belawan,village,-0.57919,114.45,KALIMANTAN TENGAH
Malungai,village,-1.28689,114.94154,KALIMANTAN TENGAH
Makunjung,village,-0.67916,114.83674,KALIMANTAN TENGAH
Tewang Pajangan,village,-1.20455,113.87283,KALIMANTAN TENGAH
Sei Riang,village,-0.92202,113.58865,KALIMANTAN TENGAH
Bantai Bambure,village,-1.40686,115.14239,KALIMANTAN TENGAH
Pelari,village,-1.20517,115.17836,KALIMANTAN TENGAH
Jakatan Pari,village,-0.81195,114.15407,KALIMANTAN TENGAH
Mencimai,village,-0.28231,115.672,KALIMANTAN TIMUR
Tumbang Marak,village,-1.389,112.89529,KALIMANTAN TENGAH
Penepian Raya,village,0.67046,112.37418,KALIMANTAN BARAT
Bintang Ninggi I,village,-1.05646,114.85696,KALIMANTAN TENGAH
Tumbang Bana,village,-0.44414,114.66355,KALIMANTAN TENGAH
Melapeh Baru,village,0.00777,115.12927,KALIMANTAN TIMUR
Suakong,village,-0.77801,115.76412,KALIMANTAN TIMUR
Riam Tapang,village,0.24217,112.29624,KALIMANTAN BARAT
Kiham Batang,village,-0.91845,112.42185,KALIMANTAN TENGAH
Tahujan Ontu,village,-0.6686,114.52985,KALIMANTAN TENGAH
Beriwit,village,-0.61732,114.57008,KALIMANTAN TENGAH
Urang Unsa,village,1.3077,114.01082,KALIMANTAN BARAT
Tri Pariq Makmur,village,0.33205,115.4874,KALIMANTAN TIMUR
Tumbang Kabayan,village,-1.13127,112.43287,KALIMANTAN TENGAH
Ulak Pauk,village,1.05947,112.50078,KALIMANTAN BARAT
Teluk Jolo,village,-0.43544,114.0844,KALIMANTAN TENGAH
Tuyun,village,-1.40615,113.91039,KALIMANTAN TENGAH
Tumbang Anoi,village,-0.8404,113.32108,KALIMANTAN TENGAH
Kelian Dalam,village,-0.0475,115.52692,KALIMANTAN TIMUR
Benangin II,village,-0.99863,115.37251,KALIMANTAN TENGAH
Liang Nyaling,village,-0.40317,114.9388,KALIMANTAN TENGAH
Srimulyo,village,-0.27809,115.75871,KALIMANTAN TIMUR
Luwe Hilir,village,-0.8035,114.93757,KALIMANTAN TENGAH
Terajuk,village,-0.28397,115.57195,KALIMANTAN TIMUR
Jelemuk,village,0.75025,112.77987,KALIMANTAN BARAT
Trinsing,village,-1.03875,114.93101,KALIMANTAN TENGAH
Tumbang Salaman,village,-1.01715,112.43581,KALIMANTAN TENGAH
Betung,village,-0.65065,115.8628,KALIMANTAN TIMUR
Long Lunuk,village,0.80958,114.53239,KALIMANTAN TIMUR
Rangan Burih,village,-1.18249,112.67963,KALIMANTAN TENGAH
Cempaka Baru,village,0.78663,113.13921,KALIMANTAN BARAT
Tumbang Puroh,village,-0.87298,113.94856,KALIMANTAN TENGAH
Nono Kliwon,village,-0.35658,114.5024,KALIMANTAN TENGAH
Walur,village,-1.28233,115.01224,KALIMANTAN TENGAH
Kohong,village,-0.46146,114.85395,KALIMANTAN TENGAH
Balai Banjang,village,-1.16874,114.21644,KALIMANTAN TENGAH
Tumbang Baringei,village,-1.23794,113.55202,KALIMANTAN TENGAH
Tumbang Tundu,village,-1.05339,112.52718,KALIMANTAN TENGAH
Tumbang Posu,village,-0.89488,113.41799,KALIMANTAN TENGAH
Panarukan,village,-1.3612,114.93588,KALIMANTAN TENGAH
Baok,village,-1.12516,115.6549,KALIMANTAN TENGAH
Tumbang Lahung,village,-0.68854,114.29822,KALIMANTAN TENGAH
Sendawar,village,-0.21123,115.78348,KALIMANTAN TIMUR
Pendreh,village,-0.95289,114.85148,KALIMANTAN TENGAH
Muara Maruwei II,village,-0.36575,114.73432,KALIMANTAN TENGAH
Papar Pujung,village,-0.75845,114.90374,KALIMANTAN TENGAH
Baras Nabun,village,-0.45981,112.44897,KALIMANTAN BARAT
Tukuq,village,-1.06049,115.73474,KALIMANTAN TIMUR
Dehes,village,-1.40032,113.10373,KALIMANTAN TENGAH
Naha Silat,village,0.84283,114.06479,KALIMANTAN TIMUR
Olung Nango,village,-0.58415,114.55161,KALIMANTAN TENGAH
Muara Bumban,village,-0.60033,114.62988,KALIMANTAN TENGAH
Tehang,village,-1.16928,113.32437,KALIMANTAN TENGAH
Long Hubung,village,0.26445,115.43872,KALIMANTAN TIMUR
Nusa Kutau,village,-0.97327,112.91493,KALIMANTAN TENGAH
Muara Joloi I,village,-0.12084,114.09976,KALIMANTAN TENGAH
Tumpung Laung I,village,-1.32668,114.83594,KALIMANTAN TENGAH
Kuala Kurun,city,-1.1016,113.86637,KALIMANTAN TENGAH
Tumbang Manangei,village,-1.17569,112.3604,KALIMANTAN TENGAH
Tumbang Manyoi,village,-0.64758,113.64472,KALIMANTAN TENGAH
Beringin Jaya,village,0.95227,113.54066,KALIMANTAN BARAT
Kalasin,village,0.26649,114.28192,KALIMANTAN TENGAH
Long Daliq,village,0.01696,115.61345,KALIMANTAN TIMUR
Bundar,village,-1.47846,114.93071,KALIMANTAN TENGAH
Muara Wakat,village,-0.98358,115.29935,KALIMANTAN TENGAH
Landau Leban,village,-0.39645,112.28075,KALIMANTAN BARAT
Samba Danum,village,-1.45937,113.10186,KALIMANTAN TENGAH
Kedamin Hulu,suburb,0.83649,112.93155,KALIMANTAN BARAT
Mampuak II,village,-1.11285,115.32617,KALIMANTAN TENGAH
Dirung Pinang,village,-0.48252,114.70658,KALIMANTAN TENGAH
Muara Inu,village,-0.77552,115.02182,KALIMANTAN TENGAH
Rangan Bahekang,village,-0.941,112.25227,KALIMANTAN TENGAH
Mantar,village,-0.50321,115.61298,KALIMANTAN TIMUR
Nanga Sangan,village,0.41108,112.45124,KALIMANTAN BARAT
Long Bagun Ulu,village,0.54675,115.20665,KALIMANTAN TIMUR
Nanga Embaloh,village,0.82876,112.59842,KALIMANTAN BARAT
Barunang II,village,-0.85851,113.81612,KALIMANTAN TENGAH
Beralang,village,-0.33762,114.63451,KALIMANTAN TENGAH
Tontang,village,-0.26984,112.59582,KALIMANTAN BARAT
Sei Ringin,village,-1.11452,114.12888,KALIMANTAN TENGAH
Rabambang,village,-1.23218,113.45614,KALIMANTAN TENGAH
Rangan Ranjing,village,-1.17164,112.57552,KALIMANTAN TENGAH
Swan Slutung,village,-1.40298,115.87696,KALIMANTAN TIMUR
Tumbang Manyarung,village,-0.57937,114.03211,KALIMANTAN TENGAH
Batu Tangkoi,village,-0.89262,113.51108,KALIMANTAN TENGAH
Olung Soloi,village,-0.27888,114.42736,KALIMANTAN TENGAH
Sumur Mas,village,-1.09364,113.64211,KALIMANTAN TENGAH
Linon Besi II,village,-1.14674,115.58766,KALIMANTAN TENGAH
Nanga Mawang Mentatai,village,-0.41886,112.35508,KALIMANTAN BARAT
Mantiat Pari,village,-0.47508,114.46518,KALIMANTAN TENGAH
Nihan Hilir,village,-0.79263,114.89043,KALIMANTAN TENGAH
Tumbang Mangara,village,-1.09714,113.03962,KALIMANTAN TENGAH
Ujung Jambu,village,0.67377,112.34373,KALIMANTAN BARAT
Long Top,village,1.3053,115.48643,KALIMANTAN TIMUR
Melayu,village,-0.95469,114.90632,KALIMANTAN TENGAH
Tumbang Kataei,village,-1.11333,112.32014,KALIMANTAN TENGAH
Lotaq,village,-0.52757,115.75293,KALIMANTAN TIMUR
Kepala Gurung,village,0.51802,112.92365,KALIMANTAN BARAT
Muara Laung I,village,-0.59646,114.73438,KALIMANTAN TENGAH
Luwuk Langkuas,village,-1.4053,113.59056,KALIMANTAN TENGAH
Long Tuyoq,village,0.92229,114.76171,KALIMANTAN TIMUR
Tumbang Mandurei,village,-1.27672,112.75314,KALIMANTAN TENGAH
Sungai Puring,village,-1.38628,112.64805,KALIMANTAN TENGAH
Barunang,village,-1.03363,114.37132,KALIMANTAN TENGAH
Sikan,village,-1.28905,114.84851,KALIMANTAN TENGAH
Penda Muntei,village,-1.44054,114.39611,KALIMANTAN TENGAH
Pilang Munduk,village,-1.28907,113.9117,KALIMANTAN TENGAH
Bentas,village,-0.57455,115.88195,KALIMANTAN TIMUR
Harowu,village,-0.56065,113.69338,KALIMANTAN TENGAH
Sungai Abau,village,1.07341,112.27054,KALIMANTAN BARAT
Tumbang Molut,village,-0.44351,114.08607,KALIMANTAN TENGAH
Reong,village,-1.40845,114.91239,KALIMANTAN TENGAH
Tongka,village,-1.23821,115.24154,KALIMANTAN TENGAH
Ujoh Halang,village,0.02311,115.55144,KALIMANTAN TIMUR
Nanga Ambalau,village,-0.21986,112.74305,KALIMANTAN BARAT
Gemuhan Asa,village,-0.19113,115.75979,KALIMANTAN TIMUR
Samba Kahayan,village,-1.44542,113.09336,KALIMANTAN TENGAH
Nanga Sebintang,village,0.66167,113.0021,KALIMANTAN BARAT
Butong,village,-1.09931,114.87823,KALIMANTAN TENGAH
Hingan Tokung,village,-0.42867,114.90014,KALIMANTAN TENGAH
Muara Niliq,village,-0.54146,115.57085,KALIMANTAN TIMUR
Sri Wangi,village,0.385,112.43356,KALIMANTAN BARAT
Nanga Danau,village,0.60671,112.92993,KALIMANTAN BARAT
Naha Buan,village,0.8,114.16583,KALIMANTAN TIMUR
Tumbang Kajamei,village,-0.89879,112.26631,KALIMANTAN TENGAH
Oreng,village,-0.68934,114.42768,KALIMANTAN TENGAH
Muara Untu,village,-0.70429,114.53507,KALIMANTAN TENGAH
Sepang Simin,village,-1.48799,113.89671,KALIMANTAN TENGAH
Laham,village,0.36299,115.39641,KALIMANTAN TIMUR
Penda Tanggaring Lama,village,-1.17799,112.55513,KALIMANTAN TENGAH
Hilir Kantor,suburb,0.86119,112.91779,KALIMANTAN BARAT
Dandang,village,-0.91691,113.54176,KALIMANTAN TENGAH
Rantau Prapat,village,1.34433,112.75381,KALIMANTAN BARAT
Kalapeh Baru,village,-0.5414,114.20989,KALIMANTAN TENGAH
Bintang Ara,village,-1.48976,115.20961,KALIMANTAN TENGAH
Upon Batu,village,-0.99776,113.67486,KALIMANTAN TENGAH
Tumbang Sian,village,-0.83947,113.56762,KALIMANTAN TENGAH
Tambaba,village,-1.11879,115.68349,KALIMANTAN TENGAH
Malasan,village,-0.70775,114.37303,KALIMANTAN TENGAH
Ipu,village,-0.89385,114.91936,KALIMANTAN TENGAH
Tepulang,village,-0.35613,115.6805,KALIMANTAN TIMUR
Tumbang Tangoi,village,-0.94907,113.09841,KALIMANTAN TENGAH
Jongkong Tanjung,village,0.66126,112.28842,KALIMANTAN BARAT
Rantau Puka,village,-1.06098,112.43362,KALIMANTAN TENGAH
Tumbang Bunut,village,-1.30561,113.57078,KALIMANTAN TENGAH
Long Pahangai II,village,0.87462,114.6672,KALIMANTAN TIMUR
Rangan Tangko,village,-1.12854,112.56405,KALIMANTAN TENGAH
Tumbang Hejan,village,-1.26337,112.56311,KALIMANTAN TENGAH
Hurung Tabengan,village,-0.98451,114.04133,KALIMANTAN TENGAH
Puruk Batu,village,-0.54739,114.52612,KALIMANTAN TENGAH
Paring Lahung,village,-1.24871,114.79941,KALIMANTAN TENGAH
Marapit,village,-1.34394,114.36773,KALIMANTAN TENGAH
Tumbang Tariak,village,-1.25231,113.88401,KALIMANTAN TENGAH
Tanjung Untung,village,-0.95225,113.61504,KALIMANTAN TENGAH
Jaras,village,0.84872,112.87718,KALIMANTAN BARAT
Danau Bambure,village,-1.43132,115.01149,KALIMANTAN TENGAH
Tampang Tumbang Anjir,village,-1.12312,113.87487,KALIMANTAN TENGAH
Muara Mea,village,-1.15981,115.58643,KALIMANTAN TENGAH
Sungai Gula,village,-0.72358,114.17983,KALIMANTAN TENGAH
Keliwai,village,0.01264,115.60796,KALIMANTAN TIMUR
Lintang Tambuk,village,-0.22219,112.24807,KALIMANTAN BARAT
Sumber Sari,village,-0.24179,115.71205,KALIMANTAN TIMUR
Rantau Asem,village,-1.42354,113.01817,KALIMANTAN TENGAH
Bunut Hulu,village,0.77648,112.50349,KALIMANTAN BARAT
Hajak,village,-0.99524,114.9566,KALIMANTAN TENGAH
Batu Bua I,village,-0.32565,114.71433,KALIMANTAN TENGAH
Buntut Ponte,village,-0.37043,112.48126,KALIMANTAN BARAT
Penarung,village,-0.6428,115.72536,KALIMANTAN TIMUR
Tumbang Manggo,village,-1.32585,113.09251,KALIMANTAN TENGAH
Suka Maju,village,0.5202,112.89857,KALIMANTAN BARAT
Long Penaneh I,village,0.77721,114.27276,KALIMANTAN TIMUR
Dirung Lingkin,village,-0.67129,114.47164,KALIMANTAN TENGAH
Danau Usung,village,-0.65474,114.60745,KALIMANTAN TENGAH
Tangki Dahuyan,village,-1.31864,113.39038,KALIMANTAN TENGAH
Bungan Jaya,village,0.97015,113.61354,KALIMANTAN BARAT
Long Gelawang,village,0.29227,115.36208,KALIMANTAN TIMUR
Tumbang Jiga,village,-1.16113,112.48303,KALIMANTAN TENGAH
Penyeluang,village,0.80112,112.76602,KALIMANTAN BARAT
Tumbang Naan,village,-0.15311,113.7519,KALIMANTAN TENGAH
Tanjung Karitak,village,-1.44975,113.90864,KALIMANTAN TENGAH
Tumbang Ponyoi,village,-0.76624,113.46232,KALIMANTAN TENGAH
Nanga Awin,village,0.96482,112.88263,KALIMANTAN BARAT
Gandring,village,-0.9733,115.16111,KALIMANTAN TENGAH
Panu'ut,village,-0.72485,114.47912,KALIMANTAN TENGAH
Juju Baru,village,-0.83923,114.99851,KALIMANTAN TENGAH
Jengan Danum,village,-0.36875,115.70476,KALIMANTAN TIMUR
Bika,village,0.82188,112.82727,KALIMANTAN BARAT
Datai Nirui,village,-0.93405,114.66742,KALIMANTAN TENGAH
Muara Pari,village,-0.67751,115.14426,KALIMANTAN TENGAH
Tumbang Gaei,village,-1.02545,112.28135,KALIMANTAN TENGAH
Nanga Mentebah,village,0.54421,112.7968,KALIMANTAN BARAT
Memahak Ulu,village,0.45379,115.40386,KALIMANTAN TIMUR
Lawang Tamang,village,-0.7424,113.93692,KALIMANTAN TENGAH
Rarawa,village,-1.29107,114.95915,KALIMANTAN TENGAH
Dandang,village,-1.19335,114.23898,KALIMANTAN TENGAH
Jerang Melayu,village,-0.42105,115.87602,KALIMANTAN TIMUR
Tumbang Malaman,village,-1.07611,112.75477,KALIMANTAN TENGAH
Tumbang Maraya,village,-0.90167,113.38562,KALIMANTAN TENGAH
Tumbang Manyangan,village,-1.0739,113.81168,KALIMANTAN TENGAH
Lampeong I,village,-1.14129,115.59691,KALIMANTAN TENGAH
Merayaq,village,-0.13707,115.81225,KALIMANTAN TIMUR
Rejo Basuki,village,-0.27133,115.67711,KALIMANTAN TIMUR
Jingah,village,-0.96798,114.90063,KALIMANTAN TENGAH
Batu Mirau,village,-0.63142,114.3361,KALIMANTAN TENGAH
Benao Hilir,village,-0.7465,114.89354,KALIMANTAN TENGAH
Sembuan,village,-0.32667,115.49032,KALIMANTAN TIMUR
Tumbang Kanei,village,-1.28128,113.07825,KALIMANTAN TENGAH
Nanga Raun,village,0.68867,113.14576,KALIMANTAN BARAT
Bukit Sawit,village,-1.13722,114.953,KALIMANTAN TENGAH
Long Penaneh II,village,0.77537,114.27612,KALIMANTAN TIMUR
Tumbang Puan,village,-1.47632,112.51964,KALIMANTAN TENGAH
Benggeris,village,-0.45483,115.74049,KALIMANTAN TIMUR
Puruk Cahu,village,-0.61284,114.57683,KALIMANTAN TENGAH
Batapah,village,-1.47616,114.57833,KALIMANTAN TENGAH
Tumbang Oroi,village,-1.24309,113.32068,KALIMANTAN TENGAH
Teluk Aur,village,0.77083,112.43055,KALIMANTAN BARAT
Wana Pariq,village,0.28124,115.52989,KALIMANTAN TIMUR
Kuluk Leleng,village,-1.2217,112.71825,KALIMANTAN TENGAH
Olung Siron,village,-0.57818,114.54519,KALIMANTAN TENGAH
Pepas,village,-1.29633,114.79018,KALIMANTAN TENGAH
Tumbang Empas,village,-1.38954,113.9079,KALIMANTAN TENGAH
Buntoi,village,-0.64611,113.6447,KALIMANTAN TENGAH
Lawik,village,0.90248,112.5544,KALIMANTAN BARAT
Tumbang Jojang,village,0.09931,113.90477,KALIMANTAN TENGAH
Payang Ara,village,-1.23822,115.13428,KALIMANTAN TENGAH
Menukung Kota,village,-0.4198,112.2273,KALIMANTAN BARAT
Sumber Rejo,village,-0.29069,115.76711,KALIMANTAN TIMUR
Petak Puti,village,-1.49569,113.11226,KALIMANTAN TENGAH
Jamut,village,-1.06771,115.27393,KALIMANTAN TENGAH
Tawai Haui,village,-0.30947,114.76462,KALIMANTAN TENGAH
Empas,village,-0.30306,115.7856,KALIMANTAN TIMUR
Rangan Rondan,village,-0.99653,112.28163,KALIMANTAN TENGAH
Mendika,village,-0.45617,115.71136,KALIMANTAN TIMUR
Riam Mengelai,village,0.45053,112.44746,KALIMANTAN BARAT
Rangan Kawit,village,-0.94668,112.43541,KALIMANTAN TENGAH
Tahujan Laung,village,-0.32023,114.6956,KALIMANTAN TENGAH
Nanga Serawai,village,-0.33123,112.438,KALIMANTAN BARAT
Batoq Kelo,village,0.7628,115.0159,KALIMANTAN TIMUR
Tumbang Tabulus,village,-1.01231,112.5168,KALIMANTAN TENGAH
Keliling Semulung,village,0.84636,112.64033,KALIMANTAN BARAT
Sei Pinang,village,-0.78731,114.05231,KALIMANTAN TENGAH
Karetau Rambangun,village,-0.87131,113.34366,KALIMANTAN TENGAH
Banua Ujung,village,1.09765,112.39882,KALIMANTAN BARAT
Tumbang Kunyi,village,-0.47936,114.12623,KALIMANTAN TENGAH
Jerang Dayak,village,-0.45415,115.85125,KALIMANTAN TIMUR
Kepala Jungai,village,-0.02043,112.95458,KALIMANTAN BARAT
Memahak Teboq,village,0.15849,115.51844,KALIMANTAN TIMUR
Nanga Kesange,village,-0.25841,112.83499,KALIMANTAN BARAT
Sampirang II,village,-1.07046,115.39956,KALIMANTAN TENGAH
Tumbang Kolon,village,-0.55954,114.39033,KALIMANTAN TENGAH
Jangkang Lama,village,-0.77453,114.90849,KALIMANTAN TENGAH
Begori,village,-0.2741,112.52361,KALIMANTAN BARAT
Bereng Balawan,village,-1.44168,113.49327,KALIMANTAN TENGAH
Jontai,village,-0.33568,115.49455,KALIMANTAN TIMUR
Tumbang Atei,village,-1.2076,113.06001,KALIMANTAN TENGAH
Tawan Jaya,village,-1.14477,114.95506,KALIMANTAN TENGAH
Tumbang Mahop,village,-1.16669,112.34592,KALIMANTAN TENGAH
Cempedas,village,-0.48528,115.75272,KALIMANTAN TIMUR
Parempei,village,-1.49014,113.6129,KALIMANTAN TENGAH
Long Pahangai I,village,0.88518,114.69212,KALIMANTAN TIMUR
Tumbang Pahanei,village,-1.18575,112.68577,KALIMANTAN TENGAH
Rantau Suang,village,-1.46796,112.28188,KALIMANTAN TENGAH
Sei Hanyo,village,-0.93083,114.0212,KALIMANTAN TENGAH
Mangkolisoi,village,-0.58709,114.45566,KALIMANTAN TENGAH
Montallat I,village,-1.3401,114.88614,KALIMANTAN TENGAH
Bumban Tuhup,village,-0.71447,114.84754,KALIMANTAN TENGAH
Kayu Bulan,village,-1.46119,114.43988,KALIMANTAN TENGAH
Tumbang Lampahung,village,-1.1718,113.87089,KALIMANTAN TENGAH
Lendian Liang Nayuq,village,-0.96474,115.86738,KALIMANTAN TIMUR
Tumbang Masukih,village,-0.59053,113.6895,KALIMANTAN TENGAH
Tumbang Tujang,village,0.29869,114.43158,KALIMANTAN TENGAH
Rampa Mea,village,-1.35067,115.12687,KALIMANTAN TENGAH
Sangkorang,village,-1.20367,115.20366,KALIMANTAN TENGAH
Muara Bakanon,village,-0.73499,114.35965,KALIMANTAN TENGAH
Asa,village,-0.20557,115.67167,KALIMANTAN TIMUR
Tumbang Hangei,village,-1.33275,112.84858,KALIMANTAN TENGAH
Bunut Hilir,village,0.77714,112.49593,KALIMANTAN BARAT
Lemo I,village,-1.00522,114.82715,KALIMANTAN TENGAH
Narui,village,-0.43543,114.61981,KALIMANTAN TENGAH
Nanga Segulang,village,-0.37537,112.46068,KALIMANTAN BARAT
Jelmu Sibak,village,-0.8795,115.74667,KALIMANTAN TIMUR
Nanga Dua,village,0.37404,112.86824,KALIMANTAN BARAT
Tahai Permai,village,-0.18549,112.58511,KALIMANTAN BARAT
Long Hurai,village,0.37229,115.43506,KALIMANTAN TIMUR
Tumbang Mangketai,village,-1.16616,112.38715,KALIMANTAN TENGAH
Sungai Uluk,village,0.85359,112.90611,KALIMANTAN BARAT
Laas Baru,village,-0.40735,114.07511,KALIMANTAN TENGAH
Tewah,village,-1.03359,113.72524,KALIMANTAN TENGAH
Karetau Sarian,village,-0.79527,113.33676,KALIMANTAN TENGAH
Kuari,hamlet,-0.96148,115.41278,KALIMANTAN TENGAH
Sungai Bakanon,village,-0.78825,114.27668,KALIMANTAN TENGAH
Luwe Hulu,village,-0.79791,114.93768,KALIMANTAN TENGAH
Lakan Bilem,village,-0.13681,115.41419,KALIMANTAN TIMUR
Tumbang Baraoi,village,-1.06195,113.03821,KALIMANTAN TENGAH
Nanga Tubuk,village,0.6192,112.90104,KALIMANTAN BARAT
Sei Rahayu II,village,-0.883,114.68957,KALIMANTAN TENGAH
Rantau Bahai,village,-1.08611,112.42109,KALIMANTAN TENGAH
Muara Begai,village,-0.58382,115.70957,KALIMANTAN TIMUR
Delang Kerohong,village,0.76244,114.45457,KALIMANTAN TIMUR
Tumbang Bemban,village,-1.1647,112.65345,KALIMANTAN TENGAH
Katanjung,village,-0.87387,113.90985,KALIMANTAN TENGAH
Olung Ulu,village,-0.49673,114.48029,KALIMANTAN TENGAH
Baliti,village,-1.27644,115.04323,KALIMANTAN TENGAH
Biha,village,-0.52375,114.7179,KALIMANTAN TENGAH
Tapen,village,-1.36563,114.39195,KALIMANTAN TENGAH
Jaras Satu,hamlet,0.85167,112.89052,KALIMANTAN BARAT
Melapi 2,hamlet,0.81547,112.9707,KALIMANTAN BARAT
Melapi 3,hamlet,0.81429,112.96982,KALIMANTAN BARAT
Melapi 4,hamlet,0.8063,112.97618,KALIMANTAN BARAT
Melapi 5,hamlet,0.80792,112.97613,KALIMANTAN BARAT
Mupa,hamlet,0.89483,112.94709,KALIMANTAN BARAT
Sauwe,hamlet,0.83484,112.95906,KALIMANTAN BARAT
Sibau Hilir,village,0.91905,112.94519,KALIMANTAN BARAT
Sibau Hulu,village,0.96071,112.93426,KALIMANTAN BARAT
Tanjung Jati,village,0.85076,112.92976,KALIMANTAN BARAT
Ariung Mendalam,village,0.86011,112.96576,KALIMANTAN BARAT
Bika Hulu,village,0.81153,112.86126,KALIMANTAN BARAT
Bika Jabai,hamlet,0.81287,112.8401,KALIMANTAN BARAT
Danum Doro,hamlet,0.83612,113.06145,KALIMANTAN BARAT
Datah Dian,village,0.88867,113.03952,KALIMANTAN BARAT
Kedamin Darat,village,0.82376,112.92565,KALIMANTAN BARAT
Landau Ipoh,hamlet,1.02751,112.91471,KALIMANTAN BARAT
Long Miting,hamlet,0.86323,113.00644,KALIMANTAN BARAT
Lunsa Yandunge,hamlet,0.82364,113.08645,KALIMANTAN BARAT
Nanga Nyabau,village,1.00995,112.71444,KALIMANTAN BARAT
Nanga Potan,hamlet,1.04305,112.99316,KALIMANTAN BARAT
Teluk Telaga,hamlet,0.87009,113.01795,KALIMANTAN BARAT
Padua Mendalam,village,0.87295,113.02177,KALIMANTAN BARAT
Padua Mendalam,hamlet,0.87621,113.02573,KALIMANTAN BARAT
Pulau Lunsara,hamlet,0.81158,113.12678,KALIMANTAN BARAT
Pulau Sayat,hamlet,0.8195,113.11606,KALIMANTAN BARAT
Seluan,village,0.98815,112.85292,KALIMANTAN BARAT
Sungai Uluk Palin,village,1.0517,112.7816,KALIMANTAN BARAT
Tanjung Beruang,village,0.94399,112.86579,KALIMANTAN BARAT
Tanjung Karang,village,0.86774,113.0045,KALIMANTAN BARAT
Tanjung Karang,hamlet,0.87078,113.0016,KALIMANTAN BARAT
Tanjung Kerja,hamlet,1.03945,112.77532,KALIMANTAN BARAT
Tanjung Lansa,hamlet,0.98095,112.95188,KALIMANTAN BARAT
Urang Unsa,village,0.82714,113.07236,KALIMANTAN BARAT
Bolong Ae' Ariung,hamlet,0.85987,112.96351,KALIMANTAN BARAT
Long Hatung,hamlet,0.88904,113.04138,KALIMANTAN BARAT
Masuling,hamlet,0.88829,113.03871,KALIMANTAN BARAT
Sinsiung Amas Tilalo,hamlet,0.86105,112.96746,KALIMANTAN BARAT
Apan,hamlet,1.13105,112.49725,KALIMANTAN BARAT
Bakul,hamlet,1.12591,112.25546,KALIMANTAN BARAT
Belimbis,hamlet,1.10942,112.37231,KALIMANTAN BARAT
Bukung,hamlet,1.10969,112.37924,KALIMANTAN BARAT
Engkadan,hamlet,1.1222,112.27412,KALIMANTAN BARAT
Entebulu,hamlet,1.1489,112.26065,KALIMANTAN BARAT
Ganti,hamlet,1.06377,112.33775,KALIMANTAN BARAT
Karangan Bunut,hamlet,1.20264,112.38564,KALIMANTAN BARAT
Kelawik,hamlet,1.14391,112.27168,KALIMANTAN BARAT
Kelayam,hamlet,1.1395,112.35559,KALIMANTAN BARAT
Keraam,hamlet,1.11565,112.38529,KALIMANTAN BARAT
Kerang Lunsa,hamlet,1.12674,112.25556,KALIMANTAN BARAT
Kerangkang,hamlet,1.13156,112.42175,KALIMANTAN BARAT
Madang,hamlet,1.15835,112.37078,KALIMANTAN BARAT
Nanga Liuk,hamlet,1.10844,112.41813,KALIMANTAN BARAT
Nanga Ngaung,hamlet,1.06472,112.32382,KALIMANTAN BARAT
Nanga Sungai,hamlet,1.09285,112.42932,KALIMANTAN BARAT
Ngaung Keruh,hamlet,1.11454,112.30866,KALIMANTAN BARAT
Paat,hamlet,1.07557,112.46012,KALIMANTAN BARAT
Pinjawan,hamlet,1.12368,112.38014,KALIMANTAN BARAT
Sadap,hamlet,1.17446,112.37084,KALIMANTAN BARAT
Sawa',hamlet,1.07996,112.26046,KALIMANTAN BARAT
Sembawang,hamlet,1.12642,112.25143,KALIMANTAN BARAT
Sungai Ajung,village,1.06555,112.32562,KALIMANTAN BARAT
Sungai Luar,hamlet,1.06625,112.2827,KALIMANTAN BARAT
Sungai Sedik,hamlet,1.06799,112.25027,KALIMANTAN BARAT
Sungai Tebelian,hamlet,1.13211,112.47431,KALIMANTAN BARAT
Talas,hamlet,1.14867,112.3765,KALIMANTAN BARAT
Tamao,village,1.13215,112.41686,KALIMANTAN BARAT
Teliyai,hamlet,1.09554,112.40299,KALIMANTAN BARAT
Tumbali,hamlet,1.09048,112.2979,KALIMANTAN BARAT
Ukit-Ukit,hamlet,1.09947,112.28244,KALIMANTAN BARAT
Ulak Batu,hamlet,1.1012,112.41486,KALIMANTAN BARAT
Ulak Pauk,hamlet,1.06052,112.49359,KALIMANTAN BARAT
Mantarem,hamlet,-1.47606,114.85686,KALIMANTAN TENGAH
Muara Malungai,hamlet,-1.44361,115.26182,KALIMANTAN TENGAH
Rantau Lalang,hamlet,0.68586,112.55958,KALIMANTAN BARAT
Long Iram Kota,village,-0.01691,115.62855,KALIMANTAN TIMUR
Sendawar,town,-0.23794,115.70227,KALIMANTAN TIMUR
Linggang Bangunsari,village,-0.1497,115.6445,KALIMANTAN TIMUR
Linggang Bigung Baru,village,-0.1434,115.57832,KALIMANTAN TIMUR
Geleo Asa,village,-0.15083,115.74156,KALIMANTAN TIMUR
Geleo Baru,village,-0.17068,115.7442,KALIMANTAN TIMUR
Gemuruh,village,-0.21395,115.88159,KALIMANTAN TIMUR
Gunung Rampah,village,-0.17173,115.88724,KALIMANTAN TIMUR
Jengan,village,-0.15131,115.86252,KALIMANTAN TIMUR
Juaq Asa,village,-0.1771,115.6805,KALIMANTAN TIMUR
Karangan,village,-0.19486,115.85262,KALIMANTAN TIMUR
Kelumpang,village,-0.16269,115.82318,KALIMANTAN TIMUR
Leleng,village,-0.2531,115.80276,KALIMANTAN TIMUR
Linggang Amer,village,-0.1453,115.65688,KALIMANTAN TIMUR
Linggang Bigung,village,-0.14573,115.62483,KALIMANTAN TIMUR
Linggang Kebut,village,-0.12042,115.64201,KALIMANTAN TIMUR
Linggang Mapan,village,-0.17372,115.61519,KALIMANTAN TIMUR
Linggang Melapeh,village,-0.16135,115.58659,KALIMANTAN TIMUR
Melak Ilir,village,-0.23761,115.83317,KALIMANTAN TIMUR
Linggang Melapeh Baru,village,-0.14481,115.56307,KALIMANTAN TIMUR
Muara Asa,village,-0.13179,115.70522,KALIMANTAN TIMUR
Muara Benangaq,village,-0.13529,115.7665,KALIMANTAN TIMUR
Muara Bunyut,village,-0.29401,115.86182,KALIMANTAN TIMUR
Ombau Asa,village,-0.19152,115.71738,KALIMANTAN TIMUR
Ongko Asa,village,-0.17019,115.69434,KALIMANTAN TIMUR
Pepas Asa,village,-0.15073,115.68947,KALIMANTAN TIMUR
Sakaq Tada,village,-0.25055,115.88542,KALIMANTAN TIMUR
Sekolaq Joleq,village,-0.26117,115.72062,KALIMANTAN TIMUR
Sekolaq Muliaq,village,-0.24978,115.77893,KALIMANTAN TIMUR
Sekolaq Oday,village,-0.23389,115.77255,KALIMANTAN TIMUR
Simpang Raya,village,-0.24091,115.68641,KALIMANTAN TIMUR
Sumber Bangun,village,-0.24743,115.72429,KALIMANTAN TIMUR
Linggang Tutung,village,-0.08192,115.45694,KALIMANTAN TIMUR
Anah,village,-0.03784,115.60532,KALIMANTAN TIMUR
Linggang Jelemuq,village,-0.06814,115.66795,KALIMANTAN TIMUR
Linggang Mencelew,village,-0.11049,115.65185,KALIMANTAN TIMUR
Long Iram Bayan,village,-0.00843,115.62423,KALIMANTAN TIMUR
Long Iram Ilir,village,-0.02652,115.62279,KALIMANTAN TIMUR
Long Iram Seberang,village,-0.02004,115.60974,KALIMANTAN TIMUR
Linggang Muara Leban,village,-0.03395,115.60069,KALIMANTAN TIMUR
Linggang Muara Mujan,village,-0.05526,115.6024,KALIMANTAN TIMUR
Linggang Purworejo,village,-0.09058,115.64164,KALIMANTAN TIMUR
Sukomulyo,village,-0.00551,115.64145,KALIMANTAN TIMUR
Tering Lama Ulu,village,-0.07012,115.6426,KALIMANTAN TIMUR
Tering Lama,village,-0.06987,115.6478,KALIMANTAN TIMUR
Linggang Tering Seberang,village,-0.08106,115.64383,KALIMANTAN TIMUR
Tukul,village,-0.00287,115.68624,KALIMANTAN TIMUR
Linggang Banjarejo,village,-0.09727,115.6528,KALIMANTAN TIMUR
Muara Kalaq,village,-0.10395,115.7728,KALIMANTAN TIMUR
Awai,village,-0.25013,115.58633,KALIMANTAN TIMUR
Gabung Baru,village,-0.02573,115.71279,KALIMANTAN TIMUR
Sentalar,village,-0.38922,115.5392,KALIMANTAN TIMUR
Muara Nyahing,village,-0.47293,115.61698,KALIMANTAN TIMUR
Bengkiraq,hamlet,-0.4688,115.66751,KALIMANTAN TIMUR
Sempatn,village,-0.44454,115.69094,KALIMANTAN TIMUR
Gunung Rantau,village,-1.42395,114.91239,KALIMANTAN TENGAH
Ngurit,village,-1.35429,115.26013,KALIMANTAN TENGAH
Sei Paken,village,-1.45764,115.15768,KALIMANTAN TENGAH
Tamparak Layung,village,-1.4392,115.15745,KALIMANTAN TENGAH
Kamendran,hamlet,-0.96378,114.93511,KALIMANTAN TENGAH
Penyang,village,-0.7138,114.39526,KALIMANTAN TENGAH
Karali,village,-0.5841,114.49898,KALIMANTAN TENGAH
Puruk Cahu,town,-0.65064,114.56957,KALIMANTAN TENGAH
Bulau Ngandung,village,-0.89804,114.0143,KALIMANTAN TENGAH
Jakatan Masaha,village,-0.84253,114.02779,KALIMANTAN TENGAH
Hurung Pukung,village,-1.43179,114.40542,KALIMANTAN TENGAH
Tanjung Rendan,village,-0.74071,113.95988,KALIMANTAN TENGAH
Long Nyaan,hamlet,0.90304,114.98322,KALIMANTAN TIMUR
Kampuri,village,-1.35106,113.91996,KALIMANTAN TENGAH
Tapen Raya,village,-1.32749,115.12263,KALIMANTAN TENGAH
Pandran Permai,village,-1.15718,114.9103,KALIMANTAN TENGAH
Bohoq,hamlet,-0.18479,115.77618,KALIMANTAN TIMUR
Teluk Siwo,hamlet,-0.47806,115.75593,KALIMANTAN TIMUR
Pusung,hamlet,-0.50837,115.75764,KALIMANTAN TIMUR
Sikui,village,-1.07665,115.08559,KALIMANTAN TENGAH
Nyaribungan,village,0.14398,115.08646,KALIMANTAN TIMUR
Tumbang Koroi,village,-0.68226,113.61428,KALIMANTAN TENGAH
Tumbang Mujai,village,-1.07563,113.57928,KALIMANTAN TENGAH
Tumbang Bahanei,village,-1.1001,113.47657,KALIMANTAN TENGAH
Tumbang Tuwe,village,-1.02117,113.51929,KALIMANTAN TENGAH
Tumbang Jalemu Kajuei,village,-1.26649,113.43889,KALIMANTAN TENGAH
Tumbang Langgah,village,-1.14757,113.49323,KALIMANTAN TENGAH
Tusang Raya,village,-1.13186,113.41508,KALIMANTAN TENGAH
Jalemu Raya,village,-1.2653,113.42635,KALIMANTAN TENGAH
Tumbang Samui,village,-1.27646,113.32115,KALIMANTAN TENGAH
Putat Durei,village,-1.30334,113.32194,KALIMANTAN TENGAH
Tumbang Mantuhe,village,-1.34769,113.32894,KALIMANTAN TENGAH
Gohong,village,-1.35393,113.34721,KALIMANTAN TENGAH
Bereng Baru,village,-1.46097,113.60394,KALIMANTAN TENGAH
Karya Bhakti,village,-1.31777,113.55514,KALIMANTAN TENGAH
Jakatan Raya,village,-1.28941,113.57303,KALIMANTAN TENGAH
Sangal,village,-1.13082,113.54333,KALIMANTAN TENGAH
Tumbang Lapan,village,-1.16441,113.55301,KALIMANTAN TENGAH
Hantapang,village,-1.06778,113.58927,KALIMANTAN TENGAH
Tumbang Takaoi,village,-0.80532,113.48126,KALIMANTAN TENGAH
Tumbang Hatung,village,-0.60534,113.66381,KALIMANTAN TENGAH
Teluk Kanduri,village,-0.93072,113.55666,KALIMANTAN TENGAH
Taja Urap,village,-0.95327,113.63049,KALIMANTAN TENGAH
Tumbang Habaon,village,-0.96077,113.64203,KALIMANTAN TENGAH
Teluk Lawah,village,-1.01326,113.71725,KALIMANTAN TENGAH
Batu Nyapau,village,-1.11472,113.72782,KALIMANTAN TENGAH
Sare Rangan,village,-1.06159,113.78896,KALIMANTAN TENGAH
Tumbang Pariyei,village,-1.29089,112.78751,KALIMANTAN TENGAH
Rantau Bangkiang,village,-1.38494,113.09877,KALIMANTAN TENGAH
Puruk Kambang,village,-0.67823,114.4503,KALIMANTAN TENGAH
Tumbang Olong II,village,-0.01869,114.3116,KALIMANTAN TENGAH
Osom Tompok,village,-0.45872,114.44809,KALIMANTAN TENGAH
Tumbang Apat,village,-0.55469,114.38782,KALIMANTAN TENGAH
Cinta Budiman,village,-0.68733,114.85839,KALIMANTAN TENGAH
Batu Karang,village,-0.35409,114.67407,KALIMANTAN TENGAH
Hurung Enep,village,-0.85718,114.97752,KALIMANTAN TENGAH
Sirau,village,0.19687,115.51304,KALIMANTAN TIMUR
Mangkawuk,village,-1.19624,113.41906,KALIMANTAN TENGAH
Tajah Antang Raya,village,-1.2543,113.50491,KALIMANTAN TENGAH
Muroi Raya,village,-1.47914,114.21347,KALIMANTAN TENGAH
Dahtah Bungai,village,-0.24884,112.92482,KALIMANTAN BARAT
Nanga Menantak,village,-0.24606,112.96874,KALIMANTAN BARAT
Deme,village,-0.23219,113.01079,KALIMANTAN BARAT
Nanga Pahangan,village,-0.29002,113.07244,KALIMANTAN BARAT
Buntut Purun,village,-0.3023,113.00068,KALIMANTAN BARAT
Nanga Mentomoi,village,-0.31662,112.96822,KALIMANTAN BARAT
Rantau Prapat,village,1.12715,112.62604,KALIMANTAN BARAT
Nanga Palin,village,0.94556,112.64078,KALIMANTAN BARAT
Pala Pintas,village,0.83352,112.66826,KALIMANTAN BARAT
Melak Ulu,village,-0.23339,115.80856,KALIMANTAN TIMUR
Long Pakaq Baru,village,0.76813,114.46283,KALIMANTAN TIMUR
Long Lunuk Baru,village,0.80598,114.53358,KALIMANTAN TIMUR
Kereho,village,0.77673,113.26433,KALIMANTAN BARAT
Entebi,village,0.21464,112.20988,KALIMANTAN BARAT
Selangkai,village,0.24083,112.24549,KALIMANTAN BARAT
Sejahtera Mandiri,village,0.37898,112.31071,KALIMANTAN BARAT
Nanga Jemah,village,0.34241,112.44851,KALIMANTAN BARAT
Beringin,village,0.39329,112.34604,KALIMANTAN BARAT
Karya Mandiri,village,0.35717,112.33816,KALIMANTAN BARAT
Tunas Muda,village,0.35677,112.21193,KALIMANTAN BARAT
Mubung,village,0.35242,112.25014,KALIMANTAN BARAT
Tani Makmur,village,0.4436,112.2175,KALIMANTAN BARAT
Simpang Senara,village,0.42998,112.29264,KALIMANTAN BARAT
Hulu Pengkadan,village,0.41129,112.40032,KALIMANTAN BARAT
Kerangan Panjang,village,0.50427,112.28679,KALIMANTAN BARAT
Sasan,village,0.45863,112.2769,KALIMANTAN BARAT
Buak Limbang,village,0.48187,112.40456,KALIMANTAN BARAT
Tintin Kemantan,hamlet,0.42904,112.38,KALIMANTAN BARAT
Riam Panjang,village,0.45249,112.3872,KALIMANTAN BARAT
Pengkadan Hilir,village,0.53688,112.34307,KALIMANTAN BARAT
Sira Jaya,village,0.46996,112.35863,KALIMANTAN BARAT
Mawan,village,0.48996,112.34727,KALIMANTAN BARAT
Marta Dana,village,0.44603,112.36365,KALIMANTAN BARAT
Pinang Laka,village,0.45579,112.32895,KALIMANTAN BARAT
Pemawan,village,0.48215,112.5446,KALIMANTAN BARAT
Mujan,village,0.4876,112.48519,KALIMANTAN BARAT
Landau Mentail,village,0.55106,112.60865,KALIMANTAN BARAT
Teluk Geruguk,village,0.60373,112.54942,KALIMANTAN BARAT
Delintas Karya,village,0.55959,112.5254,KALIMANTAN BARAT
Nanga Danau,village,0.54784,112.50162,KALIMANTAN BARAT
Nanga Ret,village,0.53251,112.48818,KALIMANTAN BARAT
Karya Maju,village,0.51677,112.48474,KALIMANTAN BARAT
Tubang Jaya,village,0.45577,112.46911,KALIMANTAN BARAT
Boyan Tanjung,village,0.48395,112.47933,KALIMANTAN BARAT
Nanga Betung,village,0.47113,112.49258,KALIMANTAN BARAT
Nanga Serawak,hamlet,0.35793,112.34707,KALIMANTAN BARAT
Nanga Letuh,hamlet,0.35439,112.32807,KALIMANTAN BARAT
Batu Tiga,village,0.33842,112.98427,KALIMANTAN BARAT
Nanga Payang,village,0.39302,112.802,KALIMANTAN BARAT
Segitak,village,0.40436,112.6646,KALIMANTAN BARAT
Nanga Kelibang,village,0.41924,112.69389,KALIMANTAN BARAT
Nanga Semangut,village,0.47031,112.69966,KALIMANTAN BARAT
Landau Apus,hamlet,0.48719,112.62465,KALIMANTAN BARAT
Semangut Utara,village,0.47956,112.70311,KALIMANTAN BARAT
Temuyuk,village,0.47761,112.66383,KALIMANTAN BARAT
Riam Piyang,village,0.46596,112.60598,KALIMANTAN BARAT
Sungai Besar,village,0.46414,112.63459,KALIMANTAN BARAT
Pantas Bersatu,village,0.48561,112.64363,KALIMANTAN BARAT
Bakong Permai,village,0.5084,112.64678,KALIMANTAN BARAT
Beringin,village,0.5327,112.65857,KALIMANTAN BARAT
Tangai Jaya,village,0.53781,112.85259,KALIMANTAN BARAT
Sungai Tekuyung,hamlet,0.52287,112.87438,KALIMANTAN BARAT
Menaren,village,0.55643,112.83157,KALIMANTAN BARAT
Lubuk Mantuk,hamlet,0.6042,112.8793,KALIMANTAN BARAT
Tanjung Intan,village,0.53442,112.78713,KALIMANTAN BARAT
Ribang Kadeng,village,0.67532,113.03987,KALIMANTAN BARAT
Peniung,village,0.60677,112.99132,KALIMANTAN BARAT
Nanga Lebangan,village,0.66287,113.04808,KALIMANTAN BARAT
Segiam,village,0.68305,112.98181,KALIMANTAN BARAT
Tapang Da'an,village,0.68756,113.05262,KALIMANTAN BARAT
Semerantau,village,0.67957,112.95667,KALIMANTAN BARAT
Rantau Bumbun,village,0.71685,113.09394,KALIMANTAN BARAT
Tekudak,village,0.64631,112.88404,KALIMANTAN BARAT
Kalis Raya,village,0.68674,112.90779,KALIMANTAN BARAT
Nanga Kalis,village,0.69386,112.91051,KALIMANTAN BARAT
Tembang,village,0.79231,112.5544,KALIMANTAN BARAT
Kapuas Raya,village,0.78899,112.5058,KALIMANTAN BARAT
Bunut Tengah,village,0.77891,112.50297,KALIMANTAN BARAT
Empangau,village,0.71941,112.37927,KALIMANTAN BARAT
Empangau Hilir,village,0.71666,112.37225,KALIMANTAN BARAT
Temenang,village,0.56465,112.28611,KALIMANTAN BARAT
Nanga Serian,village,0.57641,112.30272,KALIMANTAN BARAT
Kandung Suli,village,0.64269,112.25526,KALIMANTAN BARAT
Jongkong Kiri Hilir,village,0.66963,112.27615,KALIMANTAN BARAT
Jongkong Kiri Tengah,village,0.6674,112.28048,KALIMANTAN BARAT
Jongkong Kiri Hulu,village,0.66626,112.28929,KALIMANTAN BARAT
Jongkong Pasar,village,0.66435,112.27737,KALIMANTAN BARAT
Jongkong Kanan,village,0.65795,112.28423,KALIMANTAN BARAT
Semalah,village,0.85634,112.21736,KALIMANTAN BARAT
Sekubah,village,0.52271,112.22737,KALIMANTAN BARAT
Lanjak Deras,village,1.03566,112.22661,KALIMANTAN BARAT
Labian Ira'ang,village,1.12593,112.25371,KALIMANTAN BARAT
Sungai Utik,hamlet,1.12141,112.56401,KALIMANTAN BARAT
Batu Lintang,village,1.12261,112.56355,KALIMANTAN BARAT
Nanga Lauk,village,0.94698,112.64071,KALIMANTAN BARAT
UPT XIX Keliling Semulung,hamlet,0.8642,112.72303,KALIMANTAN BARAT
Ujung Bayur,village,0.84174,112.72819,KALIMANTAN BARAT
Kirin Nangka,village,0.83906,112.69903,KALIMANTAN BARAT
Belatung,village,0.98715,112.52673,KALIMANTAN BARAT
Benua Tengah,village,0.91818,112.82427,KALIMANTAN BARAT
Jangkang,village,0.92899,112.84092,KALIMANTAN BARAT
Lauk,village,0.91454,112.81002,KALIMANTAN BARAT
Jongkong Manday,village,0.71114,112.86928,KALIMANTAN BARAT
Melapi Manday,village,0.71659,112.81894,KALIMANTAN BARAT
Nanga Manday,village,0.79373,112.78762,KALIMANTAN BARAT
Petak Bahandang,village,-1.14696,113.8965,KALIMANTAN TENGAH
Nanga Tampang,village,0.03904,112.21461,KALIMANTAN BARAT
Gemare I,hamlet,-0.15182,112.28171,KALIMANTAN BARAT
Gemare II,hamlet,-0.1268,112.29473,KALIMANTAN BARAT
Merah Arai,village,-0.16266,112.37766,KALIMANTAN BARAT
Tapang Manua,village,-0.14925,112.39873,KALIMANTAN BARAT
Kerapuk Jaya,village,-0.00218,112.21355,KALIMANTAN BARAT
Tanjung Miru,village,-0.04852,112.2606,KALIMANTAN BARAT
Tanah Merah,village,-0.20533,112.27618,KALIMANTAN BARAT
Dusun,hamlet,-0.38722,112.41909,KALIMANTAN BARAT
Dusun,hamlet,-0.28888,112.69288,KALIMANTAN BARAT
Dusun,hamlet,-0.48659,112.70452,KALIMANTAN BARAT
Dusun,hamlet,-0.36105,112.68005,KALIMANTAN BARAT
Tunas Harapan,village,-0.3154,112.39338,KALIMANTAN BARAT
Sabhang Landan,village,-0.26178,112.67866,KALIMANTAN BARAT
Sawang Senghiang,village,-0.25857,112.63484,KALIMANTAN BARAT
Limbur Bernaung Lestari,village,-0.1668,112.56883,KALIMANTAN BARAT
Mensulung Bio,village,-0.21544,112.57187,KALIMANTAN BARAT
Tamakung,village,-0.27199,112.58108,KALIMANTAN BARAT
Nanga Tangoi,village,-0.33393,112.68911,KALIMANTAN BARAT
Meroboi,village,-0.42464,112.70258,KALIMANTAN BARAT
Nanga Ruhan,village,-0.39581,112.74225,KALIMANTAN BARAT
Nanga Bihe,village,-0.38364,112.50304,KALIMANTAN BARAT
Mentajoi,village,-0.39673,112.60279,KALIMANTAN BARAT
Panekasan,village,-0.5007,112.50582,KALIMANTAN BARAT
Rantau Malam,village,-0.50046,112.55671,KALIMANTAN BARAT
Teluk Harapan,village,-0.42077,112.46002,KALIMANTAN BARAT
Nanga Tekungai,village,-0.35278,112.47319,KALIMANTAN BARAT
Nusa Tujuh,village,-0.34662,112.37638,KALIMANTAN BARAT
Batu Ketebung,village,-0.30633,112.45531,KALIMANTAN BARAT
Tanjung Baru,village,-0.33662,112.42722,KALIMANTAN BARAT
Mekar Sari,village,-0.33177,112.42935,KALIMANTAN BARAT
Muara Kota,village,-0.32799,112.43475,KALIMANTAN BARAT
Talian Sahabung,village,-0.2685,112.53408,KALIMANTAN BARAT
Gurung Senghiang,village,-0.27383,112.49431,KALIMANTAN BARAT
Tanjung Harapan,village,-0.27472,112.58048,KALIMANTAN BARAT
Nanga Ukai,village,-0.25399,112.95357,KALIMANTAN BARAT
Riam Sabon,village,-0.30506,112.93481,KALIMANTAN BARAT
Sungai Tambun,village,-0.263,112.92067,KALIMANTAN BARAT
Jengkarang,village,-0.01151,113.00539,KALIMANTAN BARAT
Nanga Rade,village,-0.04125,112.84167,KALIMANTAN BARAT
Kolangan Juoi,village,0.01356,112.67061,KALIMANTAN BARAT
Luting Mingan,village,0.01135,112.66366,KALIMANTAN BARAT
Korong Daso,village,-0.0163,112.6733,KALIMANTAN BARAT
Patih Jepara,village,-0.05166,112.76695,KALIMANTAN BARAT
Nanga Keremoi,village,-0.02094,112.775,KALIMANTAN BARAT
Nanga Sakai,village,-0.22933,112.83804,KALIMANTAN BARAT
Mensuang,village,-0.25534,112.88236,KALIMANTAN BARAT
Pulou Sabhang,village,-0.08906,112.76807,KALIMANTAN BARAT
Purut Beribit,village,-0.14304,112.76196,KALIMANTAN BARAT
Bukai Tukun,village,-0.17744,112.72977,KALIMANTAN BARAT
Nusa Poring,village,-0.22418,112.7422,KALIMANTAN BARAT
Lunjan Tingang,village,-0.23685,112.71572,KALIMANTAN BARAT
Bukit Tinggi,village,-0.24365,112.70704,KALIMANTAN BARAT
Dusun,hamlet,-0.3092,112.36412,KALIMANTAN BARAT
Dusun,hamlet,-0.44201,112.23038,KALIMANTAN BARAT
Dusun,hamlet,-0.44335,112.2247,KALIMANTAN BARAT
Dusun,hamlet,-0.49455,112.32395,KALIMANTAN BARAT
Dusun,hamlet,-0.4719,112.34552,KALIMANTAN BARAT
Dusun,hamlet,-0.48076,112.33408,KALIMANTAN BARAT
Dusun,hamlet,-0.47735,112.29431,KALIMANTAN BARAT
Dusun,hamlet,-0.47224,112.28121,KALIMANTAN BARAT
Dusun,hamlet,-0.47591,112.26492,KALIMANTAN BARAT
Dusun,hamlet,-0.47091,112.25302,KALIMANTAN BARAT
Dusun,hamlet,-0.48732,112.22493,KALIMANTAN BARAT
Dusun,hamlet,-0.35105,112.34403,KALIMANTAN BARAT
Dusun,hamlet,-0.44192,112.33249,KALIMANTAN BARAT
Dusun,hamlet,-0.46399,112.33803,KALIMANTAN BARAT
Bunyau,hamlet,-0.362,112.25651,KALIMANTAN BARAT
Labang Manyam,hamlet,-0.29883,112.20528,KALIMANTAN BARAT
Guhung Keruab,hamlet,-0.34984,112.24495,KALIMANTAN BARAT
Oyah Kanan,hamlet,-0.39028,112.24748,KALIMANTAN BARAT
Sungai Sampuk,village,-0.44709,112.26291,KALIMANTAN BARAT
Batu Onap,village,-0.39717,112.35372,KALIMANTAN BARAT
Batas Nangka,village,-0.33181,112.29954,KALIMANTAN BARAT
Nusa Poring,village,-0.43277,112.32663,KALIMANTAN BARAT
Kenali Jaya,hamlet,-0.3687,112.31167,KALIMANTAN BARAT
Oyah,village,-0.39301,112.24412,KALIMANTAN BARAT
Lihai,village,-0.41356,112.20763,KALIMANTAN BARAT
UPT Trans Bahitom,hamlet,-0.68762,114.60597,KALIMANTAN TENGAH
Mampai Jaya,village,-0.9444,113.7303,KALIMANTAN TENGAH
Dirung Koram,village,-0.96474,113.96442,KALIMANTAN TENGAH
Data Baru,village,1.2983,115.43294,KALIMANTAN TIMUR
Transabangdep,hamlet,-1.03238,114.8759,KALIMANTAN TENGAH
Nunuk Jaji,hamlet,-0.83411,114.82678,KALIMANTAN TENGAH
Malateken,hamlet,-0.99295,115.13639,KALIMANTAN TENGAH
Nanga Sebilit,hamlet,0.50436,112.6669,KALIMANTAN BARAT
Betung Raya,hamlet,0.49263,112.65792,KALIMANTAN BARAT
Tabai Aon,hamlet,-0.49853,112.49931,KALIMANTAN BARAT
Tumbang Salio,village,-0.79354,114.2907,KALIMANTAN TENGAH
Camp Tengah,hamlet,-0.80961,114.23123,KALIMANTAN TENGAH
Km.66,hamlet,-0.3053,114.37361,KALIMANTAN TENGAH
Masupa Ria,village,-0.55074,114.04632,KALIMANTAN TENGAH
Tumbang Tihis,village,-0.73684,113.9965,KALIMANTAN TENGAH
Selangon,hamlet,-0.51039,114.49876,KALIMANTAN TENGAH
Simpang Muwun,hamlet,-0.50024,114.49719,KALIMANTAN TENGAH
Dusun Teronoi,hamlet,0.28298,113.88877,KALIMANTAN TENGAH
Sungai Lunuk,village,-0.62434,114.53546,KALIMANTAN TENGAH
Doan Arung,village,-0.4981,114.53637,KALIMANTAN TENGAH
Tumbang Tabulus,hamlet,-0.14505,113.91408,KALIMANTAN TENGAH
Takajung,village,-0.2932,114.12427,KALIMANTAN TENGAH
Jangkang,village,-1.15519,114.20469,KALIMANTAN TENGAH
Kolam,village,-0.41434,114.4933,KALIMANTAN TENGAH
Datah Bilang Baru,village,0.23364,115.45428,KALIMANTAN TIMUR
Long Hubung Ulu,village,0.26513,115.43362,KALIMANTAN TIMUR
Pulan,hamlet,1.1301,112.53139,KALIMANTAN BARAT
Benangin I,village,-0.99287,115.37102,KALIMANTAN TENGAH
Kelian,village,-0.38762,115.58962,KALIMANTAN TIMUR
Jangau,hamlet,0.57466,115.12397,KALIMANTAN TIMUR
Sepan Kareho,village,0.76647,113.36474,KALIMANTAN BARAT
Ujoh Bilang,village,0.52532,115.23894,KALIMANTAN TIMUR
Royoq,hamlet,-0.22346,115.79174,KALIMANTAN TIMUR
Ujoh Bilang,town,0.52309,115.24001,KALIMANTAN TIMUR
Lendian Liang Nayuk,village,-0.96401,115.86677,KALIMANTAN TIMUR
Samarinda,city,-0.50178,117.13931,KALIMANTAN TIMUR
Bontang,city,0.12365,117.47171,KALIMANTAN TIMUR
Tenggarong,town,-0.43349,116.9785,KALIMANTAN TIMUR
Bangun Rejo,village,-0.35464,117.11381,KALIMANTAN TIMUR
Tepian Ulaq,village,-0.34104,116.08946,KALIMANTAN TIMUR
Bumi Harapan,village,-0.95038,116.73874,KALIMANTAN TIMUR
Anggana,village,-0.5682,117.28719,KALIMANTAN TIMUR
Loa Lepu,village,-0.45254,117.01365,KALIMANTAN TIMUR
Muara Gusik,village,-0.69512,116.31657,KALIMANTAN TIMUR
Muara Kaman Ilir,village,-0.16046,116.72091,KALIMANTAN TIMUR
Riko,village,-1.12977,116.63323,KALIMANTAN TIMUR
Muhuran,village,-0.20531,116.54556,KALIMANTAN TIMUR
Tanjung Laut,village,0.12691,117.49121,KALIMANTAN TIMUR
Kota Bangun Seberang,village,-0.27626,116.59063,KALIMANTAN TIMUR
Jonggon Desa,village,-0.61501,116.75974,KALIMANTAN TIMUR
Kaliorang,village,0.89518,117.83385,KALIMANTAN TIMUR
Salok Palai,village,-0.37817,117.42902,KALIMANTAN TIMUR
Tanjung Jan,village,-0.50089,116.18458,KALIMANTAN TIMUR
Karangan Hilir,village,1.35593,117.65987,KALIMANTAN TIMUR
Prapatan,village,-1.26868,116.81697,KALIMANTAN TIMUR
Tanah Datar,village,-0.33835,117.28273,KALIMANTAN TIMUR
Sanggulan,village,-0.32544,116.84114,KALIMANTAN TIMUR
Mendik,village,-1.44928,116.31079,KALIMANTAN TIMUR
Mukti Jaya,village,0.59634,117.29953,KALIMANTAN TIMUR
Miau Baru,village,1.18996,116.94722,KALIMANTAN TIMUR
Muara Pedohon,village,0.5782,116.03058,KALIMANTAN TIMUR
Muara Muntai Ulu,village,-0.35647,116.38894,KALIMANTAN TIMUR
Tunjungan,village,-0.00131,116.76602,KALIMANTAN TIMUR
Dasaq,village,-0.40575,115.90423,KALIMANTAN TIMUR
Muara Rapak,village,-1.22697,116.8377,KALIMANTAN TIMUR
Embalut,village,-0.33682,117.0886,KALIMANTAN TIMUR
Gunung Bayan,village,-0.39688,115.96945,KALIMANTAN TIMUR
Santan Tengah,village,-0.02037,117.46887,KALIMANTAN TIMUR
Bukit Subur,village,-1.13444,116.54768,KALIMANTAN TIMUR
Kota Bangun Ilir,village,-0.25023,116.56878,KALIMANTAN TIMUR
Deraya,village,-0.91445,116.15634,KALIMANTAN TIMUR
Danau Redan,village,0.04434,117.36116,KALIMANTAN TIMUR
Belimbing,village,0.14695,117.46766,KALIMANTAN TIMUR
Enggelam,village,-0.11062,116.19106,KALIMANTAN TIMUR
Kuala Samboja,village,-1.01579,117.11725,KALIMANTAN TIMUR
Karya Bhakti,village,1.04285,116.90303,KALIMANTAN TIMUR
Genting Tanah,village,0.07941,116.43213,KALIMANTAN TIMUR
Bakungan,village,-0.59087,117.03009,KALIMANTAN TIMUR
Karangan Seberang,village,1.34914,117.6612,KALIMANTAN TIMUR
Kenyanyan,village,-0.62821,115.93435,KALIMANTAN TIMUR
Keraitan,village,0.83157,117.56538,KALIMANTAN TIMUR
Suka Raja,village,-0.91235,116.78951,KALIMANTAN TIMUR
Badak Mekar,village,-0.30013,117.26204,KALIMANTAN TIMUR
Panji,village,-0.40718,116.9862,KALIMANTAN TIMUR
Mancong,village,-0.535,116.07912,KALIMANTAN TIMUR
Tanjung Tengah,village,-1.38671,116.67995,KALIMANTAN TIMUR
Teluk Pandan,village,0.22659,117.45976,KALIMANTAN TIMUR
Marga Mulya,village,1.08897,116.92394,KALIMANTAN TIMUR
Ritan Baru,village,0.39311,116.05295,KALIMANTAN TIMUR
Kariangau,village,-1.17434,116.80388,KALIMANTAN TIMUR
Ponoragan,village,-0.5055,117.01596,KALIMANTAN TIMUR
Argo Sari,village,-1.08809,117.01849,KALIMANTAN TIMUR
Marukangan,village,0.86412,118.3246,KALIMANTAN TIMUR
Muara Kaman Ulu,village,-0.15043,116.72134,KALIMANTAN TIMUR
Semangko,village,-0.09244,117.46472,KALIMANTAN TIMUR
Labangka,village,-1.45176,116.50719,KALIMANTAN TIMUR
Giri Agung,village,-0.2045,117.06242,KALIMANTAN TIMUR
Tanjung Haur,village,-0.39284,116.22651,KALIMANTAN TIMUR
Belimbing,village,-1.4138,116.17332,KALIMANTAN TIMUR
Sebuntal,village,-0.11334,117.43289,KALIMANTAN TIMUR
Gersik,village,-1.17945,116.73824,KALIMANTAN TIMUR
Sumber Sari,village,-0.31433,116.66516,KALIMANTAN TIMUR
Gerunggung,village,-1.00269,116.10431,KALIMANTAN TIMUR
Loa Buah,village,-0.55357,117.0732,KALIMANTAN TIMUR
Lebak Cilong,village,-0.44432,116.53,KALIMANTAN TIMUR
Long Bentuq,village,0.73113,116.62954,KALIMANTAN TIMUR
Tebisaq,village,-0.45299,115.94702,KALIMANTAN TIMUR
Muara Salung,village,0.58413,115.97849,KALIMANTAN TIMUR
Loa Duri Ulu,village,-0.5883,117.05811,KALIMANTAN TIMUR
Baay,village,1.2627,117.67516,KALIMANTAN TIMUR
Tubuhan,village,-0.13504,116.41317,KALIMANTAN TIMUR
Bukit Raya,village,-0.41028,117.07086,KALIMANTAN TIMUR
Mendik Makmur,village,-1.45571,116.28,KALIMANTAN TIMUR
Sepaso Timur,village,0.74222,117.58953,KALIMANTAN TIMUR
Maridan,village,-1.09564,116.68882,KALIMANTAN TIMUR
Batu Batu,village,-0.32482,117.36922,KALIMANTAN TIMUR
Jahab,village,-0.46553,116.95815,KALIMANTAN TIMUR
Api-api,village,-1.43392,116.56099,KALIMANTAN TIMUR
Swarga Bara,village,0.54029,117.51332,KALIMANTAN TIMUR
Pelabuhan,village,-0.5036,117.15263,KALIMANTAN TIMUR
Rantau Sentosa,village,0.74311,116.6258,KALIMANTAN TIMUR
Baru Tengah,village,-1.23142,116.81529,KALIMANTAN TIMUR
Loa Kulu Kota,village,-0.52775,117.02653,KALIMANTAN TIMUR
Long Lalang,village,0.36963,116.07842,KALIMANTAN TIMUR
Bukit Makmur,village,0.92008,117.84383,KALIMANTAN TIMUR
Sebulu Ilir,village,-0.27407,117.00926,KALIMANTAN TIMUR
Loa Deras,village,-0.3651,116.29439,KALIMANTAN TIMUR
Batu Lepoq,village,1.35251,117.70567,KALIMANTAN TIMUR
Selerong,village,-0.32545,116.80273,KALIMANTAN TIMUR
Muara Lambakan,village,-1.28844,116.11936,KALIMANTAN TIMUR
Bunga Putih,village,-0.14526,117.40982,KALIMANTAN TIMUR
Lawe-lawe,village,-1.33024,116.69758,KALIMANTAN TIMUR
Bukit Pinang,village,-0.46711,117.10906,KALIMANTAN TIMUR
Sebemban,village,-0.29568,116.46078,KALIMANTAN TIMUR
Wonotirto,village,-1.02217,117.07358,KALIMANTAN TIMUR
Muara Bengkal Ilir,village,0.4315,116.71116,KALIMANTAN TIMUR
Muara Aloh,village,-0.43271,116.35095,KALIMANTAN TIMUR
Dondang,village,-0.79062,117.22674,KALIMANTAN TIMUR
Peridan,village,0.99525,118.0077,KALIMANTAN TIMUR
Sidomulyo,village,-0.54096,117.27276,KALIMANTAN TIMUR
Perjiwa,village,-0.41092,117.00038,KALIMANTAN TIMUR
Resak,village,-0.7026,116.18092,KALIMANTAN TIMUR
Kupang Baru,village,0.08531,116.68891,KALIMANTAN TIMUR
Rapak Lambur,village,-0.34709,116.94927,KALIMANTAN TIMUR
Teluk Singkama,village,0.34028,117.53077,KALIMANTAN TIMUR
Lok Tuan,village,0.16786,117.47728,KALIMANTAN TIMUR
Long Tesak,village,0.68119,116.6272,KALIMANTAN TIMUR
Sungai Kapih,village,-0.53692,117.17587,KALIMANTAN TIMUR
Kedang Murung,village,-0.28867,116.58641,KALIMANTAN TIMUR
Diaq Lay,village,1.06142,116.79039,KALIMANTAN TIMUR
Long Beleh Haloq,village,0.27999,116.16648,KALIMANTAN TIMUR
Jembayan,village,-0.55374,117.01797,KALIMANTAN TIMUR
Bangun Jaya,village,0.87525,117.86707,KALIMANTAN TIMUR
Mulawarman,village,-0.19192,117.14363,KALIMANTAN TIMUR
Perigiq,village,-0.49504,116.06434,KALIMANTAN TIMUR
Sepaku,village,-0.9015,116.76575,KALIMANTAN TIMUR
Mangkurawang,village,-0.3893,116.98722,KALIMANTAN TIMUR
Pentat,village,-0.57828,116.09281,KALIMANTAN TIMUR
Tanjung Labu,village,0.62078,117.23196,KALIMANTAN TIMUR
Margomulyo,village,-1.05164,117.00726,KALIMANTAN TIMUR
Batu Balai,village,0.52598,116.78749,KALIMANTAN TIMUR
Umaq Bekuay,village,0.56886,116.01092,KALIMANTAN TIMUR
Sungai Siring,village,-0.39258,117.25872,KALIMANTAN TIMUR
Jantur Selatan,village,-0.41964,116.2891,KALIMANTAN TIMUR
Bukit Merdeka,village,-0.93988,117.00723,KALIMANTAN TIMUR
Kadungan Jaya,village,1.18932,117.83449,KALIMANTAN TIMUR
Sedulang,village,0.12706,116.81202,KALIMANTAN TIMUR
Karang Joang,village,-1.13021,116.87793,KALIMANTAN TIMUR
Muara Badak Ulu,village,-0.35525,117.4333,KALIMANTAN TIMUR
Manunggal Jaya,village,-0.38077,117.10296,KALIMANTAN TIMUR
Puan Cepak,village,-0.05609,116.90596,KALIMANTAN TIMUR
Sotek,village,-1.19447,116.61434,KALIMANTAN TIMUR
Sedulang,village,-0.38391,116.66132,KALIMANTAN TIMUR
Muara Siram,village,-0.74784,116.17985,KALIMANTAN TIMUR
Batu Timbau,village,0.67688,116.82977,KALIMANTAN TIMUR
Gunung Elai,village,0.13921,117.4863,KALIMANTAN TIMUR
Liang Ulu,village,-0.23611,116.57755,KALIMANTAN TIMUR
Sanipah,village,-0.9704,117.15348,KALIMANTAN TIMUR
Wanasari,village,1.09399,116.89821,KALIMANTAN TIMUR
Lamin Pulut,village,0.02085,116.25708,KALIMANTAN TIMUR
Mata Air,village,1.08507,117.76602,KALIMANTAN TIMUR
Separi,village,-0.3068,117.06607,KALIMANTAN TIMUR
Kendesiq,village,-0.88558,115.9582,KALIMANTAN TIMUR
Tepian Baru,village,0.70824,117.28982,KALIMANTAN TIMUR
Bukit Raya,village,-0.91613,116.76133,KALIMANTAN TIMUR
Baru,village,-0.39506,116.98631,KALIMANTAN TIMUR
Muara Kedang,village,-0.57083,116.29658,KALIMANTAN TIMUR
Kampung Baru,village,-1.35318,116.75763,KALIMANTAN TIMUR
Rantau Makmur,village,0.57347,117.28204,KALIMANTAN TIMUR
Juk Ayaq,village,0.88414,116.86397,KALIMANTAN TIMUR
Umaq Dian,village,0.58142,116.03448,KALIMANTAN TIMUR
Pulau Harapan,village,-0.35579,116.38465,KALIMANTAN TIMUR
Bumi Rapak,village,1.03716,117.84936,KALIMANTAN TIMUR
Pulau Pinang,village,0.26767,116.18094,KALIMANTAN TIMUR
Sempayau,village,1.13739,117.88187,KALIMANTAN TIMUR
Gunung Samarinda,village,-1.2337,116.84479,KALIMANTAN TIMUR
Senoni,village,-0.33404,116.82662,KALIMANTAN TIMUR
Sebelang,village,-0.31413,116.06906,KALIMANTAN TIMUR
Santan Ilir,village,-0.00771,117.48785,KALIMANTAN TIMUR
Kedang Ipil,village,-0.41076,116.63667,KALIMANTAN TIMUR
Muara Pias,village,-1.39253,116.26493,KALIMANTAN TIMUR
Muara Jawaq,village,-0.26127,115.92089,KALIMANTAN TIMUR
Benua Baru,village,0.45845,116.72318,KALIMANTAN TIMUR
Kanaan,village,0.1292,117.45252,KALIMANTAN TIMUR
Rebaq Rinding,village,-0.3468,116.38226,KALIMANTAN TIMUR
Muara Sembilang,village,-0.88071,117.20573,KALIMANTAN TIMUR
Jak Luay,village,1.01563,116.86706,KALIMANTAN TIMUR
Muara Tuboq,village,0.58638,115.97412,KALIMANTAN TIMUR
Tuana Tuha,village,-0.02171,116.42491,KALIMANTAN TIMUR
Loa Ulung,village,-0.35967,117.00747,KALIMANTAN TIMUR
Muara Baroh,village,-0.32126,116.0677,KALIMANTAN TIMUR
Mandu Pantai Sejahtera,village,1.0625,117.9903,KALIMANTAN TIMUR
Semoi Dua,village,-0.94792,116.8834,KALIMANTAN TIMUR
Sungai Meriam,village,-0.57324,117.26251,KALIMANTAN TIMUR
Melayu,village,-0.42042,116.9863,KALIMANTAN TIMUR
Siram Jaya,village,-0.7418,116.21199,KALIMANTAN TIMUR
Rantau Hempang,village,-0.21561,116.78381,KALIMANTAN TIMUR
Waru,village,-1.38779,116.62115,KALIMANTAN TIMUR
Liang,village,-0.22521,116.59218,KALIMANTAN TIMUR
Satimpo,village,0.11221,117.47143,KALIMANTAN TIMUR
Teluk Lingga,village,0.51525,117.54203,KALIMANTAN TIMUR
Gemar Baru,village,0.6422,116.63938,KALIMANTAN TIMUR
Margahayu,village,-0.50184,116.84252,KALIMANTAN TIMUR
Hambau,village,0.12088,116.39797,KALIMANTAN TIMUR
Bumi Jaya,village,1.00648,117.85198,KALIMANTAN TIMUR
Saliki,village,-0.40176,117.41969,KALIMANTAN TIMUR
Rintik,village,-1.49946,116.38518,KALIMANTAN TIMUR
Tanjung Isuy,village,-0.51338,116.14217,KALIMANTAN TIMUR
Tepian Langsat,village,0.77108,117.4489,KALIMANTAN TIMUR
Klandasan Ilir,village,-1.2744,116.84305,KALIMANTAN TIMUR
Tanjung Harapan,village,-0.31908,116.86912,KALIMANTAN TIMUR
Mendik Karya,village,-1.42979,116.26673,KALIMANTAN TIMUR
Nenang,village,-1.27714,116.75078,KALIMANTAN TIMUR
Tepian Indah,village,0.67858,117.30738,KALIMANTAN TIMUR
Air Putih,village,-0.48376,117.12715,KALIMANTAN TIMUR
Tani Bhakti,village,-1.08857,116.956,KALIMANTAN TIMUR
Makmur Jaya,village,1.11643,116.93385,KALIMANTAN TIMUR
Sang-Sang,village,-0.49322,115.92158,KALIMANTAN TIMUR
Tabang Lama,village,0.5875,116.02689,KALIMANTAN TIMUR
Muara Muntai Ilir,village,-0.36124,116.39593,KALIMANTAN TIMUR
Batu Putih,village,1.3704,118.4336,KALIMANTAN TIMUR
Sabintulung,village,-0.06942,116.77821,KALIMANTAN TIMUR
Muara Kembang,village,-0.76046,117.28462,KALIMANTAN TIMUR
Tanjung Laong,village,-0.3263,116.05449,KALIMANTAN TIMUR
Karang Rejo,village,-1.24324,116.84008,KALIMANTAN TIMUR
Tanjung Batu,village,-0.38689,117.05753,KALIMANTAN TIMUR
Benua Puhun,village,-0.2766,116.79888,KALIMANTAN TIMUR
Loleng,village,-0.26506,116.65432,KALIMANTAN TIMUR
Pereng Taliq,village,-0.81608,116.25864,KALIMANTAN TIMUR
Martadinata,village,0.18229,117.44252,KALIMANTAN TIMUR
Bontang Lestari,village,0.07665,117.45325,KALIMANTAN TIMUR
Kelinjau Ulu,village,0.44439,116.67699,KALIMANTAN TIMUR
Melintang,village,-0.28505,116.40515,KALIMANTAN TIMUR
Benhes,village,1.07811,116.76583,KALIMANTAN TIMUR
Muai,village,0.27456,116.23197,KALIMANTAN TIMUR
Tani Bhakti,village,-0.6261,117.12076,KALIMANTAN TIMUR
Mukti Lestari,village,1.36676,117.74902,KALIMANTAN TIMUR
Handil Terusan,village,-0.55246,117.38319,KALIMANTAN TIMUR
Sekerat,village,0.77788,117.77228,KALIMANTAN TIMUR
Karang Jinawi,village,-0.86057,116.7938,KALIMANTAN TIMUR
Sallo Cela,village,-0.24082,117.34528,KALIMANTAN TIMUR
Muara Nayan,village,-0.56455,116.08587,KALIMANTAN TIMUR
Giri Purwa,village,-1.3394,116.66146,KALIMANTAN TIMUR
Suka Damai,village,0.09051,117.38204,KALIMANTAN TIMUR
Berbas Pantai,village,0.11488,117.48506,KALIMANTAN TIMUR
Muara Ritan,village,0.39536,116.04646,KALIMANTAN TIMUR
Margo Mulyo,village,-1.22322,116.82539,KALIMANTAN TIMUR
Muara Leka,village,-0.50881,116.42927,KALIMANTAN TIMUR
Salok Api Darat,village,-1.11391,116.97608,KALIMANTAN TIMUR
Susuk Luar,village,0.87548,118.20043,KALIMANTAN TIMUR
Panca Jaya,village,-0.17233,116.90817,KALIMANTAN TIMUR
Muara Jawa Ilir,village,-0.86374,117.21118,KALIMANTAN TIMUR
Sambera Baru,village,-0.1936,117.38038,KALIMANTAN TIMUR
Sebulu Ulu,village,-0.27772,116.99041,KALIMANTAN TIMUR
Penyinggahan Ilir,village,-0.38526,116.22367,KALIMANTAN TIMUR
Makarti,village,-0.11195,117.33603,KALIMANTAN TIMUR
Kota Bangun III,village,-0.40447,116.53358,KALIMANTAN TIMUR
Muara Toyu,village,-1.33659,116.27629,KALIMANTAN TIMUR
Mugi Rahayu,village,0.7114,117.09459,KALIMANTAN TIMUR
Sumber Agung,village,0.55479,116.73378,KALIMANTAN TIMUR
Muara Enggelam,village,-0.24604,116.33059,KALIMANTAN TIMUR
Bukit Raya,village,-0.9764,117.0557,KALIMANTAN TIMUR
Mekar Baru,village,0.77251,116.39423,KALIMANTAN TIMUR
Bukit Layang,village,0.2521,116.23142,KALIMANTAN TIMUR
Tani Harapan,village,-0.72809,117.12364,KALIMANTAN TIMUR
Kerayaan,village,0.83458,118.02345,KALIMANTAN TIMUR
Teluk Muda,village,-0.12324,116.45019,KALIMANTAN TIMUR
Bhuana Jaya,village,-0.25169,117.12127,KALIMANTAN TIMUR
Penawang,village,-0.77494,115.90217,KALIMANTAN TIMUR
Sepaso Selatan,village,0.73682,117.57287,KALIMANTAN TIMUR
Pemaluan,village,-1.04442,116.66262,KALIMANTAN TIMUR
Gas Alam Badak I,village,-0.32692,117.43416,KALIMANTAN TIMUR
Bukit Biru,village,-0.46422,116.9904,KALIMANTAN TIMUR
Bekokong Makmur,village,-0.65494,116.12647,KALIMANTAN TIMUR
Long Nyelong,village,1.08021,116.43574,KALIMANTAN TIMUR
Baru Ilir,village,-1.23337,116.82658,KALIMANTAN TIMUR
Loh Sumber,village,-0.51891,117.01678,KALIMANTAN TIMUR
Karya Merdeka,village,-1.05091,116.94402,KALIMANTAN TIMUR
Bumi Etam,village,1.0986,117.8572,KALIMANTAN TIMUR
Gunung Sari,village,0.36735,116.13308,KALIMANTAN TIMUR
Bumi Sejahtera,village,0.89792,117.91068,KALIMANTAN TIMUR
Segihan,village,-0.29186,117.01746,KALIMANTAN TIMUR
Muara Ohong,village,-0.4371,116.12538,KALIMANTAN TIMUR
Tiwei,village,-1.48548,116.13941,KALIMANTAN TIMUR
Pelawan,village,1.19322,117.88191,KALIMANTAN TIMUR
Kota Bangun II,village,-0.37284,116.56376,KALIMANTAN TIMUR
Perkuwen,village,-1.32983,116.15461,KALIMANTAN TIMUR
Prangat Selatan,village,-0.1457,117.3302,KALIMANTAN TIMUR
Tepian Makmur,village,0.68189,117.2594,KALIMANTAN TIMUR
Jawa,village,-0.4977,117.13703,KALIMANTAN TIMUR
Lebak Mantan,village,-0.42895,116.49997,KALIMANTAN TIMUR
Tanjung Harapan,village,-1.05299,117.09071,KALIMANTAN TIMUR
Ngayau,village,0.40607,116.70655,KALIMANTAN TIMUR
Kampung Baru,village,0.58219,116.02683,KALIMANTAN TIMUR
Lok Bahu,village,-0.49706,117.09592,KALIMANTAN TIMUR
Simpang Pasir,village,-0.57532,117.13958,KALIMANTAN TIMUR
Menamang Kiri,village,0.2217,116.89247,KALIMANTAN TIMUR
Tama Pole,village,-0.77092,117.24422,KALIMANTAN TIMUR
Tanjung Pagar,village,-0.29159,115.98261,KALIMANTAN TIMUR
Gunung Sari Ulu,village,-1.25436,116.84594,KALIMANTAN TIMUR
Teluk Dalam,village,-0.43946,117.00682,KALIMANTAN TIMUR
Jambuk Makmur,village,-0.73869,116.26966,KALIMANTAN TIMUR
Bukit Jering,village,-0.18404,116.65876,KALIMANTAN TIMUR
Loa Ipuh Darat,village,-0.45674,116.89046,KALIMANTAN TIMUR
Tanjung Laut Indah,village,0.11694,117.49689,KALIMANTAN TIMUR
Singa Geweh,village,0.47949,117.54031,KALIMANTAN TIMUR
Api-api,village,0.13164,117.49292,KALIMANTAN TIMUR
Long Poq Baru,village,0.68047,116.49519,KALIMANTAN TIMUR
Karang Mumus,village,-0.50404,117.15614,KALIMANTAN TIMUR
Kota Bangun Ulu,village,-0.26497,116.58662,KALIMANTAN TIMUR
Dabeq,village,1.04433,116.81512,KALIMANTAN TIMUR
Kelekat,village,0.20833,116.3043,KALIMANTAN TIMUR
Jonggon Jaya,village,-0.56557,116.79007,KALIMANTAN TIMUR
Bukit Harapan,village,0.86795,117.84061,KALIMANTAN TIMUR
Muara Pantuan,village,-0.57647,117.51685,KALIMANTAN TIMUR
Tanjung Jone,village,-0.46193,116.14392,KALIMANTAN TIMUR
Kolek,village,0.99992,117.92479,KALIMANTAN TIMUR
Loa Ipuh,village,-0.42423,116.96636,KALIMANTAN TIMUR
Pinang Jatus,village,-1.38115,116.14726,KALIMANTAN TIMUR
Sesumpu,village,-1.34494,116.7475,KALIMANTAN TIMUR
Kebon Agung,village,0.61216,117.2781,KALIMANTAN TIMUR
Bugis,village,-0.49785,117.14456,KALIMANTAN TIMUR
Amborawang Laut,village,-1.11951,117.02825,KALIMANTAN TIMUR
Mulupan,village,0.23032,116.78197,KALIMANTAN TIMUR
Bila Talang,village,0.5668,116.02012,KALIMANTAN TIMUR
Jantur,village,-0.41574,116.29016,KALIMANTAN TIMUR
Muara Siran,village,-0.1282,116.63854,KALIMANTAN TIMUR
Muara Jawa Tengah,village,-0.84846,117.21921,KALIMANTAN TIMUR
Karang Tunggal,village,-0.3951,117.09131,KALIMANTAN TIMUR
Muara Beloan,village,-0.32983,115.93875,KALIMANTAN TIMUR
Santan Ulu,village,0.00726,117.36172,KALIMANTAN TIMUR
Pela,village,-0.23978,116.543,KALIMANTAN TIMUR
Lemper,village,-0.91537,116.16362,KALIMANTAN TIMUR
Gadur,village,-0.26983,115.90275,KALIMANTAN TIMUR
Himba Lestari,village,0.64888,117.01217,KALIMANTAN TIMUR
Bontang Baru,village,0.14494,117.49351,KALIMANTAN TIMUR
Long Nah,village,0.61435,116.65556,KALIMANTAN TIMUR
Sungai Keledang,village,-0.51798,117.1251,KALIMANTAN TIMUR
Sebelimbingan,village,-0.17339,116.50681,KALIMANTAN TIMUR
Handil Baru Darat,village,-0.8928,117.20204,KALIMANTAN TIMUR
Wahau Baru,village,1.06777,116.88768,KALIMANTAN TIMUR
Lamin Telihan,village,0.02811,116.22349,KALIMANTAN TIMUR
Purwajaya,village,-0.61523,117.08062,KALIMANTAN TIMUR
Kerta Buana,village,-0.31185,117.10729,KALIMANTAN TIMUR
Tebangan Lembak,village,0.77686,117.44132,KALIMANTAN TIMUR
Argo Mulyo,village,-0.92604,116.85172,KALIMANTAN TIMUR
Suka Damai,village,-0.24482,117.26415,KALIMANTAN TIMUR
Sukarame,village,-0.40108,116.98631,KALIMANTAN TIMUR
Penawai,village,-0.65452,116.24199,KALIMANTAN TIMUR
Pejala,village,-1.36698,116.73969,KALIMANTAN TIMUR
Sangkima,village,0.37849,117.51388,KALIMANTAN TIMUR
Bantuas,village,-0.64653,117.21401,KALIMANTAN TIMUR
Buluq Sen,village,0.42316,116.07526,KALIMANTAN TIMUR
Pelita,village,-0.48793,117.15895,KALIMANTAN TIMUR
Rempanga,village,-0.48291,117.00732,KALIMANTAN TIMUR
Bukit Permata,village,1.07975,117.79316,KALIMANTAN TIMUR
Sidomukti,village,-0.14848,116.92082,KALIMANTAN TIMUR
Teritip,village,-1.14348,117.00119,KALIMANTAN TIMUR
Sumber Sari,village,-0.17001,116.9801,KALIMANTAN TIMUR
Penyinggahan Ulu,village,-0.37773,116.22128,KALIMANTAN TIMUR
Kersik,village,-0.05294,117.48278,KALIMANTAN TIMUR
Kota Bangun I,village,-0.35478,116.5855,KALIMANTAN TIMUR
Tanjung Soke,village,-0.98978,116.14772,KALIMANTAN TIMUR
Rambayan,village,-0.27053,115.92314,KALIMANTAN TIMUR
Gunung Telihan,village,0.13947,117.45388,KALIMANTAN TIMUR
Loa Bakung,village,-0.5279,117.09552,KALIMANTAN TIMUR
Muara Wis,village,-0.31485,116.48676,KALIMANTAN TIMUR
Sungai Merdeka,village,-0.99777,116.97706,KALIMANTAN TIMUR
Kaliq,village,-0.48668,115.92296,KALIMANTAN TIMUR
Muara Kebaq,village,0.58501,115.97633,KALIMANTAN TIMUR
Tepian Terap,village,1.21558,117.90913,KALIMANTAN TIMUR
Kahala,village,-0.00856,116.36364,KALIMANTAN TIMUR
Loa Pari,village,-0.37737,116.99314,KALIMANTAN TIMUR
Teluk Tempudau,village,-0.3243,116.06547,KALIMANTAN TIMUR
Bente Tualan,village,-1.46133,116.33269,KALIMANTAN TIMUR
Wono Sari,village,-0.96513,116.81688,KALIMANTAN TIMUR
Tanjung Limau,village,-0.29892,117.43645,KALIMANTAN TIMUR
Timbau,village,-0.43551,116.99275,KALIMANTAN TIMUR
Teratak,village,-0.29192,116.83662,KALIMANTAN TIMUR
Sesulu,village,-1.40753,116.59223,KALIMANTAN TIMUR
Suka Rahmat,village,0.13878,117.42699,KALIMANTAN TIMUR
Berbas Tengah,village,0.11469,117.47772,KALIMANTAN TIMUR
Sindang Sari,village,-0.55818,117.23285,KALIMANTAN TIMUR
Singa Gembara,village,0.54262,117.53167,KALIMANTAN TIMUR
Sungai Payang,village,-0.60129,116.88763,KALIMANTAN TIMUR
Muara Pantun,village,0.89442,116.86236,KALIMANTAN TIMUR
Loa Sakoh,village,0.10665,116.4092,KALIMANTAN TIMUR
Cipta Graha,village,0.99721,117.88067,KALIMANTAN TIMUR
Minta,village,-0.3691,116.25935,KALIMANTAN TIMUR
Pengadan,village,1.25158,117.7567,KALIMANTAN TIMUR
Klandasan Ulu,village,-1.27476,116.82825,KALIMANTAN TIMUR
Lekaq Kidau,village,-0.30686,116.82118,KALIMANTAN TIMUR
Mendik Bhakti,village,-1.44955,116.24345,KALIMANTAN TIMUR
Nipah-Nipah,village,-1.29533,116.74124,KALIMANTAN TIMUR
Sepaso Barat,village,0.76161,117.5508,KALIMANTAN TIMUR
Sempaja Utara,village,-0.39448,117.17074,KALIMANTAN TIMUR
Sungai Seluang,village,-1.01136,117.04304,KALIMANTAN TIMUR
Muara Bengkal Ulu,village,0.43907,116.71835,KALIMANTAN TIMUR
Muhur,village,-0.53719,115.90901,KALIMANTAN TIMUR
Muara Tiq,village,0.58417,115.98132,KALIMANTAN TIMUR
Karang Asam Ilir,village,-0.51041,117.11489,KALIMANTAN TIMUR
Kayu Batu,village,-0.35498,116.40228,KALIMANTAN TIMUR
Susuk Dalam,village,0.91504,118.21373,KALIMANTAN TIMUR
Semayang,village,-0.17942,116.45354,KALIMANTAN TIMUR
Teluk Dalam,village,-0.80406,117.19263,KALIMANTAN TIMUR
Tanjung Manis,village,0.9102,118.06285,KALIMANTAN TIMUR
Sumber Rejo,village,-1.24572,116.84998,KALIMANTAN TIMUR
Prangat Baru,village,-0.20273,117.3127,KALIMANTAN TIMUR
Loa Raya,village,-0.39323,116.99553,KALIMANTAN TIMUR
Siram Makmur,village,-0.75583,116.22189,KALIMANTAN TIMUR
Lebaho Ulaq,village,-0.36725,116.7329,KALIMANTAN TIMUR
Mentawir,village,-1.02174,116.76839,KALIMANTAN TIMUR
Suka Bumi,village,-0.3665,116.68754,KALIMANTAN TIMUR
Kandolo,village,0.2856,117.47776,KALIMANTAN TIMUR
Guntung,village,0.19435,117.47405,KALIMANTAN TIMUR
Wonosari,village,-0.40342,116.58075,KALIMANTAN TIMUR
Muara Wahau,village,1.04423,116.84727,KALIMANTAN TIMUR
Perdana,village,0.26086,116.21043,KALIMANTAN TIMUR
Loa Duri Ilir,village,-0.81276,116.88737,KALIMANTAN TIMUR
Citra Manunggal Jaya,village,0.88402,117.88629,KALIMANTAN TIMUR
Suka Maju,village,-0.2372,117.08219,KALIMANTAN TIMUR
Rikong,village,-0.70357,115.94598,KALIMANTAN TIMUR
Sepaso,village,0.75002,117.5799,KALIMANTAN TIMUR
Tengin Baru,village,-0.91439,116.81783,KALIMANTAN TIMUR
Loa Tebu,village,-0.35177,117.00701,KALIMANTAN TIMUR
Lembonah,village,-0.57313,116.08493,KALIMANTAN TIMUR
Petung,village,-1.35419,116.66744,KALIMANTAN TIMUR
Pulung Sari,village,0.63176,117.29632,KALIMANTAN TIMUR
Teluk Lerong Ilir,village,-0.49399,117.13324,KALIMANTAN TIMUR
Umaq Tukung,village,0.58888,116.03016,KALIMANTAN TIMUR
Perian,village,-0.53204,116.41981,KALIMANTAN TIMUR
Salok Api Laut,village,-1.12899,117.01023,KALIMANTAN TIMUR
Pengadan Baru,village,1.20097,117.81442,KALIMANTAN TIMUR
Bunga Jadi,village,-0.18862,116.87507,KALIMANTAN TIMUR
Muara Jawa Ulu,village,-0.82481,117.23372,KALIMANTAN TIMUR
Gunung Sari Ilir,village,-1.26702,116.83982,KALIMANTAN TIMUR
Muara Badak Ilir,village,-0.34259,117.44023,KALIMANTAN TIMUR
Beloro,village,-0.31881,116.9222,KALIMANTAN TIMUR
Liang Buaya,village,0.09816,116.76054,KALIMANTAN TIMUR
Sepan,village,-1.16468,116.62058,KALIMANTAN TIMUR
Sari Nadi,village,-0.39517,116.73187,KALIMANTAN TIMUR
Kepala Telake,village,-1.23851,115.95771,KALIMANTAN TIMUR
Beno Harapan,village,0.67936,116.89459,KALIMANTAN TIMUR
Senyiur,village,0.31154,116.62419,KALIMANTAN TIMUR
Harapan Baru,village,-0.54395,117.10635,KALIMANTAN TIMUR
Muara Jawa Pesisir,village,-0.83555,117.23207,KALIMANTAN TIMUR
Nehes Liah Bing,village,1.05263,116.85697,KALIMANTAN TIMUR
Teluk Bingkai,village,0.02813,116.36876,KALIMANTAN TIMUR
Batuah,village,-0.73915,117.05878,KALIMANTAN TIMUR
Mandu Dalam,village,1.09922,118.00001,KALIMANTAN TIMUR
Bukit Pariaman,village,-0.27497,117.12121,KALIMANTAN TIMUR
Muara Bengalon,village,0.62888,117.70312,KALIMANTAN TIMUR
Suko Mulyo,village,-0.92126,116.89355,KALIMANTAN TIMUR
Kutai Lama,village,-0.56696,117.31525,KALIMANTAN TIMUR
Maluhu,village,-0.40952,116.95826,KALIMANTAN TIMUR
Muara Tae,village,-0.59455,116.01364,KALIMANTAN TIMUR
Salo Loang,village,-1.37669,116.70465,KALIMANTAN TIMUR
Sangatta Selatan,village,0.47646,117.52708,KALIMANTAN TIMUR
Marga Sari,village,-1.23753,116.82145,KALIMANTAN TIMUR
Tanjung Batuq Harapan,village,-0.33542,116.32101,KALIMANTAN TIMUR
Teluk Pemedas,village,-0.99557,117.13595,KALIMANTAN TIMUR
Long Beleh Modang,village,0.34639,116.15396,KALIMANTAN TIMUR
Maloy,village,0.91828,117.98366,KALIMANTAN TIMUR
Sebulu Moderen,village,-0.28749,116.98308,KALIMANTAN TIMUR
Pulau Lanting,village,-0.49678,116.18945,KALIMANTAN TIMUR
Karangan Dalam,village,1.33524,117.64739,KALIMANTAN TIMUR
Buluminung,village,-1.22924,116.63932,KALIMANTAN TIMUR
Benua Baru,village,-0.41122,116.69883,KALIMANTAN TIMUR
Munggu,village,-1.41212,116.27148,KALIMANTAN TIMUR
Abit,village,-0.23565,116.01013,KALIMANTAN TIMUR
Mawai Indah,village,0.57153,116.86367,KALIMANTAN TIMUR
Rapak Dalam,village,-0.53569,117.1325,KALIMANTAN TIMUR
Batuq,village,-0.35341,116.32659,KALIMANTAN TIMUR
Karya Jaya,village,-1.03073,117.05264,KALIMANTAN TIMUR
Senambah,village,0.31251,116.78058,KALIMANTAN TIMUR
Muara Belinau,village,0.58584,115.98411,KALIMANTAN TIMUR
Bukuan,village,-0.58106,117.21059,KALIMANTAN TIMUR
Menamang Kanan,village,0.22759,116.95602,KALIMANTAN TIMUR
Tanjung Prepat,village,1.31794,118.6117,KALIMANTAN TIMUR
Teluk Sumbang,village,1.04993,118.83558,KALIMANTAN TIMUR
Lobang Kelatak,village,1.33792,118.4741,KALIMANTAN TIMUR
Tanjung Mangkaliat,village,1.00653,118.97773,KALIMANTAN TIMUR
Ampen Medang,village,1.34694,118.5144,KALIMANTAN TIMUR
Takat,hamlet,0.93012,118.43098,KALIMANTAN TIMUR
Giring-giring,village,1.21306,118.75174,KALIMANTAN TIMUR
Pantai Harapan,village,1.28536,118.65497,KALIMANTAN TIMUR
Manubar,village,0.82942,118.49727,KALIMANTAN TIMUR
Teluk Sulaiman,village,1.16123,118.76074,KALIMANTAN TIMUR
Sidodamai,village,-0.50236,117.16418,KALIMANTAN TIMUR
Sungai Pinang Luar,village,-0.49281,117.15401,KALIMANTAN TIMUR
Pasar Pagi,village,-0.50114,117.14761,KALIMANTAN TIMUR
Balikpapan,city,-1.23987,116.85934,KALIMANTAN TIMUR
Loa Janan Ulu,village,-0.58762,117.08874,KALIMANTAN TIMUR
Karang Anyar,village,-0.49975,117.11487,KALIMANTAN TIMUR
Karang Asam Ulu,village,-0.5189,117.11199,KALIMANTAN TIMUR
Teluk Lerong Ulu,village,-0.49853,117.12613,KALIMANTAN TIMUR
Rawa Makmur,village,-0.56902,117.17732,KALIMANTAN TIMUR
Handil Bakti,village,-0.59061,117.177,KALIMANTAN TIMUR
Jawa,village,-0.67764,117.22431,KALIMANTAN TIMUR
Sanga-Sanga Dalam,village,-0.66061,117.22911,KALIMANTAN TIMUR
Sarijaya,village,-0.63438,117.24222,KALIMANTAN TIMUR
Sanga-Sanga Muara,village,-0.59959,117.27184,KALIMANTAN TIMUR
Pendingin,village,-0.66281,117.27683,KALIMANTAN TIMUR
Makroman,village,-0.53929,117.22682,KALIMANTAN TIMUR
Pulau Atas,village,-0.55005,117.19389,KALIMANTAN TIMUR
Selili,village,-0.51771,117.16009,KALIMANTAN TIMUR
Sungai Dama,village,-0.50707,117.16078,KALIMANTAN TIMUR
Sambutan,village,-0.50934,117.18207,KALIMANTAN TIMUR
Gunung Kelua,village,-0.46836,117.14701,KALIMANTAN TIMUR
Sempaja Selatan,village,-0.45695,117.15455,KALIMANTAN TIMUR
Air Hitam,village,-0.4652,117.1346,KALIMANTAN TIMUR
Gunung Lingai,village,-0.44795,117.17542,KALIMANTAN TIMUR
Loa Kumbar,hamlet,-0.58714,117.07231,KALIMANTAN TIMUR
Loa Duri Ilir,village,-0.59742,117.06865,KALIMANTAN TIMUR
Temindung Permai,village,-0.47198,117.16311,KALIMANTAN TIMUR
Sungai Pinang Dalam,village,-0.48186,117.17449,KALIMANTAN TIMUR
Sidomulyo,village,-0.49505,117.1632,KALIMANTAN TIMUR
Sepinggan,village,-1.24306,116.92013,KALIMANTAN TIMUR
Sangkuliman,village,-0.24044,116.55473,KALIMANTAN TIMUR
Tebalai,hamlet,-0.16852,116.73032,KALIMANTAN TIMUR
Silva Duta,hamlet,0.48141,117.52596,KALIMANTAN TIMUR
Kampung Kajang,hamlet,0.47731,117.54709,KALIMANTAN TIMUR
Badak Lima,hamlet,-0.3436,117.41722,KALIMANTAN TIMUR
Gunung Haji,hamlet,-0.3589,117.42058,KALIMANTAN TIMUR
Sungainangka,village,-1.25594,116.87704,KALIMANTAN TIMUR
Damai Baru,village,-1.24949,116.86539,KALIMANTAN TIMUR
Damai Bahagia,village,-1.26611,116.86298,KALIMANTAN TIMUR
Sepinggan Raya,village,-1.25761,116.89561,KALIMANTAN TIMUR
Sepinggan Baru,village,-1.24084,116.89621,KALIMANTAN TIMUR
Graha Indah,village,-1.19939,116.86602,KALIMANTAN TIMUR
Telaga Sari,village,-1.26814,116.83083,KALIMANTAN TIMUR
Manggar Baru,village,-1.20912,116.97008,KALIMANTAN TIMUR
Manggar,village,-1.22693,116.9502,KALIMANTAN TIMUR
Lamaru,village,-1.19058,116.99096,KALIMANTAN TIMUR
Baqa,village,-0.5119,117.13759,KALIMANTAN TIMUR
Budaya Pampang,village,-0.37833,117.22983,KALIMANTAN TIMUR
Gunung Panjang,village,-0.52924,117.12549,KALIMANTAN TIMUR
Lempake,village,-0.41822,117.18332,KALIMANTAN TIMUR
Mangkupalas,village,-0.52613,117.14752,KALIMANTAN TIMUR
Mesjid,village,-0.51901,117.15046,KALIMANTAN TIMUR
Mugirejo,village,-0.47839,117.20586,KALIMANTAN TIMUR
Sempaja Barat,village,-0.44567,117.1495,KALIMANTAN TIMUR
Sempaja Timur,village,-0.43564,117.16092,KALIMANTAN TIMUR
Sengkotek,village,-0.55325,117.08808,KALIMANTAN TIMUR
Simpang Tiga,village,-0.57405,117.09369,KALIMANTAN TIMUR
Tanah Merah,village,-0.43686,117.21918,KALIMANTAN TIMUR
Tani Aman,village,-0.58437,117.09874,KALIMANTAN TIMUR
Tenun,village,-0.51469,117.14769,KALIMANTAN TIMUR
Bandara,village,-0.48305,117.15377,KALIMANTAN TIMUR
Jongkang,village,-0.46228,117.01836,KALIMANTAN TIMUR
Jantur Baru,village,-0.41011,116.28186,KALIMANTAN TIMUR
Jembayan Dalam,village,-0.58191,116.9364,KALIMANTAN TIMUR
Jembayan Tengah,village,-0.54664,116.98144,KALIMANTAN TIMUR
Sepakat,village,-0.49529,117.01529,KALIMANTAN TIMUR
Lung Anai,village,-0.61149,116.89102,KALIMANTAN TIMUR
Sidomulyo,village,0.57092,116.01806,KALIMANTAN TIMUR
Gunung Samarinda Baru,village,-1.23434,116.86516,KALIMANTAN TIMUR
Gunung Bahagia,village,-1.23887,116.88213,KALIMANTAN TIMUR
Tanjung Sari,village,-0.70256,116.24239,KALIMANTAN TIMUR
Bukit Harapan,village,-0.76618,116.24602,KALIMANTAN TIMUR
Jambuk,village,-0.70273,116.30783,KALIMANTAN TIMUR
Tondoh,village,-0.25515,115.93497,KALIMANTAN TIMUR
Melan,village,0.66859,116.64401,KALIMANTAN TIMUR
Mukti Utama,village,0.58992,116.70823,KALIMANTAN TIMUR
Segoy Makmur,village,0.63222,116.68732,KALIMANTAN TIMUR
Sika Makmur,village,0.66373,116.69345,KALIMANTAN TIMUR
Sumber Sari,village,0.57738,116.71013,KALIMANTAN TIMUR
Tanah Abang,village,0.56969,116.71747,KALIMANTAN TIMUR
Beringin Agung,village,-0.95382,117.07124,KALIMANTAN TIMUR
Handil Baru,village,-0.92972,117.19353,KALIMANTAN TIMUR
Kampung Lama,village,-1.01066,117.09056,KALIMANTAN TIMUR
Bangun Mulya,village,-1.37682,116.60628,KALIMANTAN TIMUR
Labangka Barat,village,-1.47649,116.49232,KALIMANTAN TIMUR
Sumber Sari,village,-0.50101,116.98707,KALIMANTAN TIMUR
Cipari Makmur,village,-0.15989,116.9262,KALIMANTAN TIMUR
Manunggal Daya,village,-0.16291,116.95734,KALIMANTAN TIMUR
Mekar Jaya,village,-0.14537,116.97532,KALIMANTAN TIMUR
Tukung Ritan,village,0.38731,116.05696,KALIMANTAN TIMUR
Kahala Ilir,village,-0.0215,116.36637,KALIMANTAN TIMUR
Bendang Raya,village,-0.37182,116.91845,KALIMANTAN TIMUR
Ngadang,hamlet,-0.32781,116.8998,KALIMANTAN TIMUR
Jambe,hamlet,-0.31331,116.84517,KALIMANTAN TIMUR
Sinar Harapan,hamlet,-0.3367,116.87727,KALIMANTAN TIMUR
Sidomulyo,village,1.06068,116.9415,KALIMANTAN TIMUR
Sukamaju,village,1.08995,116.96751,KALIMANTAN TIMUR
Kombeng Indah,village,1.05309,116.99932,KALIMANTAN TIMUR
Sri Pantun,village,1.05803,116.96588,KALIMANTAN TIMUR
Long Wehea,village,1.03618,116.85295,KALIMANTAN TIMUR
Long Nyelong,village,0.82575,116.55378,KALIMANTAN TIMUR
Long Lees,village,0.81875,116.56091,KALIMANTAN TIMUR
Long Pejeng,village,0.79155,116.56752,KALIMANTAN TIMUR
Long Noran,village,0.75949,116.81926,KALIMANTAN TIMUR
Marah Haloq,village,0.84258,116.80624,KALIMANTAN TIMUR
Long Segar,village,0.79634,116.82184,KALIMANTAN TIMUR
Telemow,village,-1.08014,116.68502,KALIMANTAN TIMUR
Binuang,village,-1.07387,116.66461,KALIMANTAN TIMUR
Sidorejo,village,-1.36502,116.68385,KALIMANTAN TIMUR
Ketapang,hamlet,-0.41758,116.68435,KALIMANTAN TIMUR
HTI PESAB,hamlet,1.2162,117.07408,KALIMANTAN TIMUR
Putak,hamlet,-0.62482,117.05953,KALIMANTAN TIMUR
Ulaq Nanga,hamlet,-0.60869,117.03783,KALIMANTAN TIMUR
Gerodek,hamlet,-0.60505,117.04937,KALIMANTAN TIMUR
Muara Ponaq,village,-0.67613,115.95977,KALIMANTAN TIMUR
Malong,hamlet,0.05128,116.15727,KALIMANTAN TIMUR
Pendamaran,hamlet,-0.09614,116.41563,KALIMANTAN TIMUR
Hambur Batu,hamlet,0.86376,117.21625,KALIMANTAN TIMUR
Manunggal Jaya,village,0.65166,117.262,KALIMANTAN TIMUR
Margo Mulyo,village,0.61828,117.2951,KALIMANTAN TIMUR
Masalap Raya,village,0.59,117.30318,KALIMANTAN TIMUR
Teluk Baru,village,0.61078,116.6648,KALIMANTAN TIMUR
Muara Dun,village,0.63803,116.65121,KALIMANTAN TIMUR
Kernyanyan,village,0.79247,116.82778,KALIMANTAN TIMUR
Rantau Panjang,village,0.94104,116.85589,KALIMANTAN TIMUR
Telaga,village,0.65352,116.82833,KALIMANTAN TIMUR
Batu Timbau Ulu,village,0.68335,116.8227,KALIMANTAN TIMUR
Penajam,town,-1.30931,116.72735,KALIMANTAN TIMUR
Sangatta,town,0.49523,117.53002,KALIMANTAN TIMUR
Giri Mukti,village,-1.34233,116.68606,KALIMANTAN TIMUR
Makmur Jaya,village,-1.46763,116.27124,KALIMANTAN TIMUR
Bakung,village,-0.37944,116.28722,KALIMANTAN TIMUR
Pongkor,hamlet,-0.54366,117.02555,KALIMANTAN TIMUR
Gunung Habang,hamlet,-0.58459,117.02463,KALIMANTAN TIMUR
Ukung,hamlet,-0.57313,116.98276,KALIMANTAN TIMUR
Margasari,hamlet,-0.57712,117.01442,KALIMANTAN TIMUR
Durung,hamlet,-0.61529,116.97359,KALIMANTAN TIMUR
Mariango,hamlet,-1.25105,116.574,KALIMANTAN TIMUR
Sirbaya,hamlet,-0.30855,116.9718,KALIMANTAN TIMUR
Manubar Dalam,village,0.8769,118.49376,KALIMANTAN TIMUR
Susuk Tengah,village,0.89848,118.20544,KALIMANTAN TIMUR
Perupuk,village,0.90014,118.14293,KALIMANTAN TIMUR
Sekulit,hamlet,-1.39195,116.30107,KALIMANTAN TIMUR
Kenyamukan,hamlet,0.48842,117.60507,KALIMANTAN TIMUR
Ketibeh,hamlet,-0.11381,116.22388,KALIMANTAN TIMUR
Lung Melah,village,0.84747,116.80925,KALIMANTAN TIMUR
Persiapan Pinang Raya,village,0.49534,117.50201,KALIMANTAN TIMUR
Sangatta Utara,village,0.49587,117.54345,KALIMANTAN TIMUR
Persiapan Jabdan,village,1.11277,116.85865,KALIMANTAN TIMUR
Saka,village,1.04422,118.00066,KALIMANTAN TIMUR
Kedang Kepala,hamlet,-0.1407,116.68017,KALIMANTAN TIMUR
Margomulyo (Loleng Trans 1),hamlet,-0.27637,116.68757,KALIMANTAN TIMUR
Sidomulyo (Loleng Trans 1),hamlet,-0.26238,116.67768,KALIMANTAN TIMUR
Sungai Parit,village,-1.31068,116.75149,KALIMANTAN TIMUR
Mekar Sari,village,-1.25889,116.8344,KALIMANTAN TIMUR
Badak Baru,village,-0.32272,117.4198,KALIMANTAN TIMUR
Sungai Bawang,village,-0.35142,117.24459,KALIMANTAN TIMUR
Nusantara,city,-0.97307,116.70871,KALIMANTAN TIMUR
Perumahan Dinas PKT,village,0.14903,117.45802,KALIMANTAN TIMUR
Batu Ampar,village,-1.21779,116.84616,KALIMANTAN TIMUR
Pondok Labu,hamlet,-0.40673,116.87349,KALIMANTAN TIMUR
Bensamar,hamlet,-0.42248,116.91079,KALIMANTAN TIMUR
Parianum,village,0.45149,116.71607,KALIMANTAN TIMUR
Kelinjau Tengah,village,0.43534,116.67366,KALIMANTAN TIMUR
Kelinjau Ilir,village,0.42542,116.68247,KALIMANTAN TIMUR
Liang Berakit,hamlet,-0.27482,116.85732,KALIMANTAN TIMUR
Sungai Beruang,hamlet,-1.48381,116.48502,KALIMANTAN TIMUR
Sungai Baru,hamlet,-1.4936,116.4169,KALIMANTAN TIMUR
Damai,village,-1.26101,116.85771,KALIMANTAN TIMUR
Karang Jati,village,-1.24912,116.83284,KALIMANTAN TIMUR
Dadi Mulya,village,-0.48874,117.14425,KALIMANTAN TIMUR
Sidodadi,village,-0.48055,117.14109,KALIMANTAN TIMUR
Tadoan,village,0.99167,118.54644,KALIMANTAN TIMUR
Sumber Mulyo,hamlet,-0.18612,116.73329,KALIMANTAN TIMUR
Sumber Agung,hamlet,-0.20745,116.73907,KALIMANTAN TIMUR
Glara,hamlet,-1.48897,116.47469,KALIMANTAN TIMUR
Kabo Jaya,village,0.53295,117.49096,KALIMANTAN TIMUR
Datar Rawa,hamlet,-0.48974,117.04804,KALIMANTAN TIMUR
Rajak,hamlet,-0.3147,116.61935,KALIMANTAN TIMUR
Berambai,hamlet,-0.288,117.16227,KALIMANTAN TIMUR
Jonggon C,hamlet,-0.5919,116.78233,KALIMANTAN TIMUR
Baruk,hamlet,-0.60025,116.79797,KALIMANTAN TIMUR
Jonggon D,hamlet,-0.61906,116.74647,KALIMANTAN TIMUR
Jonggon Kampung,hamlet,-0.62188,116.75821,KALIMANTAN TIMUR
Kuntab,hamlet,-0.6227,116.90717,KALIMANTAN TIMUR
Donomulyo,hamlet,-0.60196,116.90127,KALIMANTAN TIMUR
Tator,village,0.5358,117.53127,KALIMANTAN TIMUR
Sekurau Bawah,hamlet,0.75048,117.71925,KALIMANTAN TIMUR
Persiapan Sekurau Atas,village,0.82072,117.68878,KALIMANTAN TIMUR
Persiapan Sembulo Mandiri,village,0.8847,117.78531,KALIMANTAN TIMUR
Loa Gagak,hamlet,-0.53727,117.04905,KALIMANTAN TIMUR
Merandai Ilir,hamlet,-0.57995,117.05775,KALIMANTAN TIMUR
Sungai Pimping,hamlet,-0.57417,117.04244,KALIMANTAN TIMUR
Merandai,hamlet,-0.57776,117.0462,KALIMANTAN TIMUR
Kutai Baru,hamlet,-0.58685,117.04783,KALIMANTAN TIMUR
Tanjung Laong,hamlet,-0.5773,117.02669,KALIMANTAN TIMUR
Persiapan Jembayan Ilir,village,-0.5742,117.01272,KALIMANTAN TIMUR
Persiapan Sungai Payang Ilir,village,-0.62509,116.9117,KALIMANTAN TIMUR
Murunan,hamlet,-0.22028,116.62706,KALIMANTAN TIMUR
Kampung Baru,hamlet,-0.22765,116.60426,KALIMANTAN TIMUR
Tanjung Durung,hamlet,-0.24469,116.62699,KALIMANTAN TIMUR
Long Mahli,hamlet,0.29663,116.17836,KALIMANTAN TIMUR
Tanah Mea,village,-0.47821,115.93026,KALIMANTAN TIMUR
Kuyung,hamlet,-0.35524,116.44171,KALIMANTAN TIMUR
Puan Dana,hamlet,-0.40316,116.45159,KALIMANTAN TIMUR
Tanah Mea,village,-0.47927,115.92983,KALIMANTAN TIMUR
Long Berayang,village,4.1404,115.81371,KALIMANTAN TIMUR
Pa' Kidang,village,3.8709,115.63499,KALIMANTAN TIMUR
Bungayan,village,4.01738,115.83159,KALIMANTAN TIMUR
Metulang,village,1.71374,114.9627,KALIMANTAN TIMUR
Long Rian,village,3.61809,115.8423,KALIMANTAN TIMUR
Toba,village,1.4209,112.56149,KALIMANTAN BARAT
Pa' Sire,village,4.10497,115.87671,KALIMANTAN TIMUR
Long Metun,village,1.93911,115.0701,KALIMANTAN TIMUR
Wa' Yagung,village,3.97849,115.87066,KALIMANTAN TIMUR
Long Yalau,village,3.57528,115.79633,KALIMANTAN TIMUR
Pa' Rangeb,village,4.07615,115.82122,KALIMANTAN TIMUR
Buduk Tumu,village,3.92506,115.65519,KALIMANTAN TIMUR
Pa' Butal,village,3.85903,115.64484,KALIMANTAN TIMUR
Lembada,village,3.87014,115.63682,KALIMANTAN TIMUR
Long Mangan,village,3.5292,115.81007,KALIMANTAN TIMUR
Long Umung,village,3.99025,115.80125,KALIMANTAN TIMUR
Kampung Baru,village,3.92239,115.70572,KALIMANTAN TIMUR
Nawang Baru,village,1.78101,114.89875,KALIMANTAN TIMUR
Sinar Baru,village,4.1739,115.72939,KALIMANTAN TIMUR
Long Lame,village,2.59089,115.87384,KALIMANTAN TIMUR
Long Ampung,village,1.71625,114.96476,KALIMANTAN TIMUR
Liang Bua,village,3.88381,115.65163,KALIMANTAN TIMUR
Pa' Raye,village,4.06386,115.76452,KALIMANTAN TIMUR
Pa' Kebuan,village,3.98602,115.74987,KALIMANTAN TIMUR
Mahak Baru,village,1.42965,115.37429,KALIMANTAN TIMUR
Pa' Inan,village,3.49486,115.66565,KALIMANTAN TIMUR
Pa' Tera,village,3.41369,115.84201,KALIMANTAN TIMUR
Long Tebulo,village,2.8415,115.83998,KALIMANTAN TIMUR
Pa' Mering,village,3.9101,115.8104,KALIMANTAN TIMUR
Agung Baru,village,1.47601,115.3805,KALIMANTAN TIMUR
Liang Lunuk,village,3.37817,115.86127,KALIMANTAN TIMUR
Long Ketaman,village,2.55384,115.7574,KALIMANTAN TIMUR
Pa' Mulak,village,3.48285,115.80627,KALIMANTAN TIMUR
Pa' Betung,village,4.02311,115.71982,KALIMANTAN TIMUR
Apau Ping,village,3.10248,115.81789,KALIMANTAN TIMUR
Pa' Payak,village,3.89639,115.84455,KALIMANTAN TIMUR
Long Betaoh,village,1.80497,114.84122,KALIMANTAN TIMUR
Pa' Api,village,3.91784,115.66463,KALIMANTAN TIMUR
Buduk Kinangan,village,3.98644,115.68751,KALIMANTAN TIMUR
Long Birar,village,3.46718,115.87667,KALIMANTAN TIMUR
Long Bawan,village,3.90647,115.69824,KALIMANTAN TIMUR
Long Mutan,village,3.5626,115.89646,KALIMANTAN TIMUR
Pa' Urud,village,3.59801,115.65718,KALIMANTAN TIMUR
Pa' Delung,village,3.72933,115.67103,KALIMANTAN TIMUR
Long Pupung,village,3.52398,115.73749,KALIMANTAN TIMUR
Long Nuat,village,4.06213,115.87377,KALIMANTAN TIMUR
Ma' Libu,village,3.94096,115.79315,KALIMANTAN TIMUR
Long Uro,village,1.68236,114.99885,KALIMANTAN TIMUR
Pa' Lidung,village,4.15488,115.87566,KALIMANTAN TIMUR
Long Jelet,village,2.4833,115.63894,KALIMANTAN TIMUR
Pa' Dalan,village,3.44242,115.81994,KALIMANTAN TIMUR
Long Bena,village,2.79718,115.57871,KALIMANTAN TIMUR
Pa' Terutun,village,3.89489,115.77124,KALIMANTAN TIMUR
Long Temuyat,village,1.7759,114.89698,KALIMANTAN TIMUR
Cinglat,village,3.67061,115.8549,KALIMANTAN TIMUR
Ba Sikor,village,4.13896,115.72644,KALIMANTAN TIMUR
Data Dian,village,2.25765,115.50416,KALIMANTAN TIMUR
Pa' Sing,village,3.40646,115.76517,KALIMANTAN TIMUR
Long Uli,village,2.77171,115.80335,KALIMANTAN TIMUR
Lepatar,village,3.84028,115.69115,KALIMANTAN TIMUR
Wa' Yanud,village,3.9163,115.66788,KALIMANTAN TIMUR
Long Pasia,village,3.3716,115.79479,KALIMANTAN TIMUR
Long Peliran,village,2.70555,115.7855,KALIMANTAN TIMUR
Long Matung,village,3.84121,115.89931,KALIMANTAN TIMUR
Pa' Urang,village,3.47792,115.73561,KALIMANTAN TIMUR
Pa' Pawan,village,4.02212,115.87578,KALIMANTAN TIMUR
Long Rupan,village,3.86718,115.89791,KALIMANTAN TIMUR
Lidung Payau,village,1.67902,115.0151,KALIMANTAN TIMUR
Liang Tuer,village,4.10611,115.71821,KALIMANTAN TIMUR
Sungai Anai,village,1.92231,115.04063,KALIMANTAN TIMUR
Sungai Barang,village,1.67964,115.09574,KALIMANTAN TIMUR
Pa' Pirit,village,3.84676,115.63513,KALIMANTAN TIMUR
Pa' Milau,village,3.52717,115.86613,KALIMANTAN TIMUR
Pa' Nado,village,3.92884,115.62822,KALIMANTAN TIMUR
Sembudud,village,3.94884,115.89252,KALIMANTAN TIMUR
Dumu Mahak,village,1.40478,115.32384,KALIMANTAN TIMUR
Long Kabid,village,3.55755,115.67491,KALIMANTAN TIMUR
Long Budung,village,3.43456,115.71311,KALIMANTAN TIMUR
Long Pua,village,2.54599,115.66983,KALIMANTAN TIMUR
Pa' Lutut,village,4.03786,115.76808,KALIMANTAN TIMUR
Pa' Rupai,village,3.91419,115.60627,KALIMANTAN TIMUR
Long Lebusan,village,1.41707,115.4011,KALIMANTAN TIMUR
Data Dian,village,1.99321,115.13814,KALIMANTAN TIMUR
Ba' Liku,village,3.79104,115.84892,KALIMANTAN TIMUR
Binuang,village,3.77404,115.85463,KALIMANTAN TIMUR
Long Belaka Pitau,village,2.6904,115.72838,KALIMANTAN TIMUR
Long Aran,village,2.54375,115.81661,KALIMANTAN TIMUR
Long Pujungan,village,2.58909,115.79181,KALIMANTAN TIMUR
Long Alango,village,2.91403,115.84809,KALIMANTAN TIMUR
Long Kemuat,village,2.95532,115.85808,KALIMANTAN TIMUR
Long Berini,village,3.04703,115.85744,KALIMANTAN TIMUR
Long Nawang,village,1.78935,114.9023,KALIMANTAN TIMUR
Long Payau,village,1.80366,114.95021,KALIMANTAN TIMUR
Pa' Kemut,village,3.85492,115.66153,KALIMANTAN TIMUR
Liang Turan,village,3.88342,115.64957,KALIMANTAN TIMUR
Long Nawang,village,3.91092,115.68691,KALIMANTAN TIMUR
Liang Butan,village,3.90441,115.70069,KALIMANTAN TIMUR
Long Pujungan,village,2.58945,115.79342,KALIMANTAN TIMUR
Long Aran,village,2.54466,115.81581,KALIMANTAN TIMUR
Long Berini,village,3.04839,115.85856,KALIMANTAN TIMUR
Long Alango,village,2.91651,115.84843,KALIMANTAN TIMUR
Long Uli,village,2.77195,115.80353,KALIMANTAN TIMUR
Long Tebulo,village,2.84291,115.84023,KALIMANTAN TIMUR
Long Paliran,village,2.70573,115.78521,KALIMANTAN TIMUR
Samburakat,village,2.17429,117.54937,KALIMANTAN TIMUR
Salang,village,4.15945,116.98232,KALIMANTAN TIMUR
Punan Mirau,village,3.11543,116.43716,KALIMANTAN TIMUR
Pagar,village,3.81819,116.96054,KALIMANTAN TIMUR
Long Lihi,village,3.60892,116.54834,KALIMANTAN TIMUR
Karang Rejo,village,3.30603,117.57849,KALIMANTAN TIMUR
Ambalat,village,3.18476,117.12379,KALIMANTAN TIMUR
Long Yiin,village,2.50285,116.68167,KALIMANTAN TIMUR
Kabungolor,village,4.282,116.13945,KALIMANTAN TIMUR
Sajau,village,2.68396,117.5759,KALIMANTAN TIMUR
Long Bulu,village,4.02419,116.53122,KALIMANTAN TIMUR
Pa' Upan,village,3.48311,115.94873,KALIMANTAN TIMUR
Bukit Makmur,village,2.08676,117.19882,KALIMANTAN TIMUR
Sentaban,village,3.48993,116.48964,KALIMANTAN TIMUR
Binalawan,village,4.09748,117.77059,KALIMANTAN TIMUR
Kelubir,village,3.01702,117.26986,KALIMANTAN TIMUR
Tumbit Dayak,village,1.96213,117.33377,KALIMANTAN TIMUR
Katul,village,3.81722,116.85326,KALIMANTAN TIMUR
Tajan,village,3.69042,116.44235,KALIMANTAN TIMUR
Tabalar Ulu,village,1.76674,117.85922,KALIMANTAN TIMUR
Long Katung,village,3.89661,115.90592,KALIMANTAN TIMUR
Maritam,village,3.29835,116.95563,KALIMANTAN TIMUR
Tanah Merah,village,3.66978,117.52932,KALIMANTAN TIMUR
Long Bang Hulu,village,2.81753,116.97259,KALIMANTAN TIMUR
Salan,village,4.09774,116.55494,KALIMANTAN TIMUR
Sambungan,village,3.66826,117.53814,KALIMANTAN TIMUR
Kayu Indah,village,1.43154,118.31406,KALIMANTAN TIMUR
Merabu,village,1.50564,117.27343,KALIMANTAN TIMUR
Pegat,village,2.13065,117.76177,KALIMANTAN TIMUR
Liang,village,3.80628,116.716,KALIMANTAN TIMUR
Tanjung Perangat,village,2.20907,117.61196,KALIMANTAN TIMUR
Bebanas,village,3.96016,116.94936,KALIMANTAN TIMUR
Lung Semamu,village,3.76347,116.10824,KALIMANTAN TIMUR
Metut,village,3.06587,116.45768,KALIMANTAN TIMUR
Kunyit,village,3.95478,116.97006,KALIMANTAN TIMUR
Seruyung,village,3.69047,116.71363,KALIMANTAN TIMUR
Sebengkok,village,3.30236,117.59227,KALIMANTAN TIMUR
Panas,village,4.29651,116.30689,KALIMANTAN TIMUR
Mangkupadi,village,2.55203,117.85932,KALIMANTAN TIMUR
Mamasin,village,4.15817,116.18359,KALIMANTAN TIMUR
Sapuyan,village,3.79403,116.65605,KALIMANTAN TIMUR
Tasuk,village,2.16606,117.42013,KALIMANTAN TIMUR
Tanjung Lapang,village,3.5333,116.5877,KALIMANTAN TIMUR
Payang,village,3.91448,116.70254,KALIMANTAN TIMUR
Antutan,village,2.75367,117.29967,KALIMANTAN TIMUR
Pa' Ibang,village,3.40103,115.95583,KALIMANTAN TIMUR
Long Lamcin,village,1.91781,116.6338,KALIMANTAN TIMUR
Naputi,village,4.15957,116.98881,KALIMANTAN TIMUR
Putat,village,3.6522,116.68224,KALIMANTAN TIMUR
Suka Murya,village,1.56588,118.15929,KALIMANTAN TIMUR
Pelencau,village,3.24257,116.51423,KALIMANTAN TIMUR
Saduman,village,3.79075,116.82222,KALIMANTAN TIMUR
Paru Abang,village,3.27396,116.98925,KALIMANTAN TIMUR
Silva Rahayu,village,2.99012,117.29968,KALIMANTAN TIMUR
Long Lejuh,village,2.82091,116.68194,KALIMANTAN TIMUR
Pagaluyon,village,3.79647,116.81927,KALIMANTAN TIMUR
Bunyu Selatan,suburb,3.45877,117.84338,KALIMANTAN TIMUR
Tanjung Selor Hilir,village,2.85702,117.3649,KALIMANTAN TIMUR
Respen Tubu,village,3.60172,116.6106,KALIMANTAN TIMUR
Semata,village,4.05627,116.6289,KALIMANTAN TIMUR
Punan Malinau,village,2.26233,117.03315,KALIMANTAN TIMUR
Suaran,village,2.01395,117.64994,KALIMANTAN TIMUR
Sekaduyan Taka,village,4.20399,117.39314,KALIMANTAN TIMUR
Long Liku,village,3.51522,116.51281,KALIMANTAN TIMUR
Long Jalan,village,2.95224,116.38341,KALIMANTAN TIMUR
Rian,village,3.57511,116.82197,KALIMANTAN TIMUR
Salimbatu,village,2.94176,117.34239,KALIMANTAN TIMUR
Nantukidan,village,4.25146,116.45344,KALIMANTAN TIMUR
Siawang,village,3.73607,116.72214,KALIMANTAN TIMUR
Biatan Baru,village,1.70171,117.99712,KALIMANTAN TIMUR
Sempayang,village,3.50994,116.64669,KALIMANTAN TIMUR
Bulan-Bulan,village,3.78722,116.72661,KALIMANTAN TIMUR
Pulau Besing,village,2.19574,117.65997,KALIMANTAN TIMUR
Tau Baru,village,4.16326,116.95913,KALIMANTAN TIMUR
Tunggal Bumi,village,1.45361,118.22981,KALIMANTAN TIMUR
Sengayan,village,3.16585,116.4738,KALIMANTAN TIMUR
Long Agis,village,3.63721,116.53833,KALIMANTAN TIMUR
Kelincauan,village,3.18414,117.13933,KALIMANTAN TIMUR
Long Pala,village,4.02269,115.97962,KALIMANTAN TIMUR
Sibalu,village,4.30391,116.23868,KALIMANTAN TIMUR
Apung,village,2.77811,117.49866,KALIMANTAN TIMUR
Kelapis,village,3.63224,116.66903,KALIMANTAN TIMUR
Batung,village,3.88344,116.64764,KALIMANTAN TIMUR
Long Ayap,village,2.30428,116.84181,KALIMANTAN TIMUR
Tanjung Aru,village,4.11254,117.91814,KALIMANTAN TIMUR
Long Sam,village,2.74344,117.16425,KALIMANTAN TIMUR
Rantau Panjang,village,2.1061,117.45281,KALIMANTAN TIMUR
Long Titi,village,3.25882,116.06701,KALIMANTAN TIMUR
Bebakung,village,3.4773,116.99321,KALIMANTAN TIMUR
Karang Harapan,village,3.35702,117.55411,KALIMANTAN TIMUR
Sanal,village,4.14748,116.45149,KALIMANTAN TIMUR
Libang,village,3.70733,116.71412,KALIMANTAN TIMUR
Tembudan,village,1.41417,118.35174,KALIMANTAN TIMUR
Merasa,village,1.80737,117.24192,KALIMANTAN TIMUR
Patal II,village,3.81252,116.49307,KALIMANTAN TIMUR
Sungai Bedungun,village,2.15502,117.46072,KALIMANTAN TIMUR
Lulu,village,3.97078,116.85723,KALIMANTAN TIMUR
Long Bisai,village,3.52925,116.5005,KALIMANTAN TIMUR
Campur Sari,village,1.47608,118.28814,KALIMANTAN TIMUR
Halanga,village,2.96403,116.4108,KALIMANTAN TIMUR
Menabur Kecil,village,3.58487,116.54534,KALIMANTAN TIMUR
Anjar Arip,village,3.18398,117.14639,KALIMANTAN TIMUR
Bululaun Hilir,village,4.32197,116.37975,KALIMANTAN TIMUR
Buong Baru,village,3.49345,117.01602,KALIMANTAN TIMUR
Gunung Sari,village,2.76733,117.46055,KALIMANTAN TIMUR
Ubol Alung,village,3.91885,116.58711,KALIMANTAN TIMUR
Sumalumung,village,3.75716,116.66091,KALIMANTAN TIMUR
Long La'ai,village,2.23042,116.75954,KALIMANTAN TIMUR
Long Kenipe,village,3.49669,116.48928,KALIMANTAN TIMUR
Sungai Pancang,village,4.15562,117.90163,KALIMANTAN TIMUR
Tanjung Palas Hilir,village,2.84577,117.35053,KALIMANTAN TIMUR
Pa' Amai,village,3.96297,115.92737,KALIMANTAN TIMUR
Panaan,village,1.57359,117.30146,KALIMANTAN TIMUR
Long Nyau,village,3.05146,116.0647,KALIMANTAN TIMUR
Tubaan,village,1.81122,117.86846,KALIMANTAN TIMUR
Sabuluan,village,3.76076,116.79886,KALIMANTAN TIMUR
Limbu Sedulun,village,3.60578,116.89781,KALIMANTAN TIMUR
Tanjung Buka,village,2.91515,117.49714,KALIMANTAN TIMUR
Long Lasan,village,2.72278,116.81577,KALIMANTAN TIMUR
Labuk,village,4.1385,116.56228,KALIMANTAN TIMUR
Rinding,village,2.16625,117.45022,KALIMANTAN TIMUR
Samunti,village,3.97878,116.53271,KALIMANTAN TIMUR
Gayam,village,2.1459,117.50143,KALIMANTAN TIMUR
Tanjung Nanga,village,3.04993,116.46075,KALIMANTAN TIMUR
Apas,village,3.99708,116.99353,KALIMANTAN TIMUR
Long Adiu,village,3.31343,116.50417,KALIMANTAN TIMUR
Malinau Hilir,village,3.58124,116.65486,KALIMANTAN TIMUR
Pantai Amal,village,3.3065,117.65678,KALIMANTAN TIMUR
Pentian,village,3.18005,117.17185,KALIMANTAN TIMUR
Bukit Indah (SP6),hamlet,2.757,117.49816,KALIMANTAN TIMUR
Long Pala,village,4.04382,116.12856,KALIMANTAN TIMUR
Tau Lumbis,village,4.30317,116.21613,KALIMANTAN TIMUR
Mansalong,village,3.7562,116.74829,KALIMANTAN TIMUR
Karangan,village,1.66408,118.05462,KALIMANTAN TIMUR
Punan Long Adiu,village,3.31466,116.55639,KALIMANTAN TIMUR
Suyadon,village,3.87373,116.66079,KALIMANTAN TIMUR
Tanjung Palas Hulu,village,2.82694,117.35754,KALIMANTAN TIMUR
Melati Jaya,village,2.23953,117.65816,KALIMANTAN TIMUR
Kalunsayan,village,4.13485,116.9875,KALIMANTAN TIMUR
Salidung,village,3.68766,116.56474,KALIMANTAN TIMUR
Talisayan,village,1.60335,118.1782,KALIMANTAN TIMUR
Bila Bekayuk,village,3.19694,116.48393,KALIMANTAN TIMUR
Binanun,village,3.75232,116.77228,KALIMANTAN TIMUR
Mabung,village,3.61017,116.51255,KALIMANTAN TIMUR
Kendari,village,3.18528,117.11948,KALIMANTAN TIMUR
Long Lian,village,2.63568,116.74595,KALIMANTAN TIMUR
Tuntulibing,village,4.26121,115.98341,KALIMANTAN TIMUR
Bunyu Barat,suburb,3.48528,117.81942,KALIMANTAN TIMUR
Long Payang,village,3.57035,116.53934,KALIMANTAN TIMUR
Ubol Sulok,village,3.91844,116.60959,KALIMANTAN TIMUR
Tang Paye,village,3.54404,115.94424,KALIMANTAN TIMUR
Labanan Makarti,village,2.05043,117.27327,KALIMANTAN TIMUR
Karang Agung,village,3.04202,117.21243,KALIMANTAN TIMUR
Pa' Umung,village,4.01817,115.91027,KALIMANTAN TIMUR
Pegat Bukur,village,2.04847,117.429,KALIMANTAN TIMUR
Kekayap,village,3.98202,116.9964,KALIMANTAN TIMUR
Malinau Kota,town,3.58696,116.62308,KALIMANTAN TIMUR
Mamburungan,village,3.28779,117.62194,KALIMANTAN TIMUR
Tideng Pale,village,3.58552,116.90781,KALIMANTAN TIMUR
Sumantipal,village,4.32814,116.39066,KALIMANTAN TIMUR
Semalat,village,3.74697,116.64953,KALIMANTAN TIMUR
Biatan Ilir,village,1.66532,118.02891,KALIMANTAN TIMUR
Lesan Dayak,village,1.66157,117.15282,KALIMANTAN TIMUR
Harapan Maju,village,1.7316,117.90819,KALIMANTAN TIMUR
Patal I,village,3.8347,116.59927,KALIMANTAN TIMUR
Batu-Batu,village,2.19027,117.72244,KALIMANTAN TIMUR
Balatikon,village,4.16427,116.95412,KALIMANTAN TIMUR
Long Keluh,village,1.83742,116.87007,KALIMANTAN TIMUR
Nunuk Tanah Kibang,village,3.21342,116.46483,KALIMANTAN TIMUR
Tujung,village,3.84739,117.00017,KALIMANTAN TIMUR
Malinau Seberang,village,3.59624,116.62392,KALIMANTAN TIMUR
Kampung I Skip,village,3.31979,117.61208,KALIMANTAN TIMUR
Wa' Laya,village,3.80666,115.91715,KALIMANTAN TIMUR
Keriting,village,3.18461,117.12837,KALIMANTAN TIMUR
Lung Mekatif,village,4.02329,116.19421,KALIMANTAN TIMUR
Labang,village,4.29877,116.41941,KALIMANTAN TIMUR
Bebatu,village,3.36894,117.47816,KALIMANTAN TIMUR
Bumi Rahayu,village,2.79215,117.45605,KALIMANTAN TIMUR
Kabirin,village,3.55032,116.48226,KALIMANTAN TIMUR
Kalambuku,village,4.02231,116.56549,KALIMANTAN TIMUR
Pandan Sari,village,2.08149,117.23388,KALIMANTAN TIMUR
Punan Bengalun,village,3.40733,116.6552,KALIMANTAN TIMUR
Long Beluah,village,2.73144,117.12669,KALIMANTAN TIMUR
Long Lanuk,village,1.88132,117.29682,KALIMANTAN TIMUR
Mambulu,village,3.79425,116.82882,KALIMANTAN TIMUR
Lung Simau,village,3.82647,116.24869,KALIMANTAN TIMUR
Turung,village,3.31633,116.97524,KALIMANTAN TIMUR
Long Telenjau,village,2.83008,116.93658,KALIMANTAN TIMUR
Sinampila I,village,4.08355,116.50573,KALIMANTAN TIMUR
Pa'loo,village,3.74316,116.72831,KALIMANTAN TIMUR
Merapun,village,1.4853,117.19856,KALIMANTAN TIMUR
Tanjung Hilir,village,3.77276,116.74055,KALIMANTAN TIMUR
Long Padi,village,3.61042,115.94123,KALIMANTAN TIMUR
Sambaliung,village,2.16426,117.5063,KALIMANTAN TIMUR
Tetaban,village,4.00196,116.97254,KALIMANTAN TIMUR
Long Gafid,village,3.52814,116.5008,KALIMANTAN TIMUR
Punan Rian,village,3.13428,116.55553,KALIMANTAN TIMUR
Atap,village,3.82311,117.77044,KALIMANTAN TIMUR
Salap,village,3.65446,116.68895,KALIMANTAN TIMUR
Selumit,village,3.29935,117.58887,KALIMANTAN TIMUR
Terindak,village,3.17961,117.10742,KALIMANTAN TIMUR
Kuyo,village,4.13613,116.24539,KALIMANTAN TIMUR
Ardi Mulyo,village,3.09778,117.22992,KALIMANTAN TIMUR
Tambalang Hilir,village,3.99291,116.53095,KALIMANTAN TIMUR
Nainsid,village,3.77044,116.61778,KALIMANTAN TIMUR
Birang,village,2.20454,117.46967,KALIMANTAN TIMUR
Taras,village,3.52144,116.55326,KALIMANTAN TIMUR
Paluan,village,3.85992,116.67459,KALIMANTAN TIMUR
Mara I,village,2.75065,117.23396,KALIMANTAN TIMUR
Long Beliu,village,1.71658,117.06109,KALIMANTAN TIMUR
Semunad,village,4.06887,117.00115,KALIMANTAN TIMUR
Sebatiung,village,3.62178,116.44543,KALIMANTAN TIMUR
Dumaring,village,1.57543,118.20548,KALIMANTAN TIMUR
Sekatak Buji,village,3.18511,117.11439,KALIMANTAN TIMUR
Tanjung Buka,village,2.90964,117.65754,KALIMANTAN TIMUR
Long Pelban,village,2.57899,116.41758,KALIMANTAN TIMUR
Lipaga,village,4.30751,115.91173,KALIMANTAN TIMUR
Sesayap,village,3.58527,117.00492,KALIMANTAN TIMUR
Labanan Makmur,village,2.06909,117.30743,KALIMANTAN TIMUR
Sungoi,village,4.06835,116.58673,KALIMANTAN TIMUR
Gunung Sari,village,2.18937,117.11034,KALIMANTAN TIMUR
Long Tenem,village,4.06976,115.90996,KALIMANTAN TIMUR
Bebanir,village,2.16452,117.5673,KALIMANTAN TIMUR
Nunukan Selatan,village,4.10016,117.69106,KALIMANTAN TIMUR
Gunung Lingkas,village,3.29786,117.6044,KALIMANTAN TIMUR
Pa' Melade,village,3.93895,115.9504,KALIMANTAN TIMUR
Sebidai,village,3.59859,116.9228,KALIMANTAN TIMUR
Juata Permai,village,3.38034,117.53875,KALIMANTAN TIMUR
Tumantalas,village,4.18743,116.55144,KALIMANTAN TIMUR
Sedongon,village,3.76808,116.72758,KALIMANTAN TIMUR
Manunggal Jaya,village,1.68454,118.01301,KALIMANTAN TIMUR
Setulang,village,3.45728,116.4952,KALIMANTAN TIMUR
Pulu Bulawan,village,3.85441,116.684,KALIMANTAN TIMUR
Gunung Tabur,village,2.16309,117.48135,KALIMANTAN TIMUR
Tinampak I,village,4.16315,116.98033,KALIMANTAN TIMUR
Sumber Mulya,village,1.56389,118.0925,KALIMANTAN TIMUR
Laban Nyarit,village,3.12794,116.44062,KALIMANTAN TIMUR
Pulau Keras,village,3.75107,116.7853,KALIMANTAN TIMUR
Long Tarau,village,3.62344,116.53157,KALIMANTAN TIMUR
Bekiliu,village,3.24826,116.95453,KALIMANTAN TIMUR
Long Bia,village,2.6967,116.79159,KALIMANTAN TIMUR
Tambalang Hulu,village,4.31602,116.32132,KALIMANTAN TIMUR
Jelarai Selor,village,2.81623,117.40487,KALIMANTAN TIMUR
Sembuak Warod,village,3.60524,116.59173,KALIMANTAN TIMUR
Sinampila II,village,4.00723,116.42511,KALIMANTAN TIMUR
Punan Segah,village,2.30453,116.69469,KALIMANTAN TIMUR
Tanjungkarang,village,4.06407,117.91845,KALIMANTAN TIMUR
Panca Agung,village,3.0713,117.21303,KALIMANTAN TIMUR
Pesayan,village,2.01013,117.67827,KALIMANTAN TIMUR
Rian Tubu,village,3.30857,116.1601,KALIMANTAN TIMUR
Tanjung Keranjang,village,3.56913,116.6518,KALIMANTAN TIMUR
Kampung Empat,village,3.30075,117.6229,KALIMANTAN TIMUR
Kujau,village,3.47163,116.99303,KALIMANTAN TIMUR
Pegat,village,2.14159,117.86403,KALIMANTAN TIMUR
Sumentobol,village,4.22515,116.49718,KALIMANTAN TIMUR
Biatan Bapinang,village,1.71683,117.9601,KALIMANTAN TIMUR
Muara Lesan,village,1.6864,117.17085,KALIMANTAN TIMUR
Setarap,village,3.40067,116.50196,KALIMANTAN TIMUR
Lintong,village,3.82525,116.64772,KALIMANTAN TIMUR
Gunung Panjang,village,2.1388,117.48421,KALIMANTAN TIMUR
Sekikilan,village,4.09329,116.98881,KALIMANTAN TIMUR
Lung Sulit,village,3.85273,116.13123,KALIMANTAN TIMUR
Long Sului,village,1.98135,116.53239,KALIMANTAN TIMUR
Paya Seturan,village,3.0895,116.47345,KALIMANTAN TIMUR
Tagul,village,3.82182,117.25774,KALIMANTAN TIMUR
Long Luso,village,3.58754,116.43931,KALIMANTAN TIMUR
Karang Balik,village,3.30547,117.58578,KALIMANTAN TIMUR
Sekatak Bengara,village,3.16706,117.17634,KALIMANTAN TIMUR
Tetagas,village,4.28042,116.03142,KALIMANTAN TIMUR
Bulu Mengolom,village,3.87799,116.65575,KALIMANTAN TIMUR
Long Rungan,village,3.50618,115.9038,KALIMANTAN TIMUR
Punan Mahkam,village,2.1997,116.6993,KALIMANTAN TIMUR
Long Bila,village,3.47925,116.48404,KALIMANTAN TIMUR
Setabu,village,4.07498,117.80691,KALIMANTAN TIMUR
Tanjung Palas Tengah,village,2.83685,117.35491,KALIMANTAN TIMUR
Inaran,village,2.03537,117.41996,KALIMANTAN TIMUR
Lubok Buat,village,3.78795,116.86281,KALIMANTAN TIMUR
Long Ranau,village,3.10656,116.11409,KALIMANTAN TIMUR
Tabalar Muara,village,1.75705,117.9796,KALIMANTAN TIMUR
Punan Dulau,village,3.29285,116.88002,KALIMANTAN TIMUR
Linsayung,village,4.11171,116.61656,KALIMANTAN TIMUR
Tengku Dacing,village,3.7345,117.65108,KALIMANTAN TIMUR
Teluk Bayur,village,2.14033,117.4199,KALIMANTAN TIMUR
Mapulu,village,1.56377,117.30344,KALIMANTAN TIMUR
Kasai,village,2.20849,117.91192,KALIMANTAN TIMUR
Tubus,village,3.80375,116.59729,KALIMANTAN TIMUR
Sukan Tengah,village,2.1719,117.66765,KALIMANTAN TIMUR
Long Lake,village,3.11381,116.52653,KALIMANTAN TIMUR
Sanur,village,4.0344,116.98828,KALIMANTAN TIMUR
Gong Solok,village,3.37268,116.54371,KALIMANTAN TIMUR
Pamusian,village,3.30284,117.60395,KALIMANTAN TIMUR
Long Sepayang,village,3.98054,115.93957,KALIMANTAN TIMUR
Pa' Putuk,village,3.71074,115.90301,KALIMANTAN TIMUR
Lung Berang,village,3.81903,116.18766,KALIMANTAN TIMUR
Kalisun,village,4.31099,116.21736,KALIMANTAN TIMUR
Saludan,village,3.73919,116.62178,KALIMANTAN TIMUR
Tepian Buah,village,2.18139,117.11731,KALIMANTAN TIMUR
Tukulon,village,3.94284,116.59762,KALIMANTAN TIMUR
Gunung Putih,village,2.83661,117.3395,KALIMANTAN TIMUR
Merancang Ilir,village,2.20009,117.68063,KALIMANTAN TIMUR
Liang Bunyu,village,4.12591,117.74482,KALIMANTAN TIMUR
Eka Sapta,village,1.55589,118.10243,KALIMANTAN TIMUR
Long Loreh,village,3.1701,116.46886,KALIMANTAN TIMUR
Liuk Bulu,village,3.74805,116.7661,KALIMANTAN TIMUR
Bambang,village,3.26047,116.96986,KALIMANTAN TIMUR
Bunau,village,3.1843,117.13365,KALIMANTAN TIMUR
Long Buang,village,2.56267,116.70758,KALIMANTAN TIMUR
Lubakan,village,3.80763,117.12995,KALIMANTAN TIMUR
Bunyu Timur,suburb,3.48713,117.86186,KALIMANTAN TIMUR
Tanjung Sepatui,village,3.5481,116.49023,KALIMANTAN TIMUR
Jukup,village,4.01942,116.50894,KALIMANTAN TIMUR
Tang Badui,village,3.57069,115.98039,KALIMANTAN TIMUR
Tumbit Melayu,village,1.9999,117.3171,KALIMANTAN TIMUR
Ruhui Rahayu,village,3.06239,117.24199,KALIMANTAN TIMUR
Gurimbang,village,2.18689,117.60041,KALIMANTAN TIMUR
Makmur,village,4.04696,117.0044,KALIMANTAN TIMUR
Lidung Kemenci,village,3.51721,116.51512,KALIMANTAN TIMUR
Seputuk,village,3.52445,116.73708,KALIMANTAN TIMUR
Duyan,village,4.30315,116.23541,KALIMANTAN TIMUR
Dabulon,village,3.76486,116.68178,KALIMANTAN TIMUR
Biatan Ulu,village,1.58279,118.01193,KALIMANTAN TIMUR
Buyung-Buyung,village,1.88089,117.8117,KALIMANTAN TIMUR
Podong,village,3.88595,116.58216,KALIMANTAN TIMUR
Merancang Ulu,village,2.20847,117.66236,KALIMANTAN TIMUR
Melasu Baru,village,3.94897,116.92636,KALIMANTAN TIMUR
Naha Aya,village,2.84729,116.9047,KALIMANTAN TIMUR
Purna Sari Jaya,village,1.53992,118.13831,KALIMANTAN TIMUR
Long Rat,village,3.17303,116.45967,KALIMANTAN TIMUR
Manuk Bungkul,village,3.84572,117.02771,KALIMANTAN TIMUR
Long Nit,village,3.57856,116.53053,KALIMANTAN TIMUR
Tenggiling,village,3.13899,116.82272,KALIMANTAN TIMUR
Bokok,village,4.13484,116.33094,KALIMANTAN TIMUR
Sengkong,village,3.53046,117.39273,KALIMANTAN TIMUR
Tanjung Selor Hulu,village,2.83554,117.36473,KALIMANTAN TIMUR
Lubak Manis,village,3.61925,116.65149,KALIMANTAN TIMUR
Tadungus,village,4.03007,116.59714,KALIMANTAN TIMUR
Long Ayan,village,2.27687,116.95932,KALIMANTAN TIMUR
Sungai Nyamuk,village,4.14258,117.91168,KALIMANTAN TIMUR
Mara Hilir,village,2.74486,117.24615,KALIMANTAN TIMUR
Bena Baru,village,2.0407,117.39582,KALIMANTAN TIMUR
Binusan,village,4.0911,117.62242,KALIMANTAN TIMUR
Temalang,village,3.5152,116.51036,KALIMANTAN TIMUR
Sedulun,village,3.60085,116.89185,KALIMANTAN TIMUR
Juata Kerikil,village,3.37429,117.55969,KALIMANTAN TIMUR
Lepak Aru,village,2.7453,116.83523,KALIMANTAN TIMUR
Bululaun Hulu,village,4.16166,115.97405,KALIMANTAN TIMUR
Sangkub,village,3.7531,116.72833,KALIMANTAN TIMUR
Sumber Agung,village,1.46427,118.31738,KALIMANTAN TIMUR
Likos,village,3.78859,116.60716,KALIMANTAN TIMUR
Tanjung Redeb,town,2.15387,117.49701,KALIMANTAN TIMUR
Sujau,village,3.95608,116.82717,KALIMANTAN TIMUR
Langap,village,3.1402,116.47452,KALIMANTAN TIMUR
Atap,village,3.85565,117.04787,KALIMANTAN TIMUR
Long Kendai,village,3.58938,116.51831,KALIMANTAN TIMUR
Selumit Pantai,village,3.30773,117.57282,KALIMANTAN TIMUR
Pa' Matung,village,3.74412,115.91652,KALIMANTAN TIMUR
Ujang,village,3.13136,116.89333,KALIMANTAN TIMUR
Langgason,village,4.28146,116.26542,KALIMANTAN TIMUR
Gunung Seriang,village,2.80705,117.345,KALIMANTAN TIMUR
Lung Kebinu,village,3.92019,116.12823,KALIMANTAN TIMUR
Nansapan,village,3.93724,116.49137,KALIMANTAN TIMUR
Kalampising,village,3.70528,116.80967,KALIMANTAN TIMUR
Maluang,village,2.1798,117.51944,KALIMANTAN TIMUR
Sesua,village,3.47671,116.65542,KALIMANTAN TIMUR
Aji Kuning,village,4.16249,117.86211,KALIMANTAN TIMUR
Pejalin,village,2.81884,117.32147,KALIMANTAN TIMUR
Pa' Kaber,village,3.44563,115.94345,KALIMANTAN TIMUR
Long Duhung,village,1.8527,116.9544,KALIMANTAN TIMUR
Tinampak II,village,4.2199,116.96511,KALIMANTAN TIMUR
Long Pada,village,3.0545,116.14306,KALIMANTAN TIMUR
Semurut,village,1.8529,117.82386,KALIMANTAN TIMUR
Butas Bagu,village,3.79615,116.90029,KALIMANTAN TIMUR
Kelembunan,village,3.23461,116.93808,KALIMANTAN TIMUR
Long Peso,village,2.69181,116.78868,KALIMANTAN TIMUR
Tantalujuk,village,4.32287,116.33463,KALIMANTAN TIMUR
Labanan Jaya,village,2.06483,117.30221,KALIMANTAN TIMUR
Sedalit,village,4.03393,116.66202,KALIMANTAN TIMUR
Karang Ambun,village,2.13868,117.50458,KALIMANTAN TIMUR
Long Paku,village,3.79987,116.37607,KALIMANTAN TIMUR
Pembeliangan,village,4.00385,117.03457,KALIMANTAN TIMUR
Luso,village,3.60328,116.59829,KALIMANTAN TIMUR
Pelita Kanaan,village,3.57556,116.61242,KALIMANTAN TIMUR
Lingkas Ujung,village,3.28371,117.60223,KALIMANTAN TIMUR
Pungit,village,3.17157,117.17219,KALIMANTAN TIMUR
Ngawol,village,4.31935,116.36606,KALIMANTAN TIMUR
Pa'lemumut,village,3.73729,116.55341,KALIMANTAN TIMUR
Bukit Makmur Jaya,village,1.64003,117.93117,KALIMANTAN TIMUR
Punan Setarap,village,3.39258,116.50006,KALIMANTAN TIMUR
Sasibu,village,3.84239,116.68757,KALIMANTAN TIMUR
Karang Anyar,village,2.83371,117.34872,KALIMANTAN TIMUR
Sambakungan,village,2.21137,117.59813,KALIMANTAN TIMUR
Tembalang,village,4.14819,116.98805,KALIMANTAN TIMUR
Pulau Sapi,village,3.52467,116.51612,KALIMANTAN TIMUR
Bumi Jaya,village,1.49643,118.24894,KALIMANTAN TIMUR
Punan Gong Solok,village,3.32541,116.55307,KALIMANTAN TIMUR
Labuk,village,3.80103,116.92381,KALIMANTAN TIMUR
Menabur Besar,village,3.62294,116.50854,KALIMANTAN TIMUR
Long Tungu,village,2.79462,117.07555,KALIMANTAN TIMUR
Kelising,village,3.10661,116.94744,KALIMANTAN TIMUR
Muara Pangean,village,2.69185,116.77905,KALIMANTAN TIMUR
Lagas,village,4.31592,116.35648,KALIMANTAN TIMUR
Long Pangin,village,3.5701,116.51531,KALIMANTAN TIMUR
Taluan,village,3.9678,116.44722,KALIMANTAN TIMUR
Long Kelupan,village,3.52526,115.96991,KALIMANTAN TIMUR
Harapan Jaya,village,2.14504,117.11226,KALIMANTAN TIMUR
Pimping,village,3.00318,117.21729,KALIMANTAN TIMUR
Pilanjau,village,1.99297,117.75208,KALIMANTAN TIMUR
Nunukan Barat,suburb,4.13839,117.64486,KALIMANTAN TIMUR
Batu Lidung,village,3.55274,116.65065,KALIMANTAN TIMUR
Mamburungan Timur,village,3.27253,117.63193,KALIMANTAN TIMUR
Mendupo,village,3.46349,116.9838,KALIMANTAN TIMUR
Karang Anyar Pantai,village,3.32112,117.57048,KALIMANTAN TIMUR
Limpakon,village,4.07293,116.41378,KALIMANTAN TIMUR
Deralon,village,3.72401,116.72089,KALIMANTAN TIMUR
Biatan Lempake,village,1.67387,118.01621,KALIMANTAN TIMUR
Upt Hti Muara Lesan,village,1.7084,117.17443,KALIMANTAN TIMUR
Batu Kajang,village,3.36438,116.55157,KALIMANTAN TIMUR
Tanjung Hulu,village,3.77725,116.73072,KALIMANTAN TIMUR
Tarakan,city,3.30002,117.63302,KALIMANTAN TIMUR
Long Nyau,village,3.40053,116.26225,KALIMANTAN TIMUR
Long Pada,village,3.40853,116.27232,KALIMANTAN TIMUR
Long Ranau,village,3.40503,116.26297,KALIMANTAN TIMUR
Long Rian,village,3.41082,116.27476,KALIMANTAN TIMUR
Punan,village,3.4,116.26667,KALIMANTAN TIMUR
Taoguno,village,3.45,116.28333,KALIMANTAN TIMUR
Waren,village,3.63635,116.51888,KALIMANTAN TIMUR
Belayan,village,3.65647,116.67299,KALIMANTAN TIMUR
Nunukan,city,4.1404,117.65114,KALIMANTAN TIMUR
Kanduangan,hamlet,4.2029,117.40098,KALIMANTAN TIMUR
Long Getawan,hamlet,2.91185,116.9323,KALIMANTAN TIMUR
Sido Bangen,village,1.69244,117.07839,KALIMANTAN TIMUR
UPT III Sukan Mekar Jaya,hamlet,2.15315,117.69089,KALIMANTAN TIMUR
Samaenre Semaja,village,4.21371,117.3078,KALIMANTAN TIMUR
Tabur Lestari,village,4.15503,117.25997,KALIMANTAN TIMUR
Srinanti,village,4.15623,117.27925,KALIMANTAN TIMUR
Tulang,village,3.77471,116.80065,KALIMANTAN TIMUR
Teras Nawang,village,2.87863,117.34054,KALIMANTAN TIMUR
Teras Baru,village,2.87156,117.33416,KALIMANTAN TIMUR
Tanjung Selor Timur,village,2.85057,117.41587,KALIMANTAN TIMUR
Tanjung Agung,village,2.71053,117.5026,KALIMANTAN TIMUR
Wonomulyo,village,2.71147,117.53837,KALIMANTAN TIMUR
Sajau Hilir,village,2.72848,117.63141,KALIMANTAN TIMUR
Pura Sajau,village,2.70139,117.62391,KALIMANTAN TIMUR
Binai,village,2.69477,117.70691,KALIMANTAN TIMUR
Periuk,village,3.4664,116.98201,KALIMANTAN TIMUR
Maning,village,3.46323,117.01074,KALIMANTAN TIMUR
Bambangan,village,4.1566,117.71474,KALIMANTAN TIMUR
Balansiku,village,4.04408,117.84813,KALIMANTAN TIMUR
Padaidi,village,4.09243,117.91045,KALIMANTAN TIMUR
Sungai Manurung,village,4.07585,117.91553,KALIMANTAN TIMUR
Tanjung Harapan,village,4.1345,117.91896,KALIMANTAN TIMUR
Bukit Aru Indah,village,4.12541,117.92016,KALIMANTAN TIMUR
Lapri,village,4.15218,117.88389,KALIMANTAN TIMUR
Seberang,village,4.16214,117.87721,KALIMANTAN TIMUR
Maspul,village,4.14921,117.83391,KALIMANTAN TIMUR
Sungai Limau,village,4.15954,117.81968,KALIMANTAN TIMUR
Bukit Harapan,village,4.13822,117.84659,KALIMANTAN TIMUR
Seludau,village,3.57001,117.00013,KALIMANTAN TIMUR
Sebawang,village,3.581,116.95721,KALIMANTAN TIMUR
Sesayap Selor,village,3.56322,116.97519,KALIMANTAN TIMUR
Sepala Dalung,village,3.58339,117.01148,KALIMANTAN TIMUR
Bebatu,village,3.54274,117.19039,KALIMANTAN TIMUR
Bandan Bikis,village,3.56061,117.1995,KALIMANTAN TIMUR
Menjelutung,village,3.63978,117.18932,KALIMANTAN TIMUR
Rian Rayo,village,3.51695,116.79631,KALIMANTAN TIMUR
Sapari,village,3.53,116.84288,KALIMANTAN TIMUR
Gunawan,village,3.54166,116.90797,KALIMANTAN TIMUR
Tideng Pale,town,3.60823,116.90353,KALIMANTAN TIMUR
Tideng Pale Timur,village,3.60832,116.91297,KALIMANTAN TIMUR
Paking,village,3.50059,116.38497,KALIMANTAN TIMUR
Mentarang Baru,village,3.52602,116.52718,KALIMANTAN TIMUR
Semengaris,village,3.61745,116.65702,KALIMANTAN TIMUR
Kaliamok,village,3.61882,116.64022,KALIMANTAN TIMUR
Tengkapak,village,2.82113,117.41969,KALIMANTAN TIMUR
Sabanar Lama,hamlet,2.86671,117.36802,KALIMANTAN TIMUR
Sabanar Baru,hamlet,2.85292,117.40897,KALIMANTAN TIMUR
Teluk Selimau,hamlet,2.85542,117.4204,KALIMANTAN TIMUR
Dusun,hamlet,3.29172,117.04287,KALIMANTAN TIMUR
Mewet,hamlet,3.28153,117.07498,KALIMANTAN TIMUR
Long Pari,village,2.77905,117.19908,KALIMANTAN TIMUR
Long Lembu,village,2.77813,117.09089,KALIMANTAN TIMUR
Long Bang,village,2.8131,116.97757,KALIMANTAN TIMUR
Long Pelban,village,2.80637,116.66491,KALIMANTAN TIMUR
Bugis,village,2.1571,117.5017,KALIMANTAN TIMUR
Siduung,hamlet,2.09528,117.25332,KALIMANTAN TIMUR
Meraang,hamlet,2.11653,117.49711,KALIMANTAN TIMUR
Batu Rajang,village,2.0359,117.08459,KALIMANTAN TIMUR
Siduung Indah,village,1.99156,117.1788,KALIMANTAN TIMUR
Mentadau,hamlet,3.12744,117.19955,KALIMANTAN TIMUR
Liagu,village,3.31963,117.38108,KALIMANTAN TIMUR
Tanjung Harapan,village,4.03063,117.72314,KALIMANTAN TIMUR
Mansapa,village,4.06629,117.72172,KALIMANTAN TIMUR
Selisun,village,4.12179,117.67214,KALIMANTAN TIMUR
Nunukan Tengah,suburb,4.13363,117.65492,KALIMANTAN TIMUR
Kapuak,village,3.57422,116.8131,KALIMANTAN TIMUR
Balayan Ari,village,3.47845,116.72117,KALIMANTAN TIMUR
Tajan,hamlet,3.61614,116.58153,KALIMANTAN TIMUR
Malinau Kota,village,3.58902,116.62723,KALIMANTAN TIMUR
Kuala Lapang,village,3.53686,116.61365,KALIMANTAN TIMUR
Capuak,village,1.63811,118.08208,KALIMANTAN TIMUR
Biatan Bapinang,village,1.70984,117.95349,KALIMANTAN TIMUR
Teluk Semanting,village,2.18841,117.95541,KALIMANTAN TIMUR
Tanah Merah Barat,village,3.71034,117.54692,KALIMANTAN TIMUR
Sambungan Selatan,village,3.67176,117.54981,KALIMANTAN TIMUR
Tepian,village,3.78295,117.45243,KALIMANTAN TIMUR
Pelaju,village,3.81916,117.39672,KALIMANTAN TIMUR
Tanjung Selor,city,2.84305,117.36132,KALIMANTAN TIMUR
Nahakramo Baru,village,3.07097,116.45609,KALIMANTAN TIMUR
Bulu Perindu,hamlet,2.82292,117.36555,KALIMANTAN TIMUR
Penisir,hamlet,2.781,117.33109,KALIMANTAN TIMUR
Long Balau,hamlet,2.78001,116.86154,KALIMANTAN TIMUR
Kihampi,hamlet,2.56643,116.44758,KALIMANTAN TIMUR
Basangtingan,hamlet,2.26933,116.20787,KALIMANTAN TIMUR
Andrasjawa,hamlet,2.86284,116.86876,KALIMANTAN TIMUR
Long Semamu,village,3.69961,116.08794,KALIMANTAN TIMUR
Lubuk,hamlet,2.89807,117.44936,KALIMANTAN TIMUR
Rian Tubu,village,3.3128,116.11258,KALIMANTAN TIMUR
Sei Kapal,hamlet,4.15867,117.48175,KALIMANTAN TIMUR
Sekalayan,hamlet,4.26555,117.33725,KALIMANTAN TIMUR
Long Pelay,village,1.93413,116.69784,KALIMANTAN TIMUR
Bato Laga,hamlet,2.52943,117.55351,KALIMANTAN TIMUR
Bunyu,town,3.45831,117.84389,KALIMANTAN TIMUR
Long Pelay,village,1.93336,116.69824,KALIMANTAN TIMUR
Kota Tanjung Selor,town,2.8466,117.37604,KALIMANTAN TIMUR
