nama,jenis,provinsi,lat,lon,pm25_wilayah,kategori_wilayah,tanggal_besok,pm25_ramal_besok,kategori_besok,tanggal_lusa,pm25_ramal_lusa,kategori_lusa,api_5km,api_searah_angin,pm25_hulu_60km,tingkat_siaga,alasan
Mengkalang Jambu,village,KALIMANTAN BARAT,-0.5,109.3,147.8,tidak sehat,2026-09-12,116.4,tidak sehat,2026-09-13,104.8,tidak sehat,0,0,147.8,SIAGA,diperkirakan besok tidak sehat; dan masih buruk lusa
Tasik Malaya,village,KALIMANTAN BARAT,-0.8,109.3,147.8,tidak sehat,2026-09-12,116.4,tidak sehat,2026-09-13,104.8,tidak sehat,0,0,67.0,SIAGA,diperkirakan besok tidak sehat; dan masih buruk lusa
Kubu,village,KALIMANTAN BARAT,-0.5,109.4,147.8,tidak sehat,2026-09-12,116.4,tidak sehat,2026-09-13,104.8,tidak sehat,0,0,147.8,SIAGA,diperkirakan besok tidak sehat; dan masih buruk lusa
Ambarawa,village,KALIMANTAN BARAT,-0.8,109.3,147.8,tidak sehat,2026-09-12,116.4,tidak sehat,2026-09-13,104.8,tidak sehat,0,0,67.0,SIAGA,diperkirakan besok tidak sehat; dan masih buruk lusa
Sungai Besar,village,KALIMANTAN BARAT,-0.8,109.3,147.8,tidak sehat,2026-09-12,116.4,tidak sehat,2026-09-13,104.8,tidak sehat,0,0,67.0,SIAGA,diperkirakan besok tidak sehat; dan masih buruk lusa
Dabung,village,KALIMANTAN BARAT,-0.6,109.3,147.8,tidak sehat,2026-09-12,116.4,tidak sehat,2026-09-13,104.8,tidak sehat,0,0,147.8,SIAGA,diperkirakan besok tidak sehat; dan masih buruk lusa
Tanjung Harapan,village,KALIMANTAN BARAT,-0.9,109.3,147.8,tidak sehat,2026-09-12,116.4,tidak sehat,2026-09-13,104.8,tidak sehat,0,0,67.0,SIAGA,diperkirakan besok tidak sehat; dan masih buruk lusa
Padang Tikar Dua,village,KALIMANTAN BARAT,-0.7,109.3,147.8,tidak sehat,2026-09-12,116.4,tidak sehat,2026-09-13,104.8,tidak sehat,0,0,67.0,SIAGA,diperkirakan besok tidak sehat; dan masih buruk lusa
Padang Tikar Satu,village,KALIMANTAN BARAT,-0.7,109.3,147.8,tidak sehat,2026-09-12,116.4,tidak sehat,2026-09-13,104.8,tidak sehat,0,0,67.0,SIAGA,diperkirakan besok tidak sehat; dan masih buruk lusa
Olak-Olak Kubu,village,KALIMANTAN BARAT,-0.5,109.4,147.8,tidak sehat,2026-09-12,116.4,tidak sehat,2026-09-13,104.8,tidak sehat,0,0,147.8,SIAGA,diperkirakan besok tidak sehat; dan masih buruk lusa
Sungai Jawi,village,KALIMANTAN BARAT,-0.8,109.3,147.8,tidak sehat,2026-09-12,116.4,tidak sehat,2026-09-13,104.8,tidak sehat,0,0,67.0,SIAGA,diperkirakan besok tidak sehat; dan masih buruk lusa
Pelita Jaya,village,KALIMANTAN BARAT,-0.5,109.3,147.8,tidak sehat,2026-09-12,116.4,tidak sehat,2026-09-13,104.8,tidak sehat,0,0,147.8,SIAGA,diperkirakan besok tidak sehat; dan masih buruk lusa
Sekadau,city,KALIMANTAN BARAT,0.0,110.9,133.5,tidak sehat,2026-09-12,126.1,tidak sehat,2026-09-13,122.6,tidak sehat,0,0,91.8,SIAGA,diperkirakan besok tidak sehat; dan masih buruk lusa
Merapi,village,KALIMANTAN BARAT,0.0,111.0,133.5,tidak sehat,2026-09-12,126.1,tidak sehat,2026-09-13,122.6,tidak sehat,0,0,91.8,SIAGA,diperkirakan besok tidak sehat; dan masih buruk lusa
Rawak Hilir,village,KALIMANTAN BARAT,-0.1,110.9,133.5,tidak sehat,2026-09-12,126.1,tidak sehat,2026-09-13,122.6,tidak sehat,0,0,91.8,SIAGA,diperkirakan besok tidak sehat; dan masih buruk lusa
Benua Baru,village,KALIMANTAN BARAT,-0.2,111.3,133.5,tidak sehat,2026-09-12,126.1,tidak sehat,2026-09-13,122.6,tidak sehat,0,0,91.8,SIAGA,diperkirakan besok tidak sehat; dan masih buruk lusa
Meragun,village,KALIMANTAN BARAT,-0.3,110.9,133.5,tidak sehat,2026-09-12,126.1,tidak sehat,2026-09-13,122.6,tidak sehat,0,0,61.6,SIAGA,diperkirakan besok tidak sehat; dan masih buruk lusa
Sekubang,village,KALIMANTAN BARAT,-0.3,111.1,133.5,tidak sehat,2026-09-12,126.1,tidak sehat,2026-09-13,122.6,tidak sehat,0,0,61.6,SIAGA,diperkirakan besok tidak sehat; dan masih buruk lusa
Tapang Perodah,village,KALIMANTAN BARAT,-0.2,111.0,133.5,tidak sehat,2026-09-12,126.1,tidak sehat,2026-09-13,122.6,tidak sehat,0,0,91.8,SIAGA,diperkirakan besok tidak sehat; dan masih buruk lusa
Temawang Muntai,village,KALIMANTAN BARAT,-0.1,111.2,133.5,tidak sehat,2026-09-12,126.1,tidak sehat,2026-09-13,122.6,tidak sehat,0,0,91.8,SIAGA,diperkirakan besok tidak sehat; dan masih buruk lusa
Bernayau,village,KALIMANTAN BARAT,-0.3,111.2,133.5,tidak sehat,2026-09-12,126.1,tidak sehat,2026-09-13,122.6,tidak sehat,0,0,61.6,SIAGA,diperkirakan besok tidak sehat; dan masih buruk lusa
Cupang Gading,village,KALIMANTAN BARAT,-0.2,110.9,133.5,tidak sehat,2026-09-12,126.1,tidak sehat,2026-09-13,122.6,tidak sehat,0,0,61.6,SIAGA,diperkirakan besok tidak sehat; dan masih buruk lusa
Gernis Jaya,village,KALIMANTAN BARAT,-0.0,111.3,133.5,tidak sehat,2026-09-12,126.1,tidak sehat,2026-09-13,122.6,tidak sehat,0,0,91.8,SIAGA,diperkirakan besok tidak sehat; dan masih buruk lusa
Mangkurat Baru,village,KALIMANTAN BARAT,-0.1,111.3,133.5,tidak sehat,2026-09-12,126.1,tidak sehat,2026-09-13,122.6,tidak sehat,0,0,91.8,SIAGA,diperkirakan besok tidak sehat; dan masih buruk lusa
Sinar Pekayau,village,KALIMANTAN BARAT,-0.4,111.1,133.5,tidak sehat,2026-09-12,126.1,tidak sehat,2026-09-13,122.6,tidak sehat,0,0,61.6,SIAGA,diperkirakan besok tidak sehat; dan masih buruk lusa
Bedayan,village,KALIMANTAN BARAT,-0.1,111.2,133.5,tidak sehat,2026-09-12,126.1,tidak sehat,2026-09-13,122.6,tidak sehat,0,0,91.8,SIAGA,diperkirakan besok tidak sehat; dan masih buruk lusa
Tapang Semadak,village,KALIMANTAN BARAT,-0.0,111.1,133.5,tidak sehat,2026-09-12,126.1,tidak sehat,2026-09-13,122.6,tidak sehat,0,0,91.8,SIAGA,diperkirakan besok tidak sehat; dan masih buruk lusa
Nanga Pemubuh,village,KALIMANTAN BARAT,-0.1,111.1,133.5,tidak sehat,2026-09-12,126.1,tidak sehat,2026-09-13,122.6,tidak sehat,0,0,91.8,SIAGA,diperkirakan besok tidak sehat; dan masih buruk lusa
Gonis Tekam,village,KALIMANTAN BARAT,-0.0,111.0,133.5,tidak sehat,2026-09-12,126.1,tidak sehat,2026-09-13,122.6,tidak sehat,0,0,91.8,SIAGA,diperkirakan besok tidak sehat; dan masih buruk lusa
Gurung Mali,village,KALIMANTAN BARAT,-0.3,111.3,133.5,tidak sehat,2026-09-12,126.1,tidak sehat,2026-09-13,122.6,tidak sehat,0,0,61.6,SIAGA,diperkirakan besok tidak sehat; dan masih buruk lusa
Rawak Hulu,village,KALIMANTAN BARAT,-0.1,110.9,133.5,tidak sehat,2026-09-12,126.1,tidak sehat,2026-09-13,122.6,tidak sehat,0,0,91.8,SIAGA,diperkirakan besok tidak sehat; dan masih buruk lusa
Sirang Setambang,village,KALIMANTAN BARAT,-0.1,111.2,133.5,tidak sehat,2026-09-12,126.1,tidak sehat,2026-09-13,122.6,tidak sehat,0,0,91.8,SIAGA,diperkirakan besok tidak sehat; dan masih buruk lusa
Tawang Sari,village,KALIMANTAN BARAT,-0.1,111.2,133.5,tidak sehat,2026-09-12,126.1,tidak sehat,2026-09-13,122.6,tidak sehat,0,0,91.8,SIAGA,diperkirakan besok tidak sehat; dan masih buruk lusa
Nanga Biaban,village,KALIMANTAN BARAT,-0.3,111.0,133.5,tidak sehat,2026-09-12,126.1,tidak sehat,2026-09-13,122.6,tidak sehat,0,0,61.6,SIAGA,diperkirakan besok tidak sehat; dan masih buruk lusa
Engkersik,village,KALIMANTAN BARAT,-0.1,111.1,133.5,tidak sehat,2026-09-12,126.1,tidak sehat,2026-09-13,122.6,tidak sehat,0,0,91.8,SIAGA,diperkirakan besok tidak sehat; dan masih buruk lusa
Paribang Baru,village,KALIMANTAN BARAT,-0.1,111.3,133.5,tidak sehat,2026-09-12,126.1,tidak sehat,2026-09-13,122.6,tidak sehat,0,0,91.8,SIAGA,diperkirakan besok tidak sehat; dan masih buruk lusa
Tinum Baru,village,KALIMANTAN BARAT,-0.1,111.3,133.5,tidak sehat,2026-09-12,126.1,tidak sehat,2026-09-13,122.6,tidak sehat,0,0,91.8,SIAGA,diperkirakan besok tidak sehat; dan masih buruk lusa
Nanga Pari,village,KALIMANTAN BARAT,-0.4,111.2,133.5,tidak sehat,2026-09-12,126.1,tidak sehat,2026-09-13,122.6,tidak sehat,0,0,61.6,SIAGA,diperkirakan besok tidak sehat; dan masih buruk lusa
Setawar,village,KALIMANTAN BARAT,-0.1,111.0,133.5,tidak sehat,2026-09-12,126.1,tidak sehat,2026-09-13,122.6,tidak sehat,0,0,91.8,SIAGA,diperkirakan besok tidak sehat; dan masih buruk lusa
Merti Jaya,village,KALIMANTAN BARAT,-0.3,111.3,133.5,tidak sehat,2026-09-12,126.1,tidak sehat,2026-09-13,122.6,tidak sehat,0,0,61.6,SIAGA,diperkirakan besok tidak sehat; dan masih buruk lusa
Boti,village,KALIMANTAN BARAT,-0.1,110.9,133.5,tidak sehat,2026-09-12,126.1,tidak sehat,2026-09-13,122.6,tidak sehat,0,0,91.8,SIAGA,diperkirakan besok tidak sehat; dan masih buruk lusa
Benua Kencana,village,KALIMANTAN BARAT,-0.4,111.3,133.5,tidak sehat,2026-09-12,126.1,tidak sehat,2026-09-13,122.6,tidak sehat,0,0,61.6,SIAGA,diperkirakan besok tidak sehat; dan masih buruk lusa
Sungai Sambang,village,KALIMANTAN BARAT,-0.2,111.0,133.5,tidak sehat,2026-09-12,126.1,tidak sehat,2026-09-13,122.6,tidak sehat,0,0,91.8,SIAGA,diperkirakan besok tidak sehat; dan masih buruk lusa
Buluh Kuning,village,KALIMANTAN BARAT,-0.1,111.2,133.5,tidak sehat,2026-09-12,126.1,tidak sehat,2026-09-13,122.6,tidak sehat,0,0,91.8,SIAGA,diperkirakan besok tidak sehat; dan masih buruk lusa
Mondi,village,KALIMANTAN BARAT,-0.2,110.9,133.5,tidak sehat,2026-09-12,126.1,tidak sehat,2026-09-13,122.6,tidak sehat,0,0,91.8,SIAGA,diperkirakan besok tidak sehat; dan masih buruk lusa
Manis Raya,village,KALIMANTAN BARAT,-0.0,111.2,133.5,tidak sehat,2026-09-12,126.1,tidak sehat,2026-09-13,122.6,tidak sehat,0,0,91.8,SIAGA,diperkirakan besok tidak sehat; dan masih buruk lusa
Nanga Menterap,village,KALIMANTAN BARAT,-0.1,110.9,133.5,tidak sehat,2026-09-12,126.1,tidak sehat,2026-09-13,122.6,tidak sehat,0,0,91.8,SIAGA,diperkirakan besok tidak sehat; dan masih buruk lusa
Nanga Libau,village,KALIMANTAN BARAT,-0.2,111.1,133.5,tidak sehat,2026-09-12,126.1,tidak sehat,2026-09-13,122.6,tidak sehat,0,0,91.8,SIAGA,diperkirakan besok tidak sehat; dan masih buruk lusa
Sekujam Timbai,village,KALIMANTAN BARAT,-0.2,111.2,133.5,tidak sehat,2026-09-12,126.1,tidak sehat,2026-09-13,122.6,tidak sehat,0,0,91.8,SIAGA,diperkirakan besok tidak sehat; dan masih buruk lusa
Perongkan,village,KALIMANTAN BARAT,-0.1,110.9,133.5,tidak sehat,2026-09-12,126.1,tidak sehat,2026-09-13,122.6,tidak sehat,0,0,91.8,SIAGA,diperkirakan besok tidak sehat; dan masih buruk lusa
Suka Jaya,village,KALIMANTAN BARAT,-0.0,111.3,133.5,tidak sehat,2026-09-12,126.1,tidak sehat,2026-09-13,122.6,tidak sehat,0,0,91.8,SIAGA,diperkirakan besok tidak sehat; dan masih buruk lusa
Semuntai,village,KALIMANTAN BARAT,-0.2,111.3,133.5,tidak sehat,2026-09-12,126.1,tidak sehat,2026-09-13,122.6,tidak sehat,0,0,91.8,SIAGA,diperkirakan besok tidak sehat; dan masih buruk lusa
Seberang Kapuas,village,KALIMANTAN BARAT,0.0,110.9,133.5,tidak sehat,2026-09-12,126.1,tidak sehat,2026-09-13,122.6,tidak sehat,0,0,91.8,SIAGA,diperkirakan besok tidak sehat; dan masih buruk lusa
Tanjung,village,KALIMANTAN BARAT,0.0,110.9,133.5,tidak sehat,2026-09-12,126.1,tidak sehat,2026-09-13,122.6,tidak sehat,0,0,91.8,SIAGA,diperkirakan besok tidak sehat; dan masih buruk lusa
Sungai Ringin,village,KALIMANTAN BARAT,0.0,110.9,133.5,tidak sehat,2026-09-12,126.1,tidak sehat,2026-09-13,122.6,tidak sehat,0,0,91.8,SIAGA,diperkirakan besok tidak sehat; dan masih buruk lusa
Nanga Kenaya,hamlet,KALIMANTAN BARAT,-0.1,110.9,133.5,tidak sehat,2026-09-12,126.1,tidak sehat,2026-09-13,122.6,tidak sehat,0,0,91.8,SIAGA,diperkirakan besok tidak sehat; dan masih buruk lusa
Selintah Hilir,hamlet,KALIMANTAN BARAT,-0.1,110.9,133.5,tidak sehat,2026-09-12,126.1,tidak sehat,2026-09-13,122.6,tidak sehat,0,0,91.8,SIAGA,diperkirakan besok tidak sehat; dan masih buruk lusa
Jaya Mentari,village,KALIMANTAN BARAT,-0.3,111.3,133.5,tidak sehat,2026-09-12,126.1,tidak sehat,2026-09-13,122.6,tidak sehat,0,0,61.6,SIAGA,diperkirakan besok tidak sehat; dan masih buruk lusa
Riam Batu,village,KALIMANTAN BARAT,-0.4,111.3,133.5,tidak sehat,2026-09-12,126.1,tidak sehat,2026-09-13,122.6,tidak sehat,0,0,61.6,SIAGA,diperkirakan besok tidak sehat; dan masih buruk lusa
Pekulai Bersatu,village,KALIMANTAN BARAT,-0.3,111.3,133.5,tidak sehat,2026-09-12,126.1,tidak sehat,2026-09-13,122.6,tidak sehat,0,0,61.6,SIAGA,diperkirakan besok tidak sehat; dan masih buruk lusa
Sungai Buluh,village,KALIMANTAN BARAT,-0.3,111.3,133.5,tidak sehat,2026-09-12,126.1,tidak sehat,2026-09-13,122.6,tidak sehat,0,0,61.6,SIAGA,diperkirakan besok tidak sehat; dan masih buruk lusa
Melimbuk,hamlet,KALIMANTAN BARAT,-0.2,111.3,133.5,tidak sehat,2026-09-12,126.1,tidak sehat,2026-09-13,122.6,tidak sehat,0,0,61.6,SIAGA,diperkirakan besok tidak sehat; dan masih buruk lusa
Kuala Tiga,village,KALIMANTAN BARAT,-0.2,111.3,133.5,tidak sehat,2026-09-12,126.1,tidak sehat,2026-09-13,122.6,tidak sehat,0,0,61.6,SIAGA,diperkirakan besok tidak sehat; dan masih buruk lusa
Kupan Jaya,village,KALIMANTAN BARAT,-0.2,111.3,133.5,tidak sehat,2026-09-12,126.1,tidak sehat,2026-09-13,122.6,tidak sehat,0,0,61.6,SIAGA,diperkirakan besok tidak sehat; dan masih buruk lusa
Pulau Jaya,village,KALIMANTAN BARAT,-0.2,111.3,133.5,tidak sehat,2026-09-12,126.1,tidak sehat,2026-09-13,122.6,tidak sehat,0,0,61.6,SIAGA,diperkirakan besok tidak sehat; dan masih buruk lusa
Pangkal Baru,village,KALIMANTAN BARAT,-0.2,111.3,133.5,tidak sehat,2026-09-12,126.1,tidak sehat,2026-09-13,122.6,tidak sehat,0,0,91.8,SIAGA,diperkirakan besok tidak sehat; dan masih buruk lusa
Tebedak,hamlet,KALIMANTAN BARAT,-0.2,111.3,133.5,tidak sehat,2026-09-12,126.1,tidak sehat,2026-09-13,122.6,tidak sehat,0,0,91.8,SIAGA,diperkirakan besok tidak sehat; dan masih buruk lusa
Bungkong Baru,village,KALIMANTAN BARAT,-0.3,111.0,133.5,tidak sehat,2026-09-12,126.1,tidak sehat,2026-09-13,122.6,tidak sehat,0,0,61.6,SIAGA,diperkirakan besok tidak sehat; dan masih buruk lusa
Limau Bakti,village,KALIMANTAN BARAT,-0.3,111.1,133.5,tidak sehat,2026-09-12,126.1,tidak sehat,2026-09-13,122.6,tidak sehat,0,0,61.6,SIAGA,diperkirakan besok tidak sehat; dan masih buruk lusa
Tanjung Mawang,village,KALIMANTAN BARAT,-0.3,111.1,133.5,tidak sehat,2026-09-12,126.1,tidak sehat,2026-09-13,122.6,tidak sehat,0,0,61.6,SIAGA,diperkirakan besok tidak sehat; dan masih buruk lusa
Temawang Bulai,village,KALIMANTAN BARAT,-0.4,111.2,133.5,tidak sehat,2026-09-12,126.1,tidak sehat,2026-09-13,122.6,tidak sehat,0,0,61.6,SIAGA,diperkirakan besok tidak sehat; dan masih buruk lusa
Sunsong,village,KALIMANTAN BARAT,-0.3,111.0,133.5,tidak sehat,2026-09-12,126.1,tidak sehat,2026-09-13,122.6,tidak sehat,0,0,61.6,SIAGA,diperkirakan besok tidak sehat; dan masih buruk lusa
Kemantan,village,KALIMANTAN BARAT,-0.3,111.1,133.5,tidak sehat,2026-09-12,126.1,tidak sehat,2026-09-13,122.6,tidak sehat,0,0,61.6,SIAGA,diperkirakan besok tidak sehat; dan masih buruk lusa
Riam Kempadik,village,KALIMANTAN BARAT,-0.2,111.2,133.5,tidak sehat,2026-09-12,126.1,tidak sehat,2026-09-13,122.6,tidak sehat,0,0,61.6,SIAGA,diperkirakan besok tidak sehat; dan masih buruk lusa
Nanga Layung,village,KALIMANTAN BARAT,-0.2,111.2,133.5,tidak sehat,2026-09-12,126.1,tidak sehat,2026-09-13,122.6,tidak sehat,0,0,91.8,SIAGA,diperkirakan besok tidak sehat; dan masih buruk lusa
Landau Panjang,village,KALIMANTAN BARAT,-0.2,111.1,133.5,tidak sehat,2026-09-12,126.1,tidak sehat,2026-09-13,122.6,tidak sehat,0,0,61.6,SIAGA,diperkirakan besok tidak sehat; dan masih buruk lusa
Bangun,village,KALIMANTAN BARAT,-0.2,111.1,133.5,tidak sehat,2026-09-12,126.1,tidak sehat,2026-09-13,122.6,tidak sehat,0,0,91.8,SIAGA,diperkirakan besok tidak sehat; dan masih buruk lusa
Kambong,hamlet,KALIMANTAN BARAT,-0.2,111.2,133.5,tidak sehat,2026-09-12,126.1,tidak sehat,2026-09-13,122.6,tidak sehat,0,0,91.8,SIAGA,diperkirakan besok tidak sehat; dan masih buruk lusa
Mengkurai,hamlet,KALIMANTAN BARAT,-0.2,111.3,133.5,tidak sehat,2026-09-12,126.1,tidak sehat,2026-09-13,122.6,tidak sehat,0,0,91.8,SIAGA,diperkirakan besok tidak sehat; dan masih buruk lusa
Lubuk Buyu,hamlet,KALIMANTAN BARAT,-0.1,111.2,133.5,tidak sehat,2026-09-12,126.1,tidak sehat,2026-09-13,122.6,tidak sehat,0,0,91.8,SIAGA,diperkirakan besok tidak sehat; dan masih buruk lusa
Tanjung Balai,village,KALIMANTAN BARAT,-0.1,111.2,133.5,tidak sehat,2026-09-12,126.1,tidak sehat,2026-09-13,122.6,tidak sehat,0,0,91.8,SIAGA,diperkirakan besok tidak sehat; dan masih buruk lusa
Mait Hilir,village,KALIMANTAN BARAT,-0.1,111.3,133.5,tidak sehat,2026-09-12,126.1,tidak sehat,2026-09-13,122.6,tidak sehat,0,0,91.8,SIAGA,diperkirakan besok tidak sehat; dan masih buruk lusa
Peninsung,village,KALIMANTAN BARAT,-0.1,111.3,133.5,tidak sehat,2026-09-12,126.1,tidak sehat,2026-09-13,122.6,tidak sehat,0,0,91.8,SIAGA,diperkirakan besok tidak sehat; dan masih buruk lusa
Paoh Benua,village,KALIMANTAN BARAT,-0.0,111.3,133.5,tidak sehat,2026-09-12,126.1,tidak sehat,2026-09-13,122.6,tidak sehat,0,0,91.8,SIAGA,diperkirakan besok tidak sehat; dan masih buruk lusa
Sinar Harapan,village,KALIMANTAN BARAT,0.0,111.1,133.5,tidak sehat,2026-09-12,126.1,tidak sehat,2026-09-13,122.6,tidak sehat,0,0,91.8,SIAGA,diperkirakan besok tidak sehat; dan masih buruk lusa
Sepulut,village,KALIMANTAN BARAT,-0.0,111.2,133.5,tidak sehat,2026-09-12,126.1,tidak sehat,2026-09-13,122.6,tidak sehat,0,0,91.8,SIAGA,diperkirakan besok tidak sehat; dan masih buruk lusa
Lengkenat,village,KALIMANTAN BARAT,0.0,111.2,133.5,tidak sehat,2026-09-12,126.1,tidak sehat,2026-09-13,122.6,tidak sehat,0,0,91.8,SIAGA,diperkirakan besok tidak sehat; dan masih buruk lusa
Tanjung Hulu,village,KALIMANTAN BARAT,0.0,111.2,133.5,tidak sehat,2026-09-12,126.1,tidak sehat,2026-09-13,122.6,tidak sehat,0,0,91.8,SIAGA,diperkirakan besok tidak sehat; dan masih buruk lusa
Mungguk,village,KALIMANTAN BARAT,0.0,110.9,133.5,tidak sehat,2026-09-12,126.1,tidak sehat,2026-09-13,122.6,tidak sehat,0,0,91.8,SIAGA,diperkirakan besok tidak sehat; dan masih buruk lusa
Selalong,village,KALIMANTAN BARAT,-0.0,110.9,133.5,tidak sehat,2026-09-12,126.1,tidak sehat,2026-09-13,122.6,tidak sehat,0,0,91.8,SIAGA,diperkirakan besok tidak sehat; dan masih buruk lusa
Semapuk,hamlet,KALIMANTAN BARAT,-0.0,111.0,133.5,tidak sehat,2026-09-12,126.1,tidak sehat,2026-09-13,122.6,tidak sehat,0,0,91.8,SIAGA,diperkirakan besok tidak sehat; dan masih buruk lusa
Bokak Sebumbun,village,KALIMANTAN BARAT,-0.0,111.0,133.5,tidak sehat,2026-09-12,126.1,tidak sehat,2026-09-13,122.6,tidak sehat,0,0,91.8,SIAGA,diperkirakan besok tidak sehat; dan masih buruk lusa
Empering,hamlet,KALIMANTAN BARAT,-0.0,111.1,133.5,tidak sehat,2026-09-12,126.1,tidak sehat,2026-09-13,122.6,tidak sehat,0,0,91.8,SIAGA,diperkirakan besok tidak sehat; dan masih buruk lusa
Sungai Durian,hamlet,KALIMANTAN BARAT,-0.1,111.0,133.5,tidak sehat,2026-09-12,126.1,tidak sehat,2026-09-13,122.6,tidak sehat,0,0,91.8,SIAGA,diperkirakan besok tidak sehat; dan masih buruk lusa
Penepah,hamlet,KALIMANTAN BARAT,-0.1,110.9,133.5,tidak sehat,2026-09-12,126.1,tidak sehat,2026-09-13,122.6,tidak sehat,0,0,91.8,SIAGA,diperkirakan besok tidak sehat; dan masih buruk lusa
Jabai,hamlet,KALIMANTAN BARAT,-0.1,110.9,133.5,tidak sehat,2026-09-12,126.1,tidak sehat,2026-09-13,122.6,tidak sehat,0,0,91.8,SIAGA,diperkirakan besok tidak sehat; dan masih buruk lusa
Nanga Kerabat,hamlet,KALIMANTAN BARAT,-0.1,111.0,133.5,tidak sehat,2026-09-12,126.1,tidak sehat,2026-09-13,122.6,tidak sehat,0,0,91.8,SIAGA,diperkirakan besok tidak sehat; dan masih buruk lusa
Sejirak,hamlet,KALIMANTAN BARAT,-0.1,110.9,133.5,tidak sehat,2026-09-12,126.1,tidak sehat,2026-09-13,122.6,tidak sehat,0,0,91.8,SIAGA,diperkirakan besok tidak sehat; dan masih buruk lusa
Pangkin,hamlet,KALIMANTAN BARAT,-0.0,110.9,133.5,tidak sehat,2026-09-12,126.1,tidak sehat,2026-09-13,122.6,tidak sehat,0,0,91.8,SIAGA,diperkirakan besok tidak sehat; dan masih buruk lusa
Sungai Putat,hamlet,KALIMANTAN BARAT,0.0,110.9,133.5,tidak sehat,2026-09-12,126.1,tidak sehat,2026-09-13,122.6,tidak sehat,0,0,91.8,SIAGA,diperkirakan besok tidak sehat; dan masih buruk lusa
Roca,hamlet,KALIMANTAN BARAT,-0.1,111.0,133.5,tidak sehat,2026-09-12,126.1,tidak sehat,2026-09-13,122.6,tidak sehat,0,0,91.8,SIAGA,diperkirakan besok tidak sehat; dan masih buruk lusa
Engkorong,hamlet,KALIMANTAN BARAT,-0.2,111.0,133.5,tidak sehat,2026-09-12,126.1,tidak sehat,2026-09-13,122.6,tidak sehat,0,0,91.8,SIAGA,diperkirakan besok tidak sehat; dan masih buruk lusa
Emperarak,hamlet,KALIMANTAN BARAT,-0.1,111.1,133.5,tidak sehat,2026-09-12,126.1,tidak sehat,2026-09-13,122.6,tidak sehat,0,0,91.8,SIAGA,diperkirakan besok tidak sehat; dan masih buruk lusa
Ensawak,hamlet,KALIMANTAN BARAT,-0.1,111.1,133.5,tidak sehat,2026-09-12,126.1,tidak sehat,2026-09-13,122.6,tidak sehat,0,0,91.8,SIAGA,diperkirakan besok tidak sehat; dan masih buruk lusa
Jerajau,hamlet,KALIMANTAN BARAT,-0.1,111.1,133.5,tidak sehat,2026-09-12,126.1,tidak sehat,2026-09-13,122.6,tidak sehat,0,0,91.8,SIAGA,diperkirakan besok tidak sehat; dan masih buruk lusa
Merundang,hamlet,KALIMANTAN BARAT,-0.1,111.1,133.5,tidak sehat,2026-09-12,126.1,tidak sehat,2026-09-13,122.6,tidak sehat,0,0,91.8,SIAGA,diperkirakan besok tidak sehat; dan masih buruk lusa
Balok,hamlet,KALIMANTAN BARAT,-0.1,111.1,133.5,tidak sehat,2026-09-12,126.1,tidak sehat,2026-09-13,122.6,tidak sehat,0,0,91.8,SIAGA,diperkirakan besok tidak sehat; dan masih buruk lusa
Sejaong,hamlet,KALIMANTAN BARAT,-0.1,111.0,133.5,tidak sehat,2026-09-12,126.1,tidak sehat,2026-09-13,122.6,tidak sehat,0,0,91.8,SIAGA,diperkirakan besok tidak sehat; dan masih buruk lusa
Sejori,hamlet,KALIMANTAN BARAT,-0.1,111.1,133.5,tidak sehat,2026-09-12,126.1,tidak sehat,2026-09-13,122.6,tidak sehat,0,0,91.8,SIAGA,diperkirakan besok tidak sehat; dan masih buruk lusa
Hulu Sangkan,hamlet,KALIMANTAN BARAT,-0.2,111.1,133.5,tidak sehat,2026-09-12,126.1,tidak sehat,2026-09-13,122.6,tidak sehat,0,0,61.6,SIAGA,diperkirakan besok tidak sehat; dan masih buruk lusa
Sungai Balo,hamlet,KALIMANTAN BARAT,-0.2,111.0,133.5,tidak sehat,2026-09-12,126.1,tidak sehat,2026-09-13,122.6,tidak sehat,0,0,61.6,SIAGA,diperkirakan besok tidak sehat; dan masih buruk lusa
Danau Raya,hamlet,KALIMANTAN BARAT,-0.2,111.0,133.5,tidak sehat,2026-09-12,126.1,tidak sehat,2026-09-13,122.6,tidak sehat,0,0,91.8,SIAGA,diperkirakan besok tidak sehat; dan masih buruk lusa
Beransit,hamlet,KALIMANTAN BARAT,-0.1,111.0,133.5,tidak sehat,2026-09-12,126.1,tidak sehat,2026-09-13,122.6,tidak sehat,0,0,91.8,SIAGA,diperkirakan besok tidak sehat; dan masih buruk lusa
Teluk Ogong,hamlet,KALIMANTAN BARAT,-0.1,111.0,133.5,tidak sehat,2026-09-12,126.1,tidak sehat,2026-09-13,122.6,tidak sehat,0,0,91.8,SIAGA,diperkirakan besok tidak sehat; dan masih buruk lusa
Sidap,hamlet,KALIMANTAN BARAT,-0.1,111.0,133.5,tidak sehat,2026-09-12,126.1,tidak sehat,2026-09-13,122.6,tidak sehat,0,0,91.8,SIAGA,diperkirakan besok tidak sehat; dan masih buruk lusa
Ulak Limau,hamlet,KALIMANTAN BARAT,-0.1,110.9,133.5,tidak sehat,2026-09-12,126.1,tidak sehat,2026-09-13,122.6,tidak sehat,0,0,91.8,SIAGA,diperkirakan besok tidak sehat; dan masih buruk lusa
Sulang Betung,hamlet,KALIMANTAN BARAT,-0.2,110.9,133.5,tidak sehat,2026-09-12,126.1,tidak sehat,2026-09-13,122.6,tidak sehat,0,0,91.8,SIAGA,diperkirakan besok tidak sehat; dan masih buruk lusa
Keyayo,hamlet,KALIMANTAN BARAT,-0.4,110.9,133.5,tidak sehat,2026-09-12,126.1,tidak sehat,2026-09-13,122.6,tidak sehat,0,0,61.6,SIAGA,diperkirakan besok tidak sehat; dan masih buruk lusa
Panggi Agung,village,KALIMANTAN BARAT,0.6,111.3,117.3,tidak sehat,2026-09-12,124.8,tidak sehat,2026-09-13,113.4,tidak sehat,0,0,94.6,SIAGA,diperkirakan besok tidak sehat; dan masih buruk lusa
Sumber Sari,village,KALIMANTAN BARAT,0.7,111.3,117.3,tidak sehat,2026-09-12,124.8,tidak sehat,2026-09-13,113.4,tidak sehat,0,0,94.6,SIAGA,diperkirakan besok tidak sehat; dan masih buruk lusa
Begelang Jaya,village,KALIMANTAN BARAT,0.6,111.3,117.3,tidak sehat,2026-09-12,124.8,tidak sehat,2026-09-13,113.4,tidak sehat,0,0,94.6,SIAGA,diperkirakan besok tidak sehat; dan masih buruk lusa
Margahayu,village,KALIMANTAN BARAT,0.7,111.3,117.3,tidak sehat,2026-09-12,124.8,tidak sehat,2026-09-13,113.4,tidak sehat,0,0,94.6,SIAGA,diperkirakan besok tidak sehat; dan masih buruk lusa
Senaning,village,KALIMANTAN BARAT,0.9,111.0,117.3,tidak sehat,2026-09-12,124.8,tidak sehat,2026-09-13,113.4,tidak sehat,0,0,101.0,SIAGA,diperkirakan besok tidak sehat; dan masih buruk lusa
Terduk Dampak,village,KALIMANTAN BARAT,0.6,111.2,117.3,tidak sehat,2026-09-12,124.8,tidak sehat,2026-09-13,113.4,tidak sehat,0,0,94.6,SIAGA,diperkirakan besok tidak sehat; dan masih buruk lusa
Empura,village,KALIMANTAN BARAT,0.7,111.3,117.3,tidak sehat,2026-09-12,124.8,tidak sehat,2026-09-13,113.4,tidak sehat,0,0,94.6,SIAGA,diperkirakan besok tidak sehat; dan masih buruk lusa
Jasa,village,KALIMANTAN BARAT,1.0,111.2,117.3,tidak sehat,2026-09-12,124.8,tidak sehat,2026-09-13,113.4,tidak sehat,0,0,101.0,SIAGA,diperkirakan besok tidak sehat; dan masih buruk lusa
Mengaret,village,KALIMANTAN BARAT,0.6,111.3,117.3,tidak sehat,2026-09-12,124.8,tidak sehat,2026-09-13,113.4,tidak sehat,0,0,94.6,SIAGA,diperkirakan besok tidak sehat; dan masih buruk lusa
Sebadak,village,KALIMANTAN BARAT,0.8,111.1,117.3,tidak sehat,2026-09-12,124.8,tidak sehat,2026-09-13,113.4,tidak sehat,0,0,94.6,SIAGA,diperkirakan besok tidak sehat; dan masih buruk lusa
Rasau,village,KALIMANTAN BARAT,1.0,111.1,117.3,tidak sehat,2026-09-12,124.8,tidak sehat,2026-09-13,113.4,tidak sehat,0,0,101.0,SIAGA,diperkirakan besok tidak sehat; dan masih buruk lusa
Bukit Rambat,village,KALIMANTAN BARAT,0.6,111.2,117.3,tidak sehat,2026-09-12,124.8,tidak sehat,2026-09-13,113.4,tidak sehat,0,0,94.6,SIAGA,diperkirakan besok tidak sehat; dan masih buruk lusa
Sungai Antu Hulu,village,KALIMANTAN BARAT,0.6,111.1,117.3,tidak sehat,2026-09-12,124.8,tidak sehat,2026-09-13,113.4,tidak sehat,0,0,94.6,SIAGA,diperkirakan besok tidak sehat; dan masih buruk lusa
Suak Medang,village,KALIMANTAN BARAT,0.8,111.3,117.3,tidak sehat,2026-09-12,124.8,tidak sehat,2026-09-13,113.4,tidak sehat,0,0,94.6,SIAGA,diperkirakan besok tidak sehat; dan masih buruk lusa
Sebetung,village,KALIMANTAN BARAT,0.6,111.1,117.3,tidak sehat,2026-09-12,124.8,tidak sehat,2026-09-13,113.4,tidak sehat,0,0,94.6,SIAGA,diperkirakan besok tidak sehat; dan masih buruk lusa
Sepiluk,village,KALIMANTAN BARAT,0.8,110.9,117.3,tidak sehat,2026-09-12,124.8,tidak sehat,2026-09-13,113.4,tidak sehat,0,0,94.6,SIAGA,diperkirakan besok tidak sehat; dan masih buruk lusa
Nanga Bayan,village,KALIMANTAN BARAT,1.0,111.3,117.3,tidak sehat,2026-09-12,124.8,tidak sehat,2026-09-13,113.4,tidak sehat,0,0,101.0,SIAGA,diperkirakan besok tidak sehat; dan masih buruk lusa
Ketori,village,KALIMANTAN BARAT,0.6,110.9,117.3,tidak sehat,2026-09-12,124.8,tidak sehat,2026-09-13,113.4,tidak sehat,0,0,94.6,SIAGA,diperkirakan besok tidak sehat; dan masih buruk lusa
Semareh,village,KALIMANTAN BARAT,1.0,111.3,117.3,tidak sehat,2026-09-12,124.8,tidak sehat,2026-09-13,113.4,tidak sehat,0,0,101.0,SIAGA,diperkirakan besok tidak sehat; dan masih buruk lusa
Sungai Areh,village,KALIMANTAN BARAT,0.7,111.2,117.3,tidak sehat,2026-09-12,124.8,tidak sehat,2026-09-13,113.4,tidak sehat,0,0,94.6,SIAGA,diperkirakan besok tidak sehat; dan masih buruk lusa
Panggi Ruguk,village,KALIMANTAN BARAT,0.6,111.3,117.3,tidak sehat,2026-09-12,124.8,tidak sehat,2026-09-13,113.4,tidak sehat,0,0,94.6,SIAGA,diperkirakan besok tidak sehat; dan masih buruk lusa
Melingkat,hamlet,KALIMANTAN BARAT,0.8,111.1,117.3,tidak sehat,2026-09-12,124.8,tidak sehat,2026-09-13,113.4,tidak sehat,0,0,94.6,SIAGA,diperkirakan besok tidak sehat; dan masih buruk lusa
Pedian,hamlet,KALIMANTAN BARAT,0.8,110.9,117.3,tidak sehat,2026-09-12,124.8,tidak sehat,2026-09-13,113.4,tidak sehat,0,0,138.3,SIAGA,diperkirakan besok tidak sehat; dan masih buruk lusa
Sejawak,village,KALIMANTAN BARAT,0.9,111.2,117.3,tidak sehat,2026-09-12,124.8,tidak sehat,2026-09-13,113.4,tidak sehat,0,0,101.0,SIAGA,diperkirakan besok tidak sehat; dan masih buruk lusa
Sungai Bugau,village,KALIMANTAN BARAT,0.9,111.1,117.3,tidak sehat,2026-09-12,124.8,tidak sehat,2026-09-13,113.4,tidak sehat,0,0,101.0,SIAGA,diperkirakan besok tidak sehat; dan masih buruk lusa
Idai,village,KALIMANTAN BARAT,1.0,111.3,117.3,tidak sehat,2026-09-12,124.8,tidak sehat,2026-09-13,113.4,tidak sehat,0,0,101.0,SIAGA,diperkirakan besok tidak sehat; dan masih buruk lusa
Engkeruh,village,KALIMANTAN BARAT,0.9,111.1,117.3,tidak sehat,2026-09-12,124.8,tidak sehat,2026-09-13,113.4,tidak sehat,0,0,101.0,SIAGA,diperkirakan besok tidak sehat; dan masih buruk lusa
Sebuluh,village,KALIMANTAN BARAT,1.0,111.1,117.3,tidak sehat,2026-09-12,124.8,tidak sehat,2026-09-13,113.4,tidak sehat,0,0,101.0,SIAGA,diperkirakan besok tidak sehat; dan masih buruk lusa
Riam Sejawak,village,KALIMANTAN BARAT,1.0,111.2,117.3,tidak sehat,2026-09-12,124.8,tidak sehat,2026-09-13,113.4,tidak sehat,0,0,101.0,SIAGA,diperkirakan besok tidak sehat; dan masih buruk lusa
Sungai Kelik,village,KALIMANTAN BARAT,1.0,111.2,117.3,tidak sehat,2026-09-12,124.8,tidak sehat,2026-09-13,113.4,tidak sehat,0,0,101.0,SIAGA,diperkirakan besok tidak sehat; dan masih buruk lusa
Sungai Mawang,village,KALIMANTAN BARAT,0.9,111.3,117.3,tidak sehat,2026-09-12,124.8,tidak sehat,2026-09-13,113.4,tidak sehat,0,0,101.0,SIAGA,diperkirakan besok tidak sehat; dan masih buruk lusa
Nanga Sebawang,village,KALIMANTAN BARAT,0.8,111.2,117.3,tidak sehat,2026-09-12,124.8,tidak sehat,2026-09-13,113.4,tidak sehat,0,0,94.6,SIAGA,diperkirakan besok tidak sehat; dan masih buruk lusa
Sekaih,village,KALIMANTAN BARAT,0.9,111.2,117.3,tidak sehat,2026-09-12,124.8,tidak sehat,2026-09-13,113.4,tidak sehat,0,0,94.6,SIAGA,diperkirakan besok tidak sehat; dan masih buruk lusa
Sebetung Paluk,village,KALIMANTAN BARAT,0.9,111.3,117.3,tidak sehat,2026-09-12,124.8,tidak sehat,2026-09-13,113.4,tidak sehat,0,0,101.0,SIAGA,diperkirakan besok tidak sehat; dan masih buruk lusa
Sungai Pisau,village,KALIMANTAN BARAT,0.9,111.0,117.3,tidak sehat,2026-09-12,124.8,tidak sehat,2026-09-13,113.4,tidak sehat,0,0,101.0,SIAGA,diperkirakan besok tidak sehat; dan masih buruk lusa
Bekuan Luyang,village,KALIMANTAN BARAT,0.9,111.0,117.3,tidak sehat,2026-09-12,124.8,tidak sehat,2026-09-13,113.4,tidak sehat,0,0,94.6,SIAGA,diperkirakan besok tidak sehat; dan masih buruk lusa
Muakan Petinggi,village,KALIMANTAN BARAT,0.9,111.0,117.3,tidak sehat,2026-09-12,124.8,tidak sehat,2026-09-13,113.4,tidak sehat,0,0,101.0,SIAGA,diperkirakan besok tidak sehat; dan masih buruk lusa
Neraci Jaya,village,KALIMANTAN BARAT,0.9,110.9,117.3,tidak sehat,2026-09-12,124.8,tidak sehat,2026-09-13,113.4,tidak sehat,0,0,101.0,SIAGA,diperkirakan besok tidak sehat; dan masih buruk lusa
Empunak Tapang Keladan,village,KALIMANTAN BARAT,0.8,111.0,117.3,tidak sehat,2026-09-12,124.8,tidak sehat,2026-09-13,113.4,tidak sehat,0,0,94.6,SIAGA,diperkirakan besok tidak sehat; dan masih buruk lusa
Ujung Kempas,village,KALIMANTAN BARAT,0.8,111.0,117.3,tidak sehat,2026-09-12,124.8,tidak sehat,2026-09-13,113.4,tidak sehat,0,0,94.6,SIAGA,diperkirakan besok tidak sehat; dan masih buruk lusa
Nanga Bugau,village,KALIMANTAN BARAT,0.8,111.1,117.3,tidak sehat,2026-09-12,124.8,tidak sehat,2026-09-13,113.4,tidak sehat,0,0,94.6,SIAGA,diperkirakan besok tidak sehat; dan masih buruk lusa
Mungguk Entawak,village,KALIMANTAN BARAT,0.7,111.2,117.3,tidak sehat,2026-09-12,124.8,tidak sehat,2026-09-13,113.4,tidak sehat,0,0,94.6,SIAGA,diperkirakan besok tidak sehat; dan masih buruk lusa
Embaleh,village,KALIMANTAN BARAT,0.7,111.3,117.3,tidak sehat,2026-09-12,124.8,tidak sehat,2026-09-13,113.4,tidak sehat,0,0,94.6,SIAGA,diperkirakan besok tidak sehat; dan masih buruk lusa
Seburuk Satu,village,KALIMANTAN BARAT,0.6,111.0,117.3,tidak sehat,2026-09-12,124.8,tidak sehat,2026-09-13,113.4,tidak sehat,0,0,94.6,SIAGA,diperkirakan besok tidak sehat; dan masih buruk lusa
Pasir Putih,village,KALIMANTAN BARAT,-0.3,109.2,112.8,tidak sehat,2026-09-12,92.2,tidak sehat,2026-09-13,88.0,tidak sehat,0,0,147.8,SIAGA,diperkirakan besok tidak sehat; dan masih buruk lusa
Sungai Nibung,village,KALIMANTAN BARAT,-0.5,109.1,112.8,tidak sehat,2026-09-12,92.2,tidak sehat,2026-09-13,88.0,tidak sehat,0,0,147.8,SIAGA,diperkirakan besok tidak sehat; dan masih buruk lusa
Teluk Gelam,village,KALIMANTAN BARAT,-0.4,109.2,112.8,tidak sehat,2026-09-12,92.2,tidak sehat,2026-09-13,88.0,tidak sehat,0,0,147.8,SIAGA,diperkirakan besok tidak sehat; dan masih buruk lusa
Bintang Mas,village,KALIMANTAN BARAT,-0.3,109.3,112.8,tidak sehat,2026-09-12,92.2,tidak sehat,2026-09-13,88.0,tidak sehat,0,0,147.8,SIAGA,diperkirakan besok tidak sehat; dan masih buruk lusa
Sungai Kakap,village,KALIMANTAN BARAT,-0.1,109.2,112.8,tidak sehat,2026-09-12,92.2,tidak sehat,2026-09-13,88.0,tidak sehat,0,0,147.8,SIAGA,diperkirakan besok tidak sehat; dan masih buruk lusa
Madura,village,KALIMANTAN BARAT,-0.3,109.2,112.8,tidak sehat,2026-09-12,92.2,tidak sehat,2026-09-13,88.0,tidak sehat,0,0,147.8,SIAGA,diperkirakan besok tidak sehat; dan masih buruk lusa
Seruat Tiga,village,KALIMANTAN BARAT,-0.4,109.2,112.8,tidak sehat,2026-09-12,92.2,tidak sehat,2026-09-13,88.0,tidak sehat,0,0,147.8,SIAGA,diperkirakan besok tidak sehat; dan masih buruk lusa
Sepuk Laut,village,KALIMANTAN BARAT,-0.2,109.1,112.8,tidak sehat,2026-09-12,92.2,tidak sehat,2026-09-13,88.0,tidak sehat,0,0,147.8,SIAGA,diperkirakan besok tidak sehat; dan masih buruk lusa
Arus Deras,village,KALIMANTAN BARAT,-0.3,109.2,112.8,tidak sehat,2026-09-12,92.2,tidak sehat,2026-09-13,88.0,tidak sehat,0,0,147.8,SIAGA,diperkirakan besok tidak sehat; dan masih buruk lusa
Selat Remis,village,KALIMANTAN BARAT,-0.3,109.1,112.8,tidak sehat,2026-09-12,92.2,tidak sehat,2026-09-13,88.0,tidak sehat,0,0,147.8,SIAGA,diperkirakan besok tidak sehat; dan masih buruk lusa
Teluk Pakedai Satu,village,KALIMANTAN BARAT,-0.3,109.1,112.8,tidak sehat,2026-09-12,92.2,tidak sehat,2026-09-13,88.0,tidak sehat,0,0,147.8,SIAGA,diperkirakan besok tidak sehat; dan masih buruk lusa
Tanjung Bunga,village,KALIMANTAN BARAT,-0.4,109.1,112.8,tidak sehat,2026-09-12,92.2,tidak sehat,2026-09-13,88.0,tidak sehat,0,0,147.8,SIAGA,diperkirakan besok tidak sehat; dan masih buruk lusa
Mengkalang,village,KALIMANTAN BARAT,-0.5,109.2,112.8,tidak sehat,2026-09-12,92.2,tidak sehat,2026-09-13,88.0,tidak sehat,0,0,147.8,SIAGA,diperkirakan besok tidak sehat; dan masih buruk lusa
Sepakat Baru,village,KALIMANTAN BARAT,-0.4,109.2,112.8,tidak sehat,2026-09-12,92.2,tidak sehat,2026-09-13,88.0,tidak sehat,0,0,147.8,SIAGA,diperkirakan besok tidak sehat; dan masih buruk lusa
Seruat,village,KALIMANTAN BARAT,-0.4,109.2,112.8,tidak sehat,2026-09-12,92.2,tidak sehat,2026-09-13,88.0,tidak sehat,0,0,147.8,SIAGA,diperkirakan besok tidak sehat; dan masih buruk lusa
Air Putih,village,KALIMANTAN BARAT,-0.4,109.3,112.8,tidak sehat,2026-09-12,92.2,tidak sehat,2026-09-13,88.0,tidak sehat,0,0,147.8,SIAGA,diperkirakan besok tidak sehat; dan masih buruk lusa
Sungai Itik,village,KALIMANTAN BARAT,-0.0,109.2,112.8,tidak sehat,2026-09-12,92.2,tidak sehat,2026-09-13,88.0,tidak sehat,0,0,147.8,SIAGA,diperkirakan besok tidak sehat; dan masih buruk lusa
Sungai Deras,village,KALIMANTAN BARAT,-0.2,109.2,112.8,tidak sehat,2026-09-12,92.2,tidak sehat,2026-09-13,88.0,tidak sehat,0,0,147.8,SIAGA,diperkirakan besok tidak sehat; dan masih buruk lusa
Seruat Dua,village,KALIMANTAN BARAT,-0.4,109.2,112.8,tidak sehat,2026-09-12,92.2,tidak sehat,2026-09-13,88.0,tidak sehat,0,0,147.8,SIAGA,diperkirakan besok tidak sehat; dan masih buruk lusa
Sungai Bemban,village,KALIMANTAN BARAT,-0.4,109.2,112.8,tidak sehat,2026-09-12,92.2,tidak sehat,2026-09-13,88.0,tidak sehat,0,0,147.8,SIAGA,diperkirakan besok tidak sehat; dan masih buruk lusa
Sungai Nipah,village,KALIMANTAN BARAT,-0.2,109.2,112.8,tidak sehat,2026-09-12,92.2,tidak sehat,2026-09-13,88.0,tidak sehat,0,0,147.8,SIAGA,diperkirakan besok tidak sehat; dan masih buruk lusa
Teluk Pakedai Hulu,village,KALIMANTAN BARAT,-0.3,109.2,112.8,tidak sehat,2026-09-12,92.2,tidak sehat,2026-09-13,88.0,tidak sehat,0,0,147.8,SIAGA,diperkirakan besok tidak sehat; dan masih buruk lusa
Punggur Besar,village,KALIMANTAN BARAT,-0.2,109.2,112.8,tidak sehat,2026-09-12,92.2,tidak sehat,2026-09-13,88.0,tidak sehat,0,0,147.8,SIAGA,diperkirakan besok tidak sehat; dan masih buruk lusa
Ambawang,village,KALIMANTAN BARAT,-0.4,109.3,112.8,tidak sehat,2026-09-12,92.2,tidak sehat,2026-09-13,88.0,tidak sehat,0,0,147.8,SIAGA,diperkirakan besok tidak sehat; dan masih buruk lusa
Teluk Pakedai Dua,village,KALIMANTAN BARAT,-0.3,109.2,112.8,tidak sehat,2026-09-12,92.2,tidak sehat,2026-09-13,88.0,tidak sehat,0,0,147.8,SIAGA,diperkirakan besok tidak sehat; dan masih buruk lusa
Kuala Karang,village,KALIMANTAN BARAT,-0.4,109.1,112.8,tidak sehat,2026-09-12,92.2,tidak sehat,2026-09-13,88.0,tidak sehat,0,0,147.8,SIAGA,diperkirakan besok tidak sehat; dan masih buruk lusa
Pematang Tujuh,village,KALIMANTAN BARAT,-0.2,109.3,112.8,tidak sehat,2026-09-12,92.2,tidak sehat,2026-09-13,88.0,tidak sehat,0,0,147.8,SIAGA,diperkirakan besok tidak sehat; dan masih buruk lusa
Sungai Selamat,village,KALIMANTAN BARAT,-0.4,109.2,112.8,tidak sehat,2026-09-12,92.2,tidak sehat,2026-09-13,88.0,tidak sehat,0,0,147.8,SIAGA,diperkirakan besok tidak sehat; dan masih buruk lusa
Mantaren II,village,KALIMANTAN TENGAH,-2.8,114.2,103.9,tidak sehat,2026-09-12,104.3,tidak sehat,2026-09-13,112.4,tidak sehat,0,0,12.3,SIAGA,diperkirakan besok tidak sehat; dan masih buruk lusa
Bungai Jaya,village,KALIMANTAN TENGAH,-2.9,114.3,103.9,tidak sehat,2026-09-12,104.3,tidak sehat,2026-09-13,112.4,tidak sehat,0,0,12.3,SIAGA,diperkirakan besok tidak sehat; dan masih buruk lusa
Hanjak Maju,village,KALIMANTAN TENGAH,-2.8,114.3,103.9,tidak sehat,2026-09-12,104.3,tidak sehat,2026-09-13,112.4,tidak sehat,0,0,12.3,SIAGA,diperkirakan besok tidak sehat; dan masih buruk lusa
Tarung Manuah,village,KALIMANTAN TENGAH,-2.9,114.3,103.9,tidak sehat,2026-09-12,104.3,tidak sehat,2026-09-13,112.4,tidak sehat,0,0,12.3,SIAGA,diperkirakan besok tidak sehat; dan masih buruk lusa
Wono Agung,village,KALIMANTAN TENGAH,-2.9,114.1,103.9,tidak sehat,2026-09-12,104.3,tidak sehat,2026-09-13,112.4,tidak sehat,0,0,12.3,SIAGA,diperkirakan besok tidak sehat; dan masih buruk lusa
Simpur,village,KALIMANTAN TENGAH,-2.6,114.2,103.9,tidak sehat,2026-09-12,104.3,tidak sehat,2026-09-13,112.4,tidak sehat,0,0,12.3,SIAGA,diperkirakan besok tidak sehat; dan masih buruk lusa
Sidodadi,village,KALIMANTAN TENGAH,-2.9,114.1,103.9,tidak sehat,2026-09-12,104.3,tidak sehat,2026-09-13,112.4,tidak sehat,0,0,54.3,SIAGA,diperkirakan besok tidak sehat; dan masih buruk lusa
Anjir Pulang Pisau,village,KALIMANTAN TENGAH,-2.8,114.3,103.9,tidak sehat,2026-09-12,104.3,tidak sehat,2026-09-13,112.4,tidak sehat,0,0,12.3,SIAGA,diperkirakan besok tidak sehat; dan masih buruk lusa
Mintin,village,KALIMANTAN TENGAH,-2.9,114.2,103.9,tidak sehat,2026-09-12,104.3,tidak sehat,2026-09-13,112.4,tidak sehat,0,0,12.3,SIAGA,diperkirakan besok tidak sehat; dan masih buruk lusa
Garung,village,KALIMANTAN TENGAH,-2.7,114.2,103.9,tidak sehat,2026-09-12,104.3,tidak sehat,2026-09-13,112.4,tidak sehat,0,0,12.3,SIAGA,diperkirakan besok tidak sehat; dan masih buruk lusa
Mantaren I,village,KALIMANTAN TENGAH,-2.8,114.2,103.9,tidak sehat,2026-09-12,104.3,tidak sehat,2026-09-13,112.4,tidak sehat,0,0,12.3,SIAGA,diperkirakan besok tidak sehat; dan masih buruk lusa
Anjir Kalampan,village,KALIMANTAN TENGAH,-2.8,114.3,103.9,tidak sehat,2026-09-12,104.3,tidak sehat,2026-09-13,112.4,tidak sehat,0,0,12.3,SIAGA,diperkirakan besok tidak sehat; dan masih buruk lusa
Kanamit,village,KALIMANTAN TENGAH,-2.9,114.2,103.9,tidak sehat,2026-09-12,104.3,tidak sehat,2026-09-13,112.4,tidak sehat,0,0,12.3,SIAGA,diperkirakan besok tidak sehat; dan masih buruk lusa
Gohong,village,KALIMANTAN TENGAH,-2.7,114.3,103.9,tidak sehat,2026-09-12,104.3,tidak sehat,2026-09-13,112.4,tidak sehat,0,0,12.3,SIAGA,diperkirakan besok tidak sehat; dan masih buruk lusa
Batu Nindan,village,KALIMANTAN TENGAH,-2.9,114.3,103.9,tidak sehat,2026-09-12,104.3,tidak sehat,2026-09-13,112.4,tidak sehat,0,0,12.3,SIAGA,diperkirakan besok tidak sehat; dan masih buruk lusa
Kanamit Barat,village,KALIMANTAN TENGAH,-2.9,114.1,103.9,tidak sehat,2026-09-12,104.3,tidak sehat,2026-09-13,112.4,tidak sehat,0,0,54.3,SIAGA,diperkirakan besok tidak sehat; dan masih buruk lusa
Sakakajang,village,KALIMANTAN TENGAH,-2.6,114.2,103.9,tidak sehat,2026-09-12,104.3,tidak sehat,2026-09-13,112.4,tidak sehat,0,0,12.3,SIAGA,diperkirakan besok tidak sehat; dan masih buruk lusa
Basarang Jaya,village,KALIMANTAN TENGAH,-2.9,114.3,103.9,tidak sehat,2026-09-12,104.3,tidak sehat,2026-09-13,112.4,tidak sehat,0,0,12.3,SIAGA,diperkirakan besok tidak sehat; dan masih buruk lusa
Kanamit Jaya,village,KALIMANTAN TENGAH,-2.9,114.2,103.9,tidak sehat,2026-09-12,104.3,tidak sehat,2026-09-13,112.4,tidak sehat,0,0,12.3,SIAGA,diperkirakan besok tidak sehat; dan masih buruk lusa
Garantung,village,KALIMANTAN TENGAH,-2.9,114.1,103.9,tidak sehat,2026-09-12,104.3,tidak sehat,2026-09-13,112.4,tidak sehat,0,0,12.3,SIAGA,diperkirakan besok tidak sehat; dan masih buruk lusa
Jabiren,village,KALIMANTAN TENGAH,-2.5,114.2,103.9,tidak sehat,2026-09-12,104.3,tidak sehat,2026-09-13,112.4,tidak sehat,0,0,12.3,SIAGA,diperkirakan besok tidak sehat; dan masih buruk lusa
Purwodadi,village,KALIMANTAN TENGAH,-2.9,114.2,103.9,tidak sehat,2026-09-12,104.3,tidak sehat,2026-09-13,112.4,tidak sehat,0,0,12.3,SIAGA,diperkirakan besok tidak sehat; dan masih buruk lusa
Henda,village,KALIMANTAN TENGAH,-2.6,114.2,103.9,tidak sehat,2026-09-12,104.3,tidak sehat,2026-09-13,112.4,tidak sehat,0,0,12.3,SIAGA,diperkirakan besok tidak sehat; dan masih buruk lusa
Panarung,village,KALIMANTAN TENGAH,-2.9,114.3,103.9,tidak sehat,2026-09-12,104.3,tidak sehat,2026-09-13,112.4,tidak sehat,0,0,12.3,SIAGA,diperkirakan besok tidak sehat; dan masih buruk lusa
Sei Baru Tewu,village,KALIMANTAN TENGAH,-2.9,114.2,103.9,tidak sehat,2026-09-12,104.3,tidak sehat,2026-09-13,112.4,tidak sehat,0,0,12.3,SIAGA,diperkirakan besok tidak sehat; dan masih buruk lusa
Buntoi,village,KALIMANTAN TENGAH,-2.8,114.2,103.9,tidak sehat,2026-09-12,104.3,tidak sehat,2026-09-13,112.4,tidak sehat,0,0,12.3,SIAGA,diperkirakan besok tidak sehat; dan masih buruk lusa
Batuah,village,KALIMANTAN TENGAH,-2.9,114.3,103.9,tidak sehat,2026-09-12,104.3,tidak sehat,2026-09-13,112.4,tidak sehat,0,0,12.3,SIAGA,diperkirakan besok tidak sehat; dan masih buruk lusa
Pilang,village,KALIMANTAN TENGAH,-2.5,114.2,103.9,tidak sehat,2026-09-12,104.3,tidak sehat,2026-09-13,112.4,tidak sehat,0,0,12.3,SIAGA,diperkirakan besok tidak sehat; dan masih buruk lusa
Pulang Pisau,town,KALIMANTAN TENGAH,-2.7,114.3,103.9,tidak sehat,2026-09-12,104.3,tidak sehat,2026-09-13,112.4,tidak sehat,0,0,12.3,SIAGA,diperkirakan besok tidak sehat; dan masih buruk lusa
Bereng,village,KALIMANTAN TENGAH,-2.7,114.3,103.9,tidak sehat,2026-09-12,104.3,tidak sehat,2026-09-13,112.4,tidak sehat,0,0,12.3,SIAGA,diperkirakan besok tidak sehat; dan masih buruk lusa
Kalawa,village,KALIMANTAN TENGAH,-2.7,114.3,103.9,tidak sehat,2026-09-12,104.3,tidak sehat,2026-09-13,112.4,tidak sehat,0,0,12.3,SIAGA,diperkirakan besok tidak sehat; dan masih buruk lusa
Tumbang Pangkoh,hamlet,KALIMANTAN TENGAH,-2.9,113.9,103.9,tidak sehat,2026-09-12,104.3,tidak sehat,2026-09-13,112.4,tidak sehat,0,0,54.3,SIAGA,diperkirakan besok tidak sehat; dan masih buruk lusa
Swadaya,village,KALIMANTAN BARAT,0.7,111.5,101.0,tidak sehat,2026-09-12,118.6,tidak sehat,2026-09-13,110.8,tidak sehat,0,0,87.4,SIAGA,diperkirakan besok tidak sehat; dan masih buruk lusa
Laja Sandang,village,KALIMANTAN BARAT,0.9,111.7,101.0,tidak sehat,2026-09-12,118.6,tidak sehat,2026-09-13,110.8,tidak sehat,0,0,85.0,SIAGA,diperkirakan besok tidak sehat; dan masih buruk lusa
Kantuk Bunut,village,KALIMANTAN BARAT,0.9,111.7,101.0,tidak sehat,2026-09-12,118.6,tidak sehat,2026-09-13,110.8,tidak sehat,0,0,85.0,SIAGA,diperkirakan besok tidak sehat; dan masih buruk lusa
Wana Bakti,village,KALIMANTAN BARAT,0.8,111.5,101.0,tidak sehat,2026-09-12,118.6,tidak sehat,2026-09-13,110.8,tidak sehat,0,0,87.4,SIAGA,diperkirakan besok tidak sehat; dan masih buruk lusa
Sungai Mali,village,KALIMANTAN BARAT,0.6,111.6,101.0,tidak sehat,2026-09-12,118.6,tidak sehat,2026-09-13,110.8,tidak sehat,0,0,87.4,SIAGA,diperkirakan besok tidak sehat; dan masih buruk lusa
Sungai Mawang,village,KALIMANTAN BARAT,1.0,111.8,101.0,tidak sehat,2026-09-12,118.6,tidak sehat,2026-09-13,110.8,tidak sehat,0,0,85.0,SIAGA,diperkirakan besok tidak sehat; dan masih buruk lusa
Kenepai Komplek,village,KALIMANTAN BARAT,0.7,111.8,101.0,tidak sehat,2026-09-12,118.6,tidak sehat,2026-09-13,110.8,tidak sehat,0,0,87.4,SIAGA,diperkirakan besok tidak sehat; dan masih buruk lusa
Keling Panggau,village,KALIMANTAN BARAT,0.8,111.8,101.0,tidak sehat,2026-09-12,118.6,tidak sehat,2026-09-13,110.8,tidak sehat,0,0,85.0,SIAGA,diperkirakan besok tidak sehat; dan masih buruk lusa
Tanjung Sari,village,KALIMANTAN BARAT,0.7,111.6,101.0,tidak sehat,2026-09-12,118.6,tidak sehat,2026-09-13,110.8,tidak sehat,0,0,87.4,SIAGA,diperkirakan besok tidak sehat; dan masih buruk lusa
Nanga Kantuk,village,KALIMANTAN BARAT,0.8,111.7,101.0,tidak sehat,2026-09-12,118.6,tidak sehat,2026-09-13,110.8,tidak sehat,0,0,85.0,SIAGA,diperkirakan besok tidak sehat; dan masih buruk lusa
Gut Jaya Bhakti,village,KALIMANTAN BARAT,0.9,111.4,101.0,tidak sehat,2026-09-12,118.6,tidak sehat,2026-09-13,110.8,tidak sehat,0,0,101.0,SIAGA,diperkirakan besok tidak sehat; dan masih buruk lusa
Argo Mulyo,village,KALIMANTAN BARAT,0.6,111.4,101.0,tidak sehat,2026-09-12,118.6,tidak sehat,2026-09-13,110.8,tidak sehat,0,0,87.4,SIAGA,diperkirakan besok tidak sehat; dan masih buruk lusa
Bajau Andai,village,KALIMANTAN BARAT,0.8,111.8,101.0,tidak sehat,2026-09-12,118.6,tidak sehat,2026-09-13,110.8,tidak sehat,0,0,85.0,SIAGA,diperkirakan besok tidak sehat; dan masih buruk lusa
Kumang Jaya,village,KALIMANTAN BARAT,0.9,111.8,101.0,tidak sehat,2026-09-12,118.6,tidak sehat,2026-09-13,110.8,tidak sehat,0,0,85.0,SIAGA,diperkirakan besok tidak sehat; dan masih buruk lusa
Senibung,village,KALIMANTAN BARAT,0.6,111.5,101.0,tidak sehat,2026-09-12,118.6,tidak sehat,2026-09-13,110.8,tidak sehat,0,0,87.4,SIAGA,diperkirakan besok tidak sehat; dan masih buruk lusa
Tirta Karya,village,KALIMANTAN BARAT,0.7,111.6,101.0,tidak sehat,2026-09-12,118.6,tidak sehat,2026-09-13,110.8,tidak sehat,0,0,87.4,SIAGA,diperkirakan besok tidak sehat; dan masih buruk lusa
Air Nyuruk,village,KALIMANTAN BARAT,0.6,111.6,101.0,tidak sehat,2026-09-12,118.6,tidak sehat,2026-09-13,110.8,tidak sehat,0,0,87.4,SIAGA,diperkirakan besok tidak sehat; dan masih buruk lusa
Wirayuda,village,KALIMANTAN BARAT,0.7,111.5,101.0,tidak sehat,2026-09-12,118.6,tidak sehat,2026-09-13,110.8,tidak sehat,0,0,87.4,SIAGA,diperkirakan besok tidak sehat; dan masih buruk lusa
Tintin Peninjau,village,KALIMANTAN BARAT,0.9,111.8,101.0,tidak sehat,2026-09-12,118.6,tidak sehat,2026-09-13,110.8,tidak sehat,0,0,85.0,SIAGA,diperkirakan besok tidak sehat; dan masih buruk lusa
Entipan,village,KALIMANTAN BARAT,0.7,111.8,101.0,tidak sehat,2026-09-12,118.6,tidak sehat,2026-09-13,110.8,tidak sehat,0,0,85.0,SIAGA,diperkirakan besok tidak sehat; dan masih buruk lusa
Panding Jaya,village,KALIMANTAN BARAT,0.7,111.6,101.0,tidak sehat,2026-09-12,118.6,tidak sehat,2026-09-13,110.8,tidak sehat,0,0,87.4,SIAGA,diperkirakan besok tidak sehat; dan masih buruk lusa
Batu Lintang,town,KALIMANTAN BARAT,1.0,111.6,101.0,tidak sehat,2026-09-12,118.6,tidak sehat,2026-09-13,110.8,tidak sehat,0,0,85.0,SIAGA,diperkirakan besok tidak sehat; dan masih buruk lusa
Sekedau,village,KALIMANTAN BARAT,0.6,111.8,101.0,tidak sehat,2026-09-12,118.6,tidak sehat,2026-09-13,110.8,tidak sehat,0,0,87.4,SIAGA,diperkirakan besok tidak sehat; dan masih buruk lusa
Tua' Abang,village,KALIMANTAN BARAT,0.6,111.8,101.0,tidak sehat,2026-09-12,118.6,tidak sehat,2026-09-13,110.8,tidak sehat,0,0,87.4,SIAGA,diperkirakan besok tidak sehat; dan masih buruk lusa
Padung Kumang,village,KALIMANTAN BARAT,0.7,111.8,101.0,tidak sehat,2026-09-12,118.6,tidak sehat,2026-09-13,110.8,tidak sehat,0,0,87.4,SIAGA,diperkirakan besok tidak sehat; dan masih buruk lusa
Bukit Sidin Permai,village,KALIMANTAN BARAT,0.6,111.6,101.0,tidak sehat,2026-09-12,118.6,tidak sehat,2026-09-13,110.8,tidak sehat,0,0,87.4,SIAGA,diperkirakan besok tidak sehat; dan masih buruk lusa
Kubu Berangan,village,KALIMANTAN BARAT,0.8,111.4,101.0,tidak sehat,2026-09-12,118.6,tidak sehat,2026-09-13,110.8,tidak sehat,0,0,94.6,SIAGA,diperkirakan besok tidak sehat; dan masih buruk lusa
Lubuk Kedang,hamlet,KALIMANTAN BARAT,0.9,111.4,101.0,tidak sehat,2026-09-12,118.6,tidak sehat,2026-09-13,110.8,tidak sehat,0,0,101.0,SIAGA,diperkirakan besok tidak sehat; dan masih buruk lusa
Nanga Kelapan,village,KALIMANTAN BARAT,0.9,111.4,101.0,tidak sehat,2026-09-12,118.6,tidak sehat,2026-09-13,110.8,tidak sehat,0,0,101.0,SIAGA,diperkirakan besok tidak sehat; dan masih buruk lusa
Mungguk Gelombang,village,KALIMANTAN BARAT,0.9,111.5,101.0,tidak sehat,2026-09-12,118.6,tidak sehat,2026-09-13,110.8,tidak sehat,0,0,87.4,SIAGA,diperkirakan besok tidak sehat; dan masih buruk lusa
Sebara,hamlet,KALIMANTAN BARAT,0.8,111.5,101.0,tidak sehat,2026-09-12,118.6,tidak sehat,2026-09-13,110.8,tidak sehat,0,0,87.4,SIAGA,diperkirakan besok tidak sehat; dan masih buruk lusa
Binda Engkirap,hamlet,KALIMANTAN BARAT,0.8,111.6,101.0,tidak sehat,2026-09-12,118.6,tidak sehat,2026-09-13,110.8,tidak sehat,0,0,85.0,SIAGA,diperkirakan besok tidak sehat; dan masih buruk lusa
Kayu Dujung,village,KALIMANTAN BARAT,0.8,111.7,101.0,tidak sehat,2026-09-12,118.6,tidak sehat,2026-09-13,110.8,tidak sehat,0,0,85.0,SIAGA,diperkirakan besok tidak sehat; dan masih buruk lusa
Landau Temiang,village,KALIMANTAN BARAT,0.7,111.6,101.0,tidak sehat,2026-09-12,118.6,tidak sehat,2026-09-13,110.8,tidak sehat,0,0,87.4,SIAGA,diperkirakan besok tidak sehat; dan masih buruk lusa
Padung Kumang,village,KALIMANTAN BARAT,0.7,111.7,101.0,tidak sehat,2026-09-12,118.6,tidak sehat,2026-09-13,110.8,tidak sehat,0,0,87.4,SIAGA,diperkirakan besok tidak sehat; dan masih buruk lusa
Radin Jaya,village,KALIMANTAN BARAT,0.8,111.6,101.0,tidak sehat,2026-09-12,118.6,tidak sehat,2026-09-13,110.8,tidak sehat,0,0,87.4,SIAGA,diperkirakan besok tidak sehat; dan masih buruk lusa
Senangan Jaya,village,KALIMANTAN BARAT,0.7,111.5,101.0,tidak sehat,2026-09-12,118.6,tidak sehat,2026-09-13,110.8,tidak sehat,0,0,87.4,SIAGA,diperkirakan besok tidak sehat; dan masih buruk lusa
Senangan Kecil,village,KALIMANTAN BARAT,0.7,111.5,101.0,tidak sehat,2026-09-12,118.6,tidak sehat,2026-09-13,110.8,tidak sehat,0,0,87.4,SIAGA,diperkirakan besok tidak sehat; dan masih buruk lusa
Mungguk Lawang,village,KALIMANTAN BARAT,0.7,111.7,101.0,tidak sehat,2026-09-12,118.6,tidak sehat,2026-09-13,110.8,tidak sehat,0,0,87.4,SIAGA,diperkirakan besok tidak sehat; dan masih buruk lusa
Nanga Merakai,hamlet,KALIMANTAN BARAT,0.7,111.5,101.0,tidak sehat,2026-09-12,118.6,tidak sehat,2026-09-13,110.8,tidak sehat,0,0,87.4,SIAGA,diperkirakan besok tidak sehat; dan masih buruk lusa
Engkitan,village,KALIMANTAN BARAT,0.6,111.4,101.0,tidak sehat,2026-09-12,118.6,tidak sehat,2026-09-13,110.8,tidak sehat,0,0,94.6,SIAGA,diperkirakan besok tidak sehat; dan masih buruk lusa
Kantuk Asam,village,KALIMANTAN BARAT,1.0,111.8,101.0,tidak sehat,2026-09-12,118.6,tidak sehat,2026-09-13,110.8,tidak sehat,0,0,85.0,SIAGA,diperkirakan besok tidak sehat; dan masih buruk lusa
Merakai Panjang,village,KALIMANTAN BARAT,1.0,111.7,101.0,tidak sehat,2026-09-12,118.6,tidak sehat,2026-09-13,110.8,tidak sehat,0,0,85.0,SIAGA,diperkirakan besok tidak sehat; dan masih buruk lusa
Langau,village,KALIMANTAN BARAT,0.9,111.6,101.0,tidak sehat,2026-09-12,118.6,tidak sehat,2026-09-13,110.8,tidak sehat,0,0,85.0,SIAGA,diperkirakan besok tidak sehat; dan masih buruk lusa
Sungai Antu,village,KALIMANTAN BARAT,1.0,111.6,101.0,tidak sehat,2026-09-12,118.6,tidak sehat,2026-09-13,110.8,tidak sehat,0,0,85.0,SIAGA,diperkirakan besok tidak sehat; dan masih buruk lusa
Sungai Tandok,village,KALIMANTAN BARAT,1.0,111.5,101.0,tidak sehat,2026-09-12,118.6,tidak sehat,2026-09-13,110.8,tidak sehat,0,0,85.0,SIAGA,diperkirakan besok tidak sehat; dan masih buruk lusa
Munggu Demam,village,KALIMANTAN BARAT,1.0,111.5,101.0,tidak sehat,2026-09-12,118.6,tidak sehat,2026-09-13,110.8,tidak sehat,0,0,85.0,SIAGA,diperkirakan besok tidak sehat; dan masih buruk lusa
Purai,village,KALIMANTAN BARAT,1.0,111.6,101.0,tidak sehat,2026-09-12,118.6,tidak sehat,2026-09-13,110.8,tidak sehat,0,0,85.0,SIAGA,diperkirakan besok tidak sehat; dan masih buruk lusa
Entebar,village,KALIMANTAN BARAT,1.0,111.6,101.0,tidak sehat,2026-09-12,118.6,tidak sehat,2026-09-13,110.8,tidak sehat,0,0,85.0,SIAGA,diperkirakan besok tidak sehat; dan masih buruk lusa
Rampu Wie,village,KALIMANTAN BARAT,1.0,111.6,101.0,tidak sehat,2026-09-12,118.6,tidak sehat,2026-09-13,110.8,tidak sehat,0,0,85.0,SIAGA,diperkirakan besok tidak sehat; dan masih buruk lusa
Sungai Labi,village,KALIMANTAN BARAT,1.0,111.6,101.0,tidak sehat,2026-09-12,118.6,tidak sehat,2026-09-13,110.8,tidak sehat,0,0,85.0,SIAGA,diperkirakan besok tidak sehat; dan masih buruk lusa
Munggu Ruan,village,KALIMANTAN BARAT,1.0,111.6,101.0,tidak sehat,2026-09-12,118.6,tidak sehat,2026-09-13,110.8,tidak sehat,0,0,85.0,SIAGA,diperkirakan besok tidak sehat; dan masih buruk lusa
Sungai Reboh,village,KALIMANTAN BARAT,1.0,111.6,101.0,tidak sehat,2026-09-12,118.6,tidak sehat,2026-09-13,110.8,tidak sehat,0,0,85.0,SIAGA,diperkirakan besok tidak sehat; dan masih buruk lusa
Ijok,village,KALIMANTAN BARAT,1.0,111.6,101.0,tidak sehat,2026-09-12,118.6,tidak sehat,2026-09-13,110.8,tidak sehat,0,0,85.0,SIAGA,diperkirakan besok tidak sehat; dan masih buruk lusa
Temiang,village,KALIMANTAN BARAT,1.0,111.6,101.0,tidak sehat,2026-09-12,118.6,tidak sehat,2026-09-13,110.8,tidak sehat,0,0,85.0,SIAGA,diperkirakan besok tidak sehat; dan masih buruk lusa
Temiang Lama,village,KALIMANTAN BARAT,1.0,111.6,101.0,tidak sehat,2026-09-12,118.6,tidak sehat,2026-09-13,110.8,tidak sehat,0,0,85.0,SIAGA,diperkirakan besok tidak sehat; dan masih buruk lusa
Titingkah,village,KALIMANTAN BARAT,1.0,111.5,101.0,tidak sehat,2026-09-12,118.6,tidak sehat,2026-09-13,110.8,tidak sehat,0,0,85.0,SIAGA,diperkirakan besok tidak sehat; dan masih buruk lusa
Tanjung Lalau,village,KALIMANTAN BARAT,-0.2,112.2,100.7,tidak sehat,2026-09-12,118.1,tidak sehat,2026-09-13,110.0,tidak sehat,0,0,67.5,SIAGA,diperkirakan besok tidak sehat; dan masih buruk lusa
Nanga Ella Hilir,village,KALIMANTAN BARAT,-0.4,112.0,100.7,tidak sehat,2026-09-12,118.1,tidak sehat,2026-09-13,110.0,tidak sehat,0,0,67.5,SIAGA,diperkirakan besok tidak sehat; dan masih buruk lusa
Nanga Ella Hulu,village,KALIMANTAN BARAT,-0.4,112.2,100.7,tidak sehat,2026-09-12,118.1,tidak sehat,2026-09-13,110.0,tidak sehat,0,0,67.5,SIAGA,diperkirakan besok tidak sehat; dan masih buruk lusa
Pelaik,village,KALIMANTAN BARAT,0.0,111.9,100.7,tidak sehat,2026-09-12,118.1,tidak sehat,2026-09-13,110.0,tidak sehat,0,0,100.7,SIAGA,diperkirakan besok tidak sehat; dan masih buruk lusa
Engkurai,village,KALIMANTAN BARAT,-0.3,112.0,100.7,tidak sehat,2026-09-12,118.1,tidak sehat,2026-09-13,110.0,tidak sehat,0,0,67.5,SIAGA,diperkirakan besok tidak sehat; dan masih buruk lusa
Riam Panjang,village,KALIMANTAN BARAT,0.0,112.2,100.7,tidak sehat,2026-09-12,118.1,tidak sehat,2026-09-13,110.0,tidak sehat,0,0,66.8,SIAGA,diperkirakan besok tidak sehat; dan masih buruk lusa
Nyangkom,village,KALIMANTAN BARAT,-0.0,111.9,100.7,tidak sehat,2026-09-12,118.1,tidak sehat,2026-09-13,110.0,tidak sehat,0,0,100.7,SIAGA,diperkirakan besok tidak sehat; dan masih buruk lusa
Nanga Man,village,KALIMANTAN BARAT,-0.3,111.9,100.7,tidak sehat,2026-09-12,118.1,tidak sehat,2026-09-13,110.0,tidak sehat,0,0,77.5,SIAGA,diperkirakan besok tidak sehat; dan masih buruk lusa
Nanga Toran,village,KALIMANTAN BARAT,-0.0,112.1,100.7,tidak sehat,2026-09-12,118.1,tidak sehat,2026-09-13,110.0,tidak sehat,0,0,66.8,SIAGA,diperkirakan besok tidak sehat; dan masih buruk lusa
Tertung Mau,village,KALIMANTAN BARAT,-0.0,112.0,100.7,tidak sehat,2026-09-12,118.1,tidak sehat,2026-09-13,110.0,tidak sehat,0,0,66.8,SIAGA,diperkirakan besok tidak sehat; dan masih buruk lusa
Nanga Payak,village,KALIMANTAN BARAT,-0.1,112.0,100.7,tidak sehat,2026-09-12,118.1,tidak sehat,2026-09-13,110.0,tidak sehat,0,0,67.5,SIAGA,diperkirakan besok tidak sehat; dan masih buruk lusa
Nanga Tebidah,village,KALIMANTAN BARAT,-0.1,112.1,100.7,tidak sehat,2026-09-12,118.1,tidak sehat,2026-09-13,110.0,tidak sehat,0,0,67.5,SIAGA,diperkirakan besok tidak sehat; dan masih buruk lusa
Nanga Nuak,village,KALIMANTAN BARAT,-0.4,112.1,100.7,tidak sehat,2026-09-12,118.1,tidak sehat,2026-09-13,110.0,tidak sehat,0,0,67.5,SIAGA,diperkirakan besok tidak sehat; dan masih buruk lusa
Sungai Pinang,village,KALIMANTAN BARAT,-0.3,112.0,100.7,tidak sehat,2026-09-12,118.1,tidak sehat,2026-09-13,110.0,tidak sehat,0,0,67.5,SIAGA,diperkirakan besok tidak sehat; dan masih buruk lusa
Nanga Ungai,village,KALIMANTAN BARAT,-0.1,112.1,100.7,tidak sehat,2026-09-12,118.1,tidak sehat,2026-09-13,110.0,tidak sehat,0,0,67.5,SIAGA,diperkirakan besok tidak sehat; dan masih buruk lusa
Jambu,village,KALIMANTAN BARAT,-0.2,112.0,100.7,tidak sehat,2026-09-12,118.1,tidak sehat,2026-09-13,110.0,tidak sehat,0,0,67.5,SIAGA,diperkirakan besok tidak sehat; dan masih buruk lusa
Nanga Tonggoi,village,KALIMANTAN BARAT,-0.2,112.1,100.7,tidak sehat,2026-09-12,118.1,tidak sehat,2026-09-13,110.0,tidak sehat,0,0,67.5,SIAGA,diperkirakan besok tidak sehat; dan masih buruk lusa
Nanga Mau,village,KALIMANTAN BARAT,-0.1,111.9,100.7,tidak sehat,2026-09-12,118.1,tidak sehat,2026-09-13,110.0,tidak sehat,0,0,77.5,SIAGA,diperkirakan besok tidak sehat; dan masih buruk lusa
Nanga Siyai,village,KALIMANTAN BARAT,-0.4,112.2,100.7,tidak sehat,2026-09-12,118.1,tidak sehat,2026-09-13,110.0,tidak sehat,0,0,67.5,SIAGA,diperkirakan besok tidak sehat; dan masih buruk lusa
Nanga Tikan,village,KALIMANTAN BARAT,-0.0,111.9,100.7,tidak sehat,2026-09-12,118.1,tidak sehat,2026-09-13,110.0,tidak sehat,0,0,100.7,SIAGA,diperkirakan besok tidak sehat; dan masih buruk lusa
Entogong,village,KALIMANTAN BARAT,-0.1,112.1,100.7,tidak sehat,2026-09-12,118.1,tidak sehat,2026-09-13,110.0,tidak sehat,0,0,67.5,SIAGA,diperkirakan besok tidak sehat; dan masih buruk lusa
Lengkong Nyadom,village,KALIMANTAN BARAT,-0.4,112.0,100.7,tidak sehat,2026-09-12,118.1,tidak sehat,2026-09-13,110.0,tidak sehat,0,0,67.5,SIAGA,diperkirakan besok tidak sehat; dan masih buruk lusa
Tanjung Bunga,village,KALIMANTAN BARAT,-0.1,112.1,100.7,tidak sehat,2026-09-12,118.1,tidak sehat,2026-09-13,110.0,tidak sehat,0,0,67.5,SIAGA,diperkirakan besok tidak sehat; dan masih buruk lusa
Tanjung Beringin,village,KALIMANTAN BARAT,-0.3,112.1,100.7,tidak sehat,2026-09-12,118.1,tidak sehat,2026-09-13,110.0,tidak sehat,0,0,67.5,SIAGA,diperkirakan besok tidak sehat; dan masih buruk lusa
Tuguk,village,KALIMANTAN BARAT,-0.1,111.9,100.7,tidak sehat,2026-09-12,118.1,tidak sehat,2026-09-13,110.0,tidak sehat,0,0,100.7,SIAGA,diperkirakan besok tidak sehat; dan masih buruk lusa
Pakak,village,KALIMANTAN BARAT,0.0,112.0,100.7,tidak sehat,2026-09-12,118.1,tidak sehat,2026-09-13,110.0,tidak sehat,0,0,66.8,SIAGA,diperkirakan besok tidak sehat; dan masih buruk lusa
Nusa Pandau,village,KALIMANTAN BARAT,-0.4,112.0,100.7,tidak sehat,2026-09-12,118.1,tidak sehat,2026-09-13,110.0,tidak sehat,0,0,67.5,SIAGA,diperkirakan besok tidak sehat; dan masih buruk lusa
Tebing Karangan,village,KALIMANTAN BARAT,-0.3,111.9,100.7,tidak sehat,2026-09-12,118.1,tidak sehat,2026-09-13,110.0,tidak sehat,0,0,77.5,SIAGA,diperkirakan besok tidak sehat; dan masih buruk lusa
Natai Mulan,hamlet,KALIMANTAN BARAT,-0.2,111.9,100.7,tidak sehat,2026-09-12,118.1,tidak sehat,2026-09-13,110.0,tidak sehat,0,0,77.5,SIAGA,diperkirakan besok tidak sehat; dan masih buruk lusa
Natai Panjang,village,KALIMANTAN BARAT,-0.2,111.9,100.7,tidak sehat,2026-09-12,118.1,tidak sehat,2026-09-13,110.0,tidak sehat,0,0,77.5,SIAGA,diperkirakan besok tidak sehat; dan masih buruk lusa
Manding,village,KALIMANTAN BARAT,-0.2,111.9,100.7,tidak sehat,2026-09-12,118.1,tidak sehat,2026-09-13,110.0,tidak sehat,0,0,77.5,SIAGA,diperkirakan besok tidak sehat; dan masih buruk lusa
Merah Arai,village,KALIMANTAN BARAT,-0.3,111.9,100.7,tidak sehat,2026-09-12,118.1,tidak sehat,2026-09-13,110.0,tidak sehat,0,0,77.5,SIAGA,diperkirakan besok tidak sehat; dan masih buruk lusa
Merpak,village,KALIMANTAN BARAT,-0.3,112.0,100.7,tidak sehat,2026-09-12,118.1,tidak sehat,2026-09-13,110.0,tidak sehat,0,0,67.5,SIAGA,diperkirakan besok tidak sehat; dan masih buruk lusa
Kempas Raya,village,KALIMANTAN BARAT,0.0,112.0,100.7,tidak sehat,2026-09-12,118.1,tidak sehat,2026-09-13,110.0,tidak sehat,0,0,66.8,SIAGA,diperkirakan besok tidak sehat; dan masih buruk lusa
Karya Baru,village,KALIMANTAN BARAT,-0.0,112.0,100.7,tidak sehat,2026-09-12,118.1,tidak sehat,2026-09-13,110.0,tidak sehat,0,0,66.8,SIAGA,diperkirakan besok tidak sehat; dan masih buruk lusa
Jaya Sakti,village,KALIMANTAN BARAT,-0.1,112.0,100.7,tidak sehat,2026-09-12,118.1,tidak sehat,2026-09-13,110.0,tidak sehat,0,0,66.8,SIAGA,diperkirakan besok tidak sehat; dan masih buruk lusa
Sungai Emang,village,KALIMANTAN BARAT,-0.0,112.0,100.7,tidak sehat,2026-09-12,118.1,tidak sehat,2026-09-13,110.0,tidak sehat,0,0,66.8,SIAGA,diperkirakan besok tidak sehat; dan masih buruk lusa
Tertung Mau,village,KALIMANTAN BARAT,-0.0,112.0,100.7,tidak sehat,2026-09-12,118.1,tidak sehat,2026-09-13,110.0,tidak sehat,0,0,66.8,SIAGA,diperkirakan besok tidak sehat; dan masih buruk lusa
Tanjung Putar,village,KALIMANTAN BARAT,0.0,111.9,100.7,tidak sehat,2026-09-12,118.1,tidak sehat,2026-09-13,110.0,tidak sehat,0,0,100.7,SIAGA,diperkirakan besok tidak sehat; dan masih buruk lusa
Buluk Jegara,village,KALIMANTAN BARAT,0.0,111.9,100.7,tidak sehat,2026-09-12,118.1,tidak sehat,2026-09-13,110.0,tidak sehat,0,0,100.7,SIAGA,diperkirakan besok tidak sehat; dan masih buruk lusa
Mekar Mandiri,village,KALIMANTAN BARAT,-0.1,111.9,100.7,tidak sehat,2026-09-12,118.1,tidak sehat,2026-09-13,110.0,tidak sehat,0,0,77.5,SIAGA,diperkirakan besok tidak sehat; dan masih buruk lusa
Engkerangan,village,KALIMANTAN BARAT,-0.1,111.9,100.7,tidak sehat,2026-09-12,118.1,tidak sehat,2026-09-13,110.0,tidak sehat,0,0,77.5,SIAGA,diperkirakan besok tidak sehat; dan masih buruk lusa
Monbai Begununk,village,KALIMANTAN BARAT,-0.1,111.9,100.7,tidak sehat,2026-09-12,118.1,tidak sehat,2026-09-13,110.0,tidak sehat,0,0,77.5,SIAGA,diperkirakan besok tidak sehat; dan masih buruk lusa
Pelinggang,village,KALIMANTAN BARAT,-0.4,111.9,100.7,tidak sehat,2026-09-12,118.1,tidak sehat,2026-09-13,110.0,tidak sehat,0,0,77.5,SIAGA,diperkirakan besok tidak sehat; dan masih buruk lusa
Kebarau,village,KALIMANTAN BARAT,-0.1,112.1,100.7,tidak sehat,2026-09-12,118.1,tidak sehat,2026-09-13,110.0,tidak sehat,0,0,67.5,SIAGA,diperkirakan besok tidak sehat; dan masih buruk lusa
Mapan Jaya,village,KALIMANTAN BARAT,-0.2,112.0,100.7,tidak sehat,2026-09-12,118.1,tidak sehat,2026-09-13,110.0,tidak sehat,0,0,67.5,SIAGA,diperkirakan besok tidak sehat; dan masih buruk lusa
Tonak Goneh,village,KALIMANTAN BARAT,-0.2,112.1,100.7,tidak sehat,2026-09-12,118.1,tidak sehat,2026-09-13,110.0,tidak sehat,0,0,67.5,SIAGA,diperkirakan besok tidak sehat; dan masih buruk lusa
Nangkak Lestari,village,KALIMANTAN BARAT,-0.1,112.2,100.7,tidak sehat,2026-09-12,118.1,tidak sehat,2026-09-13,110.0,tidak sehat,0,0,66.8,SIAGA,diperkirakan besok tidak sehat; dan masih buruk lusa
Nanga Oran,village,KALIMANTAN BARAT,-0.1,112.2,100.7,tidak sehat,2026-09-12,118.1,tidak sehat,2026-09-13,110.0,tidak sehat,0,0,67.5,SIAGA,diperkirakan besok tidak sehat; dan masih buruk lusa
Landau Bara,village,KALIMANTAN BARAT,-0.1,112.1,100.7,tidak sehat,2026-09-12,118.1,tidak sehat,2026-09-13,110.0,tidak sehat,0,0,67.5,SIAGA,diperkirakan besok tidak sehat; dan masih buruk lusa
Merahau Permai,village,KALIMANTAN BARAT,-0.1,112.0,100.7,tidak sehat,2026-09-12,118.1,tidak sehat,2026-09-13,110.0,tidak sehat,0,0,67.5,SIAGA,diperkirakan besok tidak sehat; dan masih buruk lusa
Emponyang,village,KALIMANTAN BARAT,-0.1,112.0,100.7,tidak sehat,2026-09-12,118.1,tidak sehat,2026-09-13,110.0,tidak sehat,0,0,67.5,SIAGA,diperkirakan besok tidak sehat; dan masih buruk lusa
Empakan,village,KALIMANTAN BARAT,-0.2,112.1,100.7,tidak sehat,2026-09-12,118.1,tidak sehat,2026-09-13,110.0,tidak sehat,0,0,67.5,SIAGA,diperkirakan besok tidak sehat; dan masih buruk lusa
Topan Nanga,village,KALIMANTAN BARAT,-0.2,112.1,100.7,tidak sehat,2026-09-12,118.1,tidak sehat,2026-09-13,110.0,tidak sehat,0,0,67.5,SIAGA,diperkirakan besok tidak sehat; dan masih buruk lusa
Dusun,hamlet,KALIMANTAN BARAT,-0.3,112.2,100.7,tidak sehat,2026-09-12,118.1,tidak sehat,2026-09-13,110.0,tidak sehat,0,0,67.5,SIAGA,diperkirakan besok tidak sehat; dan masih buruk lusa
Dusun,hamlet,KALIMANTAN BARAT,-0.4,112.2,100.7,tidak sehat,2026-09-12,118.1,tidak sehat,2026-09-13,110.0,tidak sehat,0,0,67.5,SIAGA,diperkirakan besok tidak sehat; dan masih buruk lusa
Nanga Keruap,village,KALIMANTAN BARAT,-0.4,112.1,100.7,tidak sehat,2026-09-12,118.1,tidak sehat,2026-09-13,110.0,tidak sehat,0,0,67.5,SIAGA,diperkirakan besok tidak sehat; dan masih buruk lusa
Pelaik Keruap,village,KALIMANTAN BARAT,-0.3,112.2,100.7,tidak sehat,2026-09-12,118.1,tidak sehat,2026-09-13,110.0,tidak sehat,0,0,67.5,SIAGA,diperkirakan besok tidak sehat; dan masih buruk lusa
Batu Badak,village,KALIMANTAN BARAT,-0.4,112.2,100.7,tidak sehat,2026-09-12,118.1,tidak sehat,2026-09-13,110.0,tidak sehat,0,0,67.5,SIAGA,diperkirakan besok tidak sehat; dan masih buruk lusa
Senggalang,hamlet,KALIMANTAN BARAT,-0.4,112.0,100.7,tidak sehat,2026-09-12,118.1,tidak sehat,2026-09-13,110.0,tidak sehat,0,0,67.5,SIAGA,diperkirakan besok tidak sehat; dan masih buruk lusa
Nanga Nawak,hamlet,KALIMANTAN BARAT,-0.4,112.0,100.7,tidak sehat,2026-09-12,118.1,tidak sehat,2026-09-13,110.0,tidak sehat,0,0,67.5,SIAGA,diperkirakan besok tidak sehat; dan masih buruk lusa
Natai Compa,village,KALIMANTAN BARAT,-0.4,112.0,100.7,tidak sehat,2026-09-12,118.1,tidak sehat,2026-09-13,110.0,tidak sehat,0,0,67.5,SIAGA,diperkirakan besok tidak sehat; dan masih buruk lusa
Pelempai Jaya,village,KALIMANTAN BARAT,-0.4,112.0,100.7,tidak sehat,2026-09-12,118.1,tidak sehat,2026-09-13,110.0,tidak sehat,0,0,67.5,SIAGA,diperkirakan besok tidak sehat; dan masih buruk lusa
UPT Lengkong Nyadom,hamlet,KALIMANTAN BARAT,-0.4,112.0,100.7,tidak sehat,2026-09-12,118.1,tidak sehat,2026-09-13,110.0,tidak sehat,0,0,67.5,SIAGA,diperkirakan besok tidak sehat; dan masih buruk lusa
Sungai Mentoba,village,KALIMANTAN BARAT,-0.3,112.1,100.7,tidak sehat,2026-09-12,118.1,tidak sehat,2026-09-13,110.0,tidak sehat,0,0,67.5,SIAGA,diperkirakan besok tidak sehat; dan masih buruk lusa
Popai,village,KALIMANTAN BARAT,-0.4,112.1,100.7,tidak sehat,2026-09-12,118.1,tidak sehat,2026-09-13,110.0,tidak sehat,0,0,67.5,SIAGA,diperkirakan besok tidak sehat; dan masih buruk lusa
Domet Permai,village,KALIMANTAN BARAT,-0.4,112.1,100.7,tidak sehat,2026-09-12,118.1,tidak sehat,2026-09-13,110.0,tidak sehat,0,0,67.5,SIAGA,diperkirakan besok tidak sehat; dan masih buruk lusa
Natai Bunyau,hamlet,KALIMANTAN BARAT,-0.2,111.9,100.7,tidak sehat,2026-09-12,118.1,tidak sehat,2026-09-13,110.0,tidak sehat,0,0,77.5,SIAGA,diperkirakan besok tidak sehat; dan masih buruk lusa
Nanga Masau,village,KALIMANTAN BARAT,-0.2,112.3,100.7,tidak sehat,2026-09-12,118.1,tidak sehat,2026-09-13,110.0,tidak sehat,0,0,67.5,SIAGA,diperkirakan besok tidak sehat; dan masih buruk lusa
Laman Mumbung,village,KALIMANTAN BARAT,-0.4,112.3,100.7,tidak sehat,2026-09-12,118.1,tidak sehat,2026-09-13,110.0,tidak sehat,0,0,67.5,SIAGA,diperkirakan besok tidak sehat; dan masih buruk lusa
Riam Muntik,village,KALIMANTAN BARAT,-0.1,112.2,100.7,tidak sehat,2026-09-12,118.1,tidak sehat,2026-09-13,110.0,tidak sehat,0,0,66.8,SIAGA,diperkirakan besok tidak sehat; dan masih buruk lusa
Nanga Abai,village,KALIMANTAN BARAT,-0.1,112.2,100.7,tidak sehat,2026-09-12,118.1,tidak sehat,2026-09-13,110.0,tidak sehat,0,0,66.8,SIAGA,diperkirakan besok tidak sehat; dan masih buruk lusa
Sungai Sampuk,village,KALIMANTAN BARAT,-0.4,112.3,100.7,tidak sehat,2026-09-12,118.1,tidak sehat,2026-09-13,110.0,tidak sehat,0,0,67.5,SIAGA,diperkirakan besok tidak sehat; dan masih buruk lusa
Nanga Laar,village,KALIMANTAN BARAT,-0.1,112.2,100.7,tidak sehat,2026-09-12,118.1,tidak sehat,2026-09-13,110.0,tidak sehat,0,0,66.8,SIAGA,diperkirakan besok tidak sehat; dan masih buruk lusa
Landau Leban,village,KALIMANTAN BARAT,-0.4,112.3,100.7,tidak sehat,2026-09-12,118.1,tidak sehat,2026-09-13,110.0,tidak sehat,0,0,67.5,SIAGA,diperkirakan besok tidak sehat; dan masih buruk lusa
Lintang Tambuk,village,KALIMANTAN BARAT,-0.2,112.2,100.7,tidak sehat,2026-09-12,118.1,tidak sehat,2026-09-13,110.0,tidak sehat,0,0,67.5,SIAGA,diperkirakan besok tidak sehat; dan masih buruk lusa
Menukung Kota,village,KALIMANTAN BARAT,-0.4,112.2,100.7,tidak sehat,2026-09-12,118.1,tidak sehat,2026-09-13,110.0,tidak sehat,0,0,67.5,SIAGA,diperkirakan besok tidak sehat; dan masih buruk lusa
Nanga Tampang,village,KALIMANTAN BARAT,0.0,112.2,100.7,tidak sehat,2026-09-12,118.1,tidak sehat,2026-09-13,110.0,tidak sehat,0,0,66.8,SIAGA,diperkirakan besok tidak sehat; dan masih buruk lusa
Gemare I,hamlet,KALIMANTAN BARAT,-0.2,112.3,100.7,tidak sehat,2026-09-12,118.1,tidak sehat,2026-09-13,110.0,tidak sehat,0,0,67.5,SIAGA,diperkirakan besok tidak sehat; dan masih buruk lusa
Gemare II,hamlet,KALIMANTAN BARAT,-0.1,112.3,100.7,tidak sehat,2026-09-12,118.1,tidak sehat,2026-09-13,110.0,tidak sehat,0,0,67.5,SIAGA,diperkirakan besok tidak sehat; dan masih buruk lusa
Kerapuk Jaya,village,KALIMANTAN BARAT,-0.0,112.2,100.7,tidak sehat,2026-09-12,118.1,tidak sehat,2026-09-13,110.0,tidak sehat,0,0,66.8,SIAGA,diperkirakan besok tidak sehat; dan masih buruk lusa
Tanjung Miru,village,KALIMANTAN BARAT,-0.0,112.3,100.7,tidak sehat,2026-09-12,118.1,tidak sehat,2026-09-13,110.0,tidak sehat,0,0,66.8,SIAGA,diperkirakan besok tidak sehat; dan masih buruk lusa
Tanah Merah,village,KALIMANTAN BARAT,-0.2,112.3,100.7,tidak sehat,2026-09-12,118.1,tidak sehat,2026-09-13,110.0,tidak sehat,0,0,67.5,SIAGA,diperkirakan besok tidak sehat; dan masih buruk lusa
Dusun,hamlet,KALIMANTAN BARAT,-0.4,112.2,100.7,tidak sehat,2026-09-12,118.1,tidak sehat,2026-09-13,110.0,tidak sehat,0,0,67.5,SIAGA,diperkirakan besok tidak sehat; dan masih buruk lusa
Dusun,hamlet,KALIMANTAN BARAT,-0.4,112.2,100.7,tidak sehat,2026-09-12,118.1,tidak sehat,2026-09-13,110.0,tidak sehat,0,0,67.5,SIAGA,diperkirakan besok tidak sehat; dan masih buruk lusa
Dusun,hamlet,KALIMANTAN BARAT,-0.4,112.3,100.7,tidak sehat,2026-09-12,118.1,tidak sehat,2026-09-13,110.0,tidak sehat,0,0,67.5,SIAGA,diperkirakan besok tidak sehat; dan masih buruk lusa
Dusun,hamlet,KALIMANTAN BARAT,-0.4,112.3,100.7,tidak sehat,2026-09-12,118.1,tidak sehat,2026-09-13,110.0,tidak sehat,0,0,67.5,SIAGA,diperkirakan besok tidak sehat; dan masih buruk lusa
Bunyau,hamlet,KALIMANTAN BARAT,-0.4,112.3,100.7,tidak sehat,2026-09-12,118.1,tidak sehat,2026-09-13,110.0,tidak sehat,0,0,67.5,SIAGA,diperkirakan besok tidak sehat; dan masih buruk lusa
Labang Manyam,hamlet,KALIMANTAN BARAT,-0.3,112.2,100.7,tidak sehat,2026-09-12,118.1,tidak sehat,2026-09-13,110.0,tidak sehat,0,0,67.5,SIAGA,diperkirakan besok tidak sehat; dan masih buruk lusa
Guhung Keruab,hamlet,KALIMANTAN BARAT,-0.3,112.2,100.7,tidak sehat,2026-09-12,118.1,tidak sehat,2026-09-13,110.0,tidak sehat,0,0,67.5,SIAGA,diperkirakan besok tidak sehat; dan masih buruk lusa
Oyah Kanan,hamlet,KALIMANTAN BARAT,-0.4,112.2,100.7,tidak sehat,2026-09-12,118.1,tidak sehat,2026-09-13,110.0,tidak sehat,0,0,67.5,SIAGA,diperkirakan besok tidak sehat; dan masih buruk lusa
Sungai Sampuk,village,KALIMANTAN BARAT,-0.4,112.3,100.7,tidak sehat,2026-09-12,118.1,tidak sehat,2026-09-13,110.0,tidak sehat,0,0,67.5,SIAGA,diperkirakan besok tidak sehat; dan masih buruk lusa
Batas Nangka,village,KALIMANTAN BARAT,-0.3,112.3,100.7,tidak sehat,2026-09-12,118.1,tidak sehat,2026-09-13,110.0,tidak sehat,0,0,67.5,SIAGA,diperkirakan besok tidak sehat; dan masih buruk lusa
Nusa Poring,village,KALIMANTAN BARAT,-0.4,112.3,100.7,tidak sehat,2026-09-12,118.1,tidak sehat,2026-09-13,110.0,tidak sehat,0,0,67.5,SIAGA,diperkirakan besok tidak sehat; dan masih buruk lusa
Kenali Jaya,hamlet,KALIMANTAN BARAT,-0.4,112.3,100.7,tidak sehat,2026-09-12,118.1,tidak sehat,2026-09-13,110.0,tidak sehat,0,0,67.5,SIAGA,diperkirakan besok tidak sehat; dan masih buruk lusa
Oyah,village,KALIMANTAN BARAT,-0.4,112.2,100.7,tidak sehat,2026-09-12,118.1,tidak sehat,2026-09-13,110.0,tidak sehat,0,0,67.5,SIAGA,diperkirakan besok tidak sehat; dan masih buruk lusa
Lihai,village,KALIMANTAN BARAT,-0.4,112.2,100.7,tidak sehat,2026-09-12,118.1,tidak sehat,2026-09-13,110.0,tidak sehat,0,0,67.5,SIAGA,diperkirakan besok tidak sehat; dan masih buruk lusa
Bereng Berkawat,village,KALIMANTAN BARAT,0.7,110.4,100.2,tidak sehat,2026-09-12,118.5,tidak sehat,2026-09-13,114.0,tidak sehat,0,0,117.3,SIAGA,diperkirakan besok tidak sehat; dan masih buruk lusa
Semongan,village,KALIMANTAN BARAT,0.7,110.7,100.2,tidak sehat,2026-09-12,118.5,tidak sehat,2026-09-13,114.0,tidak sehat,0,0,117.3,SIAGA,diperkirakan besok tidak sehat; dan masih buruk lusa
Idas,village,KALIMANTAN BARAT,0.6,110.5,100.2,tidak sehat,2026-09-12,118.5,tidak sehat,2026-09-13,114.0,tidak sehat,0,0,138.3,SIAGA,diperkirakan besok tidak sehat; dan masih buruk lusa
Sotok,village,KALIMANTAN BARAT,0.8,110.5,100.2,tidak sehat,2026-09-12,118.5,tidak sehat,2026-09-13,114.0,tidak sehat,0,0,117.3,SIAGA,diperkirakan besok tidak sehat; dan masih buruk lusa
Engkahan,village,KALIMANTAN BARAT,0.9,110.4,100.2,tidak sehat,2026-09-12,118.5,tidak sehat,2026-09-13,114.0,tidak sehat,0,0,117.3,SIAGA,diperkirakan besok tidak sehat; dan masih buruk lusa
Thang Raya,village,KALIMANTAN BARAT,0.7,110.4,100.2,tidak sehat,2026-09-12,118.5,tidak sehat,2026-09-13,114.0,tidak sehat,0,0,117.3,SIAGA,diperkirakan besok tidak sehat; dan masih buruk lusa
Sejuah,village,KALIMANTAN BARAT,0.6,110.5,100.2,tidak sehat,2026-09-12,118.5,tidak sehat,2026-09-13,114.0,tidak sehat,0,0,138.3,SIAGA,diperkirakan besok tidak sehat; dan masih buruk lusa
Malenggang,village,KALIMANTAN BARAT,0.8,110.7,100.2,tidak sehat,2026-09-12,118.5,tidak sehat,2026-09-13,114.0,tidak sehat,0,0,117.3,SIAGA,diperkirakan besok tidak sehat; dan masih buruk lusa
Sungai Seria,village,KALIMANTAN BARAT,0.8,110.8,100.2,tidak sehat,2026-09-12,118.5,tidak sehat,2026-09-13,114.0,tidak sehat,0,0,117.3,SIAGA,diperkirakan besok tidak sehat; dan masih buruk lusa
Tunggal Bhakti,village,KALIMANTAN BARAT,0.6,110.4,100.2,tidak sehat,2026-09-12,118.5,tidak sehat,2026-09-13,114.0,tidak sehat,0,0,138.3,SIAGA,diperkirakan besok tidak sehat; dan masih buruk lusa
Tanjung Merpati,village,KALIMANTAN BARAT,0.6,110.4,100.2,tidak sehat,2026-09-12,118.5,tidak sehat,2026-09-13,114.0,tidak sehat,0,0,138.3,SIAGA,diperkirakan besok tidak sehat; dan masih buruk lusa
Kenaman,village,KALIMANTAN BARAT,0.8,110.4,100.2,tidak sehat,2026-09-12,118.5,tidak sehat,2026-09-13,114.0,tidak sehat,0,0,117.3,SIAGA,diperkirakan besok tidak sehat; dan masih buruk lusa
Entikong,village,KALIMANTAN BARAT,1.0,110.4,100.2,tidak sehat,2026-09-12,118.5,tidak sehat,2026-09-13,114.0,tidak sehat,0,0,117.3,SIAGA,diperkirakan besok tidak sehat; dan masih buruk lusa
Kasro Mego,village,KALIMANTAN BARAT,0.7,110.4,100.2,tidak sehat,2026-09-12,118.5,tidak sehat,2026-09-13,114.0,tidak sehat,0,0,117.3,SIAGA,diperkirakan besok tidak sehat; dan masih buruk lusa
Sungai Tekam,village,KALIMANTAN BARAT,0.9,110.7,100.2,tidak sehat,2026-09-12,118.5,tidak sehat,2026-09-13,114.0,tidak sehat,0,0,117.3,SIAGA,diperkirakan besok tidak sehat; dan masih buruk lusa
Lubuk Sabuk,village,KALIMANTAN BARAT,0.8,110.5,100.2,tidak sehat,2026-09-12,118.5,tidak sehat,2026-09-13,114.0,tidak sehat,0,0,117.3,SIAGA,diperkirakan besok tidak sehat; dan masih buruk lusa
Kuala Dua,village,KALIMANTAN BARAT,0.6,110.4,100.2,tidak sehat,2026-09-12,118.5,tidak sehat,2026-09-13,114.0,tidak sehat,0,0,138.3,SIAGA,diperkirakan besok tidak sehat; dan masih buruk lusa
Sungai Dangin,village,KALIMANTAN BARAT,0.7,110.6,100.2,tidak sehat,2026-09-12,118.5,tidak sehat,2026-09-13,114.0,tidak sehat,0,0,117.3,SIAGA,diperkirakan besok tidak sehat; dan masih buruk lusa
Empoto,village,KALIMANTAN BARAT,0.7,110.5,100.2,tidak sehat,2026-09-12,118.5,tidak sehat,2026-09-13,114.0,tidak sehat,0,0,117.3,SIAGA,diperkirakan besok tidak sehat; dan masih buruk lusa
Sebongkuh,village,KALIMANTAN BARAT,0.6,110.4,100.2,tidak sehat,2026-09-12,118.5,tidak sehat,2026-09-13,114.0,tidak sehat,0,0,138.3,SIAGA,diperkirakan besok tidak sehat; dan masih buruk lusa
Majel,village,KALIMANTAN BARAT,0.6,110.6,100.2,tidak sehat,2026-09-12,118.5,tidak sehat,2026-09-13,114.0,tidak sehat,0,0,138.3,SIAGA,diperkirakan besok tidak sehat; dan masih buruk lusa
Pengadang,village,KALIMANTAN BARAT,0.8,110.4,100.2,tidak sehat,2026-09-12,118.5,tidak sehat,2026-09-13,114.0,tidak sehat,0,0,117.3,SIAGA,diperkirakan besok tidak sehat; dan masih buruk lusa
Semanget,village,KALIMANTAN BARAT,0.9,110.4,100.2,tidak sehat,2026-09-12,118.5,tidak sehat,2026-09-13,114.0,tidak sehat,0,0,117.3,SIAGA,diperkirakan besok tidak sehat; dan masih buruk lusa
Noyan,village,KALIMANTAN BARAT,0.8,110.6,100.2,tidak sehat,2026-09-12,118.5,tidak sehat,2026-09-13,114.0,tidak sehat,0,0,117.3,SIAGA,diperkirakan besok tidak sehat; dan masih buruk lusa
Bantan,hamlet,KALIMANTAN BARAT,0.9,110.4,100.2,tidak sehat,2026-09-12,118.5,tidak sehat,2026-09-13,114.0,tidak sehat,0,0,117.3,SIAGA,diperkirakan besok tidak sehat; dan masih buruk lusa
Balai Karangan,village,KALIMANTAN BARAT,0.8,110.4,100.2,tidak sehat,2026-09-12,118.5,tidak sehat,2026-09-13,114.0,tidak sehat,0,0,117.3,SIAGA,diperkirakan besok tidak sehat; dan masih buruk lusa
Pisang,village,KALIMANTAN BARAT,0.6,110.7,100.2,tidak sehat,2026-09-12,118.5,tidak sehat,2026-09-13,114.0,tidak sehat,0,0,138.3,SIAGA,diperkirakan besok tidak sehat; dan masih buruk lusa
Nekan,village,KALIMANTAN BARAT,0.9,110.4,100.2,tidak sehat,2026-09-12,118.5,tidak sehat,2026-09-13,114.0,tidak sehat,0,0,117.3,SIAGA,diperkirakan besok tidak sehat; dan masih buruk lusa
Guna Banir,hamlet,KALIMANTAN BARAT,0.8,110.7,100.2,tidak sehat,2026-09-12,118.5,tidak sehat,2026-09-13,114.0,tidak sehat,0,0,117.3,SIAGA,diperkirakan besok tidak sehat; dan masih buruk lusa
Segumon,hamlet,KALIMANTAN BARAT,0.8,110.6,100.2,tidak sehat,2026-09-12,118.5,tidak sehat,2026-09-13,114.0,tidak sehat,0,0,117.3,SIAGA,diperkirakan besok tidak sehat; dan masih buruk lusa
Sungai Daun,hamlet,KALIMANTAN BARAT,0.8,110.7,100.2,tidak sehat,2026-09-12,118.5,tidak sehat,2026-09-13,114.0,tidak sehat,0,0,117.3,SIAGA,diperkirakan besok tidak sehat; dan masih buruk lusa
Miruk,hamlet,KALIMANTAN BARAT,0.8,110.7,100.2,tidak sehat,2026-09-12,118.5,tidak sehat,2026-09-13,114.0,tidak sehat,0,0,117.3,SIAGA,diperkirakan besok tidak sehat; dan masih buruk lusa
Sungai Sadong,hamlet,KALIMANTAN BARAT,0.8,110.5,100.2,tidak sehat,2026-09-12,118.5,tidak sehat,2026-09-13,114.0,tidak sehat,0,0,117.3,SIAGA,diperkirakan besok tidak sehat; dan masih buruk lusa
Ruis,hamlet,KALIMANTAN BARAT,0.8,110.5,100.2,tidak sehat,2026-09-12,118.5,tidak sehat,2026-09-13,114.0,tidak sehat,0,0,117.3,SIAGA,diperkirakan besok tidak sehat; dan masih buruk lusa
Ramayan,hamlet,KALIMANTAN BARAT,0.8,110.5,100.2,tidak sehat,2026-09-12,118.5,tidak sehat,2026-09-13,114.0,tidak sehat,0,0,117.3,SIAGA,diperkirakan besok tidak sehat; dan masih buruk lusa
Bungkang,village,KALIMANTAN BARAT,0.8,110.5,100.2,tidak sehat,2026-09-12,118.5,tidak sehat,2026-09-13,114.0,tidak sehat,0,0,117.3,SIAGA,diperkirakan besok tidak sehat; dan masih buruk lusa
Bengkuang Sari,hamlet,KALIMANTAN BARAT,0.7,110.4,100.2,tidak sehat,2026-09-12,118.5,tidak sehat,2026-09-13,114.0,tidak sehat,0,0,117.3,SIAGA,diperkirakan besok tidak sehat; dan masih buruk lusa
Lomur,hamlet,KALIMANTAN BARAT,0.8,110.4,100.2,tidak sehat,2026-09-12,118.5,tidak sehat,2026-09-13,114.0,tidak sehat,0,0,117.3,SIAGA,diperkirakan besok tidak sehat; dan masih buruk lusa
Sintang,city,KALIMANTAN BARAT,0.1,111.5,94.6,tidak sehat,2026-09-12,114.4,tidak sehat,2026-09-13,105.0,tidak sehat,0,0,100.7,SIAGA,diperkirakan besok tidak sehat; dan masih buruk lusa
Baru,village,KALIMANTAN BARAT,0.3,111.8,94.6,tidak sehat,2026-09-12,114.4,tidak sehat,2026-09-13,105.0,tidak sehat,0,0,87.4,SIAGA,diperkirakan besok tidak sehat; dan masih buruk lusa
Baung Sengatap,village,KALIMANTAN BARAT,0.3,111.5,94.6,tidak sehat,2026-09-12,114.4,tidak sehat,2026-09-13,105.0,tidak sehat,0,0,100.7,SIAGA,diperkirakan besok tidak sehat; dan masih buruk lusa
Baning Kota,village,KALIMANTAN BARAT,0.1,111.5,94.6,tidak sehat,2026-09-12,114.4,tidak sehat,2026-09-13,105.0,tidak sehat,0,0,100.7,SIAGA,diperkirakan besok tidak sehat; dan masih buruk lusa
Kenuak,village,KALIMANTAN BARAT,0.4,111.6,94.6,tidak sehat,2026-09-12,114.4,tidak sehat,2026-09-13,105.0,tidak sehat,0,0,87.4,SIAGA,diperkirakan besok tidak sehat; dan masih buruk lusa
Kapuas Kanan Hilir,village,KALIMANTAN BARAT,0.1,111.5,94.6,tidak sehat,2026-09-12,114.4,tidak sehat,2026-09-13,105.0,tidak sehat,0,0,100.7,SIAGA,diperkirakan besok tidak sehat; dan masih buruk lusa
Nanga Merkak,village,KALIMANTAN BARAT,0.5,111.5,94.6,tidak sehat,2026-09-12,114.4,tidak sehat,2026-09-13,105.0,tidak sehat,0,0,87.4,SIAGA,diperkirakan besok tidak sehat; dan masih buruk lusa
Merpak,village,KALIMANTAN BARAT,0.1,111.7,94.6,tidak sehat,2026-09-12,114.4,tidak sehat,2026-09-13,105.0,tidak sehat,0,0,100.7,SIAGA,diperkirakan besok tidak sehat; dan masih buruk lusa
Betung Sari,hamlet,KALIMANTAN BARAT,0.2,111.6,94.6,tidak sehat,2026-09-12,114.4,tidak sehat,2026-09-13,105.0,tidak sehat,0,0,100.7,SIAGA,diperkirakan besok tidak sehat; dan masih buruk lusa
Perigi,village,KALIMANTAN BARAT,0.3,111.8,94.6,tidak sehat,2026-09-12,114.4,tidak sehat,2026-09-13,105.0,tidak sehat,0,0,87.4,SIAGA,diperkirakan besok tidak sehat; dan masih buruk lusa
Binjai Hilir,village,KALIMANTAN BARAT,0.2,111.4,94.6,tidak sehat,2026-09-12,114.4,tidak sehat,2026-09-13,105.0,tidak sehat,0,0,100.7,SIAGA,diperkirakan besok tidak sehat; dan masih buruk lusa
Nanga Lebang,village,KALIMANTAN BARAT,0.2,111.6,94.6,tidak sehat,2026-09-12,114.4,tidak sehat,2026-09-13,105.0,tidak sehat,0,0,100.7,SIAGA,diperkirakan besok tidak sehat; dan masih buruk lusa
Kapuas Kiri Hilir,village,KALIMANTAN BARAT,0.1,111.5,94.6,tidak sehat,2026-09-12,114.4,tidak sehat,2026-09-13,105.0,tidak sehat,0,0,100.7,SIAGA,diperkirakan besok tidak sehat; dan masih buruk lusa
Sungai Pukat,village,KALIMANTAN BARAT,0.2,111.8,94.6,tidak sehat,2026-09-12,114.4,tidak sehat,2026-09-13,105.0,tidak sehat,0,0,100.7,SIAGA,diperkirakan besok tidak sehat; dan masih buruk lusa
Pelimping,village,KALIMANTAN BARAT,0.2,111.8,94.6,tidak sehat,2026-09-12,114.4,tidak sehat,2026-09-13,105.0,tidak sehat,0,0,100.7,SIAGA,diperkirakan besok tidak sehat; dan masih buruk lusa
Teluk Kelansam,village,KALIMANTAN BARAT,0.1,111.4,94.6,tidak sehat,2026-09-12,114.4,tidak sehat,2026-09-13,105.0,tidak sehat,0,0,100.7,SIAGA,diperkirakan besok tidak sehat; dan masih buruk lusa
Setungkup,village,KALIMANTAN BARAT,0.4,111.5,94.6,tidak sehat,2026-09-12,114.4,tidak sehat,2026-09-13,105.0,tidak sehat,0,0,87.4,SIAGA,diperkirakan besok tidak sehat; dan masih buruk lusa
Baning Panjang,village,KALIMANTAN BARAT,0.1,111.8,94.6,tidak sehat,2026-09-12,114.4,tidak sehat,2026-09-13,105.0,tidak sehat,0,0,100.7,SIAGA,diperkirakan besok tidak sehat; dan masih buruk lusa
Ladang,village,KALIMANTAN BARAT,0.1,111.5,94.6,tidak sehat,2026-09-12,114.4,tidak sehat,2026-09-13,105.0,tidak sehat,0,0,100.7,SIAGA,diperkirakan besok tidak sehat; dan masih buruk lusa
Telaga Dua,village,KALIMANTAN BARAT,0.2,111.4,94.6,tidak sehat,2026-09-12,114.4,tidak sehat,2026-09-13,105.0,tidak sehat,0,0,91.8,SIAGA,diperkirakan besok tidak sehat; dan masih buruk lusa
Mensiku,village,KALIMANTAN BARAT,0.2,111.5,94.6,tidak sehat,2026-09-12,114.4,tidak sehat,2026-09-13,105.0,tidak sehat,0,0,100.7,SIAGA,diperkirakan besok tidak sehat; dan masih buruk lusa
Sungai Risap,village,KALIMANTAN BARAT,0.2,111.4,94.6,tidak sehat,2026-09-12,114.4,tidak sehat,2026-09-13,105.0,tidak sehat,0,0,91.8,SIAGA,diperkirakan besok tidak sehat; dan masih buruk lusa
Kapuas Kanan Hulu,village,KALIMANTAN BARAT,0.1,111.5,94.6,tidak sehat,2026-09-12,114.4,tidak sehat,2026-09-13,105.0,tidak sehat,0,0,100.7,SIAGA,diperkirakan besok tidak sehat; dan masih buruk lusa
Kapuas Kiri Hulu,village,KALIMANTAN BARAT,0.1,111.5,94.6,tidak sehat,2026-09-12,114.4,tidak sehat,2026-09-13,105.0,tidak sehat,0,0,100.7,SIAGA,diperkirakan besok tidak sehat; dan masih buruk lusa
Miau Merah,village,KALIMANTAN BARAT,0.3,111.8,94.6,tidak sehat,2026-09-12,114.4,tidak sehat,2026-09-13,105.0,tidak sehat,0,0,87.4,SIAGA,diperkirakan besok tidak sehat; dan masih buruk lusa
Mangat Baru,village,KALIMANTAN BARAT,0.1,111.8,94.6,tidak sehat,2026-09-12,114.4,tidak sehat,2026-09-13,105.0,tidak sehat,0,0,100.7,SIAGA,diperkirakan besok tidak sehat; dan masih buruk lusa
Dak Jaya,village,KALIMANTAN BARAT,0.2,111.5,94.6,tidak sehat,2026-09-12,114.4,tidak sehat,2026-09-13,105.0,tidak sehat,0,0,100.7,SIAGA,diperkirakan besok tidak sehat; dan masih buruk lusa
Binjai Hulu,village,KALIMANTAN BARAT,0.2,111.5,94.6,tidak sehat,2026-09-12,114.4,tidak sehat,2026-09-13,105.0,tidak sehat,0,0,100.7,SIAGA,diperkirakan besok tidak sehat; dan masih buruk lusa
Empaci,village,KALIMANTAN BARAT,0.1,111.7,94.6,tidak sehat,2026-09-12,114.4,tidak sehat,2026-09-13,105.0,tidak sehat,0,0,100.7,SIAGA,diperkirakan besok tidak sehat; dan masih buruk lusa
Pangeran,village,KALIMANTAN BARAT,0.3,111.8,94.6,tidak sehat,2026-09-12,114.4,tidak sehat,2026-09-13,105.0,tidak sehat,0,0,87.4,SIAGA,diperkirakan besok tidak sehat; dan masih buruk lusa
Ensaid Panjang,village,KALIMANTAN BARAT,0.1,111.7,94.6,tidak sehat,2026-09-12,114.4,tidak sehat,2026-09-13,105.0,tidak sehat,0,0,100.7,SIAGA,diperkirakan besok tidak sehat; dan masih buruk lusa
Telaga Satu,village,KALIMANTAN BARAT,0.2,111.4,94.6,tidak sehat,2026-09-12,114.4,tidak sehat,2026-09-13,105.0,tidak sehat,0,0,91.8,SIAGA,diperkirakan besok tidak sehat; dan masih buruk lusa
Sepan Lebang,village,KALIMANTAN BARAT,0.2,111.8,94.6,tidak sehat,2026-09-12,114.4,tidak sehat,2026-09-13,105.0,tidak sehat,0,0,100.7,SIAGA,diperkirakan besok tidak sehat; dan masih buruk lusa
Tanjung Puri,village,KALIMANTAN BARAT,0.1,111.5,94.6,tidak sehat,2026-09-12,114.4,tidak sehat,2026-09-13,105.0,tidak sehat,0,0,100.7,SIAGA,diperkirakan besok tidak sehat; dan masih buruk lusa
Kebong,village,KALIMANTAN BARAT,0.1,111.6,94.6,tidak sehat,2026-09-12,114.4,tidak sehat,2026-09-13,105.0,tidak sehat,0,0,100.7,SIAGA,diperkirakan besok tidak sehat; dan masih buruk lusa
Tanjung Baung,village,KALIMANTAN BARAT,0.3,111.6,94.6,tidak sehat,2026-09-12,114.4,tidak sehat,2026-09-13,105.0,tidak sehat,0,0,87.4,SIAGA,diperkirakan besok tidak sehat; dan masih buruk lusa
Emparu,village,KALIMANTAN BARAT,0.1,111.8,94.6,tidak sehat,2026-09-12,114.4,tidak sehat,2026-09-13,105.0,tidak sehat,0,0,100.7,SIAGA,diperkirakan besok tidak sehat; dan masih buruk lusa
Sungai Maram,village,KALIMANTAN BARAT,0.2,111.7,94.6,tidak sehat,2026-09-12,114.4,tidak sehat,2026-09-13,105.0,tidak sehat,0,0,100.7,SIAGA,diperkirakan besok tidak sehat; dan masih buruk lusa
Akcaya,village,KALIMANTAN BARAT,0.1,111.5,94.6,tidak sehat,2026-09-12,114.4,tidak sehat,2026-09-13,105.0,tidak sehat,0,0,100.7,SIAGA,diperkirakan besok tidak sehat; dan masih buruk lusa
Jerora Satu,village,KALIMANTAN BARAT,0.1,111.6,94.6,tidak sehat,2026-09-12,114.4,tidak sehat,2026-09-13,105.0,tidak sehat,0,0,100.7,SIAGA,diperkirakan besok tidak sehat; dan masih buruk lusa
Kebiau Baru,village,KALIMANTAN BARAT,0.1,111.6,94.6,tidak sehat,2026-09-12,114.4,tidak sehat,2026-09-13,105.0,tidak sehat,0,0,100.7,SIAGA,diperkirakan besok tidak sehat; dan masih buruk lusa
Alai,village,KALIMANTAN BARAT,0.1,111.5,94.6,tidak sehat,2026-09-12,114.4,tidak sehat,2026-09-13,105.0,tidak sehat,0,0,100.7,SIAGA,diperkirakan besok tidak sehat; dan masih buruk lusa
Sungai Ana,village,KALIMANTAN BARAT,0.1,111.5,94.6,tidak sehat,2026-09-12,114.4,tidak sehat,2026-09-13,105.0,tidak sehat,0,0,100.7,SIAGA,diperkirakan besok tidak sehat; dan masih buruk lusa
Mengkurai,village,KALIMANTAN BARAT,0.1,111.5,94.6,tidak sehat,2026-09-12,114.4,tidak sehat,2026-09-13,105.0,tidak sehat,0,0,100.7,SIAGA,diperkirakan besok tidak sehat; dan masih buruk lusa
Kedabang,village,KALIMANTAN BARAT,0.1,111.4,94.6,tidak sehat,2026-09-12,114.4,tidak sehat,2026-09-13,105.0,tidak sehat,0,0,100.7,SIAGA,diperkirakan besok tidak sehat; dan masih buruk lusa
Rawa Mambok,village,KALIMANTAN BARAT,0.1,111.5,94.6,tidak sehat,2026-09-12,114.4,tidak sehat,2026-09-13,105.0,tidak sehat,0,0,100.7,SIAGA,diperkirakan besok tidak sehat; dan masih buruk lusa
Anggah Jaya,village,KALIMANTAN BARAT,0.1,111.4,94.6,tidak sehat,2026-09-12,114.4,tidak sehat,2026-09-13,105.0,tidak sehat,0,0,100.7,SIAGA,diperkirakan besok tidak sehat; dan masih buruk lusa
Tanjung Kelansam,village,KALIMANTAN BARAT,0.1,111.4,94.6,tidak sehat,2026-09-12,114.4,tidak sehat,2026-09-13,105.0,tidak sehat,0,0,91.8,SIAGA,diperkirakan besok tidak sehat; dan masih buruk lusa
Batu Lalau,village,KALIMANTAN BARAT,0.1,111.4,94.6,tidak sehat,2026-09-12,114.4,tidak sehat,2026-09-13,105.0,tidak sehat,0,0,100.7,SIAGA,diperkirakan besok tidak sehat; dan masih buruk lusa
Mekar Jaya,village,KALIMANTAN BARAT,0.1,111.4,94.6,tidak sehat,2026-09-12,114.4,tidak sehat,2026-09-13,105.0,tidak sehat,0,0,100.7,SIAGA,diperkirakan besok tidak sehat; dan masih buruk lusa
Menyumbung Tengah,village,KALIMANTAN BARAT,0.1,111.5,94.6,tidak sehat,2026-09-12,114.4,tidak sehat,2026-09-13,105.0,tidak sehat,0,0,100.7,SIAGA,diperkirakan besok tidak sehat; dan masih buruk lusa
Ulak Jaya,village,KALIMANTAN BARAT,0.1,111.5,94.6,tidak sehat,2026-09-12,114.4,tidak sehat,2026-09-13,105.0,tidak sehat,0,0,100.7,SIAGA,diperkirakan besok tidak sehat; dan masih buruk lusa
Menaong Baru,village,KALIMANTAN BARAT,0.1,111.8,94.6,tidak sehat,2026-09-12,114.4,tidak sehat,2026-09-13,105.0,tidak sehat,0,0,100.7,SIAGA,diperkirakan besok tidak sehat; dan masih buruk lusa
Merempit Baru,village,KALIMANTAN BARAT,0.1,111.8,94.6,tidak sehat,2026-09-12,114.4,tidak sehat,2026-09-13,105.0,tidak sehat,0,0,100.7,SIAGA,diperkirakan besok tidak sehat; dan masih buruk lusa
Samak,hamlet,KALIMANTAN BARAT,0.1,111.7,94.6,tidak sehat,2026-09-12,114.4,tidak sehat,2026-09-13,105.0,tidak sehat,0,0,100.7,SIAGA,diperkirakan besok tidak sehat; dan masih buruk lusa
Kelam Sejahtera,hamlet,KALIMANTAN BARAT,0.1,111.6,94.6,tidak sehat,2026-09-12,114.4,tidak sehat,2026-09-13,105.0,tidak sehat,0,0,100.7,SIAGA,diperkirakan besok tidak sehat; dan masih buruk lusa
Karya Jaya Bhakti,village,KALIMANTAN BARAT,0.2,111.7,94.6,tidak sehat,2026-09-12,114.4,tidak sehat,2026-09-13,105.0,tidak sehat,0,0,100.7,SIAGA,diperkirakan besok tidak sehat; dan masih buruk lusa
Sungai Lais,village,KALIMANTAN BARAT,0.2,111.7,94.6,tidak sehat,2026-09-12,114.4,tidak sehat,2026-09-13,105.0,tidak sehat,0,0,100.7,SIAGA,diperkirakan besok tidak sehat; dan masih buruk lusa
Mandiri Jaya,village,KALIMANTAN BARAT,0.3,111.6,94.6,tidak sehat,2026-09-12,114.4,tidak sehat,2026-09-13,105.0,tidak sehat,0,0,87.4,SIAGA,diperkirakan besok tidak sehat; dan masih buruk lusa
Gemba Raya,village,KALIMANTAN BARAT,0.2,111.8,94.6,tidak sehat,2026-09-12,114.4,tidak sehat,2026-09-13,105.0,tidak sehat,0,0,100.7,SIAGA,diperkirakan besok tidak sehat; dan masih buruk lusa
Mensiku Pantai,hamlet,KALIMANTAN BARAT,0.2,111.6,94.6,tidak sehat,2026-09-12,114.4,tidak sehat,2026-09-13,105.0,tidak sehat,0,0,100.7,SIAGA,diperkirakan besok tidak sehat; dan masih buruk lusa
Empaka Kabiau Raya,village,KALIMANTAN BARAT,0.1,111.6,94.6,tidak sehat,2026-09-12,114.4,tidak sehat,2026-09-13,105.0,tidak sehat,0,0,100.7,SIAGA,diperkirakan besok tidak sehat; dan masih buruk lusa
Sungai Risap Mensiku Bersatu,village,KALIMANTAN BARAT,0.3,111.4,94.6,tidak sehat,2026-09-12,114.4,tidak sehat,2026-09-13,105.0,tidak sehat,0,0,100.7,SIAGA,diperkirakan besok tidak sehat; dan masih buruk lusa
Simba Raya,village,KALIMANTAN BARAT,0.1,111.5,94.6,tidak sehat,2026-09-12,114.4,tidak sehat,2026-09-13,105.0,tidak sehat,0,0,100.7,SIAGA,diperkirakan besok tidak sehat; dan masih buruk lusa
Sungai Jelawai,hamlet,KALIMANTAN BARAT,0.2,111.6,94.6,tidak sehat,2026-09-12,114.4,tidak sehat,2026-09-13,105.0,tidak sehat,0,0,100.7,SIAGA,diperkirakan besok tidak sehat; dan masih buruk lusa
Sungai Kuncit,hamlet,KALIMANTAN BARAT,0.3,111.7,94.6,tidak sehat,2026-09-12,114.4,tidak sehat,2026-09-13,105.0,tidak sehat,0,0,87.4,SIAGA,diperkirakan besok tidak sehat; dan masih buruk lusa
Sentabai,village,KALIMANTAN BARAT,0.4,111.8,94.6,tidak sehat,2026-09-12,114.4,tidak sehat,2026-09-13,105.0,tidak sehat,0,0,87.4,SIAGA,diperkirakan besok tidak sehat; dan masih buruk lusa
Penai,village,KALIMANTAN BARAT,0.3,111.7,94.6,tidak sehat,2026-09-12,114.4,tidak sehat,2026-09-13,105.0,tidak sehat,0,0,87.4,SIAGA,diperkirakan besok tidak sehat; dan masih buruk lusa
Bukit Penai,village,KALIMANTAN BARAT,0.3,111.7,94.6,tidak sehat,2026-09-12,114.4,tidak sehat,2026-09-13,105.0,tidak sehat,0,0,87.4,SIAGA,diperkirakan besok tidak sehat; dan masih buruk lusa
Betung Permai,village,KALIMANTAN BARAT,0.5,111.4,94.6,tidak sehat,2026-09-12,114.4,tidak sehat,2026-09-13,105.0,tidak sehat,0,0,94.6,SIAGA,diperkirakan besok tidak sehat; dan masih buruk lusa
Beluh Mulyo,village,KALIMANTAN BARAT,0.5,111.5,94.6,tidak sehat,2026-09-12,114.4,tidak sehat,2026-09-13,105.0,tidak sehat,0,0,87.4,SIAGA,diperkirakan besok tidak sehat; dan masih buruk lusa
Lepung Pantak,village,KALIMANTAN BARAT,0.4,111.4,94.6,tidak sehat,2026-09-12,114.4,tidak sehat,2026-09-13,105.0,tidak sehat,0,0,91.8,SIAGA,diperkirakan besok tidak sehat; dan masih buruk lusa
Pampang Dua,village,KALIMANTAN BARAT,0.5,111.7,94.6,tidak sehat,2026-09-12,114.4,tidak sehat,2026-09-13,105.0,tidak sehat,0,0,87.4,SIAGA,diperkirakan besok tidak sehat; dan masih buruk lusa
Mungguk Kelapa,village,KALIMANTAN BARAT,0.5,111.7,94.6,tidak sehat,2026-09-12,114.4,tidak sehat,2026-09-13,105.0,tidak sehat,0,0,87.4,SIAGA,diperkirakan besok tidak sehat; dan masih buruk lusa
Batu Nyadi,village,KALIMANTAN BARAT,0.5,111.6,94.6,tidak sehat,2026-09-12,114.4,tidak sehat,2026-09-13,105.0,tidak sehat,0,0,87.4,SIAGA,diperkirakan besok tidak sehat; dan masih buruk lusa
Maung,village,KALIMANTAN BARAT,0.5,111.6,94.6,tidak sehat,2026-09-12,114.4,tidak sehat,2026-09-13,105.0,tidak sehat,0,0,87.4,SIAGA,diperkirakan besok tidak sehat; dan masih buruk lusa
Batu Ampar,village,KALIMANTAN BARAT,0.4,111.7,94.6,tidak sehat,2026-09-12,114.4,tidak sehat,2026-09-13,105.0,tidak sehat,0,0,87.4,SIAGA,diperkirakan besok tidak sehat; dan masih buruk lusa
Jentawang Hilir,village,KALIMANTAN BARAT,0.4,111.7,94.6,tidak sehat,2026-09-12,114.4,tidak sehat,2026-09-13,105.0,tidak sehat,0,0,87.4,SIAGA,diperkirakan besok tidak sehat; dan masih buruk lusa
Nanga Ketungau,village,KALIMANTAN BARAT,0.4,111.6,94.6,tidak sehat,2026-09-12,114.4,tidak sehat,2026-09-13,105.0,tidak sehat,0,0,100.7,SIAGA,diperkirakan besok tidak sehat; dan masih buruk lusa
Ampar Bedang,village,KALIMANTAN BARAT,0.1,111.6,94.6,tidak sehat,2026-09-12,114.4,tidak sehat,2026-09-13,105.0,tidak sehat,0,0,100.7,SIAGA,diperkirakan besok tidak sehat; dan masih buruk lusa
Sambas,city,KALIMANTAN BARAT,1.4,109.3,92.3,tidak sehat,2026-09-12,99.5,tidak sehat,2026-09-13,92.3,tidak sehat,0,0,65.9,SIAGA,diperkirakan besok tidak sehat; dan masih buruk lusa
Sarang Burung Kuala,village,KALIMANTAN BARAT,1.4,109.1,92.3,tidak sehat,2026-09-12,99.5,tidak sehat,2026-09-13,92.3,tidak sehat,0,0,65.9,SIAGA,diperkirakan besok tidak sehat; dan masih buruk lusa
Sebangun,village,KALIMANTAN BARAT,1.3,109.2,92.3,tidak sehat,2026-09-12,99.5,tidak sehat,2026-09-13,92.3,tidak sehat,0,0,65.9,SIAGA,diperkirakan besok tidak sehat; dan masih buruk lusa
Dungun Perapakan,village,KALIMANTAN BARAT,1.2,109.2,92.3,tidak sehat,2026-09-12,99.5,tidak sehat,2026-09-13,92.3,tidak sehat,0,0,65.9,SIAGA,diperkirakan besok tidak sehat; dan masih buruk lusa
Sengawang,village,KALIMANTAN BARAT,1.3,109.2,92.3,tidak sehat,2026-09-12,99.5,tidak sehat,2026-09-13,92.3,tidak sehat,0,0,65.9,SIAGA,diperkirakan besok tidak sehat; dan masih buruk lusa
Sejiram,village,KALIMANTAN BARAT,1.2,109.2,92.3,tidak sehat,2026-09-12,99.5,tidak sehat,2026-09-13,92.3,tidak sehat,0,0,65.9,SIAGA,diperkirakan besok tidak sehat; dan masih buruk lusa
Lumbang,village,KALIMANTAN BARAT,1.3,109.3,92.3,tidak sehat,2026-09-12,99.5,tidak sehat,2026-09-13,92.3,tidak sehat,0,0,65.9,SIAGA,diperkirakan besok tidak sehat; dan masih buruk lusa
Sempalai,village,KALIMANTAN BARAT,1.3,109.2,92.3,tidak sehat,2026-09-12,99.5,tidak sehat,2026-09-13,92.3,tidak sehat,0,0,65.9,SIAGA,diperkirakan besok tidak sehat; dan masih buruk lusa
Seranggam,village,KALIMANTAN BARAT,1.1,109.1,92.3,tidak sehat,2026-09-12,99.5,tidak sehat,2026-09-13,92.3,tidak sehat,0,0,65.9,SIAGA,diperkirakan besok tidak sehat; dan masih buruk lusa
Maribas,village,KALIMANTAN BARAT,1.1,109.3,92.3,tidak sehat,2026-09-12,99.5,tidak sehat,2026-09-13,92.3,tidak sehat,0,0,65.9,SIAGA,diperkirakan besok tidak sehat; dan masih buruk lusa
Dalam Kaum,village,KALIMANTAN BARAT,1.4,109.3,92.3,tidak sehat,2026-09-12,99.5,tidak sehat,2026-09-13,92.3,tidak sehat,0,0,65.9,SIAGA,diperkirakan besok tidak sehat; dan masih buruk lusa
Bentunai,village,KALIMANTAN BARAT,1.1,109.0,92.3,tidak sehat,2026-09-12,99.5,tidak sehat,2026-09-13,92.3,tidak sehat,0,0,65.9,SIAGA,diperkirakan besok tidak sehat; dan masih buruk lusa
Jagur,village,KALIMANTAN BARAT,1.4,109.3,92.3,tidak sehat,2026-09-12,99.5,tidak sehat,2026-09-13,92.3,tidak sehat,0,0,65.9,SIAGA,diperkirakan besok tidak sehat; dan masih buruk lusa
Suah Api,village,KALIMANTAN BARAT,1.3,109.0,92.3,tidak sehat,2026-09-12,99.5,tidak sehat,2026-09-13,92.3,tidak sehat,0,0,65.9,SIAGA,diperkirakan besok tidak sehat; dan masih buruk lusa
Bekut,village,KALIMANTAN BARAT,1.2,109.2,92.3,tidak sehat,2026-09-12,99.5,tidak sehat,2026-09-13,92.3,tidak sehat,0,0,65.9,SIAGA,diperkirakan besok tidak sehat; dan masih buruk lusa
Matang Labong,village,KALIMANTAN BARAT,1.2,109.1,92.3,tidak sehat,2026-09-12,99.5,tidak sehat,2026-09-13,92.3,tidak sehat,0,0,65.9,SIAGA,diperkirakan besok tidak sehat; dan masih buruk lusa
Jawai Laut,village,KALIMANTAN BARAT,1.3,109.0,92.3,tidak sehat,2026-09-12,99.5,tidak sehat,2026-09-13,92.3,tidak sehat,0,0,65.9,SIAGA,diperkirakan besok tidak sehat; dan masih buruk lusa
Segarau Parit,village,KALIMANTAN BARAT,1.3,109.1,92.3,tidak sehat,2026-09-12,99.5,tidak sehat,2026-09-13,92.3,tidak sehat,0,0,65.9,SIAGA,diperkirakan besok tidak sehat; dan masih buruk lusa
Bakau,village,KALIMANTAN BARAT,1.3,109.1,92.3,tidak sehat,2026-09-12,99.5,tidak sehat,2026-09-13,92.3,tidak sehat,0,0,65.9,SIAGA,diperkirakan besok tidak sehat; dan masih buruk lusa
Sebayan,village,KALIMANTAN BARAT,1.4,109.3,92.3,tidak sehat,2026-09-12,99.5,tidak sehat,2026-09-13,92.3,tidak sehat,0,0,65.9,SIAGA,diperkirakan besok tidak sehat; dan masih buruk lusa
Pendawan,village,KALIMANTAN BARAT,1.4,109.3,92.3,tidak sehat,2026-09-12,99.5,tidak sehat,2026-09-13,92.3,tidak sehat,0,0,65.9,SIAGA,diperkirakan besok tidak sehat; dan masih buruk lusa
Sepuk Tanjung,village,KALIMANTAN BARAT,1.3,109.2,92.3,tidak sehat,2026-09-12,99.5,tidak sehat,2026-09-13,92.3,tidak sehat,0,0,65.9,SIAGA,diperkirakan besok tidak sehat; dan masih buruk lusa
Sungai Nyirih,village,KALIMANTAN BARAT,1.1,109.0,92.3,tidak sehat,2026-09-12,99.5,tidak sehat,2026-09-13,92.3,tidak sehat,0,0,81.8,SIAGA,diperkirakan besok tidak sehat; dan masih buruk lusa
Sungai Kelambu,village,KALIMANTAN BARAT,1.2,109.1,92.3,tidak sehat,2026-09-12,99.5,tidak sehat,2026-09-13,92.3,tidak sehat,0,0,65.9,SIAGA,diperkirakan besok tidak sehat; dan masih buruk lusa
Saing Rambi,village,KALIMANTAN BARAT,1.3,109.3,92.3,tidak sehat,2026-09-12,99.5,tidak sehat,2026-09-13,92.3,tidak sehat,0,0,65.9,SIAGA,diperkirakan besok tidak sehat; dan masih buruk lusa
Selakau Tua,village,KALIMANTAN BARAT,1.1,109.1,92.3,tidak sehat,2026-09-12,99.5,tidak sehat,2026-09-13,92.3,tidak sehat,0,0,65.9,SIAGA,diperkirakan besok tidak sehat; dan masih buruk lusa
Kartiasa,village,KALIMANTAN BARAT,1.4,109.3,92.3,tidak sehat,2026-09-12,99.5,tidak sehat,2026-09-13,92.3,tidak sehat,0,0,65.9,SIAGA,diperkirakan besok tidak sehat; dan masih buruk lusa
Sari Makmur,village,KALIMANTAN BARAT,1.3,109.1,92.3,tidak sehat,2026-09-12,99.5,tidak sehat,2026-09-13,92.3,tidak sehat,0,0,65.9,SIAGA,diperkirakan besok tidak sehat; dan masih buruk lusa
Sarilaba A,village,KALIMANTAN BARAT,1.3,109.0,92.3,tidak sehat,2026-09-12,99.5,tidak sehat,2026-09-13,92.3,tidak sehat,0,0,65.9,SIAGA,diperkirakan besok tidak sehat; dan masih buruk lusa
Pangkalan Kongsi,village,KALIMANTAN BARAT,1.2,109.1,92.3,tidak sehat,2026-09-12,99.5,tidak sehat,2026-09-13,92.3,tidak sehat,0,0,65.9,SIAGA,diperkirakan besok tidak sehat; dan masih buruk lusa
Dungun Laut,village,KALIMANTAN BARAT,1.3,109.0,92.3,tidak sehat,2026-09-12,99.5,tidak sehat,2026-09-13,92.3,tidak sehat,0,0,65.9,SIAGA,diperkirakan besok tidak sehat; dan masih buruk lusa
Twi Mentibar,village,KALIMANTAN BARAT,1.1,109.0,92.3,tidak sehat,2026-09-12,99.5,tidak sehat,2026-09-13,92.3,tidak sehat,0,0,65.9,SIAGA,diperkirakan besok tidak sehat; dan masih buruk lusa
Lorong,village,KALIMANTAN BARAT,1.4,109.3,92.3,tidak sehat,2026-09-12,99.5,tidak sehat,2026-09-13,92.3,tidak sehat,0,0,65.9,SIAGA,diperkirakan besok tidak sehat; dan masih buruk lusa
Sentebang,village,KALIMANTAN BARAT,1.3,109.0,92.3,tidak sehat,2026-09-12,99.5,tidak sehat,2026-09-13,92.3,tidak sehat,0,0,65.9,SIAGA,diperkirakan besok tidak sehat; dan masih buruk lusa
Semperiuk B,village,KALIMANTAN BARAT,1.2,109.0,92.3,tidak sehat,2026-09-12,99.5,tidak sehat,2026-09-13,92.3,tidak sehat,0,0,65.9,SIAGA,diperkirakan besok tidak sehat; dan masih buruk lusa
Gapura,village,KALIMANTAN BARAT,1.4,109.2,92.3,tidak sehat,2026-09-12,99.5,tidak sehat,2026-09-13,92.3,tidak sehat,0,0,65.9,SIAGA,diperkirakan besok tidak sehat; dan masih buruk lusa
Serunai,village,KALIMANTAN BARAT,1.1,109.1,92.3,tidak sehat,2026-09-12,99.5,tidak sehat,2026-09-13,92.3,tidak sehat,0,0,65.9,SIAGA,diperkirakan besok tidak sehat; dan masih buruk lusa
Sungai Rambah,village,KALIMANTAN BARAT,1.3,109.3,92.3,tidak sehat,2026-09-12,99.5,tidak sehat,2026-09-13,92.3,tidak sehat,0,0,65.9,SIAGA,diperkirakan besok tidak sehat; dan masih buruk lusa
Tebing Batu,village,KALIMANTAN BARAT,1.3,109.2,92.3,tidak sehat,2026-09-12,99.5,tidak sehat,2026-09-13,92.3,tidak sehat,0,0,65.9,SIAGA,diperkirakan besok tidak sehat; dan masih buruk lusa
Perapakan,village,KALIMANTAN BARAT,1.2,109.0,92.3,tidak sehat,2026-09-12,99.5,tidak sehat,2026-09-13,92.3,tidak sehat,0,0,65.9,SIAGA,diperkirakan besok tidak sehat; dan masih buruk lusa
Mekar Sekuntum,village,KALIMANTAN BARAT,1.2,109.1,92.3,tidak sehat,2026-09-12,99.5,tidak sehat,2026-09-13,92.3,tidak sehat,0,0,65.9,SIAGA,diperkirakan besok tidak sehat; dan masih buruk lusa
Sungai Toman,village,KALIMANTAN BARAT,1.1,109.0,92.3,tidak sehat,2026-09-12,99.5,tidak sehat,2026-09-13,92.3,tidak sehat,0,0,65.9,SIAGA,diperkirakan besok tidak sehat; dan masih buruk lusa
Sebawi,village,KALIMANTAN BARAT,1.3,109.2,92.3,tidak sehat,2026-09-12,99.5,tidak sehat,2026-09-13,92.3,tidak sehat,0,0,65.9,SIAGA,diperkirakan besok tidak sehat; dan masih buruk lusa
Gelik,village,KALIMANTAN BARAT,1.1,109.0,92.3,tidak sehat,2026-09-12,99.5,tidak sehat,2026-09-13,92.3,tidak sehat,0,0,65.9,SIAGA,diperkirakan besok tidak sehat; dan masih buruk lusa
Bukit Sigoler,village,KALIMANTAN BARAT,1.1,109.2,92.3,tidak sehat,2026-09-12,99.5,tidak sehat,2026-09-13,92.3,tidak sehat,0,0,65.9,SIAGA,diperkirakan besok tidak sehat; dan masih buruk lusa
Merubung,village,KALIMANTAN BARAT,1.3,109.2,92.3,tidak sehat,2026-09-12,99.5,tidak sehat,2026-09-13,92.3,tidak sehat,0,0,65.9,SIAGA,diperkirakan besok tidak sehat; dan masih buruk lusa
Parit Baru,village,KALIMANTAN BARAT,1.1,109.0,92.3,tidak sehat,2026-09-12,99.5,tidak sehat,2026-09-13,92.3,tidak sehat,0,0,81.8,SIAGA,diperkirakan besok tidak sehat; dan masih buruk lusa
Sungai Baru,village,KALIMANTAN BARAT,1.4,109.2,92.3,tidak sehat,2026-09-12,99.5,tidak sehat,2026-09-13,92.3,tidak sehat,0,0,65.9,SIAGA,diperkirakan besok tidak sehat; dan masih buruk lusa
Matang Segarau,village,KALIMANTAN BARAT,1.3,109.1,92.3,tidak sehat,2026-09-12,99.5,tidak sehat,2026-09-13,92.3,tidak sehat,0,0,65.9,SIAGA,diperkirakan besok tidak sehat; dan masih buruk lusa
Sarilaba B,village,KALIMANTAN BARAT,1.2,109.0,92.3,tidak sehat,2026-09-12,99.5,tidak sehat,2026-09-13,92.3,tidak sehat,0,0,65.9,SIAGA,diperkirakan besok tidak sehat; dan masih buruk lusa
Jelutung,village,KALIMANTAN BARAT,1.1,109.0,92.3,tidak sehat,2026-09-12,99.5,tidak sehat,2026-09-13,92.3,tidak sehat,0,0,81.8,SIAGA,diperkirakan besok tidak sehat; dan masih buruk lusa
Cepala,village,KALIMANTAN BARAT,1.3,109.2,92.3,tidak sehat,2026-09-12,99.5,tidak sehat,2026-09-13,92.3,tidak sehat,0,0,65.9,SIAGA,diperkirakan besok tidak sehat; dan masih buruk lusa
Sempadian,village,KALIMANTAN BARAT,1.3,109.1,92.3,tidak sehat,2026-09-12,99.5,tidak sehat,2026-09-13,92.3,tidak sehat,0,0,65.9,SIAGA,diperkirakan besok tidak sehat; dan masih buruk lusa
Segedong,village,KALIMANTAN BARAT,1.2,109.1,92.3,tidak sehat,2026-09-12,99.5,tidak sehat,2026-09-13,92.3,tidak sehat,0,0,65.9,SIAGA,diperkirakan besok tidak sehat; dan masih buruk lusa
Penjajap,village,KALIMANTAN BARAT,1.2,109.0,92.3,tidak sehat,2026-09-12,99.5,tidak sehat,2026-09-13,92.3,tidak sehat,0,0,81.8,SIAGA,diperkirakan besok tidak sehat; dan masih buruk lusa
Tanjung Mekar,village,KALIMANTAN BARAT,1.4,109.3,92.3,tidak sehat,2026-09-12,99.5,tidak sehat,2026-09-13,92.3,tidak sehat,0,0,65.9,SIAGA,diperkirakan besok tidak sehat; dan masih buruk lusa
Makrampai,village,KALIMANTAN BARAT,1.2,109.2,92.3,tidak sehat,2026-09-12,99.5,tidak sehat,2026-09-13,92.3,tidak sehat,0,0,65.9,SIAGA,diperkirakan besok tidak sehat; dan masih buruk lusa
Serindang,village,KALIMANTAN BARAT,1.1,109.1,92.3,tidak sehat,2026-09-12,99.5,tidak sehat,2026-09-13,92.3,tidak sehat,0,0,65.9,SIAGA,diperkirakan besok tidak sehat; dan masih buruk lusa
Pelimpaan,village,KALIMANTAN BARAT,1.4,109.1,92.3,tidak sehat,2026-09-12,99.5,tidak sehat,2026-09-13,92.3,tidak sehat,0,0,65.9,SIAGA,diperkirakan besok tidak sehat; dan masih buruk lusa
Durian,village,KALIMANTAN BARAT,1.4,109.3,92.3,tidak sehat,2026-09-12,99.5,tidak sehat,2026-09-13,92.3,tidak sehat,0,0,65.9,SIAGA,diperkirakan besok tidak sehat; dan masih buruk lusa
Rambayan,village,KALIMANTAN BARAT,1.3,109.1,92.3,tidak sehat,2026-09-12,99.5,tidak sehat,2026-09-13,92.3,tidak sehat,0,0,65.9,SIAGA,diperkirakan besok tidak sehat; dan masih buruk lusa
Pemangkat Kota,town,KALIMANTAN BARAT,1.2,109.0,92.3,tidak sehat,2026-09-12,99.5,tidak sehat,2026-09-13,92.3,tidak sehat,0,0,81.8,SIAGA,diperkirakan besok tidak sehat; dan masih buruk lusa
Tempatan,village,KALIMANTAN BARAT,1.3,109.2,92.3,tidak sehat,2026-09-12,99.5,tidak sehat,2026-09-13,92.3,tidak sehat,0,0,65.9,SIAGA,diperkirakan besok tidak sehat; dan masih buruk lusa
Tebas Kuala,village,KALIMANTAN BARAT,1.2,109.1,92.3,tidak sehat,2026-09-12,99.5,tidak sehat,2026-09-13,92.3,tidak sehat,0,0,65.9,SIAGA,diperkirakan besok tidak sehat; dan masih buruk lusa
Puringan,village,KALIMANTAN BARAT,1.4,109.2,92.3,tidak sehat,2026-09-12,99.5,tidak sehat,2026-09-13,92.3,tidak sehat,0,0,65.9,SIAGA,diperkirakan besok tidak sehat; dan masih buruk lusa
Semanjang,village,KALIMANTAN BARAT,1.3,109.2,92.3,tidak sehat,2026-09-12,99.5,tidak sehat,2026-09-13,92.3,tidak sehat,0,0,65.9,SIAGA,diperkirakan besok tidak sehat; dan masih buruk lusa
Sempalai Sebedang,village,KALIMANTAN BARAT,1.3,109.2,92.3,tidak sehat,2026-09-12,99.5,tidak sehat,2026-09-13,92.3,tidak sehat,0,0,65.9,SIAGA,diperkirakan besok tidak sehat; dan masih buruk lusa
Batu Makjage,village,KALIMANTAN BARAT,1.2,109.2,92.3,tidak sehat,2026-09-12,99.5,tidak sehat,2026-09-13,92.3,tidak sehat,0,0,65.9,SIAGA,diperkirakan besok tidak sehat; dan masih buruk lusa
Tanjung Bugis,village,KALIMANTAN BARAT,1.4,109.3,92.3,tidak sehat,2026-09-12,99.5,tidak sehat,2026-09-13,92.3,tidak sehat,0,0,65.9,SIAGA,diperkirakan besok tidak sehat; dan masih buruk lusa
Kuala,village,KALIMANTAN BARAT,1.1,109.0,92.3,tidak sehat,2026-09-12,99.5,tidak sehat,2026-09-13,92.3,tidak sehat,0,0,81.8,SIAGA,diperkirakan besok tidak sehat; dan masih buruk lusa
Parit Setia,village,KALIMANTAN BARAT,1.4,109.1,92.3,tidak sehat,2026-09-12,99.5,tidak sehat,2026-09-13,92.3,tidak sehat,0,0,65.9,SIAGA,diperkirakan besok tidak sehat; dan masih buruk lusa
Matang Terap,village,KALIMANTAN BARAT,1.3,109.0,92.3,tidak sehat,2026-09-12,99.5,tidak sehat,2026-09-13,92.3,tidak sehat,0,0,65.9,SIAGA,diperkirakan besok tidak sehat; dan masih buruk lusa
Jelu Air,village,KALIMANTAN BARAT,1.2,109.0,92.3,tidak sehat,2026-09-12,99.5,tidak sehat,2026-09-13,92.3,tidak sehat,0,0,65.9,SIAGA,diperkirakan besok tidak sehat; dan masih buruk lusa
Maktangguk,village,KALIMANTAN BARAT,1.2,109.1,92.3,tidak sehat,2026-09-12,99.5,tidak sehat,2026-09-13,92.3,tidak sehat,0,0,65.9,SIAGA,diperkirakan besok tidak sehat; dan masih buruk lusa
Seburing,village,KALIMANTAN BARAT,1.1,109.1,92.3,tidak sehat,2026-09-12,99.5,tidak sehat,2026-09-13,92.3,tidak sehat,0,0,65.9,SIAGA,diperkirakan besok tidak sehat; dan masih buruk lusa
Teluk Kaseh,village,KALIMANTAN BARAT,1.3,109.2,92.3,tidak sehat,2026-09-12,99.5,tidak sehat,2026-09-13,92.3,tidak sehat,0,0,65.9,SIAGA,diperkirakan besok tidak sehat; dan masih buruk lusa
Sabaran,village,KALIMANTAN BARAT,1.3,109.1,92.3,tidak sehat,2026-09-12,99.5,tidak sehat,2026-09-13,92.3,tidak sehat,0,0,65.9,SIAGA,diperkirakan besok tidak sehat; dan masih buruk lusa
Singaraya,village,KALIMANTAN BARAT,1.2,109.0,92.3,tidak sehat,2026-09-12,99.5,tidak sehat,2026-09-13,92.3,tidak sehat,0,0,65.9,SIAGA,diperkirakan besok tidak sehat; dan masih buruk lusa
Tebas Sungai,village,KALIMANTAN BARAT,1.2,109.1,92.3,tidak sehat,2026-09-12,99.5,tidak sehat,2026-09-13,92.3,tidak sehat,0,0,65.9,SIAGA,diperkirakan besok tidak sehat; dan masih buruk lusa
Pasar Melayu,village,KALIMANTAN BARAT,1.4,109.3,92.3,tidak sehat,2026-09-12,99.5,tidak sehat,2026-09-13,92.3,tidak sehat,0,0,65.9,SIAGA,diperkirakan besok tidak sehat; dan masih buruk lusa
Serumpun Buluh,village,KALIMANTAN BARAT,1.2,109.1,92.3,tidak sehat,2026-09-12,99.5,tidak sehat,2026-09-13,92.3,tidak sehat,0,0,65.9,SIAGA,diperkirakan besok tidak sehat; dan masih buruk lusa
Tumuk Manggis,village,KALIMANTAN BARAT,1.4,109.3,92.3,tidak sehat,2026-09-12,99.5,tidak sehat,2026-09-13,92.3,tidak sehat,0,0,65.9,SIAGA,diperkirakan besok tidak sehat; dan masih buruk lusa
Pusaka,village,KALIMANTAN BARAT,1.2,109.1,92.3,tidak sehat,2026-09-12,99.5,tidak sehat,2026-09-13,92.3,tidak sehat,0,0,65.9,SIAGA,diperkirakan besok tidak sehat; dan masih buruk lusa
Serumpun,village,KALIMANTAN BARAT,1.1,109.1,92.3,tidak sehat,2026-09-12,99.5,tidak sehat,2026-09-13,92.3,tidak sehat,0,0,65.9,SIAGA,diperkirakan besok tidak sehat; dan masih buruk lusa
Berlimang,village,KALIMANTAN BARAT,1.4,109.2,92.3,tidak sehat,2026-09-12,99.5,tidak sehat,2026-09-13,92.3,tidak sehat,0,0,65.9,SIAGA,diperkirakan besok tidak sehat; dan masih buruk lusa
Tekarang,village,KALIMANTAN BARAT,1.3,109.1,92.3,tidak sehat,2026-09-12,99.5,tidak sehat,2026-09-13,92.3,tidak sehat,0,0,65.9,SIAGA,diperkirakan besok tidak sehat; dan masih buruk lusa
Semperiuk A,village,KALIMANTAN BARAT,1.3,109.0,92.3,tidak sehat,2026-09-12,99.5,tidak sehat,2026-09-13,92.3,tidak sehat,0,0,65.9,SIAGA,diperkirakan besok tidak sehat; dan masih buruk lusa
Sepinggan,village,KALIMANTAN BARAT,1.2,109.1,92.3,tidak sehat,2026-09-12,99.5,tidak sehat,2026-09-13,92.3,tidak sehat,0,0,65.9,SIAGA,diperkirakan besok tidak sehat; dan masih buruk lusa
Lubuk Dagang,village,KALIMANTAN BARAT,1.4,109.3,92.3,tidak sehat,2026-09-12,99.5,tidak sehat,2026-09-13,92.3,tidak sehat,0,0,65.9,SIAGA,diperkirakan besok tidak sehat; dan masih buruk lusa
Semparuk,village,KALIMANTAN BARAT,1.2,109.1,92.3,tidak sehat,2026-09-12,99.5,tidak sehat,2026-09-13,92.3,tidak sehat,0,0,65.9,SIAGA,diperkirakan besok tidak sehat; dan masih buruk lusa
Parit Baru,village,KALIMANTAN BARAT,1.1,109.0,92.3,tidak sehat,2026-09-12,99.5,tidak sehat,2026-09-13,92.3,tidak sehat,0,0,81.8,SIAGA,diperkirakan besok tidak sehat; dan masih buruk lusa
Sungai Nyirih,village,KALIMANTAN BARAT,1.3,109.1,92.3,tidak sehat,2026-09-12,99.5,tidak sehat,2026-09-13,92.3,tidak sehat,0,0,65.9,SIAGA,diperkirakan besok tidak sehat; dan masih buruk lusa
Semangau,village,KALIMANTAN BARAT,1.3,109.3,92.3,tidak sehat,2026-09-12,99.5,tidak sehat,2026-09-13,92.3,tidak sehat,0,0,65.9,SIAGA,diperkirakan besok tidak sehat; dan masih buruk lusa
Sepadu,village,KALIMANTAN BARAT,1.1,109.1,92.3,tidak sehat,2026-09-12,99.5,tidak sehat,2026-09-13,92.3,tidak sehat,0,0,65.9,SIAGA,diperkirakan besok tidak sehat; dan masih buruk lusa
Sintete,hamlet,KALIMANTAN BARAT,1.2,109.1,92.3,tidak sehat,2026-09-12,99.5,tidak sehat,2026-09-13,92.3,tidak sehat,0,0,65.9,SIAGA,diperkirakan besok tidak sehat; dan masih buruk lusa
Nusantara,hamlet,KALIMANTAN BARAT,1.2,109.0,92.3,tidak sehat,2026-09-12,99.5,tidak sehat,2026-09-13,92.3,tidak sehat,0,0,65.9,SIAGA,diperkirakan besok tidak sehat; dan masih buruk lusa
Parit Kongsi,village,KALIMANTAN BARAT,1.1,109.0,92.3,tidak sehat,2026-09-12,99.5,tidak sehat,2026-09-13,92.3,tidak sehat,0,0,65.9,SIAGA,diperkirakan besok tidak sehat; dan masih buruk lusa
Lonam,village,KALIMANTAN BARAT,1.2,109.0,92.3,tidak sehat,2026-09-12,99.5,tidak sehat,2026-09-13,92.3,tidak sehat,0,0,65.9,SIAGA,diperkirakan besok tidak sehat; dan masih buruk lusa
Harapan,village,KALIMANTAN BARAT,1.2,109.0,92.3,tidak sehat,2026-09-12,99.5,tidak sehat,2026-09-13,92.3,tidak sehat,0,0,81.8,SIAGA,diperkirakan besok tidak sehat; dan masih buruk lusa
Gugah Sejahtera,village,KALIMANTAN BARAT,1.2,109.0,92.3,tidak sehat,2026-09-12,99.5,tidak sehat,2026-09-13,92.3,tidak sehat,0,0,81.8,SIAGA,diperkirakan besok tidak sehat; dan masih buruk lusa
Sebatuan,village,KALIMANTAN BARAT,1.1,108.9,92.3,tidak sehat,2026-09-12,99.5,tidak sehat,2026-09-13,92.3,tidak sehat,0,0,81.8,SIAGA,diperkirakan besok tidak sehat; dan masih buruk lusa
Salatiga,village,KALIMANTAN BARAT,1.1,109.0,92.3,tidak sehat,2026-09-12,99.5,tidak sehat,2026-09-13,92.3,tidak sehat,0,0,65.9,SIAGA,diperkirakan besok tidak sehat; dan masih buruk lusa
Mensere,village,KALIMANTAN BARAT,1.2,109.1,92.3,tidak sehat,2026-09-12,99.5,tidak sehat,2026-09-13,92.3,tidak sehat,0,0,65.9,SIAGA,diperkirakan besok tidak sehat; dan masih buruk lusa
Rantau Panjang,village,KALIMANTAN BARAT,1.3,109.2,92.3,tidak sehat,2026-09-12,99.5,tidak sehat,2026-09-13,92.3,tidak sehat,0,0,65.9,SIAGA,diperkirakan besok tidak sehat; dan masih buruk lusa
Lambau,village,KALIMANTAN BARAT,1.4,109.1,92.3,tidak sehat,2026-09-12,99.5,tidak sehat,2026-09-13,92.3,tidak sehat,0,0,65.9,SIAGA,diperkirakan besok tidak sehat; dan masih buruk lusa
Berlimang,village,KALIMANTAN BARAT,1.4,109.2,92.3,tidak sehat,2026-09-12,99.5,tidak sehat,2026-09-13,92.3,tidak sehat,0,0,65.9,SIAGA,diperkirakan besok tidak sehat; dan masih buruk lusa
Laman Bukit,village,KALIMANTAN BARAT,-0.2,111.6,91.8,tidak sehat,2026-09-12,108.7,tidak sehat,2026-09-13,100.5,tidak sehat,0,0,77.5,SIAGA,diperkirakan besok tidak sehat; dan masih buruk lusa
Nanga Dedai,village,KALIMANTAN BARAT,-0.1,111.7,91.8,tidak sehat,2026-09-12,108.7,tidak sehat,2026-09-13,100.5,tidak sehat,0,0,100.7,SIAGA,diperkirakan besok tidak sehat; dan masih buruk lusa
Tanjung Paoh,village,KALIMANTAN BARAT,-0.4,111.8,91.8,tidak sehat,2026-09-12,108.7,tidak sehat,2026-09-13,100.5,tidak sehat,0,0,77.5,SIAGA,diperkirakan besok tidak sehat; dan masih buruk lusa
Tauk,village,KALIMANTAN BARAT,0.0,111.7,91.8,tidak sehat,2026-09-12,108.7,tidak sehat,2026-09-13,100.5,tidak sehat,0,0,100.7,SIAGA,diperkirakan besok tidak sehat; dan masih buruk lusa
Penjernang,village,KALIMANTAN BARAT,-0.3,111.4,91.8,tidak sehat,2026-09-12,108.7,tidak sehat,2026-09-13,100.5,tidak sehat,0,0,77.5,SIAGA,diperkirakan besok tidak sehat; dan masih buruk lusa
Mungguk Bantok,village,KALIMANTAN BARAT,-0.0,111.6,91.8,tidak sehat,2026-09-12,108.7,tidak sehat,2026-09-13,100.5,tidak sehat,0,0,100.7,SIAGA,diperkirakan besok tidak sehat; dan masih buruk lusa
Perembang,village,KALIMANTAN BARAT,-0.1,111.5,91.8,tidak sehat,2026-09-12,108.7,tidak sehat,2026-09-13,100.5,tidak sehat,0,0,100.7,SIAGA,diperkirakan besok tidak sehat; dan masih buruk lusa
Nanga Keberak,village,KALIMANTAN BARAT,-0.4,111.5,91.8,tidak sehat,2026-09-12,108.7,tidak sehat,2026-09-13,100.5,tidak sehat,0,0,77.5,SIAGA,diperkirakan besok tidak sehat; dan masih buruk lusa
Tempunak Kapuas,village,KALIMANTAN BARAT,0.0,111.4,91.8,tidak sehat,2026-09-12,108.7,tidak sehat,2026-09-13,100.5,tidak sehat,0,0,100.7,SIAGA,diperkirakan besok tidak sehat; dan masih buruk lusa
Merarai Satu,village,KALIMANTAN BARAT,-0.1,111.5,91.8,tidak sehat,2026-09-12,108.7,tidak sehat,2026-09-13,100.5,tidak sehat,0,0,100.7,SIAGA,diperkirakan besok tidak sehat; dan masih buruk lusa
Pemuar,village,KALIMANTAN BARAT,-0.3,111.6,91.8,tidak sehat,2026-09-12,108.7,tidak sehat,2026-09-13,100.5,tidak sehat,0,0,77.5,SIAGA,diperkirakan besok tidak sehat; dan masih buruk lusa
Repak Sari,village,KALIMANTAN BARAT,-0.1,111.4,91.8,tidak sehat,2026-09-12,108.7,tidak sehat,2026-09-13,100.5,tidak sehat,0,0,100.7,SIAGA,diperkirakan besok tidak sehat; dan masih buruk lusa
Lebak Ubah,village,KALIMANTAN BARAT,-0.2,111.4,91.8,tidak sehat,2026-09-12,108.7,tidak sehat,2026-09-13,100.5,tidak sehat,0,0,77.5,SIAGA,diperkirakan besok tidak sehat; dan masih buruk lusa
Kajang Baru,village,KALIMANTAN BARAT,-0.1,111.5,91.8,tidak sehat,2026-09-12,108.7,tidak sehat,2026-09-13,100.5,tidak sehat,0,0,100.7,SIAGA,diperkirakan besok tidak sehat; dan masih buruk lusa
Nanga Jetak,village,KALIMANTAN BARAT,-0.0,111.6,91.8,tidak sehat,2026-09-12,108.7,tidak sehat,2026-09-13,100.5,tidak sehat,0,0,100.7,SIAGA,diperkirakan besok tidak sehat; dan masih buruk lusa
Beloyang,village,KALIMANTAN BARAT,-0.3,111.5,91.8,tidak sehat,2026-09-12,108.7,tidak sehat,2026-09-13,100.5,tidak sehat,0,0,77.5,SIAGA,diperkirakan besok tidak sehat; dan masih buruk lusa
Nusa Kenyikap,village,KALIMANTAN BARAT,-0.4,111.7,91.8,tidak sehat,2026-09-12,108.7,tidak sehat,2026-09-13,100.5,tidak sehat,0,0,77.5,SIAGA,diperkirakan besok tidak sehat; dan masih buruk lusa
Nanga Tempunak,village,KALIMANTAN BARAT,0.0,111.4,91.8,tidak sehat,2026-09-12,108.7,tidak sehat,2026-09-13,100.5,tidak sehat,0,0,100.7,SIAGA,diperkirakan besok tidak sehat; dan masih buruk lusa
Poring,village,KALIMANTAN BARAT,-0.4,111.7,91.8,tidak sehat,2026-09-12,108.7,tidak sehat,2026-09-13,100.5,tidak sehat,0,0,77.5,SIAGA,diperkirakan besok tidak sehat; dan masih buruk lusa
Gurung Kempadik,village,KALIMANTAN BARAT,-0.1,111.5,91.8,tidak sehat,2026-09-12,108.7,tidak sehat,2026-09-13,100.5,tidak sehat,0,0,100.7,SIAGA,diperkirakan besok tidak sehat; dan masih buruk lusa
Nanga Tikan,village,KALIMANTAN BARAT,-0.4,111.6,91.8,tidak sehat,2026-09-12,108.7,tidak sehat,2026-09-13,100.5,tidak sehat,0,0,77.5,SIAGA,diperkirakan besok tidak sehat; dan masih buruk lusa
Penyak Lalang,village,KALIMANTAN BARAT,-0.1,111.7,91.8,tidak sehat,2026-09-12,108.7,tidak sehat,2026-09-13,100.5,tidak sehat,0,0,100.7,SIAGA,diperkirakan besok tidak sehat; dan masih buruk lusa
Belonsat,village,KALIMANTAN BARAT,-0.3,111.5,91.8,tidak sehat,2026-09-12,108.7,tidak sehat,2026-09-13,100.5,tidak sehat,0,0,77.5,SIAGA,diperkirakan besok tidak sehat; dan masih buruk lusa
Batu Buil,village,KALIMANTAN BARAT,-0.3,111.6,91.8,tidak sehat,2026-09-12,108.7,tidak sehat,2026-09-13,100.5,tidak sehat,0,0,77.5,SIAGA,diperkirakan besok tidak sehat; dan masih buruk lusa
Mentunai,village,KALIMANTAN BARAT,-0.1,111.8,91.8,tidak sehat,2026-09-12,108.7,tidak sehat,2026-09-13,100.5,tidak sehat,0,0,77.5,SIAGA,diperkirakan besok tidak sehat; dan masih buruk lusa
Sarai,village,KALIMANTAN BARAT,-0.3,111.5,91.8,tidak sehat,2026-09-12,108.7,tidak sehat,2026-09-13,100.5,tidak sehat,0,0,77.5,SIAGA,diperkirakan besok tidak sehat; dan masih buruk lusa
Belinyuk Sibau,village,KALIMANTAN BARAT,-0.0,111.8,91.8,tidak sehat,2026-09-12,108.7,tidak sehat,2026-09-13,100.5,tidak sehat,0,0,100.7,SIAGA,diperkirakan besok tidak sehat; dan masih buruk lusa
Sungai Ukoi,village,KALIMANTAN BARAT,-0.0,111.4,91.8,tidak sehat,2026-09-12,108.7,tidak sehat,2026-09-13,100.5,tidak sehat,0,0,100.7,SIAGA,diperkirakan besok tidak sehat; dan masih buruk lusa
Tanjung Sari,village,KALIMANTAN BARAT,-0.4,111.7,91.8,tidak sehat,2026-09-12,108.7,tidak sehat,2026-09-13,100.5,tidak sehat,0,0,77.5,SIAGA,diperkirakan besok tidak sehat; dan masih buruk lusa
Guhung,village,KALIMANTAN BARAT,-0.2,111.5,91.8,tidak sehat,2026-09-12,108.7,tidak sehat,2026-09-13,100.5,tidak sehat,0,0,77.5,SIAGA,diperkirakan besok tidak sehat; dan masih buruk lusa
Kumpang,village,KALIMANTAN BARAT,-0.1,111.8,91.8,tidak sehat,2026-09-12,108.7,tidak sehat,2026-09-13,100.5,tidak sehat,0,0,100.7,SIAGA,diperkirakan besok tidak sehat; dan masih buruk lusa
Tekelak,village,KALIMANTAN BARAT,-0.3,111.7,91.8,tidak sehat,2026-09-12,108.7,tidak sehat,2026-09-13,100.5,tidak sehat,0,0,77.5,SIAGA,diperkirakan besok tidak sehat; dan masih buruk lusa
Rarai,village,KALIMANTAN BARAT,-0.2,111.5,91.8,tidak sehat,2026-09-12,108.7,tidak sehat,2026-09-13,100.5,tidak sehat,0,0,77.5,SIAGA,diperkirakan besok tidak sehat; dan masih buruk lusa
Bonet Engkabang,village,KALIMANTAN BARAT,-0.2,111.5,91.8,tidak sehat,2026-09-12,108.7,tidak sehat,2026-09-13,100.5,tidak sehat,0,0,100.7,SIAGA,diperkirakan besok tidak sehat; dan masih buruk lusa
Paal,village,KALIMANTAN BARAT,-0.3,111.7,91.8,tidak sehat,2026-09-12,108.7,tidak sehat,2026-09-13,100.5,tidak sehat,0,0,77.5,SIAGA,diperkirakan besok tidak sehat; dan masih buruk lusa
Pengkadan Baru,village,KALIMANTAN BARAT,0.0,111.7,91.8,tidak sehat,2026-09-12,108.7,tidak sehat,2026-09-13,100.5,tidak sehat,0,0,100.7,SIAGA,diperkirakan besok tidak sehat; dan masih buruk lusa
Pengkadan Sungai Rupa,village,KALIMANTAN BARAT,-0.1,111.7,91.8,tidak sehat,2026-09-12,108.7,tidak sehat,2026-09-13,100.5,tidak sehat,0,0,100.7,SIAGA,diperkirakan besok tidak sehat; dan masih buruk lusa
Nanga Kebebu,village,KALIMANTAN BARAT,-0.4,111.8,91.8,tidak sehat,2026-09-12,108.7,tidak sehat,2026-09-13,100.5,tidak sehat,0,0,77.5,SIAGA,diperkirakan besok tidak sehat; dan masih buruk lusa
Nanga Kayan,village,KALIMANTAN BARAT,-0.2,111.7,91.8,tidak sehat,2026-09-12,108.7,tidak sehat,2026-09-13,100.5,tidak sehat,0,0,77.5,SIAGA,diperkirakan besok tidak sehat; dan masih buruk lusa
Ransi Dakan,village,KALIMANTAN BARAT,-0.0,111.5,91.8,tidak sehat,2026-09-12,108.7,tidak sehat,2026-09-13,100.5,tidak sehat,0,0,100.7,SIAGA,diperkirakan besok tidak sehat; dan masih buruk lusa
Balai Harapan,village,KALIMANTAN BARAT,0.0,111.4,91.8,tidak sehat,2026-09-12,108.7,tidak sehat,2026-09-13,100.5,tidak sehat,0,0,91.8,SIAGA,diperkirakan besok tidak sehat; dan masih buruk lusa
Baya Betung,village,KALIMANTAN BARAT,-0.2,111.5,91.8,tidak sehat,2026-09-12,108.7,tidak sehat,2026-09-13,100.5,tidak sehat,0,0,100.7,SIAGA,diperkirakan besok tidak sehat; dan masih buruk lusa
Tanjung Niaga,village,KALIMANTAN BARAT,-0.3,111.7,91.8,tidak sehat,2026-09-12,108.7,tidak sehat,2026-09-13,100.5,tidak sehat,0,0,77.5,SIAGA,diperkirakan besok tidak sehat; dan masih buruk lusa
Tembawang Panjang,village,KALIMANTAN BARAT,-0.4,111.7,91.8,tidak sehat,2026-09-12,108.7,tidak sehat,2026-09-13,100.5,tidak sehat,0,0,77.5,SIAGA,diperkirakan besok tidak sehat; dan masih buruk lusa
Tertung,village,KALIMANTAN BARAT,0.0,111.5,91.8,tidak sehat,2026-09-12,108.7,tidak sehat,2026-09-13,100.5,tidak sehat,0,0,100.7,SIAGA,diperkirakan besok tidak sehat; dan masih buruk lusa
Merarai Dua,village,KALIMANTAN BARAT,-0.1,111.5,91.8,tidak sehat,2026-09-12,108.7,tidak sehat,2026-09-13,100.5,tidak sehat,0,0,100.7,SIAGA,diperkirakan besok tidak sehat; dan masih buruk lusa
Junjung Permai,village,KALIMANTAN BARAT,-0.4,111.6,91.8,tidak sehat,2026-09-12,108.7,tidak sehat,2026-09-13,100.5,tidak sehat,0,0,77.5,SIAGA,diperkirakan besok tidak sehat; dan masih buruk lusa
Batu Nanta,village,KALIMANTAN BARAT,-0.3,111.6,91.8,tidak sehat,2026-09-12,108.7,tidak sehat,2026-09-13,100.5,tidak sehat,0,0,77.5,SIAGA,diperkirakan besok tidak sehat; dan masih buruk lusa
Sungai Mali,village,KALIMANTAN BARAT,-0.1,111.7,91.8,tidak sehat,2026-09-12,108.7,tidak sehat,2026-09-13,100.5,tidak sehat,0,0,77.5,SIAGA,diperkirakan besok tidak sehat; dan masih buruk lusa
Langan,village,KALIMANTAN BARAT,-0.4,111.4,91.8,tidak sehat,2026-09-12,108.7,tidak sehat,2026-09-13,100.5,tidak sehat,0,0,77.5,SIAGA,diperkirakan besok tidak sehat; dan masih buruk lusa
Baru,village,KALIMANTAN BARAT,-0.3,111.7,91.8,tidak sehat,2026-09-12,108.7,tidak sehat,2026-09-13,100.5,tidak sehat,0,0,77.5,SIAGA,diperkirakan besok tidak sehat; dan masih buruk lusa
Melayang Sari,village,KALIMANTAN BARAT,-0.3,111.4,91.8,tidak sehat,2026-09-12,108.7,tidak sehat,2026-09-13,100.5,tidak sehat,0,0,77.5,SIAGA,diperkirakan besok tidak sehat; dan masih buruk lusa
Nobal,village,KALIMANTAN BARAT,-0.2,111.5,91.8,tidak sehat,2026-09-12,108.7,tidak sehat,2026-09-13,100.5,tidak sehat,0,0,100.7,SIAGA,diperkirakan besok tidak sehat; dan masih buruk lusa
Bonet Lama,village,KALIMANTAN BARAT,-0.2,111.5,91.8,tidak sehat,2026-09-12,108.7,tidak sehat,2026-09-13,100.5,tidak sehat,0,0,100.7,SIAGA,diperkirakan besok tidak sehat; dan masih buruk lusa
Lundang Baru,village,KALIMANTAN BARAT,-0.1,111.6,91.8,tidak sehat,2026-09-12,108.7,tidak sehat,2026-09-13,100.5,tidak sehat,0,0,100.7,SIAGA,diperkirakan besok tidak sehat; dan masih buruk lusa
Riguk,village,KALIMANTAN BARAT,-0.0,111.7,91.8,tidak sehat,2026-09-12,108.7,tidak sehat,2026-09-13,100.5,tidak sehat,0,0,100.7,SIAGA,diperkirakan besok tidak sehat; dan masih buruk lusa
Bancoh,village,KALIMANTAN BARAT,-0.1,111.5,91.8,tidak sehat,2026-09-12,108.7,tidak sehat,2026-09-13,100.5,tidak sehat,0,0,100.7,SIAGA,diperkirakan besok tidak sehat; dan masih buruk lusa
Tiong Keranjik,village,KALIMANTAN BARAT,-0.4,111.5,91.8,tidak sehat,2026-09-12,108.7,tidak sehat,2026-09-13,100.5,tidak sehat,0,0,77.5,SIAGA,diperkirakan besok tidak sehat; dan masih buruk lusa
Manter,village,KALIMANTAN BARAT,-0.1,111.5,91.8,tidak sehat,2026-09-12,108.7,tidak sehat,2026-09-13,100.5,tidak sehat,0,0,100.7,SIAGA,diperkirakan besok tidak sehat; dan masih buruk lusa
Batu Ampar,village,KALIMANTAN BARAT,-0.4,111.6,91.8,tidak sehat,2026-09-12,108.7,tidak sehat,2026-09-13,100.5,tidak sehat,0,0,77.5,SIAGA,diperkirakan besok tidak sehat; dan masih buruk lusa
Upit,village,KALIMANTAN BARAT,-0.4,111.4,91.8,tidak sehat,2026-09-12,108.7,tidak sehat,2026-09-13,100.5,tidak sehat,0,0,77.5,SIAGA,diperkirakan besok tidak sehat; dan masih buruk lusa
Nanga Pinoh,city,KALIMANTAN BARAT,-0.3,111.7,91.8,tidak sehat,2026-09-12,108.7,tidak sehat,2026-09-13,100.5,tidak sehat,0,0,77.5,SIAGA,diperkirakan besok tidak sehat; dan masih buruk lusa
Lalang Baru,village,KALIMANTAN BARAT,0.0,111.5,91.8,tidak sehat,2026-09-12,108.7,tidak sehat,2026-09-13,100.5,tidak sehat,0,0,100.7,SIAGA,diperkirakan besok tidak sehat; dan masih buruk lusa
Merti Guna,village,KALIMANTAN BARAT,0.0,111.5,91.8,tidak sehat,2026-09-12,108.7,tidak sehat,2026-09-13,100.5,tidak sehat,0,0,100.7,SIAGA,diperkirakan besok tidak sehat; dan masih buruk lusa
Sengkuang,village,KALIMANTAN BARAT,0.0,111.5,91.8,tidak sehat,2026-09-12,108.7,tidak sehat,2026-09-13,100.5,tidak sehat,0,0,100.7,SIAGA,diperkirakan besok tidak sehat; dan masih buruk lusa
Baras,village,KALIMANTAN BARAT,0.0,111.7,91.8,tidak sehat,2026-09-12,108.7,tidak sehat,2026-09-13,100.5,tidak sehat,0,0,100.7,SIAGA,diperkirakan besok tidak sehat; dan masih buruk lusa
Umin Jaya,village,KALIMANTAN BARAT,0.0,111.8,91.8,tidak sehat,2026-09-12,108.7,tidak sehat,2026-09-13,100.5,tidak sehat,0,0,100.7,SIAGA,diperkirakan besok tidak sehat; dan masih buruk lusa
Apin Baru,village,KALIMANTAN BARAT,-0.1,111.8,91.8,tidak sehat,2026-09-12,108.7,tidak sehat,2026-09-13,100.5,tidak sehat,0,0,100.7,SIAGA,diperkirakan besok tidak sehat; dan masih buruk lusa
Hulu Dedai,village,KALIMANTAN BARAT,-0.0,111.8,91.8,tidak sehat,2026-09-12,108.7,tidak sehat,2026-09-13,100.5,tidak sehat,0,0,100.7,SIAGA,diperkirakan besok tidak sehat; dan masih buruk lusa
Jangkang,village,KALIMANTAN BARAT,-0.1,111.7,91.8,tidak sehat,2026-09-12,108.7,tidak sehat,2026-09-13,100.5,tidak sehat,0,0,100.7,SIAGA,diperkirakan besok tidak sehat; dan masih buruk lusa
Terusan,village,KALIMANTAN BARAT,0.0,111.7,91.8,tidak sehat,2026-09-12,108.7,tidak sehat,2026-09-13,100.5,tidak sehat,0,0,100.7,SIAGA,diperkirakan besok tidak sehat; dan masih buruk lusa
Mengkirai Jaya,village,KALIMANTAN BARAT,-0.1,111.7,91.8,tidak sehat,2026-09-12,108.7,tidak sehat,2026-09-13,100.5,tidak sehat,0,0,77.5,SIAGA,diperkirakan besok tidak sehat; dan masih buruk lusa
Gandis Hulu,village,KALIMANTAN BARAT,-0.1,111.6,91.8,tidak sehat,2026-09-12,108.7,tidak sehat,2026-09-13,100.5,tidak sehat,0,0,77.5,SIAGA,diperkirakan besok tidak sehat; dan masih buruk lusa
Gandis,village,KALIMANTAN BARAT,-0.1,111.6,91.8,tidak sehat,2026-09-12,108.7,tidak sehat,2026-09-13,100.5,tidak sehat,0,0,100.7,SIAGA,diperkirakan besok tidak sehat; dan masih buruk lusa
Dedai Kanan,village,KALIMANTAN BARAT,-0.1,111.6,91.8,tidak sehat,2026-09-12,108.7,tidak sehat,2026-09-13,100.5,tidak sehat,0,0,100.7,SIAGA,diperkirakan besok tidak sehat; dan masih buruk lusa
Manyam,village,KALIMANTAN BARAT,-0.0,111.6,91.8,tidak sehat,2026-09-12,108.7,tidak sehat,2026-09-13,100.5,tidak sehat,0,0,100.7,SIAGA,diperkirakan besok tidak sehat; dan masih buruk lusa
Sungai Tapang,village,KALIMANTAN BARAT,-0.0,111.6,91.8,tidak sehat,2026-09-12,108.7,tidak sehat,2026-09-13,100.5,tidak sehat,0,0,100.7,SIAGA,diperkirakan besok tidak sehat; dan masih buruk lusa
Tanjung,village,KALIMANTAN BARAT,-0.0,111.6,91.8,tidak sehat,2026-09-12,108.7,tidak sehat,2026-09-13,100.5,tidak sehat,0,0,100.7,SIAGA,diperkirakan besok tidak sehat; dan masih buruk lusa
Batu Landung,village,KALIMANTAN BARAT,0.0,111.6,91.8,tidak sehat,2026-09-12,108.7,tidak sehat,2026-09-13,100.5,tidak sehat,0,0,100.7,SIAGA,diperkirakan besok tidak sehat; dan masih buruk lusa
Mail Jampong,village,KALIMANTAN BARAT,0.0,111.6,91.8,tidak sehat,2026-09-12,108.7,tidak sehat,2026-09-13,100.5,tidak sehat,0,0,100.7,SIAGA,diperkirakan besok tidak sehat; dan masih buruk lusa
Tebing Raya,village,KALIMANTAN BARAT,0.0,111.6,91.8,tidak sehat,2026-09-12,108.7,tidak sehat,2026-09-13,100.5,tidak sehat,0,0,100.7,SIAGA,diperkirakan besok tidak sehat; dan masih buruk lusa
Makong,hamlet,KALIMANTAN BARAT,-0.0,111.4,91.8,tidak sehat,2026-09-12,108.7,tidak sehat,2026-09-13,100.5,tidak sehat,0,0,100.7,SIAGA,diperkirakan besok tidak sehat; dan masih buruk lusa
Pudau Bersatu,village,KALIMANTAN BARAT,-0.2,111.4,91.8,tidak sehat,2026-09-12,108.7,tidak sehat,2026-09-13,100.5,tidak sehat,0,0,100.7,SIAGA,diperkirakan besok tidak sehat; dan masih buruk lusa
Kenyabur Baru,village,KALIMANTAN BARAT,-0.2,111.4,91.8,tidak sehat,2026-09-12,108.7,tidak sehat,2026-09-13,100.5,tidak sehat,0,0,100.7,SIAGA,diperkirakan besok tidak sehat; dan masih buruk lusa
Pagal Baru,village,KALIMANTAN BARAT,-0.1,111.4,91.8,tidak sehat,2026-09-12,108.7,tidak sehat,2026-09-13,100.5,tidak sehat,0,0,100.7,SIAGA,diperkirakan besok tidak sehat; dan masih buruk lusa
Penjernang Hulu,village,KALIMANTAN BARAT,-0.3,111.4,91.8,tidak sehat,2026-09-12,108.7,tidak sehat,2026-09-13,100.5,tidak sehat,0,0,77.5,SIAGA,diperkirakan besok tidak sehat; dan masih buruk lusa
Kunyai,village,KALIMANTAN BARAT,-0.0,111.4,91.8,tidak sehat,2026-09-12,108.7,tidak sehat,2026-09-13,100.5,tidak sehat,0,0,100.7,SIAGA,diperkirakan besok tidak sehat; dan masih buruk lusa
Riam Kijang,village,KALIMANTAN BARAT,-0.2,111.4,91.8,tidak sehat,2026-09-12,108.7,tidak sehat,2026-09-13,100.5,tidak sehat,0,0,100.7,SIAGA,diperkirakan besok tidak sehat; dan masih buruk lusa
Lundang,hamlet,KALIMANTAN BARAT,-0.1,111.6,91.8,tidak sehat,2026-09-12,108.7,tidak sehat,2026-09-13,100.5,tidak sehat,0,0,100.7,SIAGA,diperkirakan besok tidak sehat; dan masih buruk lusa
Sabang Surai,village,KALIMANTAN BARAT,-0.1,111.5,91.8,tidak sehat,2026-09-12,108.7,tidak sehat,2026-09-13,100.5,tidak sehat,0,0,100.7,SIAGA,diperkirakan besok tidak sehat; dan masih buruk lusa
Laman Raya,village,KALIMANTAN BARAT,-0.1,111.6,91.8,tidak sehat,2026-09-12,108.7,tidak sehat,2026-09-13,100.5,tidak sehat,0,0,100.7,SIAGA,diperkirakan besok tidak sehat; dan masih buruk lusa
Baya Mulya,village,KALIMANTAN BARAT,-0.2,111.6,91.8,tidak sehat,2026-09-12,108.7,tidak sehat,2026-09-13,100.5,tidak sehat,0,0,100.7,SIAGA,diperkirakan besok tidak sehat; dan masih buruk lusa
Solam Raya,village,KALIMANTAN BARAT,-0.2,111.5,91.8,tidak sehat,2026-09-12,108.7,tidak sehat,2026-09-13,100.5,tidak sehat,0,0,100.7,SIAGA,diperkirakan besok tidak sehat; dan masih buruk lusa
Balai Agung,village,KALIMANTAN BARAT,0.0,111.5,91.8,tidak sehat,2026-09-12,108.7,tidak sehat,2026-09-13,100.5,tidak sehat,0,0,100.7,SIAGA,diperkirakan besok tidak sehat; dan masih buruk lusa
Nanga Pau,village,KALIMANTAN BARAT,-0.4,111.4,91.8,tidak sehat,2026-09-12,108.7,tidak sehat,2026-09-13,100.5,tidak sehat,0,0,77.5,SIAGA,diperkirakan besok tidak sehat; dan masih buruk lusa
Nanga Entebah,village,KALIMANTAN BARAT,-0.4,111.4,91.8,tidak sehat,2026-09-12,108.7,tidak sehat,2026-09-13,100.5,tidak sehat,0,0,77.5,SIAGA,diperkirakan besok tidak sehat; dan masih buruk lusa
Piawas,village,KALIMANTAN BARAT,-0.4,111.5,91.8,tidak sehat,2026-09-12,108.7,tidak sehat,2026-09-13,100.5,tidak sehat,0,0,77.5,SIAGA,diperkirakan besok tidak sehat; dan masih buruk lusa
Tekaban,village,KALIMANTAN BARAT,-0.4,111.6,91.8,tidak sehat,2026-09-12,108.7,tidak sehat,2026-09-13,100.5,tidak sehat,0,0,77.5,SIAGA,diperkirakan besok tidak sehat; dan masih buruk lusa
Labang,village,KALIMANTAN BARAT,-0.3,111.7,91.8,tidak sehat,2026-09-12,108.7,tidak sehat,2026-09-13,100.5,tidak sehat,0,0,77.5,SIAGA,diperkirakan besok tidak sehat; dan masih buruk lusa
Nanga Menunuk,village,KALIMANTAN BARAT,-0.3,111.6,91.8,tidak sehat,2026-09-12,108.7,tidak sehat,2026-09-13,100.5,tidak sehat,0,0,77.5,SIAGA,diperkirakan besok tidak sehat; dan masih buruk lusa
Sepan Tonak,village,KALIMANTAN BARAT,-0.2,111.6,91.8,tidak sehat,2026-09-12,108.7,tidak sehat,2026-09-13,100.5,tidak sehat,0,0,77.5,SIAGA,diperkirakan besok tidak sehat; dan masih buruk lusa
Tanjung Arak,village,KALIMANTAN BARAT,-0.4,111.8,91.8,tidak sehat,2026-09-12,108.7,tidak sehat,2026-09-13,100.5,tidak sehat,0,0,77.5,SIAGA,diperkirakan besok tidak sehat; dan masih buruk lusa
Semadin Lengkong,village,KALIMANTAN BARAT,-0.3,111.8,91.8,tidak sehat,2026-09-12,108.7,tidak sehat,2026-09-13,100.5,tidak sehat,0,0,77.5,SIAGA,diperkirakan besok tidak sehat; dan masih buruk lusa
Kelakik,village,KALIMANTAN BARAT,-0.4,111.8,91.8,tidak sehat,2026-09-12,108.7,tidak sehat,2026-09-13,100.5,tidak sehat,0,0,77.5,SIAGA,diperkirakan besok tidak sehat; dan masih buruk lusa
Kenual,village,KALIMANTAN BARAT,-0.3,111.7,91.8,tidak sehat,2026-09-12,108.7,tidak sehat,2026-09-13,100.5,tidak sehat,0,0,77.5,SIAGA,diperkirakan besok tidak sehat; dan masih buruk lusa
Labai Mandiri,village,KALIMANTAN BARAT,-0.4,111.7,91.8,tidak sehat,2026-09-12,108.7,tidak sehat,2026-09-13,100.5,tidak sehat,0,0,77.5,SIAGA,diperkirakan besok tidak sehat; dan masih buruk lusa
Tanjung Lay,village,KALIMANTAN BARAT,-0.4,111.7,91.8,tidak sehat,2026-09-12,108.7,tidak sehat,2026-09-13,100.5,tidak sehat,0,0,77.5,SIAGA,diperkirakan besok tidak sehat; dan masih buruk lusa
Sidomulyo,village,KALIMANTAN BARAT,-0.3,111.7,91.8,tidak sehat,2026-09-12,108.7,tidak sehat,2026-09-13,100.5,tidak sehat,0,0,77.5,SIAGA,diperkirakan besok tidak sehat; dan masih buruk lusa
Tanjung Tengang,village,KALIMANTAN BARAT,-0.4,111.7,91.8,tidak sehat,2026-09-12,108.7,tidak sehat,2026-09-13,100.5,tidak sehat,0,0,77.5,SIAGA,diperkirakan besok tidak sehat; dan masih buruk lusa
Nanga Lidau,village,KALIMANTAN BARAT,-0.2,111.8,91.8,tidak sehat,2026-09-12,108.7,tidak sehat,2026-09-13,100.5,tidak sehat,0,0,77.5,SIAGA,diperkirakan besok tidak sehat; dan masih buruk lusa
Kayan Semapau,village,KALIMANTAN BARAT,-0.2,111.7,91.8,tidak sehat,2026-09-12,108.7,tidak sehat,2026-09-13,100.5,tidak sehat,0,0,77.5,SIAGA,diperkirakan besok tidak sehat; dan masih buruk lusa
Senibung,village,KALIMANTAN BARAT,-0.2,111.8,91.8,tidak sehat,2026-09-12,108.7,tidak sehat,2026-09-13,100.5,tidak sehat,0,0,77.5,SIAGA,diperkirakan besok tidak sehat; dan masih buruk lusa
Tengkajau,village,KALIMANTAN BARAT,-0.2,111.7,91.8,tidak sehat,2026-09-12,108.7,tidak sehat,2026-09-13,100.5,tidak sehat,0,0,77.5,SIAGA,diperkirakan besok tidak sehat; dan masih buruk lusa
Melamut Bersatu,village,KALIMANTAN BARAT,-0.3,111.7,91.8,tidak sehat,2026-09-12,108.7,tidak sehat,2026-09-13,100.5,tidak sehat,0,0,77.5,SIAGA,diperkirakan besok tidak sehat; dan masih buruk lusa
Nanga Belimbing,village,KALIMANTAN BARAT,-0.3,111.7,91.8,tidak sehat,2026-09-12,108.7,tidak sehat,2026-09-13,100.5,tidak sehat,0,0,77.5,SIAGA,diperkirakan besok tidak sehat; dan masih buruk lusa
Suka Damai,village,KALIMANTAN BARAT,-0.3,111.7,91.8,tidak sehat,2026-09-12,108.7,tidak sehat,2026-09-13,100.5,tidak sehat,0,0,77.5,SIAGA,diperkirakan besok tidak sehat; dan masih buruk lusa
Sungai Raya,village,KALIMANTAN BARAT,-0.3,111.8,91.8,tidak sehat,2026-09-12,108.7,tidak sehat,2026-09-13,100.5,tidak sehat,0,0,77.5,SIAGA,diperkirakan besok tidak sehat; dan masih buruk lusa
Kompas Raya,village,KALIMANTAN BARAT,-0.3,111.8,91.8,tidak sehat,2026-09-12,108.7,tidak sehat,2026-09-13,100.5,tidak sehat,0,0,77.5,SIAGA,diperkirakan besok tidak sehat; dan masih buruk lusa
Melawi Kiri Hilir,village,KALIMANTAN BARAT,-0.3,111.7,91.8,tidak sehat,2026-09-12,108.7,tidak sehat,2026-09-13,100.5,tidak sehat,0,0,77.5,SIAGA,diperkirakan besok tidak sehat; dan masih buruk lusa
Natai Tebedak,village,KALIMANTAN BARAT,-0.1,111.7,91.8,tidak sehat,2026-09-12,108.7,tidak sehat,2026-09-13,100.5,tidak sehat,0,0,77.5,SIAGA,diperkirakan besok tidak sehat; dan masih buruk lusa
Sungai Ranap,village,KALIMANTAN BARAT,-0.1,111.8,91.8,tidak sehat,2026-09-12,108.7,tidak sehat,2026-09-13,100.5,tidak sehat,0,0,77.5,SIAGA,diperkirakan besok tidak sehat; dan masih buruk lusa
Linggam Permai,village,KALIMANTAN BARAT,0.0,111.8,91.8,tidak sehat,2026-09-12,108.7,tidak sehat,2026-09-13,100.5,tidak sehat,0,0,100.7,SIAGA,diperkirakan besok tidak sehat; dan masih buruk lusa
Ipoh Emang,village,KALIMANTAN BARAT,-0.0,111.8,91.8,tidak sehat,2026-09-12,108.7,tidak sehat,2026-09-13,100.5,tidak sehat,0,0,100.7,SIAGA,diperkirakan besok tidak sehat; dan masih buruk lusa
Kenerak,village,KALIMANTAN BARAT,0.5,112.0,87.4,tidak sehat,2026-09-12,112.9,tidak sehat,2026-09-13,104.8,tidak sehat,0,0,61.1,SIAGA,diperkirakan besok tidak sehat; dan masih buruk lusa
Sungai Buaya,village,KALIMANTAN BARAT,0.1,112.1,87.4,tidak sehat,2026-09-12,112.9,tidak sehat,2026-09-13,104.8,tidak sehat,0,0,66.8,SIAGA,diperkirakan besok tidak sehat; dan masih buruk lusa
Nanga Lungu,village,KALIMANTAN BARAT,0.2,112.2,87.4,tidak sehat,2026-09-12,112.9,tidak sehat,2026-09-13,104.8,tidak sehat,0,0,66.8,SIAGA,diperkirakan besok tidak sehat; dan masih buruk lusa
Bongkong,village,KALIMANTAN BARAT,0.3,111.9,87.4,tidak sehat,2026-09-12,112.9,tidak sehat,2026-09-13,104.8,tidak sehat,0,0,61.1,SIAGA,diperkirakan besok tidak sehat; dan masih buruk lusa
Jongkong Hulu,village,KALIMANTAN BARAT,0.5,112.1,87.4,tidak sehat,2026-09-12,112.9,tidak sehat,2026-09-13,104.8,tidak sehat,0,0,61.1,SIAGA,diperkirakan besok tidak sehat; dan masih buruk lusa
Pala Kota,village,KALIMANTAN BARAT,0.4,111.9,87.4,tidak sehat,2026-09-12,112.9,tidak sehat,2026-09-13,104.8,tidak sehat,0,0,61.1,SIAGA,diperkirakan besok tidak sehat; dan masih buruk lusa
Mensusai,village,KALIMANTAN BARAT,0.5,112.1,87.4,tidak sehat,2026-09-12,112.9,tidak sehat,2026-09-13,104.8,tidak sehat,0,0,61.1,SIAGA,diperkirakan besok tidak sehat; dan masih buruk lusa
Kerengas,village,KALIMANTAN BARAT,0.5,112.1,87.4,tidak sehat,2026-09-12,112.9,tidak sehat,2026-09-13,104.8,tidak sehat,0,0,61.1,SIAGA,diperkirakan besok tidak sehat; dan masih buruk lusa
Nanga Luan,village,KALIMANTAN BARAT,0.2,112.2,87.4,tidak sehat,2026-09-12,112.9,tidak sehat,2026-09-13,104.8,tidak sehat,0,0,66.8,SIAGA,diperkirakan besok tidak sehat; dan masih buruk lusa
Belimbing,village,KALIMANTAN BARAT,0.3,112.0,87.4,tidak sehat,2026-09-12,112.9,tidak sehat,2026-09-13,104.8,tidak sehat,0,0,61.1,SIAGA,diperkirakan besok tidak sehat; dan masih buruk lusa
Seberu,village,KALIMANTAN BARAT,0.3,111.9,87.4,tidak sehat,2026-09-12,112.9,tidak sehat,2026-09-13,104.8,tidak sehat,0,0,61.1,SIAGA,diperkirakan besok tidak sehat; dan masih buruk lusa
Nanga Seberuang,village,KALIMANTAN BARAT,0.4,111.9,87.4,tidak sehat,2026-09-12,112.9,tidak sehat,2026-09-13,104.8,tidak sehat,0,0,61.1,SIAGA,diperkirakan besok tidak sehat; dan masih buruk lusa
Nanga Dangkan,village,KALIMANTAN BARAT,0.2,112.0,87.4,tidak sehat,2026-09-12,112.9,tidak sehat,2026-09-13,104.8,tidak sehat,0,0,61.1,SIAGA,diperkirakan besok tidak sehat; dan masih buruk lusa
Emperiang,village,KALIMANTAN BARAT,0.5,112.0,87.4,tidak sehat,2026-09-12,112.9,tidak sehat,2026-09-13,104.8,tidak sehat,0,0,61.1,SIAGA,diperkirakan besok tidak sehat; dan masih buruk lusa
Mantan,village,KALIMANTAN BARAT,0.5,112.0,87.4,tidak sehat,2026-09-12,112.9,tidak sehat,2026-09-13,104.8,tidak sehat,0,0,61.1,SIAGA,diperkirakan besok tidak sehat; dan masih buruk lusa
Sejiram,village,KALIMANTAN BARAT,0.4,112.0,87.4,tidak sehat,2026-09-12,112.9,tidak sehat,2026-09-13,104.8,tidak sehat,0,0,61.1,SIAGA,diperkirakan besok tidak sehat; dan masih buruk lusa
Sungai Sena,village,KALIMANTAN BARAT,0.3,111.9,87.4,tidak sehat,2026-09-12,112.9,tidak sehat,2026-09-13,104.8,tidak sehat,0,0,61.1,SIAGA,diperkirakan besok tidak sehat; dan masih buruk lusa
Belikai,village,KALIMANTAN BARAT,0.3,112.1,87.4,tidak sehat,2026-09-12,112.9,tidak sehat,2026-09-13,104.8,tidak sehat,0,0,61.1,SIAGA,diperkirakan besok tidak sehat; dan masih buruk lusa
Benuis,village,KALIMANTAN BARAT,0.5,112.2,87.4,tidak sehat,2026-09-12,112.9,tidak sehat,2026-09-13,104.8,tidak sehat,0,0,61.1,SIAGA,diperkirakan besok tidak sehat; dan masih buruk lusa
Beluis Harum,village,KALIMANTAN BARAT,0.4,112.1,87.4,tidak sehat,2026-09-12,112.9,tidak sehat,2026-09-13,104.8,tidak sehat,0,0,61.1,SIAGA,diperkirakan besok tidak sehat; dan masih buruk lusa
Melingkat,village,KALIMANTAN BARAT,0.1,112.0,87.4,tidak sehat,2026-09-12,112.9,tidak sehat,2026-09-13,104.8,tidak sehat,0,0,66.8,SIAGA,diperkirakan besok tidak sehat; dan masih buruk lusa
Bati,village,KALIMANTAN BARAT,0.4,112.1,87.4,tidak sehat,2026-09-12,112.9,tidak sehat,2026-09-13,104.8,tidak sehat,0,0,61.1,SIAGA,diperkirakan besok tidak sehat; dan masih buruk lusa
Nanga Ngeri,village,KALIMANTAN BARAT,0.2,112.1,87.4,tidak sehat,2026-09-12,112.9,tidak sehat,2026-09-13,104.8,tidak sehat,0,0,66.8,SIAGA,diperkirakan besok tidak sehat; dan masih buruk lusa
Seneban,village,KALIMANTAN BARAT,0.3,112.1,87.4,tidak sehat,2026-09-12,112.9,tidak sehat,2026-09-13,104.8,tidak sehat,0,0,61.1,SIAGA,diperkirakan besok tidak sehat; dan masih buruk lusa
Bengkuang,village,KALIMANTAN BARAT,0.1,111.9,87.4,tidak sehat,2026-09-12,112.9,tidak sehat,2026-09-13,104.8,tidak sehat,0,0,66.8,SIAGA,diperkirakan besok tidak sehat; dan masih buruk lusa
Landau Badai,village,KALIMANTAN BARAT,0.2,112.1,87.4,tidak sehat,2026-09-12,112.9,tidak sehat,2026-09-13,104.8,tidak sehat,0,0,66.8,SIAGA,diperkirakan besok tidak sehat; dan masih buruk lusa
Setunggul,village,KALIMANTAN BARAT,0.4,111.9,87.4,tidak sehat,2026-09-12,112.9,tidak sehat,2026-09-13,104.8,tidak sehat,0,0,61.1,SIAGA,diperkirakan besok tidak sehat; dan masih buruk lusa
Gurung,village,KALIMANTAN BARAT,0.4,112.0,87.4,tidak sehat,2026-09-12,112.9,tidak sehat,2026-09-13,104.8,tidak sehat,0,0,61.1,SIAGA,diperkirakan besok tidak sehat; dan masih buruk lusa
Kerapa Sepan,village,KALIMANTAN BARAT,0.1,111.9,87.4,tidak sehat,2026-09-12,112.9,tidak sehat,2026-09-13,104.8,tidak sehat,0,0,100.7,SIAGA,diperkirakan besok tidak sehat; dan masih buruk lusa
Semitau Hilir,village,KALIMANTAN BARAT,0.5,112.0,87.4,tidak sehat,2026-09-12,112.9,tidak sehat,2026-09-13,104.8,tidak sehat,0,0,61.1,SIAGA,diperkirakan besok tidak sehat; dan masih buruk lusa
Nanga Nuar,village,KALIMANTAN BARAT,0.3,111.9,87.4,tidak sehat,2026-09-12,112.9,tidak sehat,2026-09-13,104.8,tidak sehat,0,0,61.1,SIAGA,diperkirakan besok tidak sehat; dan masih buruk lusa
Bekuan,village,KALIMANTAN BARAT,0.3,112.1,87.4,tidak sehat,2026-09-12,112.9,tidak sehat,2026-09-13,104.8,tidak sehat,0,0,61.1,SIAGA,diperkirakan besok tidak sehat; dan masih buruk lusa
Tanjung Keliling,village,KALIMANTAN BARAT,0.4,112.1,87.4,tidak sehat,2026-09-12,112.9,tidak sehat,2026-09-13,104.8,tidak sehat,0,0,61.1,SIAGA,diperkirakan besok tidak sehat; dan masih buruk lusa
Nanga Lot,village,KALIMANTAN BARAT,0.3,112.2,87.4,tidak sehat,2026-09-12,112.9,tidak sehat,2026-09-13,104.8,tidak sehat,0,0,61.1,SIAGA,diperkirakan besok tidak sehat; dan masih buruk lusa
Ranyai,village,KALIMANTAN BARAT,0.4,112.0,87.4,tidak sehat,2026-09-12,112.9,tidak sehat,2026-09-13,104.8,tidak sehat,0,0,61.1,SIAGA,diperkirakan besok tidak sehat; dan masih buruk lusa
Nanga Pala,village,KALIMANTAN BARAT,0.4,112.0,87.4,tidak sehat,2026-09-12,112.9,tidak sehat,2026-09-13,104.8,tidak sehat,0,0,61.1,SIAGA,diperkirakan besok tidak sehat; dan masih buruk lusa
Tajau Mada,village,KALIMANTAN BARAT,0.4,112.0,87.4,tidak sehat,2026-09-12,112.9,tidak sehat,2026-09-13,104.8,tidak sehat,0,0,61.1,SIAGA,diperkirakan besok tidak sehat; dan masih buruk lusa
Jerenjang,village,KALIMANTAN BARAT,0.5,112.0,87.4,tidak sehat,2026-09-12,112.9,tidak sehat,2026-09-13,104.8,tidak sehat,0,0,61.1,SIAGA,diperkirakan besok tidak sehat; dan masih buruk lusa
Buluk Panjang,village,KALIMANTAN BARAT,0.1,111.9,87.4,tidak sehat,2026-09-12,112.9,tidak sehat,2026-09-13,104.8,tidak sehat,0,0,100.7,SIAGA,diperkirakan besok tidak sehat; dan masih buruk lusa
Landau Kodam,village,KALIMANTAN BARAT,0.1,111.9,87.4,tidak sehat,2026-09-12,112.9,tidak sehat,2026-09-13,104.8,tidak sehat,0,0,100.7,SIAGA,diperkirakan besok tidak sehat; dan masih buruk lusa
Sungai Labi,village,KALIMANTAN BARAT,0.2,111.9,87.4,tidak sehat,2026-09-12,112.9,tidak sehat,2026-09-13,104.8,tidak sehat,0,0,66.8,SIAGA,diperkirakan besok tidak sehat; dan masih buruk lusa
Inggut,hamlet,KALIMANTAN BARAT,0.2,112.2,87.4,tidak sehat,2026-09-12,112.9,tidak sehat,2026-09-13,104.8,tidak sehat,0,0,66.8,SIAGA,diperkirakan besok tidak sehat; dan masih buruk lusa
Lebak Najah,village,KALIMANTAN BARAT,0.2,112.0,87.4,tidak sehat,2026-09-12,112.9,tidak sehat,2026-09-13,104.8,tidak sehat,0,0,61.1,SIAGA,diperkirakan besok tidak sehat; dan masih buruk lusa
Tanjung Luar,hamlet,KALIMANTAN BARAT,0.2,112.1,87.4,tidak sehat,2026-09-12,112.9,tidak sehat,2026-09-13,104.8,tidak sehat,0,0,66.8,SIAGA,diperkirakan besok tidak sehat; dan masih buruk lusa
Perjuk,village,KALIMANTAN BARAT,0.1,112.1,87.4,tidak sehat,2026-09-12,112.9,tidak sehat,2026-09-13,104.8,tidak sehat,0,0,66.8,SIAGA,diperkirakan besok tidak sehat; dan masih buruk lusa
Nanga Pengga,hamlet,KALIMANTAN BARAT,0.2,112.1,87.4,tidak sehat,2026-09-12,112.9,tidak sehat,2026-09-13,104.8,tidak sehat,0,0,66.8,SIAGA,diperkirakan besok tidak sehat; dan masih buruk lusa
Selimu,village,KALIMANTAN BARAT,0.2,112.1,87.4,tidak sehat,2026-09-12,112.9,tidak sehat,2026-09-13,104.8,tidak sehat,0,0,66.8,SIAGA,diperkirakan besok tidak sehat; dan masih buruk lusa
Entibab,hamlet,KALIMANTAN BARAT,0.3,112.0,87.4,tidak sehat,2026-09-12,112.9,tidak sehat,2026-09-13,104.8,tidak sehat,0,0,61.1,SIAGA,diperkirakan besok tidak sehat; dan masih buruk lusa
Rumbih,village,KALIMANTAN BARAT,0.3,111.9,87.4,tidak sehat,2026-09-12,112.9,tidak sehat,2026-09-13,104.8,tidak sehat,0,0,61.1,SIAGA,diperkirakan besok tidak sehat; dan masih buruk lusa
Menapar,village,KALIMANTAN BARAT,0.5,112.1,87.4,tidak sehat,2026-09-12,112.9,tidak sehat,2026-09-13,104.8,tidak sehat,0,0,61.1,SIAGA,diperkirakan besok tidak sehat; dan masih buruk lusa
Semitau Hulu,village,KALIMANTAN BARAT,0.5,112.0,87.4,tidak sehat,2026-09-12,112.9,tidak sehat,2026-09-13,104.8,tidak sehat,0,0,61.1,SIAGA,diperkirakan besok tidak sehat; dan masih buruk lusa
Nanga Lemedak,village,KALIMANTAN BARAT,0.5,111.9,87.4,tidak sehat,2026-09-12,112.9,tidak sehat,2026-09-13,104.8,tidak sehat,0,0,61.1,SIAGA,diperkirakan besok tidak sehat; dan masih buruk lusa
Landau Kumpang,village,KALIMANTAN BARAT,0.4,112.3,87.4,tidak sehat,2026-09-12,112.9,tidak sehat,2026-09-13,104.8,tidak sehat,0,0,61.1,SIAGA,diperkirakan besok tidak sehat; dan masih buruk lusa
Gerayau,village,KALIMANTAN BARAT,0.5,112.2,87.4,tidak sehat,2026-09-12,112.9,tidak sehat,2026-09-13,104.8,tidak sehat,0,0,61.1,SIAGA,diperkirakan besok tidak sehat; dan masih buruk lusa
Mentawit,village,KALIMANTAN BARAT,0.4,112.3,87.4,tidak sehat,2026-09-12,112.9,tidak sehat,2026-09-13,104.8,tidak sehat,0,0,61.1,SIAGA,diperkirakan besok tidak sehat; dan masih buruk lusa
Lubuk Antuk,village,KALIMANTAN BARAT,0.4,112.3,87.4,tidak sehat,2026-09-12,112.9,tidak sehat,2026-09-13,104.8,tidak sehat,0,0,61.1,SIAGA,diperkirakan besok tidak sehat; dan masih buruk lusa
Kelakar,village,KALIMANTAN BARAT,0.4,112.3,87.4,tidak sehat,2026-09-12,112.9,tidak sehat,2026-09-13,104.8,tidak sehat,0,0,61.1,SIAGA,diperkirakan besok tidak sehat; dan masih buruk lusa
Karya Baru,village,KALIMANTAN BARAT,0.5,112.3,87.4,tidak sehat,2026-09-12,112.9,tidak sehat,2026-09-13,104.8,tidak sehat,0,0,61.1,SIAGA,diperkirakan besok tidak sehat; dan masih buruk lusa
Parang,village,KALIMANTAN BARAT,0.4,112.2,87.4,tidak sehat,2026-09-12,112.9,tidak sehat,2026-09-13,104.8,tidak sehat,0,0,61.1,SIAGA,diperkirakan besok tidak sehat; dan masih buruk lusa
Permata,village,KALIMANTAN BARAT,0.5,112.3,87.4,tidak sehat,2026-09-12,112.9,tidak sehat,2026-09-13,104.8,tidak sehat,0,0,61.1,SIAGA,diperkirakan besok tidak sehat; dan masih buruk lusa
Bugang,village,KALIMANTAN BARAT,0.4,112.3,87.4,tidak sehat,2026-09-12,112.9,tidak sehat,2026-09-13,104.8,tidak sehat,0,0,61.1,SIAGA,diperkirakan besok tidak sehat; dan masih buruk lusa
Nanga Tepuai,village,KALIMANTAN BARAT,0.4,112.3,87.4,tidak sehat,2026-09-12,112.9,tidak sehat,2026-09-13,104.8,tidak sehat,0,0,61.1,SIAGA,diperkirakan besok tidak sehat; dan masih buruk lusa
Riam Tapang,village,KALIMANTAN BARAT,0.2,112.3,87.4,tidak sehat,2026-09-12,112.9,tidak sehat,2026-09-13,104.8,tidak sehat,0,0,61.1,SIAGA,diperkirakan besok tidak sehat; dan masih buruk lusa
Entebi,village,KALIMANTAN BARAT,0.2,112.2,87.4,tidak sehat,2026-09-12,112.9,tidak sehat,2026-09-13,104.8,tidak sehat,0,0,66.8,SIAGA,diperkirakan besok tidak sehat; dan masih buruk lusa
Selangkai,village,KALIMANTAN BARAT,0.2,112.2,87.4,tidak sehat,2026-09-12,112.9,tidak sehat,2026-09-13,104.8,tidak sehat,0,0,61.1,SIAGA,diperkirakan besok tidak sehat; dan masih buruk lusa
Sejahtera Mandiri,village,KALIMANTAN BARAT,0.4,112.3,87.4,tidak sehat,2026-09-12,112.9,tidak sehat,2026-09-13,104.8,tidak sehat,0,0,61.1,SIAGA,diperkirakan besok tidak sehat; dan masih buruk lusa
Beringin,village,KALIMANTAN BARAT,0.4,112.3,87.4,tidak sehat,2026-09-12,112.9,tidak sehat,2026-09-13,104.8,tidak sehat,0,0,34.9,SIAGA,diperkirakan besok tidak sehat; dan masih buruk lusa
Karya Mandiri,village,KALIMANTAN BARAT,0.4,112.3,87.4,tidak sehat,2026-09-12,112.9,tidak sehat,2026-09-13,104.8,tidak sehat,0,0,61.1,SIAGA,diperkirakan besok tidak sehat; dan masih buruk lusa
Tunas Muda,village,KALIMANTAN BARAT,0.4,112.2,87.4,tidak sehat,2026-09-12,112.9,tidak sehat,2026-09-13,104.8,tidak sehat,0,0,61.1,SIAGA,diperkirakan besok tidak sehat; dan masih buruk lusa
Mubung,village,KALIMANTAN BARAT,0.4,112.3,87.4,tidak sehat,2026-09-12,112.9,tidak sehat,2026-09-13,104.8,tidak sehat,0,0,61.1,SIAGA,diperkirakan besok tidak sehat; dan masih buruk lusa
Tani Makmur,village,KALIMANTAN BARAT,0.4,112.2,87.4,tidak sehat,2026-09-12,112.9,tidak sehat,2026-09-13,104.8,tidak sehat,0,0,61.1,SIAGA,diperkirakan besok tidak sehat; dan masih buruk lusa
Simpang Senara,village,KALIMANTAN BARAT,0.4,112.3,87.4,tidak sehat,2026-09-12,112.9,tidak sehat,2026-09-13,104.8,tidak sehat,0,0,61.1,SIAGA,diperkirakan besok tidak sehat; dan masih buruk lusa
Kerangan Panjang,village,KALIMANTAN BARAT,0.5,112.3,87.4,tidak sehat,2026-09-12,112.9,tidak sehat,2026-09-13,104.8,tidak sehat,0,0,61.1,SIAGA,diperkirakan besok tidak sehat; dan masih buruk lusa
Sasan,village,KALIMANTAN BARAT,0.5,112.3,87.4,tidak sehat,2026-09-12,112.9,tidak sehat,2026-09-13,104.8,tidak sehat,0,0,61.1,SIAGA,diperkirakan besok tidak sehat; dan masih buruk lusa
Pengkadan Hilir,village,KALIMANTAN BARAT,0.5,112.3,87.4,tidak sehat,2026-09-12,112.9,tidak sehat,2026-09-13,104.8,tidak sehat,0,0,61.1,SIAGA,diperkirakan besok tidak sehat; dan masih buruk lusa
Mawan,village,KALIMANTAN BARAT,0.5,112.3,87.4,tidak sehat,2026-09-12,112.9,tidak sehat,2026-09-13,104.8,tidak sehat,0,0,34.9,SIAGA,diperkirakan besok tidak sehat; dan masih buruk lusa
Pinang Laka,village,KALIMANTAN BARAT,0.5,112.3,87.4,tidak sehat,2026-09-12,112.9,tidak sehat,2026-09-13,104.8,tidak sehat,0,0,61.1,SIAGA,diperkirakan besok tidak sehat; dan masih buruk lusa
Nanga Serawak,hamlet,KALIMANTAN BARAT,0.4,112.3,87.4,tidak sehat,2026-09-12,112.9,tidak sehat,2026-09-13,104.8,tidak sehat,0,0,34.9,SIAGA,diperkirakan besok tidak sehat; dan masih buruk lusa
Nanga Letuh,hamlet,KALIMANTAN BARAT,0.4,112.3,87.4,tidak sehat,2026-09-12,112.9,tidak sehat,2026-09-13,104.8,tidak sehat,0,0,61.1,SIAGA,diperkirakan besok tidak sehat; dan masih buruk lusa
Sekubah,village,KALIMANTAN BARAT,0.5,112.2,87.4,tidak sehat,2026-09-12,112.9,tidak sehat,2026-09-13,104.8,tidak sehat,0,0,61.1,SIAGA,diperkirakan besok tidak sehat; dan masih buruk lusa
Nibung,village,KALIMANTAN BARAT,0.6,112.2,85.0,tidak sehat,2026-09-12,114.2,tidak sehat,2026-09-13,106.0,tidak sehat,0,0,61.1,SIAGA,diperkirakan besok tidak sehat; dan masih buruk lusa
Sekulat,village,KALIMANTAN BARAT,0.8,112.1,85.0,tidak sehat,2026-09-12,114.2,tidak sehat,2026-09-13,106.0,tidak sehat,0,0,49.5,SIAGA,diperkirakan besok tidak sehat; dan masih buruk lusa
Madang Permai,village,KALIMANTAN BARAT,0.6,112.0,85.0,tidak sehat,2026-09-12,114.2,tidak sehat,2026-09-13,106.0,tidak sehat,0,0,61.1,SIAGA,diperkirakan besok tidak sehat; dan masih buruk lusa
Sepandan,village,KALIMANTAN BARAT,0.9,112.1,85.0,tidak sehat,2026-09-12,114.2,tidak sehat,2026-09-13,106.0,tidak sehat,0,0,49.5,SIAGA,diperkirakan besok tidak sehat; dan masih buruk lusa
Dalam,village,KALIMANTAN BARAT,0.6,112.1,85.0,tidak sehat,2026-09-12,114.2,tidak sehat,2026-09-13,106.0,tidak sehat,0,0,61.1,SIAGA,diperkirakan besok tidak sehat; dan masih buruk lusa
Mawan,village,KALIMANTAN BARAT,0.7,112.2,85.0,tidak sehat,2026-09-12,114.2,tidak sehat,2026-09-13,106.0,tidak sehat,0,0,61.1,SIAGA,diperkirakan besok tidak sehat; dan masih buruk lusa
Nanga Leboyan,village,KALIMANTAN BARAT,0.8,112.2,85.0,tidak sehat,2026-09-12,114.2,tidak sehat,2026-09-13,106.0,tidak sehat,0,0,49.5,SIAGA,diperkirakan besok tidak sehat; dan masih buruk lusa
Semuntik,village,KALIMANTAN BARAT,1.0,111.9,85.0,tidak sehat,2026-09-12,114.2,tidak sehat,2026-09-13,106.0,tidak sehat,0,0,49.5,SIAGA,diperkirakan besok tidak sehat; dan masih buruk lusa
Tanjung,village,KALIMANTAN BARAT,0.6,112.0,85.0,tidak sehat,2026-09-12,114.2,tidak sehat,2026-09-13,106.0,tidak sehat,0,0,61.1,SIAGA,diperkirakan besok tidak sehat; dan masih buruk lusa
Kekurak,village,KALIMANTAN BARAT,1.0,111.9,85.0,tidak sehat,2026-09-12,114.2,tidak sehat,2026-09-13,106.0,tidak sehat,0,0,49.5,SIAGA,diperkirakan besok tidak sehat; dan masih buruk lusa
Janting,village,KALIMANTAN BARAT,1.0,111.9,85.0,tidak sehat,2026-09-12,114.2,tidak sehat,2026-09-13,106.0,tidak sehat,0,0,49.5,SIAGA,diperkirakan besok tidak sehat; dan masih buruk lusa
Gudang Hilir,village,KALIMANTAN BARAT,0.6,112.1,85.0,tidak sehat,2026-09-12,114.2,tidak sehat,2026-09-13,106.0,tidak sehat,0,0,61.1,SIAGA,diperkirakan besok tidak sehat; dan masih buruk lusa
Gudang Hulu,village,KALIMANTAN BARAT,0.6,112.1,85.0,tidak sehat,2026-09-12,114.2,tidak sehat,2026-09-13,106.0,tidak sehat,0,0,61.1,SIAGA,diperkirakan besok tidak sehat; dan masih buruk lusa
Nanga Suhaid,village,KALIMANTAN BARAT,0.6,112.0,85.0,tidak sehat,2026-09-12,114.2,tidak sehat,2026-09-13,106.0,tidak sehat,0,0,61.1,SIAGA,diperkirakan besok tidak sehat; dan masih buruk lusa
Pulau Majang,village,KALIMANTAN BARAT,0.9,112.0,85.0,tidak sehat,2026-09-12,114.2,tidak sehat,2026-09-13,106.0,tidak sehat,0,0,49.5,SIAGA,diperkirakan besok tidak sehat; dan masih buruk lusa
Laut Tawang,village,KALIMANTAN BARAT,0.8,112.0,85.0,tidak sehat,2026-09-12,114.2,tidak sehat,2026-09-13,106.0,tidak sehat,0,0,49.5,SIAGA,diperkirakan besok tidak sehat; dan masih buruk lusa
Nanga Kenelang,hamlet,KALIMANTAN BARAT,0.8,112.0,85.0,tidak sehat,2026-09-12,114.2,tidak sehat,2026-09-13,106.0,tidak sehat,0,0,49.5,SIAGA,diperkirakan besok tidak sehat; dan masih buruk lusa
Laut Tawang,village,KALIMANTAN BARAT,0.7,112.0,85.0,tidak sehat,2026-09-12,114.2,tidak sehat,2026-09-13,106.0,tidak sehat,0,0,49.5,SIAGA,diperkirakan besok tidak sehat; dan masih buruk lusa
Tanjung Harapan,village,KALIMANTAN BARAT,0.6,112.0,85.0,tidak sehat,2026-09-12,114.2,tidak sehat,2026-09-13,106.0,tidak sehat,0,0,61.1,SIAGA,diperkirakan besok tidak sehat; dan masih buruk lusa
Nanga Kenepai,village,KALIMANTAN BARAT,0.6,111.9,85.0,tidak sehat,2026-09-12,114.2,tidak sehat,2026-09-13,106.0,tidak sehat,0,0,61.1,SIAGA,diperkirakan besok tidak sehat; dan masih buruk lusa
Marsedan Raya,village,KALIMANTAN BARAT,0.6,112.0,85.0,tidak sehat,2026-09-12,114.2,tidak sehat,2026-09-13,106.0,tidak sehat,0,0,61.1,SIAGA,diperkirakan besok tidak sehat; dan masih buruk lusa
Tempurau,village,KALIMANTAN BARAT,0.9,112.2,85.0,tidak sehat,2026-09-12,114.2,tidak sehat,2026-09-13,106.0,tidak sehat,0,0,49.5,SIAGA,diperkirakan besok tidak sehat; dan masih buruk lusa
Vega,village,KALIMANTAN BARAT,0.7,112.2,85.0,tidak sehat,2026-09-12,114.2,tidak sehat,2026-09-13,106.0,tidak sehat,0,0,61.1,SIAGA,diperkirakan besok tidak sehat; dan masih buruk lusa
Titian Kuala,village,KALIMANTAN BARAT,0.6,112.1,85.0,tidak sehat,2026-09-12,114.2,tidak sehat,2026-09-13,106.0,tidak sehat,0,0,61.1,SIAGA,diperkirakan besok tidak sehat; dan masih buruk lusa
Tinting Seligi,village,KALIMANTAN BARAT,0.9,111.9,85.0,tidak sehat,2026-09-12,114.2,tidak sehat,2026-09-13,106.0,tidak sehat,0,0,49.5,SIAGA,diperkirakan besok tidak sehat; dan masih buruk lusa
Nanga Badau,hamlet,KALIMANTAN BARAT,1.0,111.9,85.0,tidak sehat,2026-09-12,114.2,tidak sehat,2026-09-13,106.0,tidak sehat,0,0,49.5,SIAGA,diperkirakan besok tidak sehat; dan masih buruk lusa
Badau,village,KALIMANTAN BARAT,1.0,111.9,85.0,tidak sehat,2026-09-12,114.2,tidak sehat,2026-09-13,106.0,tidak sehat,0,0,49.5,SIAGA,diperkirakan besok tidak sehat; dan masih buruk lusa
NANGA EMPANANG,hamlet,KALIMANTAN BARAT,0.7,112.0,85.0,tidak sehat,2026-09-12,114.2,tidak sehat,2026-09-13,106.0,tidak sehat,0,0,49.5,SIAGA,diperkirakan besok tidak sehat; dan masih buruk lusa
Piasak,village,KALIMANTAN BARAT,0.7,112.2,85.0,tidak sehat,2026-09-12,114.2,tidak sehat,2026-09-13,106.0,tidak sehat,0,0,61.1,SIAGA,diperkirakan besok tidak sehat; dan masih buruk lusa
Bontai,village,KALIMANTAN BARAT,0.6,112.3,85.0,tidak sehat,2026-09-12,114.2,tidak sehat,2026-09-13,106.0,tidak sehat,0,0,61.1,SIAGA,diperkirakan besok tidak sehat; dan masih buruk lusa
Engkerengas,village,KALIMANTAN BARAT,0.6,112.2,85.0,tidak sehat,2026-09-12,114.2,tidak sehat,2026-09-13,106.0,tidak sehat,0,0,61.1,SIAGA,diperkirakan besok tidak sehat; dan masih buruk lusa
Ujung Jambu,village,KALIMANTAN BARAT,0.7,112.3,85.0,tidak sehat,2026-09-12,114.2,tidak sehat,2026-09-13,106.0,tidak sehat,0,0,34.9,SIAGA,diperkirakan besok tidak sehat; dan masih buruk lusa
Jongkong Tanjung,village,KALIMANTAN BARAT,0.7,112.3,85.0,tidak sehat,2026-09-12,114.2,tidak sehat,2026-09-13,106.0,tidak sehat,0,0,61.1,SIAGA,diperkirakan besok tidak sehat; dan masih buruk lusa
Temenang,village,KALIMANTAN BARAT,0.6,112.3,85.0,tidak sehat,2026-09-12,114.2,tidak sehat,2026-09-13,106.0,tidak sehat,0,0,61.1,SIAGA,diperkirakan besok tidak sehat; dan masih buruk lusa
Nanga Serian,village,KALIMANTAN BARAT,0.6,112.3,85.0,tidak sehat,2026-09-12,114.2,tidak sehat,2026-09-13,106.0,tidak sehat,0,0,61.1,SIAGA,diperkirakan besok tidak sehat; dan masih buruk lusa
Kandung Suli,village,KALIMANTAN BARAT,0.6,112.3,85.0,tidak sehat,2026-09-12,114.2,tidak sehat,2026-09-13,106.0,tidak sehat,0,0,61.1,SIAGA,diperkirakan besok tidak sehat; dan masih buruk lusa
Jongkong Kiri Hilir,village,KALIMANTAN BARAT,0.7,112.3,85.0,tidak sehat,2026-09-12,114.2,tidak sehat,2026-09-13,106.0,tidak sehat,0,0,61.1,SIAGA,diperkirakan besok tidak sehat; dan masih buruk lusa
Jongkong Kiri Tengah,village,KALIMANTAN BARAT,0.7,112.3,85.0,tidak sehat,2026-09-12,114.2,tidak sehat,2026-09-13,106.0,tidak sehat,0,0,61.1,SIAGA,diperkirakan besok tidak sehat; dan masih buruk lusa
Jongkong Kiri Hulu,village,KALIMANTAN BARAT,0.7,112.3,85.0,tidak sehat,2026-09-12,114.2,tidak sehat,2026-09-13,106.0,tidak sehat,0,0,61.1,SIAGA,diperkirakan besok tidak sehat; dan masih buruk lusa
Jongkong Pasar,village,KALIMANTAN BARAT,0.7,112.3,85.0,tidak sehat,2026-09-12,114.2,tidak sehat,2026-09-13,106.0,tidak sehat,0,0,61.1,SIAGA,diperkirakan besok tidak sehat; dan masih buruk lusa
Jongkong Kanan,village,KALIMANTAN BARAT,0.7,112.3,85.0,tidak sehat,2026-09-12,114.2,tidak sehat,2026-09-13,106.0,tidak sehat,0,0,61.1,SIAGA,diperkirakan besok tidak sehat; dan masih buruk lusa
Semalah,village,KALIMANTAN BARAT,0.9,112.2,85.0,tidak sehat,2026-09-12,114.2,tidak sehat,2026-09-13,106.0,tidak sehat,0,0,49.5,SIAGA,diperkirakan besok tidak sehat; dan masih buruk lusa
Lanjak Deras,village,KALIMANTAN BARAT,1.0,112.2,85.0,tidak sehat,2026-09-12,114.2,tidak sehat,2026-09-13,106.0,tidak sehat,0,0,49.5,SIAGA,diperkirakan besok tidak sehat; dan masih buruk lusa
Tanjung Riu,village,KALIMANTAN TENGAH,-1.2,113.9,84.6,tidak sehat,2026-09-12,127.6,tidak sehat,2026-09-13,125.4,tidak sehat,0,0,27.5,SIAGA,diperkirakan besok tidak sehat; dan masih buruk lusa
Tumbang Danau,village,KALIMANTAN TENGAH,-1.3,113.9,84.6,tidak sehat,2026-09-12,127.6,tidak sehat,2026-09-13,125.4,tidak sehat,0,0,27.5,SIAGA,diperkirakan besok tidak sehat; dan masih buruk lusa
Tumbang Tukun,village,KALIMANTAN TENGAH,-1.1,114.1,84.6,tidak sehat,2026-09-12,127.6,tidak sehat,2026-09-13,125.4,tidak sehat,0,0,27.5,SIAGA,diperkirakan besok tidak sehat; dan masih buruk lusa
Kuala Kurun,village,KALIMANTAN TENGAH,-1.1,113.9,84.6,tidak sehat,2026-09-12,127.6,tidak sehat,2026-09-13,125.4,tidak sehat,0,0,141.3,SIAGA,diperkirakan besok tidak sehat; dan masih buruk lusa
Tumbang Hakau,village,KALIMANTAN TENGAH,-1.3,113.9,84.6,tidak sehat,2026-09-12,127.6,tidak sehat,2026-09-13,125.4,tidak sehat,0,0,27.5,SIAGA,diperkirakan besok tidak sehat; dan masih buruk lusa
Rahung Bungai,village,KALIMANTAN TENGAH,-1.0,114.0,84.6,tidak sehat,2026-09-12,127.6,tidak sehat,2026-09-13,125.4,tidak sehat,0,0,14.7,SIAGA,diperkirakan besok tidak sehat; dan masih buruk lusa
Tumbang Miwan,village,KALIMANTAN TENGAH,-1.2,113.9,84.6,tidak sehat,2026-09-12,127.6,tidak sehat,2026-09-13,125.4,tidak sehat,0,0,141.3,SIAGA,diperkirakan besok tidak sehat; dan masih buruk lusa
Rangan Tate,village,KALIMANTAN TENGAH,-1.4,113.9,84.6,tidak sehat,2026-09-12,127.6,tidak sehat,2026-09-13,125.4,tidak sehat,0,0,27.5,SIAGA,diperkirakan besok tidak sehat; dan masih buruk lusa
Kaburan,village,KALIMANTAN TENGAH,-1.1,114.2,84.6,tidak sehat,2026-09-12,127.6,tidak sehat,2026-09-13,125.4,tidak sehat,0,0,27.5,SIAGA,diperkirakan besok tidak sehat; dan masih buruk lusa
Tumbang Diring,village,KALIMANTAN TENGAH,-1.1,114.1,84.6,tidak sehat,2026-09-12,127.6,tidak sehat,2026-09-13,125.4,tidak sehat,0,0,14.7,SIAGA,diperkirakan besok tidak sehat; dan masih buruk lusa
Dahian Tambuk,village,KALIMANTAN TENGAH,-1.3,113.9,84.6,tidak sehat,2026-09-12,127.6,tidak sehat,2026-09-13,125.4,tidak sehat,0,0,27.5,SIAGA,diperkirakan besok tidak sehat; dan masih buruk lusa
Teluk Nyatu,village,KALIMANTAN TENGAH,-1.2,113.9,84.6,tidak sehat,2026-09-12,127.6,tidak sehat,2026-09-13,125.4,tidak sehat,0,0,27.5,SIAGA,diperkirakan besok tidak sehat; dan masih buruk lusa
Supang,village,KALIMANTAN TENGAH,-1.0,114.1,84.6,tidak sehat,2026-09-12,127.6,tidak sehat,2026-09-13,125.4,tidak sehat,0,0,14.7,SIAGA,diperkirakan besok tidak sehat; dan masih buruk lusa
Hurung Bunut,village,KALIMANTAN TENGAH,-1.2,113.9,84.6,tidak sehat,2026-09-12,127.6,tidak sehat,2026-09-13,125.4,tidak sehat,0,0,27.5,SIAGA,diperkirakan besok tidak sehat; dan masih buruk lusa
Tangirang,village,KALIMANTAN TENGAH,-1.0,114.0,84.6,tidak sehat,2026-09-12,127.6,tidak sehat,2026-09-13,125.4,tidak sehat,0,0,14.7,SIAGA,diperkirakan besok tidak sehat; dan masih buruk lusa
Tewang Pajangan,village,KALIMANTAN TENGAH,-1.2,113.9,84.6,tidak sehat,2026-09-12,127.6,tidak sehat,2026-09-13,125.4,tidak sehat,0,0,141.3,SIAGA,diperkirakan besok tidak sehat; dan masih buruk lusa
Balai Banjang,village,KALIMANTAN TENGAH,-1.2,114.2,84.6,tidak sehat,2026-09-12,127.6,tidak sehat,2026-09-13,125.4,tidak sehat,0,0,27.5,SIAGA,diperkirakan besok tidak sehat; dan masih buruk lusa
Kuala Kurun,city,KALIMANTAN TENGAH,-1.1,113.9,84.6,tidak sehat,2026-09-12,127.6,tidak sehat,2026-09-13,125.4,tidak sehat,0,0,141.3,SIAGA,diperkirakan besok tidak sehat; dan masih buruk lusa
Sei Ringin,village,KALIMANTAN TENGAH,-1.1,114.1,84.6,tidak sehat,2026-09-12,127.6,tidak sehat,2026-09-13,125.4,tidak sehat,0,0,27.5,SIAGA,diperkirakan besok tidak sehat; dan masih buruk lusa
Pilang Munduk,village,KALIMANTAN TENGAH,-1.3,113.9,84.6,tidak sehat,2026-09-12,127.6,tidak sehat,2026-09-13,125.4,tidak sehat,0,0,27.5,SIAGA,diperkirakan besok tidak sehat; dan masih buruk lusa
Hurung Tabengan,village,KALIMANTAN TENGAH,-1.0,114.0,84.6,tidak sehat,2026-09-12,127.6,tidak sehat,2026-09-13,125.4,tidak sehat,0,0,14.7,SIAGA,diperkirakan besok tidak sehat; dan masih buruk lusa
Tumbang Tariak,village,KALIMANTAN TENGAH,-1.3,113.9,84.6,tidak sehat,2026-09-12,127.6,tidak sehat,2026-09-13,125.4,tidak sehat,0,0,27.5,SIAGA,diperkirakan besok tidak sehat; dan masih buruk lusa
Tampang Tumbang Anjir,village,KALIMANTAN TENGAH,-1.1,113.9,84.6,tidak sehat,2026-09-12,127.6,tidak sehat,2026-09-13,125.4,tidak sehat,0,0,141.3,SIAGA,diperkirakan besok tidak sehat; dan masih buruk lusa
Dandang,village,KALIMANTAN TENGAH,-1.2,114.2,84.6,tidak sehat,2026-09-12,127.6,tidak sehat,2026-09-13,125.4,tidak sehat,0,0,27.5,SIAGA,diperkirakan besok tidak sehat; dan masih buruk lusa
Tumbang Lampahung,village,KALIMANTAN TENGAH,-1.2,113.9,84.6,tidak sehat,2026-09-12,127.6,tidak sehat,2026-09-13,125.4,tidak sehat,0,0,141.3,SIAGA,diperkirakan besok tidak sehat; dan masih buruk lusa
Kampuri,village,KALIMANTAN TENGAH,-1.4,113.9,84.6,tidak sehat,2026-09-12,127.6,tidak sehat,2026-09-13,125.4,tidak sehat,0,0,27.5,SIAGA,diperkirakan besok tidak sehat; dan masih buruk lusa
Petak Bahandang,village,KALIMANTAN TENGAH,-1.1,113.9,84.6,tidak sehat,2026-09-12,127.6,tidak sehat,2026-09-13,125.4,tidak sehat,0,0,27.5,SIAGA,diperkirakan besok tidak sehat; dan masih buruk lusa
Dirung Koram,village,KALIMANTAN TENGAH,-1.0,114.0,84.6,tidak sehat,2026-09-12,127.6,tidak sehat,2026-09-13,125.4,tidak sehat,0,0,14.7,SIAGA,diperkirakan besok tidak sehat; dan masih buruk lusa
Jangkang,village,KALIMANTAN TENGAH,-1.2,114.2,84.6,tidak sehat,2026-09-12,127.6,tidak sehat,2026-09-13,125.4,tidak sehat,0,0,27.5,SIAGA,diperkirakan besok tidak sehat; dan masih buruk lusa
Mempawah Hilir,city,KALIMANTAN BARAT,0.4,109.0,84.4,tidak sehat,2026-09-12,98.6,tidak sehat,2026-09-13,95.7,tidak sehat,0,0,112.8,SIAGA,diperkirakan besok tidak sehat; dan masih buruk lusa
Tengah,village,KALIMANTAN BARAT,0.3,109.0,84.4,tidak sehat,2026-09-12,98.6,tidak sehat,2026-09-13,95.7,tidak sehat,0,0,112.8,SIAGA,diperkirakan besok tidak sehat; dan masih buruk lusa
Sengkubang,village,KALIMANTAN BARAT,0.4,108.9,84.4,tidak sehat,2026-09-12,98.6,tidak sehat,2026-09-13,95.7,tidak sehat,0,0,112.8,SIAGA,diperkirakan besok tidak sehat; dan masih buruk lusa
Sungai Duri II,village,KALIMANTAN BARAT,0.5,108.9,84.4,tidak sehat,2026-09-12,98.6,tidak sehat,2026-09-13,95.7,tidak sehat,0,0,84.4,SIAGA,diperkirakan besok tidak sehat; dan masih buruk lusa
Pasir,village,KALIMANTAN BARAT,0.4,108.9,84.4,tidak sehat,2026-09-12,98.6,tidak sehat,2026-09-13,95.7,tidak sehat,0,0,112.8,SIAGA,diperkirakan besok tidak sehat; dan masih buruk lusa
Kuala Secapah,village,KALIMANTAN BARAT,0.3,109.0,84.4,tidak sehat,2026-09-12,98.6,tidak sehat,2026-09-13,95.7,tidak sehat,0,0,112.8,SIAGA,diperkirakan besok tidak sehat; dan masih buruk lusa
Antibar,village,KALIMANTAN BARAT,0.4,109.0,84.4,tidak sehat,2026-09-12,98.6,tidak sehat,2026-09-13,95.7,tidak sehat,0,0,112.8,SIAGA,diperkirakan besok tidak sehat; dan masih buruk lusa
Sungai Dungun,village,KALIMANTAN BARAT,0.5,108.9,84.4,tidak sehat,2026-09-12,98.6,tidak sehat,2026-09-13,95.7,tidak sehat,0,0,112.8,SIAGA,diperkirakan besok tidak sehat; dan masih buruk lusa
Pasir Wan Salim,village,KALIMANTAN BARAT,0.3,109.0,84.4,tidak sehat,2026-09-12,98.6,tidak sehat,2026-09-13,95.7,tidak sehat,0,0,112.8,SIAGA,diperkirakan besok tidak sehat; dan masih buruk lusa
Pasir Palembang,village,KALIMANTAN BARAT,0.3,109.0,84.4,tidak sehat,2026-09-12,98.6,tidak sehat,2026-09-13,95.7,tidak sehat,0,0,112.8,SIAGA,diperkirakan besok tidak sehat; dan masih buruk lusa
Sungai Limau,village,KALIMANTAN BARAT,0.5,108.9,84.4,tidak sehat,2026-09-12,98.6,tidak sehat,2026-09-13,95.7,tidak sehat,0,0,84.4,SIAGA,diperkirakan besok tidak sehat; dan masih buruk lusa
Sungai Kunyit Dalam,village,KALIMANTAN BARAT,0.5,108.9,84.4,tidak sehat,2026-09-12,98.6,tidak sehat,2026-09-13,95.7,tidak sehat,0,0,84.4,SIAGA,diperkirakan besok tidak sehat; dan masih buruk lusa
Penibung,village,KALIMANTAN BARAT,0.4,108.9,84.4,tidak sehat,2026-09-12,98.6,tidak sehat,2026-09-13,95.7,tidak sehat,0,0,112.8,SIAGA,diperkirakan besok tidak sehat; dan masih buruk lusa
Pasir Panjang,village,KALIMANTAN BARAT,0.3,109.0,84.4,tidak sehat,2026-09-12,98.6,tidak sehat,2026-09-13,95.7,tidak sehat,0,0,112.8,SIAGA,diperkirakan besok tidak sehat; dan masih buruk lusa
Semudun,village,KALIMANTAN BARAT,0.5,108.9,84.4,tidak sehat,2026-09-12,98.6,tidak sehat,2026-09-13,95.7,tidak sehat,0,0,112.8,SIAGA,diperkirakan besok tidak sehat; dan masih buruk lusa
Pulau Pedalaman,village,KALIMANTAN BARAT,0.4,109.0,84.4,tidak sehat,2026-09-12,98.6,tidak sehat,2026-09-13,95.7,tidak sehat,0,0,112.8,SIAGA,diperkirakan besok tidak sehat; dan masih buruk lusa
Sejegi,village,KALIMANTAN BARAT,0.4,109.0,84.4,tidak sehat,2026-09-12,98.6,tidak sehat,2026-09-13,95.7,tidak sehat,0,0,112.8,SIAGA,diperkirakan besok tidak sehat; dan masih buruk lusa
Sungai Bundung Laut,village,KALIMANTAN BARAT,0.5,108.9,84.4,tidak sehat,2026-09-12,98.6,tidak sehat,2026-09-13,95.7,tidak sehat,0,0,84.4,SIAGA,diperkirakan besok tidak sehat; dan masih buruk lusa
Bukit Batu,village,KALIMANTAN BARAT,0.5,108.9,84.4,tidak sehat,2026-09-12,98.6,tidak sehat,2026-09-13,95.7,tidak sehat,0,0,84.4,SIAGA,diperkirakan besok tidak sehat; dan masih buruk lusa
Tanjung,village,KALIMANTAN BARAT,0.3,108.9,84.4,tidak sehat,2026-09-12,98.6,tidak sehat,2026-09-13,95.7,tidak sehat,0,0,112.8,SIAGA,diperkirakan besok tidak sehat; dan masih buruk lusa
Mendalok,village,KALIMANTAN BARAT,0.5,108.9,84.4,tidak sehat,2026-09-12,98.6,tidak sehat,2026-09-13,95.7,tidak sehat,0,0,112.8,SIAGA,diperkirakan besok tidak sehat; dan masih buruk lusa
Sungai Kunyit Hulu,village,KALIMANTAN BARAT,0.5,109.0,84.4,tidak sehat,2026-09-12,98.6,tidak sehat,2026-09-13,95.7,tidak sehat,0,0,84.4,SIAGA,diperkirakan besok tidak sehat; dan masih buruk lusa
Sungai Kunyit Laut,village,KALIMANTAN BARAT,0.5,108.9,84.4,tidak sehat,2026-09-12,98.6,tidak sehat,2026-09-13,95.7,tidak sehat,0,0,84.4,SIAGA,diperkirakan besok tidak sehat; dan masih buruk lusa
Terusan,village,KALIMANTAN BARAT,0.4,109.0,84.4,tidak sehat,2026-09-12,98.6,tidak sehat,2026-09-13,95.7,tidak sehat,0,0,112.8,SIAGA,diperkirakan besok tidak sehat; dan masih buruk lusa
Sungai Bakau Kecil,village,KALIMANTAN BARAT,0.3,109.0,84.4,tidak sehat,2026-09-12,98.6,tidak sehat,2026-09-13,95.7,tidak sehat,0,0,112.8,SIAGA,diperkirakan besok tidak sehat; dan masih buruk lusa
Malikian,village,KALIMANTAN BARAT,0.4,108.9,84.4,tidak sehat,2026-09-12,98.6,tidak sehat,2026-09-13,95.7,tidak sehat,0,0,112.8,SIAGA,diperkirakan besok tidak sehat; dan masih buruk lusa
Semparong Parit Raden,village,KALIMANTAN BARAT,0.5,109.0,84.4,tidak sehat,2026-09-12,98.6,tidak sehat,2026-09-13,95.7,tidak sehat,0,0,112.8,SIAGA,diperkirakan besok tidak sehat; dan masih buruk lusa
Karimunting,village,KALIMANTAN BARAT,0.8,108.9,81.8,tidak sehat,2026-09-12,112.5,tidak sehat,2026-09-13,101.1,tidak sehat,0,0,84.4,SIAGA,diperkirakan besok tidak sehat; dan masih buruk lusa
Sanggau Kulor,village,KALIMANTAN BARAT,0.9,109.0,81.8,tidak sehat,2026-09-12,112.5,tidak sehat,2026-09-13,101.1,tidak sehat,0,0,84.4,SIAGA,diperkirakan besok tidak sehat; dan masih buruk lusa
Jawa,village,KALIMANTAN BARAT,0.9,109.0,81.8,tidak sehat,2026-09-12,112.5,tidak sehat,2026-09-13,101.1,tidak sehat,0,0,84.4,SIAGA,diperkirakan besok tidak sehat; dan masih buruk lusa
Sebandut,village,KALIMANTAN BARAT,0.6,109.0,81.8,tidak sehat,2026-09-12,112.5,tidak sehat,2026-09-13,101.1,tidak sehat,0,0,84.4,SIAGA,diperkirakan besok tidak sehat; dan masih buruk lusa
Semelagi Kecil,village,KALIMANTAN BARAT,1.0,109.0,81.8,tidak sehat,2026-09-12,112.5,tidak sehat,2026-09-13,101.1,tidak sehat,0,0,65.9,SIAGA,diperkirakan besok tidak sehat; dan masih buruk lusa
Sungai Rasau,village,KALIMANTAN BARAT,1.0,109.0,81.8,tidak sehat,2026-09-12,112.5,tidak sehat,2026-09-13,101.1,tidak sehat,0,0,65.9,SIAGA,diperkirakan besok tidak sehat; dan masih buruk lusa
Sungai Raya,village,KALIMANTAN BARAT,0.7,108.9,81.8,tidak sehat,2026-09-12,112.5,tidak sehat,2026-09-13,101.1,tidak sehat,0,0,84.4,SIAGA,diperkirakan besok tidak sehat; dan masih buruk lusa
Pangmilang,village,KALIMANTAN BARAT,0.8,109.0,81.8,tidak sehat,2026-09-12,112.5,tidak sehat,2026-09-13,101.1,tidak sehat,0,0,84.4,SIAGA,diperkirakan besok tidak sehat; dan masih buruk lusa
Sungai Wie,village,KALIMANTAN BARAT,0.9,109.0,81.8,tidak sehat,2026-09-12,112.5,tidak sehat,2026-09-13,101.1,tidak sehat,0,0,84.4,SIAGA,diperkirakan besok tidak sehat; dan masih buruk lusa
Sungai Pangkalan I,village,KALIMANTAN BARAT,0.6,108.9,81.8,tidak sehat,2026-09-12,112.5,tidak sehat,2026-09-13,101.1,tidak sehat,0,0,84.4,SIAGA,diperkirakan besok tidak sehat; dan masih buruk lusa
Sungai Daun,village,KALIMANTAN BARAT,1.0,109.0,81.8,tidak sehat,2026-09-12,112.5,tidak sehat,2026-09-13,101.1,tidak sehat,0,0,81.8,SIAGA,diperkirakan besok tidak sehat; dan masih buruk lusa
Sungai Duri,village,KALIMANTAN BARAT,0.6,108.9,81.8,tidak sehat,2026-09-12,112.5,tidak sehat,2026-09-13,101.1,tidak sehat,0,0,84.4,SIAGA,diperkirakan besok tidak sehat; dan masih buruk lusa
Tengah,village,KALIMANTAN BARAT,0.9,109.0,81.8,tidak sehat,2026-09-12,112.5,tidak sehat,2026-09-13,101.1,tidak sehat,0,0,84.4,SIAGA,diperkirakan besok tidak sehat; dan masih buruk lusa
Sedau,village,KALIMANTAN BARAT,0.8,108.9,81.8,tidak sehat,2026-09-12,112.5,tidak sehat,2026-09-13,101.1,tidak sehat,0,0,84.4,SIAGA,diperkirakan besok tidak sehat; dan masih buruk lusa
Setapuk Besar,village,KALIMANTAN BARAT,1.0,109.0,81.8,tidak sehat,2026-09-12,112.5,tidak sehat,2026-09-13,101.1,tidak sehat,0,0,65.9,SIAGA,diperkirakan besok tidak sehat; dan masih buruk lusa
Sijangkung,village,KALIMANTAN BARAT,0.8,109.0,81.8,tidak sehat,2026-09-12,112.5,tidak sehat,2026-09-13,101.1,tidak sehat,0,0,84.4,SIAGA,diperkirakan besok tidak sehat; dan masih buruk lusa
Sungai Keran,village,KALIMANTAN BARAT,0.7,108.9,81.8,tidak sehat,2026-09-12,112.5,tidak sehat,2026-09-13,101.1,tidak sehat,0,0,84.4,SIAGA,diperkirakan besok tidak sehat; dan masih buruk lusa
Pangkalan Bemban,village,KALIMANTAN BARAT,1.0,109.0,81.8,tidak sehat,2026-09-12,112.5,tidak sehat,2026-09-13,101.1,tidak sehat,0,0,65.9,SIAGA,diperkirakan besok tidak sehat; dan masih buruk lusa
Kuala,village,KALIMANTAN BARAT,0.9,109.0,81.8,tidak sehat,2026-09-12,112.5,tidak sehat,2026-09-13,101.1,tidak sehat,0,0,84.4,SIAGA,diperkirakan besok tidak sehat; dan masih buruk lusa
Sungai Duri I,village,KALIMANTAN BARAT,0.6,108.9,81.8,tidak sehat,2026-09-12,112.5,tidak sehat,2026-09-13,101.1,tidak sehat,0,0,84.4,SIAGA,diperkirakan besok tidak sehat; dan masih buruk lusa
Sungai Bulan,village,KALIMANTAN BARAT,1.0,109.0,81.8,tidak sehat,2026-09-12,112.5,tidak sehat,2026-09-13,101.1,tidak sehat,0,0,65.9,SIAGA,diperkirakan besok tidak sehat; dan masih buruk lusa
Buduk Sempadang,village,KALIMANTAN BARAT,1.0,109.2,81.8,tidak sehat,2026-09-12,112.5,tidak sehat,2026-09-13,101.1,tidak sehat,0,0,65.9,SIAGA,diperkirakan besok tidak sehat; dan masih buruk lusa
Sungai Jaga B,village,KALIMANTAN BARAT,0.6,108.9,81.8,tidak sehat,2026-09-12,112.5,tidak sehat,2026-09-13,101.1,tidak sehat,0,0,84.4,SIAGA,diperkirakan besok tidak sehat; dan masih buruk lusa
Semelagi Besar,village,KALIMANTAN BARAT,1.0,109.0,81.8,tidak sehat,2026-09-12,112.5,tidak sehat,2026-09-13,101.1,tidak sehat,0,0,81.8,SIAGA,diperkirakan besok tidak sehat; dan masih buruk lusa
Setapuk Kecil,village,KALIMANTAN BARAT,1.0,109.0,81.8,tidak sehat,2026-09-12,112.5,tidak sehat,2026-09-13,101.1,tidak sehat,0,0,65.9,SIAGA,diperkirakan besok tidak sehat; dan masih buruk lusa
Rukma Jaya,village,KALIMANTAN BARAT,0.7,108.9,81.8,tidak sehat,2026-09-12,112.5,tidak sehat,2026-09-13,101.1,tidak sehat,0,0,84.4,SIAGA,diperkirakan besok tidak sehat; dan masih buruk lusa
Sungai Pangkalan II,village,KALIMANTAN BARAT,0.6,108.9,81.8,tidak sehat,2026-09-12,112.5,tidak sehat,2026-09-13,101.1,tidak sehat,0,0,84.4,SIAGA,diperkirakan besok tidak sehat; dan masih buruk lusa
Sungai Rusa,village,KALIMANTAN BARAT,1.0,109.0,81.8,tidak sehat,2026-09-12,112.5,tidak sehat,2026-09-13,101.1,tidak sehat,0,0,81.8,SIAGA,diperkirakan besok tidak sehat; dan masih buruk lusa
Sungai Jaga A,village,KALIMANTAN BARAT,0.6,108.9,81.8,tidak sehat,2026-09-12,112.5,tidak sehat,2026-09-13,101.1,tidak sehat,0,0,84.4,SIAGA,diperkirakan besok tidak sehat; dan masih buruk lusa
Melayu,village,KALIMANTAN BARAT,0.9,109.0,81.8,tidak sehat,2026-09-12,112.5,tidak sehat,2026-09-13,101.1,tidak sehat,0,0,84.4,SIAGA,diperkirakan besok tidak sehat; dan masih buruk lusa
Pawangi,village,KALIMANTAN BARAT,0.6,109.0,81.8,tidak sehat,2026-09-12,112.5,tidak sehat,2026-09-13,101.1,tidak sehat,0,0,84.4,SIAGA,diperkirakan besok tidak sehat; dan masih buruk lusa
Pasiran,village,KALIMANTAN BARAT,0.9,109.0,81.8,tidak sehat,2026-09-12,112.5,tidak sehat,2026-09-13,101.1,tidak sehat,0,0,84.4,SIAGA,diperkirakan besok tidak sehat; dan masih buruk lusa
Singkawang,city,KALIMANTAN BARAT,0.9,109.0,81.8,tidak sehat,2026-09-12,112.5,tidak sehat,2026-09-13,101.1,tidak sehat,0,0,84.4,SIAGA,diperkirakan besok tidak sehat; dan masih buruk lusa
Sekip Lama,village,KALIMANTAN BARAT,0.9,109.0,81.8,tidak sehat,2026-09-12,112.5,tidak sehat,2026-09-13,101.1,tidak sehat,0,0,84.4,SIAGA,diperkirakan besok tidak sehat; dan masih buruk lusa
Gayung Bersambut,village,KALIMANTAN BARAT,1.0,109.0,81.8,tidak sehat,2026-09-12,112.5,tidak sehat,2026-09-13,101.1,tidak sehat,0,0,65.9,SIAGA,diperkirakan besok tidak sehat; dan masih buruk lusa
Mandor,village,KALIMANTAN BARAT,0.6,109.0,81.8,tidak sehat,2026-09-12,112.5,tidak sehat,2026-09-13,101.1,tidak sehat,0,0,84.4,SIAGA,diperkirakan besok tidak sehat; dan masih buruk lusa
Sungai Soga,hamlet,KALIMANTAN BARAT,0.7,108.9,81.8,tidak sehat,2026-09-12,112.5,tidak sehat,2026-09-13,101.1,tidak sehat,0,0,84.4,SIAGA,diperkirakan besok tidak sehat; dan masih buruk lusa
Tanjung Gundul,hamlet,KALIMANTAN BARAT,0.8,108.9,81.8,tidak sehat,2026-09-12,112.5,tidak sehat,2026-09-13,101.1,tidak sehat,0,0,84.4,SIAGA,diperkirakan besok tidak sehat; dan masih buruk lusa
Sungai Sinjun,hamlet,KALIMANTAN BARAT,0.8,108.9,81.8,tidak sehat,2026-09-12,112.5,tidak sehat,2026-09-13,101.1,tidak sehat,0,0,84.4,SIAGA,diperkirakan besok tidak sehat; dan masih buruk lusa
Pangkalan Pasir,hamlet,KALIMANTAN BARAT,0.6,109.0,81.8,tidak sehat,2026-09-12,112.5,tidak sehat,2026-09-13,101.1,tidak sehat,0,0,84.4,SIAGA,diperkirakan besok tidak sehat; dan masih buruk lusa
Pasar Gunung,hamlet,KALIMANTAN BARAT,0.6,108.9,81.8,tidak sehat,2026-09-12,112.5,tidak sehat,2026-09-13,101.1,tidak sehat,0,0,84.4,SIAGA,diperkirakan besok tidak sehat; dan masih buruk lusa
Penyuguk,village,KALIMANTAN TENGAH,-0.7,112.0,77.5,tidak sehat,2026-09-12,89.2,tidak sehat,2026-09-13,91.7,tidak sehat,0,0,67.5,SIAGA,diperkirakan besok tidak sehat; dan masih buruk lusa
Riam Batang,village,KALIMANTAN TENGAH,-0.9,112.1,77.5,tidak sehat,2026-09-12,89.2,tidak sehat,2026-09-13,91.7,tidak sehat,0,0,56.8,SIAGA,diperkirakan besok tidak sehat; dan masih buruk lusa
Kerangan Kora,village,KALIMANTAN BARAT,-0.7,112.1,77.5,tidak sehat,2026-09-12,89.2,tidak sehat,2026-09-13,91.7,tidak sehat,0,0,67.5,SIAGA,diperkirakan besok tidak sehat; dan masih buruk lusa
Tumbang Taberau,village,KALIMANTAN TENGAH,-0.9,112.1,77.5,tidak sehat,2026-09-12,89.2,tidak sehat,2026-09-13,91.7,tidak sehat,0,0,56.8,SIAGA,diperkirakan besok tidak sehat; dan masih buruk lusa
Nanga Nyuruh,village,KALIMANTAN BARAT,-0.6,112.1,77.5,tidak sehat,2026-09-12,89.2,tidak sehat,2026-09-13,91.7,tidak sehat,0,0,67.5,SIAGA,diperkirakan besok tidak sehat; dan masih buruk lusa
Nanga Kempangai,village,KALIMANTAN BARAT,-0.6,112.1,77.5,tidak sehat,2026-09-12,89.2,tidak sehat,2026-09-13,91.7,tidak sehat,0,0,56.8,SIAGA,diperkirakan besok tidak sehat; dan masih buruk lusa
Bina Jaya,village,KALIMANTAN BARAT,-0.5,111.9,77.5,tidak sehat,2026-09-12,89.2,tidak sehat,2026-09-13,91.7,tidak sehat,0,0,77.5,SIAGA,diperkirakan besok tidak sehat; dan masih buruk lusa
Nanga Kalan,village,KALIMANTAN BARAT,-0.5,112.0,77.5,tidak sehat,2026-09-12,89.2,tidak sehat,2026-09-13,91.7,tidak sehat,0,0,67.5,SIAGA,diperkirakan besok tidak sehat; dan masih buruk lusa
Tanjung Paku,village,KALIMANTAN TENGAH,-0.7,112.1,77.5,tidak sehat,2026-09-12,89.2,tidak sehat,2026-09-13,91.7,tidak sehat,0,0,67.5,SIAGA,diperkirakan besok tidak sehat; dan masih buruk lusa
Sungai Bakah,village,KALIMANTAN BARAT,-0.5,111.9,77.5,tidak sehat,2026-09-12,89.2,tidak sehat,2026-09-13,91.7,tidak sehat,0,0,77.5,SIAGA,diperkirakan besok tidak sehat; dan masih buruk lusa
Dusun,hamlet,KALIMANTAN BARAT,-0.5,112.2,77.5,tidak sehat,2026-09-12,89.2,tidak sehat,2026-09-13,91.7,tidak sehat,0,0,67.5,SIAGA,diperkirakan besok tidak sehat; dan masih buruk lusa
Belaban Ella,village,KALIMANTAN BARAT,-0.5,112.2,77.5,tidak sehat,2026-09-12,89.2,tidak sehat,2026-09-13,91.7,tidak sehat,0,0,67.5,SIAGA,diperkirakan besok tidak sehat; dan masih buruk lusa
Sungai Labuk,village,KALIMANTAN BARAT,-0.6,112.1,77.5,tidak sehat,2026-09-12,89.2,tidak sehat,2026-09-13,91.7,tidak sehat,0,0,67.5,SIAGA,diperkirakan besok tidak sehat; dan masih buruk lusa
Perembang Nyuruh,village,KALIMANTAN BARAT,-0.6,112.1,77.5,tidak sehat,2026-09-12,89.2,tidak sehat,2026-09-13,91.7,tidak sehat,0,0,56.8,SIAGA,diperkirakan besok tidak sehat; dan masih buruk lusa
Jabai,village,KALIMANTAN BARAT,-0.7,112.0,77.5,tidak sehat,2026-09-12,89.2,tidak sehat,2026-09-13,91.7,tidak sehat,0,0,67.5,SIAGA,diperkirakan besok tidak sehat; dan masih buruk lusa
Kahiya,village,KALIMANTAN BARAT,-0.5,112.0,77.5,tidak sehat,2026-09-12,89.2,tidak sehat,2026-09-13,91.7,tidak sehat,0,0,67.5,SIAGA,diperkirakan besok tidak sehat; dan masih buruk lusa
Bemban Permai,village,KALIMANTAN BARAT,-0.5,112.0,77.5,tidak sehat,2026-09-12,89.2,tidak sehat,2026-09-13,91.7,tidak sehat,0,0,67.5,SIAGA,diperkirakan besok tidak sehat; dan masih buruk lusa
Nyangau,village,KALIMANTAN BARAT,-0.5,112.1,77.5,tidak sehat,2026-09-12,89.2,tidak sehat,2026-09-13,91.7,tidak sehat,0,0,67.5,SIAGA,diperkirakan besok tidak sehat; dan masih buruk lusa
Tanjung Batik,village,KALIMANTAN TENGAH,-0.8,112.3,77.5,tidak sehat,2026-09-12,89.2,tidak sehat,2026-09-13,91.7,tidak sehat,0,0,56.8,SIAGA,diperkirakan besok tidak sehat; dan masih buruk lusa
Tumbang Kaburai,village,KALIMANTAN TENGAH,-0.8,112.3,77.5,tidak sehat,2026-09-12,89.2,tidak sehat,2026-09-13,91.7,tidak sehat,0,0,67.5,SIAGA,diperkirakan besok tidak sehat; dan masih buruk lusa
Tumbang Karuei,village,KALIMANTAN TENGAH,-0.9,112.3,77.5,tidak sehat,2026-09-12,89.2,tidak sehat,2026-09-13,91.7,tidak sehat,0,0,56.8,SIAGA,diperkirakan besok tidak sehat; dan masih buruk lusa
Rangan Bahekang,village,KALIMANTAN TENGAH,-0.9,112.3,77.5,tidak sehat,2026-09-12,89.2,tidak sehat,2026-09-13,91.7,tidak sehat,0,0,56.8,SIAGA,diperkirakan besok tidak sehat; dan masih buruk lusa
Tumbang Kajamei,village,KALIMANTAN TENGAH,-0.9,112.3,77.5,tidak sehat,2026-09-12,89.2,tidak sehat,2026-09-13,91.7,tidak sehat,0,0,56.8,SIAGA,diperkirakan besok tidak sehat; dan masih buruk lusa
Dusun,hamlet,KALIMANTAN BARAT,-0.5,112.3,77.5,tidak sehat,2026-09-12,89.2,tidak sehat,2026-09-13,91.7,tidak sehat,0,0,67.5,SIAGA,diperkirakan besok tidak sehat; dan masih buruk lusa
Dusun,hamlet,KALIMANTAN BARAT,-0.5,112.3,77.5,tidak sehat,2026-09-12,89.2,tidak sehat,2026-09-13,91.7,tidak sehat,0,0,67.5,SIAGA,diperkirakan besok tidak sehat; dan masih buruk lusa
Dusun,hamlet,KALIMANTAN BARAT,-0.5,112.3,77.5,tidak sehat,2026-09-12,89.2,tidak sehat,2026-09-13,91.7,tidak sehat,0,0,67.5,SIAGA,diperkirakan besok tidak sehat; dan masih buruk lusa
Dusun,hamlet,KALIMANTAN BARAT,-0.5,112.3,77.5,tidak sehat,2026-09-12,89.2,tidak sehat,2026-09-13,91.7,tidak sehat,0,0,67.5,SIAGA,diperkirakan besok tidak sehat; dan masih buruk lusa
Dusun,hamlet,KALIMANTAN BARAT,-0.5,112.3,77.5,tidak sehat,2026-09-12,89.2,tidak sehat,2026-09-13,91.7,tidak sehat,0,0,67.5,SIAGA,diperkirakan besok tidak sehat; dan masih buruk lusa
Dusun,hamlet,KALIMANTAN BARAT,-0.5,112.3,77.5,tidak sehat,2026-09-12,89.2,tidak sehat,2026-09-13,91.7,tidak sehat,0,0,67.5,SIAGA,diperkirakan besok tidak sehat; dan masih buruk lusa
Dusun,hamlet,KALIMANTAN BARAT,-0.5,112.3,77.5,tidak sehat,2026-09-12,89.2,tidak sehat,2026-09-13,91.7,tidak sehat,0,0,67.5,SIAGA,diperkirakan besok tidak sehat; dan masih buruk lusa
Dusun,hamlet,KALIMANTAN BARAT,-0.5,112.2,77.5,tidak sehat,2026-09-12,89.2,tidak sehat,2026-09-13,91.7,tidak sehat,0,0,67.5,SIAGA,diperkirakan besok tidak sehat; dan masih buruk lusa
Dusun,hamlet,KALIMANTAN BARAT,-0.5,112.3,77.5,tidak sehat,2026-09-12,89.2,tidak sehat,2026-09-13,91.7,tidak sehat,0,0,67.5,SIAGA,diperkirakan besok tidak sehat; dan masih buruk lusa
Karang Mas,village,KALIMANTAN TENGAH,-1.6,111.2,74.9,tidak sehat,2026-09-12,73.5,tidak sehat,2026-09-13,74.4,tidak sehat,0,0,39.0,SIAGA,diperkirakan besok tidak sehat; dan masih buruk lusa
Benakitan,village,KALIMANTAN TENGAH,-1.7,111.2,74.9,tidak sehat,2026-09-12,73.5,tidak sehat,2026-09-13,74.4,tidak sehat,0,0,39.0,SIAGA,diperkirakan besok tidak sehat; dan masih buruk lusa
Riam Tinggi,village,KALIMANTAN TENGAH,-1.7,111.1,74.9,tidak sehat,2026-09-12,73.5,tidak sehat,2026-09-13,74.4,tidak sehat,0,0,39.0,SIAGA,diperkirakan besok tidak sehat; dan masih buruk lusa
Lopus,village,KALIMANTAN TENGAH,-1.6,111.0,74.9,tidak sehat,2026-09-12,73.5,tidak sehat,2026-09-13,74.4,tidak sehat,0,0,39.0,SIAGA,diperkirakan besok tidak sehat; dan masih buruk lusa
Tapin Bini,village,KALIMANTAN TENGAH,-1.9,111.3,74.9,tidak sehat,2026-09-12,73.5,tidak sehat,2026-09-13,74.4,tidak sehat,0,0,39.0,SIAGA,diperkirakan besok tidak sehat; dan masih buruk lusa
Kudangan,village,KALIMANTAN TENGAH,-1.6,111.0,74.9,tidak sehat,2026-09-12,73.5,tidak sehat,2026-09-13,74.4,tidak sehat,0,0,39.0,SIAGA,diperkirakan besok tidak sehat; dan masih buruk lusa
Riam Danau Kanan,village,KALIMANTAN BARAT,-1.8,110.9,74.9,tidak sehat,2026-09-12,73.5,tidak sehat,2026-09-13,74.4,tidak sehat,0,0,65.2,SIAGA,diperkirakan besok tidak sehat; dan masih buruk lusa
Sungai Tuat,village,KALIMANTAN TENGAH,-1.8,111.1,74.9,tidak sehat,2026-09-12,73.5,tidak sehat,2026-09-13,74.4,tidak sehat,0,0,39.0,SIAGA,diperkirakan besok tidak sehat; dan masih buruk lusa
Riam Panahan,village,KALIMANTAN TENGAH,-1.7,111.1,74.9,tidak sehat,2026-09-12,73.5,tidak sehat,2026-09-13,74.4,tidak sehat,0,0,39.0,SIAGA,diperkirakan besok tidak sehat; dan masih buruk lusa
Penopa,village,KALIMANTAN TENGAH,-1.9,111.2,74.9,tidak sehat,2026-09-12,73.5,tidak sehat,2026-09-13,74.4,tidak sehat,0,0,39.0,SIAGA,diperkirakan besok tidak sehat; dan masih buruk lusa
Liku,village,KALIMANTAN TENGAH,-1.7,111.2,74.9,tidak sehat,2026-09-12,73.5,tidak sehat,2026-09-13,74.4,tidak sehat,0,0,39.0,SIAGA,diperkirakan besok tidak sehat; dan masih buruk lusa
Kina,village,KALIMANTAN TENGAH,-1.5,111.2,74.9,tidak sehat,2026-09-12,73.5,tidak sehat,2026-09-13,74.4,tidak sehat,0,0,67.4,SIAGA,diperkirakan besok tidak sehat; dan masih buruk lusa
Landau Kantu,village,KALIMANTAN TENGAH,-1.7,111.1,74.9,tidak sehat,2026-09-12,73.5,tidak sehat,2026-09-13,74.4,tidak sehat,0,0,39.0,SIAGA,diperkirakan besok tidak sehat; dan masih buruk lusa
Cuhai,village,KALIMANTAN TENGAH,-1.8,111.1,74.9,tidak sehat,2026-09-12,73.5,tidak sehat,2026-09-13,74.4,tidak sehat,0,0,39.0,SIAGA,diperkirakan besok tidak sehat; dan masih buruk lusa
Batu Tambun,village,KALIMANTAN TENGAH,-1.8,111.1,74.9,tidak sehat,2026-09-12,73.5,tidak sehat,2026-09-13,74.4,tidak sehat,0,0,39.0,SIAGA,diperkirakan besok tidak sehat; dan masih buruk lusa
Kubung,village,KALIMANTAN TENGAH,-1.6,110.9,74.9,tidak sehat,2026-09-12,73.5,tidak sehat,2026-09-13,74.4,tidak sehat,0,0,65.2,SIAGA,diperkirakan besok tidak sehat; dan masih buruk lusa
Suja,village,KALIMANTAN TENGAH,-1.9,111.3,74.9,tidak sehat,2026-09-12,73.5,tidak sehat,2026-09-13,74.4,tidak sehat,0,0,39.0,SIAGA,diperkirakan besok tidak sehat; dan masih buruk lusa
Karang Taba,village,KALIMANTAN TENGAH,-1.9,111.1,74.9,tidak sehat,2026-09-12,73.5,tidak sehat,2026-09-13,74.4,tidak sehat,0,0,39.0,SIAGA,diperkirakan besok tidak sehat; dan masih buruk lusa
Penyombaan,village,KALIMANTAN TENGAH,-1.6,111.0,74.9,tidak sehat,2026-09-12,73.5,tidak sehat,2026-09-13,74.4,tidak sehat,0,0,39.0,SIAGA,diperkirakan besok tidak sehat; dan masih buruk lusa
Sepoyu,village,KALIMANTAN TENGAH,-1.7,111.1,74.9,tidak sehat,2026-09-12,73.5,tidak sehat,2026-09-13,74.4,tidak sehat,0,0,39.0,SIAGA,diperkirakan besok tidak sehat; dan masih buruk lusa
Mengkalang,village,KALIMANTAN TENGAH,-1.6,111.2,74.9,tidak sehat,2026-09-12,73.5,tidak sehat,2026-09-13,74.4,tidak sehat,0,0,39.0,SIAGA,diperkirakan besok tidak sehat; dan masih buruk lusa
Nyalang,village,KALIMANTAN TENGAH,-1.7,111.0,74.9,tidak sehat,2026-09-12,73.5,tidak sehat,2026-09-13,74.4,tidak sehat,0,0,39.0,SIAGA,diperkirakan besok tidak sehat; dan masih buruk lusa
Tanjung Beringin,village,KALIMANTAN TENGAH,-1.8,111.1,74.9,tidak sehat,2026-09-12,73.5,tidak sehat,2026-09-13,74.4,tidak sehat,0,0,39.0,SIAGA,diperkirakan besok tidak sehat; dan masih buruk lusa
Ginih,village,KALIMANTAN TENGAH,-1.7,111.2,74.9,tidak sehat,2026-09-12,73.5,tidak sehat,2026-09-13,74.4,tidak sehat,0,0,39.0,SIAGA,diperkirakan besok tidak sehat; dan masih buruk lusa
Kawa,village,KALIMANTAN TENGAH,-1.9,111.1,74.9,tidak sehat,2026-09-12,73.5,tidak sehat,2026-09-13,74.4,tidak sehat,0,0,39.0,SIAGA,diperkirakan besok tidak sehat; dan masih buruk lusa
Kinipan,village,KALIMANTAN TENGAH,-1.7,111.2,74.9,tidak sehat,2026-09-12,73.5,tidak sehat,2026-09-13,74.4,tidak sehat,0,0,39.0,SIAGA,diperkirakan besok tidak sehat; dan masih buruk lusa
Sekombulan,village,KALIMANTAN TENGAH,-1.6,110.9,74.9,tidak sehat,2026-09-12,73.5,tidak sehat,2026-09-13,74.4,tidak sehat,0,0,65.2,SIAGA,diperkirakan besok tidak sehat; dan masih buruk lusa
Karang Dangin,village,KALIMANTAN BARAT,-1.9,110.9,74.9,tidak sehat,2026-09-12,73.5,tidak sehat,2026-09-13,74.4,tidak sehat,0,0,65.2,SIAGA,diperkirakan besok tidak sehat; dan masih buruk lusa
Samu Jaya,village,KALIMANTAN TENGAH,-1.9,111.3,74.9,tidak sehat,2026-09-12,73.5,tidak sehat,2026-09-13,74.4,tidak sehat,0,0,39.0,SIAGA,diperkirakan besok tidak sehat; dan masih buruk lusa
Hulu Jojabo,village,KALIMANTAN TENGAH,-1.6,111.0,74.9,tidak sehat,2026-09-12,73.5,tidak sehat,2026-09-13,74.4,tidak sehat,0,0,65.2,SIAGA,diperkirakan besok tidak sehat; dan masih buruk lusa
Jamuat,village,KALIMANTAN BARAT,-1.5,111.1,74.9,tidak sehat,2026-09-12,73.5,tidak sehat,2026-09-13,74.4,tidak sehat,0,0,67.4,SIAGA,diperkirakan besok tidak sehat; dan masih buruk lusa
Tengon,village,KALIMANTAN BARAT,1.0,110.0,73.2,tidak sehat,2026-09-12,123.0,tidak sehat,2026-09-13,105.3,tidak sehat,0,0,100.2,SIAGA,diperkirakan besok tidak sehat; dan masih buruk lusa
Nyayum,village,KALIMANTAN BARAT,0.6,110.1,73.2,tidak sehat,2026-09-12,123.0,tidak sehat,2026-09-13,105.3,tidak sehat,0,0,128.3,SIAGA,diperkirakan besok tidak sehat; dan masih buruk lusa
Tenguwe,village,KALIMANTAN BARAT,0.8,109.9,73.2,tidak sehat,2026-09-12,123.0,tidak sehat,2026-09-13,105.3,tidak sehat,0,0,126.0,SIAGA,diperkirakan besok tidak sehat; dan masih buruk lusa
Semuntik,village,KALIMANTAN BARAT,0.6,110.2,73.2,tidak sehat,2026-09-12,123.0,tidak sehat,2026-09-13,105.3,tidak sehat,0,0,128.3,SIAGA,diperkirakan besok tidak sehat; dan masih buruk lusa
Bentiang Madomang,village,KALIMANTAN BARAT,0.9,109.9,73.2,tidak sehat,2026-09-12,123.0,tidak sehat,2026-09-13,105.3,tidak sehat,0,0,73.2,SIAGA,diperkirakan besok tidak sehat; dan masih buruk lusa
Temoyok,village,KALIMANTAN BARAT,0.7,110.1,73.2,tidak sehat,2026-09-12,123.0,tidak sehat,2026-09-13,105.3,tidak sehat,0,0,128.3,SIAGA,diperkirakan besok tidak sehat; dan masih buruk lusa
Jambu Tembawang,village,KALIMANTAN BARAT,0.8,110.1,73.2,tidak sehat,2026-09-12,123.0,tidak sehat,2026-09-13,105.3,tidak sehat,0,0,128.3,SIAGA,diperkirakan besok tidak sehat; dan masih buruk lusa
Kuala Behe,village,KALIMANTAN BARAT,0.6,110.0,73.2,tidak sehat,2026-09-12,123.0,tidak sehat,2026-09-13,105.3,tidak sehat,0,0,128.3,SIAGA,diperkirakan besok tidak sehat; dan masih buruk lusa
Sepangah,village,KALIMANTAN BARAT,0.7,110.1,73.2,tidak sehat,2026-09-12,123.0,tidak sehat,2026-09-13,105.3,tidak sehat,0,0,128.3,SIAGA,diperkirakan besok tidak sehat; dan masih buruk lusa
Sungai Ilai,village,KALIMANTAN BARAT,0.7,110.3,73.2,tidak sehat,2026-09-12,123.0,tidak sehat,2026-09-13,105.3,tidak sehat,0,0,128.3,SIAGA,diperkirakan besok tidak sehat; dan masih buruk lusa
Paku Raya,village,KALIMANTAN BARAT,0.6,110.1,73.2,tidak sehat,2026-09-12,123.0,tidak sehat,2026-09-13,105.3,tidak sehat,0,0,128.3,SIAGA,diperkirakan besok tidak sehat; dan masih buruk lusa
Semedang,village,KALIMANTAN BARAT,0.6,110.0,73.2,tidak sehat,2026-09-12,123.0,tidak sehat,2026-09-13,105.3,tidak sehat,0,0,128.3,SIAGA,diperkirakan besok tidak sehat; dan masih buruk lusa
Sempatung Lawek,village,KALIMANTAN BARAT,1.0,110.1,73.2,tidak sehat,2026-09-12,123.0,tidak sehat,2026-09-13,105.3,tidak sehat,0,0,100.2,SIAGA,diperkirakan besok tidak sehat; dan masih buruk lusa
Angkanyar,village,KALIMANTAN BARAT,0.6,109.9,73.2,tidak sehat,2026-09-12,123.0,tidak sehat,2026-09-13,105.3,tidak sehat,0,0,126.0,SIAGA,diperkirakan besok tidak sehat; dan masih buruk lusa
Engkangin,village,KALIMANTAN BARAT,0.8,110.1,73.2,tidak sehat,2026-09-12,123.0,tidak sehat,2026-09-13,105.3,tidak sehat,0,0,128.3,SIAGA,diperkirakan besok tidak sehat; dan masih buruk lusa
Raut Muara,village,KALIMANTAN BARAT,0.8,110.3,73.2,tidak sehat,2026-09-12,123.0,tidak sehat,2026-09-13,105.3,tidak sehat,0,0,117.3,SIAGA,diperkirakan besok tidak sehat; dan masih buruk lusa
Engkadik Pade,village,KALIMANTAN BARAT,0.7,110.0,73.2,tidak sehat,2026-09-12,123.0,tidak sehat,2026-09-13,105.3,tidak sehat,0,0,128.3,SIAGA,diperkirakan besok tidak sehat; dan masih buruk lusa
Tanjung Balai,village,KALIMANTAN BARAT,0.6,109.9,73.2,tidak sehat,2026-09-12,123.0,tidak sehat,2026-09-13,105.3,tidak sehat,0,0,126.0,SIAGA,diperkirakan besok tidak sehat; dan masih buruk lusa
Permiit,village,KALIMANTAN BARAT,0.6,110.0,73.2,tidak sehat,2026-09-12,123.0,tidak sehat,2026-09-13,105.3,tidak sehat,0,0,128.3,SIAGA,diperkirakan besok tidak sehat; dan masih buruk lusa
Serimbu,village,KALIMANTAN BARAT,0.8,110.1,73.2,tidak sehat,2026-09-12,123.0,tidak sehat,2026-09-13,105.3,tidak sehat,0,0,128.3,SIAGA,diperkirakan besok tidak sehat; dan masih buruk lusa
Semayang,village,KALIMANTAN BARAT,0.6,110.3,73.2,tidak sehat,2026-09-12,123.0,tidak sehat,2026-09-13,105.3,tidak sehat,0,0,138.3,SIAGA,diperkirakan besok tidak sehat; dan masih buruk lusa
Nyari,village,KALIMANTAN BARAT,0.9,110.2,73.2,tidak sehat,2026-09-12,123.0,tidak sehat,2026-09-13,105.3,tidak sehat,0,0,100.2,SIAGA,diperkirakan besok tidak sehat; dan masih buruk lusa
Sekendal,village,KALIMANTAN BARAT,0.7,110.2,73.2,tidak sehat,2026-09-12,123.0,tidak sehat,2026-09-13,105.3,tidak sehat,0,0,128.3,SIAGA,diperkirakan besok tidak sehat; dan masih buruk lusa
Tanjung Bunga,village,KALIMANTAN BARAT,0.6,110.3,73.2,tidak sehat,2026-09-12,123.0,tidak sehat,2026-09-13,105.3,tidak sehat,0,0,128.3,SIAGA,diperkirakan besok tidak sehat; dan masih buruk lusa
Merayuh,village,KALIMANTAN BARAT,0.9,110.2,73.2,tidak sehat,2026-09-12,123.0,tidak sehat,2026-09-13,105.3,tidak sehat,0,0,100.2,SIAGA,diperkirakan besok tidak sehat; dan masih buruk lusa
Mawang Muda,village,KALIMANTAN BARAT,0.8,110.3,73.2,tidak sehat,2026-09-12,123.0,tidak sehat,2026-09-13,105.3,tidak sehat,0,0,100.2,SIAGA,diperkirakan besok tidak sehat; dan masih buruk lusa
Dange Aji,village,KALIMANTAN BARAT,0.8,110.0,73.2,tidak sehat,2026-09-12,123.0,tidak sehat,2026-09-13,105.3,tidak sehat,0,0,128.3,SIAGA,diperkirakan besok tidak sehat; dan masih buruk lusa
village,village,KALIMANTAN BARAT,0.9,110.3,73.2,tidak sehat,2026-09-12,123.0,tidak sehat,2026-09-13,105.3,tidak sehat,0,0,100.2,SIAGA,diperkirakan besok tidak sehat; dan masih buruk lusa
village,village,KALIMANTAN BARAT,0.9,110.3,73.2,tidak sehat,2026-09-12,123.0,tidak sehat,2026-09-13,105.3,tidak sehat,0,0,100.2,SIAGA,diperkirakan besok tidak sehat; dan masih buruk lusa
Merau,hamlet,KALIMANTAN BARAT,0.9,110.3,73.2,tidak sehat,2026-09-12,123.0,tidak sehat,2026-09-13,105.3,tidak sehat,0,0,100.2,SIAGA,diperkirakan besok tidak sehat; dan masih buruk lusa
Serangkang,hamlet,KALIMANTAN BARAT,1.0,110.3,73.2,tidak sehat,2026-09-12,123.0,tidak sehat,2026-09-13,105.3,tidak sehat,0,0,100.2,SIAGA,diperkirakan besok tidak sehat; dan masih buruk lusa
Sengkeruh,hamlet,KALIMANTAN BARAT,0.6,109.9,73.2,tidak sehat,2026-09-12,123.0,tidak sehat,2026-09-13,105.3,tidak sehat,0,0,126.0,SIAGA,diperkirakan besok tidak sehat; dan masih buruk lusa
Semayong,hamlet,KALIMANTAN BARAT,0.8,110.3,73.2,tidak sehat,2026-09-12,123.0,tidak sehat,2026-09-13,105.3,tidak sehat,0,0,100.2,SIAGA,diperkirakan besok tidak sehat; dan masih buruk lusa
Entabang,hamlet,KALIMANTAN BARAT,1.0,110.3,73.2,tidak sehat,2026-09-12,123.0,tidak sehat,2026-09-13,105.3,tidak sehat,0,0,100.2,SIAGA,diperkirakan besok tidak sehat; dan masih buruk lusa
Mangkau,hamlet,KALIMANTAN BARAT,1.0,110.2,73.2,tidak sehat,2026-09-12,123.0,tidak sehat,2026-09-13,105.3,tidak sehat,0,0,100.2,SIAGA,diperkirakan besok tidak sehat; dan masih buruk lusa
Landau Apin,village,KALIMANTAN BARAT,-0.5,110.7,69.5,tidak sehat,2026-09-12,87.0,tidak sehat,2026-09-13,88.8,tidak sehat,0,0,56.6,SIAGA,diperkirakan besok tidak sehat; dan masih buruk lusa
Semandang Hulu,village,KALIMANTAN BARAT,-0.6,110.5,69.5,tidak sehat,2026-09-12,87.0,tidak sehat,2026-09-13,88.8,tidak sehat,0,0,56.6,SIAGA,diperkirakan besok tidak sehat; dan masih buruk lusa
Gema,village,KALIMANTAN BARAT,-0.8,110.4,69.5,tidak sehat,2026-09-12,87.0,tidak sehat,2026-09-13,88.8,tidak sehat,0,0,60.9,SIAGA,diperkirakan besok tidak sehat; dan masih buruk lusa
Sepotong,village,KALIMANTAN BARAT,-0.9,110.5,69.5,tidak sehat,2026-09-12,87.0,tidak sehat,2026-09-13,88.8,tidak sehat,0,0,60.9,SIAGA,diperkirakan besok tidak sehat; dan masih buruk lusa
Semandang Kiri,village,KALIMANTAN BARAT,-0.6,110.4,69.5,tidak sehat,2026-09-12,87.0,tidak sehat,2026-09-13,88.8,tidak sehat,0,0,60.9,SIAGA,diperkirakan besok tidak sehat; dan masih buruk lusa
Tembaga,village,KALIMANTAN BARAT,-0.5,110.7,69.5,tidak sehat,2026-09-12,87.0,tidak sehat,2026-09-13,88.8,tidak sehat,0,0,56.6,SIAGA,diperkirakan besok tidak sehat; dan masih buruk lusa
Harapan Baru,village,KALIMANTAN BARAT,-0.8,110.5,69.5,tidak sehat,2026-09-12,87.0,tidak sehat,2026-09-13,88.8,tidak sehat,0,0,60.9,SIAGA,diperkirakan besok tidak sehat; dan masih buruk lusa
Kualan Hulu,village,KALIMANTAN BARAT,-0.5,110.6,69.5,tidak sehat,2026-09-12,87.0,tidak sehat,2026-09-13,88.8,tidak sehat,0,0,56.6,SIAGA,diperkirakan besok tidak sehat; dan masih buruk lusa
Randau Limat,village,KALIMANTAN BARAT,-0.7,110.7,69.5,tidak sehat,2026-09-12,87.0,tidak sehat,2026-09-13,88.8,tidak sehat,0,0,63.9,SIAGA,diperkirakan besok tidak sehat; dan masih buruk lusa
Sukaramai,village,KALIMANTAN BARAT,-0.9,110.5,69.5,tidak sehat,2026-09-12,87.0,tidak sehat,2026-09-13,88.8,tidak sehat,0,0,60.9,SIAGA,diperkirakan besok tidak sehat; dan masih buruk lusa
Tanjung Beringin,village,KALIMANTAN BARAT,-0.8,110.5,69.5,tidak sehat,2026-09-12,87.0,tidak sehat,2026-09-13,88.8,tidak sehat,0,0,60.9,SIAGA,diperkirakan besok tidak sehat; dan masih buruk lusa
Mekar Raya,village,KALIMANTAN BARAT,-0.8,110.4,69.5,tidak sehat,2026-09-12,87.0,tidak sehat,2026-09-13,88.8,tidak sehat,0,0,60.9,SIAGA,diperkirakan besok tidak sehat; dan masih buruk lusa
Teluk Kebau,village,KALIMANTAN BARAT,-0.5,110.7,69.5,tidak sehat,2026-09-12,87.0,tidak sehat,2026-09-13,88.8,tidak sehat,0,0,56.6,SIAGA,diperkirakan besok tidak sehat; dan masih buruk lusa
Lembah Beringin,village,KALIMANTAN BARAT,-0.5,110.8,69.5,tidak sehat,2026-09-12,87.0,tidak sehat,2026-09-13,88.8,tidak sehat,0,0,56.6,SIAGA,diperkirakan besok tidak sehat; dan masih buruk lusa
Semandang Kanan,village,KALIMANTAN BARAT,-0.8,110.4,69.5,tidak sehat,2026-09-12,87.0,tidak sehat,2026-09-13,88.8,tidak sehat,0,0,60.9,SIAGA,diperkirakan besok tidak sehat; dan masih buruk lusa
Balai Pinang,village,KALIMANTAN BARAT,-0.5,110.4,69.5,tidak sehat,2026-09-12,87.0,tidak sehat,2026-09-13,88.8,tidak sehat,0,0,56.6,SIAGA,diperkirakan besok tidak sehat; dan masih buruk lusa
Tanjung Maju,village,KALIMANTAN BARAT,-0.7,110.5,69.5,tidak sehat,2026-09-12,87.0,tidak sehat,2026-09-13,88.8,tidak sehat,0,0,60.9,SIAGA,diperkirakan besok tidak sehat; dan masih buruk lusa
Merawa,village,KALIMANTAN BARAT,-0.5,110.4,69.5,tidak sehat,2026-09-12,87.0,tidak sehat,2026-09-13,88.8,tidak sehat,0,0,56.6,SIAGA,diperkirakan besok tidak sehat; dan masih buruk lusa
Kuala Randau,hamlet,KALIMANTAN BARAT,-0.6,110.5,69.5,tidak sehat,2026-09-12,87.0,tidak sehat,2026-09-13,88.8,tidak sehat,0,0,56.6,SIAGA,diperkirakan besok tidak sehat; dan masih buruk lusa
Sunge Bengaras,village,KALIMANTAN BARAT,-0.8,110.8,69.5,tidak sehat,2026-09-12,87.0,tidak sehat,2026-09-13,88.8,tidak sehat,0,0,63.9,SIAGA,diperkirakan besok tidak sehat; dan masih buruk lusa
Krio Hulu,village,KALIMANTAN BARAT,-0.9,110.8,69.5,tidak sehat,2026-09-12,87.0,tidak sehat,2026-09-13,88.8,tidak sehat,0,0,63.9,SIAGA,diperkirakan besok tidak sehat; dan masih buruk lusa
Tanjung Lambai,hamlet,KALIMANTAN BARAT,-0.9,110.8,69.5,tidak sehat,2026-09-12,87.0,tidak sehat,2026-09-13,88.8,tidak sehat,0,0,63.9,SIAGA,diperkirakan besok tidak sehat; dan masih buruk lusa
Balai Pinang Hulu,village,KALIMANTAN BARAT,-0.5,110.4,69.5,tidak sehat,2026-09-12,87.0,tidak sehat,2026-09-13,88.8,tidak sehat,0,0,56.6,SIAGA,diperkirakan besok tidak sehat; dan masih buruk lusa
Kenanga,village,KALIMANTAN BARAT,-0.7,110.5,69.5,tidak sehat,2026-09-12,87.0,tidak sehat,2026-09-13,88.8,tidak sehat,0,0,60.9,SIAGA,diperkirakan besok tidak sehat; dan masih buruk lusa
Legong,village,KALIMANTAN BARAT,-0.6,110.5,69.5,tidak sehat,2026-09-12,87.0,tidak sehat,2026-09-13,88.8,tidak sehat,0,0,56.6,SIAGA,diperkirakan besok tidak sehat; dan masih buruk lusa
Paoh Concong,village,KALIMANTAN BARAT,-0.7,110.4,69.5,tidak sehat,2026-09-12,87.0,tidak sehat,2026-09-13,88.8,tidak sehat,0,0,60.9,SIAGA,diperkirakan besok tidak sehat; dan masih buruk lusa
Merabu Jaya,village,KALIMANTAN BARAT,-0.7,110.7,69.5,tidak sehat,2026-09-12,87.0,tidak sehat,2026-09-13,88.8,tidak sehat,0,0,63.9,SIAGA,diperkirakan besok tidak sehat; dan masih buruk lusa
Selangkut Raya,village,KALIMANTAN BARAT,-0.8,110.5,69.5,tidak sehat,2026-09-12,87.0,tidak sehat,2026-09-13,88.8,tidak sehat,0,0,60.9,SIAGA,diperkirakan besok tidak sehat; dan masih buruk lusa
Lanjut Mekar Sari,village,KALIMANTAN BARAT,-0.9,110.5,69.5,tidak sehat,2026-09-12,87.0,tidak sehat,2026-09-13,88.8,tidak sehat,0,0,60.9,SIAGA,diperkirakan besok tidak sehat; dan masih buruk lusa
Teluk Mutiara,village,KALIMANTAN BARAT,-0.9,110.5,69.5,tidak sehat,2026-09-12,87.0,tidak sehat,2026-09-13,88.8,tidak sehat,0,0,60.9,SIAGA,diperkirakan besok tidak sehat; dan masih buruk lusa
Kepari,village,KALIMANTAN BARAT,-0.9,110.5,69.5,tidak sehat,2026-09-12,87.0,tidak sehat,2026-09-13,88.8,tidak sehat,0,0,60.9,SIAGA,diperkirakan besok tidak sehat; dan masih buruk lusa
Sinar Kuri,village,KALIMANTAN BARAT,-0.9,110.5,69.5,tidak sehat,2026-09-12,87.0,tidak sehat,2026-09-13,88.8,tidak sehat,0,0,60.9,SIAGA,diperkirakan besok tidak sehat; dan masih buruk lusa
Botuh Bosi,village,KALIMANTAN BARAT,-0.5,110.4,69.5,tidak sehat,2026-09-12,87.0,tidak sehat,2026-09-13,88.8,tidak sehat,0,0,56.6,SIAGA,diperkirakan besok tidak sehat; dan masih buruk lusa
Enturah,hamlet,KALIMANTAN BARAT,-0.5,110.7,69.5,tidak sehat,2026-09-12,87.0,tidak sehat,2026-09-13,88.8,tidak sehat,0,0,56.6,SIAGA,diperkirakan besok tidak sehat; dan masih buruk lusa
Kesimoi,hamlet,KALIMANTAN BARAT,-0.6,110.8,69.5,tidak sehat,2026-09-12,87.0,tidak sehat,2026-09-13,88.8,tidak sehat,0,0,56.6,SIAGA,diperkirakan besok tidak sehat; dan masih buruk lusa
Nyonak,hamlet,KALIMANTAN BARAT,-0.6,110.7,69.5,tidak sehat,2026-09-12,87.0,tidak sehat,2026-09-13,88.8,tidak sehat,0,0,56.6,SIAGA,diperkirakan besok tidak sehat; dan masih buruk lusa
Landau Menserai,hamlet,KALIMANTAN BARAT,-0.5,110.7,69.5,tidak sehat,2026-09-12,87.0,tidak sehat,2026-09-13,88.8,tidak sehat,0,0,56.6,SIAGA,diperkirakan besok tidak sehat; dan masih buruk lusa
Teluk Pilin,hamlet,KALIMANTAN BARAT,-0.5,110.8,69.5,tidak sehat,2026-09-12,87.0,tidak sehat,2026-09-13,88.8,tidak sehat,0,0,56.6,SIAGA,diperkirakan besok tidak sehat; dan masih buruk lusa
Tembesuk,village,KALIMANTAN BARAT,-0.5,110.8,69.5,tidak sehat,2026-09-12,87.0,tidak sehat,2026-09-13,88.8,tidak sehat,0,0,56.6,SIAGA,diperkirakan besok tidak sehat; dan masih buruk lusa
Pait,hamlet,KALIMANTAN BARAT,-0.5,110.8,69.5,tidak sehat,2026-09-12,87.0,tidak sehat,2026-09-13,88.8,tidak sehat,0,0,56.6,SIAGA,diperkirakan besok tidak sehat; dan masih buruk lusa
Setugal,hamlet,KALIMANTAN BARAT,-0.5,110.8,69.5,tidak sehat,2026-09-12,87.0,tidak sehat,2026-09-13,88.8,tidak sehat,0,0,56.6,SIAGA,diperkirakan besok tidak sehat; dan masih buruk lusa
Batu Koran,hamlet,KALIMANTAN BARAT,-0.5,110.8,69.5,tidak sehat,2026-09-12,87.0,tidak sehat,2026-09-13,88.8,tidak sehat,0,0,56.6,SIAGA,diperkirakan besok tidak sehat; dan masih buruk lusa
Belonseh,hamlet,KALIMANTAN BARAT,-0.6,110.4,69.5,tidak sehat,2026-09-12,87.0,tidak sehat,2026-09-13,88.8,tidak sehat,0,0,56.6,SIAGA,diperkirakan besok tidak sehat; dan masih buruk lusa
Sungai Bansi,hamlet,KALIMANTAN BARAT,-0.5,110.5,69.5,tidak sehat,2026-09-12,87.0,tidak sehat,2026-09-13,88.8,tidak sehat,0,0,56.6,SIAGA,diperkirakan besok tidak sehat; dan masih buruk lusa
Taga,hamlet,KALIMANTAN BARAT,-0.6,110.5,69.5,tidak sehat,2026-09-12,87.0,tidak sehat,2026-09-13,88.8,tidak sehat,0,0,56.6,SIAGA,diperkirakan besok tidak sehat; dan masih buruk lusa
Botong,hamlet,KALIMANTAN BARAT,-0.5,110.6,69.5,tidak sehat,2026-09-12,87.0,tidak sehat,2026-09-13,88.8,tidak sehat,0,0,56.6,SIAGA,diperkirakan besok tidak sehat; dan masih buruk lusa
Empasi,hamlet,KALIMANTAN BARAT,-0.5,110.5,69.5,tidak sehat,2026-09-12,87.0,tidak sehat,2026-09-13,88.8,tidak sehat,0,0,56.6,SIAGA,diperkirakan besok tidak sehat; dan masih buruk lusa
Kek Baok,hamlet,KALIMANTAN BARAT,-0.5,110.5,69.5,tidak sehat,2026-09-12,87.0,tidak sehat,2026-09-13,88.8,tidak sehat,0,0,56.6,SIAGA,diperkirakan besok tidak sehat; dan masih buruk lusa
Gebok,hamlet,KALIMANTAN BARAT,-0.7,110.5,69.5,tidak sehat,2026-09-12,87.0,tidak sehat,2026-09-13,88.8,tidak sehat,0,0,60.9,SIAGA,diperkirakan besok tidak sehat; dan masih buruk lusa
Sungai Nibung,hamlet,KALIMANTAN BARAT,-0.7,110.5,69.5,tidak sehat,2026-09-12,87.0,tidak sehat,2026-09-13,88.8,tidak sehat,0,0,63.9,SIAGA,diperkirakan besok tidak sehat; dan masih buruk lusa
Mungguk Meranang,hamlet,KALIMANTAN BARAT,-0.7,110.6,69.5,tidak sehat,2026-09-12,87.0,tidak sehat,2026-09-13,88.8,tidak sehat,0,0,63.9,SIAGA,diperkirakan besok tidak sehat; dan masih buruk lusa
Betentang,hamlet,KALIMANTAN BARAT,-0.9,110.5,69.5,tidak sehat,2026-09-12,87.0,tidak sehat,2026-09-13,88.8,tidak sehat,0,0,60.9,SIAGA,diperkirakan besok tidak sehat; dan masih buruk lusa
Semapau Kuala,hamlet,KALIMANTAN BARAT,-0.9,110.5,69.5,tidak sehat,2026-09-12,87.0,tidak sehat,2026-09-13,88.8,tidak sehat,0,0,60.9,SIAGA,diperkirakan besok tidak sehat; dan masih buruk lusa
Tumbang Habangoi,village,KALIMANTAN TENGAH,-0.9,112.9,68.7,tidak sehat,2026-09-12,121.0,tidak sehat,2026-09-13,109.9,tidak sehat,0,0,43.2,SIAGA,diperkirakan besok tidak sehat; dan masih buruk lusa
Tumbang Mahuroi,village,KALIMANTAN TENGAH,-0.8,113.3,68.7,tidak sehat,2026-09-12,121.0,tidak sehat,2026-09-13,109.9,tidak sehat,0,0,63.5,SIAGA,diperkirakan besok tidak sehat; dan masih buruk lusa
Tumbang Anoi,village,KALIMANTAN TENGAH,-0.8,113.3,68.7,tidak sehat,2026-09-12,121.0,tidak sehat,2026-09-13,109.9,tidak sehat,0,0,63.5,SIAGA,diperkirakan besok tidak sehat; dan masih buruk lusa
Tumbang Tangoi,village,KALIMANTAN TENGAH,-0.9,113.1,68.7,tidak sehat,2026-09-12,121.0,tidak sehat,2026-09-13,109.9,tidak sehat,0,0,64.2,SIAGA,diperkirakan besok tidak sehat; dan masih buruk lusa
Karetau Rambangun,village,KALIMANTAN TENGAH,-0.9,113.3,68.7,tidak sehat,2026-09-12,121.0,tidak sehat,2026-09-13,109.9,tidak sehat,0,0,63.5,SIAGA,diperkirakan besok tidak sehat; dan masih buruk lusa
Karetau Sarian,village,KALIMANTAN TENGAH,-0.8,113.3,68.7,tidak sehat,2026-09-12,121.0,tidak sehat,2026-09-13,109.9,tidak sehat,0,0,63.5,SIAGA,diperkirakan besok tidak sehat; dan masih buruk lusa
Nanga Jelundung,village,KALIMANTAN BARAT,-0.5,112.5,67.5,tidak sehat,2026-09-12,109.0,tidak sehat,2026-09-13,101.6,tidak sehat,0,0,43.2,SIAGA,diperkirakan besok tidak sehat; dan masih buruk lusa
Kiham Batang,village,KALIMANTAN TENGAH,-0.9,112.4,67.5,tidak sehat,2026-09-12,109.0,tidak sehat,2026-09-13,101.6,tidak sehat,0,0,66.8,SIAGA,diperkirakan besok tidak sehat; dan masih buruk lusa
Baras Nabun,village,KALIMANTAN BARAT,-0.5,112.4,67.5,tidak sehat,2026-09-12,109.0,tidak sehat,2026-09-13,101.6,tidak sehat,0,0,43.2,SIAGA,diperkirakan besok tidak sehat; dan masih buruk lusa
Rangan Kawit,village,KALIMANTAN TENGAH,-0.9,112.4,67.5,tidak sehat,2026-09-12,109.0,tidak sehat,2026-09-13,101.6,tidak sehat,0,0,67.5,SIAGA,diperkirakan besok tidak sehat; dan masih buruk lusa
Dusun,hamlet,KALIMANTAN BARAT,-0.5,112.7,67.5,tidak sehat,2026-09-12,109.0,tidak sehat,2026-09-13,101.6,tidak sehat,0,0,43.2,SIAGA,diperkirakan besok tidak sehat; dan masih buruk lusa
Panekasan,village,KALIMANTAN BARAT,-0.5,112.5,67.5,tidak sehat,2026-09-12,109.0,tidak sehat,2026-09-13,101.6,tidak sehat,0,0,43.2,SIAGA,diperkirakan besok tidak sehat; dan masih buruk lusa
Rantau Malam,village,KALIMANTAN BARAT,-0.5,112.6,67.5,tidak sehat,2026-09-12,109.0,tidak sehat,2026-09-13,101.6,tidak sehat,0,0,43.2,SIAGA,diperkirakan besok tidak sehat; dan masih buruk lusa
Tabai Aon,hamlet,KALIMANTAN BARAT,-0.5,112.5,67.5,tidak sehat,2026-09-12,109.0,tidak sehat,2026-09-13,101.6,tidak sehat,0,0,43.2,SIAGA,diperkirakan besok tidak sehat; dan masih buruk lusa
Cempaka Putih,village,KALIMANTAN TENGAH,-1.9,112.9,67.5,tidak sehat,2026-09-12,128.3,tidak sehat,2026-09-13,119.0,tidak sehat,0,0,124.5,SIAGA,diperkirakan besok tidak sehat; dan masih buruk lusa
Karang Sari,village,KALIMANTAN TENGAH,-1.9,112.9,67.5,tidak sehat,2026-09-12,128.3,tidak sehat,2026-09-13,119.0,tidak sehat,0,0,34.4,SIAGA,diperkirakan besok tidak sehat; dan masih buruk lusa
Beringin Tunggal Jaya,village,KALIMANTAN TENGAH,-1.9,112.9,67.5,tidak sehat,2026-09-12,128.3,tidak sehat,2026-09-13,119.0,tidak sehat,0,0,124.5,SIAGA,diperkirakan besok tidak sehat; dan masih buruk lusa
Jati Waringin,village,KALIMANTAN TENGAH,-1.9,112.9,67.5,tidak sehat,2026-09-12,128.3,tidak sehat,2026-09-13,119.0,tidak sehat,0,0,124.5,SIAGA,diperkirakan besok tidak sehat; dan masih buruk lusa
Damar Makmur,village,KALIMANTAN TENGAH,-1.7,112.9,67.5,tidak sehat,2026-09-12,128.3,tidak sehat,2026-09-13,119.0,tidak sehat,0,0,124.5,SIAGA,diperkirakan besok tidak sehat; dan masih buruk lusa
Sumber Makmur,village,KALIMANTAN TENGAH,-1.9,112.9,67.5,tidak sehat,2026-09-12,128.3,tidak sehat,2026-09-13,119.0,tidak sehat,0,0,34.4,SIAGA,diperkirakan besok tidak sehat; dan masih buruk lusa
Tumbang Koling,village,KALIMANTAN TENGAH,-1.8,112.9,67.5,tidak sehat,2026-09-12,128.3,tidak sehat,2026-09-13,119.0,tidak sehat,0,0,124.5,SIAGA,diperkirakan besok tidak sehat; dan masih buruk lusa
Mirah Kalanaman,village,KALIMANTAN TENGAH,-1.6,113.0,67.5,tidak sehat,2026-09-12,128.3,tidak sehat,2026-09-13,119.0,tidak sehat,0,0,124.5,SIAGA,diperkirakan besok tidak sehat; dan masih buruk lusa
Bandar Agung,village,KALIMANTAN TENGAH,-1.9,112.9,67.5,tidak sehat,2026-09-12,128.3,tidak sehat,2026-09-13,119.0,tidak sehat,0,0,124.5,SIAGA,diperkirakan besok tidak sehat; dan masih buruk lusa
Selucing,village,KALIMANTAN TENGAH,-1.9,113.0,67.5,tidak sehat,2026-09-12,128.3,tidak sehat,2026-09-13,119.0,tidak sehat,0,0,124.5,SIAGA,diperkirakan besok tidak sehat; dan masih buruk lusa
Telok,village,KALIMANTAN TENGAH,-1.5,113.1,67.5,tidak sehat,2026-09-12,128.3,tidak sehat,2026-09-13,119.0,tidak sehat,0,0,124.5,SIAGA,diperkirakan besok tidak sehat; dan masih buruk lusa
Samba Danum,village,KALIMANTAN TENGAH,-1.5,113.1,67.5,tidak sehat,2026-09-12,128.3,tidak sehat,2026-09-13,119.0,tidak sehat,0,0,124.5,SIAGA,diperkirakan besok tidak sehat; dan masih buruk lusa
Petak Puti,village,KALIMANTAN TENGAH,-1.5,113.1,67.5,tidak sehat,2026-09-12,128.3,tidak sehat,2026-09-13,119.0,tidak sehat,0,0,124.5,SIAGA,diperkirakan besok tidak sehat; dan masih buruk lusa
Belibi,village,KALIMANTAN TENGAH,-1.8,111.4,67.4,tidak sehat,2026-09-12,72.8,tidak sehat,2026-09-13,72.2,tidak sehat,0,0,39.0,SIAGA,diperkirakan besok tidak sehat; dan masih buruk lusa
Kahingai,village,KALIMANTAN TENGAH,-1.6,111.4,67.4,tidak sehat,2026-09-12,72.8,tidak sehat,2026-09-13,72.2,tidak sehat,0,0,39.0,SIAGA,diperkirakan besok tidak sehat; dan masih buruk lusa
Toka,village,KALIMANTAN TENGAH,-1.9,111.6,67.4,tidak sehat,2026-09-12,72.8,tidak sehat,2026-09-13,72.2,tidak sehat,0,0,38.3,SIAGA,diperkirakan besok tidak sehat; dan masih buruk lusa
Batu Tunggal,village,KALIMANTAN TENGAH,-1.8,111.7,67.4,tidak sehat,2026-09-12,72.8,tidak sehat,2026-09-13,72.2,tidak sehat,0,0,38.3,SIAGA,diperkirakan besok tidak sehat; dan masih buruk lusa
Karang Besi,village,KALIMANTAN TENGAH,-1.7,111.4,67.4,tidak sehat,2026-09-12,72.8,tidak sehat,2026-09-13,72.2,tidak sehat,0,0,39.0,SIAGA,diperkirakan besok tidak sehat; dan masih buruk lusa
Suka Maju,village,KALIMANTAN TENGAH,-1.9,111.5,67.4,tidak sehat,2026-09-12,72.8,tidak sehat,2026-09-13,72.2,tidak sehat,0,0,38.3,SIAGA,diperkirakan besok tidak sehat; dan masih buruk lusa
Bakonsu,village,KALIMANTAN TENGAH,-1.9,111.4,67.4,tidak sehat,2026-09-12,72.8,tidak sehat,2026-09-13,72.2,tidak sehat,0,0,39.0,SIAGA,diperkirakan besok tidak sehat; dan masih buruk lusa
Sungai Buluh,village,KALIMANTAN TENGAH,-1.9,111.4,67.4,tidak sehat,2026-09-12,72.8,tidak sehat,2026-09-13,72.2,tidak sehat,0,0,39.0,SIAGA,diperkirakan besok tidak sehat; dan masih buruk lusa
Sepondam,village,KALIMANTAN TENGAH,-1.9,111.6,67.4,tidak sehat,2026-09-12,72.8,tidak sehat,2026-09-13,72.2,tidak sehat,0,0,38.3,SIAGA,diperkirakan besok tidak sehat; dan masih buruk lusa
Nanga Matu,village,KALIMANTAN TENGAH,-1.5,111.4,67.4,tidak sehat,2026-09-12,72.8,tidak sehat,2026-09-13,72.2,tidak sehat,0,0,67.4,SIAGA,diperkirakan besok tidak sehat; dan masih buruk lusa
Pedongatan,village,KALIMANTAN TENGAH,-1.9,111.5,67.4,tidak sehat,2026-09-12,72.8,tidak sehat,2026-09-13,72.2,tidak sehat,0,0,38.3,SIAGA,diperkirakan besok tidak sehat; dan masih buruk lusa
Nanga Kemujan,village,KALIMANTAN TENGAH,-1.8,111.7,67.4,tidak sehat,2026-09-12,72.8,tidak sehat,2026-09-13,72.2,tidak sehat,0,0,38.3,SIAGA,diperkirakan besok tidak sehat; dan masih buruk lusa
Bayat,village,KALIMANTAN TENGAH,-1.8,111.4,67.4,tidak sehat,2026-09-12,72.8,tidak sehat,2026-09-13,72.2,tidak sehat,0,0,39.0,SIAGA,diperkirakan besok tidak sehat; dan masih buruk lusa
Benuatan,village,KALIMANTAN TENGAH,-1.6,111.4,67.4,tidak sehat,2026-09-12,72.8,tidak sehat,2026-09-13,72.2,tidak sehat,0,0,39.0,SIAGA,diperkirakan besok tidak sehat; dan masih buruk lusa
Bintang Mangalih,village,KALIMANTAN TENGAH,-1.5,111.4,67.4,tidak sehat,2026-09-12,72.8,tidak sehat,2026-09-13,72.2,tidak sehat,0,0,67.4,SIAGA,diperkirakan besok tidak sehat; dan masih buruk lusa
Nanga Koring,village,KALIMANTAN TENGAH,-1.9,111.6,67.4,tidak sehat,2026-09-12,72.8,tidak sehat,2026-09-13,72.2,tidak sehat,0,0,38.3,SIAGA,diperkirakan besok tidak sehat; dan masih buruk lusa
Tangga Batu,village,KALIMANTAN TENGAH,-1.8,111.4,67.4,tidak sehat,2026-09-12,72.8,tidak sehat,2026-09-13,72.2,tidak sehat,0,0,39.0,SIAGA,diperkirakan besok tidak sehat; dan masih buruk lusa
Merambang,village,KALIMANTAN TENGAH,-1.9,111.6,67.4,tidak sehat,2026-09-12,72.8,tidak sehat,2026-09-13,72.2,tidak sehat,0,0,38.3,SIAGA,diperkirakan besok tidak sehat; dan masih buruk lusa
Bukit Jaya,village,KALIMANTAN TENGAH,-1.9,111.5,67.4,tidak sehat,2026-09-12,72.8,tidak sehat,2026-09-13,72.2,tidak sehat,0,0,39.0,SIAGA,diperkirakan besok tidak sehat; dan masih buruk lusa
Lubuk Hiju,village,KALIMANTAN TENGAH,-1.9,111.8,67.4,tidak sehat,2026-09-12,72.8,tidak sehat,2026-09-13,72.2,tidak sehat,0,0,38.3,SIAGA,diperkirakan besok tidak sehat; dan masih buruk lusa
Nuangan,village,KALIMANTAN TENGAH,-1.9,111.5,67.4,tidak sehat,2026-09-12,72.8,tidak sehat,2026-09-13,72.2,tidak sehat,0,0,38.3,SIAGA,diperkirakan besok tidak sehat; dan masih buruk lusa
Sekoban,village,KALIMANTAN TENGAH,-1.9,111.4,67.4,tidak sehat,2026-09-12,72.8,tidak sehat,2026-09-13,72.2,tidak sehat,0,0,39.0,SIAGA,diperkirakan besok tidak sehat; dan masih buruk lusa
UPT Trans Kahingai,hamlet,KALIMANTAN TENGAH,-1.6,111.4,67.4,tidak sehat,2026-09-12,72.8,tidak sehat,2026-09-13,72.2,tidak sehat,0,0,39.0,SIAGA,diperkirakan besok tidak sehat; dan masih buruk lusa
Persiapan Batu Selipi,village,KALIMANTAN TENGAH,-1.8,111.4,67.4,tidak sehat,2026-09-12,72.8,tidak sehat,2026-09-13,72.2,tidak sehat,0,0,39.0,SIAGA,diperkirakan besok tidak sehat; dan masih buruk lusa
Petarikan,village,KALIMANTAN TENGAH,-1.5,111.4,67.4,tidak sehat,2026-09-12,72.8,tidak sehat,2026-09-13,72.2,tidak sehat,0,0,67.4,SIAGA,diperkirakan besok tidak sehat; dan masih buruk lusa
Nanga Kemangai,village,KALIMANTAN BARAT,-0.2,112.7,66.8,tidak sehat,2026-09-12,109.7,tidak sehat,2026-09-13,98.6,tidak sehat,0,0,43.2,SIAGA,diperkirakan besok tidak sehat; dan masih buruk lusa
Tanjung Andan,village,KALIMANTAN BARAT,-0.0,112.7,66.8,tidak sehat,2026-09-12,109.7,tidak sehat,2026-09-13,98.6,tidak sehat,0,0,34.9,SIAGA,diperkirakan besok tidak sehat; dan masih buruk lusa
Pagar Lebata,village,KALIMANTAN BARAT,-0.3,112.6,66.8,tidak sehat,2026-09-12,109.7,tidak sehat,2026-09-13,98.6,tidak sehat,0,0,43.2,SIAGA,diperkirakan besok tidak sehat; dan masih buruk lusa
Nanga Sake,village,KALIMANTAN BARAT,-0.1,112.8,66.8,tidak sehat,2026-09-12,109.7,tidak sehat,2026-09-13,98.6,tidak sehat,0,0,43.2,SIAGA,diperkirakan besok tidak sehat; dan masih buruk lusa
Melona,village,KALIMANTAN BARAT,-0.4,112.4,66.8,tidak sehat,2026-09-12,109.7,tidak sehat,2026-09-13,98.6,tidak sehat,0,0,67.5,SIAGA,diperkirakan besok tidak sehat; dan masih buruk lusa
Tanjung Raya,village,KALIMANTAN BARAT,-0.3,112.4,66.8,tidak sehat,2026-09-12,109.7,tidak sehat,2026-09-13,98.6,tidak sehat,0,0,43.2,SIAGA,diperkirakan besok tidak sehat; dan masih buruk lusa
Bedaha,village,KALIMANTAN BARAT,-0.3,112.5,66.8,tidak sehat,2026-09-12,109.7,tidak sehat,2026-09-13,98.6,tidak sehat,0,0,43.2,SIAGA,diperkirakan besok tidak sehat; dan masih buruk lusa
Nanga Riyoi,village,KALIMANTAN BARAT,-0.4,112.7,66.8,tidak sehat,2026-09-12,109.7,tidak sehat,2026-09-13,98.6,tidak sehat,0,0,43.2,SIAGA,diperkirakan besok tidak sehat; dan masih buruk lusa
Buntut Pimpin,village,KALIMANTAN BARAT,-0.0,112.8,66.8,tidak sehat,2026-09-12,109.7,tidak sehat,2026-09-13,98.6,tidak sehat,0,0,34.9,SIAGA,diperkirakan besok tidak sehat; dan masih buruk lusa
Nanga Mentatai,village,KALIMANTAN BARAT,-0.3,112.4,66.8,tidak sehat,2026-09-12,109.7,tidak sehat,2026-09-13,98.6,tidak sehat,0,0,43.2,SIAGA,diperkirakan besok tidak sehat; dan masih buruk lusa
Merako Jaya,village,KALIMANTAN BARAT,-0.3,112.7,66.8,tidak sehat,2026-09-12,109.7,tidak sehat,2026-09-13,98.6,tidak sehat,0,0,43.2,SIAGA,diperkirakan besok tidak sehat; dan masih buruk lusa
Karya Jaya,village,KALIMANTAN BARAT,-0.3,112.7,66.8,tidak sehat,2026-09-12,109.7,tidak sehat,2026-09-13,98.6,tidak sehat,0,0,43.2,SIAGA,diperkirakan besok tidak sehat; dan masih buruk lusa
Tontang,village,KALIMANTAN BARAT,-0.3,112.6,66.8,tidak sehat,2026-09-12,109.7,tidak sehat,2026-09-13,98.6,tidak sehat,0,0,43.2,SIAGA,diperkirakan besok tidak sehat; dan masih buruk lusa
Nanga Mawang Mentatai,village,KALIMANTAN BARAT,-0.4,112.4,66.8,tidak sehat,2026-09-12,109.7,tidak sehat,2026-09-13,98.6,tidak sehat,0,0,67.5,SIAGA,diperkirakan besok tidak sehat; dan masih buruk lusa
Nanga Ambalau,village,KALIMANTAN BARAT,-0.2,112.7,66.8,tidak sehat,2026-09-12,109.7,tidak sehat,2026-09-13,98.6,tidak sehat,0,0,43.2,SIAGA,diperkirakan besok tidak sehat; dan masih buruk lusa
Buntut Ponte,village,KALIMANTAN BARAT,-0.4,112.5,66.8,tidak sehat,2026-09-12,109.7,tidak sehat,2026-09-13,98.6,tidak sehat,0,0,43.2,SIAGA,diperkirakan besok tidak sehat; dan masih buruk lusa
Nanga Serawai,village,KALIMANTAN BARAT,-0.3,112.4,66.8,tidak sehat,2026-09-12,109.7,tidak sehat,2026-09-13,98.6,tidak sehat,0,0,43.2,SIAGA,diperkirakan besok tidak sehat; dan masih buruk lusa
Nanga Kesange,village,KALIMANTAN BARAT,-0.3,112.8,66.8,tidak sehat,2026-09-12,109.7,tidak sehat,2026-09-13,98.6,tidak sehat,0,0,38.9,SIAGA,diperkirakan besok tidak sehat; dan masih buruk lusa
Begori,village,KALIMANTAN BARAT,-0.3,112.5,66.8,tidak sehat,2026-09-12,109.7,tidak sehat,2026-09-13,98.6,tidak sehat,0,0,43.2,SIAGA,diperkirakan besok tidak sehat; dan masih buruk lusa
Nanga Segulang,village,KALIMANTAN BARAT,-0.4,112.5,66.8,tidak sehat,2026-09-12,109.7,tidak sehat,2026-09-13,98.6,tidak sehat,0,0,43.2,SIAGA,diperkirakan besok tidak sehat; dan masih buruk lusa
Tahai Permai,village,KALIMANTAN BARAT,-0.2,112.6,66.8,tidak sehat,2026-09-12,109.7,tidak sehat,2026-09-13,98.6,tidak sehat,0,0,43.2,SIAGA,diperkirakan besok tidak sehat; dan masih buruk lusa
Merah Arai,village,KALIMANTAN BARAT,-0.2,112.4,66.8,tidak sehat,2026-09-12,109.7,tidak sehat,2026-09-13,98.6,tidak sehat,0,0,43.2,SIAGA,diperkirakan besok tidak sehat; dan masih buruk lusa
Tapang Manua,village,KALIMANTAN BARAT,-0.1,112.4,66.8,tidak sehat,2026-09-12,109.7,tidak sehat,2026-09-13,98.6,tidak sehat,0,0,43.2,SIAGA,diperkirakan besok tidak sehat; dan masih buruk lusa
Dusun,hamlet,KALIMANTAN BARAT,-0.4,112.4,66.8,tidak sehat,2026-09-12,109.7,tidak sehat,2026-09-13,98.6,tidak sehat,0,0,43.2,SIAGA,diperkirakan besok tidak sehat; dan masih buruk lusa
Dusun,hamlet,KALIMANTAN BARAT,-0.3,112.7,66.8,tidak sehat,2026-09-12,109.7,tidak sehat,2026-09-13,98.6,tidak sehat,0,0,43.2,SIAGA,diperkirakan besok tidak sehat; dan masih buruk lusa
Dusun,hamlet,KALIMANTAN BARAT,-0.4,112.7,66.8,tidak sehat,2026-09-12,109.7,tidak sehat,2026-09-13,98.6,tidak sehat,0,0,43.2,SIAGA,diperkirakan besok tidak sehat; dan masih buruk lusa
Tunas Harapan,village,KALIMANTAN BARAT,-0.3,112.4,66.8,tidak sehat,2026-09-12,109.7,tidak sehat,2026-09-13,98.6,tidak sehat,0,0,43.2,SIAGA,diperkirakan besok tidak sehat; dan masih buruk lusa
Sabhang Landan,village,KALIMANTAN BARAT,-0.3,112.7,66.8,tidak sehat,2026-09-12,109.7,tidak sehat,2026-09-13,98.6,tidak sehat,0,0,43.2,SIAGA,diperkirakan besok tidak sehat; dan masih buruk lusa
Sawang Senghiang,village,KALIMANTAN BARAT,-0.3,112.6,66.8,tidak sehat,2026-09-12,109.7,tidak sehat,2026-09-13,98.6,tidak sehat,0,0,43.2,SIAGA,diperkirakan besok tidak sehat; dan masih buruk lusa
Limbur Bernaung Lestari,village,KALIMANTAN BARAT,-0.2,112.6,66.8,tidak sehat,2026-09-12,109.7,tidak sehat,2026-09-13,98.6,tidak sehat,0,0,43.2,SIAGA,diperkirakan besok tidak sehat; dan masih buruk lusa
Mensulung Bio,village,KALIMANTAN BARAT,-0.2,112.6,66.8,tidak sehat,2026-09-12,109.7,tidak sehat,2026-09-13,98.6,tidak sehat,0,0,43.2,SIAGA,diperkirakan besok tidak sehat; dan masih buruk lusa
Tamakung,village,KALIMANTAN BARAT,-0.3,112.6,66.8,tidak sehat,2026-09-12,109.7,tidak sehat,2026-09-13,98.6,tidak sehat,0,0,43.2,SIAGA,diperkirakan besok tidak sehat; dan masih buruk lusa
Nanga Tangoi,village,KALIMANTAN BARAT,-0.3,112.7,66.8,tidak sehat,2026-09-12,109.7,tidak sehat,2026-09-13,98.6,tidak sehat,0,0,43.2,SIAGA,diperkirakan besok tidak sehat; dan masih buruk lusa
Meroboi,village,KALIMANTAN BARAT,-0.4,112.7,66.8,tidak sehat,2026-09-12,109.7,tidak sehat,2026-09-13,98.6,tidak sehat,0,0,43.2,SIAGA,diperkirakan besok tidak sehat; dan masih buruk lusa
Nanga Ruhan,village,KALIMANTAN BARAT,-0.4,112.7,66.8,tidak sehat,2026-09-12,109.7,tidak sehat,2026-09-13,98.6,tidak sehat,0,0,43.2,SIAGA,diperkirakan besok tidak sehat; dan masih buruk lusa
Nanga Bihe,village,KALIMANTAN BARAT,-0.4,112.5,66.8,tidak sehat,2026-09-12,109.7,tidak sehat,2026-09-13,98.6,tidak sehat,0,0,43.2,SIAGA,diperkirakan besok tidak sehat; dan masih buruk lusa
Mentajoi,village,KALIMANTAN BARAT,-0.4,112.6,66.8,tidak sehat,2026-09-12,109.7,tidak sehat,2026-09-13,98.6,tidak sehat,0,0,43.2,SIAGA,diperkirakan besok tidak sehat; dan masih buruk lusa
Teluk Harapan,village,KALIMANTAN BARAT,-0.4,112.5,66.8,tidak sehat,2026-09-12,109.7,tidak sehat,2026-09-13,98.6,tidak sehat,0,0,43.2,SIAGA,diperkirakan besok tidak sehat; dan masih buruk lusa
Nanga Tekungai,village,KALIMANTAN BARAT,-0.4,112.5,66.8,tidak sehat,2026-09-12,109.7,tidak sehat,2026-09-13,98.6,tidak sehat,0,0,43.2,SIAGA,diperkirakan besok tidak sehat; dan masih buruk lusa
Nusa Tujuh,village,KALIMANTAN BARAT,-0.3,112.4,66.8,tidak sehat,2026-09-12,109.7,tidak sehat,2026-09-13,98.6,tidak sehat,0,0,43.2,SIAGA,diperkirakan besok tidak sehat; dan masih buruk lusa
Batu Ketebung,village,KALIMANTAN BARAT,-0.3,112.5,66.8,tidak sehat,2026-09-12,109.7,tidak sehat,2026-09-13,98.6,tidak sehat,0,0,43.2,SIAGA,diperkirakan besok tidak sehat; dan masih buruk lusa
Tanjung Baru,village,KALIMANTAN BARAT,-0.3,112.4,66.8,tidak sehat,2026-09-12,109.7,tidak sehat,2026-09-13,98.6,tidak sehat,0,0,43.2,SIAGA,diperkirakan besok tidak sehat; dan masih buruk lusa
Mekar Sari,village,KALIMANTAN BARAT,-0.3,112.4,66.8,tidak sehat,2026-09-12,109.7,tidak sehat,2026-09-13,98.6,tidak sehat,0,0,43.2,SIAGA,diperkirakan besok tidak sehat; dan masih buruk lusa
Muara Kota,village,KALIMANTAN BARAT,-0.3,112.4,66.8,tidak sehat,2026-09-12,109.7,tidak sehat,2026-09-13,98.6,tidak sehat,0,0,43.2,SIAGA,diperkirakan besok tidak sehat; dan masih buruk lusa
Talian Sahabung,village,KALIMANTAN BARAT,-0.3,112.5,66.8,tidak sehat,2026-09-12,109.7,tidak sehat,2026-09-13,98.6,tidak sehat,0,0,43.2,SIAGA,diperkirakan besok tidak sehat; dan masih buruk lusa
Gurung Senghiang,village,KALIMANTAN BARAT,-0.3,112.5,66.8,tidak sehat,2026-09-12,109.7,tidak sehat,2026-09-13,98.6,tidak sehat,0,0,43.2,SIAGA,diperkirakan besok tidak sehat; dan masih buruk lusa
Tanjung Harapan,village,KALIMANTAN BARAT,-0.3,112.6,66.8,tidak sehat,2026-09-12,109.7,tidak sehat,2026-09-13,98.6,tidak sehat,0,0,43.2,SIAGA,diperkirakan besok tidak sehat; dan masih buruk lusa
Nanga Rade,village,KALIMANTAN BARAT,-0.0,112.8,66.8,tidak sehat,2026-09-12,109.7,tidak sehat,2026-09-13,98.6,tidak sehat,0,0,38.9,SIAGA,diperkirakan besok tidak sehat; dan masih buruk lusa
Kolangan Juoi,village,KALIMANTAN BARAT,0.0,112.7,66.8,tidak sehat,2026-09-12,109.7,tidak sehat,2026-09-13,98.6,tidak sehat,0,0,34.9,SIAGA,diperkirakan besok tidak sehat; dan masih buruk lusa
Luting Mingan,village,KALIMANTAN BARAT,0.0,112.7,66.8,tidak sehat,2026-09-12,109.7,tidak sehat,2026-09-13,98.6,tidak sehat,0,0,34.9,SIAGA,diperkirakan besok tidak sehat; dan masih buruk lusa
Korong Daso,village,KALIMANTAN BARAT,-0.0,112.7,66.8,tidak sehat,2026-09-12,109.7,tidak sehat,2026-09-13,98.6,tidak sehat,0,0,34.9,SIAGA,diperkirakan besok tidak sehat; dan masih buruk lusa
Patih Jepara,village,KALIMANTAN BARAT,-0.1,112.8,66.8,tidak sehat,2026-09-12,109.7,tidak sehat,2026-09-13,98.6,tidak sehat,0,0,43.2,SIAGA,diperkirakan besok tidak sehat; dan masih buruk lusa
Nanga Keremoi,village,KALIMANTAN BARAT,-0.0,112.8,66.8,tidak sehat,2026-09-12,109.7,tidak sehat,2026-09-13,98.6,tidak sehat,0,0,34.9,SIAGA,diperkirakan besok tidak sehat; dan masih buruk lusa
Nanga Sakai,village,KALIMANTAN BARAT,-0.2,112.8,66.8,tidak sehat,2026-09-12,109.7,tidak sehat,2026-09-13,98.6,tidak sehat,0,0,38.9,SIAGA,diperkirakan besok tidak sehat; dan masih buruk lusa
Pulou Sabhang,village,KALIMANTAN BARAT,-0.1,112.8,66.8,tidak sehat,2026-09-12,109.7,tidak sehat,2026-09-13,98.6,tidak sehat,0,0,43.2,SIAGA,diperkirakan besok tidak sehat; dan masih buruk lusa
Purut Beribit,village,KALIMANTAN BARAT,-0.1,112.8,66.8,tidak sehat,2026-09-12,109.7,tidak sehat,2026-09-13,98.6,tidak sehat,0,0,43.2,SIAGA,diperkirakan besok tidak sehat; dan masih buruk lusa
Bukai Tukun,village,KALIMANTAN BARAT,-0.2,112.7,66.8,tidak sehat,2026-09-12,109.7,tidak sehat,2026-09-13,98.6,tidak sehat,0,0,43.2,SIAGA,diperkirakan besok tidak sehat; dan masih buruk lusa
Nusa Poring,village,KALIMANTAN BARAT,-0.2,112.7,66.8,tidak sehat,2026-09-12,109.7,tidak sehat,2026-09-13,98.6,tidak sehat,0,0,43.2,SIAGA,diperkirakan besok tidak sehat; dan masih buruk lusa
Lunjan Tingang,village,KALIMANTAN BARAT,-0.2,112.7,66.8,tidak sehat,2026-09-12,109.7,tidak sehat,2026-09-13,98.6,tidak sehat,0,0,43.2,SIAGA,diperkirakan besok tidak sehat; dan masih buruk lusa
Bukit Tinggi,village,KALIMANTAN BARAT,-0.2,112.7,66.8,tidak sehat,2026-09-12,109.7,tidak sehat,2026-09-13,98.6,tidak sehat,0,0,43.2,SIAGA,diperkirakan besok tidak sehat; dan masih buruk lusa
Dusun,hamlet,KALIMANTAN BARAT,-0.3,112.4,66.8,tidak sehat,2026-09-12,109.7,tidak sehat,2026-09-13,98.6,tidak sehat,0,0,67.5,SIAGA,diperkirakan besok tidak sehat; dan masih buruk lusa
Batu Onap,village,KALIMANTAN BARAT,-0.4,112.4,66.8,tidak sehat,2026-09-12,109.7,tidak sehat,2026-09-13,98.6,tidak sehat,0,0,67.5,SIAGA,diperkirakan besok tidak sehat; dan masih buruk lusa
Bengkayang,city,KALIMANTAN BARAT,0.8,109.5,65.9,tidak sehat,2026-09-12,125.3,tidak sehat,2026-09-13,110.4,tidak sehat,0,0,126.0,SIAGA,diperkirakan besok tidak sehat; dan masih buruk lusa
Lamolda,village,KALIMANTAN BARAT,1.0,109.5,65.9,tidak sehat,2026-09-12,125.3,tidak sehat,2026-09-13,110.4,tidak sehat,0,0,73.2,SIAGA,diperkirakan besok tidak sehat; dan masih buruk lusa
Selange,village,KALIMANTAN BARAT,0.7,109.8,65.9,tidak sehat,2026-09-12,125.3,tidak sehat,2026-09-13,110.4,tidak sehat,0,0,126.0,SIAGA,diperkirakan besok tidak sehat; dan masih buruk lusa
Bangun Sari,village,KALIMANTAN BARAT,0.8,109.5,65.9,tidak sehat,2026-09-12,125.3,tidak sehat,2026-09-13,110.4,tidak sehat,0,0,126.0,SIAGA,diperkirakan besok tidak sehat; dan masih buruk lusa
Kampet,village,KALIMANTAN BARAT,0.7,109.5,65.9,tidak sehat,2026-09-12,125.3,tidak sehat,2026-09-13,110.4,tidak sehat,0,0,126.0,SIAGA,diperkirakan besok tidak sehat; dan masih buruk lusa
Sebente,village,KALIMANTAN BARAT,0.8,109.5,65.9,tidak sehat,2026-09-12,125.3,tidak sehat,2026-09-13,110.4,tidak sehat,0,0,126.0,SIAGA,diperkirakan besok tidak sehat; dan masih buruk lusa
Belimbing,village,KALIMANTAN BARAT,1.0,109.5,65.9,tidak sehat,2026-09-12,125.3,tidak sehat,2026-09-13,110.4,tidak sehat,0,0,73.2,SIAGA,diperkirakan besok tidak sehat; dan masih buruk lusa
Sejowet,village,KALIMANTAN BARAT,0.7,109.8,65.9,tidak sehat,2026-09-12,125.3,tidak sehat,2026-09-13,110.4,tidak sehat,0,0,126.0,SIAGA,diperkirakan besok tidak sehat; dan masih buruk lusa
Gamang,village,KALIMANTAN BARAT,0.6,109.5,65.9,tidak sehat,2026-09-12,125.3,tidak sehat,2026-09-13,110.4,tidak sehat,0,0,126.0,SIAGA,diperkirakan besok tidak sehat; dan masih buruk lusa
Tolok,village,KALIMANTAN BARAT,0.6,109.8,65.9,tidak sehat,2026-09-12,125.3,tidak sehat,2026-09-13,110.4,tidak sehat,0,0,126.0,SIAGA,diperkirakan besok tidak sehat; dan masih buruk lusa
Bumi Emas,village,KALIMANTAN BARAT,0.8,109.5,65.9,tidak sehat,2026-09-12,125.3,tidak sehat,2026-09-13,110.4,tidak sehat,0,0,126.0,SIAGA,diperkirakan besok tidak sehat; dan masih buruk lusa
Sebetung Menyala,village,KALIMANTAN BARAT,0.8,109.5,65.9,tidak sehat,2026-09-12,125.3,tidak sehat,2026-09-13,110.4,tidak sehat,0,0,126.0,SIAGA,diperkirakan besok tidak sehat; dan masih buruk lusa
Lesabela,village,KALIMANTAN BARAT,1.0,109.6,65.9,tidak sehat,2026-09-12,125.3,tidak sehat,2026-09-13,110.4,tidak sehat,0,0,73.2,SIAGA,diperkirakan besok tidak sehat; dan masih buruk lusa
Seles,village,KALIMANTAN BARAT,0.9,109.6,65.9,tidak sehat,2026-09-12,125.3,tidak sehat,2026-09-13,110.4,tidak sehat,0,0,73.2,SIAGA,diperkirakan besok tidak sehat; dan masih buruk lusa
Tirta Kencana,village,KALIMANTAN BARAT,0.8,109.5,65.9,tidak sehat,2026-09-12,125.3,tidak sehat,2026-09-13,110.4,tidak sehat,0,0,126.0,SIAGA,diperkirakan besok tidak sehat; dan masih buruk lusa
Tanjung,village,KALIMANTAN BARAT,0.7,109.6,65.9,tidak sehat,2026-09-12,125.3,tidak sehat,2026-09-13,110.4,tidak sehat,0,0,126.0,SIAGA,diperkirakan besok tidak sehat; dan masih buruk lusa
Ampar Benteng,village,KALIMANTAN BARAT,0.8,109.6,65.9,tidak sehat,2026-09-12,125.3,tidak sehat,2026-09-13,110.4,tidak sehat,0,0,126.0,SIAGA,diperkirakan besok tidak sehat; dan masih buruk lusa
Dawar,hamlet,KALIMANTAN BARAT,1.0,109.8,65.9,tidak sehat,2026-09-12,125.3,tidak sehat,2026-09-13,110.4,tidak sehat,0,0,73.2,SIAGA,diperkirakan besok tidak sehat; dan masih buruk lusa
Mamek,village,KALIMANTAN BARAT,0.6,109.6,65.9,tidak sehat,2026-09-12,125.3,tidak sehat,2026-09-13,110.4,tidak sehat,0,0,126.0,SIAGA,diperkirakan besok tidak sehat; dan masih buruk lusa
Dayung,village,KALIMANTAN BARAT,1.0,109.6,65.9,tidak sehat,2026-09-12,125.3,tidak sehat,2026-09-13,110.4,tidak sehat,0,0,73.2,SIAGA,diperkirakan besok tidak sehat; dan masih buruk lusa
Suti Semarang,village,KALIMANTAN BARAT,0.9,109.7,65.9,tidak sehat,2026-09-12,125.3,tidak sehat,2026-09-13,110.4,tidak sehat,0,0,126.0,SIAGA,diperkirakan besok tidak sehat; dan masih buruk lusa
Sumber Karya,village,KALIMANTAN BARAT,0.7,109.6,65.9,tidak sehat,2026-09-12,125.3,tidak sehat,2026-09-13,110.4,tidak sehat,0,0,126.0,SIAGA,diperkirakan besok tidak sehat; dan masih buruk lusa
Meranti,village,KALIMANTAN BARAT,0.7,109.7,65.9,tidak sehat,2026-09-12,125.3,tidak sehat,2026-09-13,110.4,tidak sehat,0,0,126.0,SIAGA,diperkirakan besok tidak sehat; dan masih buruk lusa
Setia Budi,village,KALIMANTAN BARAT,0.9,109.6,65.9,tidak sehat,2026-09-12,125.3,tidak sehat,2026-09-13,110.4,tidak sehat,0,0,126.0,SIAGA,diperkirakan besok tidak sehat; dan masih buruk lusa
Tapen,village,KALIMANTAN BARAT,0.9,109.8,65.9,tidak sehat,2026-09-12,125.3,tidak sehat,2026-09-13,110.4,tidak sehat,0,0,73.2,SIAGA,diperkirakan besok tidak sehat; dan masih buruk lusa
Bana,village,KALIMANTAN BARAT,0.8,109.6,65.9,tidak sehat,2026-09-12,125.3,tidak sehat,2026-09-13,110.4,tidak sehat,0,0,126.0,SIAGA,diperkirakan besok tidak sehat; dan masih buruk lusa
Lulang,village,KALIMANTAN BARAT,0.7,109.5,65.9,tidak sehat,2026-09-12,125.3,tidak sehat,2026-09-13,110.4,tidak sehat,0,0,126.0,SIAGA,diperkirakan besok tidak sehat; dan masih buruk lusa
Sungai Lubang,village,KALIMANTAN BARAT,0.6,109.7,65.9,tidak sehat,2026-09-12,125.3,tidak sehat,2026-09-13,110.4,tidak sehat,0,0,126.0,SIAGA,diperkirakan besok tidak sehat; dan masih buruk lusa
Sebalo,village,KALIMANTAN BARAT,0.8,109.5,65.9,tidak sehat,2026-09-12,125.3,tidak sehat,2026-09-13,110.4,tidak sehat,0,0,126.0,SIAGA,diperkirakan besok tidak sehat; dan masih buruk lusa
Puteng,village,KALIMANTAN BARAT,0.8,109.5,65.9,tidak sehat,2026-09-12,125.3,tidak sehat,2026-09-13,110.4,tidak sehat,0,0,126.0,SIAGA,diperkirakan besok tidak sehat; dan masih buruk lusa
Tunas Baru,village,KALIMANTAN BARAT,0.8,109.6,65.9,tidak sehat,2026-09-12,125.3,tidak sehat,2026-09-13,110.4,tidak sehat,0,0,126.0,SIAGA,diperkirakan besok tidak sehat; dan masih buruk lusa
Temia Sio,village,KALIMANTAN BARAT,0.8,109.6,65.9,tidak sehat,2026-09-12,125.3,tidak sehat,2026-09-13,110.4,tidak sehat,0,0,126.0,SIAGA,diperkirakan besok tidak sehat; dan masih buruk lusa
Suka Maju,village,KALIMANTAN BARAT,0.9,109.7,65.9,tidak sehat,2026-09-12,125.3,tidak sehat,2026-09-13,110.4,tidak sehat,0,0,73.2,SIAGA,diperkirakan besok tidak sehat; dan masih buruk lusa
Nangka,village,KALIMANTAN BARAT,0.9,109.7,65.9,tidak sehat,2026-09-12,125.3,tidak sehat,2026-09-13,110.4,tidak sehat,0,0,126.0,SIAGA,diperkirakan besok tidak sehat; dan masih buruk lusa
Sidan,village,KALIMANTAN BARAT,0.7,109.6,65.9,tidak sehat,2026-09-12,125.3,tidak sehat,2026-09-13,110.4,tidak sehat,0,0,126.0,SIAGA,diperkirakan besok tidak sehat; dan masih buruk lusa
Malo Jelayan,village,KALIMANTAN BARAT,0.8,109.5,65.9,tidak sehat,2026-09-12,125.3,tidak sehat,2026-09-13,110.4,tidak sehat,0,0,126.0,SIAGA,diperkirakan besok tidak sehat; dan masih buruk lusa
Muhi Bersatu,village,KALIMANTAN BARAT,0.9,109.7,65.9,tidak sehat,2026-09-12,125.3,tidak sehat,2026-09-13,110.4,tidak sehat,0,0,73.2,SIAGA,diperkirakan besok tidak sehat; dan masih buruk lusa
Kayu Ara,village,KALIMANTAN BARAT,0.6,109.7,65.9,tidak sehat,2026-09-12,125.3,tidak sehat,2026-09-13,110.4,tidak sehat,0,0,126.0,SIAGA,diperkirakan besok tidak sehat; dan masih buruk lusa
Angkaras,village,KALIMANTAN BARAT,0.6,109.6,65.9,tidak sehat,2026-09-12,125.3,tidak sehat,2026-09-13,110.4,tidak sehat,0,0,126.0,SIAGA,diperkirakan besok tidak sehat; dan masih buruk lusa
Bhakti Mulya,village,KALIMANTAN BARAT,0.8,109.5,65.9,tidak sehat,2026-09-12,125.3,tidak sehat,2026-09-13,110.4,tidak sehat,0,0,126.0,SIAGA,diperkirakan besok tidak sehat; dan masih buruk lusa
Taruna Jaya,village,KALIMANTAN BARAT,0.8,109.5,65.9,tidak sehat,2026-09-12,125.3,tidak sehat,2026-09-13,110.4,tidak sehat,0,0,126.0,SIAGA,diperkirakan besok tidak sehat; dan masih buruk lusa
Parek,village,KALIMANTAN BARAT,0.8,109.8,65.9,tidak sehat,2026-09-12,125.3,tidak sehat,2026-09-13,110.4,tidak sehat,0,0,126.0,SIAGA,diperkirakan besok tidak sehat; dan masih buruk lusa
Kelampai Setolo,village,KALIMANTAN BARAT,0.7,109.7,65.9,tidak sehat,2026-09-12,125.3,tidak sehat,2026-09-13,110.4,tidak sehat,0,0,126.0,SIAGA,diperkirakan besok tidak sehat; dan masih buruk lusa
Teriak,village,KALIMANTAN BARAT,0.7,109.5,65.9,tidak sehat,2026-09-12,125.3,tidak sehat,2026-09-13,110.4,tidak sehat,0,0,126.0,SIAGA,diperkirakan besok tidak sehat; dan masih buruk lusa
Moro Betung,village,KALIMANTAN BARAT,0.7,109.7,65.9,tidak sehat,2026-09-12,125.3,tidak sehat,2026-09-13,110.4,tidak sehat,0,0,126.0,SIAGA,diperkirakan besok tidak sehat; dan masih buruk lusa
Lomba Karya,village,KALIMANTAN BARAT,1.0,109.7,65.9,tidak sehat,2026-09-12,125.3,tidak sehat,2026-09-13,110.4,tidak sehat,0,0,73.2,SIAGA,diperkirakan besok tidak sehat; dan masih buruk lusa
Setia Jaya,village,KALIMANTAN BARAT,0.7,109.5,65.9,tidak sehat,2026-09-12,125.3,tidak sehat,2026-09-13,110.4,tidak sehat,0,0,126.0,SIAGA,diperkirakan besok tidak sehat; dan masih buruk lusa
Bagak,village,KALIMANTAN BARAT,0.6,109.7,65.9,tidak sehat,2026-09-12,125.3,tidak sehat,2026-09-13,110.4,tidak sehat,0,0,126.0,SIAGA,diperkirakan besok tidak sehat; dan masih buruk lusa
Lintah Betung,village,KALIMANTAN BARAT,0.7,109.7,65.9,tidak sehat,2026-09-12,125.3,tidak sehat,2026-09-13,110.4,tidak sehat,0,0,126.0,SIAGA,diperkirakan besok tidak sehat; dan masih buruk lusa
Benteng,village,KALIMANTAN BARAT,0.7,109.5,65.9,tidak sehat,2026-09-12,125.3,tidak sehat,2026-09-13,110.4,tidak sehat,0,0,126.0,SIAGA,diperkirakan besok tidak sehat; dan masih buruk lusa
Ladangan,village,KALIMANTAN BARAT,0.6,109.6,65.9,tidak sehat,2026-09-12,125.3,tidak sehat,2026-09-13,110.4,tidak sehat,0,0,126.0,SIAGA,diperkirakan besok tidak sehat; dan masih buruk lusa
Seren Selimbau,village,KALIMANTAN BARAT,1.0,109.4,65.9,tidak sehat,2026-09-12,125.3,tidak sehat,2026-09-13,110.4,tidak sehat,0,0,73.2,SIAGA,diperkirakan besok tidak sehat; dan masih buruk lusa
Kelayan,village,KALIMANTAN BARAT,1.0,109.8,65.9,tidak sehat,2026-09-12,125.3,tidak sehat,2026-09-13,110.4,tidak sehat,0,0,73.2,SIAGA,diperkirakan besok tidak sehat; dan masih buruk lusa
Mu'un,village,KALIMANTAN BARAT,0.6,109.8,65.9,tidak sehat,2026-09-12,125.3,tidak sehat,2026-09-13,110.4,tidak sehat,0,0,126.0,SIAGA,diperkirakan besok tidak sehat; dan masih buruk lusa
Sehe Lusur,village,KALIMANTAN BARAT,0.7,109.8,65.9,tidak sehat,2026-09-12,125.3,tidak sehat,2026-09-13,110.4,tidak sehat,0,0,126.0,SIAGA,diperkirakan besok tidak sehat; dan masih buruk lusa
Dharma Bhakti,village,KALIMANTAN BARAT,0.8,109.5,65.9,tidak sehat,2026-09-12,125.3,tidak sehat,2026-09-13,110.4,tidak sehat,0,0,126.0,SIAGA,diperkirakan besok tidak sehat; dan masih buruk lusa
Songga,village,KALIMANTAN BARAT,0.6,109.6,65.9,tidak sehat,2026-09-12,125.3,tidak sehat,2026-09-13,110.4,tidak sehat,0,0,126.0,SIAGA,diperkirakan besok tidak sehat; dan masih buruk lusa
Magmagan Karya,village,KALIMANTAN BARAT,0.9,109.5,65.9,tidak sehat,2026-09-12,125.3,tidak sehat,2026-09-13,110.4,tidak sehat,0,0,73.2,SIAGA,diperkirakan besok tidak sehat; dan masih buruk lusa
Ampadi,village,KALIMANTAN BARAT,0.7,109.8,65.9,tidak sehat,2026-09-12,125.3,tidak sehat,2026-09-13,110.4,tidak sehat,0,0,126.0,SIAGA,diperkirakan besok tidak sehat; dan masih buruk lusa
Kedama,village,KALIMANTAN BARAT,0.7,109.8,65.9,tidak sehat,2026-09-12,125.3,tidak sehat,2026-09-13,110.4,tidak sehat,0,0,126.0,SIAGA,diperkirakan besok tidak sehat; dan masih buruk lusa
Telidik,village,KALIMANTAN BARAT,0.8,109.5,65.9,tidak sehat,2026-09-12,125.3,tidak sehat,2026-09-13,110.4,tidak sehat,0,0,126.0,SIAGA,diperkirakan besok tidak sehat; dan masih buruk lusa
Darit,village,KALIMANTAN BARAT,0.6,109.6,65.9,tidak sehat,2026-09-12,125.3,tidak sehat,2026-09-13,110.4,tidak sehat,0,0,126.0,SIAGA,diperkirakan besok tidak sehat; dan masih buruk lusa
Padang Pio,village,KALIMANTAN BARAT,0.7,109.6,65.9,tidak sehat,2026-09-12,125.3,tidak sehat,2026-09-13,110.4,tidak sehat,0,0,126.0,SIAGA,diperkirakan besok tidak sehat; dan masih buruk lusa
Tubajur,village,KALIMANTAN BARAT,0.8,109.6,65.9,tidak sehat,2026-09-12,125.3,tidak sehat,2026-09-13,110.4,tidak sehat,0,0,126.0,SIAGA,diperkirakan besok tidak sehat; dan masih buruk lusa
Semade,village,KALIMANTAN BARAT,0.7,109.5,65.9,tidak sehat,2026-09-12,125.3,tidak sehat,2026-09-13,110.4,tidak sehat,0,0,126.0,SIAGA,diperkirakan besok tidak sehat; dan masih buruk lusa
Rodaya,village,KALIMANTAN BARAT,1.0,109.6,65.9,tidak sehat,2026-09-12,125.3,tidak sehat,2026-09-13,110.4,tidak sehat,0,0,73.2,SIAGA,diperkirakan besok tidak sehat; dan masih buruk lusa
Tahu,village,KALIMANTAN BARAT,0.8,109.8,65.9,tidak sehat,2026-09-12,125.3,tidak sehat,2026-09-13,110.4,tidak sehat,0,0,126.0,SIAGA,diperkirakan besok tidak sehat; dan masih buruk lusa
Kiung,village,KALIMANTAN BARAT,0.9,109.6,65.9,tidak sehat,2026-09-12,125.3,tidak sehat,2026-09-13,110.4,tidak sehat,0,0,126.0,SIAGA,diperkirakan besok tidak sehat; dan masih buruk lusa
Ringo Lojok,village,KALIMANTAN BARAT,0.6,109.5,65.9,tidak sehat,2026-09-12,125.3,tidak sehat,2026-09-13,110.4,tidak sehat,0,0,126.0,SIAGA,diperkirakan besok tidak sehat; dan masih buruk lusa
Bani Amas,village,KALIMANTAN BARAT,0.8,109.5,65.9,tidak sehat,2026-09-12,125.3,tidak sehat,2026-09-13,110.4,tidak sehat,0,0,126.0,SIAGA,diperkirakan besok tidak sehat; dan masih buruk lusa
Karya Baru,village,KALIMANTAN BARAT,0.8,109.6,65.9,tidak sehat,2026-09-12,125.3,tidak sehat,2026-09-13,110.4,tidak sehat,0,0,126.0,SIAGA,diperkirakan besok tidak sehat; dan masih buruk lusa
Bengawan Ampar,village,KALIMANTAN BARAT,0.7,109.8,65.9,tidak sehat,2026-09-12,125.3,tidak sehat,2026-09-13,110.4,tidak sehat,0,0,126.0,SIAGA,diperkirakan besok tidak sehat; dan masih buruk lusa
Tiga Berkat,village,KALIMANTAN BARAT,0.9,109.5,65.9,tidak sehat,2026-09-12,125.3,tidak sehat,2026-09-13,110.4,tidak sehat,0,0,73.2,SIAGA,diperkirakan besok tidak sehat; dan masih buruk lusa
Berinang Mayun,village,KALIMANTAN BARAT,0.7,109.6,65.9,tidak sehat,2026-09-12,125.3,tidak sehat,2026-09-13,110.4,tidak sehat,0,0,126.0,SIAGA,diperkirakan besok tidak sehat; dan masih buruk lusa
Cempaka Putih,village,KALIMANTAN BARAT,0.9,109.7,65.9,tidak sehat,2026-09-12,125.3,tidak sehat,2026-09-13,110.4,tidak sehat,0,0,73.2,SIAGA,diperkirakan besok tidak sehat; dan masih buruk lusa
Ansang,village,KALIMANTAN BARAT,0.6,109.6,65.9,tidak sehat,2026-09-12,125.3,tidak sehat,2026-09-13,110.4,tidak sehat,0,0,126.0,SIAGA,diperkirakan besok tidak sehat; dan masih buruk lusa
Tembawang Bale,village,KALIMANTAN BARAT,0.6,109.6,65.9,tidak sehat,2026-09-12,125.3,tidak sehat,2026-09-13,110.4,tidak sehat,0,0,126.0,SIAGA,diperkirakan besok tidak sehat; dan masih buruk lusa
Sekaruh,village,KALIMANTAN BARAT,0.8,109.6,65.9,tidak sehat,2026-09-12,125.3,tidak sehat,2026-09-13,110.4,tidak sehat,0,0,126.0,SIAGA,diperkirakan besok tidak sehat; dan masih buruk lusa
Untang,village,KALIMANTAN BARAT,0.7,109.5,65.9,tidak sehat,2026-09-12,125.3,tidak sehat,2026-09-13,110.4,tidak sehat,0,0,126.0,SIAGA,diperkirakan besok tidak sehat; dan masih buruk lusa
Sidai,village,KALIMANTAN BARAT,0.9,109.7,65.9,tidak sehat,2026-09-12,125.3,tidak sehat,2026-09-13,110.4,tidak sehat,0,0,73.2,SIAGA,diperkirakan besok tidak sehat; dan masih buruk lusa
Bengkilu,village,KALIMANTAN BARAT,1.0,109.7,65.9,tidak sehat,2026-09-12,125.3,tidak sehat,2026-09-13,110.4,tidak sehat,0,0,73.2,SIAGA,diperkirakan besok tidak sehat; dan masih buruk lusa
Temu,hamlet,KALIMANTAN BARAT,0.7,109.6,65.9,tidak sehat,2026-09-12,125.3,tidak sehat,2026-09-13,110.4,tidak sehat,0,0,126.0,SIAGA,diperkirakan besok tidak sehat; dan masih buruk lusa
Tahuban,hamlet,KALIMANTAN BARAT,0.6,109.5,65.9,tidak sehat,2026-09-12,125.3,tidak sehat,2026-09-13,110.4,tidak sehat,0,0,126.0,SIAGA,diperkirakan besok tidak sehat; dan masih buruk lusa
Babunting,hamlet,KALIMANTAN BARAT,0.6,109.7,65.9,tidak sehat,2026-09-12,125.3,tidak sehat,2026-09-13,110.4,tidak sehat,0,0,126.0,SIAGA,diperkirakan besok tidak sehat; dan masih buruk lusa
Bacang,hamlet,KALIMANTAN BARAT,0.6,109.8,65.9,tidak sehat,2026-09-12,125.3,tidak sehat,2026-09-13,110.4,tidak sehat,0,0,126.0,SIAGA,diperkirakan besok tidak sehat; dan masih buruk lusa
Ampadan,hamlet,KALIMANTAN BARAT,0.7,109.6,65.9,tidak sehat,2026-09-12,125.3,tidak sehat,2026-09-13,110.4,tidak sehat,0,0,126.0,SIAGA,diperkirakan besok tidak sehat; dan masih buruk lusa
Pelaik Kemayo,hamlet,KALIMANTAN BARAT,0.6,109.5,65.9,tidak sehat,2026-09-12,125.3,tidak sehat,2026-09-13,110.4,tidak sehat,0,0,126.0,SIAGA,diperkirakan besok tidak sehat; dan masih buruk lusa
Medang,hamlet,KALIMANTAN BARAT,0.6,109.5,65.9,tidak sehat,2026-09-12,125.3,tidak sehat,2026-09-13,110.4,tidak sehat,0,0,126.0,SIAGA,diperkirakan besok tidak sehat; dan masih buruk lusa
Peranuk,hamlet,KALIMANTAN BARAT,0.7,109.5,65.9,tidak sehat,2026-09-12,125.3,tidak sehat,2026-09-13,110.4,tidak sehat,0,0,126.0,SIAGA,diperkirakan besok tidak sehat; dan masih buruk lusa
Sentibak,hamlet,KALIMANTAN BARAT,0.7,109.5,65.9,tidak sehat,2026-09-12,125.3,tidak sehat,2026-09-13,110.4,tidak sehat,0,0,126.0,SIAGA,diperkirakan besok tidak sehat; dan masih buruk lusa
Moro Behe,hamlet,KALIMANTAN BARAT,0.7,109.7,65.9,tidak sehat,2026-09-12,125.3,tidak sehat,2026-09-13,110.4,tidak sehat,0,0,126.0,SIAGA,diperkirakan besok tidak sehat; dan masih buruk lusa
Jelayan,hamlet,KALIMANTAN BARAT,0.7,109.7,65.9,tidak sehat,2026-09-12,125.3,tidak sehat,2026-09-13,110.4,tidak sehat,0,0,126.0,SIAGA,diperkirakan besok tidak sehat; dan masih buruk lusa
Sejowet Rantau,hamlet,KALIMANTAN BARAT,0.7,109.8,65.9,tidak sehat,2026-09-12,125.3,tidak sehat,2026-09-13,110.4,tidak sehat,0,0,126.0,SIAGA,diperkirakan besok tidak sehat; dan masih buruk lusa
Berangan Pale,hamlet,KALIMANTAN BARAT,0.7,109.8,65.9,tidak sehat,2026-09-12,125.3,tidak sehat,2026-09-13,110.4,tidak sehat,0,0,126.0,SIAGA,diperkirakan besok tidak sehat; dan masih buruk lusa
Dungkan,hamlet,KALIMANTAN BARAT,0.8,109.5,65.9,tidak sehat,2026-09-12,125.3,tidak sehat,2026-09-13,110.4,tidak sehat,0,0,126.0,SIAGA,diperkirakan besok tidak sehat; dan masih buruk lusa
Malo Jelayan,village,KALIMANTAN BARAT,0.8,109.6,65.9,tidak sehat,2026-09-12,125.3,tidak sehat,2026-09-13,110.4,tidak sehat,0,0,126.0,SIAGA,diperkirakan besok tidak sehat; dan masih buruk lusa
Laek,hamlet,KALIMANTAN BARAT,1.0,109.8,65.9,tidak sehat,2026-09-12,125.3,tidak sehat,2026-09-13,110.4,tidak sehat,0,0,73.2,SIAGA,diperkirakan besok tidak sehat; dan masih buruk lusa
Sei Sibo,hamlet,KALIMANTAN BARAT,1.0,109.5,65.9,tidak sehat,2026-09-12,125.3,tidak sehat,2026-09-13,110.4,tidak sehat,0,0,73.2,SIAGA,diperkirakan besok tidak sehat; dan masih buruk lusa
Madi,hamlet,KALIMANTAN BARAT,0.9,109.4,65.9,tidak sehat,2026-09-12,125.3,tidak sehat,2026-09-13,110.4,tidak sehat,0,0,73.2,SIAGA,diperkirakan besok tidak sehat; dan masih buruk lusa
Semayas,hamlet,KALIMANTAN BARAT,1.0,109.6,65.9,tidak sehat,2026-09-12,125.3,tidak sehat,2026-09-13,110.4,tidak sehat,0,0,73.2,SIAGA,diperkirakan besok tidak sehat; dan masih buruk lusa
Temu Perbatu,hamlet,KALIMANTAN BARAT,0.8,109.7,65.9,tidak sehat,2026-09-12,125.3,tidak sehat,2026-09-13,110.4,tidak sehat,0,0,126.0,SIAGA,diperkirakan besok tidak sehat; dan masih buruk lusa
Perigi,village,KALIMANTAN BARAT,0.7,109.5,65.9,tidak sehat,2026-09-12,125.3,tidak sehat,2026-09-13,110.4,tidak sehat,0,0,126.0,SIAGA,diperkirakan besok tidak sehat; dan masih buruk lusa
Dusun Panji,hamlet,KALIMANTAN BARAT,0.6,109.7,65.9,tidak sehat,2026-09-12,125.3,tidak sehat,2026-09-13,110.4,tidak sehat,0,0,126.0,SIAGA,diperkirakan besok tidak sehat; dan masih buruk lusa
Semantun,village,KALIMANTAN TENGAH,-2.2,111.2,65.2,tidak sehat,2026-09-12,67.5,tidak sehat,2026-09-13,72.0,tidak sehat,0,0,28.2,SIAGA,diperkirakan besok tidak sehat; dan masih buruk lusa
Jihing,village,KALIMANTAN TENGAH,-2.4,111.2,65.2,tidak sehat,2026-09-12,67.5,tidak sehat,2026-09-13,72.0,tidak sehat,0,0,28.2,SIAGA,diperkirakan besok tidak sehat; dan masih buruk lusa
Sagu Suka Mulya,village,KALIMANTAN TENGAH,-2.4,111.3,65.2,tidak sehat,2026-09-12,67.5,tidak sehat,2026-09-13,72.0,tidak sehat,0,0,28.2,SIAGA,diperkirakan besok tidak sehat; dan masih buruk lusa
Lupu Peruca,village,KALIMANTAN TENGAH,-2.3,111.2,65.2,tidak sehat,2026-09-12,67.5,tidak sehat,2026-09-13,72.0,tidak sehat,0,0,28.2,SIAGA,diperkirakan besok tidak sehat; dan masih buruk lusa
Biku Sarana,village,KALIMANTAN BARAT,-2.1,111.0,65.2,tidak sehat,2026-09-12,67.5,tidak sehat,2026-09-13,72.0,tidak sehat,0,0,43.6,SIAGA,diperkirakan besok tidak sehat; dan masih buruk lusa
Bangun Jaya,village,KALIMANTAN TENGAH,-2.3,111.2,65.2,tidak sehat,2026-09-12,67.5,tidak sehat,2026-09-13,72.0,tidak sehat,0,0,28.2,SIAGA,diperkirakan besok tidak sehat; dan masih buruk lusa
Dawak,village,KALIMANTAN TENGAH,-2.4,111.3,65.2,tidak sehat,2026-09-12,67.5,tidak sehat,2026-09-13,72.0,tidak sehat,0,0,28.2,SIAGA,diperkirakan besok tidak sehat; dan masih buruk lusa
Pangkalan Muntai,village,KALIMANTAN TENGAH,-2.4,111.3,65.2,tidak sehat,2026-09-12,67.5,tidak sehat,2026-09-13,72.0,tidak sehat,0,0,28.2,SIAGA,diperkirakan besok tidak sehat; dan masih buruk lusa
Bukit Gajah,village,KALIMANTAN BARAT,-2.4,110.9,65.2,tidak sehat,2026-09-12,67.5,tidak sehat,2026-09-13,72.0,tidak sehat,0,0,43.6,SIAGA,diperkirakan besok tidak sehat; dan masih buruk lusa
Nibung Terjun,village,KALIMANTAN TENGAH,-2.2,111.1,65.2,tidak sehat,2026-09-12,67.5,tidak sehat,2026-09-13,72.0,tidak sehat,0,0,28.2,SIAGA,diperkirakan besok tidak sehat; dan masih buruk lusa
Periangan,village,KALIMANTAN BARAT,-2.1,110.9,65.2,tidak sehat,2026-09-12,67.5,tidak sehat,2026-09-13,72.0,tidak sehat,0,0,65.2,SIAGA,diperkirakan besok tidak sehat; dan masih buruk lusa
Laman Baru,village,KALIMANTAN TENGAH,-2.2,111.3,65.2,tidak sehat,2026-09-12,67.5,tidak sehat,2026-09-13,72.0,tidak sehat,0,0,28.2,SIAGA,diperkirakan besok tidak sehat; dan masih buruk lusa
Air Dua,village,KALIMANTAN TENGAH,-2.4,111.2,65.2,tidak sehat,2026-09-12,67.5,tidak sehat,2026-09-13,72.0,tidak sehat,0,0,28.2,SIAGA,diperkirakan besok tidak sehat; dan masih buruk lusa
Terusan,village,KALIMANTAN BARAT,-2.3,111.0,65.2,tidak sehat,2026-09-12,67.5,tidak sehat,2026-09-13,72.0,tidak sehat,0,0,43.6,SIAGA,diperkirakan besok tidak sehat; dan masih buruk lusa
Sembikuan,village,KALIMANTAN TENGAH,-2.2,111.1,65.2,tidak sehat,2026-09-12,67.5,tidak sehat,2026-09-13,72.0,tidak sehat,0,0,28.2,SIAGA,diperkirakan besok tidak sehat; dan masih buruk lusa
Asam Besar,village,KALIMANTAN BARAT,-2.4,111.0,65.2,tidak sehat,2026-09-12,67.5,tidak sehat,2026-09-13,72.0,tidak sehat,0,0,28.2,SIAGA,diperkirakan besok tidak sehat; dan masih buruk lusa
Sekuningan Baru,village,KALIMANTAN TENGAH,-2.3,111.2,65.2,tidak sehat,2026-09-12,67.5,tidak sehat,2026-09-13,72.0,tidak sehat,0,0,28.2,SIAGA,diperkirakan besok tidak sehat; dan masih buruk lusa
Silat,village,KALIMANTAN BARAT,-2.3,110.9,65.2,tidak sehat,2026-09-12,67.5,tidak sehat,2026-09-13,72.0,tidak sehat,0,0,43.6,SIAGA,diperkirakan besok tidak sehat; dan masih buruk lusa
Semantun,village,KALIMANTAN BARAT,-2.1,111.0,65.2,tidak sehat,2026-09-12,67.5,tidak sehat,2026-09-13,72.0,tidak sehat,0,0,28.2,SIAGA,diperkirakan besok tidak sehat; dan masih buruk lusa
Ajang,village,KALIMANTAN TENGAH,-2.3,111.2,65.2,tidak sehat,2026-09-12,67.5,tidak sehat,2026-09-13,72.0,tidak sehat,0,0,28.2,SIAGA,diperkirakan besok tidak sehat; dan masih buruk lusa
Kelampai,village,KALIMANTAN BARAT,-2.1,110.9,65.2,tidak sehat,2026-09-12,67.5,tidak sehat,2026-09-13,72.0,tidak sehat,0,0,43.6,SIAGA,diperkirakan besok tidak sehat; dan masih buruk lusa
Natai Kondang,village,KALIMANTAN TENGAH,-2.3,111.2,65.2,tidak sehat,2026-09-12,67.5,tidak sehat,2026-09-13,72.0,tidak sehat,0,0,28.2,SIAGA,diperkirakan besok tidak sehat; dan masih buruk lusa
Air Dekakah,village,KALIMANTAN BARAT,-2.3,111.0,65.2,tidak sehat,2026-09-12,67.5,tidak sehat,2026-09-13,72.0,tidak sehat,0,0,43.6,SIAGA,diperkirakan besok tidak sehat; dan masih buruk lusa
Petarikan,village,KALIMANTAN TENGAH,-2.4,111.2,65.2,tidak sehat,2026-09-12,67.5,tidak sehat,2026-09-13,72.0,tidak sehat,0,0,28.2,SIAGA,diperkirakan besok tidak sehat; dan masih buruk lusa
Kemuning,village,KALIMANTAN BARAT,-2.2,110.9,65.2,tidak sehat,2026-09-12,67.5,tidak sehat,2026-09-13,72.0,tidak sehat,0,0,43.6,SIAGA,diperkirakan besok tidak sehat; dan masih buruk lusa
Batu Menang,hamlet,KALIMANTAN BARAT,-2.0,110.9,65.2,tidak sehat,2026-09-12,67.5,tidak sehat,2026-09-13,72.0,tidak sehat,0,0,65.2,SIAGA,diperkirakan besok tidak sehat; dan masih buruk lusa
Lembah Mukti,village,KALIMANTAN BARAT,-2.4,110.9,65.2,tidak sehat,2026-09-12,67.5,tidak sehat,2026-09-13,72.0,tidak sehat,0,0,43.6,SIAGA,diperkirakan besok tidak sehat; dan masih buruk lusa
Bukit Sungkai,village,KALIMANTAN TENGAH,-2.4,111.2,65.2,tidak sehat,2026-09-12,67.5,tidak sehat,2026-09-13,72.0,tidak sehat,0,0,28.2,SIAGA,diperkirakan besok tidak sehat; dan masih buruk lusa
Suak Burung,village,KALIMANTAN BARAT,-2.3,111.1,65.2,tidak sehat,2026-09-12,67.5,tidak sehat,2026-09-13,72.0,tidak sehat,0,0,28.2,SIAGA,diperkirakan besok tidak sehat; dan masih buruk lusa
Batu Sedau,village,KALIMANTAN BARAT,-2.4,111.0,65.2,tidak sehat,2026-09-12,67.5,tidak sehat,2026-09-13,72.0,tidak sehat,0,0,28.2,SIAGA,diperkirakan besok tidak sehat; dan masih buruk lusa
Kenawan,village,KALIMANTAN TENGAH,-2.2,111.3,65.2,tidak sehat,2026-09-12,67.5,tidak sehat,2026-09-13,72.0,tidak sehat,0,0,28.2,SIAGA,diperkirakan besok tidak sehat; dan masih buruk lusa
Air Durian Jaya,village,KALIMANTAN BARAT,-2.4,110.9,65.2,tidak sehat,2026-09-12,67.5,tidak sehat,2026-09-13,72.0,tidak sehat,0,0,43.6,SIAGA,diperkirakan besok tidak sehat; dan masih buruk lusa
Riam Durian,village,KALIMANTAN TENGAH,-2.4,111.3,65.2,tidak sehat,2026-09-12,67.5,tidak sehat,2026-09-13,72.0,tidak sehat,0,0,28.2,SIAGA,diperkirakan besok tidak sehat; dan masih buruk lusa
Balai Riam,village,KALIMANTAN TENGAH,-2.3,111.2,65.2,tidak sehat,2026-09-12,67.5,tidak sehat,2026-09-13,72.0,tidak sehat,0,0,28.2,SIAGA,diperkirakan besok tidak sehat; dan masih buruk lusa
Pempaning,village,KALIMANTAN TENGAH,-2.3,111.1,65.2,tidak sehat,2026-09-12,67.5,tidak sehat,2026-09-13,72.0,tidak sehat,0,0,28.2,SIAGA,diperkirakan besok tidak sehat; dan masih buruk lusa
Harapan Baru,village,KALIMANTAN BARAT,-2.3,110.9,65.2,tidak sehat,2026-09-12,67.5,tidak sehat,2026-09-13,72.0,tidak sehat,0,0,43.6,SIAGA,diperkirakan besok tidak sehat; dan masih buruk lusa
Pangkalan Suka,village,KALIMANTAN BARAT,-2.0,110.9,65.2,tidak sehat,2026-09-12,67.5,tidak sehat,2026-09-13,72.0,tidak sehat,0,0,65.2,SIAGA,diperkirakan besok tidak sehat; dan masih buruk lusa
Asam Jelai,village,KALIMANTAN BARAT,-2.1,110.9,65.2,tidak sehat,2026-09-12,67.5,tidak sehat,2026-09-13,72.0,tidak sehat,0,0,43.6,SIAGA,diperkirakan besok tidak sehat; dan masih buruk lusa
Sengkuang Merabong,village,KALIMANTAN BARAT,-2.2,111.0,65.2,tidak sehat,2026-09-12,67.5,tidak sehat,2026-09-13,72.0,tidak sehat,0,0,43.6,SIAGA,diperkirakan besok tidak sehat; dan masih buruk lusa
Kalimantan,village,KALIMANTAN BARAT,-2.3,111.0,65.2,tidak sehat,2026-09-12,67.5,tidak sehat,2026-09-13,72.0,tidak sehat,0,0,43.6,SIAGA,diperkirakan besok tidak sehat; dan masih buruk lusa
Tebing Berseri,village,KALIMANTAN BARAT,-2.0,110.9,65.2,tidak sehat,2026-09-12,67.5,tidak sehat,2026-09-13,72.0,tidak sehat,0,0,65.2,SIAGA,diperkirakan besok tidak sehat; dan masih buruk lusa
Suka Jaya,village,KALIMANTAN TENGAH,-2.4,111.3,65.2,tidak sehat,2026-09-12,67.5,tidak sehat,2026-09-13,72.0,tidak sehat,0,0,28.2,SIAGA,diperkirakan besok tidak sehat; dan masih buruk lusa
Kusik Batu Lapu,village,KALIMANTAN BARAT,-2.0,110.9,65.2,tidak sehat,2026-09-12,67.5,tidak sehat,2026-09-13,72.0,tidak sehat,0,0,43.6,SIAGA,diperkirakan besok tidak sehat; dan masih buruk lusa
Pelempangan,village,KALIMANTAN BARAT,-2.2,111.0,65.2,tidak sehat,2026-09-12,67.5,tidak sehat,2026-09-13,72.0,tidak sehat,0,0,43.6,SIAGA,diperkirakan besok tidak sehat; dan masih buruk lusa
Pakit Selaba,village,KALIMANTAN BARAT,-2.2,111.0,65.2,tidak sehat,2026-09-12,67.5,tidak sehat,2026-09-13,72.0,tidak sehat,0,0,43.6,SIAGA,diperkirakan besok tidak sehat; dan masih buruk lusa
Tribun Jaya,village,KALIMANTAN BARAT,-2.2,111.0,65.2,tidak sehat,2026-09-12,67.5,tidak sehat,2026-09-13,72.0,tidak sehat,0,0,43.6,SIAGA,diperkirakan besok tidak sehat; dan masih buruk lusa
Mekar Jaya,village,KALIMANTAN BARAT,-2.4,111.0,65.2,tidak sehat,2026-09-12,67.5,tidak sehat,2026-09-13,72.0,tidak sehat,0,0,28.2,SIAGA,diperkirakan besok tidak sehat; dan masih buruk lusa
Bayam Raya,village,KALIMANTAN BARAT,-2.1,110.9,65.2,tidak sehat,2026-09-12,67.5,tidak sehat,2026-09-13,72.0,tidak sehat,0,0,43.6,SIAGA,diperkirakan besok tidak sehat; dan masih buruk lusa
Penyarang,village,KALIMANTAN BARAT,-2.0,110.9,65.2,tidak sehat,2026-09-12,67.5,tidak sehat,2026-09-13,72.0,tidak sehat,0,0,65.2,SIAGA,diperkirakan besok tidak sehat; dan masih buruk lusa
Kuala Asam,hamlet,KALIMANTAN BARAT,-2.4,111.0,65.2,tidak sehat,2026-09-12,67.5,tidak sehat,2026-09-13,72.0,tidak sehat,0,0,28.2,SIAGA,diperkirakan besok tidak sehat; dan masih buruk lusa
Sunsang,hamlet,KALIMANTAN BARAT,-2.4,111.0,65.2,tidak sehat,2026-09-12,67.5,tidak sehat,2026-09-13,72.0,tidak sehat,0,0,43.6,SIAGA,diperkirakan besok tidak sehat; dan masih buruk lusa
Bagan Kusik,hamlet,KALIMANTAN BARAT,-2.4,111.0,65.2,tidak sehat,2026-09-12,67.5,tidak sehat,2026-09-13,72.0,tidak sehat,0,0,43.6,SIAGA,diperkirakan besok tidak sehat; dan masih buruk lusa
Baampah,village,KALIMANTAN TENGAH,-2.1,112.6,64.3,tidak sehat,2026-09-12,95.1,tidak sehat,2026-09-13,103.2,tidak sehat,0,0,34.4,SIAGA,diperkirakan besok tidak sehat; dan masih buruk lusa
Tangka Robah,village,KALIMANTAN TENGAH,-2.0,112.5,64.3,tidak sehat,2026-09-12,95.1,tidak sehat,2026-09-13,103.2,tidak sehat,0,0,52.3,SIAGA,diperkirakan besok tidak sehat; dan masih buruk lusa
Sebabi,village,KALIMANTAN TENGAH,-2.4,112.6,64.3,tidak sehat,2026-09-12,95.1,tidak sehat,2026-09-13,103.2,tidak sehat,0,0,34.4,SIAGA,diperkirakan besok tidak sehat; dan masih buruk lusa
Sari Harapan,village,KALIMANTAN TENGAH,-2.0,112.8,64.3,tidak sehat,2026-09-12,95.1,tidak sehat,2026-09-13,103.2,tidak sehat,0,0,34.4,SIAGA,diperkirakan besok tidak sehat; dan masih buruk lusa
Kuala Kuayan,village,KALIMANTAN TENGAH,-2.0,112.5,64.3,tidak sehat,2026-09-12,95.1,tidak sehat,2026-09-13,103.2,tidak sehat,0,0,52.3,SIAGA,diperkirakan besok tidak sehat; dan masih buruk lusa
Sumber Makmur,village,KALIMANTAN TENGAH,-2.4,112.5,64.3,tidak sehat,2026-09-12,95.1,tidak sehat,2026-09-13,103.2,tidak sehat,0,0,52.3,SIAGA,diperkirakan besok tidak sehat; dan masih buruk lusa
Penda Durian,village,KALIMANTAN TENGAH,-2.1,112.6,64.3,tidak sehat,2026-09-12,95.1,tidak sehat,2026-09-13,103.2,tidak sehat,0,0,52.3,SIAGA,diperkirakan besok tidak sehat; dan masih buruk lusa
Satiung,village,KALIMANTAN TENGAH,-2.1,112.6,64.3,tidak sehat,2026-09-12,95.1,tidak sehat,2026-09-13,103.2,tidak sehat,0,0,52.3,SIAGA,diperkirakan besok tidak sehat; dan masih buruk lusa
Kabuau,village,KALIMANTAN TENGAH,-2.1,112.8,64.3,tidak sehat,2026-09-12,95.1,tidak sehat,2026-09-13,103.2,tidak sehat,0,0,34.4,SIAGA,diperkirakan besok tidak sehat; dan masih buruk lusa
Pemantang,village,KALIMANTAN TENGAH,-2.0,112.5,64.3,tidak sehat,2026-09-12,95.1,tidak sehat,2026-09-13,103.2,tidak sehat,0,0,52.3,SIAGA,diperkirakan besok tidak sehat; dan masih buruk lusa
Mekar Jaya,village,KALIMANTAN TENGAH,-2.0,112.7,64.3,tidak sehat,2026-09-12,95.1,tidak sehat,2026-09-13,103.2,tidak sehat,0,0,52.3,SIAGA,diperkirakan besok tidak sehat; dan masih buruk lusa
Kawan Batu,village,KALIMANTAN TENGAH,-2.1,112.6,64.3,tidak sehat,2026-09-12,95.1,tidak sehat,2026-09-13,103.2,tidak sehat,0,0,52.3,SIAGA,diperkirakan besok tidak sehat; dan masih buruk lusa
Tanah Putih,village,KALIMANTAN TENGAH,-2.4,112.6,64.3,tidak sehat,2026-09-12,95.1,tidak sehat,2026-09-13,103.2,tidak sehat,0,0,34.4,SIAGA,diperkirakan besok tidak sehat; dan masih buruk lusa
Hanjalipan,village,KALIMANTAN TENGAH,-2.2,112.8,64.3,tidak sehat,2026-09-12,95.1,tidak sehat,2026-09-13,103.2,tidak sehat,0,0,34.4,SIAGA,diperkirakan besok tidak sehat; dan masih buruk lusa
Bajarau,village,KALIMANTAN TENGAH,-2.0,112.8,64.3,tidak sehat,2026-09-12,95.1,tidak sehat,2026-09-13,103.2,tidak sehat,0,0,34.4,SIAGA,diperkirakan besok tidak sehat; dan masih buruk lusa
Santilik,village,KALIMANTAN TENGAH,-2.0,112.6,64.3,tidak sehat,2026-09-12,95.1,tidak sehat,2026-09-13,103.2,tidak sehat,0,0,52.3,SIAGA,diperkirakan besok tidak sehat; dan masih buruk lusa
Parenggean,village,KALIMANTAN TENGAH,-2.0,112.8,64.3,tidak sehat,2026-09-12,95.1,tidak sehat,2026-09-13,103.2,tidak sehat,0,0,34.4,SIAGA,diperkirakan besok tidak sehat; dan masih buruk lusa
Tumbang Sapiri,village,KALIMANTAN TENGAH,-2.0,112.5,64.3,tidak sehat,2026-09-12,95.1,tidak sehat,2026-09-13,103.2,tidak sehat,0,0,52.3,SIAGA,diperkirakan besok tidak sehat; dan masih buruk lusa
Tangar,village,KALIMANTAN TENGAH,-2.2,112.7,64.3,tidak sehat,2026-09-12,95.1,tidak sehat,2026-09-13,103.2,tidak sehat,0,0,34.4,SIAGA,diperkirakan besok tidak sehat; dan masih buruk lusa
Kenyala,village,KALIMANTAN TENGAH,-2.3,112.7,64.3,tidak sehat,2026-09-12,95.1,tidak sehat,2026-09-13,103.2,tidak sehat,0,0,34.4,SIAGA,diperkirakan besok tidak sehat; dan masih buruk lusa
Tanjung Bantur,village,KALIMANTAN TENGAH,-2.1,112.6,64.3,tidak sehat,2026-09-12,95.1,tidak sehat,2026-09-13,103.2,tidak sehat,0,0,52.3,SIAGA,diperkirakan besok tidak sehat; dan masih buruk lusa
Palangan,village,KALIMANTAN TENGAH,-2.3,112.7,64.3,tidak sehat,2026-09-12,95.1,tidak sehat,2026-09-13,103.2,tidak sehat,0,0,34.4,SIAGA,diperkirakan besok tidak sehat; dan masih buruk lusa
Pahirangan,village,KALIMANTAN TENGAH,-2.1,112.6,64.3,tidak sehat,2026-09-12,95.1,tidak sehat,2026-09-13,103.2,tidak sehat,0,0,52.3,SIAGA,diperkirakan besok tidak sehat; dan masih buruk lusa
Simpur,village,KALIMANTAN TENGAH,-2.3,112.8,64.3,tidak sehat,2026-09-12,95.1,tidak sehat,2026-09-13,103.2,tidak sehat,0,0,34.4,SIAGA,diperkirakan besok tidak sehat; dan masih buruk lusa
Tehang,village,KALIMANTAN TENGAH,-2.2,112.8,64.3,tidak sehat,2026-09-12,95.1,tidak sehat,2026-09-13,103.2,tidak sehat,0,0,34.4,SIAGA,diperkirakan besok tidak sehat; dan masih buruk lusa
Biru Maju,village,KALIMANTAN TENGAH,-2.3,112.4,64.3,tidak sehat,2026-09-12,95.1,tidak sehat,2026-09-13,103.2,tidak sehat,0,0,52.3,SIAGA,diperkirakan besok tidak sehat; dan masih buruk lusa
Selunuk,village,KALIMANTAN TENGAH,-2.4,112.4,64.3,tidak sehat,2026-09-12,95.1,tidak sehat,2026-09-13,103.2,tidak sehat,0,0,52.3,SIAGA,diperkirakan besok tidak sehat; dan masih buruk lusa
Bukit Harapan,village,KALIMANTAN TENGAH,-2.0,112.8,64.3,tidak sehat,2026-09-12,95.1,tidak sehat,2026-09-13,103.2,tidak sehat,0,0,34.4,SIAGA,diperkirakan besok tidak sehat; dan masih buruk lusa
Karya Bersama,village,KALIMANTAN TENGAH,-2.0,112.8,64.3,tidak sehat,2026-09-12,95.1,tidak sehat,2026-09-13,103.2,tidak sehat,0,0,34.4,SIAGA,diperkirakan besok tidak sehat; dan masih buruk lusa
Menjalin,village,KALIMANTAN TENGAH,-2.0,112.8,64.3,tidak sehat,2026-09-12,95.1,tidak sehat,2026-09-13,103.2,tidak sehat,0,0,34.4,SIAGA,diperkirakan besok tidak sehat; dan masih buruk lusa
Pamadauan,hamlet,KALIMANTAN TENGAH,-2.3,112.8,64.3,tidak sehat,2026-09-12,95.1,tidak sehat,2026-09-13,103.2,tidak sehat,0,0,34.4,SIAGA,diperkirakan besok tidak sehat; dan masih buruk lusa
Soren,village,KALIMANTAN TENGAH,-2.3,112.8,64.3,tidak sehat,2026-09-12,95.1,tidak sehat,2026-09-13,103.2,tidak sehat,0,0,34.4,SIAGA,diperkirakan besok tidak sehat; dan masih buruk lusa
Kapuk,village,KALIMANTAN TENGAH,-2.1,112.5,64.3,tidak sehat,2026-09-12,95.1,tidak sehat,2026-09-13,103.2,tidak sehat,0,0,52.3,SIAGA,diperkirakan besok tidak sehat; dan masih buruk lusa
Pantap,village,KALIMANTAN TENGAH,-2.2,112.5,64.3,tidak sehat,2026-09-12,95.1,tidak sehat,2026-09-13,103.2,tidak sehat,0,0,52.3,SIAGA,diperkirakan besok tidak sehat; dan masih buruk lusa
Simpang Sebabi,hamlet,KALIMANTAN TENGAH,-2.4,112.5,64.3,tidak sehat,2026-09-12,95.1,tidak sehat,2026-09-13,103.2,tidak sehat,0,0,52.3,SIAGA,diperkirakan besok tidak sehat; dan masih buruk lusa
Muara Ubar,hamlet,KALIMANTAN TENGAH,-2.4,112.7,64.3,tidak sehat,2026-09-12,95.1,tidak sehat,2026-09-13,103.2,tidak sehat,0,0,34.4,SIAGA,diperkirakan besok tidak sehat; dan masih buruk lusa
Bukit Kupang,hamlet,KALIMANTAN TENGAH,-2.3,112.7,64.3,tidak sehat,2026-09-12,95.1,tidak sehat,2026-09-13,103.2,tidak sehat,0,0,34.4,SIAGA,diperkirakan besok tidak sehat; dan masih buruk lusa
Rasau Tumbuh,village,KALIMANTAN TENGAH,-2.3,112.8,64.3,tidak sehat,2026-09-12,95.1,tidak sehat,2026-09-13,103.2,tidak sehat,0,0,34.4,SIAGA,diperkirakan besok tidak sehat; dan masih buruk lusa
Beginci Darat,village,KALIMANTAN BARAT,-1.2,111.0,63.9,tidak sehat,2026-09-12,69.7,tidak sehat,2026-09-13,67.8,tidak sehat,0,0,67.4,SIAGA,diperkirakan besok tidak sehat; dan masih buruk lusa
Sira,hamlet,KALIMANTAN BARAT,-1.2,111.0,63.9,tidak sehat,2026-09-12,69.7,tidak sehat,2026-09-13,67.8,tidak sehat,0,0,67.4,SIAGA,diperkirakan besok tidak sehat; dan masih buruk lusa
Batu Lapis,village,KALIMANTAN BARAT,-1.3,110.9,63.9,tidak sehat,2026-09-12,69.7,tidak sehat,2026-09-13,67.8,tidak sehat,0,0,74.9,SIAGA,diperkirakan besok tidak sehat; dan masih buruk lusa
Lubuk Kakap,village,KALIMANTAN BARAT,-1.3,111.1,63.9,tidak sehat,2026-09-12,69.7,tidak sehat,2026-09-13,67.8,tidak sehat,0,0,67.4,SIAGA,diperkirakan besok tidak sehat; dan masih buruk lusa
Teluk Pongkal,village,KALIMANTAN BARAT,-1.0,111.3,63.9,tidak sehat,2026-09-12,69.7,tidak sehat,2026-09-13,67.8,tidak sehat,0,0,55.7,SIAGA,diperkirakan besok tidak sehat; dan masih buruk lusa
Sungkung Ii,village,KALIMANTAN BARAT,1.1,110.1,63.7,tidak sehat,2026-09-12,105.1,tidak sehat,2026-09-13,90.7,tidak sehat,0,0,100.2,SIAGA,diperkirakan besok tidak sehat; dan masih buruk lusa
Tangguh,village,KALIMANTAN BARAT,1.2,109.9,63.7,tidak sehat,2026-09-12,105.1,tidak sehat,2026-09-13,90.7,tidak sehat,0,0,73.2,SIAGA,diperkirakan besok tidak sehat; dan masih buruk lusa
Tawang,village,KALIMANTAN BARAT,1.1,109.9,63.7,tidak sehat,2026-09-12,105.1,tidak sehat,2026-09-13,90.7,tidak sehat,0,0,73.2,SIAGA,diperkirakan besok tidak sehat; dan masih buruk lusa
Jagoi,village,KALIMANTAN BARAT,1.3,109.9,63.7,tidak sehat,2026-09-12,105.1,tidak sehat,2026-09-13,90.7,tidak sehat,0,0,100.2,SIAGA,diperkirakan besok tidak sehat; dan masih buruk lusa
Sinjang Permai,village,KALIMANTAN BARAT,1.2,110.0,63.7,tidak sehat,2026-09-12,105.1,tidak sehat,2026-09-13,90.7,tidak sehat,0,0,100.2,SIAGA,diperkirakan besok tidak sehat; dan masih buruk lusa
Hli Buei,village,KALIMANTAN BARAT,1.3,110.0,63.7,tidak sehat,2026-09-12,105.1,tidak sehat,2026-09-13,90.7,tidak sehat,0,0,100.2,SIAGA,diperkirakan besok tidak sehat; dan masih buruk lusa
Suruh Tembawang,village,KALIMANTAN BARAT,1.1,110.2,63.7,tidak sehat,2026-09-12,105.1,tidak sehat,2026-09-13,90.7,tidak sehat,0,0,100.2,SIAGA,diperkirakan besok tidak sehat; dan masih buruk lusa
Sungkung I,village,KALIMANTAN BARAT,1.1,110.0,63.7,tidak sehat,2026-09-12,105.1,tidak sehat,2026-09-13,90.7,tidak sehat,0,0,100.2,SIAGA,diperkirakan besok tidak sehat; dan masih buruk lusa
Siding,village,KALIMANTAN BARAT,1.2,110.1,63.7,tidak sehat,2026-09-12,105.1,tidak sehat,2026-09-13,90.7,tidak sehat,0,0,100.2,SIAGA,diperkirakan besok tidak sehat; dan masih buruk lusa
Sekida,village,KALIMANTAN BARAT,1.4,109.9,63.7,tidak sehat,2026-09-12,105.1,tidak sehat,2026-09-13,90.7,tidak sehat,0,0,73.2,SIAGA,diperkirakan besok tidak sehat; dan masih buruk lusa
Gun Tembawang,hamlet,KALIMANTAN BARAT,1.2,110.2,63.7,tidak sehat,2026-09-12,105.1,tidak sehat,2026-09-13,90.7,tidak sehat,0,0,100.2,SIAGA,diperkirakan besok tidak sehat; dan masih buruk lusa
Gun Jemak,hamlet,KALIMANTAN BARAT,1.1,110.2,63.7,tidak sehat,2026-09-12,105.1,tidak sehat,2026-09-13,90.7,tidak sehat,0,0,100.2,SIAGA,diperkirakan besok tidak sehat; dan masih buruk lusa
Senutul,hamlet,KALIMANTAN BARAT,1.1,110.1,63.7,tidak sehat,2026-09-12,105.1,tidak sehat,2026-09-13,90.7,tidak sehat,0,0,100.2,SIAGA,diperkirakan besok tidak sehat; dan masih buruk lusa
Pool,hamlet,KALIMANTAN BARAT,1.1,110.1,63.7,tidak sehat,2026-09-12,105.1,tidak sehat,2026-09-13,90.7,tidak sehat,0,0,100.2,SIAGA,diperkirakan besok tidak sehat; dan masih buruk lusa
Suruh Engkadok,hamlet,KALIMANTAN BARAT,1.1,110.2,63.7,tidak sehat,2026-09-12,105.1,tidak sehat,2026-09-13,90.7,tidak sehat,0,0,100.2,SIAGA,diperkirakan besok tidak sehat; dan masih buruk lusa
Pala Pasang,village,KALIMANTAN BARAT,1.1,110.2,63.7,tidak sehat,2026-09-12,105.1,tidak sehat,2026-09-13,90.7,tidak sehat,0,0,100.2,SIAGA,diperkirakan besok tidak sehat; dan masih buruk lusa
Jagoi Sejaro,hamlet,KALIMANTAN BARAT,1.4,109.9,63.7,tidak sehat,2026-09-12,105.1,tidak sehat,2026-09-13,90.7,tidak sehat,0,0,73.2,SIAGA,diperkirakan besok tidak sehat; dan masih buruk lusa
Jagoi Belida,hamlet,KALIMANTAN BARAT,1.4,109.9,63.7,tidak sehat,2026-09-12,105.1,tidak sehat,2026-09-13,90.7,tidak sehat,0,0,73.2,SIAGA,diperkirakan besok tidak sehat; dan masih buruk lusa
Jagoi Kindau,hamlet,KALIMANTAN BARAT,1.4,109.9,63.7,tidak sehat,2026-09-12,105.1,tidak sehat,2026-09-13,90.7,tidak sehat,0,0,73.2,SIAGA,diperkirakan besok tidak sehat; dan masih buruk lusa
Tumbang Labehu,village,KALIMANTAN TENGAH,-1.4,113.1,63.5,tidak sehat,2026-09-12,113.8,tidak sehat,2026-09-13,103.0,tidak sehat,0,0,68.7,SIAGA,diperkirakan besok tidak sehat; dan masih buruk lusa
Samba Bakumpai,village,KALIMANTAN TENGAH,-1.4,113.1,63.5,tidak sehat,2026-09-12,113.8,tidak sehat,2026-09-13,103.0,tidak sehat,0,0,124.5,SIAGA,diperkirakan besok tidak sehat; dan masih buruk lusa
Kamanto,village,KALIMANTAN TENGAH,-1.3,113.1,63.5,tidak sehat,2026-09-12,113.8,tidak sehat,2026-09-13,103.0,tidak sehat,0,0,68.7,SIAGA,diperkirakan besok tidak sehat; dan masih buruk lusa
Napu Sahur,village,KALIMANTAN TENGAH,-1.4,113.1,63.5,tidak sehat,2026-09-12,113.8,tidak sehat,2026-09-13,103.0,tidak sehat,0,0,124.5,SIAGA,diperkirakan besok tidak sehat; dan masih buruk lusa
Tumbang Jala,village,KALIMANTAN TENGAH,-1.0,113.0,63.5,tidak sehat,2026-09-12,113.8,tidak sehat,2026-09-13,103.0,tidak sehat,0,0,68.7,SIAGA,diperkirakan besok tidak sehat; dan masih buruk lusa
Tumbang Kalemei,village,KALIMANTAN TENGAH,-1.4,113.0,63.5,tidak sehat,2026-09-12,113.8,tidak sehat,2026-09-13,103.0,tidak sehat,0,0,67.5,SIAGA,diperkirakan besok tidak sehat; dan masih buruk lusa
Tumbang Jalemu,village,KALIMANTAN TENGAH,-1.4,113.3,63.5,tidak sehat,2026-09-12,113.8,tidak sehat,2026-09-13,103.0,tidak sehat,0,0,67.5,SIAGA,diperkirakan besok tidak sehat; dan masih buruk lusa
Tumbang Taranei,village,KALIMANTAN TENGAH,-1.3,113.1,63.5,tidak sehat,2026-09-12,113.8,tidak sehat,2026-09-13,103.0,tidak sehat,0,0,68.7,SIAGA,diperkirakan besok tidak sehat; dan masih buruk lusa
Luwuk Tukau,village,KALIMANTAN TENGAH,-1.2,113.3,63.5,tidak sehat,2026-09-12,113.8,tidak sehat,2026-09-13,103.0,tidak sehat,0,0,67.5,SIAGA,diperkirakan besok tidak sehat; dan masih buruk lusa
Batu Badak,village,KALIMANTAN TENGAH,-1.0,112.9,63.5,tidak sehat,2026-09-12,113.8,tidak sehat,2026-09-13,103.0,tidak sehat,0,0,68.7,SIAGA,diperkirakan besok tidak sehat; dan masih buruk lusa
Tumbang Kawei,village,KALIMANTAN TENGAH,-1.2,113.1,63.5,tidak sehat,2026-09-12,113.8,tidak sehat,2026-09-13,103.0,tidak sehat,0,0,68.7,SIAGA,diperkirakan besok tidak sehat; dan masih buruk lusa
Samba Katung,village,KALIMANTAN TENGAH,-1.4,113.1,63.5,tidak sehat,2026-09-12,113.8,tidak sehat,2026-09-13,103.0,tidak sehat,0,0,124.5,SIAGA,diperkirakan besok tidak sehat; dan masih buruk lusa
Batu Tukan,village,KALIMANTAN TENGAH,-1.0,113.1,63.5,tidak sehat,2026-09-12,113.8,tidak sehat,2026-09-13,103.0,tidak sehat,0,0,68.7,SIAGA,diperkirakan besok tidak sehat; dan masih buruk lusa
Tumbang Kaman,village,KALIMANTAN TENGAH,-1.3,113.1,63.5,tidak sehat,2026-09-12,113.8,tidak sehat,2026-09-13,103.0,tidak sehat,0,0,68.7,SIAGA,diperkirakan besok tidak sehat; dan masih buruk lusa
Daya Manunggal,village,KALIMANTAN TENGAH,-1.3,113.1,63.5,tidak sehat,2026-09-12,113.8,tidak sehat,2026-09-13,103.0,tidak sehat,0,0,64.2,SIAGA,diperkirakan besok tidak sehat; dan masih buruk lusa
Kuluk Habuhus,village,KALIMANTAN TENGAH,-1.3,113.1,63.5,tidak sehat,2026-09-12,113.8,tidak sehat,2026-09-13,103.0,tidak sehat,0,0,68.7,SIAGA,diperkirakan besok tidak sehat; dan masih buruk lusa
Batu Badinding,village,KALIMANTAN TENGAH,-1.4,113.0,63.5,tidak sehat,2026-09-12,113.8,tidak sehat,2026-09-13,103.0,tidak sehat,0,0,124.5,SIAGA,diperkirakan besok tidak sehat; dan masih buruk lusa
Tumbang Pangka,village,KALIMANTAN TENGAH,-1.2,113.1,63.5,tidak sehat,2026-09-12,113.8,tidak sehat,2026-09-13,103.0,tidak sehat,0,0,68.7,SIAGA,diperkirakan besok tidak sehat; dan masih buruk lusa
Tumbang Marak,village,KALIMANTAN TENGAH,-1.4,112.9,63.5,tidak sehat,2026-09-12,113.8,tidak sehat,2026-09-13,103.0,tidak sehat,0,0,67.5,SIAGA,diperkirakan besok tidak sehat; dan masih buruk lusa
Dehes,village,KALIMANTAN TENGAH,-1.4,113.1,63.5,tidak sehat,2026-09-12,113.8,tidak sehat,2026-09-13,103.0,tidak sehat,0,0,67.5,SIAGA,diperkirakan besok tidak sehat; dan masih buruk lusa
Tehang,village,KALIMANTAN TENGAH,-1.2,113.3,63.5,tidak sehat,2026-09-12,113.8,tidak sehat,2026-09-13,103.0,tidak sehat,0,0,67.5,SIAGA,diperkirakan besok tidak sehat; dan masih buruk lusa
Nusa Kutau,village,KALIMANTAN TENGAH,-1.0,112.9,63.5,tidak sehat,2026-09-12,113.8,tidak sehat,2026-09-13,103.0,tidak sehat,0,0,68.7,SIAGA,diperkirakan besok tidak sehat; dan masih buruk lusa
Tumbang Mangara,village,KALIMANTAN TENGAH,-1.1,113.0,63.5,tidak sehat,2026-09-12,113.8,tidak sehat,2026-09-13,103.0,tidak sehat,0,0,68.7,SIAGA,diperkirakan besok tidak sehat; dan masih buruk lusa
Samba Kahayan,village,KALIMANTAN TENGAH,-1.4,113.1,63.5,tidak sehat,2026-09-12,113.8,tidak sehat,2026-09-13,103.0,tidak sehat,0,0,124.5,SIAGA,diperkirakan besok tidak sehat; dan masih buruk lusa
Rantau Asem,village,KALIMANTAN TENGAH,-1.4,113.0,63.5,tidak sehat,2026-09-12,113.8,tidak sehat,2026-09-13,103.0,tidak sehat,0,0,124.5,SIAGA,diperkirakan besok tidak sehat; dan masih buruk lusa
Tumbang Manggo,village,KALIMANTAN TENGAH,-1.3,113.1,63.5,tidak sehat,2026-09-12,113.8,tidak sehat,2026-09-13,103.0,tidak sehat,0,0,68.7,SIAGA,diperkirakan besok tidak sehat; dan masih buruk lusa
Tumbang Kanei,village,KALIMANTAN TENGAH,-1.3,113.1,63.5,tidak sehat,2026-09-12,113.8,tidak sehat,2026-09-13,103.0,tidak sehat,0,0,68.7,SIAGA,diperkirakan besok tidak sehat; dan masih buruk lusa
Tumbang Oroi,village,KALIMANTAN TENGAH,-1.2,113.3,63.5,tidak sehat,2026-09-12,113.8,tidak sehat,2026-09-13,103.0,tidak sehat,0,0,67.5,SIAGA,diperkirakan besok tidak sehat; dan masih buruk lusa
Tumbang Atei,village,KALIMANTAN TENGAH,-1.2,113.1,63.5,tidak sehat,2026-09-12,113.8,tidak sehat,2026-09-13,103.0,tidak sehat,0,0,68.7,SIAGA,diperkirakan besok tidak sehat; dan masih buruk lusa
Tumbang Baraoi,village,KALIMANTAN TENGAH,-1.1,113.0,63.5,tidak sehat,2026-09-12,113.8,tidak sehat,2026-09-13,103.0,tidak sehat,0,0,68.7,SIAGA,diperkirakan besok tidak sehat; dan masih buruk lusa
Tumbang Samui,village,KALIMANTAN TENGAH,-1.3,113.3,63.5,tidak sehat,2026-09-12,113.8,tidak sehat,2026-09-13,103.0,tidak sehat,0,0,67.5,SIAGA,diperkirakan besok tidak sehat; dan masih buruk lusa
Putat Durei,village,KALIMANTAN TENGAH,-1.3,113.3,63.5,tidak sehat,2026-09-12,113.8,tidak sehat,2026-09-13,103.0,tidak sehat,0,0,67.5,SIAGA,diperkirakan besok tidak sehat; dan masih buruk lusa
Tumbang Mantuhe,village,KALIMANTAN TENGAH,-1.3,113.3,63.5,tidak sehat,2026-09-12,113.8,tidak sehat,2026-09-13,103.0,tidak sehat,0,0,67.5,SIAGA,diperkirakan besok tidak sehat; dan masih buruk lusa
Gohong,village,KALIMANTAN TENGAH,-1.4,113.3,63.5,tidak sehat,2026-09-12,113.8,tidak sehat,2026-09-13,103.0,tidak sehat,0,0,67.5,SIAGA,diperkirakan besok tidak sehat; dan masih buruk lusa
Rantau Bangkiang,village,KALIMANTAN TENGAH,-1.4,113.1,63.5,tidak sehat,2026-09-12,113.8,tidak sehat,2026-09-13,103.0,tidak sehat,0,0,67.5,SIAGA,diperkirakan besok tidak sehat; dan masih buruk lusa
Manggala,village,KALIMANTAN BARAT,-0.5,111.8,61.6,tidak sehat,2026-09-12,70.0,tidak sehat,2026-09-13,69.6,tidak sehat,0,0,77.5,SIAGA,diperkirakan besok tidak sehat; dan masih buruk lusa
Bora,village,KALIMANTAN BARAT,-0.6,111.8,61.6,tidak sehat,2026-09-12,70.0,tidak sehat,2026-09-13,69.6,tidak sehat,0,0,77.5,SIAGA,diperkirakan besok tidak sehat; dan masih buruk lusa
Madong Jaya,village,KALIMANTAN BARAT,-0.9,111.5,61.6,tidak sehat,2026-09-12,70.0,tidak sehat,2026-09-13,69.6,tidak sehat,0,0,60.0,SIAGA,diperkirakan besok tidak sehat; dan masih buruk lusa
Harapan Jaya,village,KALIMANTAN BARAT,-0.7,111.4,61.6,tidak sehat,2026-09-12,70.0,tidak sehat,2026-09-13,69.6,tidak sehat,0,0,55.7,SIAGA,diperkirakan besok tidak sehat; dan masih buruk lusa
Nanga Sokan,village,KALIMANTAN BARAT,-0.9,111.5,61.6,tidak sehat,2026-09-12,70.0,tidak sehat,2026-09-13,69.6,tidak sehat,0,0,60.0,SIAGA,diperkirakan besok tidak sehat; dan masih buruk lusa
Senempak,village,KALIMANTAN BARAT,-0.5,111.8,61.6,tidak sehat,2026-09-12,70.0,tidak sehat,2026-09-13,69.6,tidak sehat,0,0,77.5,SIAGA,diperkirakan besok tidak sehat; dan masih buruk lusa
Durian Jaya,village,KALIMANTAN BARAT,-0.8,111.5,61.6,tidak sehat,2026-09-12,70.0,tidak sehat,2026-09-13,69.6,tidak sehat,0,0,60.0,SIAGA,diperkirakan besok tidak sehat; dan masih buruk lusa
Nanga Pintas,village,KALIMANTAN BARAT,-0.6,111.8,61.6,tidak sehat,2026-09-12,70.0,tidak sehat,2026-09-13,69.6,tidak sehat,0,0,60.0,SIAGA,diperkirakan besok tidak sehat; dan masih buruk lusa
Bina Karya,village,KALIMANTAN BARAT,-0.8,111.6,61.6,tidak sehat,2026-09-12,70.0,tidak sehat,2026-09-13,69.6,tidak sehat,0,0,60.0,SIAGA,diperkirakan besok tidak sehat; dan masih buruk lusa
Landau Sandak,village,KALIMANTAN BARAT,-0.8,111.7,61.6,tidak sehat,2026-09-12,70.0,tidak sehat,2026-09-13,69.6,tidak sehat,0,0,60.0,SIAGA,diperkirakan besok tidak sehat; dan masih buruk lusa
Nanga Raya,village,KALIMANTAN BARAT,-0.5,111.5,61.6,tidak sehat,2026-09-12,70.0,tidak sehat,2026-09-13,69.6,tidak sehat,0,0,77.5,SIAGA,diperkirakan besok tidak sehat; dan masih buruk lusa
Nanga Sayan,village,KALIMANTAN BARAT,-0.7,111.7,61.6,tidak sehat,2026-09-12,70.0,tidak sehat,2026-09-13,69.6,tidak sehat,0,0,77.5,SIAGA,diperkirakan besok tidak sehat; dan masih buruk lusa
Landau Garong,village,KALIMANTAN BARAT,-0.5,111.8,61.6,tidak sehat,2026-09-12,70.0,tidak sehat,2026-09-13,69.6,tidak sehat,0,0,77.5,SIAGA,diperkirakan besok tidak sehat; dan masih buruk lusa
Bina Jaya,village,KALIMANTAN BARAT,-0.8,111.6,61.6,tidak sehat,2026-09-12,70.0,tidak sehat,2026-09-13,69.6,tidak sehat,0,0,60.0,SIAGA,diperkirakan besok tidak sehat; dan masih buruk lusa
Tanjung Sokan,village,KALIMANTAN BARAT,-0.9,111.5,61.6,tidak sehat,2026-09-12,70.0,tidak sehat,2026-09-13,69.6,tidak sehat,0,0,60.0,SIAGA,diperkirakan besok tidak sehat; dan masih buruk lusa
Togan Baru,village,KALIMANTAN BARAT,-0.8,111.4,61.6,tidak sehat,2026-09-12,70.0,tidak sehat,2026-09-13,69.6,tidak sehat,0,0,55.7,SIAGA,diperkirakan besok tidak sehat; dan masih buruk lusa
Pekawai,village,KALIMANTAN BARAT,-0.8,111.7,61.6,tidak sehat,2026-09-12,70.0,tidak sehat,2026-09-13,69.6,tidak sehat,0,0,77.5,SIAGA,diperkirakan besok tidak sehat; dan masih buruk lusa
Loka Jaya,village,KALIMANTAN BARAT,-0.8,111.5,61.6,tidak sehat,2026-09-12,70.0,tidak sehat,2026-09-13,69.6,tidak sehat,0,0,60.0,SIAGA,diperkirakan besok tidak sehat; dan masih buruk lusa
Madya Raya,village,KALIMANTAN BARAT,-0.9,111.7,61.6,tidak sehat,2026-09-12,70.0,tidak sehat,2026-09-13,69.6,tidak sehat,0,0,60.0,SIAGA,diperkirakan besok tidak sehat; dan masih buruk lusa
Mekar Pelita,village,KALIMANTAN BARAT,-0.7,111.7,61.6,tidak sehat,2026-09-12,70.0,tidak sehat,2026-09-13,69.6,tidak sehat,0,0,77.5,SIAGA,diperkirakan besok tidak sehat; dan masih buruk lusa
Ulak Muid,village,KALIMANTAN BARAT,-0.7,111.5,61.6,tidak sehat,2026-09-12,70.0,tidak sehat,2026-09-13,69.6,tidak sehat,0,0,60.0,SIAGA,diperkirakan besok tidak sehat; dan masih buruk lusa
Suka Maju,village,KALIMANTAN BARAT,-0.8,111.5,61.6,tidak sehat,2026-09-12,70.0,tidak sehat,2026-09-13,69.6,tidak sehat,0,0,60.0,SIAGA,diperkirakan besok tidak sehat; dan masih buruk lusa
Pelita Jaya,village,KALIMANTAN BARAT,-0.8,111.5,61.6,tidak sehat,2026-09-12,70.0,tidak sehat,2026-09-13,69.6,tidak sehat,0,0,60.0,SIAGA,diperkirakan besok tidak sehat; dan masih buruk lusa
Karangan Purun,village,KALIMANTAN BARAT,-0.6,111.7,61.6,tidak sehat,2026-09-12,70.0,tidak sehat,2026-09-13,69.6,tidak sehat,0,0,77.5,SIAGA,diperkirakan besok tidak sehat; dan masih buruk lusa
Batu Begigi,village,KALIMANTAN BARAT,-0.8,111.5,61.6,tidak sehat,2026-09-12,70.0,tidak sehat,2026-09-13,69.6,tidak sehat,0,0,60.0,SIAGA,diperkirakan besok tidak sehat; dan masih buruk lusa
Nanga Kompi,village,KALIMANTAN BARAT,-0.9,111.8,61.6,tidak sehat,2026-09-12,70.0,tidak sehat,2026-09-13,69.6,tidak sehat,0,0,60.0,SIAGA,diperkirakan besok tidak sehat; dan masih buruk lusa
Kayu Bunga,village,KALIMANTAN BARAT,-0.5,111.5,61.6,tidak sehat,2026-09-12,70.0,tidak sehat,2026-09-13,69.6,tidak sehat,0,0,77.5,SIAGA,diperkirakan besok tidak sehat; dan masih buruk lusa
Nyanggai,village,KALIMANTAN BARAT,-0.6,111.8,61.6,tidak sehat,2026-09-12,70.0,tidak sehat,2026-09-13,69.6,tidak sehat,0,0,60.0,SIAGA,diperkirakan besok tidak sehat; dan masih buruk lusa
Mandau Baru,village,KALIMANTAN BARAT,-0.6,111.8,61.6,tidak sehat,2026-09-12,70.0,tidak sehat,2026-09-13,69.6,tidak sehat,0,0,60.0,SIAGA,diperkirakan besok tidak sehat; dan masih buruk lusa
Nanga Kelawai,village,KALIMANTAN BARAT,-0.6,111.7,61.6,tidak sehat,2026-09-12,70.0,tidak sehat,2026-09-13,69.6,tidak sehat,0,0,77.5,SIAGA,diperkirakan besok tidak sehat; dan masih buruk lusa
Landau Tubun,village,KALIMANTAN BARAT,-0.5,111.8,61.6,tidak sehat,2026-09-12,70.0,tidak sehat,2026-09-13,69.6,tidak sehat,0,0,77.5,SIAGA,diperkirakan besok tidak sehat; dan masih buruk lusa
Bayur Raya,village,KALIMANTAN BARAT,-0.5,111.8,61.6,tidak sehat,2026-09-12,70.0,tidak sehat,2026-09-13,69.6,tidak sehat,0,0,77.5,SIAGA,diperkirakan besok tidak sehat; dan masih buruk lusa
Siling Permai,village,KALIMANTAN BARAT,-0.7,111.6,61.6,tidak sehat,2026-09-12,70.0,tidak sehat,2026-09-13,69.6,tidak sehat,0,0,77.5,SIAGA,diperkirakan besok tidak sehat; dan masih buruk lusa
Nanga Pak,village,KALIMANTAN BARAT,-0.6,111.7,61.6,tidak sehat,2026-09-12,70.0,tidak sehat,2026-09-13,69.6,tidak sehat,0,0,77.5,SIAGA,diperkirakan besok tidak sehat; dan masih buruk lusa
Berobai Permai,village,KALIMANTAN BARAT,-0.6,111.7,61.6,tidak sehat,2026-09-12,70.0,tidak sehat,2026-09-13,69.6,tidak sehat,0,0,77.5,SIAGA,diperkirakan besok tidak sehat; dan masih buruk lusa
Nanga Raku,village,KALIMANTAN BARAT,-0.8,111.8,61.6,tidak sehat,2026-09-12,70.0,tidak sehat,2026-09-13,69.6,tidak sehat,0,0,77.5,SIAGA,diperkirakan besok tidak sehat; dan masih buruk lusa
Nanga Mancur,village,KALIMANTAN BARAT,-0.9,111.7,61.6,tidak sehat,2026-09-12,70.0,tidak sehat,2026-09-13,69.6,tidak sehat,0,0,60.0,SIAGA,diperkirakan besok tidak sehat; dan masih buruk lusa
Tumbak Raya,village,KALIMANTAN BARAT,-0.8,111.7,61.6,tidak sehat,2026-09-12,70.0,tidak sehat,2026-09-13,69.6,tidak sehat,0,0,60.0,SIAGA,diperkirakan besok tidak sehat; dan masih buruk lusa
Lingkar Indah,village,KALIMANTAN BARAT,-0.7,111.7,61.6,tidak sehat,2026-09-12,70.0,tidak sehat,2026-09-13,69.6,tidak sehat,0,0,77.5,SIAGA,diperkirakan besok tidak sehat; dan masih buruk lusa
Sayan Jaya,village,KALIMANTAN BARAT,-0.7,111.7,61.6,tidak sehat,2026-09-12,70.0,tidak sehat,2026-09-13,69.6,tidak sehat,0,0,77.5,SIAGA,diperkirakan besok tidak sehat; dan masih buruk lusa
Meta Bersatu,village,KALIMANTAN BARAT,-0.7,111.8,61.6,tidak sehat,2026-09-12,70.0,tidak sehat,2026-09-13,69.6,tidak sehat,0,0,77.5,SIAGA,diperkirakan besok tidak sehat; dan masih buruk lusa
Nanga Kasai,village,KALIMANTAN BARAT,-0.7,111.8,61.6,tidak sehat,2026-09-12,70.0,tidak sehat,2026-09-13,69.6,tidak sehat,0,0,77.5,SIAGA,diperkirakan besok tidak sehat; dan masih buruk lusa
Keluas Hulu,village,KALIMANTAN BARAT,-0.7,111.4,61.6,tidak sehat,2026-09-12,70.0,tidak sehat,2026-09-13,69.6,tidak sehat,0,0,55.7,SIAGA,diperkirakan besok tidak sehat; dan masih buruk lusa
Laja,village,KALIMANTAN BARAT,-0.7,111.5,61.6,tidak sehat,2026-09-12,70.0,tidak sehat,2026-09-13,69.6,tidak sehat,0,0,60.0,SIAGA,diperkirakan besok tidak sehat; dan masih buruk lusa
Lintah Taum,village,KALIMANTAN BARAT,-0.7,111.5,61.6,tidak sehat,2026-09-12,70.0,tidak sehat,2026-09-13,69.6,tidak sehat,0,0,60.0,SIAGA,diperkirakan besok tidak sehat; dan masih buruk lusa
Bukit Raya,village,KALIMANTAN BARAT,-0.7,111.5,61.6,tidak sehat,2026-09-12,70.0,tidak sehat,2026-09-13,69.6,tidak sehat,0,0,60.0,SIAGA,diperkirakan besok tidak sehat; dan masih buruk lusa
Pelita Kenaya,village,KALIMANTAN BARAT,-0.8,111.6,61.6,tidak sehat,2026-09-12,70.0,tidak sehat,2026-09-13,69.6,tidak sehat,0,0,60.0,SIAGA,diperkirakan besok tidak sehat; dan masih buruk lusa
Bata Luar,village,KALIMANTAN BARAT,-0.8,111.5,61.6,tidak sehat,2026-09-12,70.0,tidak sehat,2026-09-13,69.6,tidak sehat,0,0,60.0,SIAGA,diperkirakan besok tidak sehat; dan masih buruk lusa
Keranjik,village,KALIMANTAN BARAT,-0.8,111.5,61.6,tidak sehat,2026-09-12,70.0,tidak sehat,2026-09-13,69.6,tidak sehat,0,0,60.0,SIAGA,diperkirakan besok tidak sehat; dan masih buruk lusa
Maris Permai,village,KALIMANTAN BARAT,-0.7,111.6,61.6,tidak sehat,2026-09-12,70.0,tidak sehat,2026-09-13,69.6,tidak sehat,0,0,60.0,SIAGA,diperkirakan besok tidak sehat; dan masih buruk lusa
Tanjung Gunung,village,KALIMANTAN BARAT,-0.8,111.5,61.6,tidak sehat,2026-09-12,70.0,tidak sehat,2026-09-13,69.6,tidak sehat,0,0,60.0,SIAGA,diperkirakan besok tidak sehat; dan masih buruk lusa
Tanjung Beringin Raya,village,KALIMANTAN BARAT,-0.8,111.6,61.6,tidak sehat,2026-09-12,70.0,tidak sehat,2026-09-13,69.6,tidak sehat,0,0,60.0,SIAGA,diperkirakan besok tidak sehat; dan masih buruk lusa
Melana,village,KALIMANTAN BARAT,-0.9,111.5,61.6,tidak sehat,2026-09-12,70.0,tidak sehat,2026-09-13,69.6,tidak sehat,0,0,60.0,SIAGA,diperkirakan besok tidak sehat; dan masih buruk lusa
Telaga Raya,village,KALIMANTAN BARAT,-0.9,111.5,61.6,tidak sehat,2026-09-12,70.0,tidak sehat,2026-09-13,69.6,tidak sehat,0,0,60.0,SIAGA,diperkirakan besok tidak sehat; dan masih buruk lusa
Muara Tanjung,village,KALIMANTAN BARAT,-0.9,111.5,61.6,tidak sehat,2026-09-12,70.0,tidak sehat,2026-09-13,69.6,tidak sehat,0,0,60.0,SIAGA,diperkirakan besok tidak sehat; dan masih buruk lusa
Sepakat,village,KALIMANTAN BARAT,-0.9,111.5,61.6,tidak sehat,2026-09-12,70.0,tidak sehat,2026-09-13,69.6,tidak sehat,0,0,60.0,SIAGA,diperkirakan besok tidak sehat; dan masih buruk lusa
Nanga Potai,village,KALIMANTAN BARAT,-0.9,111.5,61.6,tidak sehat,2026-09-12,70.0,tidak sehat,2026-09-13,69.6,tidak sehat,0,0,60.0,SIAGA,diperkirakan besok tidak sehat; dan masih buruk lusa
Temuyuk,village,KALIMANTAN BARAT,0.4,112.6,61.1,tidak sehat,2026-09-12,103.0,tidak sehat,2026-09-13,93.0,tidak sehat,0,0,34.9,SIAGA,diperkirakan besok tidak sehat; dan masih buruk lusa
Selaup,village,KALIMANTAN BARAT,0.5,112.7,61.1,tidak sehat,2026-09-12,103.0,tidak sehat,2026-09-13,93.0,tidak sehat,0,0,34.9,SIAGA,diperkirakan besok tidak sehat; dan masih buruk lusa
Nanga Suruk,village,KALIMANTAN BARAT,0.5,112.7,61.1,tidak sehat,2026-09-12,103.0,tidak sehat,2026-09-13,93.0,tidak sehat,0,0,34.9,SIAGA,diperkirakan besok tidak sehat; dan masih buruk lusa
Nanga Yen,village,KALIMANTAN BARAT,0.3,112.4,61.1,tidak sehat,2026-09-12,103.0,tidak sehat,2026-09-13,93.0,tidak sehat,0,0,34.9,SIAGA,diperkirakan besok tidak sehat; dan masih buruk lusa
Nanga Sangan,village,KALIMANTAN BARAT,0.4,112.5,61.1,tidak sehat,2026-09-12,103.0,tidak sehat,2026-09-13,93.0,tidak sehat,0,0,34.9,SIAGA,diperkirakan besok tidak sehat; dan masih buruk lusa
Sri Wangi,village,KALIMANTAN BARAT,0.4,112.4,61.1,tidak sehat,2026-09-12,103.0,tidak sehat,2026-09-13,93.0,tidak sehat,0,0,34.9,SIAGA,diperkirakan besok tidak sehat; dan masih buruk lusa
Nanga Mentebah,village,KALIMANTAN BARAT,0.5,112.8,61.1,tidak sehat,2026-09-12,103.0,tidak sehat,2026-09-13,93.0,tidak sehat,0,0,34.9,SIAGA,diperkirakan besok tidak sehat; dan masih buruk lusa
Riam Mengelai,village,KALIMANTAN BARAT,0.5,112.4,61.1,tidak sehat,2026-09-12,103.0,tidak sehat,2026-09-13,93.0,tidak sehat,0,0,34.9,SIAGA,diperkirakan besok tidak sehat; dan masih buruk lusa
Nanga Jemah,village,KALIMANTAN BARAT,0.3,112.4,61.1,tidak sehat,2026-09-12,103.0,tidak sehat,2026-09-13,93.0,tidak sehat,0,0,34.9,SIAGA,diperkirakan besok tidak sehat; dan masih buruk lusa
Hulu Pengkadan,village,KALIMANTAN BARAT,0.4,112.4,61.1,tidak sehat,2026-09-12,103.0,tidak sehat,2026-09-13,93.0,tidak sehat,0,0,34.9,SIAGA,diperkirakan besok tidak sehat; dan masih buruk lusa
Buak Limbang,village,KALIMANTAN BARAT,0.5,112.4,61.1,tidak sehat,2026-09-12,103.0,tidak sehat,2026-09-13,93.0,tidak sehat,0,0,34.9,SIAGA,diperkirakan besok tidak sehat; dan masih buruk lusa
Tintin Kemantan,hamlet,KALIMANTAN BARAT,0.4,112.4,61.1,tidak sehat,2026-09-12,103.0,tidak sehat,2026-09-13,93.0,tidak sehat,0,0,34.9,SIAGA,diperkirakan besok tidak sehat; dan masih buruk lusa
Riam Panjang,village,KALIMANTAN BARAT,0.5,112.4,61.1,tidak sehat,2026-09-12,103.0,tidak sehat,2026-09-13,93.0,tidak sehat,0,0,34.9,SIAGA,diperkirakan besok tidak sehat; dan masih buruk lusa
Sira Jaya,village,KALIMANTAN BARAT,0.5,112.4,61.1,tidak sehat,2026-09-12,103.0,tidak sehat,2026-09-13,93.0,tidak sehat,0,0,34.9,SIAGA,diperkirakan besok tidak sehat; dan masih buruk lusa
Marta Dana,village,KALIMANTAN BARAT,0.4,112.4,61.1,tidak sehat,2026-09-12,103.0,tidak sehat,2026-09-13,93.0,tidak sehat,0,0,34.9,SIAGA,diperkirakan besok tidak sehat; dan masih buruk lusa
Pemawan,village,KALIMANTAN BARAT,0.5,112.5,61.1,tidak sehat,2026-09-12,103.0,tidak sehat,2026-09-13,93.0,tidak sehat,0,0,34.9,SIAGA,diperkirakan besok tidak sehat; dan masih buruk lusa
Mujan,village,KALIMANTAN BARAT,0.5,112.5,61.1,tidak sehat,2026-09-12,103.0,tidak sehat,2026-09-13,93.0,tidak sehat,0,0,34.9,SIAGA,diperkirakan besok tidak sehat; dan masih buruk lusa
Nanga Danau,village,KALIMANTAN BARAT,0.5,112.5,61.1,tidak sehat,2026-09-12,103.0,tidak sehat,2026-09-13,93.0,tidak sehat,0,0,34.9,SIAGA,diperkirakan besok tidak sehat; dan masih buruk lusa
Nanga Ret,village,KALIMANTAN BARAT,0.5,112.5,61.1,tidak sehat,2026-09-12,103.0,tidak sehat,2026-09-13,93.0,tidak sehat,0,0,34.9,SIAGA,diperkirakan besok tidak sehat; dan masih buruk lusa
Karya Maju,village,KALIMANTAN BARAT,0.5,112.5,61.1,tidak sehat,2026-09-12,103.0,tidak sehat,2026-09-13,93.0,tidak sehat,0,0,34.9,SIAGA,diperkirakan besok tidak sehat; dan masih buruk lusa
Tubang Jaya,village,KALIMANTAN BARAT,0.5,112.5,61.1,tidak sehat,2026-09-12,103.0,tidak sehat,2026-09-13,93.0,tidak sehat,0,0,34.9,SIAGA,diperkirakan besok tidak sehat; dan masih buruk lusa
Boyan Tanjung,village,KALIMANTAN BARAT,0.5,112.5,61.1,tidak sehat,2026-09-12,103.0,tidak sehat,2026-09-13,93.0,tidak sehat,0,0,34.9,SIAGA,diperkirakan besok tidak sehat; dan masih buruk lusa
Nanga Betung,village,KALIMANTAN BARAT,0.5,112.5,61.1,tidak sehat,2026-09-12,103.0,tidak sehat,2026-09-13,93.0,tidak sehat,0,0,34.9,SIAGA,diperkirakan besok tidak sehat; dan masih buruk lusa
Nanga Payang,village,KALIMANTAN BARAT,0.4,112.8,61.1,tidak sehat,2026-09-12,103.0,tidak sehat,2026-09-13,93.0,tidak sehat,0,0,34.9,SIAGA,diperkirakan besok tidak sehat; dan masih buruk lusa
Segitak,village,KALIMANTAN BARAT,0.4,112.7,61.1,tidak sehat,2026-09-12,103.0,tidak sehat,2026-09-13,93.0,tidak sehat,0,0,34.9,SIAGA,diperkirakan besok tidak sehat; dan masih buruk lusa
Nanga Kelibang,village,KALIMANTAN BARAT,0.4,112.7,61.1,tidak sehat,2026-09-12,103.0,tidak sehat,2026-09-13,93.0,tidak sehat,0,0,34.9,SIAGA,diperkirakan besok tidak sehat; dan masih buruk lusa
Nanga Semangut,village,KALIMANTAN BARAT,0.5,112.7,61.1,tidak sehat,2026-09-12,103.0,tidak sehat,2026-09-13,93.0,tidak sehat,0,0,34.9,SIAGA,diperkirakan besok tidak sehat; dan masih buruk lusa
Landau Apus,hamlet,KALIMANTAN BARAT,0.5,112.6,61.1,tidak sehat,2026-09-12,103.0,tidak sehat,2026-09-13,93.0,tidak sehat,0,0,34.9,SIAGA,diperkirakan besok tidak sehat; dan masih buruk lusa
Semangut Utara,village,KALIMANTAN BARAT,0.5,112.7,61.1,tidak sehat,2026-09-12,103.0,tidak sehat,2026-09-13,93.0,tidak sehat,0,0,34.9,SIAGA,diperkirakan besok tidak sehat; dan masih buruk lusa
Temuyuk,village,KALIMANTAN BARAT,0.5,112.7,61.1,tidak sehat,2026-09-12,103.0,tidak sehat,2026-09-13,93.0,tidak sehat,0,0,34.9,SIAGA,diperkirakan besok tidak sehat; dan masih buruk lusa
Riam Piyang,village,KALIMANTAN BARAT,0.5,112.6,61.1,tidak sehat,2026-09-12,103.0,tidak sehat,2026-09-13,93.0,tidak sehat,0,0,34.9,SIAGA,diperkirakan besok tidak sehat; dan masih buruk lusa
Sungai Besar,village,KALIMANTAN BARAT,0.5,112.6,61.1,tidak sehat,2026-09-12,103.0,tidak sehat,2026-09-13,93.0,tidak sehat,0,0,34.9,SIAGA,diperkirakan besok tidak sehat; dan masih buruk lusa
Pantas Bersatu,village,KALIMANTAN BARAT,0.5,112.6,61.1,tidak sehat,2026-09-12,103.0,tidak sehat,2026-09-13,93.0,tidak sehat,0,0,34.9,SIAGA,diperkirakan besok tidak sehat; dan masih buruk lusa
Bakong Permai,village,KALIMANTAN BARAT,0.5,112.6,61.1,tidak sehat,2026-09-12,103.0,tidak sehat,2026-09-13,93.0,tidak sehat,0,0,34.9,SIAGA,diperkirakan besok tidak sehat; dan masih buruk lusa
Beringin,village,KALIMANTAN BARAT,0.5,112.7,61.1,tidak sehat,2026-09-12,103.0,tidak sehat,2026-09-13,93.0,tidak sehat,0,0,34.9,SIAGA,diperkirakan besok tidak sehat; dan masih buruk lusa
Tanjung Intan,village,KALIMANTAN BARAT,0.5,112.8,61.1,tidak sehat,2026-09-12,103.0,tidak sehat,2026-09-13,93.0,tidak sehat,0,0,34.9,SIAGA,diperkirakan besok tidak sehat; dan masih buruk lusa
Nanga Sebilit,hamlet,KALIMANTAN BARAT,0.5,112.7,61.1,tidak sehat,2026-09-12,103.0,tidak sehat,2026-09-13,93.0,tidak sehat,0,0,34.9,SIAGA,diperkirakan besok tidak sehat; dan masih buruk lusa
Betung Raya,hamlet,KALIMANTAN BARAT,0.5,112.7,61.1,tidak sehat,2026-09-12,103.0,tidak sehat,2026-09-13,93.0,tidak sehat,0,0,34.9,SIAGA,diperkirakan besok tidak sehat; dan masih buruk lusa
Muara Jekak,village,KALIMANTAN BARAT,-1.2,110.6,60.9,tidak sehat,2026-09-12,73.5,tidak sehat,2026-09-13,74.4,tidak sehat,0,0,74.9,SIAGA,diperkirakan besok tidak sehat; dan masih buruk lusa
Riam Bunut,village,KALIMANTAN BARAT,-1.0,110.5,60.9,tidak sehat,2026-09-12,73.5,tidak sehat,2026-09-13,74.4,tidak sehat,0,0,60.9,SIAGA,diperkirakan besok tidak sehat; dan masih buruk lusa
Demit,village,KALIMANTAN BARAT,-1.2,110.7,60.9,tidak sehat,2026-09-12,73.5,tidak sehat,2026-09-13,74.4,tidak sehat,0,0,74.9,SIAGA,diperkirakan besok tidak sehat; dan masih buruk lusa
Cinta Manis,village,KALIMANTAN BARAT,-1.2,110.8,60.9,tidak sehat,2026-09-12,73.5,tidak sehat,2026-09-13,74.4,tidak sehat,0,0,74.9,SIAGA,diperkirakan besok tidak sehat; dan masih buruk lusa
Randau,village,KALIMANTAN BARAT,-1.1,110.6,60.9,tidak sehat,2026-09-12,73.5,tidak sehat,2026-09-13,74.4,tidak sehat,0,0,74.9,SIAGA,diperkirakan besok tidak sehat; dan masih buruk lusa
Senduruhan,village,KALIMANTAN BARAT,-1.0,110.8,60.9,tidak sehat,2026-09-12,73.5,tidak sehat,2026-09-13,74.4,tidak sehat,0,0,63.9,SIAGA,diperkirakan besok tidak sehat; dan masih buruk lusa
Penjawaan,village,KALIMANTAN BARAT,-1.3,110.5,60.9,tidak sehat,2026-09-12,73.5,tidak sehat,2026-09-13,74.4,tidak sehat,0,0,41.2,SIAGA,diperkirakan besok tidak sehat; dan masih buruk lusa
Sempurna,village,KALIMANTAN BARAT,-1.2,110.5,60.9,tidak sehat,2026-09-12,73.5,tidak sehat,2026-09-13,74.4,tidak sehat,0,0,41.2,SIAGA,diperkirakan besok tidak sehat; dan masih buruk lusa
Petai Patah,village,KALIMANTAN BARAT,-1.2,110.6,60.9,tidak sehat,2026-09-12,73.5,tidak sehat,2026-09-13,74.4,tidak sehat,0,0,74.9,SIAGA,diperkirakan besok tidak sehat; dan masih buruk lusa
Pangkalan Telok,village,KALIMANTAN BARAT,-1.4,110.4,60.9,tidak sehat,2026-09-12,73.5,tidak sehat,2026-09-13,74.4,tidak sehat,0,0,41.2,SIAGA,diperkirakan besok tidak sehat; dan masih buruk lusa
Bengaras,village,KALIMANTAN BARAT,-1.0,110.5,60.9,tidak sehat,2026-09-12,73.5,tidak sehat,2026-09-13,74.4,tidak sehat,0,0,60.9,SIAGA,diperkirakan besok tidak sehat; dan masih buruk lusa
Menyumbung,village,KALIMANTAN BARAT,-1.0,110.8,60.9,tidak sehat,2026-09-12,73.5,tidak sehat,2026-09-13,74.4,tidak sehat,0,0,74.9,SIAGA,diperkirakan besok tidak sehat; dan masih buruk lusa
Pangkalan Suka,village,KALIMANTAN BARAT,-1.4,110.6,60.9,tidak sehat,2026-09-12,73.5,tidak sehat,2026-09-13,74.4,tidak sehat,0,0,74.9,SIAGA,diperkirakan besok tidak sehat; dan masih buruk lusa
Sebadak Raya,village,KALIMANTAN BARAT,-1.4,110.7,60.9,tidak sehat,2026-09-12,73.5,tidak sehat,2026-09-13,74.4,tidak sehat,0,0,74.9,SIAGA,diperkirakan besok tidak sehat; dan masih buruk lusa
Sandai Kiri,village,KALIMANTAN BARAT,-1.2,110.5,60.9,tidak sehat,2026-09-12,73.5,tidak sehat,2026-09-13,74.4,tidak sehat,0,0,41.2,SIAGA,diperkirakan besok tidak sehat; dan masih buruk lusa
Randau Jungkal,village,KALIMANTAN BARAT,-1.2,110.7,60.9,tidak sehat,2026-09-12,73.5,tidak sehat,2026-09-13,74.4,tidak sehat,0,0,74.9,SIAGA,diperkirakan besok tidak sehat; dan masih buruk lusa
Sandai,village,KALIMANTAN BARAT,-1.2,110.5,60.9,tidak sehat,2026-09-12,73.5,tidak sehat,2026-09-13,74.4,tidak sehat,0,0,41.2,SIAGA,diperkirakan besok tidak sehat; dan masih buruk lusa
Pangkalan Jihing,hamlet,KALIMANTAN BARAT,-1.3,110.4,60.9,tidak sehat,2026-09-12,73.5,tidak sehat,2026-09-13,74.4,tidak sehat,0,0,41.2,SIAGA,diperkirakan besok tidak sehat; dan masih buruk lusa
Cali,village,KALIMANTAN BARAT,-1.3,110.4,60.9,tidak sehat,2026-09-12,73.5,tidak sehat,2026-09-13,74.4,tidak sehat,0,0,41.2,SIAGA,diperkirakan besok tidak sehat; dan masih buruk lusa
Tanjung Medan,village,KALIMANTAN BARAT,-1.4,110.4,60.9,tidak sehat,2026-09-12,73.5,tidak sehat,2026-09-13,74.4,tidak sehat,0,0,41.2,SIAGA,diperkirakan besok tidak sehat; dan masih buruk lusa
Mensubang,village,KALIMANTAN BARAT,-1.4,110.5,60.9,tidak sehat,2026-09-12,73.5,tidak sehat,2026-09-13,74.4,tidak sehat,0,0,41.2,SIAGA,diperkirakan besok tidak sehat; dan masih buruk lusa
Pendulangan,hamlet,KALIMANTAN BARAT,-1.2,110.8,60.9,tidak sehat,2026-09-12,73.5,tidak sehat,2026-09-13,74.4,tidak sehat,0,0,74.9,SIAGA,diperkirakan besok tidak sehat; dan masih buruk lusa
Aur Gading,hamlet,KALIMANTAN BARAT,-1.2,110.8,60.9,tidak sehat,2026-09-12,73.5,tidak sehat,2026-09-13,74.4,tidak sehat,0,0,74.9,SIAGA,diperkirakan besok tidak sehat; dan masih buruk lusa
Riam Dadap,village,KALIMANTAN BARAT,-1.2,110.8,60.9,tidak sehat,2026-09-12,73.5,tidak sehat,2026-09-13,74.4,tidak sehat,0,0,74.9,SIAGA,diperkirakan besok tidak sehat; dan masih buruk lusa
Sekukun,village,KALIMANTAN BARAT,-1.2,110.8,60.9,tidak sehat,2026-09-12,73.5,tidak sehat,2026-09-13,74.4,tidak sehat,0,0,74.9,SIAGA,diperkirakan besok tidak sehat; dan masih buruk lusa
Benua Krio,village,KALIMANTAN BARAT,-1.1,110.7,60.9,tidak sehat,2026-09-12,73.5,tidak sehat,2026-09-13,74.4,tidak sehat,0,0,74.9,SIAGA,diperkirakan besok tidak sehat; dan masih buruk lusa
Mekar Harapan,village,KALIMANTAN BARAT,-1.0,110.4,60.9,tidak sehat,2026-09-12,73.5,tidak sehat,2026-09-13,74.4,tidak sehat,0,0,41.2,SIAGA,diperkirakan besok tidak sehat; dan masih buruk lusa
Bayun Sari,village,KALIMANTAN BARAT,-1.1,110.5,60.9,tidak sehat,2026-09-12,73.5,tidak sehat,2026-09-13,74.4,tidak sehat,0,0,41.2,SIAGA,diperkirakan besok tidak sehat; dan masih buruk lusa
Teluk Bayur,village,KALIMANTAN BARAT,-1.2,110.5,60.9,tidak sehat,2026-09-12,73.5,tidak sehat,2026-09-13,74.4,tidak sehat,0,0,41.2,SIAGA,diperkirakan besok tidak sehat; dan masih buruk lusa
Jago Bersatu,village,KALIMANTAN BARAT,-1.2,110.5,60.9,tidak sehat,2026-09-12,73.5,tidak sehat,2026-09-13,74.4,tidak sehat,0,0,41.2,SIAGA,diperkirakan besok tidak sehat; dan masih buruk lusa
Istana,village,KALIMANTAN BARAT,-1.2,110.5,60.9,tidak sehat,2026-09-12,73.5,tidak sehat,2026-09-13,74.4,tidak sehat,0,0,41.2,SIAGA,diperkirakan besok tidak sehat; dan masih buruk lusa
Sungai Daka,village,KALIMANTAN BARAT,-1.0,110.5,60.9,tidak sehat,2026-09-12,73.5,tidak sehat,2026-09-13,74.4,tidak sehat,0,0,60.9,SIAGA,diperkirakan besok tidak sehat; dan masih buruk lusa
Pendamaran Indah,village,KALIMANTAN BARAT,-1.0,110.6,60.9,tidak sehat,2026-09-12,73.5,tidak sehat,2026-09-13,74.4,tidak sehat,0,0,74.9,SIAGA,diperkirakan besok tidak sehat; dan masih buruk lusa
Alam Pakuan,village,KALIMANTAN BARAT,-1.1,110.6,60.9,tidak sehat,2026-09-12,73.5,tidak sehat,2026-09-13,74.4,tidak sehat,0,0,74.9,SIAGA,diperkirakan besok tidak sehat; dan masih buruk lusa
Merimbang Jaya,village,KALIMANTAN BARAT,-1.1,110.6,60.9,tidak sehat,2026-09-12,73.5,tidak sehat,2026-09-13,74.4,tidak sehat,0,0,74.9,SIAGA,diperkirakan besok tidak sehat; dan masih buruk lusa
Bayur Jekak,hamlet,KALIMANTAN BARAT,-1.1,110.6,60.9,tidak sehat,2026-09-12,73.5,tidak sehat,2026-09-13,74.4,tidak sehat,0,0,74.9,SIAGA,diperkirakan besok tidak sehat; dan masih buruk lusa
Tumbang Setawai,village,KALIMANTAN TENGAH,-1.0,112.1,60.0,tidak sehat,2026-09-12,69.4,tidak sehat,2026-09-13,69.5,tidak sehat,0,0,56.8,SIAGA,diperkirakan besok tidak sehat; dan masih buruk lusa
Tumbang Manjul,village,KALIMANTAN TENGAH,-1.3,111.9,60.0,tidak sehat,2026-09-12,69.4,tidak sehat,2026-09-13,69.5,tidak sehat,0,0,42.1,SIAGA,diperkirakan besok tidak sehat; dan masih buruk lusa
Tumbang Sepan,village,KALIMANTAN TENGAH,-1.0,112.1,60.0,tidak sehat,2026-09-12,69.4,tidak sehat,2026-09-13,69.5,tidak sehat,0,0,56.8,SIAGA,diperkirakan besok tidak sehat; dan masih buruk lusa
Mongoh Juoi,village,KALIMANTAN TENGAH,-1.2,112.1,60.0,tidak sehat,2026-09-12,69.4,tidak sehat,2026-09-13,69.5,tidak sehat,0,0,56.8,SIAGA,diperkirakan besok tidak sehat; dan masih buruk lusa
Tumbang Kalang,village,KALIMANTAN TENGAH,-1.2,112.0,60.0,tidak sehat,2026-09-12,69.4,tidak sehat,2026-09-13,69.5,tidak sehat,0,0,56.8,SIAGA,diperkirakan besok tidak sehat; dan masih buruk lusa
Tusuk Belawan,village,KALIMANTAN TENGAH,-1.2,111.9,60.0,tidak sehat,2026-09-12,69.4,tidak sehat,2026-09-13,69.5,tidak sehat,0,0,56.8,SIAGA,diperkirakan besok tidak sehat; dan masih buruk lusa
Tumbang Bahan,village,KALIMANTAN TENGAH,-1.1,112.0,60.0,tidak sehat,2026-09-12,69.4,tidak sehat,2026-09-13,69.5,tidak sehat,0,0,56.8,SIAGA,diperkirakan besok tidak sehat; dan masih buruk lusa
Tumbang Kasai,village,KALIMANTAN TENGAH,-1.0,112.0,60.0,tidak sehat,2026-09-12,69.4,tidak sehat,2026-09-13,69.5,tidak sehat,0,0,56.8,SIAGA,diperkirakan besok tidak sehat; dan masih buruk lusa
Tumbang Suei,village,KALIMANTAN TENGAH,-1.3,111.9,60.0,tidak sehat,2026-09-12,69.4,tidak sehat,2026-09-13,69.5,tidak sehat,0,0,42.1,SIAGA,diperkirakan besok tidak sehat; dan masih buruk lusa
Rantau Panjang,village,KALIMANTAN TENGAH,-1.3,112.0,60.0,tidak sehat,2026-09-12,69.4,tidak sehat,2026-09-13,69.5,tidak sehat,0,0,42.1,SIAGA,diperkirakan besok tidak sehat; dan masih buruk lusa
Tumbang Darap,village,KALIMANTAN TENGAH,-1.1,112.0,60.0,tidak sehat,2026-09-12,69.4,tidak sehat,2026-09-13,69.5,tidak sehat,0,0,56.8,SIAGA,diperkirakan besok tidak sehat; dan masih buruk lusa
Tumbang Sabetung,village,KALIMANTAN TENGAH,-1.2,112.3,60.0,tidak sehat,2026-09-12,69.4,tidak sehat,2026-09-13,69.5,tidak sehat,0,0,56.8,SIAGA,diperkirakan besok tidak sehat; dan masih buruk lusa
Rantau Pandan,village,KALIMANTAN TENGAH,-1.1,112.3,60.0,tidak sehat,2026-09-12,69.4,tidak sehat,2026-09-13,69.5,tidak sehat,0,0,56.8,SIAGA,diperkirakan besok tidak sehat; dan masih buruk lusa
Penda Nange,village,KALIMANTAN TENGAH,-1.0,112.3,60.0,tidak sehat,2026-09-12,69.4,tidak sehat,2026-09-13,69.5,tidak sehat,0,0,56.8,SIAGA,diperkirakan besok tidak sehat; dan masih buruk lusa
Tumbang Dahuei,village,KALIMANTAN TENGAH,-1.1,112.3,60.0,tidak sehat,2026-09-12,69.4,tidak sehat,2026-09-13,69.5,tidak sehat,0,0,56.8,SIAGA,diperkirakan besok tidak sehat; dan masih buruk lusa
Tumbang Kataei,village,KALIMANTAN TENGAH,-1.1,112.3,60.0,tidak sehat,2026-09-12,69.4,tidak sehat,2026-09-13,69.5,tidak sehat,0,0,56.8,SIAGA,diperkirakan besok tidak sehat; dan masih buruk lusa
Tumbang Gaei,village,KALIMANTAN TENGAH,-1.0,112.3,60.0,tidak sehat,2026-09-12,69.4,tidak sehat,2026-09-13,69.5,tidak sehat,0,0,56.8,SIAGA,diperkirakan besok tidak sehat; dan masih buruk lusa
Rangan Rondan,village,KALIMANTAN TENGAH,-1.0,112.3,60.0,tidak sehat,2026-09-12,69.4,tidak sehat,2026-09-13,69.5,tidak sehat,0,0,56.8,SIAGA,diperkirakan besok tidak sehat; dan masih buruk lusa
Tumbang Mahop,village,KALIMANTAN TENGAH,-1.2,112.3,60.0,tidak sehat,2026-09-12,69.4,tidak sehat,2026-09-13,69.5,tidak sehat,0,0,63.5,SIAGA,diperkirakan besok tidak sehat; dan masih buruk lusa
Sungai Bakau,village,KALIMANTAN BARAT,-2.0,110.1,58.0,tidak sehat,2026-09-12,71.5,tidak sehat,2026-09-13,72.2,tidak sehat,0,0,38.9,SIAGA,diperkirakan besok tidak sehat; dan masih buruk lusa
Sungai Nanjung,village,KALIMANTAN BARAT,-2.1,110.1,58.0,tidak sehat,2026-09-12,71.5,tidak sehat,2026-09-13,72.2,tidak sehat,0,0,36.8,SIAGA,diperkirakan besok tidak sehat; dan masih buruk lusa
Pesaguan Kanan,village,KALIMANTAN BARAT,-2.0,110.1,58.0,tidak sehat,2026-09-12,71.5,tidak sehat,2026-09-13,72.2,tidak sehat,0,0,38.9,SIAGA,diperkirakan besok tidak sehat; dan masih buruk lusa
Pematang Gadung,village,KALIMANTAN BARAT,-2.0,110.1,58.0,tidak sehat,2026-09-12,71.5,tidak sehat,2026-09-13,72.2,tidak sehat,0,0,38.9,SIAGA,diperkirakan besok tidak sehat; dan masih buruk lusa
Sungai Besar,village,KALIMANTAN BARAT,-2.0,110.1,58.0,tidak sehat,2026-09-12,71.5,tidak sehat,2026-09-13,72.2,tidak sehat,0,0,38.9,SIAGA,diperkirakan besok tidak sehat; dan masih buruk lusa
Pesaguan Kiri,village,KALIMANTAN BARAT,-2.0,110.1,58.0,tidak sehat,2026-09-12,71.5,tidak sehat,2026-09-13,72.2,tidak sehat,0,0,38.9,SIAGA,diperkirakan besok tidak sehat; dan masih buruk lusa
Harapan Baru,village,KALIMANTAN BARAT,-2.1,110.1,58.0,tidak sehat,2026-09-12,71.5,tidak sehat,2026-09-13,72.2,tidak sehat,0,0,38.9,SIAGA,diperkirakan besok tidak sehat; dan masih buruk lusa
Mekar Utama,village,KALIMANTAN BARAT,-2.4,110.1,58.0,tidak sehat,2026-09-12,71.5,tidak sehat,2026-09-13,72.2,tidak sehat,0,0,36.8,SIAGA,diperkirakan besok tidak sehat; dan masih buruk lusa
Pagar Mentimun,village,KALIMANTAN BARAT,-2.2,110.1,58.0,tidak sehat,2026-09-12,71.5,tidak sehat,2026-09-13,72.2,tidak sehat,0,0,36.8,SIAGA,diperkirakan besok tidak sehat; dan masih buruk lusa
Seriang,village,KALIMANTAN BARAT,1.1,112.0,57.2,tidak sehat,2026-09-12,90.8,tidak sehat,2026-09-13,85.1,tidak sehat,0,0,49.5,SIAGA,diperkirakan besok tidak sehat; dan masih buruk lusa
Setulang,village,KALIMANTAN BARAT,1.1,112.2,57.2,tidak sehat,2026-09-12,90.8,tidak sehat,2026-09-13,85.1,tidak sehat,0,0,49.5,SIAGA,diperkirakan besok tidak sehat; dan masih buruk lusa
Sungai Senunuk,village,KALIMANTAN BARAT,1.1,112.1,57.2,tidak sehat,2026-09-12,90.8,tidak sehat,2026-09-13,85.1,tidak sehat,0,0,49.5,SIAGA,diperkirakan besok tidak sehat; dan masih buruk lusa
Tajum,village,KALIMANTAN BARAT,1.1,112.0,57.2,tidak sehat,2026-09-12,90.8,tidak sehat,2026-09-13,85.1,tidak sehat,0,0,49.5,SIAGA,diperkirakan besok tidak sehat; dan masih buruk lusa
Sebindang,village,KALIMANTAN BARAT,1.1,111.9,57.2,tidak sehat,2026-09-12,90.8,tidak sehat,2026-09-13,85.1,tidak sehat,0,0,49.5,SIAGA,diperkirakan besok tidak sehat; dan masih buruk lusa
Mensiau,village,KALIMANTAN BARAT,1.1,112.3,57.2,tidak sehat,2026-09-12,90.8,tidak sehat,2026-09-13,85.1,tidak sehat,0,0,49.5,SIAGA,diperkirakan besok tidak sehat; dan masih buruk lusa
Labian,village,KALIMANTAN BARAT,1.1,112.3,57.2,tidak sehat,2026-09-12,90.8,tidak sehat,2026-09-13,85.1,tidak sehat,0,0,49.5,SIAGA,diperkirakan besok tidak sehat; dan masih buruk lusa
Sungai Abau,village,KALIMANTAN BARAT,1.1,112.3,57.2,tidak sehat,2026-09-12,90.8,tidak sehat,2026-09-13,85.1,tidak sehat,0,0,49.5,SIAGA,diperkirakan besok tidak sehat; dan masih buruk lusa
Bakul,hamlet,KALIMANTAN BARAT,1.1,112.3,57.2,tidak sehat,2026-09-12,90.8,tidak sehat,2026-09-13,85.1,tidak sehat,0,0,49.5,SIAGA,diperkirakan besok tidak sehat; dan masih buruk lusa
Engkadan,hamlet,KALIMANTAN BARAT,1.1,112.3,57.2,tidak sehat,2026-09-12,90.8,tidak sehat,2026-09-13,85.1,tidak sehat,0,0,49.5,SIAGA,diperkirakan besok tidak sehat; dan masih buruk lusa
Entebulu,hamlet,KALIMANTAN BARAT,1.1,112.3,57.2,tidak sehat,2026-09-12,90.8,tidak sehat,2026-09-13,85.1,tidak sehat,0,0,49.5,SIAGA,diperkirakan besok tidak sehat; dan masih buruk lusa
Ganti,hamlet,KALIMANTAN BARAT,1.1,112.3,57.2,tidak sehat,2026-09-12,90.8,tidak sehat,2026-09-13,85.1,tidak sehat,0,0,49.5,SIAGA,diperkirakan besok tidak sehat; dan masih buruk lusa
Kelawik,hamlet,KALIMANTAN BARAT,1.1,112.3,57.2,tidak sehat,2026-09-12,90.8,tidak sehat,2026-09-13,85.1,tidak sehat,0,0,49.5,SIAGA,diperkirakan besok tidak sehat; dan masih buruk lusa
Kerang Lunsa,hamlet,KALIMANTAN BARAT,1.1,112.3,57.2,tidak sehat,2026-09-12,90.8,tidak sehat,2026-09-13,85.1,tidak sehat,0,0,49.5,SIAGA,diperkirakan besok tidak sehat; dan masih buruk lusa
Nanga Ngaung,hamlet,KALIMANTAN BARAT,1.1,112.3,57.2,tidak sehat,2026-09-12,90.8,tidak sehat,2026-09-13,85.1,tidak sehat,0,0,49.5,SIAGA,diperkirakan besok tidak sehat; dan masih buruk lusa
Ngaung Keruh,hamlet,KALIMANTAN BARAT,1.1,112.3,57.2,tidak sehat,2026-09-12,90.8,tidak sehat,2026-09-13,85.1,tidak sehat,0,0,49.5,SIAGA,diperkirakan besok tidak sehat; dan masih buruk lusa
Sawa',hamlet,KALIMANTAN BARAT,1.1,112.3,57.2,tidak sehat,2026-09-12,90.8,tidak sehat,2026-09-13,85.1,tidak sehat,0,0,49.5,SIAGA,diperkirakan besok tidak sehat; dan masih buruk lusa
Sembawang,hamlet,KALIMANTAN BARAT,1.1,112.3,57.2,tidak sehat,2026-09-12,90.8,tidak sehat,2026-09-13,85.1,tidak sehat,0,0,49.5,SIAGA,diperkirakan besok tidak sehat; dan masih buruk lusa
Sungai Ajung,village,KALIMANTAN BARAT,1.1,112.3,57.2,tidak sehat,2026-09-12,90.8,tidak sehat,2026-09-13,85.1,tidak sehat,0,0,49.5,SIAGA,diperkirakan besok tidak sehat; dan masih buruk lusa
Sungai Luar,hamlet,KALIMANTAN BARAT,1.1,112.3,57.2,tidak sehat,2026-09-12,90.8,tidak sehat,2026-09-13,85.1,tidak sehat,0,0,49.5,SIAGA,diperkirakan besok tidak sehat; dan masih buruk lusa
Sungai Sedik,hamlet,KALIMANTAN BARAT,1.1,112.3,57.2,tidak sehat,2026-09-12,90.8,tidak sehat,2026-09-13,85.1,tidak sehat,0,0,49.5,SIAGA,diperkirakan besok tidak sehat; dan masih buruk lusa
Tumbali,hamlet,KALIMANTAN BARAT,1.1,112.3,57.2,tidak sehat,2026-09-12,90.8,tidak sehat,2026-09-13,85.1,tidak sehat,0,0,49.5,SIAGA,diperkirakan besok tidak sehat; dan masih buruk lusa
Ukit-Ukit,hamlet,KALIMANTAN BARAT,1.1,112.3,57.2,tidak sehat,2026-09-12,90.8,tidak sehat,2026-09-13,85.1,tidak sehat,0,0,49.5,SIAGA,diperkirakan besok tidak sehat; dan masih buruk lusa
Labian Ira'ang,village,KALIMANTAN BARAT,1.1,112.3,57.2,tidak sehat,2026-09-12,90.8,tidak sehat,2026-09-13,85.1,tidak sehat,0,0,49.5,SIAGA,diperkirakan besok tidak sehat; dan masih buruk lusa
Jesape,village,KALIMANTAN BARAT,1.1,109.6,57.0,tidak sehat,2026-09-12,108.1,tidak sehat,2026-09-13,94.9,tidak sehat,0,0,73.2,SIAGA,diperkirakan besok tidak sehat; dan masih buruk lusa
Mensade,village,KALIMANTAN BARAT,1.1,109.5,57.0,tidak sehat,2026-09-12,108.1,tidak sehat,2026-09-13,94.9,tidak sehat,0,0,73.2,SIAGA,diperkirakan besok tidak sehat; dan masih buruk lusa
Sumber Harapan,village,KALIMANTAN BARAT,1.4,109.4,57.0,tidak sehat,2026-09-12,108.1,tidak sehat,2026-09-13,94.9,tidak sehat,0,0,65.9,SIAGA,diperkirakan besok tidak sehat; dan masih buruk lusa
Sahan,village,KALIMANTAN BARAT,1.1,109.8,57.0,tidak sehat,2026-09-12,108.1,tidak sehat,2026-09-13,94.9,tidak sehat,0,0,73.2,SIAGA,diperkirakan besok tidak sehat; dan masih buruk lusa
Beringin,village,KALIMANTAN BARAT,1.4,109.4,57.0,tidak sehat,2026-09-12,108.1,tidak sehat,2026-09-13,94.9,tidak sehat,0,0,63.7,SIAGA,diperkirakan besok tidak sehat; dan masih buruk lusa
Bukit Mulya,village,KALIMANTAN BARAT,1.2,109.5,57.0,tidak sehat,2026-09-12,108.1,tidak sehat,2026-09-13,94.9,tidak sehat,0,0,73.2,SIAGA,diperkirakan besok tidak sehat; dan masih buruk lusa
Tebuah Elok,village,KALIMANTAN BARAT,1.1,109.5,57.0,tidak sehat,2026-09-12,108.1,tidak sehat,2026-09-13,94.9,tidak sehat,0,0,73.2,SIAGA,diperkirakan besok tidak sehat; dan masih buruk lusa
Kalon,village,KALIMANTAN BARAT,1.3,109.7,57.0,tidak sehat,2026-09-12,108.1,tidak sehat,2026-09-13,94.9,tidak sehat,0,0,73.2,SIAGA,diperkirakan besok tidak sehat; dan masih buruk lusa
Arga Pura,village,KALIMANTAN BARAT,1.2,109.5,57.0,tidak sehat,2026-09-12,108.1,tidak sehat,2026-09-13,94.9,tidak sehat,0,0,73.2,SIAGA,diperkirakan besok tidak sehat; dan masih buruk lusa
Sinar Tebudak,village,KALIMANTAN BARAT,1.1,109.7,57.0,tidak sehat,2026-09-12,108.1,tidak sehat,2026-09-13,94.9,tidak sehat,0,0,73.2,SIAGA,diperkirakan besok tidak sehat; dan masih buruk lusa
Bengkawan,village,KALIMANTAN BARAT,1.2,109.8,57.0,tidak sehat,2026-09-12,108.1,tidak sehat,2026-09-13,94.9,tidak sehat,0,0,73.2,SIAGA,diperkirakan besok tidak sehat; dan masih buruk lusa
Sempurna,village,KALIMANTAN BARAT,1.2,109.6,57.0,tidak sehat,2026-09-12,108.1,tidak sehat,2026-09-13,94.9,tidak sehat,0,0,73.2,SIAGA,diperkirakan besok tidak sehat; dan masih buruk lusa
Madak,village,KALIMANTAN BARAT,1.2,109.4,57.0,tidak sehat,2026-09-12,108.1,tidak sehat,2026-09-13,94.9,tidak sehat,0,0,65.9,SIAGA,diperkirakan besok tidak sehat; dan masih buruk lusa
Sango,village,KALIMANTAN BARAT,1.2,109.7,57.0,tidak sehat,2026-09-12,108.1,tidak sehat,2026-09-13,94.9,tidak sehat,0,0,73.2,SIAGA,diperkirakan besok tidak sehat; dan masih buruk lusa
Sungai Sapa',village,KALIMANTAN BARAT,1.2,109.6,57.0,tidak sehat,2026-09-12,108.1,tidak sehat,2026-09-13,94.9,tidak sehat,0,0,73.2,SIAGA,diperkirakan besok tidak sehat; dan masih buruk lusa
Suka Jaya,village,KALIMANTAN BARAT,1.1,109.6,57.0,tidak sehat,2026-09-12,108.1,tidak sehat,2026-09-13,94.9,tidak sehat,0,0,73.2,SIAGA,diperkirakan besok tidak sehat; dan masih buruk lusa
Sungai Deden,village,KALIMANTAN BARAT,1.3,109.5,57.0,tidak sehat,2026-09-12,108.1,tidak sehat,2026-09-13,94.9,tidak sehat,0,0,73.2,SIAGA,diperkirakan besok tidak sehat; dan masih buruk lusa
Sepantai,village,KALIMANTAN BARAT,1.3,109.6,57.0,tidak sehat,2026-09-12,108.1,tidak sehat,2026-09-13,94.9,tidak sehat,0,0,73.2,SIAGA,diperkirakan besok tidak sehat; dan masih buruk lusa
Kamuh,village,KALIMANTAN BARAT,1.1,109.7,57.0,tidak sehat,2026-09-12,108.1,tidak sehat,2026-09-13,94.9,tidak sehat,0,0,73.2,SIAGA,diperkirakan besok tidak sehat; dan masih buruk lusa
Seluas,village,KALIMANTAN BARAT,1.3,109.8,57.0,tidak sehat,2026-09-12,108.1,tidak sehat,2026-09-13,94.9,tidak sehat,0,0,73.2,SIAGA,diperkirakan besok tidak sehat; dan masih buruk lusa
Lembang,village,KALIMANTAN BARAT,1.1,109.7,57.0,tidak sehat,2026-09-12,108.1,tidak sehat,2026-09-13,94.9,tidak sehat,0,0,73.2,SIAGA,diperkirakan besok tidak sehat; dan masih buruk lusa
Suka Damai,village,KALIMANTAN BARAT,1.1,109.6,57.0,tidak sehat,2026-09-12,108.1,tidak sehat,2026-09-13,94.9,tidak sehat,0,0,73.2,SIAGA,diperkirakan besok tidak sehat; dan masih buruk lusa
Kumba,village,KALIMANTAN BARAT,1.4,109.8,57.0,tidak sehat,2026-09-12,108.1,tidak sehat,2026-09-13,94.9,tidak sehat,0,0,73.2,SIAGA,diperkirakan besok tidak sehat; dan masih buruk lusa
Tebuah Marong,village,KALIMANTAN BARAT,1.1,109.5,57.0,tidak sehat,2026-09-12,108.1,tidak sehat,2026-09-13,94.9,tidak sehat,0,0,73.2,SIAGA,diperkirakan besok tidak sehat; dan masih buruk lusa
Danti,village,KALIMANTAN BARAT,1.2,109.7,57.0,tidak sehat,2026-09-12,108.1,tidak sehat,2026-09-13,94.9,tidak sehat,0,0,73.2,SIAGA,diperkirakan besok tidak sehat; dan masih buruk lusa
Balai Gemuruh,village,KALIMANTAN BARAT,1.2,109.5,57.0,tidak sehat,2026-09-12,108.1,tidak sehat,2026-09-13,94.9,tidak sehat,0,0,73.2,SIAGA,diperkirakan besok tidak sehat; dan masih buruk lusa
Serangkat,village,KALIMANTAN BARAT,1.1,109.6,57.0,tidak sehat,2026-09-12,108.1,tidak sehat,2026-09-13,94.9,tidak sehat,0,0,73.2,SIAGA,diperkirakan besok tidak sehat; dan masih buruk lusa
Gua,village,KALIMANTAN BARAT,1.1,109.7,57.0,tidak sehat,2026-09-12,108.1,tidak sehat,2026-09-13,94.9,tidak sehat,0,0,73.2,SIAGA,diperkirakan besok tidak sehat; dan masih buruk lusa
Sabung,village,KALIMANTAN BARAT,1.3,109.4,57.0,tidak sehat,2026-09-12,108.1,tidak sehat,2026-09-13,94.9,tidak sehat,0,0,65.9,SIAGA,diperkirakan besok tidak sehat; dan masih buruk lusa
Semangat,village,KALIMANTAN BARAT,1.1,109.6,57.0,tidak sehat,2026-09-12,108.1,tidak sehat,2026-09-13,94.9,tidak sehat,0,0,73.2,SIAGA,diperkirakan besok tidak sehat; dan masih buruk lusa
Gersik,village,KALIMANTAN BARAT,1.3,109.8,57.0,tidak sehat,2026-09-12,108.1,tidak sehat,2026-09-13,94.9,tidak sehat,0,0,73.2,SIAGA,diperkirakan besok tidak sehat; dan masih buruk lusa
Mukti Raharja,village,KALIMANTAN BARAT,1.3,109.4,57.0,tidak sehat,2026-09-12,108.1,tidak sehat,2026-09-13,94.9,tidak sehat,0,0,73.2,SIAGA,diperkirakan besok tidak sehat; dan masih buruk lusa
Seret Ayon,village,KALIMANTAN BARAT,1.1,109.4,57.0,tidak sehat,2026-09-12,108.1,tidak sehat,2026-09-13,94.9,tidak sehat,0,0,65.9,SIAGA,diperkirakan besok tidak sehat; dan masih buruk lusa
Sentangau Jaya,village,KALIMANTAN BARAT,1.3,109.7,57.0,tidak sehat,2026-09-12,108.1,tidak sehat,2026-09-13,94.9,tidak sehat,0,0,73.2,SIAGA,diperkirakan besok tidak sehat; dan masih buruk lusa
Mayak,village,KALIMANTAN BARAT,1.2,109.8,57.0,tidak sehat,2026-09-12,108.1,tidak sehat,2026-09-13,94.9,tidak sehat,0,0,73.2,SIAGA,diperkirakan besok tidak sehat; dan masih buruk lusa
Karaban Jaya,village,KALIMANTAN BARAT,1.2,109.5,57.0,tidak sehat,2026-09-12,108.1,tidak sehat,2026-09-13,94.9,tidak sehat,0,0,73.2,SIAGA,diperkirakan besok tidak sehat; dan masih buruk lusa
Bange,village,KALIMANTAN BARAT,1.1,109.7,57.0,tidak sehat,2026-09-12,108.1,tidak sehat,2026-09-13,94.9,tidak sehat,0,0,73.2,SIAGA,diperkirakan besok tidak sehat; dan masih buruk lusa
Tamong,village,KALIMANTAN BARAT,1.1,109.8,57.0,tidak sehat,2026-09-12,108.1,tidak sehat,2026-09-13,94.9,tidak sehat,0,0,73.2,SIAGA,diperkirakan besok tidak sehat; dan masih buruk lusa
Sindang Kasih,hamlet,KALIMANTAN BARAT,1.3,109.8,57.0,tidak sehat,2026-09-12,108.1,tidak sehat,2026-09-13,94.9,tidak sehat,0,0,73.2,SIAGA,diperkirakan besok tidak sehat; dan masih buruk lusa
Paket A,hamlet,KALIMANTAN BARAT,1.1,109.7,57.0,tidak sehat,2026-09-12,108.1,tidak sehat,2026-09-13,94.9,tidak sehat,0,0,73.2,SIAGA,diperkirakan besok tidak sehat; dan masih buruk lusa
Taum,hamlet,KALIMANTAN BARAT,1.1,109.7,57.0,tidak sehat,2026-09-12,108.1,tidak sehat,2026-09-13,94.9,tidak sehat,0,0,73.2,SIAGA,diperkirakan besok tidak sehat; dan masih buruk lusa
Pisak,village,KALIMANTAN BARAT,1.1,109.8,57.0,tidak sehat,2026-09-12,108.1,tidak sehat,2026-09-13,94.9,tidak sehat,0,0,73.2,SIAGA,diperkirakan besok tidak sehat; dan masih buruk lusa
Senabah,hamlet,KALIMANTAN BARAT,1.4,109.5,57.0,tidak sehat,2026-09-12,108.1,tidak sehat,2026-09-13,94.9,tidak sehat,0,0,73.2,SIAGA,diperkirakan besok tidak sehat; dan masih buruk lusa
Trans SP1 Sabung,hamlet,KALIMANTAN BARAT,1.3,109.4,57.0,tidak sehat,2026-09-12,108.1,tidak sehat,2026-09-13,94.9,tidak sehat,0,0,65.9,SIAGA,diperkirakan besok tidak sehat; dan masih buruk lusa
Karangan,hamlet,KALIMANTAN BARAT,1.2,109.4,57.0,tidak sehat,2026-09-12,108.1,tidak sehat,2026-09-13,94.9,tidak sehat,0,0,65.9,SIAGA,diperkirakan besok tidak sehat; dan masih buruk lusa
Sapak Hulu Trans,village,KALIMANTAN BARAT,1.2,109.5,57.0,tidak sehat,2026-09-12,108.1,tidak sehat,2026-09-13,94.9,tidak sehat,0,0,73.2,SIAGA,diperkirakan besok tidak sehat; dan masih buruk lusa
Momong,hamlet,KALIMANTAN BARAT,1.2,109.6,57.0,tidak sehat,2026-09-12,108.1,tidak sehat,2026-09-13,94.9,tidak sehat,0,0,73.2,SIAGA,diperkirakan besok tidak sehat; dan masih buruk lusa
Kuluk Sapangi,village,KALIMANTAN TENGAH,-1.0,112.4,56.8,tidak sehat,2026-09-12,91.5,tidak sehat,2026-09-13,87.2,tidak sehat,0,0,67.5,SIAGA,diperkirakan besok tidak sehat; dan masih buruk lusa
Tumbang Labaning,village,KALIMANTAN TENGAH,-1.2,112.6,56.8,tidak sehat,2026-09-12,91.5,tidak sehat,2026-09-13,87.2,tidak sehat,0,0,68.7,SIAGA,diperkirakan besok tidak sehat; dan masih buruk lusa
Tumbang Paku,village,KALIMANTAN TENGAH,-1.3,112.7,56.8,tidak sehat,2026-09-12,91.5,tidak sehat,2026-09-13,87.2,tidak sehat,0,0,68.7,SIAGA,diperkirakan besok tidak sehat; dan masih buruk lusa
Tumbang Ngahan,village,KALIMANTAN TENGAH,-1.3,112.7,56.8,tidak sehat,2026-09-12,91.5,tidak sehat,2026-09-13,87.2,tidak sehat,0,0,68.7,SIAGA,diperkirakan besok tidak sehat; dan masih buruk lusa
Dehes Asem,village,KALIMANTAN TENGAH,-1.0,112.4,56.8,tidak sehat,2026-09-12,91.5,tidak sehat,2026-09-13,87.2,tidak sehat,0,0,67.5,SIAGA,diperkirakan besok tidak sehat; dan masih buruk lusa
Penda Tanggaring Baru,village,KALIMANTAN TENGAH,-1.2,112.5,56.8,tidak sehat,2026-09-12,91.5,tidak sehat,2026-09-13,87.2,tidak sehat,0,0,67.5,SIAGA,diperkirakan besok tidak sehat; dan masih buruk lusa
Rangan Surai,village,KALIMANTAN TENGAH,-1.2,112.7,56.8,tidak sehat,2026-09-12,91.5,tidak sehat,2026-09-13,87.2,tidak sehat,0,0,68.7,SIAGA,diperkirakan besok tidak sehat; dan masih buruk lusa
Buntut Nusa,village,KALIMANTAN TENGAH,-1.3,112.5,56.8,tidak sehat,2026-09-12,91.5,tidak sehat,2026-09-13,87.2,tidak sehat,0,0,67.5,SIAGA,diperkirakan besok tidak sehat; dan masih buruk lusa
Tumbang Sanamang,village,KALIMANTAN TENGAH,-1.2,112.4,56.8,tidak sehat,2026-09-12,91.5,tidak sehat,2026-09-13,87.2,tidak sehat,0,0,67.5,SIAGA,diperkirakan besok tidak sehat; dan masih buruk lusa
Sebaung,village,KALIMANTAN TENGAH,-1.1,112.8,56.8,tidak sehat,2026-09-12,91.5,tidak sehat,2026-09-13,87.2,tidak sehat,0,0,68.7,SIAGA,diperkirakan besok tidak sehat; dan masih buruk lusa
Tumbang Kuai,village,KALIMANTAN TENGAH,-1.0,112.4,56.8,tidak sehat,2026-09-12,91.5,tidak sehat,2026-09-13,87.2,tidak sehat,0,0,67.5,SIAGA,diperkirakan besok tidak sehat; dan masih buruk lusa
Batu Panahan,village,KALIMANTAN TENGAH,-1.0,112.5,56.8,tidak sehat,2026-09-12,91.5,tidak sehat,2026-09-13,87.2,tidak sehat,0,0,67.5,SIAGA,diperkirakan besok tidak sehat; dan masih buruk lusa
Sei Nanjan,village,KALIMANTAN TENGAH,-1.1,112.4,56.8,tidak sehat,2026-09-12,91.5,tidak sehat,2026-09-13,87.2,tidak sehat,0,0,67.5,SIAGA,diperkirakan besok tidak sehat; dan masih buruk lusa
Tumbang Dakei,village,KALIMANTAN TENGAH,-1.2,112.7,56.8,tidak sehat,2026-09-12,91.5,tidak sehat,2026-09-13,87.2,tidak sehat,0,0,68.7,SIAGA,diperkirakan besok tidak sehat; dan masih buruk lusa
Kuluk Telawang,village,KALIMANTAN TENGAH,-1.4,112.6,56.8,tidak sehat,2026-09-12,91.5,tidak sehat,2026-09-13,87.2,tidak sehat,0,0,64.3,SIAGA,diperkirakan besok tidak sehat; dan masih buruk lusa
Batu Bango,village,KALIMANTAN TENGAH,-1.2,112.6,56.8,tidak sehat,2026-09-12,91.5,tidak sehat,2026-09-13,87.2,tidak sehat,0,0,67.5,SIAGA,diperkirakan besok tidak sehat; dan masih buruk lusa
Tumbang Lambi,village,KALIMANTAN TENGAH,-1.1,112.6,56.8,tidak sehat,2026-09-12,91.5,tidak sehat,2026-09-13,87.2,tidak sehat,0,0,68.7,SIAGA,diperkirakan besok tidak sehat; dan masih buruk lusa
Tumbang Ramei,village,KALIMANTAN TENGAH,-1.3,112.6,56.8,tidak sehat,2026-09-12,91.5,tidak sehat,2026-09-13,87.2,tidak sehat,0,0,68.7,SIAGA,diperkirakan besok tidak sehat; dan masih buruk lusa
Teluk Tampang,village,KALIMANTAN TENGAH,-1.1,112.4,56.8,tidak sehat,2026-09-12,91.5,tidak sehat,2026-09-13,87.2,tidak sehat,0,0,67.5,SIAGA,diperkirakan besok tidak sehat; dan masih buruk lusa
Tumbang Taei,village,KALIMANTAN TENGAH,-1.1,112.7,56.8,tidak sehat,2026-09-12,91.5,tidak sehat,2026-09-13,87.2,tidak sehat,0,0,68.7,SIAGA,diperkirakan besok tidak sehat; dan masih buruk lusa
Buntut Leleng,village,KALIMANTAN TENGAH,-1.2,112.7,56.8,tidak sehat,2026-09-12,91.5,tidak sehat,2026-09-13,87.2,tidak sehat,0,0,68.7,SIAGA,diperkirakan besok tidak sehat; dan masih buruk lusa
Tumbang Hangei II,village,KALIMANTAN TENGAH,-1.2,112.5,56.8,tidak sehat,2026-09-12,91.5,tidak sehat,2026-09-13,87.2,tidak sehat,0,0,67.5,SIAGA,diperkirakan besok tidak sehat; dan masih buruk lusa
Tumbang Hiran,village,KALIMANTAN TENGAH,-1.2,112.7,56.8,tidak sehat,2026-09-12,91.5,tidak sehat,2026-09-13,87.2,tidak sehat,0,0,68.7,SIAGA,diperkirakan besok tidak sehat; dan masih buruk lusa
Tumbang Gagu,village,KALIMANTAN TENGAH,-1.2,112.5,56.8,tidak sehat,2026-09-12,91.5,tidak sehat,2026-09-13,87.2,tidak sehat,0,0,67.5,SIAGA,diperkirakan besok tidak sehat; dan masih buruk lusa
Tumbang Kabayan,village,KALIMANTAN TENGAH,-1.1,112.4,56.8,tidak sehat,2026-09-12,91.5,tidak sehat,2026-09-13,87.2,tidak sehat,0,0,67.5,SIAGA,diperkirakan besok tidak sehat; dan masih buruk lusa
Tumbang Salaman,village,KALIMANTAN TENGAH,-1.0,112.4,56.8,tidak sehat,2026-09-12,91.5,tidak sehat,2026-09-13,87.2,tidak sehat,0,0,67.5,SIAGA,diperkirakan besok tidak sehat; dan masih buruk lusa
Rangan Burih,village,KALIMANTAN TENGAH,-1.2,112.7,56.8,tidak sehat,2026-09-12,91.5,tidak sehat,2026-09-13,87.2,tidak sehat,0,0,68.7,SIAGA,diperkirakan besok tidak sehat; dan masih buruk lusa
Tumbang Tundu,village,KALIMANTAN TENGAH,-1.1,112.5,56.8,tidak sehat,2026-09-12,91.5,tidak sehat,2026-09-13,87.2,tidak sehat,0,0,67.5,SIAGA,diperkirakan besok tidak sehat; dan masih buruk lusa
Tumbang Manangei,village,KALIMANTAN TENGAH,-1.2,112.4,56.8,tidak sehat,2026-09-12,91.5,tidak sehat,2026-09-13,87.2,tidak sehat,0,0,63.5,SIAGA,diperkirakan besok tidak sehat; dan masih buruk lusa
Rangan Ranjing,village,KALIMANTAN TENGAH,-1.2,112.6,56.8,tidak sehat,2026-09-12,91.5,tidak sehat,2026-09-13,87.2,tidak sehat,0,0,67.5,SIAGA,diperkirakan besok tidak sehat; dan masih buruk lusa
Tumbang Mandurei,village,KALIMANTAN TENGAH,-1.3,112.8,56.8,tidak sehat,2026-09-12,91.5,tidak sehat,2026-09-13,87.2,tidak sehat,0,0,68.7,SIAGA,diperkirakan besok tidak sehat; dan masih buruk lusa
Sungai Puring,village,KALIMANTAN TENGAH,-1.4,112.6,56.8,tidak sehat,2026-09-12,91.5,tidak sehat,2026-09-13,87.2,tidak sehat,0,0,42.1,SIAGA,diperkirakan besok tidak sehat; dan masih buruk lusa
Penda Tanggaring Lama,village,KALIMANTAN TENGAH,-1.2,112.6,56.8,tidak sehat,2026-09-12,91.5,tidak sehat,2026-09-13,87.2,tidak sehat,0,0,67.5,SIAGA,diperkirakan besok tidak sehat; dan masih buruk lusa
Rantau Puka,village,KALIMANTAN TENGAH,-1.1,112.4,56.8,tidak sehat,2026-09-12,91.5,tidak sehat,2026-09-13,87.2,tidak sehat,0,0,67.5,SIAGA,diperkirakan besok tidak sehat; dan masih buruk lusa
Rangan Tangko,village,KALIMANTAN TENGAH,-1.1,112.6,56.8,tidak sehat,2026-09-12,91.5,tidak sehat,2026-09-13,87.2,tidak sehat,0,0,67.5,SIAGA,diperkirakan besok tidak sehat; dan masih buruk lusa
Tumbang Hejan,village,KALIMANTAN TENGAH,-1.3,112.6,56.8,tidak sehat,2026-09-12,91.5,tidak sehat,2026-09-13,87.2,tidak sehat,0,0,67.5,SIAGA,diperkirakan besok tidak sehat; dan masih buruk lusa
Tumbang Jiga,village,KALIMANTAN TENGAH,-1.2,112.5,56.8,tidak sehat,2026-09-12,91.5,tidak sehat,2026-09-13,87.2,tidak sehat,0,0,67.5,SIAGA,diperkirakan besok tidak sehat; dan masih buruk lusa
Tumbang Malaman,village,KALIMANTAN TENGAH,-1.1,112.8,56.8,tidak sehat,2026-09-12,91.5,tidak sehat,2026-09-13,87.2,tidak sehat,0,0,68.7,SIAGA,diperkirakan besok tidak sehat; dan masih buruk lusa
Kuluk Leleng,village,KALIMANTAN TENGAH,-1.2,112.7,56.8,tidak sehat,2026-09-12,91.5,tidak sehat,2026-09-13,87.2,tidak sehat,0,0,68.7,SIAGA,diperkirakan besok tidak sehat; dan masih buruk lusa
Tumbang Tabulus,village,KALIMANTAN TENGAH,-1.0,112.5,56.8,tidak sehat,2026-09-12,91.5,tidak sehat,2026-09-13,87.2,tidak sehat,0,0,67.5,SIAGA,diperkirakan besok tidak sehat; dan masih buruk lusa
Tumbang Pahanei,village,KALIMANTAN TENGAH,-1.2,112.7,56.8,tidak sehat,2026-09-12,91.5,tidak sehat,2026-09-13,87.2,tidak sehat,0,0,68.7,SIAGA,diperkirakan besok tidak sehat; dan masih buruk lusa
Tumbang Hangei,village,KALIMANTAN TENGAH,-1.3,112.8,56.8,tidak sehat,2026-09-12,91.5,tidak sehat,2026-09-13,87.2,tidak sehat,0,0,68.7,SIAGA,diperkirakan besok tidak sehat; dan masih buruk lusa
Tumbang Mangketai,village,KALIMANTAN TENGAH,-1.2,112.4,56.8,tidak sehat,2026-09-12,91.5,tidak sehat,2026-09-13,87.2,tidak sehat,0,0,67.5,SIAGA,diperkirakan besok tidak sehat; dan masih buruk lusa
Rantau Bahai,village,KALIMANTAN TENGAH,-1.1,112.4,56.8,tidak sehat,2026-09-12,91.5,tidak sehat,2026-09-13,87.2,tidak sehat,0,0,67.5,SIAGA,diperkirakan besok tidak sehat; dan masih buruk lusa
Tumbang Bemban,village,KALIMANTAN TENGAH,-1.2,112.7,56.8,tidak sehat,2026-09-12,91.5,tidak sehat,2026-09-13,87.2,tidak sehat,0,0,68.7,SIAGA,diperkirakan besok tidak sehat; dan masih buruk lusa
Tumbang Pariyei,village,KALIMANTAN TENGAH,-1.3,112.8,56.8,tidak sehat,2026-09-12,91.5,tidak sehat,2026-09-13,87.2,tidak sehat,0,0,68.7,SIAGA,diperkirakan besok tidak sehat; dan masih buruk lusa
Karang Betung,village,KALIMANTAN BARAT,-0.6,110.9,56.6,tidak sehat,2026-09-12,72.1,tidak sehat,2026-09-13,70.6,tidak sehat,0,0,61.6,SIAGA,diperkirakan besok tidak sehat; dan masih buruk lusa
Balai Lagas,village,KALIMANTAN BARAT,-0.6,111.3,56.6,tidak sehat,2026-09-12,72.1,tidak sehat,2026-09-13,70.6,tidak sehat,0,0,61.6,SIAGA,diperkirakan besok tidak sehat; dan masih buruk lusa
Kenyabur,village,KALIMANTAN BARAT,-0.7,110.9,56.6,tidak sehat,2026-09-12,72.1,tidak sehat,2026-09-13,70.6,tidak sehat,0,0,63.9,SIAGA,diperkirakan besok tidak sehat; dan masih buruk lusa
Sungai Segak,village,KALIMANTAN BARAT,-0.5,111.2,56.6,tidak sehat,2026-09-12,72.1,tidak sehat,2026-09-13,70.6,tidak sehat,0,0,61.6,SIAGA,diperkirakan besok tidak sehat; dan masih buruk lusa
Manjang,hamlet,KALIMANTAN BARAT,-0.5,110.9,56.6,tidak sehat,2026-09-12,72.1,tidak sehat,2026-09-13,70.6,tidak sehat,0,0,61.6,SIAGA,diperkirakan besok tidak sehat; dan masih buruk lusa
Ganjang,village,KALIMANTAN BARAT,-0.8,111.3,56.6,tidak sehat,2026-09-12,72.1,tidak sehat,2026-09-13,70.6,tidak sehat,0,0,55.7,SIAGA,diperkirakan besok tidak sehat; dan masih buruk lusa
Sei Ahas,village,KALIMANTAN TENGAH,-2.4,114.4,56.3,tidak sehat,2026-09-12,87.6,tidak sehat,2026-09-13,97.1,tidak sehat,0,0,57.4,SIAGA,diperkirakan besok tidak sehat; dan masih buruk lusa
Tumbang Muroi,village,KALIMANTAN TENGAH,-2.0,114.4,56.3,tidak sehat,2026-09-12,87.6,tidak sehat,2026-09-13,97.1,tidak sehat,0,0,57.4,SIAGA,diperkirakan besok tidak sehat; dan masih buruk lusa
Mahajandau,village,KALIMANTAN TENGAH,-2.3,114.8,56.3,tidak sehat,2026-09-12,87.6,tidak sehat,2026-09-13,97.1,tidak sehat,0,0,18.1,SIAGA,diperkirakan besok tidak sehat; dan masih buruk lusa
Batilap,village,KALIMANTAN TENGAH,-2.0,114.8,56.3,tidak sehat,2026-09-12,87.6,tidak sehat,2026-09-13,97.1,tidak sehat,0,0,29.6,SIAGA,diperkirakan besok tidak sehat; dan masih buruk lusa
Katunjung,village,KALIMANTAN TENGAH,-2.3,114.4,56.3,tidak sehat,2026-09-12,87.6,tidak sehat,2026-09-13,97.1,tidak sehat,0,0,57.4,SIAGA,diperkirakan besok tidak sehat; dan masih buruk lusa
Panca Karsa,village,KALIMANTAN TENGAH,-2.4,114.8,56.3,tidak sehat,2026-09-12,87.6,tidak sehat,2026-09-13,97.1,tidak sehat,0,0,18.1,SIAGA,diperkirakan besok tidak sehat; dan masih buruk lusa
Danau Rawah,village,KALIMANTAN TENGAH,-2.0,114.4,56.3,tidak sehat,2026-09-12,87.6,tidak sehat,2026-09-13,97.1,tidak sehat,0,0,57.4,SIAGA,diperkirakan besok tidak sehat; dan masih buruk lusa
Batampang,village,KALIMANTAN TENGAH,-2.0,114.8,56.3,tidak sehat,2026-09-12,87.6,tidak sehat,2026-09-13,97.1,tidak sehat,0,0,29.6,SIAGA,diperkirakan besok tidak sehat; dan masih buruk lusa
Sungai Jaya,village,KALIMANTAN TENGAH,-2.4,114.8,56.3,tidak sehat,2026-09-12,87.6,tidak sehat,2026-09-13,97.1,tidak sehat,0,0,18.1,SIAGA,diperkirakan besok tidak sehat; dan masih buruk lusa
Makmur Merata,village,KALIMANTAN TENGAH,-2.4,114.8,56.3,tidak sehat,2026-09-12,87.6,tidak sehat,2026-09-13,97.1,tidak sehat,0,0,18.1,SIAGA,diperkirakan besok tidak sehat; dan masih buruk lusa
Bakuta,hamlet,KALIMANTAN TENGAH,-2.4,114.8,56.3,tidak sehat,2026-09-12,87.6,tidak sehat,2026-09-13,97.1,tidak sehat,0,0,18.1,SIAGA,diperkirakan besok tidak sehat; dan masih buruk lusa
Muara Puning,hamlet,KALIMANTAN TENGAH,-2.1,114.8,56.3,tidak sehat,2026-09-12,87.6,tidak sehat,2026-09-13,97.1,tidak sehat,0,0,29.6,SIAGA,diperkirakan besok tidak sehat; dan masih buruk lusa
Simpang Telo,hamlet,KALIMANTAN TENGAH,-2.0,114.8,56.3,tidak sehat,2026-09-12,87.6,tidak sehat,2026-09-13,97.1,tidak sehat,0,0,29.6,SIAGA,diperkirakan besok tidak sehat; dan masih buruk lusa
Katimpun,village,KALIMANTAN TENGAH,-2.4,114.4,56.3,tidak sehat,2026-09-12,87.6,tidak sehat,2026-09-13,97.1,tidak sehat,0,0,57.4,SIAGA,diperkirakan besok tidak sehat; dan masih buruk lusa
Tanjung Kalanis,hamlet,KALIMANTAN TENGAH,-2.1,114.4,56.3,tidak sehat,2026-09-12,87.6,tidak sehat,2026-09-13,97.1,tidak sehat,0,0,57.4,SIAGA,diperkirakan besok tidak sehat; dan masih buruk lusa
Tumbang Mangkutup,village,KALIMANTAN TENGAH,-2.2,114.4,56.3,tidak sehat,2026-09-12,87.6,tidak sehat,2026-09-13,97.1,tidak sehat,0,0,57.4,SIAGA,diperkirakan besok tidak sehat; dan masih buruk lusa
Tuanan,hamlet,KALIMANTAN TENGAH,-2.2,114.4,56.3,tidak sehat,2026-09-12,87.6,tidak sehat,2026-09-13,97.1,tidak sehat,0,0,57.4,SIAGA,diperkirakan besok tidak sehat; dan masih buruk lusa
Teluk Kajang,hamlet,KALIMANTAN TENGAH,-2.1,114.4,56.3,tidak sehat,2026-09-12,87.6,tidak sehat,2026-09-13,97.1,tidak sehat,0,0,57.4,SIAGA,diperkirakan besok tidak sehat; dan masih buruk lusa
Lapetan,village,KALIMANTAN TENGAH,-2.0,114.4,56.3,tidak sehat,2026-09-12,87.6,tidak sehat,2026-09-13,97.1,tidak sehat,0,0,57.4,SIAGA,diperkirakan besok tidak sehat; dan masih buruk lusa
Tumbang Setoli,village,KALIMANTAN TENGAH,-1.3,111.7,55.7,tidak sehat,2026-09-12,59.2,tidak sehat,2026-09-13,56.4,tidak sehat,0,0,39.9,SIAGA,diperkirakan besok tidak sehat; dan masih buruk lusa
Tanjung Tukal,village,KALIMANTAN TENGAH,-1.3,111.8,55.7,tidak sehat,2026-09-12,59.2,tidak sehat,2026-09-13,56.4,tidak sehat,0,0,39.9,SIAGA,diperkirakan besok tidak sehat; dan masih buruk lusa
Nusa Tujuh,hamlet,KALIMANTAN TENGAH,-1.0,111.7,55.7,tidak sehat,2026-09-12,59.2,tidak sehat,2026-09-13,56.4,tidak sehat,0,0,60.0,SIAGA,diperkirakan besok tidak sehat; dan masih buruk lusa
Marandang,village,KALIMANTAN TENGAH,-1.3,111.8,55.7,tidak sehat,2026-09-12,59.2,tidak sehat,2026-09-13,56.4,tidak sehat,0,0,42.1,SIAGA,diperkirakan besok tidak sehat; dan masih buruk lusa
Nanga Libas,village,KALIMANTAN BARAT,-1.1,111.5,55.7,tidak sehat,2026-09-12,59.2,tidak sehat,2026-09-13,56.4,tidak sehat,0,0,60.0,SIAGA,diperkirakan besok tidak sehat; dan masih buruk lusa
Tumbang Gugup,village,KALIMANTAN TENGAH,-1.2,111.8,55.7,tidak sehat,2026-09-12,59.2,tidak sehat,2026-09-13,56.4,tidak sehat,0,0,60.0,SIAGA,diperkirakan besok tidak sehat; dan masih buruk lusa
Sijau,village,KALIMANTAN BARAT,-1.0,111.4,55.7,tidak sehat,2026-09-12,59.2,tidak sehat,2026-09-13,56.4,tidak sehat,0,0,60.0,SIAGA,diperkirakan besok tidak sehat; dan masih buruk lusa
Tumbang Hentas,village,KALIMANTAN TENGAH,-1.3,111.7,55.7,tidak sehat,2026-09-12,59.2,tidak sehat,2026-09-13,56.4,tidak sehat,0,0,39.9,SIAGA,diperkirakan besok tidak sehat; dan masih buruk lusa
Keluing Taja,village,KALIMANTAN BARAT,-1.0,111.5,55.7,tidak sehat,2026-09-12,59.2,tidak sehat,2026-09-13,56.4,tidak sehat,0,0,60.0,SIAGA,diperkirakan besok tidak sehat; dan masih buruk lusa
Rangkang Munduk,village,KALIMANTAN TENGAH,-1.3,111.8,55.7,tidak sehat,2026-09-12,59.2,tidak sehat,2026-09-13,56.4,tidak sehat,0,0,39.9,SIAGA,diperkirakan besok tidak sehat; dan masih buruk lusa
Nanga Ora,village,KALIMANTAN BARAT,-1.2,111.4,55.7,tidak sehat,2026-09-12,59.2,tidak sehat,2026-09-13,56.4,tidak sehat,0,0,39.9,SIAGA,diperkirakan besok tidak sehat; dan masih buruk lusa
Tumbang Magin,village,KALIMANTAN TENGAH,-1.3,111.6,55.7,tidak sehat,2026-09-12,59.2,tidak sehat,2026-09-13,56.4,tidak sehat,0,0,60.0,SIAGA,diperkirakan besok tidak sehat; dan masih buruk lusa
Tumbang Kubang,village,KALIMANTAN TENGAH,-1.1,111.8,55.7,tidak sehat,2026-09-12,59.2,tidak sehat,2026-09-13,56.4,tidak sehat,0,0,60.0,SIAGA,diperkirakan besok tidak sehat; dan masih buruk lusa
Tumbang Langkai,village,KALIMANTAN TENGAH,-1.3,111.7,55.7,tidak sehat,2026-09-12,59.2,tidak sehat,2026-09-13,56.4,tidak sehat,0,0,39.9,SIAGA,diperkirakan besok tidak sehat; dan masih buruk lusa
Tumbang Laku,village,KALIMANTAN TENGAH,-1.1,111.7,55.7,tidak sehat,2026-09-12,59.2,tidak sehat,2026-09-13,56.4,tidak sehat,0,0,60.0,SIAGA,diperkirakan besok tidak sehat; dan masih buruk lusa
Nanga Betangai,village,KALIMANTAN BARAT,-1.0,111.5,55.7,tidak sehat,2026-09-12,59.2,tidak sehat,2026-09-13,56.4,tidak sehat,0,0,60.0,SIAGA,diperkirakan besok tidak sehat; dan masih buruk lusa
Tumbang Salau,village,KALIMANTAN TENGAH,-1.3,111.8,55.7,tidak sehat,2026-09-12,59.2,tidak sehat,2026-09-13,56.4,tidak sehat,0,0,39.9,SIAGA,diperkirakan besok tidak sehat; dan masih buruk lusa
Gelata,village,KALIMANTAN BARAT,-1.0,111.5,55.7,tidak sehat,2026-09-12,59.2,tidak sehat,2026-09-13,56.4,tidak sehat,0,0,60.0,SIAGA,diperkirakan besok tidak sehat; dan masih buruk lusa
Buntut Sapau,village,KALIMANTAN TENGAH,-1.0,111.7,55.7,tidak sehat,2026-09-12,59.2,tidak sehat,2026-09-13,56.4,tidak sehat,0,0,60.0,SIAGA,diperkirakan besok tidak sehat; dan masih buruk lusa
Rantau Betung,village,KALIMANTAN TENGAH,-1.3,111.8,55.7,tidak sehat,2026-09-12,59.2,tidak sehat,2026-09-13,56.4,tidak sehat,0,0,60.0,SIAGA,diperkirakan besok tidak sehat; dan masih buruk lusa
Tanjung Mahung,village,KALIMANTAN BARAT,-1.0,111.5,55.7,tidak sehat,2026-09-12,59.2,tidak sehat,2026-09-13,56.4,tidak sehat,0,0,60.0,SIAGA,diperkirakan besok tidak sehat; dan masih buruk lusa
Penyengkuang,village,KALIMANTAN BARAT,-1.2,111.4,55.7,tidak sehat,2026-09-12,59.2,tidak sehat,2026-09-13,56.4,tidak sehat,0,0,67.4,SIAGA,diperkirakan besok tidak sehat; dan masih buruk lusa
Nanga Tangkit,village,KALIMANTAN BARAT,-1.1,111.5,55.7,tidak sehat,2026-09-12,59.2,tidak sehat,2026-09-13,56.4,tidak sehat,0,0,60.0,SIAGA,diperkirakan besok tidak sehat; dan masih buruk lusa
Landau Kabu,village,KALIMANTAN BARAT,-1.0,111.5,55.7,tidak sehat,2026-09-12,59.2,tidak sehat,2026-09-13,56.4,tidak sehat,0,0,60.0,SIAGA,diperkirakan besok tidak sehat; dan masih buruk lusa
Sepundu Hantu,village,KALIMANTAN TENGAH,-1.2,111.8,55.7,tidak sehat,2026-09-12,59.2,tidak sehat,2026-09-13,56.4,tidak sehat,0,0,60.0,SIAGA,diperkirakan besok tidak sehat; dan masih buruk lusa
Sebangau Mulya,village,KALIMANTAN TENGAH,-2.9,113.8,54.6,sedang,2026-09-12,60.0,tidak sehat,2026-09-13,66.9,tidak sehat,0,0,54.3,SIAGA,diperkirakan besok tidak sehat; dan masih buruk lusa
Mekar Jaya,village,KALIMANTAN TENGAH,-2.9,113.8,54.6,sedang,2026-09-12,60.0,tidak sehat,2026-09-13,66.9,tidak sehat,0,0,54.3,SIAGA,diperkirakan besok tidak sehat; dan masih buruk lusa
Sebangau Jaya,village,KALIMANTAN TENGAH,-2.9,113.8,54.6,sedang,2026-09-12,60.0,tidak sehat,2026-09-13,66.9,tidak sehat,0,0,54.3,SIAGA,diperkirakan besok tidak sehat; dan masih buruk lusa
Tumbang Bulan,village,KALIMANTAN TENGAH,-2.7,113.4,54.6,sedang,2026-09-12,60.0,tidak sehat,2026-09-13,66.9,tidak sehat,0,0,34.0,SIAGA,diperkirakan besok tidak sehat; dan masih buruk lusa
Paduran Mulya,village,KALIMANTAN TENGAH,-2.9,113.8,54.6,sedang,2026-09-12,60.0,tidak sehat,2026-09-13,66.9,tidak sehat,0,0,54.3,SIAGA,diperkirakan besok tidak sehat; dan masih buruk lusa
Sebangau Permai,village,KALIMANTAN TENGAH,-2.9,113.8,54.6,sedang,2026-09-12,60.0,tidak sehat,2026-09-13,66.9,tidak sehat,0,0,54.3,SIAGA,diperkirakan besok tidak sehat; dan masih buruk lusa
Sembuluh II,village,KALIMANTAN TENGAH,-2.7,112.4,52.3,sedang,2026-09-12,67.8,tidak sehat,2026-09-13,73.3,tidak sehat,0,0,24.2,SIAGA,diperkirakan besok tidak sehat; dan masih buruk lusa
Natai Baru,village,KALIMANTAN TENGAH,-2.6,112.6,52.3,sedang,2026-09-12,67.8,tidak sehat,2026-09-13,73.3,tidak sehat,0,0,25.9,SIAGA,diperkirakan besok tidak sehat; dan masih buruk lusa
Sembuluh I,village,KALIMANTAN TENGAH,-2.7,112.4,52.3,sedang,2026-09-12,67.8,tidak sehat,2026-09-13,73.3,tidak sehat,0,0,24.2,SIAGA,diperkirakan besok tidak sehat; dan masih buruk lusa
Bangkal,village,KALIMANTAN TENGAH,-2.6,112.4,52.3,sedang,2026-09-12,67.8,tidak sehat,2026-09-13,73.3,tidak sehat,0,0,24.2,SIAGA,diperkirakan besok tidak sehat; dan masih buruk lusa
Pondok Damar,village,KALIMANTAN TENGAH,-2.6,112.6,52.3,sedang,2026-09-12,67.8,tidak sehat,2026-09-13,73.3,tidak sehat,0,0,24.2,SIAGA,diperkirakan besok tidak sehat; dan masih buruk lusa
Terawan,village,KALIMANTAN TENGAH,-2.6,112.4,52.3,sedang,2026-09-12,67.8,tidak sehat,2026-09-13,73.3,tidak sehat,0,0,24.2,SIAGA,diperkirakan besok tidak sehat; dan masih buruk lusa
Tabiku,village,KALIMANTAN TENGAH,-2.7,112.4,52.3,sedang,2026-09-12,67.8,tidak sehat,2026-09-13,73.3,tidak sehat,0,0,24.2,SIAGA,diperkirakan besok tidak sehat; dan masih buruk lusa
Penyang,village,KALIMANTAN TENGAH,-2.5,112.7,52.3,sedang,2026-09-12,67.8,tidak sehat,2026-09-13,73.3,tidak sehat,0,0,34.4,SIAGA,diperkirakan besok tidak sehat; dan masih buruk lusa
Lanpasa,village,KALIMANTAN TENGAH,-2.6,112.4,52.3,sedang,2026-09-12,67.8,tidak sehat,2026-09-13,73.3,tidak sehat,0,0,24.2,SIAGA,diperkirakan besok tidak sehat; dan masih buruk lusa
Rongkang,hamlet,KALIMANTAN TENGAH,-2.6,112.7,52.3,sedang,2026-09-12,67.8,tidak sehat,2026-09-13,73.3,tidak sehat,0,0,25.9,SIAGA,diperkirakan besok tidak sehat; dan masih buruk lusa
Ujung Said,village,KALIMANTAN BARAT,0.7,112.4,49.5,sedang,2026-09-12,106.4,tidak sehat,2026-09-13,96.1,tidak sehat,0,0,34.9,SIAGA,diperkirakan besok tidak sehat; dan masih buruk lusa
Ujung Pandang,village,KALIMANTAN BARAT,0.8,112.5,49.5,sedang,2026-09-12,106.4,tidak sehat,2026-09-13,96.1,tidak sehat,0,0,23.7,SIAGA,diperkirakan besok tidak sehat; dan masih buruk lusa
Tekalong,village,KALIMANTAN BARAT,0.6,112.8,49.5,sedang,2026-09-12,106.4,tidak sehat,2026-09-13,96.1,tidak sehat,0,0,34.9,SIAGA,diperkirakan besok tidak sehat; dan masih buruk lusa
Nanga Tuan,village,KALIMANTAN BARAT,0.7,112.6,49.5,sedang,2026-09-12,106.4,tidak sehat,2026-09-13,96.1,tidak sehat,0,0,34.9,SIAGA,diperkirakan besok tidak sehat; dan masih buruk lusa
Entibab,village,KALIMANTAN BARAT,0.6,112.6,49.5,sedang,2026-09-12,106.4,tidak sehat,2026-09-13,96.1,tidak sehat,0,0,34.9,SIAGA,diperkirakan besok tidak sehat; dan masih buruk lusa
Melemba,village,KALIMANTAN BARAT,0.9,112.4,49.5,sedang,2026-09-12,106.4,tidak sehat,2026-09-13,96.1,tidak sehat,0,0,49.5,SIAGA,diperkirakan besok tidak sehat; dan masih buruk lusa
Nanga Boyan,village,KALIMANTAN BARAT,0.6,112.6,49.5,sedang,2026-09-12,106.4,tidak sehat,2026-09-13,96.1,tidak sehat,0,0,34.9,SIAGA,diperkirakan besok tidak sehat; dan masih buruk lusa
Penepian Raya,village,KALIMANTAN BARAT,0.7,112.4,49.5,sedang,2026-09-12,106.4,tidak sehat,2026-09-13,96.1,tidak sehat,0,0,34.9,SIAGA,diperkirakan besok tidak sehat; dan masih buruk lusa
Jelemuk,village,KALIMANTAN BARAT,0.8,112.8,49.5,sedang,2026-09-12,106.4,tidak sehat,2026-09-13,96.1,tidak sehat,0,0,34.9,SIAGA,diperkirakan besok tidak sehat; dan masih buruk lusa
Nanga Embaloh,village,KALIMANTAN BARAT,0.8,112.6,49.5,sedang,2026-09-12,106.4,tidak sehat,2026-09-13,96.1,tidak sehat,0,0,23.7,SIAGA,diperkirakan besok tidak sehat; dan masih buruk lusa
Bunut Hulu,village,KALIMANTAN BARAT,0.8,112.5,49.5,sedang,2026-09-12,106.4,tidak sehat,2026-09-13,96.1,tidak sehat,0,0,34.9,SIAGA,diperkirakan besok tidak sehat; dan masih buruk lusa
Penyeluang,village,KALIMANTAN BARAT,0.8,112.8,49.5,sedang,2026-09-12,106.4,tidak sehat,2026-09-13,96.1,tidak sehat,0,0,23.7,SIAGA,diperkirakan besok tidak sehat; dan masih buruk lusa
Bika,village,KALIMANTAN BARAT,0.8,112.8,49.5,sedang,2026-09-12,106.4,tidak sehat,2026-09-13,96.1,tidak sehat,0,0,23.7,SIAGA,diperkirakan besok tidak sehat; dan masih buruk lusa
Teluk Aur,village,KALIMANTAN BARAT,0.8,112.4,49.5,sedang,2026-09-12,106.4,tidak sehat,2026-09-13,96.1,tidak sehat,0,0,34.9,SIAGA,diperkirakan besok tidak sehat; dan masih buruk lusa
Lawik,village,KALIMANTAN BARAT,0.9,112.6,49.5,sedang,2026-09-12,106.4,tidak sehat,2026-09-13,96.1,tidak sehat,0,0,23.7,SIAGA,diperkirakan besok tidak sehat; dan masih buruk lusa
Keliling Semulung,village,KALIMANTAN BARAT,0.8,112.6,49.5,sedang,2026-09-12,106.4,tidak sehat,2026-09-13,96.1,tidak sehat,0,0,23.7,SIAGA,diperkirakan besok tidak sehat; dan masih buruk lusa
Bunut Hilir,village,KALIMANTAN BARAT,0.8,112.5,49.5,sedang,2026-09-12,106.4,tidak sehat,2026-09-13,96.1,tidak sehat,0,0,34.9,SIAGA,diperkirakan besok tidak sehat; dan masih buruk lusa
Bika Jabai,hamlet,KALIMANTAN BARAT,0.8,112.8,49.5,sedang,2026-09-12,106.4,tidak sehat,2026-09-13,96.1,tidak sehat,0,0,23.7,SIAGA,diperkirakan besok tidak sehat; dan masih buruk lusa
Nanga Nyabau,village,KALIMANTAN BARAT,1.0,112.7,49.5,sedang,2026-09-12,106.4,tidak sehat,2026-09-13,96.1,tidak sehat,0,0,23.7,SIAGA,diperkirakan besok tidak sehat; dan masih buruk lusa
Tanjung Kerja,hamlet,KALIMANTAN BARAT,1.0,112.8,49.5,sedang,2026-09-12,106.4,tidak sehat,2026-09-13,96.1,tidak sehat,0,0,23.7,SIAGA,diperkirakan besok tidak sehat; dan masih buruk lusa
Rantau Lalang,hamlet,KALIMANTAN BARAT,0.7,112.6,49.5,sedang,2026-09-12,106.4,tidak sehat,2026-09-13,96.1,tidak sehat,0,0,34.9,SIAGA,diperkirakan besok tidak sehat; dan masih buruk lusa
Nanga Palin,village,KALIMANTAN BARAT,0.9,112.6,49.5,sedang,2026-09-12,106.4,tidak sehat,2026-09-13,96.1,tidak sehat,0,0,23.7,SIAGA,diperkirakan besok tidak sehat; dan masih buruk lusa
Pala Pintas,village,KALIMANTAN BARAT,0.8,112.7,49.5,sedang,2026-09-12,106.4,tidak sehat,2026-09-13,96.1,tidak sehat,0,0,23.7,SIAGA,diperkirakan besok tidak sehat; dan masih buruk lusa
Landau Mentail,village,KALIMANTAN BARAT,0.6,112.6,49.5,sedang,2026-09-12,106.4,tidak sehat,2026-09-13,96.1,tidak sehat,0,0,34.9,SIAGA,diperkirakan besok tidak sehat; dan masih buruk lusa
Teluk Geruguk,village,KALIMANTAN BARAT,0.6,112.5,49.5,sedang,2026-09-12,106.4,tidak sehat,2026-09-13,96.1,tidak sehat,0,0,34.9,SIAGA,diperkirakan besok tidak sehat; dan masih buruk lusa
Delintas Karya,village,KALIMANTAN BARAT,0.6,112.5,49.5,sedang,2026-09-12,106.4,tidak sehat,2026-09-13,96.1,tidak sehat,0,0,34.9,SIAGA,diperkirakan besok tidak sehat; dan masih buruk lusa
Menaren,village,KALIMANTAN BARAT,0.6,112.8,49.5,sedang,2026-09-12,106.4,tidak sehat,2026-09-13,96.1,tidak sehat,0,0,34.9,SIAGA,diperkirakan besok tidak sehat; dan masih buruk lusa
Tembang,village,KALIMANTAN BARAT,0.8,112.6,49.5,sedang,2026-09-12,106.4,tidak sehat,2026-09-13,96.1,tidak sehat,0,0,23.7,SIAGA,diperkirakan besok tidak sehat; dan masih buruk lusa
Kapuas Raya,village,KALIMANTAN BARAT,0.8,112.5,49.5,sedang,2026-09-12,106.4,tidak sehat,2026-09-13,96.1,tidak sehat,0,0,23.7,SIAGA,diperkirakan besok tidak sehat; dan masih buruk lusa
Bunut Tengah,village,KALIMANTAN BARAT,0.8,112.5,49.5,sedang,2026-09-12,106.4,tidak sehat,2026-09-13,96.1,tidak sehat,0,0,34.9,SIAGA,diperkirakan besok tidak sehat; dan masih buruk lusa
Empangau,village,KALIMANTAN BARAT,0.7,112.4,49.5,sedang,2026-09-12,106.4,tidak sehat,2026-09-13,96.1,tidak sehat,0,0,34.9,SIAGA,diperkirakan besok tidak sehat; dan masih buruk lusa
Empangau Hilir,village,KALIMANTAN BARAT,0.7,112.4,49.5,sedang,2026-09-12,106.4,tidak sehat,2026-09-13,96.1,tidak sehat,0,0,34.9,SIAGA,diperkirakan besok tidak sehat; dan masih buruk lusa
Nanga Lauk,village,KALIMANTAN BARAT,0.9,112.6,49.5,sedang,2026-09-12,106.4,tidak sehat,2026-09-13,96.1,tidak sehat,0,0,23.7,SIAGA,diperkirakan besok tidak sehat; dan masih buruk lusa
UPT XIX Keliling Semulung,hamlet,KALIMANTAN BARAT,0.9,112.7,49.5,sedang,2026-09-12,106.4,tidak sehat,2026-09-13,96.1,tidak sehat,0,0,23.7,SIAGA,diperkirakan besok tidak sehat; dan masih buruk lusa
Ujung Bayur,village,KALIMANTAN BARAT,0.8,112.7,49.5,sedang,2026-09-12,106.4,tidak sehat,2026-09-13,96.1,tidak sehat,0,0,23.7,SIAGA,diperkirakan besok tidak sehat; dan masih buruk lusa
Kirin Nangka,village,KALIMANTAN BARAT,0.8,112.7,49.5,sedang,2026-09-12,106.4,tidak sehat,2026-09-13,96.1,tidak sehat,0,0,23.7,SIAGA,diperkirakan besok tidak sehat; dan masih buruk lusa
Belatung,village,KALIMANTAN BARAT,1.0,112.5,49.5,sedang,2026-09-12,106.4,tidak sehat,2026-09-13,96.1,tidak sehat,0,0,23.7,SIAGA,diperkirakan besok tidak sehat; dan masih buruk lusa
Benua Tengah,village,KALIMANTAN BARAT,0.9,112.8,49.5,sedang,2026-09-12,106.4,tidak sehat,2026-09-13,96.1,tidak sehat,0,0,23.7,SIAGA,diperkirakan besok tidak sehat; dan masih buruk lusa
Jangkang,village,KALIMANTAN BARAT,0.9,112.8,49.5,sedang,2026-09-12,106.4,tidak sehat,2026-09-13,96.1,tidak sehat,0,0,23.7,SIAGA,diperkirakan besok tidak sehat; dan masih buruk lusa
Lauk,village,KALIMANTAN BARAT,0.9,112.8,49.5,sedang,2026-09-12,106.4,tidak sehat,2026-09-13,96.1,tidak sehat,0,0,23.7,SIAGA,diperkirakan besok tidak sehat; dan masih buruk lusa
Melapi Manday,village,KALIMANTAN BARAT,0.7,112.8,49.5,sedang,2026-09-12,106.4,tidak sehat,2026-09-13,96.1,tidak sehat,0,0,34.9,SIAGA,diperkirakan besok tidak sehat; dan masih buruk lusa
Nanga Manday,village,KALIMANTAN BARAT,0.8,112.8,49.5,sedang,2026-09-12,106.4,tidak sehat,2026-09-13,96.1,tidak sehat,0,0,23.7,SIAGA,diperkirakan besok tidak sehat; dan masih buruk lusa
Muara Babuat,village,KALIMANTAN TENGAH,-0.7,114.3,46.9,sedang,2026-09-12,117.6,tidak sehat,2026-09-13,107.1,tidak sehat,0,0,14.7,SIAGA,diperkirakan besok tidak sehat; dan masih buruk lusa
Tumbang Bukoi,village,KALIMANTAN TENGAH,-0.7,113.9,46.9,sedang,2026-09-12,117.6,tidak sehat,2026-09-13,107.1,tidak sehat,0,0,78.2,SIAGA,diperkirakan besok tidak sehat; dan masih buruk lusa
Baratu,village,KALIMANTAN TENGAH,-0.6,114.3,46.9,sedang,2026-09-12,117.6,tidak sehat,2026-09-13,107.1,tidak sehat,0,0,14.7,SIAGA,diperkirakan besok tidak sehat; dan masih buruk lusa
Tumbang Masao,village,KALIMANTAN TENGAH,-0.5,114.2,46.9,sedang,2026-09-12,117.6,tidak sehat,2026-09-13,107.1,tidak sehat,0,0,14.7,SIAGA,diperkirakan besok tidak sehat; dan masih buruk lusa
Sungai Batang,village,KALIMANTAN TENGAH,-0.7,114.2,46.9,sedang,2026-09-12,117.6,tidak sehat,2026-09-13,107.1,tidak sehat,0,0,14.7,SIAGA,diperkirakan besok tidak sehat; dan masih buruk lusa
Olong Liko,village,KALIMANTAN TENGAH,-0.5,114.1,46.9,sedang,2026-09-12,117.6,tidak sehat,2026-09-13,107.1,tidak sehat,0,0,14.7,SIAGA,diperkirakan besok tidak sehat; dan masih buruk lusa
Tumbang Sirat,village,KALIMANTAN TENGAH,-0.9,114.0,46.9,sedang,2026-09-12,117.6,tidak sehat,2026-09-13,107.1,tidak sehat,0,0,14.7,SIAGA,diperkirakan besok tidak sehat; dan masih buruk lusa
Purnama,village,KALIMANTAN TENGAH,-0.7,114.3,46.9,sedang,2026-09-12,117.6,tidak sehat,2026-09-13,107.1,tidak sehat,0,0,14.7,SIAGA,diperkirakan besok tidak sehat; dan masih buruk lusa
Tumbang Manyarung,village,KALIMANTAN TENGAH,-0.7,114.0,46.9,sedang,2026-09-12,117.6,tidak sehat,2026-09-13,107.1,tidak sehat,0,0,14.7,SIAGA,diperkirakan besok tidak sehat; dan masih buruk lusa
Juking Sopan,village,KALIMANTAN TENGAH,-0.7,114.3,46.9,sedang,2026-09-12,117.6,tidak sehat,2026-09-13,107.1,tidak sehat,0,0,14.7,SIAGA,diperkirakan besok tidak sehat; dan masih buruk lusa
Karetau Manta'a,village,KALIMANTAN TENGAH,-0.7,113.9,46.9,sedang,2026-09-12,117.6,tidak sehat,2026-09-13,107.1,tidak sehat,0,0,14.7,SIAGA,diperkirakan besok tidak sehat; dan masih buruk lusa
Pantai Laga,village,KALIMANTAN TENGAH,-0.6,114.3,46.9,sedang,2026-09-12,117.6,tidak sehat,2026-09-13,107.1,tidak sehat,0,0,14.7,SIAGA,diperkirakan besok tidak sehat; dan masih buruk lusa
Sungai Lobang,village,KALIMANTAN TENGAH,-0.7,114.2,46.9,sedang,2026-09-12,117.6,tidak sehat,2026-09-13,107.1,tidak sehat,0,0,14.7,SIAGA,diperkirakan besok tidak sehat; dan masih buruk lusa
Masaha,village,KALIMANTAN TENGAH,-0.8,114.0,46.9,sedang,2026-09-12,117.6,tidak sehat,2026-09-13,107.1,tidak sehat,0,0,14.7,SIAGA,diperkirakan besok tidak sehat; dan masih buruk lusa
Batu Makap,village,KALIMANTAN TENGAH,-0.5,114.1,46.9,sedang,2026-09-12,117.6,tidak sehat,2026-09-13,107.1,tidak sehat,0,0,14.7,SIAGA,diperkirakan besok tidak sehat; dan masih buruk lusa
Jakatan Pari,village,KALIMANTAN TENGAH,-0.8,114.2,46.9,sedang,2026-09-12,117.6,tidak sehat,2026-09-13,107.1,tidak sehat,0,0,14.7,SIAGA,diperkirakan besok tidak sehat; dan masih buruk lusa
Tumbang Puroh,village,KALIMANTAN TENGAH,-0.9,113.9,46.9,sedang,2026-09-12,117.6,tidak sehat,2026-09-13,107.1,tidak sehat,0,0,14.7,SIAGA,diperkirakan besok tidak sehat; dan masih buruk lusa
Tumbang Lahung,village,KALIMANTAN TENGAH,-0.7,114.3,46.9,sedang,2026-09-12,117.6,tidak sehat,2026-09-13,107.1,tidak sehat,0,0,14.7,SIAGA,diperkirakan besok tidak sehat; dan masih buruk lusa
Tumbang Manyarung,village,KALIMANTAN TENGAH,-0.6,114.0,46.9,sedang,2026-09-12,117.6,tidak sehat,2026-09-13,107.1,tidak sehat,0,0,14.7,SIAGA,diperkirakan besok tidak sehat; dan masih buruk lusa
Kalapeh Baru,village,KALIMANTAN TENGAH,-0.5,114.2,46.9,sedang,2026-09-12,117.6,tidak sehat,2026-09-13,107.1,tidak sehat,0,0,14.7,SIAGA,diperkirakan besok tidak sehat; dan masih buruk lusa
Sungai Gula,village,KALIMANTAN TENGAH,-0.7,114.2,46.9,sedang,2026-09-12,117.6,tidak sehat,2026-09-13,107.1,tidak sehat,0,0,14.7,SIAGA,diperkirakan besok tidak sehat; dan masih buruk lusa
Lawang Tamang,village,KALIMANTAN TENGAH,-0.7,113.9,46.9,sedang,2026-09-12,117.6,tidak sehat,2026-09-13,107.1,tidak sehat,0,0,14.7,SIAGA,diperkirakan besok tidak sehat; dan masih buruk lusa
Batu Mirau,village,KALIMANTAN TENGAH,-0.6,114.3,46.9,sedang,2026-09-12,117.6,tidak sehat,2026-09-13,107.1,tidak sehat,0,0,14.4,SIAGA,diperkirakan besok tidak sehat; dan masih buruk lusa
Sei Pinang,village,KALIMANTAN TENGAH,-0.8,114.1,46.9,sedang,2026-09-12,117.6,tidak sehat,2026-09-13,107.1,tidak sehat,0,0,14.7,SIAGA,diperkirakan besok tidak sehat; dan masih buruk lusa
Tumbang Kunyi,village,KALIMANTAN TENGAH,-0.5,114.1,46.9,sedang,2026-09-12,117.6,tidak sehat,2026-09-13,107.1,tidak sehat,0,0,14.7,SIAGA,diperkirakan besok tidak sehat; dan masih buruk lusa
Sei Hanyo,village,KALIMANTAN TENGAH,-0.9,114.0,46.9,sedang,2026-09-12,117.6,tidak sehat,2026-09-13,107.1,tidak sehat,0,0,14.7,SIAGA,diperkirakan besok tidak sehat; dan masih buruk lusa
Sungai Bakanon,village,KALIMANTAN TENGAH,-0.8,114.3,46.9,sedang,2026-09-12,117.6,tidak sehat,2026-09-13,107.1,tidak sehat,0,0,14.7,SIAGA,diperkirakan besok tidak sehat; dan masih buruk lusa
Katanjung,village,KALIMANTAN TENGAH,-0.9,113.9,46.9,sedang,2026-09-12,117.6,tidak sehat,2026-09-13,107.1,tidak sehat,0,0,14.7,SIAGA,diperkirakan besok tidak sehat; dan masih buruk lusa
Bulau Ngandung,village,KALIMANTAN TENGAH,-0.9,114.0,46.9,sedang,2026-09-12,117.6,tidak sehat,2026-09-13,107.1,tidak sehat,0,0,14.7,SIAGA,diperkirakan besok tidak sehat; dan masih buruk lusa
Jakatan Masaha,village,KALIMANTAN TENGAH,-0.8,114.0,46.9,sedang,2026-09-12,117.6,tidak sehat,2026-09-13,107.1,tidak sehat,0,0,14.7,SIAGA,diperkirakan besok tidak sehat; dan masih buruk lusa
Tanjung Rendan,village,KALIMANTAN TENGAH,-0.7,114.0,46.9,sedang,2026-09-12,117.6,tidak sehat,2026-09-13,107.1,tidak sehat,0,0,14.7,SIAGA,diperkirakan besok tidak sehat; dan masih buruk lusa
Tumbang Salio,village,KALIMANTAN TENGAH,-0.8,114.3,46.9,sedang,2026-09-12,117.6,tidak sehat,2026-09-13,107.1,tidak sehat,0,0,14.7,SIAGA,diperkirakan besok tidak sehat; dan masih buruk lusa
Camp Tengah,hamlet,KALIMANTAN TENGAH,-0.8,114.2,46.9,sedang,2026-09-12,117.6,tidak sehat,2026-09-13,107.1,tidak sehat,0,0,14.7,SIAGA,diperkirakan besok tidak sehat; dan masih buruk lusa
Masupa Ria,village,KALIMANTAN TENGAH,-0.6,114.0,46.9,sedang,2026-09-12,117.6,tidak sehat,2026-09-13,107.1,tidak sehat,0,0,14.7,SIAGA,diperkirakan besok tidak sehat; dan masih buruk lusa
Tumbang Tihis,village,KALIMANTAN TENGAH,-0.7,114.0,46.9,sedang,2026-09-12,117.6,tidak sehat,2026-09-13,107.1,tidak sehat,0,0,14.7,SIAGA,diperkirakan besok tidak sehat; dan masih buruk lusa
Buntut Sabon,village,KALIMANTAN BARAT,-0.3,112.9,43.2,sedang,2026-09-12,89.9,tidak sehat,2026-09-13,85.0,tidak sehat,0,0,38.9,SIAGA,diperkirakan besok tidak sehat; dan masih buruk lusa
Nanga Menakon,village,KALIMANTAN BARAT,-0.3,112.9,43.2,sedang,2026-09-12,89.9,tidak sehat,2026-09-13,85.0,tidak sehat,0,0,38.9,SIAGA,diperkirakan besok tidak sehat; dan masih buruk lusa
Kepala Jungai,village,KALIMANTAN BARAT,-0.0,113.0,43.2,sedang,2026-09-12,89.9,tidak sehat,2026-09-13,85.0,tidak sehat,0,0,31.0,SIAGA,diperkirakan besok tidak sehat; dan masih buruk lusa
Dahtah Bungai,village,KALIMANTAN BARAT,-0.2,112.9,43.2,sedang,2026-09-12,89.9,tidak sehat,2026-09-13,85.0,tidak sehat,0,0,38.9,SIAGA,diperkirakan besok tidak sehat; dan masih buruk lusa
Nanga Menantak,village,KALIMANTAN BARAT,-0.2,113.0,43.2,sedang,2026-09-12,89.9,tidak sehat,2026-09-13,85.0,tidak sehat,0,0,38.9,SIAGA,diperkirakan besok tidak sehat; dan masih buruk lusa
Deme,village,KALIMANTAN BARAT,-0.2,113.0,43.2,sedang,2026-09-12,89.9,tidak sehat,2026-09-13,85.0,tidak sehat,0,0,38.9,SIAGA,diperkirakan besok tidak sehat; dan masih buruk lusa
Nanga Pahangan,village,KALIMANTAN BARAT,-0.3,113.1,43.2,sedang,2026-09-12,89.9,tidak sehat,2026-09-13,85.0,tidak sehat,0,0,38.9,SIAGA,diperkirakan besok tidak sehat; dan masih buruk lusa
Buntut Purun,village,KALIMANTAN BARAT,-0.3,113.0,43.2,sedang,2026-09-12,89.9,tidak sehat,2026-09-13,85.0,tidak sehat,0,0,38.9,SIAGA,diperkirakan besok tidak sehat; dan masih buruk lusa
Nanga Mentomoi,village,KALIMANTAN BARAT,-0.3,113.0,43.2,sedang,2026-09-12,89.9,tidak sehat,2026-09-13,85.0,tidak sehat,0,0,38.9,SIAGA,diperkirakan besok tidak sehat; dan masih buruk lusa
Nanga Ukai,village,KALIMANTAN BARAT,-0.3,113.0,43.2,sedang,2026-09-12,89.9,tidak sehat,2026-09-13,85.0,tidak sehat,0,0,38.9,SIAGA,diperkirakan besok tidak sehat; dan masih buruk lusa
Riam Sabon,village,KALIMANTAN BARAT,-0.3,112.9,43.2,sedang,2026-09-12,89.9,tidak sehat,2026-09-13,85.0,tidak sehat,0,0,38.9,SIAGA,diperkirakan besok tidak sehat; dan masih buruk lusa
Sungai Tambun,village,KALIMANTAN BARAT,-0.3,112.9,43.2,sedang,2026-09-12,89.9,tidak sehat,2026-09-13,85.0,tidak sehat,0,0,38.9,SIAGA,diperkirakan besok tidak sehat; dan masih buruk lusa
Jengkarang,village,KALIMANTAN BARAT,-0.0,113.0,43.2,sedang,2026-09-12,89.9,tidak sehat,2026-09-13,85.0,tidak sehat,0,0,31.0,SIAGA,diperkirakan besok tidak sehat; dan masih buruk lusa
Mensuang,village,KALIMANTAN BARAT,-0.3,112.9,43.2,sedang,2026-09-12,89.9,tidak sehat,2026-09-13,85.0,tidak sehat,0,0,38.9,SIAGA,diperkirakan besok tidak sehat; dan masih buruk lusa
Mulya Agung,village,KALIMANTAN TENGAH,-1.6,112.7,42.1,sedang,2026-09-12,72.4,tidak sehat,2026-09-13,73.5,tidak sehat,0,0,64.3,SIAGA,diperkirakan besok tidak sehat; dan masih buruk lusa
Tanjung Harapan,village,KALIMANTAN TENGAH,-1.8,112.7,42.1,sedang,2026-09-12,72.4,tidak sehat,2026-09-13,73.5,tidak sehat,0,0,64.3,SIAGA,diperkirakan besok tidak sehat; dan masih buruk lusa
Sebungsu,village,KALIMANTAN TENGAH,-1.9,112.8,42.1,sedang,2026-09-12,72.4,tidak sehat,2026-09-13,73.5,tidak sehat,0,0,124.5,SIAGA,diperkirakan besok tidak sehat; dan masih buruk lusa
Tumbang Getas,village,KALIMANTAN TENGAH,-1.8,112.4,42.1,sedang,2026-09-12,72.4,tidak sehat,2026-09-13,73.5,tidak sehat,0,0,64.3,SIAGA,diperkirakan besok tidak sehat; dan masih buruk lusa
Bukit Makmur,village,KALIMANTAN TENGAH,-1.8,112.7,42.1,sedang,2026-09-12,72.4,tidak sehat,2026-09-13,73.5,tidak sehat,0,0,64.3,SIAGA,diperkirakan besok tidak sehat; dan masih buruk lusa
Tumbang Batu,village,KALIMANTAN TENGAH,-1.7,112.4,42.1,sedang,2026-09-12,72.4,tidak sehat,2026-09-13,73.5,tidak sehat,0,0,64.3,SIAGA,diperkirakan besok tidak sehat; dan masih buruk lusa
Mekar Sari,village,KALIMANTAN TENGAH,-1.7,112.8,42.1,sedang,2026-09-12,72.4,tidak sehat,2026-09-13,73.5,tidak sehat,0,0,124.5,SIAGA,diperkirakan besok tidak sehat; dan masih buruk lusa
Tumbang Sangai,village,KALIMANTAN TENGAH,-1.8,112.6,42.1,sedang,2026-09-12,72.4,tidak sehat,2026-09-13,73.5,tidak sehat,0,0,64.3,SIAGA,diperkirakan besok tidak sehat; dan masih buruk lusa
Tanjung Jariangau,village,KALIMANTAN TENGAH,-1.9,112.5,42.1,sedang,2026-09-12,72.4,tidak sehat,2026-09-13,73.5,tidak sehat,0,0,64.3,SIAGA,diperkirakan besok tidak sehat; dan masih buruk lusa
Rantau Tampang,village,KALIMANTAN TENGAH,-1.7,112.6,42.1,sedang,2026-09-12,72.4,tidak sehat,2026-09-13,73.5,tidak sehat,0,0,64.3,SIAGA,diperkirakan besok tidak sehat; dan masih buruk lusa
Tumbang Panyahuan,village,KALIMANTAN TENGAH,-1.8,112.4,42.1,sedang,2026-09-12,72.4,tidak sehat,2026-09-13,73.5,tidak sehat,0,0,64.3,SIAGA,diperkirakan besok tidak sehat; dan masih buruk lusa
Tanjung Jorong,village,KALIMANTAN TENGAH,-1.7,112.8,42.1,sedang,2026-09-12,72.4,tidak sehat,2026-09-13,73.5,tidak sehat,0,0,124.5,SIAGA,diperkirakan besok tidak sehat; dan masih buruk lusa
Sungai Hanya,village,KALIMANTAN TENGAH,-1.6,112.6,42.1,sedang,2026-09-12,72.4,tidak sehat,2026-09-13,73.5,tidak sehat,0,0,64.3,SIAGA,diperkirakan besok tidak sehat; dan masih buruk lusa
Tumbang Bajanei,village,KALIMANTAN TENGAH,-1.7,112.6,42.1,sedang,2026-09-12,72.4,tidak sehat,2026-09-13,73.5,tidak sehat,0,0,64.3,SIAGA,diperkirakan besok tidak sehat; dan masih buruk lusa
Bhakti Karya,village,KALIMANTAN TENGAH,-1.6,112.7,42.1,sedang,2026-09-12,72.4,tidak sehat,2026-09-13,73.5,tidak sehat,0,0,64.3,SIAGA,diperkirakan besok tidak sehat; dan masih buruk lusa
Tukang Langit,village,KALIMANTAN TENGAH,-1.8,112.5,42.1,sedang,2026-09-12,72.4,tidak sehat,2026-09-13,73.5,tidak sehat,0,0,64.3,SIAGA,diperkirakan besok tidak sehat; dan masih buruk lusa
Tumbang Torung,village,KALIMANTAN TENGAH,-1.7,112.4,42.1,sedang,2026-09-12,72.4,tidak sehat,2026-09-13,73.5,tidak sehat,0,0,64.3,SIAGA,diperkirakan besok tidak sehat; dan masih buruk lusa
Rantau Katang,village,KALIMANTAN TENGAH,-1.8,112.6,42.1,sedang,2026-09-12,72.4,tidak sehat,2026-09-13,73.5,tidak sehat,0,0,64.3,SIAGA,diperkirakan besok tidak sehat; dan masih buruk lusa
Wonosari,village,KALIMANTAN TENGAH,-1.7,112.7,42.1,sedang,2026-09-12,72.4,tidak sehat,2026-09-13,73.5,tidak sehat,0,0,64.3,SIAGA,diperkirakan besok tidak sehat; dan masih buruk lusa
Tumbang Tilap,village,KALIMANTAN TENGAH,-1.9,112.5,42.1,sedang,2026-09-12,72.4,tidak sehat,2026-09-13,73.5,tidak sehat,0,0,52.3,SIAGA,diperkirakan besok tidak sehat; dan masih buruk lusa
Batu Agung,village,KALIMANTAN TENGAH,-1.7,112.5,42.1,sedang,2026-09-12,72.4,tidak sehat,2026-09-13,73.5,tidak sehat,0,0,64.3,SIAGA,diperkirakan besok tidak sehat; dan masih buruk lusa
Tumbang Kaminting,village,KALIMANTAN TENGAH,-1.9,112.5,42.1,sedang,2026-09-12,72.4,tidak sehat,2026-09-13,73.5,tidak sehat,0,0,64.3,SIAGA,diperkirakan besok tidak sehat; dan masih buruk lusa
Bukit Indah,village,KALIMANTAN TENGAH,-1.6,112.5,42.1,sedang,2026-09-12,72.4,tidak sehat,2026-09-13,73.5,tidak sehat,0,0,64.3,SIAGA,diperkirakan besok tidak sehat; dan masih buruk lusa
Luwuk Kowan,village,KALIMANTAN TENGAH,-1.7,112.6,42.1,sedang,2026-09-12,72.4,tidak sehat,2026-09-13,73.5,tidak sehat,0,0,64.3,SIAGA,diperkirakan besok tidak sehat; dan masih buruk lusa
Barunang Miri,village,KALIMANTAN TENGAH,-1.9,112.8,42.1,sedang,2026-09-12,72.4,tidak sehat,2026-09-13,73.5,tidak sehat,0,0,124.5,SIAGA,diperkirakan besok tidak sehat; dan masih buruk lusa
Tumbang Sapia,village,KALIMANTAN TENGAH,-1.8,112.4,42.1,sedang,2026-09-12,72.4,tidak sehat,2026-09-13,73.5,tidak sehat,0,0,64.3,SIAGA,diperkirakan besok tidak sehat; dan masih buruk lusa
Tumbang Mujam,village,KALIMANTAN TENGAH,-1.8,112.8,42.1,sedang,2026-09-12,72.4,tidak sehat,2026-09-13,73.5,tidak sehat,0,0,124.5,SIAGA,diperkirakan besok tidak sehat; dan masih buruk lusa
Buana Mustika,village,KALIMANTAN TENGAH,-1.9,112.7,42.1,sedang,2026-09-12,72.4,tidak sehat,2026-09-13,73.5,tidak sehat,0,0,64.3,SIAGA,diperkirakan besok tidak sehat; dan masih buruk lusa
Tumbang Sepayang,village,KALIMANTAN TENGAH,-1.6,112.6,42.1,sedang,2026-09-12,72.4,tidak sehat,2026-09-13,73.5,tidak sehat,0,0,64.3,SIAGA,diperkirakan besok tidak sehat; dan masih buruk lusa
Waringin Agung,village,KALIMANTAN TENGAH,-1.6,112.7,42.1,sedang,2026-09-12,72.4,tidak sehat,2026-09-13,73.5,tidak sehat,0,0,64.3,SIAGA,diperkirakan besok tidak sehat; dan masih buruk lusa
Beringin Agung,village,KALIMANTAN TENGAH,-1.8,112.6,42.1,sedang,2026-09-12,72.4,tidak sehat,2026-09-13,73.5,tidak sehat,0,0,64.3,SIAGA,diperkirakan besok tidak sehat; dan masih buruk lusa
Bawan,village,KALIMANTAN TENGAH,-1.9,112.5,42.1,sedang,2026-09-12,72.4,tidak sehat,2026-09-13,73.5,tidak sehat,0,0,52.3,SIAGA,diperkirakan besok tidak sehat; dan masih buruk lusa
Agung Mulya,village,KALIMANTAN TENGAH,-1.8,112.6,42.1,sedang,2026-09-12,72.4,tidak sehat,2026-09-13,73.5,tidak sehat,0,0,64.3,SIAGA,diperkirakan besok tidak sehat; dan masih buruk lusa
Tumbang Mangkup,village,KALIMANTAN TENGAH,-1.8,112.6,42.1,sedang,2026-09-12,72.4,tidak sehat,2026-09-13,73.5,tidak sehat,0,0,64.3,SIAGA,diperkirakan besok tidak sehat; dan masih buruk lusa
Merah,village,KALIMANTAN TENGAH,-1.7,112.8,42.1,sedang,2026-09-12,72.4,tidak sehat,2026-09-13,73.5,tidak sehat,0,0,124.5,SIAGA,diperkirakan besok tidak sehat; dan masih buruk lusa
Luwuk Sampun,village,KALIMANTAN TENGAH,-1.7,112.8,42.1,sedang,2026-09-12,72.4,tidak sehat,2026-09-13,73.5,tidak sehat,0,0,124.5,SIAGA,diperkirakan besok tidak sehat; dan masih buruk lusa
Gunung Makmur,village,KALIMANTAN TENGAH,-1.7,112.7,42.1,sedang,2026-09-12,72.4,tidak sehat,2026-09-13,73.5,tidak sehat,0,0,64.3,SIAGA,diperkirakan besok tidak sehat; dan masih buruk lusa
Tumbang Boloi,village,KALIMANTAN TENGAH,-1.7,112.6,42.1,sedang,2026-09-12,72.4,tidak sehat,2026-09-13,73.5,tidak sehat,0,0,64.3,SIAGA,diperkirakan besok tidak sehat; dan masih buruk lusa
Tanah Haluan,village,KALIMANTAN TENGAH,-1.9,112.4,42.1,sedang,2026-09-12,72.4,tidak sehat,2026-09-13,73.5,tidak sehat,0,0,64.3,SIAGA,diperkirakan besok tidak sehat; dan masih buruk lusa
Tri Buana,village,KALIMANTAN TENGAH,-1.6,112.5,42.1,sedang,2026-09-12,72.4,tidak sehat,2026-09-13,73.5,tidak sehat,0,0,64.3,SIAGA,diperkirakan besok tidak sehat; dan masih buruk lusa
Tumbang Kalang,village,KALIMANTAN TENGAH,-1.5,112.6,42.1,sedang,2026-09-12,72.4,tidak sehat,2026-09-13,73.5,tidak sehat,0,0,64.3,SIAGA,diperkirakan besok tidak sehat; dan masih buruk lusa
Rantau Sawang,village,KALIMANTAN TENGAH,-1.5,112.4,42.1,sedang,2026-09-12,72.4,tidak sehat,2026-09-13,73.5,tidak sehat,0,0,42.1,SIAGA,diperkirakan besok tidak sehat; dan masih buruk lusa
Tumbang Manya,village,KALIMANTAN TENGAH,-1.5,112.6,42.1,sedang,2026-09-12,72.4,tidak sehat,2026-09-13,73.5,tidak sehat,0,0,64.3,SIAGA,diperkirakan besok tidak sehat; dan masih buruk lusa
Tumbang Puan,village,KALIMANTAN TENGAH,-1.5,112.5,42.1,sedang,2026-09-12,72.4,tidak sehat,2026-09-13,73.5,tidak sehat,0,0,64.3,SIAGA,diperkirakan besok tidak sehat; dan masih buruk lusa
Betenung,village,KALIMANTAN BARAT,-1.6,110.6,41.2,sedang,2026-09-12,58.6,tidak sehat,2026-09-13,64.5,tidak sehat,0,0,65.2,SIAGA,diperkirakan besok tidak sehat; dan masih buruk lusa
Kemuning Biutak,village,KALIMANTAN BARAT,-1.9,110.4,41.2,sedang,2026-09-12,58.6,tidak sehat,2026-09-13,64.5,tidak sehat,0,0,38.9,SIAGA,diperkirakan besok tidak sehat; dan masih buruk lusa
Kepuluk,village,KALIMANTAN BARAT,-1.8,110.4,41.2,sedang,2026-09-12,58.6,tidak sehat,2026-09-13,64.5,tidak sehat,0,0,38.9,SIAGA,diperkirakan besok tidak sehat; dan masih buruk lusa
Pebihingan,village,KALIMANTAN BARAT,-1.7,110.6,41.2,sedang,2026-09-12,58.6,tidak sehat,2026-09-13,64.5,tidak sehat,0,0,65.2,SIAGA,diperkirakan besok tidak sehat; dan masih buruk lusa
Lembah Hijau Dua,village,KALIMANTAN BARAT,-1.6,110.5,41.2,sedang,2026-09-12,58.6,tidak sehat,2026-09-13,64.5,tidak sehat,0,0,74.9,SIAGA,diperkirakan besok tidak sehat; dan masih buruk lusa
Semayok Baru,village,KALIMANTAN BARAT,-1.7,110.5,41.2,sedang,2026-09-12,58.6,tidak sehat,2026-09-13,64.5,tidak sehat,0,0,65.2,SIAGA,diperkirakan besok tidak sehat; dan masih buruk lusa
Nanga Tayap,village,KALIMANTAN BARAT,-1.5,110.6,41.2,sedang,2026-09-12,58.6,tidak sehat,2026-09-13,64.5,tidak sehat,0,0,74.9,SIAGA,diperkirakan besok tidak sehat; dan masih buruk lusa
Pemuatan Jaya,village,KALIMANTAN BARAT,-1.9,110.5,41.2,sedang,2026-09-12,58.6,tidak sehat,2026-09-13,64.5,tidak sehat,0,0,65.2,SIAGA,diperkirakan besok tidak sehat; dan masih buruk lusa
Segar Wangi,village,KALIMANTAN BARAT,-1.9,110.5,41.2,sedang,2026-09-12,58.6,tidak sehat,2026-09-13,64.5,tidak sehat,0,0,65.2,SIAGA,diperkirakan besok tidak sehat; dan masih buruk lusa
Sengkaharak,village,KALIMANTAN BARAT,-1.8,110.6,41.2,sedang,2026-09-12,58.6,tidak sehat,2026-09-13,64.5,tidak sehat,0,0,65.2,SIAGA,diperkirakan besok tidak sehat; dan masih buruk lusa
Serengkah,village,KALIMANTAN BARAT,-1.8,110.7,41.2,sedang,2026-09-12,58.6,tidak sehat,2026-09-13,64.5,tidak sehat,0,0,65.2,SIAGA,diperkirakan besok tidak sehat; dan masih buruk lusa
Beringin Jaya,village,KALIMANTAN BARAT,-1.7,110.4,41.2,sedang,2026-09-12,58.6,tidak sehat,2026-09-13,64.5,tidak sehat,0,0,38.9,SIAGA,diperkirakan besok tidak sehat; dan masih buruk lusa
Siantau Raya,village,KALIMANTAN BARAT,-1.6,110.5,41.2,sedang,2026-09-12,58.6,tidak sehat,2026-09-13,64.5,tidak sehat,0,0,65.2,SIAGA,diperkirakan besok tidak sehat; dan masih buruk lusa
Sungai Melayu Baru,village,KALIMANTAN BARAT,-1.8,110.4,41.2,sedang,2026-09-12,58.6,tidak sehat,2026-09-13,64.5,tidak sehat,0,0,38.9,SIAGA,diperkirakan besok tidak sehat; dan masih buruk lusa
Sungai Kelik,village,KALIMANTAN BARAT,-1.6,110.4,41.2,sedang,2026-09-12,58.6,tidak sehat,2026-09-13,64.5,tidak sehat,0,0,41.2,SIAGA,diperkirakan besok tidak sehat; dan masih buruk lusa
Suka Mulya,village,KALIMANTAN BARAT,-1.8,110.4,41.2,sedang,2026-09-12,58.6,tidak sehat,2026-09-13,64.5,tidak sehat,0,0,38.9,SIAGA,diperkirakan besok tidak sehat; dan masih buruk lusa
Lalang Panjang,village,KALIMANTAN BARAT,-1.8,110.5,41.2,sedang,2026-09-12,58.6,tidak sehat,2026-09-13,64.5,tidak sehat,0,0,65.2,SIAGA,diperkirakan besok tidak sehat; dan masih buruk lusa
Belaban Tujuh,village,KALIMANTAN BARAT,-1.8,110.5,41.2,sedang,2026-09-12,58.6,tidak sehat,2026-09-13,64.5,tidak sehat,0,0,65.2,SIAGA,diperkirakan besok tidak sehat; dan masih buruk lusa
Batu Tajam,village,KALIMANTAN BARAT,-1.8,110.6,41.2,sedang,2026-09-12,58.6,tidak sehat,2026-09-13,64.5,tidak sehat,0,0,65.2,SIAGA,diperkirakan besok tidak sehat; dan masih buruk lusa
Piansak,village,KALIMANTAN BARAT,-1.7,110.4,41.2,sedang,2026-09-12,58.6,tidak sehat,2026-09-13,64.5,tidak sehat,0,0,38.9,SIAGA,diperkirakan besok tidak sehat; dan masih buruk lusa
Tumbang Titi,village,KALIMANTAN BARAT,-1.8,110.6,41.2,sedang,2026-09-12,58.6,tidak sehat,2026-09-13,64.5,tidak sehat,0,0,65.2,SIAGA,diperkirakan besok tidak sehat; dan masih buruk lusa
Kalimas Baru,village,KALIMANTAN BARAT,-1.8,110.5,41.2,sedang,2026-09-12,58.6,tidak sehat,2026-09-13,64.5,tidak sehat,0,0,65.2,SIAGA,diperkirakan besok tidak sehat; dan masih buruk lusa
Nanga Kelampai,village,KALIMANTAN BARAT,-1.9,110.5,41.2,sedang,2026-09-12,58.6,tidak sehat,2026-09-13,64.5,tidak sehat,0,0,65.2,SIAGA,diperkirakan besok tidak sehat; dan masih buruk lusa
Sungai Melayu Jaya,village,KALIMANTAN BARAT,-1.8,110.5,41.2,sedang,2026-09-12,58.6,tidak sehat,2026-09-13,64.5,tidak sehat,0,0,65.2,SIAGA,diperkirakan besok tidak sehat; dan masih buruk lusa
Karya Mukti,village,KALIMANTAN BARAT,-1.7,110.5,41.2,sedang,2026-09-12,58.6,tidak sehat,2026-09-13,64.5,tidak sehat,0,0,65.2,SIAGA,diperkirakan besok tidak sehat; dan masih buruk lusa
Natai Panjang,village,KALIMANTAN BARAT,-1.8,110.6,41.2,sedang,2026-09-12,58.6,tidak sehat,2026-09-13,64.5,tidak sehat,0,0,65.2,SIAGA,diperkirakan besok tidak sehat; dan masih buruk lusa
Mahawa,village,KALIMANTAN BARAT,-1.9,110.7,41.2,sedang,2026-09-12,58.6,tidak sehat,2026-09-13,64.5,tidak sehat,0,0,65.2,SIAGA,diperkirakan besok tidak sehat; dan masih buruk lusa
Lembah Hijau Satu,village,KALIMANTAN BARAT,-1.6,110.5,41.2,sedang,2026-09-12,58.6,tidak sehat,2026-09-13,64.5,tidak sehat,0,0,74.9,SIAGA,diperkirakan besok tidak sehat; dan masih buruk lusa
Jairan Jaya,village,KALIMANTAN BARAT,-1.8,110.4,41.2,sedang,2026-09-12,58.6,tidak sehat,2026-09-13,64.5,tidak sehat,0,0,38.9,SIAGA,diperkirakan besok tidak sehat; dan masih buruk lusa
Kesuma Jaya,village,KALIMANTAN BARAT,-1.9,110.8,41.2,sedang,2026-09-12,58.6,tidak sehat,2026-09-13,64.5,tidak sehat,0,0,65.2,SIAGA,diperkirakan besok tidak sehat; dan masih buruk lusa
Petebang Jaya,village,KALIMANTAN BARAT,-1.9,110.7,41.2,sedang,2026-09-12,58.6,tidak sehat,2026-09-13,64.5,tidak sehat,0,0,65.2,SIAGA,diperkirakan besok tidak sehat; dan masih buruk lusa
Tajok Kayong,village,KALIMANTAN BARAT,-1.6,110.6,41.2,sedang,2026-09-12,58.6,tidak sehat,2026-09-13,64.5,tidak sehat,0,0,65.2,SIAGA,diperkirakan besok tidak sehat; dan masih buruk lusa
Kayong Hulu,village,KALIMANTAN BARAT,-1.6,110.7,41.2,sedang,2026-09-12,58.6,tidak sehat,2026-09-13,64.5,tidak sehat,0,0,74.9,SIAGA,diperkirakan besok tidak sehat; dan masih buruk lusa
Sidahari,village,KALIMANTAN BARAT,-1.9,110.8,41.2,sedang,2026-09-12,58.6,tidak sehat,2026-09-13,64.5,tidak sehat,0,0,65.2,SIAGA,diperkirakan besok tidak sehat; dan masih buruk lusa
Batu Beransak,village,KALIMANTAN BARAT,-1.8,110.7,41.2,sedang,2026-09-12,58.6,tidak sehat,2026-09-13,64.5,tidak sehat,0,0,65.2,SIAGA,diperkirakan besok tidak sehat; dan masih buruk lusa
Beringin Rayo,village,KALIMANTAN BARAT,-1.7,110.7,41.2,sedang,2026-09-12,58.6,tidak sehat,2026-09-13,64.5,tidak sehat,0,0,65.2,SIAGA,diperkirakan besok tidak sehat; dan masih buruk lusa
Air Dua,village,KALIMANTAN BARAT,-1.9,110.8,41.2,sedang,2026-09-12,58.6,tidak sehat,2026-09-13,64.5,tidak sehat,0,0,65.2,SIAGA,diperkirakan besok tidak sehat; dan masih buruk lusa
Limpang,village,KALIMANTAN BARAT,-1.9,110.8,41.2,sedang,2026-09-12,58.6,tidak sehat,2026-09-13,64.5,tidak sehat,0,0,65.2,SIAGA,diperkirakan besok tidak sehat; dan masih buruk lusa
Pasir Mayang,village,KALIMANTAN BARAT,-1.9,110.8,41.2,sedang,2026-09-12,58.6,tidak sehat,2026-09-13,64.5,tidak sehat,0,0,65.2,SIAGA,diperkirakan besok tidak sehat; dan masih buruk lusa
Titi Baru,village,KALIMANTAN BARAT,-1.8,110.6,41.2,sedang,2026-09-12,58.6,tidak sehat,2026-09-13,64.5,tidak sehat,0,0,65.2,SIAGA,diperkirakan besok tidak sehat; dan masih buruk lusa
Riam Danau Kanan,village,KALIMANTAN BARAT,-1.9,110.8,41.2,sedang,2026-09-12,58.6,tidak sehat,2026-09-13,64.5,tidak sehat,0,0,65.2,SIAGA,diperkirakan besok tidak sehat; dan masih buruk lusa
Aur Gading,village,KALIMANTAN BARAT,-1.8,110.6,41.2,sedang,2026-09-12,58.6,tidak sehat,2026-09-13,64.5,tidak sehat,0,0,65.2,SIAGA,diperkirakan besok tidak sehat; dan masih buruk lusa
Tanjung Beulang,village,KALIMANTAN BARAT,-1.7,110.7,41.2,sedang,2026-09-12,58.6,tidak sehat,2026-09-13,64.5,tidak sehat,0,0,65.2,SIAGA,diperkirakan besok tidak sehat; dan masih buruk lusa
Serengkah Kanan,village,KALIMANTAN BARAT,-1.8,110.7,41.2,sedang,2026-09-12,58.6,tidak sehat,2026-09-13,64.5,tidak sehat,0,0,65.2,SIAGA,diperkirakan besok tidak sehat; dan masih buruk lusa
Suka Damai,village,KALIMANTAN BARAT,-1.8,110.7,41.2,sedang,2026-09-12,58.6,tidak sehat,2026-09-13,64.5,tidak sehat,0,0,65.2,SIAGA,diperkirakan besok tidak sehat; dan masih buruk lusa
Jelayan,village,KALIMANTAN BARAT,-1.8,110.6,41.2,sedang,2026-09-12,58.6,tidak sehat,2026-09-13,64.5,tidak sehat,0,0,65.2,SIAGA,diperkirakan besok tidak sehat; dan masih buruk lusa
Tanjung Maloi,village,KALIMANTAN BARAT,-1.8,110.7,41.2,sedang,2026-09-12,58.6,tidak sehat,2026-09-13,64.5,tidak sehat,0,0,65.2,SIAGA,diperkirakan besok tidak sehat; dan masih buruk lusa
Muara Semayok,village,KALIMANTAN BARAT,-1.7,110.5,41.2,sedang,2026-09-12,58.6,tidak sehat,2026-09-13,64.5,tidak sehat,0,0,65.2,SIAGA,diperkirakan besok tidak sehat; dan masih buruk lusa
Kerta Baru,village,KALIMANTAN BARAT,-1.8,110.6,41.2,sedang,2026-09-12,58.6,tidak sehat,2026-09-13,64.5,tidak sehat,0,0,65.2,SIAGA,diperkirakan besok tidak sehat; dan masih buruk lusa
Usaha Baru,village,KALIMANTAN BARAT,-1.7,110.5,41.2,sedang,2026-09-12,58.6,tidak sehat,2026-09-13,64.5,tidak sehat,0,0,65.2,SIAGA,diperkirakan besok tidak sehat; dan masih buruk lusa
Pateh Benteng,village,KALIMANTAN BARAT,-1.6,110.6,41.2,sedang,2026-09-12,58.6,tidak sehat,2026-09-13,64.5,tidak sehat,0,0,65.2,SIAGA,diperkirakan besok tidak sehat; dan masih buruk lusa
Sepakat Jaya,village,KALIMANTAN BARAT,-1.6,110.5,41.2,sedang,2026-09-12,58.6,tidak sehat,2026-09-13,64.5,tidak sehat,0,0,65.2,SIAGA,diperkirakan besok tidak sehat; dan masih buruk lusa
Kayung Tuhe,village,KALIMANTAN BARAT,-1.6,110.6,41.2,sedang,2026-09-12,58.6,tidak sehat,2026-09-13,64.5,tidak sehat,0,0,74.9,SIAGA,diperkirakan besok tidak sehat; dan masih buruk lusa
Muara Gerunggang,village,KALIMANTAN BARAT,-1.6,110.4,41.2,sedang,2026-09-12,58.6,tidak sehat,2026-09-13,64.5,tidak sehat,0,0,38.9,SIAGA,diperkirakan besok tidak sehat; dan masih buruk lusa
Batu Mas,village,KALIMANTAN BARAT,-1.7,110.6,41.2,sedang,2026-09-12,58.6,tidak sehat,2026-09-13,64.5,tidak sehat,0,0,65.2,SIAGA,diperkirakan besok tidak sehat; dan masih buruk lusa
Simpang Tiga Sembelangaan,village,KALIMANTAN BARAT,-1.5,110.4,41.2,sedang,2026-09-12,58.6,tidak sehat,2026-09-13,64.5,tidak sehat,0,0,41.2,SIAGA,diperkirakan besok tidak sehat; dan masih buruk lusa
Kayong Utara,village,KALIMANTAN BARAT,-1.5,110.7,41.2,sedang,2026-09-12,58.6,tidak sehat,2026-09-13,64.5,tidak sehat,0,0,74.9,SIAGA,diperkirakan besok tidak sehat; dan masih buruk lusa
Cegolak,village,KALIMANTAN BARAT,-1.7,110.6,41.2,sedang,2026-09-12,58.6,tidak sehat,2026-09-13,64.5,tidak sehat,0,0,65.2,SIAGA,diperkirakan besok tidak sehat; dan masih buruk lusa
Sungai Melayu,village,KALIMANTAN BARAT,-1.8,110.5,41.2,sedang,2026-09-12,58.6,tidak sehat,2026-09-13,64.5,tidak sehat,0,0,65.2,SIAGA,diperkirakan besok tidak sehat; dan masih buruk lusa
Mekar Jaya,village,KALIMANTAN BARAT,-1.7,110.4,41.2,sedang,2026-09-12,58.6,tidak sehat,2026-09-13,64.5,tidak sehat,0,0,38.9,SIAGA,diperkirakan besok tidak sehat; dan masih buruk lusa
Rangga Intan,village,KALIMANTAN BARAT,-1.9,110.8,41.2,sedang,2026-09-12,58.6,tidak sehat,2026-09-13,64.5,tidak sehat,0,0,65.2,SIAGA,diperkirakan besok tidak sehat; dan masih buruk lusa
Sepuring Indah,village,KALIMANTAN BARAT,-1.8,110.6,41.2,sedang,2026-09-12,58.6,tidak sehat,2026-09-13,64.5,tidak sehat,0,0,65.2,SIAGA,diperkirakan besok tidak sehat; dan masih buruk lusa
Jungkal,village,KALIMANTAN BARAT,-1.9,110.5,41.2,sedang,2026-09-12,58.6,tidak sehat,2026-09-13,64.5,tidak sehat,0,0,65.2,SIAGA,diperkirakan besok tidak sehat; dan masih buruk lusa
Pengatapan Raya,village,KALIMANTAN BARAT,-1.8,110.6,41.2,sedang,2026-09-12,58.6,tidak sehat,2026-09-13,64.5,tidak sehat,0,0,65.2,SIAGA,diperkirakan besok tidak sehat; dan masih buruk lusa
Kekura,hamlet,KALIMANTAN BARAT,-1.9,110.7,41.2,sedang,2026-09-12,58.6,tidak sehat,2026-09-13,64.5,tidak sehat,0,0,65.2,SIAGA,diperkirakan besok tidak sehat; dan masih buruk lusa
Pengancing,hamlet,KALIMANTAN BARAT,-1.9,110.6,41.2,sedang,2026-09-12,58.6,tidak sehat,2026-09-13,64.5,tidak sehat,0,0,65.2,SIAGA,diperkirakan besok tidak sehat; dan masih buruk lusa
Riam,village,KALIMANTAN TENGAH,-1.9,111.9,39.9,sedang,2026-09-12,58.0,tidak sehat,2026-09-13,57.7,tidak sehat,0,0,38.3,SIAGA,diperkirakan besok tidak sehat; dan masih buruk lusa
Panyumpa,village,KALIMANTAN TENGAH,-1.8,112.0,39.9,sedang,2026-09-12,58.0,tidak sehat,2026-09-13,57.7,tidak sehat,0,0,64.3,SIAGA,diperkirakan besok tidak sehat; dan masih buruk lusa
Rantau Pulut,village,KALIMANTAN TENGAH,-1.9,112.1,39.9,sedang,2026-09-12,58.0,tidak sehat,2026-09-13,57.7,tidak sehat,0,0,64.3,SIAGA,diperkirakan besok tidak sehat; dan masih buruk lusa
Pangke,village,KALIMANTAN TENGAH,-1.7,112.0,39.9,sedang,2026-09-12,58.0,tidak sehat,2026-09-13,57.7,tidak sehat,0,0,64.3,SIAGA,diperkirakan besok tidak sehat; dan masih buruk lusa
Durian Tunggal,village,KALIMANTAN TENGAH,-1.9,112.2,39.9,sedang,2026-09-12,58.0,tidak sehat,2026-09-13,57.7,tidak sehat,0,0,64.3,SIAGA,diperkirakan besok tidak sehat; dan masih buruk lusa
Panahan,village,KALIMANTAN TENGAH,-1.9,111.9,39.9,sedang,2026-09-12,58.0,tidak sehat,2026-09-13,57.7,tidak sehat,0,0,38.3,SIAGA,diperkirakan besok tidak sehat; dan masih buruk lusa
Tumbang Saluang,village,KALIMANTAN TENGAH,-1.6,112.3,39.9,sedang,2026-09-12,58.0,tidak sehat,2026-09-13,57.7,tidak sehat,0,0,42.1,SIAGA,diperkirakan besok tidak sehat; dan masih buruk lusa
Tumbang Payang,village,KALIMANTAN TENGAH,-1.8,112.3,39.9,sedang,2026-09-12,58.0,tidak sehat,2026-09-13,57.7,tidak sehat,0,0,64.3,SIAGA,diperkirakan besok tidak sehat; dan masih buruk lusa
Lunuk Bagantung,village,KALIMANTAN TENGAH,-1.7,112.3,39.9,sedang,2026-09-12,58.0,tidak sehat,2026-09-13,57.7,tidak sehat,0,0,64.3,SIAGA,diperkirakan besok tidak sehat; dan masih buruk lusa
Tewai Hara,village,KALIMANTAN TENGAH,-1.8,112.3,39.9,sedang,2026-09-12,58.0,tidak sehat,2026-09-13,57.7,tidak sehat,0,0,64.3,SIAGA,diperkirakan besok tidak sehat; dan masih buruk lusa
Tumbang Tawan,village,KALIMANTAN TENGAH,-1.6,112.3,39.9,sedang,2026-09-12,58.0,tidak sehat,2026-09-13,57.7,tidak sehat,0,0,64.3,SIAGA,diperkirakan besok tidak sehat; dan masih buruk lusa
Tumbang Kania,village,KALIMANTAN TENGAH,-1.8,112.3,39.9,sedang,2026-09-12,58.0,tidak sehat,2026-09-13,57.7,tidak sehat,0,0,64.3,SIAGA,diperkirakan besok tidak sehat; dan masih buruk lusa
Mojang Baru,village,KALIMANTAN TENGAH,-1.5,112.0,39.9,sedang,2026-09-12,58.0,tidak sehat,2026-09-13,57.7,tidak sehat,0,0,42.1,SIAGA,diperkirakan besok tidak sehat; dan masih buruk lusa
Rantau Suang,village,KALIMANTAN TENGAH,-1.5,112.3,39.9,sedang,2026-09-12,58.0,tidak sehat,2026-09-13,57.7,tidak sehat,0,0,42.1,SIAGA,diperkirakan besok tidak sehat; dan masih buruk lusa
Selimantan Jaya,village,KALIMANTAN BARAT,-2.3,110.6,38.9,sedang,2026-09-12,57.3,tidak sehat,2026-09-13,58.7,tidak sehat,0,0,43.6,SIAGA,diperkirakan besok tidak sehat; dan masih buruk lusa
Suka Mulia,village,KALIMANTAN BARAT,-2.3,110.6,38.9,sedang,2026-09-12,57.3,tidak sehat,2026-09-13,58.7,tidak sehat,0,0,43.6,SIAGA,diperkirakan besok tidak sehat; dan masih buruk lusa
Batang Belian,hamlet,KALIMANTAN BARAT,-2.3,110.7,38.9,sedang,2026-09-12,57.3,tidak sehat,2026-09-13,58.7,tidak sehat,0,0,43.6,SIAGA,diperkirakan besok tidak sehat; dan masih buruk lusa
Suka Karya,village,KALIMANTAN BARAT,-2.1,110.7,38.9,sedang,2026-09-12,57.3,tidak sehat,2026-09-13,58.7,tidak sehat,0,0,43.6,SIAGA,diperkirakan besok tidak sehat; dan masih buruk lusa
Banda Sari,village,KALIMANTAN BARAT,-2.3,110.8,38.9,sedang,2026-09-12,57.3,tidak sehat,2026-09-13,58.7,tidak sehat,0,0,43.6,SIAGA,diperkirakan besok tidak sehat; dan masih buruk lusa
Sukaharja,village,KALIMANTAN BARAT,-2.3,110.7,38.9,sedang,2026-09-12,57.3,tidak sehat,2026-09-13,58.7,tidak sehat,0,0,43.6,SIAGA,diperkirakan besok tidak sehat; dan masih buruk lusa
Randai,village,KALIMANTAN BARAT,-2.1,110.5,38.9,sedang,2026-09-12,57.3,tidak sehat,2026-09-13,58.7,tidak sehat,0,0,43.6,SIAGA,diperkirakan besok tidak sehat; dan masih buruk lusa
Suka Damai,village,KALIMANTAN BARAT,-2.4,110.6,38.9,sedang,2026-09-12,57.3,tidak sehat,2026-09-13,58.7,tidak sehat,0,0,43.6,SIAGA,diperkirakan besok tidak sehat; dan masih buruk lusa
Suka Ria,village,KALIMANTAN BARAT,-2.3,110.7,38.9,sedang,2026-09-12,57.3,tidak sehat,2026-09-13,58.7,tidak sehat,0,0,43.6,SIAGA,diperkirakan besok tidak sehat; dan masih buruk lusa
Muntai,village,KALIMANTAN BARAT,-2.4,110.7,38.9,sedang,2026-09-12,57.3,tidak sehat,2026-09-13,58.7,tidak sehat,0,0,43.6,SIAGA,diperkirakan besok tidak sehat; dan masih buruk lusa
Air Upas,village,KALIMANTAN BARAT,-2.3,110.8,38.9,sedang,2026-09-12,57.3,tidak sehat,2026-09-13,58.7,tidak sehat,0,0,43.6,SIAGA,diperkirakan besok tidak sehat; dan masih buruk lusa
Sukaraja,village,KALIMANTAN BARAT,-2.3,110.6,38.9,sedang,2026-09-12,57.3,tidak sehat,2026-09-13,58.7,tidak sehat,0,0,43.6,SIAGA,diperkirakan besok tidak sehat; dan masih buruk lusa
Bukit Kelambing,village,KALIMANTAN BARAT,-2.4,110.7,38.9,sedang,2026-09-12,57.3,tidak sehat,2026-09-13,58.7,tidak sehat,0,0,43.6,SIAGA,diperkirakan besok tidak sehat; dan masih buruk lusa
Pangkalan Batu,village,KALIMANTAN BARAT,-2.2,110.4,38.9,sedang,2026-09-12,57.3,tidak sehat,2026-09-13,58.7,tidak sehat,0,0,36.8,SIAGA,diperkirakan besok tidak sehat; dan masih buruk lusa
Gahang,village,KALIMANTAN BARAT,-2.3,110.7,38.9,sedang,2026-09-12,57.3,tidak sehat,2026-09-13,58.7,tidak sehat,0,0,43.6,SIAGA,diperkirakan besok tidak sehat; dan masih buruk lusa
Suka Harapan,village,KALIMANTAN BARAT,-2.3,110.6,38.9,sedang,2026-09-12,57.3,tidak sehat,2026-09-13,58.7,tidak sehat,0,0,43.6,SIAGA,diperkirakan besok tidak sehat; dan masih buruk lusa
Runjai Jaya,village,KALIMANTAN BARAT,-2.1,110.8,38.9,sedang,2026-09-12,57.3,tidak sehat,2026-09-13,58.7,tidak sehat,0,0,43.6,SIAGA,diperkirakan besok tidak sehat; dan masih buruk lusa
Tanggerang,village,KALIMANTAN BARAT,-2.0,110.8,38.9,sedang,2026-09-12,57.3,tidak sehat,2026-09-13,58.7,tidak sehat,0,0,65.2,SIAGA,diperkirakan besok tidak sehat; dan masih buruk lusa
Sari Bekayas,village,KALIMANTAN BARAT,-2.3,110.8,38.9,sedang,2026-09-12,57.3,tidak sehat,2026-09-13,58.7,tidak sehat,0,0,43.6,SIAGA,diperkirakan besok tidak sehat; dan masih buruk lusa
Suka Sari,village,KALIMANTAN BARAT,-2.4,110.6,38.9,sedang,2026-09-12,57.3,tidak sehat,2026-09-13,58.7,tidak sehat,0,0,43.6,SIAGA,diperkirakan besok tidak sehat; dan masih buruk lusa
Belaban,village,KALIMANTAN BARAT,-2.1,110.6,38.9,sedang,2026-09-12,57.3,tidak sehat,2026-09-13,58.7,tidak sehat,0,0,65.2,SIAGA,diperkirakan besok tidak sehat; dan masih buruk lusa
Mekar Jaya,village,KALIMANTAN BARAT,-2.3,110.8,38.9,sedang,2026-09-12,57.3,tidak sehat,2026-09-13,58.7,tidak sehat,0,0,43.6,SIAGA,diperkirakan besok tidak sehat; dan masih buruk lusa
Teluk Runjai,village,KALIMANTAN BARAT,-2.0,110.8,38.9,sedang,2026-09-12,57.3,tidak sehat,2026-09-13,58.7,tidak sehat,0,0,65.2,SIAGA,diperkirakan besok tidak sehat; dan masih buruk lusa
Riam Batu Gading,village,KALIMANTAN BARAT,-2.1,110.7,38.9,sedang,2026-09-12,57.3,tidak sehat,2026-09-13,58.7,tidak sehat,0,0,43.6,SIAGA,diperkirakan besok tidak sehat; dan masih buruk lusa
Deranuk,village,KALIMANTAN BARAT,-2.0,110.8,38.9,sedang,2026-09-12,57.3,tidak sehat,2026-09-13,58.7,tidak sehat,0,0,65.2,SIAGA,diperkirakan besok tidak sehat; dan masih buruk lusa
Sepauhan Raya,village,KALIMANTAN BARAT,-2.0,110.6,38.9,sedang,2026-09-12,57.3,tidak sehat,2026-09-13,58.7,tidak sehat,0,0,65.2,SIAGA,diperkirakan besok tidak sehat; dan masih buruk lusa
Perimping,hamlet,KALIMANTAN BARAT,-2.3,110.8,38.9,sedang,2026-09-12,57.3,tidak sehat,2026-09-13,58.7,tidak sehat,0,0,43.6,SIAGA,diperkirakan besok tidak sehat; dan masih buruk lusa
Batu Keling,hamlet,KALIMANTAN BARAT,-2.2,110.8,38.9,sedang,2026-09-12,57.3,tidak sehat,2026-09-13,58.7,tidak sehat,0,0,43.6,SIAGA,diperkirakan besok tidak sehat; dan masih buruk lusa
Bangun Sari,village,KALIMANTAN BARAT,-2.2,110.7,38.9,sedang,2026-09-12,57.3,tidak sehat,2026-09-13,58.7,tidak sehat,0,0,43.6,SIAGA,diperkirakan besok tidak sehat; dan masih buruk lusa
Karya Baru,village,KALIMANTAN BARAT,-2.3,110.7,38.9,sedang,2026-09-12,57.3,tidak sehat,2026-09-13,58.7,tidak sehat,0,0,43.6,SIAGA,diperkirakan besok tidak sehat; dan masih buruk lusa
Pelanjau Jaya,village,KALIMANTAN BARAT,-2.3,110.6,38.9,sedang,2026-09-12,57.3,tidak sehat,2026-09-13,58.7,tidak sehat,0,0,43.6,SIAGA,diperkirakan besok tidak sehat; dan masih buruk lusa
Rangkung,village,KALIMANTAN BARAT,-2.2,110.5,38.9,sedang,2026-09-12,57.3,tidak sehat,2026-09-13,58.7,tidak sehat,0,0,43.6,SIAGA,diperkirakan besok tidak sehat; dan masih buruk lusa
Sungai Jelayan,village,KALIMANTAN BARAT,-2.2,110.5,38.9,sedang,2026-09-12,57.3,tidak sehat,2026-09-13,58.7,tidak sehat,0,0,43.6,SIAGA,diperkirakan besok tidak sehat; dan masih buruk lusa
Kedondong,village,KALIMANTAN BARAT,-2.3,110.4,38.9,sedang,2026-09-12,57.3,tidak sehat,2026-09-13,58.7,tidak sehat,0,0,36.8,SIAGA,diperkirakan besok tidak sehat; dan masih buruk lusa
Pangkalan Paket,village,KALIMANTAN BARAT,-2.0,110.7,38.9,sedang,2026-09-12,57.3,tidak sehat,2026-09-13,58.7,tidak sehat,0,0,65.2,SIAGA,diperkirakan besok tidak sehat; dan masih buruk lusa
Bantan Sari,village,KALIMANTAN BARAT,-2.2,110.8,38.9,sedang,2026-09-12,57.3,tidak sehat,2026-09-13,58.7,tidak sehat,0,0,43.6,SIAGA,diperkirakan besok tidak sehat; dan masih buruk lusa
Perigi,village,KALIMANTAN BARAT,-2.0,110.8,38.9,sedang,2026-09-12,57.3,tidak sehat,2026-09-13,58.7,tidak sehat,0,0,65.2,SIAGA,diperkirakan besok tidak sehat; dan masih buruk lusa
Batu Payung Dua,village,KALIMANTAN BARAT,-2.1,110.6,38.9,sedang,2026-09-12,57.3,tidak sehat,2026-09-13,58.7,tidak sehat,0,0,65.2,SIAGA,diperkirakan besok tidak sehat; dan masih buruk lusa
Tanah Hitam,village,KALIMANTAN BARAT,-2.4,110.7,38.9,sedang,2026-09-12,57.3,tidak sehat,2026-09-13,58.7,tidak sehat,0,0,43.6,SIAGA,diperkirakan besok tidak sehat; dan masih buruk lusa
Perendaman,hamlet,KALIMANTAN BARAT,-2.3,110.8,38.9,sedang,2026-09-12,57.3,tidak sehat,2026-09-13,58.7,tidak sehat,0,0,43.6,SIAGA,diperkirakan besok tidak sehat; dan masih buruk lusa
SP6 Sukaraja,hamlet,KALIMANTAN BARAT,-2.3,110.6,38.9,sedang,2026-09-12,57.3,tidak sehat,2026-09-13,58.7,tidak sehat,0,0,43.6,SIAGA,diperkirakan besok tidak sehat; dan masih buruk lusa
Tumbang Tohan,village,KALIMANTAN TENGAH,-0.1,113.6,38.9,sedang,2026-09-12,103.3,tidak sehat,2026-09-13,95.4,tidak sehat,0,0,64.2,SIAGA,diperkirakan besok tidak sehat; dan masih buruk lusa
Tumbang Naan,village,KALIMANTAN TENGAH,-0.2,113.8,38.9,sedang,2026-09-12,103.3,tidak sehat,2026-09-13,95.4,tidak sehat,0,0,64.2,SIAGA,diperkirakan besok tidak sehat; dan masih buruk lusa
Derangga,village,KALIMANTAN TENGAH,-2.4,112.1,38.3,sedang,2026-09-12,62.0,tidak sehat,2026-09-13,62.6,tidak sehat,0,0,52.3,SIAGA,diperkirakan besok tidak sehat; dan masih buruk lusa
Derawa,village,KALIMANTAN TENGAH,-2.1,112.2,38.3,sedang,2026-09-12,62.0,tidak sehat,2026-09-13,62.6,tidak sehat,0,0,52.3,SIAGA,diperkirakan besok tidak sehat; dan masih buruk lusa
Tanjung Paring,village,KALIMANTAN TENGAH,-2.4,112.2,38.3,sedang,2026-09-12,62.0,tidak sehat,2026-09-13,62.6,tidak sehat,0,0,52.3,SIAGA,diperkirakan besok tidak sehat; dan masih buruk lusa
Pangkut,village,KALIMANTAN TENGAH,-2.2,111.9,38.3,sedang,2026-09-12,62.0,tidak sehat,2026-09-13,62.6,tidak sehat,0,0,30.7,SIAGA,diperkirakan besok tidak sehat; dan masih buruk lusa
Suka Mandang,village,KALIMANTAN TENGAH,-2.1,112.2,38.3,sedang,2026-09-12,62.0,tidak sehat,2026-09-13,62.6,tidak sehat,0,0,64.3,SIAGA,diperkirakan besok tidak sehat; dan masih buruk lusa
Durian Kait,village,KALIMANTAN TENGAH,-2.2,112.1,38.3,sedang,2026-09-12,62.0,tidak sehat,2026-09-13,62.6,tidak sehat,0,0,52.3,SIAGA,diperkirakan besok tidak sehat; dan masih buruk lusa
Kerabu,village,KALIMANTAN TENGAH,-2.0,112.0,38.3,sedang,2026-09-12,62.0,tidak sehat,2026-09-13,62.6,tidak sehat,0,0,64.3,SIAGA,diperkirakan besok tidak sehat; dan masih buruk lusa
Bukit Buluh,village,KALIMANTAN TENGAH,-2.0,112.2,38.3,sedang,2026-09-12,62.0,tidak sehat,2026-09-13,62.6,tidak sehat,0,0,64.3,SIAGA,diperkirakan besok tidak sehat; dan masih buruk lusa
Batu Agung,village,KALIMANTAN TENGAH,-2.2,112.1,38.3,sedang,2026-09-12,62.0,tidak sehat,2026-09-13,62.6,tidak sehat,0,0,52.3,SIAGA,diperkirakan besok tidak sehat; dan masih buruk lusa
Sandul,village,KALIMANTAN TENGAH,-2.3,112.2,38.3,sedang,2026-09-12,62.0,tidak sehat,2026-09-13,62.6,tidak sehat,0,0,52.3,SIAGA,diperkirakan besok tidak sehat; dan masih buruk lusa
Ringin Agung,village,KALIMANTAN TENGAH,-2.1,112.1,38.3,sedang,2026-09-12,62.0,tidak sehat,2026-09-13,62.6,tidak sehat,0,0,64.3,SIAGA,diperkirakan besok tidak sehat; dan masih buruk lusa
Kebon Agung,village,KALIMANTAN TENGAH,-2.4,111.9,38.3,sedang,2026-09-12,62.0,tidak sehat,2026-09-13,62.6,tidak sehat,0,0,30.7,SIAGA,diperkirakan besok tidak sehat; dan masih buruk lusa
Pandau,village,KALIMANTAN TENGAH,-2.0,111.9,38.3,sedang,2026-09-12,62.0,tidak sehat,2026-09-13,62.6,tidak sehat,0,0,38.3,SIAGA,diperkirakan besok tidak sehat; dan masih buruk lusa
Suka Maju,village,KALIMANTAN TENGAH,-2.2,112.1,38.3,sedang,2026-09-12,62.0,tidak sehat,2026-09-13,62.6,tidak sehat,0,0,52.3,SIAGA,diperkirakan besok tidak sehat; dan masih buruk lusa
Asam Baru,village,KALIMANTAN TENGAH,-2.4,112.2,38.3,sedang,2026-09-12,62.0,tidak sehat,2026-09-13,62.6,tidak sehat,0,0,52.3,SIAGA,diperkirakan besok tidak sehat; dan masih buruk lusa
Gantung Pangayuh,village,KALIMANTAN TENGAH,-2.1,112.2,38.3,sedang,2026-09-12,62.0,tidak sehat,2026-09-13,62.6,tidak sehat,0,0,52.3,SIAGA,diperkirakan besok tidak sehat; dan masih buruk lusa
Tanjung Rangas II,village,KALIMANTAN TENGAH,-2.3,112.2,38.3,sedang,2026-09-12,62.0,tidak sehat,2026-09-13,62.6,tidak sehat,0,0,52.3,SIAGA,diperkirakan besok tidak sehat; dan masih buruk lusa
Ayawan,village,KALIMANTAN TENGAH,-2.0,112.2,38.3,sedang,2026-09-12,62.0,tidak sehat,2026-09-13,62.6,tidak sehat,0,0,64.3,SIAGA,diperkirakan besok tidak sehat; dan masih buruk lusa
Sambi,village,KALIMANTAN TENGAH,-2.0,112.0,38.3,sedang,2026-09-12,62.0,tidak sehat,2026-09-13,62.6,tidak sehat,0,0,64.3,SIAGA,diperkirakan besok tidak sehat; dan masih buruk lusa
Tumbang Bai,village,KALIMANTAN TENGAH,-2.0,112.2,38.3,sedang,2026-09-12,62.0,tidak sehat,2026-09-13,62.6,tidak sehat,0,0,64.3,SIAGA,diperkirakan besok tidak sehat; dan masih buruk lusa
Sahabu,village,KALIMANTAN TENGAH,-2.2,112.2,38.3,sedang,2026-09-12,62.0,tidak sehat,2026-09-13,62.6,tidak sehat,0,0,52.3,SIAGA,diperkirakan besok tidak sehat; dan masih buruk lusa
Sido Mulyo,village,KALIMANTAN TENGAH,-2.4,111.9,38.3,sedang,2026-09-12,62.0,tidak sehat,2026-09-13,62.6,tidak sehat,0,0,30.7,SIAGA,diperkirakan besok tidak sehat; dan masih buruk lusa
Nanga Mua,village,KALIMANTAN TENGAH,-2.2,111.9,38.3,sedang,2026-09-12,62.0,tidak sehat,2026-09-13,62.6,tidak sehat,0,0,30.7,SIAGA,diperkirakan besok tidak sehat; dan masih buruk lusa
Teluk Bayur,village,KALIMANTAN TENGAH,-2.1,112.2,38.3,sedang,2026-09-12,62.0,tidak sehat,2026-09-13,62.6,tidak sehat,0,0,52.3,SIAGA,diperkirakan besok tidak sehat; dan masih buruk lusa
Suka Makmur,village,KALIMANTAN TENGAH,-2.2,112.0,38.3,sedang,2026-09-12,62.0,tidak sehat,2026-09-13,62.6,tidak sehat,0,0,52.3,SIAGA,diperkirakan besok tidak sehat; dan masih buruk lusa
Tanjung Hara,village,KALIMANTAN TENGAH,-2.4,112.2,38.3,sedang,2026-09-12,62.0,tidak sehat,2026-09-13,62.6,tidak sehat,0,0,52.3,SIAGA,diperkirakan besok tidak sehat; dan masih buruk lusa
Suka Jaya,village,KALIMANTAN TENGAH,-2.2,112.1,38.3,sedang,2026-09-12,62.0,tidak sehat,2026-09-13,62.6,tidak sehat,0,0,52.3,SIAGA,diperkirakan besok tidak sehat; dan masih buruk lusa
Sebabi,village,KALIMANTAN TENGAH,-2.3,112.2,38.3,sedang,2026-09-12,62.0,tidak sehat,2026-09-13,62.6,tidak sehat,0,0,52.3,SIAGA,diperkirakan besok tidak sehat; dan masih buruk lusa
Amin Jaya,village,KALIMANTAN TENGAH,-2.4,112.0,38.3,sedang,2026-09-12,62.0,tidak sehat,2026-09-13,62.6,tidak sehat,0,0,30.7,SIAGA,diperkirakan besok tidak sehat; dan masih buruk lusa
Gandis,village,KALIMANTAN TENGAH,-2.1,111.9,38.3,sedang,2026-09-12,62.0,tidak sehat,2026-09-13,62.6,tidak sehat,0,0,30.7,SIAGA,diperkirakan besok tidak sehat; dan masih buruk lusa
Mugi Panyuhu,village,KALIMANTAN TENGAH,-2.0,112.2,38.3,sedang,2026-09-12,62.0,tidak sehat,2026-09-13,62.6,tidak sehat,0,0,64.3,SIAGA,diperkirakan besok tidak sehat; dan masih buruk lusa
Sukorejo,village,KALIMANTAN TENGAH,-2.3,112.1,38.3,sedang,2026-09-12,62.0,tidak sehat,2026-09-13,62.6,tidak sehat,0,0,52.3,SIAGA,diperkirakan besok tidak sehat; dan masih buruk lusa
Arga Mulya,village,KALIMANTAN TENGAH,-2.4,111.9,38.3,sedang,2026-09-12,62.0,tidak sehat,2026-09-13,62.6,tidak sehat,0,0,30.7,SIAGA,diperkirakan besok tidak sehat; dan masih buruk lusa
Penyombaan,village,KALIMANTAN TENGAH,-2.0,111.9,38.3,sedang,2026-09-12,62.0,tidak sehat,2026-09-13,62.6,tidak sehat,0,0,64.3,SIAGA,diperkirakan besok tidak sehat; dan masih buruk lusa
Kalang,village,KALIMANTAN TENGAH,-2.2,112.1,38.3,sedang,2026-09-12,62.0,tidak sehat,2026-09-13,62.6,tidak sehat,0,0,52.3,SIAGA,diperkirakan besok tidak sehat; dan masih buruk lusa
Batu Menangis,village,KALIMANTAN TENGAH,-2.2,112.2,38.3,sedang,2026-09-12,62.0,tidak sehat,2026-09-13,62.6,tidak sehat,0,0,52.3,SIAGA,diperkirakan besok tidak sehat; dan masih buruk lusa
Sungai Pakit,village,KALIMANTAN TENGAH,-2.4,111.9,38.3,sedang,2026-09-12,62.0,tidak sehat,2026-09-13,62.6,tidak sehat,0,0,30.7,SIAGA,diperkirakan besok tidak sehat; dan masih buruk lusa
Sungai Hijau,village,KALIMANTAN TENGAH,-2.4,111.9,38.3,sedang,2026-09-12,62.0,tidak sehat,2026-09-13,62.6,tidak sehat,0,0,30.7,SIAGA,diperkirakan besok tidak sehat; dan masih buruk lusa
Sungai Kuning,village,KALIMANTAN TENGAH,-2.4,111.9,38.3,sedang,2026-09-12,62.0,tidak sehat,2026-09-13,62.6,tidak sehat,0,0,30.7,SIAGA,diperkirakan besok tidak sehat; dan masih buruk lusa
Sungai Dau,village,KALIMANTAN TENGAH,-2.0,112.1,38.3,sedang,2026-09-12,62.0,tidak sehat,2026-09-13,62.6,tidak sehat,0,0,64.3,SIAGA,diperkirakan besok tidak sehat; dan masih buruk lusa
Sukarami,village,KALIMANTAN TENGAH,-2.2,111.9,38.3,sedang,2026-09-12,62.0,tidak sehat,2026-09-13,62.6,tidak sehat,0,0,30.7,SIAGA,diperkirakan besok tidak sehat; dan masih buruk lusa
Bumi Jaya,village,KALIMANTAN TENGAH,-2.3,112.1,38.3,sedang,2026-09-12,62.0,tidak sehat,2026-09-13,62.6,tidak sehat,0,0,52.3,SIAGA,diperkirakan besok tidak sehat; dan masih buruk lusa
Panca Jaya,village,KALIMANTAN TENGAH,-2.1,112.1,38.3,sedang,2026-09-12,62.0,tidak sehat,2026-09-13,62.6,tidak sehat,0,0,52.3,SIAGA,diperkirakan besok tidak sehat; dan masih buruk lusa
Tangga Batu,village,KALIMANTAN TENGAH,-2.1,112.2,38.3,sedang,2026-09-12,62.0,tidak sehat,2026-09-13,62.6,tidak sehat,0,0,52.3,SIAGA,diperkirakan besok tidak sehat; dan masih buruk lusa
Panimba Raya,village,KALIMANTAN TENGAH,-2.3,112.2,38.3,sedang,2026-09-12,62.0,tidak sehat,2026-09-13,62.6,tidak sehat,0,0,52.3,SIAGA,diperkirakan besok tidak sehat; dan masih buruk lusa
Semanggang,hamlet,KALIMANTAN TENGAH,-2.4,111.9,38.3,sedang,2026-09-12,62.0,tidak sehat,2026-09-13,62.6,tidak sehat,0,0,30.7,SIAGA,diperkirakan besok tidak sehat; dan masih buruk lusa
Suka Mulya,village,KALIMANTAN TENGAH,-2.3,112.2,38.3,sedang,2026-09-12,62.0,tidak sehat,2026-09-13,62.6,tidak sehat,0,0,52.3,SIAGA,diperkirakan besok tidak sehat; dan masih buruk lusa
Wana Tirta,village,KALIMANTAN TENGAH,-2.2,112.2,38.3,sedang,2026-09-12,62.0,tidak sehat,2026-09-13,62.6,tidak sehat,0,0,52.3,SIAGA,diperkirakan besok tidak sehat; dan masih buruk lusa
Rungau Raya,village,KALIMANTAN TENGAH,-2.3,112.3,38.3,sedang,2026-09-12,62.0,tidak sehat,2026-09-13,62.6,tidak sehat,0,0,52.3,SIAGA,diperkirakan besok tidak sehat; dan masih buruk lusa
Tanjung,village,KALIMANTAN BARAT,0.5,113.0,34.9,sedang,2026-09-12,71.0,tidak sehat,2026-09-13,69.2,tidak sehat,0,0,31.0,SIAGA,diperkirakan besok tidak sehat; dan masih buruk lusa
Bahenap,village,KALIMANTAN BARAT,0.5,113.0,34.9,sedang,2026-09-12,71.0,tidak sehat,2026-09-13,69.2,tidak sehat,0,0,31.0,SIAGA,diperkirakan besok tidak sehat; dan masih buruk lusa
Kepala Gurung,village,KALIMANTAN BARAT,0.5,112.9,34.9,sedang,2026-09-12,71.0,tidak sehat,2026-09-13,69.2,tidak sehat,0,0,31.0,SIAGA,diperkirakan besok tidak sehat; dan masih buruk lusa
Suka Maju,village,KALIMANTAN BARAT,0.5,112.9,34.9,sedang,2026-09-12,71.0,tidak sehat,2026-09-13,69.2,tidak sehat,0,0,31.0,SIAGA,diperkirakan besok tidak sehat; dan masih buruk lusa
Nanga Dua,village,KALIMANTAN BARAT,0.4,112.9,34.9,sedang,2026-09-12,71.0,tidak sehat,2026-09-13,69.2,tidak sehat,0,0,31.0,SIAGA,diperkirakan besok tidak sehat; dan masih buruk lusa
Batu Tiga,village,KALIMANTAN BARAT,0.3,113.0,34.9,sedang,2026-09-12,71.0,tidak sehat,2026-09-13,69.2,tidak sehat,0,0,31.0,SIAGA,diperkirakan besok tidak sehat; dan masih buruk lusa
Tangai Jaya,village,KALIMANTAN BARAT,0.5,112.9,34.9,sedang,2026-09-12,71.0,tidak sehat,2026-09-13,69.2,tidak sehat,0,0,34.9,SIAGA,diperkirakan besok tidak sehat; dan masih buruk lusa
Sungai Tekuyung,hamlet,KALIMANTAN BARAT,0.5,112.9,34.9,sedang,2026-09-12,71.0,tidak sehat,2026-09-13,69.2,tidak sehat,0,0,31.0,SIAGA,diperkirakan besok tidak sehat; dan masih buruk lusa
Muara Joloi II,village,KALIMANTAN TENGAH,-0.1,114.1,30.4,sedang,2026-09-12,99.7,tidak sehat,2026-09-13,90.5,tidak sehat,0,0,16.6,SIAGA,diperkirakan besok tidak sehat; dan masih buruk lusa
Tumbang Olong I,village,KALIMANTAN TENGAH,-0.0,114.3,30.4,sedang,2026-09-12,99.7,tidak sehat,2026-09-13,90.5,tidak sehat,0,0,16.6,SIAGA,diperkirakan besok tidak sehat; dan masih buruk lusa
Tumbang Tuan,village,KALIMANTAN TENGAH,-0.4,114.1,30.4,sedang,2026-09-12,99.7,tidak sehat,2026-09-13,90.5,tidak sehat,0,0,14.7,SIAGA,diperkirakan besok tidak sehat; dan masih buruk lusa
Parahau Baru,village,KALIMANTAN TENGAH,-0.1,114.1,30.4,sedang,2026-09-12,99.7,tidak sehat,2026-09-13,90.5,tidak sehat,0,0,16.6,SIAGA,diperkirakan besok tidak sehat; dan masih buruk lusa
Teluk Jolo,village,KALIMANTAN TENGAH,-0.4,114.1,30.4,sedang,2026-09-12,99.7,tidak sehat,2026-09-13,90.5,tidak sehat,0,0,14.7,SIAGA,diperkirakan besok tidak sehat; dan masih buruk lusa
Muara Joloi I,village,KALIMANTAN TENGAH,-0.1,114.1,30.4,sedang,2026-09-12,99.7,tidak sehat,2026-09-13,90.5,tidak sehat,0,0,16.6,SIAGA,diperkirakan besok tidak sehat; dan masih buruk lusa
Tumbang Molut,village,KALIMANTAN TENGAH,-0.4,114.1,30.4,sedang,2026-09-12,99.7,tidak sehat,2026-09-13,90.5,tidak sehat,0,0,14.7,SIAGA,diperkirakan besok tidak sehat; dan masih buruk lusa
Laas Baru,village,KALIMANTAN TENGAH,-0.4,114.1,30.4,sedang,2026-09-12,99.7,tidak sehat,2026-09-13,90.5,tidak sehat,0,0,14.7,SIAGA,diperkirakan besok tidak sehat; dan masih buruk lusa
Tumbang Olong II,village,KALIMANTAN TENGAH,-0.0,114.3,30.4,sedang,2026-09-12,99.7,tidak sehat,2026-09-13,90.5,tidak sehat,0,0,16.6,SIAGA,diperkirakan besok tidak sehat; dan masih buruk lusa
Tumbang Tabulus,hamlet,KALIMANTAN TENGAH,-0.1,113.9,30.4,sedang,2026-09-12,99.7,tidak sehat,2026-09-13,90.5,tidak sehat,0,0,14.7,SIAGA,diperkirakan besok tidak sehat; dan masih buruk lusa
Takajung,village,KALIMANTAN TENGAH,-0.3,114.1,30.4,sedang,2026-09-12,99.7,tidak sehat,2026-09-13,90.5,tidak sehat,0,0,14.7,SIAGA,diperkirakan besok tidak sehat; dan masih buruk lusa
Buhut Jaya,village,KALIMANTAN TENGAH,-1.1,114.4,27.5,sedang,2026-09-12,82.3,tidak sehat,2026-09-13,86.0,tidak sehat,0,0,15.4,SIAGA,diperkirakan besok tidak sehat; dan masih buruk lusa
Rubei,village,KALIMANTAN TENGAH,-1.3,114.8,27.5,sedang,2026-09-12,82.3,tidak sehat,2026-09-13,86.0,tidak sehat,0,0,14.4,SIAGA,diperkirakan besok tidak sehat; dan masih buruk lusa
Kamawen,village,KALIMANTAN TENGAH,-1.2,114.8,27.5,sedang,2026-09-12,82.3,tidak sehat,2026-09-13,86.0,tidak sehat,0,0,14.4,SIAGA,diperkirakan besok tidak sehat; dan masih buruk lusa
Manis,village,KALIMANTAN TENGAH,-1.2,114.4,27.5,sedang,2026-09-12,82.3,tidak sehat,2026-09-13,86.0,tidak sehat,0,0,15.4,SIAGA,diperkirakan besok tidak sehat; dan masih buruk lusa
Karukus,village,KALIMANTAN TENGAH,-1.1,114.4,27.5,sedang,2026-09-12,82.3,tidak sehat,2026-09-13,86.0,tidak sehat,0,0,15.4,SIAGA,diperkirakan besok tidak sehat; dan masih buruk lusa
Lemo II,village,KALIMANTAN TENGAH,-1.0,114.8,27.5,sedang,2026-09-12,82.3,tidak sehat,2026-09-13,86.0,tidak sehat,0,0,14.4,SIAGA,diperkirakan besok tidak sehat; dan masih buruk lusa
Tumpung Laung II,village,KALIMANTAN TENGAH,-1.3,114.8,27.5,sedang,2026-09-12,82.3,tidak sehat,2026-09-13,86.0,tidak sehat,0,0,14.4,SIAGA,diperkirakan besok tidak sehat; dan masih buruk lusa
Ruji,village,KALIMANTAN TENGAH,-1.3,114.8,27.5,sedang,2026-09-12,82.3,tidak sehat,2026-09-13,86.0,tidak sehat,0,0,14.4,SIAGA,diperkirakan besok tidak sehat; dan masih buruk lusa
Pujon,village,KALIMANTAN TENGAH,-1.4,114.4,27.5,sedang,2026-09-12,82.3,tidak sehat,2026-09-13,86.0,tidak sehat,0,0,15.4,SIAGA,diperkirakan besok tidak sehat; dan masih buruk lusa
Bajuh,village,KALIMANTAN TENGAH,-1.3,114.4,27.5,sedang,2026-09-12,82.3,tidak sehat,2026-09-13,86.0,tidak sehat,0,0,15.4,SIAGA,diperkirakan besok tidak sehat; dan masih buruk lusa
Tumpung Laung I,village,KALIMANTAN TENGAH,-1.3,114.8,27.5,sedang,2026-09-12,82.3,tidak sehat,2026-09-13,86.0,tidak sehat,0,0,14.4,SIAGA,diperkirakan besok tidak sehat; dan masih buruk lusa
Barunang,village,KALIMANTAN TENGAH,-1.0,114.4,27.5,sedang,2026-09-12,82.3,tidak sehat,2026-09-13,86.0,tidak sehat,0,0,14.4,SIAGA,diperkirakan besok tidak sehat; dan masih buruk lusa
Sikan,village,KALIMANTAN TENGAH,-1.3,114.8,27.5,sedang,2026-09-12,82.3,tidak sehat,2026-09-13,86.0,tidak sehat,0,0,14.4,SIAGA,diperkirakan besok tidak sehat; dan masih buruk lusa
Penda Muntei,village,KALIMANTAN TENGAH,-1.4,114.4,27.5,sedang,2026-09-12,82.3,tidak sehat,2026-09-13,86.0,tidak sehat,0,0,56.3,SIAGA,diperkirakan besok tidak sehat; dan masih buruk lusa
Paring Lahung,village,KALIMANTAN TENGAH,-1.2,114.8,27.5,sedang,2026-09-12,82.3,tidak sehat,2026-09-13,86.0,tidak sehat,0,0,14.4,SIAGA,diperkirakan besok tidak sehat; dan masih buruk lusa
Marapit,village,KALIMANTAN TENGAH,-1.3,114.4,27.5,sedang,2026-09-12,82.3,tidak sehat,2026-09-13,86.0,tidak sehat,0,0,15.4,SIAGA,diperkirakan besok tidak sehat; dan masih buruk lusa
Pepas,village,KALIMANTAN TENGAH,-1.3,114.8,27.5,sedang,2026-09-12,82.3,tidak sehat,2026-09-13,86.0,tidak sehat,0,0,14.4,SIAGA,diperkirakan besok tidak sehat; dan masih buruk lusa
Lemo I,village,KALIMANTAN TENGAH,-1.0,114.8,27.5,sedang,2026-09-12,82.3,tidak sehat,2026-09-13,86.0,tidak sehat,0,0,14.4,SIAGA,diperkirakan besok tidak sehat; dan masih buruk lusa
Tapen,village,KALIMANTAN TENGAH,-1.4,114.4,27.5,sedang,2026-09-12,82.3,tidak sehat,2026-09-13,86.0,tidak sehat,0,0,15.4,SIAGA,diperkirakan besok tidak sehat; dan masih buruk lusa
Hurung Pukung,village,KALIMANTAN TENGAH,-1.4,114.4,27.5,sedang,2026-09-12,82.3,tidak sehat,2026-09-13,86.0,tidak sehat,0,0,56.3,SIAGA,diperkirakan besok tidak sehat; dan masih buruk lusa
Putussibau,city,KALIMANTAN BARAT,0.9,112.9,23.7,sedang,2026-09-12,83.7,tidak sehat,2026-09-13,79.5,tidak sehat,0,0,18.7,SIAGA,diperkirakan besok tidak sehat; dan masih buruk lusa
Melapi 1,hamlet,KALIMANTAN BARAT,0.8,113.0,23.7,sedang,2026-09-12,83.7,tidak sehat,2026-09-13,79.5,tidak sehat,0,0,18.7,SIAGA,diperkirakan besok tidak sehat; dan masih buruk lusa
Jaras Dua,hamlet,KALIMANTAN BARAT,0.8,112.9,23.7,sedang,2026-09-12,83.7,tidak sehat,2026-09-13,79.5,tidak sehat,0,0,18.7,SIAGA,diperkirakan besok tidak sehat; dan masih buruk lusa
Kensuray,village,KALIMANTAN BARAT,0.6,113.0,23.7,sedang,2026-09-12,83.7,tidak sehat,2026-09-13,79.5,tidak sehat,0,0,31.0,SIAGA,diperkirakan besok tidak sehat; dan masih buruk lusa
Sayut,village,KALIMANTAN BARAT,0.8,113.0,23.7,sedang,2026-09-12,83.7,tidak sehat,2026-09-13,79.5,tidak sehat,0,0,18.7,SIAGA,diperkirakan besok tidak sehat; dan masih buruk lusa
Ingko' Tambe,village,KALIMANTAN BARAT,0.8,113.0,23.7,sedang,2026-09-12,83.7,tidak sehat,2026-09-13,79.5,tidak sehat,0,0,18.7,SIAGA,diperkirakan besok tidak sehat; dan masih buruk lusa
Pala Pulau,village,KALIMANTAN BARAT,0.9,112.9,23.7,sedang,2026-09-12,83.7,tidak sehat,2026-09-13,79.5,tidak sehat,0,0,18.7,SIAGA,diperkirakan besok tidak sehat; dan masih buruk lusa
Kedamin Hilir,suburb,KALIMANTAN BARAT,0.9,112.9,23.7,sedang,2026-09-12,83.7,tidak sehat,2026-09-13,79.5,tidak sehat,0,0,18.7,SIAGA,diperkirakan besok tidak sehat; dan masih buruk lusa
Putussibau Kota,suburb,KALIMANTAN BARAT,0.9,112.9,23.7,sedang,2026-09-12,83.7,tidak sehat,2026-09-13,79.5,tidak sehat,0,0,18.7,SIAGA,diperkirakan besok tidak sehat; dan masih buruk lusa
Melapi,village,KALIMANTAN BARAT,0.8,113.0,23.7,sedang,2026-09-12,83.7,tidak sehat,2026-09-13,79.5,tidak sehat,0,0,18.7,SIAGA,diperkirakan besok tidak sehat; dan masih buruk lusa
Rantau Kalis,village,KALIMANTAN BARAT,0.6,112.9,23.7,sedang,2026-09-12,83.7,tidak sehat,2026-09-13,79.5,tidak sehat,0,0,31.0,SIAGA,diperkirakan besok tidak sehat; dan masih buruk lusa
Suka Maju,village,KALIMANTAN BARAT,0.8,113.1,23.7,sedang,2026-09-12,83.7,tidak sehat,2026-09-13,79.5,tidak sehat,0,0,31.0,SIAGA,diperkirakan besok tidak sehat; dan masih buruk lusa
Nanga Sambus,village,KALIMANTAN BARAT,0.9,113.0,23.7,sedang,2026-09-12,83.7,tidak sehat,2026-09-13,79.5,tidak sehat,0,0,18.7,SIAGA,diperkirakan besok tidak sehat; dan masih buruk lusa
Teluk Sindur,village,KALIMANTAN BARAT,0.8,112.9,23.7,sedang,2026-09-12,83.7,tidak sehat,2026-09-13,79.5,tidak sehat,0,0,18.7,SIAGA,diperkirakan besok tidak sehat; dan masih buruk lusa
Cempaka Baru,village,KALIMANTAN BARAT,0.8,113.1,23.7,sedang,2026-09-12,83.7,tidak sehat,2026-09-13,79.5,tidak sehat,0,0,31.0,SIAGA,diperkirakan besok tidak sehat; dan masih buruk lusa
Kedamin Hulu,suburb,KALIMANTAN BARAT,0.8,112.9,23.7,sedang,2026-09-12,83.7,tidak sehat,2026-09-13,79.5,tidak sehat,0,0,18.7,SIAGA,diperkirakan besok tidak sehat; dan masih buruk lusa
Nanga Sebintang,village,KALIMANTAN BARAT,0.7,113.0,23.7,sedang,2026-09-12,83.7,tidak sehat,2026-09-13,79.5,tidak sehat,0,0,31.0,SIAGA,diperkirakan besok tidak sehat; dan masih buruk lusa
Nanga Danau,village,KALIMANTAN BARAT,0.6,112.9,23.7,sedang,2026-09-12,83.7,tidak sehat,2026-09-13,79.5,tidak sehat,0,0,31.0,SIAGA,diperkirakan besok tidak sehat; dan masih buruk lusa
Hilir Kantor,suburb,KALIMANTAN BARAT,0.9,112.9,23.7,sedang,2026-09-12,83.7,tidak sehat,2026-09-13,79.5,tidak sehat,0,0,18.7,SIAGA,diperkirakan besok tidak sehat; dan masih buruk lusa
Jaras,village,KALIMANTAN BARAT,0.8,112.9,23.7,sedang,2026-09-12,83.7,tidak sehat,2026-09-13,79.5,tidak sehat,0,0,18.7,SIAGA,diperkirakan besok tidak sehat; dan masih buruk lusa
Nanga Awin,village,KALIMANTAN BARAT,1.0,112.9,23.7,sedang,2026-09-12,83.7,tidak sehat,2026-09-13,79.5,tidak sehat,0,0,23.7,SIAGA,diperkirakan besok tidak sehat; dan masih buruk lusa
Nanga Raun,village,KALIMANTAN BARAT,0.7,113.1,23.7,sedang,2026-09-12,83.7,tidak sehat,2026-09-13,79.5,tidak sehat,0,0,31.0,SIAGA,diperkirakan besok tidak sehat; dan masih buruk lusa
Sungai Uluk,village,KALIMANTAN BARAT,0.9,112.9,23.7,sedang,2026-09-12,83.7,tidak sehat,2026-09-13,79.5,tidak sehat,0,0,18.7,SIAGA,diperkirakan besok tidak sehat; dan masih buruk lusa
Nanga Tubuk,village,KALIMANTAN BARAT,0.6,112.9,23.7,sedang,2026-09-12,83.7,tidak sehat,2026-09-13,79.5,tidak sehat,0,0,31.0,SIAGA,diperkirakan besok tidak sehat; dan masih buruk lusa
Jaras Satu,hamlet,KALIMANTAN BARAT,0.9,112.9,23.7,sedang,2026-09-12,83.7,tidak sehat,2026-09-13,79.5,tidak sehat,0,0,18.7,SIAGA,diperkirakan besok tidak sehat; dan masih buruk lusa
Melapi 2,hamlet,KALIMANTAN BARAT,0.8,113.0,23.7,sedang,2026-09-12,83.7,tidak sehat,2026-09-13,79.5,tidak sehat,0,0,18.7,SIAGA,diperkirakan besok tidak sehat; dan masih buruk lusa
Melapi 3,hamlet,KALIMANTAN BARAT,0.8,113.0,23.7,sedang,2026-09-12,83.7,tidak sehat,2026-09-13,79.5,tidak sehat,0,0,18.7,SIAGA,diperkirakan besok tidak sehat; dan masih buruk lusa
Melapi 4,hamlet,KALIMANTAN BARAT,0.8,113.0,23.7,sedang,2026-09-12,83.7,tidak sehat,2026-09-13,79.5,tidak sehat,0,0,18.7,SIAGA,diperkirakan besok tidak sehat; dan masih buruk lusa
Melapi 5,hamlet,KALIMANTAN BARAT,0.8,113.0,23.7,sedang,2026-09-12,83.7,tidak sehat,2026-09-13,79.5,tidak sehat,0,0,18.7,SIAGA,diperkirakan besok tidak sehat; dan masih buruk lusa
Mupa,hamlet,KALIMANTAN BARAT,0.9,112.9,23.7,sedang,2026-09-12,83.7,tidak sehat,2026-09-13,79.5,tidak sehat,0,0,18.7,SIAGA,diperkirakan besok tidak sehat; dan masih buruk lusa
Sauwe,hamlet,KALIMANTAN BARAT,0.8,113.0,23.7,sedang,2026-09-12,83.7,tidak sehat,2026-09-13,79.5,tidak sehat,0,0,18.7,SIAGA,diperkirakan besok tidak sehat; dan masih buruk lusa
Sibau Hilir,village,KALIMANTAN BARAT,0.9,112.9,23.7,sedang,2026-09-12,83.7,tidak sehat,2026-09-13,79.5,tidak sehat,0,0,18.7,SIAGA,diperkirakan besok tidak sehat; dan masih buruk lusa
Sibau Hulu,village,KALIMANTAN BARAT,1.0,112.9,23.7,sedang,2026-09-12,83.7,tidak sehat,2026-09-13,79.5,tidak sehat,0,0,18.7,SIAGA,diperkirakan besok tidak sehat; dan masih buruk lusa
Tanjung Jati,village,KALIMANTAN BARAT,0.9,112.9,23.7,sedang,2026-09-12,83.7,tidak sehat,2026-09-13,79.5,tidak sehat,0,0,18.7,SIAGA,diperkirakan besok tidak sehat; dan masih buruk lusa
Ariung Mendalam,village,KALIMANTAN BARAT,0.9,113.0,23.7,sedang,2026-09-12,83.7,tidak sehat,2026-09-13,79.5,tidak sehat,0,0,18.7,SIAGA,diperkirakan besok tidak sehat; dan masih buruk lusa
Bika Hulu,village,KALIMANTAN BARAT,0.8,112.9,23.7,sedang,2026-09-12,83.7,tidak sehat,2026-09-13,79.5,tidak sehat,0,0,23.7,SIAGA,diperkirakan besok tidak sehat; dan masih buruk lusa
Danum Doro,hamlet,KALIMANTAN BARAT,0.8,113.1,23.7,sedang,2026-09-12,83.7,tidak sehat,2026-09-13,79.5,tidak sehat,0,0,18.7,SIAGA,diperkirakan besok tidak sehat; dan masih buruk lusa
Datah Dian,village,KALIMANTAN BARAT,0.9,113.0,23.7,sedang,2026-09-12,83.7,tidak sehat,2026-09-13,79.5,tidak sehat,0,0,18.7,SIAGA,diperkirakan besok tidak sehat; dan masih buruk lusa
Kedamin Darat,village,KALIMANTAN BARAT,0.8,112.9,23.7,sedang,2026-09-12,83.7,tidak sehat,2026-09-13,79.5,tidak sehat,0,0,18.7,SIAGA,diperkirakan besok tidak sehat; dan masih buruk lusa
Landau Ipoh,hamlet,KALIMANTAN BARAT,1.0,112.9,23.7,sedang,2026-09-12,83.7,tidak sehat,2026-09-13,79.5,tidak sehat,0,0,18.7,SIAGA,diperkirakan besok tidak sehat; dan masih buruk lusa
Long Miting,hamlet,KALIMANTAN BARAT,0.9,113.0,23.7,sedang,2026-09-12,83.7,tidak sehat,2026-09-13,79.5,tidak sehat,0,0,18.7,SIAGA,diperkirakan besok tidak sehat; dan masih buruk lusa
Lunsa Yandunge,hamlet,KALIMANTAN BARAT,0.8,113.1,23.7,sedang,2026-09-12,83.7,tidak sehat,2026-09-13,79.5,tidak sehat,0,0,18.7,SIAGA,diperkirakan besok tidak sehat; dan masih buruk lusa
Nanga Potan,hamlet,KALIMANTAN BARAT,1.0,113.0,23.7,sedang,2026-09-12,83.7,tidak sehat,2026-09-13,79.5,tidak sehat,0,0,18.7,SIAGA,diperkirakan besok tidak sehat; dan masih buruk lusa
Teluk Telaga,hamlet,KALIMANTAN BARAT,0.9,113.0,23.7,sedang,2026-09-12,83.7,tidak sehat,2026-09-13,79.5,tidak sehat,0,0,18.7,SIAGA,diperkirakan besok tidak sehat; dan masih buruk lusa
Padua Mendalam,village,KALIMANTAN BARAT,0.9,113.0,23.7,sedang,2026-09-12,83.7,tidak sehat,2026-09-13,79.5,tidak sehat,0,0,18.7,SIAGA,diperkirakan besok tidak sehat; dan masih buruk lusa
Padua Mendalam,hamlet,KALIMANTAN BARAT,0.9,113.0,23.7,sedang,2026-09-12,83.7,tidak sehat,2026-09-13,79.5,tidak sehat,0,0,18.7,SIAGA,diperkirakan besok tidak sehat; dan masih buruk lusa
Pulau Lunsara,hamlet,KALIMANTAN BARAT,0.8,113.1,23.7,sedang,2026-09-12,83.7,tidak sehat,2026-09-13,79.5,tidak sehat,0,0,31.0,SIAGA,diperkirakan besok tidak sehat; dan masih buruk lusa
Pulau Sayat,hamlet,KALIMANTAN BARAT,0.8,113.1,23.7,sedang,2026-09-12,83.7,tidak sehat,2026-09-13,79.5,tidak sehat,0,0,18.7,SIAGA,diperkirakan besok tidak sehat; dan masih buruk lusa
Seluan,village,KALIMANTAN BARAT,1.0,112.9,23.7,sedang,2026-09-12,83.7,tidak sehat,2026-09-13,79.5,tidak sehat,0,0,23.7,SIAGA,diperkirakan besok tidak sehat; dan masih buruk lusa
Tanjung Beruang,village,KALIMANTAN BARAT,0.9,112.9,23.7,sedang,2026-09-12,83.7,tidak sehat,2026-09-13,79.5,tidak sehat,0,0,23.7,SIAGA,diperkirakan besok tidak sehat; dan masih buruk lusa
Tanjung Karang,village,KALIMANTAN BARAT,0.9,113.0,23.7,sedang,2026-09-12,83.7,tidak sehat,2026-09-13,79.5,tidak sehat,0,0,18.7,SIAGA,diperkirakan besok tidak sehat; dan masih buruk lusa
Tanjung Karang,hamlet,KALIMANTAN BARAT,0.9,113.0,23.7,sedang,2026-09-12,83.7,tidak sehat,2026-09-13,79.5,tidak sehat,0,0,18.7,SIAGA,diperkirakan besok tidak sehat; dan masih buruk lusa
Tanjung Lansa,hamlet,KALIMANTAN BARAT,1.0,113.0,23.7,sedang,2026-09-12,83.7,tidak sehat,2026-09-13,79.5,tidak sehat,0,0,18.7,SIAGA,diperkirakan besok tidak sehat; dan masih buruk lusa
Urang Unsa,village,KALIMANTAN BARAT,0.8,113.1,23.7,sedang,2026-09-12,83.7,tidak sehat,2026-09-13,79.5,tidak sehat,0,0,18.7,SIAGA,diperkirakan besok tidak sehat; dan masih buruk lusa
Bolong Ae' Ariung,hamlet,KALIMANTAN BARAT,0.9,113.0,23.7,sedang,2026-09-12,83.7,tidak sehat,2026-09-13,79.5,tidak sehat,0,0,18.7,SIAGA,diperkirakan besok tidak sehat; dan masih buruk lusa
Long Hatung,hamlet,KALIMANTAN BARAT,0.9,113.0,23.7,sedang,2026-09-12,83.7,tidak sehat,2026-09-13,79.5,tidak sehat,0,0,18.7,SIAGA,diperkirakan besok tidak sehat; dan masih buruk lusa
Masuling,hamlet,KALIMANTAN BARAT,0.9,113.0,23.7,sedang,2026-09-12,83.7,tidak sehat,2026-09-13,79.5,tidak sehat,0,0,18.7,SIAGA,diperkirakan besok tidak sehat; dan masih buruk lusa
Sinsiung Amas Tilalo,hamlet,KALIMANTAN BARAT,0.9,113.0,23.7,sedang,2026-09-12,83.7,tidak sehat,2026-09-13,79.5,tidak sehat,0,0,18.7,SIAGA,diperkirakan besok tidak sehat; dan masih buruk lusa
Kereho,village,KALIMANTAN BARAT,0.8,113.3,23.7,sedang,2026-09-12,83.7,tidak sehat,2026-09-13,79.5,tidak sehat,0,0,31.0,SIAGA,diperkirakan besok tidak sehat; dan masih buruk lusa
Lubuk Mantuk,hamlet,KALIMANTAN BARAT,0.6,112.9,23.7,sedang,2026-09-12,83.7,tidak sehat,2026-09-13,79.5,tidak sehat,0,0,31.0,SIAGA,diperkirakan besok tidak sehat; dan masih buruk lusa
Ribang Kadeng,village,KALIMANTAN BARAT,0.7,113.0,23.7,sedang,2026-09-12,83.7,tidak sehat,2026-09-13,79.5,tidak sehat,0,0,31.0,SIAGA,diperkirakan besok tidak sehat; dan masih buruk lusa
Peniung,village,KALIMANTAN BARAT,0.6,113.0,23.7,sedang,2026-09-12,83.7,tidak sehat,2026-09-13,79.5,tidak sehat,0,0,31.0,SIAGA,diperkirakan besok tidak sehat; dan masih buruk lusa
Nanga Lebangan,village,KALIMANTAN BARAT,0.7,113.0,23.7,sedang,2026-09-12,83.7,tidak sehat,2026-09-13,79.5,tidak sehat,0,0,31.0,SIAGA,diperkirakan besok tidak sehat; dan masih buruk lusa
Segiam,village,KALIMANTAN BARAT,0.7,113.0,23.7,sedang,2026-09-12,83.7,tidak sehat,2026-09-13,79.5,tidak sehat,0,0,31.0,SIAGA,diperkirakan besok tidak sehat; dan masih buruk lusa
Tapang Da'an,village,KALIMANTAN BARAT,0.7,113.1,23.7,sedang,2026-09-12,83.7,tidak sehat,2026-09-13,79.5,tidak sehat,0,0,31.0,SIAGA,diperkirakan besok tidak sehat; dan masih buruk lusa
Semerantau,village,KALIMANTAN BARAT,0.7,113.0,23.7,sedang,2026-09-12,83.7,tidak sehat,2026-09-13,79.5,tidak sehat,0,0,31.0,SIAGA,diperkirakan besok tidak sehat; dan masih buruk lusa
Rantau Bumbun,village,KALIMANTAN BARAT,0.7,113.1,23.7,sedang,2026-09-12,83.7,tidak sehat,2026-09-13,79.5,tidak sehat,0,0,31.0,SIAGA,diperkirakan besok tidak sehat; dan masih buruk lusa
Tekudak,village,KALIMANTAN BARAT,0.6,112.9,23.7,sedang,2026-09-12,83.7,tidak sehat,2026-09-13,79.5,tidak sehat,0,0,31.0,SIAGA,diperkirakan besok tidak sehat; dan masih buruk lusa
Kalis Raya,village,KALIMANTAN BARAT,0.7,112.9,23.7,sedang,2026-09-12,83.7,tidak sehat,2026-09-13,79.5,tidak sehat,0,0,31.0,SIAGA,diperkirakan besok tidak sehat; dan masih buruk lusa
Nanga Kalis,village,KALIMANTAN BARAT,0.7,112.9,23.7,sedang,2026-09-12,83.7,tidak sehat,2026-09-13,79.5,tidak sehat,0,0,31.0,SIAGA,diperkirakan besok tidak sehat; dan masih buruk lusa
Jongkong Manday,village,KALIMANTAN BARAT,0.7,112.9,23.7,sedang,2026-09-12,83.7,tidak sehat,2026-09-13,79.5,tidak sehat,0,0,31.0,SIAGA,diperkirakan besok tidak sehat; dan masih buruk lusa
Kalasin,village,KALIMANTAN TENGAH,0.3,114.3,22.9,sedang,2026-09-12,64.3,tidak sehat,2026-09-13,64.8,tidak sehat,0,0,16.6,SIAGA,diperkirakan besok tidak sehat; dan masih buruk lusa
Tumbang Jojang,village,KALIMANTAN TENGAH,0.1,113.9,22.9,sedang,2026-09-12,64.3,tidak sehat,2026-09-13,64.8,tidak sehat,0,0,30.4,SIAGA,diperkirakan besok tidak sehat; dan masih buruk lusa
Dusun Teronoi,hamlet,KALIMANTAN TENGAH,0.3,113.9,22.9,sedang,2026-09-12,64.3,tidak sehat,2026-09-13,64.8,tidak sehat,0,0,30.4,SIAGA,diperkirakan besok tidak sehat; dan masih buruk lusa
Menua Sadap,village,KALIMANTAN BARAT,1.2,112.4,21.1,sedang,2026-09-12,80.9,tidak sehat,2026-09-13,75.9,tidak sehat,0,0,49.5,SIAGA,diperkirakan besok tidak sehat; dan masih buruk lusa
Pulau Manak,village,KALIMANTAN BARAT,1.1,112.4,21.1,sedang,2026-09-12,80.9,tidak sehat,2026-09-13,75.9,tidak sehat,0,0,49.5,SIAGA,diperkirakan besok tidak sehat; dan masih buruk lusa
Langan Baru,village,KALIMANTAN BARAT,1.1,112.5,21.1,sedang,2026-09-12,80.9,tidak sehat,2026-09-13,75.9,tidak sehat,0,0,23.7,SIAGA,diperkirakan besok tidak sehat; dan masih buruk lusa
Saujung Giling Manik,village,KALIMANTAN BARAT,1.1,112.5,21.1,sedang,2026-09-12,80.9,tidak sehat,2026-09-13,75.9,tidak sehat,0,0,23.7,SIAGA,diperkirakan besok tidak sehat; dan masih buruk lusa
Banua Martinus,village,KALIMANTAN BARAT,1.1,112.4,21.1,sedang,2026-09-12,80.9,tidak sehat,2026-09-13,75.9,tidak sehat,0,0,23.7,SIAGA,diperkirakan besok tidak sehat; dan masih buruk lusa
Ulak Pauk,village,KALIMANTAN BARAT,1.1,112.5,21.1,sedang,2026-09-12,80.9,tidak sehat,2026-09-13,75.9,tidak sehat,0,0,23.7,SIAGA,diperkirakan besok tidak sehat; dan masih buruk lusa
Rantau Prapat,village,KALIMANTAN BARAT,1.3,112.8,21.1,sedang,2026-09-12,80.9,tidak sehat,2026-09-13,75.9,tidak sehat,0,0,13.2,SIAGA,diperkirakan besok tidak sehat; dan masih buruk lusa
Banua Ujung,village,KALIMANTAN BARAT,1.1,112.4,21.1,sedang,2026-09-12,80.9,tidak sehat,2026-09-13,75.9,tidak sehat,0,0,23.7,SIAGA,diperkirakan besok tidak sehat; dan masih buruk lusa
Sungai Uluk Palin,village,KALIMANTAN BARAT,1.1,112.8,21.1,sedang,2026-09-12,80.9,tidak sehat,2026-09-13,75.9,tidak sehat,0,0,23.7,SIAGA,diperkirakan besok tidak sehat; dan masih buruk lusa
Apan,hamlet,KALIMANTAN BARAT,1.1,112.5,21.1,sedang,2026-09-12,80.9,tidak sehat,2026-09-13,75.9,tidak sehat,0,0,23.7,SIAGA,diperkirakan besok tidak sehat; dan masih buruk lusa
Belimbis,hamlet,KALIMANTAN BARAT,1.1,112.4,21.1,sedang,2026-09-12,80.9,tidak sehat,2026-09-13,75.9,tidak sehat,0,0,49.5,SIAGA,diperkirakan besok tidak sehat; dan masih buruk lusa
Bukung,hamlet,KALIMANTAN BARAT,1.1,112.4,21.1,sedang,2026-09-12,80.9,tidak sehat,2026-09-13,75.9,tidak sehat,0,0,49.5,SIAGA,diperkirakan besok tidak sehat; dan masih buruk lusa
Karangan Bunut,hamlet,KALIMANTAN BARAT,1.2,112.4,21.1,sedang,2026-09-12,80.9,tidak sehat,2026-09-13,75.9,tidak sehat,0,0,49.5,SIAGA,diperkirakan besok tidak sehat; dan masih buruk lusa
Kelayam,hamlet,KALIMANTAN BARAT,1.1,112.4,21.1,sedang,2026-09-12,80.9,tidak sehat,2026-09-13,75.9,tidak sehat,0,0,49.5,SIAGA,diperkirakan besok tidak sehat; dan masih buruk lusa
Keraam,hamlet,KALIMANTAN BARAT,1.1,112.4,21.1,sedang,2026-09-12,80.9,tidak sehat,2026-09-13,75.9,tidak sehat,0,0,49.5,SIAGA,diperkirakan besok tidak sehat; dan masih buruk lusa
Kerangkang,hamlet,KALIMANTAN BARAT,1.1,112.4,21.1,sedang,2026-09-12,80.9,tidak sehat,2026-09-13,75.9,tidak sehat,0,0,23.7,SIAGA,diperkirakan besok tidak sehat; dan masih buruk lusa
Madang,hamlet,KALIMANTAN BARAT,1.2,112.4,21.1,sedang,2026-09-12,80.9,tidak sehat,2026-09-13,75.9,tidak sehat,0,0,49.5,SIAGA,diperkirakan besok tidak sehat; dan masih buruk lusa
Nanga Liuk,hamlet,KALIMANTAN BARAT,1.1,112.4,21.1,sedang,2026-09-12,80.9,tidak sehat,2026-09-13,75.9,tidak sehat,0,0,23.7,SIAGA,diperkirakan besok tidak sehat; dan masih buruk lusa
Nanga Sungai,hamlet,KALIMANTAN BARAT,1.1,112.4,21.1,sedang,2026-09-12,80.9,tidak sehat,2026-09-13,75.9,tidak sehat,0,0,23.7,SIAGA,diperkirakan besok tidak sehat; dan masih buruk lusa
Paat,hamlet,KALIMANTAN BARAT,1.1,112.5,21.1,sedang,2026-09-12,80.9,tidak sehat,2026-09-13,75.9,tidak sehat,0,0,23.7,SIAGA,diperkirakan besok tidak sehat; dan masih buruk lusa
Pinjawan,hamlet,KALIMANTAN BARAT,1.1,112.4,21.1,sedang,2026-09-12,80.9,tidak sehat,2026-09-13,75.9,tidak sehat,0,0,49.5,SIAGA,diperkirakan besok tidak sehat; dan masih buruk lusa
Sadap,hamlet,KALIMANTAN BARAT,1.2,112.4,21.1,sedang,2026-09-12,80.9,tidak sehat,2026-09-13,75.9,tidak sehat,0,0,49.5,SIAGA,diperkirakan besok tidak sehat; dan masih buruk lusa
Sungai Tebelian,hamlet,KALIMANTAN BARAT,1.1,112.5,21.1,sedang,2026-09-12,80.9,tidak sehat,2026-09-13,75.9,tidak sehat,0,0,23.7,SIAGA,diperkirakan besok tidak sehat; dan masih buruk lusa
Talas,hamlet,KALIMANTAN BARAT,1.1,112.4,21.1,sedang,2026-09-12,80.9,tidak sehat,2026-09-13,75.9,tidak sehat,0,0,49.5,SIAGA,diperkirakan besok tidak sehat; dan masih buruk lusa
Tamao,village,KALIMANTAN BARAT,1.1,112.4,21.1,sedang,2026-09-12,80.9,tidak sehat,2026-09-13,75.9,tidak sehat,0,0,23.7,SIAGA,diperkirakan besok tidak sehat; dan masih buruk lusa
Teliyai,hamlet,KALIMANTAN BARAT,1.1,112.4,21.1,sedang,2026-09-12,80.9,tidak sehat,2026-09-13,75.9,tidak sehat,0,0,23.7,SIAGA,diperkirakan besok tidak sehat; dan masih buruk lusa
Ulak Batu,hamlet,KALIMANTAN BARAT,1.1,112.4,21.1,sedang,2026-09-12,80.9,tidak sehat,2026-09-13,75.9,tidak sehat,0,0,23.7,SIAGA,diperkirakan besok tidak sehat; dan masih buruk lusa
Ulak Pauk,hamlet,KALIMANTAN BARAT,1.1,112.5,21.1,sedang,2026-09-12,80.9,tidak sehat,2026-09-13,75.9,tidak sehat,0,0,23.7,SIAGA,diperkirakan besok tidak sehat; dan masih buruk lusa
Rantau Prapat,village,KALIMANTAN BARAT,1.1,112.6,21.1,sedang,2026-09-12,80.9,tidak sehat,2026-09-13,75.9,tidak sehat,0,0,23.7,SIAGA,diperkirakan besok tidak sehat; dan masih buruk lusa
Sungai Utik,hamlet,KALIMANTAN BARAT,1.1,112.6,21.1,sedang,2026-09-12,80.9,tidak sehat,2026-09-13,75.9,tidak sehat,0,0,23.7,SIAGA,diperkirakan besok tidak sehat; dan masih buruk lusa
Batu Lintang,village,KALIMANTAN BARAT,1.1,112.6,21.1,sedang,2026-09-12,80.9,tidak sehat,2026-09-13,75.9,tidak sehat,0,0,23.7,SIAGA,diperkirakan besok tidak sehat; dan masih buruk lusa
Pulan,hamlet,KALIMANTAN BARAT,1.1,112.5,21.1,sedang,2026-09-12,80.9,tidak sehat,2026-09-13,75.9,tidak sehat,0,0,23.7,SIAGA,diperkirakan besok tidak sehat; dan masih buruk lusa
Toba,village,KALIMANTAN BARAT,1.4,112.6,21.1,sedang,2026-09-12,80.9,tidak sehat,2026-09-13,75.9,tidak sehat,0,0,13.2,SIAGA,diperkirakan besok tidak sehat; dan masih buruk lusa
Tanjunglokang,village,KALIMANTAN BARAT,0.7,113.5,18.7,sedang,2026-09-12,64.6,tidak sehat,2026-09-13,63.5,tidak sehat,0,0,31.0,SIAGA,diperkirakan besok tidak sehat; dan masih buruk lusa
Beringin Jaya,village,KALIMANTAN BARAT,1.0,113.5,18.7,sedang,2026-09-12,64.6,tidak sehat,2026-09-13,63.5,tidak sehat,0,0,16.3,SIAGA,diperkirakan besok tidak sehat; dan masih buruk lusa
Bungan Jaya,village,KALIMANTAN BARAT,1.0,113.6,18.7,sedang,2026-09-12,64.6,tidak sehat,2026-09-13,63.5,tidak sehat,0,0,16.3,SIAGA,diperkirakan besok tidak sehat; dan masih buruk lusa
Sepan Kareho,village,KALIMANTAN BARAT,0.8,113.4,18.7,sedang,2026-09-12,64.6,tidak sehat,2026-09-13,63.5,tidak sehat,0,0,31.0,SIAGA,diperkirakan besok tidak sehat; dan masih buruk lusa
Sibau Hulu,village,KALIMANTAN BARAT,1.3,113.0,13.2,baik,2026-09-12,69.2,tidak sehat,2026-09-13,66.3,tidak sehat,0,0,18.7,SIAGA,diperkirakan besok tidak sehat; dan masih buruk lusa
Datah Dian,village,KALIMANTAN BARAT,1.2,113.2,13.2,baik,2026-09-12,69.2,tidak sehat,2026-09-13,66.3,tidak sehat,0,0,18.7,SIAGA,diperkirakan besok tidak sehat; dan masih buruk lusa
Palangka Raya,city,KALIMANTAN TENGAH,-2.2,113.9,547.6,berbahaya,2026-09-12,422.1,berbahaya,2026-09-13,476.1,berbahaya,0,0,103.9,SIAGA TINGGI,diperkirakan besok berbahaya; dan masih buruk lusa
Pahandut Seberang,village,KALIMANTAN TENGAH,-2.2,113.9,547.6,berbahaya,2026-09-12,422.1,berbahaya,2026-09-13,476.1,berbahaya,0,0,103.9,SIAGA TINGGI,diperkirakan besok berbahaya; dan masih buruk lusa
Penda Barania,village,KALIMANTAN TENGAH,-2.1,113.9,547.6,berbahaya,2026-09-12,422.1,berbahaya,2026-09-13,476.1,berbahaya,0,0,103.9,SIAGA TINGGI,diperkirakan besok berbahaya; dan masih buruk lusa
Kalampangan,village,KALIMANTAN TENGAH,-2.3,114.0,547.6,berbahaya,2026-09-12,422.1,berbahaya,2026-09-13,476.1,berbahaya,0,0,103.9,SIAGA TINGGI,diperkirakan besok berbahaya; dan masih buruk lusa
Danau Tundai,village,KALIMANTAN TENGAH,-2.2,114.0,547.6,berbahaya,2026-09-12,422.1,berbahaya,2026-09-13,476.1,berbahaya,0,0,103.9,SIAGA TINGGI,diperkirakan besok berbahaya; dan masih buruk lusa
Pahandut,village,KALIMANTAN TENGAH,-2.2,113.9,547.6,berbahaya,2026-09-12,422.1,berbahaya,2026-09-13,476.1,berbahaya,0,0,103.9,SIAGA TINGGI,diperkirakan besok berbahaya; dan masih buruk lusa
Sigi,village,KALIMANTAN TENGAH,-2.0,113.9,547.6,berbahaya,2026-09-12,422.1,berbahaya,2026-09-13,476.1,berbahaya,0,0,103.9,SIAGA TINGGI,diperkirakan besok berbahaya; dan masih buruk lusa
Tumbang Rungan,village,KALIMANTAN TENGAH,-2.2,113.9,547.6,berbahaya,2026-09-12,422.1,berbahaya,2026-09-13,476.1,berbahaya,0,0,103.9,SIAGA TINGGI,diperkirakan besok berbahaya; dan masih buruk lusa
Bahu Palawa,village,KALIMANTAN TENGAH,-2.0,114.0,547.6,berbahaya,2026-09-12,422.1,berbahaya,2026-09-13,476.1,berbahaya,0,0,103.9,SIAGA TINGGI,diperkirakan besok berbahaya; dan masih buruk lusa
Bukit Tunggal,village,KALIMANTAN TENGAH,-2.2,113.9,547.6,berbahaya,2026-09-12,422.1,berbahaya,2026-09-13,476.1,berbahaya,0,0,103.9,SIAGA TINGGI,diperkirakan besok berbahaya; dan masih buruk lusa
Tumbang Nusa,village,KALIMANTAN TENGAH,-2.4,114.1,547.6,berbahaya,2026-09-12,422.1,berbahaya,2026-09-13,476.1,berbahaya,0,0,57.4,SIAGA TINGGI,diperkirakan besok berbahaya; dan masih buruk lusa
Kereng Bangkirai,village,KALIMANTAN TENGAH,-2.3,113.9,547.6,berbahaya,2026-09-12,422.1,berbahaya,2026-09-13,476.1,berbahaya,0,0,103.9,SIAGA TINGGI,diperkirakan besok berbahaya; dan masih buruk lusa
Bukit Rawi,village,KALIMANTAN TENGAH,-2.1,113.9,547.6,berbahaya,2026-09-12,422.1,berbahaya,2026-09-13,476.1,berbahaya,0,0,103.9,SIAGA TINGGI,diperkirakan besok berbahaya; dan masih buruk lusa
Kameloh Baru,village,KALIMANTAN TENGAH,-2.3,114.1,547.6,berbahaya,2026-09-12,422.1,berbahaya,2026-09-13,476.1,berbahaya,0,0,103.9,SIAGA TINGGI,diperkirakan besok berbahaya; dan masih buruk lusa
Petuk Liti,village,KALIMANTAN TENGAH,-2.0,114.0,547.6,berbahaya,2026-09-12,422.1,berbahaya,2026-09-13,476.1,berbahaya,0,0,103.9,SIAGA TINGGI,diperkirakan besok berbahaya; dan masih buruk lusa
Menteng,village,KALIMANTAN TENGAH,-2.2,113.9,547.6,berbahaya,2026-09-12,422.1,berbahaya,2026-09-13,476.1,berbahaya,0,0,103.9,SIAGA TINGGI,diperkirakan besok berbahaya; dan masih buruk lusa
Petuk Katimpun,village,KALIMANTAN TENGAH,-2.1,113.9,547.6,berbahaya,2026-09-12,422.1,berbahaya,2026-09-13,476.1,berbahaya,0,0,103.9,SIAGA TINGGI,diperkirakan besok berbahaya; dan masih buruk lusa
Panarung,village,KALIMANTAN TENGAH,-2.2,113.9,547.6,berbahaya,2026-09-12,422.1,berbahaya,2026-09-13,476.1,berbahaya,0,0,103.9,SIAGA TINGGI,diperkirakan besok berbahaya; dan masih buruk lusa
Tanjung Pinang,village,KALIMANTAN TENGAH,-2.2,114.0,547.6,berbahaya,2026-09-12,422.1,berbahaya,2026-09-13,476.1,berbahaya,0,0,103.9,SIAGA TINGGI,diperkirakan besok berbahaya; dan masih buruk lusa
Sabaru,village,KALIMANTAN TENGAH,-2.3,113.9,547.6,berbahaya,2026-09-12,422.1,berbahaya,2026-09-13,476.1,berbahaya,0,0,103.9,SIAGA TINGGI,diperkirakan besok berbahaya; dan masih buruk lusa
Tanjung Sangalang,village,KALIMANTAN TENGAH,-2.2,113.9,547.6,berbahaya,2026-09-12,422.1,berbahaya,2026-09-13,476.1,berbahaya,0,0,103.9,SIAGA TINGGI,diperkirakan besok berbahaya; dan masih buruk lusa
Lahei Mangkutup,village,KALIMANTAN TENGAH,-2.0,114.2,547.6,berbahaya,2026-09-12,422.1,berbahaya,2026-09-13,476.1,berbahaya,0,0,57.4,SIAGA TINGGI,diperkirakan besok berbahaya; dan masih buruk lusa
Tuwung,village,KALIMANTAN TENGAH,-2.1,113.9,547.6,berbahaya,2026-09-12,422.1,berbahaya,2026-09-13,476.1,berbahaya,0,0,103.9,SIAGA TINGGI,diperkirakan besok berbahaya; dan masih buruk lusa
Bereng Bengkel,village,KALIMANTAN TENGAH,-2.3,114.0,547.6,berbahaya,2026-09-12,422.1,berbahaya,2026-09-13,476.1,berbahaya,0,0,103.9,SIAGA TINGGI,diperkirakan besok berbahaya; dan masih buruk lusa
Bukit Liti,village,KALIMANTAN TENGAH,-2.0,113.9,547.6,berbahaya,2026-09-12,422.1,berbahaya,2026-09-13,476.1,berbahaya,0,0,103.9,SIAGA TINGGI,diperkirakan besok berbahaya; dan masih buruk lusa
Palangka,village,KALIMANTAN TENGAH,-2.2,113.9,547.6,berbahaya,2026-09-12,422.1,berbahaya,2026-09-13,476.1,berbahaya,0,0,103.9,SIAGA TINGGI,diperkirakan besok berbahaya; dan masih buruk lusa
Langkai,village,KALIMANTAN TENGAH,-2.2,113.9,547.6,berbahaya,2026-09-12,422.1,berbahaya,2026-09-13,476.1,berbahaya,0,0,103.9,SIAGA TINGGI,diperkirakan besok berbahaya; dan masih buruk lusa
Tanjung Taruna,village,KALIMANTAN TENGAH,-2.3,114.1,547.6,berbahaya,2026-09-12,422.1,berbahaya,2026-09-13,476.1,berbahaya,0,0,103.9,SIAGA TINGGI,diperkirakan besok berbahaya; dan masih buruk lusa
Tabore,village,KALIMANTAN TENGAH,-2.0,114.2,547.6,berbahaya,2026-09-12,422.1,berbahaya,2026-09-13,476.1,berbahaya,0,0,57.4,SIAGA TINGGI,diperkirakan besok berbahaya; dan masih buruk lusa
Telaga Arum,village,KALIMANTAN BARAT,-0.9,109.9,485.7,berbahaya,2026-09-12,363.6,berbahaya,2026-09-13,372.8,berbahaya,0,0,355.3,SIAGA TINGGI,diperkirakan besok berbahaya; dan masih buruk lusa; asap tebal 60 km di arah angin (355)
Kampar Sebomban,village,KALIMANTAN BARAT,-0.6,110.0,485.7,berbahaya,2026-09-12,363.6,berbahaya,2026-09-13,372.8,berbahaya,0,0,69.5,SIAGA TINGGI,diperkirakan besok berbahaya; dan masih buruk lusa
Sungai Sepeti,village,KALIMANTAN BARAT,-0.9,109.9,485.7,berbahaya,2026-09-12,363.6,berbahaya,2026-09-13,372.8,berbahaya,0,0,355.3,SIAGA TINGGI,diperkirakan besok berbahaya; dan masih buruk lusa; asap tebal 60 km di arah angin (355)
Durian Sebatang,village,KALIMANTAN BARAT,-0.8,109.9,485.7,berbahaya,2026-09-12,363.6,berbahaya,2026-09-13,372.8,berbahaya,0,0,60.9,SIAGA TINGGI,diperkirakan besok berbahaya; dan masih buruk lusa
Batu Daya,village,KALIMANTAN BARAT,-0.9,110.3,485.7,berbahaya,2026-09-12,363.6,berbahaya,2026-09-13,372.8,berbahaya,0,0,60.9,SIAGA TINGGI,diperkirakan besok berbahaya; dan masih buruk lusa
Labai Hilir,village,KALIMANTAN BARAT,-0.5,110.0,485.7,berbahaya,2026-09-12,363.6,berbahaya,2026-09-13,372.8,berbahaya,0,0,69.5,SIAGA TINGGI,diperkirakan besok berbahaya; dan masih buruk lusa
Kamora,village,KALIMANTAN BARAT,-0.8,110.3,485.7,berbahaya,2026-09-12,363.6,berbahaya,2026-09-13,372.8,berbahaya,0,0,60.9,SIAGA TINGGI,diperkirakan besok berbahaya; dan masih buruk lusa
Kualan Hilir,village,KALIMANTAN BARAT,-0.6,110.2,485.7,berbahaya,2026-09-12,363.6,berbahaya,2026-09-13,372.8,berbahaya,0,0,69.5,SIAGA TINGGI,diperkirakan besok berbahaya; dan masih buruk lusa
Rantau Panjang,village,KALIMANTAN BARAT,-1.1,110.0,355.3,berbahaya,2026-09-12,340.8,berbahaya,2026-09-13,348.1,berbahaya,0,0,205.1,SIAGA TINGGI,diperkirakan besok berbahaya; dan masih buruk lusa; asap tebal 60 km di arah angin (205)
Teluk Melano,village,KALIMANTAN BARAT,-1.1,110.0,355.3,berbahaya,2026-09-12,340.8,berbahaya,2026-09-13,348.1,berbahaya,0,0,205.1,SIAGA TINGGI,diperkirakan besok berbahaya; dan masih buruk lusa; asap tebal 60 km di arah angin (205)
Pangkalan Buton,village,KALIMANTAN BARAT,-1.2,110.0,355.3,berbahaya,2026-09-12,340.8,berbahaya,2026-09-13,348.1,berbahaya,0,0,205.1,SIAGA TINGGI,diperkirakan besok berbahaya; dan masih buruk lusa; asap tebal 60 km di arah angin (205)
Penjalaan,village,KALIMANTAN BARAT,-1.1,110.0,355.3,berbahaya,2026-09-12,340.8,berbahaya,2026-09-13,348.1,berbahaya,0,0,205.1,SIAGA TINGGI,diperkirakan besok berbahaya; dan masih buruk lusa; asap tebal 60 km di arah angin (205)
Pemangkat,village,KALIMANTAN BARAT,-1.1,109.9,355.3,berbahaya,2026-09-12,340.8,berbahaya,2026-09-13,348.1,berbahaya,0,0,205.1,SIAGA TINGGI,diperkirakan besok berbahaya; dan masih buruk lusa; asap tebal 60 km di arah angin (205)
Laman Satong,village,KALIMANTAN BARAT,-1.4,110.2,355.3,berbahaya,2026-09-12,340.8,berbahaya,2026-09-13,348.1,berbahaya,0,0,41.2,SIAGA TINGGI,diperkirakan besok berbahaya; dan masih buruk lusa
Harapan Mulia,village,KALIMANTAN BARAT,-1.2,109.9,355.3,berbahaya,2026-09-12,340.8,berbahaya,2026-09-13,348.1,berbahaya,0,0,205.1,SIAGA TINGGI,diperkirakan besok berbahaya; dan masih buruk lusa; asap tebal 60 km di arah angin (205)
Simpang Tiga,village,KALIMANTAN BARAT,-1.4,110.1,355.3,berbahaya,2026-09-12,340.8,berbahaya,2026-09-13,348.1,berbahaya,0,0,41.2,SIAGA TINGGI,diperkirakan besok berbahaya; dan masih buruk lusa
Sejahtera,village,KALIMANTAN BARAT,-1.3,110.0,355.3,berbahaya,2026-09-12,340.8,berbahaya,2026-09-13,348.1,berbahaya,0,0,41.2,SIAGA TINGGI,diperkirakan besok berbahaya; dan masih buruk lusa
Benawai Agung,village,KALIMANTAN BARAT,-1.2,110.0,355.3,berbahaya,2026-09-12,340.8,berbahaya,2026-09-13,348.1,berbahaya,0,0,205.1,SIAGA TINGGI,diperkirakan besok berbahaya; dan masih buruk lusa; asap tebal 60 km di arah angin (205)
Nipah Kuning,village,KALIMANTAN BARAT,-1.1,109.9,355.3,berbahaya,2026-09-12,340.8,berbahaya,2026-09-13,348.1,berbahaya,0,0,205.1,SIAGA TINGGI,diperkirakan besok berbahaya; dan masih buruk lusa; asap tebal 60 km di arah angin (205)
Sungai Mata-Mata,village,KALIMANTAN BARAT,-1.1,110.0,355.3,berbahaya,2026-09-12,340.8,berbahaya,2026-09-13,348.1,berbahaya,0,0,205.1,SIAGA TINGGI,diperkirakan besok berbahaya; dan masih buruk lusa; asap tebal 60 km di arah angin (205)
Batu Barat,village,KALIMANTAN BARAT,-1.1,110.1,355.3,berbahaya,2026-09-12,340.8,berbahaya,2026-09-13,348.1,berbahaya,0,0,41.2,SIAGA TINGGI,diperkirakan besok berbahaya; dan masih buruk lusa
Kuala Satong,village,KALIMANTAN BARAT,-1.4,110.1,355.3,berbahaya,2026-09-12,340.8,berbahaya,2026-09-13,348.1,berbahaya,0,0,41.2,SIAGA TINGGI,diperkirakan besok berbahaya; dan masih buruk lusa
Sukadana,city,KALIMANTAN BARAT,-1.2,110.0,355.3,berbahaya,2026-09-12,340.8,berbahaya,2026-09-13,348.1,berbahaya,0,0,205.1,SIAGA TINGGI,diperkirakan besok berbahaya; dan masih buruk lusa; asap tebal 60 km di arah angin (205)
Matan Jaya,village,KALIMANTAN BARAT,-1.1,110.2,355.3,berbahaya,2026-09-12,340.8,berbahaya,2026-09-13,348.1,berbahaya,0,0,41.2,SIAGA TINGGI,diperkirakan besok berbahaya; dan masih buruk lusa
Medan Jaya,village,KALIMANTAN BARAT,-1.1,110.0,355.3,berbahaya,2026-09-12,340.8,berbahaya,2026-09-13,348.1,berbahaya,0,0,205.1,SIAGA TINGGI,diperkirakan besok berbahaya; dan masih buruk lusa; asap tebal 60 km di arah angin (205)
Lubuk Batu,village,KALIMANTAN BARAT,-1.0,110.2,355.3,berbahaya,2026-09-12,340.8,berbahaya,2026-09-13,348.1,berbahaya,0,0,41.2,SIAGA TINGGI,diperkirakan besok berbahaya; dan masih buruk lusa
Sedahan Jaya,village,KALIMANTAN BARAT,-1.2,110.0,355.3,berbahaya,2026-09-12,340.8,berbahaya,2026-09-13,348.1,berbahaya,0,0,205.1,SIAGA TINGGI,diperkirakan besok berbahaya; dan masih buruk lusa; asap tebal 60 km di arah angin (205)
Gunungsembilan,village,KALIMANTAN BARAT,-1.2,109.9,355.3,berbahaya,2026-09-12,340.8,berbahaya,2026-09-13,348.1,berbahaya,0,0,205.1,SIAGA TINGGI,diperkirakan besok berbahaya; dan masih buruk lusa; asap tebal 60 km di arah angin (205)
Sutera,village,KALIMANTAN BARAT,-1.2,110.0,355.3,berbahaya,2026-09-12,340.8,berbahaya,2026-09-13,348.1,berbahaya,0,0,205.1,SIAGA TINGGI,diperkirakan besok berbahaya; dan masih buruk lusa; asap tebal 60 km di arah angin (205)
Pampang Harapan,village,KALIMANTAN BARAT,-1.3,110.0,355.3,berbahaya,2026-09-12,340.8,berbahaya,2026-09-13,348.1,berbahaya,0,0,205.1,SIAGA TINGGI,diperkirakan besok berbahaya; dan masih buruk lusa; asap tebal 60 km di arah angin (205)
Jahanjang,village,KALIMANTAN TENGAH,-2.3,113.4,334.7,berbahaya,2026-09-12,316.0,berbahaya,2026-09-13,353.5,berbahaya,0,0,54.6,SIAGA TINGGI,diperkirakan besok berbahaya; dan masih buruk lusa
Tangkiling,village,KALIMANTAN TENGAH,-2.0,113.8,334.7,berbahaya,2026-09-12,316.0,berbahaya,2026-09-13,353.5,berbahaya,0,0,103.9,SIAGA TINGGI,diperkirakan besok berbahaya; dan masih buruk lusa
Luwuk Kiri,village,KALIMANTAN TENGAH,-2.0,113.4,334.7,berbahaya,2026-09-12,316.0,berbahaya,2026-09-13,353.5,berbahaya,0,0,54.6,SIAGA TINGGI,diperkirakan besok berbahaya; dan masih buruk lusa
Asem Kumbang,village,KALIMANTAN TENGAH,-2.2,113.5,334.7,berbahaya,2026-09-12,316.0,berbahaya,2026-09-13,353.5,berbahaya,0,0,54.6,SIAGA TINGGI,diperkirakan besok berbahaya; dan masih buruk lusa
Habaring Hurung,village,KALIMANTAN TENGAH,-2.0,113.7,334.7,berbahaya,2026-09-12,316.0,berbahaya,2026-09-13,353.5,berbahaya,0,0,103.9,SIAGA TINGGI,diperkirakan besok berbahaya; dan masih buruk lusa
Petak Bahandang,village,KALIMANTAN TENGAH,-2.0,113.5,334.7,berbahaya,2026-09-12,316.0,berbahaya,2026-09-13,353.5,berbahaya,0,0,54.6,SIAGA TINGGI,diperkirakan besok berbahaya; dan masih buruk lusa
Tewang Tampang,village,KALIMANTAN TENGAH,-2.0,113.4,334.7,berbahaya,2026-09-12,316.0,berbahaya,2026-09-13,353.5,berbahaya,0,0,54.6,SIAGA TINGGI,diperkirakan besok berbahaya; dan masih buruk lusa
Parupuk,village,KALIMANTAN TENGAH,-2.4,113.4,334.7,berbahaya,2026-09-12,316.0,berbahaya,2026-09-13,353.5,berbahaya,0,0,54.6,SIAGA TINGGI,diperkirakan besok berbahaya; dan masih buruk lusa
Tumbang Tahai,village,KALIMANTAN TENGAH,-2.0,113.8,334.7,berbahaya,2026-09-12,316.0,berbahaya,2026-09-13,353.5,berbahaya,0,0,103.9,SIAGA TINGGI,diperkirakan besok berbahaya; dan masih buruk lusa
Tumbang Runen,village,KALIMANTAN TENGAH,-2.3,113.4,334.7,berbahaya,2026-09-12,316.0,berbahaya,2026-09-13,353.5,berbahaya,0,0,54.6,SIAGA TINGGI,diperkirakan besok berbahaya; dan masih buruk lusa
Sei Gohong,village,KALIMANTAN TENGAH,-2.0,113.8,334.7,berbahaya,2026-09-12,316.0,berbahaya,2026-09-13,353.5,berbahaya,0,0,103.9,SIAGA TINGGI,diperkirakan besok berbahaya; dan masih buruk lusa
Tewang Kadamba,village,KALIMANTAN TENGAH,-2.0,113.4,334.7,berbahaya,2026-09-12,316.0,berbahaya,2026-09-13,353.5,berbahaya,0,0,54.6,SIAGA TINGGI,diperkirakan besok berbahaya; dan masih buruk lusa
Talingke,village,KALIMANTAN TENGAH,-2.1,113.5,334.7,berbahaya,2026-09-12,316.0,berbahaya,2026-09-13,353.5,berbahaya,0,0,54.6,SIAGA TINGGI,diperkirakan besok berbahaya; dan masih buruk lusa
Handiwung,village,KALIMANTAN TENGAH,-2.0,113.4,334.7,berbahaya,2026-09-12,316.0,berbahaya,2026-09-13,353.5,berbahaya,0,0,54.6,SIAGA TINGGI,diperkirakan besok berbahaya; dan masih buruk lusa
Karuing,village,KALIMANTAN TENGAH,-2.4,113.4,334.7,berbahaya,2026-09-12,316.0,berbahaya,2026-09-13,353.5,berbahaya,0,0,54.6,SIAGA TINGGI,diperkirakan besok berbahaya; dan masih buruk lusa
Luwuk Kanan,village,KALIMANTAN TENGAH,-2.0,113.4,334.7,berbahaya,2026-09-12,316.0,berbahaya,2026-09-13,353.5,berbahaya,0,0,54.6,SIAGA TINGGI,diperkirakan besok berbahaya; dan masih buruk lusa
Banturung,village,KALIMANTAN TENGAH,-2.0,113.8,334.7,berbahaya,2026-09-12,316.0,berbahaya,2026-09-13,353.5,berbahaya,0,0,103.9,SIAGA TINGGI,diperkirakan besok berbahaya; dan masih buruk lusa
Baun Bango,village,KALIMANTAN TENGAH,-2.3,113.5,334.7,berbahaya,2026-09-12,316.0,berbahaya,2026-09-13,353.5,berbahaya,0,0,54.6,SIAGA TINGGI,diperkirakan besok berbahaya; dan masih buruk lusa
Petak Bahandang,village,KALIMANTAN TENGAH,-2.1,113.4,334.7,berbahaya,2026-09-12,316.0,berbahaya,2026-09-13,353.5,berbahaya,0,0,54.6,SIAGA TINGGI,diperkirakan besok berbahaya; dan masih buruk lusa
Tumbang Panggo,village,KALIMANTAN TENGAH,-2.0,113.4,334.7,berbahaya,2026-09-12,316.0,berbahaya,2026-09-13,353.5,berbahaya,0,0,54.6,SIAGA TINGGI,diperkirakan besok berbahaya; dan masih buruk lusa
Marang,village,KALIMANTAN TENGAH,-2.1,113.8,334.7,berbahaya,2026-09-12,316.0,berbahaya,2026-09-13,353.5,berbahaya,0,0,103.9,SIAGA TINGGI,diperkirakan besok berbahaya; dan masih buruk lusa
UPT Hiang Bana,hamlet,KALIMANTAN TENGAH,-2.1,113.4,334.7,berbahaya,2026-09-12,316.0,berbahaya,2026-09-13,353.5,berbahaya,0,0,54.6,SIAGA TINGGI,diperkirakan besok berbahaya; dan masih buruk lusa
Pancaroba,village,KALIMANTAN BARAT,-0.0,109.7,279.4,berbahaya,2026-09-12,224.9,sangat tidak sehat,2026-09-13,204.4,sangat tidak sehat,0,0,202.1,SIAGA TINGGI,diperkirakan besok sangat tidak sehat; dan masih buruk lusa; asap tebal 60 km di arah angin (202)
Pasak Piang,village,KALIMANTAN BARAT,-0.2,109.5,279.4,berbahaya,2026-09-12,224.9,sangat tidak sehat,2026-09-13,204.4,sangat tidak sehat,0,0,485.7,SIAGA TINGGI,diperkirakan besok sangat tidak sehat; dan masih buruk lusa; asap tebal 60 km di arah angin (486)
Rasau Jaya Umum,village,KALIMANTAN BARAT,-0.2,109.4,279.4,berbahaya,2026-09-12,224.9,sangat tidak sehat,2026-09-13,204.4,sangat tidak sehat,0,0,147.8,SIAGA TINGGI,diperkirakan besok sangat tidak sehat; dan masih buruk lusa
Sungai Asam,village,KALIMANTAN BARAT,-0.3,109.6,279.4,berbahaya,2026-09-12,224.9,sangat tidak sehat,2026-09-13,204.4,sangat tidak sehat,0,0,485.7,SIAGA TINGGI,diperkirakan besok sangat tidak sehat; dan masih buruk lusa; asap tebal 60 km di arah angin (486)
Sungai Bulan,village,KALIMANTAN BARAT,-0.3,109.5,279.4,berbahaya,2026-09-12,224.9,sangat tidak sehat,2026-09-13,204.4,sangat tidak sehat,0,0,485.7,SIAGA TINGGI,diperkirakan besok sangat tidak sehat; dan masih buruk lusa; asap tebal 60 km di arah angin (486)
Pinang Dalam,village,KALIMANTAN BARAT,-0.4,109.4,279.4,berbahaya,2026-09-12,224.9,sangat tidak sehat,2026-09-13,204.4,sangat tidak sehat,0,0,485.7,SIAGA TINGGI,diperkirakan besok sangat tidak sehat; dan masih buruk lusa; asap tebal 60 km di arah angin (486)
Sungai Radak Dua,village,KALIMANTAN BARAT,-0.4,109.7,279.4,berbahaya,2026-09-12,224.9,sangat tidak sehat,2026-09-13,204.4,sangat tidak sehat,0,0,485.7,SIAGA TINGGI,diperkirakan besok sangat tidak sehat; dan masih buruk lusa; asap tebal 60 km di arah angin (486)
Saigon,suburb,KALIMANTAN BARAT,-0.0,109.4,279.4,berbahaya,2026-09-12,224.9,sangat tidak sehat,2026-09-13,204.4,sangat tidak sehat,0,0,279.4,SIAGA TINGGI,diperkirakan besok sangat tidak sehat; dan masih buruk lusa; asap tebal 60 km di arah angin (279)
Sungai Ambawang Kuala,village,KALIMANTAN BARAT,-0.0,109.4,279.4,berbahaya,2026-09-12,224.9,sangat tidak sehat,2026-09-13,204.4,sangat tidak sehat,0,0,202.1,SIAGA TINGGI,diperkirakan besok sangat tidak sehat; dan masih buruk lusa; asap tebal 60 km di arah angin (202)
Paritmayor,village,KALIMANTAN BARAT,-0.1,109.4,279.4,berbahaya,2026-09-12,224.9,sangat tidak sehat,2026-09-13,204.4,sangat tidak sehat,0,0,279.4,SIAGA TINGGI,diperkirakan besok sangat tidak sehat; dan masih buruk lusa; asap tebal 60 km di arah angin (279)
Puguk,village,KALIMANTAN BARAT,-0.1,109.5,279.4,berbahaya,2026-09-12,224.9,sangat tidak sehat,2026-09-13,204.4,sangat tidak sehat,0,0,202.1,SIAGA TINGGI,diperkirakan besok sangat tidak sehat; dan masih buruk lusa; asap tebal 60 km di arah angin (202)
Teluk Bayur,village,KALIMANTAN BARAT,-0.4,109.5,279.4,berbahaya,2026-09-12,224.9,sangat tidak sehat,2026-09-13,204.4,sangat tidak sehat,0,0,485.7,SIAGA TINGGI,diperkirakan besok sangat tidak sehat; dan masih buruk lusa; asap tebal 60 km di arah angin (486)
Simpang Kanan,village,KALIMANTAN BARAT,-0.1,109.5,279.4,berbahaya,2026-09-12,224.9,sangat tidak sehat,2026-09-13,204.4,sangat tidak sehat,0,0,202.1,SIAGA TINGGI,diperkirakan besok sangat tidak sehat; dan masih buruk lusa; asap tebal 60 km di arah angin (202)
Kuala Mandor A,village,KALIMANTAN BARAT,0.0,109.6,279.4,berbahaya,2026-09-12,224.9,sangat tidak sehat,2026-09-13,204.4,sangat tidak sehat,0,0,202.1,SIAGA TINGGI,diperkirakan besok sangat tidak sehat; dan masih buruk lusa; asap tebal 60 km di arah angin (202)
Radak Baru,village,KALIMANTAN BARAT,-0.4,109.6,279.4,berbahaya,2026-09-12,224.9,sangat tidak sehat,2026-09-13,204.4,sangat tidak sehat,0,0,485.7,SIAGA TINGGI,diperkirakan besok sangat tidak sehat; dan masih buruk lusa; asap tebal 60 km di arah angin (486)
Jangkang Dua,village,KALIMANTAN BARAT,-0.4,109.4,279.4,berbahaya,2026-09-12,224.9,sangat tidak sehat,2026-09-13,204.4,sangat tidak sehat,0,0,485.7,SIAGA TINGGI,diperkirakan besok sangat tidak sehat; dan masih buruk lusa; asap tebal 60 km di arah angin (486)
Bengkarek,village,KALIMANTAN BARAT,-0.1,109.5,279.4,berbahaya,2026-09-12,224.9,sangat tidak sehat,2026-09-13,204.4,sangat tidak sehat,0,0,202.1,SIAGA TINGGI,diperkirakan besok sangat tidak sehat; dan masih buruk lusa; asap tebal 60 km di arah angin (202)
Sungai Raya,village,KALIMANTAN BARAT,-0.2,109.4,279.4,berbahaya,2026-09-12,224.9,sangat tidak sehat,2026-09-13,204.4,sangat tidak sehat,0,0,485.7,SIAGA TINGGI,diperkirakan besok sangat tidak sehat; dan masih buruk lusa; asap tebal 60 km di arah angin (486)
Jangkang I,village,KALIMANTAN BARAT,-0.4,109.4,279.4,berbahaya,2026-09-12,224.9,sangat tidak sehat,2026-09-13,204.4,sangat tidak sehat,0,0,485.7,SIAGA TINGGI,diperkirakan besok sangat tidak sehat; dan masih buruk lusa; asap tebal 60 km di arah angin (486)
Kampung Baru,village,KALIMANTAN BARAT,-0.4,109.4,279.4,berbahaya,2026-09-12,224.9,sangat tidak sehat,2026-09-13,204.4,sangat tidak sehat,0,0,485.7,SIAGA TINGGI,diperkirakan besok sangat tidak sehat; dan masih buruk lusa; asap tebal 60 km di arah angin (486)
Teluk Empening,village,KALIMANTAN BARAT,-0.4,109.6,279.4,berbahaya,2026-09-12,224.9,sangat tidak sehat,2026-09-13,204.4,sangat tidak sehat,0,0,485.7,SIAGA TINGGI,diperkirakan besok sangat tidak sehat; dan masih buruk lusa; asap tebal 60 km di arah angin (486)
Lingga,village,KALIMANTAN BARAT,-0.0,109.6,279.4,berbahaya,2026-09-12,224.9,sangat tidak sehat,2026-09-13,204.4,sangat tidak sehat,0,0,202.1,SIAGA TINGGI,diperkirakan besok sangat tidak sehat; dan masih buruk lusa; asap tebal 60 km di arah angin (202)
Korek,village,KALIMANTAN BARAT,-0.0,109.6,279.4,berbahaya,2026-09-12,224.9,sangat tidak sehat,2026-09-13,204.4,sangat tidak sehat,0,0,202.1,SIAGA TINGGI,diperkirakan besok sangat tidak sehat; dan masih buruk lusa; asap tebal 60 km di arah angin (202)
Limbung,village,KALIMANTAN BARAT,-0.3,109.5,279.4,berbahaya,2026-09-12,224.9,sangat tidak sehat,2026-09-13,204.4,sangat tidak sehat,0,0,485.7,SIAGA TINGGI,diperkirakan besok sangat tidak sehat; dan masih buruk lusa; asap tebal 60 km di arah angin (486)
Rasau Jaya Satu,village,KALIMANTAN BARAT,-0.3,109.4,279.4,berbahaya,2026-09-12,224.9,sangat tidak sehat,2026-09-13,204.4,sangat tidak sehat,0,0,147.8,SIAGA TINGGI,diperkirakan besok sangat tidak sehat; dan masih buruk lusa
Tambelansampit,village,KALIMANTAN BARAT,-0.0,109.4,279.4,berbahaya,2026-09-12,224.9,sangat tidak sehat,2026-09-13,204.4,sangat tidak sehat,0,0,279.4,SIAGA TINGGI,diperkirakan besok sangat tidak sehat; dan masih buruk lusa; asap tebal 60 km di arah angin (279)
Pinang Luar,village,KALIMANTAN BARAT,-0.3,109.4,279.4,berbahaya,2026-09-12,224.9,sangat tidak sehat,2026-09-13,204.4,sangat tidak sehat,0,0,147.8,SIAGA TINGGI,diperkirakan besok sangat tidak sehat; dan masih buruk lusa
Siantan Hulu,village,KALIMANTAN BARAT,0.0,109.4,279.4,berbahaya,2026-09-12,224.9,sangat tidak sehat,2026-09-13,204.4,sangat tidak sehat,0,0,279.4,SIAGA TINGGI,diperkirakan besok sangat tidak sehat; dan masih buruk lusa; asap tebal 60 km di arah angin (279)
Bangkabelitung Darat,village,KALIMANTAN BARAT,-0.1,109.4,279.4,berbahaya,2026-09-12,224.9,sangat tidak sehat,2026-09-13,204.4,sangat tidak sehat,0,0,279.4,SIAGA TINGGI,diperkirakan besok sangat tidak sehat; dan masih buruk lusa; asap tebal 60 km di arah angin (279)
Terentang Hilir,village,KALIMANTAN BARAT,-0.4,109.6,279.4,berbahaya,2026-09-12,224.9,sangat tidak sehat,2026-09-13,204.4,sangat tidak sehat,0,0,485.7,SIAGA TINGGI,diperkirakan besok sangat tidak sehat; dan masih buruk lusa; asap tebal 60 km di arah angin (486)
Arang Limbung,village,KALIMANTAN BARAT,-0.2,109.4,279.4,berbahaya,2026-09-12,224.9,sangat tidak sehat,2026-09-13,204.4,sangat tidak sehat,0,0,485.7,SIAGA TINGGI,diperkirakan besok sangat tidak sehat; dan masih buruk lusa; asap tebal 60 km di arah angin (486)
Sungai Ambangah,village,KALIMANTAN BARAT,-0.1,109.4,279.4,berbahaya,2026-09-12,224.9,sangat tidak sehat,2026-09-13,204.4,sangat tidak sehat,0,0,202.1,SIAGA TINGGI,diperkirakan besok sangat tidak sehat; dan masih buruk lusa; asap tebal 60 km di arah angin (202)
Tanjung Hulu,village,KALIMANTAN BARAT,-0.0,109.4,279.4,berbahaya,2026-09-12,224.9,sangat tidak sehat,2026-09-13,204.4,sangat tidak sehat,0,0,279.4,SIAGA TINGGI,diperkirakan besok sangat tidak sehat; dan masih buruk lusa; asap tebal 60 km di arah angin (279)
Rasau Jaya Tiga,village,KALIMANTAN BARAT,-0.2,109.4,279.4,berbahaya,2026-09-12,224.9,sangat tidak sehat,2026-09-13,204.4,sangat tidak sehat,0,0,147.8,SIAGA TINGGI,diperkirakan besok sangat tidak sehat; dan masih buruk lusa
Mega Timur,village,KALIMANTAN BARAT,-0.0,109.4,279.4,berbahaya,2026-09-12,224.9,sangat tidak sehat,2026-09-13,204.4,sangat tidak sehat,0,0,279.4,SIAGA TINGGI,diperkirakan besok sangat tidak sehat; dan masih buruk lusa; asap tebal 60 km di arah angin (279)
Tanjung Beringin,village,KALIMANTAN BARAT,-0.4,109.8,279.4,berbahaya,2026-09-12,224.9,sangat tidak sehat,2026-09-13,204.4,sangat tidak sehat,0,0,485.7,SIAGA TINGGI,diperkirakan besok sangat tidak sehat; dan masih buruk lusa; asap tebal 60 km di arah angin (486)
Ampera Raya,village,KALIMANTAN BARAT,-0.0,109.4,279.4,berbahaya,2026-09-12,224.9,sangat tidak sehat,2026-09-13,204.4,sangat tidak sehat,0,0,279.4,SIAGA TINGGI,diperkirakan besok sangat tidak sehat; dan masih buruk lusa; asap tebal 60 km di arah angin (279)
Permata,village,KALIMANTAN BARAT,-0.3,109.8,279.4,berbahaya,2026-09-12,224.9,sangat tidak sehat,2026-09-13,204.4,sangat tidak sehat,0,0,485.7,SIAGA TINGGI,diperkirakan besok sangat tidak sehat; dan masih buruk lusa; asap tebal 60 km di arah angin (486)
Durian,village,KALIMANTAN BARAT,-0.1,109.4,279.4,berbahaya,2026-09-12,224.9,sangat tidak sehat,2026-09-13,204.4,sangat tidak sehat,0,0,202.1,SIAGA TINGGI,diperkirakan besok sangat tidak sehat; dan masih buruk lusa; asap tebal 60 km di arah angin (202)
Limbung,village,KALIMANTAN BARAT,-0.1,109.4,279.4,berbahaya,2026-09-12,224.9,sangat tidak sehat,2026-09-13,204.4,sangat tidak sehat,0,0,202.1,SIAGA TINGGI,diperkirakan besok sangat tidak sehat; dan masih buruk lusa; asap tebal 60 km di arah angin (202)
Rasau Jaya Dua,village,KALIMANTAN BARAT,-0.3,109.4,279.4,berbahaya,2026-09-12,224.9,sangat tidak sehat,2026-09-13,204.4,sangat tidak sehat,0,0,485.7,SIAGA TINGGI,diperkirakan besok sangat tidak sehat; dan masih buruk lusa; asap tebal 60 km di arah angin (486)
Kapur,village,KALIMANTAN BARAT,-0.1,109.4,279.4,berbahaya,2026-09-12,224.9,sangat tidak sehat,2026-09-13,204.4,sangat tidak sehat,0,0,202.1,SIAGA TINGGI,diperkirakan besok sangat tidak sehat; dan masih buruk lusa; asap tebal 60 km di arah angin (202)
Pasak,village,KALIMANTAN BARAT,-0.1,109.6,279.4,berbahaya,2026-09-12,224.9,sangat tidak sehat,2026-09-13,204.4,sangat tidak sehat,0,0,202.1,SIAGA TINGGI,diperkirakan besok sangat tidak sehat; dan masih buruk lusa; asap tebal 60 km di arah angin (202)
Teluk Kapuas,village,KALIMANTAN BARAT,-0.1,109.4,279.4,berbahaya,2026-09-12,224.9,sangat tidak sehat,2026-09-13,204.4,sangat tidak sehat,0,0,202.1,SIAGA TINGGI,diperkirakan besok sangat tidak sehat; dan masih buruk lusa; asap tebal 60 km di arah angin (202)
Tebang Kacang,village,KALIMANTAN BARAT,-0.2,109.5,279.4,berbahaya,2026-09-12,224.9,sangat tidak sehat,2026-09-13,204.4,sangat tidak sehat,0,0,485.7,SIAGA TINGGI,diperkirakan besok sangat tidak sehat; dan masih buruk lusa; asap tebal 60 km di arah angin (486)
Dalambugis,village,KALIMANTAN BARAT,-0.0,109.4,279.4,berbahaya,2026-09-12,224.9,sangat tidak sehat,2026-09-13,204.4,sangat tidak sehat,0,0,279.4,SIAGA TINGGI,diperkirakan besok sangat tidak sehat; dan masih buruk lusa; asap tebal 60 km di arah angin (279)
Sungai Dungun,village,KALIMANTAN BARAT,-0.4,109.5,279.4,berbahaya,2026-09-12,224.9,sangat tidak sehat,2026-09-13,204.4,sangat tidak sehat,0,0,485.7,SIAGA TINGGI,diperkirakan besok sangat tidak sehat; dan masih buruk lusa; asap tebal 60 km di arah angin (486)
Kuala Dua,village,KALIMANTAN BARAT,-0.2,109.5,279.4,berbahaya,2026-09-12,224.9,sangat tidak sehat,2026-09-13,204.4,sangat tidak sehat,0,0,485.7,SIAGA TINGGI,diperkirakan besok sangat tidak sehat; dan masih buruk lusa; asap tebal 60 km di arah angin (486)
Kuala Mandor B,village,KALIMANTAN BARAT,-0.0,109.5,279.4,berbahaya,2026-09-12,224.9,sangat tidak sehat,2026-09-13,204.4,sangat tidak sehat,0,0,202.1,SIAGA TINGGI,diperkirakan besok sangat tidak sehat; dan masih buruk lusa; asap tebal 60 km di arah angin (202)
Arang Limbung,village,KALIMANTAN BARAT,-0.1,109.4,279.4,berbahaya,2026-09-12,224.9,sangat tidak sehat,2026-09-13,204.4,sangat tidak sehat,0,0,202.1,SIAGA TINGGI,diperkirakan besok sangat tidak sehat; dan masih buruk lusa; asap tebal 60 km di arah angin (202)
Banjar Serasan,village,KALIMANTAN BARAT,-0.0,109.4,279.4,berbahaya,2026-09-12,224.9,sangat tidak sehat,2026-09-13,204.4,sangat tidak sehat,0,0,279.4,SIAGA TINGGI,diperkirakan besok sangat tidak sehat; dan masih buruk lusa; asap tebal 60 km di arah angin (279)
Sungai Radak I,village,KALIMANTAN BARAT,-0.4,109.6,279.4,berbahaya,2026-09-12,224.9,sangat tidak sehat,2026-09-13,204.4,sangat tidak sehat,0,0,485.7,SIAGA TINGGI,diperkirakan besok sangat tidak sehat; dan masih buruk lusa; asap tebal 60 km di arah angin (486)
Jawa Tengah,village,KALIMANTAN BARAT,-0.0,109.5,279.4,berbahaya,2026-09-12,224.9,sangat tidak sehat,2026-09-13,204.4,sangat tidak sehat,0,0,202.1,SIAGA TINGGI,diperkirakan besok sangat tidak sehat; dan masih buruk lusa; asap tebal 60 km di arah angin (202)
Teluk Bakung,village,KALIMANTAN BARAT,0.0,109.8,279.4,berbahaya,2026-09-12,224.9,sangat tidak sehat,2026-09-13,204.4,sangat tidak sehat,0,0,202.1,SIAGA TINGGI,diperkirakan besok sangat tidak sehat; dan masih buruk lusa; asap tebal 60 km di arah angin (202)
Sungai Malaya,village,KALIMANTAN BARAT,0.0,109.4,279.4,berbahaya,2026-09-12,224.9,sangat tidak sehat,2026-09-13,204.4,sangat tidak sehat,0,0,279.4,SIAGA TINGGI,diperkirakan besok sangat tidak sehat; dan masih buruk lusa; asap tebal 60 km di arah angin (279)
Madu Sari,village,KALIMANTAN BARAT,-0.1,109.4,279.4,berbahaya,2026-09-12,224.9,sangat tidak sehat,2026-09-13,204.4,sangat tidak sehat,0,0,202.1,SIAGA TINGGI,diperkirakan besok sangat tidak sehat; dan masih buruk lusa; asap tebal 60 km di arah angin (202)
Kalibandung,village,KALIMANTAN BARAT,-0.3,109.6,279.4,berbahaya,2026-09-12,224.9,sangat tidak sehat,2026-09-13,204.4,sangat tidak sehat,0,0,485.7,SIAGA TINGGI,diperkirakan besok sangat tidak sehat; dan masih buruk lusa; asap tebal 60 km di arah angin (486)
Muara Baru,village,KALIMANTAN BARAT,-0.3,109.8,279.4,berbahaya,2026-09-12,224.9,sangat tidak sehat,2026-09-13,204.4,sangat tidak sehat,0,0,485.7,SIAGA TINGGI,diperkirakan besok sangat tidak sehat; dan masih buruk lusa; asap tebal 60 km di arah angin (486)
Bangkabelitung Laut,village,KALIMANTAN BARAT,-0.1,109.4,279.4,berbahaya,2026-09-12,224.9,sangat tidak sehat,2026-09-13,204.4,sangat tidak sehat,0,0,279.4,SIAGA TINGGI,diperkirakan besok sangat tidak sehat; dan masih buruk lusa; asap tebal 60 km di arah angin (279)
Tanjung Hilir,village,KALIMANTAN BARAT,-0.0,109.4,279.4,berbahaya,2026-09-12,224.9,sangat tidak sehat,2026-09-13,204.4,sangat tidak sehat,0,0,279.4,SIAGA TINGGI,diperkirakan besok sangat tidak sehat; dan masih buruk lusa; asap tebal 60 km di arah angin (279)
Sungai Raya,town,KALIMANTAN BARAT,-0.1,109.4,279.4,berbahaya,2026-09-12,224.9,sangat tidak sehat,2026-09-13,204.4,sangat tidak sehat,0,0,279.4,SIAGA TINGGI,diperkirakan besok sangat tidak sehat; dan masih buruk lusa; asap tebal 60 km di arah angin (279)
Ramang,village,KALIMANTAN TENGAH,-1.7,113.9,239.9,sangat tidak sehat,2026-09-12,238.2,sangat tidak sehat,2026-09-13,244.5,sangat tidak sehat,0,0,547.6,SIAGA TINGGI,diperkirakan besok sangat tidak sehat; dan masih buruk lusa; asap tebal 60 km di arah angin (548)
Goha,village,KALIMANTAN TENGAH,-1.6,113.9,239.9,sangat tidak sehat,2026-09-12,238.2,sangat tidak sehat,2026-09-13,244.5,sangat tidak sehat,0,0,547.6,SIAGA TINGGI,diperkirakan besok sangat tidak sehat; dan masih buruk lusa; asap tebal 60 km di arah angin (548)
Parahangan,village,KALIMANTAN TENGAH,-1.9,114.0,239.9,sangat tidak sehat,2026-09-12,238.2,sangat tidak sehat,2026-09-13,244.5,sangat tidak sehat,0,0,547.6,SIAGA TINGGI,diperkirakan besok sangat tidak sehat; dan masih buruk lusa; asap tebal 60 km di arah angin (548)
Pandawei,village,KALIMANTAN TENGAH,-1.6,113.9,239.9,sangat tidak sehat,2026-09-12,238.2,sangat tidak sehat,2026-09-13,244.5,sangat tidak sehat,0,0,547.6,SIAGA TINGGI,diperkirakan besok sangat tidak sehat; dan masih buruk lusa; asap tebal 60 km di arah angin (548)
Manen Paduran,village,KALIMANTAN TENGAH,-1.8,114.0,239.9,sangat tidak sehat,2026-09-12,238.2,sangat tidak sehat,2026-09-13,244.5,sangat tidak sehat,0,0,547.6,SIAGA TINGGI,diperkirakan besok sangat tidak sehat; dan masih buruk lusa; asap tebal 60 km di arah angin (548)
Hurung,village,KALIMANTAN TENGAH,-1.8,113.9,239.9,sangat tidak sehat,2026-09-12,238.2,sangat tidak sehat,2026-09-13,244.5,sangat tidak sehat,0,0,547.6,SIAGA TINGGI,diperkirakan besok sangat tidak sehat; dan masih buruk lusa; asap tebal 60 km di arah angin (548)
Bukit Bamba,village,KALIMANTAN TENGAH,-1.9,114.0,239.9,sangat tidak sehat,2026-09-12,238.2,sangat tidak sehat,2026-09-13,244.5,sangat tidak sehat,0,0,547.6,SIAGA TINGGI,diperkirakan besok sangat tidak sehat; dan masih buruk lusa; asap tebal 60 km di arah angin (548)
Tambak,village,KALIMANTAN TENGAH,-1.7,113.9,239.9,sangat tidak sehat,2026-09-12,238.2,sangat tidak sehat,2026-09-13,244.5,sangat tidak sehat,0,0,547.6,SIAGA TINGGI,diperkirakan besok sangat tidak sehat; dan masih buruk lusa; asap tebal 60 km di arah angin (548)
Bawan,village,KALIMANTAN TENGAH,-1.6,113.9,239.9,sangat tidak sehat,2026-09-12,238.2,sangat tidak sehat,2026-09-13,244.5,sangat tidak sehat,0,0,547.6,SIAGA TINGGI,diperkirakan besok sangat tidak sehat; dan masih buruk lusa; asap tebal 60 km di arah angin (548)
Pangi,village,KALIMANTAN TENGAH,-1.6,113.9,239.9,sangat tidak sehat,2026-09-12,238.2,sangat tidak sehat,2026-09-13,244.5,sangat tidak sehat,0,0,547.6,SIAGA TINGGI,diperkirakan besok sangat tidak sehat; dan masih buruk lusa; asap tebal 60 km di arah angin (548)
Manen Kaleka,village,KALIMANTAN TENGAH,-1.8,113.9,239.9,sangat tidak sehat,2026-09-12,238.2,sangat tidak sehat,2026-09-13,244.5,sangat tidak sehat,0,0,547.6,SIAGA TINGGI,diperkirakan besok sangat tidak sehat; dan masih buruk lusa; asap tebal 60 km di arah angin (548)
Pematang Limau,village,KALIMANTAN TENGAH,-1.5,113.9,239.9,sangat tidak sehat,2026-09-12,238.2,sangat tidak sehat,2026-09-13,244.5,sangat tidak sehat,0,0,547.6,SIAGA TINGGI,diperkirakan besok sangat tidak sehat; dan masih buruk lusa; asap tebal 60 km di arah angin (548)
Hanua,village,KALIMANTAN TENGAH,-1.7,113.9,239.9,sangat tidak sehat,2026-09-12,238.2,sangat tidak sehat,2026-09-13,244.5,sangat tidak sehat,0,0,547.6,SIAGA TINGGI,diperkirakan besok sangat tidak sehat; dan masih buruk lusa; asap tebal 60 km di arah angin (548)
Pamarunan,village,KALIMANTAN TENGAH,-1.9,114.0,239.9,sangat tidak sehat,2026-09-12,238.2,sangat tidak sehat,2026-09-13,244.5,sangat tidak sehat,0,0,103.9,SIAGA TINGGI,diperkirakan besok sangat tidak sehat; dan masih buruk lusa
Pahawan,village,KALIMANTAN TENGAH,-1.7,113.9,239.9,sangat tidak sehat,2026-09-12,238.2,sangat tidak sehat,2026-09-13,244.5,sangat tidak sehat,0,0,547.6,SIAGA TINGGI,diperkirakan besok sangat tidak sehat; dan masih buruk lusa; asap tebal 60 km di arah angin (548)
Tahawa,village,KALIMANTAN TENGAH,-1.9,114.0,239.9,sangat tidak sehat,2026-09-12,238.2,sangat tidak sehat,2026-09-13,244.5,sangat tidak sehat,0,0,547.6,SIAGA TINGGI,diperkirakan besok sangat tidak sehat; dan masih buruk lusa; asap tebal 60 km di arah angin (548)
Bereng Rambang,village,KALIMANTAN TENGAH,-1.8,114.0,239.9,sangat tidak sehat,2026-09-12,238.2,sangat tidak sehat,2026-09-13,244.5,sangat tidak sehat,0,0,547.6,SIAGA TINGGI,diperkirakan besok sangat tidak sehat; dan masih buruk lusa; asap tebal 60 km di arah angin (548)
Tumbang Tarusan,village,KALIMANTAN TENGAH,-1.6,113.9,239.9,sangat tidak sehat,2026-09-12,238.2,sangat tidak sehat,2026-09-13,244.5,sangat tidak sehat,0,0,547.6,SIAGA TINGGI,diperkirakan besok sangat tidak sehat; dan masih buruk lusa; asap tebal 60 km di arah angin (548)
Tangkahen,village,KALIMANTAN TENGAH,-1.6,113.9,239.9,sangat tidak sehat,2026-09-12,238.2,sangat tidak sehat,2026-09-13,244.5,sangat tidak sehat,0,0,547.6,SIAGA TINGGI,diperkirakan besok sangat tidak sehat; dan masih buruk lusa; asap tebal 60 km di arah angin (548)
Balukon,village,KALIMANTAN TENGAH,-1.9,114.0,239.9,sangat tidak sehat,2026-09-12,238.2,sangat tidak sehat,2026-09-13,244.5,sangat tidak sehat,0,0,103.9,SIAGA TINGGI,diperkirakan besok sangat tidak sehat; dan masih buruk lusa
Lawang Uru,village,KALIMANTAN TENGAH,-1.8,113.9,239.9,sangat tidak sehat,2026-09-12,238.2,sangat tidak sehat,2026-09-13,244.5,sangat tidak sehat,0,0,547.6,SIAGA TINGGI,diperkirakan besok sangat tidak sehat; dan masih buruk lusa; asap tebal 60 km di arah angin (548)
Tampelas,village,KALIMANTAN TENGAH,-1.5,113.9,239.9,sangat tidak sehat,2026-09-12,238.2,sangat tidak sehat,2026-09-13,244.5,sangat tidak sehat,0,0,547.6,SIAGA TINGGI,diperkirakan besok sangat tidak sehat; dan masih buruk lusa; asap tebal 60 km di arah angin (548)
Kasali Baru,village,KALIMANTAN TENGAH,-1.7,113.9,239.9,sangat tidak sehat,2026-09-12,238.2,sangat tidak sehat,2026-09-13,244.5,sangat tidak sehat,0,0,547.6,SIAGA TINGGI,diperkirakan besok sangat tidak sehat; dan masih buruk lusa; asap tebal 60 km di arah angin (548)
Desa,village,KALIMANTAN TENGAH,-1.5,114.2,239.9,sangat tidak sehat,2026-09-12,238.2,sangat tidak sehat,2026-09-13,244.5,sangat tidak sehat,0,0,56.3,SIAGA TINGGI,diperkirakan besok sangat tidak sehat; dan masih buruk lusa
Sei Gita,village,KALIMANTAN TENGAH,-1.7,114.3,239.9,sangat tidak sehat,2026-09-12,238.2,sangat tidak sehat,2026-09-13,244.5,sangat tidak sehat,0,0,56.3,SIAGA TINGGI,diperkirakan besok sangat tidak sehat; dan masih buruk lusa
Sei Gawing,village,KALIMANTAN TENGAH,-1.8,114.3,239.9,sangat tidak sehat,2026-09-12,238.2,sangat tidak sehat,2026-09-13,244.5,sangat tidak sehat,0,0,56.3,SIAGA TINGGI,diperkirakan besok sangat tidak sehat; dan masih buruk lusa
Bagugus,hamlet,KALIMANTAN TENGAH,-1.9,114.2,239.9,sangat tidak sehat,2026-09-12,238.2,sangat tidak sehat,2026-09-13,244.5,sangat tidak sehat,0,0,547.6,SIAGA TINGGI,diperkirakan besok sangat tidak sehat; dan masih buruk lusa; asap tebal 60 km di arah angin (548)
Humbang Raya,village,KALIMANTAN TENGAH,-1.9,114.1,239.9,sangat tidak sehat,2026-09-12,238.2,sangat tidak sehat,2026-09-13,244.5,sangat tidak sehat,0,0,547.6,SIAGA TINGGI,diperkirakan besok sangat tidak sehat; dan masih buruk lusa; asap tebal 60 km di arah angin (548)
Sepang Kota,village,KALIMANTAN TENGAH,-1.5,113.9,239.9,sangat tidak sehat,2026-09-12,238.2,sangat tidak sehat,2026-09-13,244.5,sangat tidak sehat,0,0,547.6,SIAGA TINGGI,diperkirakan besok sangat tidak sehat; dan masih buruk lusa; asap tebal 60 km di arah angin (548)
Tewai Baru,village,KALIMANTAN TENGAH,-1.5,113.9,239.9,sangat tidak sehat,2026-09-12,238.2,sangat tidak sehat,2026-09-13,244.5,sangat tidak sehat,0,0,547.6,SIAGA TINGGI,diperkirakan besok sangat tidak sehat; dan masih buruk lusa; asap tebal 60 km di arah angin (548)
Sepang Simin,village,KALIMANTAN TENGAH,-1.5,113.9,239.9,sangat tidak sehat,2026-09-12,238.2,sangat tidak sehat,2026-09-13,244.5,sangat tidak sehat,0,0,547.6,SIAGA TINGGI,diperkirakan besok sangat tidak sehat; dan masih buruk lusa; asap tebal 60 km di arah angin (548)
Muroi Raya,village,KALIMANTAN TENGAH,-1.5,114.2,239.9,sangat tidak sehat,2026-09-12,238.2,sangat tidak sehat,2026-09-13,244.5,sangat tidak sehat,0,0,547.6,SIAGA TINGGI,diperkirakan besok sangat tidak sehat; dan masih buruk lusa; asap tebal 60 km di arah angin (548)
Buntok,town,KALIMANTAN TENGAH,-1.7,114.8,223.5,sangat tidak sehat,2026-09-12,234.7,sangat tidak sehat,2026-09-13,217.7,sangat tidak sehat,0,0,29.6,SIAGA TINGGI,diperkirakan besok sangat tidak sehat; dan masih buruk lusa
Timpah,village,KALIMANTAN TENGAH,-1.7,114.5,223.5,sangat tidak sehat,2026-09-12,234.7,sangat tidak sehat,2026-09-13,217.7,sangat tidak sehat,0,0,56.3,SIAGA TINGGI,diperkirakan besok sangat tidak sehat; dan masih buruk lusa
Teluk Mampun,village,KALIMANTAN TENGAH,-1.6,114.8,223.5,sangat tidak sehat,2026-09-12,234.7,sangat tidak sehat,2026-09-13,217.7,sangat tidak sehat,0,0,21.1,SIAGA TINGGI,diperkirakan besok sangat tidak sehat; dan masih buruk lusa
Talio,village,KALIMANTAN TENGAH,-1.8,114.8,223.5,sangat tidak sehat,2026-09-12,234.7,sangat tidak sehat,2026-09-13,217.7,sangat tidak sehat,0,0,29.6,SIAGA TINGGI,diperkirakan besok sangat tidak sehat; dan masih buruk lusa
Lawang Kamah,village,KALIMANTAN TENGAH,-1.6,114.5,223.5,sangat tidak sehat,2026-09-12,234.7,sangat tidak sehat,2026-09-13,217.7,sangat tidak sehat,0,0,56.3,SIAGA TINGGI,diperkirakan besok sangat tidak sehat; dan masih buruk lusa
Murung Paken,village,KALIMANTAN TENGAH,-1.7,114.8,223.5,sangat tidak sehat,2026-09-12,234.7,sangat tidak sehat,2026-09-13,217.7,sangat tidak sehat,0,0,29.6,SIAGA TINGGI,diperkirakan besok sangat tidak sehat; dan masih buruk lusa
Teluk Sampudau,village,KALIMANTAN TENGAH,-1.8,114.8,223.5,sangat tidak sehat,2026-09-12,234.7,sangat tidak sehat,2026-09-13,217.7,sangat tidak sehat,0,0,29.6,SIAGA TINGGI,diperkirakan besok sangat tidak sehat; dan masih buruk lusa
Aruk,village,KALIMANTAN TENGAH,-1.9,114.5,223.5,sangat tidak sehat,2026-09-12,234.7,sangat tidak sehat,2026-09-13,217.7,sangat tidak sehat,0,0,56.3,SIAGA TINGGI,diperkirakan besok sangat tidak sehat; dan masih buruk lusa
Baru,village,KALIMANTAN TENGAH,-1.8,114.8,223.5,sangat tidak sehat,2026-09-12,234.7,sangat tidak sehat,2026-09-13,217.7,sangat tidak sehat,0,0,29.6,SIAGA TINGGI,diperkirakan besok sangat tidak sehat; dan masih buruk lusa
Hilir Seper,village,KALIMANTAN TENGAH,-1.7,114.8,223.5,sangat tidak sehat,2026-09-12,234.7,sangat tidak sehat,2026-09-13,217.7,sangat tidak sehat,0,0,29.6,SIAGA TINGGI,diperkirakan besok sangat tidak sehat; dan masih buruk lusa
Penda Asam,village,KALIMANTAN TENGAH,-1.6,114.8,223.5,sangat tidak sehat,2026-09-12,234.7,sangat tidak sehat,2026-09-13,217.7,sangat tidak sehat,0,0,21.1,SIAGA TINGGI,diperkirakan besok sangat tidak sehat; dan masih buruk lusa
Lungkuh Layang,village,KALIMANTAN TENGAH,-1.7,114.5,223.5,sangat tidak sehat,2026-09-12,234.7,sangat tidak sehat,2026-09-13,217.7,sangat tidak sehat,0,0,56.3,SIAGA TINGGI,diperkirakan besok sangat tidak sehat; dan masih buruk lusa
Tanjung Jawa,village,KALIMANTAN TENGAH,-1.6,114.8,223.5,sangat tidak sehat,2026-09-12,234.7,sangat tidak sehat,2026-09-13,217.7,sangat tidak sehat,0,0,21.1,SIAGA TINGGI,diperkirakan besok sangat tidak sehat; dan masih buruk lusa
Tampijak,village,KALIMANTAN TENGAH,-1.9,114.8,223.5,sangat tidak sehat,2026-09-12,234.7,sangat tidak sehat,2026-09-13,217.7,sangat tidak sehat,0,0,29.6,SIAGA TINGGI,diperkirakan besok sangat tidak sehat; dan masih buruk lusa
Muara Ripung,village,KALIMANTAN TENGAH,-1.7,114.8,223.5,sangat tidak sehat,2026-09-12,234.7,sangat tidak sehat,2026-09-13,217.7,sangat tidak sehat,0,0,29.6,SIAGA TINGGI,diperkirakan besok sangat tidak sehat; dan masih buruk lusa
Tumbang Randang,village,KALIMANTAN TENGAH,-1.5,114.5,223.5,sangat tidak sehat,2026-09-12,234.7,sangat tidak sehat,2026-09-13,217.7,sangat tidak sehat,0,0,56.3,SIAGA TINGGI,diperkirakan besok sangat tidak sehat; dan masih buruk lusa
Muara Talang,village,KALIMANTAN TENGAH,-1.8,114.8,223.5,sangat tidak sehat,2026-09-12,234.7,sangat tidak sehat,2026-09-13,217.7,sangat tidak sehat,0,0,29.6,SIAGA TINGGI,diperkirakan besok sangat tidak sehat; dan masih buruk lusa
Madara,village,KALIMANTAN TENGAH,-1.7,114.7,223.5,sangat tidak sehat,2026-09-12,234.7,sangat tidak sehat,2026-09-13,217.7,sangat tidak sehat,0,0,29.6,SIAGA TINGGI,diperkirakan besok sangat tidak sehat; dan masih buruk lusa
Masaran,village,KALIMANTAN TENGAH,-1.5,114.4,223.5,sangat tidak sehat,2026-09-12,234.7,sangat tidak sehat,2026-09-13,217.7,sangat tidak sehat,0,0,56.3,SIAGA TINGGI,diperkirakan besok sangat tidak sehat; dan masih buruk lusa
Babai,village,KALIMANTAN TENGAH,-1.9,114.8,223.5,sangat tidak sehat,2026-09-12,234.7,sangat tidak sehat,2026-09-13,217.7,sangat tidak sehat,0,0,29.6,SIAGA TINGGI,diperkirakan besok sangat tidak sehat; dan masih buruk lusa
Lawang Kajang,village,KALIMANTAN TENGAH,-1.8,114.5,223.5,sangat tidak sehat,2026-09-12,234.7,sangat tidak sehat,2026-09-13,217.7,sangat tidak sehat,0,0,56.3,SIAGA TINGGI,diperkirakan besok sangat tidak sehat; dan masih buruk lusa
Danau Pantau,village,KALIMANTAN TENGAH,-1.7,114.5,223.5,sangat tidak sehat,2026-09-12,234.7,sangat tidak sehat,2026-09-13,217.7,sangat tidak sehat,0,0,56.3,SIAGA TINGGI,diperkirakan besok sangat tidak sehat; dan masih buruk lusa
Pararapak,village,KALIMANTAN TENGAH,-1.6,114.8,223.5,sangat tidak sehat,2026-09-12,234.7,sangat tidak sehat,2026-09-13,217.7,sangat tidak sehat,0,0,21.1,SIAGA TINGGI,diperkirakan besok sangat tidak sehat; dan masih buruk lusa
Bintang Kurung,village,KALIMANTAN TENGAH,-1.8,114.8,223.5,sangat tidak sehat,2026-09-12,234.7,sangat tidak sehat,2026-09-13,217.7,sangat tidak sehat,0,0,29.6,SIAGA TINGGI,diperkirakan besok sangat tidak sehat; dan masih buruk lusa
Mabuan,village,KALIMANTAN TENGAH,-1.7,114.8,223.5,sangat tidak sehat,2026-09-12,234.7,sangat tidak sehat,2026-09-13,217.7,sangat tidak sehat,0,0,21.1,SIAGA TINGGI,diperkirakan besok sangat tidak sehat; dan masih buruk lusa
Teluk Telaga,village,KALIMANTAN TENGAH,-1.8,114.8,223.5,sangat tidak sehat,2026-09-12,234.7,sangat tidak sehat,2026-09-13,217.7,sangat tidak sehat,0,0,29.6,SIAGA TINGGI,diperkirakan besok sangat tidak sehat; dan masih buruk lusa
Kalahien,village,KALIMANTAN TENGAH,-1.6,114.8,223.5,sangat tidak sehat,2026-09-12,234.7,sangat tidak sehat,2026-09-13,217.7,sangat tidak sehat,0,0,21.1,SIAGA TINGGI,diperkirakan besok sangat tidak sehat; dan masih buruk lusa
Jelapat,village,KALIMANTAN TENGAH,-1.7,114.8,223.5,sangat tidak sehat,2026-09-12,234.7,sangat tidak sehat,2026-09-13,217.7,sangat tidak sehat,0,0,29.6,SIAGA TINGGI,diperkirakan besok sangat tidak sehat; dan masih buruk lusa
Petak Puti,village,KALIMANTAN TENGAH,-1.9,114.5,223.5,sangat tidak sehat,2026-09-12,234.7,sangat tidak sehat,2026-09-13,217.7,sangat tidak sehat,0,0,57.4,SIAGA TINGGI,diperkirakan besok sangat tidak sehat; dan masih buruk lusa
Bambaler,hamlet,KALIMANTAN TENGAH,-1.7,114.8,223.5,sangat tidak sehat,2026-09-12,234.7,sangat tidak sehat,2026-09-13,217.7,sangat tidak sehat,0,0,29.6,SIAGA TINGGI,diperkirakan besok sangat tidak sehat; dan masih buruk lusa
Danau Sadar,village,KALIMANTAN TENGAH,-1.8,114.8,223.5,sangat tidak sehat,2026-09-12,234.7,sangat tidak sehat,2026-09-13,217.7,sangat tidak sehat,0,0,29.6,SIAGA TINGGI,diperkirakan besok sangat tidak sehat; dan masih buruk lusa
Danau Masura,village,KALIMANTAN TENGAH,-1.7,114.8,223.5,sangat tidak sehat,2026-09-12,234.7,sangat tidak sehat,2026-09-13,217.7,sangat tidak sehat,0,0,29.6,SIAGA TINGGI,diperkirakan besok sangat tidak sehat; dan masih buruk lusa
Kanjarau,hamlet,KALIMANTAN TENGAH,-1.9,114.5,223.5,sangat tidak sehat,2026-09-12,234.7,sangat tidak sehat,2026-09-13,217.7,sangat tidak sehat,0,0,57.4,SIAGA TINGGI,diperkirakan besok sangat tidak sehat; dan masih buruk lusa
Bukit Batu,village,KALIMANTAN TENGAH,-1.7,114.4,223.5,sangat tidak sehat,2026-09-12,234.7,sangat tidak sehat,2026-09-13,217.7,sangat tidak sehat,0,0,56.3,SIAGA TINGGI,diperkirakan besok sangat tidak sehat; dan masih buruk lusa
Petak Puti lama,hamlet,KALIMANTAN TENGAH,-1.9,114.5,223.5,sangat tidak sehat,2026-09-12,234.7,sangat tidak sehat,2026-09-13,217.7,sangat tidak sehat,0,0,57.4,SIAGA TINGGI,diperkirakan besok sangat tidak sehat; dan masih buruk lusa
Baru,village,KALIMANTAN TENGAH,-1.8,114.7,223.5,sangat tidak sehat,2026-09-12,234.7,sangat tidak sehat,2026-09-13,217.7,sangat tidak sehat,0,0,29.6,SIAGA TINGGI,diperkirakan besok sangat tidak sehat; dan masih buruk lusa
Kota Baru,village,KALIMANTAN TENGAH,-1.5,114.4,223.5,sangat tidak sehat,2026-09-12,234.7,sangat tidak sehat,2026-09-13,217.7,sangat tidak sehat,0,0,56.3,SIAGA TINGGI,diperkirakan besok sangat tidak sehat; dan masih buruk lusa
Batapah,village,KALIMANTAN TENGAH,-1.5,114.6,223.5,sangat tidak sehat,2026-09-12,234.7,sangat tidak sehat,2026-09-13,217.7,sangat tidak sehat,0,0,56.3,SIAGA TINGGI,diperkirakan besok sangat tidak sehat; dan masih buruk lusa
Kayu Bulan,village,KALIMANTAN TENGAH,-1.5,114.4,223.5,sangat tidak sehat,2026-09-12,234.7,sangat tidak sehat,2026-09-13,217.7,sangat tidak sehat,0,0,56.3,SIAGA TINGGI,diperkirakan besok sangat tidak sehat; dan masih buruk lusa
Ketapang,city,KALIMANTAN BARAT,-1.8,110.0,205.1,sangat tidak sehat,2026-09-12,214.7,sangat tidak sehat,2026-09-13,235.3,sangat tidak sehat,0,0,38.9,SIAGA TINGGI,diperkirakan besok sangat tidak sehat; dan masih buruk lusa
Sungai Kinjil,village,KALIMANTAN BARAT,-1.9,110.0,205.1,sangat tidak sehat,2026-09-12,214.7,sangat tidak sehat,2026-09-13,235.3,sangat tidak sehat,0,0,38.9,SIAGA TINGGI,diperkirakan besok sangat tidak sehat; dan masih buruk lusa
Negeri Baru,village,KALIMANTAN BARAT,-1.9,110.0,205.1,sangat tidak sehat,2026-09-12,214.7,sangat tidak sehat,2026-09-13,235.3,sangat tidak sehat,0,0,38.9,SIAGA TINGGI,diperkirakan besok sangat tidak sehat; dan masih buruk lusa
Tengah,village,KALIMANTAN BARAT,-1.8,110.0,205.1,sangat tidak sehat,2026-09-12,214.7,sangat tidak sehat,2026-09-13,235.3,sangat tidak sehat,0,0,38.9,SIAGA TINGGI,diperkirakan besok sangat tidak sehat; dan masih buruk lusa
Sungai Awan Kiri,village,KALIMANTAN BARAT,-1.7,110.0,205.1,sangat tidak sehat,2026-09-12,214.7,sangat tidak sehat,2026-09-13,235.3,sangat tidak sehat,0,0,38.9,SIAGA TINGGI,diperkirakan besok sangat tidak sehat; dan masih buruk lusa
Kali Nilam,village,KALIMANTAN BARAT,-1.8,110.0,205.1,sangat tidak sehat,2026-09-12,214.7,sangat tidak sehat,2026-09-13,235.3,sangat tidak sehat,0,0,38.9,SIAGA TINGGI,diperkirakan besok sangat tidak sehat; dan masih buruk lusa
Sungai Putri,village,KALIMANTAN BARAT,-1.6,110.1,205.1,sangat tidak sehat,2026-09-12,214.7,sangat tidak sehat,2026-09-13,235.3,sangat tidak sehat,0,0,38.9,SIAGA TINGGI,diperkirakan besok sangat tidak sehat; dan masih buruk lusa
Ulak Medang,village,KALIMANTAN BARAT,-1.7,110.3,205.1,sangat tidak sehat,2026-09-12,214.7,sangat tidak sehat,2026-09-13,235.3,sangat tidak sehat,0,0,38.9,SIAGA TINGGI,diperkirakan besok sangat tidak sehat; dan masih buruk lusa
Tanjung Pasar,village,KALIMANTAN BARAT,-1.8,110.1,205.1,sangat tidak sehat,2026-09-12,214.7,sangat tidak sehat,2026-09-13,235.3,sangat tidak sehat,0,0,38.9,SIAGA TINGGI,diperkirakan besok sangat tidak sehat; dan masih buruk lusa
Sungai Pelang,village,KALIMANTAN BARAT,-1.9,110.1,205.1,sangat tidak sehat,2026-09-12,214.7,sangat tidak sehat,2026-09-13,235.3,sangat tidak sehat,0,0,38.9,SIAGA TINGGI,diperkirakan besok sangat tidak sehat; dan masih buruk lusa
Tanjung Pura,village,KALIMANTAN BARAT,-1.7,110.2,205.1,sangat tidak sehat,2026-09-12,214.7,sangat tidak sehat,2026-09-13,235.3,sangat tidak sehat,0,0,38.9,SIAGA TINGGI,diperkirakan besok sangat tidak sehat; dan masih buruk lusa
Suka Baru,village,KALIMANTAN BARAT,-1.9,109.9,205.1,sangat tidak sehat,2026-09-12,214.7,sangat tidak sehat,2026-09-13,235.3,sangat tidak sehat,0,0,58.0,SIAGA TINGGI,diperkirakan besok sangat tidak sehat; dan masih buruk lusa
Sampit,village,KALIMANTAN BARAT,-1.8,110.0,205.1,sangat tidak sehat,2026-09-12,214.7,sangat tidak sehat,2026-09-13,235.3,sangat tidak sehat,0,0,38.9,SIAGA TINGGI,diperkirakan besok sangat tidak sehat; dan masih buruk lusa
Tempurukan,village,KALIMANTAN BARAT,-1.7,110.0,205.1,sangat tidak sehat,2026-09-12,214.7,sangat tidak sehat,2026-09-13,235.3,sangat tidak sehat,0,0,38.9,SIAGA TINGGI,diperkirakan besok sangat tidak sehat; dan masih buruk lusa
Sungai Jawi,village,KALIMANTAN BARAT,-1.9,110.0,205.1,sangat tidak sehat,2026-09-12,214.7,sangat tidak sehat,2026-09-13,235.3,sangat tidak sehat,0,0,38.9,SIAGA TINGGI,diperkirakan besok sangat tidak sehat; dan masih buruk lusa
Mayak,village,KALIMANTAN BARAT,-1.8,110.2,205.1,sangat tidak sehat,2026-09-12,214.7,sangat tidak sehat,2026-09-13,235.3,sangat tidak sehat,0,0,38.9,SIAGA TINGGI,diperkirakan besok sangat tidak sehat; dan masih buruk lusa
Baru,village,KALIMANTAN BARAT,-1.8,110.0,205.1,sangat tidak sehat,2026-09-12,214.7,sangat tidak sehat,2026-09-13,235.3,sangat tidak sehat,0,0,38.9,SIAGA TINGGI,diperkirakan besok sangat tidak sehat; dan masih buruk lusa
Paya Kumang,village,KALIMANTAN BARAT,-1.8,110.0,205.1,sangat tidak sehat,2026-09-12,214.7,sangat tidak sehat,2026-09-13,235.3,sangat tidak sehat,0,0,38.9,SIAGA TINGGI,diperkirakan besok sangat tidak sehat; dan masih buruk lusa
Mulia Kerta,village,KALIMANTAN BARAT,-1.8,110.0,205.1,sangat tidak sehat,2026-09-12,214.7,sangat tidak sehat,2026-09-13,235.3,sangat tidak sehat,0,0,38.9,SIAGA TINGGI,diperkirakan besok sangat tidak sehat; dan masih buruk lusa
Sungai Awan Kanan,village,KALIMANTAN BARAT,-1.8,110.0,205.1,sangat tidak sehat,2026-09-12,214.7,sangat tidak sehat,2026-09-13,235.3,sangat tidak sehat,0,0,38.9,SIAGA TINGGI,diperkirakan besok sangat tidak sehat; dan masih buruk lusa
Makmur Abadi,village,KALIMANTAN BARAT,-1.7,110.3,205.1,sangat tidak sehat,2026-09-12,214.7,sangat tidak sehat,2026-09-13,235.3,sangat tidak sehat,0,0,38.9,SIAGA TINGGI,diperkirakan besok sangat tidak sehat; dan masih buruk lusa
Suka Maju,village,KALIMANTAN BARAT,-1.7,110.0,205.1,sangat tidak sehat,2026-09-12,214.7,sangat tidak sehat,2026-09-13,235.3,sangat tidak sehat,0,0,38.9,SIAGA TINGGI,diperkirakan besok sangat tidak sehat; dan masih buruk lusa
Mekar Sari,village,KALIMANTAN BARAT,-1.9,110.1,205.1,sangat tidak sehat,2026-09-12,214.7,sangat tidak sehat,2026-09-13,235.3,sangat tidak sehat,0,0,38.9,SIAGA TINGGI,diperkirakan besok sangat tidak sehat; dan masih buruk lusa
Padang,village,KALIMANTAN BARAT,-1.9,110.0,205.1,sangat tidak sehat,2026-09-12,214.7,sangat tidak sehat,2026-09-13,235.3,sangat tidak sehat,0,0,38.9,SIAGA TINGGI,diperkirakan besok sangat tidak sehat; dan masih buruk lusa
Tuan-Tuan,village,KALIMANTAN BARAT,-1.9,110.0,205.1,sangat tidak sehat,2026-09-12,214.7,sangat tidak sehat,2026-09-13,235.3,sangat tidak sehat,0,0,38.9,SIAGA TINGGI,diperkirakan besok sangat tidak sehat; dan masih buruk lusa
Kinjil Pesisir,village,KALIMANTAN BARAT,-1.9,110.0,205.1,sangat tidak sehat,2026-09-12,214.7,sangat tidak sehat,2026-09-13,235.3,sangat tidak sehat,0,0,38.9,SIAGA TINGGI,diperkirakan besok sangat tidak sehat; dan masih buruk lusa
Banjar,village,KALIMANTAN BARAT,-1.9,110.0,205.1,sangat tidak sehat,2026-09-12,214.7,sangat tidak sehat,2026-09-13,235.3,sangat tidak sehat,0,0,38.9,SIAGA TINGGI,diperkirakan besok sangat tidak sehat; dan masih buruk lusa
Kauman,village,KALIMANTAN BARAT,-1.9,110.0,205.1,sangat tidak sehat,2026-09-12,214.7,sangat tidak sehat,2026-09-13,235.3,sangat tidak sehat,0,0,38.9,SIAGA TINGGI,diperkirakan besok sangat tidak sehat; dan masih buruk lusa
Mulia Baru,village,KALIMANTAN BARAT,-1.8,110.0,205.1,sangat tidak sehat,2026-09-12,214.7,sangat tidak sehat,2026-09-13,235.3,sangat tidak sehat,0,0,38.9,SIAGA TINGGI,diperkirakan besok sangat tidak sehat; dan masih buruk lusa
Kantor,village,KALIMANTAN BARAT,-1.9,110.0,205.1,sangat tidak sehat,2026-09-12,214.7,sangat tidak sehat,2026-09-13,235.3,sangat tidak sehat,0,0,38.9,SIAGA TINGGI,diperkirakan besok sangat tidak sehat; dan masih buruk lusa
Suka Harja,village,KALIMANTAN BARAT,-1.8,110.0,205.1,sangat tidak sehat,2026-09-12,214.7,sangat tidak sehat,2026-09-13,235.3,sangat tidak sehat,0,0,38.9,SIAGA TINGGI,diperkirakan besok sangat tidak sehat; dan masih buruk lusa
Suka Bangun Dalam,village,KALIMANTAN BARAT,-1.8,109.9,205.1,sangat tidak sehat,2026-09-12,214.7,sangat tidak sehat,2026-09-13,235.3,sangat tidak sehat,0,0,58.0,SIAGA TINGGI,diperkirakan besok sangat tidak sehat; dan masih buruk lusa
Suka Bangun,village,KALIMANTAN BARAT,-1.8,110.0,205.1,sangat tidak sehat,2026-09-12,214.7,sangat tidak sehat,2026-09-13,235.3,sangat tidak sehat,0,0,38.9,SIAGA TINGGI,diperkirakan besok sangat tidak sehat; dan masih buruk lusa
Tanjung Baik Budi,village,KALIMANTAN BARAT,-1.5,110.1,205.1,sangat tidak sehat,2026-09-12,214.7,sangat tidak sehat,2026-09-13,235.3,sangat tidak sehat,0,0,41.2,SIAGA TINGGI,diperkirakan besok sangat tidak sehat; dan masih buruk lusa
Kuala Tolak,village,KALIMANTAN BARAT,-1.5,110.1,205.1,sangat tidak sehat,2026-09-12,214.7,sangat tidak sehat,2026-09-13,235.3,sangat tidak sehat,0,0,41.2,SIAGA TINGGI,diperkirakan besok sangat tidak sehat; dan masih buruk lusa
Lalang,village,KALIMANTAN BARAT,-0.2,110.3,202.1,sangat tidak sehat,2026-09-12,234.2,sangat tidak sehat,2026-09-13,197.5,sangat tidak sehat,0,0,141.5,SIAGA TINGGI,diperkirakan besok sangat tidak sehat; dan masih buruk lusa
Tanjung Bunut,village,KALIMANTAN BARAT,-0.1,110.2,202.1,sangat tidak sehat,2026-09-12,234.2,sangat tidak sehat,2026-09-13,197.5,sangat tidak sehat,0,0,141.5,SIAGA TINGGI,diperkirakan besok sangat tidak sehat; dan masih buruk lusa
Sejotang,village,KALIMANTAN BARAT,-0.0,110.1,202.1,sangat tidak sehat,2026-09-12,234.2,sangat tidak sehat,2026-09-13,197.5,sangat tidak sehat,0,0,141.5,SIAGA TINGGI,diperkirakan besok sangat tidak sehat; dan masih buruk lusa
Sansat,village,KALIMANTAN BARAT,-0.1,110.0,202.1,sangat tidak sehat,2026-09-12,234.2,sangat tidak sehat,2026-09-13,197.5,sangat tidak sehat,0,0,141.5,SIAGA TINGGI,diperkirakan besok sangat tidak sehat; dan masih buruk lusa
Mukti Jaya,village,KALIMANTAN BARAT,-0.2,110.3,202.1,sangat tidak sehat,2026-09-12,234.2,sangat tidak sehat,2026-09-13,197.5,sangat tidak sehat,0,0,141.5,SIAGA TINGGI,diperkirakan besok sangat tidak sehat; dan masih buruk lusa
Melugai,village,KALIMANTAN BARAT,0.0,110.1,202.1,sangat tidak sehat,2026-09-12,234.2,sangat tidak sehat,2026-09-13,197.5,sangat tidak sehat,0,0,141.5,SIAGA TINGGI,diperkirakan besok sangat tidak sehat; dan masih buruk lusa
Enggadai,village,KALIMANTAN BARAT,-0.3,110.3,202.1,sangat tidak sehat,2026-09-12,234.2,sangat tidak sehat,2026-09-13,197.5,sangat tidak sehat,0,0,69.5,SIAGA TINGGI,diperkirakan besok sangat tidak sehat; dan masih buruk lusa
Lalang,village,KALIMANTAN BARAT,-0.0,110.0,202.1,sangat tidak sehat,2026-09-12,234.2,sangat tidak sehat,2026-09-13,197.5,sangat tidak sehat,0,0,141.5,SIAGA TINGGI,diperkirakan besok sangat tidak sehat; dan masih buruk lusa
Sungai Jaman,village,KALIMANTAN BARAT,0.0,110.3,202.1,sangat tidak sehat,2026-09-12,234.2,sangat tidak sehat,2026-09-13,197.5,sangat tidak sehat,0,0,141.5,SIAGA TINGGI,diperkirakan besok sangat tidak sehat; dan masih buruk lusa
Cupang,village,KALIMANTAN BARAT,-0.2,110.3,202.1,sangat tidak sehat,2026-09-12,234.2,sangat tidak sehat,2026-09-13,197.5,sangat tidak sehat,0,0,141.5,SIAGA TINGGI,diperkirakan besok sangat tidak sehat; dan masih buruk lusa
Beginjan,village,KALIMANTAN BARAT,-0.0,110.2,202.1,sangat tidak sehat,2026-09-12,234.2,sangat tidak sehat,2026-09-13,197.5,sangat tidak sehat,0,0,141.5,SIAGA TINGGI,diperkirakan besok sangat tidak sehat; dan masih buruk lusa
Balai Belungai,village,KALIMANTAN BARAT,-0.1,110.1,202.1,sangat tidak sehat,2026-09-12,234.2,sangat tidak sehat,2026-09-13,197.5,sangat tidak sehat,0,0,141.5,SIAGA TINGGI,diperkirakan besok sangat tidak sehat; dan masih buruk lusa
Betuah,village,KALIMANTAN BARAT,-0.3,110.0,202.1,sangat tidak sehat,2026-09-12,234.2,sangat tidak sehat,2026-09-13,197.5,sangat tidak sehat,0,0,69.5,SIAGA TINGGI,diperkirakan besok sangat tidak sehat; dan masih buruk lusa
Meliau Hulu,village,KALIMANTAN BARAT,-0.1,110.3,202.1,sangat tidak sehat,2026-09-12,234.2,sangat tidak sehat,2026-09-13,197.5,sangat tidak sehat,0,0,141.5,SIAGA TINGGI,diperkirakan besok sangat tidak sehat; dan masih buruk lusa
Pulau Limbung,village,KALIMANTAN BARAT,-0.3,109.9,202.1,sangat tidak sehat,2026-09-12,234.2,sangat tidak sehat,2026-09-13,197.5,sangat tidak sehat,0,0,485.7,SIAGA TINGGI,diperkirakan besok sangat tidak sehat; dan masih buruk lusa; asap tebal 60 km di arah angin (486)
Bagan Asam,village,KALIMANTAN BARAT,-0.4,110.1,202.1,sangat tidak sehat,2026-09-12,234.2,sangat tidak sehat,2026-09-13,197.5,sangat tidak sehat,0,0,69.5,SIAGA TINGGI,diperkirakan besok sangat tidak sehat; dan masih buruk lusa
Sebemban,village,KALIMANTAN BARAT,-0.0,110.2,202.1,sangat tidak sehat,2026-09-12,234.2,sangat tidak sehat,2026-09-13,197.5,sangat tidak sehat,0,0,141.5,SIAGA TINGGI,diperkirakan besok sangat tidak sehat; dan masih buruk lusa
Pedalaman,village,KALIMANTAN BARAT,-0.0,110.1,202.1,sangat tidak sehat,2026-09-12,234.2,sangat tidak sehat,2026-09-13,197.5,sangat tidak sehat,0,0,141.5,SIAGA TINGGI,diperkirakan besok sangat tidak sehat; dan masih buruk lusa
Pulau Tayan Utara,village,KALIMANTAN BARAT,-0.0,110.1,202.1,sangat tidak sehat,2026-09-12,234.2,sangat tidak sehat,2026-09-13,197.5,sangat tidak sehat,0,0,141.5,SIAGA TINGGI,diperkirakan besok sangat tidak sehat; dan masih buruk lusa
Sekucing Labai,village,KALIMANTAN BARAT,-0.4,110.1,202.1,sangat tidak sehat,2026-09-12,234.2,sangat tidak sehat,2026-09-13,197.5,sangat tidak sehat,0,0,69.5,SIAGA TINGGI,diperkirakan besok sangat tidak sehat; dan masih buruk lusa
Kawat,village,KALIMANTAN BARAT,-0.0,110.1,202.1,sangat tidak sehat,2026-09-12,234.2,sangat tidak sehat,2026-09-13,197.5,sangat tidak sehat,0,0,141.5,SIAGA TINGGI,diperkirakan besok sangat tidak sehat; dan masih buruk lusa
Gunung Tamang,village,KALIMANTAN BARAT,-0.2,109.9,202.1,sangat tidak sehat,2026-09-12,234.2,sangat tidak sehat,2026-09-13,197.5,sangat tidak sehat,0,0,485.7,SIAGA TINGGI,diperkirakan besok sangat tidak sehat; dan masih buruk lusa; asap tebal 60 km di arah angin (486)
Meranggau,village,KALIMANTAN BARAT,-0.2,110.3,202.1,sangat tidak sehat,2026-09-12,234.2,sangat tidak sehat,2026-09-13,197.5,sangat tidak sehat,0,0,141.5,SIAGA TINGGI,diperkirakan besok sangat tidak sehat; dan masih buruk lusa
Teraju,village,KALIMANTAN BARAT,-0.2,110.1,202.1,sangat tidak sehat,2026-09-12,234.2,sangat tidak sehat,2026-09-13,197.5,sangat tidak sehat,0,0,69.5,SIAGA TINGGI,diperkirakan besok sangat tidak sehat; dan masih buruk lusa
Meliau Hilir,village,KALIMANTAN BARAT,-0.1,110.3,202.1,sangat tidak sehat,2026-09-12,234.2,sangat tidak sehat,2026-09-13,197.5,sangat tidak sehat,0,0,141.5,SIAGA TINGGI,diperkirakan besok sangat tidak sehat; dan masih buruk lusa
Subah,village,KALIMANTAN BARAT,0.0,110.0,202.1,sangat tidak sehat,2026-09-12,234.2,sangat tidak sehat,2026-09-13,197.5,sangat tidak sehat,0,0,141.5,SIAGA TINGGI,diperkirakan besok sangat tidak sehat; dan masih buruk lusa
Belungai Dalam,village,KALIMANTAN BARAT,-0.1,110.1,202.1,sangat tidak sehat,2026-09-12,234.2,sangat tidak sehat,2026-09-13,197.5,sangat tidak sehat,0,0,141.5,SIAGA TINGGI,diperkirakan besok sangat tidak sehat; dan masih buruk lusa
Baru Lombak,village,KALIMANTAN BARAT,-0.3,110.3,202.1,sangat tidak sehat,2026-09-12,234.2,sangat tidak sehat,2026-09-13,197.5,sangat tidak sehat,0,0,69.5,SIAGA TINGGI,diperkirakan besok sangat tidak sehat; dan masih buruk lusa
Balai Tinggi,village,KALIMANTAN BARAT,-0.2,110.2,202.1,sangat tidak sehat,2026-09-12,234.2,sangat tidak sehat,2026-09-13,197.5,sangat tidak sehat,0,0,141.5,SIAGA TINGGI,diperkirakan besok sangat tidak sehat; dan masih buruk lusa
Lumut,village,KALIMANTAN BARAT,-0.2,110.1,202.1,sangat tidak sehat,2026-09-12,234.2,sangat tidak sehat,2026-09-13,197.5,sangat tidak sehat,0,0,69.5,SIAGA TINGGI,diperkirakan besok sangat tidak sehat; dan masih buruk lusa
Kampung Baru,village,KALIMANTAN BARAT,-0.3,110.0,202.1,sangat tidak sehat,2026-09-12,234.2,sangat tidak sehat,2026-09-13,197.5,sangat tidak sehat,0,0,69.5,SIAGA TINGGI,diperkirakan besok sangat tidak sehat; dan masih buruk lusa
Sungai Mayam,village,KALIMANTAN BARAT,-0.1,110.3,202.1,sangat tidak sehat,2026-09-12,234.2,sangat tidak sehat,2026-09-13,197.5,sangat tidak sehat,0,0,141.5,SIAGA TINGGI,diperkirakan besok sangat tidak sehat; dan masih buruk lusa
Segelam,village,KALIMANTAN BARAT,-0.1,110.2,202.1,sangat tidak sehat,2026-09-12,234.2,sangat tidak sehat,2026-09-13,197.5,sangat tidak sehat,0,0,141.5,SIAGA TINGGI,diperkirakan besok sangat tidak sehat; dan masih buruk lusa
Tengkuyung,hamlet,KALIMANTAN BARAT,-0.1,110.2,202.1,sangat tidak sehat,2026-09-12,234.2,sangat tidak sehat,2026-09-13,197.5,sangat tidak sehat,0,0,141.5,SIAGA TINGGI,diperkirakan besok sangat tidak sehat; dan masih buruk lusa
Sei Temborang,hamlet,KALIMANTAN BARAT,-0.4,110.3,202.1,sangat tidak sehat,2026-09-12,234.2,sangat tidak sehat,2026-09-13,197.5,sangat tidak sehat,0,0,69.5,SIAGA TINGGI,diperkirakan besok sangat tidak sehat; dan masih buruk lusa
Sebandang,hamlet,KALIMANTAN BARAT,-0.1,110.1,202.1,sangat tidak sehat,2026-09-12,234.2,sangat tidak sehat,2026-09-13,197.5,sangat tidak sehat,0,0,141.5,SIAGA TINGGI,diperkirakan besok sangat tidak sehat; dan masih buruk lusa
Pasir Mentawak,hamlet,KALIMANTAN BARAT,-0.1,110.0,202.1,sangat tidak sehat,2026-09-12,234.2,sangat tidak sehat,2026-09-13,197.5,sangat tidak sehat,0,0,141.5,SIAGA TINGGI,diperkirakan besok sangat tidak sehat; dan masih buruk lusa
Kelapuk,hamlet,KALIMANTAN BARAT,-0.4,109.9,202.1,sangat tidak sehat,2026-09-12,234.2,sangat tidak sehat,2026-09-13,197.5,sangat tidak sehat,0,0,69.5,SIAGA TINGGI,diperkirakan besok sangat tidak sehat; dan masih buruk lusa
Mungguk Pasir,hamlet,KALIMANTAN BARAT,-0.3,110.1,202.1,sangat tidak sehat,2026-09-12,234.2,sangat tidak sehat,2026-09-13,197.5,sangat tidak sehat,0,0,69.5,SIAGA TINGGI,diperkirakan besok sangat tidak sehat; dan masih buruk lusa
Mangkup,hamlet,KALIMANTAN BARAT,-0.3,110.1,202.1,sangat tidak sehat,2026-09-12,234.2,sangat tidak sehat,2026-09-13,197.5,sangat tidak sehat,0,0,69.5,SIAGA TINGGI,diperkirakan besok sangat tidak sehat; dan masih buruk lusa
Modang,hamlet,KALIMANTAN BARAT,-0.3,110.2,202.1,sangat tidak sehat,2026-09-12,234.2,sangat tidak sehat,2026-09-13,197.5,sangat tidak sehat,0,0,69.5,SIAGA TINGGI,diperkirakan besok sangat tidak sehat; dan masih buruk lusa
Pemansak,hamlet,KALIMANTAN BARAT,-0.4,110.2,202.1,sangat tidak sehat,2026-09-12,234.2,sangat tidak sehat,2026-09-13,197.5,sangat tidak sehat,0,0,69.5,SIAGA TINGGI,diperkirakan besok sangat tidak sehat; dan masih buruk lusa
Tanjung Durian,hamlet,KALIMANTAN BARAT,-0.3,109.9,202.1,sangat tidak sehat,2026-09-12,234.2,sangat tidak sehat,2026-09-13,197.5,sangat tidak sehat,0,0,69.5,SIAGA TINGGI,diperkirakan besok sangat tidak sehat; dan masih buruk lusa
Martalaya,hamlet,KALIMANTAN BARAT,-0.3,109.9,202.1,sangat tidak sehat,2026-09-12,234.2,sangat tidak sehat,2026-09-13,197.5,sangat tidak sehat,0,0,69.5,SIAGA TINGGI,diperkirakan besok sangat tidak sehat; dan masih buruk lusa
Gempar,hamlet,KALIMANTAN BARAT,-0.2,109.9,202.1,sangat tidak sehat,2026-09-12,234.2,sangat tidak sehat,2026-09-13,197.5,sangat tidak sehat,0,0,69.5,SIAGA TINGGI,diperkirakan besok sangat tidak sehat; dan masih buruk lusa
Pulau Jambu,village,KALIMANTAN BARAT,-0.2,110.0,202.1,sangat tidak sehat,2026-09-12,234.2,sangat tidak sehat,2026-09-13,197.5,sangat tidak sehat,0,0,69.5,SIAGA TINGGI,diperkirakan besok sangat tidak sehat; dan masih buruk lusa
Pasir,hamlet,KALIMANTAN BARAT,-0.1,110.3,202.1,sangat tidak sehat,2026-09-12,234.2,sangat tidak sehat,2026-09-13,197.5,sangat tidak sehat,0,0,141.5,SIAGA TINGGI,diperkirakan besok sangat tidak sehat; dan masih buruk lusa
Embaloh,hamlet,KALIMANTAN BARAT,-0.1,110.1,202.1,sangat tidak sehat,2026-09-12,234.2,sangat tidak sehat,2026-09-13,197.5,sangat tidak sehat,0,0,141.5,SIAGA TINGGI,diperkirakan besok sangat tidak sehat; dan masih buruk lusa
Keramas,village,KALIMANTAN BARAT,-0.1,110.2,202.1,sangat tidak sehat,2026-09-12,234.2,sangat tidak sehat,2026-09-13,197.5,sangat tidak sehat,0,0,141.5,SIAGA TINGGI,diperkirakan besok sangat tidak sehat; dan masih buruk lusa
Embangai,hamlet,KALIMANTAN BARAT,-0.2,110.1,202.1,sangat tidak sehat,2026-09-12,234.2,sangat tidak sehat,2026-09-13,197.5,sangat tidak sehat,0,0,141.5,SIAGA TINGGI,diperkirakan besok sangat tidak sehat; dan masih buruk lusa
Sungai Galing,hamlet,KALIMANTAN BARAT,-0.1,110.3,202.1,sangat tidak sehat,2026-09-12,234.2,sangat tidak sehat,2026-09-13,197.5,sangat tidak sehat,0,0,141.5,SIAGA TINGGI,diperkirakan besok sangat tidak sehat; dan masih buruk lusa
Kraya,hamlet,KALIMANTAN BARAT,-0.1,110.1,202.1,sangat tidak sehat,2026-09-12,234.2,sangat tidak sehat,2026-09-13,197.5,sangat tidak sehat,0,0,141.5,SIAGA TINGGI,diperkirakan besok sangat tidak sehat; dan masih buruk lusa
Nek Bindang,hamlet,KALIMANTAN BARAT,-0.1,110.1,202.1,sangat tidak sehat,2026-09-12,234.2,sangat tidak sehat,2026-09-13,197.5,sangat tidak sehat,0,0,141.5,SIAGA TINGGI,diperkirakan besok sangat tidak sehat; dan masih buruk lusa
Selimut,hamlet,KALIMANTAN BARAT,-0.1,110.2,202.1,sangat tidak sehat,2026-09-12,234.2,sangat tidak sehat,2026-09-13,197.5,sangat tidak sehat,0,0,141.5,SIAGA TINGGI,diperkirakan besok sangat tidak sehat; dan masih buruk lusa
Tayok,hamlet,KALIMANTAN BARAT,-0.1,110.3,202.1,sangat tidak sehat,2026-09-12,234.2,sangat tidak sehat,2026-09-13,197.5,sangat tidak sehat,0,0,141.5,SIAGA TINGGI,diperkirakan besok sangat tidak sehat; dan masih buruk lusa
Danau Batu,hamlet,KALIMANTAN BARAT,-0.1,110.2,202.1,sangat tidak sehat,2026-09-12,234.2,sangat tidak sehat,2026-09-13,197.5,sangat tidak sehat,0,0,141.5,SIAGA TINGGI,diperkirakan besok sangat tidak sehat; dan masih buruk lusa
Cingka,hamlet,KALIMANTAN BARAT,-0.1,110.2,202.1,sangat tidak sehat,2026-09-12,234.2,sangat tidak sehat,2026-09-13,197.5,sangat tidak sehat,0,0,141.5,SIAGA TINGGI,diperkirakan besok sangat tidak sehat; dan masih buruk lusa
Balai Beringin,hamlet,KALIMANTAN BARAT,-0.2,110.2,202.1,sangat tidak sehat,2026-09-12,234.2,sangat tidak sehat,2026-09-13,197.5,sangat tidak sehat,0,0,141.5,SIAGA TINGGI,diperkirakan besok sangat tidak sehat; dan masih buruk lusa
Suka Damai,hamlet,KALIMANTAN BARAT,-0.2,110.2,202.1,sangat tidak sehat,2026-09-12,234.2,sangat tidak sehat,2026-09-13,197.5,sangat tidak sehat,0,0,141.5,SIAGA TINGGI,diperkirakan besok sangat tidak sehat; dan masih buruk lusa
Ensunak,hamlet,KALIMANTAN BARAT,-0.3,110.2,202.1,sangat tidak sehat,2026-09-12,234.2,sangat tidak sehat,2026-09-13,197.5,sangat tidak sehat,0,0,69.5,SIAGA TINGGI,diperkirakan besok sangat tidak sehat; dan masih buruk lusa
Sumsum,village,KALIMANTAN BARAT,0.3,109.5,155.0,sangat tidak sehat,2026-09-12,179.3,sangat tidak sehat,2026-09-13,155.1,sangat tidak sehat,0,0,202.1,SIAGA TINGGI,diperkirakan besok sangat tidak sehat; dan masih buruk lusa; asap tebal 60 km di arah angin (202)
Sebangki,village,KALIMANTAN BARAT,0.1,109.6,155.0,sangat tidak sehat,2026-09-12,179.3,sangat tidak sehat,2026-09-13,155.1,sangat tidak sehat,0,0,202.1,SIAGA TINGGI,diperkirakan besok sangat tidak sehat; dan masih buruk lusa; asap tebal 60 km di arah angin (202)
Penyaho Dangku,village,KALIMANTAN BARAT,0.5,109.8,155.0,sangat tidak sehat,2026-09-12,179.3,sangat tidak sehat,2026-09-13,155.1,sangat tidak sehat,0,0,126.0,SIAGA TINGGI,diperkirakan besok sangat tidak sehat; dan masih buruk lusa
Ta'as,village,KALIMANTAN BARAT,0.5,109.6,155.0,sangat tidak sehat,2026-09-12,179.3,sangat tidak sehat,2026-09-13,155.1,sangat tidak sehat,0,0,126.0,SIAGA TINGGI,diperkirakan besok sangat tidak sehat; dan masih buruk lusa
Sekilap,village,KALIMANTAN BARAT,0.3,109.5,155.0,sangat tidak sehat,2026-09-12,179.3,sangat tidak sehat,2026-09-13,155.1,sangat tidak sehat,0,0,202.1,SIAGA TINGGI,diperkirakan besok sangat tidak sehat; dan masih buruk lusa; asap tebal 60 km di arah angin (202)
Lamoanak,village,KALIMANTAN BARAT,0.4,109.4,155.0,sangat tidak sehat,2026-09-12,179.3,sangat tidak sehat,2026-09-13,155.1,sangat tidak sehat,0,0,279.4,SIAGA TINGGI,diperkirakan besok sangat tidak sehat; dan masih buruk lusa; asap tebal 60 km di arah angin (279)
Kubu Padi,village,KALIMANTAN BARAT,0.1,109.4,155.0,sangat tidak sehat,2026-09-12,179.3,sangat tidak sehat,2026-09-13,155.1,sangat tidak sehat,0,0,202.1,SIAGA TINGGI,diperkirakan besok sangat tidak sehat; dan masih buruk lusa; asap tebal 60 km di arah angin (202)
Antan Rayan,village,KALIMANTAN BARAT,0.5,109.8,155.0,sangat tidak sehat,2026-09-12,179.3,sangat tidak sehat,2026-09-13,155.1,sangat tidak sehat,0,0,126.0,SIAGA TINGGI,diperkirakan besok sangat tidak sehat; dan masih buruk lusa
Aur Sampuk,village,KALIMANTAN BARAT,0.3,109.6,155.0,sangat tidak sehat,2026-09-12,179.3,sangat tidak sehat,2026-09-13,155.1,sangat tidak sehat,0,0,202.1,SIAGA TINGGI,diperkirakan besok sangat tidak sehat; dan masih buruk lusa; asap tebal 60 km di arah angin (202)
Manggang,village,KALIMANTAN BARAT,0.3,109.5,155.0,sangat tidak sehat,2026-09-12,179.3,sangat tidak sehat,2026-09-13,155.1,sangat tidak sehat,0,0,202.1,SIAGA TINGGI,diperkirakan besok sangat tidak sehat; dan masih buruk lusa; asap tebal 60 km di arah angin (202)
Senakin,village,KALIMANTAN BARAT,0.4,109.6,155.0,sangat tidak sehat,2026-09-12,179.3,sangat tidak sehat,2026-09-13,155.1,sangat tidak sehat,0,0,202.1,SIAGA TINGGI,diperkirakan besok sangat tidak sehat; dan masih buruk lusa; asap tebal 60 km di arah angin (202)
Sungai Segak,village,KALIMANTAN BARAT,0.2,109.6,155.0,sangat tidak sehat,2026-09-12,179.3,sangat tidak sehat,2026-09-13,155.1,sangat tidak sehat,0,0,202.1,SIAGA TINGGI,diperkirakan besok sangat tidak sehat; dan masih buruk lusa; asap tebal 60 km di arah angin (202)
Sungai Laki,village,KALIMANTAN BARAT,0.5,109.4,155.0,sangat tidak sehat,2026-09-12,179.3,sangat tidak sehat,2026-09-13,155.1,sangat tidak sehat,0,0,155.0,SIAGA TINGGI,diperkirakan besok sangat tidak sehat; dan masih buruk lusa; asap tebal 60 km di arah angin (155)
Ongkol Padang,village,KALIMANTAN BARAT,0.5,109.6,155.0,sangat tidak sehat,2026-09-12,179.3,sangat tidak sehat,2026-09-13,155.1,sangat tidak sehat,0,0,126.0,SIAGA TINGGI,diperkirakan besok sangat tidak sehat; dan masih buruk lusa
Selutung,village,KALIMANTAN BARAT,0.4,109.4,155.0,sangat tidak sehat,2026-09-12,179.3,sangat tidak sehat,2026-09-13,155.1,sangat tidak sehat,0,0,279.4,SIAGA TINGGI,diperkirakan besok sangat tidak sehat; dan masih buruk lusa; asap tebal 60 km di arah angin (279)
Lingkonong,village,KALIMANTAN BARAT,0.5,109.4,155.0,sangat tidak sehat,2026-09-12,179.3,sangat tidak sehat,2026-09-13,155.1,sangat tidak sehat,0,0,155.0,SIAGA TINGGI,diperkirakan besok sangat tidak sehat; dan masih buruk lusa; asap tebal 60 km di arah angin (155)
Tonang,village,KALIMANTAN BARAT,0.4,109.5,155.0,sangat tidak sehat,2026-09-12,179.3,sangat tidak sehat,2026-09-13,155.1,sangat tidak sehat,0,0,202.1,SIAGA TINGGI,diperkirakan besok sangat tidak sehat; dan masih buruk lusa; asap tebal 60 km di arah angin (202)
Pahauman,village,KALIMANTAN BARAT,0.3,109.7,155.0,sangat tidak sehat,2026-09-12,179.3,sangat tidak sehat,2026-09-13,155.1,sangat tidak sehat,0,0,202.1,SIAGA TINGGI,diperkirakan besok sangat tidak sehat; dan masih buruk lusa; asap tebal 60 km di arah angin (202)
Kayu Ara,village,KALIMANTAN BARAT,0.3,109.4,155.0,sangat tidak sehat,2026-09-12,179.3,sangat tidak sehat,2026-09-13,155.1,sangat tidak sehat,0,0,279.4,SIAGA TINGGI,diperkirakan besok sangat tidak sehat; dan masih buruk lusa; asap tebal 60 km di arah angin (279)
Keranji Mancal,village,KALIMANTAN BARAT,0.4,109.8,155.0,sangat tidak sehat,2026-09-12,179.3,sangat tidak sehat,2026-09-13,155.1,sangat tidak sehat,0,0,126.0,SIAGA TINGGI,diperkirakan besok sangat tidak sehat; dan masih buruk lusa
Amang,village,KALIMANTAN BARAT,0.5,109.8,155.0,sangat tidak sehat,2026-09-12,179.3,sangat tidak sehat,2026-09-13,155.1,sangat tidak sehat,0,0,126.0,SIAGA TINGGI,diperkirakan besok sangat tidak sehat; dan masih buruk lusa
Galar,village,KALIMANTAN BARAT,0.5,109.5,155.0,sangat tidak sehat,2026-09-12,179.3,sangat tidak sehat,2026-09-13,155.1,sangat tidak sehat,0,0,126.0,SIAGA TINGGI,diperkirakan besok sangat tidak sehat; dan masih buruk lusa
Saham,village,KALIMANTAN BARAT,0.2,109.7,155.0,sangat tidak sehat,2026-09-12,179.3,sangat tidak sehat,2026-09-13,155.1,sangat tidak sehat,0,0,202.1,SIAGA TINGGI,diperkirakan besok sangat tidak sehat; dan masih buruk lusa; asap tebal 60 km di arah angin (202)
Rantau Panjang,village,KALIMANTAN BARAT,0.1,109.5,155.0,sangat tidak sehat,2026-09-12,179.3,sangat tidak sehat,2026-09-13,155.1,sangat tidak sehat,0,0,202.1,SIAGA TINGGI,diperkirakan besok sangat tidak sehat; dan masih buruk lusa; asap tebal 60 km di arah angin (202)
Sompak,village,KALIMANTAN BARAT,0.5,109.5,155.0,sangat tidak sehat,2026-09-12,179.3,sangat tidak sehat,2026-09-13,155.1,sangat tidak sehat,0,0,126.0,SIAGA TINGGI,diperkirakan besok sangat tidak sehat; dan masih buruk lusa
Bebatung,village,KALIMANTAN BARAT,0.4,109.4,155.0,sangat tidak sehat,2026-09-12,179.3,sangat tidak sehat,2026-09-13,155.1,sangat tidak sehat,0,0,279.4,SIAGA TINGGI,diperkirakan besok sangat tidak sehat; dan masih buruk lusa; asap tebal 60 km di arah angin (279)
Anik Dingir,village,KALIMANTAN BARAT,0.5,109.7,155.0,sangat tidak sehat,2026-09-12,179.3,sangat tidak sehat,2026-09-13,155.1,sangat tidak sehat,0,0,126.0,SIAGA TINGGI,diperkirakan besok sangat tidak sehat; dan masih buruk lusa
Mengkunyit,village,KALIMANTAN BARAT,0.4,109.5,155.0,sangat tidak sehat,2026-09-12,179.3,sangat tidak sehat,2026-09-13,155.1,sangat tidak sehat,0,0,202.1,SIAGA TINGGI,diperkirakan besok sangat tidak sehat; dan masih buruk lusa; asap tebal 60 km di arah angin (202)
Banying,village,KALIMANTAN BARAT,0.4,109.7,155.0,sangat tidak sehat,2026-09-12,179.3,sangat tidak sehat,2026-09-13,155.1,sangat tidak sehat,0,0,126.0,SIAGA TINGGI,diperkirakan besok sangat tidak sehat; dan masih buruk lusa
Bengkawe,village,KALIMANTAN BARAT,0.4,109.4,155.0,sangat tidak sehat,2026-09-12,179.3,sangat tidak sehat,2026-09-13,155.1,sangat tidak sehat,0,0,155.0,SIAGA TINGGI,diperkirakan besok sangat tidak sehat; dan masih buruk lusa; asap tebal 60 km di arah angin (155)
Sungai Enau,village,KALIMANTAN BARAT,0.1,109.5,155.0,sangat tidak sehat,2026-09-12,179.3,sangat tidak sehat,2026-09-13,155.1,sangat tidak sehat,0,0,202.1,SIAGA TINGGI,diperkirakan besok sangat tidak sehat; dan masih buruk lusa; asap tebal 60 km di arah angin (202)
Garu,village,KALIMANTAN BARAT,0.5,109.4,155.0,sangat tidak sehat,2026-09-12,179.3,sangat tidak sehat,2026-09-13,155.1,sangat tidak sehat,0,0,155.0,SIAGA TINGGI,diperkirakan besok sangat tidak sehat; dan masih buruk lusa; asap tebal 60 km di arah angin (155)
Paloan,village,KALIMANTAN BARAT,0.3,109.6,155.0,sangat tidak sehat,2026-09-12,179.3,sangat tidak sehat,2026-09-13,155.1,sangat tidak sehat,0,0,202.1,SIAGA TINGGI,diperkirakan besok sangat tidak sehat; dan masih buruk lusa; asap tebal 60 km di arah angin (202)
Pakumbang,village,KALIMANTAN BARAT,0.5,109.5,155.0,sangat tidak sehat,2026-09-12,179.3,sangat tidak sehat,2026-09-13,155.1,sangat tidak sehat,0,0,126.0,SIAGA TINGGI,diperkirakan besok sangat tidak sehat; dan masih buruk lusa
Agak,village,KALIMANTAN BARAT,0.2,109.6,155.0,sangat tidak sehat,2026-09-12,179.3,sangat tidak sehat,2026-09-13,155.1,sangat tidak sehat,0,0,202.1,SIAGA TINGGI,diperkirakan besok sangat tidak sehat; dan masih buruk lusa; asap tebal 60 km di arah angin (202)
Kerohok,village,KALIMANTAN BARAT,0.3,109.4,155.0,sangat tidak sehat,2026-09-12,179.3,sangat tidak sehat,2026-09-13,155.1,sangat tidak sehat,0,0,279.4,SIAGA TINGGI,diperkirakan besok sangat tidak sehat; dan masih buruk lusa; asap tebal 60 km di arah angin (279)
Tumabang,hamlet,KALIMANTAN BARAT,0.4,109.7,155.0,sangat tidak sehat,2026-09-12,179.3,sangat tidak sehat,2026-09-13,155.1,sangat tidak sehat,0,0,126.0,SIAGA TINGGI,diperkirakan besok sangat tidak sehat; dan masih buruk lusa
Retok,village,KALIMANTAN BARAT,0.1,109.5,155.0,sangat tidak sehat,2026-09-12,179.3,sangat tidak sehat,2026-09-13,155.1,sangat tidak sehat,0,0,202.1,SIAGA TINGGI,diperkirakan besok sangat tidak sehat; dan masih buruk lusa; asap tebal 60 km di arah angin (202)
Keranji Paidang,village,KALIMANTAN BARAT,0.4,109.7,155.0,sangat tidak sehat,2026-09-12,179.3,sangat tidak sehat,2026-09-13,155.1,sangat tidak sehat,0,0,202.1,SIAGA TINGGI,diperkirakan besok sangat tidak sehat; dan masih buruk lusa; asap tebal 60 km di arah angin (202)
Amboyo Selatan,village,KALIMANTAN BARAT,0.4,109.8,155.0,sangat tidak sehat,2026-09-12,179.3,sangat tidak sehat,2026-09-13,155.1,sangat tidak sehat,0,0,202.1,SIAGA TINGGI,diperkirakan besok sangat tidak sehat; dan masih buruk lusa; asap tebal 60 km di arah angin (202)
Tapakng,village,KALIMANTAN BARAT,0.5,109.5,155.0,sangat tidak sehat,2026-09-12,179.3,sangat tidak sehat,2026-09-13,155.1,sangat tidak sehat,0,0,126.0,SIAGA TINGGI,diperkirakan besok sangat tidak sehat; dan masih buruk lusa
Sebatih,village,KALIMANTAN BARAT,0.3,109.7,155.0,sangat tidak sehat,2026-09-12,179.3,sangat tidak sehat,2026-09-13,155.1,sangat tidak sehat,0,0,202.1,SIAGA TINGGI,diperkirakan besok sangat tidak sehat; dan masih buruk lusa; asap tebal 60 km di arah angin (202)
Andeng,village,KALIMANTAN BARAT,0.4,109.6,155.0,sangat tidak sehat,2026-09-12,179.3,sangat tidak sehat,2026-09-13,155.1,sangat tidak sehat,0,0,202.1,SIAGA TINGGI,diperkirakan besok sangat tidak sehat; dan masih buruk lusa; asap tebal 60 km di arah angin (202)
Amawakng,village,KALIMANTAN BARAT,0.5,109.5,155.0,sangat tidak sehat,2026-09-12,179.3,sangat tidak sehat,2026-09-13,155.1,sangat tidak sehat,0,0,126.0,SIAGA TINGGI,diperkirakan besok sangat tidak sehat; dan masih buruk lusa
Sebadu,village,KALIMANTAN BARAT,0.4,109.5,155.0,sangat tidak sehat,2026-09-12,179.3,sangat tidak sehat,2026-09-13,155.1,sangat tidak sehat,0,0,202.1,SIAGA TINGGI,diperkirakan besok sangat tidak sehat; dan masih buruk lusa; asap tebal 60 km di arah angin (202)
Gombang,village,KALIMANTAN BARAT,0.4,109.6,155.0,sangat tidak sehat,2026-09-12,179.3,sangat tidak sehat,2026-09-13,155.1,sangat tidak sehat,0,0,126.0,SIAGA TINGGI,diperkirakan besok sangat tidak sehat; dan masih buruk lusa
Pauh,village,KALIMANTAN BARAT,0.5,109.5,155.0,sangat tidak sehat,2026-09-12,179.3,sangat tidak sehat,2026-09-13,155.1,sangat tidak sehat,0,0,126.0,SIAGA TINGGI,diperkirakan besok sangat tidak sehat; dan masih buruk lusa
Semenok,village,KALIMANTAN BARAT,0.4,109.5,155.0,sangat tidak sehat,2026-09-12,179.3,sangat tidak sehat,2026-09-13,155.1,sangat tidak sehat,0,0,202.1,SIAGA TINGGI,diperkirakan besok sangat tidak sehat; dan masih buruk lusa; asap tebal 60 km di arah angin (202)
Keramas,village,KALIMANTAN BARAT,0.3,109.5,155.0,sangat tidak sehat,2026-09-12,179.3,sangat tidak sehat,2026-09-13,155.1,sangat tidak sehat,0,0,202.1,SIAGA TINGGI,diperkirakan besok sangat tidak sehat; dan masih buruk lusa; asap tebal 60 km di arah angin (202)
Kumpang Tengah,village,KALIMANTAN BARAT,0.2,109.6,155.0,sangat tidak sehat,2026-09-12,179.3,sangat tidak sehat,2026-09-13,155.1,sangat tidak sehat,0,0,202.1,SIAGA TINGGI,diperkirakan besok sangat tidak sehat; dan masih buruk lusa; asap tebal 60 km di arah angin (202)
Pongok,village,KALIMANTAN BARAT,0.3,109.4,155.0,sangat tidak sehat,2026-09-12,179.3,sangat tidak sehat,2026-09-13,155.1,sangat tidak sehat,0,0,279.4,SIAGA TINGGI,diperkirakan besok sangat tidak sehat; dan masih buruk lusa; asap tebal 60 km di arah angin (279)
Sampuro,village,KALIMANTAN BARAT,0.5,109.4,155.0,sangat tidak sehat,2026-09-12,179.3,sangat tidak sehat,2026-09-13,155.1,sangat tidak sehat,0,0,155.0,SIAGA TINGGI,diperkirakan besok sangat tidak sehat; dan masih buruk lusa; asap tebal 60 km di arah angin (155)
Sidas,village,KALIMANTAN BARAT,0.4,109.8,155.0,sangat tidak sehat,2026-09-12,179.3,sangat tidak sehat,2026-09-13,155.1,sangat tidak sehat,0,0,202.1,SIAGA TINGGI,diperkirakan besok sangat tidak sehat; dan masih buruk lusa; asap tebal 60 km di arah angin (202)
Meramun Kunyit,hamlet,KALIMANTAN BARAT,0.5,109.8,155.0,sangat tidak sehat,2026-09-12,179.3,sangat tidak sehat,2026-09-13,155.1,sangat tidak sehat,0,0,126.0,SIAGA TINGGI,diperkirakan besok sangat tidak sehat; dan masih buruk lusa
Sungai Tuba,hamlet,KALIMANTAN BARAT,0.5,109.8,155.0,sangat tidak sehat,2026-09-12,179.3,sangat tidak sehat,2026-09-13,155.1,sangat tidak sehat,0,0,126.0,SIAGA TINGGI,diperkirakan besok sangat tidak sehat; dan masih buruk lusa
Reo Majau,hamlet,KALIMANTAN BARAT,0.4,109.8,155.0,sangat tidak sehat,2026-09-12,179.3,sangat tidak sehat,2026-09-13,155.1,sangat tidak sehat,0,0,126.0,SIAGA TINGGI,diperkirakan besok sangat tidak sehat; dan masih buruk lusa
Tareng,hamlet,KALIMANTAN BARAT,0.4,109.8,155.0,sangat tidak sehat,2026-09-12,179.3,sangat tidak sehat,2026-09-13,155.1,sangat tidak sehat,0,0,202.1,SIAGA TINGGI,diperkirakan besok sangat tidak sehat; dan masih buruk lusa; asap tebal 60 km di arah angin (202)
Semuhut,hamlet,KALIMANTAN BARAT,0.4,109.8,155.0,sangat tidak sehat,2026-09-12,179.3,sangat tidak sehat,2026-09-13,155.1,sangat tidak sehat,0,0,202.1,SIAGA TINGGI,diperkirakan besok sangat tidak sehat; dan masih buruk lusa; asap tebal 60 km di arah angin (202)
Sebetuk,hamlet,KALIMANTAN BARAT,0.5,109.7,155.0,sangat tidak sehat,2026-09-12,179.3,sangat tidak sehat,2026-09-13,155.1,sangat tidak sehat,0,0,126.0,SIAGA TINGGI,diperkirakan besok sangat tidak sehat; dan masih buruk lusa
Singkut Buluh,hamlet,KALIMANTAN BARAT,0.4,109.6,155.0,sangat tidak sehat,2026-09-12,179.3,sangat tidak sehat,2026-09-13,155.1,sangat tidak sehat,0,0,126.0,SIAGA TINGGI,diperkirakan besok sangat tidak sehat; dan masih buruk lusa
Rabak,village,KALIMANTAN BARAT,0.5,109.7,155.0,sangat tidak sehat,2026-09-12,179.3,sangat tidak sehat,2026-09-13,155.1,sangat tidak sehat,0,0,126.0,SIAGA TINGGI,diperkirakan besok sangat tidak sehat; dan masih buruk lusa
Gundaleng,hamlet,KALIMANTAN BARAT,0.4,109.6,155.0,sangat tidak sehat,2026-09-12,179.3,sangat tidak sehat,2026-09-13,155.1,sangat tidak sehat,0,0,202.1,SIAGA TINGGI,diperkirakan besok sangat tidak sehat; dan masih buruk lusa; asap tebal 60 km di arah angin (202)
Kepayang,hamlet,KALIMANTAN BARAT,0.3,109.7,155.0,sangat tidak sehat,2026-09-12,179.3,sangat tidak sehat,2026-09-13,155.1,sangat tidak sehat,0,0,202.1,SIAGA TINGGI,diperkirakan besok sangat tidak sehat; dan masih buruk lusa; asap tebal 60 km di arah angin (202)
Liansipi,hamlet,KALIMANTAN BARAT,0.3,109.4,155.0,sangat tidak sehat,2026-09-12,179.3,sangat tidak sehat,2026-09-13,155.1,sangat tidak sehat,0,0,279.4,SIAGA TINGGI,diperkirakan besok sangat tidak sehat; dan masih buruk lusa; asap tebal 60 km di arah angin (279)
Betung Pulai,hamlet,KALIMANTAN BARAT,0.4,109.5,155.0,sangat tidak sehat,2026-09-12,179.3,sangat tidak sehat,2026-09-13,155.1,sangat tidak sehat,0,0,202.1,SIAGA TINGGI,diperkirakan besok sangat tidak sehat; dan masih buruk lusa; asap tebal 60 km di arah angin (202)
Jame,hamlet,KALIMANTAN BARAT,0.4,109.5,155.0,sangat tidak sehat,2026-09-12,179.3,sangat tidak sehat,2026-09-13,155.1,sangat tidak sehat,0,0,126.0,SIAGA TINGGI,diperkirakan besok sangat tidak sehat; dan masih buruk lusa
Liantong,hamlet,KALIMANTAN BARAT,0.4,109.4,155.0,sangat tidak sehat,2026-09-12,179.3,sangat tidak sehat,2026-09-13,155.1,sangat tidak sehat,0,0,279.4,SIAGA TINGGI,diperkirakan besok sangat tidak sehat; dan masih buruk lusa; asap tebal 60 km di arah angin (279)
Baweng,hamlet,KALIMANTAN BARAT,0.4,109.4,155.0,sangat tidak sehat,2026-09-12,179.3,sangat tidak sehat,2026-09-13,155.1,sangat tidak sehat,0,0,279.4,SIAGA TINGGI,diperkirakan besok sangat tidak sehat; dan masih buruk lusa; asap tebal 60 km di arah angin (279)
Saledok,hamlet,KALIMANTAN BARAT,0.4,109.4,155.0,sangat tidak sehat,2026-09-12,179.3,sangat tidak sehat,2026-09-13,155.1,sangat tidak sehat,0,0,279.4,SIAGA TINGGI,diperkirakan besok sangat tidak sehat; dan masih buruk lusa; asap tebal 60 km di arah angin (279)
Malino,hamlet,KALIMANTAN BARAT,0.4,109.4,155.0,sangat tidak sehat,2026-09-12,179.3,sangat tidak sehat,2026-09-13,155.1,sangat tidak sehat,0,0,155.0,SIAGA TINGGI,diperkirakan besok sangat tidak sehat; dan masih buruk lusa; asap tebal 60 km di arah angin (155)
Setutuk,hamlet,KALIMANTAN BARAT,0.4,109.5,155.0,sangat tidak sehat,2026-09-12,179.3,sangat tidak sehat,2026-09-13,155.1,sangat tidak sehat,0,0,126.0,SIAGA TINGGI,diperkirakan besok sangat tidak sehat; dan masih buruk lusa
Mensio,hamlet,KALIMANTAN BARAT,0.5,109.4,155.0,sangat tidak sehat,2026-09-12,179.3,sangat tidak sehat,2026-09-13,155.1,sangat tidak sehat,0,0,279.4,SIAGA TINGGI,diperkirakan besok sangat tidak sehat; dan masih buruk lusa; asap tebal 60 km di arah angin (279)
Tanjam,hamlet,KALIMANTAN BARAT,0.5,109.4,155.0,sangat tidak sehat,2026-09-12,179.3,sangat tidak sehat,2026-09-13,155.1,sangat tidak sehat,0,0,155.0,SIAGA TINGGI,diperkirakan besok sangat tidak sehat; dan masih buruk lusa; asap tebal 60 km di arah angin (155)
Atong,hamlet,KALIMANTAN BARAT,0.4,109.5,155.0,sangat tidak sehat,2026-09-12,179.3,sangat tidak sehat,2026-09-13,155.1,sangat tidak sehat,0,0,202.1,SIAGA TINGGI,diperkirakan besok sangat tidak sehat; dan masih buruk lusa; asap tebal 60 km di arah angin (202)
Berinang,hamlet,KALIMANTAN BARAT,0.5,109.5,155.0,sangat tidak sehat,2026-09-12,179.3,sangat tidak sehat,2026-09-13,155.1,sangat tidak sehat,0,0,126.0,SIAGA TINGGI,diperkirakan besok sangat tidak sehat; dan masih buruk lusa
Sungai Pinang,hamlet,KALIMANTAN BARAT,0.5,109.5,155.0,sangat tidak sehat,2026-09-12,179.3,sangat tidak sehat,2026-09-13,155.1,sangat tidak sehat,0,0,126.0,SIAGA TINGGI,diperkirakan besok sangat tidak sehat; dan masih buruk lusa
Mangaro,hamlet,KALIMANTAN BARAT,0.5,109.5,155.0,sangat tidak sehat,2026-09-12,179.3,sangat tidak sehat,2026-09-13,155.1,sangat tidak sehat,0,0,126.0,SIAGA TINGGI,diperkirakan besok sangat tidak sehat; dan masih buruk lusa
Kencok,hamlet,KALIMANTAN BARAT,0.5,109.5,155.0,sangat tidak sehat,2026-09-12,179.3,sangat tidak sehat,2026-09-13,155.1,sangat tidak sehat,0,0,126.0,SIAGA TINGGI,diperkirakan besok sangat tidak sehat; dan masih buruk lusa
Senunuk,hamlet,KALIMANTAN BARAT,0.2,109.6,155.0,sangat tidak sehat,2026-09-12,179.3,sangat tidak sehat,2026-09-13,155.1,sangat tidak sehat,0,0,202.1,SIAGA TINGGI,diperkirakan besok sangat tidak sehat; dan masih buruk lusa; asap tebal 60 km di arah angin (202)
Sahek,hamlet,KALIMANTAN BARAT,0.2,109.6,155.0,sangat tidak sehat,2026-09-12,179.3,sangat tidak sehat,2026-09-13,155.1,sangat tidak sehat,0,0,202.1,SIAGA TINGGI,diperkirakan besok sangat tidak sehat; dan masih buruk lusa; asap tebal 60 km di arah angin (202)
Setaik,hamlet,KALIMANTAN BARAT,0.1,109.6,155.0,sangat tidak sehat,2026-09-12,179.3,sangat tidak sehat,2026-09-13,155.1,sangat tidak sehat,0,0,202.1,SIAGA TINGGI,diperkirakan besok sangat tidak sehat; dan masih buruk lusa; asap tebal 60 km di arah angin (202)
Belangiran,hamlet,KALIMANTAN BARAT,0.1,109.6,155.0,sangat tidak sehat,2026-09-12,179.3,sangat tidak sehat,2026-09-13,155.1,sangat tidak sehat,0,0,202.1,SIAGA TINGGI,diperkirakan besok sangat tidak sehat; dan masih buruk lusa; asap tebal 60 km di arah angin (202)
Ampar Saga II,hamlet,KALIMANTAN BARAT,0.2,109.8,155.0,sangat tidak sehat,2026-09-12,179.3,sangat tidak sehat,2026-09-13,155.1,sangat tidak sehat,0,0,202.1,SIAGA TINGGI,diperkirakan besok sangat tidak sehat; dan masih buruk lusa; asap tebal 60 km di arah angin (202)
Jelau Belangiran,hamlet,KALIMANTAN BARAT,0.2,109.8,155.0,sangat tidak sehat,2026-09-12,179.3,sangat tidak sehat,2026-09-13,155.1,sangat tidak sehat,0,0,202.1,SIAGA TINGGI,diperkirakan besok sangat tidak sehat; dan masih buruk lusa; asap tebal 60 km di arah angin (202)
Jering,hamlet,KALIMANTAN BARAT,0.3,109.8,155.0,sangat tidak sehat,2026-09-12,179.3,sangat tidak sehat,2026-09-13,155.1,sangat tidak sehat,0,0,202.1,SIAGA TINGGI,diperkirakan besok sangat tidak sehat; dan masih buruk lusa; asap tebal 60 km di arah angin (202)
Ipaan,hamlet,KALIMANTAN BARAT,0.2,109.8,155.0,sangat tidak sehat,2026-09-12,179.3,sangat tidak sehat,2026-09-13,155.1,sangat tidak sehat,0,0,202.1,SIAGA TINGGI,diperkirakan besok sangat tidak sehat; dan masih buruk lusa; asap tebal 60 km di arah angin (202)
Pa' Upat,hamlet,KALIMANTAN BARAT,0.2,109.7,155.0,sangat tidak sehat,2026-09-12,179.3,sangat tidak sehat,2026-09-13,155.1,sangat tidak sehat,0,0,202.1,SIAGA TINGGI,diperkirakan besok sangat tidak sehat; dan masih buruk lusa; asap tebal 60 km di arah angin (202)
Nilas,hamlet,KALIMANTAN BARAT,0.3,109.8,155.0,sangat tidak sehat,2026-09-12,179.3,sangat tidak sehat,2026-09-13,155.1,sangat tidak sehat,0,0,202.1,SIAGA TINGGI,diperkirakan besok sangat tidak sehat; dan masih buruk lusa; asap tebal 60 km di arah angin (202)
Menjalin,hamlet,KALIMANTAN BARAT,0.2,109.7,155.0,sangat tidak sehat,2026-09-12,179.3,sangat tidak sehat,2026-09-13,155.1,sangat tidak sehat,0,0,202.1,SIAGA TINGGI,diperkirakan besok sangat tidak sehat; dan masih buruk lusa; asap tebal 60 km di arah angin (202)
Kuala Sangah,hamlet,KALIMANTAN BARAT,0.2,109.8,155.0,sangat tidak sehat,2026-09-12,179.3,sangat tidak sehat,2026-09-13,155.1,sangat tidak sehat,0,0,202.1,SIAGA TINGGI,diperkirakan besok sangat tidak sehat; dan masih buruk lusa; asap tebal 60 km di arah angin (202)
Teluk Nibung,village,KALIMANTAN BARAT,-0.8,109.5,147.8,tidak sehat,2026-09-12,116.4,tidak sehat,2026-09-13,104.8,tidak sehat,0,0,355.3,SIAGA TINGGI,diperkirakan besok tidak sehat; dan masih buruk lusa; asap tebal 60 km di arah angin (355)
Sumber Agung,village,KALIMANTAN BARAT,-0.8,109.8,147.8,tidak sehat,2026-09-12,116.4,tidak sehat,2026-09-13,104.8,tidak sehat,0,0,355.3,SIAGA TINGGI,diperkirakan besok tidak sehat; dan masih buruk lusa; asap tebal 60 km di arah angin (355)
Wonorejo,village,KALIMANTAN BARAT,-0.9,109.8,147.8,tidak sehat,2026-09-12,116.4,tidak sehat,2026-09-13,104.8,tidak sehat,0,0,355.3,SIAGA TINGGI,diperkirakan besok tidak sehat; dan masih buruk lusa; asap tebal 60 km di arah angin (355)
Batu Ampar,village,KALIMANTAN BARAT,-0.7,109.5,147.8,tidak sehat,2026-09-12,116.4,tidak sehat,2026-09-13,104.8,tidak sehat,0,0,355.3,SIAGA TINGGI,diperkirakan besok tidak sehat; dan masih buruk lusa; asap tebal 60 km di arah angin (355)
Mas Bangun,village,KALIMANTAN BARAT,-0.9,109.7,147.8,tidak sehat,2026-09-12,116.4,tidak sehat,2026-09-13,104.8,tidak sehat,0,0,355.3,SIAGA TINGGI,diperkirakan besok tidak sehat; dan masih buruk lusa; asap tebal 60 km di arah angin (355)
Banyu Abang,village,KALIMANTAN BARAT,-0.9,109.8,147.8,tidak sehat,2026-09-12,116.4,tidak sehat,2026-09-13,104.8,tidak sehat,0,0,355.3,SIAGA TINGGI,diperkirakan besok tidak sehat; dan masih buruk lusa; asap tebal 60 km di arah angin (355)
Nipah Panjang,village,KALIMANTAN BARAT,-0.8,109.5,147.8,tidak sehat,2026-09-12,116.4,tidak sehat,2026-09-13,104.8,tidak sehat,0,0,355.3,SIAGA TINGGI,diperkirakan besok tidak sehat; dan masih buruk lusa; asap tebal 60 km di arah angin (355)
Podorukun,village,KALIMANTAN BARAT,-0.9,109.8,147.8,tidak sehat,2026-09-12,116.4,tidak sehat,2026-09-13,104.8,tidak sehat,0,0,355.3,SIAGA TINGGI,diperkirakan besok tidak sehat; dan masih buruk lusa; asap tebal 60 km di arah angin (355)
Teluk Nangka,village,KALIMANTAN BARAT,-0.5,109.4,147.8,tidak sehat,2026-09-12,116.4,tidak sehat,2026-09-13,104.8,tidak sehat,0,0,485.7,SIAGA TINGGI,diperkirakan besok tidak sehat; dan masih buruk lusa; asap tebal 60 km di arah angin (486)
Muara Tiga,village,KALIMANTAN BARAT,-0.8,109.8,147.8,tidak sehat,2026-09-12,116.4,tidak sehat,2026-09-13,104.8,tidak sehat,0,0,355.3,SIAGA TINGGI,diperkirakan besok tidak sehat; dan masih buruk lusa; asap tebal 60 km di arah angin (355)
Sungai Terus,village,KALIMANTAN BARAT,-0.5,109.4,147.8,tidak sehat,2026-09-12,116.4,tidak sehat,2026-09-13,104.8,tidak sehat,0,0,485.7,SIAGA TINGGI,diperkirakan besok tidak sehat; dan masih buruk lusa; asap tebal 60 km di arah angin (486)
Seponti Jaya,village,KALIMANTAN BARAT,-0.9,109.8,147.8,tidak sehat,2026-09-12,116.4,tidak sehat,2026-09-13,104.8,tidak sehat,0,0,355.3,SIAGA TINGGI,diperkirakan besok tidak sehat; dan masih buruk lusa; asap tebal 60 km di arah angin (355)
Terentang Hulu,village,KALIMANTAN BARAT,-0.5,109.6,147.8,tidak sehat,2026-09-12,116.4,tidak sehat,2026-09-13,104.8,tidak sehat,0,0,485.7,SIAGA TINGGI,diperkirakan besok tidak sehat; dan masih buruk lusa; asap tebal 60 km di arah angin (486)
Sungai Kerawang,village,KALIMANTAN BARAT,-0.8,109.8,147.8,tidak sehat,2026-09-12,116.4,tidak sehat,2026-09-13,104.8,tidak sehat,0,0,355.3,SIAGA TINGGI,diperkirakan besok tidak sehat; dan masih buruk lusa; asap tebal 60 km di arah angin (355)
Medan Mas,village,KALIMANTAN BARAT,-0.8,109.4,147.8,tidak sehat,2026-09-12,116.4,tidak sehat,2026-09-13,104.8,tidak sehat,0,0,355.3,SIAGA TINGGI,diperkirakan besok tidak sehat; dan masih buruk lusa; asap tebal 60 km di arah angin (355)
Senangak,village,KALIMANTAN BARAT,-0.3,110.8,141.5,tidak sehat,2026-09-12,163.9,sangat tidak sehat,2026-09-13,150.2,tidak sehat,0,0,56.6,SIAGA TINGGI,diperkirakan besok sangat tidak sehat; dan masih buruk lusa
Peniti,village,KALIMANTAN BARAT,-0.0,110.8,141.5,tidak sehat,2026-09-12,163.9,sangat tidak sehat,2026-09-13,150.2,tidak sehat,0,0,133.5,SIAGA TINGGI,diperkirakan besok sangat tidak sehat; dan masih buruk lusa
Nanga Biang,village,KALIMANTAN BARAT,-0.0,110.7,141.5,tidak sehat,2026-09-12,163.9,sangat tidak sehat,2026-09-13,150.2,tidak sehat,0,0,133.5,SIAGA TINGGI,diperkirakan besok sangat tidak sehat; dan masih buruk lusa
Kuala Buayan,village,KALIMANTAN BARAT,-0.1,110.4,141.5,tidak sehat,2026-09-12,163.9,sangat tidak sehat,2026-09-13,150.2,tidak sehat,0,0,133.5,SIAGA TINGGI,diperkirakan besok sangat tidak sehat; dan masih buruk lusa
Nanga Mahap,village,KALIMANTAN BARAT,-0.4,110.8,141.5,tidak sehat,2026-09-12,163.9,sangat tidak sehat,2026-09-13,150.2,tidak sehat,0,0,56.6,SIAGA TINGGI,diperkirakan besok sangat tidak sehat; dan masih buruk lusa
Tinting Boyok,village,KALIMANTAN BARAT,-0.1,110.8,141.5,tidak sehat,2026-09-12,163.9,sangat tidak sehat,2026-09-13,150.2,tidak sehat,0,0,133.5,SIAGA TINGGI,diperkirakan besok sangat tidak sehat; dan masih buruk lusa
Penyalimau,village,KALIMANTAN BARAT,-0.1,110.4,141.5,tidak sehat,2026-09-12,163.9,sangat tidak sehat,2026-09-13,150.2,tidak sehat,0,0,133.5,SIAGA TINGGI,diperkirakan besok sangat tidak sehat; dan masih buruk lusa
Sungai Alai,village,KALIMANTAN BARAT,-0.1,110.5,141.5,tidak sehat,2026-09-12,163.9,sangat tidak sehat,2026-09-13,150.2,tidak sehat,0,0,133.5,SIAGA TINGGI,diperkirakan besok sangat tidak sehat; dan masih buruk lusa
Nanga Engkulun,village,KALIMANTAN BARAT,-0.4,110.7,141.5,tidak sehat,2026-09-12,163.9,sangat tidak sehat,2026-09-13,150.2,tidak sehat,0,0,56.6,SIAGA TINGGI,diperkirakan besok sangat tidak sehat; dan masih buruk lusa
Nanga Koman,village,KALIMANTAN BARAT,-0.3,110.8,141.5,tidak sehat,2026-09-12,163.9,sangat tidak sehat,2026-09-13,150.2,tidak sehat,0,0,56.6,SIAGA TINGGI,diperkirakan besok sangat tidak sehat; dan masih buruk lusa
Kuala Rosan,village,KALIMANTAN BARAT,-0.2,110.5,141.5,tidak sehat,2026-09-12,163.9,sangat tidak sehat,2026-09-13,150.2,tidak sehat,0,0,133.5,SIAGA TINGGI,diperkirakan besok sangat tidak sehat; dan masih buruk lusa
Sungai Batu,village,KALIMANTAN BARAT,0.0,110.5,141.5,tidak sehat,2026-09-12,163.9,sangat tidak sehat,2026-09-13,150.2,tidak sehat,0,0,133.5,SIAGA TINGGI,diperkirakan besok sangat tidak sehat; dan masih buruk lusa
Harapan Makmur,village,KALIMANTAN BARAT,-0.2,110.4,141.5,tidak sehat,2026-09-12,163.9,sangat tidak sehat,2026-09-13,150.2,tidak sehat,0,0,133.5,SIAGA TINGGI,diperkirakan besok sangat tidak sehat; dan masih buruk lusa
Lintang Kapuas,village,KALIMANTAN BARAT,0.0,110.6,141.5,tidak sehat,2026-09-12,163.9,sangat tidak sehat,2026-09-13,150.2,tidak sehat,0,0,133.5,SIAGA TINGGI,diperkirakan besok sangat tidak sehat; dan masih buruk lusa
Cenayan,village,KALIMANTAN BARAT,-0.4,110.6,141.5,tidak sehat,2026-09-12,163.9,sangat tidak sehat,2026-09-13,150.2,tidak sehat,0,0,56.6,SIAGA TINGGI,diperkirakan besok sangat tidak sehat; dan masih buruk lusa
Pampang Dua,village,KALIMANTAN BARAT,-0.2,110.4,141.5,tidak sehat,2026-09-12,163.9,sangat tidak sehat,2026-09-13,150.2,tidak sehat,0,0,133.5,SIAGA TINGGI,diperkirakan besok sangat tidak sehat; dan masih buruk lusa
Sungai Kembayau,village,KALIMANTAN BARAT,-0.3,110.5,141.5,tidak sehat,2026-09-12,163.9,sangat tidak sehat,2026-09-13,150.2,tidak sehat,0,0,56.6,SIAGA TINGGI,diperkirakan besok sangat tidak sehat; dan masih buruk lusa
Semerangkai,village,KALIMANTAN BARAT,-0.0,110.5,141.5,tidak sehat,2026-09-12,163.9,sangat tidak sehat,2026-09-13,150.2,tidak sehat,0,0,133.5,SIAGA TINGGI,diperkirakan besok sangat tidak sehat; dan masih buruk lusa
Nanga Taman,village,KALIMANTAN BARAT,-0.3,110.8,141.5,tidak sehat,2026-09-12,163.9,sangat tidak sehat,2026-09-13,150.2,tidak sehat,0,0,56.6,SIAGA TINGGI,diperkirakan besok sangat tidak sehat; dan masih buruk lusa
Bakti Jaya,village,KALIMANTAN BARAT,-0.1,110.4,141.5,tidak sehat,2026-09-12,163.9,sangat tidak sehat,2026-09-13,150.2,tidak sehat,0,0,133.5,SIAGA TINGGI,diperkirakan besok sangat tidak sehat; dan masih buruk lusa
Lintang Pelaman,village,KALIMANTAN BARAT,-0.0,110.6,141.5,tidak sehat,2026-09-12,163.9,sangat tidak sehat,2026-09-13,150.2,tidak sehat,0,0,133.5,SIAGA TINGGI,diperkirakan besok sangat tidak sehat; dan masih buruk lusa
Sekonau,village,KALIMANTAN BARAT,-0.2,110.8,141.5,tidak sehat,2026-09-12,163.9,sangat tidak sehat,2026-09-13,150.2,tidak sehat,0,0,133.5,SIAGA TINGGI,diperkirakan besok sangat tidak sehat; dan masih buruk lusa
Jonti,village,KALIMANTAN BARAT,0.0,110.5,141.5,tidak sehat,2026-09-12,163.9,sangat tidak sehat,2026-09-13,150.2,tidak sehat,0,0,133.5,SIAGA TINGGI,diperkirakan besok sangat tidak sehat; dan masih buruk lusa
Nanga Mongko,village,KALIMANTAN BARAT,-0.3,110.7,141.5,tidak sehat,2026-09-12,163.9,sangat tidak sehat,2026-09-13,150.2,tidak sehat,0,0,56.6,SIAGA TINGGI,diperkirakan besok sangat tidak sehat; dan masih buruk lusa
Tapang Tingang,village,KALIMANTAN BARAT,-0.2,110.7,141.5,tidak sehat,2026-09-12,163.9,sangat tidak sehat,2026-09-13,150.2,tidak sehat,0,0,133.5,SIAGA TINGGI,diperkirakan besok sangat tidak sehat; dan masih buruk lusa
Sungai Kunyit,village,KALIMANTAN BARAT,0.0,110.8,141.5,tidak sehat,2026-09-12,163.9,sangat tidak sehat,2026-09-13,150.2,tidak sehat,0,0,133.5,SIAGA TINGGI,diperkirakan besok sangat tidak sehat; dan masih buruk lusa
Belangin,village,KALIMANTAN BARAT,0.0,110.6,141.5,tidak sehat,2026-09-12,163.9,sangat tidak sehat,2026-09-13,150.2,tidak sehat,0,0,133.5,SIAGA TINGGI,diperkirakan besok sangat tidak sehat; dan masih buruk lusa
Tapang Dulang,village,KALIMANTAN BARAT,-0.2,110.5,141.5,tidak sehat,2026-09-12,163.9,sangat tidak sehat,2026-09-13,150.2,tidak sehat,0,0,133.5,SIAGA TINGGI,diperkirakan besok sangat tidak sehat; dan masih buruk lusa
Rirang Jati,village,KALIMANTAN BARAT,-0.2,110.8,141.5,tidak sehat,2026-09-12,163.9,sangat tidak sehat,2026-09-13,150.2,tidak sehat,0,0,133.5,SIAGA TINGGI,diperkirakan besok sangat tidak sehat; dan masih buruk lusa
Penyalimau Jaya,village,KALIMANTAN BARAT,-0.1,110.4,141.5,tidak sehat,2026-09-12,163.9,sangat tidak sehat,2026-09-13,150.2,tidak sehat,0,0,133.5,SIAGA TINGGI,diperkirakan besok sangat tidak sehat; dan masih buruk lusa
Kayu Tunu,village,KALIMANTAN BARAT,-0.0,110.6,141.5,tidak sehat,2026-09-12,163.9,sangat tidak sehat,2026-09-13,150.2,tidak sehat,0,0,133.5,SIAGA TINGGI,diperkirakan besok sangat tidak sehat; dan masih buruk lusa
Nanga Suri,village,KALIMANTAN BARAT,-0.4,110.8,141.5,tidak sehat,2026-09-12,163.9,sangat tidak sehat,2026-09-13,150.2,tidak sehat,0,0,56.6,SIAGA TINGGI,diperkirakan besok sangat tidak sehat; dan masih buruk lusa
Sebabas,village,KALIMANTAN BARAT,-0.4,110.8,141.5,tidak sehat,2026-09-12,163.9,sangat tidak sehat,2026-09-13,150.2,tidak sehat,0,0,56.6,SIAGA TINGGI,diperkirakan besok sangat tidak sehat; dan masih buruk lusa
Kunyil,village,KALIMANTAN BARAT,-0.3,110.4,141.5,tidak sehat,2026-09-12,163.9,sangat tidak sehat,2026-09-13,150.2,tidak sehat,0,0,56.6,SIAGA TINGGI,diperkirakan besok sangat tidak sehat; dan masih buruk lusa
Sungai Lawak,village,KALIMANTAN BARAT,-0.2,110.8,141.5,tidak sehat,2026-09-12,163.9,sangat tidak sehat,2026-09-13,150.2,tidak sehat,0,0,133.5,SIAGA TINGGI,diperkirakan besok sangat tidak sehat; dan masih buruk lusa
Inggis,village,KALIMANTAN BARAT,0.0,110.7,141.5,tidak sehat,2026-09-12,163.9,sangat tidak sehat,2026-09-13,150.2,tidak sehat,0,0,133.5,SIAGA TINGGI,diperkirakan besok sangat tidak sehat; dan masih buruk lusa
Batu Pahat,village,KALIMANTAN BARAT,-0.4,110.8,141.5,tidak sehat,2026-09-12,163.9,sangat tidak sehat,2026-09-13,150.2,tidak sehat,0,0,56.6,SIAGA TINGGI,diperkirakan besok sangat tidak sehat; dan masih buruk lusa
Lubuk Tajau,village,KALIMANTAN BARAT,-0.3,110.8,141.5,tidak sehat,2026-09-12,163.9,sangat tidak sehat,2026-09-13,150.2,tidak sehat,0,0,56.6,SIAGA TINGGI,diperkirakan besok sangat tidak sehat; dan masih buruk lusa
Melobok,village,KALIMANTAN BARAT,-0.0,110.4,141.5,tidak sehat,2026-09-12,163.9,sangat tidak sehat,2026-09-13,150.2,tidak sehat,0,0,133.5,SIAGA TINGGI,diperkirakan besok sangat tidak sehat; dan masih buruk lusa
Pantok,village,KALIMANTAN BARAT,-0.4,110.8,141.5,tidak sehat,2026-09-12,163.9,sangat tidak sehat,2026-09-13,150.2,tidak sehat,0,0,56.6,SIAGA TINGGI,diperkirakan besok sangat tidak sehat; dan masih buruk lusa
Kualan Tengah,village,KALIMANTAN BARAT,-0.4,110.5,141.5,tidak sehat,2026-09-12,163.9,sangat tidak sehat,2026-09-13,150.2,tidak sehat,0,0,56.6,SIAGA TINGGI,diperkirakan besok sangat tidak sehat; dan masih buruk lusa
Nanga Kiungkang,village,KALIMANTAN BARAT,-0.2,110.8,141.5,tidak sehat,2026-09-12,163.9,sangat tidak sehat,2026-09-13,150.2,tidak sehat,0,0,133.5,SIAGA TINGGI,diperkirakan besok sangat tidak sehat; dan masih buruk lusa
Semanggis Raya,village,KALIMANTAN BARAT,0.0,110.7,141.5,tidak sehat,2026-09-12,163.9,sangat tidak sehat,2026-09-13,150.2,tidak sehat,0,0,133.5,SIAGA TINGGI,diperkirakan besok sangat tidak sehat; dan masih buruk lusa
Landau Kumpai,village,KALIMANTAN BARAT,-0.4,110.7,141.5,tidak sehat,2026-09-12,163.9,sangat tidak sehat,2026-09-13,150.2,tidak sehat,0,0,56.6,SIAGA TINGGI,diperkirakan besok sangat tidak sehat; dan masih buruk lusa
Selintah Hulu,hamlet,KALIMANTAN BARAT,-0.1,110.8,141.5,tidak sehat,2026-09-12,163.9,sangat tidak sehat,2026-09-13,150.2,tidak sehat,0,0,91.8,SIAGA TINGGI,diperkirakan besok sangat tidak sehat; dan masih buruk lusa
Tanjak Dait,hamlet,KALIMANTAN BARAT,0.0,110.8,141.5,tidak sehat,2026-09-12,163.9,sangat tidak sehat,2026-09-13,150.2,tidak sehat,0,0,133.5,SIAGA TINGGI,diperkirakan besok sangat tidak sehat; dan masih buruk lusa
Serasau Jaya,hamlet,KALIMANTAN BARAT,-0.0,110.8,141.5,tidak sehat,2026-09-12,163.9,sangat tidak sehat,2026-09-13,150.2,tidak sehat,0,0,133.5,SIAGA TINGGI,diperkirakan besok sangat tidak sehat; dan masih buruk lusa
Amak,hamlet,KALIMANTAN BARAT,0.0,110.8,141.5,tidak sehat,2026-09-12,163.9,sangat tidak sehat,2026-09-13,150.2,tidak sehat,0,0,133.5,SIAGA TINGGI,diperkirakan besok sangat tidak sehat; dan masih buruk lusa
Ensalang,village,KALIMANTAN BARAT,-0.0,110.8,141.5,tidak sehat,2026-09-12,163.9,sangat tidak sehat,2026-09-13,150.2,tidak sehat,0,0,133.5,SIAGA TINGGI,diperkirakan besok sangat tidak sehat; dan masih buruk lusa
Sengkuang Daok,hamlet,KALIMANTAN BARAT,-0.1,110.4,141.5,tidak sehat,2026-09-12,163.9,sangat tidak sehat,2026-09-13,150.2,tidak sehat,0,0,133.5,SIAGA TINGGI,diperkirakan besok sangat tidak sehat; dan masih buruk lusa
Suak Mansi,hamlet,KALIMANTAN BARAT,-0.2,110.4,141.5,tidak sehat,2026-09-12,163.9,sangat tidak sehat,2026-09-13,150.2,tidak sehat,0,0,133.5,SIAGA TINGGI,diperkirakan besok sangat tidak sehat; dan masih buruk lusa
Batu Laut,hamlet,KALIMANTAN BARAT,-0.2,110.5,141.5,tidak sehat,2026-09-12,163.9,sangat tidak sehat,2026-09-13,150.2,tidak sehat,0,0,133.5,SIAGA TINGGI,diperkirakan besok sangat tidak sehat; dan masih buruk lusa
Melawi Makmur,village,KALIMANTAN BARAT,-0.3,110.4,141.5,tidak sehat,2026-09-12,163.9,sangat tidak sehat,2026-09-13,150.2,tidak sehat,0,0,56.6,SIAGA TINGGI,diperkirakan besok sangat tidak sehat; dan masih buruk lusa
Engkalet,village,KALIMANTAN BARAT,-0.1,110.6,141.5,tidak sehat,2026-09-12,163.9,sangat tidak sehat,2026-09-13,150.2,tidak sehat,0,0,133.5,SIAGA TINGGI,diperkirakan besok sangat tidak sehat; dan masih buruk lusa
Dusun Biang Rosan,village,KALIMANTAN BARAT,-0.1,110.7,141.5,tidak sehat,2026-09-12,163.9,sangat tidak sehat,2026-09-13,150.2,tidak sehat,0,0,133.5,SIAGA TINGGI,diperkirakan besok sangat tidak sehat; dan masih buruk lusa
Cuka,hamlet,KALIMANTAN BARAT,-0.2,110.8,141.5,tidak sehat,2026-09-12,163.9,sangat tidak sehat,2026-09-13,150.2,tidak sehat,0,0,133.5,SIAGA TINGGI,diperkirakan besok sangat tidak sehat; dan masih buruk lusa
Sungai Langsat,hamlet,KALIMANTAN BARAT,-0.4,110.7,141.5,tidak sehat,2026-09-12,163.9,sangat tidak sehat,2026-09-13,150.2,tidak sehat,0,0,56.6,SIAGA TINGGI,diperkirakan besok sangat tidak sehat; dan masih buruk lusa
Sakan,hamlet,KALIMANTAN BARAT,-0.4,110.7,141.5,tidak sehat,2026-09-12,163.9,sangat tidak sehat,2026-09-13,150.2,tidak sehat,0,0,56.6,SIAGA TINGGI,diperkirakan besok sangat tidak sehat; dan masih buruk lusa
Pekawai,hamlet,KALIMANTAN BARAT,-0.4,110.8,141.5,tidak sehat,2026-09-12,163.9,sangat tidak sehat,2026-09-13,150.2,tidak sehat,0,0,56.6,SIAGA TINGGI,diperkirakan besok sangat tidak sehat; dan masih buruk lusa
Tamang,village,KALIMANTAN BARAT,-0.4,110.7,141.5,tidak sehat,2026-09-12,163.9,sangat tidak sehat,2026-09-13,150.2,tidak sehat,0,0,56.6,SIAGA TINGGI,diperkirakan besok sangat tidak sehat; dan masih buruk lusa
Tajau Bunga,hamlet,KALIMANTAN BARAT,-0.4,110.7,141.5,tidak sehat,2026-09-12,163.9,sangat tidak sehat,2026-09-13,150.2,tidak sehat,0,0,56.6,SIAGA TINGGI,diperkirakan besok sangat tidak sehat; dan masih buruk lusa
Tembiar,hamlet,KALIMANTAN BARAT,-0.2,110.7,141.5,tidak sehat,2026-09-12,163.9,sangat tidak sehat,2026-09-13,150.2,tidak sehat,0,0,133.5,SIAGA TINGGI,diperkirakan besok sangat tidak sehat; dan masih buruk lusa
Nanga Mentukak,village,KALIMANTAN BARAT,-0.3,110.8,141.5,tidak sehat,2026-09-12,163.9,sangat tidak sehat,2026-09-13,150.2,tidak sehat,0,0,56.6,SIAGA TINGGI,diperkirakan besok sangat tidak sehat; dan masih buruk lusa
Rambin,village,KALIMANTAN BARAT,-0.1,110.7,141.5,tidak sehat,2026-09-12,163.9,sangat tidak sehat,2026-09-13,150.2,tidak sehat,0,0,133.5,SIAGA TINGGI,diperkirakan besok sangat tidak sehat; dan masih buruk lusa
Dusun Labak,village,KALIMANTAN BARAT,-0.0,110.7,141.5,tidak sehat,2026-09-12,163.9,sangat tidak sehat,2026-09-13,150.2,tidak sehat,0,0,133.5,SIAGA TINGGI,diperkirakan besok sangat tidak sehat; dan masih buruk lusa
Sungai Muntik,village,KALIMANTAN BARAT,0.0,110.6,141.5,tidak sehat,2026-09-12,163.9,sangat tidak sehat,2026-09-13,150.2,tidak sehat,0,0,133.5,SIAGA TINGGI,diperkirakan besok sangat tidak sehat; dan masih buruk lusa
Sebude,village,KALIMANTAN BARAT,-0.2,110.6,141.5,tidak sehat,2026-09-12,163.9,sangat tidak sehat,2026-09-13,150.2,tidak sehat,0,0,133.5,SIAGA TINGGI,diperkirakan besok sangat tidak sehat; dan masih buruk lusa
Biang Poring,village,KALIMANTAN BARAT,-0.2,110.6,141.5,tidak sehat,2026-09-12,163.9,sangat tidak sehat,2026-09-13,150.2,tidak sehat,0,0,133.5,SIAGA TINGGI,diperkirakan besok sangat tidak sehat; dan masih buruk lusa
Engkiting,hamlet,KALIMANTAN BARAT,-0.1,110.6,141.5,tidak sehat,2026-09-12,163.9,sangat tidak sehat,2026-09-13,150.2,tidak sehat,0,0,133.5,SIAGA TINGGI,diperkirakan besok sangat tidak sehat; dan masih buruk lusa
Entibuh Kenual,hamlet,KALIMANTAN BARAT,-0.0,110.7,141.5,tidak sehat,2026-09-12,163.9,sangat tidak sehat,2026-09-13,150.2,tidak sehat,0,0,133.5,SIAGA TINGGI,diperkirakan besok sangat tidak sehat; dan masih buruk lusa
Sebemban,hamlet,KALIMANTAN BARAT,0.0,110.6,141.5,tidak sehat,2026-09-12,163.9,sangat tidak sehat,2026-09-13,150.2,tidak sehat,0,0,133.5,SIAGA TINGGI,diperkirakan besok sangat tidak sehat; dan masih buruk lusa
Pelimao Empaong,hamlet,KALIMANTAN BARAT,-0.2,110.5,141.5,tidak sehat,2026-09-12,163.9,sangat tidak sehat,2026-09-13,150.2,tidak sehat,0,0,133.5,SIAGA TINGGI,diperkirakan besok sangat tidak sehat; dan masih buruk lusa
Sungai Kunyit,hamlet,KALIMANTAN BARAT,-0.1,110.5,141.5,tidak sehat,2026-09-12,163.9,sangat tidak sehat,2026-09-13,150.2,tidak sehat,0,0,133.5,SIAGA TINGGI,diperkirakan besok sangat tidak sehat; dan masih buruk lusa
Riam Putih,hamlet,KALIMANTAN BARAT,-0.1,110.5,141.5,tidak sehat,2026-09-12,163.9,sangat tidak sehat,2026-09-13,150.2,tidak sehat,0,0,133.5,SIAGA TINGGI,diperkirakan besok sangat tidak sehat; dan masih buruk lusa
Serampuk,hamlet,KALIMANTAN BARAT,0.0,110.8,141.5,tidak sehat,2026-09-12,163.9,sangat tidak sehat,2026-09-13,150.2,tidak sehat,0,0,133.5,SIAGA TINGGI,diperkirakan besok sangat tidak sehat; dan masih buruk lusa
Sarik,hamlet,KALIMANTAN BARAT,-0.3,110.7,141.5,tidak sehat,2026-09-12,163.9,sangat tidak sehat,2026-09-13,150.2,tidak sehat,0,0,56.6,SIAGA TINGGI,diperkirakan besok sangat tidak sehat; dan masih buruk lusa
Leminang,hamlet,KALIMANTAN BARAT,-0.3,110.7,141.5,tidak sehat,2026-09-12,163.9,sangat tidak sehat,2026-09-13,150.2,tidak sehat,0,0,56.6,SIAGA TINGGI,diperkirakan besok sangat tidak sehat; dan masih buruk lusa
Mulai,hamlet,KALIMANTAN BARAT,-0.3,110.6,141.5,tidak sehat,2026-09-12,163.9,sangat tidak sehat,2026-09-13,150.2,tidak sehat,0,0,56.6,SIAGA TINGGI,diperkirakan besok sangat tidak sehat; dan masih buruk lusa
Nanga Kenaak,hamlet,KALIMANTAN BARAT,-0.3,110.6,141.5,tidak sehat,2026-09-12,163.9,sangat tidak sehat,2026-09-13,150.2,tidak sehat,0,0,56.6,SIAGA TINGGI,diperkirakan besok sangat tidak sehat; dan masih buruk lusa
Iloh,hamlet,KALIMANTAN BARAT,-0.3,110.7,141.5,tidak sehat,2026-09-12,163.9,sangat tidak sehat,2026-09-13,150.2,tidak sehat,0,0,56.6,SIAGA TINGGI,diperkirakan besok sangat tidak sehat; dan masih buruk lusa
Kure,hamlet,KALIMANTAN BARAT,-0.4,110.7,141.5,tidak sehat,2026-09-12,163.9,sangat tidak sehat,2026-09-13,150.2,tidak sehat,0,0,56.6,SIAGA TINGGI,diperkirakan besok sangat tidak sehat; dan masih buruk lusa
Leban Para,hamlet,KALIMANTAN BARAT,-0.4,110.7,141.5,tidak sehat,2026-09-12,163.9,sangat tidak sehat,2026-09-13,150.2,tidak sehat,0,0,56.6,SIAGA TINGGI,diperkirakan besok sangat tidak sehat; dan masih buruk lusa
Engkulun Hulu,village,KALIMANTAN BARAT,-0.3,110.6,141.5,tidak sehat,2026-09-12,163.9,sangat tidak sehat,2026-09-13,150.2,tidak sehat,0,0,56.6,SIAGA TINGGI,diperkirakan besok sangat tidak sehat; dan masih buruk lusa
Camp PT Pulau Tiga Lestari Jaya,hamlet,KALIMANTAN BARAT,-0.1,110.6,141.5,tidak sehat,2026-09-12,163.9,sangat tidak sehat,2026-09-13,150.2,tidak sehat,0,0,133.5,SIAGA TINGGI,diperkirakan besok sangat tidak sehat; dan masih buruk lusa
Semerawai,village,KALIMANTAN BARAT,-0.2,110.7,141.5,tidak sehat,2026-09-12,163.9,sangat tidak sehat,2026-09-13,150.2,tidak sehat,0,0,133.5,SIAGA TINGGI,diperkirakan besok sangat tidak sehat; dan masih buruk lusa
Nanga Dakan,hamlet,KALIMANTAN BARAT,-0.2,110.7,141.5,tidak sehat,2026-09-12,163.9,sangat tidak sehat,2026-09-13,150.2,tidak sehat,0,0,133.5,SIAGA TINGGI,diperkirakan besok sangat tidak sehat; dan masih buruk lusa
Nanga Rambin,hamlet,KALIMANTAN BARAT,-0.2,110.7,141.5,tidak sehat,2026-09-12,163.9,sangat tidak sehat,2026-09-13,150.2,tidak sehat,0,0,133.5,SIAGA TINGGI,diperkirakan besok sangat tidak sehat; dan masih buruk lusa
Meromo,hamlet,KALIMANTAN BARAT,-0.2,110.6,141.5,tidak sehat,2026-09-12,163.9,sangat tidak sehat,2026-09-13,150.2,tidak sehat,0,0,133.5,SIAGA TINGGI,diperkirakan besok sangat tidak sehat; dan masih buruk lusa
Sungai Kase,hamlet,KALIMANTAN BARAT,-0.2,110.8,141.5,tidak sehat,2026-09-12,163.9,sangat tidak sehat,2026-09-13,150.2,tidak sehat,0,0,133.5,SIAGA TINGGI,diperkirakan besok sangat tidak sehat; dan masih buruk lusa
Senapan,hamlet,KALIMANTAN BARAT,-0.2,110.7,141.5,tidak sehat,2026-09-12,163.9,sangat tidak sehat,2026-09-13,150.2,tidak sehat,0,0,133.5,SIAGA TINGGI,diperkirakan besok sangat tidak sehat; dan masih buruk lusa
Landau Mentawa,hamlet,KALIMANTAN BARAT,-0.4,110.8,141.5,tidak sehat,2026-09-12,163.9,sangat tidak sehat,2026-09-13,150.2,tidak sehat,0,0,56.6,SIAGA TINGGI,diperkirakan besok sangat tidak sehat; dan masih buruk lusa
Kenabu,hamlet,KALIMANTAN BARAT,-0.4,110.8,141.5,tidak sehat,2026-09-12,163.9,sangat tidak sehat,2026-09-13,150.2,tidak sehat,0,0,56.6,SIAGA TINGGI,diperkirakan besok sangat tidak sehat; dan masih buruk lusa
Siong,hamlet,KALIMANTAN BARAT,-0.4,110.5,141.5,tidak sehat,2026-09-12,163.9,sangat tidak sehat,2026-09-13,150.2,tidak sehat,0,0,56.6,SIAGA TINGGI,diperkirakan besok sangat tidak sehat; dan masih buruk lusa
Tanang Paoh,hamlet,KALIMANTAN BARAT,-0.4,110.5,141.5,tidak sehat,2026-09-12,163.9,sangat tidak sehat,2026-09-13,150.2,tidak sehat,0,0,56.6,SIAGA TINGGI,diperkirakan besok sangat tidak sehat; dan masih buruk lusa
Dekan Buayan,hamlet,KALIMANTAN BARAT,-0.2,110.4,141.5,tidak sehat,2026-09-12,163.9,sangat tidak sehat,2026-09-13,150.2,tidak sehat,0,0,133.5,SIAGA TINGGI,diperkirakan besok sangat tidak sehat; dan masih buruk lusa
Tapang Sedendang,hamlet,KALIMANTAN BARAT,-0.2,110.4,141.5,tidak sehat,2026-09-12,163.9,sangat tidak sehat,2026-09-13,150.2,tidak sehat,0,0,133.5,SIAGA TINGGI,diperkirakan besok sangat tidak sehat; dan masih buruk lusa
Suak Kenyaok,hamlet,KALIMANTAN BARAT,-0.2,110.4,141.5,tidak sehat,2026-09-12,163.9,sangat tidak sehat,2026-09-13,150.2,tidak sehat,0,0,133.5,SIAGA TINGGI,diperkirakan besok sangat tidak sehat; dan masih buruk lusa
Kayu Ara,hamlet,KALIMANTAN BARAT,-0.2,110.4,141.5,tidak sehat,2026-09-12,163.9,sangat tidak sehat,2026-09-13,150.2,tidak sehat,0,0,133.5,SIAGA TINGGI,diperkirakan besok sangat tidak sehat; dan masih buruk lusa
Gaung Baru,village,KALIMANTAN TENGAH,-1.8,113.7,141.3,tidak sehat,2026-09-12,197.2,sangat tidak sehat,2026-09-13,195.9,sangat tidak sehat,0,0,547.6,SIAGA TINGGI,diperkirakan besok sangat tidak sehat; dan masih buruk lusa; asap tebal 60 km di arah angin (548)
Bereng Jun,village,KALIMANTAN TENGAH,-1.5,113.5,141.3,tidak sehat,2026-09-12,197.2,sangat tidak sehat,2026-09-13,195.9,sangat tidak sehat,0,0,334.7,SIAGA TINGGI,diperkirakan besok sangat tidak sehat; dan masih buruk lusa; asap tebal 60 km di arah angin (335)
Bukit Sua,village,KALIMANTAN TENGAH,-1.7,113.7,141.3,tidak sehat,2026-09-12,197.2,sangat tidak sehat,2026-09-13,195.9,sangat tidak sehat,0,0,547.6,SIAGA TINGGI,diperkirakan besok sangat tidak sehat; dan masih buruk lusa; asap tebal 60 km di arah angin (548)
Fajar Harapan,village,KALIMANTAN TENGAH,-1.5,113.4,141.3,tidak sehat,2026-09-12,197.2,sangat tidak sehat,2026-09-13,195.9,sangat tidak sehat,0,0,334.7,SIAGA TINGGI,diperkirakan besok sangat tidak sehat; dan masih buruk lusa; asap tebal 60 km di arah angin (335)
Kasongan Baru,village,KALIMANTAN TENGAH,-1.9,113.4,141.3,tidak sehat,2026-09-12,197.2,sangat tidak sehat,2026-09-13,195.9,sangat tidak sehat,0,0,334.7,SIAGA TINGGI,diperkirakan besok sangat tidak sehat; dan masih buruk lusa; asap tebal 60 km di arah angin (335)
Pager,village,KALIMANTAN TENGAH,-1.8,113.7,141.3,tidak sehat,2026-09-12,197.2,sangat tidak sehat,2026-09-13,195.9,sangat tidak sehat,0,0,547.6,SIAGA TINGGI,diperkirakan besok sangat tidak sehat; dan masih buruk lusa; asap tebal 60 km di arah angin (548)
Petuk Barunai,village,KALIMANTAN TENGAH,-1.7,113.7,141.3,tidak sehat,2026-09-12,197.2,sangat tidak sehat,2026-09-13,195.9,sangat tidak sehat,0,0,547.6,SIAGA TINGGI,diperkirakan besok sangat tidak sehat; dan masih buruk lusa; asap tebal 60 km di arah angin (548)
Kasongan Lama,village,KALIMANTAN TENGAH,-1.9,113.4,141.3,tidak sehat,2026-09-12,197.2,sangat tidak sehat,2026-09-13,195.9,sangat tidak sehat,0,0,334.7,SIAGA TINGGI,diperkirakan besok sangat tidak sehat; dan masih buruk lusa; asap tebal 60 km di arah angin (335)
Panjehang,village,KALIMANTAN TENGAH,-1.8,113.7,141.3,tidak sehat,2026-09-12,197.2,sangat tidak sehat,2026-09-13,195.9,sangat tidak sehat,0,0,547.6,SIAGA TINGGI,diperkirakan besok sangat tidak sehat; dan masih buruk lusa; asap tebal 60 km di arah angin (548)
Takaras,village,KALIMANTAN TENGAH,-1.6,113.6,141.3,tidak sehat,2026-09-12,197.2,sangat tidak sehat,2026-09-13,195.9,sangat tidak sehat,0,0,547.6,SIAGA TINGGI,diperkirakan besok sangat tidak sehat; dan masih buruk lusa; asap tebal 60 km di arah angin (548)
Mungku Baru,village,KALIMANTAN TENGAH,-1.6,113.7,141.3,tidak sehat,2026-09-12,197.2,sangat tidak sehat,2026-09-13,195.9,sangat tidak sehat,0,0,547.6,SIAGA TINGGI,diperkirakan besok sangat tidak sehat; dan masih buruk lusa; asap tebal 60 km di arah angin (548)
Kanarakan,village,KALIMANTAN TENGAH,-1.9,113.8,141.3,tidak sehat,2026-09-12,197.2,sangat tidak sehat,2026-09-13,195.9,sangat tidak sehat,0,0,547.6,SIAGA TINGGI,diperkirakan besok sangat tidak sehat; dan masih buruk lusa; asap tebal 60 km di arah angin (548)
Tumbang Liting,village,KALIMANTAN TENGAH,-1.9,113.4,141.3,tidak sehat,2026-09-12,197.2,sangat tidak sehat,2026-09-13,195.9,sangat tidak sehat,0,0,334.7,SIAGA TINGGI,diperkirakan besok sangat tidak sehat; dan masih buruk lusa; asap tebal 60 km di arah angin (335)
Talian Kereng,village,KALIMANTAN TENGAH,-1.9,113.4,141.3,tidak sehat,2026-09-12,197.2,sangat tidak sehat,2026-09-13,195.9,sangat tidak sehat,0,0,334.7,SIAGA TINGGI,diperkirakan besok sangat tidak sehat; dan masih buruk lusa; asap tebal 60 km di arah angin (335)
Petuk Bukit,village,KALIMANTAN TENGAH,-1.9,113.7,141.3,tidak sehat,2026-09-12,197.2,sangat tidak sehat,2026-09-13,195.9,sangat tidak sehat,0,0,547.6,SIAGA TINGGI,diperkirakan besok sangat tidak sehat; dan masih buruk lusa; asap tebal 60 km di arah angin (548)
Kasongan,town,KALIMANTAN TENGAH,-1.9,113.4,141.3,tidak sehat,2026-09-12,197.2,sangat tidak sehat,2026-09-13,195.9,sangat tidak sehat,0,0,334.7,SIAGA TINGGI,diperkirakan besok sangat tidak sehat; dan masih buruk lusa; asap tebal 60 km di arah angin (335)
Taringen,village,KALIMANTAN TENGAH,-1.6,113.5,141.3,tidak sehat,2026-09-12,197.2,sangat tidak sehat,2026-09-13,195.9,sangat tidak sehat,0,0,334.7,SIAGA TINGGI,diperkirakan besok sangat tidak sehat; dan masih buruk lusa; asap tebal 60 km di arah angin (335)
Bereng Malaka,village,KALIMANTAN TENGAH,-1.5,113.6,141.3,tidak sehat,2026-09-12,197.2,sangat tidak sehat,2026-09-13,195.9,sangat tidak sehat,0,0,547.6,SIAGA TINGGI,diperkirakan besok sangat tidak sehat; dan masih buruk lusa; asap tebal 60 km di arah angin (548)
Bangun Sari,village,KALIMANTAN TENGAH,-1.5,113.4,141.3,tidak sehat,2026-09-12,197.2,sangat tidak sehat,2026-09-13,195.9,sangat tidak sehat,0,0,141.3,SIAGA TINGGI,diperkirakan besok sangat tidak sehat; dan masih buruk lusa
Parempei,village,KALIMANTAN TENGAH,-1.5,113.6,141.3,tidak sehat,2026-09-12,197.2,sangat tidak sehat,2026-09-13,195.9,sangat tidak sehat,0,0,334.7,SIAGA TINGGI,diperkirakan besok sangat tidak sehat; dan masih buruk lusa; asap tebal 60 km di arah angin (335)
Bereng Baru,village,KALIMANTAN TENGAH,-1.5,113.6,141.3,tidak sehat,2026-09-12,197.2,sangat tidak sehat,2026-09-13,195.9,sangat tidak sehat,0,0,141.3,SIAGA TINGGI,diperkirakan besok sangat tidak sehat; dan masih buruk lusa
Nanga Ansar,village,KALIMANTAN BARAT,0.3,111.2,138.3,tidak sehat,2026-09-12,160.0,sangat tidak sehat,2026-09-13,163.4,sangat tidak sehat,0,0,91.8,SIAGA TINGGI,diperkirakan besok sangat tidak sehat; dan masih buruk lusa
Mensiap Baru,village,KALIMANTAN BARAT,0.1,111.3,138.3,tidak sehat,2026-09-12,160.0,sangat tidak sehat,2026-09-13,163.4,sangat tidak sehat,0,0,91.8,SIAGA TINGGI,diperkirakan besok sangat tidak sehat; dan masih buruk lusa
Semajau Mekar,village,KALIMANTAN BARAT,0.4,111.3,138.3,tidak sehat,2026-09-12,160.0,sangat tidak sehat,2026-09-13,163.4,sangat tidak sehat,0,0,94.6,SIAGA TINGGI,diperkirakan besok sangat tidak sehat; dan masih buruk lusa
Setuntung,village,KALIMANTAN BARAT,0.2,111.2,138.3,tidak sehat,2026-09-12,160.0,sangat tidak sehat,2026-09-13,163.4,sangat tidak sehat,0,0,91.8,SIAGA TINGGI,diperkirakan besok sangat tidak sehat; dan masih buruk lusa
Merbang,village,KALIMANTAN BARAT,0.2,111.0,138.3,tidak sehat,2026-09-12,160.0,sangat tidak sehat,2026-09-13,163.4,sangat tidak sehat,0,0,91.8,SIAGA TINGGI,diperkirakan besok sangat tidak sehat; dan masih buruk lusa
Semabi,village,KALIMANTAN BARAT,0.1,110.9,138.3,tidak sehat,2026-09-12,160.0,sangat tidak sehat,2026-09-13,163.4,sangat tidak sehat,0,0,91.8,SIAGA TINGGI,diperkirakan besok sangat tidak sehat; dan masih buruk lusa
Balai Sepuak,village,KALIMANTAN BARAT,0.4,111.2,138.3,tidak sehat,2026-09-12,160.0,sangat tidak sehat,2026-09-13,163.4,sangat tidak sehat,0,0,94.6,SIAGA TINGGI,diperkirakan besok sangat tidak sehat; dan masih buruk lusa
Landau Kodah,village,KALIMANTAN BARAT,0.1,110.9,138.3,tidak sehat,2026-09-12,160.0,sangat tidak sehat,2026-09-13,163.4,sangat tidak sehat,0,0,91.8,SIAGA TINGGI,diperkirakan besok sangat tidak sehat; dan masih buruk lusa
Semadu,village,KALIMANTAN BARAT,0.4,111.0,138.3,tidak sehat,2026-09-12,160.0,sangat tidak sehat,2026-09-13,163.4,sangat tidak sehat,0,0,91.8,SIAGA TINGGI,diperkirakan besok sangat tidak sehat; dan masih buruk lusa
Sungai Tapah,village,KALIMANTAN BARAT,0.5,111.1,138.3,tidak sehat,2026-09-12,160.0,sangat tidak sehat,2026-09-13,163.4,sangat tidak sehat,0,0,94.6,SIAGA TINGGI,diperkirakan besok sangat tidak sehat; dan masih buruk lusa
Janangran,hamlet,KALIMANTAN BARAT,0.1,111.2,138.3,tidak sehat,2026-09-12,160.0,sangat tidak sehat,2026-09-13,163.4,sangat tidak sehat,0,0,91.8,SIAGA TINGGI,diperkirakan besok sangat tidak sehat; dan masih buruk lusa
Tabuk Hulu,village,KALIMANTAN BARAT,0.5,111.2,138.3,tidak sehat,2026-09-12,160.0,sangat tidak sehat,2026-09-13,163.4,sangat tidak sehat,0,0,94.6,SIAGA TINGGI,diperkirakan besok sangat tidak sehat; dan masih buruk lusa
Belitang Satu,village,KALIMANTAN BARAT,0.1,111.3,138.3,tidak sehat,2026-09-12,160.0,sangat tidak sehat,2026-09-13,163.4,sangat tidak sehat,0,0,91.8,SIAGA TINGGI,diperkirakan besok sangat tidak sehat; dan masih buruk lusa
Semirau,village,KALIMANTAN BARAT,0.4,110.9,138.3,tidak sehat,2026-09-12,160.0,sangat tidak sehat,2026-09-13,163.4,sangat tidak sehat,0,0,94.6,SIAGA TINGGI,diperkirakan besok sangat tidak sehat; dan masih buruk lusa
Kumpang Bis,village,KALIMANTAN BARAT,0.3,111.1,138.3,tidak sehat,2026-09-12,160.0,sangat tidak sehat,2026-09-13,163.4,sangat tidak sehat,0,0,91.8,SIAGA TINGGI,diperkirakan besok sangat tidak sehat; dan masih buruk lusa
Tanjung Ria,village,KALIMANTAN BARAT,0.1,111.2,138.3,tidak sehat,2026-09-12,160.0,sangat tidak sehat,2026-09-13,163.4,sangat tidak sehat,0,0,91.8,SIAGA TINGGI,diperkirakan besok sangat tidak sehat; dan masih buruk lusa
Menawai Tekam,village,KALIMANTAN BARAT,0.3,111.0,138.3,tidak sehat,2026-09-12,160.0,sangat tidak sehat,2026-09-13,163.4,sangat tidak sehat,0,0,91.8,SIAGA TINGGI,diperkirakan besok sangat tidak sehat; dan masih buruk lusa
Kerta Sari,village,KALIMANTAN BARAT,0.5,111.3,138.3,tidak sehat,2026-09-12,160.0,sangat tidak sehat,2026-09-13,163.4,sangat tidak sehat,0,0,94.6,SIAGA TINGGI,diperkirakan besok sangat tidak sehat; dan masih buruk lusa
Timpuk,village,KALIMANTAN BARAT,0.1,110.9,138.3,tidak sehat,2026-09-12,160.0,sangat tidak sehat,2026-09-13,163.4,sangat tidak sehat,0,0,91.8,SIAGA TINGGI,diperkirakan besok sangat tidak sehat; dan masih buruk lusa
Kumpang Ilong,village,KALIMANTAN BARAT,0.4,111.2,138.3,tidak sehat,2026-09-12,160.0,sangat tidak sehat,2026-09-13,163.4,sangat tidak sehat,0,0,91.8,SIAGA TINGGI,diperkirakan besok sangat tidak sehat; dan masih buruk lusa
Semuntai,village,KALIMANTAN BARAT,0.3,111.3,138.3,tidak sehat,2026-09-12,160.0,sangat tidak sehat,2026-09-13,163.4,sangat tidak sehat,0,0,91.8,SIAGA TINGGI,diperkirakan besok sangat tidak sehat; dan masih buruk lusa
Ensabang,village,KALIMANTAN BARAT,0.2,111.3,138.3,tidak sehat,2026-09-12,160.0,sangat tidak sehat,2026-09-13,163.4,sangat tidak sehat,0,0,91.8,SIAGA TINGGI,diperkirakan besok sangat tidak sehat; dan masih buruk lusa
Kenyauk,village,KALIMANTAN BARAT,0.1,111.1,138.3,tidak sehat,2026-09-12,160.0,sangat tidak sehat,2026-09-13,163.4,sangat tidak sehat,0,0,91.8,SIAGA TINGGI,diperkirakan besok sangat tidak sehat; dan masih buruk lusa
Padak,village,KALIMANTAN BARAT,0.3,111.2,138.3,tidak sehat,2026-09-12,160.0,sangat tidak sehat,2026-09-13,163.4,sangat tidak sehat,0,0,91.8,SIAGA TINGGI,diperkirakan besok sangat tidak sehat; dan masih buruk lusa
Batuk Mulau,village,KALIMANTAN BARAT,0.5,111.1,138.3,tidak sehat,2026-09-12,160.0,sangat tidak sehat,2026-09-13,163.4,sangat tidak sehat,0,0,94.6,SIAGA TINGGI,diperkirakan besok sangat tidak sehat; dan masih buruk lusa
Nanga Sejirak,village,KALIMANTAN BARAT,0.3,111.3,138.3,tidak sehat,2026-09-12,160.0,sangat tidak sehat,2026-09-13,163.4,sangat tidak sehat,0,0,91.8,SIAGA TINGGI,diperkirakan besok sangat tidak sehat; dan masih buruk lusa
Sungai Ayak I,village,KALIMANTAN BARAT,0.1,111.1,138.3,tidak sehat,2026-09-12,160.0,sangat tidak sehat,2026-09-13,163.4,sangat tidak sehat,0,0,91.8,SIAGA TINGGI,diperkirakan besok sangat tidak sehat; dan masih buruk lusa
Seraras,village,KALIMANTAN BARAT,0.1,111.0,138.3,tidak sehat,2026-09-12,160.0,sangat tidak sehat,2026-09-13,163.4,sangat tidak sehat,0,0,91.8,SIAGA TINGGI,diperkirakan besok sangat tidak sehat; dan masih buruk lusa
Tapang Pulau,village,KALIMANTAN BARAT,0.2,111.1,138.3,tidak sehat,2026-09-12,160.0,sangat tidak sehat,2026-09-13,163.4,sangat tidak sehat,0,0,91.8,SIAGA TINGGI,diperkirakan besok sangat tidak sehat; dan masih buruk lusa
Belitang Dua,village,KALIMANTAN BARAT,0.1,111.2,138.3,tidak sehat,2026-09-12,160.0,sangat tidak sehat,2026-09-13,163.4,sangat tidak sehat,0,0,91.8,SIAGA TINGGI,diperkirakan besok sangat tidak sehat; dan masih buruk lusa
Pakit Mulau,village,KALIMANTAN BARAT,0.5,111.2,138.3,tidak sehat,2026-09-12,160.0,sangat tidak sehat,2026-09-13,163.4,sangat tidak sehat,0,0,94.6,SIAGA TINGGI,diperkirakan besok sangat tidak sehat; dan masih buruk lusa
Ijuk,village,KALIMANTAN BARAT,0.4,111.2,138.3,tidak sehat,2026-09-12,160.0,sangat tidak sehat,2026-09-13,163.4,sangat tidak sehat,0,0,94.6,SIAGA TINGGI,diperkirakan besok sangat tidak sehat; dan masih buruk lusa
Tanjung Perada,village,KALIMANTAN BARAT,0.1,111.3,138.3,tidak sehat,2026-09-12,160.0,sangat tidak sehat,2026-09-13,163.4,sangat tidak sehat,0,0,91.8,SIAGA TINGGI,diperkirakan besok sangat tidak sehat; dan masih buruk lusa
Sungai Jaung,village,KALIMANTAN BARAT,0.2,111.3,138.3,tidak sehat,2026-09-12,160.0,sangat tidak sehat,2026-09-13,163.4,sangat tidak sehat,0,0,91.8,SIAGA TINGGI,diperkirakan besok sangat tidak sehat; dan masih buruk lusa
Sukau Bersatu,village,KALIMANTAN BARAT,0.1,111.3,138.3,tidak sehat,2026-09-12,160.0,sangat tidak sehat,2026-09-13,163.4,sangat tidak sehat,0,0,91.8,SIAGA TINGGI,diperkirakan besok sangat tidak sehat; dan masih buruk lusa
Mensiap Jaya,village,KALIMANTAN BARAT,0.1,111.3,138.3,tidak sehat,2026-09-12,160.0,sangat tidak sehat,2026-09-13,163.4,sangat tidak sehat,0,0,91.8,SIAGA TINGGI,diperkirakan besok sangat tidak sehat; dan masih buruk lusa
Temiang Kapuas,village,KALIMANTAN BARAT,0.1,111.3,138.3,tidak sehat,2026-09-12,160.0,sangat tidak sehat,2026-09-13,163.4,sangat tidak sehat,0,0,91.8,SIAGA TINGGI,diperkirakan besok sangat tidak sehat; dan masih buruk lusa
Sungai Raya,village,KALIMANTAN BARAT,0.1,111.2,138.3,tidak sehat,2026-09-12,160.0,sangat tidak sehat,2026-09-13,163.4,sangat tidak sehat,0,0,91.8,SIAGA TINGGI,diperkirakan besok sangat tidak sehat; dan masih buruk lusa
Nanga Sepauk,village,KALIMANTAN BARAT,0.1,111.2,138.3,tidak sehat,2026-09-12,160.0,sangat tidak sehat,2026-09-13,163.4,sangat tidak sehat,0,0,91.8,SIAGA TINGGI,diperkirakan besok sangat tidak sehat; dan masih buruk lusa
Entabuk,village,KALIMANTAN BARAT,0.1,111.2,138.3,tidak sehat,2026-09-12,160.0,sangat tidak sehat,2026-09-13,163.4,sangat tidak sehat,0,0,91.8,SIAGA TINGGI,diperkirakan besok sangat tidak sehat; dan masih buruk lusa
Sungai Gandal,hamlet,KALIMANTAN BARAT,0.3,111.2,138.3,tidak sehat,2026-09-12,160.0,sangat tidak sehat,2026-09-13,163.4,sangat tidak sehat,0,0,91.8,SIAGA TINGGI,diperkirakan besok sangat tidak sehat; dan masih buruk lusa
SP3 Padak,hamlet,KALIMANTAN BARAT,0.2,111.2,138.3,tidak sehat,2026-09-12,160.0,sangat tidak sehat,2026-09-13,163.4,sangat tidak sehat,0,0,91.8,SIAGA TINGGI,diperkirakan besok sangat tidak sehat; dan masih buruk lusa
Menua Prama,village,KALIMANTAN BARAT,0.3,111.2,138.3,tidak sehat,2026-09-12,160.0,sangat tidak sehat,2026-09-13,163.4,sangat tidak sehat,0,0,91.8,SIAGA TINGGI,diperkirakan besok sangat tidak sehat; dan masih buruk lusa
Maboh Permai,village,KALIMANTAN BARAT,0.2,111.2,138.3,tidak sehat,2026-09-12,160.0,sangat tidak sehat,2026-09-13,163.4,sangat tidak sehat,0,0,91.8,SIAGA TINGGI,diperkirakan besok sangat tidak sehat; dan masih buruk lusa
Setalon,hamlet,KALIMANTAN BARAT,0.2,111.2,138.3,tidak sehat,2026-09-12,160.0,sangat tidak sehat,2026-09-13,163.4,sangat tidak sehat,0,0,91.8,SIAGA TINGGI,diperkirakan besok sangat tidak sehat; dan masih buruk lusa
Pakan,hamlet,KALIMANTAN BARAT,0.5,111.2,138.3,tidak sehat,2026-09-12,160.0,sangat tidak sehat,2026-09-13,163.4,sangat tidak sehat,0,0,94.6,SIAGA TINGGI,diperkirakan besok sangat tidak sehat; dan masih buruk lusa
Janang Pelintang,hamlet,KALIMANTAN BARAT,0.3,111.1,138.3,tidak sehat,2026-09-12,160.0,sangat tidak sehat,2026-09-13,163.4,sangat tidak sehat,0,0,91.8,SIAGA TINGGI,diperkirakan besok sangat tidak sehat; dan masih buruk lusa
Pateh,hamlet,KALIMANTAN BARAT,0.4,111.2,138.3,tidak sehat,2026-09-12,160.0,sangat tidak sehat,2026-09-13,163.4,sangat tidak sehat,0,0,94.6,SIAGA TINGGI,diperkirakan besok sangat tidak sehat; dan masih buruk lusa
Balau Nyawang,hamlet,KALIMANTAN BARAT,0.4,111.0,138.3,tidak sehat,2026-09-12,160.0,sangat tidak sehat,2026-09-13,163.4,sangat tidak sehat,0,0,94.6,SIAGA TINGGI,diperkirakan besok sangat tidak sehat; dan masih buruk lusa
Keliat,hamlet,KALIMANTAN BARAT,0.4,111.1,138.3,tidak sehat,2026-09-12,160.0,sangat tidak sehat,2026-09-13,163.4,sangat tidak sehat,0,0,94.6,SIAGA TINGGI,diperkirakan besok sangat tidak sehat; dan masih buruk lusa
Mertawai,hamlet,KALIMANTAN BARAT,0.5,111.1,138.3,tidak sehat,2026-09-12,160.0,sangat tidak sehat,2026-09-13,163.4,sangat tidak sehat,0,0,94.6,SIAGA TINGGI,diperkirakan besok sangat tidak sehat; dan masih buruk lusa
Singkam,hamlet,KALIMANTAN BARAT,0.4,111.2,138.3,tidak sehat,2026-09-12,160.0,sangat tidak sehat,2026-09-13,163.4,sangat tidak sehat,0,0,94.6,SIAGA TINGGI,diperkirakan besok sangat tidak sehat; dan masih buruk lusa
Sui Munong,hamlet,KALIMANTAN BARAT,0.4,111.2,138.3,tidak sehat,2026-09-12,160.0,sangat tidak sehat,2026-09-13,163.4,sangat tidak sehat,0,0,94.6,SIAGA TINGGI,diperkirakan besok sangat tidak sehat; dan masih buruk lusa
Empajak,village,KALIMANTAN BARAT,0.2,111.1,138.3,tidak sehat,2026-09-12,160.0,sangat tidak sehat,2026-09-13,163.4,sangat tidak sehat,0,0,91.8,SIAGA TINGGI,diperkirakan besok sangat tidak sehat; dan masih buruk lusa
Sungai Ayak Dua,village,KALIMANTAN BARAT,0.1,111.1,138.3,tidak sehat,2026-09-12,160.0,sangat tidak sehat,2026-09-13,163.4,sangat tidak sehat,0,0,91.8,SIAGA TINGGI,diperkirakan besok sangat tidak sehat; dan masih buruk lusa
Persiapan Sepantak,village,KALIMANTAN BARAT,0.1,111.1,138.3,tidak sehat,2026-09-12,160.0,sangat tidak sehat,2026-09-13,163.4,sangat tidak sehat,0,0,91.8,SIAGA TINGGI,diperkirakan besok sangat tidak sehat; dan masih buruk lusa
Beringkai Raya,village,KALIMANTAN BARAT,0.2,111.0,138.3,tidak sehat,2026-09-12,160.0,sangat tidak sehat,2026-09-13,163.4,sangat tidak sehat,0,0,91.8,SIAGA TINGGI,diperkirakan besok sangat tidak sehat; dan masih buruk lusa
Persiapan Tigur Jaya,village,KALIMANTAN BARAT,0.2,111.0,138.3,tidak sehat,2026-09-12,160.0,sangat tidak sehat,2026-09-13,163.4,sangat tidak sehat,0,0,91.8,SIAGA TINGGI,diperkirakan besok sangat tidak sehat; dan masih buruk lusa
Sempelas,hamlet,KALIMANTAN BARAT,0.2,110.9,138.3,tidak sehat,2026-09-12,160.0,sangat tidak sehat,2026-09-13,163.4,sangat tidak sehat,0,0,91.8,SIAGA TINGGI,diperkirakan besok sangat tidak sehat; dan masih buruk lusa
Selimus,hamlet,KALIMANTAN BARAT,0.1,111.0,138.3,tidak sehat,2026-09-12,160.0,sangat tidak sehat,2026-09-13,163.4,sangat tidak sehat,0,0,91.8,SIAGA TINGGI,diperkirakan besok sangat tidak sehat; dan masih buruk lusa
Tabai,hamlet,KALIMANTAN BARAT,0.2,110.9,138.3,tidak sehat,2026-09-12,160.0,sangat tidak sehat,2026-09-13,163.4,sangat tidak sehat,0,0,91.8,SIAGA TINGGI,diperkirakan besok sangat tidak sehat; dan masih buruk lusa
Beringin Maju,hamlet,KALIMANTAN BARAT,0.2,110.9,138.3,tidak sehat,2026-09-12,160.0,sangat tidak sehat,2026-09-13,163.4,sangat tidak sehat,0,0,91.8,SIAGA TINGGI,diperkirakan besok sangat tidak sehat; dan masih buruk lusa
Sungai Akar,hamlet,KALIMANTAN BARAT,0.1,110.9,138.3,tidak sehat,2026-09-12,160.0,sangat tidak sehat,2026-09-13,163.4,sangat tidak sehat,0,0,91.8,SIAGA TINGGI,diperkirakan besok sangat tidak sehat; dan masih buruk lusa
Teluk Pasir,hamlet,KALIMANTAN BARAT,0.1,110.9,138.3,tidak sehat,2026-09-12,160.0,sangat tidak sehat,2026-09-13,163.4,sangat tidak sehat,0,0,91.8,SIAGA TINGGI,diperkirakan besok sangat tidak sehat; dan masih buruk lusa
Sempulau Indah,village,KALIMANTAN BARAT,0.1,111.0,138.3,tidak sehat,2026-09-12,160.0,sangat tidak sehat,2026-09-13,163.4,sangat tidak sehat,0,0,91.8,SIAGA TINGGI,diperkirakan besok sangat tidak sehat; dan masih buruk lusa
Sungai Deras,village,KALIMANTAN BARAT,0.4,111.3,138.3,tidak sehat,2026-09-12,160.0,sangat tidak sehat,2026-09-13,163.4,sangat tidak sehat,0,0,94.6,SIAGA TINGGI,diperkirakan besok sangat tidak sehat; dan masih buruk lusa
Bakti Senabung,village,KALIMANTAN BARAT,0.5,111.3,138.3,tidak sehat,2026-09-12,160.0,sangat tidak sehat,2026-09-13,163.4,sangat tidak sehat,0,0,94.6,SIAGA TINGGI,diperkirakan besok sangat tidak sehat; dan masih buruk lusa
Landau Buaya,village,KALIMANTAN BARAT,0.5,111.3,138.3,tidak sehat,2026-09-12,160.0,sangat tidak sehat,2026-09-13,163.4,sangat tidak sehat,0,0,94.6,SIAGA TINGGI,diperkirakan besok sangat tidak sehat; dan masih buruk lusa
Ratu Damai,village,KALIMANTAN BARAT,0.3,111.3,138.3,tidak sehat,2026-09-12,160.0,sangat tidak sehat,2026-09-13,163.4,sangat tidak sehat,0,0,91.8,SIAGA TINGGI,diperkirakan besok sangat tidak sehat; dan masih buruk lusa
Balau Nyawang,hamlet,KALIMANTAN BARAT,0.5,110.9,138.3,tidak sehat,2026-09-12,160.0,sangat tidak sehat,2026-09-13,163.4,sangat tidak sehat,0,0,94.6,SIAGA TINGGI,diperkirakan besok sangat tidak sehat; dan masih buruk lusa
Ketapang,village,KALIMANTAN BARAT,0.1,110.9,138.3,tidak sehat,2026-09-12,160.0,sangat tidak sehat,2026-09-13,163.4,sangat tidak sehat,0,0,91.8,SIAGA TINGGI,diperkirakan besok sangat tidak sehat; dan masih buruk lusa
Sungai Mawang,village,KALIMANTAN BARAT,0.1,110.9,138.3,tidak sehat,2026-09-12,160.0,sangat tidak sehat,2026-09-13,163.4,sangat tidak sehat,0,0,91.8,SIAGA TINGGI,diperkirakan besok sangat tidak sehat; dan masih buruk lusa
Enserumbak,village,KALIMANTAN BARAT,0.2,110.9,138.3,tidak sehat,2026-09-12,160.0,sangat tidak sehat,2026-09-13,163.4,sangat tidak sehat,0,0,94.6,SIAGA TINGGI,diperkirakan besok sangat tidak sehat; dan masih buruk lusa
Dusun Empurang,village,KALIMANTAN BARAT,0.3,110.9,138.3,tidak sehat,2026-09-12,160.0,sangat tidak sehat,2026-09-13,163.4,sangat tidak sehat,0,0,94.6,SIAGA TINGGI,diperkirakan besok sangat tidak sehat; dan masih buruk lusa
Sebuda,village,KALIMANTAN BARAT,0.3,110.9,138.3,tidak sehat,2026-09-12,160.0,sangat tidak sehat,2026-09-13,163.4,sangat tidak sehat,0,0,94.6,SIAGA TINGGI,diperkirakan besok sangat tidak sehat; dan masih buruk lusa
Sei Omang,village,KALIMANTAN BARAT,0.3,110.9,138.3,tidak sehat,2026-09-12,160.0,sangat tidak sehat,2026-09-13,163.4,sangat tidak sehat,0,0,94.6,SIAGA TINGGI,diperkirakan besok sangat tidak sehat; dan masih buruk lusa
Boyok,hamlet,KALIMANTAN BARAT,0.3,110.9,138.3,tidak sehat,2026-09-12,160.0,sangat tidak sehat,2026-09-13,163.4,sangat tidak sehat,0,0,94.6,SIAGA TINGGI,diperkirakan besok sangat tidak sehat; dan masih buruk lusa
Sepati,hamlet,KALIMANTAN BARAT,0.1,110.9,138.3,tidak sehat,2026-09-12,160.0,sangat tidak sehat,2026-09-13,163.4,sangat tidak sehat,0,0,91.8,SIAGA TINGGI,diperkirakan besok sangat tidak sehat; dan masih buruk lusa
Melanjan Raya,village,KALIMANTAN BARAT,0.2,111.1,138.3,tidak sehat,2026-09-12,160.0,sangat tidak sehat,2026-09-13,163.4,sangat tidak sehat,0,0,91.8,SIAGA TINGGI,diperkirakan besok sangat tidak sehat; dan masih buruk lusa
Kapuas,city,KALIMANTAN BARAT,0.1,110.6,128.3,tidak sehat,2026-09-12,154.0,sangat tidak sehat,2026-09-13,135.9,tidak sehat,0,0,133.5,SIAGA TINGGI,diperkirakan besok sangat tidak sehat; dan masih buruk lusa
Tanjung Sekayam,village,KALIMANTAN BARAT,0.1,110.6,128.3,tidak sehat,2026-09-12,154.0,sangat tidak sehat,2026-09-13,135.9,tidak sehat,0,0,133.5,SIAGA TINGGI,diperkirakan besok sangat tidak sehat; dan masih buruk lusa
Sungai Mawang,village,KALIMANTAN BARAT,0.1,110.8,128.3,tidak sehat,2026-09-12,154.0,sangat tidak sehat,2026-09-13,135.9,tidak sehat,0,0,133.5,SIAGA TINGGI,diperkirakan besok sangat tidak sehat; dan masih buruk lusa
Tanap,village,KALIMANTAN BARAT,0.5,110.4,128.3,tidak sehat,2026-09-12,154.0,sangat tidak sehat,2026-09-13,135.9,tidak sehat,0,0,138.3,SIAGA TINGGI,diperkirakan besok sangat tidak sehat; dan masih buruk lusa
Hibun,village,KALIMANTAN BARAT,0.2,110.5,128.3,tidak sehat,2026-09-12,154.0,sangat tidak sehat,2026-09-13,135.9,tidak sehat,0,0,138.3,SIAGA TINGGI,diperkirakan besok sangat tidak sehat; dan masih buruk lusa
Selampung,village,KALIMANTAN BARAT,0.3,110.7,128.3,tidak sehat,2026-09-12,154.0,sangat tidak sehat,2026-09-13,135.9,tidak sehat,0,0,138.3,SIAGA TINGGI,diperkirakan besok sangat tidak sehat; dan masih buruk lusa
Tunggul Boyok,village,KALIMANTAN BARAT,0.4,110.6,128.3,tidak sehat,2026-09-12,154.0,sangat tidak sehat,2026-09-13,135.9,tidak sehat,0,0,138.3,SIAGA TINGGI,diperkirakan besok sangat tidak sehat; dan masih buruk lusa
Mengkiang,village,KALIMANTAN BARAT,0.2,110.6,128.3,tidak sehat,2026-09-12,154.0,sangat tidak sehat,2026-09-13,135.9,tidak sehat,0,0,138.3,SIAGA TINGGI,diperkirakan besok sangat tidak sehat; dan masih buruk lusa
Beringin,village,KALIMANTAN BARAT,0.1,110.6,128.3,tidak sehat,2026-09-12,154.0,sangat tidak sehat,2026-09-13,135.9,tidak sehat,0,0,133.5,SIAGA TINGGI,diperkirakan besok sangat tidak sehat; dan masih buruk lusa
Tanggung,village,KALIMANTAN BARAT,0.5,110.8,128.3,tidak sehat,2026-09-12,154.0,sangat tidak sehat,2026-09-13,135.9,tidak sehat,0,0,138.3,SIAGA TINGGI,diperkirakan besok sangat tidak sehat; dan masih buruk lusa
Ilir Kota,village,KALIMANTAN BARAT,0.1,110.6,128.3,tidak sehat,2026-09-12,154.0,sangat tidak sehat,2026-09-13,135.9,tidak sehat,0,0,133.5,SIAGA TINGGI,diperkirakan besok sangat tidak sehat; dan masih buruk lusa
Sungai Mawang,village,KALIMANTAN BARAT,0.1,110.5,128.3,tidak sehat,2026-09-12,154.0,sangat tidak sehat,2026-09-13,135.9,tidak sehat,0,0,133.5,SIAGA TINGGI,diperkirakan besok sangat tidak sehat; dan masih buruk lusa
Dosan,village,KALIMANTAN BARAT,0.3,110.5,128.3,tidak sehat,2026-09-12,154.0,sangat tidak sehat,2026-09-13,135.9,tidak sehat,0,0,138.3,SIAGA TINGGI,diperkirakan besok sangat tidak sehat; dan masih buruk lusa
Sanjan Emberas,hamlet,KALIMANTAN BARAT,0.4,110.4,128.3,tidak sehat,2026-09-12,154.0,sangat tidak sehat,2026-09-13,135.9,tidak sehat,0,0,138.3,SIAGA TINGGI,diperkirakan besok sangat tidak sehat; dan masih buruk lusa
Bahta,village,KALIMANTAN BARAT,0.3,110.6,128.3,tidak sehat,2026-09-12,154.0,sangat tidak sehat,2026-09-13,135.9,tidak sehat,0,0,138.3,SIAGA TINGGI,diperkirakan besok sangat tidak sehat; dan masih buruk lusa
Semuntai,village,KALIMANTAN BARAT,0.1,110.7,128.3,tidak sehat,2026-09-12,154.0,sangat tidak sehat,2026-09-13,135.9,tidak sehat,0,0,133.5,SIAGA TINGGI,diperkirakan besok sangat tidak sehat; dan masih buruk lusa
Kelompu,village,KALIMANTAN BARAT,0.5,110.4,128.3,tidak sehat,2026-09-12,154.0,sangat tidak sehat,2026-09-13,135.9,tidak sehat,0,0,138.3,SIAGA TINGGI,diperkirakan besok sangat tidak sehat; dan masih buruk lusa
Pusat Damai,village,KALIMANTAN BARAT,0.2,110.4,128.3,tidak sehat,2026-09-12,154.0,sangat tidak sehat,2026-09-13,135.9,tidak sehat,0,0,138.3,SIAGA TINGGI,diperkirakan besok sangat tidak sehat; dan masih buruk lusa
Sami,village,KALIMANTAN BARAT,0.4,110.6,128.3,tidak sehat,2026-09-12,154.0,sangat tidak sehat,2026-09-13,135.9,tidak sehat,0,0,138.3,SIAGA TINGGI,diperkirakan besok sangat tidak sehat; dan masih buruk lusa
Sebuduh,village,KALIMANTAN BARAT,0.5,110.4,128.3,tidak sehat,2026-09-12,154.0,sangat tidak sehat,2026-09-13,135.9,tidak sehat,0,0,138.3,SIAGA TINGGI,diperkirakan besok sangat tidak sehat; dan masih buruk lusa
Palem Jaya,village,KALIMANTAN BARAT,0.2,110.4,128.3,tidak sehat,2026-09-12,154.0,sangat tidak sehat,2026-09-13,135.9,tidak sehat,0,0,138.3,SIAGA TINGGI,diperkirakan besok sangat tidak sehat; dan masih buruk lusa
Gunam,village,KALIMANTAN BARAT,0.2,110.4,128.3,tidak sehat,2026-09-12,154.0,sangat tidak sehat,2026-09-13,135.9,tidak sehat,0,0,138.3,SIAGA TINGGI,diperkirakan besok sangat tidak sehat; dan masih buruk lusa
Entibuh,village,KALIMANTAN BARAT,0.2,110.8,128.3,tidak sehat,2026-09-12,154.0,sangat tidak sehat,2026-09-13,135.9,tidak sehat,0,0,138.3,SIAGA TINGGI,diperkirakan besok sangat tidak sehat; dan masih buruk lusa
Empiyang,village,KALIMANTAN BARAT,0.5,110.7,128.3,tidak sehat,2026-09-12,154.0,sangat tidak sehat,2026-09-13,135.9,tidak sehat,0,0,138.3,SIAGA TINGGI,diperkirakan besok sangat tidak sehat; dan masih buruk lusa
Layak Omang,village,KALIMANTAN BARAT,0.2,110.8,128.3,tidak sehat,2026-09-12,154.0,sangat tidak sehat,2026-09-13,135.9,tidak sehat,0,0,94.6,SIAGA TINGGI,diperkirakan besok sangat tidak sehat; dan masih buruk lusa
Semombat,village,KALIMANTAN BARAT,0.4,110.7,128.3,tidak sehat,2026-09-12,154.0,sangat tidak sehat,2026-09-13,135.9,tidak sehat,0,0,138.3,SIAGA TINGGI,diperkirakan besok sangat tidak sehat; dan masih buruk lusa
Ubay,village,KALIMANTAN BARAT,0.1,110.8,128.3,tidak sehat,2026-09-12,154.0,sangat tidak sehat,2026-09-13,135.9,tidak sehat,0,0,133.5,SIAGA TINGGI,diperkirakan besok sangat tidak sehat; dan masih buruk lusa
Entakai,village,KALIMANTAN BARAT,0.2,110.7,128.3,tidak sehat,2026-09-12,154.0,sangat tidak sehat,2026-09-13,135.9,tidak sehat,0,0,138.3,SIAGA TINGGI,diperkirakan besok sangat tidak sehat; dan masih buruk lusa
Kambong,village,KALIMANTAN BARAT,0.3,110.6,128.3,tidak sehat,2026-09-12,154.0,sangat tidak sehat,2026-09-13,135.9,tidak sehat,0,0,138.3,SIAGA TINGGI,diperkirakan besok sangat tidak sehat; dan masih buruk lusa
Upe,village,KALIMANTAN BARAT,0.4,110.5,128.3,tidak sehat,2026-09-12,154.0,sangat tidak sehat,2026-09-13,135.9,tidak sehat,0,0,138.3,SIAGA TINGGI,diperkirakan besok sangat tidak sehat; dan masih buruk lusa
Tanjung Kapuas,village,KALIMANTAN BARAT,0.1,110.6,128.3,tidak sehat,2026-09-12,154.0,sangat tidak sehat,2026-09-13,135.9,tidak sehat,0,0,133.5,SIAGA TINGGI,diperkirakan besok sangat tidak sehat; dan masih buruk lusa
Pana,village,KALIMANTAN BARAT,0.2,110.7,128.3,tidak sehat,2026-09-12,154.0,sangat tidak sehat,2026-09-13,135.9,tidak sehat,0,0,138.3,SIAGA TINGGI,diperkirakan besok sangat tidak sehat; dan masih buruk lusa
Rahayu,village,KALIMANTAN BARAT,0.3,110.4,128.3,tidak sehat,2026-09-12,154.0,sangat tidak sehat,2026-09-13,135.9,tidak sehat,0,0,138.3,SIAGA TINGGI,diperkirakan besok sangat tidak sehat; dan masih buruk lusa
Sungai Sengkuang,village,KALIMANTAN BARAT,0.1,110.6,128.3,tidak sehat,2026-09-12,154.0,sangat tidak sehat,2026-09-13,135.9,tidak sehat,0,0,133.5,SIAGA TINGGI,diperkirakan besok sangat tidak sehat; dan masih buruk lusa
Penyeladi,village,KALIMANTAN BARAT,0.1,110.7,128.3,tidak sehat,2026-09-12,154.0,sangat tidak sehat,2026-09-13,135.9,tidak sehat,0,0,133.5,SIAGA TINGGI,diperkirakan besok sangat tidak sehat; dan masih buruk lusa
Mobui,village,KALIMANTAN BARAT,0.5,110.5,128.3,tidak sehat,2026-09-12,154.0,sangat tidak sehat,2026-09-13,135.9,tidak sehat,0,0,138.3,SIAGA TINGGI,diperkirakan besok sangat tidak sehat; dan masih buruk lusa
Bonti,village,KALIMANTAN BARAT,0.4,110.5,128.3,tidak sehat,2026-09-12,154.0,sangat tidak sehat,2026-09-13,135.9,tidak sehat,0,0,138.3,SIAGA TINGGI,diperkirakan besok sangat tidak sehat; dan masih buruk lusa
Suka Mulya,village,KALIMANTAN BARAT,0.2,110.4,128.3,tidak sehat,2026-09-12,154.0,sangat tidak sehat,2026-09-13,135.9,tidak sehat,0,0,138.3,SIAGA TINGGI,diperkirakan besok sangat tidak sehat; dan masih buruk lusa
Sape,village,KALIMANTAN BARAT,0.3,110.8,128.3,tidak sehat,2026-09-12,154.0,sangat tidak sehat,2026-09-13,135.9,tidak sehat,0,0,138.3,SIAGA TINGGI,diperkirakan besok sangat tidak sehat; dan masih buruk lusa
Bunut,village,KALIMANTAN BARAT,0.1,110.6,128.3,tidak sehat,2026-09-12,154.0,sangat tidak sehat,2026-09-13,135.9,tidak sehat,0,0,133.5,SIAGA TINGGI,diperkirakan besok sangat tidak sehat; dan masih buruk lusa
Trimulya,village,KALIMANTAN BARAT,0.2,110.8,128.3,tidak sehat,2026-09-12,154.0,sangat tidak sehat,2026-09-13,135.9,tidak sehat,0,0,138.3,SIAGA TINGGI,diperkirakan besok sangat tidak sehat; dan masih buruk lusa
Bantai,village,KALIMANTAN BARAT,0.5,110.6,128.3,tidak sehat,2026-09-12,154.0,sangat tidak sehat,2026-09-13,135.9,tidak sehat,0,0,138.3,SIAGA TINGGI,diperkirakan besok sangat tidak sehat; dan masih buruk lusa
Balai Sebut,village,KALIMANTAN BARAT,0.5,110.8,128.3,tidak sehat,2026-09-12,154.0,sangat tidak sehat,2026-09-13,135.9,tidak sehat,0,0,94.6,SIAGA TINGGI,diperkirakan besok sangat tidak sehat; dan masih buruk lusa
Terati,village,KALIMANTAN BARAT,0.4,110.7,128.3,tidak sehat,2026-09-12,154.0,sangat tidak sehat,2026-09-13,135.9,tidak sehat,0,0,138.3,SIAGA TINGGI,diperkirakan besok sangat tidak sehat; dan masih buruk lusa
Pandu Raya,village,KALIMANTAN BARAT,0.1,110.5,128.3,tidak sehat,2026-09-12,154.0,sangat tidak sehat,2026-09-13,135.9,tidak sehat,0,0,133.5,SIAGA TINGGI,diperkirakan besok sangat tidak sehat; dan masih buruk lusa
Sebarra,village,KALIMANTAN BARAT,0.2,110.5,128.3,tidak sehat,2026-09-12,154.0,sangat tidak sehat,2026-09-13,135.9,tidak sehat,0,0,138.3,SIAGA TINGGI,diperkirakan besok sangat tidak sehat; dan masih buruk lusa
Kampuh,village,KALIMANTAN BARAT,0.4,110.5,128.3,tidak sehat,2026-09-12,154.0,sangat tidak sehat,2026-09-13,135.9,tidak sehat,0,0,138.3,SIAGA TINGGI,diperkirakan besok sangat tidak sehat; dan masih buruk lusa
Maringin Jaya,village,KALIMANTAN BARAT,0.3,110.5,128.3,tidak sehat,2026-09-12,154.0,sangat tidak sehat,2026-09-13,135.9,tidak sehat,0,0,138.3,SIAGA TINGGI,diperkirakan besok sangat tidak sehat; dan masih buruk lusa
Embala,village,KALIMANTAN BARAT,0.1,110.4,128.3,tidak sehat,2026-09-12,154.0,sangat tidak sehat,2026-09-13,135.9,tidak sehat,0,0,133.5,SIAGA TINGGI,diperkirakan besok sangat tidak sehat; dan masih buruk lusa
Empodis,village,KALIMANTAN BARAT,0.4,110.6,128.3,tidak sehat,2026-09-12,154.0,sangat tidak sehat,2026-09-13,135.9,tidak sehat,0,0,138.3,SIAGA TINGGI,diperkirakan besok sangat tidak sehat; dan masih buruk lusa
Maju Karya,village,KALIMANTAN BARAT,0.2,110.4,128.3,tidak sehat,2026-09-12,154.0,sangat tidak sehat,2026-09-13,135.9,tidak sehat,0,0,133.5,SIAGA TINGGI,diperkirakan besok sangat tidak sehat; dan masih buruk lusa
Jangkang Benua,village,KALIMANTAN BARAT,0.5,110.8,128.3,tidak sehat,2026-09-12,154.0,sangat tidak sehat,2026-09-13,135.9,tidak sehat,0,0,138.3,SIAGA TINGGI,diperkirakan besok sangat tidak sehat; dan masih buruk lusa
Tonye,village,KALIMANTAN BARAT,0.2,110.7,128.3,tidak sehat,2026-09-12,154.0,sangat tidak sehat,2026-09-13,135.9,tidak sehat,0,0,138.3,SIAGA TINGGI,diperkirakan besok sangat tidak sehat; dan masih buruk lusa
Biding,village,KALIMANTAN BARAT,0.2,110.7,128.3,tidak sehat,2026-09-12,154.0,sangat tidak sehat,2026-09-13,135.9,tidak sehat,0,0,138.3,SIAGA TINGGI,diperkirakan besok sangat tidak sehat; dan masih buruk lusa
Sungai Kunang,hamlet,KALIMANTAN BARAT,0.3,110.7,128.3,tidak sehat,2026-09-12,154.0,sangat tidak sehat,2026-09-13,135.9,tidak sehat,0,0,138.3,SIAGA TINGGI,diperkirakan besok sangat tidak sehat; dan masih buruk lusa
Tantang B,hamlet,KALIMANTAN BARAT,0.3,110.4,128.3,tidak sehat,2026-09-12,154.0,sangat tidak sehat,2026-09-13,135.9,tidak sehat,0,0,138.3,SIAGA TINGGI,diperkirakan besok sangat tidak sehat; dan masih buruk lusa
Nala,hamlet,KALIMANTAN BARAT,0.1,110.4,128.3,tidak sehat,2026-09-12,154.0,sangat tidak sehat,2026-09-13,135.9,tidak sehat,0,0,133.5,SIAGA TINGGI,diperkirakan besok sangat tidak sehat; dan masih buruk lusa
Rian,hamlet,KALIMANTAN BARAT,0.1,110.5,128.3,tidak sehat,2026-09-12,154.0,sangat tidak sehat,2026-09-13,135.9,tidak sehat,0,0,133.5,SIAGA TINGGI,diperkirakan besok sangat tidak sehat; dan masih buruk lusa
Engkalet,hamlet,KALIMANTAN BARAT,0.2,110.5,128.3,tidak sehat,2026-09-12,154.0,sangat tidak sehat,2026-09-13,135.9,tidak sehat,0,0,138.3,SIAGA TINGGI,diperkirakan besok sangat tidak sehat; dan masih buruk lusa
Serosat,hamlet,KALIMANTAN BARAT,0.2,110.5,128.3,tidak sehat,2026-09-12,154.0,sangat tidak sehat,2026-09-13,135.9,tidak sehat,0,0,138.3,SIAGA TINGGI,diperkirakan besok sangat tidak sehat; dan masih buruk lusa
Ensoyong,hamlet,KALIMANTAN BARAT,0.3,110.5,128.3,tidak sehat,2026-09-12,154.0,sangat tidak sehat,2026-09-13,135.9,tidak sehat,0,0,138.3,SIAGA TINGGI,diperkirakan besok sangat tidak sehat; dan masih buruk lusa
Bukong,hamlet,KALIMANTAN BARAT,0.1,110.4,128.3,tidak sehat,2026-09-12,154.0,sangat tidak sehat,2026-09-13,135.9,tidak sehat,0,0,133.5,SIAGA TINGGI,diperkirakan besok sangat tidak sehat; dan masih buruk lusa
Gok Nala,hamlet,KALIMANTAN BARAT,0.3,110.5,128.3,tidak sehat,2026-09-12,154.0,sangat tidak sehat,2026-09-13,135.9,tidak sehat,0,0,138.3,SIAGA TINGGI,diperkirakan besok sangat tidak sehat; dan masih buruk lusa
Sebotuh,hamlet,KALIMANTAN BARAT,0.2,110.4,128.3,tidak sehat,2026-09-12,154.0,sangat tidak sehat,2026-09-13,135.9,tidak sehat,0,0,138.3,SIAGA TINGGI,diperkirakan besok sangat tidak sehat; dan masih buruk lusa
Sedowai,hamlet,KALIMANTAN BARAT,0.1,110.4,128.3,tidak sehat,2026-09-12,154.0,sangat tidak sehat,2026-09-13,135.9,tidak sehat,0,0,133.5,SIAGA TINGGI,diperkirakan besok sangat tidak sehat; dan masih buruk lusa
Layau,hamlet,KALIMANTAN BARAT,0.2,110.4,128.3,tidak sehat,2026-09-12,154.0,sangat tidak sehat,2026-09-13,135.9,tidak sehat,0,0,138.3,SIAGA TINGGI,diperkirakan besok sangat tidak sehat; dan masih buruk lusa
Bodok,hamlet,KALIMANTAN BARAT,0.2,110.4,128.3,tidak sehat,2026-09-12,154.0,sangat tidak sehat,2026-09-13,135.9,tidak sehat,0,0,138.3,SIAGA TINGGI,diperkirakan besok sangat tidak sehat; dan masih buruk lusa
Sebotuh,hamlet,KALIMANTAN BARAT,0.4,110.7,128.3,tidak sehat,2026-09-12,154.0,sangat tidak sehat,2026-09-13,135.9,tidak sehat,0,0,138.3,SIAGA TINGGI,diperkirakan besok sangat tidak sehat; dan masih buruk lusa
Empoyu,hamlet,KALIMANTAN BARAT,0.5,110.7,128.3,tidak sehat,2026-09-12,154.0,sangat tidak sehat,2026-09-13,135.9,tidak sehat,0,0,138.3,SIAGA TINGGI,diperkirakan besok sangat tidak sehat; dan masih buruk lusa
Engkolai,hamlet,KALIMANTAN BARAT,0.5,110.7,128.3,tidak sehat,2026-09-12,154.0,sangat tidak sehat,2026-09-13,135.9,tidak sehat,0,0,138.3,SIAGA TINGGI,diperkirakan besok sangat tidak sehat; dan masih buruk lusa
Empiyang Sedua,hamlet,KALIMANTAN BARAT,0.5,110.7,128.3,tidak sehat,2026-09-12,154.0,sangat tidak sehat,2026-09-13,135.9,tidak sehat,0,0,138.3,SIAGA TINGGI,diperkirakan besok sangat tidak sehat; dan masih buruk lusa
Serambai Jaya,village,KALIMANTAN BARAT,0.3,110.8,128.3,tidak sehat,2026-09-12,154.0,sangat tidak sehat,2026-09-13,135.9,tidak sehat,0,0,138.3,SIAGA TINGGI,diperkirakan besok sangat tidak sehat; dan masih buruk lusa
Keladau,hamlet,KALIMANTAN BARAT,0.1,110.5,128.3,tidak sehat,2026-09-12,154.0,sangat tidak sehat,2026-09-13,135.9,tidak sehat,0,0,133.5,SIAGA TINGGI,diperkirakan besok sangat tidak sehat; dan masih buruk lusa
Embaong,hamlet,KALIMANTAN BARAT,0.1,110.5,128.3,tidak sehat,2026-09-12,154.0,sangat tidak sehat,2026-09-13,135.9,tidak sehat,0,0,133.5,SIAGA TINGGI,diperkirakan besok sangat tidak sehat; dan masih buruk lusa
Entuma,hamlet,KALIMANTAN BARAT,0.1,110.5,128.3,tidak sehat,2026-09-12,154.0,sangat tidak sehat,2026-09-13,135.9,tidak sehat,0,0,133.5,SIAGA TINGGI,diperkirakan besok sangat tidak sehat; dan masih buruk lusa
Engkode,village,KALIMANTAN BARAT,0.2,110.7,128.3,tidak sehat,2026-09-12,154.0,sangat tidak sehat,2026-09-13,135.9,tidak sehat,0,0,138.3,SIAGA TINGGI,diperkirakan besok sangat tidak sehat; dan masih buruk lusa
Beringin,village,KALIMANTAN BARAT,0.2,110.8,128.3,tidak sehat,2026-09-12,154.0,sangat tidak sehat,2026-09-13,135.9,tidak sehat,0,0,94.6,SIAGA TINGGI,diperkirakan besok sangat tidak sehat; dan masih buruk lusa
Setanding,hamlet,KALIMANTAN BARAT,0.1,110.8,128.3,tidak sehat,2026-09-12,154.0,sangat tidak sehat,2026-09-13,135.9,tidak sehat,0,0,91.8,SIAGA TINGGI,diperkirakan besok sangat tidak sehat; dan masih buruk lusa
Entobas,hamlet,KALIMANTAN BARAT,0.1,110.8,128.3,tidak sehat,2026-09-12,154.0,sangat tidak sehat,2026-09-13,135.9,tidak sehat,0,0,91.8,SIAGA TINGGI,diperkirakan besok sangat tidak sehat; dan masih buruk lusa
Dusun Engkiteh,village,KALIMANTAN BARAT,0.1,110.8,128.3,tidak sehat,2026-09-12,154.0,sangat tidak sehat,2026-09-13,135.9,tidak sehat,0,0,133.5,SIAGA TINGGI,diperkirakan besok sangat tidak sehat; dan masih buruk lusa
Sape,village,KALIMANTAN BARAT,0.4,110.8,128.3,tidak sehat,2026-09-12,154.0,sangat tidak sehat,2026-09-13,135.9,tidak sehat,0,0,138.3,SIAGA TINGGI,diperkirakan besok sangat tidak sehat; dan masih buruk lusa
Trans SP4 Desa Sape,village,KALIMANTAN BARAT,0.3,110.8,128.3,tidak sehat,2026-09-12,154.0,sangat tidak sehat,2026-09-13,135.9,tidak sehat,0,0,138.3,SIAGA TINGGI,diperkirakan besok sangat tidak sehat; dan masih buruk lusa
Dusun Senyobong,village,KALIMANTAN BARAT,0.2,110.8,128.3,tidak sehat,2026-09-12,154.0,sangat tidak sehat,2026-09-13,135.9,tidak sehat,0,0,138.3,SIAGA TINGGI,diperkirakan besok sangat tidak sehat; dan masih buruk lusa
Dusun Seriam Landak,village,KALIMANTAN BARAT,0.2,110.8,128.3,tidak sehat,2026-09-12,154.0,sangat tidak sehat,2026-09-13,135.9,tidak sehat,0,0,138.3,SIAGA TINGGI,diperkirakan besok sangat tidak sehat; dan masih buruk lusa
Dusun Sei Ubah,village,KALIMANTAN BARAT,0.2,110.8,128.3,tidak sehat,2026-09-12,154.0,sangat tidak sehat,2026-09-13,135.9,tidak sehat,0,0,138.3,SIAGA TINGGI,diperkirakan besok sangat tidak sehat; dan masih buruk lusa
Dusun Tokang,village,KALIMANTAN BARAT,0.2,110.8,128.3,tidak sehat,2026-09-12,154.0,sangat tidak sehat,2026-09-13,135.9,tidak sehat,0,0,133.5,SIAGA TINGGI,diperkirakan besok sangat tidak sehat; dan masih buruk lusa
Dusun Tokang Jaya,village,KALIMANTAN BARAT,0.2,110.8,128.3,tidak sehat,2026-09-12,154.0,sangat tidak sehat,2026-09-13,135.9,tidak sehat,0,0,138.3,SIAGA TINGGI,diperkirakan besok sangat tidak sehat; dan masih buruk lusa
Dusun Empusa Kedukul,village,KALIMANTAN BARAT,0.3,110.8,128.3,tidak sehat,2026-09-12,154.0,sangat tidak sehat,2026-09-13,135.9,tidak sehat,0,0,94.6,SIAGA TINGGI,diperkirakan besok sangat tidak sehat; dan masih buruk lusa
Sei Akar,hamlet,KALIMANTAN BARAT,0.1,110.7,128.3,tidak sehat,2026-09-12,154.0,sangat tidak sehat,2026-09-13,135.9,tidak sehat,0,0,133.5,SIAGA TINGGI,diperkirakan besok sangat tidak sehat; dan masih buruk lusa
Dusun Pelaik,village,KALIMANTAN BARAT,0.1,110.7,128.3,tidak sehat,2026-09-12,154.0,sangat tidak sehat,2026-09-13,135.9,tidak sehat,0,0,133.5,SIAGA TINGGI,diperkirakan besok sangat tidak sehat; dan masih buruk lusa
Kedukul,village,KALIMANTAN BARAT,0.1,110.8,128.3,tidak sehat,2026-09-12,154.0,sangat tidak sehat,2026-09-13,135.9,tidak sehat,0,0,133.5,SIAGA TINGGI,diperkirakan besok sangat tidak sehat; dan masih buruk lusa
Malan 1,village,KALIMANTAN BARAT,0.1,110.7,128.3,tidak sehat,2026-09-12,154.0,sangat tidak sehat,2026-09-13,135.9,tidak sehat,0,0,133.5,SIAGA TINGGI,diperkirakan besok sangat tidak sehat; dan masih buruk lusa
Dusun Malan 2,village,KALIMANTAN BARAT,0.1,110.7,128.3,tidak sehat,2026-09-12,154.0,sangat tidak sehat,2026-09-13,135.9,tidak sehat,0,0,133.5,SIAGA TINGGI,diperkirakan besok sangat tidak sehat; dan masih buruk lusa
Trans SP 5,village,KALIMANTAN BARAT,0.3,110.8,128.3,tidak sehat,2026-09-12,154.0,sangat tidak sehat,2026-09-13,135.9,tidak sehat,0,0,94.6,SIAGA TINGGI,diperkirakan besok sangat tidak sehat; dan masih buruk lusa
Jelawat,village,KALIMANTAN BARAT,0.3,110.7,128.3,tidak sehat,2026-09-12,154.0,sangat tidak sehat,2026-09-13,135.9,tidak sehat,0,0,138.3,SIAGA TINGGI,diperkirakan besok sangat tidak sehat; dan masih buruk lusa
Sonau,village,KALIMANTAN BARAT,0.3,110.8,128.3,tidak sehat,2026-09-12,154.0,sangat tidak sehat,2026-09-13,135.9,tidak sehat,0,0,138.3,SIAGA TINGGI,diperkirakan besok sangat tidak sehat; dan masih buruk lusa
Ciau Muara,village,KALIMANTAN BARAT,0.3,110.7,128.3,tidak sehat,2026-09-12,154.0,sangat tidak sehat,2026-09-13,135.9,tidak sehat,0,0,138.3,SIAGA TINGGI,diperkirakan besok sangat tidak sehat; dan masih buruk lusa
Pulau Bali,hamlet,KALIMANTAN BARAT,0.1,110.8,128.3,tidak sehat,2026-09-12,154.0,sangat tidak sehat,2026-09-13,135.9,tidak sehat,0,0,133.5,SIAGA TINGGI,diperkirakan besok sangat tidak sehat; dan masih buruk lusa
Sekumpai,hamlet,KALIMANTAN BARAT,0.1,110.8,128.3,tidak sehat,2026-09-12,154.0,sangat tidak sehat,2026-09-13,135.9,tidak sehat,0,0,133.5,SIAGA TINGGI,diperkirakan besok sangat tidak sehat; dan masih buruk lusa
Serirang,hamlet,KALIMANTAN BARAT,0.1,110.8,128.3,tidak sehat,2026-09-12,154.0,sangat tidak sehat,2026-09-13,135.9,tidak sehat,0,0,133.5,SIAGA TINGGI,diperkirakan besok sangat tidak sehat; dan masih buruk lusa
Kompor,hamlet,KALIMANTAN BARAT,0.1,110.8,128.3,tidak sehat,2026-09-12,154.0,sangat tidak sehat,2026-09-13,135.9,tidak sehat,0,0,133.5,SIAGA TINGGI,diperkirakan besok sangat tidak sehat; dan masih buruk lusa
Bodap,hamlet,KALIMANTAN BARAT,0.3,110.8,128.3,tidak sehat,2026-09-12,154.0,sangat tidak sehat,2026-09-13,135.9,tidak sehat,0,0,138.3,SIAGA TINGGI,diperkirakan besok sangat tidak sehat; dan masih buruk lusa
Enjaber,hamlet,KALIMANTAN BARAT,0.3,110.7,128.3,tidak sehat,2026-09-12,154.0,sangat tidak sehat,2026-09-13,135.9,tidak sehat,0,0,138.3,SIAGA TINGGI,diperkirakan besok sangat tidak sehat; dan masih buruk lusa
Endoya,hamlet,KALIMANTAN BARAT,0.4,110.8,128.3,tidak sehat,2026-09-12,154.0,sangat tidak sehat,2026-09-13,135.9,tidak sehat,0,0,94.6,SIAGA TINGGI,diperkirakan besok sangat tidak sehat; dan masih buruk lusa
Perontas,hamlet,KALIMANTAN BARAT,0.2,110.4,128.3,tidak sehat,2026-09-12,154.0,sangat tidak sehat,2026-09-13,135.9,tidak sehat,0,0,133.5,SIAGA TINGGI,diperkirakan besok sangat tidak sehat; dan masih buruk lusa
Kopo,hamlet,KALIMANTAN BARAT,0.1,110.7,128.3,tidak sehat,2026-09-12,154.0,sangat tidak sehat,2026-09-13,135.9,tidak sehat,0,0,133.5,SIAGA TINGGI,diperkirakan besok sangat tidak sehat; dan masih buruk lusa
Lape,village,KALIMANTAN BARAT,0.1,110.5,128.3,tidak sehat,2026-09-12,154.0,sangat tidak sehat,2026-09-13,135.9,tidak sehat,0,0,133.5,SIAGA TINGGI,diperkirakan besok sangat tidak sehat; dan masih buruk lusa
Danau Sumok,hamlet,KALIMANTAN BARAT,0.1,110.8,128.3,tidak sehat,2026-09-12,154.0,sangat tidak sehat,2026-09-13,135.9,tidak sehat,0,0,91.8,SIAGA TINGGI,diperkirakan besok sangat tidak sehat; dan masih buruk lusa
Engkam,hamlet,KALIMANTAN BARAT,0.2,110.8,128.3,tidak sehat,2026-09-12,154.0,sangat tidak sehat,2026-09-13,135.9,tidak sehat,0,0,94.6,SIAGA TINGGI,diperkirakan besok sangat tidak sehat; dan masih buruk lusa
Ciau Kora,hamlet,KALIMANTAN BARAT,0.3,110.7,128.3,tidak sehat,2026-09-12,154.0,sangat tidak sehat,2026-09-13,135.9,tidak sehat,0,0,138.3,SIAGA TINGGI,diperkirakan besok sangat tidak sehat; dan masih buruk lusa
Senari (Dusun Kompor Baru),hamlet,KALIMANTAN BARAT,0.2,110.7,128.3,tidak sehat,2026-09-12,154.0,sangat tidak sehat,2026-09-13,135.9,tidak sehat,0,0,133.5,SIAGA TINGGI,diperkirakan besok sangat tidak sehat; dan masih buruk lusa
Sebungkang,hamlet,KALIMANTAN BARAT,0.2,110.7,128.3,tidak sehat,2026-09-12,154.0,sangat tidak sehat,2026-09-13,135.9,tidak sehat,0,0,133.5,SIAGA TINGGI,diperkirakan besok sangat tidak sehat; dan masih buruk lusa
Mandor Kiru,village,KALIMANTAN BARAT,0.3,110.1,126.0,tidak sehat,2026-09-12,172.7,sangat tidak sehat,2026-09-13,150.7,sangat tidak sehat,0,0,141.5,SIAGA TINGGI,diperkirakan besok sangat tidak sehat; dan masih buruk lusa
Riyai,village,KALIMANTAN BARAT,0.4,110.2,126.0,tidak sehat,2026-09-12,172.7,sangat tidak sehat,2026-09-13,150.7,sangat tidak sehat,0,0,128.3,SIAGA TINGGI,diperkirakan besok sangat tidak sehat; dan masih buruk lusa
Hilir Tengah,village,KALIMANTAN BARAT,0.4,110.0,126.0,tidak sehat,2026-09-12,172.7,sangat tidak sehat,2026-09-13,150.7,sangat tidak sehat,0,0,141.5,SIAGA TINGGI,diperkirakan besok sangat tidak sehat; dan masih buruk lusa
Bulu Bala,village,KALIMANTAN BARAT,0.1,110.2,126.0,tidak sehat,2026-09-12,172.7,sangat tidak sehat,2026-09-13,150.7,sangat tidak sehat,0,0,141.5,SIAGA TINGGI,diperkirakan besok sangat tidak sehat; dan masih buruk lusa
Balai Ingin,village,KALIMANTAN BARAT,0.2,110.2,126.0,tidak sehat,2026-09-12,172.7,sangat tidak sehat,2026-09-13,150.7,sangat tidak sehat,0,0,141.5,SIAGA TINGGI,diperkirakan besok sangat tidak sehat; dan masih buruk lusa
Senyabang,village,KALIMANTAN BARAT,0.2,110.2,126.0,tidak sehat,2026-09-12,172.7,sangat tidak sehat,2026-09-13,150.7,sangat tidak sehat,0,0,128.3,SIAGA TINGGI,diperkirakan besok sangat tidak sehat; dan masih buruk lusa
Sekais,village,KALIMANTAN BARAT,0.5,110.1,126.0,tidak sehat,2026-09-12,172.7,sangat tidak sehat,2026-09-13,150.7,sangat tidak sehat,0,0,128.3,SIAGA TINGGI,diperkirakan besok sangat tidak sehat; dan masih buruk lusa
Sosok,village,KALIMANTAN BARAT,0.3,110.2,126.0,tidak sehat,2026-09-12,172.7,sangat tidak sehat,2026-09-13,150.7,sangat tidak sehat,0,0,128.3,SIAGA TINGGI,diperkirakan besok sangat tidak sehat; dan masih buruk lusa
Papung,village,KALIMANTAN BARAT,0.4,110.1,126.0,tidak sehat,2026-09-12,172.7,sangat tidak sehat,2026-09-13,150.7,sangat tidak sehat,0,0,141.5,SIAGA TINGGI,diperkirakan besok sangat tidak sehat; dan masih buruk lusa
Dusun Kedian,village,KALIMANTAN BARAT,0.4,110.3,126.0,tidak sehat,2026-09-12,172.7,sangat tidak sehat,2026-09-13,150.7,sangat tidak sehat,0,0,128.3,SIAGA TINGGI,diperkirakan besok sangat tidak sehat; dan masih buruk lusa
Emberas,village,KALIMANTAN BARAT,0.1,110.3,126.0,tidak sehat,2026-09-12,172.7,sangat tidak sehat,2026-09-13,150.7,sangat tidak sehat,0,0,141.5,SIAGA TINGGI,diperkirakan besok sangat tidak sehat; dan masih buruk lusa
Hilir Kantor,village,KALIMANTAN BARAT,0.4,110.0,126.0,tidak sehat,2026-09-12,172.7,sangat tidak sehat,2026-09-13,150.7,sangat tidak sehat,0,0,141.5,SIAGA TINGGI,diperkirakan besok sangat tidak sehat; dan masih buruk lusa
Marita,village,KALIMANTAN BARAT,0.1,110.3,126.0,tidak sehat,2026-09-12,172.7,sangat tidak sehat,2026-09-13,150.7,sangat tidak sehat,0,0,133.5,SIAGA TINGGI,diperkirakan besok sangat tidak sehat; dan masih buruk lusa
Kersik Belantian,village,KALIMANTAN BARAT,0.5,110.1,126.0,tidak sehat,2026-09-12,172.7,sangat tidak sehat,2026-09-13,150.7,sangat tidak sehat,0,0,128.3,SIAGA TINGGI,diperkirakan besok sangat tidak sehat; dan masih buruk lusa
Padi Kaye,village,KALIMANTAN BARAT,0.2,110.1,126.0,tidak sehat,2026-09-12,172.7,sangat tidak sehat,2026-09-13,150.7,sangat tidak sehat,0,0,141.5,SIAGA TINGGI,diperkirakan besok sangat tidak sehat; dan masih buruk lusa
Nyi'in,village,KALIMANTAN BARAT,0.4,110.1,126.0,tidak sehat,2026-09-12,172.7,sangat tidak sehat,2026-09-13,150.7,sangat tidak sehat,0,0,141.5,SIAGA TINGGI,diperkirakan besok sangat tidak sehat; dan masih buruk lusa
Temiang Mali,village,KALIMANTAN BARAT,0.1,110.1,126.0,tidak sehat,2026-09-12,172.7,sangat tidak sehat,2026-09-13,150.7,sangat tidak sehat,0,0,141.5,SIAGA TINGGI,diperkirakan besok sangat tidak sehat; dan masih buruk lusa
Amboyo Utara,village,KALIMANTAN BARAT,0.4,109.9,126.0,tidak sehat,2026-09-12,172.7,sangat tidak sehat,2026-09-13,150.7,sangat tidak sehat,0,0,202.1,SIAGA TINGGI,diperkirakan besok sangat tidak sehat; dan masih buruk lusa; asap tebal 60 km di arah angin (202)
Angan Tembawang,village,KALIMANTAN BARAT,0.2,110.1,126.0,tidak sehat,2026-09-12,172.7,sangat tidak sehat,2026-09-13,150.7,sangat tidak sehat,0,0,141.5,SIAGA TINGGI,diperkirakan besok sangat tidak sehat; dan masih buruk lusa
Temiang Sawi,village,KALIMANTAN BARAT,0.3,110.0,126.0,tidak sehat,2026-09-12,172.7,sangat tidak sehat,2026-09-13,150.7,sangat tidak sehat,0,0,141.5,SIAGA TINGGI,diperkirakan besok sangat tidak sehat; dan masih buruk lusa
Tebedak,village,KALIMANTAN BARAT,0.4,110.0,126.0,tidak sehat,2026-09-12,172.7,sangat tidak sehat,2026-09-13,150.7,sangat tidak sehat,0,0,141.5,SIAGA TINGGI,diperkirakan besok sangat tidak sehat; dan masih buruk lusa
Cowet,village,KALIMANTAN BARAT,0.1,110.1,126.0,tidak sehat,2026-09-12,172.7,sangat tidak sehat,2026-09-13,150.7,sangat tidak sehat,0,0,141.5,SIAGA TINGGI,diperkirakan besok sangat tidak sehat; dan masih buruk lusa
Tae,village,KALIMANTAN BARAT,0.2,110.1,126.0,tidak sehat,2026-09-12,172.7,sangat tidak sehat,2026-09-13,150.7,sangat tidak sehat,0,0,141.5,SIAGA TINGGI,diperkirakan besok sangat tidak sehat; dan masih buruk lusa
Kayu Ara,village,KALIMANTAN BARAT,0.3,110.1,126.0,tidak sehat,2026-09-12,172.7,sangat tidak sehat,2026-09-13,150.7,sangat tidak sehat,0,0,141.5,SIAGA TINGGI,diperkirakan besok sangat tidak sehat; dan masih buruk lusa
Kedakas,village,KALIMANTAN BARAT,0.3,110.3,126.0,tidak sehat,2026-09-12,172.7,sangat tidak sehat,2026-09-13,150.7,sangat tidak sehat,0,0,128.3,SIAGA TINGGI,diperkirakan besok sangat tidak sehat; dan masih buruk lusa
Temiang Sawi,village,KALIMANTAN BARAT,0.4,110.0,126.0,tidak sehat,2026-09-12,172.7,sangat tidak sehat,2026-09-13,150.7,sangat tidak sehat,0,0,141.5,SIAGA TINGGI,diperkirakan besok sangat tidak sehat; dan masih buruk lusa
Berakak,village,KALIMANTAN BARAT,0.5,110.2,126.0,tidak sehat,2026-09-12,172.7,sangat tidak sehat,2026-09-13,150.7,sangat tidak sehat,0,0,128.3,SIAGA TINGGI,diperkirakan besok sangat tidak sehat; dan masih buruk lusa
Semoncol,village,KALIMANTAN BARAT,0.1,110.0,126.0,tidak sehat,2026-09-12,172.7,sangat tidak sehat,2026-09-13,150.7,sangat tidak sehat,0,0,141.5,SIAGA TINGGI,diperkirakan besok sangat tidak sehat; dan masih buruk lusa
Dara Itam I,village,KALIMANTAN BARAT,0.2,110.0,126.0,tidak sehat,2026-09-12,172.7,sangat tidak sehat,2026-09-13,150.7,sangat tidak sehat,0,0,141.5,SIAGA TINGGI,diperkirakan besok sangat tidak sehat; dan masih buruk lusa
Amboyo Inti,village,KALIMANTAN BARAT,0.4,109.9,126.0,tidak sehat,2026-09-12,172.7,sangat tidak sehat,2026-09-13,150.7,sangat tidak sehat,0,0,202.1,SIAGA TINGGI,diperkirakan besok sangat tidak sehat; dan masih buruk lusa; asap tebal 60 km di arah angin (202)
Raja,village,KALIMANTAN BARAT,0.4,110.0,126.0,tidak sehat,2026-09-12,172.7,sangat tidak sehat,2026-09-13,150.7,sangat tidak sehat,0,0,141.5,SIAGA TINGGI,diperkirakan besok sangat tidak sehat; dan masih buruk lusa
Jelimpo,village,KALIMANTAN BARAT,0.3,110.1,126.0,tidak sehat,2026-09-12,172.7,sangat tidak sehat,2026-09-13,150.7,sangat tidak sehat,0,0,141.5,SIAGA TINGGI,diperkirakan besok sangat tidak sehat; dan masih buruk lusa
Balai Peluntan,village,KALIMANTAN BARAT,0.2,110.0,126.0,tidak sehat,2026-09-12,172.7,sangat tidak sehat,2026-09-13,150.7,sangat tidak sehat,0,0,141.5,SIAGA TINGGI,diperkirakan besok sangat tidak sehat; dan masih buruk lusa
Pawis Hilir,village,KALIMANTAN BARAT,0.3,110.0,126.0,tidak sehat,2026-09-12,172.7,sangat tidak sehat,2026-09-13,150.7,sangat tidak sehat,0,0,141.5,SIAGA TINGGI,diperkirakan besok sangat tidak sehat; dan masih buruk lusa
Tubang Raeng,village,KALIMANTAN BARAT,0.3,110.0,126.0,tidak sehat,2026-09-12,172.7,sangat tidak sehat,2026-09-13,150.7,sangat tidak sehat,0,0,141.5,SIAGA TINGGI,diperkirakan besok sangat tidak sehat; dan masih buruk lusa
Pak Mayam,village,KALIMANTAN BARAT,0.2,109.9,126.0,tidak sehat,2026-09-12,172.7,sangat tidak sehat,2026-09-13,150.7,sangat tidak sehat,0,0,202.1,SIAGA TINGGI,diperkirakan besok sangat tidak sehat; dan masih buruk lusa; asap tebal 60 km di arah angin (202)
Engkasan,village,KALIMANTAN BARAT,0.5,110.2,126.0,tidak sehat,2026-09-12,172.7,sangat tidak sehat,2026-09-13,150.7,sangat tidak sehat,0,0,128.3,SIAGA TINGGI,diperkirakan besok sangat tidak sehat; dan masih buruk lusa
Empirang Ujung,village,KALIMANTAN BARAT,0.2,110.1,126.0,tidak sehat,2026-09-12,172.7,sangat tidak sehat,2026-09-13,150.7,sangat tidak sehat,0,0,128.3,SIAGA TINGGI,diperkirakan besok sangat tidak sehat; dan masih buruk lusa
Mungguk,village,KALIMANTAN BARAT,0.5,109.9,126.0,tidak sehat,2026-09-12,172.7,sangat tidak sehat,2026-09-13,150.7,sangat tidak sehat,0,0,126.0,SIAGA TINGGI,diperkirakan besok sangat tidak sehat; dan masih buruk lusa
Kebadu,village,KALIMANTAN BARAT,0.1,110.1,126.0,tidak sehat,2026-09-12,172.7,sangat tidak sehat,2026-09-13,150.7,sangat tidak sehat,0,0,141.5,SIAGA TINGGI,diperkirakan besok sangat tidak sehat; dan masih buruk lusa
Sebirang,village,KALIMANTAN BARAT,0.2,109.9,126.0,tidak sehat,2026-09-12,172.7,sangat tidak sehat,2026-09-13,150.7,sangat tidak sehat,0,0,202.1,SIAGA TINGGI,diperkirakan besok sangat tidak sehat; dan masih buruk lusa; asap tebal 60 km di arah angin (202)
Peruan Dalam,village,KALIMANTAN BARAT,0.3,110.2,126.0,tidak sehat,2026-09-12,172.7,sangat tidak sehat,2026-09-13,150.7,sangat tidak sehat,0,0,128.3,SIAGA TINGGI,diperkirakan besok sangat tidak sehat; dan masih buruk lusa
Menyabo,village,KALIMANTAN BARAT,0.2,110.2,126.0,tidak sehat,2026-09-12,172.7,sangat tidak sehat,2026-09-13,150.7,sangat tidak sehat,0,0,128.3,SIAGA TINGGI,diperkirakan besok sangat tidak sehat; dan masih buruk lusa
Rasan,village,KALIMANTAN BARAT,0.5,109.9,126.0,tidak sehat,2026-09-12,172.7,sangat tidak sehat,2026-09-13,150.7,sangat tidak sehat,0,0,126.0,SIAGA TINGGI,diperkirakan besok sangat tidak sehat; dan masih buruk lusa
Temahar,village,KALIMANTAN BARAT,0.5,110.2,126.0,tidak sehat,2026-09-12,172.7,sangat tidak sehat,2026-09-13,150.7,sangat tidak sehat,0,0,128.3,SIAGA TINGGI,diperkirakan besok sangat tidak sehat; dan masih buruk lusa
Sungai Keli,village,KALIMANTAN BARAT,0.5,109.9,126.0,tidak sehat,2026-09-12,172.7,sangat tidak sehat,2026-09-13,150.7,sangat tidak sehat,0,0,126.0,SIAGA TINGGI,diperkirakan besok sangat tidak sehat; dan masih buruk lusa
Suka Gerundi,village,KALIMANTAN BARAT,0.3,110.3,126.0,tidak sehat,2026-09-12,172.7,sangat tidak sehat,2026-09-13,150.7,sangat tidak sehat,0,0,138.3,SIAGA TINGGI,diperkirakan besok sangat tidak sehat; dan masih buruk lusa
Hilir,village,KALIMANTAN BARAT,0.1,110.1,126.0,tidak sehat,2026-09-12,172.7,sangat tidak sehat,2026-09-13,150.7,sangat tidak sehat,0,0,141.5,SIAGA TINGGI,diperkirakan besok sangat tidak sehat; dan masih buruk lusa
Mandong,village,KALIMANTAN BARAT,0.3,110.2,126.0,tidak sehat,2026-09-12,172.7,sangat tidak sehat,2026-09-13,150.7,sangat tidak sehat,0,0,128.3,SIAGA TINGGI,diperkirakan besok sangat tidak sehat; dan masih buruk lusa
Temiang Taba,village,KALIMANTAN BARAT,0.2,110.2,126.0,tidak sehat,2026-09-12,172.7,sangat tidak sehat,2026-09-13,150.7,sangat tidak sehat,0,0,128.3,SIAGA TINGGI,diperkirakan besok sangat tidak sehat; dan masih buruk lusa
Binjai,village,KALIMANTAN BARAT,0.3,110.3,126.0,tidak sehat,2026-09-12,172.7,sangat tidak sehat,2026-09-13,150.7,sangat tidak sehat,0,0,128.3,SIAGA TINGGI,diperkirakan besok sangat tidak sehat; dan masih buruk lusa
Ngabang,city,KALIMANTAN BARAT,0.4,110.0,126.0,tidak sehat,2026-09-12,172.7,sangat tidak sehat,2026-09-13,150.7,sangat tidak sehat,0,0,141.5,SIAGA TINGGI,diperkirakan besok sangat tidak sehat; dan masih buruk lusa
Batang Tarang,hamlet,KALIMANTAN BARAT,0.1,110.1,126.0,tidak sehat,2026-09-12,172.7,sangat tidak sehat,2026-09-13,150.7,sangat tidak sehat,0,0,141.5,SIAGA TINGGI,diperkirakan besok sangat tidak sehat; dan masih buruk lusa
Engkadu,village,KALIMANTAN BARAT,0.5,110.0,126.0,tidak sehat,2026-09-12,172.7,sangat tidak sehat,2026-09-13,150.7,sangat tidak sehat,0,0,128.3,SIAGA TINGGI,diperkirakan besok sangat tidak sehat; dan masih buruk lusa
Ambarang,village,KALIMANTAN BARAT,0.5,110.0,126.0,tidak sehat,2026-09-12,172.7,sangat tidak sehat,2026-09-13,150.7,sangat tidak sehat,0,0,128.3,SIAGA TINGGI,diperkirakan besok sangat tidak sehat; dan masih buruk lusa
Selaba,hamlet,KALIMANTAN BARAT,0.4,109.9,126.0,tidak sehat,2026-09-12,172.7,sangat tidak sehat,2026-09-13,150.7,sangat tidak sehat,0,0,126.0,SIAGA TINGGI,diperkirakan besok sangat tidak sehat; dan masih buruk lusa
Pesayangan,hamlet,KALIMANTAN BARAT,0.4,110.0,126.0,tidak sehat,2026-09-12,172.7,sangat tidak sehat,2026-09-13,150.7,sangat tidak sehat,0,0,141.5,SIAGA TINGGI,diperkirakan besok sangat tidak sehat; dan masih buruk lusa
Beram,hamlet,KALIMANTAN BARAT,0.4,109.9,126.0,tidak sehat,2026-09-12,172.7,sangat tidak sehat,2026-09-13,150.7,sangat tidak sehat,0,0,126.0,SIAGA TINGGI,diperkirakan besok sangat tidak sehat; dan masih buruk lusa
Kelepuk,hamlet,KALIMANTAN BARAT,0.4,109.9,126.0,tidak sehat,2026-09-12,172.7,sangat tidak sehat,2026-09-13,150.7,sangat tidak sehat,0,0,126.0,SIAGA TINGGI,diperkirakan besok sangat tidak sehat; dan masih buruk lusa
Empawah,hamlet,KALIMANTAN BARAT,0.1,110.1,126.0,tidak sehat,2026-09-12,172.7,sangat tidak sehat,2026-09-13,150.7,sangat tidak sehat,0,0,141.5,SIAGA TINGGI,diperkirakan besok sangat tidak sehat; dan masih buruk lusa
Cempedak,village,KALIMANTAN BARAT,0.1,110.1,126.0,tidak sehat,2026-09-12,172.7,sangat tidak sehat,2026-09-13,150.7,sangat tidak sehat,0,0,141.5,SIAGA TINGGI,diperkirakan besok sangat tidak sehat; dan masih buruk lusa
Mungguk Dian,hamlet,KALIMANTAN BARAT,0.1,110.2,126.0,tidak sehat,2026-09-12,172.7,sangat tidak sehat,2026-09-13,150.7,sangat tidak sehat,0,0,141.5,SIAGA TINGGI,diperkirakan besok sangat tidak sehat; dan masih buruk lusa
Biyu,hamlet,KALIMANTAN BARAT,0.1,110.2,126.0,tidak sehat,2026-09-12,172.7,sangat tidak sehat,2026-09-13,150.7,sangat tidak sehat,0,0,141.5,SIAGA TINGGI,diperkirakan besok sangat tidak sehat; dan masih buruk lusa
Pasang Surut,hamlet,KALIMANTAN BARAT,0.1,110.2,126.0,tidak sehat,2026-09-12,172.7,sangat tidak sehat,2026-09-13,150.7,sangat tidak sehat,0,0,141.5,SIAGA TINGGI,diperkirakan besok sangat tidak sehat; dan masih buruk lusa
Mak Kawing,village,KALIMANTAN BARAT,0.1,110.1,126.0,tidak sehat,2026-09-12,172.7,sangat tidak sehat,2026-09-13,150.7,sangat tidak sehat,0,0,141.5,SIAGA TINGGI,diperkirakan besok sangat tidak sehat; dan masih buruk lusa
Tebang Benua,village,KALIMANTAN BARAT,0.1,110.1,126.0,tidak sehat,2026-09-12,172.7,sangat tidak sehat,2026-09-13,150.7,sangat tidak sehat,0,0,141.5,SIAGA TINGGI,diperkirakan besok sangat tidak sehat; dan masih buruk lusa
Keranjik,hamlet,KALIMANTAN BARAT,0.2,110.1,126.0,tidak sehat,2026-09-12,172.7,sangat tidak sehat,2026-09-13,150.7,sangat tidak sehat,0,0,141.5,SIAGA TINGGI,diperkirakan besok sangat tidak sehat; dan masih buruk lusa
Temiang Keranjik,hamlet,KALIMANTAN BARAT,0.2,110.1,126.0,tidak sehat,2026-09-12,172.7,sangat tidak sehat,2026-09-13,150.7,sangat tidak sehat,0,0,141.5,SIAGA TINGGI,diperkirakan besok sangat tidak sehat; dan masih buruk lusa
Ceriak,hamlet,KALIMANTAN BARAT,0.1,110.2,126.0,tidak sehat,2026-09-12,172.7,sangat tidak sehat,2026-09-13,150.7,sangat tidak sehat,0,0,141.5,SIAGA TINGGI,diperkirakan besok sangat tidak sehat; dan masih buruk lusa
Embinyer,hamlet,KALIMANTAN BARAT,0.1,110.2,126.0,tidak sehat,2026-09-12,172.7,sangat tidak sehat,2026-09-13,150.7,sangat tidak sehat,0,0,141.5,SIAGA TINGGI,diperkirakan besok sangat tidak sehat; dan masih buruk lusa
Mungguk Tampui,hamlet,KALIMANTAN BARAT,0.1,110.1,126.0,tidak sehat,2026-09-12,172.7,sangat tidak sehat,2026-09-13,150.7,sangat tidak sehat,0,0,141.5,SIAGA TINGGI,diperkirakan besok sangat tidak sehat; dan masih buruk lusa
Manang,hamlet,KALIMANTAN BARAT,0.1,110.1,126.0,tidak sehat,2026-09-12,172.7,sangat tidak sehat,2026-09-13,150.7,sangat tidak sehat,0,0,141.5,SIAGA TINGGI,diperkirakan besok sangat tidak sehat; dan masih buruk lusa
Mungguk Tawak,hamlet,KALIMANTAN BARAT,0.1,110.1,126.0,tidak sehat,2026-09-12,172.7,sangat tidak sehat,2026-09-13,150.7,sangat tidak sehat,0,0,141.5,SIAGA TINGGI,diperkirakan besok sangat tidak sehat; dan masih buruk lusa
Tibung,hamlet,KALIMANTAN BARAT,0.1,110.0,126.0,tidak sehat,2026-09-12,172.7,sangat tidak sehat,2026-09-13,150.7,sangat tidak sehat,0,0,141.5,SIAGA TINGGI,diperkirakan besok sangat tidak sehat; dan masih buruk lusa
Padang,hamlet,KALIMANTAN BARAT,0.2,110.0,126.0,tidak sehat,2026-09-12,172.7,sangat tidak sehat,2026-09-13,150.7,sangat tidak sehat,0,0,141.5,SIAGA TINGGI,diperkirakan besok sangat tidak sehat; dan masih buruk lusa
Penyakat,hamlet,KALIMANTAN BARAT,0.1,109.9,126.0,tidak sehat,2026-09-12,172.7,sangat tidak sehat,2026-09-13,150.7,sangat tidak sehat,0,0,141.5,SIAGA TINGGI,diperkirakan besok sangat tidak sehat; dan masih buruk lusa
Pandan Sembuat,village,KALIMANTAN BARAT,0.3,110.3,126.0,tidak sehat,2026-09-12,172.7,sangat tidak sehat,2026-09-13,150.7,sangat tidak sehat,0,0,138.3,SIAGA TINGGI,diperkirakan besok sangat tidak sehat; dan masih buruk lusa
Lintang,hamlet,KALIMANTAN BARAT,0.2,110.3,126.0,tidak sehat,2026-09-12,172.7,sangat tidak sehat,2026-09-13,150.7,sangat tidak sehat,0,0,138.3,SIAGA TINGGI,diperkirakan besok sangat tidak sehat; dan masih buruk lusa
Siran,village,KALIMANTAN BARAT,0.4,110.3,126.0,tidak sehat,2026-09-12,172.7,sangat tidak sehat,2026-09-13,150.7,sangat tidak sehat,0,0,128.3,SIAGA TINGGI,diperkirakan besok sangat tidak sehat; dan masih buruk lusa
Dusun Sebemban,village,KALIMANTAN BARAT,0.3,110.3,126.0,tidak sehat,2026-09-12,172.7,sangat tidak sehat,2026-09-13,150.7,sangat tidak sehat,0,0,128.3,SIAGA TINGGI,diperkirakan besok sangat tidak sehat; dan masih buruk lusa
Seluang Danau,hamlet,KALIMANTAN BARAT,0.3,109.9,126.0,tidak sehat,2026-09-12,172.7,sangat tidak sehat,2026-09-13,150.7,sangat tidak sehat,0,0,202.1,SIAGA TINGGI,diperkirakan besok sangat tidak sehat; dan masih buruk lusa; asap tebal 60 km di arah angin (202)
Tareng,hamlet,KALIMANTAN BARAT,0.3,109.9,126.0,tidak sehat,2026-09-12,172.7,sangat tidak sehat,2026-09-13,150.7,sangat tidak sehat,0,0,202.1,SIAGA TINGGI,diperkirakan besok sangat tidak sehat; dan masih buruk lusa; asap tebal 60 km di arah angin (202)
Damar,hamlet,KALIMANTAN BARAT,0.3,109.9,126.0,tidak sehat,2026-09-12,172.7,sangat tidak sehat,2026-09-13,150.7,sangat tidak sehat,0,0,202.1,SIAGA TINGGI,diperkirakan besok sangat tidak sehat; dan masih buruk lusa; asap tebal 60 km di arah angin (202)
Nahaya,hamlet,KALIMANTAN BARAT,0.2,109.9,126.0,tidak sehat,2026-09-12,172.7,sangat tidak sehat,2026-09-13,150.7,sangat tidak sehat,0,0,202.1,SIAGA TINGGI,diperkirakan besok sangat tidak sehat; dan masih buruk lusa; asap tebal 60 km di arah angin (202)
Sebua,hamlet,KALIMANTAN BARAT,0.2,109.9,126.0,tidak sehat,2026-09-12,172.7,sangat tidak sehat,2026-09-13,150.7,sangat tidak sehat,0,0,202.1,SIAGA TINGGI,diperkirakan besok sangat tidak sehat; dan masih buruk lusa; asap tebal 60 km di arah angin (202)
Kandan,village,KALIMANTAN TENGAH,-2.4,112.9,124.5,tidak sehat,2026-09-12,176.1,sangat tidak sehat,2026-09-13,167.0,sangat tidak sehat,0,0,34.4,SIAGA TINGGI,diperkirakan besok sangat tidak sehat; dan masih buruk lusa
Parit,village,KALIMANTAN TENGAH,-2.2,113.0,124.5,tidak sehat,2026-09-12,176.1,sangat tidak sehat,2026-09-13,167.0,sangat tidak sehat,0,0,34.4,SIAGA TINGGI,diperkirakan besok sangat tidak sehat; dan masih buruk lusa
Cempaka Mulia Timur,village,KALIMANTAN TENGAH,-2.3,113.0,124.5,tidak sehat,2026-09-12,176.1,sangat tidak sehat,2026-09-13,167.0,sangat tidak sehat,0,0,34.4,SIAGA TINGGI,diperkirakan besok sangat tidak sehat; dan masih buruk lusa
Patai,village,KALIMANTAN TENGAH,-2.2,113.0,124.5,tidak sehat,2026-09-12,176.1,sangat tidak sehat,2026-09-13,167.0,sangat tidak sehat,0,0,34.4,SIAGA TINGGI,diperkirakan besok sangat tidak sehat; dan masih buruk lusa
Tinduk,village,KALIMANTAN TENGAH,-2.4,113.0,124.5,tidak sehat,2026-09-12,176.1,sangat tidak sehat,2026-09-13,167.0,sangat tidak sehat,0,0,34.4,SIAGA TINGGI,diperkirakan besok sangat tidak sehat; dan masih buruk lusa
Pundu,village,KALIMANTAN TENGAH,-2.0,113.1,124.5,tidak sehat,2026-09-12,176.1,sangat tidak sehat,2026-09-13,167.0,sangat tidak sehat,0,0,34.4,SIAGA TINGGI,diperkirakan besok sangat tidak sehat; dan masih buruk lusa
Pamalian,village,KALIMANTAN TENGAH,-2.3,112.9,124.5,tidak sehat,2026-09-12,176.1,sangat tidak sehat,2026-09-13,167.0,sangat tidak sehat,0,0,34.4,SIAGA TINGGI,diperkirakan besok sangat tidak sehat; dan masih buruk lusa
Kota Besi Hulu,village,KALIMANTAN TENGAH,-2.4,113.0,124.5,tidak sehat,2026-09-12,176.1,sangat tidak sehat,2026-09-13,167.0,sangat tidak sehat,0,0,34.4,SIAGA TINGGI,diperkirakan besok sangat tidak sehat; dan masih buruk lusa
Keruing,village,KALIMANTAN TENGAH,-2.1,113.0,124.5,tidak sehat,2026-09-12,176.1,sangat tidak sehat,2026-09-13,167.0,sangat tidak sehat,0,0,34.4,SIAGA TINGGI,diperkirakan besok sangat tidak sehat; dan masih buruk lusa
Bajarum,village,KALIMANTAN TENGAH,-2.4,113.0,124.5,tidak sehat,2026-09-12,176.1,sangat tidak sehat,2026-09-13,167.0,sangat tidak sehat,0,0,34.4,SIAGA TINGGI,diperkirakan besok sangat tidak sehat; dan masih buruk lusa
Sungai Paring,village,KALIMANTAN TENGAH,-2.3,113.0,124.5,tidak sehat,2026-09-12,176.1,sangat tidak sehat,2026-09-13,167.0,sangat tidak sehat,0,0,34.4,SIAGA TINGGI,diperkirakan besok sangat tidak sehat; dan masih buruk lusa
Pelantaran,village,KALIMANTAN TENGAH,-2.0,113.0,124.5,tidak sehat,2026-09-12,176.1,sangat tidak sehat,2026-09-13,167.0,sangat tidak sehat,0,0,34.4,SIAGA TINGGI,diperkirakan besok sangat tidak sehat; dan masih buruk lusa
Jemaras,village,KALIMANTAN TENGAH,-2.3,113.0,124.5,tidak sehat,2026-09-12,176.1,sangat tidak sehat,2026-09-13,167.0,sangat tidak sehat,0,0,34.4,SIAGA TINGGI,diperkirakan besok sangat tidak sehat; dan masih buruk lusa
Rubung Buyung,village,KALIMANTAN TENGAH,-2.2,113.0,124.5,tidak sehat,2026-09-12,176.1,sangat tidak sehat,2026-09-13,167.0,sangat tidak sehat,0,0,34.4,SIAGA TINGGI,diperkirakan besok sangat tidak sehat; dan masih buruk lusa
Luwuk Bunter,village,KALIMANTAN TENGAH,-2.4,113.0,124.5,tidak sehat,2026-09-12,176.1,sangat tidak sehat,2026-09-13,167.0,sangat tidak sehat,0,0,34.4,SIAGA TINGGI,diperkirakan besok sangat tidak sehat; dan masih buruk lusa
Camba,village,KALIMANTAN TENGAH,-2.4,112.9,124.5,tidak sehat,2026-09-12,176.1,sangat tidak sehat,2026-09-13,167.0,sangat tidak sehat,0,0,34.4,SIAGA TINGGI,diperkirakan besok sangat tidak sehat; dan masih buruk lusa
Kota Besi Hilir,village,KALIMANTAN TENGAH,-2.4,113.0,124.5,tidak sehat,2026-09-12,176.1,sangat tidak sehat,2026-09-13,167.0,sangat tidak sehat,0,0,34.4,SIAGA TINGGI,diperkirakan besok sangat tidak sehat; dan masih buruk lusa
Cempaka Mulia Barat,village,KALIMANTAN TENGAH,-2.3,113.0,124.5,tidak sehat,2026-09-12,176.1,sangat tidak sehat,2026-09-13,167.0,sangat tidak sehat,0,0,34.4,SIAGA TINGGI,diperkirakan besok sangat tidak sehat; dan masih buruk lusa
Karang Tunggal,village,KALIMANTAN TENGAH,-2.0,112.9,124.5,tidak sehat,2026-09-12,176.1,sangat tidak sehat,2026-09-13,167.0,sangat tidak sehat,0,0,34.4,SIAGA TINGGI,diperkirakan besok sangat tidak sehat; dan masih buruk lusa
Terantang,village,KALIMANTAN TENGAH,-2.4,113.1,124.5,tidak sehat,2026-09-12,176.1,sangat tidak sehat,2026-09-13,167.0,sangat tidak sehat,0,0,34.4,SIAGA TINGGI,diperkirakan besok sangat tidak sehat; dan masih buruk lusa
Pantai Harapan,village,KALIMANTAN TENGAH,-2.0,113.1,124.5,tidak sehat,2026-09-12,176.1,sangat tidak sehat,2026-09-13,167.0,sangat tidak sehat,0,0,34.4,SIAGA TINGGI,diperkirakan besok sangat tidak sehat; dan masih buruk lusa
Telaga,village,KALIMANTAN TENGAH,-2.4,113.3,124.5,tidak sehat,2026-09-12,176.1,sangat tidak sehat,2026-09-13,167.0,sangat tidak sehat,0,0,54.6,SIAGA TINGGI,diperkirakan besok sangat tidak sehat; dan masih buruk lusa
Luwuk Ranggan,village,KALIMANTAN TENGAH,-2.3,113.0,124.5,tidak sehat,2026-09-12,176.1,sangat tidak sehat,2026-09-13,167.0,sangat tidak sehat,0,0,34.4,SIAGA TINGGI,diperkirakan besok sangat tidak sehat; dan masih buruk lusa
Sungai Ubar Mandiiri,village,KALIMANTAN TENGAH,-2.1,113.0,124.5,tidak sehat,2026-09-12,176.1,sangat tidak sehat,2026-09-13,167.0,sangat tidak sehat,0,0,34.4,SIAGA TINGGI,diperkirakan besok sangat tidak sehat; dan masih buruk lusa
Sudan,village,KALIMANTAN TENGAH,-2.1,113.0,124.5,tidak sehat,2026-09-12,176.1,sangat tidak sehat,2026-09-13,167.0,sangat tidak sehat,0,0,34.4,SIAGA TINGGI,diperkirakan besok sangat tidak sehat; dan masih buruk lusa
Bukit Batu,village,KALIMANTAN TENGAH,-2.0,113.0,124.5,tidak sehat,2026-09-12,176.1,sangat tidak sehat,2026-09-13,167.0,sangat tidak sehat,0,0,34.4,SIAGA TINGGI,diperkirakan besok sangat tidak sehat; dan masih buruk lusa
Bukit Raya,village,KALIMANTAN TENGAH,-2.1,113.0,124.5,tidak sehat,2026-09-12,176.1,sangat tidak sehat,2026-09-13,167.0,sangat tidak sehat,0,0,34.4,SIAGA TINGGI,diperkirakan besok sangat tidak sehat; dan masih buruk lusa
Pontianak,city,KALIMANTAN BARAT,-0.0,109.3,112.8,tidak sehat,2026-09-12,92.2,tidak sehat,2026-09-13,88.0,tidak sehat,0,0,279.4,SIAGA TINGGI,diperkirakan besok tidak sehat; dan masih buruk lusa; asap tebal 60 km di arah angin (279)
Daratsekip,village,KALIMANTAN BARAT,-0.0,109.3,112.8,tidak sehat,2026-09-12,92.2,tidak sehat,2026-09-13,88.0,tidak sehat,0,0,279.4,SIAGA TINGGI,diperkirakan besok tidak sehat; dan masih buruk lusa; asap tebal 60 km di arah angin (279)
Benuamelayu Laut,village,KALIMANTAN BARAT,-0.0,109.3,112.8,tidak sehat,2026-09-12,92.2,tidak sehat,2026-09-13,88.0,tidak sehat,0,0,279.4,SIAGA TINGGI,diperkirakan besok tidak sehat; dan masih buruk lusa; asap tebal 60 km di arah angin (279)
Punggur Kecil,village,KALIMANTAN BARAT,-0.1,109.2,112.8,tidak sehat,2026-09-12,92.2,tidak sehat,2026-09-13,88.0,tidak sehat,0,0,279.4,SIAGA TINGGI,diperkirakan besok tidak sehat; dan masih buruk lusa; asap tebal 60 km di arah angin (279)
Mariana,village,KALIMANTAN BARAT,-0.0,109.3,112.8,tidak sehat,2026-09-12,92.2,tidak sehat,2026-09-13,88.0,tidak sehat,0,0,279.4,SIAGA TINGGI,diperkirakan besok tidak sehat; dan masih buruk lusa; asap tebal 60 km di arah angin (279)
Tanjung Saleh,village,KALIMANTAN BARAT,-0.1,109.1,112.8,tidak sehat,2026-09-12,92.2,tidak sehat,2026-09-13,88.0,tidak sehat,0,0,279.4,SIAGA TINGGI,diperkirakan besok tidak sehat; dan masih buruk lusa; asap tebal 60 km di arah angin (279)
Batulayang,village,KALIMANTAN BARAT,0.0,109.3,112.8,tidak sehat,2026-09-12,92.2,tidak sehat,2026-09-13,88.0,tidak sehat,0,0,279.4,SIAGA TINGGI,diperkirakan besok tidak sehat; dan masih buruk lusa; asap tebal 60 km di arah angin (279)
Siantan Hilir,village,KALIMANTAN BARAT,0.0,109.3,112.8,tidak sehat,2026-09-12,92.2,tidak sehat,2026-09-13,88.0,tidak sehat,0,0,279.4,SIAGA TINGGI,diperkirakan besok tidak sehat; dan masih buruk lusa; asap tebal 60 km di arah angin (279)
Wajok Hulu,village,KALIMANTAN BARAT,0.0,109.3,112.8,tidak sehat,2026-09-12,92.2,tidak sehat,2026-09-13,88.0,tidak sehat,0,0,279.4,SIAGA TINGGI,diperkirakan besok tidak sehat; dan masih buruk lusa; asap tebal 60 km di arah angin (279)
Sungaibeliung,village,KALIMANTAN BARAT,-0.0,109.3,112.8,tidak sehat,2026-09-12,92.2,tidak sehat,2026-09-13,88.0,tidak sehat,0,0,279.4,SIAGA TINGGI,diperkirakan besok tidak sehat; dan masih buruk lusa; asap tebal 60 km di arah angin (279)
Sungai Belidak,village,KALIMANTAN BARAT,-0.1,109.2,112.8,tidak sehat,2026-09-12,92.2,tidak sehat,2026-09-13,88.0,tidak sehat,0,0,279.4,SIAGA TINGGI,diperkirakan besok tidak sehat; dan masih buruk lusa; asap tebal 60 km di arah angin (279)
Parittokaya,village,KALIMANTAN BARAT,-0.1,109.3,112.8,tidak sehat,2026-09-12,92.2,tidak sehat,2026-09-13,88.0,tidak sehat,0,0,279.4,SIAGA TINGGI,diperkirakan besok tidak sehat; dan masih buruk lusa; asap tebal 60 km di arah angin (279)
Kalimas,village,KALIMANTAN BARAT,-0.1,109.2,112.8,tidak sehat,2026-09-12,92.2,tidak sehat,2026-09-13,88.0,tidak sehat,0,0,279.4,SIAGA TINGGI,diperkirakan besok tidak sehat; dan masih buruk lusa; asap tebal 60 km di arah angin (279)
Sungaijawi Dalam,village,KALIMANTAN BARAT,-0.0,109.3,112.8,tidak sehat,2026-09-12,92.2,tidak sehat,2026-09-13,88.0,tidak sehat,0,0,279.4,SIAGA TINGGI,diperkirakan besok tidak sehat; dan masih buruk lusa; asap tebal 60 km di arah angin (279)
Jeruju Besar,village,KALIMANTAN BARAT,-0.0,109.2,112.8,tidak sehat,2026-09-12,92.2,tidak sehat,2026-09-13,88.0,tidak sehat,0,0,279.4,SIAGA TINGGI,diperkirakan besok tidak sehat; dan masih buruk lusa; asap tebal 60 km di arah angin (279)
Sungaibangkong,village,KALIMANTAN BARAT,-0.0,109.3,112.8,tidak sehat,2026-09-12,92.2,tidak sehat,2026-09-13,88.0,tidak sehat,0,0,279.4,SIAGA TINGGI,diperkirakan besok tidak sehat; dan masih buruk lusa; asap tebal 60 km di arah angin (279)
Sungai Kupah,village,KALIMANTAN BARAT,0.0,109.2,112.8,tidak sehat,2026-09-12,92.2,tidak sehat,2026-09-13,88.0,tidak sehat,0,0,279.4,SIAGA TINGGI,diperkirakan besok tidak sehat; dan masih buruk lusa; asap tebal 60 km di arah angin (279)
Pallima,village,KALIMANTAN BARAT,-0.0,109.3,112.8,tidak sehat,2026-09-12,92.2,tidak sehat,2026-09-13,88.0,tidak sehat,0,0,279.4,SIAGA TINGGI,diperkirakan besok tidak sehat; dan masih buruk lusa; asap tebal 60 km di arah angin (279)
Benuamelayu Darat,village,KALIMANTAN BARAT,-0.0,109.3,112.8,tidak sehat,2026-09-12,92.2,tidak sehat,2026-09-13,88.0,tidak sehat,0,0,279.4,SIAGA TINGGI,diperkirakan besok tidak sehat; dan masih buruk lusa; asap tebal 60 km di arah angin (279)
Pal Sembilan,village,KALIMANTAN BARAT,-0.1,109.3,112.8,tidak sehat,2026-09-12,92.2,tidak sehat,2026-09-13,88.0,tidak sehat,0,0,279.4,SIAGA TINGGI,diperkirakan besok tidak sehat; dan masih buruk lusa; asap tebal 60 km di arah angin (279)
Sungaijawi Luar,village,KALIMANTAN BARAT,-0.0,109.3,112.8,tidak sehat,2026-09-12,92.2,tidak sehat,2026-09-13,88.0,tidak sehat,0,0,279.4,SIAGA TINGGI,diperkirakan besok tidak sehat; dan masih buruk lusa; asap tebal 60 km di arah angin (279)
Siantan Tengah,village,KALIMANTAN BARAT,-0.0,109.3,112.8,tidak sehat,2026-09-12,92.2,tidak sehat,2026-09-13,88.0,tidak sehat,0,0,279.4,SIAGA TINGGI,diperkirakan besok tidak sehat; dan masih buruk lusa; asap tebal 60 km di arah angin (279)
Sungai Rengas,village,KALIMANTAN BARAT,0.0,109.2,112.8,tidak sehat,2026-09-12,92.2,tidak sehat,2026-09-13,88.0,tidak sehat,0,0,279.4,SIAGA TINGGI,diperkirakan besok tidak sehat; dan masih buruk lusa; asap tebal 60 km di arah angin (279)
Punggur Kapuas,village,KALIMANTAN BARAT,-0.1,109.2,112.8,tidak sehat,2026-09-12,92.2,tidak sehat,2026-09-13,88.0,tidak sehat,0,0,279.4,SIAGA TINGGI,diperkirakan besok tidak sehat; dan masih buruk lusa; asap tebal 60 km di arah angin (279)
Bansir Darat,village,KALIMANTAN BARAT,-0.1,109.3,112.8,tidak sehat,2026-09-12,92.2,tidak sehat,2026-09-13,88.0,tidak sehat,0,0,279.4,SIAGA TINGGI,diperkirakan besok tidak sehat; dan masih buruk lusa; asap tebal 60 km di arah angin (279)
Bansir Laut,village,KALIMANTAN BARAT,-0.1,109.3,112.8,tidak sehat,2026-09-12,92.2,tidak sehat,2026-09-13,88.0,tidak sehat,0,0,279.4,SIAGA TINGGI,diperkirakan besok tidak sehat; dan masih buruk lusa; asap tebal 60 km di arah angin (279)
Tengah,village,KALIMANTAN BARAT,-0.0,109.3,112.8,tidak sehat,2026-09-12,92.2,tidak sehat,2026-09-13,88.0,tidak sehat,0,0,279.4,SIAGA TINGGI,diperkirakan besok tidak sehat; dan masih buruk lusa; asap tebal 60 km di arah angin (279)
Akcaya,village,KALIMANTAN BARAT,-0.0,109.3,112.8,tidak sehat,2026-09-12,92.2,tidak sehat,2026-09-13,88.0,tidak sehat,0,0,279.4,SIAGA TINGGI,diperkirakan besok tidak sehat; dan masih buruk lusa; asap tebal 60 km di arah angin (279)
Kotabaru,village,KALIMANTAN BARAT,-0.1,109.3,112.8,tidak sehat,2026-09-12,92.2,tidak sehat,2026-09-13,88.0,tidak sehat,0,0,279.4,SIAGA TINGGI,diperkirakan besok tidak sehat; dan masih buruk lusa; asap tebal 60 km di arah angin (279)
Sungaijawi,village,KALIMANTAN BARAT,-0.0,109.3,112.8,tidak sehat,2026-09-12,92.2,tidak sehat,2026-09-13,88.0,tidak sehat,0,0,279.4,SIAGA TINGGI,diperkirakan besok tidak sehat; dan masih buruk lusa; asap tebal 60 km di arah angin (279)
Rabauh,village,KALIMANTAN TENGAH,-1.4,113.9,84.6,tidak sehat,2026-09-12,127.6,tidak sehat,2026-09-13,125.4,tidak sehat,0,0,239.9,SIAGA TINGGI,diperkirakan besok tidak sehat; dan masih buruk lusa; asap tebal 60 km di arah angin (240)
Tuyun,village,KALIMANTAN TENGAH,-1.4,113.9,84.6,tidak sehat,2026-09-12,127.6,tidak sehat,2026-09-13,125.4,tidak sehat,0,0,239.9,SIAGA TINGGI,diperkirakan besok tidak sehat; dan masih buruk lusa; asap tebal 60 km di arah angin (240)
Tanjung Karitak,village,KALIMANTAN TENGAH,-1.4,113.9,84.6,tidak sehat,2026-09-12,127.6,tidak sehat,2026-09-13,125.4,tidak sehat,0,0,547.6,SIAGA TINGGI,diperkirakan besok tidak sehat; dan masih buruk lusa; asap tebal 60 km di arah angin (548)
Tumbang Empas,village,KALIMANTAN TENGAH,-1.4,113.9,84.6,tidak sehat,2026-09-12,127.6,tidak sehat,2026-09-13,125.4,tidak sehat,0,0,239.9,SIAGA TINGGI,diperkirakan besok tidak sehat; dan masih buruk lusa; asap tebal 60 km di arah angin (240)
Benuang,village,KALIMANTAN BARAT,0.4,109.3,84.4,tidak sehat,2026-09-12,98.6,tidak sehat,2026-09-13,95.7,tidak sehat,0,0,279.4,SIAGA TINGGI,diperkirakan besok tidak sehat; dan masih buruk lusa; asap tebal 60 km di arah angin (279)
Ngarak,village,KALIMANTAN BARAT,0.3,109.2,84.4,tidak sehat,2026-09-12,98.6,tidak sehat,2026-09-13,95.7,tidak sehat,0,0,279.4,SIAGA TINGGI,diperkirakan besok tidak sehat; dan masih buruk lusa; asap tebal 60 km di arah angin (279)
Sepang,village,KALIMANTAN BARAT,0.4,109.3,84.4,tidak sehat,2026-09-12,98.6,tidak sehat,2026-09-13,95.7,tidak sehat,0,0,279.4,SIAGA TINGGI,diperkirakan besok tidak sehat; dan masih buruk lusa; asap tebal 60 km di arah angin (279)
Sungai Rasau,village,KALIMANTAN BARAT,0.3,109.1,84.4,tidak sehat,2026-09-12,98.6,tidak sehat,2026-09-13,95.7,tidak sehat,0,0,279.4,SIAGA TINGGI,diperkirakan besok tidak sehat; dan masih buruk lusa; asap tebal 60 km di arah angin (279)
Sungai Burung,village,KALIMANTAN BARAT,0.2,109.2,84.4,tidak sehat,2026-09-12,98.6,tidak sehat,2026-09-13,95.7,tidak sehat,0,0,279.4,SIAGA TINGGI,diperkirakan besok tidak sehat; dan masih buruk lusa; asap tebal 60 km di arah angin (279)
Peniraman,village,KALIMANTAN BARAT,0.2,109.1,84.4,tidak sehat,2026-09-12,98.6,tidak sehat,2026-09-13,95.7,tidak sehat,0,0,279.4,SIAGA TINGGI,diperkirakan besok tidak sehat; dan masih buruk lusa; asap tebal 60 km di arah angin (279)
Sambora,village,KALIMANTAN BARAT,0.3,109.3,84.4,tidak sehat,2026-09-12,98.6,tidak sehat,2026-09-13,95.7,tidak sehat,0,0,279.4,SIAGA TINGGI,diperkirakan besok tidak sehat; dan masih buruk lusa; asap tebal 60 km di arah angin (279)
Pentek,village,KALIMANTAN BARAT,0.5,109.2,84.4,tidak sehat,2026-09-12,98.6,tidak sehat,2026-09-13,95.7,tidak sehat,0,0,155.0,SIAGA TINGGI,diperkirakan besok tidak sehat; dan masih buruk lusa; asap tebal 60 km di arah angin (155)
Pak Laheng,village,KALIMANTAN BARAT,0.4,109.2,84.4,tidak sehat,2026-09-12,98.6,tidak sehat,2026-09-13,95.7,tidak sehat,0,0,279.4,SIAGA TINGGI,diperkirakan besok tidak sehat; dan masih buruk lusa; asap tebal 60 km di arah angin (279)
Peniti Dalam I,village,KALIMANTAN BARAT,0.2,109.2,84.4,tidak sehat,2026-09-12,98.6,tidak sehat,2026-09-13,95.7,tidak sehat,0,0,279.4,SIAGA TINGGI,diperkirakan besok tidak sehat; dan masih buruk lusa; asap tebal 60 km di arah angin (279)
Sungai Bakau Besar Laut,village,KALIMANTAN BARAT,0.3,109.0,84.4,tidak sehat,2026-09-12,98.6,tidak sehat,2026-09-13,95.7,tidak sehat,0,0,279.4,SIAGA TINGGI,diperkirakan besok tidak sehat; dan masih buruk lusa; asap tebal 60 km di arah angin (279)
Kayu Tanam,village,KALIMANTAN BARAT,0.3,109.3,84.4,tidak sehat,2026-09-12,98.6,tidak sehat,2026-09-13,95.7,tidak sehat,0,0,279.4,SIAGA TINGGI,diperkirakan besok tidak sehat; dan masih buruk lusa; asap tebal 60 km di arah angin (279)
Nangka,village,KALIMANTAN BARAT,0.5,109.3,84.4,tidak sehat,2026-09-12,98.6,tidak sehat,2026-09-13,95.7,tidak sehat,0,0,155.0,SIAGA TINGGI,diperkirakan besok tidak sehat; dan masih buruk lusa; asap tebal 60 km di arah angin (155)
Raba,village,KALIMANTAN BARAT,0.5,109.3,84.4,tidak sehat,2026-09-12,98.6,tidak sehat,2026-09-13,95.7,tidak sehat,0,0,155.0,SIAGA TINGGI,diperkirakan besok tidak sehat; dan masih buruk lusa; asap tebal 60 km di arah angin (155)
Anjungan Dalam,village,KALIMANTAN BARAT,0.3,109.2,84.4,tidak sehat,2026-09-12,98.6,tidak sehat,2026-09-13,95.7,tidak sehat,0,0,279.4,SIAGA TINGGI,diperkirakan besok tidak sehat; dan masih buruk lusa; asap tebal 60 km di arah angin (279)
Toho Ilir,village,KALIMANTAN BARAT,0.4,109.2,84.4,tidak sehat,2026-09-12,98.6,tidak sehat,2026-09-13,95.7,tidak sehat,0,0,279.4,SIAGA TINGGI,diperkirakan besok tidak sehat; dan masih buruk lusa; asap tebal 60 km di arah angin (279)
Kepayang,village,KALIMANTAN BARAT,0.3,109.2,84.4,tidak sehat,2026-09-12,98.6,tidak sehat,2026-09-13,95.7,tidak sehat,0,0,279.4,SIAGA TINGGI,diperkirakan besok tidak sehat; dan masih buruk lusa; asap tebal 60 km di arah angin (279)
Menjalin,village,KALIMANTAN BARAT,0.5,109.3,84.4,tidak sehat,2026-09-12,98.6,tidak sehat,2026-09-13,95.7,tidak sehat,0,0,155.0,SIAGA TINGGI,diperkirakan besok tidak sehat; dan masih buruk lusa; asap tebal 60 km di arah angin (155)
Wajok Hilir,village,KALIMANTAN BARAT,0.1,109.2,84.4,tidak sehat,2026-09-12,98.6,tidak sehat,2026-09-13,95.7,tidak sehat,0,0,279.4,SIAGA TINGGI,diperkirakan besok tidak sehat; dan masih buruk lusa; asap tebal 60 km di arah angin (279)
Bum-bun,village,KALIMANTAN BARAT,0.5,109.1,84.4,tidak sehat,2026-09-12,98.6,tidak sehat,2026-09-13,95.7,tidak sehat,0,0,155.0,SIAGA TINGGI,diperkirakan besok tidak sehat; dan masih buruk lusa; asap tebal 60 km di arah angin (155)
Nusapati,village,KALIMANTAN BARAT,0.3,109.1,84.4,tidak sehat,2026-09-12,98.6,tidak sehat,2026-09-13,95.7,tidak sehat,0,0,279.4,SIAGA TINGGI,diperkirakan besok tidak sehat; dan masih buruk lusa; asap tebal 60 km di arah angin (279)
Dema,village,KALIMANTAN BARAT,0.3,109.2,84.4,tidak sehat,2026-09-12,98.6,tidak sehat,2026-09-13,95.7,tidak sehat,0,0,279.4,SIAGA TINGGI,diperkirakan besok tidak sehat; dan masih buruk lusa; asap tebal 60 km di arah angin (279)
Jungkat,village,KALIMANTAN BARAT,0.1,109.2,84.4,tidak sehat,2026-09-12,98.6,tidak sehat,2026-09-13,95.7,tidak sehat,0,0,279.4,SIAGA TINGGI,diperkirakan besok tidak sehat; dan masih buruk lusa; asap tebal 60 km di arah angin (279)
Simpang Kasturi,village,KALIMANTAN BARAT,0.3,109.3,84.4,tidak sehat,2026-09-12,98.6,tidak sehat,2026-09-13,95.7,tidak sehat,0,0,279.4,SIAGA TINGGI,diperkirakan besok tidak sehat; dan masih buruk lusa; asap tebal 60 km di arah angin (279)
Sekabuk,village,KALIMANTAN BARAT,0.5,109.1,84.4,tidak sehat,2026-09-12,98.6,tidak sehat,2026-09-13,95.7,tidak sehat,0,0,155.0,SIAGA TINGGI,diperkirakan besok tidak sehat; dan masih buruk lusa; asap tebal 60 km di arah angin (155)
Peniti Dalam II,village,KALIMANTAN BARAT,0.2,109.2,84.4,tidak sehat,2026-09-12,98.6,tidak sehat,2026-09-13,95.7,tidak sehat,0,0,279.4,SIAGA TINGGI,diperkirakan besok tidak sehat; dan masih buruk lusa; asap tebal 60 km di arah angin (279)
Re'es,village,KALIMANTAN BARAT,0.5,109.3,84.4,tidak sehat,2026-09-12,98.6,tidak sehat,2026-09-13,95.7,tidak sehat,0,0,155.0,SIAGA TINGGI,diperkirakan besok tidak sehat; dan masih buruk lusa; asap tebal 60 km di arah angin (155)
Parit Bugis,village,KALIMANTAN BARAT,0.2,109.2,84.4,tidak sehat,2026-09-12,98.6,tidak sehat,2026-09-13,95.7,tidak sehat,0,0,279.4,SIAGA TINGGI,diperkirakan besok tidak sehat; dan masih buruk lusa; asap tebal 60 km di arah angin (279)
Sungai Batang,village,KALIMANTAN BARAT,0.3,109.1,84.4,tidak sehat,2026-09-12,98.6,tidak sehat,2026-09-13,95.7,tidak sehat,0,0,279.4,SIAGA TINGGI,diperkirakan besok tidak sehat; dan masih buruk lusa; asap tebal 60 km di arah angin (279)
Kecurit,village,KALIMANTAN BARAT,0.4,109.2,84.4,tidak sehat,2026-09-12,98.6,tidak sehat,2026-09-13,95.7,tidak sehat,0,0,279.4,SIAGA TINGGI,diperkirakan besok tidak sehat; dan masih buruk lusa; asap tebal 60 km di arah angin (279)
Sungai Pinyuh,village,KALIMANTAN BARAT,0.3,109.1,84.4,tidak sehat,2026-09-12,98.6,tidak sehat,2026-09-13,95.7,tidak sehat,0,0,279.4,SIAGA TINGGI,diperkirakan besok tidak sehat; dan masih buruk lusa; asap tebal 60 km di arah angin (279)
Anjungan Melancar,village,KALIMANTAN BARAT,0.4,109.2,84.4,tidak sehat,2026-09-12,98.6,tidak sehat,2026-09-13,95.7,tidak sehat,0,0,279.4,SIAGA TINGGI,diperkirakan besok tidak sehat; dan masih buruk lusa; asap tebal 60 km di arah angin (279)
Salatiga,village,KALIMANTAN BARAT,0.3,109.3,84.4,tidak sehat,2026-09-12,98.6,tidak sehat,2026-09-13,95.7,tidak sehat,0,0,279.4,SIAGA TINGGI,diperkirakan besok tidak sehat; dan masih buruk lusa; asap tebal 60 km di arah angin (279)
Terap,village,KALIMANTAN BARAT,0.4,109.2,84.4,tidak sehat,2026-09-12,98.6,tidak sehat,2026-09-13,95.7,tidak sehat,0,0,279.4,SIAGA TINGGI,diperkirakan besok tidak sehat; dan masih buruk lusa; asap tebal 60 km di arah angin (279)
Sungai Purun Kecil,village,KALIMANTAN BARAT,0.2,109.1,84.4,tidak sehat,2026-09-12,98.6,tidak sehat,2026-09-13,95.7,tidak sehat,0,0,279.4,SIAGA TINGGI,diperkirakan besok tidak sehat; dan masih buruk lusa; asap tebal 60 km di arah angin (279)
Mandor,village,KALIMANTAN BARAT,0.3,109.3,84.4,tidak sehat,2026-09-12,98.6,tidak sehat,2026-09-13,95.7,tidak sehat,0,0,279.4,SIAGA TINGGI,diperkirakan besok tidak sehat; dan masih buruk lusa; asap tebal 60 km di arah angin (279)
Pak Utan,village,KALIMANTAN BARAT,0.4,109.3,84.4,tidak sehat,2026-09-12,98.6,tidak sehat,2026-09-13,95.7,tidak sehat,0,0,279.4,SIAGA TINGGI,diperkirakan besok tidak sehat; dan masih buruk lusa; asap tebal 60 km di arah angin (279)
Peniti Luar,village,KALIMANTAN BARAT,0.1,109.2,84.4,tidak sehat,2026-09-12,98.6,tidak sehat,2026-09-13,95.7,tidak sehat,0,0,279.4,SIAGA TINGGI,diperkirakan besok tidak sehat; dan masih buruk lusa; asap tebal 60 km di arah angin (279)
Galang,village,KALIMANTAN BARAT,0.3,109.1,84.4,tidak sehat,2026-09-12,98.6,tidak sehat,2026-09-13,95.7,tidak sehat,0,0,279.4,SIAGA TINGGI,diperkirakan besok tidak sehat; dan masih buruk lusa; asap tebal 60 km di arah angin (279)
Sungai Bakau Besar Darat,village,KALIMANTAN BARAT,0.3,109.0,84.4,tidak sehat,2026-09-12,98.6,tidak sehat,2026-09-13,95.7,tidak sehat,0,0,279.4,SIAGA TINGGI,diperkirakan besok tidak sehat; dan masih buruk lusa; asap tebal 60 km di arah angin (279)
Sungai Nipah,village,KALIMANTAN BARAT,0.1,109.2,84.4,tidak sehat,2026-09-12,98.6,tidak sehat,2026-09-13,95.7,tidak sehat,0,0,279.4,SIAGA TINGGI,diperkirakan besok tidak sehat; dan masih buruk lusa; asap tebal 60 km di arah angin (279)
Peniti Besar,village,KALIMANTAN BARAT,0.2,109.2,84.4,tidak sehat,2026-09-12,98.6,tidak sehat,2026-09-13,95.7,tidak sehat,0,0,279.4,SIAGA TINGGI,diperkirakan besok tidak sehat; dan masih buruk lusa; asap tebal 60 km di arah angin (279)
Sepahat,village,KALIMANTAN BARAT,0.4,109.3,84.4,tidak sehat,2026-09-12,98.6,tidak sehat,2026-09-13,95.7,tidak sehat,0,0,279.4,SIAGA TINGGI,diperkirakan besok tidak sehat; dan masih buruk lusa; asap tebal 60 km di arah angin (279)
Pak Bulu,village,KALIMANTAN BARAT,0.3,109.2,84.4,tidak sehat,2026-09-12,98.6,tidak sehat,2026-09-13,95.7,tidak sehat,0,0,279.4,SIAGA TINGGI,diperkirakan besok tidak sehat; dan masih buruk lusa; asap tebal 60 km di arah angin (279)
Tampah,hamlet,KALIMANTAN BARAT,0.5,109.1,84.4,tidak sehat,2026-09-12,98.6,tidak sehat,2026-09-13,95.7,tidak sehat,0,0,155.0,SIAGA TINGGI,diperkirakan besok tidak sehat; dan masih buruk lusa; asap tebal 60 km di arah angin (155)
Untang,hamlet,KALIMANTAN BARAT,0.5,109.2,84.4,tidak sehat,2026-09-12,98.6,tidak sehat,2026-09-13,95.7,tidak sehat,0,0,155.0,SIAGA TINGGI,diperkirakan besok tidak sehat; dan masih buruk lusa; asap tebal 60 km di arah angin (155)
Silung,hamlet,KALIMANTAN BARAT,0.4,109.3,84.4,tidak sehat,2026-09-12,98.6,tidak sehat,2026-09-13,95.7,tidak sehat,0,0,279.4,SIAGA TINGGI,diperkirakan besok tidak sehat; dan masih buruk lusa; asap tebal 60 km di arah angin (279)
Konyo,hamlet,KALIMANTAN BARAT,0.5,109.3,84.4,tidak sehat,2026-09-12,98.6,tidak sehat,2026-09-13,95.7,tidak sehat,0,0,155.0,SIAGA TINGGI,diperkirakan besok tidak sehat; dan masih buruk lusa; asap tebal 60 km di arah angin (155)
Tengkuning,hamlet,KALIMANTAN BARAT,0.5,109.3,84.4,tidak sehat,2026-09-12,98.6,tidak sehat,2026-09-13,95.7,tidak sehat,0,0,279.4,SIAGA TINGGI,diperkirakan besok tidak sehat; dan masih buruk lusa; asap tebal 60 km di arah angin (279)
Parit Banjar,village,KALIMANTAN BARAT,0.3,109.0,84.4,tidak sehat,2026-09-12,98.6,tidak sehat,2026-09-13,95.7,tidak sehat,0,0,279.4,SIAGA TINGGI,diperkirakan besok tidak sehat; dan masih buruk lusa; asap tebal 60 km di arah angin (279)
Sungai Purun Besar,village,KALIMANTAN BARAT,0.2,109.2,84.4,tidak sehat,2026-09-12,98.6,tidak sehat,2026-09-13,95.7,tidak sehat,0,0,279.4,SIAGA TINGGI,diperkirakan besok tidak sehat; dan masih buruk lusa; asap tebal 60 km di arah angin (279)
Tumiang,village,KALIMANTAN BARAT,0.8,109.3,81.8,tidak sehat,2026-09-12,112.5,tidak sehat,2026-09-13,101.1,tidak sehat,0,0,155.0,SIAGA TINGGI,diperkirakan besok tidak sehat; dan masih buruk lusa; asap tebal 60 km di arah angin (155)
Bagak Sahwa,village,KALIMANTAN BARAT,0.9,109.1,81.8,tidak sehat,2026-09-12,112.5,tidak sehat,2026-09-13,101.1,tidak sehat,0,0,155.0,SIAGA TINGGI,diperkirakan besok tidak sehat; dan masih buruk lusa; asap tebal 60 km di arah angin (155)
Jahandung,village,KALIMANTAN BARAT,0.7,109.1,81.8,tidak sehat,2026-09-12,112.5,tidak sehat,2026-09-13,101.1,tidak sehat,0,0,155.0,SIAGA TINGGI,diperkirakan besok tidak sehat; dan masih buruk lusa; asap tebal 60 km di arah angin (155)
Salumang,village,KALIMANTAN BARAT,0.7,109.2,81.8,tidak sehat,2026-09-12,112.5,tidak sehat,2026-09-13,101.1,tidak sehat,0,0,155.0,SIAGA TINGGI,diperkirakan besok tidak sehat; dan masih buruk lusa; asap tebal 60 km di arah angin (155)
Nyarumkop,village,KALIMANTAN BARAT,0.9,109.1,81.8,tidak sehat,2026-09-12,112.5,tidak sehat,2026-09-13,101.1,tidak sehat,0,0,155.0,SIAGA TINGGI,diperkirakan besok tidak sehat; dan masih buruk lusa; asap tebal 60 km di arah angin (155)
Ansiap,village,KALIMANTAN BARAT,0.6,109.2,81.8,tidak sehat,2026-09-12,112.5,tidak sehat,2026-09-13,101.1,tidak sehat,0,0,155.0,SIAGA TINGGI,diperkirakan besok tidak sehat; dan masih buruk lusa; asap tebal 60 km di arah angin (155)
Rantau,village,KALIMANTAN BARAT,0.8,109.1,81.8,tidak sehat,2026-09-12,112.5,tidak sehat,2026-09-13,101.1,tidak sehat,0,0,155.0,SIAGA TINGGI,diperkirakan besok tidak sehat; dan masih buruk lusa; asap tebal 60 km di arah angin (155)
Parigi,village,KALIMANTAN BARAT,0.7,109.2,81.8,tidak sehat,2026-09-12,112.5,tidak sehat,2026-09-13,101.1,tidak sehat,0,0,155.0,SIAGA TINGGI,diperkirakan besok tidak sehat; dan masih buruk lusa; asap tebal 60 km di arah angin (155)
Monterado,village,KALIMANTAN BARAT,0.8,109.1,81.8,tidak sehat,2026-09-12,112.5,tidak sehat,2026-09-13,101.1,tidak sehat,0,0,155.0,SIAGA TINGGI,diperkirakan besok tidak sehat; dan masih buruk lusa; asap tebal 60 km di arah angin (155)
Tempoak,village,KALIMANTAN BARAT,0.6,109.3,81.8,tidak sehat,2026-09-12,112.5,tidak sehat,2026-09-13,101.1,tidak sehat,0,0,155.0,SIAGA TINGGI,diperkirakan besok tidak sehat; dan masih buruk lusa; asap tebal 60 km di arah angin (155)
SP2 Capkala,hamlet,KALIMANTAN BARAT,0.6,109.1,81.8,tidak sehat,2026-09-12,112.5,tidak sehat,2026-09-13,101.1,tidak sehat,0,0,155.0,SIAGA TINGGI,diperkirakan besok tidak sehat; dan masih buruk lusa; asap tebal 60 km di arah angin (155)
Goa Boma,village,KALIMANTAN BARAT,0.7,109.1,81.8,tidak sehat,2026-09-12,112.5,tidak sehat,2026-09-13,101.1,tidak sehat,0,0,155.0,SIAGA TINGGI,diperkirakan besok tidak sehat; dan masih buruk lusa; asap tebal 60 km di arah angin (155)
Suak Barangan,village,KALIMANTAN BARAT,0.7,109.2,81.8,tidak sehat,2026-09-12,112.5,tidak sehat,2026-09-13,101.1,tidak sehat,0,0,155.0,SIAGA TINGGI,diperkirakan besok tidak sehat; dan masih buruk lusa; asap tebal 60 km di arah angin (155)
Babatn,village,KALIMANTAN BARAT,0.6,109.3,81.8,tidak sehat,2026-09-12,112.5,tidak sehat,2026-09-13,101.1,tidak sehat,0,0,155.0,SIAGA TINGGI,diperkirakan besok tidak sehat; dan masih buruk lusa; asap tebal 60 km di arah angin (155)
Ansolok,village,KALIMANTAN BARAT,0.7,109.3,81.8,tidak sehat,2026-09-12,112.5,tidak sehat,2026-09-13,101.1,tidak sehat,0,0,155.0,SIAGA TINGGI,diperkirakan besok tidak sehat; dan masih buruk lusa; asap tebal 60 km di arah angin (155)
Pajintan,village,KALIMANTAN BARAT,0.9,109.0,81.8,tidak sehat,2026-09-12,112.5,tidak sehat,2026-09-13,101.1,tidak sehat,0,0,155.0,SIAGA TINGGI,diperkirakan besok tidak sehat; dan masih buruk lusa; asap tebal 60 km di arah angin (155)
Bilayuk,village,KALIMANTAN BARAT,0.6,109.3,81.8,tidak sehat,2026-09-12,112.5,tidak sehat,2026-09-13,101.1,tidak sehat,0,0,155.0,SIAGA TINGGI,diperkirakan besok tidak sehat; dan masih buruk lusa; asap tebal 60 km di arah angin (155)
Beringin Baru,village,KALIMANTAN BARAT,0.8,109.1,81.8,tidak sehat,2026-09-12,112.5,tidak sehat,2026-09-13,101.1,tidak sehat,0,0,155.0,SIAGA TINGGI,diperkirakan besok tidak sehat; dan masih buruk lusa; asap tebal 60 km di arah angin (155)
Pasti Jaya,village,KALIMANTAN BARAT,0.8,109.3,81.8,tidak sehat,2026-09-12,112.5,tidak sehat,2026-09-13,101.1,tidak sehat,0,0,155.0,SIAGA TINGGI,diperkirakan besok tidak sehat; dan masih buruk lusa; asap tebal 60 km di arah angin (155)
Mekar Baru,village,KALIMANTAN BARAT,0.8,109.1,81.8,tidak sehat,2026-09-12,112.5,tidak sehat,2026-09-13,101.1,tidak sehat,0,0,155.0,SIAGA TINGGI,diperkirakan besok tidak sehat; dan masih buruk lusa; asap tebal 60 km di arah angin (155)
Caokng,village,KALIMANTAN BARAT,0.7,109.3,81.8,tidak sehat,2026-09-12,112.5,tidak sehat,2026-09-13,101.1,tidak sehat,0,0,155.0,SIAGA TINGGI,diperkirakan besok tidak sehat; dan masih buruk lusa; asap tebal 60 km di arah angin (155)
Roban,village,KALIMANTAN BARAT,0.9,109.0,81.8,tidak sehat,2026-09-12,112.5,tidak sehat,2026-09-13,101.1,tidak sehat,0,0,155.0,SIAGA TINGGI,diperkirakan besok tidak sehat; dan masih buruk lusa; asap tebal 60 km di arah angin (155)
Siaga,village,KALIMANTAN BARAT,0.7,109.2,81.8,tidak sehat,2026-09-12,112.5,tidak sehat,2026-09-13,101.1,tidak sehat,0,0,155.0,SIAGA TINGGI,diperkirakan besok tidak sehat; dan masih buruk lusa; asap tebal 60 km di arah angin (155)
Serindu,village,KALIMANTAN BARAT,0.7,109.1,81.8,tidak sehat,2026-09-12,112.5,tidak sehat,2026-09-13,101.1,tidak sehat,0,0,155.0,SIAGA TINGGI,diperkirakan besok tidak sehat; dan masih buruk lusa; asap tebal 60 km di arah angin (155)
Sungai Garam Hilir,village,KALIMANTAN BARAT,0.9,109.0,81.8,tidak sehat,2026-09-12,112.5,tidak sehat,2026-09-13,101.1,tidak sehat,0,0,155.0,SIAGA TINGGI,diperkirakan besok tidak sehat; dan masih buruk lusa; asap tebal 60 km di arah angin (155)
Amawang,village,KALIMANTAN BARAT,0.6,109.1,81.8,tidak sehat,2026-09-12,112.5,tidak sehat,2026-09-13,101.1,tidak sehat,0,0,155.0,SIAGA TINGGI,diperkirakan besok tidak sehat; dan masih buruk lusa; asap tebal 60 km di arah angin (155)
Marunsu,village,KALIMANTAN BARAT,0.8,109.2,81.8,tidak sehat,2026-09-12,112.5,tidak sehat,2026-09-13,101.1,tidak sehat,0,0,155.0,SIAGA TINGGI,diperkirakan besok tidak sehat; dan masih buruk lusa; asap tebal 60 km di arah angin (155)
Sendoreng,village,KALIMANTAN BARAT,0.8,109.1,81.8,tidak sehat,2026-09-12,112.5,tidak sehat,2026-09-13,101.1,tidak sehat,0,0,155.0,SIAGA TINGGI,diperkirakan besok tidak sehat; dan masih buruk lusa; asap tebal 60 km di arah angin (155)
Bukit Batu,village,KALIMANTAN BARAT,0.9,109.0,81.8,tidak sehat,2026-09-12,112.5,tidak sehat,2026-09-13,101.1,tidak sehat,0,0,155.0,SIAGA TINGGI,diperkirakan besok tidak sehat; dan masih buruk lusa; asap tebal 60 km di arah angin (155)
Aris,village,KALIMANTAN BARAT,0.6,109.1,81.8,tidak sehat,2026-09-12,112.5,tidak sehat,2026-09-13,101.1,tidak sehat,0,0,155.0,SIAGA TINGGI,diperkirakan besok tidak sehat; dan masih buruk lusa; asap tebal 60 km di arah angin (155)
Maya Sopa,village,KALIMANTAN BARAT,0.9,109.1,81.8,tidak sehat,2026-09-12,112.5,tidak sehat,2026-09-13,101.1,tidak sehat,0,0,155.0,SIAGA TINGGI,diperkirakan besok tidak sehat; dan masih buruk lusa; asap tebal 60 km di arah angin (155)
Capkala,village,KALIMANTAN BARAT,0.7,109.0,81.8,tidak sehat,2026-09-12,112.5,tidak sehat,2026-09-13,101.1,tidak sehat,0,0,155.0,SIAGA TINGGI,diperkirakan besok tidak sehat; dan masih buruk lusa; asap tebal 60 km di arah angin (155)
Sagatani,village,KALIMANTAN BARAT,0.8,109.0,81.8,tidak sehat,2026-09-12,112.5,tidak sehat,2026-09-13,101.1,tidak sehat,0,0,155.0,SIAGA TINGGI,diperkirakan besok tidak sehat; dan masih buruk lusa; asap tebal 60 km di arah angin (155)
Gerantung,village,KALIMANTAN BARAT,0.9,109.1,81.8,tidak sehat,2026-09-12,112.5,tidak sehat,2026-09-13,101.1,tidak sehat,0,0,155.0,SIAGA TINGGI,diperkirakan besok tidak sehat; dan masih buruk lusa; asap tebal 60 km di arah angin (155)
Naram,village,KALIMANTAN BARAT,0.9,109.0,81.8,tidak sehat,2026-09-12,112.5,tidak sehat,2026-09-13,101.1,tidak sehat,0,0,155.0,SIAGA TINGGI,diperkirakan besok tidak sehat; dan masih buruk lusa; asap tebal 60 km di arah angin (155)
Nek Ginap,village,KALIMANTAN BARAT,0.7,109.2,81.8,tidak sehat,2026-09-12,112.5,tidak sehat,2026-09-13,101.1,tidak sehat,0,0,155.0,SIAGA TINGGI,diperkirakan besok tidak sehat; dan masih buruk lusa; asap tebal 60 km di arah angin (155)
Sabaka,village,KALIMANTAN BARAT,0.7,109.3,81.8,tidak sehat,2026-09-12,112.5,tidak sehat,2026-09-13,101.1,tidak sehat,0,0,155.0,SIAGA TINGGI,diperkirakan besok tidak sehat; dan masih buruk lusa; asap tebal 60 km di arah angin (155)
Pahokng,village,KALIMANTAN BARAT,0.6,109.3,81.8,tidak sehat,2026-09-12,112.5,tidak sehat,2026-09-13,101.1,tidak sehat,0,0,155.0,SIAGA TINGGI,diperkirakan besok tidak sehat; dan masih buruk lusa; asap tebal 60 km di arah angin (155)
Gutok,hamlet,KALIMANTAN BARAT,0.6,109.3,81.8,tidak sehat,2026-09-12,112.5,tidak sehat,2026-09-13,101.1,tidak sehat,0,0,155.0,SIAGA TINGGI,diperkirakan besok tidak sehat; dan masih buruk lusa; asap tebal 60 km di arah angin (155)
Tikalong,hamlet,KALIMANTAN BARAT,0.6,109.2,81.8,tidak sehat,2026-09-12,112.5,tidak sehat,2026-09-13,101.1,tidak sehat,0,0,155.0,SIAGA TINGGI,diperkirakan besok tidak sehat; dan masih buruk lusa; asap tebal 60 km di arah angin (155)
Bawat,hamlet,KALIMANTAN BARAT,0.6,109.3,81.8,tidak sehat,2026-09-12,112.5,tidak sehat,2026-09-13,101.1,tidak sehat,0,0,155.0,SIAGA TINGGI,diperkirakan besok tidak sehat; dan masih buruk lusa; asap tebal 60 km di arah angin (155)
Keranji,hamlet,KALIMANTAN BARAT,0.7,109.3,81.8,tidak sehat,2026-09-12,112.5,tidak sehat,2026-09-13,101.1,tidak sehat,0,0,155.0,SIAGA TINGGI,diperkirakan besok tidak sehat; dan masih buruk lusa; asap tebal 60 km di arah angin (155)
Pelanjau,hamlet,KALIMANTAN BARAT,0.7,109.3,81.8,tidak sehat,2026-09-12,112.5,tidak sehat,2026-09-13,101.1,tidak sehat,0,0,155.0,SIAGA TINGGI,diperkirakan besok tidak sehat; dan masih buruk lusa; asap tebal 60 km di arah angin (155)
Cumbu,hamlet,KALIMANTAN BARAT,0.9,109.3,81.8,tidak sehat,2026-09-12,112.5,tidak sehat,2026-09-13,101.1,tidak sehat,0,0,155.0,SIAGA TINGGI,diperkirakan besok tidak sehat; dan masih buruk lusa; asap tebal 60 km di arah angin (155)
Janyat,village,KALIMANTAN BARAT,0.9,109.3,81.8,tidak sehat,2026-09-12,112.5,tidak sehat,2026-09-13,101.1,tidak sehat,0,0,155.0,SIAGA TINGGI,diperkirakan besok tidak sehat; dan masih buruk lusa; asap tebal 60 km di arah angin (155)
Papan Tembawang,village,KALIMANTAN BARAT,0.9,109.3,81.8,tidak sehat,2026-09-12,112.5,tidak sehat,2026-09-13,101.1,tidak sehat,0,0,155.0,SIAGA TINGGI,diperkirakan besok tidak sehat; dan masih buruk lusa; asap tebal 60 km di arah angin (155)
Saka Taru,village,KALIMANTAN BARAT,0.9,109.3,81.8,tidak sehat,2026-09-12,112.5,tidak sehat,2026-09-13,101.1,tidak sehat,0,0,155.0,SIAGA TINGGI,diperkirakan besok tidak sehat; dan masih buruk lusa; asap tebal 60 km di arah angin (155)
Lembah Bawang,village,KALIMANTAN BARAT,1.0,109.3,81.8,tidak sehat,2026-09-12,112.5,tidak sehat,2026-09-13,101.1,tidak sehat,0,0,155.0,SIAGA TINGGI,diperkirakan besok tidak sehat; dan masih buruk lusa; asap tebal 60 km di arah angin (155)
Tempapan,village,KALIMANTAN BARAT,0.9,109.3,81.8,tidak sehat,2026-09-12,112.5,tidak sehat,2026-09-13,101.1,tidak sehat,0,0,155.0,SIAGA TINGGI,diperkirakan besok tidak sehat; dan masih buruk lusa; asap tebal 60 km di arah angin (155)
Papan Uduk,village,KALIMANTAN BARAT,0.9,109.3,81.8,tidak sehat,2026-09-12,112.5,tidak sehat,2026-09-13,101.1,tidak sehat,0,0,155.0,SIAGA TINGGI,diperkirakan besok tidak sehat; dan masih buruk lusa; asap tebal 60 km di arah angin (155)
Kinande,village,KALIMANTAN BARAT,0.9,109.2,81.8,tidak sehat,2026-09-12,112.5,tidak sehat,2026-09-13,101.1,tidak sehat,0,0,155.0,SIAGA TINGGI,diperkirakan besok tidak sehat; dan masih buruk lusa; asap tebal 60 km di arah angin (155)
Godang Damar,village,KALIMANTAN BARAT,0.9,109.2,81.8,tidak sehat,2026-09-12,112.5,tidak sehat,2026-09-13,101.1,tidak sehat,0,0,155.0,SIAGA TINGGI,diperkirakan besok tidak sehat; dan masih buruk lusa; asap tebal 60 km di arah angin (155)
Separong,hamlet,KALIMANTAN BARAT,0.8,109.2,81.8,tidak sehat,2026-09-12,112.5,tidak sehat,2026-09-13,101.1,tidak sehat,0,0,155.0,SIAGA TINGGI,diperkirakan besok tidak sehat; dan masih buruk lusa; asap tebal 60 km di arah angin (155)
Saperak,hamlet,KALIMANTAN BARAT,0.7,109.2,81.8,tidak sehat,2026-09-12,112.5,tidak sehat,2026-09-13,101.1,tidak sehat,0,0,155.0,SIAGA TINGGI,diperkirakan besok tidak sehat; dan masih buruk lusa; asap tebal 60 km di arah angin (155)
Kelawit,hamlet,KALIMANTAN BARAT,0.7,109.2,81.8,tidak sehat,2026-09-12,112.5,tidak sehat,2026-09-13,101.1,tidak sehat,0,0,155.0,SIAGA TINGGI,diperkirakan besok tidak sehat; dan masih buruk lusa; asap tebal 60 km di arah angin (155)
Malaba'e,hamlet,KALIMANTAN BARAT,0.8,109.2,81.8,tidak sehat,2026-09-12,112.5,tidak sehat,2026-09-13,101.1,tidak sehat,0,0,155.0,SIAGA TINGGI,diperkirakan besok tidak sehat; dan masih buruk lusa; asap tebal 60 km di arah angin (155)
Saba'u,village,KALIMANTAN BARAT,0.8,109.2,81.8,tidak sehat,2026-09-12,112.5,tidak sehat,2026-09-13,101.1,tidak sehat,0,0,155.0,SIAGA TINGGI,diperkirakan besok tidak sehat; dan masih buruk lusa; asap tebal 60 km di arah angin (155)
Marunsu,village,KALIMANTAN BARAT,0.8,109.2,81.8,tidak sehat,2026-09-12,112.5,tidak sehat,2026-09-13,101.1,tidak sehat,0,0,155.0,SIAGA TINGGI,diperkirakan besok tidak sehat; dan masih buruk lusa; asap tebal 60 km di arah angin (155)
Bukit Serayan,village,KALIMANTAN BARAT,0.8,109.2,81.8,tidak sehat,2026-09-12,112.5,tidak sehat,2026-09-13,101.1,tidak sehat,0,0,155.0,SIAGA TINGGI,diperkirakan besok tidak sehat; dan masih buruk lusa; asap tebal 60 km di arah angin (155)
Samalantan,village,KALIMANTAN BARAT,0.8,109.2,81.8,tidak sehat,2026-09-12,112.5,tidak sehat,2026-09-13,101.1,tidak sehat,0,0,155.0,SIAGA TINGGI,diperkirakan besok tidak sehat; dan masih buruk lusa; asap tebal 60 km di arah angin (155)
Babane,village,KALIMANTAN BARAT,0.8,109.3,81.8,tidak sehat,2026-09-12,112.5,tidak sehat,2026-09-13,101.1,tidak sehat,0,0,155.0,SIAGA TINGGI,diperkirakan besok tidak sehat; dan masih buruk lusa; asap tebal 60 km di arah angin (155)
Medang,hamlet,KALIMANTAN BARAT,0.7,109.0,81.8,tidak sehat,2026-09-12,112.5,tidak sehat,2026-09-13,101.1,tidak sehat,0,0,155.0,SIAGA TINGGI,diperkirakan besok tidak sehat; dan masih buruk lusa; asap tebal 60 km di arah angin (155)
Parit Mas,hamlet,KALIMANTAN BARAT,0.7,109.1,81.8,tidak sehat,2026-09-12,112.5,tidak sehat,2026-09-13,101.1,tidak sehat,0,0,155.0,SIAGA TINGGI,diperkirakan besok tidak sehat; dan masih buruk lusa; asap tebal 60 km di arah angin (155)
SP1 Capkala,hamlet,KALIMANTAN BARAT,0.7,109.1,81.8,tidak sehat,2026-09-12,112.5,tidak sehat,2026-09-13,101.1,tidak sehat,0,0,155.0,SIAGA TINGGI,diperkirakan besok tidak sehat; dan masih buruk lusa; asap tebal 60 km di arah angin (155)
Setanduk,village,KALIMANTAN BARAT,0.6,109.0,81.8,tidak sehat,2026-09-12,112.5,tidak sehat,2026-09-13,101.1,tidak sehat,0,0,155.0,SIAGA TINGGI,diperkirakan besok tidak sehat; dan masih buruk lusa; asap tebal 60 km di arah angin (155)
Rantau Sebaju,hamlet,KALIMANTAN BARAT,0.8,109.1,81.8,tidak sehat,2026-09-12,112.5,tidak sehat,2026-09-13,101.1,tidak sehat,0,0,155.0,SIAGA TINGGI,diperkirakan besok tidak sehat; dan masih buruk lusa; asap tebal 60 km di arah angin (155)
Serukam,hamlet,KALIMANTAN BARAT,0.8,109.3,81.8,tidak sehat,2026-09-12,112.5,tidak sehat,2026-09-13,101.1,tidak sehat,0,0,155.0,SIAGA TINGGI,diperkirakan besok tidak sehat; dan masih buruk lusa; asap tebal 60 km di arah angin (155)
Tumbang Malahoi,village,KALIMANTAN TENGAH,-1.2,113.5,78.2,tidak sehat,2026-09-12,152.3,sangat tidak sehat,2026-09-13,146.9,tidak sehat,0,0,67.5,SIAGA TINGGI,diperkirakan besok sangat tidak sehat; dan masih buruk lusa
Tumbang Sepan,village,KALIMANTAN TENGAH,-1.4,113.4,78.2,tidak sehat,2026-09-12,152.3,sangat tidak sehat,2026-09-13,146.9,tidak sehat,0,0,141.3,SIAGA TINGGI,diperkirakan besok sangat tidak sehat; dan masih buruk lusa
Tumbang Kuayan,village,KALIMANTAN TENGAH,-1.2,113.5,78.2,tidak sehat,2026-09-12,152.3,sangat tidak sehat,2026-09-13,146.9,tidak sehat,0,0,67.5,SIAGA TINGGI,diperkirakan besok sangat tidak sehat; dan masih buruk lusa
Tumbang Kajuei,village,KALIMANTAN TENGAH,-1.4,113.6,78.2,tidak sehat,2026-09-12,152.3,sangat tidak sehat,2026-09-13,146.9,tidak sehat,0,0,67.5,SIAGA TINGGI,diperkirakan besok sangat tidak sehat; dan masih buruk lusa
Batu Puter,village,KALIMANTAN TENGAH,-1.1,113.5,78.2,tidak sehat,2026-09-12,152.3,sangat tidak sehat,2026-09-13,146.9,tidak sehat,0,0,67.5,SIAGA TINGGI,diperkirakan besok sangat tidak sehat; dan masih buruk lusa
Batu Nyiwuh,village,KALIMANTAN TENGAH,-1.0,113.7,78.2,tidak sehat,2026-09-12,152.3,sangat tidak sehat,2026-09-13,146.9,tidak sehat,0,0,63.5,SIAGA TINGGI,diperkirakan besok sangat tidak sehat; dan masih buruk lusa
Hujung Pata,village,KALIMANTAN TENGAH,-1.3,113.5,78.2,tidak sehat,2026-09-12,152.3,sangat tidak sehat,2026-09-13,146.9,tidak sehat,0,0,67.5,SIAGA TINGGI,diperkirakan besok sangat tidak sehat; dan masih buruk lusa
Linau,village,KALIMANTAN TENGAH,-1.3,113.6,78.2,tidak sehat,2026-09-12,152.3,sangat tidak sehat,2026-09-13,146.9,tidak sehat,0,0,67.5,SIAGA TINGGI,diperkirakan besok sangat tidak sehat; dan masih buruk lusa
Penda Pilang,village,KALIMANTAN TENGAH,-1.1,113.8,78.2,tidak sehat,2026-09-12,152.3,sangat tidak sehat,2026-09-13,146.9,tidak sehat,0,0,141.3,SIAGA TINGGI,diperkirakan besok sangat tidak sehat; dan masih buruk lusa
Sei Antai,village,KALIMANTAN TENGAH,-1.1,113.5,78.2,tidak sehat,2026-09-12,152.3,sangat tidak sehat,2026-09-13,146.9,tidak sehat,0,0,67.5,SIAGA TINGGI,diperkirakan besok sangat tidak sehat; dan masih buruk lusa
Tumbang Pajangei,village,KALIMANTAN TENGAH,-1.1,113.8,78.2,tidak sehat,2026-09-12,152.3,sangat tidak sehat,2026-09-13,146.9,tidak sehat,0,0,141.3,SIAGA TINGGI,diperkirakan besok sangat tidak sehat; dan masih buruk lusa
Talangkah,village,KALIMANTAN TENGAH,-1.4,113.6,78.2,tidak sehat,2026-09-12,152.3,sangat tidak sehat,2026-09-13,146.9,tidak sehat,0,0,141.3,SIAGA TINGGI,diperkirakan besok sangat tidak sehat; dan masih buruk lusa
Kasintu,village,KALIMANTAN TENGAH,-1.0,113.7,78.2,tidak sehat,2026-09-12,152.3,sangat tidak sehat,2026-09-13,146.9,tidak sehat,0,0,78.2,SIAGA TINGGI,diperkirakan besok sangat tidak sehat; dan masih buruk lusa
Luwuk Kantor,village,KALIMANTAN TENGAH,-1.3,113.6,78.2,tidak sehat,2026-09-12,152.3,sangat tidak sehat,2026-09-13,146.9,tidak sehat,0,0,67.5,SIAGA TINGGI,diperkirakan besok sangat tidak sehat; dan masih buruk lusa
Jalemu Masulan,village,KALIMANTAN TENGAH,-1.3,113.5,78.2,tidak sehat,2026-09-12,152.3,sangat tidak sehat,2026-09-13,146.9,tidak sehat,0,0,67.5,SIAGA TINGGI,diperkirakan besok sangat tidak sehat; dan masih buruk lusa
Rangan Mihing,village,KALIMANTAN TENGAH,-1.0,113.6,78.2,tidak sehat,2026-09-12,152.3,sangat tidak sehat,2026-09-13,146.9,tidak sehat,0,0,63.5,SIAGA TINGGI,diperkirakan besok sangat tidak sehat; dan masih buruk lusa
Tumbang Talaken,village,KALIMANTAN TENGAH,-1.4,113.4,78.2,tidak sehat,2026-09-12,152.3,sangat tidak sehat,2026-09-13,146.9,tidak sehat,0,0,67.5,SIAGA TINGGI,diperkirakan besok sangat tidak sehat; dan masih buruk lusa
Jangkit,village,KALIMANTAN TENGAH,-1.2,113.6,78.2,tidak sehat,2026-09-12,152.3,sangat tidak sehat,2026-09-13,146.9,tidak sehat,0,0,67.5,SIAGA TINGGI,diperkirakan besok sangat tidak sehat; dan masih buruk lusa
Tumbang Tambirah,village,KALIMANTAN TENGAH,-1.1,113.8,78.2,tidak sehat,2026-09-12,152.3,sangat tidak sehat,2026-09-13,146.9,tidak sehat,0,0,141.3,SIAGA TINGGI,diperkirakan besok sangat tidak sehat; dan masih buruk lusa
Tumbang Rahuyan,village,KALIMANTAN TENGAH,-1.1,113.6,78.2,tidak sehat,2026-09-12,152.3,sangat tidak sehat,2026-09-13,146.9,tidak sehat,0,0,67.5,SIAGA TINGGI,diperkirakan besok sangat tidak sehat; dan masih buruk lusa
Belawan Mulia,village,KALIMANTAN TENGAH,-1.4,113.4,78.2,tidak sehat,2026-09-12,152.3,sangat tidak sehat,2026-09-13,146.9,tidak sehat,0,0,141.3,SIAGA TINGGI,diperkirakan besok sangat tidak sehat; dan masih buruk lusa
Tumbang Jutuh,village,KALIMANTAN TENGAH,-1.3,113.6,78.2,tidak sehat,2026-09-12,152.3,sangat tidak sehat,2026-09-13,146.9,tidak sehat,0,0,67.5,SIAGA TINGGI,diperkirakan besok sangat tidak sehat; dan masih buruk lusa
Tumbang Baringei,village,KALIMANTAN TENGAH,-1.2,113.6,78.2,tidak sehat,2026-09-12,152.3,sangat tidak sehat,2026-09-13,146.9,tidak sehat,0,0,67.5,SIAGA TINGGI,diperkirakan besok sangat tidak sehat; dan masih buruk lusa
Rabambang,village,KALIMANTAN TENGAH,-1.2,113.5,78.2,tidak sehat,2026-09-12,152.3,sangat tidak sehat,2026-09-13,146.9,tidak sehat,0,0,67.5,SIAGA TINGGI,diperkirakan besok sangat tidak sehat; dan masih buruk lusa
Sumur Mas,village,KALIMANTAN TENGAH,-1.1,113.6,78.2,tidak sehat,2026-09-12,152.3,sangat tidak sehat,2026-09-13,146.9,tidak sehat,0,0,67.5,SIAGA TINGGI,diperkirakan besok sangat tidak sehat; dan masih buruk lusa
Luwuk Langkuas,village,KALIMANTAN TENGAH,-1.4,113.6,78.2,tidak sehat,2026-09-12,152.3,sangat tidak sehat,2026-09-13,146.9,tidak sehat,0,0,141.3,SIAGA TINGGI,diperkirakan besok sangat tidak sehat; dan masih buruk lusa
Upon Batu,village,KALIMANTAN TENGAH,-1.0,113.7,78.2,tidak sehat,2026-09-12,152.3,sangat tidak sehat,2026-09-13,146.9,tidak sehat,0,0,63.5,SIAGA TINGGI,diperkirakan besok sangat tidak sehat; dan masih buruk lusa
Tumbang Bunut,village,KALIMANTAN TENGAH,-1.3,113.6,78.2,tidak sehat,2026-09-12,152.3,sangat tidak sehat,2026-09-13,146.9,tidak sehat,0,0,67.5,SIAGA TINGGI,diperkirakan besok sangat tidak sehat; dan masih buruk lusa
Tanjung Untung,village,KALIMANTAN TENGAH,-1.0,113.6,78.2,tidak sehat,2026-09-12,152.3,sangat tidak sehat,2026-09-13,146.9,tidak sehat,0,0,63.5,SIAGA TINGGI,diperkirakan besok sangat tidak sehat; dan masih buruk lusa
Tangki Dahuyan,village,KALIMANTAN TENGAH,-1.3,113.4,78.2,tidak sehat,2026-09-12,152.3,sangat tidak sehat,2026-09-13,146.9,tidak sehat,0,0,67.5,SIAGA TINGGI,diperkirakan besok sangat tidak sehat; dan masih buruk lusa
Tumbang Manyangan,village,KALIMANTAN TENGAH,-1.1,113.8,78.2,tidak sehat,2026-09-12,152.3,sangat tidak sehat,2026-09-13,146.9,tidak sehat,0,0,141.3,SIAGA TINGGI,diperkirakan besok sangat tidak sehat; dan masih buruk lusa
Bereng Balawan,village,KALIMANTAN TENGAH,-1.4,113.5,78.2,tidak sehat,2026-09-12,152.3,sangat tidak sehat,2026-09-13,146.9,tidak sehat,0,0,141.3,SIAGA TINGGI,diperkirakan besok sangat tidak sehat; dan masih buruk lusa
Tewah,village,KALIMANTAN TENGAH,-1.0,113.7,78.2,tidak sehat,2026-09-12,152.3,sangat tidak sehat,2026-09-13,146.9,tidak sehat,0,0,141.3,SIAGA TINGGI,diperkirakan besok sangat tidak sehat; dan masih buruk lusa
Tumbang Mujai,village,KALIMANTAN TENGAH,-1.1,113.6,78.2,tidak sehat,2026-09-12,152.3,sangat tidak sehat,2026-09-13,146.9,tidak sehat,0,0,67.5,SIAGA TINGGI,diperkirakan besok sangat tidak sehat; dan masih buruk lusa
Tumbang Bahanei,village,KALIMANTAN TENGAH,-1.1,113.5,78.2,tidak sehat,2026-09-12,152.3,sangat tidak sehat,2026-09-13,146.9,tidak sehat,0,0,67.5,SIAGA TINGGI,diperkirakan besok sangat tidak sehat; dan masih buruk lusa
Tumbang Tuwe,village,KALIMANTAN TENGAH,-1.0,113.5,78.2,tidak sehat,2026-09-12,152.3,sangat tidak sehat,2026-09-13,146.9,tidak sehat,0,0,63.5,SIAGA TINGGI,diperkirakan besok sangat tidak sehat; dan masih buruk lusa
Tumbang Jalemu Kajuei,village,KALIMANTAN TENGAH,-1.3,113.4,78.2,tidak sehat,2026-09-12,152.3,sangat tidak sehat,2026-09-13,146.9,tidak sehat,0,0,67.5,SIAGA TINGGI,diperkirakan besok sangat tidak sehat; dan masih buruk lusa
Tumbang Langgah,village,KALIMANTAN TENGAH,-1.1,113.5,78.2,tidak sehat,2026-09-12,152.3,sangat tidak sehat,2026-09-13,146.9,tidak sehat,0,0,67.5,SIAGA TINGGI,diperkirakan besok sangat tidak sehat; dan masih buruk lusa
Tusang Raya,village,KALIMANTAN TENGAH,-1.1,113.4,78.2,tidak sehat,2026-09-12,152.3,sangat tidak sehat,2026-09-13,146.9,tidak sehat,0,0,67.5,SIAGA TINGGI,diperkirakan besok sangat tidak sehat; dan masih buruk lusa
Jalemu Raya,village,KALIMANTAN TENGAH,-1.3,113.4,78.2,tidak sehat,2026-09-12,152.3,sangat tidak sehat,2026-09-13,146.9,tidak sehat,0,0,67.5,SIAGA TINGGI,diperkirakan besok sangat tidak sehat; dan masih buruk lusa
Karya Bhakti,village,KALIMANTAN TENGAH,-1.3,113.6,78.2,tidak sehat,2026-09-12,152.3,sangat tidak sehat,2026-09-13,146.9,tidak sehat,0,0,67.5,SIAGA TINGGI,diperkirakan besok sangat tidak sehat; dan masih buruk lusa
Jakatan Raya,village,KALIMANTAN TENGAH,-1.3,113.6,78.2,tidak sehat,2026-09-12,152.3,sangat tidak sehat,2026-09-13,146.9,tidak sehat,0,0,67.5,SIAGA TINGGI,diperkirakan besok sangat tidak sehat; dan masih buruk lusa
Sangal,village,KALIMANTAN TENGAH,-1.1,113.5,78.2,tidak sehat,2026-09-12,152.3,sangat tidak sehat,2026-09-13,146.9,tidak sehat,0,0,67.5,SIAGA TINGGI,diperkirakan besok sangat tidak sehat; dan masih buruk lusa
Tumbang Lapan,village,KALIMANTAN TENGAH,-1.2,113.6,78.2,tidak sehat,2026-09-12,152.3,sangat tidak sehat,2026-09-13,146.9,tidak sehat,0,0,67.5,SIAGA TINGGI,diperkirakan besok sangat tidak sehat; dan masih buruk lusa
Hantapang,village,KALIMANTAN TENGAH,-1.1,113.6,78.2,tidak sehat,2026-09-12,152.3,sangat tidak sehat,2026-09-13,146.9,tidak sehat,0,0,67.5,SIAGA TINGGI,diperkirakan besok sangat tidak sehat; dan masih buruk lusa
Taja Urap,village,KALIMANTAN TENGAH,-1.0,113.6,78.2,tidak sehat,2026-09-12,152.3,sangat tidak sehat,2026-09-13,146.9,tidak sehat,0,0,63.5,SIAGA TINGGI,diperkirakan besok sangat tidak sehat; dan masih buruk lusa
Tumbang Habaon,village,KALIMANTAN TENGAH,-1.0,113.6,78.2,tidak sehat,2026-09-12,152.3,sangat tidak sehat,2026-09-13,146.9,tidak sehat,0,0,63.5,SIAGA TINGGI,diperkirakan besok sangat tidak sehat; dan masih buruk lusa
Teluk Lawah,village,KALIMANTAN TENGAH,-1.0,113.7,78.2,tidak sehat,2026-09-12,152.3,sangat tidak sehat,2026-09-13,146.9,tidak sehat,0,0,78.2,SIAGA TINGGI,diperkirakan besok sangat tidak sehat; dan masih buruk lusa
Batu Nyapau,village,KALIMANTAN TENGAH,-1.1,113.7,78.2,tidak sehat,2026-09-12,152.3,sangat tidak sehat,2026-09-13,146.9,tidak sehat,0,0,141.3,SIAGA TINGGI,diperkirakan besok sangat tidak sehat; dan masih buruk lusa
Sare Rangan,village,KALIMANTAN TENGAH,-1.1,113.8,78.2,tidak sehat,2026-09-12,152.3,sangat tidak sehat,2026-09-13,146.9,tidak sehat,0,0,141.3,SIAGA TINGGI,diperkirakan besok sangat tidak sehat; dan masih buruk lusa
Mangkawuk,village,KALIMANTAN TENGAH,-1.2,113.4,78.2,tidak sehat,2026-09-12,152.3,sangat tidak sehat,2026-09-13,146.9,tidak sehat,0,0,67.5,SIAGA TINGGI,diperkirakan besok sangat tidak sehat; dan masih buruk lusa
Tajah Antang Raya,village,KALIMANTAN TENGAH,-1.3,113.5,78.2,tidak sehat,2026-09-12,152.3,sangat tidak sehat,2026-09-13,146.9,tidak sehat,0,0,67.5,SIAGA TINGGI,diperkirakan besok sangat tidak sehat; dan masih buruk lusa
Tewang Manyangen,village,KALIMANTAN TENGAH,-1.7,113.3,67.5,tidak sehat,2026-09-12,128.3,tidak sehat,2026-09-13,119.0,tidak sehat,0,0,334.7,SIAGA TINGGI,diperkirakan besok tidak sehat; dan masih buruk lusa; asap tebal 60 km di arah angin (335)
Buntut Bali,village,KALIMANTAN TENGAH,-1.7,113.3,67.5,tidak sehat,2026-09-12,128.3,tidak sehat,2026-09-13,119.0,tidak sehat,0,0,334.7,SIAGA TINGGI,diperkirakan besok tidak sehat; dan masih buruk lusa; asap tebal 60 km di arah angin (335)
Tewang Rangas,village,KALIMANTAN TENGAH,-1.8,113.3,67.5,tidak sehat,2026-09-12,128.3,tidak sehat,2026-09-13,119.0,tidak sehat,0,0,334.7,SIAGA TINGGI,diperkirakan besok tidak sehat; dan masih buruk lusa; asap tebal 60 km di arah angin (335)
Manduing Lama,village,KALIMANTAN TENGAH,-1.7,113.3,67.5,tidak sehat,2026-09-12,128.3,tidak sehat,2026-09-13,119.0,tidak sehat,0,0,334.7,SIAGA TINGGI,diperkirakan besok tidak sehat; dan masih buruk lusa; asap tebal 60 km di arah angin (335)
Tumbang Lahang,village,KALIMANTAN TENGAH,-1.5,113.1,67.5,tidak sehat,2026-09-12,128.3,tidak sehat,2026-09-13,119.0,tidak sehat,0,0,334.7,SIAGA TINGGI,diperkirakan besok tidak sehat; dan masih buruk lusa; asap tebal 60 km di arah angin (335)
Karya Unggang,village,KALIMANTAN TENGAH,-1.7,113.1,67.5,tidak sehat,2026-09-12,128.3,tidak sehat,2026-09-13,119.0,tidak sehat,0,0,334.7,SIAGA TINGGI,diperkirakan besok tidak sehat; dan masih buruk lusa; asap tebal 60 km di arah angin (335)
Banut Kalanaman,village,KALIMANTAN TENGAH,-1.9,113.3,67.5,tidak sehat,2026-09-12,128.3,tidak sehat,2026-09-13,119.0,tidak sehat,0,0,334.7,SIAGA TINGGI,diperkirakan besok tidak sehat; dan masih buruk lusa; asap tebal 60 km di arah angin (335)
Dahian Tunggal,village,KALIMANTAN TENGAH,-1.6,113.2,67.5,tidak sehat,2026-09-12,128.3,tidak sehat,2026-09-13,119.0,tidak sehat,0,0,334.7,SIAGA TINGGI,diperkirakan besok tidak sehat; dan masih buruk lusa; asap tebal 60 km di arah angin (335)
Tewang Baringin,village,KALIMANTAN TENGAH,-1.8,113.3,67.5,tidak sehat,2026-09-12,128.3,tidak sehat,2026-09-13,119.0,tidak sehat,0,0,334.7,SIAGA TINGGI,diperkirakan besok tidak sehat; dan masih buruk lusa; asap tebal 60 km di arah angin (335)
Tumbang Tungku,village,KALIMANTAN TENGAH,-1.6,113.2,67.5,tidak sehat,2026-09-12,128.3,tidak sehat,2026-09-13,119.0,tidak sehat,0,0,334.7,SIAGA TINGGI,diperkirakan besok tidak sehat; dan masih buruk lusa; asap tebal 60 km di arah angin (335)
Bangkuang,village,KALIMANTAN TENGAH,-1.8,113.3,67.5,tidak sehat,2026-09-12,128.3,tidak sehat,2026-09-13,119.0,tidak sehat,0,0,334.7,SIAGA TINGGI,diperkirakan besok tidak sehat; dan masih buruk lusa; asap tebal 60 km di arah angin (335)
Tewang Papari,village,KALIMANTAN TENGAH,-1.7,113.3,67.5,tidak sehat,2026-09-12,128.3,tidak sehat,2026-09-13,119.0,tidak sehat,0,0,334.7,SIAGA TINGGI,diperkirakan besok tidak sehat; dan masih buruk lusa; asap tebal 60 km di arah angin (335)
Tura,village,KALIMANTAN TENGAH,-1.5,113.2,67.5,tidak sehat,2026-09-12,128.3,tidak sehat,2026-09-13,119.0,tidak sehat,0,0,334.7,SIAGA TINGGI,diperkirakan besok tidak sehat; dan masih buruk lusa; asap tebal 60 km di arah angin (335)
Kuluk Bali,village,KALIMANTAN TENGAH,-1.7,113.2,67.5,tidak sehat,2026-09-12,128.3,tidak sehat,2026-09-13,119.0,tidak sehat,0,0,334.7,SIAGA TINGGI,diperkirakan besok tidak sehat; dan masih buruk lusa; asap tebal 60 km di arah angin (335)
Tumbang Banjang,village,KALIMANTAN TENGAH,-1.7,113.3,67.5,tidak sehat,2026-09-12,128.3,tidak sehat,2026-09-13,119.0,tidak sehat,0,0,334.7,SIAGA TINGGI,diperkirakan besok tidak sehat; dan masih buruk lusa; asap tebal 60 km di arah angin (335)
Tumbang Tarusan,village,KALIMANTAN TENGAH,-1.7,113.3,67.5,tidak sehat,2026-09-12,128.3,tidak sehat,2026-09-13,119.0,tidak sehat,0,0,334.7,SIAGA TINGGI,diperkirakan besok tidak sehat; dan masih buruk lusa; asap tebal 60 km di arah angin (335)
Tewang Karangan,village,KALIMANTAN TENGAH,-1.6,113.2,67.5,tidak sehat,2026-09-12,128.3,tidak sehat,2026-09-13,119.0,tidak sehat,0,0,334.7,SIAGA TINGGI,diperkirakan besok tidak sehat; dan masih buruk lusa; asap tebal 60 km di arah angin (335)
Tewang Panjang,village,KALIMANTAN TENGAH,-1.5,113.1,67.5,tidak sehat,2026-09-12,128.3,tidak sehat,2026-09-13,119.0,tidak sehat,0,0,334.7,SIAGA TINGGI,diperkirakan besok tidak sehat; dan masih buruk lusa; asap tebal 60 km di arah angin (335)
Tewang Rangkang,village,KALIMANTAN TENGAH,-1.7,113.3,67.5,tidak sehat,2026-09-12,128.3,tidak sehat,2026-09-13,119.0,tidak sehat,0,0,334.7,SIAGA TINGGI,diperkirakan besok tidak sehat; dan masih buruk lusa; asap tebal 60 km di arah angin (335)
Talangkah,village,KALIMANTAN TENGAH,-1.9,113.3,67.5,tidak sehat,2026-09-12,128.3,tidak sehat,2026-09-13,119.0,tidak sehat,0,0,334.7,SIAGA TINGGI,diperkirakan besok tidak sehat; dan masih buruk lusa; asap tebal 60 km di arah angin (335)
Tewang Darayu,village,KALIMANTAN TENGAH,-1.7,113.3,67.5,tidak sehat,2026-09-12,128.3,tidak sehat,2026-09-13,119.0,tidak sehat,0,0,334.7,SIAGA TINGGI,diperkirakan besok tidak sehat; dan masih buruk lusa; asap tebal 60 km di arah angin (335)
Hapalam,village,KALIMANTAN TENGAH,-1.8,113.3,67.5,tidak sehat,2026-09-12,128.3,tidak sehat,2026-09-13,119.0,tidak sehat,0,0,334.7,SIAGA TINGGI,diperkirakan besok tidak sehat; dan masih buruk lusa; asap tebal 60 km di arah angin (335)
Geragu,village,KALIMANTAN TENGAH,-1.6,113.2,67.5,tidak sehat,2026-09-12,128.3,tidak sehat,2026-09-13,119.0,tidak sehat,0,0,334.7,SIAGA TINGGI,diperkirakan besok tidak sehat; dan masih buruk lusa; asap tebal 60 km di arah angin (335)
Tarusan Danum,village,KALIMANTAN TENGAH,-1.8,113.3,67.5,tidak sehat,2026-09-12,128.3,tidak sehat,2026-09-13,119.0,tidak sehat,0,0,334.7,SIAGA TINGGI,diperkirakan besok tidak sehat; dan masih buruk lusa; asap tebal 60 km di arah angin (335)
Manduing Taheta,village,KALIMANTAN TENGAH,-1.7,113.3,67.5,tidak sehat,2026-09-12,128.3,tidak sehat,2026-09-13,119.0,tidak sehat,0,0,334.7,SIAGA TINGGI,diperkirakan besok tidak sehat; dan masih buruk lusa; asap tebal 60 km di arah angin (335)
Tumbang Lawang,village,KALIMANTAN TENGAH,-1.6,113.2,67.5,tidak sehat,2026-09-12,128.3,tidak sehat,2026-09-13,119.0,tidak sehat,0,0,334.7,SIAGA TINGGI,diperkirakan besok tidak sehat; dan masih buruk lusa; asap tebal 60 km di arah angin (335)
Hampalit,village,KALIMANTAN TENGAH,-1.9,113.3,67.5,tidak sehat,2026-09-12,128.3,tidak sehat,2026-09-13,119.0,tidak sehat,0,0,334.7,SIAGA TINGGI,diperkirakan besok tidak sehat; dan masih buruk lusa; asap tebal 60 km di arah angin (335)
Tumbang Tungku,village,KALIMANTAN TENGAH,-1.6,113.2,67.5,tidak sehat,2026-09-12,128.3,tidak sehat,2026-09-13,119.0,tidak sehat,0,0,334.7,SIAGA TINGGI,diperkirakan besok tidak sehat; dan masih buruk lusa; asap tebal 60 km di arah angin (335)
UPT Buntut Bali,hamlet,KALIMANTAN TENGAH,-1.7,113.3,67.5,tidak sehat,2026-09-12,128.3,tidak sehat,2026-09-13,119.0,tidak sehat,0,0,334.7,SIAGA TINGGI,diperkirakan besok tidak sehat; dan masih buruk lusa; asap tebal 60 km di arah angin (335)
Kereng Pangi,hamlet,KALIMANTAN TENGAH,-1.9,113.3,67.5,tidak sehat,2026-09-12,128.3,tidak sehat,2026-09-13,119.0,tidak sehat,0,0,334.7,SIAGA TINGGI,diperkirakan besok tidak sehat; dan masih buruk lusa; asap tebal 60 km di arah angin (335)
Tumbang Tanjung,village,KALIMANTAN TENGAH,-1.5,113.2,67.5,tidak sehat,2026-09-12,128.3,tidak sehat,2026-09-13,119.0,tidak sehat,0,0,334.7,SIAGA TINGGI,diperkirakan besok tidak sehat; dan masih buruk lusa; asap tebal 60 km di arah angin (335)
Kemboja,village,KALIMANTAN BARAT,-1.0,109.7,67.0,tidak sehat,2026-09-12,95.7,tidak sehat,2026-09-13,93.8,tidak sehat,0,0,355.3,SIAGA TINGGI,diperkirakan besok tidak sehat; dan masih buruk lusa; asap tebal 60 km di arah angin (355)
Sungaipaduan,village,KALIMANTAN BARAT,-1.0,109.8,67.0,tidak sehat,2026-09-12,95.7,tidak sehat,2026-09-13,93.8,tidak sehat,0,0,205.1,SIAGA TINGGI,diperkirakan besok tidak sehat; dan masih buruk lusa; asap tebal 60 km di arah angin (205)
Padu Banjar,village,KALIMANTAN BARAT,-1.0,109.8,67.0,tidak sehat,2026-09-12,95.7,tidak sehat,2026-09-13,93.8,tidak sehat,0,0,205.1,SIAGA TINGGI,diperkirakan besok tidak sehat; dan masih buruk lusa; asap tebal 60 km di arah angin (205)
Pulau Kumbang,village,KALIMANTAN BARAT,-1.1,109.8,67.0,tidak sehat,2026-09-12,95.7,tidak sehat,2026-09-13,93.8,tidak sehat,0,0,205.1,SIAGA TINGGI,diperkirakan besok tidak sehat; dan masih buruk lusa; asap tebal 60 km di arah angin (205)
Dusun Besar,village,KALIMANTAN BARAT,-1.1,109.5,67.0,tidak sehat,2026-09-12,95.7,tidak sehat,2026-09-13,93.8,tidak sehat,0,0,355.3,SIAGA TINGGI,diperkirakan besok tidak sehat; dan masih buruk lusa; asap tebal 60 km di arah angin (355)
Dusun Kecil,village,KALIMANTAN BARAT,-1.1,109.5,67.0,tidak sehat,2026-09-12,95.7,tidak sehat,2026-09-13,93.8,tidak sehat,0,0,355.3,SIAGA TINGGI,diperkirakan besok tidak sehat; dan masih buruk lusa; asap tebal 60 km di arah angin (355)
Alur Bandung,village,KALIMANTAN BARAT,-1.0,109.8,67.0,tidak sehat,2026-09-12,95.7,tidak sehat,2026-09-13,93.8,tidak sehat,0,0,205.1,SIAGA TINGGI,diperkirakan besok tidak sehat; dan masih buruk lusa; asap tebal 60 km di arah angin (205)
Satai Lestari,village,KALIMANTAN BARAT,-1.2,109.7,67.0,tidak sehat,2026-09-12,95.7,tidak sehat,2026-09-13,93.8,tidak sehat,0,0,205.1,SIAGA TINGGI,diperkirakan besok tidak sehat; dan masih buruk lusa; asap tebal 60 km di arah angin (205)
Telukbatang,village,KALIMANTAN BARAT,-1.0,109.8,67.0,tidak sehat,2026-09-12,95.7,tidak sehat,2026-09-13,93.8,tidak sehat,0,0,355.3,SIAGA TINGGI,diperkirakan besok tidak sehat; dan masih buruk lusa; asap tebal 60 km di arah angin (355)
Telukbatang Utara,village,KALIMANTAN BARAT,-1.0,109.8,67.0,tidak sehat,2026-09-12,95.7,tidak sehat,2026-09-13,93.8,tidak sehat,0,0,355.3,SIAGA TINGGI,diperkirakan besok tidak sehat; dan masih buruk lusa; asap tebal 60 km di arah angin (355)
Telukbatang Selatan,village,KALIMANTAN BARAT,-1.0,109.8,67.0,tidak sehat,2026-09-12,95.7,tidak sehat,2026-09-13,93.8,tidak sehat,0,0,355.3,SIAGA TINGGI,diperkirakan besok tidak sehat; dan masih buruk lusa; asap tebal 60 km di arah angin (355)
Tunang,village,KALIMANTAN BARAT,0.7,109.4,65.9,tidak sehat,2026-09-12,125.3,tidak sehat,2026-09-13,110.4,tidak sehat,0,0,155.0,SIAGA TINGGI,diperkirakan besok tidak sehat; dan masih buruk lusa; asap tebal 60 km di arah angin (155)
Suka Maju,village,KALIMANTAN BARAT,0.8,109.4,65.9,tidak sehat,2026-09-12,125.3,tidak sehat,2026-09-13,110.4,tidak sehat,0,0,155.0,SIAGA TINGGI,diperkirakan besok tidak sehat; dan masih buruk lusa; asap tebal 60 km di arah angin (155)
Sala'as,village,KALIMANTAN BARAT,0.6,109.4,65.9,tidak sehat,2026-09-12,125.3,tidak sehat,2026-09-13,110.4,tidak sehat,0,0,155.0,SIAGA TINGGI,diperkirakan besok tidak sehat; dan masih buruk lusa; asap tebal 60 km di arah angin (155)
Cipta Karya,village,KALIMANTAN BARAT,0.8,109.4,65.9,tidak sehat,2026-09-12,125.3,tidak sehat,2026-09-13,110.4,tidak sehat,0,0,155.0,SIAGA TINGGI,diperkirakan besok tidak sehat; dan masih buruk lusa; asap tebal 60 km di arah angin (155)
Karangan,village,KALIMANTAN BARAT,0.6,109.4,65.9,tidak sehat,2026-09-12,125.3,tidak sehat,2026-09-13,110.4,tidak sehat,0,0,155.0,SIAGA TINGGI,diperkirakan besok tidak sehat; dan masih buruk lusa; asap tebal 60 km di arah angin (155)
Mentonyek,village,KALIMANTAN BARAT,0.6,109.4,65.9,tidak sehat,2026-09-12,125.3,tidak sehat,2026-09-13,110.4,tidak sehat,0,0,155.0,SIAGA TINGGI,diperkirakan besok tidak sehat; dan masih buruk lusa; asap tebal 60 km di arah angin (155)
Sailo,village,KALIMANTAN BARAT,0.6,109.4,65.9,tidak sehat,2026-09-12,125.3,tidak sehat,2026-09-13,110.4,tidak sehat,0,0,155.0,SIAGA TINGGI,diperkirakan besok tidak sehat; dan masih buruk lusa; asap tebal 60 km di arah angin (155)
Karya Bhakti,village,KALIMANTAN BARAT,0.8,109.4,65.9,tidak sehat,2026-09-12,125.3,tidak sehat,2026-09-13,110.4,tidak sehat,0,0,155.0,SIAGA TINGGI,diperkirakan besok tidak sehat; dan masih buruk lusa; asap tebal 60 km di arah angin (155)
Suka Bangun,village,KALIMANTAN BARAT,0.8,109.4,65.9,tidak sehat,2026-09-12,125.3,tidak sehat,2026-09-13,110.4,tidak sehat,0,0,155.0,SIAGA TINGGI,diperkirakan besok tidak sehat; dan masih buruk lusa; asap tebal 60 km di arah angin (155)
Tiang Tanjung,village,KALIMANTAN BARAT,0.7,109.4,65.9,tidak sehat,2026-09-12,125.3,tidak sehat,2026-09-13,110.4,tidak sehat,0,0,155.0,SIAGA TINGGI,diperkirakan besok tidak sehat; dan masih buruk lusa; asap tebal 60 km di arah angin (155)
Pakato,hamlet,KALIMANTAN BARAT,0.6,109.4,65.9,tidak sehat,2026-09-12,125.3,tidak sehat,2026-09-13,110.4,tidak sehat,0,0,155.0,SIAGA TINGGI,diperkirakan besok tidak sehat; dan masih buruk lusa; asap tebal 60 km di arah angin (155)
Sebangki,hamlet,KALIMANTAN BARAT,0.7,109.4,65.9,tidak sehat,2026-09-12,125.3,tidak sehat,2026-09-13,110.4,tidak sehat,0,0,155.0,SIAGA TINGGI,diperkirakan besok tidak sehat; dan masih buruk lusa; asap tebal 60 km di arah angin (155)
Kalumpe,hamlet,KALIMANTAN BARAT,0.7,109.4,65.9,tidak sehat,2026-09-12,125.3,tidak sehat,2026-09-13,110.4,tidak sehat,0,0,155.0,SIAGA TINGGI,diperkirakan besok tidak sehat; dan masih buruk lusa; asap tebal 60 km di arah angin (155)
Tikalong,hamlet,KALIMANTAN BARAT,0.7,109.4,65.9,tidak sehat,2026-09-12,125.3,tidak sehat,2026-09-13,110.4,tidak sehat,0,0,155.0,SIAGA TINGGI,diperkirakan besok tidak sehat; dan masih buruk lusa; asap tebal 60 km di arah angin (155)
Lirang,hamlet,KALIMANTAN BARAT,0.6,109.4,65.9,tidak sehat,2026-09-12,125.3,tidak sehat,2026-09-13,110.4,tidak sehat,0,0,155.0,SIAGA TINGGI,diperkirakan besok tidak sehat; dan masih buruk lusa; asap tebal 60 km di arah angin (155)
Lara Gunung,hamlet,KALIMANTAN BARAT,0.8,109.4,65.9,tidak sehat,2026-09-12,125.3,tidak sehat,2026-09-13,110.4,tidak sehat,0,0,155.0,SIAGA TINGGI,diperkirakan besok tidak sehat; dan masih buruk lusa; asap tebal 60 km di arah angin (155)
Jirak,hamlet,KALIMANTAN BARAT,0.8,109.4,65.9,tidak sehat,2026-09-12,125.3,tidak sehat,2026-09-13,110.4,tidak sehat,0,0,155.0,SIAGA TINGGI,diperkirakan besok tidak sehat; dan masih buruk lusa; asap tebal 60 km di arah angin (155)
Bemuran,hamlet,KALIMANTAN BARAT,0.8,109.4,65.9,tidak sehat,2026-09-12,125.3,tidak sehat,2026-09-13,110.4,tidak sehat,0,0,155.0,SIAGA TINGGI,diperkirakan besok tidak sehat; dan masih buruk lusa; asap tebal 60 km di arah angin (155)
Sengkabang,hamlet,KALIMANTAN BARAT,0.9,109.4,65.9,tidak sehat,2026-09-12,125.3,tidak sehat,2026-09-13,110.4,tidak sehat,0,0,155.0,SIAGA TINGGI,diperkirakan besok tidak sehat; dan masih buruk lusa; asap tebal 60 km di arah angin (155)
Sepoteng,hamlet,KALIMANTAN BARAT,0.9,109.4,65.9,tidak sehat,2026-09-12,125.3,tidak sehat,2026-09-13,110.4,tidak sehat,0,0,155.0,SIAGA TINGGI,diperkirakan besok tidak sehat; dan masih buruk lusa; asap tebal 60 km di arah angin (155)
Tumbang Marikoi,village,KALIMANTAN TENGAH,-0.9,113.5,64.2,tidak sehat,2026-09-12,150.6,sangat tidak sehat,2026-09-13,141.0,tidak sehat,0,0,63.5,SIAGA TINGGI,diperkirakan besok sangat tidak sehat; dan masih buruk lusa
Tumbang Lapan,village,KALIMANTAN TENGAH,-0.8,113.6,64.2,tidak sehat,2026-09-12,150.6,sangat tidak sehat,2026-09-13,141.0,tidak sehat,0,0,63.5,SIAGA TINGGI,diperkirakan besok sangat tidak sehat; dan masih buruk lusa
Tumbang Pasangon,village,KALIMANTAN TENGAH,-0.9,113.6,64.2,tidak sehat,2026-09-12,150.6,sangat tidak sehat,2026-09-13,141.0,tidak sehat,0,0,63.5,SIAGA TINGGI,diperkirakan besok sangat tidak sehat; dan masih buruk lusa
Penda Rangas,village,KALIMANTAN TENGAH,-0.9,113.6,64.2,tidak sehat,2026-09-12,150.6,sangat tidak sehat,2026-09-13,141.0,tidak sehat,0,0,63.5,SIAGA TINGGI,diperkirakan besok sangat tidak sehat; dan masih buruk lusa
Sandung Tambun,village,KALIMANTAN TENGAH,-0.9,113.6,64.2,tidak sehat,2026-09-12,150.6,sangat tidak sehat,2026-09-13,141.0,tidak sehat,0,0,63.5,SIAGA TINGGI,diperkirakan besok sangat tidak sehat; dan masih buruk lusa
Lawang Kanji,village,KALIMANTAN TENGAH,-0.9,113.4,64.2,tidak sehat,2026-09-12,150.6,sangat tidak sehat,2026-09-13,141.0,tidak sehat,0,0,63.5,SIAGA TINGGI,diperkirakan besok sangat tidak sehat; dan masih buruk lusa
Mangkuhung,village,KALIMANTAN TENGAH,-0.6,113.7,64.2,tidak sehat,2026-09-12,150.6,sangat tidak sehat,2026-09-13,141.0,tidak sehat,0,0,63.5,SIAGA TINGGI,diperkirakan besok sangat tidak sehat; dan masih buruk lusa
Tumbang Hamputung,village,KALIMANTAN TENGAH,-0.9,113.5,64.2,tidak sehat,2026-09-12,150.6,sangat tidak sehat,2026-09-13,141.0,tidak sehat,0,0,63.5,SIAGA TINGGI,diperkirakan besok sangat tidak sehat; dan masih buruk lusa
Rangan Hiran,village,KALIMANTAN TENGAH,-0.6,113.7,64.2,tidak sehat,2026-09-12,150.6,sangat tidak sehat,2026-09-13,141.0,tidak sehat,0,0,78.2,SIAGA TINGGI,diperkirakan besok sangat tidak sehat; dan masih buruk lusa
Tumbang Korik,village,KALIMANTAN TENGAH,-0.8,113.5,64.2,tidak sehat,2026-09-12,150.6,sangat tidak sehat,2026-09-13,141.0,tidak sehat,0,0,63.5,SIAGA TINGGI,diperkirakan besok sangat tidak sehat; dan masih buruk lusa
Hurung Tampang,village,KALIMANTAN TENGAH,-0.9,113.8,64.2,tidak sehat,2026-09-12,150.6,sangat tidak sehat,2026-09-13,141.0,tidak sehat,0,0,78.2,SIAGA TINGGI,diperkirakan besok sangat tidak sehat; dan masih buruk lusa
Tumbang Siruk,village,KALIMANTAN TENGAH,-0.8,113.6,64.2,tidak sehat,2026-09-12,150.6,sangat tidak sehat,2026-09-13,141.0,tidak sehat,0,0,63.5,SIAGA TINGGI,diperkirakan besok sangat tidak sehat; dan masih buruk lusa
Tumbang Miri,village,KALIMANTAN TENGAH,-0.9,113.6,64.2,tidak sehat,2026-09-12,150.6,sangat tidak sehat,2026-09-13,141.0,tidak sehat,0,0,63.5,SIAGA TINGGI,diperkirakan besok sangat tidak sehat; dan masih buruk lusa
Tumbang Napoi,village,KALIMANTAN TENGAH,-0.7,113.6,64.2,tidak sehat,2026-09-12,150.6,sangat tidak sehat,2026-09-13,141.0,tidak sehat,0,0,63.5,SIAGA TINGGI,diperkirakan besok sangat tidak sehat; dan masih buruk lusa
Tumbang Tajungan,village,KALIMANTAN TENGAH,-0.8,113.5,64.2,tidak sehat,2026-09-12,150.6,sangat tidak sehat,2026-09-13,141.0,tidak sehat,0,0,63.5,SIAGA TINGGI,diperkirakan besok sangat tidak sehat; dan masih buruk lusa
Sei Riang,village,KALIMANTAN TENGAH,-0.9,113.6,64.2,tidak sehat,2026-09-12,150.6,sangat tidak sehat,2026-09-13,141.0,tidak sehat,0,0,63.5,SIAGA TINGGI,diperkirakan besok sangat tidak sehat; dan masih buruk lusa
Tumbang Posu,village,KALIMANTAN TENGAH,-0.9,113.4,64.2,tidak sehat,2026-09-12,150.6,sangat tidak sehat,2026-09-13,141.0,tidak sehat,0,0,63.5,SIAGA TINGGI,diperkirakan besok sangat tidak sehat; dan masih buruk lusa
Tumbang Manyoi,village,KALIMANTAN TENGAH,-0.6,113.6,64.2,tidak sehat,2026-09-12,150.6,sangat tidak sehat,2026-09-13,141.0,tidak sehat,0,0,63.5,SIAGA TINGGI,diperkirakan besok sangat tidak sehat; dan masih buruk lusa
Barunang II,village,KALIMANTAN TENGAH,-0.9,113.8,64.2,tidak sehat,2026-09-12,150.6,sangat tidak sehat,2026-09-13,141.0,tidak sehat,0,0,78.2,SIAGA TINGGI,diperkirakan besok sangat tidak sehat; dan masih buruk lusa
Batu Tangkoi,village,KALIMANTAN TENGAH,-0.9,113.5,64.2,tidak sehat,2026-09-12,150.6,sangat tidak sehat,2026-09-13,141.0,tidak sehat,0,0,63.5,SIAGA TINGGI,diperkirakan besok sangat tidak sehat; dan masih buruk lusa
Harowu,village,KALIMANTAN TENGAH,-0.6,113.7,64.2,tidak sehat,2026-09-12,150.6,sangat tidak sehat,2026-09-13,141.0,tidak sehat,0,0,78.2,SIAGA TINGGI,diperkirakan besok sangat tidak sehat; dan masih buruk lusa
Dandang,village,KALIMANTAN TENGAH,-0.9,113.5,64.2,tidak sehat,2026-09-12,150.6,sangat tidak sehat,2026-09-13,141.0,tidak sehat,0,0,63.5,SIAGA TINGGI,diperkirakan besok sangat tidak sehat; dan masih buruk lusa
Tumbang Sian,village,KALIMANTAN TENGAH,-0.8,113.6,64.2,tidak sehat,2026-09-12,150.6,sangat tidak sehat,2026-09-13,141.0,tidak sehat,0,0,63.5,SIAGA TINGGI,diperkirakan besok sangat tidak sehat; dan masih buruk lusa
Tumbang Ponyoi,village,KALIMANTAN TENGAH,-0.8,113.5,64.2,tidak sehat,2026-09-12,150.6,sangat tidak sehat,2026-09-13,141.0,tidak sehat,0,0,63.5,SIAGA TINGGI,diperkirakan besok sangat tidak sehat; dan masih buruk lusa
Tumbang Maraya,village,KALIMANTAN TENGAH,-0.9,113.4,64.2,tidak sehat,2026-09-12,150.6,sangat tidak sehat,2026-09-13,141.0,tidak sehat,0,0,63.5,SIAGA TINGGI,diperkirakan besok sangat tidak sehat; dan masih buruk lusa
Buntoi,village,KALIMANTAN TENGAH,-0.6,113.6,64.2,tidak sehat,2026-09-12,150.6,sangat tidak sehat,2026-09-13,141.0,tidak sehat,0,0,63.5,SIAGA TINGGI,diperkirakan besok sangat tidak sehat; dan masih buruk lusa
Tumbang Masukih,village,KALIMANTAN TENGAH,-0.6,113.7,64.2,tidak sehat,2026-09-12,150.6,sangat tidak sehat,2026-09-13,141.0,tidak sehat,0,0,78.2,SIAGA TINGGI,diperkirakan besok sangat tidak sehat; dan masih buruk lusa
Tumbang Koroi,village,KALIMANTAN TENGAH,-0.7,113.6,64.2,tidak sehat,2026-09-12,150.6,sangat tidak sehat,2026-09-13,141.0,tidak sehat,0,0,63.5,SIAGA TINGGI,diperkirakan besok sangat tidak sehat; dan masih buruk lusa
Tumbang Takaoi,village,KALIMANTAN TENGAH,-0.8,113.5,64.2,tidak sehat,2026-09-12,150.6,sangat tidak sehat,2026-09-13,141.0,tidak sehat,0,0,63.5,SIAGA TINGGI,diperkirakan besok sangat tidak sehat; dan masih buruk lusa
Tumbang Hatung,village,KALIMANTAN TENGAH,-0.6,113.7,64.2,tidak sehat,2026-09-12,150.6,sangat tidak sehat,2026-09-13,141.0,tidak sehat,0,0,78.2,SIAGA TINGGI,diperkirakan besok sangat tidak sehat; dan masih buruk lusa
Teluk Kanduri,village,KALIMANTAN TENGAH,-0.9,113.6,64.2,tidak sehat,2026-09-12,150.6,sangat tidak sehat,2026-09-13,141.0,tidak sehat,0,0,63.5,SIAGA TINGGI,diperkirakan besok sangat tidak sehat; dan masih buruk lusa
Mampai Jaya,village,KALIMANTAN TENGAH,-0.9,113.7,64.2,tidak sehat,2026-09-12,150.6,sangat tidak sehat,2026-09-13,141.0,tidak sehat,0,0,78.2,SIAGA TINGGI,diperkirakan besok sangat tidak sehat; dan masih buruk lusa
